dataset,method,alpha,seed,round,local_steps,local_k,global_k,lambda_proto,split,model_scope,task,positives,negatives,observed_n,eligible,auc
Tox21,fedavg_proto,0.5,0,0,200,16,16,0.1,val,server,0,27,706,733,True,0.5002885321582204
Tox21,fedavg_proto,0.5,0,0,200,16,16,0.1,val,server,1,21,659,680,True,0.5928896596574897
Tox21,fedavg_proto,0.5,0,0,200,16,16,0.1,val,server,2,83,573,656,True,0.22029479173237454
Tox21,fedavg_proto,0.5,0,0,200,16,16,0.1,val,server,3,31,553,584,True,0.29988916759027007
Tox21,fedavg_proto,0.5,0,0,200,16,16,0.1,val,server,4,83,531,614,True,0.34129739296167716
Tox21,fedavg_proto,0.5,0,0,200,16,16,0.1,val,server,5,49,647,696,True,0.3376967479418352
Tox21,fedavg_proto,0.5,0,0,200,16,16,0.1,val,server,6,18,623,641,True,0.3653468878187979
Tox21,fedavg_proto,0.5,0,0,200,16,16,0.1,val,server,7,89,478,567,True,0.5699073856424239
Tox21,fedavg_proto,0.5,0,0,200,16,16,0.1,val,server,8,32,672,704,True,0.5038829985119048
Tox21,fedavg_proto,0.5,0,0,200,16,16,0.1,val,server,9,33,588,621,True,0.403344671201814
Tox21,fedavg_proto,0.5,0,0,200,16,16,0.1,val,server,10,103,474,577,True,0.2951231002416943
Tox21,fedavg_proto,0.5,0,0,200,16,16,0.1,val,server,11,42,627,669,True,0.3216374269005849
Tox21,fedavg_proto,0.5,0,0,200,16,16,0.1,val,client_0,0,27,706,733,True,0.5022557968733606
Tox21,fedavg_proto,0.5,0,0,200,16,16,0.1,val,client_0,1,21,659,680,True,0.5296986776501192
Tox21,fedavg_proto,0.5,0,0,200,16,16,0.1,val,client_0,2,83,573,656,True,0.2283374335036481
Tox21,fedavg_proto,0.5,0,0,200,16,16,0.1,val,client_0,3,31,553,584,True,0.30971825234789707
Tox21,fedavg_proto,0.5,0,0,200,16,16,0.1,val,client_0,4,83,531,614,True,0.35908606176116903
Tox21,fedavg_proto,0.5,0,0,200,16,16,0.1,val,client_0,5,49,647,696,True,0.36799356527773397
Tox21,fedavg_proto,0.5,0,0,200,16,16,0.1,val,client_0,6,18,623,641,True,0.35928303905832
Tox21,fedavg_proto,0.5,0,0,200,16,16,0.1,val,client_0,7,89,478,567,True,0.43385360349771995
Tox21,fedavg_proto,0.5,0,0,200,16,16,0.1,val,client_0,8,32,672,704,True,0.45944940476190477
Tox21,fedavg_proto,0.5,0,0,200,16,16,0.1,val,client_0,9,33,588,621,True,0.40275200989486704
Tox21,fedavg_proto,0.5,0,0,200,16,16,0.1,val,client_0,10,103,474,577,True,0.28932653312031464
Tox21,fedavg_proto,0.5,0,0,200,16,16,0.1,val,client_0,11,42,627,669,True,0.33037138300296187
Tox21,fedavg_proto,0.5,0,0,200,16,16,0.1,val,client_1,0,27,706,733,True,0.4760780610638968
Tox21,fedavg_proto,0.5,0,0,200,16,16,0.1,val,client_1,1,21,659,680,True,0.5362381674976515
Tox21,fedavg_proto,0.5,0,0,200,16,16,0.1,val,client_1,2,83,573,656,True,0.2544418511743308
Tox21,fedavg_proto,0.5,0,0,200,16,16,0.1,val,client_1,3,31,553,584,True,0.30370996908359094
Tox21,fedavg_proto,0.5,0,0,200,16,16,0.1,val,client_1,4,83,531,614,True,0.35180269098994854
Tox21,fedavg_proto,0.5,0,0,200,16,16,0.1,val,client_1,5,49,647,696,True,0.3652335741097057
Tox21,fedavg_proto,0.5,0,0,200,16,16,0.1,val,client_1,6,18,623,641,True,0.3637863385054396
Tox21,fedavg_proto,0.5,0,0,200,16,16,0.1,val,client_1,7,89,478,567,True,0.47619999059752705
Tox21,fedavg_proto,0.5,0,0,200,16,16,0.1,val,client_1,8,32,672,704,True,0.5101841517857143
Tox21,fedavg_proto,0.5,0,0,200,16,16,0.1,val,client_1,9,33,588,621,True,0.40620490620490624
Tox21,fedavg_proto,0.5,0,0,200,16,16,0.1,val,client_1,10,103,474,577,True,0.2824546311089263
Tox21,fedavg_proto,0.5,0,0,200,16,16,0.1,val,client_1,11,42,627,669,True,0.32661198450672135
Tox21,fedavg_proto,0.5,0,0,200,16,16,0.1,val,client_2,0,27,706,733,True,0.4861504564054139
Tox21,fedavg_proto,0.5,0,0,200,16,16,0.1,val,client_2,1,21,659,680,True,0.5210636606691235
Tox21,fedavg_proto,0.5,0,0,200,16,16,0.1,val,client_2,2,83,573,656,True,0.2689186063626233
Tox21,fedavg_proto,0.5,0,0,200,16,16,0.1,val,client_2,3,31,553,584,True,0.3392346730443913
Tox21,fedavg_proto,0.5,0,0,200,16,16,0.1,val,client_2,4,83,531,614,True,0.3745376988178703
Tox21,fedavg_proto,0.5,0,0,200,16,16,0.1,val,client_2,5,49,647,696,True,0.38441156988297637
Tox21,fedavg_proto,0.5,0,0,200,16,16,0.1,val,client_2,6,18,623,641,True,0.3787230247904405
Tox21,fedavg_proto,0.5,0,0,200,16,16,0.1,val,client_2,7,89,478,567,True,0.4889403413097645
Tox21,fedavg_proto,0.5,0,0,200,16,16,0.1,val,client_2,8,32,672,704,True,0.5946568080357143
Tox21,fedavg_proto,0.5,0,0,200,16,16,0.1,val,client_2,9,33,588,621,True,0.40733869305297876
Tox21,fedavg_proto,0.5,0,0,200,16,16,0.1,val,client_2,10,103,474,577,True,0.2919380607103355
Tox21,fedavg_proto,0.5,0,0,200,16,16,0.1,val,client_2,11,42,627,669,True,0.3111756664388243
Tox21,fedavg_proto,0.5,0,0,200,16,16,0.1,val,client_3,0,27,706,733,True,0.4879341097471409
Tox21,fedavg_proto,0.5,0,0,200,16,16,0.1,val,client_3,1,21,659,680,True,0.5412602066623311
Tox21,fedavg_proto,0.5,0,0,200,16,16,0.1,val,client_3,2,83,573,656,True,0.2575117222817973
Tox21,fedavg_proto,0.5,0,0,200,16,16,0.1,val,client_3,3,31,553,584,True,0.2995975033541387
Tox21,fedavg_proto,0.5,0,0,200,16,16,0.1,val,client_3,4,83,531,614,True,0.34670886937580825
Tox21,fedavg_proto,0.5,0,0,200,16,16,0.1,val,client_3,5,49,647,696,True,0.3489890546635965
Tox21,fedavg_proto,0.5,0,0,200,16,16,0.1,val,client_3,6,18,623,641,True,0.3611556982343499
Tox21,fedavg_proto,0.5,0,0,200,16,16,0.1,val,client_3,7,89,478,567,True,0.48361619105824827
Tox21,fedavg_proto,0.5,0,0,200,16,16,0.1,val,client_3,8,32,672,704,True,0.5002790178571428
Tox21,fedavg_proto,0.5,0,0,200,16,16,0.1,val,client_3,9,33,588,621,True,0.4085240156668729
Tox21,fedavg_proto,0.5,0,0,200,16,16,0.1,val,client_3,10,103,474,577,True,0.2825263201015935
Tox21,fedavg_proto,0.5,0,0,200,16,16,0.1,val,client_3,11,42,627,669,True,0.32797903850535426
Tox21,fedavg_proto,0.5,0,0,200,16,16,0.1,test,server,0,33,701,734,True,0.47458176630787186
Tox21,fedavg_proto,0.5,0,0,200,16,16,0.1,test,server,1,25,664,689,True,0.5934337349397589
Tox21,fedavg_proto,0.5,0,0,200,16,16,0.1,test,server,2,65,590,655,True,0.24415906127770534
Tox21,fedavg_proto,0.5,0,0,200,16,16,0.1,test,server,3,40,560,600,True,0.34477678571428577
Tox21,fedavg_proto,0.5,0,0,200,16,16,0.1,test,server,4,96,540,636,True,0.3545042438271605
Tox21,fedavg_proto,0.5,0,0,200,16,16,0.1,test,server,5,37,651,688,True,0.41478805994935025
Tox21,fedavg_proto,0.5,0,0,200,16,16,0.1,test,server,6,17,637,654,True,0.5520361990950227
Tox21,fedavg_proto,0.5,0,0,200,16,16,0.1,test,server,7,111,482,593,True,0.5111023886957498
Tox21,fedavg_proto,0.5,0,0,200,16,16,0.1,test,server,8,24,685,709,True,0.46003649635036503
Tox21,fedavg_proto,0.5,0,0,200,16,16,0.1,test,server,9,39,600,639,True,0.3788034188034188
Tox21,fedavg_proto,0.5,0,0,200,16,16,0.1,test,server,10,98,502,600,True,0.3613810065859012
Tox21,fedavg_proto,0.5,0,0,200,16,16,0.1,test,server,11,35,636,671,True,0.4006289308176101
Tox21,fedavg_proto,0.5,0,0,200,16,16,0.1,test,client_0,0,33,701,734,True,0.47914235075433365
Tox21,fedavg_proto,0.5,0,0,200,16,16,0.1,test,client_0,1,25,664,689,True,0.5375903614457831
Tox21,fedavg_proto,0.5,0,0,200,16,16,0.1,test,client_0,2,65,590,655,True,0.24821382007822684
Tox21,fedavg_proto,0.5,0,0,200,16,16,0.1,test,client_0,3,40,560,600,True,0.3573660714285714
Tox21,fedavg_proto,0.5,0,0,200,16,16,0.1,test,client_0,4,96,540,636,True,0.3655864197530865
Tox21,fedavg_proto,0.5,0,0,200,16,16,0.1,test,client_0,5,37,651,688,True,0.4185660314692573
Tox21,fedavg_proto,0.5,0,0,200,16,16,0.1,test,client_0,6,17,637,654,True,0.5536984024378983
Tox21,fedavg_proto,0.5,0,0,200,16,16,0.1,test,client_0,7,111,482,593,True,0.4238065866696572
Tox21,fedavg_proto,0.5,0,0,200,16,16,0.1,test,client_0,8,24,685,709,True,0.4230839416058394
Tox21,fedavg_proto,0.5,0,0,200,16,16,0.1,test,client_0,9,39,600,639,True,0.3868803418803419
Tox21,fedavg_proto,0.5,0,0,200,16,16,0.1,test,client_0,10,98,502,600,True,0.35838279534921536
Tox21,fedavg_proto,0.5,0,0,200,16,16,0.1,test,client_0,11,35,636,671,True,0.4112758310871518
Tox21,fedavg_proto,0.5,0,0,200,16,16,0.1,test,client_1,0,33,701,734,True,0.4393723252496434
Tox21,fedavg_proto,0.5,0,0,200,16,16,0.1,test,client_1,1,25,664,689,True,0.547710843373494
Tox21,fedavg_proto,0.5,0,0,200,16,16,0.1,test,client_1,2,65,590,655,True,0.2790612777053455
Tox21,fedavg_proto,0.5,0,0,200,16,16,0.1,test,client_1,3,40,560,600,True,0.3546428571428571
Tox21,fedavg_proto,0.5,0,0,200,16,16,0.1,test,client_1,4,96,540,636,True,0.3597125771604938
Tox21,fedavg_proto,0.5,0,0,200,16,16,0.1,test,client_1,5,37,651,688,True,0.40752273010337525
Tox21,fedavg_proto,0.5,0,0,200,16,16,0.1,test,client_1,6,17,637,654,True,0.5560070181918921
Tox21,fedavg_proto,0.5,0,0,200,16,16,0.1,test,client_1,7,111,482,593,True,0.4562913535942582
Tox21,fedavg_proto,0.5,0,0,200,16,16,0.1,test,client_1,8,24,685,709,True,0.4769464720194647
Tox21,fedavg_proto,0.5,0,0,200,16,16,0.1,test,client_1,9,39,600,639,True,0.38433760683760687
Tox21,fedavg_proto,0.5,0,0,200,16,16,0.1,test,client_1,10,98,502,600,True,0.3531181396861534
Tox21,fedavg_proto,0.5,0,0,200,16,16,0.1,test,client_1,11,35,636,671,True,0.40837825696316266
Tox21,fedavg_proto,0.5,0,0,200,16,16,0.1,test,client_2,0,33,701,734,True,0.4513465611896425
Tox21,fedavg_proto,0.5,0,0,200,16,16,0.1,test,client_2,1,25,664,689,True,0.5245180722891567
Tox21,fedavg_proto,0.5,0,0,200,16,16,0.1,test,client_2,2,65,590,655,True,0.28860495436766626
Tox21,fedavg_proto,0.5,0,0,200,16,16,0.1,test,client_2,3,40,560,600,True,0.36359375
Tox21,fedavg_proto,0.5,0,0,200,16,16,0.1,test,client_2,4,96,540,636,True,0.3512056327160494
Tox21,fedavg_proto,0.5,0,0,200,16,16,0.1,test,client_2,5,37,651,688,True,0.3914767301864076
Tox21,fedavg_proto,0.5,0,0,200,16,16,0.1,test,client_2,6,17,637,654,True,0.5059562286453043
Tox21,fedavg_proto,0.5,0,0,200,16,16,0.1,test,client_2,7,111,482,593,True,0.4575249523382304
Tox21,fedavg_proto,0.5,0,0,200,16,16,0.1,test,client_2,8,24,685,709,True,0.5218065693430657
Tox21,fedavg_proto,0.5,0,0,200,16,16,0.1,test,client_2,9,39,600,639,True,0.3848931623931624
Tox21,fedavg_proto,0.5,0,0,200,16,16,0.1,test,client_2,10,98,502,600,True,0.3615537848605578
Tox21,fedavg_proto,0.5,0,0,200,16,16,0.1,test,client_2,11,35,636,671,True,0.3872192273135669
Tox21,fedavg_proto,0.5,0,0,200,16,16,0.1,test,client_3,0,33,701,734,True,0.45653395582068906
Tox21,fedavg_proto,0.5,0,0,200,16,16,0.1,test,client_3,1,25,664,689,True,0.5519879518072289
Tox21,fedavg_proto,0.5,0,0,200,16,16,0.1,test,client_3,2,65,590,655,True,0.28526727509778355
Tox21,fedavg_proto,0.5,0,0,200,16,16,0.1,test,client_3,3,40,560,600,True,0.35091517857142857
Tox21,fedavg_proto,0.5,0,0,200,16,16,0.1,test,client_3,4,96,540,636,True,0.3550347222222222
Tox21,fedavg_proto,0.5,0,0,200,16,16,0.1,test,client_3,5,37,651,688,True,0.40337111304853246
Tox21,fedavg_proto,0.5,0,0,200,16,16,0.1,test,client_3,6,17,637,654,True,0.559885492658602
Tox21,fedavg_proto,0.5,0,0,200,16,16,0.1,test,client_3,7,111,482,593,True,0.45956225935479045
Tox21,fedavg_proto,0.5,0,0,200,16,16,0.1,test,client_3,8,24,685,709,True,0.4629562043795621
Tox21,fedavg_proto,0.5,0,0,200,16,16,0.1,test,client_3,9,39,600,639,True,0.37893162393162394
Tox21,fedavg_proto,0.5,0,0,200,16,16,0.1,test,client_3,10,98,502,600,True,0.352569314578421
Tox21,fedavg_proto,0.5,0,0,200,16,16,0.1,test,client_3,11,35,636,671,True,0.4078167115902964
Tox21,fedavg_proto,0.5,0,1,200,16,16,0.1,val,server,0,27,706,733,True,0.3549994753960759
Tox21,fedavg_proto,0.5,0,1,200,16,16,0.1,val,server,1,21,659,680,True,0.4764072548594551
Tox21,fedavg_proto,0.5,0,1,200,16,16,0.1,val,server,2,83,573,656,True,0.7900187135978469
Tox21,fedavg_proto,0.5,0,1,200,16,16,0.1,val,server,3,31,553,584,True,0.6833401388321764
Tox21,fedavg_proto,0.5,0,1,200,16,16,0.1,val,server,4,83,531,614,True,0.6077417012683503
Tox21,fedavg_proto,0.5,0,1,200,16,16,0.1,val,server,5,49,647,696,True,0.5991231113774722
Tox21,fedavg_proto,0.5,0,1,200,16,16,0.1,val,server,6,18,623,641,True,0.580613518815766
Tox21,fedavg_proto,0.5,0,1,200,16,16,0.1,val,server,7,89,478,567,True,0.3610784636359362
Tox21,fedavg_proto,0.5,0,1,200,16,16,0.1,val,server,8,32,672,704,True,0.6523902529761905
Tox21,fedavg_proto,0.5,0,1,200,16,16,0.1,val,server,9,33,588,621,True,0.62291280148423
Tox21,fedavg_proto,0.5,0,1,200,16,16,0.1,val,server,10,103,474,577,True,0.27987382737290567
Tox21,fedavg_proto,0.5,0,1,200,16,16,0.1,val,server,11,42,627,669,True,0.6059466848940532
Tox21,fedavg_proto,0.5,0,1,200,16,16,0.1,val,client_0,0,27,706,733,True,0.3752229566677159
Tox21,fedavg_proto,0.5,0,1,200,16,16,0.1,val,client_0,1,21,659,680,True,0.5991762410578799
Tox21,fedavg_proto,0.5,0,1,200,16,16,0.1,val,client_0,2,83,573,656,True,0.7977249311381651
Tox21,fedavg_proto,0.5,0,1,200,16,16,0.1,val,client_0,3,31,553,584,True,0.6859067841101324
Tox21,fedavg_proto,0.5,0,1,200,16,16,0.1,val,client_0,4,83,531,614,True,0.6153881060967031
Tox21,fedavg_proto,0.5,0,1,200,16,16,0.1,val,client_0,5,49,647,696,True,0.602435100779106
Tox21,fedavg_proto,0.5,0,1,200,16,16,0.1,val,client_0,6,18,623,641,True,0.5967540574282147
Tox21,fedavg_proto,0.5,0,1,200,16,16,0.1,val,client_0,7,89,478,567,True,0.35923322833905313
Tox21,fedavg_proto,0.5,0,1,200,16,16,0.1,val,client_0,8,32,672,704,True,0.6930338541666666
Tox21,fedavg_proto,0.5,0,1,200,16,16,0.1,val,client_0,9,33,588,621,True,0.6232735518449805
Tox21,fedavg_proto,0.5,0,1,200,16,16,0.1,val,client_0,10,103,474,577,True,0.28354020728360163
Tox21,fedavg_proto,0.5,0,1,200,16,16,0.1,val,client_0,11,42,627,669,True,0.6338193969772917
Tox21,fedavg_proto,0.5,0,1,200,16,16,0.1,val,client_1,0,27,706,733,True,0.35662574756059173
Tox21,fedavg_proto,0.5,0,1,200,16,16,0.1,val,client_1,1,21,659,680,True,0.5538694992412747
Tox21,fedavg_proto,0.5,0,1,200,16,16,0.1,val,client_1,2,83,573,656,True,0.7911646586345381
Tox21,fedavg_proto,0.5,0,1,200,16,16,0.1,val,client_1,3,31,553,584,True,0.6715569036924691
Tox21,fedavg_proto,0.5,0,1,200,16,16,0.1,val,client_1,4,83,531,614,True,0.6072425294397931
Tox21,fedavg_proto,0.5,0,1,200,16,16,0.1,val,client_1,5,49,647,696,True,0.5974828880547582
Tox21,fedavg_proto,0.5,0,1,200,16,16,0.1,val,client_1,6,18,623,641,True,0.5913144283930801
Tox21,fedavg_proto,0.5,0,1,200,16,16,0.1,val,client_1,7,89,478,567,True,0.5446970053123972
Tox21,fedavg_proto,0.5,0,1,200,16,16,0.1,val,client_1,8,32,672,704,True,0.6902436755952382
Tox21,fedavg_proto,0.5,0,1,200,16,16,0.1,val,client_1,9,33,588,621,True,0.6246134817563388
Tox21,fedavg_proto,0.5,0,1,200,16,16,0.1,val,client_1,10,103,474,577,True,0.2780201548482242
Tox21,fedavg_proto,0.5,0,1,200,16,16,0.1,val,client_1,11,42,627,669,True,0.5867509683299158
Tox21,fedavg_proto,0.5,0,1,200,16,16,0.1,val,client_2,0,27,706,733,True,0.4143321792047005
Tox21,fedavg_proto,0.5,0,1,200,16,16,0.1,val,client_2,1,21,659,680,True,0.47752727798251315
Tox21,fedavg_proto,0.5,0,1,200,16,16,0.1,val,client_2,2,83,573,656,True,0.7861813747135137
Tox21,fedavg_proto,0.5,0,1,200,16,16,0.1,val,client_2,3,31,553,584,True,0.6884150965408622
Tox21,fedavg_proto,0.5,0,1,200,16,16,0.1,val,client_2,4,83,531,614,True,0.6227622353822068
Tox21,fedavg_proto,0.5,0,1,200,16,16,0.1,val,client_2,5,49,647,696,True,0.626880736838785
Tox21,fedavg_proto,0.5,0,1,200,16,16,0.1,val,client_2,6,18,623,641,True,0.5975566256465134
Tox21,fedavg_proto,0.5,0,1,200,16,16,0.1,val,client_2,7,89,478,567,True,0.36150157491420243
Tox21,fedavg_proto,0.5,0,1,200,16,16,0.1,val,client_2,8,32,672,704,True,0.4832589285714286
Tox21,fedavg_proto,0.5,0,1,200,16,16,0.1,val,client_2,9,33,588,621,True,0.6258503401360545
Tox21,fedavg_proto,0.5,0,1,200,16,16,0.1,val,client_2,10,103,474,577,True,0.7289029535864979
Tox21,fedavg_proto,0.5,0,1,200,16,16,0.1,val,client_2,11,42,627,669,True,0.6464266727424622
Tox21,fedavg_proto,0.5,0,1,200,16,16,0.1,val,client_3,0,27,706,733,True,0.36491448956038186
Tox21,fedavg_proto,0.5,0,1,200,16,16,0.1,val,client_3,1,21,659,680,True,0.35443312378062
Tox21,fedavg_proto,0.5,0,1,200,16,16,0.1,val,client_3,2,83,573,656,True,0.7932042305347042
Tox21,fedavg_proto,0.5,0,1,200,16,16,0.1,val,client_3,3,31,553,584,True,0.6835734702210815
Tox21,fedavg_proto,0.5,0,1,200,16,16,0.1,val,client_3,4,83,531,614,True,0.6089442515826016
Tox21,fedavg_proto,0.5,0,1,200,16,16,0.1,val,client_3,5,49,647,696,True,0.6018357884111915
Tox21,fedavg_proto,0.5,0,1,200,16,16,0.1,val,client_3,6,18,623,641,True,0.5977795612627074
Tox21,fedavg_proto,0.5,0,1,200,16,16,0.1,val,client_3,7,89,478,567,True,0.3495839405763716
Tox21,fedavg_proto,0.5,0,1,200,16,16,0.1,val,client_3,8,32,672,704,True,0.6897321428571429
Tox21,fedavg_proto,0.5,0,1,200,16,16,0.1,val,client_3,9,33,588,621,True,0.6242527313955885
Tox21,fedavg_proto,0.5,0,1,200,16,16,0.1,val,client_3,10,103,474,577,True,0.3448957437220925
Tox21,fedavg_proto,0.5,0,1,200,16,16,0.1,val,client_3,11,42,627,669,True,0.617338801549328
Tox21,fedavg_proto,0.5,0,1,200,16,16,0.1,test,server,0,33,701,734,True,0.34982492543120214
Tox21,fedavg_proto,0.5,0,1,200,16,16,0.1,test,server,1,25,664,689,True,0.3743975903614458
Tox21,fedavg_proto,0.5,0,1,200,16,16,0.1,test,server,2,65,590,655,True,0.7813559322033897
Tox21,fedavg_proto,0.5,0,1,200,16,16,0.1,test,server,3,40,560,600,True,0.6023437500000001
Tox21,fedavg_proto,0.5,0,1,200,16,16,0.1,test,server,4,96,540,636,True,0.5118634259259259
Tox21,fedavg_proto,0.5,0,1,200,16,16,0.1,test,server,5,37,651,688,True,0.4767301864076058
Tox21,fedavg_proto,0.5,0,1,200,16,16,0.1,test,server,6,17,637,654,True,0.38553883091698216
Tox21,fedavg_proto,0.5,0,1,200,16,16,0.1,test,server,7,111,482,593,True,0.4352547568315203
Tox21,fedavg_proto,0.5,0,1,200,16,16,0.1,test,server,8,24,685,709,True,0.5632907542579075
Tox21,fedavg_proto,0.5,0,1,200,16,16,0.1,test,server,9,39,600,639,True,0.5698290598290598
Tox21,fedavg_proto,0.5,0,1,200,16,16,0.1,test,server,10,98,502,600,True,0.34592243271810713
Tox21,fedavg_proto,0.5,0,1,200,16,16,0.1,test,server,11,35,636,671,True,0.5339398023360287
Tox21,fedavg_proto,0.5,0,1,200,16,16,0.1,test,client_0,0,33,701,734,True,0.3740111528984567
Tox21,fedavg_proto,0.5,0,1,200,16,16,0.1,test,client_0,1,25,664,689,True,0.5819277108433736
Tox21,fedavg_proto,0.5,0,1,200,16,16,0.1,test,client_0,2,65,590,655,True,0.7891786179921773
Tox21,fedavg_proto,0.5,0,1,200,16,16,0.1,test,client_0,3,40,560,600,True,0.6141071428571429
Tox21,fedavg_proto,0.5,0,1,200,16,16,0.1,test,client_0,4,96,540,636,True,0.5235918209876543
Tox21,fedavg_proto,0.5,0,1,200,16,16,0.1,test,client_0,5,37,651,688,True,0.4847843234940009
Tox21,fedavg_proto,0.5,0,1,200,16,16,0.1,test,client_0,6,17,637,654,True,0.3890479268630529
Tox21,fedavg_proto,0.5,0,1,200,16,16,0.1,test,client_0,7,111,482,593,True,0.43009607117490933
Tox21,fedavg_proto,0.5,0,1,200,16,16,0.1,test,client_0,8,24,685,709,True,0.5853406326034063
Tox21,fedavg_proto,0.5,0,1,200,16,16,0.1,test,client_0,9,39,600,639,True,0.5777136752136752
Tox21,fedavg_proto,0.5,0,1,200,16,16,0.1,test,client_0,10,98,502,600,True,0.3480770794373526
Tox21,fedavg_proto,0.5,0,1,200,16,16,0.1,test,client_0,11,35,636,671,True,0.5513252470799641
Tox21,fedavg_proto,0.5,0,1,200,16,16,0.1,test,client_1,0,33,701,734,True,0.34699347252842255
Tox21,fedavg_proto,0.5,0,1,200,16,16,0.1,test,client_1,1,25,664,689,True,0.47518072289156627
Tox21,fedavg_proto,0.5,0,1,200,16,16,0.1,test,client_1,2,65,590,655,True,0.781903520208605
Tox21,fedavg_proto,0.5,0,1,200,16,16,0.1,test,client_1,3,40,560,600,True,0.5920982142857143
Tox21,fedavg_proto,0.5,0,1,200,16,16,0.1,test,client_1,4,96,540,636,True,0.5141493055555555
Tox21,fedavg_proto,0.5,0,1,200,16,16,0.1,test,client_1,5,37,651,688,True,0.47548470129115294
Tox21,fedavg_proto,0.5,0,1,200,16,16,0.1,test,client_1,6,17,637,654,True,0.383691938313787
Tox21,fedavg_proto,0.5,0,1,200,16,16,0.1,test,client_1,7,111,482,593,True,0.5148031849276662
Tox21,fedavg_proto,0.5,0,1,200,16,16,0.1,test,client_1,8,24,685,709,True,0.5875912408759123
Tox21,fedavg_proto,0.5,0,1,200,16,16,0.1,test,client_1,9,39,600,639,True,0.5658547008547009
Tox21,fedavg_proto,0.5,0,1,200,16,16,0.1,test,client_1,10,98,502,600,True,0.34932718107163185
Tox21,fedavg_proto,0.5,0,1,200,16,16,0.1,test,client_1,11,35,636,671,True,0.5102425876010781
Tox21,fedavg_proto,0.5,0,1,200,16,16,0.1,test,client_2,0,33,701,734,True,0.4088531535036528
Tox21,fedavg_proto,0.5,0,1,200,16,16,0.1,test,client_2,1,25,664,689,True,0.4106626506024097
Tox21,fedavg_proto,0.5,0,1,200,16,16,0.1,test,client_2,2,65,590,655,True,0.7828161668839635
Tox21,fedavg_proto,0.5,0,1,200,16,16,0.1,test,client_2,3,40,560,600,True,0.6111160714285714
Tox21,fedavg_proto,0.5,0,1,200,16,16,0.1,test,client_2,4,96,540,636,True,0.5257619598765433
Tox21,fedavg_proto,0.5,0,1,200,16,16,0.1,test,client_2,5,37,651,688,True,0.5013492755428239
Tox21,fedavg_proto,0.5,0,1,200,16,16,0.1,test,client_2,6,17,637,654,True,0.37852063902484073
Tox21,fedavg_proto,0.5,0,1,200,16,16,0.1,test,client_2,7,111,482,593,True,0.41708721169302077
Tox21,fedavg_proto,0.5,0,1,200,16,16,0.1,test,client_2,8,24,685,709,True,0.4833941605839416
Tox21,fedavg_proto,0.5,0,1,200,16,16,0.1,test,client_2,9,39,600,639,True,0.5882905982905983
Tox21,fedavg_proto,0.5,0,1,200,16,16,0.1,test,client_2,10,98,502,600,True,0.6041344824782503
Tox21,fedavg_proto,0.5,0,1,200,16,16,0.1,test,client_2,11,35,636,671,True,0.5716307277628032
Tox21,fedavg_proto,0.5,0,1,200,16,16,0.1,test,client_3,0,33,701,734,True,0.35559590195824153
Tox21,fedavg_proto,0.5,0,1,200,16,16,0.1,test,client_3,1,25,664,689,True,0.2799397590361446
Tox21,fedavg_proto,0.5,0,1,200,16,16,0.1,test,client_3,2,65,590,655,True,0.7849022164276402
Tox21,fedavg_proto,0.5,0,1,200,16,16,0.1,test,client_3,3,40,560,600,True,0.6091517857142857
Tox21,fedavg_proto,0.5,0,1,200,16,16,0.1,test,client_3,4,96,540,636,True,0.5131269290123457
Tox21,fedavg_proto,0.5,0,1,200,16,16,0.1,test,client_3,5,37,651,688,True,0.4844521941296135
Tox21,fedavg_proto,0.5,0,1,200,16,16,0.1,test,client_3,6,17,637,654,True,0.3916335765075261
Tox21,fedavg_proto,0.5,0,1,200,16,16,0.1,test,client_3,7,111,482,593,True,0.43986206123135574
Tox21,fedavg_proto,0.5,0,1,200,16,16,0.1,test,client_3,8,24,685,709,True,0.5900851581508516
Tox21,fedavg_proto,0.5,0,1,200,16,16,0.1,test,client_3,9,39,600,639,True,0.5735042735042736
Tox21,fedavg_proto,0.5,0,1,200,16,16,0.1,test,client_3,10,98,502,600,True,0.3982437596552566
Tox21,fedavg_proto,0.5,0,1,200,16,16,0.1,test,client_3,11,35,636,671,True,0.5407457322551662
Tox21,fedavg_proto,0.5,0,2,200,16,16,0.1,val,server,0,27,706,733,True,0.41029272898961283
Tox21,fedavg_proto,0.5,0,2,200,16,16,0.1,val,server,1,21,659,680,True,0.3902738637184768
Tox21,fedavg_proto,0.5,0,2,200,16,16,0.1,val,server,2,83,573,656,True,0.7903025715427154
Tox21,fedavg_proto,0.5,0,2,200,16,16,0.1,val,server,3,31,553,584,True,0.6917400688327597
Tox21,fedavg_proto,0.5,0,2,200,16,16,0.1,val,server,4,83,531,614,True,0.6210378236108275
Tox21,fedavg_proto,0.5,0,2,200,16,16,0.1,val,server,5,49,647,696,True,0.6190265905434817
Tox21,fedavg_proto,0.5,0,2,200,16,16,0.1,val,server,6,18,623,641,True,0.6078116639914393
Tox21,fedavg_proto,0.5,0,2,200,16,16,0.1,val,server,7,89,478,567,True,0.6186357011894127
Tox21,fedavg_proto,0.5,0,2,200,16,16,0.1,val,server,8,32,672,704,True,0.7154947916666666
Tox21,fedavg_proto,0.5,0,2,200,16,16,0.1,val,server,9,33,588,621,True,0.6306947021232737
Tox21,fedavg_proto,0.5,0,2,200,16,16,0.1,val,server,10,103,474,577,True,0.7214370570644382
Tox21,fedavg_proto,0.5,0,2,200,16,16,0.1,val,server,11,42,627,669,True,0.6373889268626111
Tox21,fedavg_proto,0.5,0,2,200,16,16,0.1,val,client_0,0,27,706,733,True,0.40137446228097784
Tox21,fedavg_proto,0.5,0,2,200,16,16,0.1,val,client_0,1,21,659,680,True,0.37249801286220097
Tox21,fedavg_proto,0.5,0,2,200,16,16,0.1,val,client_0,2,83,573,656,True,0.7879476019260288
Tox21,fedavg_proto,0.5,0,2,200,16,16,0.1,val,client_0,3,31,553,584,True,0.6923233973050225
Tox21,fedavg_proto,0.5,0,2,200,16,16,0.1,val,client_0,4,83,531,614,True,0.6196651010822953
Tox21,fedavg_proto,0.5,0,2,200,16,16,0.1,val,client_0,5,49,647,696,True,0.6161246569725263
Tox21,fedavg_proto,0.5,0,2,200,16,16,0.1,val,client_0,6,18,623,641,True,0.6067415730337078
Tox21,fedavg_proto,0.5,0,2,200,16,16,0.1,val,client_0,7,89,478,567,True,0.6199520473884631
Tox21,fedavg_proto,0.5,0,2,200,16,16,0.1,val,client_0,8,32,672,704,True,0.7109840029761905
Tox21,fedavg_proto,0.5,0,2,200,16,16,0.1,val,client_0,9,33,588,621,True,0.6278086992372707
Tox21,fedavg_proto,0.5,0,2,200,16,16,0.1,val,client_0,10,103,474,577,True,0.7180369505550775
Tox21,fedavg_proto,0.5,0,2,200,16,16,0.1,val,client_0,11,42,627,669,True,0.6317688159793423
Tox21,fedavg_proto,0.5,0,2,200,16,16,0.1,val,client_1,0,27,706,733,True,0.3996957297240583
Tox21,fedavg_proto,0.5,0,2,200,16,16,0.1,val,client_1,1,21,659,680,True,0.39157453573235057
Tox21,fedavg_proto,0.5,0,2,200,16,16,0.1,val,client_1,2,83,573,656,True,0.7825858407451796
Tox21,fedavg_proto,0.5,0,2,200,16,16,0.1,val,client_1,3,31,553,584,True,0.6730735577203523
Tox21,fedavg_proto,0.5,0,2,200,16,16,0.1,val,client_1,4,83,531,614,True,0.6171805867537948
Tox21,fedavg_proto,0.5,0,2,200,16,16,0.1,val,client_1,5,49,647,696,True,0.6128126675708924
Tox21,fedavg_proto,0.5,0,2,200,16,16,0.1,val,client_1,6,18,623,641,True,0.6111111111111112
Tox21,fedavg_proto,0.5,0,2,200,16,16,0.1,val,client_1,7,89,478,567,True,0.6115015749142024
Tox21,fedavg_proto,0.5,0,2,200,16,16,0.1,val,client_1,8,32,672,704,True,0.7152622767857144
Tox21,fedavg_proto,0.5,0,2,200,16,16,0.1,val,client_1,9,33,588,621,True,0.6365697794269223
Tox21,fedavg_proto,0.5,0,2,200,16,16,0.1,val,client_1,10,103,474,577,True,0.7083282126909999
Tox21,fedavg_proto,0.5,0,2,200,16,16,0.1,val,client_1,11,42,627,669,True,0.6359459254196096
Tox21,fedavg_proto,0.5,0,2,200,16,16,0.1,val,client_2,0,27,706,733,True,0.43515895498898327
Tox21,fedavg_proto,0.5,0,2,200,16,16,0.1,val,client_2,1,21,659,680,True,0.42163451116410144
Tox21,fedavg_proto,0.5,0,2,200,16,16,0.1,val,client_2,2,83,573,656,True,0.7937929729388759
Tox21,fedavg_proto,0.5,0,2,200,16,16,0.1,val,client_2,3,31,553,584,True,0.7028816426529778
Tox21,fedavg_proto,0.5,0,2,200,16,16,0.1,val,client_2,4,83,531,614,True,0.6291153313820254
Tox21,fedavg_proto,0.5,0,2,200,16,16,0.1,val,client_2,5,49,647,696,True,0.6282370753556445
Tox21,fedavg_proto,0.5,0,2,200,16,16,0.1,val,client_2,6,18,623,641,True,0.6108435883716783
Tox21,fedavg_proto,0.5,0,2,200,16,16,0.1,val,client_2,7,89,478,567,True,0.6248413332706503
Tox21,fedavg_proto,0.5,0,2,200,16,16,0.1,val,client_2,8,32,672,704,True,0.7141462053571428
Tox21,fedavg_proto,0.5,0,2,200,16,16,0.1,val,client_2,9,33,588,621,True,0.6254895897753041
Tox21,fedavg_proto,0.5,0,2,200,16,16,0.1,val,client_2,10,103,474,577,True,0.7318524435705216
Tox21,fedavg_proto,0.5,0,2,200,16,16,0.1,val,client_2,11,42,627,669,True,0.6373509531404269
Tox21,fedavg_proto,0.5,0,2,200,16,16,0.1,val,client_3,0,27,706,733,True,0.39728255167348653
Tox21,fedavg_proto,0.5,0,2,200,16,16,0.1,val,client_3,1,21,659,680,True,0.3826866103042127
Tox21,fedavg_proto,0.5,0,2,200,16,16,0.1,val,client_3,2,83,573,656,True,0.7856557118526462
Tox21,fedavg_proto,0.5,0,2,200,16,16,0.1,val,client_3,3,31,553,584,True,0.6780901825818118
Tox21,fedavg_proto,0.5,0,2,200,16,16,0.1,val,client_3,4,83,531,614,True,0.615819209039548
Tox21,fedavg_proto,0.5,0,2,200,16,16,0.1,val,client_3,5,49,647,696,True,0.6134750654512191
Tox21,fedavg_proto,0.5,0,2,200,16,16,0.1,val,client_3,6,18,623,641,True,0.6108435883716783
Tox21,fedavg_proto,0.5,0,2,200,16,16,0.1,val,client_3,7,89,478,567,True,0.6161675520661934
Tox21,fedavg_proto,0.5,0,2,200,16,16,0.1,val,client_3,8,32,672,704,True,0.7195870535714285
Tox21,fedavg_proto,0.5,0,2,200,16,16,0.1,val,client_3,9,33,588,621,True,0.633426097711812
Tox21,fedavg_proto,0.5,0,2,200,16,16,0.1,val,client_3,10,103,474,577,True,0.7172790954897382
Tox21,fedavg_proto,0.5,0,2,200,16,16,0.1,val,client_3,11,42,627,669,True,0.6364775575301891
Tox21,fedavg_proto,0.5,0,2,200,16,16,0.1,test,server,0,33,701,734,True,0.3958414386374443
Tox21,fedavg_proto,0.5,0,2,200,16,16,0.1,test,server,1,25,664,689,True,0.3424698795180723
Tox21,fedavg_proto,0.5,0,2,200,16,16,0.1,test,server,2,65,590,655,True,0.788657105606258
Tox21,fedavg_proto,0.5,0,2,200,16,16,0.1,test,server,3,40,560,600,True,0.6286160714285715
Tox21,fedavg_proto,0.5,0,2,200,16,16,0.1,test,server,4,96,540,636,True,0.5278645833333333
Tox21,fedavg_proto,0.5,0,2,200,16,16,0.1,test,server,5,37,651,688,True,0.49865072445717606
Tox21,fedavg_proto,0.5,0,2,200,16,16,0.1,test,server,6,17,637,654,True,0.4109336042109151
Tox21,fedavg_proto,0.5,0,2,200,16,16,0.1,test,server,7,111,482,593,True,0.5603902657844566
Tox21,fedavg_proto,0.5,0,2,200,16,16,0.1,test,server,8,24,685,709,True,0.6149026763990267
Tox21,fedavg_proto,0.5,0,2,200,16,16,0.1,test,server,9,39,600,639,True,0.5984615384615385
Tox21,fedavg_proto,0.5,0,2,200,16,16,0.1,test,server,10,98,502,600,True,0.6238921863566144
Tox21,fedavg_proto,0.5,0,2,200,16,16,0.1,test,server,11,35,636,671,True,0.5694519317160827
Tox21,fedavg_proto,0.5,0,2,200,16,16,0.1,test,client_0,0,33,701,734,True,0.38978947823455673
Tox21,fedavg_proto,0.5,0,2,200,16,16,0.1,test,client_0,1,25,664,689,True,0.32144578313253014
Tox21,fedavg_proto,0.5,0,2,200,16,16,0.1,test,client_0,2,65,590,655,True,0.784406779661017
Tox21,fedavg_proto,0.5,0,2,200,16,16,0.1,test,client_0,3,40,560,600,True,0.6292410714285714
Tox21,fedavg_proto,0.5,0,2,200,16,16,0.1,test,client_0,4,96,540,636,True,0.5251543209876544
Tox21,fedavg_proto,0.5,0,2,200,16,16,0.1,test,client_0,5,37,651,688,True,0.4959106572009798
Tox21,fedavg_proto,0.5,0,2,200,16,16,0.1,test,client_0,6,17,637,654,True,0.4063163727029273
Tox21,fedavg_proto,0.5,0,2,200,16,16,0.1,test,client_0,7,111,482,593,True,0.5591379761504244
Tox21,fedavg_proto,0.5,0,2,200,16,16,0.1,test,client_0,8,24,685,709,True,0.6161192214111921
Tox21,fedavg_proto,0.5,0,2,200,16,16,0.1,test,client_0,9,39,600,639,True,0.5901709401709402
Tox21,fedavg_proto,0.5,0,2,200,16,16,0.1,test,client_0,10,98,502,600,True,0.6237498983657207
Tox21,fedavg_proto,0.5,0,2,200,16,16,0.1,test,client_0,11,35,636,671,True,0.5654088050314465
Tox21,fedavg_proto,0.5,0,2,200,16,16,0.1,test,client_1,0,33,701,734,True,0.3795011455496477
Tox21,fedavg_proto,0.5,0,2,200,16,16,0.1,test,client_1,1,25,664,689,True,0.33945783132530116
Tox21,fedavg_proto,0.5,0,2,200,16,16,0.1,test,client_1,2,65,590,655,True,0.7880052151238591
Tox21,fedavg_proto,0.5,0,2,200,16,16,0.1,test,client_1,3,40,560,600,True,0.6064732142857143
Tox21,fedavg_proto,0.5,0,2,200,16,16,0.1,test,client_1,4,96,540,636,True,0.524537037037037
Tox21,fedavg_proto,0.5,0,2,200,16,16,0.1,test,client_1,5,37,651,688,True,0.4891850375721344
Tox21,fedavg_proto,0.5,0,2,200,16,16,0.1,test,client_1,6,17,637,654,True,0.4161972481300213
Tox21,fedavg_proto,0.5,0,2,200,16,16,0.1,test,client_1,7,111,482,593,True,0.5570819782438039
Tox21,fedavg_proto,0.5,0,2,200,16,16,0.1,test,client_1,8,24,685,709,True,0.6101581508515815
Tox21,fedavg_proto,0.5,0,2,200,16,16,0.1,test,client_1,9,39,600,639,True,0.5926495726495726
Tox21,fedavg_proto,0.5,0,2,200,16,16,0.1,test,client_1,10,98,502,600,True,0.620416294007643
Tox21,fedavg_proto,0.5,0,2,200,16,16,0.1,test,client_1,11,35,636,671,True,0.5625786163522012
Tox21,fedavg_proto,0.5,0,2,200,16,16,0.1,test,client_2,0,33,701,734,True,0.4267712791250594
Tox21,fedavg_proto,0.5,0,2,200,16,16,0.1,test,client_2,1,25,664,689,True,0.3794578313253012
Tox21,fedavg_proto,0.5,0,2,200,16,16,0.1,test,client_2,2,65,590,655,True,0.7874315514993482
Tox21,fedavg_proto,0.5,0,2,200,16,16,0.1,test,client_2,3,40,560,600,True,0.6420982142857143
Tox21,fedavg_proto,0.5,0,2,200,16,16,0.1,test,client_2,4,96,540,636,True,0.5375192901234568
Tox21,fedavg_proto,0.5,0,2,200,16,16,0.1,test,client_2,5,37,651,688,True,0.5066633453730228
Tox21,fedavg_proto,0.5,0,2,200,16,16,0.1,test,client_2,6,17,637,654,True,0.4138886323760273
Tox21,fedavg_proto,0.5,0,2,200,16,16,0.1,test,client_2,7,111,482,593,True,0.569231056782924
Tox21,fedavg_proto,0.5,0,2,200,16,16,0.1,test,client_2,8,24,685,709,True,0.605596107055961
Tox21,fedavg_proto,0.5,0,2,200,16,16,0.1,test,client_2,9,39,600,639,True,0.6032051282051282
Tox21,fedavg_proto,0.5,0,2,200,16,16,0.1,test,client_2,10,98,502,600,True,0.6295023985689894
Tox21,fedavg_proto,0.5,0,2,200,16,16,0.1,test,client_2,11,35,636,671,True,0.5704851752021562
Tox21,fedavg_proto,0.5,0,2,200,16,16,0.1,test,client_3,0,33,701,734,True,0.3808412224960014
Tox21,fedavg_proto,0.5,0,2,200,16,16,0.1,test,client_3,1,25,664,689,True,0.33382530120481924
Tox21,fedavg_proto,0.5,0,2,200,16,16,0.1,test,client_3,2,65,590,655,True,0.7895436766623207
Tox21,fedavg_proto,0.5,0,2,200,16,16,0.1,test,client_3,3,40,560,600,True,0.6133035714285715
Tox21,fedavg_proto,0.5,0,2,200,16,16,0.1,test,client_3,4,96,540,636,True,0.5224729938271604
Tox21,fedavg_proto,0.5,0,2,200,16,16,0.1,test,client_3,5,37,651,688,True,0.4888113920371985
Tox21,fedavg_proto,0.5,0,2,200,16,16,0.1,test,client_3,6,17,637,654,True,0.41453504478714553
Tox21,fedavg_proto,0.5,0,2,200,16,16,0.1,test,client_3,7,111,482,593,True,0.5578856865163919
Tox21,fedavg_proto,0.5,0,2,200,16,16,0.1,test,client_3,8,24,685,709,True,0.6154501216545013
Tox21,fedavg_proto,0.5,0,2,200,16,16,0.1,test,client_3,9,39,600,639,True,0.5913247863247864
Tox21,fedavg_proto,0.5,0,2,200,16,16,0.1,test,client_3,10,98,502,600,True,0.622672575006098
Tox21,fedavg_proto,0.5,0,2,200,16,16,0.1,test,client_3,11,35,636,671,True,0.564869721473495
Tox21,fedavg_proto,0.5,0,3,200,16,16,0.1,val,server,0,27,706,733,True,0.44638547896338265
Tox21,fedavg_proto,0.5,0,3,200,16,16,0.1,val,server,1,21,659,680,True,0.45993207601705327
Tox21,fedavg_proto,0.5,0,3,200,16,16,0.1,val,server,2,83,573,656,True,0.7961899955844319
Tox21,fedavg_proto,0.5,0,3,200,16,16,0.1,val,server,3,31,553,584,True,0.7014816543195473
Tox21,fedavg_proto,0.5,0,3,200,16,16,0.1,val,server,4,83,531,614,True,0.6339936015247432
Tox21,fedavg_proto,0.5,0,3,200,16,16,0.1,val,server,5,49,647,696,True,0.6397186386146422
Tox21,fedavg_proto,0.5,0,3,200,16,16,0.1,val,server,6,18,623,641,True,0.6172641341180667
Tox21,fedavg_proto,0.5,0,3,200,16,16,0.1,val,server,7,89,478,567,True,0.6310704715340134
Tox21,fedavg_proto,0.5,0,3,200,16,16,0.1,val,server,8,32,672,704,True,0.7286086309523809
Tox21,fedavg_proto,0.5,0,3,200,16,16,0.1,val,server,9,33,588,621,True,0.6446093588950732
Tox21,fedavg_proto,0.5,0,3,200,16,16,0.1,val,server,10,103,474,577,True,0.7368604317725616
Tox21,fedavg_proto,0.5,0,3,200,16,16,0.1,val,server,11,42,627,669,True,0.6525024682919419
Tox21,fedavg_proto,0.5,0,3,200,16,16,0.1,val,client_0,0,27,706,733,True,0.44360507816598466
Tox21,fedavg_proto,0.5,0,3,200,16,16,0.1,val,client_0,1,21,659,680,True,0.4550906857431895
Tox21,fedavg_proto,0.5,0,3,200,16,16,0.1,val,client_0,2,83,573,656,True,0.7880317079837674
Tox21,fedavg_proto,0.5,0,3,200,16,16,0.1,val,client_0,3,31,553,584,True,0.6969900250831242
Tox21,fedavg_proto,0.5,0,3,200,16,16,0.1,val,client_0,4,83,531,614,True,0.6281623669820525
Tox21,fedavg_proto,0.5,0,3,200,16,16,0.1,val,client_0,5,49,647,696,True,0.6355865375516513
Tox21,fedavg_proto,0.5,0,3,200,16,16,0.1,val,client_0,6,18,623,641,True,0.6214553237025147
Tox21,fedavg_proto,0.5,0,3,200,16,16,0.1,val,client_0,7,89,478,567,True,0.6368529923369846
Tox21,fedavg_proto,0.5,0,3,200,16,16,0.1,val,client_0,8,32,672,704,True,0.7359561011904762
Tox21,fedavg_proto,0.5,0,3,200,16,16,0.1,val,client_0,9,33,588,621,True,0.6464131106988251
Tox21,fedavg_proto,0.5,0,3,200,16,16,0.1,val,client_0,10,103,474,577,True,0.7330711564458645
Tox21,fedavg_proto,0.5,0,3,200,16,16,0.1,val,client_0,11,42,627,669,True,0.6570593149540518
Tox21,fedavg_proto,0.5,0,3,200,16,16,0.1,val,client_1,0,27,706,733,True,0.43956562795089704
Tox21,fedavg_proto,0.5,0,3,200,16,16,0.1,val,client_1,1,21,659,680,True,0.46437603873112215
Tox21,fedavg_proto,0.5,0,3,200,16,16,0.1,val,client_1,2,83,573,656,True,0.7950966168338275
Tox21,fedavg_proto,0.5,0,3,200,16,16,0.1,val,client_1,3,31,553,584,True,0.6911567403604969
Tox21,fedavg_proto,0.5,0,3,200,16,16,0.1,val,client_1,4,83,531,614,True,0.6319742245819435
Tox21,fedavg_proto,0.5,0,3,200,16,16,0.1,val,client_1,5,49,647,696,True,0.6356180803078574
Tox21,fedavg_proto,0.5,0,3,200,16,16,0.1,val,client_1,6,18,623,641,True,0.6168182628856786
Tox21,fedavg_proto,0.5,0,3,200,16,16,0.1,val,client_1,7,89,478,567,True,0.6194349113816935
Tox21,fedavg_proto,0.5,0,3,200,16,16,0.1,val,client_1,8,32,672,704,True,0.7229352678571428
Tox21,fedavg_proto,0.5,0,3,200,16,16,0.1,val,client_1,9,33,588,621,True,0.6428056070913214
Tox21,fedavg_proto,0.5,0,3,200,16,16,0.1,val,client_1,10,103,474,577,True,0.7296915325058375
Tox21,fedavg_proto,0.5,0,3,200,16,16,0.1,val,client_1,11,42,627,669,True,0.6544011544011544
Tox21,fedavg_proto,0.5,0,3,200,16,16,0.1,val,client_2,0,27,706,733,True,0.45247088448221595
Tox21,fedavg_proto,0.5,0,3,200,16,16,0.1,val,client_2,1,21,659,680,True,0.46051015246766386
Tox21,fedavg_proto,0.5,0,3,200,16,16,0.1,val,client_2,2,83,573,656,True,0.7968418175319077
Tox21,fedavg_proto,0.5,0,3,200,16,16,0.1,val,client_2,3,31,553,584,True,0.7058566178615178
Tox21,fedavg_proto,0.5,0,3,200,16,16,0.1,val,client_2,4,83,531,614,True,0.6346289111247249
Tox21,fedavg_proto,0.5,0,3,200,16,16,0.1,val,client_2,5,49,647,696,True,0.6389931552219033
Tox21,fedavg_proto,0.5,0,3,200,16,16,0.1,val,client_2,6,18,623,641,True,0.6231496343855893
Tox21,fedavg_proto,0.5,0,3,200,16,16,0.1,val,client_2,7,89,478,567,True,0.6360067697804522
Tox21,fedavg_proto,0.5,0,3,200,16,16,0.1,val,client_2,8,32,672,704,True,0.7292131696428571
Tox21,fedavg_proto,0.5,0,3,200,16,16,0.1,val,client_2,9,33,588,621,True,0.6419294990723562
Tox21,fedavg_proto,0.5,0,3,200,16,16,0.1,val,client_2,10,103,474,577,True,0.7389291712752448
Tox21,fedavg_proto,0.5,0,3,200,16,16,0.1,val,client_2,11,42,627,669,True,0.6492367281840966
Tox21,fedavg_proto,0.5,0,3,200,16,16,0.1,val,client_3,0,27,706,733,True,0.4452838107229042
Tox21,fedavg_proto,0.5,0,3,200,16,16,0.1,val,client_3,1,21,659,680,True,0.4596430377917479
Tox21,fedavg_proto,0.5,0,3,200,16,16,0.1,val,client_3,2,83,573,656,True,0.8020984461405831
Tox21,fedavg_proto,0.5,0,3,200,16,16,0.1,val,client_3,3,31,553,584,True,0.7041066324447296
Tox21,fedavg_proto,0.5,0,3,200,16,16,0.1,val,client_3,4,83,531,614,True,0.6402786286388492
Tox21,fedavg_proto,0.5,0,3,200,16,16,0.1,val,client_3,5,49,647,696,True,0.6456802195375831
Tox21,fedavg_proto,0.5,0,3,200,16,16,0.1,val,client_3,6,18,623,641,True,0.6189584448011415
Tox21,fedavg_proto,0.5,0,3,200,16,16,0.1,val,client_3,7,89,478,567,True,0.6272624700296178
Tox21,fedavg_proto,0.5,0,3,200,16,16,0.1,val,client_3,8,32,672,704,True,0.7303059895833334
Tox21,fedavg_proto,0.5,0,3,200,16,16,0.1,val,client_3,9,33,588,621,True,0.6428056070913214
Tox21,fedavg_proto,0.5,0,3,200,16,16,0.1,val,client_3,10,103,474,577,True,0.737167670312564
Tox21,fedavg_proto,0.5,0,3,200,16,16,0.1,val,client_3,11,42,627,669,True,0.659831396673502
Tox21,fedavg_proto,0.5,0,3,200,16,16,0.1,test,server,0,33,701,734,True,0.43863744434357843
Tox21,fedavg_proto,0.5,0,3,200,16,16,0.1,test,server,1,25,664,689,True,0.4169879518072289
Tox21,fedavg_proto,0.5,0,3,200,16,16,0.1,test,server,2,65,590,655,True,0.7970273794002607
Tox21,fedavg_proto,0.5,0,3,200,16,16,0.1,test,server,3,40,560,600,True,0.6368750000000001
Tox21,fedavg_proto,0.5,0,3,200,16,16,0.1,test,server,4,96,540,636,True,0.5443287037037038
Tox21,fedavg_proto,0.5,0,3,200,16,16,0.1,test,server,5,37,651,688,True,0.5147174824594181
Tox21,fedavg_proto,0.5,0,3,200,16,16,0.1,test,server,6,17,637,654,True,0.4112106381013944
Tox21,fedavg_proto,0.5,0,3,200,16,16,0.1,test,server,7,111,482,593,True,0.5737729430675489
Tox21,fedavg_proto,0.5,0,3,200,16,16,0.1,test,server,8,24,685,709,True,0.616727493917275
Tox21,fedavg_proto,0.5,0,3,200,16,16,0.1,test,server,9,39,600,639,True,0.6119444444444445
Tox21,fedavg_proto,0.5,0,3,200,16,16,0.1,test,server,10,98,502,600,True,0.6345028051061061
Tox21,fedavg_proto,0.5,0,3,200,16,16,0.1,test,server,11,35,636,671,True,0.5738544474393531
Tox21,fedavg_proto,0.5,0,3,200,16,16,0.1,test,client_0,0,33,701,734,True,0.4369947693770803
Tox21,fedavg_proto,0.5,0,3,200,16,16,0.1,test,client_0,1,25,664,689,True,0.4140361445783133
Tox21,fedavg_proto,0.5,0,3,200,16,16,0.1,test,client_0,2,65,590,655,True,0.8016949152542373
Tox21,fedavg_proto,0.5,0,3,200,16,16,0.1,test,client_0,3,40,560,600,True,0.6376339285714285
Tox21,fedavg_proto,0.5,0,3,200,16,16,0.1,test,client_0,4,96,540,636,True,0.5461805555555556
Tox21,fedavg_proto,0.5,0,3,200,16,16,0.1,test,client_0,5,37,651,688,True,0.5165857101340973
Tox21,fedavg_proto,0.5,0,3,200,16,16,0.1,test,client_0,6,17,637,654,True,0.4150891125681041
Tox21,fedavg_proto,0.5,0,3,200,16,16,0.1,test,client_0,7,111,482,593,True,0.5788194833837987
Tox21,fedavg_proto,0.5,0,3,200,16,16,0.1,test,client_0,8,24,685,709,True,0.6213503649635036
Tox21,fedavg_proto,0.5,0,3,200,16,16,0.1,test,client_0,9,39,600,639,True,0.6082051282051282
Tox21,fedavg_proto,0.5,0,3,200,16,16,0.1,test,client_0,10,98,502,600,True,0.6378160826083422
Tox21,fedavg_proto,0.5,0,3,200,16,16,0.1,test,client_0,11,35,636,671,True,0.5786612758310872
Tox21,fedavg_proto,0.5,0,3,200,16,16,0.1,test,client_1,0,33,701,734,True,0.42411273937664806
Tox21,fedavg_proto,0.5,0,3,200,16,16,0.1,test,client_1,1,25,664,689,True,0.4046987951807229
Tox21,fedavg_proto,0.5,0,3,200,16,16,0.1,test,client_1,2,65,590,655,True,0.7963754889178618
Tox21,fedavg_proto,0.5,0,3,200,16,16,0.1,test,client_1,3,40,560,600,True,0.6229017857142857
Tox21,fedavg_proto,0.5,0,3,200,16,16,0.1,test,client_1,4,96,540,636,True,0.5420331790123457
Tox21,fedavg_proto,0.5,0,3,200,16,16,0.1,test,client_1,5,37,651,688,True,0.5101922198696393
Tox21,fedavg_proto,0.5,0,3,200,16,16,0.1,test,client_1,6,17,637,654,True,0.4072398190045249
Tox21,fedavg_proto,0.5,0,3,200,16,16,0.1,test,client_1,7,111,482,593,True,0.5637172442151694
Tox21,fedavg_proto,0.5,0,3,200,16,16,0.1,test,client_1,8,24,685,709,True,0.6159975669099758
Tox21,fedavg_proto,0.5,0,3,200,16,16,0.1,test,client_1,9,39,600,639,True,0.6089316239316239
Tox21,fedavg_proto,0.5,0,3,200,16,16,0.1,test,client_1,10,98,502,600,True,0.6308642979103992
Tox21,fedavg_proto,0.5,0,3,200,16,16,0.1,test,client_1,11,35,636,671,True,0.5694070080862533
Tox21,fedavg_proto,0.5,0,3,200,16,16,0.1,test,client_2,0,33,701,734,True,0.44611593827000395
Tox21,fedavg_proto,0.5,0,3,200,16,16,0.1,test,client_2,1,25,664,689,True,0.4184939759036145
Tox21,fedavg_proto,0.5,0,3,200,16,16,0.1,test,client_2,2,65,590,655,True,0.7972359843546284
Tox21,fedavg_proto,0.5,0,3,200,16,16,0.1,test,client_2,3,40,560,600,True,0.640580357142857
Tox21,fedavg_proto,0.5,0,3,200,16,16,0.1,test,client_2,4,96,540,636,True,0.5470100308641975
Tox21,fedavg_proto,0.5,0,3,200,16,16,0.1,test,client_2,5,37,651,688,True,0.5192427450491967
Tox21,fedavg_proto,0.5,0,3,200,16,16,0.1,test,client_2,6,17,637,654,True,0.4140733216363468
Tox21,fedavg_proto,0.5,0,3,200,16,16,0.1,test,client_2,7,111,482,593,True,0.5796979552166275
Tox21,fedavg_proto,0.5,0,3,200,16,16,0.1,test,client_2,8,24,685,709,True,0.610279805352798
Tox21,fedavg_proto,0.5,0,3,200,16,16,0.1,test,client_2,9,39,600,639,True,0.6150427350427349
Tox21,fedavg_proto,0.5,0,3,200,16,16,0.1,test,client_2,10,98,502,600,True,0.6365964712578259
Tox21,fedavg_proto,0.5,0,3,200,16,16,0.1,test,client_2,11,35,636,671,True,0.5730907457322552
Tox21,fedavg_proto,0.5,0,3,200,16,16,0.1,test,client_3,0,33,701,734,True,0.4399342930013401
Tox21,fedavg_proto,0.5,0,3,200,16,16,0.1,test,client_3,1,25,664,689,True,0.40367469879518075
Tox21,fedavg_proto,0.5,0,3,200,16,16,0.1,test,client_3,2,65,590,655,True,0.8009387222946546
Tox21,fedavg_proto,0.5,0,3,200,16,16,0.1,test,client_3,3,40,560,600,True,0.6324553571428572
Tox21,fedavg_proto,0.5,0,3,200,16,16,0.1,test,client_3,4,96,540,636,True,0.5470679012345678
Tox21,fedavg_proto,0.5,0,3,200,16,16,0.1,test,client_3,5,37,651,688,True,0.5183293892971312
Tox21,fedavg_proto,0.5,0,3,200,16,16,0.1,test,client_3,6,17,637,654,True,0.40668575122356637
Tox21,fedavg_proto,0.5,0,3,200,16,16,0.1,test,client_3,7,111,482,593,True,0.5689880752121417
Tox21,fedavg_proto,0.5,0,3,200,16,16,0.1,test,client_3,8,24,685,709,True,0.6180656934306569
Tox21,fedavg_proto,0.5,0,3,200,16,16,0.1,test,client_3,9,39,600,639,True,0.6118803418803419
Tox21,fedavg_proto,0.5,0,3,200,16,16,0.1,test,client_3,10,98,502,600,True,0.6350313033579967
Tox21,fedavg_proto,0.5,0,3,200,16,16,0.1,test,client_3,11,35,636,671,True,0.5745732255166218
Tox21,fedavg_proto,0.5,0,4,200,16,16,0.1,val,server,0,27,706,733,True,0.4630678837477704
Tox21,fedavg_proto,0.5,0,4,200,16,16,0.1,val,server,1,21,659,680,True,0.48095960690801354
Tox21,fedavg_proto,0.5,0,4,200,16,16,0.1,val,server,2,83,573,656,True,0.8038436468386635
Tox21,fedavg_proto,0.5,0,4,200,16,16,0.1,val,server,3,31,553,584,True,0.721081490987575
Tox21,fedavg_proto,0.5,0,4,200,16,16,0.1,val,server,4,83,531,614,True,0.6478569645814898
Tox21,fedavg_proto,0.5,0,4,200,16,16,0.1,val,server,5,49,647,696,True,0.6596536605368576
Tox21,fedavg_proto,0.5,0,4,200,16,16,0.1,val,server,6,18,623,641,True,0.6226145889067237
Tox21,fedavg_proto,0.5,0,4,200,16,16,0.1,val,server,7,89,478,567,True,0.6451741808095529
Tox21,fedavg_proto,0.5,0,4,200,16,16,0.1,val,server,8,32,672,704,True,0.741024925595238
Tox21,fedavg_proto,0.5,0,4,200,16,16,0.1,val,server,9,33,588,621,True,0.6440940012368583
Tox21,fedavg_proto,0.5,0,4,200,16,16,0.1,val,server,10,103,474,577,True,0.7537585514726968
Tox21,fedavg_proto,0.5,0,4,200,16,16,0.1,val,server,11,42,627,669,True,0.6639895192526771
Tox21,fedavg_proto,0.5,0,4,200,16,16,0.1,val,client_0,0,27,706,733,True,0.4608645472668136
Tox21,fedavg_proto,0.5,0,4,200,16,16,0.1,val,client_0,1,21,659,680,True,0.4790085988872028
Tox21,fedavg_proto,0.5,0,4,200,16,16,0.1,val,client_0,2,83,573,656,True,0.7917954540675792
Tox21,fedavg_proto,0.5,0,4,200,16,16,0.1,val,client_0,3,31,553,584,True,0.7104065799451672
Tox21,fedavg_proto,0.5,0,4,200,16,16,0.1,val,client_0,4,83,531,614,True,0.6375558732103557
Tox21,fedavg_proto,0.5,0,4,200,16,16,0.1,val,client_0,5,49,647,696,True,0.6540390499321831
Tox21,fedavg_proto,0.5,0,4,200,16,16,0.1,val,client_0,6,18,623,641,True,0.6226145889067237
Tox21,fedavg_proto,0.5,0,4,200,16,16,0.1,val,client_0,7,89,478,567,True,0.6462084528230925
Tox21,fedavg_proto,0.5,0,4,200,16,16,0.1,val,client_0,8,32,672,704,True,0.7479538690476192
Tox21,fedavg_proto,0.5,0,4,200,16,16,0.1,val,client_0,9,33,588,621,True,0.6539373325087612
Tox21,fedavg_proto,0.5,0,4,200,16,16,0.1,val,client_0,10,103,474,577,True,0.7488427348326574
Tox21,fedavg_proto,0.5,0,4,200,16,16,0.1,val,client_0,11,42,627,669,True,0.671451355661882
Tox21,fedavg_proto,0.5,0,4,200,16,16,0.1,val,client_1,0,27,706,733,True,0.47266813555765397
Tox21,fedavg_proto,0.5,0,4,200,16,16,0.1,val,client_1,1,21,659,680,True,0.49411084615940454
Tox21,fedavg_proto,0.5,0,4,200,16,16,0.1,val,client_1,2,83,573,656,True,0.8056939801089174
Tox21,fedavg_proto,0.5,0,4,200,16,16,0.1,val,client_1,3,31,553,584,True,0.7145482120982325
Tox21,fedavg_proto,0.5,0,4,200,16,16,0.1,val,client_1,4,83,531,614,True,0.6591563996097384
Tox21,fedavg_proto,0.5,0,4,200,16,16,0.1,val,client_1,5,49,647,696,True,0.667476264075955
Tox21,fedavg_proto,0.5,0,4,200,16,16,0.1,val,client_1,6,18,623,641,True,0.6274299982165151
Tox21,fedavg_proto,0.5,0,4,200,16,16,0.1,val,client_1,7,89,478,567,True,0.633961731935499
Tox21,fedavg_proto,0.5,0,4,200,16,16,0.1,val,client_1,8,32,672,704,True,0.7331659226190476
Tox21,fedavg_proto,0.5,0,4,200,16,16,0.1,val,client_1,9,33,588,621,True,0.6394042465471037
Tox21,fedavg_proto,0.5,0,4,200,16,16,0.1,val,client_1,10,103,474,577,True,0.7454221457539634
Tox21,fedavg_proto,0.5,0,4,200,16,16,0.1,val,client_1,11,42,627,669,True,0.6692488797751955
Tox21,fedavg_proto,0.5,0,4,200,16,16,0.1,val,client_2,0,27,706,733,True,0.46380232924142273
Tox21,fedavg_proto,0.5,0,4,200,16,16,0.1,val,client_2,1,21,659,680,True,0.48009249223209766
Tox21,fedavg_proto,0.5,0,4,200,16,16,0.1,val,client_2,2,83,573,656,True,0.801972287053975
Tox21,fedavg_proto,0.5,0,4,200,16,16,0.1,val,client_2,3,31,553,584,True,0.7142565478621012
Tox21,fedavg_proto,0.5,0,4,200,16,16,0.1,val,client_2,4,83,531,614,True,0.6441812447530234
Tox21,fedavg_proto,0.5,0,4,200,16,16,0.1,val,client_2,5,49,647,696,True,0.6527773396839417
Tox21,fedavg_proto,0.5,0,4,200,16,16,0.1,val,client_2,6,18,623,641,True,0.6286784376672018
Tox21,fedavg_proto,0.5,0,4,200,16,16,0.1,val,client_2,7,89,478,567,True,0.6438578346105026
Tox21,fedavg_proto,0.5,0,4,200,16,16,0.1,val,client_2,8,32,672,704,True,0.7450241815476191
Tox21,fedavg_proto,0.5,0,4,200,16,16,0.1,val,client_2,9,33,588,621,True,0.639764996907854
Tox21,fedavg_proto,0.5,0,4,200,16,16,0.1,val,client_2,10,103,474,577,True,0.7481872926139854
Tox21,fedavg_proto,0.5,0,4,200,16,16,0.1,val,client_2,11,42,627,669,True,0.6624136097820308
Tox21,fedavg_proto,0.5,0,4,200,16,16,0.1,val,client_3,0,27,706,733,True,0.46537614101353475
Tox21,fedavg_proto,0.5,0,4,200,16,16,0.1,val,client_3,1,21,659,680,True,0.48254931714719274
Tox21,fedavg_proto,0.5,0,4,200,16,16,0.1,val,client_3,2,83,573,656,True,0.8099413360247272
Tox21,fedavg_proto,0.5,0,4,200,16,16,0.1,val,client_3,3,31,553,584,True,0.7213439888000933
Tox21,fedavg_proto,0.5,0,4,200,16,16,0.1,val,client_3,4,83,531,614,True,0.6548226805527193
Tox21,fedavg_proto,0.5,0,4,200,16,16,0.1,val,client_3,5,49,647,696,True,0.6649528435794719
Tox21,fedavg_proto,0.5,0,4,200,16,16,0.1,val,client_3,6,18,623,641,True,0.6217228464419476
Tox21,fedavg_proto,0.5,0,4,200,16,16,0.1,val,client_3,7,89,478,567,True,0.6439048469747544
Tox21,fedavg_proto,0.5,0,4,200,16,16,0.1,val,client_3,8,32,672,704,True,0.7413969494047619
Tox21,fedavg_proto,0.5,0,4,200,16,16,0.1,val,client_3,9,33,588,621,True,0.6438878581735725
Tox21,fedavg_proto,0.5,0,4,200,16,16,0.1,val,client_3,10,103,474,577,True,0.7509114743353407
Tox21,fedavg_proto,0.5,0,4,200,16,16,0.1,val,client_3,11,42,627,669,True,0.6721728563833826
Tox21,fedavg_proto,0.5,0,4,200,16,16,0.1,test,server,0,33,701,734,True,0.4694159858211214
Tox21,fedavg_proto,0.5,0,4,200,16,16,0.1,test,server,1,25,664,689,True,0.4336144578313253
Tox21,fedavg_proto,0.5,0,4,200,16,16,0.1,test,server,2,65,590,655,True,0.8021903520208605
Tox21,fedavg_proto,0.5,0,4,200,16,16,0.1,test,server,3,40,560,600,True,0.6516517857142856
Tox21,fedavg_proto,0.5,0,4,200,16,16,0.1,test,server,4,96,540,636,True,0.5570987654320988
Tox21,fedavg_proto,0.5,0,4,200,16,16,0.1,test,server,5,37,651,688,True,0.5333582430356624
Tox21,fedavg_proto,0.5,0,4,200,16,16,0.1,test,server,6,17,637,654,True,0.40677809585372615
Tox21,fedavg_proto,0.5,0,4,200,16,16,0.1,test,server,7,111,482,593,True,0.588669582445516
Tox21,fedavg_proto,0.5,0,4,200,16,16,0.1,test,server,8,24,685,709,True,0.6190997566909975
Tox21,fedavg_proto,0.5,0,4,200,16,16,0.1,test,server,9,39,600,639,True,0.6211111111111111
Tox21,fedavg_proto,0.5,0,4,200,16,16,0.1,test,server,10,98,502,600,True,0.6456419221074885
Tox21,fedavg_proto,0.5,0,4,200,16,16,0.1,test,server,11,35,636,671,True,0.5830637915543575
Tox21,fedavg_proto,0.5,0,4,200,16,16,0.1,test,client_0,0,33,701,734,True,0.4628885142437211
Tox21,fedavg_proto,0.5,0,4,200,16,16,0.1,test,client_0,1,25,664,689,True,0.43891566265060245
Tox21,fedavg_proto,0.5,0,4,200,16,16,0.1,test,client_0,2,65,590,655,True,0.8107170795306389
Tox21,fedavg_proto,0.5,0,4,200,16,16,0.1,test,client_0,3,40,560,600,True,0.6526785714285716
Tox21,fedavg_proto,0.5,0,4,200,16,16,0.1,test,client_0,4,96,540,636,True,0.560204475308642
Tox21,fedavg_proto,0.5,0,4,200,16,16,0.1,test,client_0,5,37,651,688,True,0.5385892805247645
Tox21,fedavg_proto,0.5,0,4,200,16,16,0.1,test,client_0,6,17,637,654,True,0.4164742820205005
Tox21,fedavg_proto,0.5,0,4,200,16,16,0.1,test,client_0,7,111,482,593,True,0.5893985271578632
Tox21,fedavg_proto,0.5,0,4,200,16,16,0.1,test,client_0,8,24,685,709,True,0.6226885644768857
Tox21,fedavg_proto,0.5,0,4,200,16,16,0.1,test,client_0,9,39,600,639,True,0.6192307692307693
Tox21,fedavg_proto,0.5,0,4,200,16,16,0.1,test,client_0,10,98,502,600,True,0.6508049434913407
Tox21,fedavg_proto,0.5,0,4,200,16,16,0.1,test,client_0,11,35,636,671,True,0.5848158131176999
Tox21,fedavg_proto,0.5,0,4,200,16,16,0.1,test,client_1,0,33,701,734,True,0.4720961397138288
Tox21,fedavg_proto,0.5,0,4,200,16,16,0.1,test,client_1,1,25,664,689,True,0.42463855421686747
Tox21,fedavg_proto,0.5,0,4,200,16,16,0.1,test,client_1,2,65,590,655,True,0.8011734028683182
Tox21,fedavg_proto,0.5,0,4,200,16,16,0.1,test,client_1,3,40,560,600,True,0.6316517857142857
Tox21,fedavg_proto,0.5,0,4,200,16,16,0.1,test,client_1,4,96,540,636,True,0.5707175925925926
Tox21,fedavg_proto,0.5,0,4,200,16,16,0.1,test,client_1,5,37,651,688,True,0.5409557022460248
Tox21,fedavg_proto,0.5,0,4,200,16,16,0.1,test,client_1,6,17,637,654,True,0.39449626004247856
Tox21,fedavg_proto,0.5,0,4,200,16,16,0.1,test,client_1,7,111,482,593,True,0.5831183880976412
Tox21,fedavg_proto,0.5,0,4,200,16,16,0.1,test,client_1,8,24,685,709,True,0.622323600973236
Tox21,fedavg_proto,0.5,0,4,200,16,16,0.1,test,client_1,9,39,600,639,True,0.6235042735042735
Tox21,fedavg_proto,0.5,0,4,200,16,16,0.1,test,client_1,10,98,502,600,True,0.648406374501992
Tox21,fedavg_proto,0.5,0,4,200,16,16,0.1,test,client_1,11,35,636,671,True,0.576010781671159
Tox21,fedavg_proto,0.5,0,4,200,16,16,0.1,test,client_2,0,33,701,734,True,0.46911338780097694
Tox21,fedavg_proto,0.5,0,4,200,16,16,0.1,test,client_2,1,25,664,689,True,0.44331325301204816
Tox21,fedavg_proto,0.5,0,4,200,16,16,0.1,test,client_2,2,65,590,655,True,0.8023207301173404
Tox21,fedavg_proto,0.5,0,4,200,16,16,0.1,test,client_2,3,40,560,600,True,0.648080357142857
Tox21,fedavg_proto,0.5,0,4,200,16,16,0.1,test,client_2,4,96,540,636,True,0.5591242283950617
Tox21,fedavg_proto,0.5,0,4,200,16,16,0.1,test,client_2,5,37,651,688,True,0.5345206958110185
Tox21,fedavg_proto,0.5,0,4,200,16,16,0.1,test,client_2,6,17,637,654,True,0.4135192538553883
Tox21,fedavg_proto,0.5,0,4,200,16,16,0.1,test,client_2,7,111,482,593,True,0.5860528578370903
Tox21,fedavg_proto,0.5,0,4,200,16,16,0.1,test,client_2,8,24,685,709,True,0.6099756690997566
Tox21,fedavg_proto,0.5,0,4,200,16,16,0.1,test,client_2,9,39,600,639,True,0.6231623931623932
Tox21,fedavg_proto,0.5,0,4,200,16,16,0.1,test,client_2,10,98,502,600,True,0.644158061631027
Tox21,fedavg_proto,0.5,0,4,200,16,16,0.1,test,client_2,11,35,636,671,True,0.5780772686433064
Tox21,fedavg_proto,0.5,0,4,200,16,16,0.1,test,client_3,0,33,701,734,True,0.4713612588077638
Tox21,fedavg_proto,0.5,0,4,200,16,16,0.1,test,client_3,1,25,664,689,True,0.42481927710843376
Tox21,fedavg_proto,0.5,0,4,200,16,16,0.1,test,client_3,2,65,590,655,True,0.8066753585397654
Tox21,fedavg_proto,0.5,0,4,200,16,16,0.1,test,client_3,3,40,560,600,True,0.6443303571428571
Tox21,fedavg_proto,0.5,0,4,200,16,16,0.1,test,client_3,4,96,540,636,True,0.5620177469135803
Tox21,fedavg_proto,0.5,0,4,200,16,16,0.1,test,client_3,5,37,651,688,True,0.5408311537343795
Tox21,fedavg_proto,0.5,0,4,200,16,16,0.1,test,client_3,6,17,637,654,True,0.4002216271123834
Tox21,fedavg_proto,0.5,0,4,200,16,16,0.1,test,client_3,7,111,482,593,True,0.5859594033867893
Tox21,fedavg_proto,0.5,0,4,200,16,16,0.1,test,client_3,8,24,685,709,True,0.624574209245742
Tox21,fedavg_proto,0.5,0,4,200,16,16,0.1,test,client_3,9,39,600,639,True,0.6248717948717948
Tox21,fedavg_proto,0.5,0,4,200,16,16,0.1,test,client_3,10,98,502,600,True,0.649422717294089
Tox21,fedavg_proto,0.5,0,4,200,16,16,0.1,test,client_3,11,35,636,671,True,0.5869272237196765
Tox21,fedavg_proto,0.5,0,5,200,16,16,0.1,val,server,0,27,706,733,True,0.46862868534256635
Tox21,fedavg_proto,0.5,0,5,200,16,16,0.1,val,server,1,21,659,680,True,0.48659585230146685
Tox21,fedavg_proto,0.5,0,5,200,16,16,0.1,val,server,2,83,573,656,True,0.8063458020563931
Tox21,fedavg_proto,0.5,0,5,200,16,16,0.1,val,server,3,31,553,584,True,0.7284897625853118
Tox21,fedavg_proto,0.5,0,5,200,16,16,0.1,val,server,4,83,531,614,True,0.6537108887527511
Tox21,fedavg_proto,0.5,0,5,200,16,16,0.1,val,server,5,49,647,696,True,0.6685802605431662
Tox21,fedavg_proto,0.5,0,5,200,16,16,0.1,val,server,6,18,623,641,True,0.6293026573925451
Tox21,fedavg_proto,0.5,0,5,200,16,16,0.1,val,server,7,89,478,567,True,0.654012505288891
Tox21,fedavg_proto,0.5,0,5,200,16,16,0.1,val,server,8,32,672,704,True,0.755673363095238
Tox21,fedavg_proto,0.5,0,5,200,16,16,0.1,val,server,9,33,588,621,True,0.6467738610595754
Tox21,fedavg_proto,0.5,0,5,200,16,16,0.1,val,server,10,103,474,577,True,0.7605587644914178
Tox21,fedavg_proto,0.5,0,5,200,16,16,0.1,val,server,11,42,627,669,True,0.6761600972127287
Tox21,fedavg_proto,0.5,0,5,200,16,16,0.1,val,client_0,0,27,706,733,True,0.4801699716713881
Tox21,fedavg_proto,0.5,0,5,200,16,16,0.1,val,client_0,1,21,659,680,True,0.5027097333622372
Tox21,fedavg_proto,0.5,0,5,200,16,16,0.1,val,client_0,2,83,573,656,True,0.789419457936458
Tox21,fedavg_proto,0.5,0,5,200,16,16,0.1,val,client_0,3,31,553,584,True,0.7077232689727586
Tox21,fedavg_proto,0.5,0,5,200,16,16,0.1,val,client_0,4,83,531,614,True,0.64495269212443
Tox21,fedavg_proto,0.5,0,5,200,16,16,0.1,val,client_0,5,49,647,696,True,0.6699365990600258
Tox21,fedavg_proto,0.5,0,5,200,16,16,0.1,val,client_0,6,18,623,641,True,0.6268057784911718
Tox21,fedavg_proto,0.5,0,5,200,16,16,0.1,val,client_0,7,89,478,567,True,0.6535893940106248
Tox21,fedavg_proto,0.5,0,5,200,16,16,0.1,val,client_0,8,32,672,704,True,0.7646949404761905
Tox21,fedavg_proto,0.5,0,5,200,16,16,0.1,val,client_0,9,33,588,621,True,0.6597093382807669
Tox21,fedavg_proto,0.5,0,5,200,16,16,0.1,val,client_0,10,103,474,577,True,0.75166932940068
Tox21,fedavg_proto,0.5,0,5,200,16,16,0.1,val,client_0,11,42,627,669,True,0.6878180299232931
Tox21,fedavg_proto,0.5,0,5,200,16,16,0.1,val,client_1,0,27,706,733,True,0.47366488301332493
Tox21,fedavg_proto,0.5,0,5,200,16,16,0.1,val,client_1,1,21,659,680,True,0.49129272346267794
Tox21,fedavg_proto,0.5,0,5,200,16,16,0.1,val,client_1,2,83,573,656,True,0.8109295822031581
Tox21,fedavg_proto,0.5,0,5,200,16,16,0.1,val,client_1,3,31,553,584,True,0.7228898092515895
Tox21,fedavg_proto,0.5,0,5,200,16,16,0.1,val,client_1,4,83,531,614,True,0.6614934313525287
Tox21,fedavg_proto,0.5,0,5,200,16,16,0.1,val,client_1,5,49,647,696,True,0.6721130492382424
Tox21,fedavg_proto,0.5,0,5,200,16,16,0.1,val,client_1,6,18,623,641,True,0.6308186195826646
Tox21,fedavg_proto,0.5,0,5,200,16,16,0.1,val,client_1,7,89,478,567,True,0.6475247990221428
Tox21,fedavg_proto,0.5,0,5,200,16,16,0.1,val,client_1,8,32,672,704,True,0.744326636904762
Tox21,fedavg_proto,0.5,0,5,200,16,16,0.1,val,client_1,9,33,588,621,True,0.6434240362811792
Tox21,fedavg_proto,0.5,0,5,200,16,16,0.1,val,client_1,10,103,474,577,True,0.7547621973700381
Tox21,fedavg_proto,0.5,0,5,200,16,16,0.1,val,client_1,11,42,627,669,True,0.6777549935444672
Tox21,fedavg_proto,0.5,0,5,200,16,16,0.1,val,client_2,0,27,706,733,True,0.4679467002413178
Tox21,fedavg_proto,0.5,0,5,200,16,16,0.1,val,client_2,1,21,659,680,True,0.49100368523737264
Tox21,fedavg_proto,0.5,0,5,200,16,16,0.1,val,client_2,2,83,573,656,True,0.8036754347231859
Tox21,fedavg_proto,0.5,0,5,200,16,16,0.1,val,client_2,3,31,553,584,True,0.7164731960566995
Tox21,fedavg_proto,0.5,0,5,200,16,16,0.1,val,client_2,4,83,531,614,True,0.6514192362671023
Tox21,fedavg_proto,0.5,0,5,200,16,16,0.1,val,client_2,5,49,647,696,True,0.660726114247863
Tox21,fedavg_proto,0.5,0,5,200,16,16,0.1,val,client_2,6,18,623,641,True,0.6355448546459782
Tox21,fedavg_proto,0.5,0,5,200,16,16,0.1,val,client_2,7,89,478,567,True,0.6518264303511824
Tox21,fedavg_proto,0.5,0,5,200,16,16,0.1,val,client_2,8,32,672,704,True,0.7594866071428572
Tox21,fedavg_proto,0.5,0,5,200,16,16,0.1,val,client_2,9,33,588,621,True,0.6441970727685014
Tox21,fedavg_proto,0.5,0,5,200,16,16,0.1,val,client_2,10,103,474,577,True,0.7518946376633484
Tox21,fedavg_proto,0.5,0,5,200,16,16,0.1,val,client_2,11,42,627,669,True,0.676805650489861
Tox21,fedavg_proto,0.5,0,5,200,16,16,0.1,val,client_3,0,27,706,733,True,0.4691532892666037
Tox21,fedavg_proto,0.5,0,5,200,16,16,0.1,val,client_3,1,21,659,680,True,0.49273791458920446
Tox21,fedavg_proto,0.5,0,5,200,16,16,0.1,val,client_3,2,83,573,656,True,0.8147774343447087
Tox21,fedavg_proto,0.5,0,5,200,16,16,0.1,val,client_3,3,31,553,584,True,0.7332147232106399
Tox21,fedavg_proto,0.5,0,5,200,16,16,0.1,val,client_3,4,83,531,614,True,0.6646246000952964
Tox21,fedavg_proto,0.5,0,5,200,16,16,0.1,val,client_3,5,49,647,696,True,0.6762451503012333
Tox21,fedavg_proto,0.5,0,5,200,16,16,0.1,val,client_3,6,18,623,641,True,0.6307294453361868
Tox21,fedavg_proto,0.5,0,5,200,16,16,0.1,val,client_3,7,89,478,567,True,0.6510507263410277
Tox21,fedavg_proto,0.5,0,5,200,16,16,0.1,val,client_3,8,32,672,704,True,0.7499534970238096
Tox21,fedavg_proto,0.5,0,5,200,16,16,0.1,val,client_3,9,33,588,621,True,0.641465677179963
Tox21,fedavg_proto,0.5,0,5,200,16,16,0.1,val,client_3,10,103,474,577,True,0.7565441809020524
Tox21,fedavg_proto,0.5,0,5,200,16,16,0.1,val,client_3,11,42,627,669,True,0.6889952153110048
Tox21,fedavg_proto,0.5,0,5,200,16,16,0.1,test,server,0,33,701,734,True,0.47689447974754684
Tox21,fedavg_proto,0.5,0,5,200,16,16,0.1,test,server,1,25,664,689,True,0.44228915662650603
Tox21,fedavg_proto,0.5,0,5,200,16,16,0.1,test,server,2,65,590,655,True,0.806205997392438
Tox21,fedavg_proto,0.5,0,5,200,16,16,0.1,test,server,3,40,560,600,True,0.6598660714285713
Tox21,fedavg_proto,0.5,0,5,200,16,16,0.1,test,server,4,96,540,636,True,0.560570987654321
Tox21,fedavg_proto,0.5,0,5,200,16,16,0.1,test,server,5,37,651,688,True,0.5411632830987669
Tox21,fedavg_proto,0.5,0,5,200,16,16,0.1,test,server,6,17,637,654,True,0.41074891495059557
Tox21,fedavg_proto,0.5,0,5,200,16,16,0.1,test,server,7,111,482,593,True,0.5966505925012149
Tox21,fedavg_proto,0.5,0,5,200,16,16,0.1,test,server,8,24,685,709,True,0.6284063260340632
Tox21,fedavg_proto,0.5,0,5,200,16,16,0.1,test,server,9,39,600,639,True,0.6297863247863248
Tox21,fedavg_proto,0.5,0,5,200,16,16,0.1,test,server,10,98,502,600,True,0.6546467192454671
Tox21,fedavg_proto,0.5,0,5,200,16,16,0.1,test,server,11,35,636,671,True,0.5963611859838275
Tox21,fedavg_proto,0.5,0,5,200,16,16,0.1,test,client_0,0,33,701,734,True,0.4869234427009035
Tox21,fedavg_proto,0.5,0,5,200,16,16,0.1,test,client_0,1,25,664,689,True,0.4660843373493976
Tox21,fedavg_proto,0.5,0,5,200,16,16,0.1,test,client_0,2,65,590,655,True,0.812542372881356
Tox21,fedavg_proto,0.5,0,5,200,16,16,0.1,test,client_0,3,40,560,600,True,0.6582142857142856
Tox21,fedavg_proto,0.5,0,5,200,16,16,0.1,test,client_0,4,96,540,636,True,0.5706404320987654
Tox21,fedavg_proto,0.5,0,5,200,16,16,0.1,test,client_0,5,37,651,688,True,0.5544484576742641
Tox21,fedavg_proto,0.5,0,5,200,16,16,0.1,test,client_0,6,17,637,654,True,0.4287561178317481
Tox21,fedavg_proto,0.5,0,5,200,16,16,0.1,test,client_0,7,111,482,593,True,0.5958281933385667
Tox21,fedavg_proto,0.5,0,5,200,16,16,0.1,test,client_0,8,24,685,709,True,0.6251824817518248
Tox21,fedavg_proto,0.5,0,5,200,16,16,0.1,test,client_0,9,39,600,639,True,0.622008547008547
Tox21,fedavg_proto,0.5,0,5,200,16,16,0.1,test,client_0,10,98,502,600,True,0.6601349703227906
Tox21,fedavg_proto,0.5,0,5,200,16,16,0.1,test,client_0,11,35,636,671,True,0.5955974842767295
Tox21,fedavg_proto,0.5,0,5,200,16,16,0.1,test,client_1,0,33,701,734,True,0.4782777849824925
Tox21,fedavg_proto,0.5,0,5,200,16,16,0.1,test,client_1,1,25,664,689,True,0.42783132530120477
Tox21,fedavg_proto,0.5,0,5,200,16,16,0.1,test,client_1,2,65,590,655,True,0.807509778357236
Tox21,fedavg_proto,0.5,0,5,200,16,16,0.1,test,client_1,3,40,560,600,True,0.6447767857142856
Tox21,fedavg_proto,0.5,0,5,200,16,16,0.1,test,client_1,4,96,540,636,True,0.5694444444444445
Tox21,fedavg_proto,0.5,0,5,200,16,16,0.1,test,client_1,5,37,651,688,True,0.5460206750529331
Tox21,fedavg_proto,0.5,0,5,200,16,16,0.1,test,client_1,6,17,637,654,True,0.4036383784282945
Tox21,fedavg_proto,0.5,0,5,200,16,16,0.1,test,client_1,7,111,482,593,True,0.592519905797914
Tox21,fedavg_proto,0.5,0,5,200,16,16,0.1,test,client_1,8,24,685,709,True,0.6349148418491484
Tox21,fedavg_proto,0.5,0,5,200,16,16,0.1,test,client_1,9,39,600,639,True,0.6276495726495727
Tox21,fedavg_proto,0.5,0,5,200,16,16,0.1,test,client_1,10,98,502,600,True,0.6571469225140254
Tox21,fedavg_proto,0.5,0,5,200,16,16,0.1,test,client_1,11,35,636,671,True,0.5914195867026055
Tox21,fedavg_proto,0.5,0,5,200,16,16,0.1,test,client_2,0,33,701,734,True,0.4791855790429257
Tox21,fedavg_proto,0.5,0,5,200,16,16,0.1,test,client_2,1,25,664,689,True,0.4560843373493976
Tox21,fedavg_proto,0.5,0,5,200,16,16,0.1,test,client_2,2,65,590,655,True,0.8100912646675358
Tox21,fedavg_proto,0.5,0,5,200,16,16,0.1,test,client_2,3,40,560,600,True,0.6520982142857142
Tox21,fedavg_proto,0.5,0,5,200,16,16,0.1,test,client_2,4,96,540,636,True,0.564429012345679
Tox21,fedavg_proto,0.5,0,5,200,16,16,0.1,test,client_2,5,37,651,688,True,0.5443185120604476
Tox21,fedavg_proto,0.5,0,5,200,16,16,0.1,test,client_2,6,17,637,654,True,0.4222919937205652
Tox21,fedavg_proto,0.5,0,5,200,16,16,0.1,test,client_2,7,111,482,593,True,0.593024559829539
Tox21,fedavg_proto,0.5,0,5,200,16,16,0.1,test,client_2,8,24,685,709,True,0.6220194647201946
Tox21,fedavg_proto,0.5,0,5,200,16,16,0.1,test,client_2,9,39,600,639,True,0.6317521367521368
Tox21,fedavg_proto,0.5,0,5,200,16,16,0.1,test,client_2,10,98,502,600,True,0.6511505000406537
Tox21,fedavg_proto,0.5,0,5,200,16,16,0.1,test,client_2,11,35,636,671,True,0.5901617250673855
Tox21,fedavg_proto,0.5,0,5,200,16,16,0.1,test,client_3,0,33,701,734,True,0.48307612501621067
Tox21,fedavg_proto,0.5,0,5,200,16,16,0.1,test,client_3,1,25,664,689,True,0.4277710843373494
Tox21,fedavg_proto,0.5,0,5,200,16,16,0.1,test,client_3,2,65,590,655,True,0.8083441981747066
Tox21,fedavg_proto,0.5,0,5,200,16,16,0.1,test,client_3,3,40,560,600,True,0.6512053571428571
Tox21,fedavg_proto,0.5,0,5,200,16,16,0.1,test,client_3,4,96,540,636,True,0.5728973765432098
Tox21,fedavg_proto,0.5,0,5,200,16,16,0.1,test,client_3,5,37,651,688,True,0.5541993606509736
Tox21,fedavg_proto,0.5,0,5,200,16,16,0.1,test,client_3,6,17,637,654,True,0.3985594237695078
Tox21,fedavg_proto,0.5,0,5,200,16,16,0.1,test,client_3,7,111,482,593,True,0.5928750327090576
Tox21,fedavg_proto,0.5,0,5,200,16,16,0.1,test,client_3,8,24,685,709,True,0.6419708029197081
Tox21,fedavg_proto,0.5,0,5,200,16,16,0.1,test,client_3,9,39,600,639,True,0.6307264957264959
Tox21,fedavg_proto,0.5,0,5,200,16,16,0.1,test,client_3,10,98,502,600,True,0.6577160744775997
Tox21,fedavg_proto,0.5,0,5,200,16,16,0.1,test,client_3,11,35,636,671,True,0.6038634321653189
Tox21,fedavg_proto,0.5,0,6,200,16,16,0.1,val,server,0,27,706,733,True,0.472458293988039
Tox21,fedavg_proto,0.5,0,6,200,16,16,0.1,val,server,1,21,659,680,True,0.4992412746585736
Tox21,fedavg_proto,0.5,0,6,200,16,16,0.1,val,server,2,83,573,656,True,0.8177631993944363
Tox21,fedavg_proto,0.5,0,6,200,16,16,0.1,val,server,3,31,553,584,True,0.7354313714052382
Tox21,fedavg_proto,0.5,0,6,200,16,16,0.1,val,server,4,83,531,614,True,0.6614026728382456
Tox21,fedavg_proto,0.5,0,6,200,16,16,0.1,val,server,5,49,647,696,True,0.6761820647888213
Tox21,fedavg_proto,0.5,0,6,200,16,16,0.1,val,server,6,18,623,641,True,0.6369716425896201
Tox21,fedavg_proto,0.5,0,6,200,16,16,0.1,val,server,7,89,478,567,True,0.664731324338301
Tox21,fedavg_proto,0.5,0,6,200,16,16,0.1,val,server,8,32,672,704,True,0.771484375
Tox21,fedavg_proto,0.5,0,6,200,16,16,0.1,val,server,9,33,588,621,True,0.650381364667079
Tox21,fedavg_proto,0.5,0,6,200,16,16,0.1,val,server,10,103,474,577,True,0.7676252509114744
Tox21,fedavg_proto,0.5,0,6,200,16,16,0.1,val,server,11,42,627,669,True,0.698982304245462
Tox21,fedavg_proto,0.5,0,6,200,16,16,0.1,val,client_0,0,27,706,733,True,0.4710418633931382
Tox21,fedavg_proto,0.5,0,6,200,16,16,0.1,val,client_0,1,21,659,680,True,0.5031432907001951
Tox21,fedavg_proto,0.5,0,6,200,16,16,0.1,val,client_0,2,83,573,656,True,0.8204966462709478
Tox21,fedavg_proto,0.5,0,6,200,16,16,0.1,val,client_0,3,31,553,584,True,0.7272064399463337
Tox21,fedavg_proto,0.5,0,6,200,16,16,0.1,val,client_0,4,83,531,614,True,0.6582488144669072
Tox21,fedavg_proto,0.5,0,6,200,16,16,0.1,val,client_0,5,49,647,696,True,0.6771598902312084
Tox21,fedavg_proto,0.5,0,6,200,16,16,0.1,val,client_0,6,18,623,641,True,0.6359907258783664
Tox21,fedavg_proto,0.5,0,6,200,16,16,0.1,val,client_0,7,89,478,567,True,0.670513845141272
Tox21,fedavg_proto,0.5,0,6,200,16,16,0.1,val,client_0,8,32,672,704,True,0.7811569940476191
Tox21,fedavg_proto,0.5,0,6,200,16,16,0.1,val,client_0,9,33,588,621,True,0.6610492681921254
Tox21,fedavg_proto,0.5,0,6,200,16,16,0.1,val,client_0,10,103,474,577,True,0.7686084142394822
Tox21,fedavg_proto,0.5,0,6,200,16,16,0.1,val,client_0,11,42,627,669,True,0.7189564821143769
Tox21,fedavg_proto,0.5,0,6,200,16,16,0.1,val,client_1,0,27,706,733,True,0.4854160109117616
Tox21,fedavg_proto,0.5,0,6,200,16,16,0.1,val,client_1,1,21,659,680,True,0.5003974275597948
Tox21,fedavg_proto,0.5,0,6,200,16,16,0.1,val,client_1,2,83,573,656,True,0.8130742866754977
Tox21,fedavg_proto,0.5,0,6,200,16,16,0.1,val,client_1,3,31,553,584,True,0.7354897042524645
Tox21,fedavg_proto,0.5,0,6,200,16,16,0.1,val,client_1,4,83,531,614,True,0.6683683888094751
Tox21,fedavg_proto,0.5,0,6,200,16,16,0.1,val,client_1,5,49,647,696,True,0.6820805601993503
Tox21,fedavg_proto,0.5,0,6,200,16,16,0.1,val,client_1,6,18,623,641,True,0.6411628321740681
Tox21,fedavg_proto,0.5,0,6,200,16,16,0.1,val,client_1,7,89,478,567,True,0.658666729349819
Tox21,fedavg_proto,0.5,0,6,200,16,16,0.1,val,client_1,8,32,672,704,True,0.7660900297619048
Tox21,fedavg_proto,0.5,0,6,200,16,16,0.1,val,client_1,9,33,588,621,True,0.6517728303442589
Tox21,fedavg_proto,0.5,0,6,200,16,16,0.1,val,client_1,10,103,474,577,True,0.7693867518741552
Tox21,fedavg_proto,0.5,0,6,200,16,16,0.1,val,client_1,11,42,627,669,True,0.698792435634541
Tox21,fedavg_proto,0.5,0,6,200,16,16,0.1,val,client_2,0,27,706,733,True,0.4805371944182142
Tox21,fedavg_proto,0.5,0,6,200,16,16,0.1,val,client_2,1,21,659,680,True,0.5051665582773321
Tox21,fedavg_proto,0.5,0,6,200,16,16,0.1,val,client_2,2,83,573,656,True,0.80020605984146
Tox21,fedavg_proto,0.5,0,6,200,16,16,0.1,val,client_2,3,31,553,584,True,0.7111649069591087
Tox21,fedavg_proto,0.5,0,6,200,16,16,0.1,val,client_2,4,83,531,614,True,0.6573866085812174
Tox21,fedavg_proto,0.5,0,6,200,16,16,0.1,val,client_2,5,49,647,696,True,0.671766078919976
Tox21,fedavg_proto,0.5,0,6,200,16,16,0.1,val,client_2,6,18,623,641,True,0.6389334760121278
Tox21,fedavg_proto,0.5,0,6,200,16,16,0.1,val,client_2,7,89,478,567,True,0.6606647548305205
Tox21,fedavg_proto,0.5,0,6,200,16,16,0.1,val,client_2,8,32,672,704,True,0.7692057291666666
Tox21,fedavg_proto,0.5,0,6,200,16,16,0.1,val,client_2,9,33,588,621,True,0.6508451865594723
Tox21,fedavg_proto,0.5,0,6,200,16,16,0.1,val,client_2,10,103,474,577,True,0.7518741550940149
Tox21,fedavg_proto,0.5,0,6,200,16,16,0.1,val,client_2,11,42,627,669,True,0.6902863218652692
Tox21,fedavg_proto,0.5,0,6,200,16,16,0.1,val,client_3,0,27,706,733,True,0.4631728045325779
Tox21,fedavg_proto,0.5,0,6,200,16,16,0.1,val,client_3,1,21,659,680,True,0.4919430594696148
Tox21,fedavg_proto,0.5,0,6,200,16,16,0.1,val,client_3,2,83,573,656,True,0.826972812716836
Tox21,fedavg_proto,0.5,0,6,200,16,16,0.1,val,client_3,3,31,553,584,True,0.7499562503645802
Tox21,fedavg_proto,0.5,0,6,200,16,16,0.1,val,client_3,4,83,531,614,True,0.6694801806094435
Tox21,fedavg_proto,0.5,0,6,200,16,16,0.1,val,client_3,5,49,647,696,True,0.6766236633757058
Tox21,fedavg_proto,0.5,0,6,200,16,16,0.1,val,client_3,6,18,623,641,True,0.6369716425896201
Tox21,fedavg_proto,0.5,0,6,200,16,16,0.1,val,client_3,7,89,478,567,True,0.659583470452729
Tox21,fedavg_proto,0.5,0,6,200,16,16,0.1,val,client_3,8,32,672,704,True,0.7596726190476191
Tox21,fedavg_proto,0.5,0,6,200,16,16,0.1,val,client_3,9,33,588,621,True,0.6398680684394971
Tox21,fedavg_proto,0.5,0,6,200,16,16,0.1,val,client_3,10,103,474,577,True,0.7686801032321494
Tox21,fedavg_proto,0.5,0,6,200,16,16,0.1,val,client_3,11,42,627,669,True,0.7116275537328168
Tox21,fedavg_proto,0.5,0,6,200,16,16,0.1,test,server,0,33,701,734,True,0.4883067479358493
Tox21,fedavg_proto,0.5,0,6,200,16,16,0.1,test,server,1,25,664,689,True,0.4571686746987952
Tox21,fedavg_proto,0.5,0,6,200,16,16,0.1,test,server,2,65,590,655,True,0.8189569752281617
Tox21,fedavg_proto,0.5,0,6,200,16,16,0.1,test,server,3,40,560,600,True,0.6682142857142858
Tox21,fedavg_proto,0.5,0,6,200,16,16,0.1,test,server,4,96,540,636,True,0.5733024691358025
Tox21,fedavg_proto,0.5,0,6,200,16,16,0.1,test,server,5,37,651,688,True,0.5589322040934944
Tox21,fedavg_proto,0.5,0,6,200,16,16,0.1,test,server,6,17,637,654,True,0.42626281281743467
Tox21,fedavg_proto,0.5,0,6,200,16,16,0.1,test,server,7,111,482,593,True,0.6094538521924414
Tox21,fedavg_proto,0.5,0,6,200,16,16,0.1,test,server,8,24,685,709,True,0.6532846715328468
Tox21,fedavg_proto,0.5,0,6,200,16,16,0.1,test,server,9,39,600,639,True,0.641965811965812
Tox21,fedavg_proto,0.5,0,6,200,16,16,0.1,test,server,10,98,502,600,True,0.6704000325229693
Tox21,fedavg_proto,0.5,0,6,200,16,16,0.1,test,server,11,35,636,671,True,0.6183737646001797
Tox21,fedavg_proto,0.5,0,6,200,16,16,0.1,test,client_0,0,33,701,734,True,0.5059871179699995
Tox21,fedavg_proto,0.5,0,6,200,16,16,0.1,test,client_0,1,25,664,689,True,0.46536144578313254
Tox21,fedavg_proto,0.5,0,6,200,16,16,0.1,test,client_0,2,65,590,655,True,0.8307953063885267
Tox21,fedavg_proto,0.5,0,6,200,16,16,0.1,test,client_0,3,40,560,600,True,0.6783928571428571
Tox21,fedavg_proto,0.5,0,6,200,16,16,0.1,test,client_0,4,96,540,636,True,0.5803819444444445
Tox21,fedavg_proto,0.5,0,6,200,16,16,0.1,test,client_0,5,37,651,688,True,0.573130734421057
Tox21,fedavg_proto,0.5,0,6,200,16,16,0.1,test,client_0,6,17,637,654,True,0.4306030104349432
Tox21,fedavg_proto,0.5,0,6,200,16,16,0.1,test,client_0,7,111,482,593,True,0.6162760270644089
Tox21,fedavg_proto,0.5,0,6,200,16,16,0.1,test,client_0,8,24,685,709,True,0.6642335766423357
Tox21,fedavg_proto,0.5,0,6,200,16,16,0.1,test,client_0,9,39,600,639,True,0.6373076923076924
Tox21,fedavg_proto,0.5,0,6,200,16,16,0.1,test,client_0,10,98,502,600,True,0.6835718351085456
Tox21,fedavg_proto,0.5,0,6,200,16,16,0.1,test,client_0,11,35,636,671,True,0.6349056603773584
Tox21,fedavg_proto,0.5,0,6,200,16,16,0.1,test,client_1,0,33,701,734,True,0.4968659490770761
Tox21,fedavg_proto,0.5,0,6,200,16,16,0.1,test,client_1,1,25,664,689,True,0.44981927710843367
Tox21,fedavg_proto,0.5,0,6,200,16,16,0.1,test,client_1,2,65,590,655,True,0.8122294654498045
Tox21,fedavg_proto,0.5,0,6,200,16,16,0.1,test,client_1,3,40,560,600,True,0.6560714285714285
Tox21,fedavg_proto,0.5,0,6,200,16,16,0.1,test,client_1,4,96,540,636,True,0.5792438271604938
Tox21,fedavg_proto,0.5,0,6,200,16,16,0.1,test,client_1,5,37,651,688,True,0.5625025947606593
Tox21,fedavg_proto,0.5,0,6,200,16,16,0.1,test,client_1,6,17,637,654,True,0.42423123095392007
Tox21,fedavg_proto,0.5,0,6,200,16,16,0.1,test,client_1,7,111,482,593,True,0.6107061418264739
Tox21,fedavg_proto,0.5,0,6,200,16,16,0.1,test,client_1,8,24,685,709,True,0.6633819951338199
Tox21,fedavg_proto,0.5,0,6,200,16,16,0.1,test,client_1,9,39,600,639,True,0.6430769230769231
Tox21,fedavg_proto,0.5,0,6,200,16,16,0.1,test,client_1,10,98,502,600,True,0.6743434425563053
Tox21,fedavg_proto,0.5,0,6,200,16,16,0.1,test,client_1,11,35,636,671,True,0.6172955974842768
Tox21,fedavg_proto,0.5,0,6,200,16,16,0.1,test,client_2,0,33,701,734,True,0.4899926511909394
Tox21,fedavg_proto,0.5,0,6,200,16,16,0.1,test,client_2,1,25,664,689,True,0.47433734939759037
Tox21,fedavg_proto,0.5,0,6,200,16,16,0.1,test,client_2,2,65,590,655,True,0.8139765319426336
Tox21,fedavg_proto,0.5,0,6,200,16,16,0.1,test,client_2,3,40,560,600,True,0.6537499999999999
Tox21,fedavg_proto,0.5,0,6,200,16,16,0.1,test,client_2,4,96,540,636,True,0.5684992283950617
Tox21,fedavg_proto,0.5,0,6,200,16,16,0.1,test,client_2,5,37,651,688,True,0.5493419686968074
Tox21,fedavg_proto,0.5,0,6,200,16,16,0.1,test,client_2,6,17,637,654,True,0.4263551574475944
Tox21,fedavg_proto,0.5,0,6,200,16,16,0.1,test,client_2,7,111,482,593,True,0.6025942955403537
Tox21,fedavg_proto,0.5,0,6,200,16,16,0.1,test,client_2,8,24,685,709,True,0.6322384428223844
Tox21,fedavg_proto,0.5,0,6,200,16,16,0.1,test,client_2,9,39,600,639,True,0.6349572649572649
Tox21,fedavg_proto,0.5,0,6,200,16,16,0.1,test,client_2,10,98,502,600,True,0.6521668428327506
Tox21,fedavg_proto,0.5,0,6,200,16,16,0.1,test,client_2,11,35,636,671,True,0.6011230907457322
Tox21,fedavg_proto,0.5,0,6,200,16,16,0.1,test,client_3,0,33,701,734,True,0.4911598149829248
Tox21,fedavg_proto,0.5,0,6,200,16,16,0.1,test,client_3,1,25,664,689,True,0.4480722891566265
Tox21,fedavg_proto,0.5,0,6,200,16,16,0.1,test,client_3,2,65,590,655,True,0.8207561929595829
Tox21,fedavg_proto,0.5,0,6,200,16,16,0.1,test,client_3,3,40,560,600,True,0.6637500000000001
Tox21,fedavg_proto,0.5,0,6,200,16,16,0.1,test,client_3,4,96,540,636,True,0.5810763888888888
Tox21,fedavg_proto,0.5,0,6,200,16,16,0.1,test,client_3,5,37,651,688,True,0.5784863204218044
Tox21,fedavg_proto,0.5,0,6,200,16,16,0.1,test,client_3,6,17,637,654,True,0.4117647058823529
Tox21,fedavg_proto,0.5,0,6,200,16,16,0.1,test,client_3,7,111,482,593,True,0.6085379985794923
Tox21,fedavg_proto,0.5,0,6,200,16,16,0.1,test,client_3,8,24,685,709,True,0.6805352798053529
Tox21,fedavg_proto,0.5,0,6,200,16,16,0.1,test,client_3,9,39,600,639,True,0.6482051282051282
Tox21,fedavg_proto,0.5,0,6,200,16,16,0.1,test,client_3,10,98,502,600,True,0.6839986990812261
Tox21,fedavg_proto,0.5,0,6,200,16,16,0.1,test,client_3,11,35,636,671,True,0.6378706199460916
Tox21,fedavg_proto,0.5,0,7,200,16,16,0.1,val,server,0,27,706,733,True,0.4938096736963592
Tox21,fedavg_proto,0.5,0,7,200,16,16,0.1,val,server,1,21,659,680,True,0.5313245176674615
Tox21,fedavg_proto,0.5,0,7,200,16,16,0.1,val,server,2,83,573,656,True,0.831766858007948
Tox21,fedavg_proto,0.5,0,7,200,16,16,0.1,val,server,3,31,553,584,True,0.7528145598786676
Tox21,fedavg_proto,0.5,0,7,200,16,16,0.1,val,server,4,83,531,614,True,0.6741996233521658
Tox21,fedavg_proto,0.5,0,7,200,16,16,0.1,val,server,5,49,647,696,True,0.691984985648046
Tox21,fedavg_proto,0.5,0,7,200,16,16,0.1,val,server,6,18,623,641,True,0.6474050294275014
Tox21,fedavg_proto,0.5,0,7,200,16,16,0.1,val,server,7,89,478,567,True,0.6844530111419302
Tox21,fedavg_proto,0.5,0,7,200,16,16,0.1,val,server,8,32,672,704,True,0.7933407738095237
Tox21,fedavg_proto,0.5,0,7,200,16,16,0.1,val,server,9,33,588,621,True,0.6645021645021646
Tox21,fedavg_proto,0.5,0,7,200,16,16,0.1,val,server,10,103,474,577,True,0.7818606365982548
Tox21,fedavg_proto,0.5,0,7,200,16,16,0.1,val,server,11,42,627,669,True,0.7401458190931876
Tox21,fedavg_proto,0.5,0,7,200,16,16,0.1,val,client_0,0,27,706,733,True,0.482950372468786
Tox21,fedavg_proto,0.5,0,7,200,16,16,0.1,val,client_0,1,21,659,680,True,0.5263386082809451
Tox21,fedavg_proto,0.5,0,7,200,16,16,0.1,val,client_0,2,83,573,656,True,0.8372547782754052
Tox21,fedavg_proto,0.5,0,7,200,16,16,0.1,val,client_0,3,31,553,584,True,0.7427813101557487
Tox21,fedavg_proto,0.5,0,7,200,16,16,0.1,val,client_0,4,83,531,614,True,0.6678919066094888
Tox21,fedavg_proto,0.5,0,7,200,16,16,0.1,val,client_0,5,49,647,696,True,0.6858656909440748
Tox21,fedavg_proto,0.5,0,7,200,16,16,0.1,val,client_0,6,18,623,641,True,0.6444622792937399
Tox21,fedavg_proto,0.5,0,7,200,16,16,0.1,val,client_0,7,89,478,567,True,0.6830191340322506
Tox21,fedavg_proto,0.5,0,7,200,16,16,0.1,val,client_0,8,32,672,704,True,0.7931082589285715
Tox21,fedavg_proto,0.5,0,7,200,16,16,0.1,val,client_0,9,33,588,621,True,0.6688311688311689
Tox21,fedavg_proto,0.5,0,7,200,16,16,0.1,val,client_0,10,103,474,577,True,0.7776821924542214
Tox21,fedavg_proto,0.5,0,7,200,16,16,0.1,val,client_0,11,42,627,669,True,0.7429179008126376
Tox21,fedavg_proto,0.5,0,7,200,16,16,0.1,val,client_1,0,27,706,733,True,0.5135347812401636
Tox21,fedavg_proto,0.5,0,7,200,16,16,0.1,val,client_1,1,21,659,680,True,0.521858515788713
Tox21,fedavg_proto,0.5,0,7,200,16,16,0.1,val,client_1,2,83,573,656,True,0.8185832334573898
Tox21,fedavg_proto,0.5,0,7,200,16,16,0.1,val,client_1,3,31,553,584,True,0.7533395555037041
Tox21,fedavg_proto,0.5,0,7,200,16,16,0.1,val,client_1,4,83,531,614,True,0.6794636171805868
Tox21,fedavg_proto,0.5,0,7,200,16,16,0.1,val,client_1,5,49,647,696,True,0.7001545595054095
Tox21,fedavg_proto,0.5,0,7,200,16,16,0.1,val,client_1,6,18,623,641,True,0.64446227929374
Tox21,fedavg_proto,0.5,0,7,200,16,16,0.1,val,client_1,7,89,478,567,True,0.6765549339476282
Tox21,fedavg_proto,0.5,0,7,200,16,16,0.1,val,client_1,8,32,672,704,True,0.7886439732142857
Tox21,fedavg_proto,0.5,0,7,200,16,16,0.1,val,client_1,9,33,588,621,True,0.6725417439703154
Tox21,fedavg_proto,0.5,0,7,200,16,16,0.1,val,client_1,10,103,474,577,True,0.7860800458809554
Tox21,fedavg_proto,0.5,0,7,200,16,16,0.1,val,client_1,11,42,627,669,True,0.7360826308194729
Tox21,fedavg_proto,0.5,0,7,200,16,16,0.1,val,client_2,0,27,706,733,True,0.49685237645577585
Tox21,fedavg_proto,0.5,0,7,200,16,16,0.1,val,client_2,1,21,659,680,True,0.5399234048702941
Tox21,fedavg_proto,0.5,0,7,200,16,16,0.1,val,client_2,2,83,573,656,True,0.8286759603860469
Tox21,fedavg_proto,0.5,0,7,200,16,16,0.1,val,client_2,3,31,553,584,True,0.7416146532112232
Tox21,fedavg_proto,0.5,0,7,200,16,16,0.1,val,client_2,4,83,531,614,True,0.6735643137521838
Tox21,fedavg_proto,0.5,0,7,200,16,16,0.1,val,client_2,5,49,647,696,True,0.6902185913005079
Tox21,fedavg_proto,0.5,0,7,200,16,16,0.1,val,client_2,6,18,623,641,True,0.6527554842161584
Tox21,fedavg_proto,0.5,0,7,200,16,16,0.1,val,client_2,7,89,478,567,True,0.6839828874994125
Tox21,fedavg_proto,0.5,0,7,200,16,16,0.1,val,client_2,8,32,672,704,True,0.7918061755952381
Tox21,fedavg_proto,0.5,0,7,200,16,16,0.1,val,client_2,9,33,588,621,True,0.6563595135023707
Tox21,fedavg_proto,0.5,0,7,200,16,16,0.1,val,client_2,10,103,474,577,True,0.7758387612142068
Tox21,fedavg_proto,0.5,0,7,200,16,16,0.1,val,client_2,11,42,627,669,True,0.732892838155996
Tox21,fedavg_proto,0.5,0,7,200,16,16,0.1,val,client_3,0,27,706,733,True,0.47628790263351173
Tox21,fedavg_proto,0.5,0,7,200,16,16,0.1,val,client_3,1,21,659,680,True,0.5109473227834381
Tox21,fedavg_proto,0.5,0,7,200,16,16,0.1,val,client_3,2,83,573,656,True,0.8296431800500432
Tox21,fedavg_proto,0.5,0,7,200,16,16,0.1,val,client_3,3,31,553,584,True,0.7600478329347257
Tox21,fedavg_proto,0.5,0,7,200,16,16,0.1,val,client_3,4,83,531,614,True,0.6739500374378873
Tox21,fedavg_proto,0.5,0,7,200,16,16,0.1,val,client_3,5,49,647,696,True,0.6844462669148029
Tox21,fedavg_proto,0.5,0,7,200,16,16,0.1,val,client_3,6,18,623,641,True,0.6487426431246657
Tox21,fedavg_proto,0.5,0,7,200,16,16,0.1,val,client_3,7,89,478,567,True,0.6750270321094448
Tox21,fedavg_proto,0.5,0,7,200,16,16,0.1,val,client_3,8,32,672,704,True,0.7790643601190477
Tox21,fedavg_proto,0.5,0,7,200,16,16,0.1,val,client_3,9,33,588,621,True,0.6580601937744796
Tox21,fedavg_proto,0.5,0,7,200,16,16,0.1,val,client_3,10,103,474,577,True,0.7793412805702348
Tox21,fedavg_proto,0.5,0,7,200,16,16,0.1,val,client_3,11,42,627,669,True,0.7371079213184476
Tox21,fedavg_proto,0.5,0,7,200,16,16,0.1,test,server,0,33,701,734,True,0.5297626766956296
Tox21,fedavg_proto,0.5,0,7,200,16,16,0.1,test,server,1,25,664,689,True,0.4953012048192771
Tox21,fedavg_proto,0.5,0,7,200,16,16,0.1,test,server,2,65,590,655,True,0.831942633637549
Tox21,fedavg_proto,0.5,0,7,200,16,16,0.1,test,server,3,40,560,600,True,0.6790848214285714
Tox21,fedavg_proto,0.5,0,7,200,16,16,0.1,test,server,4,96,540,636,True,0.5919753086419753
Tox21,fedavg_proto,0.5,0,7,200,16,16,0.1,test,server,5,37,651,688,True,0.5882841366712336
Tox21,fedavg_proto,0.5,0,7,200,16,16,0.1,test,server,6,17,637,654,True,0.446209252931942
Tox21,fedavg_proto,0.5,0,7,200,16,16,0.1,test,server,7,111,482,593,True,0.6354902620462787
Tox21,fedavg_proto,0.5,0,7,200,16,16,0.1,test,server,8,24,685,709,True,0.6888686131386861
Tox21,fedavg_proto,0.5,0,7,200,16,16,0.1,test,server,9,39,600,639,True,0.6515811965811966
Tox21,fedavg_proto,0.5,0,7,200,16,16,0.1,test,server,10,98,502,600,True,0.6933490527685177
Tox21,fedavg_proto,0.5,0,7,200,16,16,0.1,test,server,11,35,636,671,True,0.6611859838274933
Tox21,fedavg_proto,0.5,0,7,200,16,16,0.1,test,client_0,0,33,701,734,True,0.5312324385077595
Tox21,fedavg_proto,0.5,0,7,200,16,16,0.1,test,client_0,1,25,664,689,True,0.492289156626506
Tox21,fedavg_proto,0.5,0,7,200,16,16,0.1,test,client_0,2,65,590,655,True,0.8405215123859191
Tox21,fedavg_proto,0.5,0,7,200,16,16,0.1,test,client_0,3,40,560,600,True,0.6854017857142857
Tox21,fedavg_proto,0.5,0,7,200,16,16,0.1,test,client_0,4,96,540,636,True,0.5912229938271605
Tox21,fedavg_proto,0.5,0,7,200,16,16,0.1,test,client_0,5,37,651,688,True,0.5967949516336613
Tox21,fedavg_proto,0.5,0,7,200,16,16,0.1,test,client_0,6,17,637,654,True,0.45073413980977006
Tox21,fedavg_proto,0.5,0,7,200,16,16,0.1,test,client_0,7,111,482,593,True,0.6338080819408621
Tox21,fedavg_proto,0.5,0,7,200,16,16,0.1,test,client_0,8,24,685,709,True,0.6871654501216545
Tox21,fedavg_proto,0.5,0,7,200,16,16,0.1,test,client_0,9,39,600,639,True,0.6454700854700854
Tox21,fedavg_proto,0.5,0,7,200,16,16,0.1,test,client_0,10,98,502,600,True,0.7020286202130255
Tox21,fedavg_proto,0.5,0,7,200,16,16,0.1,test,client_0,11,35,636,671,True,0.6716082659478886
Tox21,fedavg_proto,0.5,0,7,200,16,16,0.1,test,client_1,0,33,701,734,True,0.5404400639778671
Tox21,fedavg_proto,0.5,0,7,200,16,16,0.1,test,client_1,1,25,664,689,True,0.483855421686747
Tox21,fedavg_proto,0.5,0,7,200,16,16,0.1,test,client_1,2,65,590,655,True,0.8214863102998696
Tox21,fedavg_proto,0.5,0,7,200,16,16,0.1,test,client_1,3,40,560,600,True,0.6668303571428571
Tox21,fedavg_proto,0.5,0,7,200,16,16,0.1,test,client_1,4,96,540,636,True,0.5966242283950617
Tox21,fedavg_proto,0.5,0,7,200,16,16,0.1,test,client_1,5,37,651,688,True,0.587744426454104
Tox21,fedavg_proto,0.5,0,7,200,16,16,0.1,test,client_1,6,17,637,654,True,0.4433465693969896
Tox21,fedavg_proto,0.5,0,7,200,16,16,0.1,test,client_1,7,111,482,593,True,0.637452805502598
Tox21,fedavg_proto,0.5,0,7,200,16,16,0.1,test,client_1,8,24,685,709,True,0.6916666666666667
Tox21,fedavg_proto,0.5,0,7,200,16,16,0.1,test,client_1,9,39,600,639,True,0.6557264957264958
Tox21,fedavg_proto,0.5,0,7,200,16,16,0.1,test,client_1,10,98,502,600,True,0.6911537523375884
Tox21,fedavg_proto,0.5,0,7,200,16,16,0.1,test,client_1,11,35,636,671,True,0.6547619047619047
Tox21,fedavg_proto,0.5,0,7,200,16,16,0.1,test,client_2,0,33,701,734,True,0.526909609648554
Tox21,fedavg_proto,0.5,0,7,200,16,16,0.1,test,client_2,1,25,664,689,True,0.5113855421686746
Tox21,fedavg_proto,0.5,0,7,200,16,16,0.1,test,client_2,2,65,590,655,True,0.8338983050847458
Tox21,fedavg_proto,0.5,0,7,200,16,16,0.1,test,client_2,3,40,560,600,True,0.6791964285714286
Tox21,fedavg_proto,0.5,0,7,200,16,16,0.1,test,client_2,4,96,540,636,True,0.5920331790123456
Tox21,fedavg_proto,0.5,0,7,200,16,16,0.1,test,client_2,5,37,651,688,True,0.5849628430273591
Tox21,fedavg_proto,0.5,0,7,200,16,16,0.1,test,client_2,6,17,637,654,True,0.4523963431526457
Tox21,fedavg_proto,0.5,0,7,200,16,16,0.1,test,client_2,7,111,482,593,True,0.6338267728309223
Tox21,fedavg_proto,0.5,0,7,200,16,16,0.1,test,client_2,8,24,685,709,True,0.6780413625304136
Tox21,fedavg_proto,0.5,0,7,200,16,16,0.1,test,client_2,9,39,600,639,True,0.6552136752136752
Tox21,fedavg_proto,0.5,0,7,200,16,16,0.1,test,client_2,10,98,502,600,True,0.6819050329295065
Tox21,fedavg_proto,0.5,0,7,200,16,16,0.1,test,client_2,11,35,636,671,True,0.6553009883198563
Tox21,fedavg_proto,0.5,0,7,200,16,16,0.1,test,client_3,0,33,701,734,True,0.5132926987420569
Tox21,fedavg_proto,0.5,0,7,200,16,16,0.1,test,client_3,1,25,664,689,True,0.4705722891566265
Tox21,fedavg_proto,0.5,0,7,200,16,16,0.1,test,client_3,2,65,590,655,True,0.8234419817470665
Tox21,fedavg_proto,0.5,0,7,200,16,16,0.1,test,client_3,3,40,560,600,True,0.6760267857142856
Tox21,fedavg_proto,0.5,0,7,200,16,16,0.1,test,client_3,4,96,540,636,True,0.5866512345679012
Tox21,fedavg_proto,0.5,0,7,200,16,16,0.1,test,client_3,5,37,651,688,True,0.5852119400506498
Tox21,fedavg_proto,0.5,0,7,200,16,16,0.1,test,client_3,6,17,637,654,True,0.4279250161603103
Tox21,fedavg_proto,0.5,0,7,200,16,16,0.1,test,client_3,7,111,482,593,True,0.6286867780643715
Tox21,fedavg_proto,0.5,0,7,200,16,16,0.1,test,client_3,8,24,685,709,True,0.6925182481751825
Tox21,fedavg_proto,0.5,0,7,200,16,16,0.1,test,client_3,9,39,600,639,True,0.6489743589743591
Tox21,fedavg_proto,0.5,0,7,200,16,16,0.1,test,client_3,10,98,502,600,True,0.6921497682738433
Tox21,fedavg_proto,0.5,0,7,200,16,16,0.1,test,client_3,11,35,636,671,True,0.6637017070979335
Tox21,fedavg_proto,0.5,0,8,200,16,16,0.1,val,server,0,27,706,733,True,0.516839785961599
Tox21,fedavg_proto,0.5,0,8,200,16,16,0.1,val,server,1,21,659,680,True,0.5606618975359491
Tox21,fedavg_proto,0.5,0,8,200,16,16,0.1,val,server,2,83,573,656,True,0.8397779600075695
Tox21,fedavg_proto,0.5,0,8,200,16,16,0.1,val,server,3,31,553,584,True,0.7615061541153825
Tox21,fedavg_proto,0.5,0,8,200,16,16,0.1,val,server,4,83,531,614,True,0.6833662332947609
Tox21,fedavg_proto,0.5,0,8,200,16,16,0.1,val,server,5,49,647,696,True,0.7021417531463899
Tox21,fedavg_proto,0.5,0,8,200,16,16,0.1,val,server,6,18,623,641,True,0.6493668628500089
Tox21,fedavg_proto,0.5,0,8,200,16,16,0.1,val,server,7,89,478,567,True,0.6950542992807107
Tox21,fedavg_proto,0.5,0,8,200,16,16,0.1,val,server,8,32,672,704,True,0.7991071428571428
Tox21,fedavg_proto,0.5,0,8,200,16,16,0.1,val,server,9,33,588,621,True,0.6693465264893836
Tox21,fedavg_proto,0.5,0,8,200,16,16,0.1,val,server,10,103,474,577,True,0.7897464257916513
Tox21,fedavg_proto,0.5,0,8,200,16,16,0.1,val,server,11,42,627,669,True,0.7613731297941824
Tox21,fedavg_proto,0.5,0,8,200,16,16,0.1,val,client_0,0,27,706,733,True,0.520197251075438
Tox21,fedavg_proto,0.5,0,8,200,16,16,0.1,val,client_0,1,21,659,680,True,0.5660813642604234
Tox21,fedavg_proto,0.5,0,8,200,16,16,0.1,val,client_0,2,83,573,656,True,0.8440253159233794
Tox21,fedavg_proto,0.5,0,8,200,16,16,0.1,val,client_0,3,31,553,584,True,0.7547978766843608
Tox21,fedavg_proto,0.5,0,8,200,16,16,0.1,val,client_0,4,83,531,614,True,0.6779887913234861
Tox21,fedavg_proto,0.5,0,8,200,16,16,0.1,val,client_0,5,49,647,696,True,0.6968741128599817
Tox21,fedavg_proto,0.5,0,8,200,16,16,0.1,val,client_0,6,18,623,641,True,0.6440164080613519
Tox21,fedavg_proto,0.5,0,8,200,16,16,0.1,val,client_0,7,89,478,567,True,0.6948662498237038
Tox21,fedavg_proto,0.5,0,8,200,16,16,0.1,val,client_0,8,32,672,704,True,0.8013392857142857
Tox21,fedavg_proto,0.5,0,8,200,16,16,0.1,val,client_0,9,33,588,621,True,0.6788806431663574
Tox21,fedavg_proto,0.5,0,8,200,16,16,0.1,val,client_0,10,103,474,577,True,0.7863053541436238
Tox21,fedavg_proto,0.5,0,8,200,16,16,0.1,val,client_0,11,42,627,669,True,0.7680565048986102
Tox21,fedavg_proto,0.5,0,8,200,16,16,0.1,val,client_1,0,27,706,733,True,0.5366173538978072
Tox21,fedavg_proto,0.5,0,8,200,16,16,0.1,val,client_1,1,21,659,680,True,0.551268155213527
Tox21,fedavg_proto,0.5,0,8,200,16,16,0.1,val,client_1,2,83,573,656,True,0.8253537711053639
Tox21,fedavg_proto,0.5,0,8,200,16,16,0.1,val,client_1,3,31,553,584,True,0.7595228373096891
Tox21,fedavg_proto,0.5,0,8,200,16,16,0.1,val,client_1,4,83,531,614,True,0.6896512604088672
Tox21,fedavg_proto,0.5,0,8,200,16,16,0.1,val,client_1,5,49,647,696,True,0.7142226287733022
Tox21,fedavg_proto,0.5,0,8,200,16,16,0.1,val,client_1,6,18,623,641,True,0.6426787943641876
Tox21,fedavg_proto,0.5,0,8,200,16,16,0.1,val,client_1,7,89,478,567,True,0.6934793850782756
Tox21,fedavg_proto,0.5,0,8,200,16,16,0.1,val,client_1,8,32,672,704,True,0.7941313244047619
Tox21,fedavg_proto,0.5,0,8,200,16,16,0.1,val,client_1,9,33,588,621,True,0.6781076066790354
Tox21,fedavg_proto,0.5,0,8,200,16,16,0.1,val,client_1,10,103,474,577,True,0.7952972020810289
Tox21,fedavg_proto,0.5,0,8,200,16,16,0.1,val,client_1,11,42,627,669,True,0.7489936963621174
Tox21,fedavg_proto,0.5,0,8,200,16,16,0.1,val,client_2,0,27,706,733,True,0.5145315286958346
Tox21,fedavg_proto,0.5,0,8,200,16,16,0.1,val,client_2,1,21,659,680,True,0.5739576558999928
Tox21,fedavg_proto,0.5,0,8,200,16,16,0.1,val,client_2,2,83,573,656,True,0.8385163691414874
Tox21,fedavg_proto,0.5,0,8,200,16,16,0.1,val,client_2,3,31,553,584,True,0.7573645219623171
Tox21,fedavg_proto,0.5,0,8,200,16,16,0.1,val,client_2,4,83,531,614,True,0.6848637487804324
Tox21,fedavg_proto,0.5,0,8,200,16,16,0.1,val,client_2,5,49,647,696,True,0.6994606188688768
Tox21,fedavg_proto,0.5,0,8,200,16,16,0.1,val,client_2,6,18,623,641,True,0.653290529695024
Tox21,fedavg_proto,0.5,0,8,200,16,16,0.1,val,client_2,7,89,478,567,True,0.7003196840769121
Tox21,fedavg_proto,0.5,0,8,200,16,16,0.1,val,client_2,8,32,672,704,True,0.7990141369047619
Tox21,fedavg_proto,0.5,0,8,200,16,16,0.1,val,client_2,9,33,588,621,True,0.6689342403628118
Tox21,fedavg_proto,0.5,0,8,200,16,16,0.1,val,client_2,10,103,474,577,True,0.7806726475769119
Tox21,fedavg_proto,0.5,0,8,200,16,16,0.1,val,client_2,11,42,627,669,True,0.7645629224576593
Tox21,fedavg_proto,0.5,0,8,200,16,16,0.1,val,client_3,0,27,706,733,True,0.5015213513797083
Tox21,fedavg_proto,0.5,0,8,200,16,16,0.1,val,client_3,1,21,659,680,True,0.5410072982151889
Tox21,fedavg_proto,0.5,0,8,200,16,16,0.1,val,client_3,2,83,573,656,True,0.8338484829369835
Tox21,fedavg_proto,0.5,0,8,200,16,16,0.1,val,client_3,3,31,553,584,True,0.7624978125182291
Tox21,fedavg_proto,0.5,0,8,200,16,16,0.1,val,client_3,4,83,531,614,True,0.6801896852948517
Tox21,fedavg_proto,0.5,0,8,200,16,16,0.1,val,client_3,5,49,647,696,True,0.6958332019051824
Tox21,fedavg_proto,0.5,0,8,200,16,16,0.1,val,client_3,6,18,623,641,True,0.6507044765471732
Tox21,fedavg_proto,0.5,0,8,200,16,16,0.1,val,client_3,7,89,478,567,True,0.6875088148182972
Tox21,fedavg_proto,0.5,0,8,200,16,16,0.1,val,client_3,8,32,672,704,True,0.7926897321428572
Tox21,fedavg_proto,0.5,0,8,200,16,16,0.1,val,client_3,9,33,588,621,True,0.6643990929705217
Tox21,fedavg_proto,0.5,0,8,200,16,16,0.1,val,client_3,10,103,474,577,True,0.7886813321863094
Tox21,fedavg_proto,0.5,0,8,200,16,16,0.1,val,client_3,11,42,627,669,True,0.7563605984658617
Tox21,fedavg_proto,0.5,0,8,200,16,16,0.1,test,server,0,33,701,734,True,0.5594172826697791
Tox21,fedavg_proto,0.5,0,8,200,16,16,0.1,test,server,1,25,664,689,True,0.5375903614457831
Tox21,fedavg_proto,0.5,0,8,200,16,16,0.1,test,server,2,65,590,655,True,0.8382790091264667
Tox21,fedavg_proto,0.5,0,8,200,16,16,0.1,test,server,3,40,560,600,True,0.6887500000000001
Tox21,fedavg_proto,0.5,0,8,200,16,16,0.1,test,server,4,96,540,636,True,0.6016975308641975
Tox21,fedavg_proto,0.5,0,8,200,16,16,0.1,test,server,5,37,651,688,True,0.6058039606426703
Tox21,fedavg_proto,0.5,0,8,200,16,16,0.1,test,server,6,17,637,654,True,0.46458583433373346
Tox21,fedavg_proto,0.5,0,8,200,16,16,0.1,test,server,7,111,482,593,True,0.6541811521064634
Tox21,fedavg_proto,0.5,0,8,200,16,16,0.1,test,server,8,24,685,709,True,0.703771289537713
Tox21,fedavg_proto,0.5,0,8,200,16,16,0.1,test,server,9,39,600,639,True,0.6633333333333333
Tox21,fedavg_proto,0.5,0,8,200,16,16,0.1,test,server,10,98,502,600,True,0.705829742255468
Tox21,fedavg_proto,0.5,0,8,200,16,16,0.1,test,server,11,35,636,671,True,0.6896675651392631
Tox21,fedavg_proto,0.5,0,8,200,16,16,0.1,test,client_0,0,33,701,734,True,0.5709592357238578
Tox21,fedavg_proto,0.5,0,8,200,16,16,0.1,test,client_0,1,25,664,689,True,0.5418072289156626
Tox21,fedavg_proto,0.5,0,8,200,16,16,0.1,test,client_0,2,65,590,655,True,0.8433376792698827
Tox21,fedavg_proto,0.5,0,8,200,16,16,0.1,test,client_0,3,40,560,600,True,0.6908482142857143
Tox21,fedavg_proto,0.5,0,8,200,16,16,0.1,test,client_0,4,96,540,636,True,0.6049575617283951
Tox21,fedavg_proto,0.5,0,8,200,16,16,0.1,test,client_0,5,37,651,688,True,0.6116577406899988
Tox21,fedavg_proto,0.5,0,8,200,16,16,0.1,test,client_0,6,17,637,654,True,0.4664327269369286
Tox21,fedavg_proto,0.5,0,8,200,16,16,0.1,test,client_0,7,111,482,593,True,0.651620500168218
Tox21,fedavg_proto,0.5,0,8,200,16,16,0.1,test,client_0,8,24,685,709,True,0.697323600973236
Tox21,fedavg_proto,0.5,0,8,200,16,16,0.1,test,client_0,9,39,600,639,True,0.6558547008547009
Tox21,fedavg_proto,0.5,0,8,200,16,16,0.1,test,client_0,10,98,502,600,True,0.708451906659078
Tox21,fedavg_proto,0.5,0,8,200,16,16,0.1,test,client_0,11,35,636,671,True,0.6942048517520214
Tox21,fedavg_proto,0.5,0,8,200,16,16,0.1,test,client_1,0,33,701,734,True,0.5557428781394544
Tox21,fedavg_proto,0.5,0,8,200,16,16,0.1,test,client_1,1,25,664,689,True,0.5271686746987951
Tox21,fedavg_proto,0.5,0,8,200,16,16,0.1,test,client_1,2,65,590,655,True,0.8295176010430249
Tox21,fedavg_proto,0.5,0,8,200,16,16,0.1,test,client_1,3,40,560,600,True,0.6754017857142857
Tox21,fedavg_proto,0.5,0,8,200,16,16,0.1,test,client_1,4,96,540,636,True,0.6021604938271604
Tox21,fedavg_proto,0.5,0,8,200,16,16,0.1,test,client_1,5,37,651,688,True,0.5982895337734048
Tox21,fedavg_proto,0.5,0,8,200,16,16,0.1,test,client_1,6,17,637,654,True,0.4653245913750116
Tox21,fedavg_proto,0.5,0,8,200,16,16,0.1,test,client_1,7,111,482,593,True,0.6549848603790512
Tox21,fedavg_proto,0.5,0,8,200,16,16,0.1,test,client_1,8,24,685,709,True,0.6998175182481752
Tox21,fedavg_proto,0.5,0,8,200,16,16,0.1,test,client_1,9,39,600,639,True,0.6668376068376068
Tox21,fedavg_proto,0.5,0,8,200,16,16,0.1,test,client_1,10,98,502,600,True,0.7010732579884544
Tox21,fedavg_proto,0.5,0,8,200,16,16,0.1,test,client_1,11,35,636,671,True,0.6742587601078167
Tox21,fedavg_proto,0.5,0,8,200,16,16,0.1,test,client_2,0,33,701,734,True,0.5689707344486232
Tox21,fedavg_proto,0.5,0,8,200,16,16,0.1,test,client_2,1,25,664,689,True,0.569156626506024
Tox21,fedavg_proto,0.5,0,8,200,16,16,0.1,test,client_2,2,65,590,655,True,0.8346805736636246
Tox21,fedavg_proto,0.5,0,8,200,16,16,0.1,test,client_2,3,40,560,600,True,0.6911607142857141
Tox21,fedavg_proto,0.5,0,8,200,16,16,0.1,test,client_2,4,96,540,636,True,0.6016203703703704
Tox21,fedavg_proto,0.5,0,8,200,16,16,0.1,test,client_2,5,37,651,688,True,0.6068003487358327
Tox21,fedavg_proto,0.5,0,8,200,16,16,0.1,test,client_2,6,17,637,654,True,0.475759534583064
Tox21,fedavg_proto,0.5,0,8,200,16,16,0.1,test,client_2,7,111,482,593,True,0.6612649994392734
Tox21,fedavg_proto,0.5,0,8,200,16,16,0.1,test,client_2,8,24,685,709,True,0.7008515815085157
Tox21,fedavg_proto,0.5,0,8,200,16,16,0.1,test,client_2,9,39,600,639,True,0.6685897435897435
Tox21,fedavg_proto,0.5,0,8,200,16,16,0.1,test,client_2,10,98,502,600,True,0.6990608992601024
Tox21,fedavg_proto,0.5,0,8,200,16,16,0.1,test,client_2,11,35,636,671,True,0.6950584007187781
Tox21,fedavg_proto,0.5,0,8,200,16,16,0.1,test,client_3,0,33,701,734,True,0.5434660441793109
Tox21,fedavg_proto,0.5,0,8,200,16,16,0.1,test,client_3,1,25,664,689,True,0.5089156626506024
Tox21,fedavg_proto,0.5,0,8,200,16,16,0.1,test,client_3,2,65,590,655,True,0.8302216427640157
Tox21,fedavg_proto,0.5,0,8,200,16,16,0.1,test,client_3,3,40,560,600,True,0.6851339285714285
Tox21,fedavg_proto,0.5,0,8,200,16,16,0.1,test,client_3,4,96,540,636,True,0.5964313271604939
Tox21,fedavg_proto,0.5,0,8,200,16,16,0.1,test,client_3,5,37,651,688,True,0.6018184082700212
Tox21,fedavg_proto,0.5,0,8,200,16,16,0.1,test,client_3,6,17,637,654,True,0.44417767106842737
Tox21,fedavg_proto,0.5,0,8,200,16,16,0.1,test,client_3,7,111,482,593,True,0.6465365780718477
Tox21,fedavg_proto,0.5,0,8,200,16,16,0.1,test,client_3,8,24,685,709,True,0.7041362530413625
Tox21,fedavg_proto,0.5,0,8,200,16,16,0.1,test,client_3,9,39,600,639,True,0.6611965811965812
Tox21,fedavg_proto,0.5,0,8,200,16,16,0.1,test,client_3,10,98,502,600,True,0.7019066590779739
Tox21,fedavg_proto,0.5,0,8,200,16,16,0.1,test,client_3,11,35,636,671,True,0.6842767295597485
Tox21,fedavg_proto,0.5,0,9,200,16,16,0.1,val,server,0,27,706,733,True,0.5428601405938516
Tox21,fedavg_proto,0.5,0,9,200,16,16,0.1,val,server,1,21,659,680,True,0.5955632632415636
Tox21,fedavg_proto,0.5,0,9,200,16,16,0.1,val,server,2,83,573,656,True,0.8432893879181649
Tox21,fedavg_proto,0.5,0,9,200,16,16,0.1,val,server,3,31,553,584,True,0.764656127865601
Tox21,fedavg_proto,0.5,0,9,200,16,16,0.1,val,server,4,83,531,614,True,0.6888798130374605
Tox21,fedavg_proto,0.5,0,9,200,16,16,0.1,val,server,5,49,647,696,True,0.7095858436110147
Tox21,fedavg_proto,0.5,0,9,200,16,16,0.1,val,server,6,18,623,641,True,0.6528446584626361
Tox21,fedavg_proto,0.5,0,9,200,16,16,0.1,val,server,7,89,478,567,True,0.7045978092238259
Tox21,fedavg_proto,0.5,0,9,200,16,16,0.1,val,server,8,32,672,704,True,0.8011532738095237
Tox21,fedavg_proto,0.5,0,9,200,16,16,0.1,val,server,9,33,588,621,True,0.6771799628942486
Tox21,fedavg_proto,0.5,0,9,200,16,16,0.1,val,server,10,103,474,577,True,0.7961984351317029
Tox21,fedavg_proto,0.5,0,9,200,16,16,0.1,val,server,11,42,627,669,True,0.7705627705627707
Tox21,fedavg_proto,0.5,0,9,200,16,16,0.1,val,client_0,0,27,706,733,True,0.5287482950372469
Tox21,fedavg_proto,0.5,0,9,200,16,16,0.1,val,client_0,1,21,659,680,True,0.5844352915673097
Tox21,fedavg_proto,0.5,0,9,200,16,16,0.1,val,client_0,2,83,573,656,True,0.8499127399650959
Tox21,fedavg_proto,0.5,0,9,200,16,16,0.1,val,client_0,3,31,553,584,True,0.7574811876567695
Tox21,fedavg_proto,0.5,0,9,200,16,16,0.1,val,client_0,4,83,531,614,True,0.6819821659519434
Tox21,fedavg_proto,0.5,0,9,200,16,16,0.1,val,client_0,5,49,647,696,True,0.7033088351260134
Tox21,fedavg_proto,0.5,0,9,200,16,16,0.1,val,client_0,6,18,623,641,True,0.6482967718922776
Tox21,fedavg_proto,0.5,0,9,200,16,16,0.1,val,client_0,7,89,478,567,True,0.6988623007851065
Tox21,fedavg_proto,0.5,0,9,200,16,16,0.1,val,client_0,8,32,672,704,True,0.8019903273809523
Tox21,fedavg_proto,0.5,0,9,200,16,16,0.1,val,client_0,9,33,588,621,True,0.6796536796536797
Tox21,fedavg_proto,0.5,0,9,200,16,16,0.1,val,client_0,10,103,474,577,True,0.7897873909303184
Tox21,fedavg_proto,0.5,0,9,200,16,16,0.1,val,client_0,11,42,627,669,True,0.7693855851750588
Tox21,fedavg_proto,0.5,0,9,200,16,16,0.1,val,client_1,0,27,706,733,True,0.5804217815549261
Tox21,fedavg_proto,0.5,0,9,200,16,16,0.1,val,client_1,1,21,659,680,True,0.5984536454946167
Tox21,fedavg_proto,0.5,0,9,200,16,16,0.1,val,client_1,2,83,573,656,True,0.8266784415147501
Tox21,fedavg_proto,0.5,0,9,200,16,16,0.1,val,client_1,3,31,553,584,True,0.7666394446712944
Tox21,fedavg_proto,0.5,0,9,200,16,16,0.1,val,client_1,4,83,531,614,True,0.6956867016086947
Tox21,fedavg_proto,0.5,0,9,200,16,16,0.1,val,client_1,5,49,647,696,True,0.7234961990978772
Tox21,fedavg_proto,0.5,0,9,200,16,16,0.1,val,client_1,6,18,623,641,True,0.6427679686106652
Tox21,fedavg_proto,0.5,0,9,200,16,16,0.1,val,client_1,7,89,478,567,True,0.6993559306097503
Tox21,fedavg_proto,0.5,0,9,200,16,16,0.1,val,client_1,8,32,672,704,True,0.7925502232142857
Tox21,fedavg_proto,0.5,0,9,200,16,16,0.1,val,client_1,9,33,588,621,True,0.6852195423623996
Tox21,fedavg_proto,0.5,0,9,200,16,16,0.1,val,client_1,10,103,474,577,True,0.8023841710704193
Tox21,fedavg_proto,0.5,0,9,200,16,16,0.1,val,client_1,11,42,627,669,True,0.7603858130173919
Tox21,fedavg_proto,0.5,0,9,200,16,16,0.1,val,client_2,0,27,706,733,True,0.5690903367957192
Tox21,fedavg_proto,0.5,0,9,200,16,16,0.1,val,client_2,1,21,659,680,True,0.6374015463545053
Tox21,fedavg_proto,0.5,0,9,200,16,16,0.1,val,client_2,2,83,573,656,True,0.83374335036481
Tox21,fedavg_proto,0.5,0,9,200,16,16,0.1,val,client_2,3,31,553,584,True,0.7589395088374263
Tox21,fedavg_proto,0.5,0,9,200,16,16,0.1,val,client_2,4,83,531,614,True,0.6917613958659498
Tox21,fedavg_proto,0.5,0,9,200,16,16,0.1,val,client_2,5,49,647,696,True,0.711478408983377
Tox21,fedavg_proto,0.5,0,9,200,16,16,0.1,val,client_2,6,18,623,641,True,0.6539147494203674
Tox21,fedavg_proto,0.5,0,9,200,16,16,0.1,val,client_2,7,89,478,567,True,0.7104743547553007
Tox21,fedavg_proto,0.5,0,9,200,16,16,0.1,val,client_2,8,32,672,704,True,0.8002232142857143
Tox21,fedavg_proto,0.5,0,9,200,16,16,0.1,val,client_2,9,33,588,621,True,0.6893424036281179
Tox21,fedavg_proto,0.5,0,9,200,16,16,0.1,val,client_2,10,103,474,577,True,0.7870427266396296
Tox21,fedavg_proto,0.5,0,9,200,16,16,0.1,val,client_2,11,42,627,669,True,0.7830181514392042
Tox21,fedavg_proto,0.5,0,9,200,16,16,0.1,val,client_3,0,27,706,733,True,0.5115937467212255
Tox21,fedavg_proto,0.5,0,9,200,16,16,0.1,val,client_3,1,21,659,680,True,0.5634800202326757
Tox21,fedavg_proto,0.5,0,9,200,16,16,0.1,val,client_3,2,83,573,656,True,0.8406400470993923
Tox21,fedavg_proto,0.5,0,9,200,16,16,0.1,val,client_3,3,31,553,584,True,0.7615644869626086
Tox21,fedavg_proto,0.5,0,9,200,16,16,0.1,val,client_3,4,83,531,614,True,0.6851814035804233
Tox21,fedavg_proto,0.5,0,9,200,16,16,0.1,val,client_3,5,49,647,696,True,0.7074409361890042
Tox21,fedavg_proto,0.5,0,9,200,16,16,0.1,val,client_3,6,18,623,641,True,0.6564116283217407
Tox21,fedavg_proto,0.5,0,9,200,16,16,0.1,val,client_3,7,89,478,567,True,0.6938554839922899
Tox21,fedavg_proto,0.5,0,9,200,16,16,0.1,val,client_3,8,32,672,704,True,0.7914806547619048
Tox21,fedavg_proto,0.5,0,9,200,16,16,0.1,val,client_3,9,33,588,621,True,0.6665120593692022
Tox21,fedavg_proto,0.5,0,9,200,16,16,0.1,val,client_3,10,103,474,577,True,0.7951743066650281
Tox21,fedavg_proto,0.5,0,9,200,16,16,0.1,val,client_3,11,42,627,669,True,0.7527910685805423
Tox21,fedavg_proto,0.5,0,9,200,16,16,0.1,test,server,0,33,701,734,True,0.5869537025029179
Tox21,fedavg_proto,0.5,0,9,200,16,16,0.1,test,server,1,25,664,689,True,0.5851807228915662
Tox21,fedavg_proto,0.5,0,9,200,16,16,0.1,test,server,2,65,590,655,True,0.8410691003911343
Tox21,fedavg_proto,0.5,0,9,200,16,16,0.1,test,server,3,40,560,600,True,0.6958928571428572
Tox21,fedavg_proto,0.5,0,9,200,16,16,0.1,test,server,4,96,540,636,True,0.6075617283950617
Tox21,fedavg_proto,0.5,0,9,200,16,16,0.1,test,server,5,37,651,688,True,0.6142317432640013
Tox21,fedavg_proto,0.5,0,9,200,16,16,0.1,test,server,6,17,637,654,True,0.4765906362545018
Tox21,fedavg_proto,0.5,0,9,200,16,16,0.1,test,server,7,111,482,593,True,0.6677507382901573
Tox21,fedavg_proto,0.5,0,9,200,16,16,0.1,test,server,8,24,685,709,True,0.7052919708029197
Tox21,fedavg_proto,0.5,0,9,200,16,16,0.1,test,server,9,39,600,639,True,0.6683760683760683
Tox21,fedavg_proto,0.5,0,9,200,16,16,0.1,test,server,10,98,502,600,True,0.7109114562159525
Tox21,fedavg_proto,0.5,0,9,200,16,16,0.1,test,server,11,35,636,671,True,0.7006738544474393
Tox21,fedavg_proto,0.5,0,9,200,16,16,0.1,test,client_0,0,33,701,734,True,0.5748065534085506
Tox21,fedavg_proto,0.5,0,9,200,16,16,0.1,test,client_0,1,25,664,689,True,0.5627710843373493
Tox21,fedavg_proto,0.5,0,9,200,16,16,0.1,test,client_0,2,65,590,655,True,0.8514211212516297
Tox21,fedavg_proto,0.5,0,9,200,16,16,0.1,test,client_0,3,40,560,600,True,0.6980357142857144
Tox21,fedavg_proto,0.5,0,9,200,16,16,0.1,test,client_0,4,96,540,636,True,0.6044753086419754
Tox21,fedavg_proto,0.5,0,9,200,16,16,0.1,test,client_0,5,37,651,688,True,0.6162660356208743
Tox21,fedavg_proto,0.5,0,9,200,16,16,0.1,test,client_0,6,17,637,654,True,0.4843475851879213
Tox21,fedavg_proto,0.5,0,9,200,16,16,0.1,test,client_0,7,111,482,593,True,0.6599566371350604
Tox21,fedavg_proto,0.5,0,9,200,16,16,0.1,test,client_0,8,24,685,709,True,0.6978710462287104
Tox21,fedavg_proto,0.5,0,9,200,16,16,0.1,test,client_0,9,39,600,639,True,0.6579914529914529
Tox21,fedavg_proto,0.5,0,9,200,16,16,0.1,test,client_0,10,98,502,600,True,0.7159728433205952
Tox21,fedavg_proto,0.5,0,9,200,16,16,0.1,test,client_0,11,35,636,671,True,0.7004941599281221
Tox21,fedavg_proto,0.5,0,9,200,16,16,0.1,test,client_1,0,33,701,734,True,0.6033804521678986
Tox21,fedavg_proto,0.5,0,9,200,16,16,0.1,test,client_1,1,25,664,689,True,0.5833132530120482
Tox21,fedavg_proto,0.5,0,9,200,16,16,0.1,test,client_1,2,65,590,655,True,0.825554106910039
Tox21,fedavg_proto,0.5,0,9,200,16,16,0.1,test,client_1,3,40,560,600,True,0.6817410714285714
Tox21,fedavg_proto,0.5,0,9,200,16,16,0.1,test,client_1,4,96,540,636,True,0.6116898148148149
Tox21,fedavg_proto,0.5,0,9,200,16,16,0.1,test,client_1,5,37,651,688,True,0.611201062813966
Tox21,fedavg_proto,0.5,0,9,200,16,16,0.1,test,client_1,6,17,637,654,True,0.4757595345830641
Tox21,fedavg_proto,0.5,0,9,200,16,16,0.1,test,client_1,7,111,482,593,True,0.6697506635265972
Tox21,fedavg_proto,0.5,0,9,200,16,16,0.1,test,client_1,8,24,685,709,True,0.7106447688564477
Tox21,fedavg_proto,0.5,0,9,200,16,16,0.1,test,client_1,9,39,600,639,True,0.6720940170940171
Tox21,fedavg_proto,0.5,0,9,200,16,16,0.1,test,client_1,10,98,502,600,True,0.7014797951052931
Tox21,fedavg_proto,0.5,0,9,200,16,16,0.1,test,client_1,11,35,636,671,True,0.6856693620844564
Tox21,fedavg_proto,0.5,0,9,200,16,16,0.1,test,client_2,0,33,701,734,True,0.6271127826049367
Tox21,fedavg_proto,0.5,0,9,200,16,16,0.1,test,client_2,1,25,664,689,True,0.6582530120481928
Tox21,fedavg_proto,0.5,0,9,200,16,16,0.1,test,client_2,2,65,590,655,True,0.8290221642764015
Tox21,fedavg_proto,0.5,0,9,200,16,16,0.1,test,client_2,3,40,560,600,True,0.6958482142857143
Tox21,fedavg_proto,0.5,0,9,200,16,16,0.1,test,client_2,4,96,540,636,True,0.6178819444444444
Tox21,fedavg_proto,0.5,0,9,200,16,16,0.1,test,client_2,5,37,651,688,True,0.6235728816373978
Tox21,fedavg_proto,0.5,0,9,200,16,16,0.1,test,client_2,6,17,637,654,True,0.49986148305476036
Tox21,fedavg_proto,0.5,0,9,200,16,16,0.1,test,client_2,7,111,482,593,True,0.6843669395536617
Tox21,fedavg_proto,0.5,0,9,200,16,16,0.1,test,client_2,8,24,685,709,True,0.7107664233576642
Tox21,fedavg_proto,0.5,0,9,200,16,16,0.1,test,client_2,9,39,600,639,True,0.6799572649572649
Tox21,fedavg_proto,0.5,0,9,200,16,16,0.1,test,client_2,10,98,502,600,True,0.7071916415968778
Tox21,fedavg_proto,0.5,0,9,200,16,16,0.1,test,client_2,11,35,636,671,True,0.7065588499550763
Tox21,fedavg_proto,0.5,0,9,200,16,16,0.1,test,client_3,0,33,701,734,True,0.5531059525353391
Tox21,fedavg_proto,0.5,0,9,200,16,16,0.1,test,client_3,1,25,664,689,True,0.5326506024096386
Tox21,fedavg_proto,0.5,0,9,200,16,16,0.1,test,client_3,2,65,590,655,True,0.8382790091264668
Tox21,fedavg_proto,0.5,0,9,200,16,16,0.1,test,client_3,3,40,560,600,True,0.6925892857142857
Tox21,fedavg_proto,0.5,0,9,200,16,16,0.1,test,client_3,4,96,540,636,True,0.5981288580246914
Tox21,fedavg_proto,0.5,0,9,200,16,16,0.1,test,client_3,5,37,651,688,True,0.6092913189687383
Tox21,fedavg_proto,0.5,0,9,200,16,16,0.1,test,client_3,6,17,637,654,True,0.4601532920860652
Tox21,fedavg_proto,0.5,0,9,200,16,16,0.1,test,client_3,7,111,482,593,True,0.6544615154573661
Tox21,fedavg_proto,0.5,0,9,200,16,16,0.1,test,client_3,8,24,685,709,True,0.6933698296836983
Tox21,fedavg_proto,0.5,0,9,200,16,16,0.1,test,client_3,9,39,600,639,True,0.6595726495726497
Tox21,fedavg_proto,0.5,0,9,200,16,16,0.1,test,client_3,10,98,502,600,True,0.7066021627774616
Tox21,fedavg_proto,0.5,0,9,200,16,16,0.1,test,client_3,11,35,636,671,True,0.687915543575921
Tox21,fedavg_proto,0.5,0,10,200,16,16,0.1,val,server,0,27,706,733,True,0.5584933375301647
Tox21,fedavg_proto,0.5,0,10,200,16,16,0.1,val,server,1,21,659,680,True,0.6164462750198714
Tox21,fedavg_proto,0.5,0,10,200,16,16,0.1,val,server,2,83,573,656,True,0.8445930318131163
Tox21,fedavg_proto,0.5,0,10,200,16,16,0.1,val,server,3,31,553,584,True,0.7624394796710028
Tox21,fedavg_proto,0.5,0,10,200,16,16,0.1,val,server,4,83,531,614,True,0.693576566151612
Tox21,fedavg_proto,0.5,0,10,200,16,16,0.1,val,server,5,49,647,696,True,0.7183547298362931
Tox21,fedavg_proto,0.5,0,10,200,16,16,0.1,val,server,6,18,623,641,True,0.6577492420189051
Tox21,fedavg_proto,0.5,0,10,200,16,16,0.1,val,server,7,89,478,567,True,0.7110620093084482
Tox21,fedavg_proto,0.5,0,10,200,16,16,0.1,val,server,8,32,672,704,True,0.8047340029761905
Tox21,fedavg_proto,0.5,0,10,200,16,16,0.1,val,server,9,33,588,621,True,0.6888270459699032
Tox21,fedavg_proto,0.5,0,10,200,16,16,0.1,val,server,10,103,474,577,True,0.8008684609397403
Tox21,fedavg_proto,0.5,0,10,200,16,16,0.1,val,server,11,42,627,669,True,0.7715500873395611
Tox21,fedavg_proto,0.5,0,10,200,16,16,0.1,val,client_0,0,27,706,733,True,0.5432798237330815
Tox21,fedavg_proto,0.5,0,10,200,16,16,0.1,val,client_0,1,21,659,680,True,0.6107377700700918
Tox21,fedavg_proto,0.5,0,10,200,16,16,0.1,val,client_0,2,83,573,656,True,0.8540339367942976
Tox21,fedavg_proto,0.5,0,10,200,16,16,0.1,val,client_0,3,31,553,584,True,0.7578311847401271
Tox21,fedavg_proto,0.5,0,10,200,16,16,0.1,val,client_0,4,83,531,614,True,0.6855671272661267
Tox21,fedavg_proto,0.5,0,10,200,16,16,0.1,val,client_0,5,49,647,696,True,0.7101536132227234
Tox21,fedavg_proto,0.5,0,10,200,16,16,0.1,val,client_0,6,18,623,641,True,0.6523987872302479
Tox21,fedavg_proto,0.5,0,10,200,16,16,0.1,val,client_0,7,89,478,567,True,0.7061257110620093
Tox21,fedavg_proto,0.5,0,10,200,16,16,0.1,val,client_0,8,32,672,704,True,0.80859375
Tox21,fedavg_proto,0.5,0,10,200,16,16,0.1,val,client_0,9,33,588,621,True,0.6855802927231498
Tox21,fedavg_proto,0.5,0,10,200,16,16,0.1,val,client_0,10,103,474,577,True,0.7961369874237025
Tox21,fedavg_proto,0.5,0,10,200,16,16,0.1,val,client_0,11,42,627,669,True,0.7770562770562771
Tox21,fedavg_proto,0.5,0,10,200,16,16,0.1,val,client_1,0,27,706,733,True,0.579057811352429
Tox21,fedavg_proto,0.5,0,10,200,16,16,0.1,val,client_1,1,21,659,680,True,0.6176746874774188
Tox21,fedavg_proto,0.5,0,10,200,16,16,0.1,val,client_1,2,83,573,656,True,0.8326289450997708
Tox21,fedavg_proto,0.5,0,10,200,16,16,0.1,val,client_1,3,31,553,584,True,0.7649477921017324
Tox21,fedavg_proto,0.5,0,10,200,16,16,0.1,val,client_1,4,83,531,614,True,0.698023733351485
Tox21,fedavg_proto,0.5,0,10,200,16,16,0.1,val,client_1,5,49,647,696,True,0.7313188026369745
Tox21,fedavg_proto,0.5,0,10,200,16,16,0.1,val,client_1,6,18,623,641,True,0.6507044765471732
Tox21,fedavg_proto,0.5,0,10,200,16,16,0.1,val,client_1,7,89,478,567,True,0.7048798834093366
Tox21,fedavg_proto,0.5,0,10,200,16,16,0.1,val,client_1,8,32,672,704,True,0.7979910714285714
Tox21,fedavg_proto,0.5,0,10,200,16,16,0.1,val,client_1,9,33,588,621,True,0.6931560502989075
Tox21,fedavg_proto,0.5,0,10,200,16,16,0.1,val,client_1,10,103,474,577,True,0.806869853754455
Tox21,fedavg_proto,0.5,0,10,200,16,16,0.1,val,client_1,11,42,627,669,True,0.7541201488569909
Tox21,fedavg_proto,0.5,0,10,200,16,16,0.1,val,client_2,0,27,706,733,True,0.5961598992760465
Tox21,fedavg_proto,0.5,0,10,200,16,16,0.1,val,client_2,1,21,659,680,True,0.671435797384204
Tox21,fedavg_proto,0.5,0,10,200,16,16,0.1,val,client_2,2,83,573,656,True,0.8269517862024012
Tox21,fedavg_proto,0.5,0,10,200,16,16,0.1,val,client_2,3,31,553,584,True,0.7554978708510762
Tox21,fedavg_proto,0.5,0,10,200,16,16,0.1,val,client_2,4,83,531,614,True,0.695232909037279
Tox21,fedavg_proto,0.5,0,10,200,16,16,0.1,val,client_2,5,49,647,696,True,0.7206258082831277
Tox21,fedavg_proto,0.5,0,10,200,16,16,0.1,val,client_2,6,18,623,641,True,0.6532905296950241
Tox21,fedavg_proto,0.5,0,10,200,16,16,0.1,val,client_2,7,89,478,567,True,0.7138357387993043
Tox21,fedavg_proto,0.5,0,10,200,16,16,0.1,val,client_2,8,32,672,704,True,0.8037574404761905
Tox21,fedavg_proto,0.5,0,10,200,16,16,0.1,val,client_2,9,33,588,621,True,0.702226345083488
Tox21,fedavg_proto,0.5,0,10,200,16,16,0.1,val,client_2,10,103,474,577,True,0.7900126991929867
Tox21,fedavg_proto,0.5,0,10,200,16,16,0.1,val,client_2,11,42,627,669,True,0.7885623148781044
Tox21,fedavg_proto,0.5,0,10,200,16,16,0.1,val,client_3,0,27,706,733,True,0.5303221068093589
Tox21,fedavg_proto,0.5,0,10,200,16,16,0.1,val,client_3,1,21,659,680,True,0.5856637040248573
Tox21,fedavg_proto,0.5,0,10,200,16,16,0.1,val,client_3,2,83,573,656,True,0.8434155470047731
Tox21,fedavg_proto,0.5,0,10,200,16,16,0.1,val,client_3,3,31,553,584,True,0.7560228664761128
Tox21,fedavg_proto,0.5,0,10,200,16,16,0.1,val,client_3,4,83,531,614,True,0.6914437410659587
Tox21,fedavg_proto,0.5,0,10,200,16,16,0.1,val,client_3,5,49,647,696,True,0.7155789672901619
Tox21,fedavg_proto,0.5,0,10,200,16,16,0.1,val,client_3,6,18,623,641,True,0.661227037631532
Tox21,fedavg_proto,0.5,0,10,200,16,16,0.1,val,client_3,7,89,478,567,True,0.6979690658643223
Tox21,fedavg_proto,0.5,0,10,200,16,16,0.1,val,client_3,8,32,672,704,True,0.7941778273809524
Tox21,fedavg_proto,0.5,0,10,200,16,16,0.1,val,client_3,9,33,588,621,True,0.6702226345083488
Tox21,fedavg_proto,0.5,0,10,200,16,16,0.1,val,client_3,10,103,474,577,True,0.7970587030437098
Tox21,fedavg_proto,0.5,0,10,200,16,16,0.1,val,client_3,11,42,627,669,True,0.7505506189716716
Tox21,fedavg_proto,0.5,0,10,200,16,16,0.1,test,server,0,33,701,734,True,0.600527385120823
Tox21,fedavg_proto,0.5,0,10,200,16,16,0.1,test,server,1,25,664,689,True,0.6189156626506024
Tox21,fedavg_proto,0.5,0,10,200,16,16,0.1,test,server,2,65,590,655,True,0.8453455019556714
Tox21,fedavg_proto,0.5,0,10,200,16,16,0.1,test,server,3,40,560,600,True,0.6985267857142857
Tox21,fedavg_proto,0.5,0,10,200,16,16,0.1,test,server,4,96,540,636,True,0.6107638888888889
Tox21,fedavg_proto,0.5,0,10,200,16,16,0.1,test,server,5,37,651,688,True,0.6209158467222984
Tox21,fedavg_proto,0.5,0,10,200,16,16,0.1,test,server,6,17,637,654,True,0.48721026872287376
Tox21,fedavg_proto,0.5,0,10,200,16,16,0.1,test,server,7,111,482,593,True,0.6751523307539904
Tox21,fedavg_proto,0.5,0,10,200,16,16,0.1,test,server,8,24,685,709,True,0.7040145985401459
Tox21,fedavg_proto,0.5,0,10,200,16,16,0.1,test,server,9,39,600,639,True,0.6735470085470086
Tox21,fedavg_proto,0.5,0,10,200,16,16,0.1,test,server,10,98,502,600,True,0.7130051223676723
Tox21,fedavg_proto,0.5,0,10,200,16,16,0.1,test,server,11,35,636,671,True,0.7053908355795149
Tox21,fedavg_proto,0.5,0,10,200,16,16,0.1,test,client_0,0,33,701,734,True,0.5892015735097047
Tox21,fedavg_proto,0.5,0,10,200,16,16,0.1,test,client_0,1,25,664,689,True,0.596566265060241
Tox21,fedavg_proto,0.5,0,10,200,16,16,0.1,test,client_0,2,65,590,655,True,0.8552803129074316
Tox21,fedavg_proto,0.5,0,10,200,16,16,0.1,test,client_0,3,40,560,600,True,0.7038839285714287
Tox21,fedavg_proto,0.5,0,10,200,16,16,0.1,test,client_0,4,96,540,636,True,0.6088541666666668
Tox21,fedavg_proto,0.5,0,10,200,16,16,0.1,test,client_0,5,37,651,688,True,0.6226595258853324
Tox21,fedavg_proto,0.5,0,10,200,16,16,0.1,test,client_0,6,17,637,654,True,0.49801459045156526
Tox21,fedavg_proto,0.5,0,10,200,16,16,0.1,test,client_0,7,111,482,593,True,0.6680684834211805
Tox21,fedavg_proto,0.5,0,10,200,16,16,0.1,test,client_0,8,24,685,709,True,0.7018248175182482
Tox21,fedavg_proto,0.5,0,10,200,16,16,0.1,test,client_0,9,39,600,639,True,0.6683760683760684
Tox21,fedavg_proto,0.5,0,10,200,16,16,0.1,test,client_0,10,98,502,600,True,0.7210139035693959
Tox21,fedavg_proto,0.5,0,10,200,16,16,0.1,test,client_0,11,35,636,671,True,0.7084905660377359
Tox21,fedavg_proto,0.5,0,10,200,16,16,0.1,test,client_1,0,33,701,734,True,0.6049366705572127
Tox21,fedavg_proto,0.5,0,10,200,16,16,0.1,test,client_1,1,25,664,689,True,0.6234337349397591
Tox21,fedavg_proto,0.5,0,10,200,16,16,0.1,test,client_1,2,65,590,655,True,0.8370273794002607
Tox21,fedavg_proto,0.5,0,10,200,16,16,0.1,test,client_1,3,40,560,600,True,0.6894196428571427
Tox21,fedavg_proto,0.5,0,10,200,16,16,0.1,test,client_1,4,96,540,636,True,0.6130594135802468
Tox21,fedavg_proto,0.5,0,10,200,16,16,0.1,test,client_1,5,37,651,688,True,0.6205837173579108
Tox21,fedavg_proto,0.5,0,10,200,16,16,0.1,test,client_1,6,17,637,654,True,0.4903499861483055
Tox21,fedavg_proto,0.5,0,10,200,16,16,0.1,test,client_1,7,111,482,593,True,0.6698254270868379
Tox21,fedavg_proto,0.5,0,10,200,16,16,0.1,test,client_1,8,24,685,709,True,0.6973844282238443
Tox21,fedavg_proto,0.5,0,10,200,16,16,0.1,test,client_1,9,39,600,639,True,0.673119658119658
Tox21,fedavg_proto,0.5,0,10,200,16,16,0.1,test,client_1,10,98,502,600,True,0.7124766241157818
Tox21,fedavg_proto,0.5,0,10,200,16,16,0.1,test,client_1,11,35,636,671,True,0.687915543575921
Tox21,fedavg_proto,0.5,0,10,200,16,16,0.1,test,client_2,0,33,701,734,True,0.6525310162970649
Tox21,fedavg_proto,0.5,0,10,200,16,16,0.1,test,client_2,1,25,664,689,True,0.6968674698795181
Tox21,fedavg_proto,0.5,0,10,200,16,16,0.1,test,client_2,2,65,590,655,True,0.8260756192959583
Tox21,fedavg_proto,0.5,0,10,200,16,16,0.1,test,client_2,3,40,560,600,True,0.6971875
Tox21,fedavg_proto,0.5,0,10,200,16,16,0.1,test,client_2,4,96,540,636,True,0.6205439814814815
Tox21,fedavg_proto,0.5,0,10,200,16,16,0.1,test,client_2,5,37,651,688,True,0.627558434010047
Tox21,fedavg_proto,0.5,0,10,200,16,16,0.1,test,client_2,6,17,637,654,True,0.5156524148120787
Tox21,fedavg_proto,0.5,0,10,200,16,16,0.1,test,client_2,7,111,482,593,True,0.6928899854211057
Tox21,fedavg_proto,0.5,0,10,200,16,16,0.1,test,client_2,8,24,685,709,True,0.719221411192214
Tox21,fedavg_proto,0.5,0,10,200,16,16,0.1,test,client_2,9,39,600,639,True,0.687008547008547
Tox21,fedavg_proto,0.5,0,10,200,16,16,0.1,test,client_2,10,98,502,600,True,0.7042645743556387
Tox21,fedavg_proto,0.5,0,10,200,16,16,0.1,test,client_2,11,35,636,671,True,0.7095687331536389
Tox21,fedavg_proto,0.5,0,10,200,16,16,0.1,test,client_3,0,33,701,734,True,0.5659015259585873
Tox21,fedavg_proto,0.5,0,10,200,16,16,0.1,test,client_3,1,25,664,689,True,0.5597590361445783
Tox21,fedavg_proto,0.5,0,10,200,16,16,0.1,test,client_3,2,65,590,655,True,0.8423207301173403
Tox21,fedavg_proto,0.5,0,10,200,16,16,0.1,test,client_3,3,40,560,600,True,0.6918750000000001
Tox21,fedavg_proto,0.5,0,10,200,16,16,0.1,test,client_3,4,96,540,636,True,0.6031057098765432
Tox21,fedavg_proto,0.5,0,10,200,16,16,0.1,test,client_3,5,37,651,688,True,0.614190227093453
Tox21,fedavg_proto,0.5,0,10,200,16,16,0.1,test,client_3,6,17,637,654,True,0.4653245913750116
Tox21,fedavg_proto,0.5,0,10,200,16,16,0.1,test,client_3,7,111,482,593,True,0.6572464580763335
Tox21,fedavg_proto,0.5,0,10,200,16,16,0.1,test,client_3,8,24,685,709,True,0.690389294403893
Tox21,fedavg_proto,0.5,0,10,200,16,16,0.1,test,client_3,9,39,600,639,True,0.6622649572649573
Tox21,fedavg_proto,0.5,0,10,200,16,16,0.1,test,client_3,10,98,502,600,True,0.7069477193267745
Tox21,fedavg_proto,0.5,0,10,200,16,16,0.1,test,client_3,11,35,636,671,True,0.6881850853548966
Tox21,fedavg_proto,0.5,0,11,200,16,16,0.1,val,server,0,27,706,733,True,0.5826251180358829
Tox21,fedavg_proto,0.5,0,11,200,16,16,0.1,val,server,1,21,659,680,True,0.6466507695642749
Tox21,fedavg_proto,0.5,0,11,200,16,16,0.1,val,server,2,83,573,656,True,0.8477890620071911
Tox21,fedavg_proto,0.5,0,11,200,16,16,0.1,val,server,3,31,553,584,True,0.7635478037683019
Tox21,fedavg_proto,0.5,0,11,200,16,16,0.1,val,server,4,83,531,614,True,0.6973884237515031
Tox21,fedavg_proto,0.5,0,11,200,16,16,0.1,val,server,5,49,647,696,True,0.7244109390278524
Tox21,fedavg_proto,0.5,0,11,200,16,16,0.1,val,server,6,18,623,641,True,0.6588193329766363
Tox21,fedavg_proto,0.5,0,11,200,16,16,0.1,val,server,7,89,478,567,True,0.7151755911804805
Tox21,fedavg_proto,0.5,0,11,200,16,16,0.1,val,server,8,32,672,704,True,0.8068731398809523
Tox21,fedavg_proto,0.5,0,11,200,16,16,0.1,val,server,9,33,588,621,True,0.6959389816532674
Tox21,fedavg_proto,0.5,0,11,200,16,16,0.1,val,server,10,103,474,577,True,0.8049649748064397
Tox21,fedavg_proto,0.5,0,11,200,16,16,0.1,val,server,11,42,627,669,True,0.7757271967798284
Tox21,fedavg_proto,0.5,0,11,200,16,16,0.1,val,client_0,0,27,706,733,True,0.5746511383905152
Tox21,fedavg_proto,0.5,0,11,200,16,16,0.1,val,client_0,1,21,659,680,True,0.6532986487462967
Tox21,fedavg_proto,0.5,0,11,200,16,16,0.1,val,client_0,2,83,573,656,True,0.8605311297546205
Tox21,fedavg_proto,0.5,0,11,200,16,16,0.1,val,client_0,3,31,553,584,True,0.7604561628653095
Tox21,fedavg_proto,0.5,0,11,200,16,16,0.1,val,client_0,4,83,531,614,True,0.6901504322374242
Tox21,fedavg_proto,0.5,0,11,200,16,16,0.1,val,client_0,5,49,647,696,True,0.7134025171119452
Tox21,fedavg_proto,0.5,0,11,200,16,16,0.1,val,client_0,6,18,623,641,True,0.6540930979133226
Tox21,fedavg_proto,0.5,0,11,200,16,16,0.1,val,client_0,7,89,478,567,True,0.7131070471534013
Tox21,fedavg_proto,0.5,0,11,200,16,16,0.1,val,client_0,8,32,672,704,True,0.8080822172619047
Tox21,fedavg_proto,0.5,0,11,200,16,16,0.1,val,client_0,9,33,588,621,True,0.6972273757988043
Tox21,fedavg_proto,0.5,0,11,200,16,16,0.1,val,client_0,10,103,474,577,True,0.8026914096104215
Tox21,fedavg_proto,0.5,0,11,200,16,16,0.1,val,client_0,11,42,627,669,True,0.7869294448241818
Tox21,fedavg_proto,0.5,0,11,200,16,16,0.1,val,client_1,0,27,706,733,True,0.6100094428706326
Tox21,fedavg_proto,0.5,0,11,200,16,16,0.1,val,client_1,1,21,659,680,True,0.6556109545487391
Tox21,fedavg_proto,0.5,0,11,200,16,16,0.1,val,client_1,2,83,573,656,True,0.8352782859185434
Tox21,fedavg_proto,0.5,0,11,200,16,16,0.1,val,client_1,3,31,553,584,True,0.7665227789768418
Tox21,fedavg_proto,0.5,0,11,200,16,16,0.1,val,client_1,4,83,531,614,True,0.7036961404941801
Tox21,fedavg_proto,0.5,0,11,200,16,16,0.1,val,client_1,5,49,647,696,True,0.7424533955777055
Tox21,fedavg_proto,0.5,0,11,200,16,16,0.1,val,client_1,6,18,623,641,True,0.6477617264134118
Tox21,fedavg_proto,0.5,0,11,200,16,16,0.1,val,client_1,7,89,478,567,True,0.7086408725494806
Tox21,fedavg_proto,0.5,0,11,200,16,16,0.1,val,client_1,8,32,672,704,True,0.7973865327380951
Tox21,fedavg_proto,0.5,0,11,200,16,16,0.1,val,client_1,9,33,588,621,True,0.6975365903937332
Tox21,fedavg_proto,0.5,0,11,200,16,16,0.1,val,client_1,10,103,474,577,True,0.8110278153291548
Tox21,fedavg_proto,0.5,0,11,200,16,16,0.1,val,client_1,11,42,627,669,True,0.7601199969621022
Tox21,fedavg_proto,0.5,0,11,200,16,16,0.1,val,client_2,0,27,706,733,True,0.5942188647571083
Tox21,fedavg_proto,0.5,0,11,200,16,16,0.1,val,client_2,1,21,659,680,True,0.6705686827082882
Tox21,fedavg_proto,0.5,0,11,200,16,16,0.1,val,client_2,2,83,573,656,True,0.8339115624802876
Tox21,fedavg_proto,0.5,0,11,200,16,16,0.1,val,client_2,3,31,553,584,True,0.7493729218923176
Tox21,fedavg_proto,0.5,0,11,200,16,16,0.1,val,client_2,4,83,531,614,True,0.7016994531799514
Tox21,fedavg_proto,0.5,0,11,200,16,16,0.1,val,client_2,5,49,647,696,True,0.7257672775447119
Tox21,fedavg_proto,0.5,0,11,200,16,16,0.1,val,client_2,6,18,623,641,True,0.6583734617442483
Tox21,fedavg_proto,0.5,0,11,200,16,16,0.1,val,client_2,7,89,478,567,True,0.7162803817403978
Tox21,fedavg_proto,0.5,0,11,200,16,16,0.1,val,client_2,8,32,672,704,True,0.8096168154761905
Tox21,fedavg_proto,0.5,0,11,200,16,16,0.1,val,client_2,9,33,588,621,True,0.7044423830138116
Tox21,fedavg_proto,0.5,0,11,200,16,16,0.1,val,client_2,10,103,474,577,True,0.7912006882143295
Tox21,fedavg_proto,0.5,0,11,200,16,16,0.1,val,client_2,11,42,627,669,True,0.7881066302118934
Tox21,fedavg_proto,0.5,0,11,200,16,16,0.1,val,client_3,0,27,706,733,True,0.5616934214667926
Tox21,fedavg_proto,0.5,0,11,200,16,16,0.1,val,client_3,1,21,659,680,True,0.6243225666594407
Tox21,fedavg_proto,0.5,0,11,200,16,16,0.1,val,client_3,2,83,573,656,True,0.8449925355873757
Tox21,fedavg_proto,0.5,0,11,200,16,16,0.1,val,client_3,3,31,553,584,True,0.7581811818234848
Tox21,fedavg_proto,0.5,0,11,200,16,16,0.1,val,client_3,4,83,531,614,True,0.6952555986658498
Tox21,fedavg_proto,0.5,0,11,200,16,16,0.1,val,client_3,5,49,647,696,True,0.7218559757751632
Tox21,fedavg_proto,0.5,0,11,200,16,16,0.1,val,client_3,6,18,623,641,True,0.6640806135188158
Tox21,fedavg_proto,0.5,0,11,200,16,16,0.1,val,client_3,7,89,478,567,True,0.7050914390484697
Tox21,fedavg_proto,0.5,0,11,200,16,16,0.1,val,client_3,8,32,672,704,True,0.7976190476190476
Tox21,fedavg_proto,0.5,0,11,200,16,16,0.1,val,client_3,9,33,588,621,True,0.6809420737992167
Tox21,fedavg_proto,0.5,0,11,200,16,16,0.1,val,client_3,10,103,474,577,True,0.8044119454344353
Tox21,fedavg_proto,0.5,0,11,200,16,16,0.1,val,client_3,11,42,627,669,True,0.7604997341839447
Tox21,fedavg_proto,0.5,0,11,200,16,16,0.1,test,server,0,33,701,734,True,0.6252539661954784
Tox21,fedavg_proto,0.5,0,11,200,16,16,0.1,test,server,1,25,664,689,True,0.6546987951807228
Tox21,fedavg_proto,0.5,0,11,200,16,16,0.1,test,server,2,65,590,655,True,0.8451629726205998
Tox21,fedavg_proto,0.5,0,11,200,16,16,0.1,test,server,3,40,560,600,True,0.7057589285714285
Tox21,fedavg_proto,0.5,0,11,200,16,16,0.1,test,server,4,96,540,636,True,0.6163194444444444
Tox21,fedavg_proto,0.5,0,11,200,16,16,0.1,test,server,5,37,651,688,True,0.633868891933408
Tox21,fedavg_proto,0.5,0,11,200,16,16,0.1,test,server,6,17,637,654,True,0.4982916243420445
Tox21,fedavg_proto,0.5,0,11,200,16,16,0.1,test,server,7,111,482,593,True,0.681282942693731
Tox21,fedavg_proto,0.5,0,11,200,16,16,0.1,test,server,8,24,685,709,True,0.7063868613138686
Tox21,fedavg_proto,0.5,0,11,200,16,16,0.1,test,server,9,39,600,639,True,0.681111111111111
Tox21,fedavg_proto,0.5,0,11,200,16,16,0.1,test,server,10,98,502,600,True,0.7199162533539313
Tox21,fedavg_proto,0.5,0,11,200,16,16,0.1,test,server,11,35,636,671,True,0.7112758310871519
Tox21,fedavg_proto,0.5,0,11,200,16,16,0.1,test,client_0,0,33,701,734,True,0.6199801149872477
Tox21,fedavg_proto,0.5,0,11,200,16,16,0.1,test,client_0,1,25,664,689,True,0.6418674698795181
Tox21,fedavg_proto,0.5,0,11,200,16,16,0.1,test,client_0,2,65,590,655,True,0.8520990873533247
Tox21,fedavg_proto,0.5,0,11,200,16,16,0.1,test,client_0,3,40,560,600,True,0.7164732142857143
Tox21,fedavg_proto,0.5,0,11,200,16,16,0.1,test,client_0,4,96,540,636,True,0.6169560185185184
Tox21,fedavg_proto,0.5,0,11,200,16,16,0.1,test,client_0,5,37,651,688,True,0.6353634740731515
Tox21,fedavg_proto,0.5,0,11,200,16,16,0.1,test,client_0,6,17,637,654,True,0.5116815957152092
Tox21,fedavg_proto,0.5,0,11,200,16,16,0.1,test,client_0,7,111,482,593,True,0.6782176367238608
Tox21,fedavg_proto,0.5,0,11,200,16,16,0.1,test,client_0,8,24,685,709,True,0.7074817518248174
Tox21,fedavg_proto,0.5,0,11,200,16,16,0.1,test,client_0,9,39,600,639,True,0.6794017094017094
Tox21,fedavg_proto,0.5,0,11,200,16,16,0.1,test,client_0,10,98,502,600,True,0.7309943897877876
Tox21,fedavg_proto,0.5,0,11,200,16,16,0.1,test,client_0,11,35,636,671,True,0.7206648697214735
Tox21,fedavg_proto,0.5,0,11,200,16,16,0.1,test,client_1,0,33,701,734,True,0.6363636363636364
Tox21,fedavg_proto,0.5,0,11,200,16,16,0.1,test,client_1,1,25,664,689,True,0.6652409638554215
Tox21,fedavg_proto,0.5,0,11,200,16,16,0.1,test,client_1,2,65,590,655,True,0.8358279009126467
Tox21,fedavg_proto,0.5,0,11,200,16,16,0.1,test,client_1,3,40,560,600,True,0.6933035714285714
Tox21,fedavg_proto,0.5,0,11,200,16,16,0.1,test,client_1,4,96,540,636,True,0.6194058641975309
Tox21,fedavg_proto,0.5,0,11,200,16,16,0.1,test,client_1,5,37,651,688,True,0.6355710549258936
Tox21,fedavg_proto,0.5,0,11,200,16,16,0.1,test,client_1,6,17,637,654,True,0.49986148305476036
Tox21,fedavg_proto,0.5,0,11,200,16,16,0.1,test,client_1,7,111,482,593,True,0.6795259990280738
Tox21,fedavg_proto,0.5,0,11,200,16,16,0.1,test,client_1,8,24,685,709,True,0.7020681265206813
Tox21,fedavg_proto,0.5,0,11,200,16,16,0.1,test,client_1,9,39,600,639,True,0.6803846153846154
Tox21,fedavg_proto,0.5,0,11,200,16,16,0.1,test,client_1,10,98,502,600,True,0.7164606878608016
Tox21,fedavg_proto,0.5,0,11,200,16,16,0.1,test,client_1,11,35,636,671,True,0.6949685534591196
Tox21,fedavg_proto,0.5,0,11,200,16,16,0.1,test,client_2,0,33,701,734,True,0.6410322915315784
Tox21,fedavg_proto,0.5,0,11,200,16,16,0.1,test,client_2,1,25,664,689,True,0.695843373493976
Tox21,fedavg_proto,0.5,0,11,200,16,16,0.1,test,client_2,2,65,590,655,True,0.8347848761408083
Tox21,fedavg_proto,0.5,0,11,200,16,16,0.1,test,client_2,3,40,560,600,True,0.7008035714285714
Tox21,fedavg_proto,0.5,0,11,200,16,16,0.1,test,client_2,4,96,540,636,True,0.622048611111111
Tox21,fedavg_proto,0.5,0,11,200,16,16,0.1,test,client_2,5,37,651,688,True,0.6391829617636069
Tox21,fedavg_proto,0.5,0,11,200,16,16,0.1,test,client_2,6,17,637,654,True,0.5319974143503555
Tox21,fedavg_proto,0.5,0,11,200,16,16,0.1,test,client_2,7,111,482,593,True,0.6986654704497028
Tox21,fedavg_proto,0.5,0,11,200,16,16,0.1,test,client_2,8,24,685,709,True,0.7226885644768856
Tox21,fedavg_proto,0.5,0,11,200,16,16,0.1,test,client_2,9,39,600,639,True,0.6897863247863247
Tox21,fedavg_proto,0.5,0,11,200,16,16,0.1,test,client_2,10,98,502,600,True,0.7154646719245467
Tox21,fedavg_proto,0.5,0,11,200,16,16,0.1,test,client_2,11,35,636,671,True,0.7118149146451034
Tox21,fedavg_proto,0.5,0,11,200,16,16,0.1,test,client_3,0,33,701,734,True,0.59961959106039
Tox21,fedavg_proto,0.5,0,11,200,16,16,0.1,test,client_3,1,25,664,689,True,0.5986144578313253
Tox21,fedavg_proto,0.5,0,11,200,16,16,0.1,test,client_3,2,65,590,655,True,0.8432855280312908
Tox21,fedavg_proto,0.5,0,11,200,16,16,0.1,test,client_3,3,40,560,600,True,0.6997767857142858
Tox21,fedavg_proto,0.5,0,11,200,16,16,0.1,test,client_3,4,96,540,636,True,0.6114004629629629
Tox21,fedavg_proto,0.5,0,11,200,16,16,0.1,test,client_3,5,37,651,688,True,0.6276829825216922
Tox21,fedavg_proto,0.5,0,11,200,16,16,0.1,test,client_3,6,17,637,654,True,0.4694800997322006
Tox21,fedavg_proto,0.5,0,11,200,16,16,0.1,test,client_3,7,111,482,593,True,0.6678441927404584
Tox21,fedavg_proto,0.5,0,11,200,16,16,0.1,test,client_3,8,24,685,709,True,0.6939781021897811
Tox21,fedavg_proto,0.5,0,11,200,16,16,0.1,test,client_3,9,39,600,639,True,0.6692735042735043
Tox21,fedavg_proto,0.5,0,11,200,16,16,0.1,test,client_3,10,98,502,600,True,0.7108911293601106
Tox21,fedavg_proto,0.5,0,11,200,16,16,0.1,test,client_3,11,35,636,671,True,0.697349505840072
Tox21,fedavg_proto,0.5,0,12,200,16,16,0.1,val,server,0,27,706,733,True,0.6145210366173539
Tox21,fedavg_proto,0.5,0,12,200,16,16,0.1,val,server,1,21,659,680,True,0.6816243948262157
Tox21,fedavg_proto,0.5,0,12,200,16,16,0.1,val,server,2,83,573,656,True,0.8494711831619672
Tox21,fedavg_proto,0.5,0,12,200,16,16,0.1,val,server,3,31,553,584,True,0.7643644636294697
Tox21,fedavg_proto,0.5,0,12,200,16,16,0.1,val,server,4,83,531,614,True,0.7018129013228054
Tox21,fedavg_proto,0.5,0,12,200,16,16,0.1,val,server,5,49,647,696,True,0.7321704570545374
Tox21,fedavg_proto,0.5,0,12,200,16,16,0.1,val,server,6,18,623,641,True,0.6583734617442483
Tox21,fedavg_proto,0.5,0,12,200,16,16,0.1,val,server,7,89,478,567,True,0.7223684829110057
Tox21,fedavg_proto,0.5,0,12,200,16,16,0.1,val,server,8,32,672,704,True,0.8078962053571428
Tox21,fedavg_proto,0.5,0,12,200,16,16,0.1,val,server,9,33,588,621,True,0.7036693465264894
Tox21,fedavg_proto,0.5,0,12,200,16,16,0.1,val,server,10,103,474,577,True,0.8109663676211544
Tox21,fedavg_proto,0.5,0,12,200,16,16,0.1,val,server,11,42,627,669,True,0.7798283587757272
Tox21,fedavg_proto,0.5,0,12,200,16,16,0.1,val,client_0,0,27,706,733,True,0.6084880914909243
Tox21,fedavg_proto,0.5,0,12,200,16,16,0.1,val,client_0,1,21,659,680,True,0.6855264108678372
Tox21,fedavg_proto,0.5,0,12,200,16,16,0.1,val,client_0,2,83,573,656,True,0.8629281524001766
Tox21,fedavg_proto,0.5,0,12,200,16,16,0.1,val,client_0,3,31,553,584,True,0.754156215364872
Tox21,fedavg_proto,0.5,0,12,200,16,16,0.1,val,client_0,4,83,531,614,True,0.695232909037279
Tox21,fedavg_proto,0.5,0,12,200,16,16,0.1,val,client_0,5,49,647,696,True,0.7181339305428508
Tox21,fedavg_proto,0.5,0,12,200,16,16,0.1,val,client_0,6,18,623,641,True,0.6427679686106652
Tox21,fedavg_proto,0.5,0,12,200,16,16,0.1,val,client_0,7,89,478,567,True,0.7227445818250201
Tox21,fedavg_proto,0.5,0,12,200,16,16,0.1,val,client_0,8,32,672,704,True,0.805478050595238
Tox21,fedavg_proto,0.5,0,12,200,16,16,0.1,val,client_0,9,33,588,621,True,0.7031539888682745
Tox21,fedavg_proto,0.5,0,12,200,16,16,0.1,val,client_0,10,103,474,577,True,0.8046782188357708
Tox21,fedavg_proto,0.5,0,12,200,16,16,0.1,val,client_0,11,42,627,669,True,0.7945241892610313
Tox21,fedavg_proto,0.5,0,12,200,16,16,0.1,val,client_1,0,27,706,733,True,0.6467317175532473
Tox21,fedavg_proto,0.5,0,12,200,16,16,0.1,val,client_1,1,21,659,680,True,0.693258183394754
Tox21,fedavg_proto,0.5,0,12,200,16,16,0.1,val,client_1,2,83,573,656,True,0.831136062574907
Tox21,fedavg_proto,0.5,0,12,200,16,16,0.1,val,client_1,3,31,553,584,True,0.7644811293239223
Tox21,fedavg_proto,0.5,0,12,200,16,16,0.1,val,client_1,4,83,531,614,True,0.7078029632654914
Tox21,fedavg_proto,0.5,0,12,200,16,16,0.1,val,client_1,5,49,647,696,True,0.7493297164306216
Tox21,fedavg_proto,0.5,0,12,200,16,16,0.1,val,client_1,6,18,623,641,True,0.6531121812020689
Tox21,fedavg_proto,0.5,0,12,200,16,16,0.1,val,client_1,7,89,478,567,True,0.7105213671195525
Tox21,fedavg_proto,0.5,0,12,200,16,16,0.1,val,client_1,8,32,672,704,True,0.8013392857142857
Tox21,fedavg_proto,0.5,0,12,200,16,16,0.1,val,client_1,9,33,588,621,True,0.71134817563389
Tox21,fedavg_proto,0.5,0,12,200,16,16,0.1,val,client_1,10,103,474,577,True,0.8121441153578306
Tox21,fedavg_proto,0.5,0,12,200,16,16,0.1,val,client_1,11,42,627,669,True,0.7591326801853118
Tox21,fedavg_proto,0.5,0,12,200,16,16,0.1,val,client_2,0,27,706,733,True,0.6128423040604344
Tox21,fedavg_proto,0.5,0,12,200,16,16,0.1,val,client_2,1,21,659,680,True,0.6980995736686177
Tox21,fedavg_proto,0.5,0,12,200,16,16,0.1,val,client_2,2,83,573,656,True,0.8383481570260098
Tox21,fedavg_proto,0.5,0,12,200,16,16,0.1,val,client_2,3,31,553,584,True,0.7514145715452372
Tox21,fedavg_proto,0.5,0,12,200,16,16,0.1,val,client_2,4,83,531,614,True,0.7051936559798516
Tox21,fedavg_proto,0.5,0,12,200,16,16,0.1,val,client_2,5,49,647,696,True,0.7361448443364981
Tox21,fedavg_proto,0.5,0,12,200,16,16,0.1,val,client_2,6,18,623,641,True,0.6647048332441592
Tox21,fedavg_proto,0.5,0,12,200,16,16,0.1,val,client_2,7,89,478,567,True,0.7202764327018005
Tox21,fedavg_proto,0.5,0,12,200,16,16,0.1,val,client_2,8,32,672,704,True,0.8141276041666667
Tox21,fedavg_proto,0.5,0,12,200,16,16,0.1,val,client_2,9,33,588,621,True,0.7064007421150279
Tox21,fedavg_proto,0.5,0,12,200,16,16,0.1,val,client_2,10,103,474,577,True,0.7975502847077137
Tox21,fedavg_proto,0.5,0,12,200,16,16,0.1,val,client_2,11,42,627,669,True,0.788182577656262
Tox21,fedavg_proto,0.5,0,12,200,16,16,0.1,val,client_3,0,27,706,733,True,0.6064421361871787
Tox21,fedavg_proto,0.5,0,12,200,16,16,0.1,val,client_3,1,21,659,680,True,0.6701351253703303
Tox21,fedavg_proto,0.5,0,12,200,16,16,0.1,val,client_3,2,83,573,656,True,0.8459807817658066
Tox21,fedavg_proto,0.5,0,12,200,16,16,0.1,val,client_3,3,31,553,584,True,0.7610394913375722
Tox21,fedavg_proto,0.5,0,12,200,16,16,0.1,val,client_3,4,83,531,614,True,0.6975472511514986
Tox21,fedavg_proto,0.5,0,12,200,16,16,0.1,val,client_3,5,49,647,696,True,0.7210989496262182
Tox21,fedavg_proto,0.5,0,12,200,16,16,0.1,val,client_3,6,18,623,641,True,0.6581059390048155
Tox21,fedavg_proto,0.5,0,12,200,16,16,0.1,val,client_3,7,89,478,567,True,0.7090404776456207
Tox21,fedavg_proto,0.5,0,12,200,16,16,0.1,val,client_3,8,32,672,704,True,0.796688988095238
Tox21,fedavg_proto,0.5,0,12,200,16,16,0.1,val,client_3,9,33,588,621,True,0.6910946196660482
Tox21,fedavg_proto,0.5,0,12,200,16,16,0.1,val,client_3,10,103,474,577,True,0.8104133382491501
Tox21,fedavg_proto,0.5,0,12,200,16,16,0.1,val,client_3,11,42,627,669,True,0.7756512493354598
Tox21,fedavg_proto,0.5,0,12,200,16,16,0.1,test,server,0,33,701,734,True,0.6575887260623352
Tox21,fedavg_proto,0.5,0,12,200,16,16,0.1,test,server,1,25,664,689,True,0.6913253012048193
Tox21,fedavg_proto,0.5,0,12,200,16,16,0.1,test,server,2,65,590,655,True,0.8457627118644068
Tox21,fedavg_proto,0.5,0,12,200,16,16,0.1,test,server,3,40,560,600,True,0.7091517857142857
Tox21,fedavg_proto,0.5,0,12,200,16,16,0.1,test,server,4,96,540,636,True,0.6257716049382717
Tox21,fedavg_proto,0.5,0,12,200,16,16,0.1,test,server,5,37,651,688,True,0.6472786150205505
Tox21,fedavg_proto,0.5,0,12,200,16,16,0.1,test,server,6,17,637,654,True,0.5044787145627482
Tox21,fedavg_proto,0.5,0,12,200,16,16,0.1,test,server,7,111,482,593,True,0.687656536204254
Tox21,fedavg_proto,0.5,0,12,200,16,16,0.1,test,server,8,24,685,709,True,0.7092457420924574
Tox21,fedavg_proto,0.5,0,12,200,16,16,0.1,test,server,9,39,600,639,True,0.6903418803418804
Tox21,fedavg_proto,0.5,0,12,200,16,16,0.1,test,server,10,98,502,600,True,0.7241848930807384
Tox21,fedavg_proto,0.5,0,12,200,16,16,0.1,test,server,11,35,636,671,True,0.7169811320754718
Tox21,fedavg_proto,0.5,0,12,200,16,16,0.1,test,client_0,0,33,701,734,True,0.6428911079410365
Tox21,fedavg_proto,0.5,0,12,200,16,16,0.1,test,client_0,1,25,664,689,True,0.6695783132530121
Tox21,fedavg_proto,0.5,0,12,200,16,16,0.1,test,client_0,2,65,590,655,True,0.849413298565841
Tox21,fedavg_proto,0.5,0,12,200,16,16,0.1,test,client_0,3,40,560,600,True,0.7217410714285714
Tox21,fedavg_proto,0.5,0,12,200,16,16,0.1,test,client_0,4,96,540,636,True,0.6217785493827162
Tox21,fedavg_proto,0.5,0,12,200,16,16,0.1,test,client_0,5,37,651,688,True,0.6508905218582637
Tox21,fedavg_proto,0.5,0,12,200,16,16,0.1,test,client_0,6,17,637,654,True,0.5195308892787884
Tox21,fedavg_proto,0.5,0,12,200,16,16,0.1,test,client_0,7,111,482,593,True,0.682890359238907
Tox21,fedavg_proto,0.5,0,12,200,16,16,0.1,test,client_0,8,24,685,709,True,0.7113138686131387
Tox21,fedavg_proto,0.5,0,12,200,16,16,0.1,test,client_0,9,39,600,639,True,0.6956837606837607
Tox21,fedavg_proto,0.5,0,12,200,16,16,0.1,test,client_0,10,98,502,600,True,0.7385559801609887
Tox21,fedavg_proto,0.5,0,12,200,16,16,0.1,test,client_0,11,35,636,671,True,0.7355795148247978
Tox21,fedavg_proto,0.5,0,12,200,16,16,0.1,test,client_1,0,33,701,734,True,0.6681796567673886
Tox21,fedavg_proto,0.5,0,12,200,16,16,0.1,test,client_1,1,25,664,689,True,0.7030120481927711
Tox21,fedavg_proto,0.5,0,12,200,16,16,0.1,test,client_1,2,65,590,655,True,0.8394263363754889
Tox21,fedavg_proto,0.5,0,12,200,16,16,0.1,test,client_1,3,40,560,600,True,0.6927232142857143
Tox21,fedavg_proto,0.5,0,12,200,16,16,0.1,test,client_1,4,96,540,636,True,0.6274305555555556
Tox21,fedavg_proto,0.5,0,12,200,16,16,0.1,test,client_1,5,37,651,688,True,0.6423381907252874
Tox21,fedavg_proto,0.5,0,12,200,16,16,0.1,test,client_1,6,17,637,654,True,0.5062332625357835
Tox21,fedavg_proto,0.5,0,12,200,16,16,0.1,test,client_1,7,111,482,593,True,0.6812455609136108
Tox21,fedavg_proto,0.5,0,12,200,16,16,0.1,test,client_1,8,24,685,709,True,0.7036496350364964
Tox21,fedavg_proto,0.5,0,12,200,16,16,0.1,test,client_1,9,39,600,639,True,0.6845299145299145
Tox21,fedavg_proto,0.5,0,12,200,16,16,0.1,test,client_1,10,98,502,600,True,0.713106756646882
Tox21,fedavg_proto,0.5,0,12,200,16,16,0.1,test,client_1,11,35,636,671,True,0.6951482479784366
Tox21,fedavg_proto,0.5,0,12,200,16,16,0.1,test,client_2,0,33,701,734,True,0.6624735226732374
Tox21,fedavg_proto,0.5,0,12,200,16,16,0.1,test,client_2,1,25,664,689,True,0.7145180722891566
Tox21,fedavg_proto,0.5,0,12,200,16,16,0.1,test,client_2,2,65,590,655,True,0.8348370273794002
Tox21,fedavg_proto,0.5,0,12,200,16,16,0.1,test,client_2,3,40,560,600,True,0.7115178571428571
Tox21,fedavg_proto,0.5,0,12,200,16,16,0.1,test,client_2,4,96,540,636,True,0.6245756172839507
Tox21,fedavg_proto,0.5,0,12,200,16,16,0.1,test,client_2,5,37,651,688,True,0.6476522605554863
Tox21,fedavg_proto,0.5,0,12,200,16,16,0.1,test,client_2,6,17,637,654,True,0.535598854926586
Tox21,fedavg_proto,0.5,0,12,200,16,16,0.1,test,client_2,7,111,482,593,True,0.7032821202945684
Tox21,fedavg_proto,0.5,0,12,200,16,16,0.1,test,client_2,8,24,685,709,True,0.7146593673965936
Tox21,fedavg_proto,0.5,0,12,200,16,16,0.1,test,client_2,9,39,600,639,True,0.6911965811965811
Tox21,fedavg_proto,0.5,0,12,200,16,16,0.1,test,client_2,10,98,502,600,True,0.7241442393690544
Tox21,fedavg_proto,0.5,0,12,200,16,16,0.1,test,client_2,11,35,636,671,True,0.7138364779874213
Tox21,fedavg_proto,0.5,0,12,200,16,16,0.1,test,client_3,0,33,701,734,True,0.6390437902563438
Tox21,fedavg_proto,0.5,0,12,200,16,16,0.1,test,client_3,1,25,664,689,True,0.6336746987951807
Tox21,fedavg_proto,0.5,0,12,200,16,16,0.1,test,client_3,2,65,590,655,True,0.8446675358539765
Tox21,fedavg_proto,0.5,0,12,200,16,16,0.1,test,client_3,3,40,560,600,True,0.7008035714285714
Tox21,fedavg_proto,0.5,0,12,200,16,16,0.1,test,client_3,4,96,540,636,True,0.6234953703703703
Tox21,fedavg_proto,0.5,0,12,200,16,16,0.1,test,client_3,5,37,651,688,True,0.6423381907252874
Tox21,fedavg_proto,0.5,0,12,200,16,16,0.1,test,client_3,6,17,637,654,True,0.4682796195401237
Tox21,fedavg_proto,0.5,0,12,200,16,16,0.1,test,client_3,7,111,482,593,True,0.6764233112780829
Tox21,fedavg_proto,0.5,0,12,200,16,16,0.1,test,client_3,8,24,685,709,True,0.7121046228710463
Tox21,fedavg_proto,0.5,0,12,200,16,16,0.1,test,client_3,9,39,600,639,True,0.683162393162393
Tox21,fedavg_proto,0.5,0,12,200,16,16,0.1,test,client_3,10,98,502,600,True,0.7166029758516953
Tox21,fedavg_proto,0.5,0,12,200,16,16,0.1,test,client_3,11,35,636,671,True,0.7049865229110512
Tox21,fedavg_proto,0.5,0,13,200,16,16,0.1,val,server,0,27,706,733,True,0.6283181198195362
Tox21,fedavg_proto,0.5,0,13,200,16,16,0.1,val,server,1,21,659,680,True,0.6934749620637328
Tox21,fedavg_proto,0.5,0,13,200,16,16,0.1,val,server,2,83,573,656,True,0.8492188649887509
Tox21,fedavg_proto,0.5,0,13,200,16,16,0.1,val,server,3,31,553,584,True,0.7598145015458204
Tox21,fedavg_proto,0.5,0,13,200,16,16,0.1,val,server,4,83,531,614,True,0.7035373130941847
Tox21,fedavg_proto,0.5,0,13,200,16,16,0.1,val,server,5,49,647,696,True,0.737690439390594
Tox21,fedavg_proto,0.5,0,13,200,16,16,0.1,val,server,6,18,623,641,True,0.6583734617442483
Tox21,fedavg_proto,0.5,0,13,200,16,16,0.1,val,server,7,89,478,567,True,0.7247191011235954
Tox21,fedavg_proto,0.5,0,13,200,16,16,0.1,val,server,8,32,672,704,True,0.8082217261904763
Tox21,fedavg_proto,0.5,0,13,200,16,16,0.1,val,server,9,33,588,621,True,0.7106266749123892
Tox21,fedavg_proto,0.5,0,13,200,16,16,0.1,val,server,10,103,474,577,True,0.8119085658104953
Tox21,fedavg_proto,0.5,0,13,200,16,16,0.1,val,server,11,42,627,669,True,0.7783853573327257
Tox21,fedavg_proto,0.5,0,13,200,16,16,0.1,val,client_0,0,27,706,733,True,0.6242786696044487
Tox21,fedavg_proto,0.5,0,13,200,16,16,0.1,val,client_0,1,21,659,680,True,0.6982440927812703
Tox21,fedavg_proto,0.5,0,13,200,16,16,0.1,val,client_0,2,83,573,656,True,0.8633486826888707
Tox21,fedavg_proto,0.5,0,13,200,16,16,0.1,val,client_0,3,31,553,584,True,0.7553228723093974
Tox21,fedavg_proto,0.5,0,13,200,16,16,0.1,val,client_0,4,83,531,614,True,0.6986817325800377
Tox21,fedavg_proto,0.5,0,13,200,16,16,0.1,val,client_0,5,49,647,696,True,0.7240008831971738
Tox21,fedavg_proto,0.5,0,13,200,16,16,0.1,val,client_0,6,18,623,641,True,0.643748885321919
Tox21,fedavg_proto,0.5,0,13,200,16,16,0.1,val,client_0,7,89,478,567,True,0.7246720887593436
Tox21,fedavg_proto,0.5,0,13,200,16,16,0.1,val,client_0,8,32,672,704,True,0.8074776785714286
Tox21,fedavg_proto,0.5,0,13,200,16,16,0.1,val,client_0,9,33,588,621,True,0.711142032570604
Tox21,fedavg_proto,0.5,0,13,200,16,16,0.1,val,client_0,10,103,474,577,True,0.8083241161771333
Tox21,fedavg_proto,0.5,0,13,200,16,16,0.1,val,client_0,11,42,627,669,True,0.7884104199893673
Tox21,fedavg_proto,0.5,0,13,200,16,16,0.1,val,client_1,0,27,706,733,True,0.6583779246668765
Tox21,fedavg_proto,0.5,0,13,200,16,16,0.1,val,client_1,1,21,659,680,True,0.6993279861261652
Tox21,fedavg_proto,0.5,0,13,200,16,16,0.1,val,client_1,2,83,573,656,True,0.8395256418343532
Tox21,fedavg_proto,0.5,0,13,200,16,16,0.1,val,client_1,3,31,553,584,True,0.7647144607128273
Tox21,fedavg_proto,0.5,0,13,200,16,16,0.1,val,client_1,4,83,531,614,True,0.7085971002654687
Tox21,fedavg_proto,0.5,0,13,200,16,16,0.1,val,client_1,5,49,647,696,True,0.7517585086584866
Tox21,fedavg_proto,0.5,0,13,200,16,16,0.1,val,client_1,6,18,623,641,True,0.644016408061352
Tox21,fedavg_proto,0.5,0,13,200,16,16,0.1,val,client_1,7,89,478,567,True,0.7158572704621314
Tox21,fedavg_proto,0.5,0,13,200,16,16,0.1,val,client_1,8,32,672,704,True,0.8003162202380952
Tox21,fedavg_proto,0.5,0,13,200,16,16,0.1,val,client_1,9,33,588,621,True,0.706091527520099
Tox21,fedavg_proto,0.5,0,13,200,16,16,0.1,val,client_1,10,103,474,577,True,0.8146327475318504
Tox21,fedavg_proto,0.5,0,13,200,16,16,0.1,val,client_1,11,42,627,669,True,0.7590947064631275
Tox21,fedavg_proto,0.5,0,13,200,16,16,0.1,val,client_2,0,27,706,733,True,0.6371839261357675
Tox21,fedavg_proto,0.5,0,13,200,16,16,0.1,val,client_2,1,21,659,680,True,0.7284485873256739
Tox21,fedavg_proto,0.5,0,13,200,16,16,0.1,val,client_2,2,83,573,656,True,0.8427006455139932
Tox21,fedavg_proto,0.5,0,13,200,16,16,0.1,val,client_2,3,31,553,584,True,0.7462229481420988
Tox21,fedavg_proto,0.5,0,13,200,16,16,0.1,val,client_2,4,83,531,614,True,0.7119097860368025
Tox21,fedavg_proto,0.5,0,13,200,16,16,0.1,val,client_2,5,49,647,696,True,0.7511907390467779
Tox21,fedavg_proto,0.5,0,13,200,16,16,0.1,val,client_2,6,18,623,641,True,0.6662207954342787
Tox21,fedavg_proto,0.5,0,13,200,16,16,0.1,val,client_2,7,89,478,567,True,0.7218278407221099
Tox21,fedavg_proto,0.5,0,13,200,16,16,0.1,val,client_2,8,32,672,704,True,0.8242187499999999
Tox21,fedavg_proto,0.5,0,13,200,16,16,0.1,val,client_2,9,33,588,621,True,0.7062461348175635
Tox21,fedavg_proto,0.5,0,13,200,16,16,0.1,val,client_2,10,103,474,577,True,0.8018925894064151
Tox21,fedavg_proto,0.5,0,13,200,16,16,0.1,val,client_2,11,42,627,669,True,0.7888661046555784
Tox21,fedavg_proto,0.5,0,13,200,16,16,0.1,val,client_3,0,27,706,733,True,0.624226209212045
Tox21,fedavg_proto,0.5,0,13,200,16,16,0.1,val,client_3,1,21,659,680,True,0.6921742900498591
Tox21,fedavg_proto,0.5,0,13,200,16,16,0.1,val,client_3,2,83,573,656,True,0.8469269749153683
Tox21,fedavg_proto,0.5,0,13,200,16,16,0.1,val,client_3,3,31,553,584,True,0.7591728402263315
Tox21,fedavg_proto,0.5,0,13,200,16,16,0.1,val,client_3,4,83,531,614,True,0.7028793138656322
Tox21,fedavg_proto,0.5,0,13,200,16,16,0.1,val,client_3,5,49,647,696,True,0.7327382266662461
Tox21,fedavg_proto,0.5,0,13,200,16,16,0.1,val,client_3,6,18,623,641,True,0.6657749242018906
Tox21,fedavg_proto,0.5,0,13,200,16,16,0.1,val,client_3,7,89,478,567,True,0.7159748013727611
Tox21,fedavg_proto,0.5,0,13,200,16,16,0.1,val,client_3,8,32,672,704,True,0.8031063988095238
Tox21,fedavg_proto,0.5,0,13,200,16,16,0.1,val,client_3,9,33,588,621,True,0.7028963100391672
Tox21,fedavg_proto,0.5,0,13,200,16,16,0.1,val,client_3,10,103,474,577,True,0.8126664208758346
Tox21,fedavg_proto,0.5,0,13,200,16,16,0.1,val,client_3,11,42,627,669,True,0.7770183033340928
Tox21,fedavg_proto,0.5,0,13,200,16,16,0.1,test,server,0,33,701,734,True,0.670124929754031
Tox21,fedavg_proto,0.5,0,13,200,16,16,0.1,test,server,1,25,664,689,True,0.7033734939759035
Tox21,fedavg_proto,0.5,0,13,200,16,16,0.1,test,server,2,65,590,655,True,0.8476401564537158
Tox21,fedavg_proto,0.5,0,13,200,16,16,0.1,test,server,3,40,560,600,True,0.7142410714285714
Tox21,fedavg_proto,0.5,0,13,200,16,16,0.1,test,server,4,96,540,636,True,0.627391975308642
Tox21,fedavg_proto,0.5,0,13,200,16,16,0.1,test,server,5,37,651,688,True,0.6573670444638187
Tox21,fedavg_proto,0.5,0,13,200,16,16,0.1,test,server,6,17,637,654,True,0.513251454427925
Tox21,fedavg_proto,0.5,0,13,200,16,16,0.1,test,server,7,111,482,593,True,0.6883854809166012
Tox21,fedavg_proto,0.5,0,13,200,16,16,0.1,test,server,8,24,685,709,True,0.7048661800486618
Tox21,fedavg_proto,0.5,0,13,200,16,16,0.1,test,server,9,39,600,639,True,0.6941880341880342
Tox21,fedavg_proto,0.5,0,13,200,16,16,0.1,test,server,10,98,502,600,True,0.7292462801853808
Tox21,fedavg_proto,0.5,0,13,200,16,16,0.1,test,server,11,35,636,671,True,0.7209344115004492
Tox21,fedavg_proto,0.5,0,13,200,16,16,0.1,test,client_0,0,33,701,734,True,0.6508451130419747
Tox21,fedavg_proto,0.5,0,13,200,16,16,0.1,test,client_0,1,25,664,689,True,0.683433734939759
Tox21,fedavg_proto,0.5,0,13,200,16,16,0.1,test,client_0,2,65,590,655,True,0.8564537157757497
Tox21,fedavg_proto,0.5,0,13,200,16,16,0.1,test,client_0,3,40,560,600,True,0.7190625
Tox21,fedavg_proto,0.5,0,13,200,16,16,0.1,test,client_0,4,96,540,636,True,0.6279706790123456
Tox21,fedavg_proto,0.5,0,13,200,16,16,0.1,test,client_0,5,37,651,688,True,0.6589446589446589
Tox21,fedavg_proto,0.5,0,13,200,16,16,0.1,test,client_0,6,17,637,654,True,0.5224859174439007
Tox21,fedavg_proto,0.5,0,13,200,16,16,0.1,test,client_0,7,111,482,593,True,0.6819931965160181
Tox21,fedavg_proto,0.5,0,13,200,16,16,0.1,test,client_0,8,24,685,709,True,0.7069343065693431
Tox21,fedavg_proto,0.5,0,13,200,16,16,0.1,test,client_0,9,39,600,639,True,0.6985042735042736
Tox21,fedavg_proto,0.5,0,13,200,16,16,0.1,test,client_0,10,98,502,600,True,0.7405480120334986
Tox21,fedavg_proto,0.5,0,13,200,16,16,0.1,test,client_0,11,35,636,671,True,0.7245283018867925
Tox21,fedavg_proto,0.5,0,13,200,16,16,0.1,test,client_1,0,33,701,734,True,0.6791596420697704
Tox21,fedavg_proto,0.5,0,13,200,16,16,0.1,test,client_1,1,25,664,689,True,0.7065060240963855
Tox21,fedavg_proto,0.5,0,13,200,16,16,0.1,test,client_1,2,65,590,655,True,0.8390612777053454
Tox21,fedavg_proto,0.5,0,13,200,16,16,0.1,test,client_1,3,40,560,600,True,0.7009821428571429
Tox21,fedavg_proto,0.5,0,13,200,16,16,0.1,test,client_1,4,96,540,636,True,0.6288387345679012
Tox21,fedavg_proto,0.5,0,13,200,16,16,0.1,test,client_1,5,37,651,688,True,0.6572840121227218
Tox21,fedavg_proto,0.5,0,13,200,16,16,0.1,test,client_1,6,17,637,654,True,0.509465324591375
Tox21,fedavg_proto,0.5,0,13,200,16,16,0.1,test,client_1,7,111,482,593,True,0.6814511607042728
Tox21,fedavg_proto,0.5,0,13,200,16,16,0.1,test,client_1,8,24,685,709,True,0.6982968369829684
Tox21,fedavg_proto,0.5,0,13,200,16,16,0.1,test,client_1,9,39,600,639,True,0.6898290598290598
Tox21,fedavg_proto,0.5,0,13,200,16,16,0.1,test,client_1,10,98,502,600,True,0.7226603788925928
Tox21,fedavg_proto,0.5,0,13,200,16,16,0.1,test,client_1,11,35,636,671,True,0.7051212938005391
Tox21,fedavg_proto,0.5,0,13,200,16,16,0.1,test,client_2,0,33,701,734,True,0.6743613020360525
Tox21,fedavg_proto,0.5,0,13,200,16,16,0.1,test,client_2,1,25,664,689,True,0.7292771084337349
Tox21,fedavg_proto,0.5,0,13,200,16,16,0.1,test,client_2,2,65,590,655,True,0.8397913950456324
Tox21,fedavg_proto,0.5,0,13,200,16,16,0.1,test,client_2,3,40,560,600,True,0.7133035714285714
Tox21,fedavg_proto,0.5,0,13,200,16,16,0.1,test,client_2,4,96,540,636,True,0.6290895061728395
Tox21,fedavg_proto,0.5,0,13,200,16,16,0.1,test,client_2,5,37,651,688,True,0.656329140200108
Tox21,fedavg_proto,0.5,0,13,200,16,16,0.1,test,client_2,6,17,637,654,True,0.5497275833410287
Tox21,fedavg_proto,0.5,0,13,200,16,16,0.1,test,client_2,7,111,482,593,True,0.7058988449029944
Tox21,fedavg_proto,0.5,0,13,200,16,16,0.1,test,client_2,8,24,685,709,True,0.7102189781021898
Tox21,fedavg_proto,0.5,0,13,200,16,16,0.1,test,client_2,9,39,600,639,True,0.6926495726495727
Tox21,fedavg_proto,0.5,0,13,200,16,16,0.1,test,client_2,10,98,502,600,True,0.7283518985283357
Tox21,fedavg_proto,0.5,0,13,200,16,16,0.1,test,client_2,11,35,636,671,True,0.7145103324348607
Tox21,fedavg_proto,0.5,0,13,200,16,16,0.1,test,client_3,0,33,701,734,True,0.6596204556261618
Tox21,fedavg_proto,0.5,0,13,200,16,16,0.1,test,client_3,1,25,664,689,True,0.6639759036144578
Tox21,fedavg_proto,0.5,0,13,200,16,16,0.1,test,client_3,2,65,590,655,True,0.8478226857887875
Tox21,fedavg_proto,0.5,0,13,200,16,16,0.1,test,client_3,3,40,560,600,True,0.7038839285714287
Tox21,fedavg_proto,0.5,0,13,200,16,16,0.1,test,client_3,4,96,540,636,True,0.6234375000000001
Tox21,fedavg_proto,0.5,0,13,200,16,16,0.1,test,client_3,5,37,651,688,True,0.6486071324781003
Tox21,fedavg_proto,0.5,0,13,200,16,16,0.1,test,client_3,6,17,637,654,True,0.4772370486656201
Tox21,fedavg_proto,0.5,0,13,200,16,16,0.1,test,client_3,7,111,482,593,True,0.6812268700235505
Tox21,fedavg_proto,0.5,0,13,200,16,16,0.1,test,client_3,8,24,685,709,True,0.7084549878345499
Tox21,fedavg_proto,0.5,0,13,200,16,16,0.1,test,client_3,9,39,600,639,True,0.6862393162393163
Tox21,fedavg_proto,0.5,0,13,200,16,16,0.1,test,client_3,10,98,502,600,True,0.7210952109927636
Tox21,fedavg_proto,0.5,0,13,200,16,16,0.1,test,client_3,11,35,636,671,True,0.713611859838275
Tox21,fedavg_proto,0.5,0,14,200,16,16,0.1,val,server,0,27,706,733,True,0.6527122022872731
Tox21,fedavg_proto,0.5,0,14,200,16,16,0.1,val,server,1,21,659,680,True,0.7205722956861045
Tox21,fedavg_proto,0.5,0,14,200,16,16,0.1,val,server,2,83,573,656,True,0.8466115771988477
Tox21,fedavg_proto,0.5,0,14,200,16,16,0.1,val,server,3,31,553,584,True,0.7555562036983026
Tox21,fedavg_proto,0.5,0,14,200,16,16,0.1,val,server,4,83,531,614,True,0.708324824722619
Tox21,fedavg_proto,0.5,0,14,200,16,16,0.1,val,server,5,49,647,696,True,0.7503390846292148
Tox21,fedavg_proto,0.5,0,14,200,16,16,0.1,val,server,6,18,623,641,True,0.6584626359907259
Tox21,fedavg_proto,0.5,0,14,200,16,16,0.1,val,server,7,89,478,567,True,0.7260354473226459
Tox21,fedavg_proto,0.5,0,14,200,16,16,0.1,val,server,8,32,672,704,True,0.8125465029761905
Tox21,fedavg_proto,0.5,0,14,200,16,16,0.1,val,server,9,33,588,621,True,0.7146464646464646
Tox21,fedavg_proto,0.5,0,14,200,16,16,0.1,val,server,10,103,474,577,True,0.8140182704518455
Tox21,fedavg_proto,0.5,0,14,200,16,16,0.1,val,server,11,42,627,669,True,0.7760689602794866
Tox21,fedavg_proto,0.5,0,14,200,16,16,0.1,val,client_0,0,27,706,733,True,0.648567831287378
Tox21,fedavg_proto,0.5,0,14,200,16,16,0.1,val,client_0,1,21,659,680,True,0.7228123419322205
Tox21,fedavg_proto,0.5,0,14,200,16,16,0.1,val,client_0,2,83,573,656,True,0.862759940284699
Tox21,fedavg_proto,0.5,0,14,200,16,16,0.1,val,client_0,3,31,553,584,True,0.7441812984891792
Tox21,fedavg_proto,0.5,0,14,200,16,16,0.1,val,client_0,4,83,531,614,True,0.7008145576656911
Tox21,fedavg_proto,0.5,0,14,200,16,16,0.1,val,client_0,5,49,647,696,True,0.7305617764880294
Tox21,fedavg_proto,0.5,0,14,200,16,16,0.1,val,client_0,6,18,623,641,True,0.6438380595683967
Tox21,fedavg_proto,0.5,0,14,200,16,16,0.1,val,client_0,7,89,478,567,True,0.73019604155893
Tox21,fedavg_proto,0.5,0,14,200,16,16,0.1,val,client_0,8,32,672,704,True,0.8053850446428571
Tox21,fedavg_proto,0.5,0,14,200,16,16,0.1,val,client_0,9,33,588,621,True,0.7179962894248609
Tox21,fedavg_proto,0.5,0,14,200,16,16,0.1,val,client_0,10,103,474,577,True,0.8097783785998115
Tox21,fedavg_proto,0.5,0,14,200,16,16,0.1,val,client_0,11,42,627,669,True,0.7949039264828739
Tox21,fedavg_proto,0.5,0,14,200,16,16,0.1,val,client_1,0,27,706,733,True,0.6790473192739481
Tox21,fedavg_proto,0.5,0,14,200,16,16,0.1,val,client_1,1,21,659,680,True,0.7274369535371052
Tox21,fedavg_proto,0.5,0,14,200,16,16,0.1,val,client_1,2,83,573,656,True,0.8413970016190415
Tox21,fedavg_proto,0.5,0,14,200,16,16,0.1,val,client_1,3,31,553,584,True,0.7591145073791051
Tox21,fedavg_proto,0.5,0,14,200,16,16,0.1,val,client_1,4,83,531,614,True,0.7130442674653416
Tox21,fedavg_proto,0.5,0,14,200,16,16,0.1,val,client_1,5,49,647,696,True,0.7647225814591678
Tox21,fedavg_proto,0.5,0,14,200,16,16,0.1,val,client_1,6,18,623,641,True,0.652131264490815
Tox21,fedavg_proto,0.5,0,14,200,16,16,0.1,val,client_1,7,89,478,567,True,0.7119787504113582
Tox21,fedavg_proto,0.5,0,14,200,16,16,0.1,val,client_1,8,32,672,704,True,0.8060825892857143
Tox21,fedavg_proto,0.5,0,14,200,16,16,0.1,val,client_1,9,33,588,621,True,0.7076891362605647
Tox21,fedavg_proto,0.5,0,14,200,16,16,0.1,val,client_1,10,103,474,577,True,0.8168243824505346
Tox21,fedavg_proto,0.5,0,14,200,16,16,0.1,val,client_1,11,42,627,669,True,0.7530948583580163
Tox21,fedavg_proto,0.5,0,14,200,16,16,0.1,val,client_2,0,27,706,733,True,0.6817227992865387
Tox21,fedavg_proto,0.5,0,14,200,16,16,0.1,val,client_2,1,21,659,680,True,0.7737553291422791
Tox21,fedavg_proto,0.5,0,14,200,16,16,0.1,val,client_2,2,83,573,656,True,0.830841691372821
Tox21,fedavg_proto,0.5,0,14,200,16,16,0.1,val,client_2,3,31,553,584,True,0.7362480312664061
Tox21,fedavg_proto,0.5,0,14,200,16,16,0.1,val,client_2,4,83,531,614,True,0.7255689424364123
Tox21,fedavg_proto,0.5,0,14,200,16,16,0.1,val,client_2,5,49,647,696,True,0.7718512443617324
Tox21,fedavg_proto,0.5,0,14,200,16,16,0.1,val,client_2,6,18,623,641,True,0.6594435527019796
Tox21,fedavg_proto,0.5,0,14,200,16,16,0.1,val,client_2,7,89,478,567,True,0.7182078886747214
Tox21,fedavg_proto,0.5,0,14,200,16,16,0.1,val,client_2,8,32,672,704,True,0.8426804315476191
Tox21,fedavg_proto,0.5,0,14,200,16,16,0.1,val,client_2,9,33,588,621,True,0.7086167800453514
Tox21,fedavg_proto,0.5,0,14,200,16,16,0.1,val,client_2,10,103,474,577,True,0.803203473843759
Tox21,fedavg_proto,0.5,0,14,200,16,16,0.1,val,client_2,11,42,627,669,True,0.7967266651477177
Tox21,fedavg_proto,0.5,0,14,200,16,16,0.1,val,client_3,0,27,706,733,True,0.6517154548316021
Tox21,fedavg_proto,0.5,0,14,200,16,16,0.1,val,client_3,1,21,659,680,True,0.713996676060409
Tox21,fedavg_proto,0.5,0,14,200,16,16,0.1,val,client_3,2,83,573,656,True,0.8427847515717319
Tox21,fedavg_proto,0.5,0,14,200,16,16,0.1,val,client_3,3,31,553,584,True,0.7551478737677186
Tox21,fedavg_proto,0.5,0,14,200,16,16,0.1,val,client_3,4,83,531,614,True,0.7077122047512083
Tox21,fedavg_proto,0.5,0,14,200,16,16,0.1,val,client_3,5,49,647,696,True,0.7442513326814497
Tox21,fedavg_proto,0.5,0,14,200,16,16,0.1,val,client_3,6,18,623,641,True,0.6658640984483682
Tox21,fedavg_proto,0.5,0,14,200,16,16,0.1,val,client_3,7,89,478,567,True,0.720135395609045
Tox21,fedavg_proto,0.5,0,14,200,16,16,0.1,val,client_3,8,32,672,704,True,0.8053385416666666
Tox21,fedavg_proto,0.5,0,14,200,16,16,0.1,val,client_3,9,33,588,621,True,0.71134817563389
Tox21,fedavg_proto,0.5,0,14,200,16,16,0.1,val,client_3,10,103,474,577,True,0.8136495842038425
Tox21,fedavg_proto,0.5,0,14,200,16,16,0.1,val,client_3,11,42,627,669,True,0.7693096377306903
Tox21,fedavg_proto,0.5,0,14,200,16,16,0.1,test,server,0,33,701,734,True,0.6964077292180003
Tox21,fedavg_proto,0.5,0,14,200,16,16,0.1,test,server,1,25,664,689,True,0.7283132530120482
Tox21,fedavg_proto,0.5,0,14,200,16,16,0.1,test,server,2,65,590,655,True,0.850586701434159
Tox21,fedavg_proto,0.5,0,14,200,16,16,0.1,test,server,3,40,560,600,True,0.7166071428571429
Tox21,fedavg_proto,0.5,0,14,200,16,16,0.1,test,server,4,96,540,636,True,0.6341820987654321
Tox21,fedavg_proto,0.5,0,14,200,16,16,0.1,test,server,5,37,651,688,True,0.669406733922863
Tox21,fedavg_proto,0.5,0,14,200,16,16,0.1,test,server,6,17,637,654,True,0.5219318496629421
Tox21,fedavg_proto,0.5,0,14,200,16,16,0.1,test,server,7,111,482,593,True,0.6903480243729208
Tox21,fedavg_proto,0.5,0,14,200,16,16,0.1,test,server,8,24,685,709,True,0.7038929440389294
Tox21,fedavg_proto,0.5,0,14,200,16,16,0.1,test,server,9,39,600,639,True,0.6991880341880342
Tox21,fedavg_proto,0.5,0,14,200,16,16,0.1,test,server,10,98,502,600,True,0.7326408651109847
Tox21,fedavg_proto,0.5,0,14,200,16,16,0.1,test,server,11,35,636,671,True,0.7216082659478886
Tox21,fedavg_proto,0.5,0,14,200,16,16,0.1,test,client_0,0,33,701,734,True,0.682704361734319
Tox21,fedavg_proto,0.5,0,14,200,16,16,0.1,test,client_0,1,25,664,689,True,0.7222891566265061
Tox21,fedavg_proto,0.5,0,14,200,16,16,0.1,test,client_0,2,65,590,655,True,0.8520599739243807
Tox21,fedavg_proto,0.5,0,14,200,16,16,0.1,test,client_0,3,40,560,600,True,0.7243303571428572
Tox21,fedavg_proto,0.5,0,14,200,16,16,0.1,test,client_0,4,96,540,636,True,0.6282793209876544
Tox21,fedavg_proto,0.5,0,14,200,16,16,0.1,test,client_0,5,37,651,688,True,0.66737244156599
Tox21,fedavg_proto,0.5,0,14,200,16,16,0.1,test,client_0,6,17,637,654,True,0.5357835441869057
Tox21,fedavg_proto,0.5,0,14,200,16,16,0.1,test,client_0,7,111,482,593,True,0.6899181339015364
Tox21,fedavg_proto,0.5,0,14,200,16,16,0.1,test,client_0,8,24,685,709,True,0.7068734793187348
Tox21,fedavg_proto,0.5,0,14,200,16,16,0.1,test,client_0,9,39,600,639,True,0.7011538461538461
Tox21,fedavg_proto,0.5,0,14,200,16,16,0.1,test,client_0,10,98,502,600,True,0.7475607772989674
Tox21,fedavg_proto,0.5,0,14,200,16,16,0.1,test,client_0,11,35,636,671,True,0.7347259658580413
Tox21,fedavg_proto,0.5,0,14,200,16,16,0.1,test,client_1,0,33,701,734,True,0.7009466995201661
Tox21,fedavg_proto,0.5,0,14,200,16,16,0.1,test,client_1,1,25,664,689,True,0.7153012048192772
Tox21,fedavg_proto,0.5,0,14,200,16,16,0.1,test,client_1,2,65,590,655,True,0.8444328552803129
Tox21,fedavg_proto,0.5,0,14,200,16,16,0.1,test,client_1,3,40,560,600,True,0.7037946428571429
Tox21,fedavg_proto,0.5,0,14,200,16,16,0.1,test,client_1,4,96,540,636,True,0.6358989197530864
Tox21,fedavg_proto,0.5,0,14,200,16,16,0.1,test,client_1,5,37,651,688,True,0.6631793083405987
Tox21,fedavg_proto,0.5,0,14,200,16,16,0.1,test,client_1,6,17,637,654,True,0.5070643642072213
Tox21,fedavg_proto,0.5,0,14,200,16,16,0.1,test,client_1,7,111,482,593,True,0.672778587716347
Tox21,fedavg_proto,0.5,0,14,200,16,16,0.1,test,client_1,8,24,685,709,True,0.6834549878345498
Tox21,fedavg_proto,0.5,0,14,200,16,16,0.1,test,client_1,9,39,600,639,True,0.6846153846153846
Tox21,fedavg_proto,0.5,0,14,200,16,16,0.1,test,client_1,10,98,502,600,True,0.7262379055207742
Tox21,fedavg_proto,0.5,0,14,200,16,16,0.1,test,client_1,11,35,636,671,True,0.6968553459119496
Tox21,fedavg_proto,0.5,0,14,200,16,16,0.1,test,client_2,0,33,701,734,True,0.7117537716681797
Tox21,fedavg_proto,0.5,0,14,200,16,16,0.1,test,client_2,1,25,664,689,True,0.7774698795180722
Tox21,fedavg_proto,0.5,0,14,200,16,16,0.1,test,client_2,2,65,590,655,True,0.8328292046936114
Tox21,fedavg_proto,0.5,0,14,200,16,16,0.1,test,client_2,3,40,560,600,True,0.7091071428571428
Tox21,fedavg_proto,0.5,0,14,200,16,16,0.1,test,client_2,4,96,540,636,True,0.640798611111111
Tox21,fedavg_proto,0.5,0,14,200,16,16,0.1,test,client_2,5,37,651,688,True,0.6601901440611119
Tox21,fedavg_proto,0.5,0,14,200,16,16,0.1,test,client_2,6,17,637,654,True,0.5706898143872934
Tox21,fedavg_proto,0.5,0,14,200,16,16,0.1,test,client_2,7,111,482,593,True,0.7127770924451422
Tox21,fedavg_proto,0.5,0,14,200,16,16,0.1,test,client_2,8,24,685,709,True,0.7175182481751824
Tox21,fedavg_proto,0.5,0,14,200,16,16,0.1,test,client_2,9,39,600,639,True,0.7035470085470085
Tox21,fedavg_proto,0.5,0,14,200,16,16,0.1,test,client_2,10,98,502,600,True,0.7203634441824539
Tox21,fedavg_proto,0.5,0,14,200,16,16,0.1,test,client_2,11,35,636,671,True,0.7105121293800538
Tox21,fedavg_proto,0.5,0,14,200,16,16,0.1,test,client_3,0,33,701,734,True,0.6886266372714304
Tox21,fedavg_proto,0.5,0,14,200,16,16,0.1,test,client_3,1,25,664,689,True,0.6978915662650602
Tox21,fedavg_proto,0.5,0,14,200,16,16,0.1,test,client_3,2,65,590,655,True,0.851212516297262
Tox21,fedavg_proto,0.5,0,14,200,16,16,0.1,test,client_3,3,40,560,600,True,0.705625
Tox21,fedavg_proto,0.5,0,14,200,16,16,0.1,test,client_3,4,96,540,636,True,0.6319444444444444
Tox21,fedavg_proto,0.5,0,14,200,16,16,0.1,test,client_3,5,37,651,688,True,0.6609374351309836
Tox21,fedavg_proto,0.5,0,14,200,16,16,0.1,test,client_3,6,17,637,654,True,0.486748545572075
Tox21,fedavg_proto,0.5,0,14,200,16,16,0.1,test,client_3,7,111,482,593,True,0.6804418526410229
Tox21,fedavg_proto,0.5,0,14,200,16,16,0.1,test,client_3,8,24,685,709,True,0.7043795620437955
Tox21,fedavg_proto,0.5,0,14,200,16,16,0.1,test,client_3,9,39,600,639,True,0.696025641025641
Tox21,fedavg_proto,0.5,0,14,200,16,16,0.1,test,client_3,10,98,502,600,True,0.7199162533539313
Tox21,fedavg_proto,0.5,0,14,200,16,16,0.1,test,client_3,11,35,636,671,True,0.7105121293800539
Tox21,fedavg_proto,0.5,0,15,200,16,16,0.1,val,server,0,27,706,733,True,0.6935263875773792
Tox21,fedavg_proto,0.5,0,15,200,16,16,0.1,val,server,1,21,659,680,True,0.7668184117349519
Tox21,fedavg_proto,0.5,0,15,200,16,16,0.1,val,server,2,83,573,656,True,0.8458966757080678
Tox21,fedavg_proto,0.5,0,15,200,16,16,0.1,val,server,3,31,553,584,True,0.7545645452954558
Tox21,fedavg_proto,0.5,0,15,200,16,16,0.1,val,server,4,83,531,614,True,0.7174914346652145
Tox21,fedavg_proto,0.5,0,15,200,16,16,0.1,val,server,5,49,647,696,True,0.7687600542535407
Tox21,fedavg_proto,0.5,0,15,200,16,16,0.1,val,server,6,18,623,641,True,0.6588193329766364
Tox21,fedavg_proto,0.5,0,15,200,16,16,0.1,val,server,7,89,478,567,True,0.7293733251845236
Tox21,fedavg_proto,0.5,0,15,200,16,16,0.1,val,server,8,32,672,704,True,0.8191964285714286
Tox21,fedavg_proto,0.5,0,15,200,16,16,0.1,val,server,9,33,588,621,True,0.7169655741084313
Tox21,fedavg_proto,0.5,0,15,200,16,16,0.1,val,server,10,103,474,577,True,0.8186473311212158
Tox21,fedavg_proto,0.5,0,15,200,16,16,0.1,val,server,11,42,627,669,True,0.7851826536037063
Tox21,fedavg_proto,0.5,0,15,200,16,16,0.1,val,client_0,0,27,706,733,True,0.6604763403630258
Tox21,fedavg_proto,0.5,0,15,200,16,16,0.1,val,client_0,1,21,659,680,True,0.734301611388106
Tox21,fedavg_proto,0.5,0,15,200,16,16,0.1,val,client_0,2,83,573,656,True,0.8633907357177402
Tox21,fedavg_proto,0.5,0,15,200,16,16,0.1,val,client_0,3,31,553,584,True,0.7374146882109316
Tox21,fedavg_proto,0.5,0,15,200,16,16,0.1,val,client_0,4,83,531,614,True,0.7001338688085676
Tox21,fedavg_proto,0.5,0,15,200,16,16,0.1,val,client_0,5,49,647,696,True,0.7368072422168249
Tox21,fedavg_proto,0.5,0,15,200,16,16,0.1,val,client_0,6,18,623,641,True,0.6491885143570536
Tox21,fedavg_proto,0.5,0,15,200,16,16,0.1,val,client_0,7,89,478,567,True,0.72927930045602
Tox21,fedavg_proto,0.5,0,15,200,16,16,0.1,val,client_0,8,32,672,704,True,0.8102213541666667
Tox21,fedavg_proto,0.5,0,15,200,16,16,0.1,val,client_0,9,33,588,621,True,0.7207276850133993
Tox21,fedavg_proto,0.5,0,15,200,16,16,0.1,val,client_0,10,103,474,577,True,0.8133013805251732
Tox21,fedavg_proto,0.5,0,15,200,16,16,0.1,val,client_0,11,42,627,669,True,0.7922837396521607
Tox21,fedavg_proto,0.5,0,15,200,16,16,0.1,val,client_1,0,27,706,733,True,0.7315601720700872
Tox21,fedavg_proto,0.5,0,15,200,16,16,0.1,val,client_1,1,21,659,680,True,0.779319314979406
Tox21,fedavg_proto,0.5,0,15,200,16,16,0.1,val,client_1,2,83,573,656,True,0.8386004751992262
Tox21,fedavg_proto,0.5,0,15,200,16,16,0.1,val,client_1,3,31,553,584,True,0.7644227964766961
Tox21,fedavg_proto,0.5,0,15,200,16,16,0.1,val,client_1,4,83,531,614,True,0.7245705987792979
Tox21,fedavg_proto,0.5,0,15,200,16,16,0.1,val,client_1,5,49,647,696,True,0.784247547550705
Tox21,fedavg_proto,0.5,0,15,200,16,16,0.1,val,client_1,6,18,623,641,True,0.6313536650615302
Tox21,fedavg_proto,0.5,0,15,200,16,16,0.1,val,client_1,7,89,478,567,True,0.7158807766442574
Tox21,fedavg_proto,0.5,0,15,200,16,16,0.1,val,client_1,8,32,672,704,True,0.7964099702380952
Tox21,fedavg_proto,0.5,0,15,200,16,16,0.1,val,client_1,9,33,588,621,True,0.7069160997732427
Tox21,fedavg_proto,0.5,0,15,200,16,16,0.1,val,client_1,10,103,474,577,True,0.8208594486092335
Tox21,fedavg_proto,0.5,0,15,200,16,16,0.1,val,client_1,11,42,627,669,True,0.7557150451887296
Tox21,fedavg_proto,0.5,0,15,200,16,16,0.1,val,client_2,0,27,706,733,True,0.7206484104501101
Tox21,fedavg_proto,0.5,0,15,200,16,16,0.1,val,client_2,1,21,659,680,True,0.8148710166919575
Tox21,fedavg_proto,0.5,0,15,200,16,16,0.1,val,client_2,2,83,573,656,True,0.8266574150003154
Tox21,fedavg_proto,0.5,0,15,200,16,16,0.1,val,client_2,3,31,553,584,True,0.7274981041824651
Tox21,fedavg_proto,0.5,0,15,200,16,16,0.1,val,client_2,4,83,531,614,True,0.731173280693395
Tox21,fedavg_proto,0.5,0,15,200,16,16,0.1,val,client_2,5,49,647,696,True,0.7823549821783428
Tox21,fedavg_proto,0.5,0,15,200,16,16,0.1,val,client_2,6,18,623,641,True,0.6639914392723382
Tox21,fedavg_proto,0.5,0,15,200,16,16,0.1,val,client_2,7,89,478,567,True,0.7161628508297682
Tox21,fedavg_proto,0.5,0,15,200,16,16,0.1,val,client_2,8,32,672,704,True,0.8445405505952381
Tox21,fedavg_proto,0.5,0,15,200,16,16,0.1,val,client_2,9,33,588,621,True,0.6982065553494127
Tox21,fedavg_proto,0.5,0,15,200,16,16,0.1,val,client_2,10,103,474,577,True,0.8049649748064397
Tox21,fedavg_proto,0.5,0,15,200,16,16,0.1,val,client_2,11,42,627,669,True,0.801359459254196
Tox21,fedavg_proto,0.5,0,15,200,16,16,0.1,val,client_3,0,27,706,733,True,0.6882278879446018
Tox21,fedavg_proto,0.5,0,15,200,16,16,0.1,val,client_3,1,21,659,680,True,0.7525832791386662
Tox21,fedavg_proto,0.5,0,15,200,16,16,0.1,val,client_3,2,83,573,656,True,0.8427847515717319
Tox21,fedavg_proto,0.5,0,15,200,16,16,0.1,val,client_3,3,31,553,584,True,0.7570728577261856
Tox21,fedavg_proto,0.5,0,15,200,16,16,0.1,val,client_3,4,83,531,614,True,0.7157897125224062
Tox21,fedavg_proto,0.5,0,15,200,16,16,0.1,val,client_3,5,49,647,696,True,0.7586348295114027
Tox21,fedavg_proto,0.5,0,15,200,16,16,0.1,val,client_3,6,18,623,641,True,0.6673800606384876
Tox21,fedavg_proto,0.5,0,15,200,16,16,0.1,val,client_3,7,89,478,567,True,0.720182407973297
Tox21,fedavg_proto,0.5,0,15,200,16,16,0.1,val,client_3,8,32,672,704,True,0.8073846726190476
Tox21,fedavg_proto,0.5,0,15,200,16,16,0.1,val,client_3,9,33,588,621,True,0.7119666048237477
Tox21,fedavg_proto,0.5,0,15,200,16,16,0.1,val,client_3,10,103,474,577,True,0.8173978943918725
Tox21,fedavg_proto,0.5,0,15,200,16,16,0.1,val,client_3,11,42,627,669,True,0.7784992784992786
Tox21,fedavg_proto,0.5,0,15,200,16,16,0.1,test,server,0,33,701,734,True,0.7353131889508494
Tox21,fedavg_proto,0.5,0,15,200,16,16,0.1,test,server,1,25,664,689,True,0.767710843373494
Tox21,fedavg_proto,0.5,0,15,200,16,16,0.1,test,server,2,65,590,655,True,0.8464928292046936
Tox21,fedavg_proto,0.5,0,15,200,16,16,0.1,test,server,3,40,560,600,True,0.7176339285714286
Tox21,fedavg_proto,0.5,0,15,200,16,16,0.1,test,server,4,96,540,636,True,0.6493248456790124
Tox21,fedavg_proto,0.5,0,15,200,16,16,0.1,test,server,5,37,651,688,True,0.6837713289326194
Tox21,fedavg_proto,0.5,0,15,200,16,16,0.1,test,server,6,17,637,654,True,0.5322744482408348
Tox21,fedavg_proto,0.5,0,15,200,16,16,0.1,test,server,7,111,482,593,True,0.6978991439572353
Tox21,fedavg_proto,0.5,0,15,200,16,16,0.1,test,server,8,24,685,709,True,0.7066301703163017
Tox21,fedavg_proto,0.5,0,15,200,16,16,0.1,test,server,9,39,600,639,True,0.7059829059829059
Tox21,fedavg_proto,0.5,0,15,200,16,16,0.1,test,server,10,98,502,600,True,0.7364216602975852
Tox21,fedavg_proto,0.5,0,15,200,16,16,0.1,test,server,11,35,636,671,True,0.7265498652291105
Tox21,fedavg_proto,0.5,0,15,200,16,16,0.1,test,client_0,0,33,701,734,True,0.7032810271041371
Tox21,fedavg_proto,0.5,0,15,200,16,16,0.1,test,client_0,1,25,664,689,True,0.7528915662650602
Tox21,fedavg_proto,0.5,0,15,200,16,16,0.1,test,client_0,2,65,590,655,True,0.8557496740547588
Tox21,fedavg_proto,0.5,0,15,200,16,16,0.1,test,client_0,3,40,560,600,True,0.7271428571428571
Tox21,fedavg_proto,0.5,0,15,200,16,16,0.1,test,client_0,4,96,540,636,True,0.6331983024691358
Tox21,fedavg_proto,0.5,0,15,200,16,16,0.1,test,client_0,5,37,651,688,True,0.6736413833188026
Tox21,fedavg_proto,0.5,0,15,200,16,16,0.1,test,client_0,6,17,637,654,True,0.5488041370394312
Tox21,fedavg_proto,0.5,0,15,200,16,16,0.1,test,client_0,7,111,482,593,True,0.6916937684572539
Tox21,fedavg_proto,0.5,0,15,200,16,16,0.1,test,client_0,8,24,685,709,True,0.7030413625304136
Tox21,fedavg_proto,0.5,0,15,200,16,16,0.1,test,client_0,9,39,600,639,True,0.7026923076923077
Tox21,fedavg_proto,0.5,0,15,200,16,16,0.1,test,client_0,10,98,502,600,True,0.7456093991381413
Tox21,fedavg_proto,0.5,0,15,200,16,16,0.1,test,client_0,11,35,636,671,True,0.727717879604672
Tox21,fedavg_proto,0.5,0,15,200,16,16,0.1,test,client_1,0,33,701,734,True,0.7365668093200192
Tox21,fedavg_proto,0.5,0,15,200,16,16,0.1,test,client_1,1,25,664,689,True,0.7675903614457832
Tox21,fedavg_proto,0.5,0,15,200,16,16,0.1,test,client_1,2,65,590,655,True,0.8313689700130378
Tox21,fedavg_proto,0.5,0,15,200,16,16,0.1,test,client_1,3,40,560,600,True,0.6979464285714286
Tox21,fedavg_proto,0.5,0,15,200,16,16,0.1,test,client_1,4,96,540,636,True,0.6556809413580247
Tox21,fedavg_proto,0.5,0,15,200,16,16,0.1,test,client_1,5,37,651,688,True,0.6953128243450823
Tox21,fedavg_proto,0.5,0,15,200,16,16,0.1,test,client_1,6,17,637,654,True,0.5141749007295227
Tox21,fedavg_proto,0.5,0,15,200,16,16,0.1,test,client_1,7,111,482,593,True,0.6885536989271428
Tox21,fedavg_proto,0.5,0,15,200,16,16,0.1,test,client_1,8,24,685,709,True,0.6936739659367396
Tox21,fedavg_proto,0.5,0,15,200,16,16,0.1,test,client_1,9,39,600,639,True,0.698034188034188
Tox21,fedavg_proto,0.5,0,15,200,16,16,0.1,test,client_1,10,98,502,600,True,0.7307301406618424
Tox21,fedavg_proto,0.5,0,15,200,16,16,0.1,test,client_1,11,35,636,671,True,0.7141958670260558
Tox21,fedavg_proto,0.5,0,15,200,16,16,0.1,test,client_2,0,33,701,734,True,0.7455150650585743
Tox21,fedavg_proto,0.5,0,15,200,16,16,0.1,test,client_2,1,25,664,689,True,0.7990361445783131
Tox21,fedavg_proto,0.5,0,15,200,16,16,0.1,test,client_2,2,65,590,655,True,0.8213559322033899
Tox21,fedavg_proto,0.5,0,15,200,16,16,0.1,test,client_2,3,40,560,600,True,0.7228125
Tox21,fedavg_proto,0.5,0,15,200,16,16,0.1,test,client_2,4,96,540,636,True,0.6504436728395061
Tox21,fedavg_proto,0.5,0,15,200,16,16,0.1,test,client_2,5,37,651,688,True,0.6724374143728982
Tox21,fedavg_proto,0.5,0,15,200,16,16,0.1,test,client_2,6,17,637,654,True,0.6094745590543911
Tox21,fedavg_proto,0.5,0,15,200,16,16,0.1,test,client_2,7,111,482,593,True,0.7218608650143921
Tox21,fedavg_proto,0.5,0,15,200,16,16,0.1,test,client_2,8,24,685,709,True,0.7001216545012166
Tox21,fedavg_proto,0.5,0,15,200,16,16,0.1,test,client_2,9,39,600,639,True,0.7142307692307692
Tox21,fedavg_proto,0.5,0,15,200,16,16,0.1,test,client_2,10,98,502,600,True,0.7298154321489552
Tox21,fedavg_proto,0.5,0,15,200,16,16,0.1,test,client_2,11,35,636,671,True,0.7186882300089847
Tox21,fedavg_proto,0.5,0,15,200,16,16,0.1,test,client_3,0,33,701,734,True,0.7284398910647127
Tox21,fedavg_proto,0.5,0,15,200,16,16,0.1,test,client_3,1,25,664,689,True,0.7378313253012048
Tox21,fedavg_proto,0.5,0,15,200,16,16,0.1,test,client_3,2,65,590,655,True,0.8471447196870926
Tox21,fedavg_proto,0.5,0,15,200,16,16,0.1,test,client_3,3,40,560,600,True,0.7080803571428571
Tox21,fedavg_proto,0.5,0,15,200,16,16,0.1,test,client_3,4,96,540,636,True,0.644849537037037
Tox21,fedavg_proto,0.5,0,15,200,16,16,0.1,test,client_3,5,37,651,688,True,0.6813633910408103
Tox21,fedavg_proto,0.5,0,15,200,16,16,0.1,test,client_3,6,17,637,654,True,0.49875334749284334
Tox21,fedavg_proto,0.5,0,15,200,16,16,0.1,test,client_3,7,111,482,593,True,0.69027326081268
Tox21,fedavg_proto,0.5,0,15,200,16,16,0.1,test,client_3,8,24,685,709,True,0.7102189781021898
Tox21,fedavg_proto,0.5,0,15,200,16,16,0.1,test,client_3,9,39,600,639,True,0.6989316239316239
Tox21,fedavg_proto,0.5,0,15,200,16,16,0.1,test,client_3,10,98,502,600,True,0.7284332059517035
Tox21,fedavg_proto,0.5,0,15,200,16,16,0.1,test,client_3,11,35,636,671,True,0.7231805929919138
Tox21,fedavg_proto,0.5,0,16,200,16,16,0.1,val,server,0,27,706,733,True,0.7254747665512538
Tox21,fedavg_proto,0.5,0,16,200,16,16,0.1,val,server,1,21,659,680,True,0.8016475178842403
Tox21,fedavg_proto,0.5,0,16,200,16,16,0.1,val,server,2,83,573,656,True,0.8493660505897938
Tox21,fedavg_proto,0.5,0,16,200,16,16,0.1,val,server,3,31,553,584,True,0.7406229948083766
Tox21,fedavg_proto,0.5,0,16,200,16,16,0.1,val,server,4,83,531,614,True,0.7264992172078143
Tox21,fedavg_proto,0.5,0,16,200,16,16,0.1,val,server,5,49,647,696,True,0.7881903920764597
Tox21,fedavg_proto,0.5,0,16,200,16,16,0.1,val,server,6,18,623,641,True,0.652398787230248
Tox21,fedavg_proto,0.5,0,16,200,16,16,0.1,val,server,7,89,478,567,True,0.7295613746415308
Tox21,fedavg_proto,0.5,0,16,200,16,16,0.1,val,server,8,32,672,704,True,0.8339843749999999
Tox21,fedavg_proto,0.5,0,16,200,16,16,0.1,val,server,9,33,588,621,True,0.7144918573490002
Tox21,fedavg_proto,0.5,0,16,200,16,16,0.1,val,server,10,103,474,577,True,0.8211052394412355
Tox21,fedavg_proto,0.5,0,16,200,16,16,0.1,val,server,11,42,627,669,True,0.7900812637654743
Tox21,fedavg_proto,0.5,0,16,200,16,16,0.1,val,client_0,0,27,706,733,True,0.7276781030322107
Tox21,fedavg_proto,0.5,0,16,200,16,16,0.1,val,client_0,1,21,659,680,True,0.8099573668617674
Tox21,fedavg_proto,0.5,0,16,200,16,16,0.1,val,client_0,2,83,573,656,True,0.8567463571563741
Tox21,fedavg_proto,0.5,0,16,200,16,16,0.1,val,client_0,3,31,553,584,True,0.7183398471679402
Tox21,fedavg_proto,0.5,0,16,200,16,16,0.1,val,client_0,4,83,531,614,True,0.7106391668368388
Tox21,fedavg_proto,0.5,0,16,200,16,16,0.1,val,client_0,5,49,647,696,True,0.7641863546036654
Tox21,fedavg_proto,0.5,0,16,200,16,16,0.1,val,client_0,6,18,623,641,True,0.6255573390404852
Tox21,fedavg_proto,0.5,0,16,200,16,16,0.1,val,client_0,7,89,478,567,True,0.7325936721357718
Tox21,fedavg_proto,0.5,0,16,200,16,16,0.1,val,client_0,8,32,672,704,True,0.8297526041666667
Tox21,fedavg_proto,0.5,0,16,200,16,16,0.1,val,client_0,9,33,588,621,True,0.7212430426716141
Tox21,fedavg_proto,0.5,0,16,200,16,16,0.1,val,client_0,10,103,474,577,True,0.8078939822211297
Tox21,fedavg_proto,0.5,0,16,200,16,16,0.1,val,client_0,11,42,627,669,True,0.7950558213716108
Tox21,fedavg_proto,0.5,0,16,200,16,16,0.1,val,client_1,0,27,706,733,True,0.7328192214877767
Tox21,fedavg_proto,0.5,0,16,200,16,16,0.1,val,client_1,1,21,659,680,True,0.7944215622516078
Tox21,fedavg_proto,0.5,0,16,200,16,16,0.1,val,client_1,2,83,573,656,True,0.839820013036439
Tox21,fedavg_proto,0.5,0,16,200,16,16,0.1,val,client_1,3,31,553,584,True,0.7543895467537771
Tox21,fedavg_proto,0.5,0,16,200,16,16,0.1,val,client_1,4,83,531,614,True,0.7301522474077099
Tox21,fedavg_proto,0.5,0,16,200,16,16,0.1,val,client_1,5,49,647,696,True,0.7920701510898023
Tox21,fedavg_proto,0.5,0,16,200,16,16,0.1,val,client_1,6,18,623,641,True,0.6411628321740682
Tox21,fedavg_proto,0.5,0,16,200,16,16,0.1,val,client_1,7,89,478,567,True,0.7170090733863006
Tox21,fedavg_proto,0.5,0,16,200,16,16,0.1,val,client_1,8,32,672,704,True,0.8137090773809526
Tox21,fedavg_proto,0.5,0,16,200,16,16,0.1,val,client_1,9,33,588,621,True,0.7131519274376417
Tox21,fedavg_proto,0.5,0,16,200,16,16,0.1,val,client_1,10,103,474,577,True,0.8224775715865799
Tox21,fedavg_proto,0.5,0,16,200,16,16,0.1,val,client_1,11,42,627,669,True,0.7603478392952078
Tox21,fedavg_proto,0.5,0,16,200,16,16,0.1,val,client_2,0,27,706,733,True,0.7300912810827824
Tox21,fedavg_proto,0.5,0,16,200,16,16,0.1,val,client_2,1,21,659,680,True,0.8218801936556109
Tox21,fedavg_proto,0.5,0,16,200,16,16,0.1,val,client_2,2,83,573,656,True,0.8346895435143716
Tox21,fedavg_proto,0.5,0,16,200,16,16,0.1,val,client_2,3,31,553,584,True,0.7186898442512979
Tox21,fedavg_proto,0.5,0,16,200,16,16,0.1,val,client_2,4,83,531,614,True,0.7316951421505231
Tox21,fedavg_proto,0.5,0,16,200,16,16,0.1,val,client_2,5,49,647,696,True,0.7815033277607798
Tox21,fedavg_proto,0.5,0,16,200,16,16,0.1,val,client_2,6,18,623,641,True,0.6515070447654717
Tox21,fedavg_proto,0.5,0,16,200,16,16,0.1,val,client_2,7,89,478,567,True,0.7152226035447323
Tox21,fedavg_proto,0.5,0,16,200,16,16,0.1,val,client_2,8,32,672,704,True,0.8441685267857143
Tox21,fedavg_proto,0.5,0,16,200,16,16,0.1,val,client_2,9,33,588,621,True,0.6971758400329829
Tox21,fedavg_proto,0.5,0,16,200,16,16,0.1,val,client_2,10,103,474,577,True,0.8081807381917988
Tox21,fedavg_proto,0.5,0,16,200,16,16,0.1,val,client_2,11,42,627,669,True,0.8022328548644339
Tox21,fedavg_proto,0.5,0,16,200,16,16,0.1,val,client_3,0,27,706,733,True,0.7102087923617668
Tox21,fedavg_proto,0.5,0,16,200,16,16,0.1,val,client_3,1,21,659,680,True,0.7843052243659223
Tox21,fedavg_proto,0.5,0,16,200,16,16,0.1,val,client_3,2,83,573,656,True,0.8482516453247544
Tox21,fedavg_proto,0.5,0,16,200,16,16,0.1,val,client_3,3,31,553,584,True,0.7483229306422446
Tox21,fedavg_proto,0.5,0,16,200,16,16,0.1,val,client_3,4,83,531,614,True,0.7281328704649105
Tox21,fedavg_proto,0.5,0,16,200,16,16,0.1,val,client_3,5,49,647,696,True,0.7836482351827903
Tox21,fedavg_proto,0.5,0,16,200,16,16,0.1,val,client_3,6,18,623,641,True,0.6655074014624576
Tox21,fedavg_proto,0.5,0,16,200,16,16,0.1,val,client_3,7,89,478,567,True,0.7198063090592826
Tox21,fedavg_proto,0.5,0,16,200,16,16,0.1,val,client_3,8,32,672,704,True,0.8141276041666667
Tox21,fedavg_proto,0.5,0,16,200,16,16,0.1,val,client_3,9,33,588,621,True,0.7050608122036695
Tox21,fedavg_proto,0.5,0,16,200,16,16,0.1,val,client_3,10,103,474,577,True,0.8166810044652001
Tox21,fedavg_proto,0.5,0,16,200,16,16,0.1,val,client_3,11,42,627,669,True,0.7658160552897396
Tox21,fedavg_proto,0.5,0,16,200,16,16,0.1,test,server,0,33,701,734,True,0.7566247352267325
Tox21,fedavg_proto,0.5,0,16,200,16,16,0.1,test,server,1,25,664,689,True,0.7935542168674699
Tox21,fedavg_proto,0.5,0,16,200,16,16,0.1,test,server,2,65,590,655,True,0.8518644067796611
Tox21,fedavg_proto,0.5,0,16,200,16,16,0.1,test,server,3,40,560,600,True,0.7196875
Tox21,fedavg_proto,0.5,0,16,200,16,16,0.1,test,server,4,96,540,636,True,0.6549575617283949
Tox21,fedavg_proto,0.5,0,16,200,16,16,0.1,test,server,5,37,651,688,True,0.6965167932909868
Tox21,fedavg_proto,0.5,0,16,200,16,16,0.1,test,server,6,17,637,654,True,0.5356911995567457
Tox21,fedavg_proto,0.5,0,16,200,16,16,0.1,test,server,7,111,482,593,True,0.6984785615491009
Tox21,fedavg_proto,0.5,0,16,200,16,16,0.1,test,server,8,24,685,709,True,0.7076642335766423
Tox21,fedavg_proto,0.5,0,16,200,16,16,0.1,test,server,9,39,600,639,True,0.7035470085470086
Tox21,fedavg_proto,0.5,0,16,200,16,16,0.1,test,server,10,98,502,600,True,0.7391454589804048
Tox21,fedavg_proto,0.5,0,16,200,16,16,0.1,test,server,11,35,636,671,True,0.7203953279424977
Tox21,fedavg_proto,0.5,0,16,200,16,16,0.1,test,client_0,0,33,701,734,True,0.753123243850776
Tox21,fedavg_proto,0.5,0,16,200,16,16,0.1,test,client_0,1,25,664,689,True,0.8025301204819277
Tox21,fedavg_proto,0.5,0,16,200,16,16,0.1,test,client_0,2,65,590,655,True,0.8520990873533247
Tox21,fedavg_proto,0.5,0,16,200,16,16,0.1,test,client_0,3,40,560,600,True,0.7242857142857144
Tox21,fedavg_proto,0.5,0,16,200,16,16,0.1,test,client_0,4,96,540,636,True,0.6509837962962963
Tox21,fedavg_proto,0.5,0,16,200,16,16,0.1,test,client_0,5,37,651,688,True,0.6985095694773114
Tox21,fedavg_proto,0.5,0,16,200,16,16,0.1,test,client_0,6,17,637,654,True,0.5587773570966847
Tox21,fedavg_proto,0.5,0,16,200,16,16,0.1,test,client_0,7,111,482,593,True,0.7024971029120406
Tox21,fedavg_proto,0.5,0,16,200,16,16,0.1,test,client_0,8,24,685,709,True,0.7085766423357664
Tox21,fedavg_proto,0.5,0,16,200,16,16,0.1,test,client_0,9,39,600,639,True,0.7073504273504273
Tox21,fedavg_proto,0.5,0,16,200,16,16,0.1,test,client_0,10,98,502,600,True,0.7479469875599641
Tox21,fedavg_proto,0.5,0,16,200,16,16,0.1,test,client_0,11,35,636,671,True,0.7265498652291105
Tox21,fedavg_proto,0.5,0,16,200,16,16,0.1,test,client_1,0,33,701,734,True,0.7458608913673107
Tox21,fedavg_proto,0.5,0,16,200,16,16,0.1,test,client_1,1,25,664,689,True,0.773012048192771
Tox21,fedavg_proto,0.5,0,16,200,16,16,0.1,test,client_1,2,65,590,655,True,0.8477705345501956
Tox21,fedavg_proto,0.5,0,16,200,16,16,0.1,test,client_1,3,40,560,600,True,0.7013839285714285
Tox21,fedavg_proto,0.5,0,16,200,16,16,0.1,test,client_1,4,96,540,636,True,0.6576774691358024
Tox21,fedavg_proto,0.5,0,16,200,16,16,0.1,test,client_1,5,37,651,688,True,0.6962261800971479
Tox21,fedavg_proto,0.5,0,16,200,16,16,0.1,test,client_1,6,17,637,654,True,0.5046634038230677
Tox21,fedavg_proto,0.5,0,16,200,16,16,0.1,test,client_1,7,111,482,593,True,0.6839744308623976
Tox21,fedavg_proto,0.5,0,16,200,16,16,0.1,test,client_1,8,24,685,709,True,0.696654501216545
Tox21,fedavg_proto,0.5,0,16,200,16,16,0.1,test,client_1,9,39,600,639,True,0.6915384615384614
Tox21,fedavg_proto,0.5,0,16,200,16,16,0.1,test,client_1,10,98,502,600,True,0.7310756972111554
Tox21,fedavg_proto,0.5,0,16,200,16,16,0.1,test,client_1,11,35,636,671,True,0.7069631626235399
Tox21,fedavg_proto,0.5,0,16,200,16,16,0.1,test,client_2,0,33,701,734,True,0.7604288246228332
Tox21,fedavg_proto,0.5,0,16,200,16,16,0.1,test,client_2,1,25,664,689,True,0.8116265060240964
Tox21,fedavg_proto,0.5,0,16,200,16,16,0.1,test,client_2,2,65,590,655,True,0.8287092568448501
Tox21,fedavg_proto,0.5,0,16,200,16,16,0.1,test,client_2,3,40,560,600,True,0.7270089285714285
Tox21,fedavg_proto,0.5,0,16,200,16,16,0.1,test,client_2,4,96,540,636,True,0.6564814814814813
Tox21,fedavg_proto,0.5,0,16,200,16,16,0.1,test,client_2,5,37,651,688,True,0.6809482293353261
Tox21,fedavg_proto,0.5,0,16,200,16,16,0.1,test,client_2,6,17,637,654,True,0.6271123834149044
Tox21,fedavg_proto,0.5,0,16,200,16,16,0.1,test,client_2,7,111,482,593,True,0.7232626817689057
Tox21,fedavg_proto,0.5,0,16,200,16,16,0.1,test,client_2,8,24,685,709,True,0.6986009732360097
Tox21,fedavg_proto,0.5,0,16,200,16,16,0.1,test,client_2,9,39,600,639,True,0.7182905982905983
Tox21,fedavg_proto,0.5,0,16,200,16,16,0.1,test,client_2,10,98,502,600,True,0.7364419871534271
Tox21,fedavg_proto,0.5,0,16,200,16,16,0.1,test,client_2,11,35,636,671,True,0.7234950584007187
Tox21,fedavg_proto,0.5,0,16,200,16,16,0.1,test,client_3,0,33,701,734,True,0.7462931742532314
Tox21,fedavg_proto,0.5,0,16,200,16,16,0.1,test,client_3,1,25,664,689,True,0.7579518072289156
Tox21,fedavg_proto,0.5,0,16,200,16,16,0.1,test,client_3,2,65,590,655,True,0.8506127770534551
Tox21,fedavg_proto,0.5,0,16,200,16,16,0.1,test,client_3,3,40,560,600,True,0.710625
Tox21,fedavg_proto,0.5,0,16,200,16,16,0.1,test,client_3,4,96,540,636,True,0.6547453703703704
Tox21,fedavg_proto,0.5,0,16,200,16,16,0.1,test,client_3,5,37,651,688,True,0.6995474737410221
Tox21,fedavg_proto,0.5,0,16,200,16,16,0.1,test,client_3,6,17,637,654,True,0.5044787145627482
Tox21,fedavg_proto,0.5,0,16,200,16,16,0.1,test,client_3,7,111,482,593,True,0.6846846846846847
Tox21,fedavg_proto,0.5,0,16,200,16,16,0.1,test,client_3,8,24,685,709,True,0.697749391727494
Tox21,fedavg_proto,0.5,0,16,200,16,16,0.1,test,client_3,9,39,600,639,True,0.6957692307692308
Tox21,fedavg_proto,0.5,0,16,200,16,16,0.1,test,client_3,10,98,502,600,True,0.7339011301731848
Tox21,fedavg_proto,0.5,0,16,200,16,16,0.1,test,client_3,11,35,636,671,True,0.717475292003594
Tox21,fedavg_proto,0.5,0,17,200,16,16,0.1,val,server,0,27,706,733,True,0.7291469940195152
Tox21,fedavg_proto,0.5,0,17,200,16,16,0.1,val,server,1,21,659,680,True,0.8127032300021677
Tox21,fedavg_proto,0.5,0,17,200,16,16,0.1,val,server,2,83,573,656,True,0.8519102588363927
Tox21,fedavg_proto,0.5,0,17,200,16,16,0.1,val,server,3,31,553,584,True,0.7373563553637054
Tox21,fedavg_proto,0.5,0,17,200,16,16,0.1,val,server,4,83,531,614,True,0.7294488689220158
Tox21,fedavg_proto,0.5,0,17,200,16,16,0.1,val,server,5,49,647,696,True,0.7929218055073652
Tox21,fedavg_proto,0.5,0,17,200,16,16,0.1,val,server,6,18,623,641,True,0.6526663099696807
Tox21,fedavg_proto,0.5,0,17,200,16,16,0.1,val,server,7,89,478,567,True,0.7314888815758545
Tox21,fedavg_proto,0.5,0,17,200,16,16,0.1,val,server,8,32,672,704,True,0.8325427827380953
Tox21,fedavg_proto,0.5,0,17,200,16,16,0.1,val,server,9,33,588,621,True,0.7109358895073181
Tox21,fedavg_proto,0.5,0,17,200,16,16,0.1,val,server,10,103,474,577,True,0.8253246487239358
Tox21,fedavg_proto,0.5,0,17,200,16,16,0.1,val,server,11,42,627,669,True,0.7914862914862916
Tox21,fedavg_proto,0.5,0,17,200,16,16,0.1,val,client_0,0,27,706,733,True,0.7236386528171231
Tox21,fedavg_proto,0.5,0,17,200,16,16,0.1,val,client_0,1,21,659,680,True,0.811836115326252
Tox21,fedavg_proto,0.5,0,17,200,16,16,0.1,val,client_0,2,83,573,656,True,0.8583653987678461
Tox21,fedavg_proto,0.5,0,17,200,16,16,0.1,val,client_0,3,31,553,584,True,0.7204981625153124
Tox21,fedavg_proto,0.5,0,17,200,16,16,0.1,val,client_0,4,83,531,614,True,0.7140199214938852
Tox21,fedavg_proto,0.5,0,17,200,16,16,0.1,val,client_0,5,49,647,696,True,0.7729236980727376
Tox21,fedavg_proto,0.5,0,17,200,16,16,0.1,val,client_0,6,18,623,641,True,0.6288567861601569
Tox21,fedavg_proto,0.5,0,17,200,16,16,0.1,val,client_0,7,89,478,567,True,0.7382821682102393
Tox21,fedavg_proto,0.5,0,17,200,16,16,0.1,val,client_0,8,32,672,704,True,0.8253348214285713
Tox21,fedavg_proto,0.5,0,17,200,16,16,0.1,val,client_0,9,33,588,621,True,0.7195423623995053
Tox21,fedavg_proto,0.5,0,17,200,16,16,0.1,val,client_0,10,103,474,577,True,0.8159436319691942
Tox21,fedavg_proto,0.5,0,17,200,16,16,0.1,val,client_0,11,42,627,669,True,0.8005620110883269
Tox21,fedavg_proto,0.5,0,17,200,16,16,0.1,val,client_1,0,27,706,733,True,0.7363865281712307
Tox21,fedavg_proto,0.5,0,17,200,16,16,0.1,val,client_1,1,21,659,680,True,0.8012139605462822
Tox21,fedavg_proto,0.5,0,17,200,16,16,0.1,val,client_1,2,83,573,656,True,0.8501019785950082
Tox21,fedavg_proto,0.5,0,17,200,16,16,0.1,val,client_1,3,31,553,584,True,0.7575978533512221
Tox21,fedavg_proto,0.5,0,17,200,16,16,0.1,val,client_1,4,83,531,614,True,0.732398520636217
Tox21,fedavg_proto,0.5,0,17,200,16,16,0.1,val,client_1,5,49,647,696,True,0.7924171214080686
Tox21,fedavg_proto,0.5,0,17,200,16,16,0.1,val,client_1,6,18,623,641,True,0.63697164258962
Tox21,fedavg_proto,0.5,0,17,200,16,16,0.1,val,client_1,7,89,478,567,True,0.7196182596022754
Tox21,fedavg_proto,0.5,0,17,200,16,16,0.1,val,client_1,8,32,672,704,True,0.7981305803571429
Tox21,fedavg_proto,0.5,0,17,200,16,16,0.1,val,client_1,9,33,588,621,True,0.7081529581529582
Tox21,fedavg_proto,0.5,0,17,200,16,16,0.1,val,client_1,10,103,474,577,True,0.8283970341239606
Tox21,fedavg_proto,0.5,0,17,200,16,16,0.1,val,client_1,11,42,627,669,True,0.7549175970228602
Tox21,fedavg_proto,0.5,0,17,200,16,16,0.1,val,client_2,0,27,706,733,True,0.7413702654495856
Tox21,fedavg_proto,0.5,0,17,200,16,16,0.1,val,client_2,1,21,659,680,True,0.8271551412674325
Tox21,fedavg_proto,0.5,0,17,200,16,16,0.1,val,client_2,2,83,573,656,True,0.8329653693307261
Tox21,fedavg_proto,0.5,0,17,200,16,16,0.1,val,client_2,3,31,553,584,True,0.7046316280697661
Tox21,fedavg_proto,0.5,0,17,200,16,16,0.1,val,client_2,4,83,531,614,True,0.7295623170648698
Tox21,fedavg_proto,0.5,0,17,200,16,16,0.1,val,client_2,5,49,647,696,True,0.7811563574425133
Tox21,fedavg_proto,0.5,0,17,200,16,16,0.1,val,client_2,6,18,623,641,True,0.6387551275191725
Tox21,fedavg_proto,0.5,0,17,200,16,16,0.1,val,client_2,7,89,478,567,True,0.7104743547553005
Tox21,fedavg_proto,0.5,0,17,200,16,16,0.1,val,client_2,8,32,672,704,True,0.846865699404762
Tox21,fedavg_proto,0.5,0,17,200,16,16,0.1,val,client_2,9,33,588,621,True,0.6949598021026593
Tox21,fedavg_proto,0.5,0,17,200,16,16,0.1,val,client_2,10,103,474,577,True,0.8031010609970916
Tox21,fedavg_proto,0.5,0,17,200,16,16,0.1,val,client_2,11,42,627,669,True,0.8008658008658008
Tox21,fedavg_proto,0.5,0,17,200,16,16,0.1,val,client_3,0,27,706,733,True,0.7231140488930857
Tox21,fedavg_proto,0.5,0,17,200,16,16,0.1,val,client_3,1,21,659,680,True,0.8112580388756413
Tox21,fedavg_proto,0.5,0,17,200,16,16,0.1,val,client_3,2,83,573,656,True,0.8487562816711873
Tox21,fedavg_proto,0.5,0,17,200,16,16,0.1,val,client_3,3,31,553,584,True,0.7406813276556029
Tox21,fedavg_proto,0.5,0,17,200,16,16,0.1,val,client_3,4,83,531,614,True,0.7363238263789622
Tox21,fedavg_proto,0.5,0,17,200,16,16,0.1,val,client_3,5,49,647,696,True,0.7981894457937735
Tox21,fedavg_proto,0.5,0,17,200,16,16,0.1,val,client_3,6,18,623,641,True,0.6753165685749956
Tox21,fedavg_proto,0.5,0,17,200,16,16,0.1,val,client_3,7,89,478,567,True,0.7179023083070848
Tox21,fedavg_proto,0.5,0,17,200,16,16,0.1,val,client_3,8,32,672,704,True,0.8202659970238094
Tox21,fedavg_proto,0.5,0,17,200,16,16,0.1,val,client_3,9,33,588,621,True,0.7065038136466707
Tox21,fedavg_proto,0.5,0,17,200,16,16,0.1,val,client_3,10,103,474,577,True,0.8194256687558887
Tox21,fedavg_proto,0.5,0,17,200,16,16,0.1,val,client_3,11,42,627,669,True,0.7708285866180603
Tox21,fedavg_proto,0.5,0,17,200,16,16,0.1,test,server,0,33,701,734,True,0.7669995244888256
Tox21,fedavg_proto,0.5,0,17,200,16,16,0.1,test,server,1,25,664,689,True,0.8018674698795181
Tox21,fedavg_proto,0.5,0,17,200,16,16,0.1,test,server,2,65,590,655,True,0.8538983050847457
Tox21,fedavg_proto,0.5,0,17,200,16,16,0.1,test,server,3,40,560,600,True,0.7195982142857144
Tox21,fedavg_proto,0.5,0,17,200,16,16,0.1,test,server,4,96,540,636,True,0.6629822530864199
Tox21,fedavg_proto,0.5,0,17,200,16,16,0.1,test,server,5,37,651,688,True,0.7097604516959356
Tox21,fedavg_proto,0.5,0,17,200,16,16,0.1,test,server,6,17,637,654,True,0.5432634592298458
Tox21,fedavg_proto,0.5,0,17,200,16,16,0.1,test,server,7,111,482,593,True,0.7013008859481888
Tox21,fedavg_proto,0.5,0,17,200,16,16,0.1,test,server,8,24,685,709,True,0.7100973236009733
Tox21,fedavg_proto,0.5,0,17,200,16,16,0.1,test,server,9,39,600,639,True,0.7061111111111111
Tox21,fedavg_proto,0.5,0,17,200,16,16,0.1,test,server,10,98,502,600,True,0.7427229856085861
Tox21,fedavg_proto,0.5,0,17,200,16,16,0.1,test,server,11,35,636,671,True,0.726145552560647
Tox21,fedavg_proto,0.5,0,17,200,16,16,0.1,test,client_0,0,33,701,734,True,0.765745904119656
Tox21,fedavg_proto,0.5,0,17,200,16,16,0.1,test,client_0,1,25,664,689,True,0.813433734939759
Tox21,fedavg_proto,0.5,0,17,200,16,16,0.1,test,client_0,2,65,590,655,True,0.8526727509778357
Tox21,fedavg_proto,0.5,0,17,200,16,16,0.1,test,client_0,3,40,560,600,True,0.7253571428571429
Tox21,fedavg_proto,0.5,0,17,200,16,16,0.1,test,client_0,4,96,540,636,True,0.6591435185185184
Tox21,fedavg_proto,0.5,0,17,200,16,16,0.1,test,client_0,5,37,651,688,True,0.7076431269979657
Tox21,fedavg_proto,0.5,0,17,200,16,16,0.1,test,client_0,6,17,637,654,True,0.5677347862221811
Tox21,fedavg_proto,0.5,0,17,200,16,16,0.1,test,client_0,7,111,482,593,True,0.7029083024933648
Tox21,fedavg_proto,0.5,0,17,200,16,16,0.1,test,client_0,8,24,685,709,True,0.708941605839416
Tox21,fedavg_proto,0.5,0,17,200,16,16,0.1,test,client_0,9,39,600,639,True,0.7131196581196582
Tox21,fedavg_proto,0.5,0,17,200,16,16,0.1,test,client_0,10,98,502,600,True,0.7511179770713066
Tox21,fedavg_proto,0.5,0,17,200,16,16,0.1,test,client_0,11,35,636,671,True,0.740386343216532
Tox21,fedavg_proto,0.5,0,17,200,16,16,0.1,test,client_1,0,33,701,734,True,0.748324903817058
Tox21,fedavg_proto,0.5,0,17,200,16,16,0.1,test,client_1,1,25,664,689,True,0.7783132530120482
Tox21,fedavg_proto,0.5,0,17,200,16,16,0.1,test,client_1,2,65,590,655,True,0.8466232073011735
Tox21,fedavg_proto,0.5,0,17,200,16,16,0.1,test,client_1,3,40,560,600,True,0.7070089285714286
Tox21,fedavg_proto,0.5,0,17,200,16,16,0.1,test,client_1,4,96,540,636,True,0.6734567901234567
Tox21,fedavg_proto,0.5,0,17,200,16,16,0.1,test,client_1,5,37,651,688,True,0.7251629509694025
Tox21,fedavg_proto,0.5,0,17,200,16,16,0.1,test,client_1,6,17,637,654,True,0.5106658047834519
Tox21,fedavg_proto,0.5,0,17,200,16,16,0.1,test,client_1,7,111,482,593,True,0.6871145003925087
Tox21,fedavg_proto,0.5,0,17,200,16,16,0.1,test,client_1,8,24,685,709,True,0.699330900243309
Tox21,fedavg_proto,0.5,0,17,200,16,16,0.1,test,client_1,9,39,600,639,True,0.6946153846153845
Tox21,fedavg_proto,0.5,0,17,200,16,16,0.1,test,client_1,10,98,502,600,True,0.7463005122367672
Tox21,fedavg_proto,0.5,0,17,200,16,16,0.1,test,client_1,11,35,636,671,True,0.7195867026055706
Tox21,fedavg_proto,0.5,0,17,200,16,16,0.1,test,client_2,0,33,701,734,True,0.7663943284485367
Tox21,fedavg_proto,0.5,0,17,200,16,16,0.1,test,client_2,1,25,664,689,True,0.8262048192771084
Tox21,fedavg_proto,0.5,0,17,200,16,16,0.1,test,client_2,2,65,590,655,True,0.8377053455019556
Tox21,fedavg_proto,0.5,0,17,200,16,16,0.1,test,client_2,3,40,560,600,True,0.7265625000000001
Tox21,fedavg_proto,0.5,0,17,200,16,16,0.1,test,client_2,4,96,540,636,True,0.6578896604938272
Tox21,fedavg_proto,0.5,0,17,200,16,16,0.1,test,client_2,5,37,651,688,True,0.6853489434134596
Tox21,fedavg_proto,0.5,0,17,200,16,16,0.1,test,client_2,6,17,637,654,True,0.6461353772278142
Tox21,fedavg_proto,0.5,0,17,200,16,16,0.1,test,client_2,7,111,482,593,True,0.7267391873201001
Tox21,fedavg_proto,0.5,0,17,200,16,16,0.1,test,client_2,8,24,685,709,True,0.7062043795620438
Tox21,fedavg_proto,0.5,0,17,200,16,16,0.1,test,client_2,9,39,600,639,True,0.7202991452991453
Tox21,fedavg_proto,0.5,0,17,200,16,16,0.1,test,client_2,10,98,502,600,True,0.7331896902187169
Tox21,fedavg_proto,0.5,0,17,200,16,16,0.1,test,client_2,11,35,636,671,True,0.7254716981132076
Tox21,fedavg_proto,0.5,0,17,200,16,16,0.1,test,client_3,0,33,701,734,True,0.7596507154281762
Tox21,fedavg_proto,0.5,0,17,200,16,16,0.1,test,client_3,1,25,664,689,True,0.772289156626506
Tox21,fedavg_proto,0.5,0,17,200,16,16,0.1,test,client_3,2,65,590,655,True,0.8552803129074316
Tox21,fedavg_proto,0.5,0,17,200,16,16,0.1,test,client_3,3,40,560,600,True,0.7078125
Tox21,fedavg_proto,0.5,0,17,200,16,16,0.1,test,client_3,4,96,540,636,True,0.6638503086419754
Tox21,fedavg_proto,0.5,0,17,200,16,16,0.1,test,client_3,5,37,651,688,True,0.714161165774069
Tox21,fedavg_proto,0.5,0,17,200,16,16,0.1,test,client_3,6,17,637,654,True,0.5003232062055591
Tox21,fedavg_proto,0.5,0,17,200,16,16,0.1,test,client_3,7,111,482,593,True,0.6831146499196292
Tox21,fedavg_proto,0.5,0,17,200,16,16,0.1,test,client_3,8,24,685,709,True,0.6980535279805353
Tox21,fedavg_proto,0.5,0,17,200,16,16,0.1,test,client_3,9,39,600,639,True,0.6907264957264958
Tox21,fedavg_proto,0.5,0,17,200,16,16,0.1,test,client_3,10,98,502,600,True,0.7348768192535978
Tox21,fedavg_proto,0.5,0,17,200,16,16,0.1,test,client_3,11,35,636,671,True,0.708670260557053
Tox21,fedavg_proto,0.5,0,18,200,16,16,0.1,val,server,0,27,706,733,True,0.7269961179309621
Tox21,fedavg_proto,0.5,0,18,200,16,16,0.1,val,server,1,21,659,680,True,0.8098128477491149
Tox21,fedavg_proto,0.5,0,18,200,16,16,0.1,val,server,2,83,573,656,True,0.8560735086944636
Tox21,fedavg_proto,0.5,0,18,200,16,16,0.1,val,server,3,31,553,584,True,0.7332730560578662
Tox21,fedavg_proto,0.5,0,18,200,16,16,0.1,val,server,4,83,531,614,True,0.7307194881219795
Tox21,fedavg_proto,0.5,0,18,200,16,16,0.1,val,server,5,49,647,696,True,0.7959499101031449
Tox21,fedavg_proto,0.5,0,18,200,16,16,0.1,val,server,6,18,623,641,True,0.653558052434457
Tox21,fedavg_proto,0.5,0,18,200,16,16,0.1,val,server,7,89,478,567,True,0.7336984626956891
Tox21,fedavg_proto,0.5,0,18,200,16,16,0.1,val,server,8,32,672,704,True,0.8302176339285714
Tox21,fedavg_proto,0.5,0,18,200,16,16,0.1,val,server,9,33,588,621,True,0.7070191713048857
Tox21,fedavg_proto,0.5,0,18,200,16,16,0.1,val,server,10,103,474,577,True,0.829031993773299
Tox21,fedavg_proto,0.5,0,18,200,16,16,0.1,val,server,11,42,627,669,True,0.7916761600972126
Tox21,fedavg_proto,0.5,0,18,200,16,16,0.1,val,client_0,0,27,706,733,True,0.7284650089182667
Tox21,fedavg_proto,0.5,0,18,200,16,16,0.1,val,client_0,1,21,659,680,True,0.8145819784666523
Tox21,fedavg_proto,0.5,0,18,200,16,16,0.1,val,client_0,2,83,573,656,True,0.8618558001640069
Tox21,fedavg_proto,0.5,0,18,200,16,16,0.1,val,client_0,3,31,553,584,True,0.7116899025841451
Tox21,fedavg_proto,0.5,0,18,200,16,16,0.1,val,client_0,4,83,531,614,True,0.7124089578653598
Tox21,fedavg_proto,0.5,0,18,200,16,16,0.1,val,client_0,5,49,647,696,True,0.7768349998422861
Tox21,fedavg_proto,0.5,0,18,200,16,16,0.1,val,client_0,6,18,623,641,True,0.6252006420545747
Tox21,fedavg_proto,0.5,0,18,200,16,16,0.1,val,client_0,7,89,478,567,True,0.735578957265761
Tox21,fedavg_proto,0.5,0,18,200,16,16,0.1,val,client_0,8,32,672,704,True,0.8337518601190477
Tox21,fedavg_proto,0.5,0,18,200,16,16,0.1,val,client_0,9,33,588,621,True,0.7173263244691817
Tox21,fedavg_proto,0.5,0,18,200,16,16,0.1,val,client_0,10,103,474,577,True,0.8147556429478513
Tox21,fedavg_proto,0.5,0,18,200,16,16,0.1,val,client_0,11,42,627,669,True,0.7950178476494266
Tox21,fedavg_proto,0.5,0,18,200,16,16,0.1,val,client_1,0,27,706,733,True,0.7402685972091071
Tox21,fedavg_proto,0.5,0,18,200,16,16,0.1,val,client_1,1,21,659,680,True,0.8040320832430089
Tox21,fedavg_proto,0.5,0,18,200,16,16,0.1,val,client_1,2,83,573,656,True,0.8504804558548329
Tox21,fedavg_proto,0.5,0,18,200,16,16,0.1,val,client_1,3,31,553,584,True,0.7477396021699819
Tox21,fedavg_proto,0.5,0,18,200,16,16,0.1,val,client_1,4,83,531,614,True,0.7348263108932908
Tox21,fedavg_proto,0.5,0,18,200,16,16,0.1,val,client_1,5,49,647,696,True,0.802006119294704
Tox21,fedavg_proto,0.5,0,18,200,16,16,0.1,val,client_1,6,18,623,641,True,0.6393793472445157
Tox21,fedavg_proto,0.5,0,18,200,16,16,0.1,val,client_1,7,89,478,567,True,0.7242959898453294
Tox21,fedavg_proto,0.5,0,18,200,16,16,0.1,val,client_1,8,32,672,704,True,0.7930152529761905
Tox21,fedavg_proto,0.5,0,18,200,16,16,0.1,val,client_1,9,33,588,621,True,0.7031024531024531
Tox21,fedavg_proto,0.5,0,18,200,16,16,0.1,val,client_1,10,103,474,577,True,0.8282536561386261
Tox21,fedavg_proto,0.5,0,18,200,16,16,0.1,val,client_1,11,42,627,669,True,0.7569681780208096
Tox21,fedavg_proto,0.5,0,18,200,16,16,0.1,val,client_2,0,27,706,733,True,0.7348127163991187
Tox21,fedavg_proto,0.5,0,18,200,16,16,0.1,val,client_2,1,21,659,680,True,0.8200014451911266
Tox21,fedavg_proto,0.5,0,18,200,16,16,0.1,val,client_2,2,83,573,656,True,0.8493660505897938
Tox21,fedavg_proto,0.5,0,18,200,16,16,0.1,val,client_2,3,31,553,584,True,0.7118649011258239
Tox21,fedavg_proto,0.5,0,18,200,16,16,0.1,val,client_2,4,83,531,614,True,0.7284505252649014
Tox21,fedavg_proto,0.5,0,18,200,16,16,0.1,val,client_2,5,49,647,696,True,0.777497397722613
Tox21,fedavg_proto,0.5,0,18,200,16,16,0.1,val,client_2,6,18,623,641,True,0.6391118245050829
Tox21,fedavg_proto,0.5,0,18,200,16,16,0.1,val,client_2,7,89,478,567,True,0.7251892247661135
Tox21,fedavg_proto,0.5,0,18,200,16,16,0.1,val,client_2,8,32,672,704,True,0.841517857142857
Tox21,fedavg_proto,0.5,0,18,200,16,16,0.1,val,client_2,9,33,588,621,True,0.6909400123685838
Tox21,fedavg_proto,0.5,0,18,200,16,16,0.1,val,client_2,10,103,474,577,True,0.8164556962025316
Tox21,fedavg_proto,0.5,0,18,200,16,16,0.1,val,client_2,11,42,627,669,True,0.8095617832459938
Tox21,fedavg_proto,0.5,0,18,200,16,16,0.1,val,client_3,0,27,706,733,True,0.7278879446018257
Tox21,fedavg_proto,0.5,0,18,200,16,16,0.1,val,client_3,1,21,659,680,True,0.8117638557699255
Tox21,fedavg_proto,0.5,0,18,200,16,16,0.1,val,client_3,2,83,573,656,True,0.8506696944847453
Tox21,fedavg_proto,0.5,0,18,200,16,16,0.1,val,client_3,3,31,553,584,True,0.7398063349472087
Tox21,fedavg_proto,0.5,0,18,200,16,16,0.1,val,client_3,4,83,531,614,True,0.7408617520931182
Tox21,fedavg_proto,0.5,0,18,200,16,16,0.1,val,client_3,5,49,647,696,True,0.802857773712267
Tox21,fedavg_proto,0.5,0,18,200,16,16,0.1,val,client_3,6,18,623,641,True,0.6713929017299803
Tox21,fedavg_proto,0.5,0,18,200,16,16,0.1,val,client_3,7,89,478,567,True,0.7174791970288185
Tox21,fedavg_proto,0.5,0,18,200,16,16,0.1,val,client_3,8,32,672,704,True,0.8079427083333334
Tox21,fedavg_proto,0.5,0,18,200,16,16,0.1,val,client_3,9,33,588,621,True,0.7069160997732427
Tox21,fedavg_proto,0.5,0,18,200,16,16,0.1,val,client_3,10,103,474,577,True,0.8234607349145877
Tox21,fedavg_proto,0.5,0,18,200,16,16,0.1,val,client_3,11,42,627,669,True,0.7677147413989519
Tox21,fedavg_proto,0.5,0,18,200,16,16,0.1,test,server,0,33,701,734,True,0.7684692863009555
Tox21,fedavg_proto,0.5,0,18,200,16,16,0.1,test,server,1,25,664,689,True,0.8087349397590362
Tox21,fedavg_proto,0.5,0,18,200,16,16,0.1,test,server,2,65,590,655,True,0.8566883963494133
Tox21,fedavg_proto,0.5,0,18,200,16,16,0.1,test,server,3,40,560,600,True,0.7188392857142858
Tox21,fedavg_proto,0.5,0,18,200,16,16,0.1,test,server,4,96,540,636,True,0.6711612654320988
Tox21,fedavg_proto,0.5,0,18,200,16,16,0.1,test,server,5,37,651,688,True,0.7229625939303358
Tox21,fedavg_proto,0.5,0,18,200,16,16,0.1,test,server,6,17,637,654,True,0.5604395604395604
Tox21,fedavg_proto,0.5,0,18,200,16,16,0.1,test,server,7,111,482,593,True,0.704254046577698
Tox21,fedavg_proto,0.5,0,18,200,16,16,0.1,test,server,8,24,685,709,True,0.7134428223844282
Tox21,fedavg_proto,0.5,0,18,200,16,16,0.1,test,server,9,39,600,639,True,0.7087606837606837
Tox21,fedavg_proto,0.5,0,18,200,16,16,0.1,test,server,10,98,502,600,True,0.747703065289861
Tox21,fedavg_proto,0.5,0,18,200,16,16,0.1,test,server,11,35,636,671,True,0.7282569631626236
Tox21,fedavg_proto,0.5,0,18,200,16,16,0.1,test,client_0,0,33,701,734,True,0.764232914018934
Tox21,fedavg_proto,0.5,0,18,200,16,16,0.1,test,client_0,1,25,664,689,True,0.8216867469879519
Tox21,fedavg_proto,0.5,0,18,200,16,16,0.1,test,client_0,2,65,590,655,True,0.8584354628422425
Tox21,fedavg_proto,0.5,0,18,200,16,16,0.1,test,client_0,3,40,560,600,True,0.7287053571428571
Tox21,fedavg_proto,0.5,0,18,200,16,16,0.1,test,client_0,4,96,540,636,True,0.6605902777777778
Tox21,fedavg_proto,0.5,0,18,200,16,16,0.1,test,client_0,5,37,651,688,True,0.71308174533981
Tox21,fedavg_proto,0.5,0,18,200,16,16,0.1,test,client_0,6,17,637,654,True,0.5717056053190508
Tox21,fedavg_proto,0.5,0,18,200,16,16,0.1,test,client_0,7,111,482,593,True,0.7052072819707675
Tox21,fedavg_proto,0.5,0,18,200,16,16,0.1,test,client_0,8,24,685,709,True,0.7092457420924575
Tox21,fedavg_proto,0.5,0,18,200,16,16,0.1,test,client_0,9,39,600,639,True,0.7051282051282051
Tox21,fedavg_proto,0.5,0,18,200,16,16,0.1,test,client_0,10,98,502,600,True,0.7542279860151232
Tox21,fedavg_proto,0.5,0,18,200,16,16,0.1,test,client_0,11,35,636,671,True,0.7283917340521114
Tox21,fedavg_proto,0.5,0,18,200,16,16,0.1,test,client_1,0,33,701,734,True,0.7487571867029784
Tox21,fedavg_proto,0.5,0,18,200,16,16,0.1,test,client_1,1,25,664,689,True,0.7907228915662651
Tox21,fedavg_proto,0.5,0,18,200,16,16,0.1,test,client_1,2,65,590,655,True,0.8434680573663624
Tox21,fedavg_proto,0.5,0,18,200,16,16,0.1,test,client_1,3,40,560,600,True,0.7036607142857143
Tox21,fedavg_proto,0.5,0,18,200,16,16,0.1,test,client_1,4,96,540,636,True,0.6820023148148147
Tox21,fedavg_proto,0.5,0,18,200,16,16,0.1,test,client_1,5,37,651,688,True,0.7379499314983187
Tox21,fedavg_proto,0.5,0,18,200,16,16,0.1,test,client_1,6,17,637,654,True,0.5317203804598762
Tox21,fedavg_proto,0.5,0,18,200,16,16,0.1,test,client_1,7,111,482,593,True,0.6932638032223095
Tox21,fedavg_proto,0.5,0,18,200,16,16,0.1,test,client_1,8,24,685,709,True,0.7044403892944039
Tox21,fedavg_proto,0.5,0,18,200,16,16,0.1,test,client_1,9,39,600,639,True,0.7033333333333334
Tox21,fedavg_proto,0.5,0,18,200,16,16,0.1,test,client_1,10,98,502,600,True,0.7498577120091066
Tox21,fedavg_proto,0.5,0,18,200,16,16,0.1,test,client_1,11,35,636,671,True,0.72151841868823
Tox21,fedavg_proto,0.5,0,18,200,16,16,0.1,test,client_2,0,33,701,734,True,0.7669995244888255
Tox21,fedavg_proto,0.5,0,18,200,16,16,0.1,test,client_2,1,25,664,689,True,0.8332530120481928
Tox21,fedavg_proto,0.5,0,18,200,16,16,0.1,test,client_2,2,65,590,655,True,0.8388005215123859
Tox21,fedavg_proto,0.5,0,18,200,16,16,0.1,test,client_2,3,40,560,600,True,0.7206696428571429
Tox21,fedavg_proto,0.5,0,18,200,16,16,0.1,test,client_2,4,96,540,636,True,0.6620949074074074
Tox21,fedavg_proto,0.5,0,18,200,16,16,0.1,test,client_2,5,37,651,688,True,0.6962676962676962
Tox21,fedavg_proto,0.5,0,18,200,16,16,0.1,test,client_2,6,17,637,654,True,0.6549081170929911
Tox21,fedavg_proto,0.5,0,18,200,16,16,0.1,test,client_2,7,111,482,593,True,0.7249448618743225
Tox21,fedavg_proto,0.5,0,18,200,16,16,0.1,test,client_2,8,24,685,709,True,0.7097931873479318
Tox21,fedavg_proto,0.5,0,18,200,16,16,0.1,test,client_2,9,39,600,639,True,0.7254700854700855
Tox21,fedavg_proto,0.5,0,18,200,16,16,0.1,test,client_2,10,98,502,600,True,0.7437799821123668
Tox21,fedavg_proto,0.5,0,18,200,16,16,0.1,test,client_2,11,35,636,671,True,0.7313566936208447
Tox21,fedavg_proto,0.5,0,18,200,16,16,0.1,test,client_3,0,33,701,734,True,0.7615527601262266
Tox21,fedavg_proto,0.5,0,18,200,16,16,0.1,test,client_3,1,25,664,689,True,0.7790963855421688
Tox21,fedavg_proto,0.5,0,18,200,16,16,0.1,test,client_3,2,65,590,655,True,0.8606779661016949
Tox21,fedavg_proto,0.5,0,18,200,16,16,0.1,test,client_3,3,40,560,600,True,0.7067857142857144
Tox21,fedavg_proto,0.5,0,18,200,16,16,0.1,test,client_3,4,96,540,636,True,0.6789351851851851
Tox21,fedavg_proto,0.5,0,18,200,16,16,0.1,test,client_3,5,37,651,688,True,0.7316809897455059
Tox21,fedavg_proto,0.5,0,18,200,16,16,0.1,test,client_3,6,17,637,654,True,0.5099270477421738
Tox21,fedavg_proto,0.5,0,18,200,16,16,0.1,test,client_3,7,111,482,593,True,0.6860304287690179
Tox21,fedavg_proto,0.5,0,18,200,16,16,0.1,test,client_3,8,24,685,709,True,0.7056569343065693
Tox21,fedavg_proto,0.5,0,18,200,16,16,0.1,test,client_3,9,39,600,639,True,0.694102564102564
Tox21,fedavg_proto,0.5,0,18,200,16,16,0.1,test,client_3,10,98,502,600,True,0.7400601674932921
Tox21,fedavg_proto,0.5,0,18,200,16,16,0.1,test,client_3,11,35,636,671,True,0.7071428571428571
Tox21,fedavg_proto,0.5,0,19,200,16,16,0.1,val,server,0,27,706,733,True,0.7266813555765397
Tox21,fedavg_proto,0.5,0,19,200,16,16,0.1,val,server,1,21,659,680,True,0.8083676566225884
Tox21,fedavg_proto,0.5,0,19,200,16,16,0.1,val,server,2,83,573,656,True,0.8582812927101074
Tox21,fedavg_proto,0.5,0,19,200,16,16,0.1,val,server,3,31,553,584,True,0.7313480720993991
Tox21,fedavg_proto,0.5,0,19,200,16,16,0.1,val,server,4,83,531,614,True,0.7327842443219205
Tox21,fedavg_proto,0.5,0,19,200,16,16,0.1,val,server,5,49,647,696,True,0.7996719553354572
Tox21,fedavg_proto,0.5,0,19,200,16,16,0.1,val,server,6,18,623,641,True,0.6571250222935616
Tox21,fedavg_proto,0.5,0,19,200,16,16,0.1,val,server,7,89,478,567,True,0.7343566357952142
Tox21,fedavg_proto,0.5,0,19,200,16,16,0.1,val,server,8,32,672,704,True,0.8319847470238095
Tox21,fedavg_proto,0.5,0,19,200,16,16,0.1,val,server,9,33,588,621,True,0.7049062049062049
Tox21,fedavg_proto,0.5,0,19,200,16,16,0.1,val,server,10,103,474,577,True,0.8330670599319978
Tox21,fedavg_proto,0.5,0,19,200,16,16,0.1,val,server,11,42,627,669,True,0.7927394243183716
Tox21,fedavg_proto,0.5,0,19,200,16,16,0.1,val,client_0,0,27,706,733,True,0.724845241842409
Tox21,fedavg_proto,0.5,0,19,200,16,16,0.1,val,client_0,1,21,659,680,True,0.8086566948478936
Tox21,fedavg_proto,0.5,0,19,200,16,16,0.1,val,client_0,2,83,573,656,True,0.8658928909354696
Tox21,fedavg_proto,0.5,0,19,200,16,16,0.1,val,client_0,3,31,553,584,True,0.7072566061949483
Tox21,fedavg_proto,0.5,0,19,200,16,16,0.1,val,client_0,4,83,531,614,True,0.718898191636603
Tox21,fedavg_proto,0.5,0,19,200,16,16,0.1,val,client_0,5,49,647,696,True,0.7798000189256536
Tox21,fedavg_proto,0.5,0,19,200,16,16,0.1,val,client_0,6,18,623,641,True,0.6235063313714999
Tox21,fedavg_proto,0.5,0,19,200,16,16,0.1,val,client_0,7,89,478,567,True,0.7277513986178364
Tox21,fedavg_proto,0.5,0,19,200,16,16,0.1,val,client_0,8,32,672,704,True,0.8357049851190477
Tox21,fedavg_proto,0.5,0,19,200,16,16,0.1,val,client_0,9,33,588,621,True,0.7156771799628943
Tox21,fedavg_proto,0.5,0,19,200,16,16,0.1,val,client_0,10,103,474,577,True,0.8185449182745483
Tox21,fedavg_proto,0.5,0,19,200,16,16,0.1,val,client_0,11,42,627,669,True,0.7857902331586543
Tox21,fedavg_proto,0.5,0,19,200,16,16,0.1,val,client_1,0,27,706,733,True,0.7387997062218025
Tox21,fedavg_proto,0.5,0,19,200,16,16,0.1,val,client_1,1,21,659,680,True,0.7995519907507768
Tox21,fedavg_proto,0.5,0,19,200,16,16,0.1,val,client_1,2,83,573,656,True,0.8521836035240438
Tox21,fedavg_proto,0.5,0,19,200,16,16,0.1,val,client_1,3,31,553,584,True,0.7525228956425363
Tox21,fedavg_proto,0.5,0,19,200,16,16,0.1,val,client_1,4,83,531,614,True,0.7343044494361626
Tox21,fedavg_proto,0.5,0,19,200,16,16,0.1,val,client_1,5,49,647,696,True,0.8021953758319402
Tox21,fedavg_proto,0.5,0,19,200,16,16,0.1,val,client_1,6,18,623,641,True,0.6373283395755306
Tox21,fedavg_proto,0.5,0,19,200,16,16,0.1,val,client_1,7,89,478,567,True,0.7240139156598184
Tox21,fedavg_proto,0.5,0,19,200,16,16,0.1,val,client_1,8,32,672,704,True,0.7897135416666667
Tox21,fedavg_proto,0.5,0,19,200,16,16,0.1,val,client_1,9,33,588,621,True,0.7059369202226345
Tox21,fedavg_proto,0.5,0,19,200,16,16,0.1,val,client_1,10,103,474,577,True,0.8312236286919831
Tox21,fedavg_proto,0.5,0,19,200,16,16,0.1,val,client_1,11,42,627,669,True,0.7593984962406015
Tox21,fedavg_proto,0.5,0,19,200,16,16,0.1,val,client_2,0,27,706,733,True,0.7448851117406358
Tox21,fedavg_proto,0.5,0,19,200,16,16,0.1,val,client_2,1,21,659,680,True,0.8141484211286942
Tox21,fedavg_proto,0.5,0,19,200,16,16,0.1,val,client_2,2,83,573,656,True,0.8498706869362267
Tox21,fedavg_proto,0.5,0,19,200,16,16,0.1,val,client_2,3,31,553,584,True,0.702706644111299
Tox21,fedavg_proto,0.5,0,19,200,16,16,0.1,val,client_2,4,83,531,614,True,0.7286547319220384
Tox21,fedavg_proto,0.5,0,19,200,16,16,0.1,val,client_2,5,49,647,696,True,0.7800523609753021
Tox21,fedavg_proto,0.5,0,19,200,16,16,0.1,val,client_2,6,18,623,641,True,0.6240413768503656
Tox21,fedavg_proto,0.5,0,19,200,16,16,0.1,val,client_2,7,89,478,567,True,0.7215457665365991
Tox21,fedavg_proto,0.5,0,19,200,16,16,0.1,val,client_2,8,32,672,704,True,0.8362630208333334
Tox21,fedavg_proto,0.5,0,19,200,16,16,0.1,val,client_2,9,33,588,621,True,0.6757369614512472
Tox21,fedavg_proto,0.5,0,19,200,16,16,0.1,val,client_2,10,103,474,577,True,0.821207652287903
Tox21,fedavg_proto,0.5,0,19,200,16,16,0.1,val,client_2,11,42,627,669,True,0.8016252753094858
Tox21,fedavg_proto,0.5,0,19,200,16,16,0.1,val,client_3,0,27,706,733,True,0.7278879446018256
Tox21,fedavg_proto,0.5,0,19,200,16,16,0.1,val,client_3,1,21,659,680,True,0.8129200086711468
Tox21,fedavg_proto,0.5,0,19,200,16,16,0.1,val,client_3,2,83,573,656,True,0.8524359216972603
Tox21,fedavg_proto,0.5,0,19,200,16,16,0.1,val,client_3,3,31,553,584,True,0.7416146532112232
Tox21,fedavg_proto,0.5,0,19,200,16,16,0.1,val,client_3,4,83,531,614,True,0.7413836135502462
Tox21,fedavg_proto,0.5,0,19,200,16,16,0.1,val,client_3,5,49,647,696,True,0.8048134245970413
Tox21,fedavg_proto,0.5,0,19,200,16,16,0.1,val,client_3,6,18,623,641,True,0.673800606384876
Tox21,fedavg_proto,0.5,0,19,200,16,16,0.1,val,client_3,7,89,478,567,True,0.7199473461520379
Tox21,fedavg_proto,0.5,0,19,200,16,16,0.1,val,client_3,8,32,672,704,True,0.8095238095238095
Tox21,fedavg_proto,0.5,0,19,200,16,16,0.1,val,client_3,9,33,588,621,True,0.7001133786848073
Tox21,fedavg_proto,0.5,0,19,200,16,16,0.1,val,client_3,10,103,474,577,True,0.8241981074105935
Tox21,fedavg_proto,0.5,0,19,200,16,16,0.1,val,client_3,11,42,627,669,True,0.7742841953368268
Tox21,fedavg_proto,0.5,0,19,200,16,16,0.1,test,server,0,33,701,734,True,0.7690744823412443
Tox21,fedavg_proto,0.5,0,19,200,16,16,0.1,test,server,1,25,664,689,True,0.8131325301204819
Tox21,fedavg_proto,0.5,0,19,200,16,16,0.1,test,server,2,65,590,655,True,0.8598696219035202
Tox21,fedavg_proto,0.5,0,19,200,16,16,0.1,test,server,3,40,560,600,True,0.7196875
Tox21,fedavg_proto,0.5,0,19,200,16,16,0.1,test,server,4,96,540,636,True,0.6748263888888889
Tox21,fedavg_proto,0.5,0,19,200,16,16,0.1,test,server,5,37,651,688,True,0.7320961514509903
Tox21,fedavg_proto,0.5,0,19,200,16,16,0.1,test,server,6,17,637,654,True,0.5704127804968142
Tox21,fedavg_proto,0.5,0,19,200,16,16,0.1,test,server,7,111,482,593,True,0.7049269186198647
Tox21,fedavg_proto,0.5,0,19,200,16,16,0.1,test,server,8,24,685,709,True,0.7166666666666667
Tox21,fedavg_proto,0.5,0,19,200,16,16,0.1,test,server,9,39,600,639,True,0.7106410256410256
Tox21,fedavg_proto,0.5,0,19,200,16,16,0.1,test,server,10,98,502,600,True,0.7543702740060169
Tox21,fedavg_proto,0.5,0,19,200,16,16,0.1,test,server,11,35,636,671,True,0.72911051212938
Tox21,fedavg_proto,0.5,0,19,200,16,16,0.1,test,client_0,0,33,701,734,True,0.7599100851597285
Tox21,fedavg_proto,0.5,0,19,200,16,16,0.1,test,client_0,1,25,664,689,True,0.8253012048192772
Tox21,fedavg_proto,0.5,0,19,200,16,16,0.1,test,client_0,2,65,590,655,True,0.8628161668839636
Tox21,fedavg_proto,0.5,0,19,200,16,16,0.1,test,client_0,3,40,560,600,True,0.7283928571428572
Tox21,fedavg_proto,0.5,0,19,200,16,16,0.1,test,client_0,4,96,540,636,True,0.6634837962962963
Tox21,fedavg_proto,0.5,0,19,200,16,16,0.1,test,client_0,5,37,651,688,True,0.7250799186283056
Tox21,fedavg_proto,0.5,0,19,200,16,16,0.1,test,client_0,6,17,637,654,True,0.5693046449348971
Tox21,fedavg_proto,0.5,0,19,200,16,16,0.1,test,client_0,7,111,482,593,True,0.6999364509737954
Tox21,fedavg_proto,0.5,0,19,200,16,16,0.1,test,client_0,8,24,685,709,True,0.7068734793187348
Tox21,fedavg_proto,0.5,0,19,200,16,16,0.1,test,client_0,9,39,600,639,True,0.7003418803418803
Tox21,fedavg_proto,0.5,0,19,200,16,16,0.1,test,client_0,10,98,502,600,True,0.7614440198390112
Tox21,fedavg_proto,0.5,0,19,200,16,16,0.1,test,client_0,11,35,636,671,True,0.7173405211141061
Tox21,fedavg_proto,0.5,0,19,200,16,16,0.1,test,client_1,0,33,701,734,True,0.7506592314010289
Tox21,fedavg_proto,0.5,0,19,200,16,16,0.1,test,client_1,1,25,664,689,True,0.7925301204819277
Tox21,fedavg_proto,0.5,0,19,200,16,16,0.1,test,client_1,2,65,590,655,True,0.8451629726205998
Tox21,fedavg_proto,0.5,0,19,200,16,16,0.1,test,client_1,3,40,560,600,True,0.7082589285714286
Tox21,fedavg_proto,0.5,0,19,200,16,16,0.1,test,client_1,4,96,540,636,True,0.683545524691358
Tox21,fedavg_proto,0.5,0,19,200,16,16,0.1,test,client_1,5,37,651,688,True,0.7408145472661603
Tox21,fedavg_proto,0.5,0,19,200,16,16,0.1,test,client_1,6,17,637,654,True,0.5328285160217933
Tox21,fedavg_proto,0.5,0,19,200,16,16,0.1,test,client_1,7,111,482,593,True,0.693731075473814
Tox21,fedavg_proto,0.5,0,19,200,16,16,0.1,test,client_1,8,24,685,709,True,0.7059610705596108
Tox21,fedavg_proto,0.5,0,19,200,16,16,0.1,test,client_1,9,39,600,639,True,0.7073076923076922
Tox21,fedavg_proto,0.5,0,19,200,16,16,0.1,test,client_1,10,98,502,600,True,0.7525611838360843
Tox21,fedavg_proto,0.5,0,19,200,16,16,0.1,test,client_1,11,35,636,671,True,0.7215633423180593
Tox21,fedavg_proto,0.5,0,19,200,16,16,0.1,test,client_2,0,33,701,734,True,0.7571002464012451
Tox21,fedavg_proto,0.5,0,19,200,16,16,0.1,test,client_2,1,25,664,689,True,0.84
Tox21,fedavg_proto,0.5,0,19,200,16,16,0.1,test,client_2,2,65,590,655,True,0.8440677966101695
Tox21,fedavg_proto,0.5,0,19,200,16,16,0.1,test,client_2,3,40,560,600,True,0.7146428571428572
Tox21,fedavg_proto,0.5,0,19,200,16,16,0.1,test,client_2,4,96,540,636,True,0.6625578703703704
Tox21,fedavg_proto,0.5,0,19,200,16,16,0.1,test,client_2,5,37,651,688,True,0.6934030804998548
Tox21,fedavg_proto,0.5,0,19,200,16,16,0.1,test,client_2,6,17,637,654,True,0.6815957152091605
Tox21,fedavg_proto,0.5,0,19,200,16,16,0.1,test,client_2,7,111,482,593,True,0.7288325670068408
Tox21,fedavg_proto,0.5,0,19,200,16,16,0.1,test,client_2,8,24,685,709,True,0.7077250608272506
Tox21,fedavg_proto,0.5,0,19,200,16,16,0.1,test,client_2,9,39,600,639,True,0.7335042735042735
Tox21,fedavg_proto,0.5,0,19,200,16,16,0.1,test,client_2,10,98,502,600,True,0.7474794698755997
Tox21,fedavg_proto,0.5,0,19,200,16,16,0.1,test,client_2,11,35,636,671,True,0.7346810422282121
Tox21,fedavg_proto,0.5,0,19,200,16,16,0.1,test,client_3,0,33,701,734,True,0.7628063804953961
Tox21,fedavg_proto,0.5,0,19,200,16,16,0.1,test,client_3,1,25,664,689,True,0.7853614457831325
Tox21,fedavg_proto,0.5,0,19,200,16,16,0.1,test,client_3,2,65,590,655,True,0.8577314211212517
Tox21,fedavg_proto,0.5,0,19,200,16,16,0.1,test,client_3,3,40,560,600,True,0.7070089285714286
Tox21,fedavg_proto,0.5,0,19,200,16,16,0.1,test,client_3,4,96,540,636,True,0.6829089506172838
Tox21,fedavg_proto,0.5,0,19,200,16,16,0.1,test,client_3,5,37,651,688,True,0.7418109353593225
Tox21,fedavg_proto,0.5,0,19,200,16,16,0.1,test,client_3,6,17,637,654,True,0.5244251546772556
Tox21,fedavg_proto,0.5,0,19,200,16,16,0.1,test,client_3,7,111,482,593,True,0.6888527531681059
Tox21,fedavg_proto,0.5,0,19,200,16,16,0.1,test,client_3,8,24,685,709,True,0.712287104622871
Tox21,fedavg_proto,0.5,0,19,200,16,16,0.1,test,client_3,9,39,600,639,True,0.6985470085470086
Tox21,fedavg_proto,0.5,0,19,200,16,16,0.1,test,client_3,10,98,502,600,True,0.7477843727132285
Tox21,fedavg_proto,0.5,0,19,200,16,16,0.1,test,client_3,11,35,636,671,True,0.7122192273135669
Tox21,fedavg_proto,0.5,0,20,200,16,16,0.1,val,server,0,27,706,733,True,0.7235861924247193
Tox21,fedavg_proto,0.5,0,20,200,16,16,0.1,val,server,1,21,659,680,True,0.8064889081581039
Tox21,fedavg_proto,0.5,0,20,200,16,16,0.1,val,server,2,83,573,656,True,0.8592695388885385
Tox21,fedavg_proto,0.5,0,20,200,16,16,0.1,val,server,3,31,553,584,True,0.7241731318905675
Tox21,fedavg_proto,0.5,0,20,200,16,16,0.1,val,server,4,83,531,614,True,0.7368910670932317
Tox21,fedavg_proto,0.5,0,20,200,16,16,0.1,val,server,5,49,647,696,True,0.8017853200012617
Tox21,fedavg_proto,0.5,0,20,200,16,16,0.1,val,server,6,18,623,641,True,0.6551631888710541
Tox21,fedavg_proto,0.5,0,20,200,16,16,0.1,val,server,7,89,478,567,True,0.7303605848338113
Tox21,fedavg_proto,0.5,0,20,200,16,16,0.1,val,server,8,32,672,704,True,0.8400762648809523
Tox21,fedavg_proto,0.5,0,20,200,16,16,0.1,val,server,9,33,588,621,True,0.7056792413935271
Tox21,fedavg_proto,0.5,0,20,200,16,16,0.1,val,server,10,103,474,577,True,0.8342755315226742
Tox21,fedavg_proto,0.5,0,20,200,16,16,0.1,val,server,11,42,627,669,True,0.7922077922077921
Tox21,fedavg_proto,0.5,0,20,200,16,16,0.1,val,client_0,0,27,706,733,True,0.7192844402476131
Tox21,fedavg_proto,0.5,0,20,200,16,16,0.1,val,client_0,1,21,659,680,True,0.8067779463834092
Tox21,fedavg_proto,0.5,0,20,200,16,16,0.1,val,client_0,2,83,573,656,True,0.8646943796126917
Tox21,fedavg_proto,0.5,0,20,200,16,16,0.1,val,client_0,3,31,553,584,True,0.7122732310564078
Tox21,fedavg_proto,0.5,0,20,200,16,16,0.1,val,client_0,4,83,531,614,True,0.7206679826651238
Tox21,fedavg_proto,0.5,0,20,200,16,16,0.1,val,client_0,5,49,647,696,True,0.7859823991420369
Tox21,fedavg_proto,0.5,0,20,200,16,16,0.1,val,client_0,6,18,623,641,True,0.6300160513643659
Tox21,fedavg_proto,0.5,0,20,200,16,16,0.1,val,client_0,7,89,478,567,True,0.7320060175826242
Tox21,fedavg_proto,0.5,0,20,200,16,16,0.1,val,client_0,8,32,672,704,True,0.8371000744047619
Tox21,fedavg_proto,0.5,0,20,200,16,16,0.1,val,client_0,9,33,588,621,True,0.7200061842918986
Tox21,fedavg_proto,0.5,0,20,200,16,16,0.1,val,client_0,10,103,474,577,True,0.8244438982425955
Tox21,fedavg_proto,0.5,0,20,200,16,16,0.1,val,client_0,11,42,627,669,True,0.7907647907647908
Tox21,fedavg_proto,0.5,0,20,200,16,16,0.1,val,client_1,0,27,706,733,True,0.7315077116776834
Tox21,fedavg_proto,0.5,0,20,200,16,16,0.1,val,client_1,1,21,659,680,True,0.797384204060987
Tox21,fedavg_proto,0.5,0,20,200,16,16,0.1,val,client_1,2,83,573,656,True,0.8558842700645515
Tox21,fedavg_proto,0.5,0,20,200,16,16,0.1,val,client_1,3,31,553,584,True,0.7507145773785219
Tox21,fedavg_proto,0.5,0,20,200,16,16,0.1,val,client_1,4,83,531,614,True,0.7383205136931908
Tox21,fedavg_proto,0.5,0,20,200,16,16,0.1,val,client_1,5,49,647,696,True,0.8053496514525439
Tox21,fedavg_proto,0.5,0,20,200,16,16,0.1,val,client_1,6,18,623,641,True,0.637685036561441
Tox21,fedavg_proto,0.5,0,20,200,16,16,0.1,val,client_1,7,89,478,567,True,0.725306755676743
Tox21,fedavg_proto,0.5,0,20,200,16,16,0.1,val,client_1,8,32,672,704,True,0.8104073660714286
Tox21,fedavg_proto,0.5,0,20,200,16,16,0.1,val,client_1,9,33,588,621,True,0.7037208822923109
Tox21,fedavg_proto,0.5,0,20,200,16,16,0.1,val,client_1,10,103,474,577,True,0.8357297939453525
Tox21,fedavg_proto,0.5,0,20,200,16,16,0.1,val,client_1,11,42,627,669,True,0.764524948735475
Tox21,fedavg_proto,0.5,0,20,200,16,16,0.1,val,client_2,0,27,706,733,True,0.7550624278669604
Tox21,fedavg_proto,0.5,0,20,200,16,16,0.1,val,client_2,1,21,659,680,True,0.8041766023556615
Tox21,fedavg_proto,0.5,0,20,200,16,16,0.1,val,client_2,2,83,573,656,True,0.8479362476082339
Tox21,fedavg_proto,0.5,0,20,200,16,16,0.1,val,client_2,3,31,553,584,True,0.6966400279997667
Tox21,fedavg_proto,0.5,0,20,200,16,16,0.1,val,client_2,4,83,531,614,True,0.7411113380073969
Tox21,fedavg_proto,0.5,0,20,200,16,16,0.1,val,client_2,5,49,647,696,True,0.7921332366022142
Tox21,fedavg_proto,0.5,0,20,200,16,16,0.1,val,client_2,6,18,623,641,True,0.613697164258962
Tox21,fedavg_proto,0.5,0,20,200,16,16,0.1,val,client_2,7,89,478,567,True,0.7099337125664049
Tox21,fedavg_proto,0.5,0,20,200,16,16,0.1,val,client_2,8,32,672,704,True,0.850864955357143
Tox21,fedavg_proto,0.5,0,20,200,16,16,0.1,val,client_2,9,33,588,621,True,0.6834157905586478
Tox21,fedavg_proto,0.5,0,20,200,16,16,0.1,val,client_2,10,103,474,577,True,0.825693334971939
Tox21,fedavg_proto,0.5,0,20,200,16,16,0.1,val,client_2,11,42,627,669,True,0.7933090301511354
Tox21,fedavg_proto,0.5,0,20,200,16,16,0.1,val,client_3,0,27,706,733,True,0.7216976182981849
Tox21,fedavg_proto,0.5,0,20,200,16,16,0.1,val,client_3,1,21,659,680,True,0.8136426042344099
Tox21,fedavg_proto,0.5,0,20,200,16,16,0.1,val,client_3,2,83,573,656,True,0.8490716793877079
Tox21,fedavg_proto,0.5,0,20,200,16,16,0.1,val,client_3,3,31,553,584,True,0.7310564078632679
Tox21,fedavg_proto,0.5,0,20,200,16,16,0.1,val,client_3,4,83,531,614,True,0.7445828511787261
Tox21,fedavg_proto,0.5,0,20,200,16,16,0.1,val,client_3,5,49,647,696,True,0.8064221051635493
Tox21,fedavg_proto,0.5,0,20,200,16,16,0.1,val,client_3,6,18,623,641,True,0.6811128945960407
Tox21,fedavg_proto,0.5,0,20,200,16,16,0.1,val,client_3,7,89,478,567,True,0.7170560857505525
Tox21,fedavg_proto,0.5,0,20,200,16,16,0.1,val,client_3,8,32,672,704,True,0.8210100446428572
Tox21,fedavg_proto,0.5,0,20,200,16,16,0.1,val,client_3,9,33,588,621,True,0.7041331684188827
Tox21,fedavg_proto,0.5,0,20,200,16,16,0.1,val,client_3,10,103,474,577,True,0.8216377862439065
Tox21,fedavg_proto,0.5,0,20,200,16,16,0.1,val,client_3,11,42,627,669,True,0.7711703501177185
Tox21,fedavg_proto,0.5,0,20,200,16,16,0.1,test,server,0,33,701,734,True,0.7679937751264428
Tox21,fedavg_proto,0.5,0,20,200,16,16,0.1,test,server,1,25,664,689,True,0.8218072289156626
Tox21,fedavg_proto,0.5,0,20,200,16,16,0.1,test,server,2,65,590,655,True,0.8656584093872229
Tox21,fedavg_proto,0.5,0,20,200,16,16,0.1,test,server,3,40,560,600,True,0.7203125
Tox21,fedavg_proto,0.5,0,20,200,16,16,0.1,test,server,4,96,540,636,True,0.6794367283950618
Tox21,fedavg_proto,0.5,0,20,200,16,16,0.1,test,server,5,37,651,688,True,0.7371611242578985
Tox21,fedavg_proto,0.5,0,20,200,16,16,0.1,test,server,6,17,637,654,True,0.5865730907747715
Tox21,fedavg_proto,0.5,0,20,200,16,16,0.1,test,server,7,111,482,593,True,0.7069081529662442
Tox21,fedavg_proto,0.5,0,20,200,16,16,0.1,test,server,8,24,685,709,True,0.7187347931873479
Tox21,fedavg_proto,0.5,0,20,200,16,16,0.1,test,server,9,39,600,639,True,0.7085042735042735
Tox21,fedavg_proto,0.5,0,20,200,16,16,0.1,test,server,10,98,502,600,True,0.7581510691926173
Tox21,fedavg_proto,0.5,0,20,200,16,16,0.1,test,server,11,35,636,671,True,0.7191374663072776
Tox21,fedavg_proto,0.5,0,20,200,16,16,0.1,test,client_0,0,33,701,734,True,0.7591319759650716
Tox21,fedavg_proto,0.5,0,20,200,16,16,0.1,test,client_0,1,25,664,689,True,0.8378915662650603
Tox21,fedavg_proto,0.5,0,20,200,16,16,0.1,test,client_0,2,65,590,655,True,0.8652933507170796
Tox21,fedavg_proto,0.5,0,20,200,16,16,0.1,test,client_0,3,40,560,600,True,0.7274999999999999
Tox21,fedavg_proto,0.5,0,20,200,16,16,0.1,test,client_0,4,96,540,636,True,0.6759645061728395
Tox21,fedavg_proto,0.5,0,20,200,16,16,0.1,test,client_0,5,37,651,688,True,0.7293145680242454
Tox21,fedavg_proto,0.5,0,20,200,16,16,0.1,test,client_0,6,17,637,654,True,0.5958998984209068
Tox21,fedavg_proto,0.5,0,20,200,16,16,0.1,test,client_0,7,111,482,593,True,0.7090949871032859
Tox21,fedavg_proto,0.5,0,20,200,16,16,0.1,test,client_0,8,24,685,709,True,0.7195255474452554
Tox21,fedavg_proto,0.5,0,20,200,16,16,0.1,test,client_0,9,39,600,639,True,0.7114957264957265
Tox21,fedavg_proto,0.5,0,20,200,16,16,0.1,test,client_0,10,98,502,600,True,0.7658142938450281
Tox21,fedavg_proto,0.5,0,20,200,16,16,0.1,test,client_0,11,35,636,671,True,0.7227313566936209
Tox21,fedavg_proto,0.5,0,20,200,16,16,0.1,test,client_1,0,33,701,734,True,0.7487139584143864
Tox21,fedavg_proto,0.5,0,20,200,16,16,0.1,test,client_1,1,25,664,689,True,0.8057228915662651
Tox21,fedavg_proto,0.5,0,20,200,16,16,0.1,test,client_1,2,65,590,655,True,0.8560625814863104
Tox21,fedavg_proto,0.5,0,20,200,16,16,0.1,test,client_1,3,40,560,600,True,0.7155357142857144
Tox21,fedavg_proto,0.5,0,20,200,16,16,0.1,test,client_1,4,96,540,636,True,0.6855709876543209
Tox21,fedavg_proto,0.5,0,20,200,16,16,0.1,test,client_1,5,37,651,688,True,0.7465437788018434
Tox21,fedavg_proto,0.5,0,20,200,16,16,0.1,test,client_1,6,17,637,654,True,0.5497275833410287
Tox21,fedavg_proto,0.5,0,20,200,16,16,0.1,test,client_1,7,111,482,593,True,0.6955254009195918
Tox21,fedavg_proto,0.5,0,20,200,16,16,0.1,test,client_1,8,24,685,709,True,0.7147810218978102
Tox21,fedavg_proto,0.5,0,20,200,16,16,0.1,test,client_1,9,39,600,639,True,0.7038034188034188
Tox21,fedavg_proto,0.5,0,20,200,16,16,0.1,test,client_1,10,98,502,600,True,0.7601024473534435
Tox21,fedavg_proto,0.5,0,20,200,16,16,0.1,test,client_1,11,35,636,671,True,0.7146900269541778
Tox21,fedavg_proto,0.5,0,20,200,16,16,0.1,test,client_2,0,33,701,734,True,0.7481952189512817
Tox21,fedavg_proto,0.5,0,20,200,16,16,0.1,test,client_2,1,25,664,689,True,0.845
Tox21,fedavg_proto,0.5,0,20,200,16,16,0.1,test,client_2,2,65,590,655,True,0.8641981747066493
Tox21,fedavg_proto,0.5,0,20,200,16,16,0.1,test,client_2,3,40,560,600,True,0.7090625
Tox21,fedavg_proto,0.5,0,20,200,16,16,0.1,test,client_2,4,96,540,636,True,0.6653935185185186
Tox21,fedavg_proto,0.5,0,20,200,16,16,0.1,test,client_2,5,37,651,688,True,0.7009590235396688
Tox21,fedavg_proto,0.5,0,20,200,16,16,0.1,test,client_2,6,17,637,654,True,0.6663588512328008
Tox21,fedavg_proto,0.5,0,20,200,16,16,0.1,test,client_2,7,111,482,593,True,0.728440058315577
Tox21,fedavg_proto,0.5,0,20,200,16,16,0.1,test,client_2,8,24,685,709,True,0.7144160583941607
Tox21,fedavg_proto,0.5,0,20,200,16,16,0.1,test,client_2,9,39,600,639,True,0.7215811965811965
Tox21,fedavg_proto,0.5,0,20,200,16,16,0.1,test,client_2,10,98,502,600,True,0.7511992844946744
Tox21,fedavg_proto,0.5,0,20,200,16,16,0.1,test,client_2,11,35,636,671,True,0.7303683737646002
Tox21,fedavg_proto,0.5,0,20,200,16,16,0.1,test,client_3,0,33,701,734,True,0.7637574028444215
Tox21,fedavg_proto,0.5,0,20,200,16,16,0.1,test,client_3,1,25,664,689,True,0.7886144578313253
Tox21,fedavg_proto,0.5,0,20,200,16,16,0.1,test,client_3,2,65,590,655,True,0.8685006518904824
Tox21,fedavg_proto,0.5,0,20,200,16,16,0.1,test,client_3,3,40,560,600,True,0.7070982142857142
Tox21,fedavg_proto,0.5,0,20,200,16,16,0.1,test,client_3,4,96,540,636,True,0.6790702160493827
Tox21,fedavg_proto,0.5,0,20,200,16,16,0.1,test,client_3,5,37,651,688,True,0.7389048034209323
Tox21,fedavg_proto,0.5,0,20,200,16,16,0.1,test,client_3,6,17,637,654,True,0.5283959737741251
Tox21,fedavg_proto,0.5,0,20,200,16,16,0.1,test,client_3,7,111,482,593,True,0.6859369743187171
Tox21,fedavg_proto,0.5,0,20,200,16,16,0.1,test,client_3,8,24,685,709,True,0.7034671532846715
Tox21,fedavg_proto,0.5,0,20,200,16,16,0.1,test,client_3,9,39,600,639,True,0.6928632478632478
Tox21,fedavg_proto,0.5,0,20,200,16,16,0.1,test,client_3,10,98,502,600,True,0.7420521993658021
Tox21,fedavg_proto,0.5,0,20,200,16,16,0.1,test,client_3,11,35,636,671,True,0.7023360287511231
Tox21,fedavg_proto,0.5,0,21,200,16,16,0.1,val,server,0,27,706,733,True,0.7229566677158745
Tox21,fedavg_proto,0.5,0,21,200,16,16,0.1,val,server,1,21,659,680,True,0.8069947250523882
Tox21,fedavg_proto,0.5,0,21,200,16,16,0.1,val,server,2,83,573,656,True,0.8604680502113164
Tox21,fedavg_proto,0.5,0,21,200,16,16,0.1,val,server,3,31,553,584,True,0.7250481245989616
Tox21,fedavg_proto,0.5,0,21,200,16,16,0.1,val,server,4,83,531,614,True,0.7373902389217888
Tox21,fedavg_proto,0.5,0,21,200,16,16,0.1,val,server,5,49,647,696,True,0.8016906917326436
Tox21,fedavg_proto,0.5,0,21,200,16,16,0.1,val,server,6,18,623,641,True,0.656589976814696
Tox21,fedavg_proto,0.5,0,21,200,16,16,0.1,val,server,7,89,478,567,True,0.7300550044661746
Tox21,fedavg_proto,0.5,0,21,200,16,16,0.1,val,server,8,32,672,704,True,0.8405412946428571
Tox21,fedavg_proto,0.5,0,21,200,16,16,0.1,val,server,9,33,588,621,True,0.7100597814883529
Tox21,fedavg_proto,0.5,0,21,200,16,16,0.1,val,server,10,103,474,577,True,0.8350333865880135
Tox21,fedavg_proto,0.5,0,21,200,16,16,0.1,val,server,11,42,627,669,True,0.7906128958760538
Tox21,fedavg_proto,0.5,0,21,200,16,16,0.1,val,client_0,0,27,706,733,True,0.7213828559437625
Tox21,fedavg_proto,0.5,0,21,200,16,16,0.1,val,client_0,1,21,659,680,True,0.7986848760748608
Tox21,fedavg_proto,0.5,0,21,200,16,16,0.1,val,client_0,2,83,573,656,True,0.8644000084106058
Tox21,fedavg_proto,0.5,0,21,200,16,16,0.1,val,client_0,3,31,553,584,True,0.7020649827918102
Tox21,fedavg_proto,0.5,0,21,200,16,16,0.1,val,client_0,4,83,531,614,True,0.720123431579425
Tox21,fedavg_proto,0.5,0,21,200,16,16,0.1,val,client_0,5,49,647,696,True,0.7904299277670883
Tox21,fedavg_proto,0.5,0,21,200,16,16,0.1,val,client_0,6,18,623,641,True,0.627429998216515
Tox21,fedavg_proto,0.5,0,21,200,16,16,0.1,val,client_0,7,89,478,567,True,0.7342155987024588
Tox21,fedavg_proto,0.5,0,21,200,16,16,0.1,val,client_0,8,32,672,704,True,0.8322637648809523
Tox21,fedavg_proto,0.5,0,21,200,16,16,0.1,val,client_0,9,33,588,621,True,0.7161925376211091
Tox21,fedavg_proto,0.5,0,21,200,16,16,0.1,val,client_0,10,103,474,577,True,0.8250174101839335
Tox21,fedavg_proto,0.5,0,21,200,16,16,0.1,val,client_0,11,42,627,669,True,0.7868534973798131
Tox21,fedavg_proto,0.5,0,21,200,16,16,0.1,val,client_1,0,27,706,733,True,0.7339733501206589
Tox21,fedavg_proto,0.5,0,21,200,16,16,0.1,val,client_1,1,21,659,680,True,0.8047546788062722
Tox21,fedavg_proto,0.5,0,21,200,16,16,0.1,val,client_1,2,83,573,656,True,0.8583443722534115
Tox21,fedavg_proto,0.5,0,21,200,16,16,0.1,val,client_1,3,31,553,584,True,0.7517062357813685
Tox21,fedavg_proto,0.5,0,21,200,16,16,0.1,val,client_1,4,83,531,614,True,0.7403172010074196
Tox21,fedavg_proto,0.5,0,21,200,16,16,0.1,val,client_1,5,49,647,696,True,0.8069898747752579
Tox21,fedavg_proto,0.5,0,21,200,16,16,0.1,val,client_1,6,18,623,641,True,0.6412520064205458
Tox21,fedavg_proto,0.5,0,21,200,16,16,0.1,val,client_1,7,89,478,567,True,0.7248366320342251
Tox21,fedavg_proto,0.5,0,21,200,16,16,0.1,val,client_1,8,32,672,704,True,0.8070591517857142
Tox21,fedavg_proto,0.5,0,21,200,16,16,0.1,val,client_1,9,33,588,621,True,0.709544423830138
Tox21,fedavg_proto,0.5,0,21,200,16,16,0.1,val,client_1,10,103,474,577,True,0.8370611609520299
Tox21,fedavg_proto,0.5,0,21,200,16,16,0.1,val,client_1,11,42,627,669,True,0.7589807852965748
Tox21,fedavg_proto,0.5,0,21,200,16,16,0.1,val,client_2,0,27,706,733,True,0.7597838631832966
Tox21,fedavg_proto,0.5,0,21,200,16,16,0.1,val,client_2,1,21,659,680,True,0.7977455018426187
Tox21,fedavg_proto,0.5,0,21,200,16,16,0.1,val,client_2,2,83,573,656,True,0.8463592590256312
Tox21,fedavg_proto,0.5,0,21,200,16,16,0.1,val,client_2,3,31,553,584,True,0.693723385638453
Tox21,fedavg_proto,0.5,0,21,200,16,16,0.1,val,client_2,4,83,531,614,True,0.739954166950287
Tox21,fedavg_proto,0.5,0,21,200,16,16,0.1,val,client_2,5,49,647,696,True,0.7887581616881683
Tox21,fedavg_proto,0.5,0,21,200,16,16,0.1,val,client_2,6,18,623,641,True,0.6078116639914394
Tox21,fedavg_proto,0.5,0,21,200,16,16,0.1,val,client_2,7,89,478,567,True,0.7066663532509052
Tox21,fedavg_proto,0.5,0,21,200,16,16,0.1,val,client_2,8,32,672,704,True,0.8497488839285714
Tox21,fedavg_proto,0.5,0,21,200,16,16,0.1,val,client_2,9,33,588,621,True,0.6856833642547928
Tox21,fedavg_proto,0.5,0,21,200,16,16,0.1,val,client_2,10,103,474,577,True,0.8264307074679448
Tox21,fedavg_proto,0.5,0,21,200,16,16,0.1,val,client_2,11,42,627,669,True,0.7882205513784462
Tox21,fedavg_proto,0.5,0,21,200,16,16,0.1,val,client_3,0,27,706,733,True,0.7210156331969363
Tox21,fedavg_proto,0.5,0,21,200,16,16,0.1,val,client_3,1,21,659,680,True,0.8124141917768625
Tox21,fedavg_proto,0.5,0,21,200,16,16,0.1,val,client_3,2,83,573,656,True,0.8539918837654281
Tox21,fedavg_proto,0.5,0,21,200,16,16,0.1,val,client_3,3,31,553,584,True,0.7368896925858951
Tox21,fedavg_proto,0.5,0,21,200,16,16,0.1,val,client_3,4,83,531,614,True,0.7440383000930275
Tox21,fedavg_proto,0.5,0,21,200,16,16,0.1,val,client_3,5,49,647,696,True,0.8029208592246789
Tox21,fedavg_proto,0.5,0,21,200,16,16,0.1,val,client_3,6,18,623,641,True,0.6795077581594435
Tox21,fedavg_proto,0.5,0,21,200,16,16,0.1,val,client_3,7,89,478,567,True,0.7193126792346387
Tox21,fedavg_proto,0.5,0,21,200,16,16,0.1,val,client_3,8,32,672,704,True,0.82421875
Tox21,fedavg_proto,0.5,0,21,200,16,16,0.1,val,client_3,9,33,588,621,True,0.7055761698618842
Tox21,fedavg_proto,0.5,0,21,200,16,16,0.1,val,client_3,10,103,474,577,True,0.8239523165785916
Tox21,fedavg_proto,0.5,0,21,200,16,16,0.1,val,client_3,11,42,627,669,True,0.7733348522822207
Tox21,fedavg_proto,0.5,0,21,200,16,16,0.1,test,server,0,33,701,734,True,0.7660485021398004
Tox21,fedavg_proto,0.5,0,21,200,16,16,0.1,test,server,1,25,664,689,True,0.8246385542168675
Tox21,fedavg_proto,0.5,0,21,200,16,16,0.1,test,server,2,65,590,655,True,0.8684745762711864
Tox21,fedavg_proto,0.5,0,21,200,16,16,0.1,test,server,3,40,560,600,True,0.7221428571428572
Tox21,fedavg_proto,0.5,0,21,200,16,16,0.1,test,server,4,96,540,636,True,0.6828317901234568
Tox21,fedavg_proto,0.5,0,21,200,16,16,0.1,test,server,5,37,651,688,True,0.7429733881346785
Tox21,fedavg_proto,0.5,0,21,200,16,16,0.1,test,server,6,17,637,654,True,0.595438175270108
Tox21,fedavg_proto,0.5,0,21,200,16,16,0.1,test,server,7,111,482,593,True,0.7078800792493739
Tox21,fedavg_proto,0.5,0,21,200,16,16,0.1,test,server,8,24,685,709,True,0.7199513381995134
Tox21,fedavg_proto,0.5,0,21,200,16,16,0.1,test,server,9,39,600,639,True,0.7069230769230769
Tox21,fedavg_proto,0.5,0,21,200,16,16,0.1,test,server,10,98,502,600,True,0.7606309456053337
Tox21,fedavg_proto,0.5,0,21,200,16,16,0.1,test,server,11,35,636,671,True,0.7141060197663971
Tox21,fedavg_proto,0.5,0,21,200,16,16,0.1,test,client_0,0,33,701,734,True,0.757878355595902
Tox21,fedavg_proto,0.5,0,21,200,16,16,0.1,test,client_0,1,25,664,689,True,0.8440963855421687
Tox21,fedavg_proto,0.5,0,21,200,16,16,0.1,test,client_0,2,65,590,655,True,0.863780964797914
Tox21,fedavg_proto,0.5,0,21,200,16,16,0.1,test,client_0,3,40,560,600,True,0.725625
Tox21,fedavg_proto,0.5,0,21,200,16,16,0.1,test,client_0,4,96,540,636,True,0.6765239197530865
Tox21,fedavg_proto,0.5,0,21,200,16,16,0.1,test,client_0,5,37,651,688,True,0.7381159961805124
Tox21,fedavg_proto,0.5,0,21,200,16,16,0.1,test,client_0,6,17,637,654,True,0.6086434573829531
Tox21,fedavg_proto,0.5,0,21,200,16,16,0.1,test,client_0,7,111,482,593,True,0.7127397106650217
Tox21,fedavg_proto,0.5,0,21,200,16,16,0.1,test,client_0,8,24,685,709,True,0.7209245742092457
Tox21,fedavg_proto,0.5,0,21,200,16,16,0.1,test,client_0,9,39,600,639,True,0.7164529914529915
Tox21,fedavg_proto,0.5,0,21,200,16,16,0.1,test,client_0,10,98,502,600,True,0.7666883486462315
Tox21,fedavg_proto,0.5,0,21,200,16,16,0.1,test,client_0,11,35,636,671,True,0.7238993710691825
Tox21,fedavg_proto,0.5,0,21,200,16,16,0.1,test,client_1,0,33,701,734,True,0.7451260104612458
Tox21,fedavg_proto,0.5,0,21,200,16,16,0.1,test,client_1,1,25,664,689,True,0.8043975903614458
Tox21,fedavg_proto,0.5,0,21,200,16,16,0.1,test,client_1,2,65,590,655,True,0.8581225554106909
Tox21,fedavg_proto,0.5,0,21,200,16,16,0.1,test,client_1,3,40,560,600,True,0.717232142857143
Tox21,fedavg_proto,0.5,0,21,200,16,16,0.1,test,client_1,4,96,540,636,True,0.6966628086419753
Tox21,fedavg_proto,0.5,0,21,200,16,16,0.1,test,client_1,5,37,651,688,True,0.7564661435629177
Tox21,fedavg_proto,0.5,0,21,200,16,16,0.1,test,client_1,6,17,637,654,True,0.5550835718902946
Tox21,fedavg_proto,0.5,0,21,200,16,16,0.1,test,client_1,7,111,482,593,True,0.6946469290867632
Tox21,fedavg_proto,0.5,0,21,200,16,16,0.1,test,client_1,8,24,685,709,True,0.7142944038929441
Tox21,fedavg_proto,0.5,0,21,200,16,16,0.1,test,client_1,9,39,600,639,True,0.7048717948717949
Tox21,fedavg_proto,0.5,0,21,200,16,16,0.1,test,client_1,10,98,502,600,True,0.7652044881697699
Tox21,fedavg_proto,0.5,0,21,200,16,16,0.1,test,client_1,11,35,636,671,True,0.7107816711590296
Tox21,fedavg_proto,0.5,0,21,200,16,16,0.1,test,client_2,0,33,701,734,True,0.7472009683136644
Tox21,fedavg_proto,0.5,0,21,200,16,16,0.1,test,client_2,1,25,664,689,True,0.848433734939759
Tox21,fedavg_proto,0.5,0,21,200,16,16,0.1,test,client_2,2,65,590,655,True,0.8660756192959582
Tox21,fedavg_proto,0.5,0,21,200,16,16,0.1,test,client_2,3,40,560,600,True,0.7081249999999999
Tox21,fedavg_proto,0.5,0,21,200,16,16,0.1,test,client_2,4,96,540,636,True,0.6633101851851853
Tox21,fedavg_proto,0.5,0,21,200,16,16,0.1,test,client_2,5,37,651,688,True,0.6990907958649893
Tox21,fedavg_proto,0.5,0,21,200,16,16,0.1,test,client_2,6,17,637,654,True,0.6614645858343338
Tox21,fedavg_proto,0.5,0,21,200,16,16,0.1,test,client_2,7,111,482,593,True,0.7240663900414938
Tox21,fedavg_proto,0.5,0,21,200,16,16,0.1,test,client_2,8,24,685,709,True,0.7101581508515814
Tox21,fedavg_proto,0.5,0,21,200,16,16,0.1,test,client_2,9,39,600,639,True,0.7173931623931624
Tox21,fedavg_proto,0.5,0,21,200,16,16,0.1,test,client_2,10,98,502,600,True,0.7531913163671843
Tox21,fedavg_proto,0.5,0,21,200,16,16,0.1,test,client_2,11,35,636,671,True,0.7297394429469901
Tox21,fedavg_proto,0.5,0,21,200,16,16,0.1,test,client_3,0,33,701,734,True,0.7579648121730861
Tox21,fedavg_proto,0.5,0,21,200,16,16,0.1,test,client_3,1,25,664,689,True,0.7933734939759036
Tox21,fedavg_proto,0.5,0,21,200,16,16,0.1,test,client_3,2,65,590,655,True,0.8708474576271187
Tox21,fedavg_proto,0.5,0,21,200,16,16,0.1,test,client_3,3,40,560,600,True,0.7069196428571429
Tox21,fedavg_proto,0.5,0,21,200,16,16,0.1,test,client_3,4,96,540,636,True,0.679783950617284
Tox21,fedavg_proto,0.5,0,21,200,16,16,0.1,test,client_3,5,37,651,688,True,0.7431394528168722
Tox21,fedavg_proto,0.5,0,21,200,16,16,0.1,test,client_3,6,17,637,654,True,0.5422476682980885
Tox21,fedavg_proto,0.5,0,21,200,16,16,0.1,test,client_3,7,111,482,593,True,0.6860678105491382
Tox21,fedavg_proto,0.5,0,21,200,16,16,0.1,test,client_3,8,24,685,709,True,0.70669099756691
Tox21,fedavg_proto,0.5,0,21,200,16,16,0.1,test,client_3,9,39,600,639,True,0.6908119658119658
Tox21,fedavg_proto,0.5,0,21,200,16,16,0.1,test,client_3,10,98,502,600,True,0.7477030652898609
Tox21,fedavg_proto,0.5,0,21,200,16,16,0.1,test,client_3,11,35,636,671,True,0.6960467205750225
Tox21,fedavg_proto,0.5,0,22,200,16,16,0.1,val,server,0,27,706,733,True,0.726419053614521
Tox21,fedavg_proto,0.5,0,22,200,16,16,0.1,val,server,1,21,659,680,True,0.8068502059397356
Tox21,fedavg_proto,0.5,0,22,200,16,16,0.1,val,server,2,83,573,656,True,0.8595639100906243
Tox21,fedavg_proto,0.5,0,22,200,16,16,0.1,val,server,3,31,553,584,True,0.7275564370296913
Tox21,fedavg_proto,0.5,0,22,200,16,16,0.1,val,server,4,83,531,614,True,0.7353708619789895
Tox21,fedavg_proto,0.5,0,22,200,16,16,0.1,val,server,5,49,647,696,True,0.8023530896129704
Tox21,fedavg_proto,0.5,0,22,200,16,16,0.1,val,server,6,18,623,641,True,0.6586409844836811
Tox21,fedavg_proto,0.5,0,22,200,16,16,0.1,val,server,7,89,478,567,True,0.7339100183348221
Tox21,fedavg_proto,0.5,0,22,200,16,16,0.1,val,server,8,32,672,704,True,0.8404947916666666
Tox21,fedavg_proto,0.5,0,22,200,16,16,0.1,val,server,9,33,588,621,True,0.7141826427540713
Tox21,fedavg_proto,0.5,0,22,200,16,16,0.1,val,server,10,103,474,577,True,0.8404407848920569
Tox21,fedavg_proto,0.5,0,22,200,16,16,0.1,val,server,11,42,627,669,True,0.791410344041923
Tox21,fedavg_proto,0.5,0,22,200,16,16,0.1,val,client_0,0,27,706,733,True,0.719494281817228
Tox21,fedavg_proto,0.5,0,22,200,16,16,0.1,val,client_0,1,21,659,680,True,0.8035985259050509
Tox21,fedavg_proto,0.5,0,22,200,16,16,0.1,val,client_0,2,83,573,656,True,0.8630963645156543
Tox21,fedavg_proto,0.5,0,22,200,16,16,0.1,val,client_0,3,31,553,584,True,0.713556553695386
Tox21,fedavg_proto,0.5,0,22,200,16,16,0.1,val,client_0,4,83,531,614,True,0.7257050802078371
Tox21,fedavg_proto,0.5,0,22,200,16,16,0.1,val,client_0,5,49,647,696,True,0.7941835157556069
Tox21,fedavg_proto,0.5,0,22,200,16,16,0.1,val,client_0,6,18,623,641,True,0.6326912787586945
Tox21,fedavg_proto,0.5,0,22,200,16,16,0.1,val,client_0,7,89,478,567,True,0.733486907056556
Tox21,fedavg_proto,0.5,0,22,200,16,16,0.1,val,client_0,8,32,672,704,True,0.8366350446428571
Tox21,fedavg_proto,0.5,0,22,200,16,16,0.1,val,client_0,9,33,588,621,True,0.7217584003298289
Tox21,fedavg_proto,0.5,0,22,200,16,16,0.1,val,client_0,10,103,474,577,True,0.8318585883413215
Tox21,fedavg_proto,0.5,0,22,200,16,16,0.1,val,client_0,11,42,627,669,True,0.7856383382699171
Tox21,fedavg_proto,0.5,0,22,200,16,16,0.1,val,client_1,0,27,706,733,True,0.7396390725002622
Tox21,fedavg_proto,0.5,0,22,200,16,16,0.1,val,client_1,1,21,659,680,True,0.8030927090107666
Tox21,fedavg_proto,0.5,0,22,200,16,16,0.1,val,client_1,2,83,573,656,True,0.8508799596290922
Tox21,fedavg_proto,0.5,0,22,200,16,16,0.1,val,client_1,3,31,553,584,True,0.7530478912675728
Tox21,fedavg_proto,0.5,0,22,200,16,16,0.1,val,client_1,4,83,531,614,True,0.7373448596646474
Tox21,fedavg_proto,0.5,0,22,200,16,16,0.1,val,client_1,5,49,647,696,True,0.8096079235403588
Tox21,fedavg_proto,0.5,0,22,200,16,16,0.1,val,client_1,6,18,623,641,True,0.6458890672373818
Tox21,fedavg_proto,0.5,0,22,200,16,16,0.1,val,client_1,7,89,478,567,True,0.7249306567627285
Tox21,fedavg_proto,0.5,0,22,200,16,16,0.1,val,client_1,8,32,672,704,True,0.8057570684523809
Tox21,fedavg_proto,0.5,0,22,200,16,16,0.1,val,client_1,9,33,588,621,True,0.7141826427540713
Tox21,fedavg_proto,0.5,0,22,200,16,16,0.1,val,client_1,10,103,474,577,True,0.8381262545573717
Tox21,fedavg_proto,0.5,0,22,200,16,16,0.1,val,client_1,11,42,627,669,True,0.7650186071238704
Tox21,fedavg_proto,0.5,0,22,200,16,16,0.1,val,client_2,0,27,706,733,True,0.7463015423355366
Tox21,fedavg_proto,0.5,0,22,200,16,16,0.1,val,client_2,1,21,659,680,True,0.8025868921164824
Tox21,fedavg_proto,0.5,0,22,200,16,16,0.1,val,client_2,2,83,573,656,True,0.8513845959755252
Tox21,fedavg_proto,0.5,0,22,200,16,16,0.1,val,client_2,3,31,553,584,True,0.703114974041883
Tox21,fedavg_proto,0.5,0,22,200,16,16,0.1,val,client_2,4,83,531,614,True,0.7399314773217163
Tox21,fedavg_proto,0.5,0,22,200,16,16,0.1,val,client_2,5,49,647,696,True,0.7865501687537457
Tox21,fedavg_proto,0.5,0,22,200,16,16,0.1,val,client_2,6,18,623,641,True,0.6230604601391119
Tox21,fedavg_proto,0.5,0,22,200,16,16,0.1,val,client_2,7,89,478,567,True,0.7143763809882
Tox21,fedavg_proto,0.5,0,22,200,16,16,0.1,val,client_2,8,32,672,704,True,0.8496558779761905
Tox21,fedavg_proto,0.5,0,22,200,16,16,0.1,val,client_2,9,33,588,621,True,0.6866110080395796
Tox21,fedavg_proto,0.5,0,22,200,16,16,0.1,val,client_2,10,103,474,577,True,0.8347671131866781
Tox21,fedavg_proto,0.5,0,22,200,16,16,0.1,val,client_2,11,42,627,669,True,0.7987012987012987
Tox21,fedavg_proto,0.5,0,22,200,16,16,0.1,val,client_3,0,27,706,733,True,0.7301962018675899
Tox21,fedavg_proto,0.5,0,22,200,16,16,0.1,val,client_3,1,21,659,680,True,0.814076161572368
Tox21,fedavg_proto,0.5,0,22,200,16,16,0.1,val,client_3,2,83,573,656,True,0.8521625770096092
Tox21,fedavg_proto,0.5,0,22,200,16,16,0.1,val,client_3,3,31,553,584,True,0.7332147232106399
Tox21,fedavg_proto,0.5,0,22,200,16,16,0.1,val,client_3,4,83,531,614,True,0.746874503664375
Tox21,fedavg_proto,0.5,0,22,200,16,16,0.1,val,client_3,5,49,647,696,True,0.8085670125855597
Tox21,fedavg_proto,0.5,0,22,200,16,16,0.1,val,client_3,6,18,623,641,True,0.6831639022650259
Tox21,fedavg_proto,0.5,0,22,200,16,16,0.1,val,client_3,7,89,478,567,True,0.7240139156598187
Tox21,fedavg_proto,0.5,0,22,200,16,16,0.1,val,client_3,8,32,672,704,True,0.8253348214285715
Tox21,fedavg_proto,0.5,0,22,200,16,16,0.1,val,client_3,9,33,588,621,True,0.7079468150896723
Tox21,fedavg_proto,0.5,0,22,200,16,16,0.1,val,client_3,10,103,474,577,True,0.8292163368973005
Tox21,fedavg_proto,0.5,0,22,200,16,16,0.1,val,client_3,11,42,627,669,True,0.781309333940913
Tox21,fedavg_proto,0.5,0,22,200,16,16,0.1,test,server,0,33,701,734,True,0.7663511001599447
Tox21,fedavg_proto,0.5,0,22,200,16,16,0.1,test,server,1,25,664,689,True,0.8324698795180723
Tox21,fedavg_proto,0.5,0,22,200,16,16,0.1,test,server,2,65,590,655,True,0.8707692307692307
Tox21,fedavg_proto,0.5,0,22,200,16,16,0.1,test,server,3,40,560,600,True,0.7245089285714286
Tox21,fedavg_proto,0.5,0,22,200,16,16,0.1,test,server,4,96,540,636,True,0.6846643518518519
Tox21,fedavg_proto,0.5,0,22,200,16,16,0.1,test,server,5,37,651,688,True,0.7430979366463237
Tox21,fedavg_proto,0.5,0,22,200,16,16,0.1,test,server,6,17,637,654,True,0.6111367623972666
Tox21,fedavg_proto,0.5,0,22,200,16,16,0.1,test,server,7,111,482,593,True,0.714870472131883
Tox21,fedavg_proto,0.5,0,22,200,16,16,0.1,test,server,8,24,685,709,True,0.7306569343065693
Tox21,fedavg_proto,0.5,0,22,200,16,16,0.1,test,server,9,39,600,639,True,0.7133760683760684
Tox21,fedavg_proto,0.5,0,22,200,16,16,0.1,test,server,10,98,502,600,True,0.7641474916659889
Tox21,fedavg_proto,0.5,0,22,200,16,16,0.1,test,server,11,35,636,671,True,0.7194519317160828
Tox21,fedavg_proto,0.5,0,22,200,16,16,0.1,test,client_0,0,33,701,734,True,0.7597371720053604
Tox21,fedavg_proto,0.5,0,22,200,16,16,0.1,test,client_0,1,25,664,689,True,0.8445180722891565
Tox21,fedavg_proto,0.5,0,22,200,16,16,0.1,test,client_0,2,65,590,655,True,0.8671707953063885
Tox21,fedavg_proto,0.5,0,22,200,16,16,0.1,test,client_0,3,40,560,600,True,0.7277678571428571
Tox21,fedavg_proto,0.5,0,22,200,16,16,0.1,test,client_0,4,96,540,636,True,0.6874228395061729
Tox21,fedavg_proto,0.5,0,22,200,16,16,0.1,test,client_0,5,37,651,688,True,0.7424751940880973
Tox21,fedavg_proto,0.5,0,22,200,16,16,0.1,test,client_0,6,17,637,654,True,0.6103980053559886
Tox21,fedavg_proto,0.5,0,22,200,16,16,0.1,test,client_0,7,111,482,593,True,0.714160218309596
Tox21,fedavg_proto,0.5,0,22,200,16,16,0.1,test,client_0,8,24,685,709,True,0.7239051094890511
Tox21,fedavg_proto,0.5,0,22,200,16,16,0.1,test,client_0,9,39,600,639,True,0.7164102564102564
Tox21,fedavg_proto,0.5,0,22,200,16,16,0.1,test,client_0,10,98,502,600,True,0.7710179689405643
Tox21,fedavg_proto,0.5,0,22,200,16,16,0.1,test,client_0,11,35,636,671,True,0.7154537286612759
Tox21,fedavg_proto,0.5,0,22,200,16,16,0.1,test,client_1,0,33,701,734,True,0.7485410452600181
Tox21,fedavg_proto,0.5,0,22,200,16,16,0.1,test,client_1,1,25,664,689,True,0.8200000000000001
Tox21,fedavg_proto,0.5,0,22,200,16,16,0.1,test,client_1,2,65,590,655,True,0.8612777053455019
Tox21,fedavg_proto,0.5,0,22,200,16,16,0.1,test,client_1,3,40,560,600,True,0.7158482142857142
Tox21,fedavg_proto,0.5,0,22,200,16,16,0.1,test,client_1,4,96,540,636,True,0.688695987654321
Tox21,fedavg_proto,0.5,0,22,200,16,16,0.1,test,client_1,5,37,651,688,True,0.7510275252210736
Tox21,fedavg_proto,0.5,0,22,200,16,16,0.1,test,client_1,6,17,637,654,True,0.5730907747714471
Tox21,fedavg_proto,0.5,0,22,200,16,16,0.1,test,client_1,7,111,482,593,True,0.7040110650069156
Tox21,fedavg_proto,0.5,0,22,200,16,16,0.1,test,client_1,8,24,685,709,True,0.7311435523114356
Tox21,fedavg_proto,0.5,0,22,200,16,16,0.1,test,client_1,9,39,600,639,True,0.7114529914529915
Tox21,fedavg_proto,0.5,0,22,200,16,16,0.1,test,client_1,10,98,502,600,True,0.7610374827221725
Tox21,fedavg_proto,0.5,0,22,200,16,16,0.1,test,client_1,11,35,636,671,True,0.7218778077268643
Tox21,fedavg_proto,0.5,0,22,200,16,16,0.1,test,client_2,0,33,701,734,True,0.7446504992867332
Tox21,fedavg_proto,0.5,0,22,200,16,16,0.1,test,client_2,1,25,664,689,True,0.8542771084337349
Tox21,fedavg_proto,0.5,0,22,200,16,16,0.1,test,client_2,2,65,590,655,True,0.865658409387223
Tox21,fedavg_proto,0.5,0,22,200,16,16,0.1,test,client_2,3,40,560,600,True,0.7121875
Tox21,fedavg_proto,0.5,0,22,200,16,16,0.1,test,client_2,4,96,540,636,True,0.6665123456790123
Tox21,fedavg_proto,0.5,0,22,200,16,16,0.1,test,client_2,5,37,651,688,True,0.700211732469797
Tox21,fedavg_proto,0.5,0,22,200,16,16,0.1,test,client_2,6,17,637,654,True,0.696186166774402
Tox21,fedavg_proto,0.5,0,22,200,16,16,0.1,test,client_2,7,111,482,593,True,0.735729505439049
Tox21,fedavg_proto,0.5,0,22,200,16,16,0.1,test,client_2,8,24,685,709,True,0.7175790754257908
Tox21,fedavg_proto,0.5,0,22,200,16,16,0.1,test,client_2,9,39,600,639,True,0.7344871794871795
Tox21,fedavg_proto,0.5,0,22,200,16,16,0.1,test,client_2,10,98,502,600,True,0.7601634279209692
Tox21,fedavg_proto,0.5,0,22,200,16,16,0.1,test,client_2,11,35,636,671,True,0.7312219227313567
Tox21,fedavg_proto,0.5,0,22,200,16,16,0.1,test,client_3,0,33,701,734,True,0.7621147278779233
Tox21,fedavg_proto,0.5,0,22,200,16,16,0.1,test,client_3,1,25,664,689,True,0.807710843373494
Tox21,fedavg_proto,0.5,0,22,200,16,16,0.1,test,client_3,2,65,590,655,True,0.8724380704041721
Tox21,fedavg_proto,0.5,0,22,200,16,16,0.1,test,client_3,3,40,560,600,True,0.7129910714285714
Tox21,fedavg_proto,0.5,0,22,200,16,16,0.1,test,client_3,4,96,540,636,True,0.6859567901234568
Tox21,fedavg_proto,0.5,0,22,200,16,16,0.1,test,client_3,5,37,651,688,True,0.7501141694690081
Tox21,fedavg_proto,0.5,0,22,200,16,16,0.1,test,client_3,6,17,637,654,True,0.5616400406316372
Tox21,fedavg_proto,0.5,0,22,200,16,16,0.1,test,client_3,7,111,482,593,True,0.698179507308138
Tox21,fedavg_proto,0.5,0,22,200,16,16,0.1,test,client_3,8,24,685,709,True,0.7164841849148419
Tox21,fedavg_proto,0.5,0,22,200,16,16,0.1,test,client_3,9,39,600,639,True,0.7005128205128206
Tox21,fedavg_proto,0.5,0,22,200,16,16,0.1,test,client_3,10,98,502,600,True,0.753292950646394
Tox21,fedavg_proto,0.5,0,22,200,16,16,0.1,test,client_3,11,35,636,671,True,0.7062893081761007
Tox21,fedavg_proto,0.5,0,23,200,16,16,0.1,val,server,0,27,706,733,True,0.7263665932221173
Tox21,fedavg_proto,0.5,0,23,200,16,16,0.1,val,server,1,21,659,680,True,0.8118361153262519
Tox21,fedavg_proto,0.5,0,23,200,16,16,0.1,val,server,2,83,573,656,True,0.8625917281692215
Tox21,fedavg_proto,0.5,0,23,200,16,16,0.1,val,server,3,31,553,584,True,0.7388730093915884
Tox21,fedavg_proto,0.5,0,23,200,16,16,0.1,val,server,4,83,531,614,True,0.7377759626074921
Tox21,fedavg_proto,0.5,0,23,200,16,16,0.1,val,server,5,49,647,696,True,0.8064221051635492
Tox21,fedavg_proto,0.5,0,23,200,16,16,0.1,val,server,6,18,623,641,True,0.657749242018905
Tox21,fedavg_proto,0.5,0,23,200,16,16,0.1,val,server,7,89,478,567,True,0.7370363405575666
Tox21,fedavg_proto,0.5,0,23,200,16,16,0.1,val,server,8,32,672,704,True,0.8335193452380953
Tox21,fedavg_proto,0.5,0,23,200,16,16,0.1,val,server,9,33,588,621,True,0.7182024324881467
Tox21,fedavg_proto,0.5,0,23,200,16,16,0.1,val,server,10,103,474,577,True,0.8448035721600917
Tox21,fedavg_proto,0.5,0,23,200,16,16,0.1,val,server,11,42,627,669,True,0.7874231032125769
Tox21,fedavg_proto,0.5,0,23,200,16,16,0.1,val,client_0,0,27,706,733,True,0.7207008708425138
Tox21,fedavg_proto,0.5,0,23,200,16,16,0.1,val,client_0,1,21,659,680,True,0.8024423730038298
Tox21,fedavg_proto,0.5,0,23,200,16,16,0.1,val,client_0,2,83,573,656,True,0.8625917281692215
Tox21,fedavg_proto,0.5,0,23,200,16,16,0.1,val,client_0,3,31,553,584,True,0.7126815609869918
Tox21,fedavg_proto,0.5,0,23,200,16,16,0.1,val,client_0,4,83,531,614,True,0.7259546661221156
Tox21,fedavg_proto,0.5,0,23,200,16,16,0.1,val,client_0,5,49,647,696,True,0.7968646500331198
Tox21,fedavg_proto,0.5,0,23,200,16,16,0.1,val,client_0,6,18,623,641,True,0.6396468699839486
Tox21,fedavg_proto,0.5,0,23,200,16,16,0.1,val,client_0,7,89,478,567,True,0.7367072540078039
Tox21,fedavg_proto,0.5,0,23,200,16,16,0.1,val,client_0,8,32,672,704,True,0.8287760416666667
Tox21,fedavg_proto,0.5,0,23,200,16,16,0.1,val,client_0,9,33,588,621,True,0.720470006184292
Tox21,fedavg_proto,0.5,0,23,200,16,16,0.1,val,client_0,10,103,474,577,True,0.8292982671746344
Tox21,fedavg_proto,0.5,0,23,200,16,16,0.1,val,client_0,11,42,627,669,True,0.7874610769347612
Tox21,fedavg_proto,0.5,0,23,200,16,16,0.1,val,client_1,0,27,706,733,True,0.7453572552722695
Tox21,fedavg_proto,0.5,0,23,200,16,16,0.1,val,client_1,1,21,659,680,True,0.8035985259050509
Tox21,fedavg_proto,0.5,0,23,200,16,16,0.1,val,client_1,2,83,573,656,True,0.8565571185264619
Tox21,fedavg_proto,0.5,0,23,200,16,16,0.1,val,client_1,3,31,553,584,True,0.7581811818234848
Tox21,fedavg_proto,0.5,0,23,200,16,16,0.1,val,client_1,4,83,531,614,True,0.7341683116647381
Tox21,fedavg_proto,0.5,0,23,200,16,16,0.1,val,client_1,5,49,647,696,True,0.8059489638204586
Tox21,fedavg_proto,0.5,0,23,200,16,16,0.1,val,client_1,6,18,623,641,True,0.6430354913500981
Tox21,fedavg_proto,0.5,0,23,200,16,16,0.1,val,client_1,7,89,478,567,True,0.7216868036293546
Tox21,fedavg_proto,0.5,0,23,200,16,16,0.1,val,client_1,8,32,672,704,True,0.8005022321428571
Tox21,fedavg_proto,0.5,0,23,200,16,16,0.1,val,client_1,9,33,588,621,True,0.7197485054627912
Tox21,fedavg_proto,0.5,0,23,200,16,16,0.1,val,client_1,10,103,474,577,True,0.8439023391094179
Tox21,fedavg_proto,0.5,0,23,200,16,16,0.1,val,client_1,11,42,627,669,True,0.76957545378598
Tox21,fedavg_proto,0.5,0,23,200,16,16,0.1,val,client_2,0,27,706,733,True,0.7362816073864231
Tox21,fedavg_proto,0.5,0,23,200,16,16,0.1,val,client_2,1,21,659,680,True,0.8089457330731988
Tox21,fedavg_proto,0.5,0,23,200,16,16,0.1,val,client_2,2,83,573,656,True,0.8595428835761896
Tox21,fedavg_proto,0.5,0,23,200,16,16,0.1,val,client_2,3,31,553,584,True,0.7129732252231232
Tox21,fedavg_proto,0.5,0,23,200,16,16,0.1,val,client_2,4,83,531,614,True,0.7430399564359131
Tox21,fedavg_proto,0.5,0,23,200,16,16,0.1,val,client_2,5,49,647,696,True,0.7921332366022144
Tox21,fedavg_proto,0.5,0,23,200,16,16,0.1,val,client_2,6,18,623,641,True,0.6462457642232923
Tox21,fedavg_proto,0.5,0,23,200,16,16,0.1,val,client_2,7,89,478,567,True,0.7236378167458041
Tox21,fedavg_proto,0.5,0,23,200,16,16,0.1,val,client_2,8,32,672,704,True,0.8502139136904762
Tox21,fedavg_proto,0.5,0,23,200,16,16,0.1,val,client_2,9,33,588,621,True,0.6953720882292311
Tox21,fedavg_proto,0.5,0,23,200,16,16,0.1,val,client_2,10,103,474,577,True,0.8388021793453772
Tox21,fedavg_proto,0.5,0,23,200,16,16,0.1,val,client_2,11,42,627,669,True,0.809447862079441
Tox21,fedavg_proto,0.5,0,23,200,16,16,0.1,val,client_3,0,27,706,733,True,0.7271534991081734
Tox21,fedavg_proto,0.5,0,23,200,16,16,0.1,val,client_3,1,21,659,680,True,0.8180504371703157
Tox21,fedavg_proto,0.5,0,23,200,16,16,0.1,val,client_3,2,83,573,656,True,0.8534031413612566
Tox21,fedavg_proto,0.5,0,23,200,16,16,0.1,val,client_3,3,31,553,584,True,0.7419063174473546
Tox21,fedavg_proto,0.5,0,23,200,16,16,0.1,val,client_3,4,83,531,614,True,0.7459442288929731
Tox21,fedavg_proto,0.5,0,23,200,16,16,0.1,val,client_3,5,49,647,696,True,0.8103018641768918
Tox21,fedavg_proto,0.5,0,23,200,16,16,0.1,val,client_3,6,18,623,641,True,0.6835205992509364
Tox21,fedavg_proto,0.5,0,23,200,16,16,0.1,val,client_3,7,89,478,567,True,0.7239904094776927
Tox21,fedavg_proto,0.5,0,23,200,16,16,0.1,val,client_3,8,32,672,704,True,0.8139415922619048
Tox21,fedavg_proto,0.5,0,23,200,16,16,0.1,val,client_3,9,33,588,621,True,0.7075345289631004
Tox21,fedavg_proto,0.5,0,23,200,16,16,0.1,val,client_3,10,103,474,577,True,0.8321248617426571
Tox21,fedavg_proto,0.5,0,23,200,16,16,0.1,val,client_3,11,42,627,669,True,0.7759550391129337
Tox21,fedavg_proto,0.5,0,23,200,16,16,0.1,test,server,0,33,701,734,True,0.7612501621060822
Tox21,fedavg_proto,0.5,0,23,200,16,16,0.1,test,server,1,25,664,689,True,0.8312650602409639
Tox21,fedavg_proto,0.5,0,23,200,16,16,0.1,test,server,2,65,590,655,True,0.8670404172099088
Tox21,fedavg_proto,0.5,0,23,200,16,16,0.1,test,server,3,40,560,600,True,0.7278125000000001
Tox21,fedavg_proto,0.5,0,23,200,16,16,0.1,test,server,4,96,540,636,True,0.690991512345679
Tox21,fedavg_proto,0.5,0,23,200,16,16,0.1,test,server,5,37,651,688,True,0.751940880973139
Tox21,fedavg_proto,0.5,0,23,200,16,16,0.1,test,server,6,17,637,654,True,0.6073506325607166
Tox21,fedavg_proto,0.5,0,23,200,16,16,0.1,test,server,7,111,482,593,True,0.7179544689918133
Tox21,fedavg_proto,0.5,0,23,200,16,16,0.1,test,server,8,24,685,709,True,0.7303527980535279
Tox21,fedavg_proto,0.5,0,23,200,16,16,0.1,test,server,9,39,600,639,True,0.7180769230769231
Tox21,fedavg_proto,0.5,0,23,200,16,16,0.1,test,server,10,98,502,600,True,0.7740873241726971
Tox21,fedavg_proto,0.5,0,23,200,16,16,0.1,test,server,11,35,636,671,True,0.7210242587601079
Tox21,fedavg_proto,0.5,0,23,200,16,16,0.1,test,client_0,0,33,701,734,True,0.7552414299917866
Tox21,fedavg_proto,0.5,0,23,200,16,16,0.1,test,client_0,1,25,664,689,True,0.8502409638554217
Tox21,fedavg_proto,0.5,0,23,200,16,16,0.1,test,client_0,2,65,590,655,True,0.856870925684485
Tox21,fedavg_proto,0.5,0,23,200,16,16,0.1,test,client_0,3,40,560,600,True,0.7271875
Tox21,fedavg_proto,0.5,0,23,200,16,16,0.1,test,client_0,4,96,540,636,True,0.6846257716049381
Tox21,fedavg_proto,0.5,0,23,200,16,16,0.1,test,client_0,5,37,651,688,True,0.7482044256237805
Tox21,fedavg_proto,0.5,0,23,200,16,16,0.1,test,client_0,6,17,637,654,True,0.6131683442607812
Tox21,fedavg_proto,0.5,0,23,200,16,16,0.1,test,client_0,7,111,482,593,True,0.7148330903517626
Tox21,fedavg_proto,0.5,0,23,200,16,16,0.1,test,client_0,8,24,685,709,True,0.7209245742092457
Tox21,fedavg_proto,0.5,0,23,200,16,16,0.1,test,client_0,9,39,600,639,True,0.7147863247863248
Tox21,fedavg_proto,0.5,0,23,200,16,16,0.1,test,client_0,10,98,502,600,True,0.7758151069192618
Tox21,fedavg_proto,0.5,0,23,200,16,16,0.1,test,client_0,11,35,636,671,True,0.7222371967654987
Tox21,fedavg_proto,0.5,0,23,200,16,16,0.1,test,client_1,0,33,701,734,True,0.7473306531794405
Tox21,fedavg_proto,0.5,0,23,200,16,16,0.1,test,client_1,1,25,664,689,True,0.810722891566265
Tox21,fedavg_proto,0.5,0,23,200,16,16,0.1,test,client_1,2,65,590,655,True,0.8548891786179922
Tox21,fedavg_proto,0.5,0,23,200,16,16,0.1,test,client_1,3,40,560,600,True,0.7244196428571428
Tox21,fedavg_proto,0.5,0,23,200,16,16,0.1,test,client_1,4,96,540,636,True,0.6908757716049383
Tox21,fedavg_proto,0.5,0,23,200,16,16,0.1,test,client_1,5,37,651,688,True,0.7566322082451115
Tox21,fedavg_proto,0.5,0,23,200,16,16,0.1,test,client_1,6,17,637,654,True,0.5729060855111275
Tox21,fedavg_proto,0.5,0,23,200,16,16,0.1,test,client_1,7,111,482,593,True,0.703226047624388
Tox21,fedavg_proto,0.5,0,23,200,16,16,0.1,test,client_1,8,24,685,709,True,0.725425790754258
Tox21,fedavg_proto,0.5,0,23,200,16,16,0.1,test,client_1,9,39,600,639,True,0.7193162393162393
Tox21,fedavg_proto,0.5,0,23,200,16,16,0.1,test,client_1,10,98,502,600,True,0.7672981543214896
Tox21,fedavg_proto,0.5,0,23,200,16,16,0.1,test,client_1,11,35,636,671,True,0.7214734950584007
Tox21,fedavg_proto,0.5,0,23,200,16,16,0.1,test,client_2,0,33,701,734,True,0.7444343578437729
Tox21,fedavg_proto,0.5,0,23,200,16,16,0.1,test,client_2,1,25,664,689,True,0.8502409638554217
Tox21,fedavg_proto,0.5,0,23,200,16,16,0.1,test,client_2,2,65,590,655,True,0.8602868318122556
Tox21,fedavg_proto,0.5,0,23,200,16,16,0.1,test,client_2,3,40,560,600,True,0.7125892857142857
Tox21,fedavg_proto,0.5,0,23,200,16,16,0.1,test,client_2,4,96,540,636,True,0.6680362654320987
Tox21,fedavg_proto,0.5,0,23,200,16,16,0.1,test,client_2,5,37,651,688,True,0.7100510648897745
Tox21,fedavg_proto,0.5,0,23,200,16,16,0.1,test,client_2,6,17,637,654,True,0.7005263643919106
Tox21,fedavg_proto,0.5,0,23,200,16,16,0.1,test,client_2,7,111,482,593,True,0.7365145228215767
Tox21,fedavg_proto,0.5,0,23,200,16,16,0.1,test,client_2,8,24,685,709,True,0.7242092457420924
Tox21,fedavg_proto,0.5,0,23,200,16,16,0.1,test,client_2,9,39,600,639,True,0.732051282051282
Tox21,fedavg_proto,0.5,0,23,200,16,16,0.1,test,client_2,10,98,502,600,True,0.7699812992926254
Tox21,fedavg_proto,0.5,0,23,200,16,16,0.1,test,client_2,11,35,636,671,True,0.7271787960467206
Tox21,fedavg_proto,0.5,0,23,200,16,16,0.1,test,client_3,0,33,701,734,True,0.7604720529114253
Tox21,fedavg_proto,0.5,0,23,200,16,16,0.1,test,client_3,1,25,664,689,True,0.8046987951807228
Tox21,fedavg_proto,0.5,0,23,200,16,16,0.1,test,client_3,2,65,590,655,True,0.8667014341590613
Tox21,fedavg_proto,0.5,0,23,200,16,16,0.1,test,client_3,3,40,560,600,True,0.7127678571428572
Tox21,fedavg_proto,0.5,0,23,200,16,16,0.1,test,client_3,4,96,540,636,True,0.6958333333333333
Tox21,fedavg_proto,0.5,0,23,200,16,16,0.1,test,client_3,5,37,651,688,True,0.7619877942458588
Tox21,fedavg_proto,0.5,0,23,200,16,16,0.1,test,client_3,6,17,637,654,True,0.5600701819189214
Tox21,fedavg_proto,0.5,0,23,200,16,16,0.1,test,client_3,7,111,482,593,True,0.6967403087735038
Tox21,fedavg_proto,0.5,0,23,200,16,16,0.1,test,client_3,8,24,685,709,True,0.719647201946472
Tox21,fedavg_proto,0.5,0,23,200,16,16,0.1,test,client_3,9,39,600,639,True,0.7061538461538461
Tox21,fedavg_proto,0.5,0,23,200,16,16,0.1,test,client_3,10,98,502,600,True,0.7628059191804211
Tox21,fedavg_proto,0.5,0,23,200,16,16,0.1,test,client_3,11,35,636,671,True,0.7038185085354897
Tox21,fedavg_proto,0.5,0,24,200,16,16,0.1,val,server,0,27,706,733,True,0.7267862763613472
Tox21,fedavg_proto,0.5,0,24,200,16,16,0.1,val,server,1,21,659,680,True,0.8142206806850206
Tox21,fedavg_proto,0.5,0,24,200,16,16,0.1,val,server,2,83,573,656,True,0.8614983494186169
Tox21,fedavg_proto,0.5,0,24,200,16,16,0.1,val,server,3,31,553,584,True,0.7398063349472087
Tox21,fedavg_proto,0.5,0,24,200,16,16,0.1,val,server,4,83,531,614,True,0.7392961677217345
Tox21,fedavg_proto,0.5,0,24,200,16,16,0.1,val,server,5,49,647,696,True,0.8082515850234994
Tox21,fedavg_proto,0.5,0,24,200,16,16,0.1,val,server,6,18,623,641,True,0.6624754770822187
Tox21,fedavg_proto,0.5,0,24,200,16,16,0.1,val,server,7,89,478,567,True,0.7371068591039444
Tox21,fedavg_proto,0.5,0,24,200,16,16,0.1,val,server,8,32,672,704,True,0.8356119791666666
Tox21,fedavg_proto,0.5,0,24,200,16,16,0.1,val,server,9,33,588,621,True,0.7185116470830756
Tox21,fedavg_proto,0.5,0,24,200,16,16,0.1,val,server,10,103,474,577,True,0.8468518290934415
Tox21,fedavg_proto,0.5,0,24,200,16,16,0.1,val,server,11,42,627,669,True,0.7914862914862916
Tox21,fedavg_proto,0.5,0,24,200,16,16,0.1,val,client_0,0,27,706,733,True,0.7192319798552094
Tox21,fedavg_proto,0.5,0,24,200,16,16,0.1,val,client_0,1,21,659,680,True,0.8128477491148205
Tox21,fedavg_proto,0.5,0,24,200,16,16,0.1,val,client_0,2,83,573,656,True,0.8665236863685107
Tox21,fedavg_proto,0.5,0,24,200,16,16,0.1,val,client_0,3,31,553,584,True,0.7410896575861867
Tox21,fedavg_proto,0.5,0,24,200,16,16,0.1,val,client_0,4,83,531,614,True,0.7255916320649832
Tox21,fedavg_proto,0.5,0,24,200,16,16,0.1,val,client_0,5,49,647,696,True,0.7965176797148534
Tox21,fedavg_proto,0.5,0,24,200,16,16,0.1,val,client_0,6,18,623,641,True,0.646067415730337
Tox21,fedavg_proto,0.5,0,24,200,16,16,0.1,val,client_0,7,89,478,567,True,0.7417375769827463
Tox21,fedavg_proto,0.5,0,24,200,16,16,0.1,val,client_0,8,32,672,704,True,0.8250093005952381
Tox21,fedavg_proto,0.5,0,24,200,16,16,0.1,val,client_0,9,33,588,621,True,0.7238713667285097
Tox21,fedavg_proto,0.5,0,24,200,16,16,0.1,val,client_0,10,103,474,577,True,0.8364466838720248
Tox21,fedavg_proto,0.5,0,24,200,16,16,0.1,val,client_0,11,42,627,669,True,0.7987772461456671
Tox21,fedavg_proto,0.5,0,24,200,16,16,0.1,val,client_1,0,27,706,733,True,0.7386423250445914
Tox21,fedavg_proto,0.5,0,24,200,16,16,0.1,val,client_1,1,21,659,680,True,0.8101018859744201
Tox21,fedavg_proto,0.5,0,24,200,16,16,0.1,val,client_1,2,83,573,656,True,0.858386425282281
Tox21,fedavg_proto,0.5,0,24,200,16,16,0.1,val,client_1,3,31,553,584,True,0.7468062766143615
Tox21,fedavg_proto,0.5,0,24,200,16,16,0.1,val,client_1,4,83,531,614,True,0.7424727157216436
Tox21,fedavg_proto,0.5,0,24,200,16,16,0.1,val,client_1,5,49,647,696,True,0.8123836860864903
Tox21,fedavg_proto,0.5,0,24,200,16,16,0.1,val,client_1,6,18,623,641,True,0.6412520064205458
Tox21,fedavg_proto,0.5,0,24,200,16,16,0.1,val,client_1,7,89,478,567,True,0.7250952000376099
Tox21,fedavg_proto,0.5,0,24,200,16,16,0.1,val,client_1,8,32,672,704,True,0.8137555803571429
Tox21,fedavg_proto,0.5,0,24,200,16,16,0.1,val,client_1,9,33,588,621,True,0.7148010719439291
Tox21,fedavg_proto,0.5,0,24,200,16,16,0.1,val,client_1,10,103,474,577,True,0.8419769775920692
Tox21,fedavg_proto,0.5,0,24,200,16,16,0.1,val,client_1,11,42,627,669,True,0.7653603706235286
Tox21,fedavg_proto,0.5,0,24,200,16,16,0.1,val,client_2,0,27,706,733,True,0.7408456615255482
Tox21,fedavg_proto,0.5,0,24,200,16,16,0.1,val,client_2,1,21,659,680,True,0.8102464050870727
Tox21,fedavg_proto,0.5,0,24,200,16,16,0.1,val,client_2,2,83,573,656,True,0.8491978384743161
Tox21,fedavg_proto,0.5,0,24,200,16,16,0.1,val,client_2,3,31,553,584,True,0.7126232281397655
Tox21,fedavg_proto,0.5,0,24,200,16,16,0.1,val,client_2,4,83,531,614,True,0.7369137567218025
Tox21,fedavg_proto,0.5,0,24,200,16,16,0.1,val,client_2,5,49,647,696,True,0.7870863956092483
Tox21,fedavg_proto,0.5,0,24,200,16,16,0.1,val,client_2,6,18,623,641,True,0.6373283395755306
Tox21,fedavg_proto,0.5,0,24,200,16,16,0.1,val,client_2,7,89,478,567,True,0.717620234121574
Tox21,fedavg_proto,0.5,0,24,200,16,16,0.1,val,client_2,8,32,672,704,True,0.8556082589285714
Tox21,fedavg_proto,0.5,0,24,200,16,16,0.1,val,client_2,9,33,588,621,True,0.6922799422799423
Tox21,fedavg_proto,0.5,0,24,200,16,16,0.1,val,client_2,10,103,474,577,True,0.8389045921920446
Tox21,fedavg_proto,0.5,0,24,200,16,16,0.1,val,client_2,11,42,627,669,True,0.8040176198070936
Tox21,fedavg_proto,0.5,0,24,200,16,16,0.1,val,client_3,0,27,706,733,True,0.7343930332598888
Tox21,fedavg_proto,0.5,0,24,200,16,16,0.1,val,client_3,1,21,659,680,True,0.8246983163523376
Tox21,fedavg_proto,0.5,0,24,200,16,16,0.1,val,client_3,2,83,573,656,True,0.8504804558548331
Tox21,fedavg_proto,0.5,0,24,200,16,16,0.1,val,client_3,3,31,553,584,True,0.7381730152248731
Tox21,fedavg_proto,0.5,0,24,200,16,16,0.1,val,client_3,4,83,531,614,True,0.7463526422072471
Tox21,fedavg_proto,0.5,0,24,200,16,16,0.1,val,client_3,5,49,647,696,True,0.8094502097593287
Tox21,fedavg_proto,0.5,0,24,200,16,16,0.1,val,client_3,6,18,623,641,True,0.6869092206170858
Tox21,fedavg_proto,0.5,0,24,200,16,16,0.1,val,client_3,7,89,478,567,True,0.7242959898453293
Tox21,fedavg_proto,0.5,0,24,200,16,16,0.1,val,client_3,8,32,672,704,True,0.8218005952380952
Tox21,fedavg_proto,0.5,0,24,200,16,16,0.1,val,client_3,9,33,588,621,True,0.7138734281591425
Tox21,fedavg_proto,0.5,0,24,200,16,16,0.1,val,client_3,10,103,474,577,True,0.8298308139773053
Tox21,fedavg_proto,0.5,0,24,200,16,16,0.1,val,client_3,11,42,627,669,True,0.7811574390521759
Tox21,fedavg_proto,0.5,0,24,200,16,16,0.1,test,server,0,33,701,734,True,0.7627631522068041
Tox21,fedavg_proto,0.5,0,24,200,16,16,0.1,test,server,1,25,664,689,True,0.833433734939759
Tox21,fedavg_proto,0.5,0,24,200,16,16,0.1,test,server,2,65,590,655,True,0.8681616688396349
Tox21,fedavg_proto,0.5,0,24,200,16,16,0.1,test,server,3,40,560,600,True,0.7279464285714285
Tox21,fedavg_proto,0.5,0,24,200,16,16,0.1,test,server,4,96,540,636,True,0.6902006172839508
Tox21,fedavg_proto,0.5,0,24,200,16,16,0.1,test,server,5,37,651,688,True,0.752314526508075
Tox21,fedavg_proto,0.5,0,24,200,16,16,0.1,test,server,6,17,637,654,True,0.6205559146735617
Tox21,fedavg_proto,0.5,0,24,200,16,16,0.1,test,server,7,111,482,593,True,0.7207394116107809
Tox21,fedavg_proto,0.5,0,24,200,16,16,0.1,test,server,8,24,685,709,True,0.7360097323600973
Tox21,fedavg_proto,0.5,0,24,200,16,16,0.1,test,server,9,39,600,639,True,0.7185897435897436
Tox21,fedavg_proto,0.5,0,24,200,16,16,0.1,test,server,10,98,502,600,True,0.7761606634685747
Tox21,fedavg_proto,0.5,0,24,200,16,16,0.1,test,server,11,35,636,671,True,0.7173854447439353
Tox21,fedavg_proto,0.5,0,24,200,16,16,0.1,test,client_0,0,33,701,734,True,0.7485842735486102
Tox21,fedavg_proto,0.5,0,24,200,16,16,0.1,test,client_0,1,25,664,689,True,0.8385542168674699
Tox21,fedavg_proto,0.5,0,24,200,16,16,0.1,test,client_0,2,65,590,655,True,0.8501434159061279
Tox21,fedavg_proto,0.5,0,24,200,16,16,0.1,test,client_0,3,40,560,600,True,0.7335714285714287
Tox21,fedavg_proto,0.5,0,24,200,16,16,0.1,test,client_0,4,96,540,636,True,0.689718364197531
Tox21,fedavg_proto,0.5,0,24,200,16,16,0.1,test,client_0,5,37,651,688,True,0.7470834890189729
Tox21,fedavg_proto,0.5,0,24,200,16,16,0.1,test,client_0,6,17,637,654,True,0.6187090220703666
Tox21,fedavg_proto,0.5,0,24,200,16,16,0.1,test,client_0,7,111,482,593,True,0.7137490187282719
Tox21,fedavg_proto,0.5,0,24,200,16,16,0.1,test,client_0,8,24,685,709,True,0.7271897810218978
Tox21,fedavg_proto,0.5,0,24,200,16,16,0.1,test,client_0,9,39,600,639,True,0.7267948717948718
Tox21,fedavg_proto,0.5,0,24,200,16,16,0.1,test,client_0,10,98,502,600,True,0.7815472802666883
Tox21,fedavg_proto,0.5,0,24,200,16,16,0.1,test,client_0,11,35,636,671,True,0.7289757412398922
Tox21,fedavg_proto,0.5,0,24,200,16,16,0.1,test,client_1,0,33,701,734,True,0.7451692387498379
Tox21,fedavg_proto,0.5,0,24,200,16,16,0.1,test,client_1,1,25,664,689,True,0.8200602409638554
Tox21,fedavg_proto,0.5,0,24,200,16,16,0.1,test,client_1,2,65,590,655,True,0.8669621903520208
Tox21,fedavg_proto,0.5,0,24,200,16,16,0.1,test,client_1,3,40,560,600,True,0.7227232142857143
Tox21,fedavg_proto,0.5,0,24,200,16,16,0.1,test,client_1,4,96,540,636,True,0.6970293209876544
Tox21,fedavg_proto,0.5,0,24,200,16,16,0.1,test,client_1,5,37,651,688,True,0.7652675717191846
Tox21,fedavg_proto,0.5,0,24,200,16,16,0.1,test,client_1,6,17,637,654,True,0.5820482038969433
Tox21,fedavg_proto,0.5,0,24,200,16,16,0.1,test,client_1,7,111,482,593,True,0.7046278643789018
Tox21,fedavg_proto,0.5,0,24,200,16,16,0.1,test,client_1,8,24,685,709,True,0.7302311435523114
Tox21,fedavg_proto,0.5,0,24,200,16,16,0.1,test,client_1,9,39,600,639,True,0.7047435897435897
Tox21,fedavg_proto,0.5,0,24,200,16,16,0.1,test,client_1,10,98,502,600,True,0.7749817058297424
Tox21,fedavg_proto,0.5,0,24,200,16,16,0.1,test,client_1,11,35,636,671,True,0.7110062893081761
Tox21,fedavg_proto,0.5,0,24,200,16,16,0.1,test,client_2,0,33,701,734,True,0.7478493926425454
Tox21,fedavg_proto,0.5,0,24,200,16,16,0.1,test,client_2,1,25,664,689,True,0.8563855421686747
Tox21,fedavg_proto,0.5,0,24,200,16,16,0.1,test,client_2,2,65,590,655,True,0.8621642764015646
Tox21,fedavg_proto,0.5,0,24,200,16,16,0.1,test,client_2,3,40,560,600,True,0.7158035714285715
Tox21,fedavg_proto,0.5,0,24,200,16,16,0.1,test,client_2,4,96,540,636,True,0.6683641975308643
Tox21,fedavg_proto,0.5,0,24,200,16,16,0.1,test,client_2,5,37,651,688,True,0.6979283430896334
Tox21,fedavg_proto,0.5,0,24,200,16,16,0.1,test,client_2,6,17,637,654,True,0.7071751777634131
Tox21,fedavg_proto,0.5,0,24,200,16,16,0.1,test,client_2,7,111,482,593,True,0.7417666629284887
Tox21,fedavg_proto,0.5,0,24,200,16,16,0.1,test,client_2,8,24,685,709,True,0.7237834549878346
Tox21,fedavg_proto,0.5,0,24,200,16,16,0.1,test,client_2,9,39,600,639,True,0.7357264957264957
Tox21,fedavg_proto,0.5,0,24,200,16,16,0.1,test,client_2,10,98,502,600,True,0.7645743556386698
Tox21,fedavg_proto,0.5,0,24,200,16,16,0.1,test,client_2,11,35,636,671,True,0.7259209344115005
Tox21,fedavg_proto,0.5,0,24,200,16,16,0.1,test,client_3,0,33,701,734,True,0.7588293779449272
Tox21,fedavg_proto,0.5,0,24,200,16,16,0.1,test,client_3,1,25,664,689,True,0.8050602409638554
Tox21,fedavg_proto,0.5,0,24,200,16,16,0.1,test,client_3,2,65,590,655,True,0.8741590612777054
Tox21,fedavg_proto,0.5,0,24,200,16,16,0.1,test,client_3,3,40,560,600,True,0.7136607142857143
Tox21,fedavg_proto,0.5,0,24,200,16,16,0.1,test,client_3,4,96,540,636,True,0.6860725308641976
Tox21,fedavg_proto,0.5,0,24,200,16,16,0.1,test,client_3,5,37,651,688,True,0.752231494166978
Tox21,fedavg_proto,0.5,0,24,200,16,16,0.1,test,client_3,6,17,637,654,True,0.556468741342691
Tox21,fedavg_proto,0.5,0,24,200,16,16,0.1,test,client_3,7,111,482,593,True,0.6964225636424807
Tox21,fedavg_proto,0.5,0,24,200,16,16,0.1,test,client_3,8,24,685,709,True,0.7188564476885645
Tox21,fedavg_proto,0.5,0,24,200,16,16,0.1,test,client_3,9,39,600,639,True,0.699017094017094
Tox21,fedavg_proto,0.5,0,24,200,16,16,0.1,test,client_3,10,98,502,600,True,0.7538417757541264
Tox21,fedavg_proto,0.5,0,24,200,16,16,0.1,test,client_3,11,35,636,671,True,0.7048517520215634
Tox21,fedavg_proto,0.5,0,25,200,16,16,0.1,val,server,0,27,706,733,True,0.7303011226523974
Tox21,fedavg_proto,0.5,0,25,200,16,16,0.1,val,server,1,21,659,680,True,0.8148710166919575
Tox21,fedavg_proto,0.5,0,25,200,16,16,0.1,val,server,2,83,573,656,True,0.8607834479278369
Tox21,fedavg_proto,0.5,0,25,200,16,16,0.1,val,server,3,31,553,584,True,0.7382313480720993
Tox21,fedavg_proto,0.5,0,25,200,16,16,0.1,val,server,4,83,531,614,True,0.7390919610645973
Tox21,fedavg_proto,0.5,0,25,200,16,16,0.1,val,server,5,49,647,696,True,0.8097971800775952
Tox21,fedavg_proto,0.5,0,25,200,16,16,0.1,val,server,6,18,623,641,True,0.6587301587301588
Tox21,fedavg_proto,0.5,0,25,200,16,16,0.1,val,server,7,89,478,567,True,0.7343331296130882
Tox21,fedavg_proto,0.5,0,25,200,16,16,0.1,val,server,8,32,672,704,True,0.8366815476190476
Tox21,fedavg_proto,0.5,0,25,200,16,16,0.1,val,server,9,33,588,621,True,0.7233044733044733
Tox21,fedavg_proto,0.5,0,25,200,16,16,0.1,val,server,10,103,474,577,True,0.8498013190774651
Tox21,fedavg_proto,0.5,0,25,200,16,16,0.1,val,server,11,42,627,669,True,0.79004329004329
Tox21,fedavg_proto,0.5,0,25,200,16,16,0.1,val,client_0,0,27,706,733,True,0.7223796033994334
Tox21,fedavg_proto,0.5,0,25,200,16,16,0.1,val,client_0,1,21,659,680,True,0.8096683286364621
Tox21,fedavg_proto,0.5,0,25,200,16,16,0.1,val,client_0,2,83,573,656,True,0.8616455350196598
Tox21,fedavg_proto,0.5,0,25,200,16,16,0.1,val,client_0,3,31,553,584,True,0.7300647494604212
Tox21,fedavg_proto,0.5,0,25,200,16,16,0.1,val,client_0,4,83,531,614,True,0.7318766591790892
Tox21,fedavg_proto,0.5,0,25,200,16,16,0.1,val,client_0,5,49,647,696,True,0.8015960634640256
Tox21,fedavg_proto,0.5,0,25,200,16,16,0.1,val,client_0,6,18,623,641,True,0.6328696272516496
Tox21,fedavg_proto,0.5,0,25,200,16,16,0.1,val,client_0,7,89,478,567,True,0.7339805368811998
Tox21,fedavg_proto,0.5,0,25,200,16,16,0.1,val,client_0,8,32,672,704,True,0.8317522321428572
Tox21,fedavg_proto,0.5,0,25,200,16,16,0.1,val,client_0,9,33,588,621,True,0.7259843331271904
Tox21,fedavg_proto,0.5,0,25,200,16,16,0.1,val,client_0,10,103,474,577,True,0.8490639465814591
Tox21,fedavg_proto,0.5,0,25,200,16,16,0.1,val,client_0,11,42,627,669,True,0.7838915470494419
Tox21,fedavg_proto,0.5,0,25,200,16,16,0.1,val,client_1,0,27,706,733,True,0.7495540866645682
Tox21,fedavg_proto,0.5,0,25,200,16,16,0.1,val,client_1,1,21,659,680,True,0.8101018859744201
Tox21,fedavg_proto,0.5,0,25,200,16,16,0.1,val,client_1,2,83,573,656,True,0.857608444248197
Tox21,fedavg_proto,0.5,0,25,200,16,16,0.1,val,client_1,3,31,553,584,True,0.7578311847401272
Tox21,fedavg_proto,0.5,0,25,200,16,16,0.1,val,client_1,4,83,531,614,True,0.7389785129217435
Tox21,fedavg_proto,0.5,0,25,200,16,16,0.1,val,client_1,5,49,647,696,True,0.8152856196574456
Tox21,fedavg_proto,0.5,0,25,200,16,16,0.1,val,client_1,6,18,623,641,True,0.6512395220260389
Tox21,fedavg_proto,0.5,0,25,200,16,16,0.1,val,client_1,7,89,478,567,True,0.7251422124018616
Tox21,fedavg_proto,0.5,0,25,200,16,16,0.1,val,client_1,8,32,672,704,True,0.8051060267857143
Tox21,fedavg_proto,0.5,0,25,200,16,16,0.1,val,client_1,9,33,588,621,True,0.7218099360956505
Tox21,fedavg_proto,0.5,0,25,200,16,16,0.1,val,client_1,10,103,474,577,True,0.8468927942321084
Tox21,fedavg_proto,0.5,0,25,200,16,16,0.1,val,client_1,11,42,627,669,True,0.7730690362269309
Tox21,fedavg_proto,0.5,0,25,200,16,16,0.1,val,client_2,0,27,706,733,True,0.7356520826775784
Tox21,fedavg_proto,0.5,0,25,200,16,16,0.1,val,client_2,1,21,659,680,True,0.8126309704458414
Tox21,fedavg_proto,0.5,0,25,200,16,16,0.1,val,client_2,2,83,573,656,True,0.8481254862381463
Tox21,fedavg_proto,0.5,0,25,200,16,16,0.1,val,client_2,3,31,553,584,True,0.7141982150148749
Tox21,fedavg_proto,0.5,0,25,200,16,16,0.1,val,client_2,4,83,531,614,True,0.7480543643500557
Tox21,fedavg_proto,0.5,0,25,200,16,16,0.1,val,client_2,5,49,647,696,True,0.7985995016244519
Tox21,fedavg_proto,0.5,0,25,200,16,16,0.1,val,client_2,6,18,623,641,True,0.6445514535402176
Tox21,fedavg_proto,0.5,0,25,200,16,16,0.1,val,client_2,7,89,478,567,True,0.7119669973202952
Tox21,fedavg_proto,0.5,0,25,200,16,16,0.1,val,client_2,8,32,672,704,True,0.8518415178571429
Tox21,fedavg_proto,0.5,0,25,200,16,16,0.1,val,client_2,9,33,588,621,True,0.7027932385075242
Tox21,fedavg_proto,0.5,0,25,200,16,16,0.1,val,client_2,10,103,474,577,True,0.8428577280734094
Tox21,fedavg_proto,0.5,0,25,200,16,16,0.1,val,client_2,11,42,627,669,True,0.7988531935900356
Tox21,fedavg_proto,0.5,0,25,200,16,16,0.1,val,client_3,0,27,706,733,True,0.7347602560067149
Tox21,fedavg_proto,0.5,0,25,200,16,16,0.1,val,client_3,1,21,659,680,True,0.8170388033817473
Tox21,fedavg_proto,0.5,0,25,200,16,16,0.1,val,client_3,2,83,573,656,True,0.8515107550621334
Tox21,fedavg_proto,0.5,0,25,200,16,16,0.1,val,client_3,3,31,553,584,True,0.7347897100857492
Tox21,fedavg_proto,0.5,0,25,200,16,16,0.1,val,client_3,4,83,531,614,True,0.7440383000930275
Tox21,fedavg_proto,0.5,0,25,200,16,16,0.1,val,client_3,5,49,647,696,True,0.8102703214206857
Tox21,fedavg_proto,0.5,0,25,200,16,16,0.1,val,client_3,6,18,623,641,True,0.6812020688425183
Tox21,fedavg_proto,0.5,0,25,200,16,16,0.1,val,client_3,7,89,478,567,True,0.7244135207559589
Tox21,fedavg_proto,0.5,0,25,200,16,16,0.1,val,client_3,8,32,672,704,True,0.822172619047619
Tox21,fedavg_proto,0.5,0,25,200,16,16,0.1,val,client_3,9,33,588,621,True,0.7185116470830757
Tox21,fedavg_proto,0.5,0,25,200,16,16,0.1,val,client_3,10,103,474,577,True,0.8390889353160461
Tox21,fedavg_proto,0.5,0,25,200,16,16,0.1,val,client_3,11,42,627,669,True,0.7833219412166781
Tox21,fedavg_proto,0.5,0,25,200,16,16,0.1,test,server,0,33,701,734,True,0.7601262266026888
Tox21,fedavg_proto,0.5,0,25,200,16,16,0.1,test,server,1,25,664,689,True,0.8330722891566265
Tox21,fedavg_proto,0.5,0,25,200,16,16,0.1,test,server,2,65,590,655,True,0.8720990873533246
Tox21,fedavg_proto,0.5,0,25,200,16,16,0.1,test,server,3,40,560,600,True,0.7325
Tox21,fedavg_proto,0.5,0,25,200,16,16,0.1,test,server,4,96,540,636,True,0.6917245370370371
Tox21,fedavg_proto,0.5,0,25,200,16,16,0.1,test,server,5,37,651,688,True,0.757171918462241
Tox21,fedavg_proto,0.5,0,25,200,16,16,0.1,test,server,6,17,637,654,True,0.6253578354418691
Tox21,fedavg_proto,0.5,0,25,200,16,16,0.1,test,server,7,111,482,593,True,0.7226458823969197
Tox21,fedavg_proto,0.5,0,25,200,16,16,0.1,test,server,8,24,685,709,True,0.7380170316301703
Tox21,fedavg_proto,0.5,0,25,200,16,16,0.1,test,server,9,39,600,639,True,0.719017094017094
Tox21,fedavg_proto,0.5,0,25,200,16,16,0.1,test,server,10,98,502,600,True,0.7790470769981299
Tox21,fedavg_proto,0.5,0,25,200,16,16,0.1,test,server,11,35,636,671,True,0.7132075471698114
Tox21,fedavg_proto,0.5,0,25,200,16,16,0.1,test,client_0,0,33,701,734,True,0.7551982017031946
Tox21,fedavg_proto,0.5,0,25,200,16,16,0.1,test,client_0,1,25,664,689,True,0.8398192771084337
Tox21,fedavg_proto,0.5,0,25,200,16,16,0.1,test,client_0,2,65,590,655,True,0.8720208604954367
Tox21,fedavg_proto,0.5,0,25,200,16,16,0.1,test,client_0,3,40,560,600,True,0.7349553571428571
Tox21,fedavg_proto,0.5,0,25,200,16,16,0.1,test,client_0,4,96,540,636,True,0.6952546296296295
Tox21,fedavg_proto,0.5,0,25,200,16,16,0.1,test,client_0,5,37,651,688,True,0.7609083738115997
Tox21,fedavg_proto,0.5,0,25,200,16,16,0.1,test,client_0,6,17,637,654,True,0.6323760273340105
Tox21,fedavg_proto,0.5,0,25,200,16,16,0.1,test,client_0,7,111,482,593,True,0.7214870472131883
Tox21,fedavg_proto,0.5,0,25,200,16,16,0.1,test,client_0,8,24,685,709,True,0.73838199513382
Tox21,fedavg_proto,0.5,0,25,200,16,16,0.1,test,client_0,9,39,600,639,True,0.7322222222222222
Tox21,fedavg_proto,0.5,0,25,200,16,16,0.1,test,client_0,10,98,502,600,True,0.7817505488251076
Tox21,fedavg_proto,0.5,0,25,200,16,16,0.1,test,client_0,11,35,636,671,True,0.7146001796945193
Tox21,fedavg_proto,0.5,0,25,200,16,16,0.1,test,client_1,0,33,701,734,True,0.748454588682834
Tox21,fedavg_proto,0.5,0,25,200,16,16,0.1,test,client_1,1,25,664,689,True,0.8231927710843373
Tox21,fedavg_proto,0.5,0,25,200,16,16,0.1,test,client_1,2,65,590,655,True,0.8599739243807041
Tox21,fedavg_proto,0.5,0,25,200,16,16,0.1,test,client_1,3,40,560,600,True,0.7259821428571429
Tox21,fedavg_proto,0.5,0,25,200,16,16,0.1,test,client_1,4,96,540,636,True,0.6950038580246913
Tox21,fedavg_proto,0.5,0,25,200,16,16,0.1,test,client_1,5,37,651,688,True,0.7635654087266991
Tox21,fedavg_proto,0.5,0,25,200,16,16,0.1,test,client_1,6,17,637,654,True,0.6019946440114508
Tox21,fedavg_proto,0.5,0,25,200,16,16,0.1,test,client_1,7,111,482,593,True,0.712347201973758
Tox21,fedavg_proto,0.5,0,25,200,16,16,0.1,test,client_1,8,24,685,709,True,0.7395377128953772
Tox21,fedavg_proto,0.5,0,25,200,16,16,0.1,test,client_1,9,39,600,639,True,0.7197008547008548
Tox21,fedavg_proto,0.5,0,25,200,16,16,0.1,test,client_1,10,98,502,600,True,0.775042686397268
Tox21,fedavg_proto,0.5,0,25,200,16,16,0.1,test,client_1,11,35,636,671,True,0.7235849056603774
Tox21,fedavg_proto,0.5,0,25,200,16,16,0.1,test,client_2,0,33,701,734,True,0.7456015216357584
Tox21,fedavg_proto,0.5,0,25,200,16,16,0.1,test,client_2,1,25,664,689,True,0.8560843373493976
Tox21,fedavg_proto,0.5,0,25,200,16,16,0.1,test,client_2,2,65,590,655,True,0.868135593220339
Tox21,fedavg_proto,0.5,0,25,200,16,16,0.1,test,client_2,3,40,560,600,True,0.7142857142857143
Tox21,fedavg_proto,0.5,0,25,200,16,16,0.1,test,client_2,4,96,540,636,True,0.6660879629629629
Tox21,fedavg_proto,0.5,0,25,200,16,16,0.1,test,client_2,5,37,651,688,True,0.709511354672645
Tox21,fedavg_proto,0.5,0,25,200,16,16,0.1,test,client_2,6,17,637,654,True,0.6764244159202143
Tox21,fedavg_proto,0.5,0,25,200,16,16,0.1,test,client_2,7,111,482,593,True,0.7299540204104519
Tox21,fedavg_proto,0.5,0,25,200,16,16,0.1,test,client_2,8,24,685,709,True,0.7150851581508516
Tox21,fedavg_proto,0.5,0,25,200,16,16,0.1,test,client_2,9,39,600,639,True,0.7219658119658119
Tox21,fedavg_proto,0.5,0,25,200,16,16,0.1,test,client_2,10,98,502,600,True,0.7741076510285388
Tox21,fedavg_proto,0.5,0,25,200,16,16,0.1,test,client_2,11,35,636,671,True,0.720125786163522
Tox21,fedavg_proto,0.5,0,25,200,16,16,0.1,test,client_3,0,33,701,734,True,0.7598668568711365
Tox21,fedavg_proto,0.5,0,25,200,16,16,0.1,test,client_3,1,25,664,689,True,0.8182530120481928
Tox21,fedavg_proto,0.5,0,25,200,16,16,0.1,test,client_3,2,65,590,655,True,0.8698826597131682
Tox21,fedavg_proto,0.5,0,25,200,16,16,0.1,test,client_3,3,40,560,600,True,0.7222321428571429
Tox21,fedavg_proto,0.5,0,25,200,16,16,0.1,test,client_3,4,96,540,636,True,0.6956404320987654
Tox21,fedavg_proto,0.5,0,25,200,16,16,0.1,test,client_3,5,37,651,688,True,0.7682567359986716
Tox21,fedavg_proto,0.5,0,25,200,16,16,0.1,test,client_3,6,17,637,654,True,0.5828793055683812
Tox21,fedavg_proto,0.5,0,25,200,16,16,0.1,test,client_3,7,111,482,593,True,0.7047773914993831
Tox21,fedavg_proto,0.5,0,25,200,16,16,0.1,test,client_3,8,24,685,709,True,0.7276155717761557
Tox21,fedavg_proto,0.5,0,25,200,16,16,0.1,test,client_3,9,39,600,639,True,0.7088888888888889
Tox21,fedavg_proto,0.5,0,25,200,16,16,0.1,test,client_3,10,98,502,600,True,0.7703878364094643
Tox21,fedavg_proto,0.5,0,25,200,16,16,0.1,test,client_3,11,35,636,671,True,0.70696316262354
Tox21,fedavg_proto,0.5,0,26,200,16,16,0.1,val,server,0,27,706,733,True,0.7316650928548946
Tox21,fedavg_proto,0.5,0,26,200,16,16,0.1,val,server,1,21,659,680,True,0.8182672158392948
Tox21,fedavg_proto,0.5,0,26,200,16,16,0.1,val,server,2,83,573,656,True,0.8606993418700981
Tox21,fedavg_proto,0.5,0,26,200,16,16,0.1,val,server,3,31,553,584,True,0.7413229889750919
Tox21,fedavg_proto,0.5,0,26,200,16,16,0.1,val,server,4,83,531,614,True,0.7423592675787898
Tox21,fedavg_proto,0.5,0,26,200,16,16,0.1,val,server,5,49,647,696,True,0.8123521433302842
Tox21,fedavg_proto,0.5,0,26,200,16,16,0.1,val,server,6,18,623,641,True,0.6617620831103977
Tox21,fedavg_proto,0.5,0,26,200,16,16,0.1,val,server,7,89,478,567,True,0.7354144139908797
Tox21,fedavg_proto,0.5,0,26,200,16,16,0.1,val,server,8,32,672,704,True,0.8326822916666666
Tox21,fedavg_proto,0.5,0,26,200,16,16,0.1,val,server,9,33,588,621,True,0.7232014017728303
Tox21,fedavg_proto,0.5,0,26,200,16,16,0.1,val,server,10,103,474,577,True,0.8511326860841425
Tox21,fedavg_proto,0.5,0,26,200,16,16,0.1,val,server,11,42,627,669,True,0.7914483177641072
Tox21,fedavg_proto,0.5,0,26,200,16,16,0.1,val,client_0,0,27,706,733,True,0.723638652817123
Tox21,fedavg_proto,0.5,0,26,200,16,16,0.1,val,client_0,1,21,659,680,True,0.8197124069658213
Tox21,fedavg_proto,0.5,0,26,200,16,16,0.1,val,client_0,2,83,573,656,True,0.8640425576652159
Tox21,fedavg_proto,0.5,0,26,200,16,16,0.1,val,client_0,3,31,553,584,True,0.7349063757802018
Tox21,fedavg_proto,0.5,0,26,200,16,16,0.1,val,client_0,4,83,531,614,True,0.729834592607719
Tox21,fedavg_proto,0.5,0,26,200,16,16,0.1,val,client_0,5,49,647,696,True,0.8021638330757341
Tox21,fedavg_proto,0.5,0,26,200,16,16,0.1,val,client_0,6,18,623,641,True,0.6515070447654717
Tox21,fedavg_proto,0.5,0,26,200,16,16,0.1,val,client_0,7,89,478,567,True,0.7365192045507969
Tox21,fedavg_proto,0.5,0,26,200,16,16,0.1,val,client_0,8,32,672,704,True,0.8271019345238095
Tox21,fedavg_proto,0.5,0,26,200,16,16,0.1,val,client_0,9,33,588,621,True,0.7273242630385488
Tox21,fedavg_proto,0.5,0,26,200,16,16,0.1,val,client_0,10,103,474,577,True,0.8434722051534144
Tox21,fedavg_proto,0.5,0,26,200,16,16,0.1,val,client_0,11,42,627,669,True,0.7926255031518189
Tox21,fedavg_proto,0.5,0,26,200,16,16,0.1,val,client_1,0,27,706,733,True,0.7483999580316861
Tox21,fedavg_proto,0.5,0,26,200,16,16,0.1,val,client_1,1,21,659,680,True,0.7995519907507768
Tox21,fedavg_proto,0.5,0,26,200,16,16,0.1,val,client_1,2,83,573,656,True,0.8560945352088984
Tox21,fedavg_proto,0.5,0,26,200,16,16,0.1,val,client_1,3,31,553,584,True,0.7606894942542146
Tox21,fedavg_proto,0.5,0,26,200,16,16,0.1,val,client_1,4,83,531,614,True,0.74120209652168
Tox21,fedavg_proto,0.5,0,26,200,16,16,0.1,val,client_1,5,49,647,696,True,0.811374317887897
Tox21,fedavg_proto,0.5,0,26,200,16,16,0.1,val,client_1,6,18,623,641,True,0.64446227929374
Tox21,fedavg_proto,0.5,0,26,200,16,16,0.1,val,client_1,7,89,478,567,True,0.7253537680409948
Tox21,fedavg_proto,0.5,0,26,200,16,16,0.1,val,client_1,8,32,672,704,True,0.7970145089285714
Tox21,fedavg_proto,0.5,0,26,200,16,16,0.1,val,client_1,9,33,588,621,True,0.7164502164502164
Tox21,fedavg_proto,0.5,0,26,200,16,16,0.1,val,client_1,10,103,474,577,True,0.8491458768587933
Tox21,fedavg_proto,0.5,0,26,200,16,16,0.1,val,client_1,11,42,627,669,True,0.7704868231184021
Tox21,fedavg_proto,0.5,0,26,200,16,16,0.1,val,client_2,0,27,706,733,True,0.7394292309306474
Tox21,fedavg_proto,0.5,0,26,200,16,16,0.1,val,client_2,1,21,659,680,True,0.8214466363176529
Tox21,fedavg_proto,0.5,0,26,200,16,16,0.1,val,client_2,2,83,573,656,True,0.8518051262642192
Tox21,fedavg_proto,0.5,0,26,200,16,16,0.1,val,client_2,3,31,553,584,True,0.7184565128623929
Tox21,fedavg_proto,0.5,0,26,200,16,16,0.1,val,client_2,4,83,531,614,True,0.7473736754929322
Tox21,fedavg_proto,0.5,0,26,200,16,16,0.1,val,client_2,5,49,647,696,True,0.802920859224679
Tox21,fedavg_proto,0.5,0,26,200,16,16,0.1,val,client_2,6,18,623,641,True,0.6609595148920993
Tox21,fedavg_proto,0.5,0,26,200,16,16,0.1,val,client_2,7,89,478,567,True,0.7204644821588078
Tox21,fedavg_proto,0.5,0,26,200,16,16,0.1,val,client_2,8,32,672,704,True,0.8554222470238095
Tox21,fedavg_proto,0.5,0,26,200,16,16,0.1,val,client_2,9,33,588,621,True,0.7054215625644197
Tox21,fedavg_proto,0.5,0,26,200,16,16,0.1,val,client_2,10,103,474,577,True,0.847036172217443
Tox21,fedavg_proto,0.5,0,26,200,16,16,0.1,val,client_2,11,42,627,669,True,0.8087263613579403
Tox21,fedavg_proto,0.5,0,26,200,16,16,0.1,val,client_3,0,27,706,733,True,0.7318749344245096
Tox21,fedavg_proto,0.5,0,26,200,16,16,0.1,val,client_3,1,21,659,680,True,0.8246983163523376
Tox21,fedavg_proto,0.5,0,26,200,16,16,0.1,val,client_3,2,83,573,656,True,0.8502281376816166
Tox21,fedavg_proto,0.5,0,26,200,16,16,0.1,val,client_3,3,31,553,584,True,0.7327480604328298
Tox21,fedavg_proto,0.5,0,26,200,16,16,0.1,val,client_3,4,83,531,614,True,0.7493930524357316
Tox21,fedavg_proto,0.5,0,26,200,16,16,0.1,val,client_3,5,49,647,696,True,0.8138661956281739
Tox21,fedavg_proto,0.5,0,26,200,16,16,0.1,val,client_3,6,18,623,641,True,0.6890494025325488
Tox21,fedavg_proto,0.5,0,26,200,16,16,0.1,val,client_3,7,89,478,567,True,0.7265055709651638
Tox21,fedavg_proto,0.5,0,26,200,16,16,0.1,val,client_3,8,32,672,704,True,0.8234281994047619
Tox21,fedavg_proto,0.5,0,26,200,16,16,0.1,val,client_3,9,33,588,621,True,0.7119150690579261
Tox21,fedavg_proto,0.5,0,26,200,16,16,0.1,val,client_3,10,103,474,577,True,0.8369792306746958
Tox21,fedavg_proto,0.5,0,26,200,16,16,0.1,val,client_3,11,42,627,669,True,0.7863978127136022
Tox21,fedavg_proto,0.5,0,26,200,16,16,0.1,test,server,0,33,701,734,True,0.7585267799247828
Tox21,fedavg_proto,0.5,0,26,200,16,16,0.1,test,server,1,25,664,689,True,0.8354216867469879
Tox21,fedavg_proto,0.5,0,26,200,16,16,0.1,test,server,2,65,590,655,True,0.8688917861799217
Tox21,fedavg_proto,0.5,0,26,200,16,16,0.1,test,server,3,40,560,600,True,0.7321428571428571
Tox21,fedavg_proto,0.5,0,26,200,16,16,0.1,test,server,4,96,540,636,True,0.6932291666666668
Tox21,fedavg_proto,0.5,0,26,200,16,16,0.1,test,server,5,37,651,688,True,0.7605762444472122
Tox21,fedavg_proto,0.5,0,26,200,16,16,0.1,test,server,6,17,637,654,True,0.6220334287561178
Tox21,fedavg_proto,0.5,0,26,200,16,16,0.1,test,server,7,111,482,593,True,0.7238047175806513
Tox21,fedavg_proto,0.5,0,26,200,16,16,0.1,test,server,8,24,685,709,True,0.7416058394160584
Tox21,fedavg_proto,0.5,0,26,200,16,16,0.1,test,server,9,39,600,639,True,0.7204273504273505
Tox21,fedavg_proto,0.5,0,26,200,16,16,0.1,test,server,10,98,502,600,True,0.7838035612651435
Tox21,fedavg_proto,0.5,0,26,200,16,16,0.1,test,server,11,35,636,671,True,0.7142857142857144
Tox21,fedavg_proto,0.5,0,26,200,16,16,0.1,test,client_0,0,33,701,734,True,0.7547659188172741
Tox21,fedavg_proto,0.5,0,26,200,16,16,0.1,test,client_0,1,25,664,689,True,0.8481927710843374
Tox21,fedavg_proto,0.5,0,26,200,16,16,0.1,test,client_0,2,65,590,655,True,0.8638591916558019
Tox21,fedavg_proto,0.5,0,26,200,16,16,0.1,test,client_0,3,40,560,600,True,0.7342410714285714
Tox21,fedavg_proto,0.5,0,26,200,16,16,0.1,test,client_0,4,96,540,636,True,0.6890625
Tox21,fedavg_proto,0.5,0,26,200,16,16,0.1,test,client_0,5,37,651,688,True,0.7549715614231743
Tox21,fedavg_proto,0.5,0,26,200,16,16,0.1,test,client_0,6,17,637,654,True,0.6112291070274264
Tox21,fedavg_proto,0.5,0,26,200,16,16,0.1,test,client_0,7,111,482,593,True,0.7194310493065681
Tox21,fedavg_proto,0.5,0,26,200,16,16,0.1,test,client_0,8,24,685,709,True,0.7360097323600973
Tox21,fedavg_proto,0.5,0,26,200,16,16,0.1,test,client_0,9,39,600,639,True,0.7208974358974359
Tox21,fedavg_proto,0.5,0,26,200,16,16,0.1,test,client_0,10,98,502,600,True,0.7856939588584437
Tox21,fedavg_proto,0.5,0,26,200,16,16,0.1,test,client_0,11,35,636,671,True,0.7152740341419587
Tox21,fedavg_proto,0.5,0,26,200,16,16,0.1,test,client_1,0,33,701,734,True,0.7469848268707042
Tox21,fedavg_proto,0.5,0,26,200,16,16,0.1,test,client_1,1,25,664,689,True,0.8254819277108434
Tox21,fedavg_proto,0.5,0,26,200,16,16,0.1,test,client_1,2,65,590,655,True,0.8592438070404173
Tox21,fedavg_proto,0.5,0,26,200,16,16,0.1,test,client_1,3,40,560,600,True,0.7263392857142857
Tox21,fedavg_proto,0.5,0,26,200,16,16,0.1,test,client_1,4,96,540,636,True,0.694579475308642
Tox21,fedavg_proto,0.5,0,26,200,16,16,0.1,test,client_1,5,37,651,688,True,0.7659733466185079
Tox21,fedavg_proto,0.5,0,26,200,16,16,0.1,test,client_1,6,17,637,654,True,0.6055037399575215
Tox21,fedavg_proto,0.5,0,26,200,16,16,0.1,test,client_1,7,111,482,593,True,0.7131696011364062
Tox21,fedavg_proto,0.5,0,26,200,16,16,0.1,test,client_1,8,24,685,709,True,0.7470194647201946
Tox21,fedavg_proto,0.5,0,26,200,16,16,0.1,test,client_1,9,39,600,639,True,0.7250854700854701
Tox21,fedavg_proto,0.5,0,26,200,16,16,0.1,test,client_1,10,98,502,600,True,0.7794536141149686
Tox21,fedavg_proto,0.5,0,26,200,16,16,0.1,test,client_1,11,35,636,671,True,0.7219227313566935
Tox21,fedavg_proto,0.5,0,26,200,16,16,0.1,test,client_2,0,33,701,734,True,0.7472874248908485
Tox21,fedavg_proto,0.5,0,26,200,16,16,0.1,test,client_2,1,25,664,689,True,0.8525903614457832
Tox21,fedavg_proto,0.5,0,26,200,16,16,0.1,test,client_2,2,65,590,655,True,0.8650325945241198
Tox21,fedavg_proto,0.5,0,26,200,16,16,0.1,test,client_2,3,40,560,600,True,0.7142857142857143
Tox21,fedavg_proto,0.5,0,26,200,16,16,0.1,test,client_2,4,96,540,636,True,0.6653935185185185
Tox21,fedavg_proto,0.5,0,26,200,16,16,0.1,test,client_2,5,37,651,688,True,0.7115456470295181
Tox21,fedavg_proto,0.5,0,26,200,16,16,0.1,test,client_2,6,17,637,654,True,0.6899990765536984
Tox21,fedavg_proto,0.5,0,26,200,16,16,0.1,test,client_2,7,111,482,593,True,0.7388135022989795
Tox21,fedavg_proto,0.5,0,26,200,16,16,0.1,test,client_2,8,24,685,709,True,0.7232968369829683
Tox21,fedavg_proto,0.5,0,26,200,16,16,0.1,test,client_2,9,39,600,639,True,0.7264957264957265
Tox21,fedavg_proto,0.5,0,26,200,16,16,0.1,test,client_2,10,98,502,600,True,0.7743515732986422
Tox21,fedavg_proto,0.5,0,26,200,16,16,0.1,test,client_2,11,35,636,671,True,0.717026055705301
Tox21,fedavg_proto,0.5,0,26,200,16,16,0.1,test,client_3,0,33,701,734,True,0.7609475640859377
Tox21,fedavg_proto,0.5,0,26,200,16,16,0.1,test,client_3,1,25,664,689,True,0.822289156626506
Tox21,fedavg_proto,0.5,0,26,200,16,16,0.1,test,client_3,2,65,590,655,True,0.86748370273794
Tox21,fedavg_proto,0.5,0,26,200,16,16,0.1,test,client_3,3,40,560,600,True,0.7196428571428571
Tox21,fedavg_proto,0.5,0,26,200,16,16,0.1,test,client_3,4,96,540,636,True,0.698341049382716
Tox21,fedavg_proto,0.5,0,26,200,16,16,0.1,test,client_3,5,37,651,688,True,0.768879478556898
Tox21,fedavg_proto,0.5,0,26,200,16,16,0.1,test,client_3,6,17,637,654,True,0.5914673561732385
Tox21,fedavg_proto,0.5,0,26,200,16,16,0.1,test,client_3,7,111,482,593,True,0.7053754999813091
Tox21,fedavg_proto,0.5,0,26,200,16,16,0.1,test,client_3,8,24,685,709,True,0.7275547445255475
Tox21,fedavg_proto,0.5,0,26,200,16,16,0.1,test,client_3,9,39,600,639,True,0.7064529914529915
Tox21,fedavg_proto,0.5,0,26,200,16,16,0.1,test,client_3,10,98,502,600,True,0.7708350272379868
Tox21,fedavg_proto,0.5,0,26,200,16,16,0.1,test,client_3,11,35,636,671,True,0.7020215633423179
Tox21,fedavg_proto,0.5,0,27,200,16,16,0.1,val,server,0,27,706,733,True,0.7305634246144161
Tox21,fedavg_proto,0.5,0,27,200,16,16,0.1,val,server,1,21,659,680,True,0.8172555820507261
Tox21,fedavg_proto,0.5,0,27,200,16,16,0.1,val,server,2,83,573,656,True,0.8599423873504489
Tox21,fedavg_proto,0.5,0,27,200,16,16,0.1,val,server,3,31,553,584,True,0.7428979758502012
Tox21,fedavg_proto,0.5,0,27,200,16,16,0.1,val,server,4,83,531,614,True,0.7430853356930547
Tox21,fedavg_proto,0.5,0,27,200,16,16,0.1,val,server,5,49,647,696,True,0.813014541210611
Tox21,fedavg_proto,0.5,0,27,200,16,16,0.1,val,server,6,18,623,641,True,0.6603352951667559
Tox21,fedavg_proto,0.5,0,27,200,16,16,0.1,val,server,7,89,478,567,True,0.7339100183348221
Tox21,fedavg_proto,0.5,0,27,200,16,16,0.1,val,server,8,32,672,704,True,0.8373790922619048
Tox21,fedavg_proto,0.5,0,27,200,16,16,0.1,val,server,9,33,588,621,True,0.7269635126777984
Tox21,fedavg_proto,0.5,0,27,200,16,16,0.1,val,server,10,103,474,577,True,0.8529761173241571
Tox21,fedavg_proto,0.5,0,27,200,16,16,0.1,val,server,11,42,627,669,True,0.7926634768740031
Tox21,fedavg_proto,0.5,0,27,200,16,16,0.1,val,client_0,0,27,706,733,True,0.7174483265134823
Tox21,fedavg_proto,0.5,0,27,200,16,16,0.1,val,client_0,1,21,659,680,True,0.8129200086711468
Tox21,fedavg_proto,0.5,0,27,200,16,16,0.1,val,client_0,2,83,573,656,True,0.8596059631194937
Tox21,fedavg_proto,0.5,0,27,200,16,16,0.1,val,client_0,3,31,553,584,True,0.7343813801551654
Tox21,fedavg_proto,0.5,0,27,200,16,16,0.1,val,client_0,4,83,531,614,True,0.7311959703219658
Tox21,fedavg_proto,0.5,0,27,200,16,16,0.1,val,client_0,5,49,647,696,True,0.8029839447370911
Tox21,fedavg_proto,0.5,0,27,200,16,16,0.1,val,client_0,6,18,623,641,True,0.6490101658640983
Tox21,fedavg_proto,0.5,0,27,200,16,16,0.1,val,client_0,7,89,478,567,True,0.7281510037139769
Tox21,fedavg_proto,0.5,0,27,200,16,16,0.1,val,client_0,8,32,672,704,True,0.8360305059523809
Tox21,fedavg_proto,0.5,0,27,200,16,16,0.1,val,client_0,9,33,588,621,True,0.7257266542980829
Tox21,fedavg_proto,0.5,0,27,200,16,16,0.1,val,client_0,10,103,474,577,True,0.8425709721027406
Tox21,fedavg_proto,0.5,0,27,200,16,16,0.1,val,client_0,11,42,627,669,True,0.7877648667122352
Tox21,fedavg_proto,0.5,0,27,200,16,16,0.1,val,client_1,0,27,706,733,True,0.744465428601406
Tox21,fedavg_proto,0.5,0,27,200,16,16,0.1,val,client_1,1,21,659,680,True,0.803381747236072
Tox21,fedavg_proto,0.5,0,27,200,16,16,0.1,val,client_1,2,83,573,656,True,0.861140898673227
Tox21,fedavg_proto,0.5,0,27,200,16,16,0.1,val,client_1,3,31,553,584,True,0.7546228781426821
Tox21,fedavg_proto,0.5,0,27,200,16,16,0.1,val,client_1,4,83,531,614,True,0.7423138883216482
Tox21,fedavg_proto,0.5,0,27,200,16,16,0.1,val,client_1,5,49,647,696,True,0.8144970507522947
Tox21,fedavg_proto,0.5,0,27,200,16,16,0.1,val,client_1,6,18,623,641,True,0.6313536650615302
Tox21,fedavg_proto,0.5,0,27,200,16,16,0.1,val,client_1,7,89,478,567,True,0.7234027549245452
Tox21,fedavg_proto,0.5,0,27,200,16,16,0.1,val,client_1,8,32,672,704,True,0.8071521577380952
Tox21,fedavg_proto,0.5,0,27,200,16,16,0.1,val,client_1,9,33,588,621,True,0.7215007215007215
Tox21,fedavg_proto,0.5,0,27,200,16,16,0.1,val,client_1,10,103,474,577,True,0.851071238376142
Tox21,fedavg_proto,0.5,0,27,200,16,16,0.1,val,client_1,11,42,627,669,True,0.7693855851750588
Tox21,fedavg_proto,0.5,0,27,200,16,16,0.1,val,client_2,0,27,706,733,True,0.7403210576015108
Tox21,fedavg_proto,0.5,0,27,200,16,16,0.1,val,client_2,1,21,659,680,True,0.821663414986632
Tox21,fedavg_proto,0.5,0,27,200,16,16,0.1,val,client_2,2,83,573,656,True,0.8497445278496183
Tox21,fedavg_proto,0.5,0,27,200,16,16,0.1,val,client_2,3,31,553,584,True,0.7309980750160415
Tox21,fedavg_proto,0.5,0,27,200,16,16,0.1,val,client_2,4,83,531,614,True,0.7262042520363942
Tox21,fedavg_proto,0.5,0,27,200,16,16,0.1,val,client_2,5,49,647,696,True,0.7879380500268113
Tox21,fedavg_proto,0.5,0,27,200,16,16,0.1,val,client_2,6,18,623,641,True,0.6559657570893526
Tox21,fedavg_proto,0.5,0,27,200,16,16,0.1,val,client_2,7,89,478,567,True,0.7255418174980021
Tox21,fedavg_proto,0.5,0,27,200,16,16,0.1,val,client_2,8,32,672,704,True,0.8569103422619048
Tox21,fedavg_proto,0.5,0,27,200,16,16,0.1,val,client_2,9,33,588,621,True,0.7009894867037725
Tox21,fedavg_proto,0.5,0,27,200,16,16,0.1,val,client_2,10,103,474,577,True,0.8463807299987711
Tox21,fedavg_proto,0.5,0,27,200,16,16,0.1,val,client_2,11,42,627,669,True,0.8128654970760234
Tox21,fedavg_proto,0.5,0,27,200,16,16,0.1,val,client_3,0,27,706,733,True,0.7310355681460498
Tox21,fedavg_proto,0.5,0,27,200,16,16,0.1,val,client_3,1,21,659,680,True,0.8284558132813065
Tox21,fedavg_proto,0.5,0,27,200,16,16,0.1,val,client_3,2,83,573,656,True,0.8495132361908366
Tox21,fedavg_proto,0.5,0,27,200,16,16,0.1,val,client_3,3,31,553,584,True,0.7331563903634136
Tox21,fedavg_proto,0.5,0,27,200,16,16,0.1,val,client_3,4,83,531,614,True,0.7515712567785265
Tox21,fedavg_proto,0.5,0,27,200,16,16,0.1,val,client_3,5,49,647,696,True,0.8176828691291045
Tox21,fedavg_proto,0.5,0,27,200,16,16,0.1,val,client_3,6,18,623,641,True,0.6878901373283396
Tox21,fedavg_proto,0.5,0,27,200,16,16,0.1,val,client_3,7,89,478,567,True,0.721804334539984
Tox21,fedavg_proto,0.5,0,27,200,16,16,0.1,val,client_3,8,32,672,704,True,0.8235677083333334
Tox21,fedavg_proto,0.5,0,27,200,16,16,0.1,val,client_3,9,33,588,621,True,0.7127396413110699
Tox21,fedavg_proto,0.5,0,27,200,16,16,0.1,val,client_3,10,103,474,577,True,0.8269837368399492
Tox21,fedavg_proto,0.5,0,27,200,16,16,0.1,val,client_3,11,42,627,669,True,0.7823346244398875
Tox21,fedavg_proto,0.5,0,27,200,16,16,0.1,test,server,0,33,701,734,True,0.7575325292871655
Tox21,fedavg_proto,0.5,0,27,200,16,16,0.1,test,server,1,25,664,689,True,0.8357228915662651
Tox21,fedavg_proto,0.5,0,27,200,16,16,0.1,test,server,2,65,590,655,True,0.871916558018253
Tox21,fedavg_proto,0.5,0,27,200,16,16,0.1,test,server,3,40,560,600,True,0.7353125
Tox21,fedavg_proto,0.5,0,27,200,16,16,0.1,test,server,4,96,540,636,True,0.6931520061728395
Tox21,fedavg_proto,0.5,0,27,200,16,16,0.1,test,server,5,37,651,688,True,0.7633163117034084
Tox21,fedavg_proto,0.5,0,27,200,16,16,0.1,test,server,6,17,637,654,True,0.6353310554991227
Tox21,fedavg_proto,0.5,0,27,200,16,16,0.1,test,server,7,111,482,593,True,0.7254682067960077
Tox21,fedavg_proto,0.5,0,27,200,16,16,0.1,test,server,8,24,685,709,True,0.7433698296836984
Tox21,fedavg_proto,0.5,0,27,200,16,16,0.1,test,server,9,39,600,639,True,0.7187606837606837
Tox21,fedavg_proto,0.5,0,27,200,16,16,0.1,test,server,10,98,502,600,True,0.7854703634441825
Tox21,fedavg_proto,0.5,0,27,200,16,16,0.1,test,server,11,35,636,671,True,0.7112758310871519
Tox21,fedavg_proto,0.5,0,27,200,16,16,0.1,test,client_0,0,33,701,734,True,0.7540742661998011
Tox21,fedavg_proto,0.5,0,27,200,16,16,0.1,test,client_0,1,25,664,689,True,0.8481927710843373
Tox21,fedavg_proto,0.5,0,27,200,16,16,0.1,test,client_0,2,65,590,655,True,0.8648761408083441
Tox21,fedavg_proto,0.5,0,27,200,16,16,0.1,test,client_0,3,40,560,600,True,0.7314732142857143
Tox21,fedavg_proto,0.5,0,27,200,16,16,0.1,test,client_0,4,96,540,636,True,0.6859953703703703
Tox21,fedavg_proto,0.5,0,27,200,16,16,0.1,test,client_0,5,37,651,688,True,0.7580022418732096
Tox21,fedavg_proto,0.5,0,27,200,16,16,0.1,test,client_0,6,17,637,654,True,0.6297903776895373
Tox21,fedavg_proto,0.5,0,27,200,16,16,0.1,test,client_0,7,111,482,593,True,0.7177488692011513
Tox21,fedavg_proto,0.5,0,27,200,16,16,0.1,test,client_0,8,24,685,709,True,0.7286496350364964
Tox21,fedavg_proto,0.5,0,27,200,16,16,0.1,test,client_0,9,39,600,639,True,0.7126495726495726
Tox21,fedavg_proto,0.5,0,27,200,16,16,0.1,test,client_0,10,98,502,600,True,0.7865883405154891
Tox21,fedavg_proto,0.5,0,27,200,16,16,0.1,test,client_0,11,35,636,671,True,0.7046720575022462
Tox21,fedavg_proto,0.5,0,27,200,16,16,0.1,test,client_1,0,33,701,734,True,0.7411922361993689
Tox21,fedavg_proto,0.5,0,27,200,16,16,0.1,test,client_1,1,25,664,689,True,0.824277108433735
Tox21,fedavg_proto,0.5,0,27,200,16,16,0.1,test,client_1,2,65,590,655,True,0.8675880052151239
Tox21,fedavg_proto,0.5,0,27,200,16,16,0.1,test,client_1,3,40,560,600,True,0.7272767857142858
Tox21,fedavg_proto,0.5,0,27,200,16,16,0.1,test,client_1,4,96,540,636,True,0.7015624999999999
Tox21,fedavg_proto,0.5,0,27,200,16,16,0.1,test,client_1,5,37,651,688,True,0.7782621331008429
Tox21,fedavg_proto,0.5,0,27,200,16,16,0.1,test,client_1,6,17,637,654,True,0.6083664234924739
Tox21,fedavg_proto,0.5,0,27,200,16,16,0.1,test,client_1,7,111,482,593,True,0.7114687301409293
Tox21,fedavg_proto,0.5,0,27,200,16,16,0.1,test,client_1,8,24,685,709,True,0.7418491484184915
Tox21,fedavg_proto,0.5,0,27,200,16,16,0.1,test,client_1,9,39,600,639,True,0.7141880341880341
Tox21,fedavg_proto,0.5,0,27,200,16,16,0.1,test,client_1,10,98,502,600,True,0.7855110171558664
Tox21,fedavg_proto,0.5,0,27,200,16,16,0.1,test,client_1,11,35,636,671,True,0.7141509433962263
Tox21,fedavg_proto,0.5,0,27,200,16,16,0.1,test,client_2,0,33,701,734,True,0.7513941123070939
Tox21,fedavg_proto,0.5,0,27,200,16,16,0.1,test,client_2,1,25,664,689,True,0.8456626506024096
Tox21,fedavg_proto,0.5,0,27,200,16,16,0.1,test,client_2,2,65,590,655,True,0.8585136897001305
Tox21,fedavg_proto,0.5,0,27,200,16,16,0.1,test,client_2,3,40,560,600,True,0.7384375
Tox21,fedavg_proto,0.5,0,27,200,16,16,0.1,test,client_2,4,96,540,636,True,0.6673804012345679
Tox21,fedavg_proto,0.5,0,27,200,16,16,0.1,test,client_2,5,37,651,688,True,0.7152821023788766
Tox21,fedavg_proto,0.5,0,27,200,16,16,0.1,test,client_2,6,17,637,654,True,0.7146550928063533
Tox21,fedavg_proto,0.5,0,27,200,16,16,0.1,test,client_2,7,111,482,593,True,0.7415984449179471
Tox21,fedavg_proto,0.5,0,27,200,16,16,0.1,test,client_2,8,24,685,709,True,0.7333333333333333
Tox21,fedavg_proto,0.5,0,27,200,16,16,0.1,test,client_2,9,39,600,639,True,0.7426068376068375
Tox21,fedavg_proto,0.5,0,27,200,16,16,0.1,test,client_2,10,98,502,600,True,0.7746564761362713
Tox21,fedavg_proto,0.5,0,27,200,16,16,0.1,test,client_2,11,35,636,671,True,0.7271338724168913
Tox21,fedavg_proto,0.5,0,27,200,16,16,0.1,test,client_3,0,33,701,734,True,0.7570137898240608
Tox21,fedavg_proto,0.5,0,27,200,16,16,0.1,test,client_3,1,25,664,689,True,0.817710843373494
Tox21,fedavg_proto,0.5,0,27,200,16,16,0.1,test,client_3,2,65,590,655,True,0.8712907431551499
Tox21,fedavg_proto,0.5,0,27,200,16,16,0.1,test,client_3,3,40,560,600,True,0.7160714285714286
Tox21,fedavg_proto,0.5,0,27,200,16,16,0.1,test,client_3,4,96,540,636,True,0.689891975308642
Tox21,fedavg_proto,0.5,0,27,200,16,16,0.1,test,client_3,5,37,651,688,True,0.7618632457342135
Tox21,fedavg_proto,0.5,0,27,200,16,16,0.1,test,client_3,6,17,637,654,True,0.5899898420906824
Tox21,fedavg_proto,0.5,0,27,200,16,16,0.1,test,client_3,7,111,482,593,True,0.6975813988262121
Tox21,fedavg_proto,0.5,0,27,200,16,16,0.1,test,client_3,8,24,685,709,True,0.7228102189781022
Tox21,fedavg_proto,0.5,0,27,200,16,16,0.1,test,client_3,9,39,600,639,True,0.6936324786324787
Tox21,fedavg_proto,0.5,0,27,200,16,16,0.1,test,client_3,10,98,502,600,True,0.7605293113261241
Tox21,fedavg_proto,0.5,0,27,200,16,16,0.1,test,client_3,11,35,636,671,True,0.6934411500449237
Tox21,fedavg_proto,0.5,0,28,200,16,16,0.1,val,server,0,27,706,733,True,0.7323995383485469
Tox21,fedavg_proto,0.5,0,28,200,16,16,0.1,val,server,1,21,659,680,True,0.8166052460437891
Tox21,fedavg_proto,0.5,0,28,200,16,16,0.1,val,server,2,83,573,656,True,0.8572509935028071
Tox21,fedavg_proto,0.5,0,28,200,16,16,0.1,val,server,3,31,553,584,True,0.7429563086974276
Tox21,fedavg_proto,0.5,0,28,200,16,16,0.1,val,server,4,83,531,614,True,0.7461938148072517
Tox21,fedavg_proto,0.5,0,28,200,16,16,0.1,val,server,5,49,647,696,True,0.8144655079960887
Tox21,fedavg_proto,0.5,0,28,200,16,16,0.1,val,server,6,18,623,641,True,0.662832174068129
Tox21,fedavg_proto,0.5,0,28,200,16,16,0.1,val,server,7,89,478,567,True,0.7335104132386818
Tox21,fedavg_proto,0.5,0,28,200,16,16,0.1,val,server,8,32,672,704,True,0.8397042410714286
Tox21,fedavg_proto,0.5,0,28,200,16,16,0.1,val,server,9,33,588,621,True,0.724129045557617
Tox21,fedavg_proto,0.5,0,28,200,16,16,0.1,val,server,10,103,474,577,True,0.8555364384908443
Tox21,fedavg_proto,0.5,0,28,200,16,16,0.1,val,server,11,42,627,669,True,0.7941064783170046
Tox21,fedavg_proto,0.5,0,28,200,16,16,0.1,val,client_0,0,27,706,733,True,0.7193893610324205
Tox21,fedavg_proto,0.5,0,28,200,16,16,0.1,val,client_0,1,21,659,680,True,0.8150155358046102
Tox21,fedavg_proto,0.5,0,28,200,16,16,0.1,val,client_0,2,83,573,656,True,0.8604470236968818
Tox21,fedavg_proto,0.5,0,28,200,16,16,0.1,val,client_0,3,31,553,584,True,0.7355480370996909
Tox21,fedavg_proto,0.5,0,28,200,16,16,0.1,val,client_0,4,83,531,614,True,0.7350758968075692
Tox21,fedavg_proto,0.5,0,28,200,16,16,0.1,val,client_0,5,49,647,696,True,0.8083777560483235
Tox21,fedavg_proto,0.5,0,28,200,16,16,0.1,val,client_0,6,18,623,641,True,0.6405386124487249
Tox21,fedavg_proto,0.5,0,28,200,16,16,0.1,val,client_0,7,89,478,567,True,0.731817968125617
Tox21,fedavg_proto,0.5,0,28,200,16,16,0.1,val,client_0,8,32,672,704,True,0.8303571428571428
Tox21,fedavg_proto,0.5,0,28,200,16,16,0.1,val,client_0,9,33,588,621,True,0.7280457637600495
Tox21,fedavg_proto,0.5,0,28,200,16,16,0.1,val,client_0,10,103,474,577,True,0.8499856622014665
Tox21,fedavg_proto,0.5,0,28,200,16,16,0.1,val,client_0,11,42,627,669,True,0.7878787878787878
Tox21,fedavg_proto,0.5,0,28,200,16,16,0.1,val,client_1,0,27,706,733,True,0.7487671807785123
Tox21,fedavg_proto,0.5,0,28,200,16,16,0.1,val,client_1,1,21,659,680,True,0.8002745863140399
Tox21,fedavg_proto,0.5,0,28,200,16,16,0.1,val,client_1,2,83,573,656,True,0.8560945352088984
Tox21,fedavg_proto,0.5,0,28,200,16,16,0.1,val,client_1,3,31,553,584,True,0.7565478621011491
Tox21,fedavg_proto,0.5,0,28,200,16,16,0.1,val,client_1,4,83,531,614,True,0.7417466476073786
Tox21,fedavg_proto,0.5,0,28,200,16,16,0.1,val,client_1,5,49,647,696,True,0.8162003595874208
Tox21,fedavg_proto,0.5,0,28,200,16,16,0.1,val,client_1,6,18,623,641,True,0.6408061351881578
Tox21,fedavg_proto,0.5,0,28,200,16,16,0.1,val,client_1,7,89,478,567,True,0.7210286305298292
Tox21,fedavg_proto,0.5,0,28,200,16,16,0.1,val,client_1,8,32,672,704,True,0.795991443452381
Tox21,fedavg_proto,0.5,0,28,200,16,16,0.1,val,client_1,9,33,588,621,True,0.7162440733869305
Tox21,fedavg_proto,0.5,0,28,200,16,16,0.1,val,client_1,10,103,474,577,True,0.850374831018803
Tox21,fedavg_proto,0.5,0,28,200,16,16,0.1,val,client_1,11,42,627,669,True,0.7696134275081643
Tox21,fedavg_proto,0.5,0,28,200,16,16,0.1,val,client_2,0,27,706,733,True,0.7410555030951631
Tox21,fedavg_proto,0.5,0,28,200,16,16,0.1,val,client_2,1,21,659,680,True,0.8150877953609365
Tox21,fedavg_proto,0.5,0,28,200,16,16,0.1,val,client_2,2,83,573,656,True,0.8323766269265545
Tox21,fedavg_proto,0.5,0,28,200,16,16,0.1,val,client_2,3,31,553,584,True,0.7105232456396198
Tox21,fedavg_proto,0.5,0,28,200,16,16,0.1,val,client_2,4,83,531,614,True,0.746375331835818
Tox21,fedavg_proto,0.5,0,28,200,16,16,0.1,val,client_2,5,49,647,696,True,0.7957921963221145
Tox21,fedavg_proto,0.5,0,28,200,16,16,0.1,val,client_2,6,18,623,641,True,0.626984126984127
Tox21,fedavg_proto,0.5,0,28,200,16,16,0.1,val,client_2,7,89,478,567,True,0.7096986507451459
Tox21,fedavg_proto,0.5,0,28,200,16,16,0.1,val,client_2,8,32,672,704,True,0.8574683779761905
Tox21,fedavg_proto,0.5,0,28,200,16,16,0.1,val,client_2,9,33,588,621,True,0.6942383013811585
Tox21,fedavg_proto,0.5,0,28,200,16,16,0.1,val,client_2,10,103,474,577,True,0.8397238949653845
Tox21,fedavg_proto,0.5,0,28,200,16,16,0.1,val,client_2,11,42,627,669,True,0.7957773220931117
Tox21,fedavg_proto,0.5,0,28,200,16,16,0.1,val,client_3,0,27,706,733,True,0.7347077956143112
Tox21,fedavg_proto,0.5,0,28,200,16,16,0.1,val,client_3,1,21,659,680,True,0.8256376905845798
Tox21,fedavg_proto,0.5,0,28,200,16,16,0.1,val,client_3,2,83,573,656,True,0.8487983347000568
Tox21,fedavg_proto,0.5,0,28,200,16,16,0.1,val,client_3,3,31,553,584,True,0.7419646502945808
Tox21,fedavg_proto,0.5,0,28,200,16,16,0.1,val,client_3,4,83,531,614,True,0.751208222721394
Tox21,fedavg_proto,0.5,0,28,200,16,16,0.1,val,client_3,5,49,647,696,True,0.818156010472195
Tox21,fedavg_proto,0.5,0,28,200,16,16,0.1,val,client_3,6,18,623,641,True,0.6928838951310862
Tox21,fedavg_proto,0.5,0,28,200,16,16,0.1,val,client_3,7,89,478,567,True,0.7262234967796531
Tox21,fedavg_proto,0.5,0,28,200,16,16,0.1,val,client_3,8,32,672,704,True,0.8237072172619048
Tox21,fedavg_proto,0.5,0,28,200,16,16,0.1,val,client_3,9,33,588,621,True,0.7131519274376418
Tox21,fedavg_proto,0.5,0,28,200,16,16,0.1,val,client_3,10,103,474,577,True,0.840563680308058
Tox21,fedavg_proto,0.5,0,28,200,16,16,0.1,val,client_3,11,42,627,669,True,0.7897774739880004
Tox21,fedavg_proto,0.5,0,28,200,16,16,0.1,test,server,0,33,701,734,True,0.7577918990187179
Tox21,fedavg_proto,0.5,0,28,200,16,16,0.1,test,server,1,25,664,689,True,0.8393373493975904
Tox21,fedavg_proto,0.5,0,28,200,16,16,0.1,test,server,2,65,590,655,True,0.8710560625814864
Tox21,fedavg_proto,0.5,0,28,200,16,16,0.1,test,server,3,40,560,600,True,0.7365625
Tox21,fedavg_proto,0.5,0,28,200,16,16,0.1,test,server,4,96,540,636,True,0.6911844135802468
Tox21,fedavg_proto,0.5,0,28,200,16,16,0.1,test,server,5,37,651,688,True,0.763648441067796
Tox21,fedavg_proto,0.5,0,28,200,16,16,0.1,test,server,6,17,637,654,True,0.6388401514451935
Tox21,fedavg_proto,0.5,0,28,200,16,16,0.1,test,server,7,111,482,593,True,0.7267952599902808
Tox21,fedavg_proto,0.5,0,28,200,16,16,0.1,test,server,8,24,685,709,True,0.7461678832116788
Tox21,fedavg_proto,0.5,0,28,200,16,16,0.1,test,server,9,39,600,639,True,0.7206837606837607
Tox21,fedavg_proto,0.5,0,28,200,16,16,0.1,test,server,10,98,502,600,True,0.7877266444426376
Tox21,fedavg_proto,0.5,0,28,200,16,16,0.1,test,server,11,35,636,671,True,0.7100179694519319
Tox21,fedavg_proto,0.5,0,28,200,16,16,0.1,test,client_0,0,33,701,734,True,0.7574460727099814
Tox21,fedavg_proto,0.5,0,28,200,16,16,0.1,test,client_0,1,25,664,689,True,0.8489156626506025
Tox21,fedavg_proto,0.5,0,28,200,16,16,0.1,test,client_0,2,65,590,655,True,0.8664146023468057
Tox21,fedavg_proto,0.5,0,28,200,16,16,0.1,test,client_0,3,40,560,600,True,0.7379017857142857
Tox21,fedavg_proto,0.5,0,28,200,16,16,0.1,test,client_0,4,96,540,636,True,0.6924189814814814
Tox21,fedavg_proto,0.5,0,28,200,16,16,0.1,test,client_0,5,37,651,688,True,0.7657242495952173
Tox21,fedavg_proto,0.5,0,28,200,16,16,0.1,test,client_0,6,17,637,654,True,0.6337611967864069
Tox21,fedavg_proto,0.5,0,28,200,16,16,0.1,test,client_0,7,111,482,593,True,0.7244775896228178
Tox21,fedavg_proto,0.5,0,28,200,16,16,0.1,test,client_0,8,24,685,709,True,0.7399026763990267
Tox21,fedavg_proto,0.5,0,28,200,16,16,0.1,test,client_0,9,39,600,639,True,0.7235042735042735
Tox21,fedavg_proto,0.5,0,28,200,16,16,0.1,test,client_0,10,98,502,600,True,0.7915277664850802
Tox21,fedavg_proto,0.5,0,28,200,16,16,0.1,test,client_0,11,35,636,671,True,0.7091644204851751
Tox21,fedavg_proto,0.5,0,28,200,16,16,0.1,test,client_1,0,33,701,734,True,0.7452556953270221
Tox21,fedavg_proto,0.5,0,28,200,16,16,0.1,test,client_1,1,25,664,689,True,0.8266265060240964
Tox21,fedavg_proto,0.5,0,28,200,16,16,0.1,test,client_1,2,65,590,655,True,0.8589308996088657
Tox21,fedavg_proto,0.5,0,28,200,16,16,0.1,test,client_1,3,40,560,600,True,0.729375
Tox21,fedavg_proto,0.5,0,28,200,16,16,0.1,test,client_1,4,96,540,636,True,0.6993055555555556
Tox21,fedavg_proto,0.5,0,28,200,16,16,0.1,test,client_1,5,37,651,688,True,0.7746917424336779
Tox21,fedavg_proto,0.5,0,28,200,16,16,0.1,test,client_1,6,17,637,654,True,0.6229568750577154
Tox21,fedavg_proto,0.5,0,28,200,16,16,0.1,test,client_1,7,111,482,593,True,0.7169264700385032
Tox21,fedavg_proto,0.5,0,28,200,16,16,0.1,test,client_1,8,24,685,709,True,0.7514598540145985
Tox21,fedavg_proto,0.5,0,28,200,16,16,0.1,test,client_1,9,39,600,639,True,0.7246581196581197
Tox21,fedavg_proto,0.5,0,28,200,16,16,0.1,test,client_1,10,98,502,600,True,0.7857955931376535
Tox21,fedavg_proto,0.5,0,28,200,16,16,0.1,test,client_1,11,35,636,671,True,0.7211141060197664
Tox21,fedavg_proto,0.5,0,28,200,16,16,0.1,test,client_2,0,33,701,734,True,0.7401547572731596
Tox21,fedavg_proto,0.5,0,28,200,16,16,0.1,test,client_2,1,25,664,689,True,0.8621084337349398
Tox21,fedavg_proto,0.5,0,28,200,16,16,0.1,test,client_2,2,65,590,655,True,0.8700912646675358
Tox21,fedavg_proto,0.5,0,28,200,16,16,0.1,test,client_2,3,40,560,600,True,0.7189285714285715
Tox21,fedavg_proto,0.5,0,28,200,16,16,0.1,test,client_2,4,96,540,636,True,0.6635802469135803
Tox21,fedavg_proto,0.5,0,28,200,16,16,0.1,test,client_2,5,37,651,688,True,0.7033254452609292
Tox21,fedavg_proto,0.5,0,28,200,16,16,0.1,test,client_2,6,17,637,654,True,0.6885215624711423
Tox21,fedavg_proto,0.5,0,28,200,16,16,0.1,test,client_2,7,111,482,593,True,0.7447758962281784
Tox21,fedavg_proto,0.5,0,28,200,16,16,0.1,test,client_2,8,24,685,709,True,0.7337591240875913
Tox21,fedavg_proto,0.5,0,28,200,16,16,0.1,test,client_2,9,39,600,639,True,0.7282905982905983
Tox21,fedavg_proto,0.5,0,28,200,16,16,0.1,test,client_2,10,98,502,600,True,0.7688429953654768
Tox21,fedavg_proto,0.5,0,28,200,16,16,0.1,test,client_2,11,35,636,671,True,0.7192722371967655
Tox21,fedavg_proto,0.5,0,28,200,16,16,0.1,test,client_3,0,33,701,734,True,0.75320970042796
Tox21,fedavg_proto,0.5,0,28,200,16,16,0.1,test,client_3,1,25,664,689,True,0.8207831325301205
Tox21,fedavg_proto,0.5,0,28,200,16,16,0.1,test,client_3,2,65,590,655,True,0.8674054758800521
Tox21,fedavg_proto,0.5,0,28,200,16,16,0.1,test,client_3,3,40,560,600,True,0.7249553571428571
Tox21,fedavg_proto,0.5,0,28,200,16,16,0.1,test,client_3,4,96,540,636,True,0.6946373456790124
Tox21,fedavg_proto,0.5,0,28,200,16,16,0.1,test,client_3,5,37,651,688,True,0.7745256777514842
Tox21,fedavg_proto,0.5,0,28,200,16,16,0.1,test,client_3,6,17,637,654,True,0.5954381752701081
Tox21,fedavg_proto,0.5,0,28,200,16,16,0.1,test,client_3,7,111,482,593,True,0.7041979739075174
Tox21,fedavg_proto,0.5,0,28,200,16,16,0.1,test,client_3,8,24,685,709,True,0.7288929440389295
Tox21,fedavg_proto,0.5,0,28,200,16,16,0.1,test,client_3,9,39,600,639,True,0.7101709401709402
Tox21,fedavg_proto,0.5,0,28,200,16,16,0.1,test,client_3,10,98,502,600,True,0.7730709813806
Tox21,fedavg_proto,0.5,0,28,200,16,16,0.1,test,client_3,11,35,636,671,True,0.7104222821203953
Tox21,fedavg_proto,0.5,0,29,200,16,16,0.1,val,server,0,27,706,733,True,0.7288846920574966
Tox21,fedavg_proto,0.5,0,29,200,16,16,0.1,val,server,1,21,659,680,True,0.8189898114025579
Tox21,fedavg_proto,0.5,0,29,200,16,16,0.1,val,server,2,83,573,656,True,0.8567253306419396
Tox21,fedavg_proto,0.5,0,29,200,16,16,0.1,val,server,3,31,553,584,True,0.7435979700169165
Tox21,fedavg_proto,0.5,0,29,200,16,16,0.1,val,server,4,83,531,614,True,0.7477367095500647
Tox21,fedavg_proto,0.5,0,29,200,16,16,0.1,val,server,5,49,647,696,True,0.8168943002239537
Tox21,fedavg_proto,0.5,0,29,200,16,16,0.1,val,server,6,18,623,641,True,0.6657749242018904
Tox21,fedavg_proto,0.5,0,29,200,16,16,0.1,val,server,7,89,478,567,True,0.7339570306990739
Tox21,fedavg_proto,0.5,0,29,200,16,16,0.1,val,server,8,32,672,704,True,0.8366350446428571
Tox21,fedavg_proto,0.5,0,29,200,16,16,0.1,val,server,9,33,588,621,True,0.7235621521335807
Tox21,fedavg_proto,0.5,0,29,200,16,16,0.1,val,server,10,103,474,577,True,0.8549014788415058
Tox21,fedavg_proto,0.5,0,29,200,16,16,0.1,val,server,11,42,627,669,True,0.7953596111490848
Tox21,fedavg_proto,0.5,0,29,200,16,16,0.1,val,client_0,0,27,706,733,True,0.7190221382855945
Tox21,fedavg_proto,0.5,0,29,200,16,16,0.1,val,client_0,1,21,659,680,True,0.8159549100368523
Tox21,fedavg_proto,0.5,0,29,200,16,16,0.1,val,client_0,2,83,573,656,True,0.8655354401900797
Tox21,fedavg_proto,0.5,0,29,200,16,16,0.1,val,client_0,3,31,553,584,True,0.7419063174473546
Tox21,fedavg_proto,0.5,0,29,200,16,16,0.1,val,client_0,4,83,531,614,True,0.7335783813218978
Tox21,fedavg_proto,0.5,0,29,200,16,16,0.1,val,client_0,5,49,647,696,True,0.8089455256600322
Tox21,fedavg_proto,0.5,0,29,200,16,16,0.1,val,client_0,6,18,623,641,True,0.6475833779204565
Tox21,fedavg_proto,0.5,0,29,200,16,16,0.1,val,client_0,7,89,478,567,True,0.7355319449015091
Tox21,fedavg_proto,0.5,0,29,200,16,16,0.1,val,client_0,8,32,672,704,True,0.8251953124999999
Tox21,fedavg_proto,0.5,0,29,200,16,16,0.1,val,client_0,9,33,588,621,True,0.7257266542980829
Tox21,fedavg_proto,0.5,0,29,200,16,16,0.1,val,client_0,10,103,474,577,True,0.8485109172094548
Tox21,fedavg_proto,0.5,0,29,200,16,16,0.1,val,client_0,11,42,627,669,True,0.7936507936507936
Tox21,fedavg_proto,0.5,0,29,200,16,16,0.1,val,client_1,0,27,706,733,True,0.742471933690064
Tox21,fedavg_proto,0.5,0,29,200,16,16,0.1,val,client_1,1,21,659,680,True,0.8115470771009466
Tox21,fedavg_proto,0.5,0,29,200,16,16,0.1,val,client_1,2,83,573,656,True,0.8585756639121933
Tox21,fedavg_proto,0.5,0,29,200,16,16,0.1,val,client_1,3,31,553,584,True,0.7565478621011491
Tox21,fedavg_proto,0.5,0,29,200,16,16,0.1,val,client_1,4,83,531,614,True,0.74614843555011
Tox21,fedavg_proto,0.5,0,29,200,16,16,0.1,val,client_1,5,49,647,696,True,0.8203324606504117
Tox21,fedavg_proto,0.5,0,29,200,16,16,0.1,val,client_1,6,18,623,641,True,0.64446227929374
Tox21,fedavg_proto,0.5,0,29,200,16,16,0.1,val,client_1,7,89,478,567,True,0.7202999388839264
Tox21,fedavg_proto,0.5,0,29,200,16,16,0.1,val,client_1,8,32,672,704,True,0.8078497023809523
Tox21,fedavg_proto,0.5,0,29,200,16,16,0.1,val,client_1,9,33,588,621,True,0.7192846835703979
Tox21,fedavg_proto,0.5,0,29,200,16,16,0.1,val,client_1,10,103,474,577,True,0.8514194420548113
Tox21,fedavg_proto,0.5,0,29,200,16,16,0.1,val,client_1,11,42,627,669,True,0.7699931647300069
Tox21,fedavg_proto,0.5,0,29,200,16,16,0.1,val,client_2,0,27,706,733,True,0.7353897807155598
Tox21,fedavg_proto,0.5,0,29,200,16,16,0.1,val,client_2,1,21,659,680,True,0.8215911554303056
Tox21,fedavg_proto,0.5,0,29,200,16,16,0.1,val,client_2,2,83,573,656,True,0.838200971424967
Tox21,fedavg_proto,0.5,0,29,200,16,16,0.1,val,client_2,3,31,553,584,True,0.7165898617511521
Tox21,fedavg_proto,0.5,0,29,200,16,16,0.1,val,client_2,4,83,531,614,True,0.7503913960928459
Tox21,fedavg_proto,0.5,0,29,200,16,16,0.1,val,client_2,5,49,647,696,True,0.8044033687663629
Tox21,fedavg_proto,0.5,0,29,200,16,16,0.1,val,client_2,6,18,623,641,True,0.6501694310683075
Tox21,fedavg_proto,0.5,0,29,200,16,16,0.1,val,client_2,7,89,478,567,True,0.7165389497437826
Tox21,fedavg_proto,0.5,0,29,200,16,16,0.1,val,client_2,8,32,672,704,True,0.8510509672619049
Tox21,fedavg_proto,0.5,0,29,200,16,16,0.1,val,client_2,9,33,588,621,True,0.7011440940012369
Tox21,fedavg_proto,0.5,0,29,200,16,16,0.1,val,client_2,10,103,474,577,True,0.846093974028102
Tox21,fedavg_proto,0.5,0,29,200,16,16,0.1,val,client_2,11,42,627,669,True,0.8010936431989063
Tox21,fedavg_proto,0.5,0,29,200,16,16,0.1,val,client_3,0,27,706,733,True,0.7347602560067149
Tox21,fedavg_proto,0.5,0,29,200,16,16,0.1,val,client_3,1,21,659,680,True,0.8289616301755908
Tox21,fedavg_proto,0.5,0,29,200,16,16,0.1,val,client_3,2,83,573,656,True,0.8472213461174541
Tox21,fedavg_proto,0.5,0,29,200,16,16,0.1,val,client_3,3,31,553,584,True,0.73665636119699
Tox21,fedavg_proto,0.5,0,29,200,16,16,0.1,val,client_3,4,83,531,614,True,0.7505729131214122
Tox21,fedavg_proto,0.5,0,29,200,16,16,0.1,val,client_3,5,49,647,696,True,0.820679430968678
Tox21,fedavg_proto,0.5,0,29,200,16,16,0.1,val,client_3,6,18,623,641,True,0.6979668271803102
Tox21,fedavg_proto,0.5,0,29,200,16,16,0.1,val,client_3,7,89,478,567,True,0.7267171266042969
Tox21,fedavg_proto,0.5,0,29,200,16,16,0.1,val,client_3,8,32,672,704,True,0.8244512648809523
Tox21,fedavg_proto,0.5,0,29,200,16,16,0.1,val,client_3,9,33,588,621,True,0.7121727478870336
Tox21,fedavg_proto,0.5,0,29,200,16,16,0.1,val,client_3,10,103,474,577,True,0.8387202490680431
Tox21,fedavg_proto,0.5,0,29,200,16,16,0.1,val,client_3,11,42,627,669,True,0.7955874534821904
Tox21,fedavg_proto,0.5,0,29,200,16,16,0.1,test,server,0,33,701,734,True,0.761077248951714
Tox21,fedavg_proto,0.5,0,29,200,16,16,0.1,test,server,1,25,664,689,True,0.8452409638554217
Tox21,fedavg_proto,0.5,0,29,200,16,16,0.1,test,server,2,65,590,655,True,0.8694915254237288
Tox21,fedavg_proto,0.5,0,29,200,16,16,0.1,test,server,3,40,560,600,True,0.7356696428571428
Tox21,fedavg_proto,0.5,0,29,200,16,16,0.1,test,server,4,96,540,636,True,0.6934027777777779
Tox21,fedavg_proto,0.5,0,29,200,16,16,0.1,test,server,5,37,651,688,True,0.7668036700294765
Tox21,fedavg_proto,0.5,0,29,200,16,16,0.1,test,server,6,17,637,654,True,0.640502354788069
Tox21,fedavg_proto,0.5,0,29,200,16,16,0.1,test,server,7,111,482,593,True,0.7266831146499196
Tox21,fedavg_proto,0.5,0,29,200,16,16,0.1,test,server,8,24,685,709,True,0.7441605839416059
Tox21,fedavg_proto,0.5,0,29,200,16,16,0.1,test,server,9,39,600,639,True,0.7183333333333333
Tox21,fedavg_proto,0.5,0,29,200,16,16,0.1,test,server,10,98,502,600,True,0.7900235791527768
Tox21,fedavg_proto,0.5,0,29,200,16,16,0.1,test,server,11,35,636,671,True,0.7101078167115903
Tox21,fedavg_proto,0.5,0,29,200,16,16,0.1,test,client_0,0,33,701,734,True,0.7523019063675269
Tox21,fedavg_proto,0.5,0,29,200,16,16,0.1,test,client_0,1,25,664,689,True,0.8559638554216867
Tox21,fedavg_proto,0.5,0,29,200,16,16,0.1,test,client_0,2,65,590,655,True,0.8535071707953064
Tox21,fedavg_proto,0.5,0,29,200,16,16,0.1,test,client_0,3,40,560,600,True,0.7393303571428572
Tox21,fedavg_proto,0.5,0,29,200,16,16,0.1,test,client_0,4,96,540,636,True,0.7027777777777777
Tox21,fedavg_proto,0.5,0,29,200,16,16,0.1,test,client_0,5,37,651,688,True,0.7731971602939346
Tox21,fedavg_proto,0.5,0,29,200,16,16,0.1,test,client_0,6,17,637,654,True,0.6432726936928618
Tox21,fedavg_proto,0.5,0,29,200,16,16,0.1,test,client_0,7,111,482,593,True,0.7264775148592576
Tox21,fedavg_proto,0.5,0,29,200,16,16,0.1,test,client_0,8,24,685,709,True,0.7430656934306569
Tox21,fedavg_proto,0.5,0,29,200,16,16,0.1,test,client_0,9,39,600,639,True,0.7335042735042735
Tox21,fedavg_proto,0.5,0,29,200,16,16,0.1,test,client_0,10,98,502,600,True,0.7978900723636069
Tox21,fedavg_proto,0.5,0,29,200,16,16,0.1,test,client_0,11,35,636,671,True,0.7161275831087153
Tox21,fedavg_proto,0.5,0,29,200,16,16,0.1,test,client_1,0,33,701,734,True,0.7401979855617518
Tox21,fedavg_proto,0.5,0,29,200,16,16,0.1,test,client_1,1,25,664,689,True,0.825421686746988
Tox21,fedavg_proto,0.5,0,29,200,16,16,0.1,test,client_1,2,65,590,655,True,0.8688396349413299
Tox21,fedavg_proto,0.5,0,29,200,16,16,0.1,test,client_1,3,40,560,600,True,0.7279464285714285
Tox21,fedavg_proto,0.5,0,29,200,16,16,0.1,test,client_1,4,96,540,636,True,0.7018904320987654
Tox21,fedavg_proto,0.5,0,29,200,16,16,0.1,test,client_1,5,37,651,688,True,0.7829949765433637
Tox21,fedavg_proto,0.5,0,29,200,16,16,0.1,test,client_1,6,17,637,654,True,0.6110444177671068
Tox21,fedavg_proto,0.5,0,29,200,16,16,0.1,test,client_1,7,111,482,593,True,0.7098613135957534
Tox21,fedavg_proto,0.5,0,29,200,16,16,0.1,test,client_1,8,24,685,709,True,0.7418491484184915
Tox21,fedavg_proto,0.5,0,29,200,16,16,0.1,test,client_1,9,39,600,639,True,0.7106410256410257
Tox21,fedavg_proto,0.5,0,29,200,16,16,0.1,test,client_1,10,98,502,600,True,0.7933775103666966
Tox21,fedavg_proto,0.5,0,29,200,16,16,0.1,test,client_1,11,35,636,671,True,0.7082659478885893
Tox21,fedavg_proto,0.5,0,29,200,16,16,0.1,test,client_2,0,33,701,734,True,0.7477629360653613
Tox21,fedavg_proto,0.5,0,29,200,16,16,0.1,test,client_2,1,25,664,689,True,0.8625903614457832
Tox21,fedavg_proto,0.5,0,29,200,16,16,0.1,test,client_2,2,65,590,655,True,0.8701955671447197
Tox21,fedavg_proto,0.5,0,29,200,16,16,0.1,test,client_2,3,40,560,600,True,0.7193303571428571
Tox21,fedavg_proto,0.5,0,29,200,16,16,0.1,test,client_2,4,96,540,636,True,0.6629436728395061
Tox21,fedavg_proto,0.5,0,29,200,16,16,0.1,test,client_2,5,37,651,688,True,0.7080998048739985
Tox21,fedavg_proto,0.5,0,29,200,16,16,0.1,test,client_2,6,17,637,654,True,0.6951703758426447
Tox21,fedavg_proto,0.5,0,29,200,16,16,0.1,test,client_2,7,111,482,593,True,0.7377481215655489
Tox21,fedavg_proto,0.5,0,29,200,16,16,0.1,test,client_2,8,24,685,709,True,0.7203771289537713
Tox21,fedavg_proto,0.5,0,29,200,16,16,0.1,test,client_2,9,39,600,639,True,0.7297008547008547
Tox21,fedavg_proto,0.5,0,29,200,16,16,0.1,test,client_2,10,98,502,600,True,0.7729896739572323
Tox21,fedavg_proto,0.5,0,29,200,16,16,0.1,test,client_2,11,35,636,671,True,0.7161725067385445
Tox21,fedavg_proto,0.5,0,29,200,16,16,0.1,test,client_3,0,33,701,734,True,0.7621147278779233
Tox21,fedavg_proto,0.5,0,29,200,16,16,0.1,test,client_3,1,25,664,689,True,0.8265060240963855
Tox21,fedavg_proto,0.5,0,29,200,16,16,0.1,test,client_3,2,65,590,655,True,0.8653455019556715
Tox21,fedavg_proto,0.5,0,29,200,16,16,0.1,test,client_3,3,40,560,600,True,0.7245982142857142
Tox21,fedavg_proto,0.5,0,29,200,16,16,0.1,test,client_3,4,96,540,636,True,0.6981288580246914
Tox21,fedavg_proto,0.5,0,29,200,16,16,0.1,test,client_3,5,37,651,688,True,0.7700004151617056
Tox21,fedavg_proto,0.5,0,29,200,16,16,0.1,test,client_3,6,17,637,654,True,0.601902299381291
Tox21,fedavg_proto,0.5,0,29,200,16,16,0.1,test,client_3,7,111,482,593,True,0.7083473515008785
Tox21,fedavg_proto,0.5,0,29,200,16,16,0.1,test,client_3,8,24,685,709,True,0.731021897810219
Tox21,fedavg_proto,0.5,0,29,200,16,16,0.1,test,client_3,9,39,600,639,True,0.7048717948717949
Tox21,fedavg_proto,0.5,0,29,200,16,16,0.1,test,client_3,10,98,502,600,True,0.7709569883730385
Tox21,fedavg_proto,0.5,0,29,200,16,16,0.1,test,client_3,11,35,636,671,True,0.708805031446541
Tox21,fedavg_proto,0.5,0,30,200,16,16,0.1,val,server,0,27,706,733,True,0.7343930332598888
Tox21,fedavg_proto,0.5,0,30,200,16,16,0.1,val,server,1,21,659,680,True,0.8219524532119372
Tox21,fedavg_proto,0.5,0,30,200,16,16,0.1,val,server,2,83,573,656,True,0.8581971866523687
Tox21,fedavg_proto,0.5,0,30,200,16,16,0.1,val,server,3,31,553,584,True,0.7484395963366972
Tox21,fedavg_proto,0.5,0,30,200,16,16,0.1,val,server,4,83,531,614,True,0.7457627118644068
Tox21,fedavg_proto,0.5,0,30,200,16,16,0.1,val,server,5,49,647,696,True,0.8167681291991296
Tox21,fedavg_proto,0.5,0,30,200,16,16,0.1,val,server,6,18,623,641,True,0.6606028179061887
Tox21,fedavg_proto,0.5,0,30,200,16,16,0.1,val,server,7,89,478,567,True,0.7356729819942645
Tox21,fedavg_proto,0.5,0,30,200,16,16,0.1,val,server,8,32,672,704,True,0.8337053571428572
Tox21,fedavg_proto,0.5,0,30,200,16,16,0.1,val,server,9,33,588,621,True,0.7248505462791177
Tox21,fedavg_proto,0.5,0,30,200,16,16,0.1,val,server,10,103,474,577,True,0.8604317725615502
Tox21,fedavg_proto,0.5,0,30,200,16,16,0.1,val,server,11,42,627,669,True,0.7960051644262169
Tox21,fedavg_proto,0.5,0,30,200,16,16,0.1,val,client_0,0,27,706,733,True,0.7206221802539082
Tox21,fedavg_proto,0.5,0,30,200,16,16,0.1,val,client_0,1,21,659,680,True,0.8169665438254209
Tox21,fedavg_proto,0.5,0,30,200,16,16,0.1,val,client_0,2,83,573,656,True,0.8577766563636746
Tox21,fedavg_proto,0.5,0,30,200,16,16,0.1,val,client_0,3,31,553,584,True,0.7312314064049465
Tox21,fedavg_proto,0.5,0,30,200,16,16,0.1,val,client_0,4,83,531,614,True,0.7396365121502961
Tox21,fedavg_proto,0.5,0,30,200,16,16,0.1,val,client_0,5,49,647,696,True,0.8108696337886004
Tox21,fedavg_proto,0.5,0,30,200,16,16,0.1,val,client_0,6,18,623,641,True,0.6388443017656501
Tox21,fedavg_proto,0.5,0,30,200,16,16,0.1,val,client_0,7,89,478,567,True,0.7291382633632646
Tox21,fedavg_proto,0.5,0,30,200,16,16,0.1,val,client_0,8,32,672,704,True,0.8266369047619049
Tox21,fedavg_proto,0.5,0,30,200,16,16,0.1,val,client_0,9,33,588,621,True,0.7226860441146156
Tox21,fedavg_proto,0.5,0,30,200,16,16,0.1,val,client_0,10,103,474,577,True,0.8488181557494573
Tox21,fedavg_proto,0.5,0,30,200,16,16,0.1,val,client_0,11,42,627,669,True,0.7861319966583125
Tox21,fedavg_proto,0.5,0,30,200,16,16,0.1,val,client_1,0,27,706,733,True,0.7562165564998425
Tox21,fedavg_proto,0.5,0,30,200,16,16,0.1,val,client_1,1,21,659,680,True,0.8075728015029987
Tox21,fedavg_proto,0.5,0,30,200,16,16,0.1,val,client_1,2,83,573,656,True,0.8567884101852435
Tox21,fedavg_proto,0.5,0,30,200,16,16,0.1,val,client_1,3,31,553,584,True,0.7651811234906376
Tox21,fedavg_proto,0.5,0,30,200,16,16,0.1,val,client_1,4,83,531,614,True,0.7388877544074604
Tox21,fedavg_proto,0.5,0,30,200,16,16,0.1,val,client_1,5,49,647,696,True,0.813929281140586
Tox21,fedavg_proto,0.5,0,30,200,16,16,0.1,val,client_1,6,18,623,641,True,0.6341180667023364
Tox21,fedavg_proto,0.5,0,30,200,16,16,0.1,val,client_1,7,89,478,567,True,0.7233557425602933
Tox21,fedavg_proto,0.5,0,30,200,16,16,0.1,val,client_1,8,32,672,704,True,0.7922712053571429
Tox21,fedavg_proto,0.5,0,30,200,16,16,0.1,val,client_1,9,33,588,621,True,0.7150587507730365
Tox21,fedavg_proto,0.5,0,30,200,16,16,0.1,val,client_1,10,103,474,577,True,0.8572774568841915
Tox21,fedavg_proto,0.5,0,30,200,16,16,0.1,val,client_1,11,42,627,669,True,0.7729171413381939
Tox21,fedavg_proto,0.5,0,30,200,16,16,0.1,val,client_2,0,27,706,733,True,0.739114468576225
Tox21,fedavg_proto,0.5,0,30,200,16,16,0.1,val,client_2,1,21,659,680,True,0.8255654310282534
Tox21,fedavg_proto,0.5,0,30,200,16,16,0.1,val,client_2,2,83,573,656,True,0.8457494901070249
Tox21,fedavg_proto,0.5,0,30,200,16,16,0.1,val,client_2,3,31,553,584,True,0.7284897625853118
Tox21,fedavg_proto,0.5,0,30,200,16,16,0.1,val,client_2,4,83,531,614,True,0.7452408504072788
Tox21,fedavg_proto,0.5,0,30,200,16,16,0.1,val,client_2,5,49,647,696,True,0.8039302274232722
Tox21,fedavg_proto,0.5,0,30,200,16,16,0.1,val,client_2,6,18,623,641,True,0.6622079543427859
Tox21,fedavg_proto,0.5,0,30,200,16,16,0.1,val,client_2,7,89,478,567,True,0.7198768276056603
Tox21,fedavg_proto,0.5,0,30,200,16,16,0.1,val,client_2,8,32,672,704,True,0.8582589285714285
Tox21,fedavg_proto,0.5,0,30,200,16,16,0.1,val,client_2,9,33,588,621,True,0.702535559678417
Tox21,fedavg_proto,0.5,0,30,200,16,16,0.1,val,client_2,10,103,474,577,True,0.8510507558068083
Tox21,fedavg_proto,0.5,0,30,200,16,16,0.1,val,client_2,11,42,627,669,True,0.8143464722412092
Tox21,fedavg_proto,0.5,0,30,200,16,16,0.1,val,client_3,0,27,706,733,True,0.7374357360193055
Tox21,fedavg_proto,0.5,0,30,200,16,16,0.1,val,client_3,1,21,659,680,True,0.8272274008237589
Tox21,fedavg_proto,0.5,0,30,200,16,16,0.1,val,client_3,2,83,573,656,True,0.8477680354927564
Tox21,fedavg_proto,0.5,0,30,200,16,16,0.1,val,client_3,3,31,553,584,True,0.7433063057807852
Tox21,fedavg_proto,0.5,0,30,200,16,16,0.1,val,client_3,4,83,531,614,True,0.7505729131214123
Tox21,fedavg_proto,0.5,0,30,200,16,16,0.1,val,client_3,5,49,647,696,True,0.8206478882124719
Tox21,fedavg_proto,0.5,0,30,200,16,16,0.1,val,client_3,6,18,623,641,True,0.6942215088282503
Tox21,fedavg_proto,0.5,0,30,200,16,16,0.1,val,client_3,7,89,478,567,True,0.729020732452635
Tox21,fedavg_proto,0.5,0,30,200,16,16,0.1,val,client_3,8,32,672,704,True,0.8213820684523809
Tox21,fedavg_proto,0.5,0,30,200,16,16,0.1,val,client_3,9,33,588,621,True,0.7154195011337869
Tox21,fedavg_proto,0.5,0,30,200,16,16,0.1,val,client_3,10,103,474,577,True,0.8470566547867765
Tox21,fedavg_proto,0.5,0,30,200,16,16,0.1,val,client_3,11,42,627,669,True,0.7933849775955039
Tox21,fedavg_proto,0.5,0,30,200,16,16,0.1,test,server,0,33,701,734,True,0.7551117451260104
Tox21,fedavg_proto,0.5,0,30,200,16,16,0.1,test,server,1,25,664,689,True,0.8424096385542168
Tox21,fedavg_proto,0.5,0,30,200,16,16,0.1,test,server,2,65,590,655,True,0.8681877444589309
Tox21,fedavg_proto,0.5,0,30,200,16,16,0.1,test,server,3,40,560,600,True,0.7441071428571429
Tox21,fedavg_proto,0.5,0,30,200,16,16,0.1,test,server,4,96,540,636,True,0.6970679012345677
Tox21,fedavg_proto,0.5,0,30,200,16,16,0.1,test,server,5,37,651,688,True,0.7713704487898035
Tox21,fedavg_proto,0.5,0,30,200,16,16,0.1,test,server,6,17,637,654,True,0.6534306030104349
Tox21,fedavg_proto,0.5,0,30,200,16,16,0.1,test,server,7,111,482,593,True,0.7324212178983964
Tox21,fedavg_proto,0.5,0,30,200,16,16,0.1,test,server,8,24,685,709,True,0.7508515815085158
Tox21,fedavg_proto,0.5,0,30,200,16,16,0.1,test,server,9,39,600,639,True,0.7244017094017093
Tox21,fedavg_proto,0.5,0,30,200,16,16,0.1,test,server,10,98,502,600,True,0.7949630051223677
Tox21,fedavg_proto,0.5,0,30,200,16,16,0.1,test,server,11,35,636,671,True,0.7159029649595687
Tox21,fedavg_proto,0.5,0,30,200,16,16,0.1,test,client_0,0,33,701,734,True,0.7574460727099814
Tox21,fedavg_proto,0.5,0,30,200,16,16,0.1,test,client_0,1,25,664,689,True,0.8558433734939759
Tox21,fedavg_proto,0.5,0,30,200,16,16,0.1,test,client_0,2,65,590,655,True,0.8627900912646677
Tox21,fedavg_proto,0.5,0,30,200,16,16,0.1,test,client_0,3,40,560,600,True,0.7348214285714286
Tox21,fedavg_proto,0.5,0,30,200,16,16,0.1,test,client_0,4,96,540,636,True,0.6944251543209877
Tox21,fedavg_proto,0.5,0,30,200,16,16,0.1,test,client_0,5,37,651,688,True,0.7720347075185785
Tox21,fedavg_proto,0.5,0,30,200,16,16,0.1,test,client_0,6,17,637,654,True,0.6436420722135008
Tox21,fedavg_proto,0.5,0,30,200,16,16,0.1,test,client_0,7,111,482,593,True,0.7239729355911928
Tox21,fedavg_proto,0.5,0,30,200,16,16,0.1,test,client_0,8,24,685,709,True,0.7371046228710463
Tox21,fedavg_proto,0.5,0,30,200,16,16,0.1,test,client_0,9,39,600,639,True,0.7205128205128205
Tox21,fedavg_proto,0.5,0,30,200,16,16,0.1,test,client_0,10,98,502,600,True,0.7931539149524353
Tox21,fedavg_proto,0.5,0,30,200,16,16,0.1,test,client_0,11,35,636,671,True,0.7032794249775381
Tox21,fedavg_proto,0.5,0,30,200,16,16,0.1,test,client_1,0,33,701,734,True,0.7421864868369861
Tox21,fedavg_proto,0.5,0,30,200,16,16,0.1,test,client_1,1,25,664,689,True,0.8270481927710844
Tox21,fedavg_proto,0.5,0,30,200,16,16,0.1,test,client_1,2,65,590,655,True,0.8505345501955672
Tox21,fedavg_proto,0.5,0,30,200,16,16,0.1,test,client_1,3,40,560,600,True,0.7362053571428572
Tox21,fedavg_proto,0.5,0,30,200,16,16,0.1,test,client_1,4,96,540,636,True,0.7034529320987655
Tox21,fedavg_proto,0.5,0,30,200,16,16,0.1,test,client_1,5,37,651,688,True,0.7766845186200025
Tox21,fedavg_proto,0.5,0,30,200,16,16,0.1,test,client_1,6,17,637,654,True,0.6341305753070459
Tox21,fedavg_proto,0.5,0,30,200,16,16,0.1,test,client_1,7,111,482,593,True,0.7149639265821839
Tox21,fedavg_proto,0.5,0,30,200,16,16,0.1,test,client_1,8,24,685,709,True,0.7504866180048662
Tox21,fedavg_proto,0.5,0,30,200,16,16,0.1,test,client_1,9,39,600,639,True,0.7277350427350427
Tox21,fedavg_proto,0.5,0,30,200,16,16,0.1,test,client_1,10,98,502,600,True,0.7893324660541507
Tox21,fedavg_proto,0.5,0,30,200,16,16,0.1,test,client_1,11,35,636,671,True,0.7305480682839174
Tox21,fedavg_proto,0.5,0,30,200,16,16,0.1,test,client_2,0,33,701,734,True,0.7494488393204513
Tox21,fedavg_proto,0.5,0,30,200,16,16,0.1,test,client_2,1,25,664,689,True,0.8565060240963855
Tox21,fedavg_proto,0.5,0,30,200,16,16,0.1,test,client_2,2,65,590,655,True,0.8622685788787483
Tox21,fedavg_proto,0.5,0,30,200,16,16,0.1,test,client_2,3,40,560,600,True,0.7324553571428571
Tox21,fedavg_proto,0.5,0,30,200,16,16,0.1,test,client_2,4,96,540,636,True,0.6641975308641976
Tox21,fedavg_proto,0.5,0,30,200,16,16,0.1,test,client_2,5,37,651,688,True,0.7114626146884212
Tox21,fedavg_proto,0.5,0,30,200,16,16,0.1,test,client_2,6,17,637,654,True,0.7137316465047557
Tox21,fedavg_proto,0.5,0,30,200,16,16,0.1,test,client_2,7,111,482,593,True,0.7463272401031738
Tox21,fedavg_proto,0.5,0,30,200,16,16,0.1,test,client_2,8,24,685,709,True,0.7258515815085158
Tox21,fedavg_proto,0.5,0,30,200,16,16,0.1,test,client_2,9,39,600,639,True,0.7347008547008547
Tox21,fedavg_proto,0.5,0,30,200,16,16,0.1,test,client_2,10,98,502,600,True,0.7795959021058623
Tox21,fedavg_proto,0.5,0,30,200,16,16,0.1,test,client_2,11,35,636,671,True,0.7188230008984726
Tox21,fedavg_proto,0.5,0,30,200,16,16,0.1,test,client_3,0,33,701,734,True,0.7549388319716424
Tox21,fedavg_proto,0.5,0,30,200,16,16,0.1,test,client_3,1,25,664,689,True,0.8290963855421687
Tox21,fedavg_proto,0.5,0,30,200,16,16,0.1,test,client_3,2,65,590,655,True,0.8621642764015645
Tox21,fedavg_proto,0.5,0,30,200,16,16,0.1,test,client_3,3,40,560,600,True,0.7315178571428571
Tox21,fedavg_proto,0.5,0,30,200,16,16,0.1,test,client_3,4,96,540,636,True,0.7024305555555556
Tox21,fedavg_proto,0.5,0,30,200,16,16,0.1,test,client_3,5,37,651,688,True,0.7807531033337486
Tox21,fedavg_proto,0.5,0,30,200,16,16,0.1,test,client_3,6,17,637,654,True,0.6182472989195678
Tox21,fedavg_proto,0.5,0,30,200,16,16,0.1,test,client_3,7,111,482,593,True,0.714272363649957
Tox21,fedavg_proto,0.5,0,30,200,16,16,0.1,test,client_3,8,24,685,709,True,0.7402676399026764
Tox21,fedavg_proto,0.5,0,30,200,16,16,0.1,test,client_3,9,39,600,639,True,0.7219230769230769
Tox21,fedavg_proto,0.5,0,30,200,16,16,0.1,test,client_3,10,98,502,600,True,0.7829295064639401
Tox21,fedavg_proto,0.5,0,30,200,16,16,0.1,test,client_3,11,35,636,671,True,0.7163522012578616
Tox21,fedavg_proto,0.5,0,31,200,16,16,0.1,val,server,0,27,706,733,True,0.730773266184031
Tox21,fedavg_proto,0.5,0,31,200,16,16,0.1,val,server,1,21,659,680,True,0.8207963003107162
Tox21,fedavg_proto,0.5,0,31,200,16,16,0.1,val,server,2,83,573,656,True,0.858386425282281
Tox21,fedavg_proto,0.5,0,31,200,16,16,0.1,val,server,3,31,553,584,True,0.7484979291839235
Tox21,fedavg_proto,0.5,0,31,200,16,16,0.1,val,server,4,83,531,614,True,0.748417398407188
Tox21,fedavg_proto,0.5,0,31,200,16,16,0.1,val,server,5,49,647,696,True,0.8192915496956124
Tox21,fedavg_proto,0.5,0,31,200,16,16,0.1,val,server,6,18,623,641,True,0.6633672195469948
Tox21,fedavg_proto,0.5,0,31,200,16,16,0.1,val,server,7,89,478,567,True,0.7359785623619012
Tox21,fedavg_proto,0.5,0,31,200,16,16,0.1,val,server,8,32,672,704,True,0.8346819196428572
Tox21,fedavg_proto,0.5,0,31,200,16,16,0.1,val,server,9,33,588,621,True,0.7247474747474747
Tox21,fedavg_proto,0.5,0,31,200,16,16,0.1,val,server,10,103,474,577,True,0.8592233009708738
Tox21,fedavg_proto,0.5,0,31,200,16,16,0.1,val,server,11,42,627,669,True,0.7987012987012987
Tox21,fedavg_proto,0.5,0,31,200,16,16,0.1,val,client_0,0,27,706,733,True,0.7306158850068198
Tox21,fedavg_proto,0.5,0,31,200,16,16,0.1,val,client_0,1,21,659,680,True,0.8332972035551701
Tox21,fedavg_proto,0.5,0,31,200,16,16,0.1,val,client_0,2,83,573,656,True,0.8629071258857418
Tox21,fedavg_proto,0.5,0,31,200,16,16,0.1,val,client_0,3,31,553,584,True,0.7438896342530479
Tox21,fedavg_proto,0.5,0,31,200,16,16,0.1,val,client_0,4,83,531,614,True,0.7407256143216936
Tox21,fedavg_proto,0.5,0,31,200,16,16,0.1,val,client_0,5,49,647,696,True,0.8167365864429234
Tox21,fedavg_proto,0.5,0,31,200,16,16,0.1,val,client_0,6,18,623,641,True,0.6549848403780989
Tox21,fedavg_proto,0.5,0,31,200,16,16,0.1,val,client_0,7,89,478,567,True,0.7415025151614876
Tox21,fedavg_proto,0.5,0,31,200,16,16,0.1,val,client_0,8,32,672,704,True,0.8278459821428571
Tox21,fedavg_proto,0.5,0,31,200,16,16,0.1,val,client_0,9,33,588,621,True,0.729488765203051
Tox21,fedavg_proto,0.5,0,31,200,16,16,0.1,val,client_0,10,103,474,577,True,0.8567858752201876
Tox21,fedavg_proto,0.5,0,31,200,16,16,0.1,val,client_0,11,42,627,669,True,0.7987772461456671
Tox21,fedavg_proto,0.5,0,31,200,16,16,0.1,val,client_1,0,27,706,733,True,0.74325883957612
Tox21,fedavg_proto,0.5,0,31,200,16,16,0.1,val,client_1,1,21,659,680,True,0.8092347712985043
Tox21,fedavg_proto,0.5,0,31,200,16,16,0.1,val,client_1,2,83,573,656,True,0.8601736790092307
Tox21,fedavg_proto,0.5,0,31,200,16,16,0.1,val,client_1,3,31,553,584,True,0.7582395146707112
Tox21,fedavg_proto,0.5,0,31,200,16,16,0.1,val,client_1,4,83,531,614,True,0.7465568488643841
Tox21,fedavg_proto,0.5,0,31,200,16,16,0.1,val,client_1,5,49,647,696,True,0.822319654291392
Tox21,fedavg_proto,0.5,0,31,200,16,16,0.1,val,client_1,6,18,623,641,True,0.6350098091671126
Tox21,fedavg_proto,0.5,0,31,200,16,16,0.1,val,client_1,7,89,478,567,True,0.7239433971134408
Tox21,fedavg_proto,0.5,0,31,200,16,16,0.1,val,client_1,8,32,672,704,True,0.8075706845238095
Tox21,fedavg_proto,0.5,0,31,200,16,16,0.1,val,client_1,9,33,588,621,True,0.7207276850133992
Tox21,fedavg_proto,0.5,0,31,200,16,16,0.1,val,client_1,10,103,474,577,True,0.8564376715415182
Tox21,fedavg_proto,0.5,0,31,200,16,16,0.1,val,client_1,11,42,627,669,True,0.7734107997265892
Tox21,fedavg_proto,0.5,0,31,200,16,16,0.1,val,client_2,0,27,706,733,True,0.7308257265764347
Tox21,fedavg_proto,0.5,0,31,200,16,16,0.1,val,client_2,1,21,659,680,True,0.8198569260784738
Tox21,fedavg_proto,0.5,0,31,200,16,16,0.1,val,client_2,2,83,573,656,True,0.8461700203957191
Tox21,fedavg_proto,0.5,0,31,200,16,16,0.1,val,client_2,3,31,553,584,True,0.7207898267514438
Tox21,fedavg_proto,0.5,0,31,200,16,16,0.1,val,client_2,4,83,531,614,True,0.7463526422072471
Tox21,fedavg_proto,0.5,0,31,200,16,16,0.1,val,client_2,5,49,647,696,True,0.7991988139923666
Tox21,fedavg_proto,0.5,0,31,200,16,16,0.1,val,client_2,6,18,623,641,True,0.6526663099696808
Tox21,fedavg_proto,0.5,0,31,200,16,16,0.1,val,client_2,7,89,478,567,True,0.7135066522495417
Tox21,fedavg_proto,0.5,0,31,200,16,16,0.1,val,client_2,8,32,672,704,True,0.853515625
Tox21,fedavg_proto,0.5,0,31,200,16,16,0.1,val,client_2,9,33,588,621,True,0.7058338486909915
Tox21,fedavg_proto,0.5,0,31,200,16,16,0.1,val,client_2,10,103,474,577,True,0.8520953668428168
Tox21,fedavg_proto,0.5,0,31,200,16,16,0.1,val,client_2,11,42,627,669,True,0.8072074124705704
Tox21,fedavg_proto,0.5,0,31,200,16,16,0.1,val,client_3,0,27,706,733,True,0.7343405728674851
Tox21,fedavg_proto,0.5,0,31,200,16,16,0.1,val,client_3,1,21,659,680,True,0.8272996603800853
Tox21,fedavg_proto,0.5,0,31,200,16,16,0.1,val,client_3,2,83,573,656,True,0.8483567778969281
Tox21,fedavg_proto,0.5,0,31,200,16,16,0.1,val,client_3,3,31,553,584,True,0.7455229539753836
Tox21,fedavg_proto,0.5,0,31,200,16,16,0.1,val,client_3,4,83,531,614,True,0.751208222721394
Tox21,fedavg_proto,0.5,0,31,200,16,16,0.1,val,client_3,5,49,647,696,True,0.819859319307321
Tox21,fedavg_proto,0.5,0,31,200,16,16,0.1,val,client_3,6,18,623,641,True,0.6941323345817727
Tox21,fedavg_proto,0.5,0,31,200,16,16,0.1,val,client_3,7,89,478,567,True,0.7281274975318508
Tox21,fedavg_proto,0.5,0,31,200,16,16,0.1,val,client_3,8,32,672,704,True,0.8207775297619048
Tox21,fedavg_proto,0.5,0,31,200,16,16,0.1,val,client_3,9,33,588,621,True,0.7119666048237477
Tox21,fedavg_proto,0.5,0,31,200,16,16,0.1,val,client_3,10,103,474,577,True,0.8367948875506944
Tox21,fedavg_proto,0.5,0,31,200,16,16,0.1,val,client_3,11,42,627,669,True,0.79737221842485
Tox21,fedavg_proto,0.5,0,31,200,16,16,0.1,test,server,0,33,701,734,True,0.7589158345221113
Tox21,fedavg_proto,0.5,0,31,200,16,16,0.1,test,server,1,25,664,689,True,0.8456024096385542
Tox21,fedavg_proto,0.5,0,31,200,16,16,0.1,test,server,2,65,590,655,True,0.8673533246414603
Tox21,fedavg_proto,0.5,0,31,200,16,16,0.1,test,server,3,40,560,600,True,0.7427678571428571
Tox21,fedavg_proto,0.5,0,31,200,16,16,0.1,test,server,4,96,540,636,True,0.6994791666666665
Tox21,fedavg_proto,0.5,0,31,200,16,16,0.1,test,server,5,37,651,688,True,0.7735292896583219
Tox21,fedavg_proto,0.5,0,31,200,16,16,0.1,test,server,6,17,637,654,True,0.654908117092991
Tox21,fedavg_proto,0.5,0,31,200,16,16,0.1,test,server,7,111,482,593,True,0.7316175096258084
Tox21,fedavg_proto,0.5,0,31,200,16,16,0.1,test,server,8,24,685,709,True,0.7535279805352798
Tox21,fedavg_proto,0.5,0,31,200,16,16,0.1,test,server,9,39,600,639,True,0.7243162393162393
Tox21,fedavg_proto,0.5,0,31,200,16,16,0.1,test,server,10,98,502,600,True,0.79750386210261
Tox21,fedavg_proto,0.5,0,31,200,16,16,0.1,test,server,11,35,636,671,True,0.7166217430368372
Tox21,fedavg_proto,0.5,0,31,200,16,16,0.1,test,client_0,0,33,701,734,True,0.7529935589849996
Tox21,fedavg_proto,0.5,0,31,200,16,16,0.1,test,client_0,1,25,664,689,True,0.8459036144578314
Tox21,fedavg_proto,0.5,0,31,200,16,16,0.1,test,client_0,2,65,590,655,True,0.8617470664928292
Tox21,fedavg_proto,0.5,0,31,200,16,16,0.1,test,client_0,3,40,560,600,True,0.7390178571428572
Tox21,fedavg_proto,0.5,0,31,200,16,16,0.1,test,client_0,4,96,540,636,True,0.7013695987654321
Tox21,fedavg_proto,0.5,0,31,200,16,16,0.1,test,client_0,5,37,651,688,True,0.7766430024494541
Tox21,fedavg_proto,0.5,0,31,200,16,16,0.1,test,client_0,6,17,637,654,True,0.650383230215163
Tox21,fedavg_proto,0.5,0,31,200,16,16,0.1,test,client_0,7,111,482,593,True,0.7274681320324474
Tox21,fedavg_proto,0.5,0,31,200,16,16,0.1,test,client_0,8,24,685,709,True,0.7523722627737226
Tox21,fedavg_proto,0.5,0,31,200,16,16,0.1,test,client_0,9,39,600,639,True,0.7344871794871795
Tox21,fedavg_proto,0.5,0,31,200,16,16,0.1,test,client_0,10,98,502,600,True,0.7990283762907553
Tox21,fedavg_proto,0.5,0,31,200,16,16,0.1,test,client_0,11,35,636,671,True,0.7239442946990117
Tox21,fedavg_proto,0.5,0,31,200,16,16,0.1,test,client_1,0,33,701,734,True,0.7399386158301994
Tox21,fedavg_proto,0.5,0,31,200,16,16,0.1,test,client_1,1,25,664,689,True,0.8300602409638553
Tox21,fedavg_proto,0.5,0,31,200,16,16,0.1,test,client_1,2,65,590,655,True,0.865684485006519
Tox21,fedavg_proto,0.5,0,31,200,16,16,0.1,test,client_1,3,40,560,600,True,0.7323214285714286
Tox21,fedavg_proto,0.5,0,31,200,16,16,0.1,test,client_1,4,96,540,636,True,0.7058063271604937
Tox21,fedavg_proto,0.5,0,31,200,16,16,0.1,test,client_1,5,37,651,688,True,0.7858180761406568
Tox21,fedavg_proto,0.5,0,31,200,16,16,0.1,test,client_1,6,17,637,654,True,0.6300674115800167
Tox21,fedavg_proto,0.5,0,31,200,16,16,0.1,test,client_1,7,111,482,593,True,0.7191133041755449
Tox21,fedavg_proto,0.5,0,31,200,16,16,0.1,test,client_1,8,24,685,709,True,0.752007299270073
Tox21,fedavg_proto,0.5,0,31,200,16,16,0.1,test,client_1,9,39,600,639,True,0.7217094017094017
Tox21,fedavg_proto,0.5,0,31,200,16,16,0.1,test,client_1,10,98,502,600,True,0.7996585088218554
Tox21,fedavg_proto,0.5,0,31,200,16,16,0.1,test,client_1,11,35,636,671,True,0.7161725067385445
Tox21,fedavg_proto,0.5,0,31,200,16,16,0.1,test,client_2,0,33,701,734,True,0.7407167250248563
Tox21,fedavg_proto,0.5,0,31,200,16,16,0.1,test,client_2,1,25,664,689,True,0.8623493975903614
Tox21,fedavg_proto,0.5,0,31,200,16,16,0.1,test,client_2,2,65,590,655,True,0.8625554106910039
Tox21,fedavg_proto,0.5,0,31,200,16,16,0.1,test,client_2,3,40,560,600,True,0.7254464285714286
Tox21,fedavg_proto,0.5,0,31,200,16,16,0.1,test,client_2,4,96,540,636,True,0.6708912037037036
Tox21,fedavg_proto,0.5,0,31,200,16,16,0.1,test,client_2,5,37,651,688,True,0.7197243326275584
Tox21,fedavg_proto,0.5,0,31,200,16,16,0.1,test,client_2,6,17,637,654,True,0.7092991042570874
Tox21,fedavg_proto,0.5,0,31,200,16,16,0.1,test,client_2,7,111,482,593,True,0.7446450599977571
Tox21,fedavg_proto,0.5,0,31,200,16,16,0.1,test,client_2,8,24,685,709,True,0.7251216545012165
Tox21,fedavg_proto,0.5,0,31,200,16,16,0.1,test,client_2,9,39,600,639,True,0.7377350427350428
Tox21,fedavg_proto,0.5,0,31,200,16,16,0.1,test,client_2,10,98,502,600,True,0.794515814293845
Tox21,fedavg_proto,0.5,0,31,200,16,16,0.1,test,client_2,11,35,636,671,True,0.7210691823899371
Tox21,fedavg_proto,0.5,0,31,200,16,16,0.1,test,client_3,0,33,701,734,True,0.7604720529114252
Tox21,fedavg_proto,0.5,0,31,200,16,16,0.1,test,client_3,1,25,664,689,True,0.8225301204819278
Tox21,fedavg_proto,0.5,0,31,200,16,16,0.1,test,client_3,2,65,590,655,True,0.8634680573663623
Tox21,fedavg_proto,0.5,0,31,200,16,16,0.1,test,client_3,3,40,560,600,True,0.7260714285714286
Tox21,fedavg_proto,0.5,0,31,200,16,16,0.1,test,client_3,4,96,540,636,True,0.7004822530864199
Tox21,fedavg_proto,0.5,0,31,200,16,16,0.1,test,client_3,5,37,651,688,True,0.7716195458130942
Tox21,fedavg_proto,0.5,0,31,200,16,16,0.1,test,client_3,6,17,637,654,True,0.6130759996306214
Tox21,fedavg_proto,0.5,0,31,200,16,16,0.1,test,client_3,7,111,482,593,True,0.708309969720758
Tox21,fedavg_proto,0.5,0,31,200,16,16,0.1,test,client_3,8,24,685,709,True,0.7389294403892943
Tox21,fedavg_proto,0.5,0,31,200,16,16,0.1,test,client_3,9,39,600,639,True,0.7091025641025641
Tox21,fedavg_proto,0.5,0,31,200,16,16,0.1,test,client_3,10,98,502,600,True,0.7742499390194325
Tox21,fedavg_proto,0.5,0,31,200,16,16,0.1,test,client_3,11,35,636,671,True,0.7141060197663971
Tox21,fedavg_proto,0.5,0,32,200,16,16,0.1,val,server,0,27,706,733,True,0.7330290630573917
Tox21,fedavg_proto,0.5,0,32,200,16,16,0.1,val,server,1,21,659,680,True,0.8266493243731483
Tox21,fedavg_proto,0.5,0,32,200,16,16,0.1,val,server,2,83,573,656,True,0.856115561723333
Tox21,fedavg_proto,0.5,0,32,200,16,16,0.1,val,server,3,31,553,584,True,0.749664586128449
Tox21,fedavg_proto,0.5,0,32,200,16,16,0.1,val,server,4,83,531,614,True,0.7506182923785538
Tox21,fedavg_proto,0.5,0,32,200,16,16,0.1,val,server,5,49,647,696,True,0.821499542630035
Tox21,fedavg_proto,0.5,0,32,200,16,16,0.1,val,server,6,18,623,641,True,0.6625646513286964
Tox21,fedavg_proto,0.5,0,32,200,16,16,0.1,val,server,7,89,478,567,True,0.7344271543415918
Tox21,fedavg_proto,0.5,0,32,200,16,16,0.1,val,server,8,32,672,704,True,0.8372860863095238
Tox21,fedavg_proto,0.5,0,32,200,16,16,0.1,val,server,9,33,588,621,True,0.7244382601525459
Tox21,fedavg_proto,0.5,0,32,200,16,16,0.1,val,server,10,103,474,577,True,0.8597558477735447
Tox21,fedavg_proto,0.5,0,32,200,16,16,0.1,val,server,11,42,627,669,True,0.7990430622009569
Tox21,fedavg_proto,0.5,0,32,200,16,16,0.1,val,client_0,0,27,706,733,True,0.7201238065260728
Tox21,fedavg_proto,0.5,0,32,200,16,16,0.1,val,client_0,1,21,659,680,True,0.8236144230074428
Tox21,fedavg_proto,0.5,0,32,200,16,16,0.1,val,client_0,2,83,573,656,True,0.8602367585525347
Tox21,fedavg_proto,0.5,0,32,200,16,16,0.1,val,client_0,3,31,553,584,True,0.7443562970308581
Tox21,fedavg_proto,0.5,0,32,200,16,16,0.1,val,client_0,4,83,531,614,True,0.7387743062646064
Tox21,fedavg_proto,0.5,0,32,200,16,16,0.1,val,client_0,5,49,647,696,True,0.8134561397974955
Tox21,fedavg_proto,0.5,0,32,200,16,16,0.1,val,client_0,6,18,623,641,True,0.6364365971107544
Tox21,fedavg_proto,0.5,0,32,200,16,16,0.1,val,client_0,7,89,478,567,True,0.7318414743077429
Tox21,fedavg_proto,0.5,0,32,200,16,16,0.1,val,client_0,8,32,672,704,True,0.8287760416666667
Tox21,fedavg_proto,0.5,0,32,200,16,16,0.1,val,client_0,9,33,588,621,True,0.7309833024118738
Tox21,fedavg_proto,0.5,0,32,200,16,16,0.1,val,client_0,10,103,474,577,True,0.8537749375281636
Tox21,fedavg_proto,0.5,0,32,200,16,16,0.1,val,client_0,11,42,627,669,True,0.7914483177641073
Tox21,fedavg_proto,0.5,0,32,200,16,16,0.1,val,client_1,0,27,706,733,True,0.7369635924876717
Tox21,fedavg_proto,0.5,0,32,200,16,16,0.1,val,client_1,1,21,659,680,True,0.8117638557699255
Tox21,fedavg_proto,0.5,0,32,200,16,16,0.1,val,client_1,2,83,573,656,True,0.8612880842742697
Tox21,fedavg_proto,0.5,0,32,200,16,16,0.1,val,client_1,3,31,553,584,True,0.7655311205739953
Tox21,fedavg_proto,0.5,0,32,200,16,16,0.1,val,client_1,4,83,531,614,True,0.7474871236357862
Tox21,fedavg_proto,0.5,0,32,200,16,16,0.1,val,client_1,5,49,647,696,True,0.8212156578241806
Tox21,fedavg_proto,0.5,0,32,200,16,16,0.1,val,client_1,6,18,623,641,True,0.6312644908150526
Tox21,fedavg_proto,0.5,0,32,200,16,16,0.1,val,client_1,7,89,478,567,True,0.7237318414743077
Tox21,fedavg_proto,0.5,0,32,200,16,16,0.1,val,client_1,8,32,672,704,True,0.816034226190476
Tox21,fedavg_proto,0.5,0,32,200,16,16,0.1,val,client_1,9,33,588,621,True,0.7296949082663368
Tox21,fedavg_proto,0.5,0,32,200,16,16,0.1,val,client_1,10,103,474,577,True,0.8576461431321946
Tox21,fedavg_proto,0.5,0,32,200,16,16,0.1,val,client_1,11,42,627,669,True,0.777663856611225
Tox21,fedavg_proto,0.5,0,32,200,16,16,0.1,val,client_2,0,27,706,733,True,0.7341307312978701
Tox21,fedavg_proto,0.5,0,32,200,16,16,0.1,val,client_2,1,21,659,680,True,0.8327913866608859
Tox21,fedavg_proto,0.5,0,32,200,16,16,0.1,val,client_2,2,83,573,656,True,0.8446140583275511
Tox21,fedavg_proto,0.5,0,32,200,16,16,0.1,val,client_2,3,31,553,584,True,0.7196815026541445
Tox21,fedavg_proto,0.5,0,32,200,16,16,0.1,val,client_2,4,83,531,614,True,0.7587184897783223
Tox21,fedavg_proto,0.5,0,32,200,16,16,0.1,val,client_2,5,49,647,696,True,0.8138661956281741
Tox21,fedavg_proto,0.5,0,32,200,16,16,0.1,val,client_2,6,18,623,641,True,0.66354556803995
Tox21,fedavg_proto,0.5,0,32,200,16,16,0.1,val,client_2,7,89,478,567,True,0.7188190494099949
Tox21,fedavg_proto,0.5,0,32,200,16,16,0.1,val,client_2,8,32,672,704,True,0.8550967261904762
Tox21,fedavg_proto,0.5,0,32,200,16,16,0.1,val,client_2,9,33,588,621,True,0.7040300968872397
Tox21,fedavg_proto,0.5,0,32,200,16,16,0.1,val,client_2,10,103,474,577,True,0.8456228749334317
Tox21,fedavg_proto,0.5,0,32,200,16,16,0.1,val,client_2,11,42,627,669,True,0.809295967190704
Tox21,fedavg_proto,0.5,0,32,200,16,16,0.1,val,client_3,0,27,706,733,True,0.7438359038925612
Tox21,fedavg_proto,0.5,0,32,200,16,16,0.1,val,client_3,1,21,659,680,True,0.8293229279572224
Tox21,fedavg_proto,0.5,0,32,200,16,16,0.1,val,client_3,2,83,573,656,True,0.8403036228684371
Tox21,fedavg_proto,0.5,0,32,200,16,16,0.1,val,client_3,3,31,553,584,True,0.7422563145307122
Tox21,fedavg_proto,0.5,0,32,200,16,16,0.1,val,client_3,4,83,531,614,True,0.7495745694642979
Tox21,fedavg_proto,0.5,0,32,200,16,16,0.1,val,client_3,5,49,647,696,True,0.8239283348578998
Tox21,fedavg_proto,0.5,0,32,200,16,16,0.1,val,client_3,6,18,623,641,True,0.6972534332084894
Tox21,fedavg_proto,0.5,0,32,200,16,16,0.1,val,client_3,7,89,478,567,True,0.7281745098961027
Tox21,fedavg_proto,0.5,0,32,200,16,16,0.1,val,client_3,8,32,672,704,True,0.8155226934523809
Tox21,fedavg_proto,0.5,0,32,200,16,16,0.1,val,client_3,9,33,588,621,True,0.7122758194186765
Tox21,fedavg_proto,0.5,0,32,200,16,16,0.1,val,client_3,10,103,474,577,True,0.8476301667281143
Tox21,fedavg_proto,0.5,0,32,200,16,16,0.1,val,client_3,11,42,627,669,True,0.7982456140350878
Tox21,fedavg_proto,0.5,0,32,200,16,16,0.1,test,server,0,33,701,734,True,0.753858124756841
Tox21,fedavg_proto,0.5,0,32,200,16,16,0.1,test,server,1,25,664,689,True,0.8459036144578314
Tox21,fedavg_proto,0.5,0,32,200,16,16,0.1,test,server,2,65,590,655,True,0.8679269882659713
Tox21,fedavg_proto,0.5,0,32,200,16,16,0.1,test,server,3,40,560,600,True,0.7420982142857143
Tox21,fedavg_proto,0.5,0,32,200,16,16,0.1,test,server,4,96,540,636,True,0.6962384259259259
Tox21,fedavg_proto,0.5,0,32,200,16,16,0.1,test,server,5,37,651,688,True,0.7741105160459998
Tox21,fedavg_proto,0.5,0,32,200,16,16,0.1,test,server,6,17,637,654,True,0.6519530889278787
Tox21,fedavg_proto,0.5,0,32,200,16,16,0.1,test,server,7,111,482,593,True,0.7328324174797205
Tox21,fedavg_proto,0.5,0,32,200,16,16,0.1,test,server,8,24,685,709,True,0.752250608272506
Tox21,fedavg_proto,0.5,0,32,200,16,16,0.1,test,server,9,39,600,639,True,0.7231196581196581
Tox21,fedavg_proto,0.5,0,32,200,16,16,0.1,test,server,10,98,502,600,True,0.798194975201236
Tox21,fedavg_proto,0.5,0,32,200,16,16,0.1,test,server,11,35,636,671,True,0.7149595687331536
Tox21,fedavg_proto,0.5,0,32,200,16,16,0.1,test,client_0,0,33,701,734,True,0.7530800155621838
Tox21,fedavg_proto,0.5,0,32,200,16,16,0.1,test,client_0,1,25,664,689,True,0.8471686746987952
Tox21,fedavg_proto,0.5,0,32,200,16,16,0.1,test,client_0,2,65,590,655,True,0.861929595827901
Tox21,fedavg_proto,0.5,0,32,200,16,16,0.1,test,client_0,3,40,560,600,True,0.7422767857142857
Tox21,fedavg_proto,0.5,0,32,200,16,16,0.1,test,client_0,4,96,540,636,True,0.6976273148148149
Tox21,fedavg_proto,0.5,0,32,200,16,16,0.1,test,client_0,5,37,651,688,True,0.7806285548221032
Tox21,fedavg_proto,0.5,0,32,200,16,16,0.1,test,client_0,6,17,637,654,True,0.6497368178040447
Tox21,fedavg_proto,0.5,0,32,200,16,16,0.1,test,client_0,7,111,482,593,True,0.7265148966393778
Tox21,fedavg_proto,0.5,0,32,200,16,16,0.1,test,client_0,8,24,685,709,True,0.7477493917274939
Tox21,fedavg_proto,0.5,0,32,200,16,16,0.1,test,client_0,9,39,600,639,True,0.7257264957264957
Tox21,fedavg_proto,0.5,0,32,200,16,16,0.1,test,client_0,10,98,502,600,True,0.8019351166761525
Tox21,fedavg_proto,0.5,0,32,200,16,16,0.1,test,client_0,11,35,636,671,True,0.7132075471698114
Tox21,fedavg_proto,0.5,0,32,200,16,16,0.1,test,client_1,0,33,701,734,True,0.7346215363333766
Tox21,fedavg_proto,0.5,0,32,200,16,16,0.1,test,client_1,1,25,664,689,True,0.8312650602409639
Tox21,fedavg_proto,0.5,0,32,200,16,16,0.1,test,client_1,2,65,590,655,True,0.8652151238591916
Tox21,fedavg_proto,0.5,0,32,200,16,16,0.1,test,client_1,3,40,560,600,True,0.7373214285714287
Tox21,fedavg_proto,0.5,0,32,200,16,16,0.1,test,client_1,4,96,540,636,True,0.7007908950617284
Tox21,fedavg_proto,0.5,0,32,200,16,16,0.1,test,client_1,5,37,651,688,True,0.7868144642338192
Tox21,fedavg_proto,0.5,0,32,200,16,16,0.1,test,client_1,6,17,637,654,True,0.6297903776895374
Tox21,fedavg_proto,0.5,0,32,200,16,16,0.1,test,client_1,7,111,482,593,True,0.7195245037568688
Tox21,fedavg_proto,0.5,0,32,200,16,16,0.1,test,client_1,8,24,685,709,True,0.7523114355231143
Tox21,fedavg_proto,0.5,0,32,200,16,16,0.1,test,client_1,9,39,600,639,True,0.7188461538461538
Tox21,fedavg_proto,0.5,0,32,200,16,16,0.1,test,client_1,10,98,502,600,True,0.8010813887307912
Tox21,fedavg_proto,0.5,0,32,200,16,16,0.1,test,client_1,11,35,636,671,True,0.7138814016172507
Tox21,fedavg_proto,0.5,0,32,200,16,16,0.1,test,client_2,0,33,701,734,True,0.7442182164008126
Tox21,fedavg_proto,0.5,0,32,200,16,16,0.1,test,client_2,1,25,664,689,True,0.8551204819277108
Tox21,fedavg_proto,0.5,0,32,200,16,16,0.1,test,client_2,2,65,590,655,True,0.8653194263363755
Tox21,fedavg_proto,0.5,0,32,200,16,16,0.1,test,client_2,3,40,560,600,True,0.7211607142857143
Tox21,fedavg_proto,0.5,0,32,200,16,16,0.1,test,client_2,4,96,540,636,True,0.6632523148148148
Tox21,fedavg_proto,0.5,0,32,200,16,16,0.1,test,client_2,5,37,651,688,True,0.7175239755884917
Tox21,fedavg_proto,0.5,0,32,200,16,16,0.1,test,client_2,6,17,637,654,True,0.6977560254871179
Tox21,fedavg_proto,0.5,0,32,200,16,16,0.1,test,client_2,7,111,482,593,True,0.7445142237673357
Tox21,fedavg_proto,0.5,0,32,200,16,16,0.1,test,client_2,8,24,685,709,True,0.7245742092457421
Tox21,fedavg_proto,0.5,0,32,200,16,16,0.1,test,client_2,9,39,600,639,True,0.7267948717948718
Tox21,fedavg_proto,0.5,0,32,200,16,16,0.1,test,client_2,10,98,502,600,True,0.7840474835352468
Tox21,fedavg_proto,0.5,0,32,200,16,16,0.1,test,client_2,11,35,636,671,True,0.7156783468104222
Tox21,fedavg_proto,0.5,0,32,200,16,16,0.1,test,client_3,0,33,701,734,True,0.7569705615354689
Tox21,fedavg_proto,0.5,0,32,200,16,16,0.1,test,client_3,1,25,664,689,True,0.828734939759036
Tox21,fedavg_proto,0.5,0,32,200,16,16,0.1,test,client_3,2,65,590,655,True,0.8586962190352021
Tox21,fedavg_proto,0.5,0,32,200,16,16,0.1,test,client_3,3,40,560,600,True,0.7276785714285715
Tox21,fedavg_proto,0.5,0,32,200,16,16,0.1,test,client_3,4,96,540,636,True,0.6995370370370371
Tox21,fedavg_proto,0.5,0,32,200,16,16,0.1,test,client_3,5,37,651,688,True,0.7803379416282642
Tox21,fedavg_proto,0.5,0,32,200,16,16,0.1,test,client_3,6,17,637,654,True,0.6133530335211006
Tox21,fedavg_proto,0.5,0,32,200,16,16,0.1,test,client_3,7,111,482,593,True,0.7148517812418228
Tox21,fedavg_proto,0.5,0,32,200,16,16,0.1,test,client_3,8,24,685,709,True,0.7389902676399027
Tox21,fedavg_proto,0.5,0,32,200,16,16,0.1,test,client_3,9,39,600,639,True,0.7212820512820513
Tox21,fedavg_proto,0.5,0,32,200,16,16,0.1,test,client_3,10,98,502,600,True,0.782990487031466
Tox21,fedavg_proto,0.5,0,32,200,16,16,0.1,test,client_3,11,35,636,671,True,0.7255166217430369
Tox21,fedavg_proto,0.5,0,33,200,16,16,0.1,val,server,0,27,706,733,True,0.7326093799181618
Tox21,fedavg_proto,0.5,0,33,200,16,16,0.1,val,server,1,21,659,680,True,0.8254931714719271
Tox21,fedavg_proto,0.5,0,33,200,16,16,0.1,val,server,2,83,573,656,True,0.8562837738388108
Tox21,fedavg_proto,0.5,0,33,200,16,16,0.1,val,server,3,31,553,584,True,0.7540395496704194
Tox21,fedavg_proto,0.5,0,33,200,16,16,0.1,val,server,4,83,531,614,True,0.7508451886642615
Tox21,fedavg_proto,0.5,0,33,200,16,16,0.1,val,server,5,49,647,696,True,0.8207740592372961
Tox21,fedavg_proto,0.5,0,33,200,16,16,0.1,val,server,6,18,623,641,True,0.6626538255751739
Tox21,fedavg_proto,0.5,0,33,200,16,16,0.1,val,server,7,89,478,567,True,0.7377415260213435
Tox21,fedavg_proto,0.5,0,33,200,16,16,0.1,val,server,8,32,672,704,True,0.8310546875
Tox21,fedavg_proto,0.5,0,33,200,16,16,0.1,val,server,9,33,588,621,True,0.7267573696145124
Tox21,fedavg_proto,0.5,0,33,200,16,16,0.1,val,server,10,103,474,577,True,0.8623571340788989
Tox21,fedavg_proto,0.5,0,33,200,16,16,0.1,val,server,11,42,627,669,True,0.7996886154780892
Tox21,fedavg_proto,0.5,0,33,200,16,16,0.1,val,client_0,0,27,706,733,True,0.7258944496904837
Tox21,fedavg_proto,0.5,0,33,200,16,16,0.1,val,client_0,1,21,659,680,True,0.8340920586747597
Tox21,fedavg_proto,0.5,0,33,200,16,16,0.1,val,client_0,2,83,573,656,True,0.8545175466262958
Tox21,fedavg_proto,0.5,0,33,200,16,16,0.1,val,client_0,3,31,553,584,True,0.7435396371696902
Tox21,fedavg_proto,0.5,0,33,200,16,16,0.1,val,client_0,4,83,531,614,True,0.7423592675787898
Tox21,fedavg_proto,0.5,0,33,200,16,16,0.1,val,client_0,5,49,647,696,True,0.813046083966817
Tox21,fedavg_proto,0.5,0,33,200,16,16,0.1,val,client_0,6,18,623,641,True,0.653290529695024
Tox21,fedavg_proto,0.5,0,33,200,16,16,0.1,val,client_0,7,89,478,567,True,0.7385877485778759
Tox21,fedavg_proto,0.5,0,33,200,16,16,0.1,val,client_0,8,32,672,704,True,0.8313802083333333
Tox21,fedavg_proto,0.5,0,33,200,16,16,0.1,val,client_0,9,33,588,621,True,0.7355184498041641
Tox21,fedavg_proto,0.5,0,33,200,16,16,0.1,val,client_0,10,103,474,577,True,0.8595919872188769
Tox21,fedavg_proto,0.5,0,33,200,16,16,0.1,val,client_0,11,42,627,669,True,0.7999164578111946
Tox21,fedavg_proto,0.5,0,33,200,16,16,0.1,val,client_1,0,27,706,733,True,0.7423145525128528
Tox21,fedavg_proto,0.5,0,33,200,16,16,0.1,val,client_1,1,21,659,680,True,0.8075728015029988
Tox21,fedavg_proto,0.5,0,33,200,16,16,0.1,val,client_1,2,83,573,656,True,0.862696860741395
Tox21,fedavg_proto,0.5,0,33,200,16,16,0.1,val,client_1,3,31,553,584,True,0.7680394330047249
Tox21,fedavg_proto,0.5,0,33,200,16,16,0.1,val,client_1,4,83,531,614,True,0.7451954711501372
Tox21,fedavg_proto,0.5,0,33,200,16,16,0.1,val,client_1,5,49,647,696,True,0.819796233794909
Tox21,fedavg_proto,0.5,0,33,200,16,16,0.1,val,client_1,6,18,623,641,True,0.6329588014981272
Tox21,fedavg_proto,0.5,0,33,200,16,16,0.1,val,client_1,7,89,478,567,True,0.729044238634761
Tox21,fedavg_proto,0.5,0,33,200,16,16,0.1,val,client_1,8,32,672,704,True,0.7974795386904762
Tox21,fedavg_proto,0.5,0,33,200,16,16,0.1,val,client_1,9,33,588,621,True,0.7200061842918987
Tox21,fedavg_proto,0.5,0,33,200,16,16,0.1,val,client_1,10,103,474,577,True,0.8574822825775266
Tox21,fedavg_proto,0.5,0,33,200,16,16,0.1,val,client_1,11,42,627,669,True,0.7751955646692489
Tox21,fedavg_proto,0.5,0,33,200,16,16,0.1,val,client_2,0,27,706,733,True,0.7413178050571819
Tox21,fedavg_proto,0.5,0,33,200,16,16,0.1,val,client_2,1,21,659,680,True,0.8306958595274225
Tox21,fedavg_proto,0.5,0,33,200,16,16,0.1,val,client_2,2,83,573,656,True,0.8377173615929687
Tox21,fedavg_proto,0.5,0,33,200,16,16,0.1,val,client_2,3,31,553,584,True,0.7279647669602753
Tox21,fedavg_proto,0.5,0,33,200,16,16,0.1,val,client_2,4,83,531,614,True,0.749143466521453
Tox21,fedavg_proto,0.5,0,33,200,16,16,0.1,val,client_2,5,49,647,696,True,0.8073683878497302
Tox21,fedavg_proto,0.5,0,33,200,16,16,0.1,val,client_2,6,18,623,641,True,0.6602461209202783
Tox21,fedavg_proto,0.5,0,33,200,16,16,0.1,val,client_2,7,89,478,567,True,0.723214705467538
Tox21,fedavg_proto,0.5,0,33,200,16,16,0.1,val,client_2,8,32,672,704,True,0.8586774553571429
Tox21,fedavg_proto,0.5,0,33,200,16,16,0.1,val,client_2,9,33,588,621,True,0.7077406720263864
Tox21,fedavg_proto,0.5,0,33,200,16,16,0.1,val,client_2,10,103,474,577,True,0.8512760640694769
Tox21,fedavg_proto,0.5,0,33,200,16,16,0.1,val,client_2,11,42,627,669,True,0.8125996810207337
Tox21,fedavg_proto,0.5,0,33,200,16,16,0.1,val,client_3,0,27,706,733,True,0.7393767705382436
Tox21,fedavg_proto,0.5,0,33,200,16,16,0.1,val,client_3,1,21,659,680,True,0.829467447069875
Tox21,fedavg_proto,0.5,0,33,200,16,16,0.1,val,client_3,2,83,573,656,True,0.8468638953720641
Tox21,fedavg_proto,0.5,0,33,200,16,16,0.1,val,client_3,3,31,553,584,True,0.7483229306422446
Tox21,fedavg_proto,0.5,0,33,200,16,16,0.1,val,client_3,4,83,531,614,True,0.7571302157783677
Tox21,fedavg_proto,0.5,0,33,200,16,16,0.1,val,client_3,5,49,647,696,True,0.8248746175440809
Tox21,fedavg_proto,0.5,0,33,200,16,16,0.1,val,client_3,6,18,623,641,True,0.6981451756732656
Tox21,fedavg_proto,0.5,0,33,200,16,16,0.1,val,client_3,7,89,478,567,True,0.729514362277279
Tox21,fedavg_proto,0.5,0,33,200,16,16,0.1,val,client_3,8,32,672,704,True,0.8127325148809523
Tox21,fedavg_proto,0.5,0,33,200,16,16,0.1,val,client_3,9,33,588,621,True,0.7092867450010307
Tox21,fedavg_proto,0.5,0,33,200,16,16,0.1,val,client_3,10,103,474,577,True,0.8457457703494327
Tox21,fedavg_proto,0.5,0,33,200,16,16,0.1,val,client_3,11,42,627,669,True,0.7996886154780892
Tox21,fedavg_proto,0.5,0,33,200,16,16,0.1,test,server,0,33,701,734,True,0.7529935589849998
Tox21,fedavg_proto,0.5,0,33,200,16,16,0.1,test,server,1,25,664,689,True,0.8470481927710843
Tox21,fedavg_proto,0.5,0,33,200,16,16,0.1,test,server,2,65,590,655,True,0.8659973924380703
Tox21,fedavg_proto,0.5,0,33,200,16,16,0.1,test,server,3,40,560,600,True,0.7474999999999999
Tox21,fedavg_proto,0.5,0,33,200,16,16,0.1,test,server,4,96,540,636,True,0.7010802469135802
Tox21,fedavg_proto,0.5,0,33,200,16,16,0.1,test,server,5,37,651,688,True,0.7795906505583925
Tox21,fedavg_proto,0.5,0,33,200,16,16,0.1,test,server,6,17,637,654,True,0.65906362545018
Tox21,fedavg_proto,0.5,0,33,200,16,16,0.1,test,server,7,111,482,593,True,0.7356547418788083
Tox21,fedavg_proto,0.5,0,33,200,16,16,0.1,test,server,8,24,685,709,True,0.7582116788321167
Tox21,fedavg_proto,0.5,0,33,200,16,16,0.1,test,server,9,39,600,639,True,0.7288461538461538
Tox21,fedavg_proto,0.5,0,33,200,16,16,0.1,test,server,10,98,502,600,True,0.8016098869826815
Tox21,fedavg_proto,0.5,0,33,200,16,16,0.1,test,server,11,35,636,671,True,0.7214061096136567
Tox21,fedavg_proto,0.5,0,33,200,16,16,0.1,test,client_0,0,33,701,734,True,0.7521722215017508
Tox21,fedavg_proto,0.5,0,33,200,16,16,0.1,test,client_0,1,25,664,689,True,0.8497590361445784
Tox21,fedavg_proto,0.5,0,33,200,16,16,0.1,test,client_0,2,65,590,655,True,0.8617209908735333
Tox21,fedavg_proto,0.5,0,33,200,16,16,0.1,test,client_0,3,40,560,600,True,0.744732142857143
Tox21,fedavg_proto,0.5,0,33,200,16,16,0.1,test,client_0,4,96,540,636,True,0.7030478395061728
Tox21,fedavg_proto,0.5,0,33,200,16,16,0.1,test,client_0,5,37,651,688,True,0.7781791007597458
Tox21,fedavg_proto,0.5,0,33,200,16,16,0.1,test,client_0,6,17,637,654,True,0.6684827777264752
Tox21,fedavg_proto,0.5,0,33,200,16,16,0.1,test,client_0,7,111,482,593,True,0.7320660909872527
Tox21,fedavg_proto,0.5,0,33,200,16,16,0.1,test,client_0,8,24,685,709,True,0.7552311435523114
Tox21,fedavg_proto,0.5,0,33,200,16,16,0.1,test,client_0,9,39,600,639,True,0.7331623931623932
Tox21,fedavg_proto,0.5,0,33,200,16,16,0.1,test,client_0,10,98,502,600,True,0.805085779331653
Tox21,fedavg_proto,0.5,0,33,200,16,16,0.1,test,client_0,11,35,636,671,True,0.7188230008984726
Tox21,fedavg_proto,0.5,0,33,200,16,16,0.1,test,client_1,0,33,701,734,True,0.7382527125751092
Tox21,fedavg_proto,0.5,0,33,200,16,16,0.1,test,client_1,1,25,664,689,True,0.8346385542168675
Tox21,fedavg_proto,0.5,0,33,200,16,16,0.1,test,client_1,2,65,590,655,True,0.8584093872229466
Tox21,fedavg_proto,0.5,0,33,200,16,16,0.1,test,client_1,3,40,560,600,True,0.7378125
Tox21,fedavg_proto,0.5,0,33,200,16,16,0.1,test,client_1,4,96,540,636,True,0.7073302469135803
Tox21,fedavg_proto,0.5,0,33,200,16,16,0.1,test,client_1,5,37,651,688,True,0.7846556233653007
Tox21,fedavg_proto,0.5,0,33,200,16,16,0.1,test,client_1,6,17,637,654,True,0.6440114507341398
Tox21,fedavg_proto,0.5,0,33,200,16,16,0.1,test,client_1,7,111,482,593,True,0.726533587529438
Tox21,fedavg_proto,0.5,0,33,200,16,16,0.1,test,client_1,8,24,685,709,True,0.7614963503649635
Tox21,fedavg_proto,0.5,0,33,200,16,16,0.1,test,client_1,9,39,600,639,True,0.7351282051282051
Tox21,fedavg_proto,0.5,0,33,200,16,16,0.1,test,client_1,10,98,502,600,True,0.8012846572892105
Tox21,fedavg_proto,0.5,0,33,200,16,16,0.1,test,client_1,11,35,636,671,True,0.7244833782569632
Tox21,fedavg_proto,0.5,0,33,200,16,16,0.1,test,client_2,0,33,701,734,True,0.7506592314010287
Tox21,fedavg_proto,0.5,0,33,200,16,16,0.1,test,client_2,1,25,664,689,True,0.8539759036144579
Tox21,fedavg_proto,0.5,0,33,200,16,16,0.1,test,client_2,2,65,590,655,True,0.8650847457627119
Tox21,fedavg_proto,0.5,0,33,200,16,16,0.1,test,client_2,3,40,560,600,True,0.74
Tox21,fedavg_proto,0.5,0,33,200,16,16,0.1,test,client_2,4,96,540,636,True,0.6644868827160494
Tox21,fedavg_proto,0.5,0,33,200,16,16,0.1,test,client_2,5,37,651,688,True,0.7181467181467182
Tox21,fedavg_proto,0.5,0,33,200,16,16,0.1,test,client_2,6,17,637,654,True,0.7204728045064179
Tox21,fedavg_proto,0.5,0,33,200,16,16,0.1,test,client_2,7,111,482,593,True,0.7475234570670256
Tox21,fedavg_proto,0.5,0,33,200,16,16,0.1,test,client_2,8,24,685,709,True,0.7293187347931873
Tox21,fedavg_proto,0.5,0,33,200,16,16,0.1,test,client_2,9,39,600,639,True,0.7342735042735042
Tox21,fedavg_proto,0.5,0,33,200,16,16,0.1,test,client_2,10,98,502,600,True,0.7837832344093016
Tox21,fedavg_proto,0.5,0,33,200,16,16,0.1,test,client_2,11,35,636,671,True,0.7199011680143755
Tox21,fedavg_proto,0.5,0,33,200,16,16,0.1,test,client_3,0,33,701,734,True,0.7557601694548913
Tox21,fedavg_proto,0.5,0,33,200,16,16,0.1,test,client_3,1,25,664,689,True,0.8296385542168674
Tox21,fedavg_proto,0.5,0,33,200,16,16,0.1,test,client_3,2,65,590,655,True,0.8581747066492831
Tox21,fedavg_proto,0.5,0,33,200,16,16,0.1,test,client_3,3,40,560,600,True,0.7327232142857143
Tox21,fedavg_proto,0.5,0,33,200,16,16,0.1,test,client_3,4,96,540,636,True,0.7002025462962964
Tox21,fedavg_proto,0.5,0,33,200,16,16,0.1,test,client_3,5,37,651,688,True,0.783700751442687
Tox21,fedavg_proto,0.5,0,33,200,16,16,0.1,test,client_3,6,17,637,654,True,0.6113214516575862
Tox21,fedavg_proto,0.5,0,33,200,16,16,0.1,test,client_3,7,111,482,593,True,0.7115248028111099
Tox21,fedavg_proto,0.5,0,33,200,16,16,0.1,test,client_3,8,24,685,709,True,0.7394160583941606
Tox21,fedavg_proto,0.5,0,33,200,16,16,0.1,test,client_3,9,39,600,639,True,0.7185897435897436
Tox21,fedavg_proto,0.5,0,33,200,16,16,0.1,test,client_3,10,98,502,600,True,0.7849621920481339
Tox21,fedavg_proto,0.5,0,33,200,16,16,0.1,test,client_3,11,35,636,671,True,0.7225067385444744
Tox21,fedavg_proto,0.5,0,34,200,16,16,0.1,val,server,0,27,706,733,True,0.735127478753541
Tox21,fedavg_proto,0.5,0,34,200,16,16,0.1,val,server,1,21,659,680,True,0.8251318736902955
Tox21,fedavg_proto,0.5,0,34,200,16,16,0.1,val,server,2,83,573,656,True,0.8539288042221241
Tox21,fedavg_proto,0.5,0,34,200,16,16,0.1,val,server,3,31,553,584,True,0.7552062066149449
Tox21,fedavg_proto,0.5,0,34,200,16,16,0.1,val,server,4,83,531,614,True,0.7525469108070701
Tox21,fedavg_proto,0.5,0,34,200,16,16,0.1,val,server,5,49,647,696,True,0.8233605652461913
Tox21,fedavg_proto,0.5,0,34,200,16,16,0.1,val,server,6,18,623,641,True,0.661227037631532
Tox21,fedavg_proto,0.5,0,34,200,16,16,0.1,val,server,7,89,478,567,True,0.7383526867566169
Tox21,fedavg_proto,0.5,0,34,200,16,16,0.1,val,server,8,32,672,704,True,0.8307756696428571
Tox21,fedavg_proto,0.5,0,34,200,16,16,0.1,val,server,9,33,588,621,True,0.7271181199752628
Tox21,fedavg_proto,0.5,0,34,200,16,16,0.1,val,server,10,103,474,577,True,0.8638113965015771
Tox21,fedavg_proto,0.5,0,34,200,16,16,0.1,val,server,11,42,627,669,True,0.7998784840890104
Tox21,fedavg_proto,0.5,0,34,200,16,16,0.1,val,client_0,0,27,706,733,True,0.7316126324624909
Tox21,fedavg_proto,0.5,0,34,200,16,16,0.1,val,client_0,1,21,659,680,True,0.8390057085049497
Tox21,fedavg_proto,0.5,0,34,200,16,16,0.1,val,client_0,2,83,573,656,True,0.8604680502113164
Tox21,fedavg_proto,0.5,0,34,200,16,16,0.1,val,client_0,3,31,553,584,True,0.7582978475179374
Tox21,fedavg_proto,0.5,0,34,200,16,16,0.1,val,client_0,4,83,531,614,True,0.7433576112359042
Tox21,fedavg_proto,0.5,0,34,200,16,16,0.1,val,client_0,5,49,647,696,True,0.8191338359145823
Tox21,fedavg_proto,0.5,0,34,200,16,16,0.1,val,client_0,6,18,623,641,True,0.6588193329766363
Tox21,fedavg_proto,0.5,0,34,200,16,16,0.1,val,client_0,7,89,478,567,True,0.7398218231394856
Tox21,fedavg_proto,0.5,0,34,200,16,16,0.1,val,client_0,8,32,672,704,True,0.8289620535714286
Tox21,fedavg_proto,0.5,0,34,200,16,16,0.1,val,client_0,9,33,588,621,True,0.7357761286332715
Tox21,fedavg_proto,0.5,0,34,200,16,16,0.1,val,client_0,10,103,474,577,True,0.8567244275121871
Tox21,fedavg_proto,0.5,0,34,200,16,16,0.1,val,client_0,11,42,627,669,True,0.803485987696514
Tox21,fedavg_proto,0.5,0,34,200,16,16,0.1,val,client_1,0,27,706,733,True,0.7516525023607177
Tox21,fedavg_proto,0.5,0,34,200,16,16,0.1,val,client_1,1,21,659,680,True,0.8090902521858515
Tox21,fedavg_proto,0.5,0,34,200,16,16,0.1,val,client_1,2,83,573,656,True,0.848924493786665
Tox21,fedavg_proto,0.5,0,34,200,16,16,0.1,val,client_1,3,31,553,584,True,0.7620894825876451
Tox21,fedavg_proto,0.5,0,34,200,16,16,0.1,val,client_1,4,83,531,614,True,0.7445601615501557
Tox21,fedavg_proto,0.5,0,34,200,16,16,0.1,val,client_1,5,49,647,696,True,0.8252531306185534
Tox21,fedavg_proto,0.5,0,34,200,16,16,0.1,val,client_1,6,18,623,641,True,0.6359015516318887
Tox21,fedavg_proto,0.5,0,34,200,16,16,0.1,val,client_1,7,89,478,567,True,0.7222039396361244
Tox21,fedavg_proto,0.5,0,34,200,16,16,0.1,val,client_1,8,32,672,704,True,0.8001302083333333
Tox21,fedavg_proto,0.5,0,34,200,16,16,0.1,val,client_1,9,33,588,621,True,0.7213461142032571
Tox21,fedavg_proto,0.5,0,34,200,16,16,0.1,val,client_1,10,103,474,577,True,0.8606365982548851
Tox21,fedavg_proto,0.5,0,34,200,16,16,0.1,val,client_1,11,42,627,669,True,0.7744740639477481
Tox21,fedavg_proto,0.5,0,34,200,16,16,0.1,val,client_2,0,27,706,733,True,0.7341831916902739
Tox21,fedavg_proto,0.5,0,34,200,16,16,0.1,val,client_2,1,21,659,680,True,0.8320687910976227
Tox21,fedavg_proto,0.5,0,34,200,16,16,0.1,val,client_2,2,83,573,656,True,0.844550978784247
Tox21,fedavg_proto,0.5,0,34,200,16,16,0.1,val,client_2,3,31,553,584,True,0.7326313947383772
Tox21,fedavg_proto,0.5,0,34,200,16,16,0.1,val,client_2,4,83,531,614,True,0.7589226964354594
Tox21,fedavg_proto,0.5,0,34,200,16,16,0.1,val,client_2,5,49,647,696,True,0.8157272182443301
Tox21,fedavg_proto,0.5,0,34,200,16,16,0.1,val,client_2,6,18,623,641,True,0.6624754770822188
Tox21,fedavg_proto,0.5,0,34,200,16,16,0.1,val,client_2,7,89,478,567,True,0.7238963847491889
Tox21,fedavg_proto,0.5,0,34,200,16,16,0.1,val,client_2,8,32,672,704,True,0.8513299851190477
Tox21,fedavg_proto,0.5,0,34,200,16,16,0.1,val,client_2,9,33,588,621,True,0.7090290661719234
Tox21,fedavg_proto,0.5,0,34,200,16,16,0.1,val,client_2,10,103,474,577,True,0.8541436237761665
Tox21,fedavg_proto,0.5,0,34,200,16,16,0.1,val,client_2,11,42,627,669,True,0.8081947292473609
Tox21,fedavg_proto,0.5,0,34,200,16,16,0.1,val,client_3,0,27,706,733,True,0.7410555030951631
Tox21,fedavg_proto,0.5,0,34,200,16,16,0.1,val,client_3,1,21,659,680,True,0.8285280728376327
Tox21,fedavg_proto,0.5,0,34,200,16,16,0.1,val,client_3,2,83,573,656,True,0.8354885510628903
Tox21,fedavg_proto,0.5,0,34,200,16,16,0.1,val,client_3,3,31,553,584,True,0.7470396080032666
Tox21,fedavg_proto,0.5,0,34,200,16,16,0.1,val,client_3,4,83,531,614,True,0.7529780137499148
Tox21,fedavg_proto,0.5,0,34,200,16,16,0.1,val,client_3,5,49,647,696,True,0.8260101567674983
Tox21,fedavg_proto,0.5,0,34,200,16,16,0.1,val,client_3,6,18,623,641,True,0.6997503121098627
Tox21,fedavg_proto,0.5,0,34,200,16,16,0.1,val,client_3,7,89,478,567,True,0.732076536129002
Tox21,fedavg_proto,0.5,0,34,200,16,16,0.1,val,client_3,8,32,672,704,True,0.8210100446428572
Tox21,fedavg_proto,0.5,0,34,200,16,16,0.1,val,client_3,9,33,588,621,True,0.7148526077097505
Tox21,fedavg_proto,0.5,0,34,200,16,16,0.1,val,client_3,10,103,474,577,True,0.8459710786121011
Tox21,fedavg_proto,0.5,0,34,200,16,16,0.1,val,client_3,11,42,627,669,True,0.7962709804815067
Tox21,fedavg_proto,0.5,0,34,200,16,16,0.1,test,server,0,33,701,734,True,0.7514373405956858
Tox21,fedavg_proto,0.5,0,34,200,16,16,0.1,test,server,1,25,664,689,True,0.848855421686747
Tox21,fedavg_proto,0.5,0,34,200,16,16,0.1,test,server,2,65,590,655,True,0.8674967405475881
Tox21,fedavg_proto,0.5,0,34,200,16,16,0.1,test,server,3,40,560,600,True,0.7477232142857143
Tox21,fedavg_proto,0.5,0,34,200,16,16,0.1,test,server,4,96,540,636,True,0.7009066358024691
Tox21,fedavg_proto,0.5,0,34,200,16,16,0.1,test,server,5,37,651,688,True,0.7790509403412628
Tox21,fedavg_proto,0.5,0,34,200,16,16,0.1,test,server,6,17,637,654,True,0.6637732015883276
Tox21,fedavg_proto,0.5,0,34,200,16,16,0.1,test,server,7,111,482,593,True,0.7363276139209748
Tox21,fedavg_proto,0.5,0,34,200,16,16,0.1,test,server,8,24,685,709,True,0.7600973236009732
Tox21,fedavg_proto,0.5,0,34,200,16,16,0.1,test,server,9,39,600,639,True,0.7324358974358974
Tox21,fedavg_proto,0.5,0,34,200,16,16,0.1,test,server,10,98,502,600,True,0.8033173428734043
Tox21,fedavg_proto,0.5,0,34,200,16,16,0.1,test,server,11,35,636,671,True,0.723225516621743
Tox21,fedavg_proto,0.5,0,34,200,16,16,0.1,test,client_0,0,33,701,734,True,0.7473738814680327
Tox21,fedavg_proto,0.5,0,34,200,16,16,0.1,test,client_0,1,25,664,689,True,0.8403012048192771
Tox21,fedavg_proto,0.5,0,34,200,16,16,0.1,test,client_0,2,65,590,655,True,0.851838331160365
Tox21,fedavg_proto,0.5,0,34,200,16,16,0.1,test,client_0,3,40,560,600,True,0.7435714285714285
Tox21,fedavg_proto,0.5,0,34,200,16,16,0.1,test,client_0,4,96,540,636,True,0.7068672839506174
Tox21,fedavg_proto,0.5,0,34,200,16,16,0.1,test,client_0,5,37,651,688,True,0.785652011458463
Tox21,fedavg_proto,0.5,0,34,200,16,16,0.1,test,client_0,6,17,637,654,True,0.658324868408902
Tox21,fedavg_proto,0.5,0,34,200,16,16,0.1,test,client_0,7,111,482,593,True,0.732066090987253
Tox21,fedavg_proto,0.5,0,34,200,16,16,0.1,test,client_0,8,24,685,709,True,0.7438564476885645
Tox21,fedavg_proto,0.5,0,34,200,16,16,0.1,test,client_0,9,39,600,639,True,0.730982905982906
Tox21,fedavg_proto,0.5,0,34,200,16,16,0.1,test,client_0,10,98,502,600,True,0.8084193836897309
Tox21,fedavg_proto,0.5,0,34,200,16,16,0.1,test,client_0,11,35,636,671,True,0.7228212039532792
Tox21,fedavg_proto,0.5,0,34,200,16,16,0.1,test,client_1,0,33,701,734,True,0.7452556953270221
Tox21,fedavg_proto,0.5,0,34,200,16,16,0.1,test,client_1,1,25,664,689,True,0.8362650602409638
Tox21,fedavg_proto,0.5,0,34,200,16,16,0.1,test,client_1,2,65,590,655,True,0.8647196870925684
Tox21,fedavg_proto,0.5,0,34,200,16,16,0.1,test,client_1,3,40,560,600,True,0.7390625000000001
Tox21,fedavg_proto,0.5,0,34,200,16,16,0.1,test,client_1,4,96,540,636,True,0.6959876543209877
Tox21,fedavg_proto,0.5,0,34,200,16,16,0.1,test,client_1,5,37,651,688,True,0.7803794577988127
Tox21,fedavg_proto,0.5,0,34,200,16,16,0.1,test,client_1,6,17,637,654,True,0.6544463939421923
Tox21,fedavg_proto,0.5,0,34,200,16,16,0.1,test,client_1,7,111,482,593,True,0.7248327165339613
Tox21,fedavg_proto,0.5,0,34,200,16,16,0.1,test,client_1,8,24,685,709,True,0.7658759124087592
Tox21,fedavg_proto,0.5,0,34,200,16,16,0.1,test,client_1,9,39,600,639,True,0.7298717948717949
Tox21,fedavg_proto,0.5,0,34,200,16,16,0.1,test,client_1,10,98,502,600,True,0.7943531994471096
Tox21,fedavg_proto,0.5,0,34,200,16,16,0.1,test,client_1,11,35,636,671,True,0.7250673854447439
Tox21,fedavg_proto,0.5,0,34,200,16,16,0.1,test,client_2,0,33,701,734,True,0.7477197077767691
Tox21,fedavg_proto,0.5,0,34,200,16,16,0.1,test,client_2,1,25,664,689,True,0.8545180722891565
Tox21,fedavg_proto,0.5,0,34,200,16,16,0.1,test,client_2,2,65,590,655,True,0.8651890482398957
Tox21,fedavg_proto,0.5,0,34,200,16,16,0.1,test,client_2,3,40,560,600,True,0.7350892857142857
Tox21,fedavg_proto,0.5,0,34,200,16,16,0.1,test,client_2,4,96,540,636,True,0.669020061728395
Tox21,fedavg_proto,0.5,0,34,200,16,16,0.1,test,client_2,5,37,651,688,True,0.7289409224893096
Tox21,fedavg_proto,0.5,0,34,200,16,16,0.1,test,client_2,6,17,637,654,True,0.709483793517407
Tox21,fedavg_proto,0.5,0,34,200,16,16,0.1,test,client_2,7,111,482,593,True,0.7454861500504654
Tox21,fedavg_proto,0.5,0,34,200,16,16,0.1,test,client_2,8,24,685,709,True,0.7285279805352798
Tox21,fedavg_proto,0.5,0,34,200,16,16,0.1,test,client_2,9,39,600,639,True,0.7324786324786325
Tox21,fedavg_proto,0.5,0,34,200,16,16,0.1,test,client_2,10,98,502,600,True,0.7941702577445322
Tox21,fedavg_proto,0.5,0,34,200,16,16,0.1,test,client_2,11,35,636,671,True,0.7136118598382749
Tox21,fedavg_proto,0.5,0,34,200,16,16,0.1,test,client_3,0,33,701,734,True,0.7576622141529417
Tox21,fedavg_proto,0.5,0,34,200,16,16,0.1,test,client_3,1,25,664,689,True,0.834578313253012
Tox21,fedavg_proto,0.5,0,34,200,16,16,0.1,test,client_3,2,65,590,655,True,0.8617731421121252
Tox21,fedavg_proto,0.5,0,34,200,16,16,0.1,test,client_3,3,40,560,600,True,0.731875
Tox21,fedavg_proto,0.5,0,34,200,16,16,0.1,test,client_3,4,96,540,636,True,0.7011381172839506
Tox21,fedavg_proto,0.5,0,34,200,16,16,0.1,test,client_3,5,37,651,688,True,0.778179100759746
Tox21,fedavg_proto,0.5,0,34,200,16,16,0.1,test,client_3,6,17,637,654,True,0.6355157447594423
Tox21,fedavg_proto,0.5,0,34,200,16,16,0.1,test,client_3,7,111,482,593,True,0.7179918507719337
Tox21,fedavg_proto,0.5,0,34,200,16,16,0.1,test,client_3,8,24,685,709,True,0.7448905109489052
Tox21,fedavg_proto,0.5,0,34,200,16,16,0.1,test,client_3,9,39,600,639,True,0.7204700854700854
Tox21,fedavg_proto,0.5,0,34,200,16,16,0.1,test,client_3,10,98,502,600,True,0.7797991706642816
Tox21,fedavg_proto,0.5,0,34,200,16,16,0.1,test,client_3,11,35,636,671,True,0.7281671159029649
Tox21,fedavg_proto,0.5,0,35,200,16,16,0.1,val,server,0,27,706,733,True,0.7331864442346029
Tox21,fedavg_proto,0.5,0,35,200,16,16,0.1,val,server,1,21,659,680,True,0.8262157670351904
Tox21,fedavg_proto,0.5,0,35,200,16,16,0.1,val,server,2,83,573,656,True,0.8547488382850775
Tox21,fedavg_proto,0.5,0,35,200,16,16,0.1,val,server,3,31,553,584,True,0.7571311905734119
Tox21,fedavg_proto,0.5,0,35,200,16,16,0.1,val,server,4,83,531,614,True,0.7536587026070384
Tox21,fedavg_proto,0.5,0,35,200,16,16,0.1,val,server,5,49,647,696,True,0.8245276472258145
Tox21,fedavg_proto,0.5,0,35,200,16,16,0.1,val,server,6,18,623,641,True,0.6632780453005173
Tox21,fedavg_proto,0.5,0,35,200,16,16,0.1,val,server,7,89,478,567,True,0.7380236002068544
Tox21,fedavg_proto,0.5,0,35,200,16,16,0.1,val,server,8,32,672,704,True,0.8302176339285714
Tox21,fedavg_proto,0.5,0,35,200,16,16,0.1,val,server,9,33,588,621,True,0.7269635126777984
Tox21,fedavg_proto,0.5,0,35,200,16,16,0.1,val,server,10,103,474,577,True,0.8634017451149072
Tox21,fedavg_proto,0.5,0,35,200,16,16,0.1,val,server,11,42,627,669,True,0.8009797220323537
Tox21,fedavg_proto,0.5,0,35,200,16,16,0.1,val,client_0,0,27,706,733,True,0.7375406568041128
Tox21,fedavg_proto,0.5,0,35,200,16,16,0.1,val,client_0,1,21,659,680,True,0.8425464267649396
Tox21,fedavg_proto,0.5,0,35,200,16,16,0.1,val,client_0,2,83,573,656,True,0.8576504972770664
Tox21,fedavg_proto,0.5,0,35,200,16,16,0.1,val,client_0,3,31,553,584,True,0.7517062357813684
Tox21,fedavg_proto,0.5,0,35,200,16,16,0.1,val,client_0,4,83,531,614,True,0.7435164386358996
Tox21,fedavg_proto,0.5,0,35,200,16,16,0.1,val,client_0,5,49,647,696,True,0.8205217171876479
Tox21,fedavg_proto,0.5,0,35,200,16,16,0.1,val,client_0,6,18,623,641,True,0.6588193329766363
Tox21,fedavg_proto,0.5,0,35,200,16,16,0.1,val,client_0,7,89,478,567,True,0.7419726388040055
Tox21,fedavg_proto,0.5,0,35,200,16,16,0.1,val,client_0,8,32,672,704,True,0.8337518601190476
Tox21,fedavg_proto,0.5,0,35,200,16,16,0.1,val,client_0,9,33,588,621,True,0.7328385899814471
Tox21,fedavg_proto,0.5,0,35,200,16,16,0.1,val,client_0,10,103,474,577,True,0.8609028716562206
Tox21,fedavg_proto,0.5,0,35,200,16,16,0.1,val,client_0,11,42,627,669,True,0.8067137540821752
Tox21,fedavg_proto,0.5,0,35,200,16,16,0.1,val,client_1,0,27,706,733,True,0.7394292309306473
Tox21,fedavg_proto,0.5,0,35,200,16,16,0.1,val,client_1,1,21,659,680,True,0.8117638557699256
Tox21,fedavg_proto,0.5,0,35,200,16,16,0.1,val,client_1,2,83,573,656,True,0.8591013267730607
Tox21,fedavg_proto,0.5,0,35,200,16,16,0.1,val,client_1,3,31,553,584,True,0.7683894300880826
Tox21,fedavg_proto,0.5,0,35,200,16,16,0.1,val,client_1,4,83,531,614,True,0.7487123635786084
Tox21,fedavg_proto,0.5,0,35,200,16,16,0.1,val,client_1,5,49,647,696,True,0.8274926663091821
Tox21,fedavg_proto,0.5,0,35,200,16,16,0.1,val,client_1,6,18,623,641,True,0.641430354913501
Tox21,fedavg_proto,0.5,0,35,200,16,16,0.1,val,client_1,7,89,478,567,True,0.7269992007898077
Tox21,fedavg_proto,0.5,0,35,200,16,16,0.1,val,client_1,8,32,672,704,True,0.8059430803571429
Tox21,fedavg_proto,0.5,0,35,200,16,16,0.1,val,client_1,9,33,588,621,True,0.7250566893424036
Tox21,fedavg_proto,0.5,0,35,200,16,16,0.1,val,client_1,10,103,474,577,True,0.8588750972922043
Tox21,fedavg_proto,0.5,0,35,200,16,16,0.1,val,client_1,11,42,627,669,True,0.7751575909470646
Tox21,fedavg_proto,0.5,0,35,200,16,16,0.1,val,client_2,0,27,706,733,True,0.7358094638547896
Tox21,fedavg_proto,0.5,0,35,200,16,16,0.1,val,client_2,1,21,659,680,True,0.835248211575981
Tox21,fedavg_proto,0.5,0,35,200,16,16,0.1,val,client_2,2,83,573,656,True,0.8495552892197061
Tox21,fedavg_proto,0.5,0,35,200,16,16,0.1,val,client_2,3,31,553,584,True,0.7350813743218807
Tox21,fedavg_proto,0.5,0,35,200,16,16,0.1,val,client_2,4,83,531,614,True,0.7536133233498967
Tox21,fedavg_proto,0.5,0,35,200,16,16,0.1,val,client_2,5,49,647,696,True,0.8148755638267672
Tox21,fedavg_proto,0.5,0,35,200,16,16,0.1,val,client_2,6,18,623,641,True,0.6760299625468165
Tox21,fedavg_proto,0.5,0,35,200,16,16,0.1,val,client_2,7,89,478,567,True,0.7287621644492501
Tox21,fedavg_proto,0.5,0,35,200,16,16,0.1,val,client_2,8,32,672,704,True,0.8560267857142857
Tox21,fedavg_proto,0.5,0,35,200,16,16,0.1,val,client_2,9,33,588,621,True,0.7098021026592456
Tox21,fedavg_proto,0.5,0,35,200,16,16,0.1,val,client_2,10,103,474,577,True,0.8561304330015157
Tox21,fedavg_proto,0.5,0,35,200,16,16,0.1,val,client_2,11,42,627,669,True,0.8160932634616845
Tox21,fedavg_proto,0.5,0,35,200,16,16,0.1,val,client_3,0,27,706,733,True,0.7322421571713356
Tox21,fedavg_proto,0.5,0,35,200,16,16,0.1,val,client_3,1,21,659,680,True,0.8232531252258112
Tox21,fedavg_proto,0.5,0,35,200,16,16,0.1,val,client_3,2,83,573,656,True,0.8445930318131164
Tox21,fedavg_proto,0.5,0,35,200,16,16,0.1,val,client_3,3,31,553,584,True,0.7517062357813685
Tox21,fedavg_proto,0.5,0,35,200,16,16,0.1,val,client_3,4,83,531,614,True,0.7581966283211944
Tox21,fedavg_proto,0.5,0,35,200,16,16,0.1,val,client_3,5,49,647,696,True,0.8252215878623473
Tox21,fedavg_proto,0.5,0,35,200,16,16,0.1,val,client_3,6,18,623,641,True,0.6937756375958624
Tox21,fedavg_proto,0.5,0,35,200,16,16,0.1,val,client_3,7,89,478,567,True,0.7273517935216962
Tox21,fedavg_proto,0.5,0,35,200,16,16,0.1,val,client_3,8,32,672,704,True,0.8151506696428571
Tox21,fedavg_proto,0.5,0,35,200,16,16,0.1,val,client_3,9,33,588,621,True,0.716192537621109
Tox21,fedavg_proto,0.5,0,35,200,16,16,0.1,val,client_3,10,103,474,577,True,0.8455614272254313
Tox21,fedavg_proto,0.5,0,35,200,16,16,0.1,val,client_3,11,42,627,669,True,0.7958532695374801
Tox21,fedavg_proto,0.5,0,35,200,16,16,0.1,test,server,0,33,701,734,True,0.7513508840185017
Tox21,fedavg_proto,0.5,0,35,200,16,16,0.1,test,server,1,25,664,689,True,0.8491566265060241
Tox21,fedavg_proto,0.5,0,35,200,16,16,0.1,test,server,2,65,590,655,True,0.8649282920469361
Tox21,fedavg_proto,0.5,0,35,200,16,16,0.1,test,server,3,40,560,600,True,0.7469196428571429
Tox21,fedavg_proto,0.5,0,35,200,16,16,0.1,test,server,4,96,540,636,True,0.7035300925925926
Tox21,fedavg_proto,0.5,0,35,200,16,16,0.1,test,server,5,37,651,688,True,0.7819570722796528
Tox21,fedavg_proto,0.5,0,35,200,16,16,0.1,test,server,6,17,637,654,True,0.6694062240280728
Tox21,fedavg_proto,0.5,0,35,200,16,16,0.1,test,server,7,111,482,593,True,0.7381593211468731
Tox21,fedavg_proto,0.5,0,35,200,16,16,0.1,test,server,8,24,685,709,True,0.7636861313868613
Tox21,fedavg_proto,0.5,0,35,200,16,16,0.1,test,server,9,39,600,639,True,0.7352564102564103
Tox21,fedavg_proto,0.5,0,35,200,16,16,0.1,test,server,10,98,502,600,True,0.8077892511586308
Tox21,fedavg_proto,0.5,0,35,200,16,16,0.1,test,server,11,35,636,671,True,0.7223270440251572
Tox21,fedavg_proto,0.5,0,35,200,16,16,0.1,test,client_0,0,33,701,734,True,0.7539013530454329
Tox21,fedavg_proto,0.5,0,35,200,16,16,0.1,test,client_0,1,25,664,689,True,0.8483132530120482
Tox21,fedavg_proto,0.5,0,35,200,16,16,0.1,test,client_0,2,65,590,655,True,0.8622425032594525
Tox21,fedavg_proto,0.5,0,35,200,16,16,0.1,test,client_0,3,40,560,600,True,0.7422321428571429
Tox21,fedavg_proto,0.5,0,35,200,16,16,0.1,test,client_0,4,96,540,636,True,0.7011959876543209
Tox21,fedavg_proto,0.5,0,35,200,16,16,0.1,test,client_0,5,37,651,688,True,0.7815419105741687
Tox21,fedavg_proto,0.5,0,35,200,16,16,0.1,test,client_0,6,17,637,654,True,0.6847354326345922
Tox21,fedavg_proto,0.5,0,35,200,16,16,0.1,test,client_0,7,111,482,593,True,0.7354491420881462
Tox21,fedavg_proto,0.5,0,35,200,16,16,0.1,test,client_0,8,24,685,709,True,0.7614963503649634
Tox21,fedavg_proto,0.5,0,35,200,16,16,0.1,test,client_0,9,39,600,639,True,0.7399145299145299
Tox21,fedavg_proto,0.5,0,35,200,16,16,0.1,test,client_0,10,98,502,600,True,0.8054516627368078
Tox21,fedavg_proto,0.5,0,35,200,16,16,0.1,test,client_0,11,35,636,671,True,0.7247529200359387
Tox21,fedavg_proto,0.5,0,35,200,16,16,0.1,test,client_1,0,33,701,734,True,0.7388579086153979
Tox21,fedavg_proto,0.5,0,35,200,16,16,0.1,test,client_1,1,25,664,689,True,0.8347590361445782
Tox21,fedavg_proto,0.5,0,35,200,16,16,0.1,test,client_1,2,65,590,655,True,0.8607040417209909
Tox21,fedavg_proto,0.5,0,35,200,16,16,0.1,test,client_1,3,40,560,600,True,0.7420535714285714
Tox21,fedavg_proto,0.5,0,35,200,16,16,0.1,test,client_1,4,96,540,636,True,0.706809413580247
Tox21,fedavg_proto,0.5,0,35,200,16,16,0.1,test,client_1,5,37,651,688,True,0.7886411757379499
Tox21,fedavg_proto,0.5,0,35,200,16,16,0.1,test,client_1,6,17,637,654,True,0.6592483147104995
Tox21,fedavg_proto,0.5,0,35,200,16,16,0.1,test,client_1,7,111,482,593,True,0.7287204216664798
Tox21,fedavg_proto,0.5,0,35,200,16,16,0.1,test,client_1,8,24,685,709,True,0.7625912408759125
Tox21,fedavg_proto,0.5,0,35,200,16,16,0.1,test,client_1,9,39,600,639,True,0.733034188034188
Tox21,fedavg_proto,0.5,0,35,200,16,16,0.1,test,client_1,10,98,502,600,True,0.8056955850069111
Tox21,fedavg_proto,0.5,0,35,200,16,16,0.1,test,client_1,11,35,636,671,True,0.7213836477987421
Tox21,fedavg_proto,0.5,0,35,200,16,16,0.1,test,client_2,0,33,701,734,True,0.7433536506289716
Tox21,fedavg_proto,0.5,0,35,200,16,16,0.1,test,client_2,1,25,664,689,True,0.8476506024096385
Tox21,fedavg_proto,0.5,0,35,200,16,16,0.1,test,client_2,2,65,590,655,True,0.8618513689700131
Tox21,fedavg_proto,0.5,0,35,200,16,16,0.1,test,client_2,3,40,560,600,True,0.7422321428571428
Tox21,fedavg_proto,0.5,0,35,200,16,16,0.1,test,client_2,4,96,540,636,True,0.6717206790123457
Tox21,fedavg_proto,0.5,0,35,200,16,16,0.1,test,client_2,5,37,651,688,True,0.7321376676215385
Tox21,fedavg_proto,0.5,0,35,200,16,16,0.1,test,client_2,6,17,637,654,True,0.7326622956875057
Tox21,fedavg_proto,0.5,0,35,200,16,16,0.1,test,client_2,7,111,482,593,True,0.7514485439796644
Tox21,fedavg_proto,0.5,0,35,200,16,16,0.1,test,client_2,8,24,685,709,True,0.73838199513382
Tox21,fedavg_proto,0.5,0,35,200,16,16,0.1,test,client_2,9,39,600,639,True,0.744017094017094
Tox21,fedavg_proto,0.5,0,35,200,16,16,0.1,test,client_2,10,98,502,600,True,0.7982762826246037
Tox21,fedavg_proto,0.5,0,35,200,16,16,0.1,test,client_2,11,35,636,671,True,0.719362084456424
Tox21,fedavg_proto,0.5,0,35,200,16,16,0.1,test,client_3,0,33,701,734,True,0.7545930056629059
Tox21,fedavg_proto,0.5,0,35,200,16,16,0.1,test,client_3,1,25,664,689,True,0.8301807228915663
Tox21,fedavg_proto,0.5,0,35,200,16,16,0.1,test,client_3,2,65,590,655,True,0.8584615384615385
Tox21,fedavg_proto,0.5,0,35,200,16,16,0.1,test,client_3,3,40,560,600,True,0.7341071428571428
Tox21,fedavg_proto,0.5,0,35,200,16,16,0.1,test,client_3,4,96,540,636,True,0.7049382716049383
Tox21,fedavg_proto,0.5,0,35,200,16,16,0.1,test,client_3,5,37,651,688,True,0.7885996595674015
Tox21,fedavg_proto,0.5,0,35,200,16,16,0.1,test,client_3,6,17,637,654,True,0.6254501800720288
Tox21,fedavg_proto,0.5,0,35,200,16,16,0.1,test,client_3,7,111,482,593,True,0.7113192030204477
Tox21,fedavg_proto,0.5,0,35,200,16,16,0.1,test,client_3,8,24,685,709,True,0.7436131386861313
Tox21,fedavg_proto,0.5,0,35,200,16,16,0.1,test,client_3,9,39,600,639,True,0.7151282051282051
Tox21,fedavg_proto,0.5,0,35,200,16,16,0.1,test,client_3,10,98,502,600,True,0.7887429872347346
Tox21,fedavg_proto,0.5,0,35,200,16,16,0.1,test,client_3,11,35,636,671,True,0.7211141060197664
Tox21,fedavg_proto,0.5,0,36,200,16,16,0.1,val,server,0,27,706,733,True,0.7341307312978701
Tox21,fedavg_proto,0.5,0,36,200,16,16,0.1,val,server,1,21,659,680,True,0.8328636462172122
Tox21,fedavg_proto,0.5,0,36,200,16,16,0.1,val,server,2,83,573,656,True,0.8544754935974265
Tox21,fedavg_proto,0.5,0,36,200,16,16,0.1,val,server,3,31,553,584,True,0.7572478562678644
Tox21,fedavg_proto,0.5,0,36,200,16,16,0.1,val,server,4,83,531,614,True,0.755337735121276
Tox21,fedavg_proto,0.5,0,36,200,16,16,0.1,val,server,5,49,647,696,True,0.8287859193136297
Tox21,fedavg_proto,0.5,0,36,200,16,16,0.1,val,server,6,18,623,641,True,0.6657749242018906
Tox21,fedavg_proto,0.5,0,36,200,16,16,0.1,val,server,7,89,478,567,True,0.7383761929387428
Tox21,fedavg_proto,0.5,0,36,200,16,16,0.1,val,server,8,32,672,704,True,0.8329613095238095
Tox21,fedavg_proto,0.5,0,36,200,16,16,0.1,val,server,9,33,588,621,True,0.727994227994228
Tox21,fedavg_proto,0.5,0,36,200,16,16,0.1,val,server,10,103,474,577,True,0.8654295194789234
Tox21,fedavg_proto,0.5,0,36,200,16,16,0.1,val,server,11,42,627,669,True,0.8044733044733043
Tox21,fedavg_proto,0.5,0,36,200,16,16,0.1,val,client_0,0,27,706,733,True,0.7308257265764347
Tox21,fedavg_proto,0.5,0,36,200,16,16,0.1,val,client_0,1,21,659,680,True,0.842185128983308
Tox21,fedavg_proto,0.5,0,36,200,16,16,0.1,val,client_0,2,83,573,656,True,0.8530036375869974
Tox21,fedavg_proto,0.5,0,36,200,16,16,0.1,val,client_0,3,31,553,584,True,0.7504812459896169
Tox21,fedavg_proto,0.5,0,36,200,16,16,0.1,val,client_0,4,83,531,614,True,0.7459669185215437
Tox21,fedavg_proto,0.5,0,36,200,16,16,0.1,val,client_0,5,49,647,696,True,0.8214995426300349
Tox21,fedavg_proto,0.5,0,36,200,16,16,0.1,val,client_0,6,18,623,641,True,0.6556090601034421
Tox21,fedavg_proto,0.5,0,36,200,16,16,0.1,val,client_0,7,89,478,567,True,0.7417375769827464
Tox21,fedavg_proto,0.5,0,36,200,16,16,0.1,val,client_0,8,32,672,704,True,0.8328683035714286
Tox21,fedavg_proto,0.5,0,36,200,16,16,0.1,val,client_0,9,33,588,621,True,0.7372706658420944
Tox21,fedavg_proto,0.5,0,36,200,16,16,0.1,val,client_0,10,103,474,577,True,0.8638728442095776
Tox21,fedavg_proto,0.5,0,36,200,16,16,0.1,val,client_0,11,42,627,669,True,0.80166324903167
Tox21,fedavg_proto,0.5,0,36,200,16,16,0.1,val,client_1,0,27,706,733,True,0.739088238380023
Tox21,fedavg_proto,0.5,0,36,200,16,16,0.1,val,client_1,1,21,659,680,True,0.8145819784666523
Tox21,fedavg_proto,0.5,0,36,200,16,16,0.1,val,client_1,2,83,573,656,True,0.8604680502113164
Tox21,fedavg_proto,0.5,0,36,200,16,16,0.1,val,client_1,3,31,553,584,True,0.7638978008516595
Tox21,fedavg_proto,0.5,0,36,200,16,16,0.1,val,client_1,4,83,531,614,True,0.7494157420643024
Tox21,fedavg_proto,0.5,0,36,200,16,16,0.1,val,client_1,5,49,647,696,True,0.8287859193136295
Tox21,fedavg_proto,0.5,0,36,200,16,16,0.1,val,client_1,6,18,623,641,True,0.6446406277866952
Tox21,fedavg_proto,0.5,0,36,200,16,16,0.1,val,client_1,7,89,478,567,True,0.7257063607728833
Tox21,fedavg_proto,0.5,0,36,200,16,16,0.1,val,client_1,8,32,672,704,True,0.8038504464285714
Tox21,fedavg_proto,0.5,0,36,200,16,16,0.1,val,client_1,9,33,588,621,True,0.7225829725829725
Tox21,fedavg_proto,0.5,0,36,200,16,16,0.1,val,client_1,10,103,474,577,True,0.860923354225554
Tox21,fedavg_proto,0.5,0,36,200,16,16,0.1,val,client_1,11,42,627,669,True,0.7810435178856232
Tox21,fedavg_proto,0.5,0,36,200,16,16,0.1,val,client_2,0,27,706,733,True,0.7351799391459449
Tox21,fedavg_proto,0.5,0,36,200,16,16,0.1,val,client_2,1,21,659,680,True,0.8375605173784232
Tox21,fedavg_proto,0.5,0,36,200,16,16,0.1,val,client_2,2,83,573,656,True,0.840177463781829
Tox21,fedavg_proto,0.5,0,36,200,16,16,0.1,val,client_2,3,31,553,584,True,0.730881409321589
Tox21,fedavg_proto,0.5,0,36,200,16,16,0.1,val,client_2,4,83,531,614,True,0.7628480021782044
Tox21,fedavg_proto,0.5,0,36,200,16,16,0.1,val,client_2,5,49,647,696,True,0.8208686875059142
Tox21,fedavg_proto,0.5,0,36,200,16,16,0.1,val,client_2,6,18,623,641,True,0.6738897806313537
Tox21,fedavg_proto,0.5,0,36,200,16,16,0.1,val,client_2,7,89,478,567,True,0.7209346058013258
Tox21,fedavg_proto,0.5,0,36,200,16,16,0.1,val,client_2,8,32,672,704,True,0.8513299851190477
Tox21,fedavg_proto,0.5,0,36,200,16,16,0.1,val,client_2,9,33,588,621,True,0.7098021026592455
Tox21,fedavg_proto,0.5,0,36,200,16,16,0.1,val,client_2,10,103,474,577,True,0.8522592273974846
Tox21,fedavg_proto,0.5,0,36,200,16,16,0.1,val,client_2,11,42,627,669,True,0.810814916078074
Tox21,fedavg_proto,0.5,0,36,200,16,16,0.1,val,client_3,0,27,706,733,True,0.7405308991711258
Tox21,fedavg_proto,0.5,0,36,200,16,16,0.1,val,client_3,1,21,659,680,True,0.8330081653298649
Tox21,fedavg_proto,0.5,0,36,200,16,16,0.1,val,client_3,2,83,573,656,True,0.8443407136399
Tox21,fedavg_proto,0.5,0,36,200,16,16,0.1,val,client_3,3,31,553,584,True,0.7556145365455288
Tox21,fedavg_proto,0.5,0,36,200,16,16,0.1,val,client_3,4,83,531,614,True,0.7544301499784449
Tox21,fedavg_proto,0.5,0,36,200,16,16,0.1,val,client_3,5,49,647,696,True,0.8274611235529761
Tox21,fedavg_proto,0.5,0,36,200,16,16,0.1,val,client_3,6,18,623,641,True,0.695469948278937
Tox21,fedavg_proto,0.5,0,36,200,16,16,0.1,val,client_3,7,89,478,567,True,0.7307131775656996
Tox21,fedavg_proto,0.5,0,36,200,16,16,0.1,val,client_3,8,32,672,704,True,0.8171037946428571
Tox21,fedavg_proto,0.5,0,36,200,16,16,0.1,val,client_3,9,33,588,621,True,0.7159863945578231
Tox21,fedavg_proto,0.5,0,36,200,16,16,0.1,val,client_3,10,103,474,577,True,0.8515013723321453
Tox21,fedavg_proto,0.5,0,36,200,16,16,0.1,val,client_3,11,42,627,669,True,0.8024986709197236
Tox21,fedavg_proto,0.5,0,36,200,16,16,0.1,test,server,0,33,701,734,True,0.7515670254614619
Tox21,fedavg_proto,0.5,0,36,200,16,16,0.1,test,server,1,25,664,689,True,0.8485542168674699
Tox21,fedavg_proto,0.5,0,36,200,16,16,0.1,test,server,2,65,590,655,True,0.8668057366362452
Tox21,fedavg_proto,0.5,0,36,200,16,16,0.1,test,server,3,40,560,600,True,0.7521875
Tox21,fedavg_proto,0.5,0,36,200,16,16,0.1,test,server,4,96,540,636,True,0.7000578703703705
Tox21,fedavg_proto,0.5,0,36,200,16,16,0.1,test,server,5,37,651,688,True,0.7822892016440403
Tox21,fedavg_proto,0.5,0,36,200,16,16,0.1,test,server,6,17,637,654,True,0.6760550373995752
Tox21,fedavg_proto,0.5,0,36,200,16,16,0.1,test,server,7,111,482,593,True,0.7387948114089192
Tox21,fedavg_proto,0.5,0,36,200,16,16,0.1,test,server,8,24,685,709,True,0.7606447688564476
Tox21,fedavg_proto,0.5,0,36,200,16,16,0.1,test,server,9,39,600,639,True,0.7348290598290598
Tox21,fedavg_proto,0.5,0,36,200,16,16,0.1,test,server,10,98,502,600,True,0.8068948695015854
Tox21,fedavg_proto,0.5,0,36,200,16,16,0.1,test,server,11,35,636,671,True,0.7227313566936209
Tox21,fedavg_proto,0.5,0,36,200,16,16,0.1,test,client_0,0,33,701,734,True,0.7503566333808845
Tox21,fedavg_proto,0.5,0,36,200,16,16,0.1,test,client_0,1,25,664,689,True,0.8454819277108434
Tox21,fedavg_proto,0.5,0,36,200,16,16,0.1,test,client_0,2,65,590,655,True,0.8635723598435463
Tox21,fedavg_proto,0.5,0,36,200,16,16,0.1,test,client_0,3,40,560,600,True,0.7473214285714286
Tox21,fedavg_proto,0.5,0,36,200,16,16,0.1,test,client_0,4,96,540,636,True,0.6999807098765433
Tox21,fedavg_proto,0.5,0,36,200,16,16,0.1,test,client_0,5,37,651,688,True,0.7839913646365259
Tox21,fedavg_proto,0.5,0,36,200,16,16,0.1,test,client_0,6,17,637,654,True,0.6773478622218119
Tox21,fedavg_proto,0.5,0,36,200,16,16,0.1,test,client_0,7,111,482,593,True,0.7348884153863408
Tox21,fedavg_proto,0.5,0,36,200,16,16,0.1,test,client_0,8,24,685,709,True,0.7572384428223844
Tox21,fedavg_proto,0.5,0,36,200,16,16,0.1,test,client_0,9,39,600,639,True,0.739957264957265
Tox21,fedavg_proto,0.5,0,36,200,16,16,0.1,test,client_0,10,98,502,600,True,0.8081754614196276
Tox21,fedavg_proto,0.5,0,36,200,16,16,0.1,test,client_0,11,35,636,671,True,0.7234052111410602
Tox21,fedavg_proto,0.5,0,36,200,16,16,0.1,test,client_1,0,33,701,734,True,0.7398521592530153
Tox21,fedavg_proto,0.5,0,36,200,16,16,0.1,test,client_1,1,25,664,689,True,0.8319879518072288
Tox21,fedavg_proto,0.5,0,36,200,16,16,0.1,test,client_1,2,65,590,655,True,0.8589830508474576
Tox21,fedavg_proto,0.5,0,36,200,16,16,0.1,test,client_1,3,40,560,600,True,0.7475892857142857
Tox21,fedavg_proto,0.5,0,36,200,16,16,0.1,test,client_1,4,96,540,636,True,0.7079282407407408
Tox21,fedavg_proto,0.5,0,36,200,16,16,0.1,test,client_1,5,37,651,688,True,0.7919209532112758
Tox21,fedavg_proto,0.5,0,36,200,16,16,0.1,test,client_1,6,17,637,654,True,0.6597100378612983
Tox21,fedavg_proto,0.5,0,36,200,16,16,0.1,test,client_1,7,111,482,593,True,0.7285522036559382
Tox21,fedavg_proto,0.5,0,36,200,16,16,0.1,test,client_1,8,24,685,709,True,0.7566301703163018
Tox21,fedavg_proto,0.5,0,36,200,16,16,0.1,test,client_1,9,39,600,639,True,0.7297863247863248
Tox21,fedavg_proto,0.5,0,36,200,16,16,0.1,test,client_1,10,98,502,600,True,0.8104723961297666
Tox21,fedavg_proto,0.5,0,36,200,16,16,0.1,test,client_1,11,35,636,671,True,0.7212488769092542
Tox21,fedavg_proto,0.5,0,36,200,16,16,0.1,test,client_2,0,33,701,734,True,0.7417974322396577
Tox21,fedavg_proto,0.5,0,36,200,16,16,0.1,test,client_2,1,25,664,689,True,0.8490963855421686
Tox21,fedavg_proto,0.5,0,36,200,16,16,0.1,test,client_2,2,65,590,655,True,0.8658409387222946
Tox21,fedavg_proto,0.5,0,36,200,16,16,0.1,test,client_2,3,40,560,600,True,0.7391071428571429
Tox21,fedavg_proto,0.5,0,36,200,16,16,0.1,test,client_2,4,96,540,636,True,0.6677854938271606
Tox21,fedavg_proto,0.5,0,36,200,16,16,0.1,test,client_2,5,37,651,688,True,0.7276954373728567
Tox21,fedavg_proto,0.5,0,36,200,16,16,0.1,test,client_2,6,17,637,654,True,0.7229661095207314
Tox21,fedavg_proto,0.5,0,36,200,16,16,0.1,test,client_2,7,111,482,593,True,0.7470561848155209
Tox21,fedavg_proto,0.5,0,36,200,16,16,0.1,test,client_2,8,24,685,709,True,0.7251824817518249
Tox21,fedavg_proto,0.5,0,36,200,16,16,0.1,test,client_2,9,39,600,639,True,0.7376923076923076
Tox21,fedavg_proto,0.5,0,36,200,16,16,0.1,test,client_2,10,98,502,600,True,0.7939669891861127
Tox21,fedavg_proto,0.5,0,36,200,16,16,0.1,test,client_2,11,35,636,671,True,0.7143755615453729
Tox21,fedavg_proto,0.5,0,36,200,16,16,0.1,test,client_3,0,33,701,734,True,0.757143474689837
Tox21,fedavg_proto,0.5,0,36,200,16,16,0.1,test,client_3,1,25,664,689,True,0.8362048192771084
Tox21,fedavg_proto,0.5,0,36,200,16,16,0.1,test,client_3,2,65,590,655,True,0.8597392438070405
Tox21,fedavg_proto,0.5,0,36,200,16,16,0.1,test,client_3,3,40,560,600,True,0.7405357142857143
Tox21,fedavg_proto,0.5,0,36,200,16,16,0.1,test,client_3,4,96,540,636,True,0.6985339506172838
Tox21,fedavg_proto,0.5,0,36,200,16,16,0.1,test,client_3,5,37,651,688,True,0.787976917009175
Tox21,fedavg_proto,0.5,0,36,200,16,16,0.1,test,client_3,6,17,637,654,True,0.6391171853356727
Tox21,fedavg_proto,0.5,0,36,200,16,16,0.1,test,client_3,7,111,482,593,True,0.7177862509812718
Tox21,fedavg_proto,0.5,0,36,200,16,16,0.1,test,client_3,8,24,685,709,True,0.7499391727493918
Tox21,fedavg_proto,0.5,0,36,200,16,16,0.1,test,client_3,9,39,600,639,True,0.7281623931623932
Tox21,fedavg_proto,0.5,0,36,200,16,16,0.1,test,client_3,10,98,502,600,True,0.7892918123424669
Tox21,fedavg_proto,0.5,0,36,200,16,16,0.1,test,client_3,11,35,636,671,True,0.7292452830188678
Tox21,fedavg_proto,0.5,0,37,200,16,16,0.1,val,server,0,27,706,733,True,0.7367012905256531
Tox21,fedavg_proto,0.5,0,37,200,16,16,0.1,val,server,1,21,659,680,True,0.8326468675482332
Tox21,fedavg_proto,0.5,0,37,200,16,16,0.1,val,server,2,83,573,656,True,0.8517210202064803
Tox21,fedavg_proto,0.5,0,37,200,16,16,0.1,val,server,3,31,553,584,True,0.7583561803651636
Tox21,fedavg_proto,0.5,0,37,200,16,16,0.1,val,server,4,83,531,614,True,0.7565402854355275
Tox21,fedavg_proto,0.5,0,37,200,16,16,0.1,val,server,5,49,647,696,True,0.8293536889253383
Tox21,fedavg_proto,0.5,0,37,200,16,16,0.1,val,server,6,18,623,641,True,0.6650615302300695
Tox21,fedavg_proto,0.5,0,37,200,16,16,0.1,val,server,7,89,478,567,True,0.7381881434817357
Tox21,fedavg_proto,0.5,0,37,200,16,16,0.1,val,server,8,32,672,704,True,0.8353794642857142
Tox21,fedavg_proto,0.5,0,37,200,16,16,0.1,val,server,9,33,588,621,True,0.7289734075448361
Tox21,fedavg_proto,0.5,0,37,200,16,16,0.1,val,server,10,103,474,577,True,0.864917455245586
Tox21,fedavg_proto,0.5,0,37,200,16,16,0.1,val,server,11,42,627,669,True,0.8049669628616997
Tox21,fedavg_proto,0.5,0,37,200,16,16,0.1,val,client_0,0,27,706,733,True,0.725264924981639
Tox21,fedavg_proto,0.5,0,37,200,16,16,0.1,val,client_0,1,21,659,680,True,0.8369824409278127
Tox21,fedavg_proto,0.5,0,37,200,16,16,0.1,val,client_0,2,83,573,656,True,0.8512794634033516
Tox21,fedavg_proto,0.5,0,37,200,16,16,0.1,val,client_0,3,31,553,584,True,0.7470979408504929
Tox21,fedavg_proto,0.5,0,37,200,16,16,0.1,val,client_0,4,83,531,614,True,0.748735053207179
Tox21,fedavg_proto,0.5,0,37,200,16,16,0.1,val,client_0,5,49,647,696,True,0.82058480270006
Tox21,fedavg_proto,0.5,0,37,200,16,16,0.1,val,client_0,6,18,623,641,True,0.6564116283217407
Tox21,fedavg_proto,0.5,0,37,200,16,16,0.1,val,client_0,7,89,478,567,True,0.7353909078087538
Tox21,fedavg_proto,0.5,0,37,200,16,16,0.1,val,client_0,8,32,672,704,True,0.8321707589285714
Tox21,fedavg_proto,0.5,0,37,200,16,16,0.1,val,client_0,9,33,588,621,True,0.733147804576376
Tox21,fedavg_proto,0.5,0,37,200,16,16,0.1,val,client_0,10,103,474,577,True,0.8561713981401827
Tox21,fedavg_proto,0.5,0,37,200,16,16,0.1,val,client_0,11,42,627,669,True,0.801359459254196
Tox21,fedavg_proto,0.5,0,37,200,16,16,0.1,val,client_1,0,27,706,733,True,0.750183611373413
Tox21,fedavg_proto,0.5,0,37,200,16,16,0.1,val,client_1,1,21,659,680,True,0.8215911554303056
Tox21,fedavg_proto,0.5,0,37,200,16,16,0.1,val,client_1,2,83,573,656,True,0.8588490085998445
Tox21,fedavg_proto,0.5,0,37,200,16,16,0.1,val,client_1,3,31,553,584,True,0.7676894359213673
Tox21,fedavg_proto,0.5,0,37,200,16,16,0.1,val,client_1,4,83,531,614,True,0.7440156104644567
Tox21,fedavg_proto,0.5,0,37,200,16,16,0.1,val,client_1,5,49,647,696,True,0.8326656783269721
Tox21,fedavg_proto,0.5,0,37,200,16,16,0.1,val,client_1,6,18,623,641,True,0.6457998929909042
Tox21,fedavg_proto,0.5,0,37,200,16,16,0.1,val,client_1,7,89,478,567,True,0.7290677448168867
Tox21,fedavg_proto,0.5,0,37,200,16,16,0.1,val,client_1,8,32,672,704,True,0.8059430803571429
Tox21,fedavg_proto,0.5,0,37,200,16,16,0.1,val,client_1,9,33,588,621,True,0.7257781900639043
Tox21,fedavg_proto,0.5,0,37,200,16,16,0.1,val,client_1,10,103,474,577,True,0.864917455245586
Tox21,fedavg_proto,0.5,0,37,200,16,16,0.1,val,client_1,11,42,627,669,True,0.7829422039948356
Tox21,fedavg_proto,0.5,0,37,200,16,16,0.1,val,client_2,0,27,706,733,True,0.7401636764242998
Tox21,fedavg_proto,0.5,0,37,200,16,16,0.1,val,client_2,1,21,659,680,True,0.84037864007515
Tox21,fedavg_proto,0.5,0,37,200,16,16,0.1,val,client_2,2,83,573,656,True,0.8401143842385248
Tox21,fedavg_proto,0.5,0,37,200,16,16,0.1,val,client_2,3,31,553,584,True,0.740506329113924
Tox21,fedavg_proto,0.5,0,37,200,16,16,0.1,val,client_2,4,83,531,614,True,0.7595580060354412
Tox21,fedavg_proto,0.5,0,37,200,16,16,0.1,val,client_2,5,49,647,696,True,0.8180298394473708
Tox21,fedavg_proto,0.5,0,37,200,16,16,0.1,val,client_2,6,18,623,641,True,0.66916354556804
Tox21,fedavg_proto,0.5,0,37,200,16,16,0.1,val,client_2,7,89,478,567,True,0.7261764844154013
Tox21,fedavg_proto,0.5,0,37,200,16,16,0.1,val,client_2,8,32,672,704,True,0.8560267857142858
Tox21,fedavg_proto,0.5,0,37,200,16,16,0.1,val,client_2,9,33,588,621,True,0.7110904968047825
Tox21,fedavg_proto,0.5,0,37,200,16,16,0.1,val,client_2,10,103,474,577,True,0.8543484494695015
Tox21,fedavg_proto,0.5,0,37,200,16,16,0.1,val,client_2,11,42,627,669,True,0.8142325510746563
Tox21,fedavg_proto,0.5,0,37,200,16,16,0.1,val,client_3,0,27,706,733,True,0.7378029587661316
Tox21,fedavg_proto,0.5,0,37,200,16,16,0.1,val,client_3,1,21,659,680,True,0.8279499963870222
Tox21,fedavg_proto,0.5,0,37,200,16,16,0.1,val,client_3,2,83,573,656,True,0.841649319792258
Tox21,fedavg_proto,0.5,0,37,200,16,16,0.1,val,client_3,3,31,553,584,True,0.7550895409204924
Tox21,fedavg_proto,0.5,0,37,200,16,16,0.1,val,client_3,4,83,531,614,True,0.7586050416354684
Tox21,fedavg_proto,0.5,0,37,200,16,16,0.1,val,client_3,5,49,647,696,True,0.8290067186070719
Tox21,fedavg_proto,0.5,0,37,200,16,16,0.1,val,client_3,6,18,623,641,True,0.6871767433565187
Tox21,fedavg_proto,0.5,0,37,200,16,16,0.1,val,client_3,7,89,478,567,True,0.7298669550091674
Tox21,fedavg_proto,0.5,0,37,200,16,16,0.1,val,client_3,8,32,672,704,True,0.8229631696428571
Tox21,fedavg_proto,0.5,0,37,200,16,16,0.1,val,client_3,9,33,588,621,True,0.717790146361575
Tox21,fedavg_proto,0.5,0,37,200,16,16,0.1,val,client_3,10,103,474,577,True,0.8511326860841424
Tox21,fedavg_proto,0.5,0,37,200,16,16,0.1,val,client_3,11,42,627,669,True,0.7966507177033493
Tox21,fedavg_proto,0.5,0,37,200,16,16,0.1,test,server,0,33,701,734,True,0.7525180478104873
Tox21,fedavg_proto,0.5,0,37,200,16,16,0.1,test,server,1,25,664,689,True,0.8527710843373494
Tox21,fedavg_proto,0.5,0,37,200,16,16,0.1,test,server,2,65,590,655,True,0.8685528031290743
Tox21,fedavg_proto,0.5,0,37,200,16,16,0.1,test,server,3,40,560,600,True,0.7517857142857143
Tox21,fedavg_proto,0.5,0,37,200,16,16,0.1,test,server,4,96,540,636,True,0.6948109567901235
Tox21,fedavg_proto,0.5,0,37,200,16,16,0.1,test,server,5,37,651,688,True,0.7776393905426163
Tox21,fedavg_proto,0.5,0,37,200,16,16,0.1,test,server,6,17,637,654,True,0.6755933142487764
Tox21,fedavg_proto,0.5,0,37,200,16,16,0.1,test,server,7,111,482,593,True,0.740476991514336
Tox21,fedavg_proto,0.5,0,37,200,16,16,0.1,test,server,8,24,685,709,True,0.766301703163017
Tox21,fedavg_proto,0.5,0,37,200,16,16,0.1,test,server,9,39,600,639,True,0.7332905982905983
Tox21,fedavg_proto,0.5,0,37,200,16,16,0.1,test,server,10,98,502,600,True,0.8037238799902432
Tox21,fedavg_proto,0.5,0,37,200,16,16,0.1,test,server,11,35,636,671,True,0.722596585804133
Tox21,fedavg_proto,0.5,0,37,200,16,16,0.1,test,client_0,0,33,701,734,True,0.7558898543206675
Tox21,fedavg_proto,0.5,0,37,200,16,16,0.1,test,client_0,1,25,664,689,True,0.8503012048192771
Tox21,fedavg_proto,0.5,0,37,200,16,16,0.1,test,client_0,2,65,590,655,True,0.8603650586701435
Tox21,fedavg_proto,0.5,0,37,200,16,16,0.1,test,client_0,3,40,560,600,True,0.7437500000000001
Tox21,fedavg_proto,0.5,0,37,200,16,16,0.1,test,client_0,4,96,540,636,True,0.6950424382716048
Tox21,fedavg_proto,0.5,0,37,200,16,16,0.1,test,client_0,5,37,651,688,True,0.784281977830365
Tox21,fedavg_proto,0.5,0,37,200,16,16,0.1,test,client_0,6,17,637,654,True,0.6702373256995106
Tox21,fedavg_proto,0.5,0,37,200,16,16,0.1,test,client_0,7,111,482,593,True,0.7344024522447758
Tox21,fedavg_proto,0.5,0,37,200,16,16,0.1,test,client_0,8,24,685,709,True,0.7478102189781022
Tox21,fedavg_proto,0.5,0,37,200,16,16,0.1,test,client_0,9,39,600,639,True,0.7236324786324787
Tox21,fedavg_proto,0.5,0,37,200,16,16,0.1,test,client_0,10,98,502,600,True,0.8065289860964305
Tox21,fedavg_proto,0.5,0,37,200,16,16,0.1,test,client_0,11,35,636,671,True,0.7188230008984725
Tox21,fedavg_proto,0.5,0,37,200,16,16,0.1,test,client_1,0,33,701,734,True,0.744391129555181
Tox21,fedavg_proto,0.5,0,37,200,16,16,0.1,test,client_1,1,25,664,689,True,0.8409638554216867
Tox21,fedavg_proto,0.5,0,37,200,16,16,0.1,test,client_1,2,65,590,655,True,0.8605475880052151
Tox21,fedavg_proto,0.5,0,37,200,16,16,0.1,test,client_1,3,40,560,600,True,0.7460267857142857
Tox21,fedavg_proto,0.5,0,37,200,16,16,0.1,test,client_1,4,96,540,636,True,0.7006172839506172
Tox21,fedavg_proto,0.5,0,37,200,16,16,0.1,test,client_1,5,37,651,688,True,0.7834516544193963
Tox21,fedavg_proto,0.5,0,37,200,16,16,0.1,test,client_1,6,17,637,654,True,0.6684827777264752
Tox21,fedavg_proto,0.5,0,37,200,16,16,0.1,test,client_1,7,111,482,593,True,0.7342155433441739
Tox21,fedavg_proto,0.5,0,37,200,16,16,0.1,test,client_1,8,24,685,709,True,0.7635036496350366
Tox21,fedavg_proto,0.5,0,37,200,16,16,0.1,test,client_1,9,39,600,639,True,0.730982905982906
Tox21,fedavg_proto,0.5,0,37,200,16,16,0.1,test,client_1,10,98,502,600,True,0.8078502317261567
Tox21,fedavg_proto,0.5,0,37,200,16,16,0.1,test,client_1,11,35,636,671,True,0.7285714285714285
Tox21,fedavg_proto,0.5,0,37,200,16,16,0.1,test,client_2,0,33,701,734,True,0.7413651493537372
Tox21,fedavg_proto,0.5,0,37,200,16,16,0.1,test,client_2,1,25,664,689,True,0.8501807228915662
Tox21,fedavg_proto,0.5,0,37,200,16,16,0.1,test,client_2,2,65,590,655,True,0.8667275097783571
Tox21,fedavg_proto,0.5,0,37,200,16,16,0.1,test,client_2,3,40,560,600,True,0.7492410714285714
Tox21,fedavg_proto,0.5,0,37,200,16,16,0.1,test,client_2,4,96,540,636,True,0.6651813271604938
Tox21,fedavg_proto,0.5,0,37,200,16,16,0.1,test,client_2,5,37,651,688,True,0.724623240752273
Tox21,fedavg_proto,0.5,0,37,200,16,16,0.1,test,client_2,6,17,637,654,True,0.7376489057161325
Tox21,fedavg_proto,0.5,0,37,200,16,16,0.1,test,client_2,7,111,482,593,True,0.7519158162311689
Tox21,fedavg_proto,0.5,0,37,200,16,16,0.1,test,client_2,8,24,685,709,True,0.7376520681265207
Tox21,fedavg_proto,0.5,0,37,200,16,16,0.1,test,client_2,9,39,600,639,True,0.7457264957264957
Tox21,fedavg_proto,0.5,0,37,200,16,16,0.1,test,client_2,10,98,502,600,True,0.7898203105943573
Tox21,fedavg_proto,0.5,0,37,200,16,16,0.1,test,client_2,11,35,636,671,True,0.721203953279425
Tox21,fedavg_proto,0.5,0,37,200,16,16,0.1,test,client_3,0,33,701,734,True,0.7494488393204513
Tox21,fedavg_proto,0.5,0,37,200,16,16,0.1,test,client_3,1,25,664,689,True,0.8437951807228916
Tox21,fedavg_proto,0.5,0,37,200,16,16,0.1,test,client_3,2,65,590,655,True,0.8642503259452412
Tox21,fedavg_proto,0.5,0,37,200,16,16,0.1,test,client_3,3,40,560,600,True,0.739732142857143
Tox21,fedavg_proto,0.5,0,37,200,16,16,0.1,test,client_3,4,96,540,636,True,0.695408950617284
Tox21,fedavg_proto,0.5,0,37,200,16,16,0.1,test,client_3,5,37,651,688,True,0.7854444306057209
Tox21,fedavg_proto,0.5,0,37,200,16,16,0.1,test,client_3,6,17,637,654,True,0.6292363099085788
Tox21,fedavg_proto,0.5,0,37,200,16,16,0.1,test,client_3,7,111,482,593,True,0.7196553399872903
Tox21,fedavg_proto,0.5,0,37,200,16,16,0.1,test,client_3,8,24,685,709,True,0.7504866180048662
Tox21,fedavg_proto,0.5,0,37,200,16,16,0.1,test,client_3,9,39,600,639,True,0.7271794871794871
Tox21,fedavg_proto,0.5,0,37,200,16,16,0.1,test,client_3,10,98,502,600,True,0.7878486055776893
Tox21,fedavg_proto,0.5,0,37,200,16,16,0.1,test,client_3,11,35,636,671,True,0.7283018867924528
Tox21,fedavg_proto,0.5,0,38,200,16,16,0.1,val,server,0,27,706,733,True,0.7327143007029693
Tox21,fedavg_proto,0.5,0,38,200,16,16,0.1,val,server,1,21,659,680,True,0.8354649902449599
Tox21,fedavg_proto,0.5,0,38,200,16,16,0.1,val,server,2,83,573,656,True,0.8501650581383124
Tox21,fedavg_proto,0.5,0,38,200,16,16,0.1,val,server,3,31,553,584,True,0.7555562036983025
Tox21,fedavg_proto,0.5,0,38,200,16,16,0.1,val,server,4,83,531,614,True,0.7585142831211853
Tox21,fedavg_proto,0.5,0,38,200,16,16,0.1,val,server,5,49,647,696,True,0.8300476295618712
Tox21,fedavg_proto,0.5,0,38,200,16,16,0.1,val,server,6,18,623,641,True,0.6654182272159801
Tox21,fedavg_proto,0.5,0,38,200,16,16,0.1,val,server,7,89,478,567,True,0.7396925391377933
Tox21,fedavg_proto,0.5,0,38,200,16,16,0.1,val,server,8,32,672,704,True,0.8355654761904762
Tox21,fedavg_proto,0.5,0,38,200,16,16,0.1,val,server,9,33,588,621,True,0.7310863739435168
Tox21,fedavg_proto,0.5,0,38,200,16,16,0.1,val,server,10,103,474,577,True,0.8647331121215845
Tox21,fedavg_proto,0.5,0,38,200,16,16,0.1,val,server,11,42,627,669,True,0.8069415964152806
Tox21,fedavg_proto,0.5,0,38,200,16,16,0.1,val,client_0,0,27,706,733,True,0.7263665932221173
Tox21,fedavg_proto,0.5,0,38,200,16,16,0.1,val,client_0,1,21,659,680,True,0.8411734951947395
Tox21,fedavg_proto,0.5,0,38,200,16,16,0.1,val,client_0,2,83,573,656,True,0.8497865808784877
Tox21,fedavg_proto,0.5,0,38,200,16,16,0.1,val,client_0,3,31,553,584,True,0.7532228898092516
Tox21,fedavg_proto,0.5,0,38,200,16,16,0.1,val,client_0,4,83,531,614,True,0.7430853356930547
Tox21,fedavg_proto,0.5,0,38,200,16,16,0.1,val,client_0,5,49,647,696,True,0.8141500804340283
Tox21,fedavg_proto,0.5,0,38,200,16,16,0.1,val,client_0,6,18,623,641,True,0.6566791510611736
Tox21,fedavg_proto,0.5,0,38,200,16,16,0.1,val,client_0,7,89,478,567,True,0.7378355507498472
Tox21,fedavg_proto,0.5,0,38,200,16,16,0.1,val,client_0,8,32,672,704,True,0.8375651041666666
Tox21,fedavg_proto,0.5,0,38,200,16,16,0.1,val,client_0,9,33,588,621,True,0.7430426716141002
Tox21,fedavg_proto,0.5,0,38,200,16,16,0.1,val,client_0,10,103,474,577,True,0.8591208881242063
Tox21,fedavg_proto,0.5,0,38,200,16,16,0.1,val,client_0,11,42,627,669,True,0.8069036226930963
Tox21,fedavg_proto,0.5,0,38,200,16,16,0.1,val,client_1,0,27,706,733,True,0.7450949533102508
Tox21,fedavg_proto,0.5,0,38,200,16,16,0.1,val,client_1,1,21,659,680,True,0.8159549100368523
Tox21,fedavg_proto,0.5,0,38,200,16,16,0.1,val,client_1,2,83,573,656,True,0.8538867511932547
Tox21,fedavg_proto,0.5,0,38,200,16,16,0.1,val,client_1,3,31,553,584,True,0.7673394388380097
Tox21,fedavg_proto,0.5,0,38,200,16,16,0.1,val,client_1,4,83,531,614,True,0.7527057382070654
Tox21,fedavg_proto,0.5,0,38,200,16,16,0.1,val,client_1,5,49,647,696,True,0.8335804182569473
Tox21,fedavg_proto,0.5,0,38,200,16,16,0.1,val,client_1,6,18,623,641,True,0.6428571428571429
Tox21,fedavg_proto,0.5,0,38,200,16,16,0.1,val,client_1,7,89,478,567,True,0.729490856095153
Tox21,fedavg_proto,0.5,0,38,200,16,16,0.1,val,client_1,8,32,672,704,True,0.8100353422619048
Tox21,fedavg_proto,0.5,0,38,200,16,16,0.1,val,client_1,9,33,588,621,True,0.7261389404246548
Tox21,fedavg_proto,0.5,0,38,200,16,16,0.1,val,client_1,10,103,474,577,True,0.8644258735815821
Tox21,fedavg_proto,0.5,0,38,200,16,16,0.1,val,client_1,11,42,627,669,True,0.7800182273866486
Tox21,fedavg_proto,0.5,0,38,200,16,16,0.1,val,client_2,0,27,706,733,True,0.7276781030322107
Tox21,fedavg_proto,0.5,0,38,200,16,16,0.1,val,client_2,1,21,659,680,True,0.8391502276176024
Tox21,fedavg_proto,0.5,0,38,200,16,16,0.1,val,client_2,2,83,573,656,True,0.8387686873147038
Tox21,fedavg_proto,0.5,0,38,200,16,16,0.1,val,client_2,3,31,553,584,True,0.7309397421688153
Tox21,fedavg_proto,0.5,0,38,200,16,16,0.1,val,client_2,4,83,531,614,True,0.7641640006353096
Tox21,fedavg_proto,0.5,0,38,200,16,16,0.1,val,client_2,5,49,647,696,True,0.8220673122417438
Tox21,fedavg_proto,0.5,0,38,200,16,16,0.1,val,client_2,6,18,623,641,True,0.6641697877652935
Tox21,fedavg_proto,0.5,0,38,200,16,16,0.1,val,client_2,7,89,478,567,True,0.7236613229279298
Tox21,fedavg_proto,0.5,0,38,200,16,16,0.1,val,client_2,8,32,672,704,True,0.847842261904762
Tox21,fedavg_proto,0.5,0,38,200,16,16,0.1,val,client_2,9,33,588,621,True,0.709544423830138
Tox21,fedavg_proto,0.5,0,38,200,16,16,0.1,val,client_2,10,103,474,577,True,0.8508664126828069
Tox21,fedavg_proto,0.5,0,38,200,16,16,0.1,val,client_2,11,42,627,669,True,0.8091060985797828
Tox21,fedavg_proto,0.5,0,38,200,16,16,0.1,val,client_3,0,27,706,733,True,0.7365963697408456
Tox21,fedavg_proto,0.5,0,38,200,16,16,0.1,val,client_3,1,21,659,680,True,0.8336585013368017
Tox21,fedavg_proto,0.5,0,38,200,16,16,0.1,val,client_3,2,83,573,656,True,0.8411236569313905
Tox21,fedavg_proto,0.5,0,38,200,16,16,0.1,val,client_3,3,31,553,584,True,0.7519395671702735
Tox21,fedavg_proto,0.5,0,38,200,16,16,0.1,val,client_3,4,83,531,614,True,0.7602160052639939
Tox21,fedavg_proto,0.5,0,38,200,16,16,0.1,val,client_3,5,49,647,696,True,0.8330441914014447
Tox21,fedavg_proto,0.5,0,38,200,16,16,0.1,val,client_3,6,18,623,641,True,0.7009095773140718
Tox21,fedavg_proto,0.5,0,38,200,16,16,0.1,val,client_3,7,89,478,567,True,0.7277278924357106
Tox21,fedavg_proto,0.5,0,38,200,16,16,0.1,val,client_3,8,32,672,704,True,0.8184988839285714
Tox21,fedavg_proto,0.5,0,38,200,16,16,0.1,val,client_3,9,33,588,621,True,0.7166563595135025
Tox21,fedavg_proto,0.5,0,38,200,16,16,0.1,val,client_3,10,103,474,577,True,0.8501085576174675
Tox21,fedavg_proto,0.5,0,38,200,16,16,0.1,val,client_3,11,42,627,669,True,0.8058023847497532
Tox21,fedavg_proto,0.5,0,38,200,16,16,0.1,test,server,0,33,701,734,True,0.7522154497903428
Tox21,fedavg_proto,0.5,0,38,200,16,16,0.1,test,server,1,25,664,689,True,0.8540963855421687
Tox21,fedavg_proto,0.5,0,38,200,16,16,0.1,test,server,2,65,590,655,True,0.8671707953063885
Tox21,fedavg_proto,0.5,0,38,200,16,16,0.1,test,server,3,40,560,600,True,0.7523214285714286
Tox21,fedavg_proto,0.5,0,38,200,16,16,0.1,test,server,4,96,540,636,True,0.6966435185185185
Tox21,fedavg_proto,0.5,0,38,200,16,16,0.1,test,server,5,37,651,688,True,0.7792170050234567
Tox21,fedavg_proto,0.5,0,38,200,16,16,0.1,test,server,6,17,637,654,True,0.6842737094837935
Tox21,fedavg_proto,0.5,0,38,200,16,16,0.1,test,server,7,111,482,593,True,0.7441030241860117
Tox21,fedavg_proto,0.5,0,38,200,16,16,0.1,test,server,8,24,685,709,True,0.767396593673966
Tox21,fedavg_proto,0.5,0,38,200,16,16,0.1,test,server,9,39,600,639,True,0.7346581196581197
Tox21,fedavg_proto,0.5,0,38,200,16,16,0.1,test,server,10,98,502,600,True,0.8081144808521018
Tox21,fedavg_proto,0.5,0,38,200,16,16,0.1,test,server,11,35,636,671,True,0.7252470799640611
Tox21,fedavg_proto,0.5,0,38,200,16,16,0.1,test,client_0,0,33,701,734,True,0.746811913716336
Tox21,fedavg_proto,0.5,0,38,200,16,16,0.1,test,client_0,1,25,664,689,True,0.8493975903614458
Tox21,fedavg_proto,0.5,0,38,200,16,16,0.1,test,client_0,2,65,590,655,True,0.863076923076923
Tox21,fedavg_proto,0.5,0,38,200,16,16,0.1,test,client_0,3,40,560,600,True,0.7492410714285714
Tox21,fedavg_proto,0.5,0,38,200,16,16,0.1,test,client_0,4,96,540,636,True,0.693576388888889
Tox21,fedavg_proto,0.5,0,38,200,16,16,0.1,test,client_0,5,37,651,688,True,0.7773902935193256
Tox21,fedavg_proto,0.5,0,38,200,16,16,0.1,test,client_0,6,17,637,654,True,0.6969249238156802
Tox21,fedavg_proto,0.5,0,38,200,16,16,0.1,test,client_0,7,111,482,593,True,0.7370004859631416
Tox21,fedavg_proto,0.5,0,38,200,16,16,0.1,test,client_0,8,24,685,709,True,0.7614355231143553
Tox21,fedavg_proto,0.5,0,38,200,16,16,0.1,test,client_0,9,39,600,639,True,0.7378205128205128
Tox21,fedavg_proto,0.5,0,38,200,16,16,0.1,test,client_0,10,98,502,600,True,0.8075453288885275
Tox21,fedavg_proto,0.5,0,38,200,16,16,0.1,test,client_0,11,35,636,671,True,0.722596585804133
Tox21,fedavg_proto,0.5,0,38,200,16,16,0.1,test,client_1,0,33,701,734,True,0.743656248649116
Tox21,fedavg_proto,0.5,0,38,200,16,16,0.1,test,client_1,1,25,664,689,True,0.8440361445783132
Tox21,fedavg_proto,0.5,0,38,200,16,16,0.1,test,client_1,2,65,590,655,True,0.8663102998696218
Tox21,fedavg_proto,0.5,0,38,200,16,16,0.1,test,client_1,3,40,560,600,True,0.7439285714285714
Tox21,fedavg_proto,0.5,0,38,200,16,16,0.1,test,client_1,4,96,540,636,True,0.6968750000000001
Tox21,fedavg_proto,0.5,0,38,200,16,16,0.1,test,client_1,5,37,651,688,True,0.7859841408228505
Tox21,fedavg_proto,0.5,0,38,200,16,16,0.1,test,client_1,6,17,637,654,True,0.6708837381106288
Tox21,fedavg_proto,0.5,0,38,200,16,16,0.1,test,client_1,7,111,482,593,True,0.7327950356996001
Tox21,fedavg_proto,0.5,0,38,200,16,16,0.1,test,client_1,8,24,685,709,True,0.7658759124087592
Tox21,fedavg_proto,0.5,0,38,200,16,16,0.1,test,client_1,9,39,600,639,True,0.7327350427350428
Tox21,fedavg_proto,0.5,0,38,200,16,16,0.1,test,client_1,10,98,502,600,True,0.8071794454833726
Tox21,fedavg_proto,0.5,0,38,200,16,16,0.1,test,client_1,11,35,636,671,True,0.7247529200359388
Tox21,fedavg_proto,0.5,0,38,200,16,16,0.1,test,client_2,0,33,701,734,True,0.7361777547226904
Tox21,fedavg_proto,0.5,0,38,200,16,16,0.1,test,client_2,1,25,664,689,True,0.8487951807228915
Tox21,fedavg_proto,0.5,0,38,200,16,16,0.1,test,client_2,2,65,590,655,True,0.861825293350717
Tox21,fedavg_proto,0.5,0,38,200,16,16,0.1,test,client_2,3,40,560,600,True,0.7355803571428572
Tox21,fedavg_proto,0.5,0,38,200,16,16,0.1,test,client_2,4,96,540,636,True,0.670601851851852
Tox21,fedavg_proto,0.5,0,38,200,16,16,0.1,test,client_2,5,37,651,688,True,0.7318470544276996
Tox21,fedavg_proto,0.5,0,38,200,16,16,0.1,test,client_2,6,17,637,654,True,0.7264752054668021
Tox21,fedavg_proto,0.5,0,38,200,16,16,0.1,test,client_2,7,111,482,593,True,0.751411162199544
Tox21,fedavg_proto,0.5,0,38,200,16,16,0.1,test,client_2,8,24,685,709,True,0.7290754257907542
Tox21,fedavg_proto,0.5,0,38,200,16,16,0.1,test,client_2,9,39,600,639,True,0.744017094017094
Tox21,fedavg_proto,0.5,0,38,200,16,16,0.1,test,client_2,10,98,502,600,True,0.8003292950646393
Tox21,fedavg_proto,0.5,0,38,200,16,16,0.1,test,client_2,11,35,636,671,True,0.7231805929919137
Tox21,fedavg_proto,0.5,0,38,200,16,16,0.1,test,client_3,0,33,701,734,True,0.757186702978429
Tox21,fedavg_proto,0.5,0,38,200,16,16,0.1,test,client_3,1,25,664,689,True,0.8437951807228916
Tox21,fedavg_proto,0.5,0,38,200,16,16,0.1,test,client_3,2,65,590,655,True,0.858748370273794
Tox21,fedavg_proto,0.5,0,38,200,16,16,0.1,test,client_3,3,40,560,600,True,0.7397767857142857
Tox21,fedavg_proto,0.5,0,38,200,16,16,0.1,test,client_3,4,96,540,636,True,0.6985725308641977
Tox21,fedavg_proto,0.5,0,38,200,16,16,0.1,test,client_3,5,37,651,688,True,0.7856520114584631
Tox21,fedavg_proto,0.5,0,38,200,16,16,0.1,test,client_3,6,17,637,654,True,0.634499953827685
Tox21,fedavg_proto,0.5,0,38,200,16,16,0.1,test,client_3,7,111,482,593,True,0.7195618855369892
Tox21,fedavg_proto,0.5,0,38,200,16,16,0.1,test,client_3,8,24,685,709,True,0.7453771289537714
Tox21,fedavg_proto,0.5,0,38,200,16,16,0.1,test,client_3,9,39,600,639,True,0.7233333333333333
Tox21,fedavg_proto,0.5,0,38,200,16,16,0.1,test,client_3,10,98,502,600,True,0.7908366533864541
Tox21,fedavg_proto,0.5,0,38,200,16,16,0.1,test,client_3,11,35,636,671,True,0.7300988319856244
Tox21,fedavg_proto,0.5,0,39,200,16,16,0.1,val,server,0,27,706,733,True,0.7347077956143112
Tox21,fedavg_proto,0.5,0,39,200,16,16,0.1,val,server,1,21,659,680,True,0.8351036924633282
Tox21,fedavg_proto,0.5,0,39,200,16,16,0.1,val,server,2,83,573,656,True,0.8540129102798629
Tox21,fedavg_proto,0.5,0,39,200,16,16,0.1,val,server,3,31,553,584,True,0.7616228198098349
Tox21,fedavg_proto,0.5,0,39,200,16,16,0.1,val,server,4,83,531,614,True,0.7557461484355501
Tox21,fedavg_proto,0.5,0,39,200,16,16,0.1,val,server,5,49,647,696,True,0.8300791723180769
Tox21,fedavg_proto,0.5,0,39,200,16,16,0.1,val,server,6,18,623,641,True,0.66354556803995
Tox21,fedavg_proto,0.5,0,39,200,16,16,0.1,val,server,7,89,478,567,True,0.7418551078933759
Tox21,fedavg_proto,0.5,0,39,200,16,16,0.1,val,server,8,32,672,704,True,0.8287295386904762
Tox21,fedavg_proto,0.5,0,39,200,16,16,0.1,val,server,9,33,588,621,True,0.7292310863739436
Tox21,fedavg_proto,0.5,0,39,200,16,16,0.1,val,server,10,103,474,577,True,0.8683585268936136
Tox21,fedavg_proto,0.5,0,39,200,16,16,0.1,val,server,11,42,627,669,True,0.80622009569378
Tox21,fedavg_proto,0.5,0,39,200,16,16,0.1,val,client_0,0,27,706,733,True,0.7288322316650928
Tox21,fedavg_proto,0.5,0,39,200,16,16,0.1,val,client_0,1,21,659,680,True,0.829250668400896
Tox21,fedavg_proto,0.5,0,39,200,16,16,0.1,val,client_0,2,83,573,656,True,0.8516369141487417
Tox21,fedavg_proto,0.5,0,39,200,16,16,0.1,val,client_0,3,31,553,584,True,0.7510645744618795
Tox21,fedavg_proto,0.5,0,39,200,16,16,0.1,val,client_0,4,83,531,614,True,0.7500056724071427
Tox21,fedavg_proto,0.5,0,39,200,16,16,0.1,val,client_0,5,49,647,696,True,0.819701605526291
Tox21,fedavg_proto,0.5,0,39,200,16,16,0.1,val,client_0,6,18,623,641,True,0.6404494382022472
Tox21,fedavg_proto,0.5,0,39,200,16,16,0.1,val,client_0,7,89,478,567,True,0.7410794038832211
Tox21,fedavg_proto,0.5,0,39,200,16,16,0.1,val,client_0,8,32,672,704,True,0.828218005952381
Tox21,fedavg_proto,0.5,0,39,200,16,16,0.1,val,client_0,9,33,588,621,True,0.729282622139765
Tox21,fedavg_proto,0.5,0,39,200,16,16,0.1,val,client_0,10,103,474,577,True,0.8626643726189014
Tox21,fedavg_proto,0.5,0,39,200,16,16,0.1,val,client_0,11,42,627,669,True,0.8038277511961722
Tox21,fedavg_proto,0.5,0,39,200,16,16,0.1,val,client_1,0,27,706,733,True,0.7349700975763299
Tox21,fedavg_proto,0.5,0,39,200,16,16,0.1,val,client_1,1,21,659,680,True,0.81010188597442
Tox21,fedavg_proto,0.5,0,39,200,16,16,0.1,val,client_1,2,83,573,656,True,0.8665867659118148
Tox21,fedavg_proto,0.5,0,39,200,16,16,0.1,val,client_1,3,31,553,584,True,0.773172723560637
Tox21,fedavg_proto,0.5,0,39,200,16,16,0.1,val,client_1,4,83,531,614,True,0.7488938806071744
Tox21,fedavg_proto,0.5,0,39,200,16,16,0.1,val,client_1,5,49,647,696,True,0.8317509383969971
Tox21,fedavg_proto,0.5,0,39,200,16,16,0.1,val,client_1,6,18,623,641,True,0.6359907258783662
Tox21,fedavg_proto,0.5,0,39,200,16,16,0.1,val,client_1,7,89,478,567,True,0.7312303135724697
Tox21,fedavg_proto,0.5,0,39,200,16,16,0.1,val,client_1,8,32,672,704,True,0.8122674851190477
Tox21,fedavg_proto,0.5,0,39,200,16,16,0.1,val,client_1,9,33,588,621,True,0.7311379097093383
Tox21,fedavg_proto,0.5,0,39,200,16,16,0.1,val,client_1,10,103,474,577,True,0.8647945598295851
Tox21,fedavg_proto,0.5,0,39,200,16,16,0.1,val,client_1,11,42,627,669,True,0.7844611528822054
Tox21,fedavg_proto,0.5,0,39,200,16,16,0.1,val,client_2,0,27,706,733,True,0.74325883957612
Tox21,fedavg_proto,0.5,0,39,200,16,16,0.1,val,client_2,1,21,659,680,True,0.8532408411012357
Tox21,fedavg_proto,0.5,0,39,200,16,16,0.1,val,client_2,2,83,573,656,True,0.8497445278496184
Tox21,fedavg_proto,0.5,0,39,200,16,16,0.1,val,client_2,3,31,553,584,True,0.7490812576561862
Tox21,fedavg_proto,0.5,0,39,200,16,16,0.1,val,client_2,4,83,531,614,True,0.7613958659496745
Tox21,fedavg_proto,0.5,0,39,200,16,16,0.1,val,client_2,5,49,647,696,True,0.824937703056493
Tox21,fedavg_proto,0.5,0,39,200,16,16,0.1,val,client_2,6,18,623,641,True,0.6816479400749065
Tox21,fedavg_proto,0.5,0,39,200,16,16,0.1,val,client_2,7,89,478,567,True,0.7323586103145127
Tox21,fedavg_proto,0.5,0,39,200,16,16,0.1,val,client_2,8,32,672,704,True,0.8453311011904762
Tox21,fedavg_proto,0.5,0,39,200,16,16,0.1,val,client_2,9,33,588,621,True,0.7153679653679654
Tox21,fedavg_proto,0.5,0,39,200,16,16,0.1,val,client_2,10,103,474,577,True,0.8580967596575314
Tox21,fedavg_proto,0.5,0,39,200,16,16,0.1,val,client_2,11,42,627,669,True,0.8150299992405255
Tox21,fedavg_proto,0.5,0,39,200,16,16,0.1,val,client_3,0,27,706,733,True,0.7397439932850699
Tox21,fedavg_proto,0.5,0,39,200,16,16,0.1,val,client_3,1,21,659,680,True,0.832574607991907
Tox21,fedavg_proto,0.5,0,39,200,16,16,0.1,val,client_3,2,83,573,656,True,0.8399041190941778
Tox21,fedavg_proto,0.5,0,39,200,16,16,0.1,val,client_3,3,31,553,584,True,0.7613894884209299
Tox21,fedavg_proto,0.5,0,39,200,16,16,0.1,val,client_3,4,83,531,614,True,0.7523653937785038
Tox21,fedavg_proto,0.5,0,39,200,16,16,0.1,val,client_3,5,49,647,696,True,0.8285966627763934
Tox21,fedavg_proto,0.5,0,39,200,16,16,0.1,val,client_3,6,18,623,641,True,0.7013554485464598
Tox21,fedavg_proto,0.5,0,39,200,16,16,0.1,val,client_3,7,89,478,567,True,0.7323115979502609
Tox21,fedavg_proto,0.5,0,39,200,16,16,0.1,val,client_3,8,32,672,704,True,0.8149646577380952
Tox21,fedavg_proto,0.5,0,39,200,16,16,0.1,val,client_3,9,33,588,621,True,0.7188208616780045
Tox21,fedavg_proto,0.5,0,39,200,16,16,0.1,val,client_3,10,103,474,577,True,0.8591004055548728
Tox21,fedavg_proto,0.5,0,39,200,16,16,0.1,val,client_3,11,42,627,669,True,0.804549251917673
Tox21,fedavg_proto,0.5,0,39,200,16,16,0.1,test,server,0,33,701,734,True,0.7472874248908487
Tox21,fedavg_proto,0.5,0,39,200,16,16,0.1,test,server,1,25,664,689,True,0.8514457831325302
Tox21,fedavg_proto,0.5,0,39,200,16,16,0.1,test,server,2,65,590,655,True,0.8635723598435463
Tox21,fedavg_proto,0.5,0,39,200,16,16,0.1,test,server,3,40,560,600,True,0.7549553571428571
Tox21,fedavg_proto,0.5,0,39,200,16,16,0.1,test,server,4,96,540,636,True,0.7012538580246913
Tox21,fedavg_proto,0.5,0,39,200,16,16,0.1,test,server,5,37,651,688,True,0.7852368497529788
Tox21,fedavg_proto,0.5,0,39,200,16,16,0.1,test,server,6,17,637,654,True,0.6919383137870533
Tox21,fedavg_proto,0.5,0,39,200,16,16,0.1,test,server,7,111,482,593,True,0.7460281858622109
Tox21,fedavg_proto,0.5,0,39,200,16,16,0.1,test,server,8,24,685,709,True,0.7731143552311436
Tox21,fedavg_proto,0.5,0,39,200,16,16,0.1,test,server,9,39,600,639,True,0.7456837606837606
Tox21,fedavg_proto,0.5,0,39,200,16,16,0.1,test,server,10,98,502,600,True,0.8161435889096674
Tox21,fedavg_proto,0.5,0,39,200,16,16,0.1,test,server,11,35,636,671,True,0.7280323450134771
Tox21,fedavg_proto,0.5,0,39,200,16,16,0.1,test,client_0,0,33,701,734,True,0.7551982017031946
Tox21,fedavg_proto,0.5,0,39,200,16,16,0.1,test,client_0,1,25,664,689,True,0.8503012048192771
Tox21,fedavg_proto,0.5,0,39,200,16,16,0.1,test,client_0,2,65,590,655,True,0.8584876140808345
Tox21,fedavg_proto,0.5,0,39,200,16,16,0.1,test,client_0,3,40,560,600,True,0.74625
Tox21,fedavg_proto,0.5,0,39,200,16,16,0.1,test,client_0,4,96,540,636,True,0.7059992283950618
Tox21,fedavg_proto,0.5,0,39,200,16,16,0.1,test,client_0,5,37,651,688,True,0.7897621123427575
Tox21,fedavg_proto,0.5,0,39,200,16,16,0.1,test,client_0,6,17,637,654,True,0.6863052913473082
Tox21,fedavg_proto,0.5,0,39,200,16,16,0.1,test,client_0,7,111,482,593,True,0.7318418003065307
Tox21,fedavg_proto,0.5,0,39,200,16,16,0.1,test,client_0,8,24,685,709,True,0.7620437956204379
Tox21,fedavg_proto,0.5,0,39,200,16,16,0.1,test,client_0,9,39,600,639,True,0.7361538461538462
Tox21,fedavg_proto,0.5,0,39,200,16,16,0.1,test,client_0,10,98,502,600,True,0.8141718838929993
Tox21,fedavg_proto,0.5,0,39,200,16,16,0.1,test,client_0,11,35,636,671,True,0.7158131176999102
Tox21,fedavg_proto,0.5,0,39,200,16,16,0.1,test,client_1,0,33,701,734,True,0.7353564172394416
Tox21,fedavg_proto,0.5,0,39,200,16,16,0.1,test,client_1,1,25,664,689,True,0.8414457831325302
Tox21,fedavg_proto,0.5,0,39,200,16,16,0.1,test,client_1,2,65,590,655,True,0.8565319426336375
Tox21,fedavg_proto,0.5,0,39,200,16,16,0.1,test,client_1,3,40,560,600,True,0.7455357142857142
Tox21,fedavg_proto,0.5,0,39,200,16,16,0.1,test,client_1,4,96,540,636,True,0.7053819444444444
Tox21,fedavg_proto,0.5,0,39,200,16,16,0.1,test,client_1,5,37,651,688,True,0.7952007306846016
Tox21,fedavg_proto,0.5,0,39,200,16,16,0.1,test,client_1,6,17,637,654,True,0.6780866192630899
Tox21,fedavg_proto,0.5,0,39,200,16,16,0.1,test,client_1,7,111,482,593,True,0.7379911031363313
Tox21,fedavg_proto,0.5,0,39,200,16,16,0.1,test,client_1,8,24,685,709,True,0.7702554744525547
Tox21,fedavg_proto,0.5,0,39,200,16,16,0.1,test,client_1,9,39,600,639,True,0.7379914529914529
Tox21,fedavg_proto,0.5,0,39,200,16,16,0.1,test,client_1,10,98,502,600,True,0.8152288803967802
Tox21,fedavg_proto,0.5,0,39,200,16,16,0.1,test,client_1,11,35,636,671,True,0.724618149146451
Tox21,fedavg_proto,0.5,0,39,200,16,16,0.1,test,client_2,0,33,701,734,True,0.742143258548394
Tox21,fedavg_proto,0.5,0,39,200,16,16,0.1,test,client_2,1,25,664,689,True,0.8423493975903614
Tox21,fedavg_proto,0.5,0,39,200,16,16,0.1,test,client_2,2,65,590,655,True,0.864432855280313
Tox21,fedavg_proto,0.5,0,39,200,16,16,0.1,test,client_2,3,40,560,600,True,0.7546875000000001
Tox21,fedavg_proto,0.5,0,39,200,16,16,0.1,test,client_2,4,96,540,636,True,0.6691743827160493
Tox21,fedavg_proto,0.5,0,39,200,16,16,0.1,test,client_2,5,37,651,688,True,0.7347116701955412
Tox21,fedavg_proto,0.5,0,39,200,16,16,0.1,test,client_2,6,17,637,654,True,0.7455905439098717
Tox21,fedavg_proto,0.5,0,39,200,16,16,0.1,test,client_2,7,111,482,593,True,0.7564203207356734
Tox21,fedavg_proto,0.5,0,39,200,16,16,0.1,test,client_2,8,24,685,709,True,0.7437956204379562
Tox21,fedavg_proto,0.5,0,39,200,16,16,0.1,test,client_2,9,39,600,639,True,0.750940170940171
Tox21,fedavg_proto,0.5,0,39,200,16,16,0.1,test,client_2,10,98,502,600,True,0.8005528904789008
Tox21,fedavg_proto,0.5,0,39,200,16,16,0.1,test,client_2,11,35,636,671,True,0.7217430368373765
Tox21,fedavg_proto,0.5,0,39,200,16,16,0.1,test,client_3,0,33,701,734,True,0.7503134050922925
Tox21,fedavg_proto,0.5,0,39,200,16,16,0.1,test,client_3,1,25,664,689,True,0.8450903614457832
Tox21,fedavg_proto,0.5,0,39,200,16,16,0.1,test,client_3,2,65,590,655,True,0.8552542372881355
Tox21,fedavg_proto,0.5,0,39,200,16,16,0.1,test,client_3,3,40,560,600,True,0.7487499999999999
Tox21,fedavg_proto,0.5,0,39,200,16,16,0.1,test,client_3,4,96,540,636,True,0.6990547839506173
Tox21,fedavg_proto,0.5,0,39,200,16,16,0.1,test,client_3,5,37,651,688,True,0.7908830489475651
Tox21,fedavg_proto,0.5,0,39,200,16,16,0.1,test,client_3,6,17,637,654,True,0.658324868408902
Tox21,fedavg_proto,0.5,0,39,200,16,16,0.1,test,client_3,7,111,482,593,True,0.730159620201114
Tox21,fedavg_proto,0.5,0,39,200,16,16,0.1,test,client_3,8,24,685,709,True,0.7635644768856448
Tox21,fedavg_proto,0.5,0,39,200,16,16,0.1,test,client_3,9,39,600,639,True,0.7471367521367521
Tox21,fedavg_proto,0.5,0,39,200,16,16,0.1,test,client_3,10,98,502,600,True,0.8013862915684201
Tox21,fedavg_proto,0.5,0,39,200,16,16,0.1,test,client_3,11,35,636,671,True,0.7414645103324349
Tox21,fedavg_proto,0.5,0,40,200,16,16,0.1,val,server,0,27,706,733,True,0.7255272269436576
Tox21,fedavg_proto,0.5,0,40,200,16,16,0.1,val,server,1,21,659,680,True,0.8335862417804755
Tox21,fedavg_proto,0.5,0,40,200,16,16,0.1,val,server,2,83,573,656,True,0.8531087701591706
Tox21,fedavg_proto,0.5,0,40,200,16,16,0.1,val,server,3,31,553,584,True,0.7611561570320248
Tox21,fedavg_proto,0.5,0,40,200,16,16,0.1,val,server,4,83,531,614,True,0.7558822862069747
Tox21,fedavg_proto,0.5,0,40,200,16,16,0.1,val,server,5,49,647,696,True,0.829953001293253
Tox21,fedavg_proto,0.5,0,40,200,16,16,0.1,val,server,6,18,623,641,True,0.6660424469413233
Tox21,fedavg_proto,0.5,0,40,200,16,16,0.1,val,server,7,89,478,567,True,0.7412204409759766
Tox21,fedavg_proto,0.5,0,40,200,16,16,0.1,val,server,8,32,672,704,True,0.8304501488095238
Tox21,fedavg_proto,0.5,0,40,200,16,16,0.1,val,server,9,33,588,621,True,0.7303133374561948
Tox21,fedavg_proto,0.5,0,40,200,16,16,0.1,val,server,10,103,474,577,True,0.8674777764122732
Tox21,fedavg_proto,0.5,0,40,200,16,16,0.1,val,server,11,42,627,669,True,0.809599756968178
Tox21,fedavg_proto,0.5,0,40,200,16,16,0.1,val,client_0,0,27,706,733,True,0.7165040394502151
Tox21,fedavg_proto,0.5,0,40,200,16,16,0.1,val,client_0,1,21,659,680,True,0.83192427198497
Tox21,fedavg_proto,0.5,0,40,200,16,16,0.1,val,client_0,2,83,573,656,True,0.8509430391723964
Tox21,fedavg_proto,0.5,0,40,200,16,16,0.1,val,client_0,3,31,553,584,True,0.7539812168231931
Tox21,fedavg_proto,0.5,0,40,200,16,16,0.1,val,client_0,4,83,531,614,True,0.7460803666643977
Tox21,fedavg_proto,0.5,0,40,200,16,16,0.1,val,client_0,5,49,647,696,True,0.8204270889190298
Tox21,fedavg_proto,0.5,0,40,200,16,16,0.1,val,client_0,6,18,623,641,True,0.6515962190119493
Tox21,fedavg_proto,0.5,0,40,200,16,16,0.1,val,client_0,7,89,478,567,True,0.7349207841662357
Tox21,fedavg_proto,0.5,0,40,200,16,16,0.1,val,client_0,8,32,672,704,True,0.8327287946428572
Tox21,fedavg_proto,0.5,0,40,200,16,16,0.1,val,client_0,9,33,588,621,True,0.7346938775510204
Tox21,fedavg_proto,0.5,0,40,200,16,16,0.1,val,client_0,10,103,474,577,True,0.8532219081561591
Tox21,fedavg_proto,0.5,0,40,200,16,16,0.1,val,client_0,11,42,627,669,True,0.807928913192071
Tox21,fedavg_proto,0.5,0,40,200,16,16,0.1,val,client_1,0,27,706,733,True,0.7389570873990138
Tox21,fedavg_proto,0.5,0,40,200,16,16,0.1,val,client_1,1,21,659,680,True,0.8101741455307465
Tox21,fedavg_proto,0.5,0,40,200,16,16,0.1,val,client_1,2,83,573,656,True,0.8551273155449022
Tox21,fedavg_proto,0.5,0,40,200,16,16,0.1,val,client_1,3,31,553,584,True,0.7762643644636296
Tox21,fedavg_proto,0.5,0,40,200,16,16,0.1,val,client_1,4,83,531,614,True,0.748939259864316
Tox21,fedavg_proto,0.5,0,40,200,16,16,0.1,val,client_1,5,49,647,696,True,0.8319717376904393
Tox21,fedavg_proto,0.5,0,40,200,16,16,0.1,val,client_1,6,18,623,641,True,0.6367041198501873
Tox21,fedavg_proto,0.5,0,40,200,16,16,0.1,val,client_1,7,89,478,567,True,0.7322175732217573
Tox21,fedavg_proto,0.5,0,40,200,16,16,0.1,val,client_1,8,32,672,704,True,0.8088262648809523
Tox21,fedavg_proto,0.5,0,40,200,16,16,0.1,val,client_1,9,33,588,621,True,0.7269635126777984
Tox21,fedavg_proto,0.5,0,40,200,16,16,0.1,val,client_1,10,103,474,577,True,0.8661668919749294
Tox21,fedavg_proto,0.5,0,40,200,16,16,0.1,val,client_1,11,42,627,669,True,0.7790688843320422
Tox21,fedavg_proto,0.5,0,40,200,16,16,0.1,val,client_2,0,27,706,733,True,0.7341307312978701
Tox21,fedavg_proto,0.5,0,40,200,16,16,0.1,val,client_2,1,21,659,680,True,0.8556254064600043
Tox21,fedavg_proto,0.5,0,40,200,16,16,0.1,val,client_2,2,83,573,656,True,0.8503542967682247
Tox21,fedavg_proto,0.5,0,40,200,16,16,0.1,val,client_2,3,31,553,584,True,0.7453479554337048
Tox21,fedavg_proto,0.5,0,40,200,16,16,0.1,val,client_2,4,83,531,614,True,0.7582420075783359
Tox21,fedavg_proto,0.5,0,40,200,16,16,0.1,val,client_2,5,49,647,696,True,0.8246538182506388
Tox21,fedavg_proto,0.5,0,40,200,16,16,0.1,val,client_2,6,18,623,641,True,0.6812020688425182
Tox21,fedavg_proto,0.5,0,40,200,16,16,0.1,val,client_2,7,89,478,567,True,0.738611254760002
Tox21,fedavg_proto,0.5,0,40,200,16,16,0.1,val,client_2,8,32,672,704,True,0.8403087797619048
Tox21,fedavg_proto,0.5,0,40,200,16,16,0.1,val,client_2,9,33,588,621,True,0.7190270047412906
Tox21,fedavg_proto,0.5,0,40,200,16,16,0.1,val,client_2,10,103,474,577,True,0.8584449633362009
Tox21,fedavg_proto,0.5,0,40,200,16,16,0.1,val,client_2,11,42,627,669,True,0.8183716867927394
Tox21,fedavg_proto,0.5,0,40,200,16,16,0.1,val,client_3,0,27,706,733,True,0.7240058755639491
Tox21,fedavg_proto,0.5,0,40,200,16,16,0.1,val,client_3,1,21,659,680,True,0.8157381313678733
Tox21,fedavg_proto,0.5,0,40,200,16,16,0.1,val,client_3,2,83,573,656,True,0.8466746567421518
Tox21,fedavg_proto,0.5,0,40,200,16,16,0.1,val,client_3,3,31,553,584,True,0.7645394621711485
Tox21,fedavg_proto,0.5,0,40,200,16,16,0.1,val,client_3,4,83,531,614,True,0.7523880834070746
Tox21,fedavg_proto,0.5,0,40,200,16,16,0.1,val,client_3,5,49,647,696,True,0.8280919786770968
Tox21,fedavg_proto,0.5,0,40,200,16,16,0.1,val,client_3,6,18,623,641,True,0.6880684858212949
Tox21,fedavg_proto,0.5,0,40,200,16,16,0.1,val,client_3,7,89,478,567,True,0.7237318414743078
Tox21,fedavg_proto,0.5,0,40,200,16,16,0.1,val,client_3,8,32,672,704,True,0.8188244047619048
Tox21,fedavg_proto,0.5,0,40,200,16,16,0.1,val,client_3,9,33,588,621,True,0.7217068645640075
Tox21,fedavg_proto,0.5,0,40,200,16,16,0.1,val,client_3,10,103,474,577,True,0.8593666789562083
Tox21,fedavg_proto,0.5,0,40,200,16,16,0.1,val,client_3,11,42,627,669,True,0.8027265132528292
Tox21,fedavg_proto,0.5,0,40,200,16,16,0.1,test,server,0,33,701,734,True,0.7451260104612458
Tox21,fedavg_proto,0.5,0,40,200,16,16,0.1,test,server,1,25,664,689,True,0.8501807228915662
Tox21,fedavg_proto,0.5,0,40,200,16,16,0.1,test,server,2,65,590,655,True,0.8607040417209909
Tox21,fedavg_proto,0.5,0,40,200,16,16,0.1,test,server,3,40,560,600,True,0.7554017857142857
Tox21,fedavg_proto,0.5,0,40,200,16,16,0.1,test,server,4,96,540,636,True,0.7048418209876544
Tox21,fedavg_proto,0.5,0,40,200,16,16,0.1,test,server,5,37,651,688,True,0.7878938846680782
Tox21,fedavg_proto,0.5,0,40,200,16,16,0.1,test,server,6,17,637,654,True,0.709114414996768
Tox21,fedavg_proto,0.5,0,40,200,16,16,0.1,test,server,7,111,482,593,True,0.7494860005233448
Tox21,fedavg_proto,0.5,0,40,200,16,16,0.1,test,server,8,24,685,709,True,0.7724452554744525
Tox21,fedavg_proto,0.5,0,40,200,16,16,0.1,test,server,9,39,600,639,True,0.7477777777777778
Tox21,fedavg_proto,0.5,0,40,200,16,16,0.1,test,server,10,98,502,600,True,0.821509878851939
Tox21,fedavg_proto,0.5,0,40,200,16,16,0.1,test,server,11,35,636,671,True,0.7274932614555256
Tox21,fedavg_proto,0.5,0,40,200,16,16,0.1,test,client_0,0,33,701,734,True,0.7559330826092595
Tox21,fedavg_proto,0.5,0,40,200,16,16,0.1,test,client_0,1,25,664,689,True,0.8527710843373494
Tox21,fedavg_proto,0.5,0,40,200,16,16,0.1,test,client_0,2,65,590,655,True,0.8502477183833117
Tox21,fedavg_proto,0.5,0,40,200,16,16,0.1,test,client_0,3,40,560,600,True,0.7496428571428572
Tox21,fedavg_proto,0.5,0,40,200,16,16,0.1,test,client_0,4,96,540,636,True,0.7036458333333333
Tox21,fedavg_proto,0.5,0,40,200,16,16,0.1,test,client_0,5,37,651,688,True,0.7928758251338898
Tox21,fedavg_proto,0.5,0,40,200,16,16,0.1,test,client_0,6,17,637,654,True,0.6893526641425801
Tox21,fedavg_proto,0.5,0,40,200,16,16,0.1,test,client_0,7,111,482,593,True,0.7403461552839146
Tox21,fedavg_proto,0.5,0,40,200,16,16,0.1,test,client_0,8,24,685,709,True,0.7473844282238442
Tox21,fedavg_proto,0.5,0,40,200,16,16,0.1,test,client_0,9,39,600,639,True,0.7264529914529915
Tox21,fedavg_proto,0.5,0,40,200,16,16,0.1,test,client_0,10,98,502,600,True,0.8144361330189446
Tox21,fedavg_proto,0.5,0,40,200,16,16,0.1,test,client_0,11,35,636,671,True,0.7207097933513028
Tox21,fedavg_proto,0.5,0,40,200,16,16,0.1,test,client_1,0,33,701,734,True,0.7412786927765529
Tox21,fedavg_proto,0.5,0,40,200,16,16,0.1,test,client_1,1,25,664,689,True,0.8398795180722891
Tox21,fedavg_proto,0.5,0,40,200,16,16,0.1,test,client_1,2,65,590,655,True,0.8604693611473273
Tox21,fedavg_proto,0.5,0,40,200,16,16,0.1,test,client_1,3,40,560,600,True,0.7458035714285715
Tox21,fedavg_proto,0.5,0,40,200,16,16,0.1,test,client_1,4,96,540,636,True,0.7010802469135802
Tox21,fedavg_proto,0.5,0,40,200,16,16,0.1,test,client_1,5,37,651,688,True,0.7890563374434343
Tox21,fedavg_proto,0.5,0,40,200,16,16,0.1,test,client_1,6,17,637,654,True,0.6911072121156154
Tox21,fedavg_proto,0.5,0,40,200,16,16,0.1,test,client_1,7,111,482,593,True,0.7367388135022989
Tox21,fedavg_proto,0.5,0,40,200,16,16,0.1,test,client_1,8,24,685,709,True,0.7712895377128953
Tox21,fedavg_proto,0.5,0,40,200,16,16,0.1,test,client_1,9,39,600,639,True,0.7435470085470085
Tox21,fedavg_proto,0.5,0,40,200,16,16,0.1,test,client_1,10,98,502,600,True,0.8117529880478088
Tox21,fedavg_proto,0.5,0,40,200,16,16,0.1,test,client_1,11,35,636,671,True,0.7250224618149147
Tox21,fedavg_proto,0.5,0,40,200,16,16,0.1,test,client_2,0,33,701,734,True,0.7445208144209571
Tox21,fedavg_proto,0.5,0,40,200,16,16,0.1,test,client_2,1,25,664,689,True,0.8424698795180724
Tox21,fedavg_proto,0.5,0,40,200,16,16,0.1,test,client_2,2,65,590,655,True,0.8564797913950456
Tox21,fedavg_proto,0.5,0,40,200,16,16,0.1,test,client_2,3,40,560,600,True,0.7515624999999999
Tox21,fedavg_proto,0.5,0,40,200,16,16,0.1,test,client_2,4,96,540,636,True,0.6783371913580247
Tox21,fedavg_proto,0.5,0,40,200,16,16,0.1,test,client_2,5,37,651,688,True,0.7395690621497074
Tox21,fedavg_proto,0.5,0,40,200,16,16,0.1,test,client_2,6,17,637,654,True,0.7513159109797766
Tox21,fedavg_proto,0.5,0,40,200,16,16,0.1,test,client_2,7,111,482,593,True,0.7612051885910807
Tox21,fedavg_proto,0.5,0,40,200,16,16,0.1,test,client_2,8,24,685,709,True,0.7492092457420925
Tox21,fedavg_proto,0.5,0,40,200,16,16,0.1,test,client_2,9,39,600,639,True,0.7510683760683761
Tox21,fedavg_proto,0.5,0,40,200,16,16,0.1,test,client_2,10,98,502,600,True,0.8086429791039922
Tox21,fedavg_proto,0.5,0,40,200,16,16,0.1,test,client_2,11,35,636,671,True,0.7240341419586702
Tox21,fedavg_proto,0.5,0,40,200,16,16,0.1,test,client_3,0,33,701,734,True,0.7447801841525096
Tox21,fedavg_proto,0.5,0,40,200,16,16,0.1,test,client_3,1,25,664,689,True,0.8404216867469879
Tox21,fedavg_proto,0.5,0,40,200,16,16,0.1,test,client_3,2,65,590,655,True,0.8514732724902218
Tox21,fedavg_proto,0.5,0,40,200,16,16,0.1,test,client_3,3,40,560,600,True,0.7532589285714286
Tox21,fedavg_proto,0.5,0,40,200,16,16,0.1,test,client_3,4,96,540,636,True,0.7119791666666666
Tox21,fedavg_proto,0.5,0,40,200,16,16,0.1,test,client_3,5,37,651,688,True,0.8000166064682194
Tox21,fedavg_proto,0.5,0,40,200,16,16,0.1,test,client_3,6,17,637,654,True,0.6715301505217471
Tox21,fedavg_proto,0.5,0,40,200,16,16,0.1,test,client_3,7,111,482,593,True,0.7310380920339427
Tox21,fedavg_proto,0.5,0,40,200,16,16,0.1,test,client_3,8,24,685,709,True,0.7612530413625304
Tox21,fedavg_proto,0.5,0,40,200,16,16,0.1,test,client_3,9,39,600,639,True,0.749102564102564
Tox21,fedavg_proto,0.5,0,40,200,16,16,0.1,test,client_3,10,98,502,600,True,0.8095983413285633
Tox21,fedavg_proto,0.5,0,40,200,16,16,0.1,test,client_3,11,35,636,671,True,0.7291554357592092
Tox21,fedavg_proto,0.5,0,41,200,16,16,0.1,val,server,0,27,706,733,True,0.7296191375511489
Tox21,fedavg_proto,0.5,0,41,200,16,16,0.1,val,server,1,21,659,680,True,0.8405231591878026
Tox21,fedavg_proto,0.5,0,41,200,16,16,0.1,val,server,2,83,573,656,True,0.8523728421539561
Tox21,fedavg_proto,0.5,0,41,200,16,16,0.1,val,server,3,31,553,584,True,0.7604561628653094
Tox21,fedavg_proto,0.5,0,41,200,16,16,0.1,val,server,4,83,531,614,True,0.7608966941211173
Tox21,fedavg_proto,0.5,0,41,200,16,16,0.1,val,server,5,49,647,696,True,0.8365769800965208
Tox21,fedavg_proto,0.5,0,41,200,16,16,0.1,val,server,6,18,623,641,True,0.6728196896736223
Tox21,fedavg_proto,0.5,0,41,200,16,16,0.1,val,server,7,89,478,567,True,0.7408913544262141
Tox21,fedavg_proto,0.5,0,41,200,16,16,0.1,val,server,8,32,672,704,True,0.8311476934523809
Tox21,fedavg_proto,0.5,0,41,200,16,16,0.1,val,server,9,33,588,621,True,0.7331478045763761
Tox21,fedavg_proto,0.5,0,41,200,16,16,0.1,val,server,10,103,474,577,True,0.8669452296096022
Tox21,fedavg_proto,0.5,0,41,200,16,16,0.1,val,server,11,42,627,669,True,0.8134351029087871
Tox21,fedavg_proto,0.5,0,41,200,16,16,0.1,val,client_0,0,27,706,733,True,0.7268387367537509
Tox21,fedavg_proto,0.5,0,41,200,16,16,0.1,val,client_0,1,21,659,680,True,0.831057157309054
Tox21,fedavg_proto,0.5,0,41,200,16,16,0.1,val,client_0,2,83,573,656,True,0.8471162135452805
Tox21,fedavg_proto,0.5,0,41,200,16,16,0.1,val,client_0,3,31,553,584,True,0.745406288280931
Tox21,fedavg_proto,0.5,0,41,200,16,16,0.1,val,client_0,4,83,531,614,True,0.7488485013500329
Tox21,fedavg_proto,0.5,0,41,200,16,16,0.1,val,client_0,5,49,647,696,True,0.8256631864492319
Tox21,fedavg_proto,0.5,0,41,200,16,16,0.1,val,client_0,6,18,623,641,True,0.6664883181737113
Tox21,fedavg_proto,0.5,0,41,200,16,16,0.1,val,client_0,7,89,478,567,True,0.7336279441493113
Tox21,fedavg_proto,0.5,0,41,200,16,16,0.1,val,client_0,8,32,672,704,True,0.8276599702380951
Tox21,fedavg_proto,0.5,0,41,200,16,16,0.1,val,client_0,9,33,588,621,True,0.7288703360131932
Tox21,fedavg_proto,0.5,0,41,200,16,16,0.1,val,client_0,10,103,474,577,True,0.8521568145508173
Tox21,fedavg_proto,0.5,0,41,200,16,16,0.1,val,client_0,11,42,627,669,True,0.8054226475279108
Tox21,fedavg_proto,0.5,0,41,200,16,16,0.1,val,client_1,0,27,706,733,True,0.7482950372468785
Tox21,fedavg_proto,0.5,0,41,200,16,16,0.1,val,client_1,1,21,659,680,True,0.8278054772743695
Tox21,fedavg_proto,0.5,0,41,200,16,16,0.1,val,client_1,2,83,573,656,True,0.8585546373977585
Tox21,fedavg_proto,0.5,0,41,200,16,16,0.1,val,client_1,3,31,553,584,True,0.7687394271714403
Tox21,fedavg_proto,0.5,0,41,200,16,16,0.1,val,client_1,4,83,531,614,True,0.753499875207043
Tox21,fedavg_proto,0.5,0,41,200,16,16,0.1,val,client_1,5,49,647,696,True,0.840046683279185
Tox21,fedavg_proto,0.5,0,41,200,16,16,0.1,val,client_1,6,18,623,641,True,0.6604244694132334
Tox21,fedavg_proto,0.5,0,41,200,16,16,0.1,val,client_1,7,89,478,567,True,0.7309012270227069
Tox21,fedavg_proto,0.5,0,41,200,16,16,0.1,val,client_1,8,32,672,704,True,0.8046409970238095
Tox21,fedavg_proto,0.5,0,41,200,16,16,0.1,val,client_1,9,33,588,621,True,0.7281488352916924
Tox21,fedavg_proto,0.5,0,41,200,16,16,0.1,val,client_1,10,103,474,577,True,0.8642005653189136
Tox21,fedavg_proto,0.5,0,41,200,16,16,0.1,val,client_1,11,42,627,669,True,0.7817650186071239
Tox21,fedavg_proto,0.5,0,41,200,16,16,0.1,val,client_2,0,27,706,733,True,0.7314552512852796
Tox21,fedavg_proto,0.5,0,41,200,16,16,0.1,val,client_2,1,21,659,680,True,0.8550473300093938
Tox21,fedavg_proto,0.5,0,41,200,16,16,0.1,val,client_2,2,83,573,656,True,0.8483778044113628
Tox21,fedavg_proto,0.5,0,41,200,16,16,0.1,val,client_2,3,31,553,584,True,0.7494312547395439
Tox21,fedavg_proto,0.5,0,41,200,16,16,0.1,val,client_2,4,83,531,614,True,0.7640732421210266
Tox21,fedavg_proto,0.5,0,41,200,16,16,0.1,val,client_2,5,49,647,696,True,0.8231713087089549
Tox21,fedavg_proto,0.5,0,41,200,16,16,0.1,val,client_2,6,18,623,641,True,0.6748706973426075
Tox21,fedavg_proto,0.5,0,41,200,16,16,0.1,val,client_2,7,89,478,567,True,0.7413379718866062
Tox21,fedavg_proto,0.5,0,41,200,16,16,0.1,val,client_2,8,32,672,704,True,0.841796875
Tox21,fedavg_proto,0.5,0,41,200,16,16,0.1,val,client_2,9,33,588,621,True,0.7193877551020408
Tox21,fedavg_proto,0.5,0,41,200,16,16,0.1,val,client_2,10,103,474,577,True,0.8614149358895579
Tox21,fedavg_proto,0.5,0,41,200,16,16,0.1,val,client_2,11,42,627,669,True,0.8186375028480293
Tox21,fedavg_proto,0.5,0,41,200,16,16,0.1,val,client_3,0,27,706,733,True,0.7226419053614521
Tox21,fedavg_proto,0.5,0,41,200,16,16,0.1,val,client_3,1,21,659,680,True,0.8275164390490641
Tox21,fedavg_proto,0.5,0,41,200,16,16,0.1,val,client_3,2,83,573,656,True,0.8474946908051052
Tox21,fedavg_proto,0.5,0,41,200,16,16,0.1,val,client_3,3,31,553,584,True,0.7698477512687395
Tox21,fedavg_proto,0.5,0,41,200,16,16,0.1,val,client_3,4,83,531,614,True,0.7560864928641118
Tox21,fedavg_proto,0.5,0,41,200,16,16,0.1,val,client_3,5,49,647,696,True,0.8312147115414944
Tox21,fedavg_proto,0.5,0,41,200,16,16,0.1,val,client_3,6,18,623,641,True,0.6901194934902801
Tox21,fedavg_proto,0.5,0,41,200,16,16,0.1,val,client_3,7,89,478,567,True,0.7273282873395703
Tox21,fedavg_proto,0.5,0,41,200,16,16,0.1,val,client_3,8,32,672,704,True,0.8176153273809523
Tox21,fedavg_proto,0.5,0,41,200,16,16,0.1,val,client_3,9,33,588,621,True,0.7260874046588333
Tox21,fedavg_proto,0.5,0,41,200,16,16,0.1,val,client_3,10,103,474,577,True,0.8567244275121871
Tox21,fedavg_proto,0.5,0,41,200,16,16,0.1,val,client_3,11,42,627,669,True,0.8104351788562315
Tox21,fedavg_proto,0.5,0,41,200,16,16,0.1,test,server,0,33,701,734,True,0.7519560800587904
Tox21,fedavg_proto,0.5,0,41,200,16,16,0.1,test,server,1,25,664,689,True,0.8495180722891567
Tox21,fedavg_proto,0.5,0,41,200,16,16,0.1,test,server,2,65,590,655,True,0.8624511082138201
Tox21,fedavg_proto,0.5,0,41,200,16,16,0.1,test,server,3,40,560,600,True,0.7544642857142858
Tox21,fedavg_proto,0.5,0,41,200,16,16,0.1,test,server,4,96,540,636,True,0.7024884259259258
Tox21,fedavg_proto,0.5,0,41,200,16,16,0.1,test,server,5,37,651,688,True,0.7844895586831071
Tox21,fedavg_proto,0.5,0,41,200,16,16,0.1,test,server,6,17,637,654,True,0.7101302059285252
Tox21,fedavg_proto,0.5,0,41,200,16,16,0.1,test,server,7,111,482,593,True,0.7479346566483496
Tox21,fedavg_proto,0.5,0,41,200,16,16,0.1,test,server,8,24,685,709,True,0.7670316301703164
Tox21,fedavg_proto,0.5,0,41,200,16,16,0.1,test,server,9,39,600,639,True,0.7434615384615385
Tox21,fedavg_proto,0.5,0,41,200,16,16,0.1,test,server,10,98,502,600,True,0.8197007886820067
Tox21,fedavg_proto,0.5,0,41,200,16,16,0.1,test,server,11,35,636,671,True,0.7259658580413297
Tox21,fedavg_proto,0.5,0,41,200,16,16,0.1,test,client_0,0,33,701,734,True,0.7643193705961181
Tox21,fedavg_proto,0.5,0,41,200,16,16,0.1,test,client_0,1,25,664,689,True,0.853132530120482
Tox21,fedavg_proto,0.5,0,41,200,16,16,0.1,test,client_0,2,65,590,655,True,0.8567926988265971
Tox21,fedavg_proto,0.5,0,41,200,16,16,0.1,test,client_0,3,40,560,600,True,0.7413392857142856
Tox21,fedavg_proto,0.5,0,41,200,16,16,0.1,test,client_0,4,96,540,636,True,0.6957561728395062
Tox21,fedavg_proto,0.5,0,41,200,16,16,0.1,test,client_0,5,37,651,688,True,0.7841574293187197
Tox21,fedavg_proto,0.5,0,41,200,16,16,0.1,test,client_0,6,17,637,654,True,0.6921230030473728
Tox21,fedavg_proto,0.5,0,41,200,16,16,0.1,test,client_0,7,111,482,593,True,0.7354304511980861
Tox21,fedavg_proto,0.5,0,41,200,16,16,0.1,test,client_0,8,24,685,709,True,0.7400243309002433
Tox21,fedavg_proto,0.5,0,41,200,16,16,0.1,test,client_0,9,39,600,639,True,0.721068376068376
Tox21,fedavg_proto,0.5,0,41,200,16,16,0.1,test,client_0,10,98,502,600,True,0.8082364419871535
Tox21,fedavg_proto,0.5,0,41,200,16,16,0.1,test,client_0,11,35,636,671,True,0.7132524707996406
Tox21,fedavg_proto,0.5,0,41,200,16,16,0.1,test,client_1,0,33,701,734,True,0.7482816755284658
Tox21,fedavg_proto,0.5,0,41,200,16,16,0.1,test,client_1,1,25,664,689,True,0.8393975903614458
Tox21,fedavg_proto,0.5,0,41,200,16,16,0.1,test,client_1,2,65,590,655,True,0.8628422425032594
Tox21,fedavg_proto,0.5,0,41,200,16,16,0.1,test,client_1,3,40,560,600,True,0.7451339285714286
Tox21,fedavg_proto,0.5,0,41,200,16,16,0.1,test,client_1,4,96,540,636,True,0.6954475308641975
Tox21,fedavg_proto,0.5,0,41,200,16,16,0.1,test,client_1,5,37,651,688,True,0.7855689791173662
Tox21,fedavg_proto,0.5,0,41,200,16,16,0.1,test,client_1,6,17,637,654,True,0.6873210822790655
Tox21,fedavg_proto,0.5,0,41,200,16,16,0.1,test,client_1,7,111,482,593,True,0.7384770662778961
Tox21,fedavg_proto,0.5,0,41,200,16,16,0.1,test,client_1,8,24,685,709,True,0.7655109489051095
Tox21,fedavg_proto,0.5,0,41,200,16,16,0.1,test,client_1,9,39,600,639,True,0.73991452991453
Tox21,fedavg_proto,0.5,0,41,200,16,16,0.1,test,client_1,10,98,502,600,True,0.8127693308399058
Tox21,fedavg_proto,0.5,0,41,200,16,16,0.1,test,client_1,11,35,636,671,True,0.7260107816711591
Tox21,fedavg_proto,0.5,0,41,200,16,16,0.1,test,client_2,0,33,701,734,True,0.7465957722733757
Tox21,fedavg_proto,0.5,0,41,200,16,16,0.1,test,client_2,1,25,664,689,True,0.8424096385542169
Tox21,fedavg_proto,0.5,0,41,200,16,16,0.1,test,client_2,2,65,590,655,True,0.8592177314211212
Tox21,fedavg_proto,0.5,0,41,200,16,16,0.1,test,client_2,3,40,560,600,True,0.7578125
Tox21,fedavg_proto,0.5,0,41,200,16,16,0.1,test,client_2,4,96,540,636,True,0.6818865740740739
Tox21,fedavg_proto,0.5,0,41,200,16,16,0.1,test,client_2,5,37,651,688,True,0.7484950388176195
Tox21,fedavg_proto,0.5,0,41,200,16,16,0.1,test,client_2,6,17,637,654,True,0.7465139902114692
Tox21,fedavg_proto,0.5,0,41,200,16,16,0.1,test,client_2,7,111,482,593,True,0.7603454076483123
Tox21,fedavg_proto,0.5,0,41,200,16,16,0.1,test,client_2,8,24,685,709,True,0.7546836982968369
Tox21,fedavg_proto,0.5,0,41,200,16,16,0.1,test,client_2,9,39,600,639,True,0.7524358974358974
Tox21,fedavg_proto,0.5,0,41,200,16,16,0.1,test,client_2,10,98,502,600,True,0.8128506382632734
Tox21,fedavg_proto,0.5,0,41,200,16,16,0.1,test,client_2,11,35,636,671,True,0.7264600179694519
Tox21,fedavg_proto,0.5,0,41,200,16,16,0.1,test,client_3,0,33,701,734,True,0.7479358492197294
Tox21,fedavg_proto,0.5,0,41,200,16,16,0.1,test,client_3,1,25,664,689,True,0.8314457831325301
Tox21,fedavg_proto,0.5,0,41,200,16,16,0.1,test,client_3,2,65,590,655,True,0.8438331160365059
Tox21,fedavg_proto,0.5,0,41,200,16,16,0.1,test,client_3,3,40,560,600,True,0.7499107142857142
Tox21,fedavg_proto,0.5,0,41,200,16,16,0.1,test,client_3,4,96,540,636,True,0.7143904320987654
Tox21,fedavg_proto,0.5,0,41,200,16,16,0.1,test,client_3,5,37,651,688,True,0.7956574085606344
Tox21,fedavg_proto,0.5,0,41,200,16,16,0.1,test,client_3,6,17,637,654,True,0.6657124388216825
Tox21,fedavg_proto,0.5,0,41,200,16,16,0.1,test,client_3,7,111,482,593,True,0.7288699487869612
Tox21,fedavg_proto,0.5,0,41,200,16,16,0.1,test,client_3,8,24,685,709,True,0.7558394160583941
Tox21,fedavg_proto,0.5,0,41,200,16,16,0.1,test,client_3,9,39,600,639,True,0.7365384615384615
Tox21,fedavg_proto,0.5,0,41,200,16,16,0.1,test,client_3,10,98,502,600,True,0.8101065127246116
Tox21,fedavg_proto,0.5,0,41,200,16,16,0.1,test,client_3,11,35,636,671,True,0.7319856244384546
Tox21,fedavg_proto,0.5,0,42,200,16,16,0.1,val,server,0,27,706,733,True,0.7322421571713358
Tox21,fedavg_proto,0.5,0,42,200,16,16,0.1,val,server,1,21,659,680,True,0.8431967627718766
Tox21,fedavg_proto,0.5,0,42,200,16,16,0.1,val,server,2,83,573,656,True,0.8522256565529132
Tox21,fedavg_proto,0.5,0,42,200,16,16,0.1,val,server,3,31,553,584,True,0.7662894475879367
Tox21,fedavg_proto,0.5,0,42,200,16,16,0.1,val,server,4,83,531,614,True,0.7591269030925963
Tox21,fedavg_proto,0.5,0,42,200,16,16,0.1,val,server,5,49,647,696,True,0.8364192663154905
Tox21,fedavg_proto,0.5,0,42,200,16,16,0.1,val,server,6,18,623,641,True,0.6666666666666667
Tox21,fedavg_proto,0.5,0,42,200,16,16,0.1,val,server,7,89,478,567,True,0.7426308119035305
Tox21,fedavg_proto,0.5,0,42,200,16,16,0.1,val,server,8,32,672,704,True,0.8313802083333334
Tox21,fedavg_proto,0.5,0,42,200,16,16,0.1,val,server,9,33,588,621,True,0.7357245928674501
Tox21,fedavg_proto,0.5,0,42,200,16,16,0.1,val,server,10,103,474,577,True,0.8696489287616239
Tox21,fedavg_proto,0.5,0,42,200,16,16,0.1,val,server,11,42,627,669,True,0.8102453102453103
Tox21,fedavg_proto,0.5,0,42,200,16,16,0.1,val,client_0,0,27,706,733,True,0.7268911971461546
Tox21,fedavg_proto,0.5,0,42,200,16,16,0.1,val,client_0,1,21,659,680,True,0.8353927306886336
Tox21,fedavg_proto,0.5,0,42,200,16,16,0.1,val,client_0,2,83,573,656,True,0.8481044597237115
Tox21,fedavg_proto,0.5,0,42,200,16,16,0.1,val,client_0,3,31,553,584,True,0.749664586128449
Tox21,fedavg_proto,0.5,0,42,200,16,16,0.1,val,client_0,4,83,531,614,True,0.7508678782928324
Tox21,fedavg_proto,0.5,0,42,200,16,16,0.1,val,client_0,5,49,647,696,True,0.8262624988171465
Tox21,fedavg_proto,0.5,0,42,200,16,16,0.1,val,client_0,6,18,623,641,True,0.6624754770822187
Tox21,fedavg_proto,0.5,0,42,200,16,16,0.1,val,client_0,7,89,478,567,True,0.7380000940247284
Tox21,fedavg_proto,0.5,0,42,200,16,16,0.1,val,client_0,8,32,672,704,True,0.8270089285714285
Tox21,fedavg_proto,0.5,0,42,200,16,16,0.1,val,client_0,9,33,588,621,True,0.734436198721913
Tox21,fedavg_proto,0.5,0,42,200,16,16,0.1,val,client_0,10,103,474,577,True,0.8563557412641842
Tox21,fedavg_proto,0.5,0,42,200,16,16,0.1,val,client_0,11,42,627,669,True,0.8048910154173312
Tox21,fedavg_proto,0.5,0,42,200,16,16,0.1,val,client_1,0,27,706,733,True,0.7379078795509391
Tox21,fedavg_proto,0.5,0,42,200,16,16,0.1,val,client_1,1,21,659,680,True,0.8135703446780836
Tox21,fedavg_proto,0.5,0,42,200,16,16,0.1,val,client_1,2,83,573,656,True,0.8640846106940853
Tox21,fedavg_proto,0.5,0,42,200,16,16,0.1,val,client_1,3,31,553,584,True,0.7840226331447238
Tox21,fedavg_proto,0.5,0,42,200,16,16,0.1,val,client_1,4,83,531,614,True,0.7516166360356681
Tox21,fedavg_proto,0.5,0,42,200,16,16,0.1,val,client_1,5,49,647,696,True,0.8369554931709933
Tox21,fedavg_proto,0.5,0,42,200,16,16,0.1,val,client_1,6,18,623,641,True,0.6350989834135903
Tox21,fedavg_proto,0.5,0,42,200,16,16,0.1,val,client_1,7,89,478,567,True,0.7356494758121385
Tox21,fedavg_proto,0.5,0,42,200,16,16,0.1,val,client_1,8,32,672,704,True,0.813662574404762
Tox21,fedavg_proto,0.5,0,42,200,16,16,0.1,val,client_1,9,33,588,621,True,0.7324778396206967
Tox21,fedavg_proto,0.5,0,42,200,16,16,0.1,val,client_1,10,103,474,577,True,0.8699561673016263
Tox21,fedavg_proto,0.5,0,42,200,16,16,0.1,val,client_1,11,42,627,669,True,0.7862459178248652
Tox21,fedavg_proto,0.5,0,42,200,16,16,0.1,val,client_2,0,27,706,733,True,0.736124226209212
Tox21,fedavg_proto,0.5,0,42,200,16,16,0.1,val,client_2,1,21,659,680,True,0.8575041549244887
Tox21,fedavg_proto,0.5,0,42,200,16,16,0.1,val,client_2,2,83,573,656,True,0.8533190353035178
Tox21,fedavg_proto,0.5,0,42,200,16,16,0.1,val,client_2,3,31,553,584,True,0.7561395321705653
Tox21,fedavg_proto,0.5,0,42,200,16,16,0.1,val,client_2,4,83,531,614,True,0.7616227622353822
Tox21,fedavg_proto,0.5,0,42,200,16,16,0.1,val,client_2,5,49,647,696,True,0.8261994133047346
Tox21,fedavg_proto,0.5,0,42,200,16,16,0.1,val,client_2,6,18,623,641,True,0.6771892277510255
Tox21,fedavg_proto,0.5,0,42,200,16,16,0.1,val,client_2,7,89,478,567,True,0.7417140708006205
Tox21,fedavg_proto,0.5,0,42,200,16,16,0.1,val,client_2,8,32,672,704,True,0.8397042410714286
Tox21,fedavg_proto,0.5,0,42,200,16,16,0.1,val,client_2,9,33,588,621,True,0.7194908266336838
Tox21,fedavg_proto,0.5,0,42,200,16,16,0.1,val,client_2,10,103,474,577,True,0.8626438900495679
Tox21,fedavg_proto,0.5,0,42,200,16,16,0.1,val,client_2,11,42,627,669,True,0.8210678210678211
Tox21,fedavg_proto,0.5,0,42,200,16,16,0.1,val,client_3,0,27,706,733,True,0.7347602560067149
Tox21,fedavg_proto,0.5,0,42,200,16,16,0.1,val,client_3,1,21,659,680,True,0.8387889298359708
Tox21,fedavg_proto,0.5,0,42,200,16,16,0.1,val,client_3,2,83,573,656,True,0.8426375659706892
Tox21,fedavg_proto,0.5,0,42,200,16,16,0.1,val,client_3,3,31,553,584,True,0.7628478096015866
Tox21,fedavg_proto,0.5,0,42,200,16,16,0.1,val,client_3,4,83,531,614,True,0.7523880834070746
Tox21,fedavg_proto,0.5,0,42,200,16,16,0.1,val,client_3,5,49,647,696,True,0.835031385042425
Tox21,fedavg_proto,0.5,0,42,200,16,16,0.1,val,client_3,6,18,623,641,True,0.7055466381309078
Tox21,fedavg_proto,0.5,0,42,200,16,16,0.1,val,client_3,7,89,478,567,True,0.7259414225941422
Tox21,fedavg_proto,0.5,0,42,200,16,16,0.1,val,client_3,8,32,672,704,True,0.8237072172619048
Tox21,fedavg_proto,0.5,0,42,200,16,16,0.1,val,client_3,9,33,588,621,True,0.7272727272727273
Tox21,fedavg_proto,0.5,0,42,200,16,16,0.1,val,client_3,10,103,474,577,True,0.8610462496415551
Tox21,fedavg_proto,0.5,0,42,200,16,16,0.1,val,client_3,11,42,627,669,True,0.8033340928077771
Tox21,fedavg_proto,0.5,0,42,200,16,16,0.1,test,server,0,33,701,734,True,0.7489300998573467
Tox21,fedavg_proto,0.5,0,42,200,16,16,0.1,test,server,1,25,664,689,True,0.8490963855421687
Tox21,fedavg_proto,0.5,0,42,200,16,16,0.1,test,server,2,65,590,655,True,0.8658409387222946
Tox21,fedavg_proto,0.5,0,42,200,16,16,0.1,test,server,3,40,560,600,True,0.7561160714285715
Tox21,fedavg_proto,0.5,0,42,200,16,16,0.1,test,server,4,96,540,636,True,0.6975887345679012
Tox21,fedavg_proto,0.5,0,42,200,16,16,0.1,test,server,5,37,651,688,True,0.7834101382488479
Tox21,fedavg_proto,0.5,0,42,200,16,16,0.1,test,server,6,17,637,654,True,0.7200110813556192
Tox21,fedavg_proto,0.5,0,42,200,16,16,0.1,test,server,7,111,482,593,True,0.7492617098426226
Tox21,fedavg_proto,0.5,0,42,200,16,16,0.1,test,server,8,24,685,709,True,0.7715328467153284
Tox21,fedavg_proto,0.5,0,42,200,16,16,0.1,test,server,9,39,600,639,True,0.7502991452991453
Tox21,fedavg_proto,0.5,0,42,200,16,16,0.1,test,server,10,98,502,600,True,0.8196398081144809
Tox21,fedavg_proto,0.5,0,42,200,16,16,0.1,test,server,11,35,636,671,True,0.7275831087151842
Tox21,fedavg_proto,0.5,0,42,200,16,16,0.1,test,client_0,0,33,701,734,True,0.7607746509315696
Tox21,fedavg_proto,0.5,0,42,200,16,16,0.1,test,client_0,1,25,664,689,True,0.8500602409638554
Tox21,fedavg_proto,0.5,0,42,200,16,16,0.1,test,client_0,2,65,590,655,True,0.8605997392438071
Tox21,fedavg_proto,0.5,0,42,200,16,16,0.1,test,client_0,3,40,560,600,True,0.7436160714285714
Tox21,fedavg_proto,0.5,0,42,200,16,16,0.1,test,client_0,4,96,540,636,True,0.6933256172839506
Tox21,fedavg_proto,0.5,0,42,200,16,16,0.1,test,client_0,5,37,651,688,True,0.7796736828994894
Tox21,fedavg_proto,0.5,0,42,200,16,16,0.1,test,client_0,6,17,637,654,True,0.6924923815680118
Tox21,fedavg_proto,0.5,0,42,200,16,16,0.1,test,client_0,7,111,482,593,True,0.7344959066950768
Tox21,fedavg_proto,0.5,0,42,200,16,16,0.1,test,client_0,8,24,685,709,True,0.7422749391727494
Tox21,fedavg_proto,0.5,0,42,200,16,16,0.1,test,client_0,9,39,600,639,True,0.7286324786324786
Tox21,fedavg_proto,0.5,0,42,200,16,16,0.1,test,client_0,10,98,502,600,True,0.8107366452557119
Tox21,fedavg_proto,0.5,0,42,200,16,16,0.1,test,client_0,11,35,636,671,True,0.7149146451033244
Tox21,fedavg_proto,0.5,0,42,200,16,16,0.1,test,client_1,0,33,701,734,True,0.7393766480785027
Tox21,fedavg_proto,0.5,0,42,200,16,16,0.1,test,client_1,1,25,664,689,True,0.8372289156626506
Tox21,fedavg_proto,0.5,0,42,200,16,16,0.1,test,client_1,2,65,590,655,True,0.8615906127770534
Tox21,fedavg_proto,0.5,0,42,200,16,16,0.1,test,client_1,3,40,560,600,True,0.7439732142857143
Tox21,fedavg_proto,0.5,0,42,200,16,16,0.1,test,client_1,4,96,540,636,True,0.7022569444444445
Tox21,fedavg_proto,0.5,0,42,200,16,16,0.1,test,client_1,5,37,651,688,True,0.794951633661311
Tox21,fedavg_proto,0.5,0,42,200,16,16,0.1,test,client_1,6,17,637,654,True,0.6990488503093545
Tox21,fedavg_proto,0.5,0,42,200,16,16,0.1,test,client_1,7,111,482,593,True,0.7387200478486786
Tox21,fedavg_proto,0.5,0,42,200,16,16,0.1,test,client_1,8,24,685,709,True,0.7730535279805353
Tox21,fedavg_proto,0.5,0,42,200,16,16,0.1,test,client_1,9,39,600,639,True,0.7444017094017095
Tox21,fedavg_proto,0.5,0,42,200,16,16,0.1,test,client_1,10,98,502,600,True,0.8175258151069192
Tox21,fedavg_proto,0.5,0,42,200,16,16,0.1,test,client_1,11,35,636,671,True,0.7265947888589398
Tox21,fedavg_proto,0.5,0,42,200,16,16,0.1,test,client_2,0,33,701,734,True,0.7497514373405957
Tox21,fedavg_proto,0.5,0,42,200,16,16,0.1,test,client_2,1,25,664,689,True,0.8426506024096386
Tox21,fedavg_proto,0.5,0,42,200,16,16,0.1,test,client_2,2,65,590,655,True,0.8556453715775749
Tox21,fedavg_proto,0.5,0,42,200,16,16,0.1,test,client_2,3,40,560,600,True,0.7613839285714286
Tox21,fedavg_proto,0.5,0,42,200,16,16,0.1,test,client_2,4,96,540,636,True,0.6820794753086421
Tox21,fedavg_proto,0.5,0,42,200,16,16,0.1,test,client_2,5,37,651,688,True,0.7474156183833603
Tox21,fedavg_proto,0.5,0,42,200,16,16,0.1,test,client_2,6,17,637,654,True,0.7581494136115985
Tox21,fedavg_proto,0.5,0,42,200,16,16,0.1,test,client_2,7,111,482,593,True,0.762046278643789
Tox21,fedavg_proto,0.5,0,42,200,16,16,0.1,test,client_2,8,24,685,709,True,0.7526155717761558
Tox21,fedavg_proto,0.5,0,42,200,16,16,0.1,test,client_2,9,39,600,639,True,0.757051282051282
Tox21,fedavg_proto,0.5,0,42,200,16,16,0.1,test,client_2,10,98,502,600,True,0.8142328644605252
Tox21,fedavg_proto,0.5,0,42,200,16,16,0.1,test,client_2,11,35,636,671,True,0.7329290206648698
Tox21,fedavg_proto,0.5,0,42,200,16,16,0.1,test,client_3,0,33,701,734,True,0.7564085937837721
Tox21,fedavg_proto,0.5,0,42,200,16,16,0.1,test,client_3,1,25,664,689,True,0.8364457831325302
Tox21,fedavg_proto,0.5,0,42,200,16,16,0.1,test,client_3,2,65,590,655,True,0.8624250325945242
Tox21,fedavg_proto,0.5,0,42,200,16,16,0.1,test,client_3,3,40,560,600,True,0.7533928571428571
Tox21,fedavg_proto,0.5,0,42,200,16,16,0.1,test,client_3,4,96,540,636,True,0.6904320987654322
Tox21,fedavg_proto,0.5,0,42,200,16,16,0.1,test,client_3,5,37,651,688,True,0.7853198820940757
Tox21,fedavg_proto,0.5,0,42,200,16,16,0.1,test,client_3,6,17,637,654,True,0.669313879397913
Tox21,fedavg_proto,0.5,0,42,200,16,16,0.1,test,client_3,7,111,482,593,True,0.728963403237262
Tox21,fedavg_proto,0.5,0,42,200,16,16,0.1,test,client_3,8,24,685,709,True,0.7579075425790754
Tox21,fedavg_proto,0.5,0,42,200,16,16,0.1,test,client_3,9,39,600,639,True,0.7451709401709401
Tox21,fedavg_proto,0.5,0,42,200,16,16,0.1,test,client_3,10,98,502,600,True,0.7994552402634361
Tox21,fedavg_proto,0.5,0,42,200,16,16,0.1,test,client_3,11,35,636,671,True,0.7395327942497754
Tox21,fedavg_proto,0.5,0,43,200,16,16,0.1,val,server,0,27,706,733,True,0.7266813555765397
Tox21,fedavg_proto,0.5,0,43,200,16,16,0.1,val,server,1,21,659,680,True,0.8386444107233182
Tox21,fedavg_proto,0.5,0,43,200,16,16,0.1,val,server,2,83,573,656,True,0.84680081582876
Tox21,fedavg_proto,0.5,0,43,200,16,16,0.1,val,server,3,31,553,584,True,0.7662311147407105
Tox21,fedavg_proto,0.5,0,43,200,16,16,0.1,val,server,4,83,531,614,True,0.760828625235405
Tox21,fedavg_proto,0.5,0,43,200,16,16,0.1,val,server,5,49,647,696,True,0.8349367567738067
Tox21,fedavg_proto,0.5,0,43,200,16,16,0.1,val,server,6,18,623,641,True,0.672641341180667
Tox21,fedavg_proto,0.5,0,43,200,16,16,0.1,val,server,7,89,478,567,True,0.7412909595223544
Tox21,fedavg_proto,0.5,0,43,200,16,16,0.1,val,server,8,32,672,704,True,0.8327287946428572
Tox21,fedavg_proto,0.5,0,43,200,16,16,0.1,val,server,9,33,588,621,True,0.735930735930736
Tox21,fedavg_proto,0.5,0,43,200,16,16,0.1,val,server,10,103,474,577,True,0.8682356314776125
Tox21,fedavg_proto,0.5,0,43,200,16,16,0.1,val,server,11,42,627,669,True,0.8130933394091289
Tox21,fedavg_proto,0.5,0,43,200,16,16,0.1,val,client_0,0,27,706,733,True,0.7163466582730039
Tox21,fedavg_proto,0.5,0,43,200,16,16,0.1,val,client_0,1,21,659,680,True,0.8353204711323073
Tox21,fedavg_proto,0.5,0,43,200,16,16,0.1,val,client_0,2,83,573,656,True,0.8554427132614227
Tox21,fedavg_proto,0.5,0,43,200,16,16,0.1,val,client_0,3,31,553,584,True,0.7651227906434113
Tox21,fedavg_proto,0.5,0,43,200,16,16,0.1,val,client_0,4,83,531,614,True,0.7495745694642979
Tox21,fedavg_proto,0.5,0,43,200,16,16,0.1,val,client_0,5,49,647,696,True,0.8297637447560167
Tox21,fedavg_proto,0.5,0,43,200,16,16,0.1,val,client_0,6,18,623,641,True,0.6643481362582486
Tox21,fedavg_proto,0.5,0,43,200,16,16,0.1,val,client_0,7,89,478,567,True,0.7400216256875558
Tox21,fedavg_proto,0.5,0,43,200,16,16,0.1,val,client_0,8,32,672,704,True,0.8275669642857142
Tox21,fedavg_proto,0.5,0,43,200,16,16,0.1,val,client_0,9,33,588,621,True,0.73989898989899
Tox21,fedavg_proto,0.5,0,43,200,16,16,0.1,val,client_0,10,103,474,577,True,0.8555774036295114
Tox21,fedavg_proto,0.5,0,43,200,16,16,0.1,val,client_0,11,42,627,669,True,0.8112706007442849
Tox21,fedavg_proto,0.5,0,43,200,16,16,0.1,val,client_1,0,27,706,733,True,0.7446228097786171
Tox21,fedavg_proto,0.5,0,43,200,16,16,0.1,val,client_1,1,21,659,680,True,0.8098851073054412
Tox21,fedavg_proto,0.5,0,43,200,16,16,0.1,val,client_1,2,83,573,656,True,0.8512163838600475
Tox21,fedavg_proto,0.5,0,43,200,16,16,0.1,val,client_1,3,31,553,584,True,0.7768476929358922
Tox21,fedavg_proto,0.5,0,43,200,16,16,0.1,val,client_1,4,83,531,614,True,0.7423365779502189
Tox21,fedavg_proto,0.5,0,43,200,16,16,0.1,val,client_1,5,49,647,696,True,0.8292590606567202
Tox21,fedavg_proto,0.5,0,43,200,16,16,0.1,val,client_1,6,18,623,641,True,0.6399143927233815
Tox21,fedavg_proto,0.5,0,43,200,16,16,0.1,val,client_1,7,89,478,567,True,0.7275163367965775
Tox21,fedavg_proto,0.5,0,43,200,16,16,0.1,val,client_1,8,32,672,704,True,0.8083147321428571
Tox21,fedavg_proto,0.5,0,43,200,16,16,0.1,val,client_1,9,33,588,621,True,0.7255720470006185
Tox21,fedavg_proto,0.5,0,43,200,16,16,0.1,val,client_1,10,103,474,577,True,0.8689320388349516
Tox21,fedavg_proto,0.5,0,43,200,16,16,0.1,val,client_1,11,42,627,669,True,0.7755753018910914
Tox21,fedavg_proto,0.5,0,43,200,16,16,0.1,val,client_2,0,27,706,733,True,0.7344454936522925
Tox21,fedavg_proto,0.5,0,43,200,16,16,0.1,val,client_2,1,21,659,680,True,0.8519401690873618
Tox21,fedavg_proto,0.5,0,43,200,16,16,0.1,val,client_2,2,83,573,656,True,0.8297062595933473
Tox21,fedavg_proto,0.5,0,43,200,16,16,0.1,val,client_2,3,31,553,584,True,0.7394563378638511
Tox21,fedavg_proto,0.5,0,43,200,16,16,0.1,val,client_2,4,83,531,614,True,0.7650035168924284
Tox21,fedavg_proto,0.5,0,43,200,16,16,0.1,val,client_2,5,49,647,696,True,0.8156956754881242
Tox21,fedavg_proto,0.5,0,43,200,16,16,0.1,val,client_2,6,18,623,641,True,0.6752273943285179
Tox21,fedavg_proto,0.5,0,43,200,16,16,0.1,val,client_2,7,89,478,567,True,0.7373654271073291
Tox21,fedavg_proto,0.5,0,43,200,16,16,0.1,val,client_2,8,32,672,704,True,0.8429129464285715
Tox21,fedavg_proto,0.5,0,43,200,16,16,0.1,val,client_2,9,33,588,621,True,0.7115543186971759
Tox21,fedavg_proto,0.5,0,43,200,16,16,0.1,val,client_2,10,103,474,577,True,0.8591823358322068
Tox21,fedavg_proto,0.5,0,43,200,16,16,0.1,val,client_2,11,42,627,669,True,0.8119921014657857
Tox21,fedavg_proto,0.5,0,43,200,16,16,0.1,val,client_3,0,27,706,733,True,0.732189696778932
Tox21,fedavg_proto,0.5,0,43,200,16,16,0.1,val,client_3,1,21,659,680,True,0.8348869137943492
Tox21,fedavg_proto,0.5,0,43,200,16,16,0.1,val,client_3,2,83,573,656,True,0.8389579259446162
Tox21,fedavg_proto,0.5,0,43,200,16,16,0.1,val,client_3,3,31,553,584,True,0.7642477979350173
Tox21,fedavg_proto,0.5,0,43,200,16,16,0.1,val,client_3,4,83,531,614,True,0.7561091824926827
Tox21,fedavg_proto,0.5,0,43,200,16,16,0.1,val,client_3,5,49,647,696,True,0.8319717376904393
Tox21,fedavg_proto,0.5,0,43,200,16,16,0.1,val,client_3,6,18,623,641,True,0.7036739789548778
Tox21,fedavg_proto,0.5,0,43,200,16,16,0.1,val,client_3,7,89,478,567,True,0.7273047811574445
Tox21,fedavg_proto,0.5,0,43,200,16,16,0.1,val,client_3,8,32,672,704,True,0.8248232886904762
Tox21,fedavg_proto,0.5,0,43,200,16,16,0.1,val,client_3,9,33,588,621,True,0.7266027623170481
Tox21,fedavg_proto,0.5,0,43,200,16,16,0.1,val,client_3,10,103,474,577,True,0.8564171889721847
Tox21,fedavg_proto,0.5,0,43,200,16,16,0.1,val,client_3,11,42,627,669,True,0.8080048606364394
Tox21,fedavg_proto,0.5,0,43,200,16,16,0.1,test,server,0,33,701,734,True,0.7473738814680327
Tox21,fedavg_proto,0.5,0,43,200,16,16,0.1,test,server,1,25,664,689,True,0.8522289156626506
Tox21,fedavg_proto,0.5,0,43,200,16,16,0.1,test,server,2,65,590,655,True,0.8632594524119948
Tox21,fedavg_proto,0.5,0,43,200,16,16,0.1,test,server,3,40,560,600,True,0.7599553571428572
Tox21,fedavg_proto,0.5,0,43,200,16,16,0.1,test,server,4,96,540,636,True,0.6990547839506172
Tox21,fedavg_proto,0.5,0,43,200,16,16,0.1,test,server,5,37,651,688,True,0.7805870386515549
Tox21,fedavg_proto,0.5,0,43,200,16,16,0.1,test,server,6,17,637,654,True,0.7446670976082741
Tox21,fedavg_proto,0.5,0,43,200,16,16,0.1,test,server,7,111,482,593,True,0.7548129041904976
Tox21,fedavg_proto,0.5,0,43,200,16,16,0.1,test,server,8,24,685,709,True,0.7731143552311436
Tox21,fedavg_proto,0.5,0,43,200,16,16,0.1,test,server,9,39,600,639,True,0.7566239316239316
Tox21,fedavg_proto,0.5,0,43,200,16,16,0.1,test,server,10,98,502,600,True,0.8241523701113912
Tox21,fedavg_proto,0.5,0,43,200,16,16,0.1,test,server,11,35,636,671,True,0.726145552560647
Tox21,fedavg_proto,0.5,0,43,200,16,16,0.1,test,client_0,0,33,701,734,True,0.7532097004279601
Tox21,fedavg_proto,0.5,0,43,200,16,16,0.1,test,client_0,1,25,664,689,True,0.8468072289156626
Tox21,fedavg_proto,0.5,0,43,200,16,16,0.1,test,client_0,2,65,590,655,True,0.8512125162972619
Tox21,fedavg_proto,0.5,0,43,200,16,16,0.1,test,client_0,3,40,560,600,True,0.748080357142857
Tox21,fedavg_proto,0.5,0,43,200,16,16,0.1,test,client_0,4,96,540,636,True,0.7099151234567902
Tox21,fedavg_proto,0.5,0,43,200,16,16,0.1,test,client_0,5,37,651,688,True,0.7948686013202142
Tox21,fedavg_proto,0.5,0,43,200,16,16,0.1,test,client_0,6,17,637,654,True,0.7027426355157447
Tox21,fedavg_proto,0.5,0,43,200,16,16,0.1,test,client_0,7,111,482,593,True,0.742719898321558
Tox21,fedavg_proto,0.5,0,43,200,16,16,0.1,test,client_0,8,24,685,709,True,0.7468369829683699
Tox21,fedavg_proto,0.5,0,43,200,16,16,0.1,test,client_0,9,39,600,639,True,0.7404273504273504
Tox21,fedavg_proto,0.5,0,43,200,16,16,0.1,test,client_0,10,98,502,600,True,0.8238881209854461
Tox21,fedavg_proto,0.5,0,43,200,16,16,0.1,test,client_0,11,35,636,671,True,0.7277628032345014
Tox21,fedavg_proto,0.5,0,43,200,16,16,0.1,test,client_1,0,33,701,734,True,0.7363938961656508
Tox21,fedavg_proto,0.5,0,43,200,16,16,0.1,test,client_1,1,25,664,689,True,0.846566265060241
Tox21,fedavg_proto,0.5,0,43,200,16,16,0.1,test,client_1,2,65,590,655,True,0.8548109517601044
Tox21,fedavg_proto,0.5,0,43,200,16,16,0.1,test,client_1,3,40,560,600,True,0.7594196428571429
Tox21,fedavg_proto,0.5,0,43,200,16,16,0.1,test,client_1,4,96,540,636,True,0.6978395061728396
Tox21,fedavg_proto,0.5,0,43,200,16,16,0.1,test,client_1,5,37,651,688,True,0.7922530825756633
Tox21,fedavg_proto,0.5,0,43,200,16,16,0.1,test,client_1,6,17,637,654,True,0.7285991319604765
Tox21,fedavg_proto,0.5,0,43,200,16,16,0.1,test,client_1,7,111,482,593,True,0.7481402564390116
Tox21,fedavg_proto,0.5,0,43,200,16,16,0.1,test,client_1,8,24,685,709,True,0.7758515815085159
Tox21,fedavg_proto,0.5,0,43,200,16,16,0.1,test,client_1,9,39,600,639,True,0.767008547008547
Tox21,fedavg_proto,0.5,0,43,200,16,16,0.1,test,client_1,10,98,502,600,True,0.8194365395560614
Tox21,fedavg_proto,0.5,0,43,200,16,16,0.1,test,client_1,11,35,636,671,True,0.7292003593890387
Tox21,fedavg_proto,0.5,0,43,200,16,16,0.1,test,client_2,0,33,701,734,True,0.7445208144209572
Tox21,fedavg_proto,0.5,0,43,200,16,16,0.1,test,client_2,1,25,664,689,True,0.8477710843373495
Tox21,fedavg_proto,0.5,0,43,200,16,16,0.1,test,client_2,2,65,590,655,True,0.8579139504563233
Tox21,fedavg_proto,0.5,0,43,200,16,16,0.1,test,client_2,3,40,560,600,True,0.7565625
Tox21,fedavg_proto,0.5,0,43,200,16,16,0.1,test,client_2,4,96,540,636,True,0.6659529320987654
Tox21,fedavg_proto,0.5,0,43,200,16,16,0.1,test,client_2,5,37,651,688,True,0.7261178228920164
Tox21,fedavg_proto,0.5,0,43,200,16,16,0.1,test,client_2,6,17,637,654,True,0.7595345830639948
Tox21,fedavg_proto,0.5,0,43,200,16,16,0.1,test,client_2,7,111,482,593,True,0.758700609323016
Tox21,fedavg_proto,0.5,0,43,200,16,16,0.1,test,client_2,8,24,685,709,True,0.7319951338199514
Tox21,fedavg_proto,0.5,0,43,200,16,16,0.1,test,client_2,9,39,600,639,True,0.7504273504273504
Tox21,fedavg_proto,0.5,0,43,200,16,16,0.1,test,client_2,10,98,502,600,True,0.8002479876412717
Tox21,fedavg_proto,0.5,0,43,200,16,16,0.1,test,client_2,11,35,636,671,True,0.7352201257861635
Tox21,fedavg_proto,0.5,0,43,200,16,16,0.1,test,client_3,0,33,701,734,True,0.7522586780789349
Tox21,fedavg_proto,0.5,0,43,200,16,16,0.1,test,client_3,1,25,664,689,True,0.8421686746987952
Tox21,fedavg_proto,0.5,0,43,200,16,16,0.1,test,client_3,2,65,590,655,True,0.8623468057366361
Tox21,fedavg_proto,0.5,0,43,200,16,16,0.1,test,client_3,3,40,560,600,True,0.7502678571428572
Tox21,fedavg_proto,0.5,0,43,200,16,16,0.1,test,client_3,4,96,540,636,True,0.6983603395061729
Tox21,fedavg_proto,0.5,0,43,200,16,16,0.1,test,client_3,5,37,651,688,True,0.7811682650392328
Tox21,fedavg_proto,0.5,0,43,200,16,16,0.1,test,client_3,6,17,637,654,True,0.7066211099824544
Tox21,fedavg_proto,0.5,0,43,200,16,16,0.1,test,client_3,7,111,482,593,True,0.7366827408321184
Tox21,fedavg_proto,0.5,0,43,200,16,16,0.1,test,client_3,8,24,685,709,True,0.7600973236009733
Tox21,fedavg_proto,0.5,0,43,200,16,16,0.1,test,client_3,9,39,600,639,True,0.7427350427350426
Tox21,fedavg_proto,0.5,0,43,200,16,16,0.1,test,client_3,10,98,502,600,True,0.7985202048947069
Tox21,fedavg_proto,0.5,0,43,200,16,16,0.1,test,client_3,11,35,636,671,True,0.7336477987421384
Tox21,fedavg_proto,0.5,0,44,200,16,16,0.1,val,server,0,27,706,733,True,0.7273108802853846
Tox21,fedavg_proto,0.5,0,44,200,16,16,0.1,val,server,1,21,659,680,True,0.847315557482477
Tox21,fedavg_proto,0.5,0,44,200,16,16,0.1,val,server,2,83,573,656,True,0.8489455203010997
Tox21,fedavg_proto,0.5,0,44,200,16,16,0.1,val,server,3,31,553,584,True,0.7636061366155281
Tox21,fedavg_proto,0.5,0,44,200,16,16,0.1,val,server,4,83,531,614,True,0.7682708234066209
Tox21,fedavg_proto,0.5,0,44,200,16,16,0.1,val,server,5,49,647,696,True,0.8414030217960445
Tox21,fedavg_proto,0.5,0,44,200,16,16,0.1,val,server,6,18,623,641,True,0.6784376672017122
Tox21,fedavg_proto,0.5,0,44,200,16,16,0.1,val,server,7,89,478,567,True,0.7428423675426639
Tox21,fedavg_proto,0.5,0,44,200,16,16,0.1,val,server,8,32,672,704,True,0.8257533482142858
Tox21,fedavg_proto,0.5,0,44,200,16,16,0.1,val,server,9,33,588,621,True,0.7336116264687693
Tox21,fedavg_proto,0.5,0,44,200,16,16,0.1,val,server,10,103,474,577,True,0.8655319323255909
Tox21,fedavg_proto,0.5,0,44,200,16,16,0.1,val,server,11,42,627,669,True,0.8129414445203919
Tox21,fedavg_proto,0.5,0,44,200,16,16,0.1,val,client_0,0,27,706,733,True,0.7259469100828875
Tox21,fedavg_proto,0.5,0,44,200,16,16,0.1,val,client_0,1,21,659,680,True,0.8472432979261507
Tox21,fedavg_proto,0.5,0,44,200,16,16,0.1,val,client_0,2,83,573,656,True,0.8557791374923779
Tox21,fedavg_proto,0.5,0,44,200,16,16,0.1,val,client_0,3,31,553,584,True,0.7615644869626087
Tox21,fedavg_proto,0.5,0,44,200,16,16,0.1,val,client_0,4,83,531,614,True,0.7564949061783858
Tox21,fedavg_proto,0.5,0,44,200,16,16,0.1,val,client_0,5,49,647,696,True,0.834968299530013
Tox21,fedavg_proto,0.5,0,44,200,16,16,0.1,val,client_0,6,18,623,641,True,0.6757624398073836
Tox21,fedavg_proto,0.5,0,44,200,16,16,0.1,val,client_0,7,89,478,567,True,0.7473085421465846
Tox21,fedavg_proto,0.5,0,44,200,16,16,0.1,val,client_0,8,32,672,704,True,0.8263578869047619
Tox21,fedavg_proto,0.5,0,44,200,16,16,0.1,val,client_0,9,33,588,621,True,0.7393320964749537
Tox21,fedavg_proto,0.5,0,44,200,16,16,0.1,val,client_0,10,103,474,577,True,0.8640367047642457
Tox21,fedavg_proto,0.5,0,44,200,16,16,0.1,val,client_0,11,42,627,669,True,0.8203083466241361
Tox21,fedavg_proto,0.5,0,44,200,16,16,0.1,val,client_1,0,27,706,733,True,0.7318749344245095
Tox21,fedavg_proto,0.5,0,44,200,16,16,0.1,val,client_1,1,21,659,680,True,0.8257099501409062
Tox21,fedavg_proto,0.5,0,44,200,16,16,0.1,val,client_1,2,83,573,656,True,0.8595639100906243
Tox21,fedavg_proto,0.5,0,44,200,16,16,0.1,val,client_1,3,31,553,584,True,0.7794143382138482
Tox21,fedavg_proto,0.5,0,44,200,16,16,0.1,val,client_1,4,83,531,614,True,0.7590588342068841
Tox21,fedavg_proto,0.5,0,44,200,16,16,0.1,val,client_1,5,49,647,696,True,0.8417184493581049
Tox21,fedavg_proto,0.5,0,44,200,16,16,0.1,val,client_1,6,18,623,641,True,0.6568574995541288
Tox21,fedavg_proto,0.5,0,44,200,16,16,0.1,val,client_1,7,89,478,567,True,0.7337924874241925
Tox21,fedavg_proto,0.5,0,44,200,16,16,0.1,val,client_1,8,32,672,704,True,0.8101283482142857
Tox21,fedavg_proto,0.5,0,44,200,16,16,0.1,val,client_1,9,33,588,621,True,0.7305194805194806
Tox21,fedavg_proto,0.5,0,44,200,16,16,0.1,val,client_1,10,103,474,577,True,0.865982548850928
Tox21,fedavg_proto,0.5,0,44,200,16,16,0.1,val,client_1,11,42,627,669,True,0.7911445279866333
Tox21,fedavg_proto,0.5,0,44,200,16,16,0.1,val,client_2,0,27,706,733,True,0.7335012065890253
Tox21,fedavg_proto,0.5,0,44,200,16,16,0.1,val,client_2,1,21,659,680,True,0.8644410723318159
Tox21,fedavg_proto,0.5,0,44,200,16,16,0.1,val,client_2,2,83,573,656,True,0.8424483273407767
Tox21,fedavg_proto,0.5,0,44,200,16,16,0.1,val,client_2,3,31,553,584,True,0.7514729043924634
Tox21,fedavg_proto,0.5,0,44,200,16,16,0.1,val,client_2,4,83,531,614,True,0.7736028861207542
Tox21,fedavg_proto,0.5,0,44,200,16,16,0.1,val,client_2,5,49,647,696,True,0.8357568684351638
Tox21,fedavg_proto,0.5,0,44,200,16,16,0.1,val,client_2,6,18,623,641,True,0.6822721598002497
Tox21,fedavg_proto,0.5,0,44,200,16,16,0.1,val,client_2,7,89,478,567,True,0.7387287856706314
Tox21,fedavg_proto,0.5,0,44,200,16,16,0.1,val,client_2,8,32,672,704,True,0.8321242559523809
Tox21,fedavg_proto,0.5,0,44,200,16,16,0.1,val,client_2,9,33,588,621,True,0.7154710368996083
Tox21,fedavg_proto,0.5,0,44,200,16,16,0.1,val,client_2,10,103,474,577,True,0.8591413706935398
Tox21,fedavg_proto,0.5,0,44,200,16,16,0.1,val,client_2,11,42,627,669,True,0.8126756284651022
Tox21,fedavg_proto,0.5,0,44,200,16,16,0.1,val,client_3,0,27,706,733,True,0.7280453257790368
Tox21,fedavg_proto,0.5,0,44,200,16,16,0.1,val,client_3,1,21,659,680,True,0.8346701351253704
Tox21,fedavg_proto,0.5,0,44,200,16,16,0.1,val,client_3,2,83,573,656,True,0.8333017935616812
Tox21,fedavg_proto,0.5,0,44,200,16,16,0.1,val,client_3,3,31,553,584,True,0.7486729277256022
Tox21,fedavg_proto,0.5,0,44,200,16,16,0.1,val,client_3,4,83,531,614,True,0.7658430331495474
Tox21,fedavg_proto,0.5,0,44,200,16,16,0.1,val,client_3,5,49,647,696,True,0.8323187080087058
Tox21,fedavg_proto,0.5,0,44,200,16,16,0.1,val,client_3,6,18,623,641,True,0.689673622257892
Tox21,fedavg_proto,0.5,0,44,200,16,16,0.1,val,client_3,7,89,478,567,True,0.7305721404729444
Tox21,fedavg_proto,0.5,0,44,200,16,16,0.1,val,client_3,8,32,672,704,True,0.8130580357142857
Tox21,fedavg_proto,0.5,0,44,200,16,16,0.1,val,client_3,9,33,588,621,True,0.7159348587920017
Tox21,fedavg_proto,0.5,0,44,200,16,16,0.1,val,client_3,10,103,474,577,True,0.845561427225431
Tox21,fedavg_proto,0.5,0,44,200,16,16,0.1,val,client_3,11,42,627,669,True,0.7987772461456671
Tox21,fedavg_proto,0.5,0,44,200,16,16,0.1,test,server,0,33,701,734,True,0.7513508840185017
Tox21,fedavg_proto,0.5,0,44,200,16,16,0.1,test,server,1,25,664,689,True,0.8485542168674698
Tox21,fedavg_proto,0.5,0,44,200,16,16,0.1,test,server,2,65,590,655,True,0.8614602346805736
Tox21,fedavg_proto,0.5,0,44,200,16,16,0.1,test,server,3,40,560,600,True,0.7537499999999999
Tox21,fedavg_proto,0.5,0,44,200,16,16,0.1,test,server,4,96,540,636,True,0.6997106481481481
Tox21,fedavg_proto,0.5,0,44,200,16,16,0.1,test,server,5,37,651,688,True,0.785361398264624
Tox21,fedavg_proto,0.5,0,44,200,16,16,0.1,test,server,6,17,637,654,True,0.7303536799335119
Tox21,fedavg_proto,0.5,0,44,200,16,16,0.1,test,server,7,111,482,593,True,0.7510186535082801
Tox21,fedavg_proto,0.5,0,44,200,16,16,0.1,test,server,8,24,685,709,True,0.7641119221411192
Tox21,fedavg_proto,0.5,0,44,200,16,16,0.1,test,server,9,39,600,639,True,0.748034188034188
Tox21,fedavg_proto,0.5,0,44,200,16,16,0.1,test,server,10,98,502,600,True,0.824538580372388
Tox21,fedavg_proto,0.5,0,44,200,16,16,0.1,test,server,11,35,636,671,True,0.7279424977538185
Tox21,fedavg_proto,0.5,0,44,200,16,16,0.1,test,client_0,0,33,701,734,True,0.7532961570051442
Tox21,fedavg_proto,0.5,0,44,200,16,16,0.1,test,client_0,1,25,664,689,True,0.8556626506024096
Tox21,fedavg_proto,0.5,0,44,200,16,16,0.1,test,client_0,2,65,590,655,True,0.8534289439374185
Tox21,fedavg_proto,0.5,0,44,200,16,16,0.1,test,client_0,3,40,560,600,True,0.7441071428571429
Tox21,fedavg_proto,0.5,0,44,200,16,16,0.1,test,client_0,4,96,540,636,True,0.7075810185185185
Tox21,fedavg_proto,0.5,0,44,200,16,16,0.1,test,client_0,5,37,651,688,True,0.7936231162037614
Tox21,fedavg_proto,0.5,0,44,200,16,16,0.1,test,client_0,6,17,637,654,True,0.7261981715763228
Tox21,fedavg_proto,0.5,0,44,200,16,16,0.1,test,client_0,7,111,482,593,True,0.7490000373817802
Tox21,fedavg_proto,0.5,0,44,200,16,16,0.1,test,client_0,8,24,685,709,True,0.7551703163017032
Tox21,fedavg_proto,0.5,0,44,200,16,16,0.1,test,client_0,9,39,600,639,True,0.7457692307692307
Tox21,fedavg_proto,0.5,0,44,200,16,16,0.1,test,client_0,10,98,502,600,True,0.8257378648670624
Tox21,fedavg_proto,0.5,0,44,200,16,16,0.1,test,client_0,11,35,636,671,True,0.7320754716981132
Tox21,fedavg_proto,0.5,0,44,200,16,16,0.1,test,client_1,0,33,701,734,True,0.7416245190852894
Tox21,fedavg_proto,0.5,0,44,200,16,16,0.1,test,client_1,1,25,664,689,True,0.8350602409638554
Tox21,fedavg_proto,0.5,0,44,200,16,16,0.1,test,client_1,2,65,590,655,True,0.8573402868318122
Tox21,fedavg_proto,0.5,0,44,200,16,16,0.1,test,client_1,3,40,560,600,True,0.7547321428571429
Tox21,fedavg_proto,0.5,0,44,200,16,16,0.1,test,client_1,4,96,540,636,True,0.7036844135802469
Tox21,fedavg_proto,0.5,0,44,200,16,16,0.1,test,client_1,5,37,651,688,True,0.7976086685764104
Tox21,fedavg_proto,0.5,0,44,200,16,16,0.1,test,client_1,6,17,637,654,True,0.7076369009142118
Tox21,fedavg_proto,0.5,0,44,200,16,16,0.1,test,client_1,7,111,482,593,True,0.7392433927703638
Tox21,fedavg_proto,0.5,0,44,200,16,16,0.1,test,client_1,8,24,685,709,True,0.7627737226277372
Tox21,fedavg_proto,0.5,0,44,200,16,16,0.1,test,client_1,9,39,600,639,True,0.7462393162393162
Tox21,fedavg_proto,0.5,0,44,200,16,16,0.1,test,client_1,10,98,502,600,True,0.825839499146272
Tox21,fedavg_proto,0.5,0,44,200,16,16,0.1,test,client_1,11,35,636,671,True,0.7250673854447439
Tox21,fedavg_proto,0.5,0,44,200,16,16,0.1,test,client_2,0,33,701,734,True,0.7509618294211733
Tox21,fedavg_proto,0.5,0,44,200,16,16,0.1,test,client_2,1,25,664,689,True,0.8393975903614458
Tox21,fedavg_proto,0.5,0,44,200,16,16,0.1,test,client_2,2,65,590,655,True,0.858748370273794
Tox21,fedavg_proto,0.5,0,44,200,16,16,0.1,test,client_2,3,40,560,600,True,0.7575892857142857
Tox21,fedavg_proto,0.5,0,44,200,16,16,0.1,test,client_2,4,96,540,636,True,0.6728780864197531
Tox21,fedavg_proto,0.5,0,44,200,16,16,0.1,test,client_2,5,37,651,688,True,0.7453813260264873
Tox21,fedavg_proto,0.5,0,44,200,16,16,0.1,test,client_2,6,17,637,654,True,0.7445747529781144
Tox21,fedavg_proto,0.5,0,44,200,16,16,0.1,test,client_2,7,111,482,593,True,0.7572614107883817
Tox21,fedavg_proto,0.5,0,44,200,16,16,0.1,test,client_2,8,24,685,709,True,0.7319343065693432
Tox21,fedavg_proto,0.5,0,44,200,16,16,0.1,test,client_2,9,39,600,639,True,0.7435042735042735
Tox21,fedavg_proto,0.5,0,44,200,16,16,0.1,test,client_2,10,98,502,600,True,0.8077079437352631
Tox21,fedavg_proto,0.5,0,44,200,16,16,0.1,test,client_2,11,35,636,671,True,0.720754716981132
Tox21,fedavg_proto,0.5,0,44,200,16,16,0.1,test,client_3,0,33,701,734,True,0.7504430899580685
Tox21,fedavg_proto,0.5,0,44,200,16,16,0.1,test,client_3,1,25,664,689,True,0.8471686746987952
Tox21,fedavg_proto,0.5,0,44,200,16,16,0.1,test,client_3,2,65,590,655,True,0.8608604954367666
Tox21,fedavg_proto,0.5,0,44,200,16,16,0.1,test,client_3,3,40,560,600,True,0.7312500000000001
Tox21,fedavg_proto,0.5,0,44,200,16,16,0.1,test,client_3,4,96,540,636,True,0.6963927469135802
Tox21,fedavg_proto,0.5,0,44,200,16,16,0.1,test,client_3,5,37,651,688,True,0.7877278199858845
Tox21,fedavg_proto,0.5,0,44,200,16,16,0.1,test,client_3,6,17,637,654,True,0.695447409733124
Tox21,fedavg_proto,0.5,0,44,200,16,16,0.1,test,client_3,7,111,482,593,True,0.7281410040746141
Tox21,fedavg_proto,0.5,0,44,200,16,16,0.1,test,client_3,8,24,685,709,True,0.7501216545012166
Tox21,fedavg_proto,0.5,0,44,200,16,16,0.1,test,client_3,9,39,600,639,True,0.7275641025641026
Tox21,fedavg_proto,0.5,0,44,200,16,16,0.1,test,client_3,10,98,502,600,True,0.7962232701845678
Tox21,fedavg_proto,0.5,0,44,200,16,16,0.1,test,client_3,11,35,636,671,True,0.7207097933513028
Tox21,fedavg_proto,0.5,0,45,200,16,16,0.1,val,server,0,27,706,733,True,0.7295142167663414
Tox21,fedavg_proto,0.5,0,45,200,16,16,0.1,val,server,1,21,659,680,True,0.8435580605535081
Tox21,fedavg_proto,0.5,0,45,200,16,16,0.1,val,server,2,83,573,656,True,0.8501860846527471
Tox21,fedavg_proto,0.5,0,45,200,16,16,0.1,val,server,3,31,553,584,True,0.771014408213265
Tox21,fedavg_proto,0.5,0,45,200,16,16,0.1,val,server,4,83,531,614,True,0.7628480021782043
Tox21,fedavg_proto,0.5,0,45,200,16,16,0.1,val,server,5,49,647,696,True,0.8377756048323503
Tox21,fedavg_proto,0.5,0,45,200,16,16,0.1,val,server,6,18,623,641,True,0.6685393258426966
Tox21,fedavg_proto,0.5,0,45,200,16,16,0.1,val,server,7,89,478,567,True,0.7427953551784119
Tox21,fedavg_proto,0.5,0,45,200,16,16,0.1,val,server,8,32,672,704,True,0.8266369047619049
Tox21,fedavg_proto,0.5,0,45,200,16,16,0.1,val,server,9,33,588,621,True,0.7371675943104515
Tox21,fedavg_proto,0.5,0,45,200,16,16,0.1,val,server,10,103,474,577,True,0.871635737986973
Tox21,fedavg_proto,0.5,0,45,200,16,16,0.1,val,server,11,42,627,669,True,0.8125237335763651
Tox21,fedavg_proto,0.5,0,45,200,16,16,0.1,val,client_0,0,27,706,733,True,0.7251600041968314
Tox21,fedavg_proto,0.5,0,45,200,16,16,0.1,val,client_0,1,21,659,680,True,0.8368379218151599
Tox21,fedavg_proto,0.5,0,45,200,16,16,0.1,val,client_0,2,83,573,656,True,0.856115561723333
Tox21,fedavg_proto,0.5,0,45,200,16,16,0.1,val,client_0,3,31,553,584,True,0.7622061482820978
Tox21,fedavg_proto,0.5,0,45,200,16,16,0.1,val,client_0,4,83,531,614,True,0.7529553241213441
Tox21,fedavg_proto,0.5,0,45,200,16,16,0.1,val,client_0,5,49,647,696,True,0.8285020345077754
Tox21,fedavg_proto,0.5,0,45,200,16,16,0.1,val,client_0,6,18,623,641,True,0.6479400749063671
Tox21,fedavg_proto,0.5,0,45,200,16,16,0.1,val,client_0,7,89,478,567,True,0.745804146490527
Tox21,fedavg_proto,0.5,0,45,200,16,16,0.1,val,client_0,8,32,672,704,True,0.8280319940476191
Tox21,fedavg_proto,0.5,0,45,200,16,16,0.1,val,client_0,9,33,588,621,True,0.7429396000824572
Tox21,fedavg_proto,0.5,0,45,200,16,16,0.1,val,client_0,10,103,474,577,True,0.8671500553029372
Tox21,fedavg_proto,0.5,0,45,200,16,16,0.1,val,client_0,11,42,627,669,True,0.8115364167995747
Tox21,fedavg_proto,0.5,0,45,200,16,16,0.1,val,client_1,0,27,706,733,True,0.7358619242471933
Tox21,fedavg_proto,0.5,0,45,200,16,16,0.1,val,client_1,1,21,659,680,True,0.8195678878531686
Tox21,fedavg_proto,0.5,0,45,200,16,16,0.1,val,client_1,2,83,573,656,True,0.8629912319434807
Tox21,fedavg_proto,0.5,0,45,200,16,16,0.1,val,client_1,3,31,553,584,True,0.7840226331447238
Tox21,fedavg_proto,0.5,0,45,200,16,16,0.1,val,client_1,4,83,531,614,True,0.7532275996641935
Tox21,fedavg_proto,0.5,0,45,200,16,16,0.1,val,client_1,5,49,647,696,True,0.837649433807526
Tox21,fedavg_proto,0.5,0,45,200,16,16,0.1,val,client_1,6,18,623,641,True,0.6499019083288745
Tox21,fedavg_proto,0.5,0,45,200,16,16,0.1,val,client_1,7,89,478,567,True,0.7327817215927789
Tox21,fedavg_proto,0.5,0,45,200,16,16,0.1,val,client_1,8,32,672,704,True,0.8010602678571429
Tox21,fedavg_proto,0.5,0,45,200,16,16,0.1,val,client_1,9,33,588,621,True,0.7260874046588333
Tox21,fedavg_proto,0.5,0,45,200,16,16,0.1,val,client_1,10,103,474,577,True,0.8670886075949368
Tox21,fedavg_proto,0.5,0,45,200,16,16,0.1,val,client_1,11,42,627,669,True,0.7842333105491
Tox21,fedavg_proto,0.5,0,45,200,16,16,0.1,val,client_2,0,27,706,733,True,0.7333438254118141
Tox21,fedavg_proto,0.5,0,45,200,16,16,0.1,val,client_2,1,21,659,680,True,0.8603945371775417
Tox21,fedavg_proto,0.5,0,45,200,16,16,0.1,val,client_2,2,83,573,656,True,0.8427637250572974
Tox21,fedavg_proto,0.5,0,45,200,16,16,0.1,val,client_2,3,31,553,584,True,0.7523478971008576
Tox21,fedavg_proto,0.5,0,45,200,16,16,0.1,val,client_2,4,83,531,614,True,0.7746692986635809
Tox21,fedavg_proto,0.5,0,45,200,16,16,0.1,val,client_2,5,49,647,696,True,0.8338327603065957
Tox21,fedavg_proto,0.5,0,45,200,16,16,0.1,val,client_2,6,18,623,641,True,0.6760299625468165
Tox21,fedavg_proto,0.5,0,45,200,16,16,0.1,val,client_2,7,89,478,567,True,0.7402566875088149
Tox21,fedavg_proto,0.5,0,45,200,16,16,0.1,val,client_2,8,32,672,704,True,0.8301246279761906
Tox21,fedavg_proto,0.5,0,45,200,16,16,0.1,val,client_2,9,33,588,621,True,0.7237167594310452
Tox21,fedavg_proto,0.5,0,45,200,16,16,0.1,val,client_2,10,103,474,577,True,0.8611896276268896
Tox21,fedavg_proto,0.5,0,45,200,16,16,0.1,val,client_2,11,42,627,669,True,0.8103212576896788
Tox21,fedavg_proto,0.5,0,45,200,16,16,0.1,val,client_3,0,27,706,733,True,0.7362291469940195
Tox21,fedavg_proto,0.5,0,45,200,16,16,0.1,val,client_3,1,21,659,680,True,0.8366211431461811
Tox21,fedavg_proto,0.5,0,45,200,16,16,0.1,val,client_3,2,83,573,656,True,0.8379696797661851
Tox21,fedavg_proto,0.5,0,45,200,16,16,0.1,val,client_3,3,31,553,584,True,0.7693227556437029
Tox21,fedavg_proto,0.5,0,45,200,16,16,0.1,val,client_3,4,83,531,614,True,0.7533183581784767
Tox21,fedavg_proto,0.5,0,45,200,16,16,0.1,val,client_3,5,49,647,696,True,0.8286912910450115
Tox21,fedavg_proto,0.5,0,45,200,16,16,0.1,val,client_3,6,18,623,641,True,0.6955591225254146
Tox21,fedavg_proto,0.5,0,45,200,16,16,0.1,val,client_3,7,89,478,567,True,0.7313243383009731
Tox21,fedavg_proto,0.5,0,45,200,16,16,0.1,val,client_3,8,32,672,704,True,0.8193359375
Tox21,fedavg_proto,0.5,0,45,200,16,16,0.1,val,client_3,9,33,588,621,True,0.7270150484436197
Tox21,fedavg_proto,0.5,0,45,200,16,16,0.1,val,client_3,10,103,474,577,True,0.8588750972922043
Tox21,fedavg_proto,0.5,0,45,200,16,16,0.1,val,client_3,11,42,627,669,True,0.8036758563074352
Tox21,fedavg_proto,0.5,0,45,200,16,16,0.1,test,server,0,33,701,734,True,0.7477197077767691
Tox21,fedavg_proto,0.5,0,45,200,16,16,0.1,test,server,1,25,664,689,True,0.8508433734939759
Tox21,fedavg_proto,0.5,0,45,200,16,16,0.1,test,server,2,65,590,655,True,0.861955671447197
Tox21,fedavg_proto,0.5,0,45,200,16,16,0.1,test,server,3,40,560,600,True,0.7594196428571429
Tox21,fedavg_proto,0.5,0,45,200,16,16,0.1,test,server,4,96,540,636,True,0.7003086419753085
Tox21,fedavg_proto,0.5,0,45,200,16,16,0.1,test,server,5,37,651,688,True,0.7889733051023373
Tox21,fedavg_proto,0.5,0,45,200,16,16,0.1,test,server,6,17,637,654,True,0.7470680579924278
Tox21,fedavg_proto,0.5,0,45,200,16,16,0.1,test,server,7,111,482,593,True,0.7538222870173078
Tox21,fedavg_proto,0.5,0,45,200,16,16,0.1,test,server,8,24,685,709,True,0.7762773722627737
Tox21,fedavg_proto,0.5,0,45,200,16,16,0.1,test,server,9,39,600,639,True,0.7644444444444445
Tox21,fedavg_proto,0.5,0,45,200,16,16,0.1,test,server,10,98,502,600,True,0.8300471583055532
Tox21,fedavg_proto,0.5,0,45,200,16,16,0.1,test,server,11,35,636,671,True,0.7277628032345013
Tox21,fedavg_proto,0.5,0,45,200,16,16,0.1,test,client_0,0,33,701,734,True,0.7465093156961916
Tox21,fedavg_proto,0.5,0,45,200,16,16,0.1,test,client_0,1,25,664,689,True,0.8479518072289157
Tox21,fedavg_proto,0.5,0,45,200,16,16,0.1,test,client_0,2,65,590,655,True,0.8572099087353324
Tox21,fedavg_proto,0.5,0,45,200,16,16,0.1,test,client_0,3,40,560,600,True,0.7494642857142857
Tox21,fedavg_proto,0.5,0,45,200,16,16,0.1,test,client_0,4,96,540,636,True,0.7064236111111111
Tox21,fedavg_proto,0.5,0,45,200,16,16,0.1,test,client_0,5,37,651,688,True,0.798438991987379
Tox21,fedavg_proto,0.5,0,45,200,16,16,0.1,test,client_0,6,17,637,654,True,0.7296149228922338
Tox21,fedavg_proto,0.5,0,45,200,16,16,0.1,test,client_0,7,111,482,593,True,0.7458599678516692
Tox21,fedavg_proto,0.5,0,45,200,16,16,0.1,test,client_0,8,24,685,709,True,0.7648418491484186
Tox21,fedavg_proto,0.5,0,45,200,16,16,0.1,test,client_0,9,39,600,639,True,0.7572222222222221
Tox21,fedavg_proto,0.5,0,45,200,16,16,0.1,test,client_0,10,98,502,600,True,0.8286039515407756
Tox21,fedavg_proto,0.5,0,45,200,16,16,0.1,test,client_0,11,35,636,671,True,0.7249326145552561
Tox21,fedavg_proto,0.5,0,45,200,16,16,0.1,test,client_1,0,33,701,734,True,0.740500583581896
Tox21,fedavg_proto,0.5,0,45,200,16,16,0.1,test,client_1,1,25,664,689,True,0.8348192771084337
Tox21,fedavg_proto,0.5,0,45,200,16,16,0.1,test,client_1,2,65,590,655,True,0.8542112125162974
Tox21,fedavg_proto,0.5,0,45,200,16,16,0.1,test,client_1,3,40,560,600,True,0.7527678571428571
Tox21,fedavg_proto,0.5,0,45,200,16,16,0.1,test,client_1,4,96,540,636,True,0.7057291666666667
Tox21,fedavg_proto,0.5,0,45,200,16,16,0.1,test,client_1,5,37,651,688,True,0.7961556026072155
Tox21,fedavg_proto,0.5,0,45,200,16,16,0.1,test,client_1,6,17,637,654,True,0.729891956782713
Tox21,fedavg_proto,0.5,0,45,200,16,16,0.1,test,client_1,7,111,482,593,True,0.7441030241860118
Tox21,fedavg_proto,0.5,0,45,200,16,16,0.1,test,client_1,8,24,685,709,True,0.7700729927007299
Tox21,fedavg_proto,0.5,0,45,200,16,16,0.1,test,client_1,9,39,600,639,True,0.7597435897435897
Tox21,fedavg_proto,0.5,0,45,200,16,16,0.1,test,client_1,10,98,502,600,True,0.8273436864785755
Tox21,fedavg_proto,0.5,0,45,200,16,16,0.1,test,client_1,11,35,636,671,True,0.7262803234501347
Tox21,fedavg_proto,0.5,0,45,200,16,16,0.1,test,client_2,0,33,701,734,True,0.7494920676090435
Tox21,fedavg_proto,0.5,0,45,200,16,16,0.1,test,client_2,1,25,664,689,True,0.8421084337349398
Tox21,fedavg_proto,0.5,0,45,200,16,16,0.1,test,client_2,2,65,590,655,True,0.8613037809647979
Tox21,fedavg_proto,0.5,0,45,200,16,16,0.1,test,client_2,3,40,560,600,True,0.759375
Tox21,fedavg_proto,0.5,0,45,200,16,16,0.1,test,client_2,4,96,540,636,True,0.675829475308642
Tox21,fedavg_proto,0.5,0,45,200,16,16,0.1,test,client_2,5,37,651,688,True,0.7510690413916221
Tox21,fedavg_proto,0.5,0,45,200,16,16,0.1,test,client_2,6,17,637,654,True,0.7555637639671254
Tox21,fedavg_proto,0.5,0,45,200,16,16,0.1,test,client_2,7,111,482,593,True,0.7579155919404881
Tox21,fedavg_proto,0.5,0,45,200,16,16,0.1,test,client_2,8,24,685,709,True,0.7381995133819952
Tox21,fedavg_proto,0.5,0,45,200,16,16,0.1,test,client_2,9,39,600,639,True,0.7527777777777778
Tox21,fedavg_proto,0.5,0,45,200,16,16,0.1,test,client_2,10,98,502,600,True,0.8140905764696316
Tox21,fedavg_proto,0.5,0,45,200,16,16,0.1,test,client_2,11,35,636,671,True,0.7212938005390834
Tox21,fedavg_proto,0.5,0,45,200,16,16,0.1,test,client_3,0,33,701,734,True,0.7485410452600182
Tox21,fedavg_proto,0.5,0,45,200,16,16,0.1,test,client_3,1,25,664,689,True,0.846867469879518
Tox21,fedavg_proto,0.5,0,45,200,16,16,0.1,test,client_3,2,65,590,655,True,0.8585397653194263
Tox21,fedavg_proto,0.5,0,45,200,16,16,0.1,test,client_3,3,40,560,600,True,0.7592857142857141
Tox21,fedavg_proto,0.5,0,45,200,16,16,0.1,test,client_3,4,96,540,636,True,0.6915316358024691
Tox21,fedavg_proto,0.5,0,45,200,16,16,0.1,test,client_3,5,37,651,688,True,0.7884751110557562
Tox21,fedavg_proto,0.5,0,45,200,16,16,0.1,test,client_3,6,17,637,654,True,0.703389047926863
Tox21,fedavg_proto,0.5,0,45,200,16,16,0.1,test,client_3,7,111,482,593,True,0.7370939404134426
Tox21,fedavg_proto,0.5,0,45,200,16,16,0.1,test,client_3,8,24,685,709,True,0.7635036496350366
Tox21,fedavg_proto,0.5,0,45,200,16,16,0.1,test,client_3,9,39,600,639,True,0.7581623931623932
Tox21,fedavg_proto,0.5,0,45,200,16,16,0.1,test,client_3,10,98,502,600,True,0.8042930319538174
Tox21,fedavg_proto,0.5,0,45,200,16,16,0.1,test,client_3,11,35,636,671,True,0.7392632524707996
Tox21,fedavg_proto,0.5,0,46,200,16,16,0.1,val,server,0,27,706,733,True,0.7290420732347078
Tox21,fedavg_proto,0.5,0,46,200,16,16,0.1,val,server,1,21,659,680,True,0.8407399378567815
Tox21,fedavg_proto,0.5,0,46,200,16,16,0.1,val,server,2,83,573,656,True,0.8488403877289261
Tox21,fedavg_proto,0.5,0,46,200,16,16,0.1,val,server,3,31,553,584,True,0.7749227089774251
Tox21,fedavg_proto,0.5,0,46,200,16,16,0.1,val,server,4,83,531,614,True,0.762053865178227
Tox21,fedavg_proto,0.5,0,46,200,16,16,0.1,val,server,5,49,647,696,True,0.8351575560672492
Tox21,fedavg_proto,0.5,0,46,200,16,16,0.1,val,server,6,18,623,641,True,0.6662207954342786
Tox21,fedavg_proto,0.5,0,46,200,16,16,0.1,val,server,7,89,478,567,True,0.7452399981195054
Tox21,fedavg_proto,0.5,0,46,200,16,16,0.1,val,server,8,32,672,704,True,0.8270554315476191
Tox21,fedavg_proto,0.5,0,46,200,16,16,0.1,val,server,9,33,588,621,True,0.7372191300762729
Tox21,fedavg_proto,0.5,0,46,200,16,16,0.1,val,server,10,103,474,577,True,0.8725574536069804
Tox21,fedavg_proto,0.5,0,46,200,16,16,0.1,val,server,11,42,627,669,True,0.8154097364623679
Tox21,fedavg_proto,0.5,0,46,200,16,16,0.1,val,client_0,0,27,706,733,True,0.713933480222432
Tox21,fedavg_proto,0.5,0,46,200,16,16,0.1,val,client_0,1,21,659,680,True,0.829250668400896
Tox21,fedavg_proto,0.5,0,46,200,16,16,0.1,val,client_0,2,83,573,656,True,0.8554006602325532
Tox21,fedavg_proto,0.5,0,46,200,16,16,0.1,val,client_0,3,31,553,584,True,0.7593478387680103
Tox21,fedavg_proto,0.5,0,46,200,16,16,0.1,val,client_0,4,83,531,614,True,0.7542713225784494
Tox21,fedavg_proto,0.5,0,46,200,16,16,0.1,val,client_0,5,49,647,696,True,0.829164432388102
Tox21,fedavg_proto,0.5,0,46,200,16,16,0.1,val,client_0,6,18,623,641,True,0.6589085072231139
Tox21,fedavg_proto,0.5,0,46,200,16,16,0.1,val,client_0,7,89,478,567,True,0.7450049362982465
Tox21,fedavg_proto,0.5,0,46,200,16,16,0.1,val,client_0,8,32,672,704,True,0.8294270833333334
Tox21,fedavg_proto,0.5,0,46,200,16,16,0.1,val,client_0,9,33,588,621,True,0.7415481344052772
Tox21,fedavg_proto,0.5,0,46,200,16,16,0.1,val,client_0,10,103,474,577,True,0.8608004588095531
Tox21,fedavg_proto,0.5,0,46,200,16,16,0.1,val,client_0,11,42,627,669,True,0.8188653451811346
Tox21,fedavg_proto,0.5,0,46,200,16,16,0.1,val,client_1,0,27,706,733,True,0.7403735179939146
Tox21,fedavg_proto,0.5,0,46,200,16,16,0.1,val,client_1,1,21,659,680,True,0.8167497651564419
Tox21,fedavg_proto,0.5,0,46,200,16,16,0.1,val,client_1,2,83,573,656,True,0.8610357661010534
Tox21,fedavg_proto,0.5,0,46,200,16,16,0.1,val,client_1,3,31,553,584,True,0.7858309514087383
Tox21,fedavg_proto,0.5,0,46,200,16,16,0.1,val,client_1,4,83,531,614,True,0.7500056724071428
Tox21,fedavg_proto,0.5,0,46,200,16,16,0.1,val,client_1,5,49,647,696,True,0.8320979087152635
Tox21,fedavg_proto,0.5,0,46,200,16,16,0.1,val,client_1,6,18,623,641,True,0.640271089709292
Tox21,fedavg_proto,0.5,0,46,200,16,16,0.1,val,client_1,7,89,478,567,True,0.7371068591039444
Tox21,fedavg_proto,0.5,0,46,200,16,16,0.1,val,client_1,8,32,672,704,True,0.8066406249999999
Tox21,fedavg_proto,0.5,0,46,200,16,16,0.1,val,client_1,9,33,588,621,True,0.733147804576376
Tox21,fedavg_proto,0.5,0,46,200,16,16,0.1,val,client_1,10,103,474,577,True,0.8726598664536479
Tox21,fedavg_proto,0.5,0,46,200,16,16,0.1,val,client_1,11,42,627,669,True,0.7858661806030227
Tox21,fedavg_proto,0.5,0,46,200,16,16,0.1,val,client_2,0,27,706,733,True,0.7409505823103557
Tox21,fedavg_proto,0.5,0,46,200,16,16,0.1,val,client_2,1,21,659,680,True,0.8659585230146687
Tox21,fedavg_proto,0.5,0,46,200,16,16,0.1,val,client_2,2,83,573,656,True,0.8442145545532918
Tox21,fedavg_proto,0.5,0,46,200,16,16,0.1,val,client_2,3,31,553,584,True,0.7653561220323164
Tox21,fedavg_proto,0.5,0,46,200,16,16,0.1,val,client_2,4,83,531,614,True,0.7684977196923286
Tox21,fedavg_proto,0.5,0,46,200,16,16,0.1,val,client_2,5,49,647,696,True,0.8266410118916191
Tox21,fedavg_proto,0.5,0,46,200,16,16,0.1,val,client_2,6,18,623,641,True,0.6759407883003388
Tox21,fedavg_proto,0.5,0,46,200,16,16,0.1,val,client_2,7,89,478,567,True,0.7462977763151709
Tox21,fedavg_proto,0.5,0,46,200,16,16,0.1,val,client_2,8,32,672,704,True,0.834588913690476
Tox21,fedavg_proto,0.5,0,46,200,16,16,0.1,val,client_2,9,33,588,621,True,0.7233560090702948
Tox21,fedavg_proto,0.5,0,46,200,16,16,0.1,val,client_2,10,103,474,577,True,0.864712629552251
Tox21,fedavg_proto,0.5,0,46,200,16,16,0.1,val,client_2,11,42,627,669,True,0.8132072605756816
Tox21,fedavg_proto,0.5,0,46,200,16,16,0.1,val,client_3,0,27,706,733,True,0.7298814395131676
Tox21,fedavg_proto,0.5,0,46,200,16,16,0.1,val,client_3,1,21,659,680,True,0.8301900426331381
Tox21,fedavg_proto,0.5,0,46,200,16,16,0.1,val,client_3,2,83,573,656,True,0.8348577556298493
Tox21,fedavg_proto,0.5,0,46,200,16,16,0.1,val,client_3,3,31,553,584,True,0.7662894475879366
Tox21,fedavg_proto,0.5,0,46,200,16,16,0.1,val,client_3,4,83,531,614,True,0.7547251151498651
Tox21,fedavg_proto,0.5,0,46,200,16,16,0.1,val,client_3,5,49,647,696,True,0.8273664952843578
Tox21,fedavg_proto,0.5,0,46,200,16,16,0.1,val,client_3,6,18,623,641,True,0.7077759942928482
Tox21,fedavg_proto,0.5,0,46,200,16,16,0.1,val,client_3,7,89,478,567,True,0.731582906304358
Tox21,fedavg_proto,0.5,0,46,200,16,16,0.1,val,client_3,8,32,672,704,True,0.8130580357142857
Tox21,fedavg_proto,0.5,0,46,200,16,16,0.1,val,client_3,9,33,588,621,True,0.7242836528550815
Tox21,fedavg_proto,0.5,0,46,200,16,16,0.1,val,client_3,10,103,474,577,True,0.8602679120068821
Tox21,fedavg_proto,0.5,0,46,200,16,16,0.1,val,client_3,11,42,627,669,True,0.8055365686944636
Tox21,fedavg_proto,0.5,0,46,200,16,16,0.1,test,server,0,33,701,734,True,0.7445640427095491
Tox21,fedavg_proto,0.5,0,46,200,16,16,0.1,test,server,1,25,664,689,True,0.8523493975903614
Tox21,fedavg_proto,0.5,0,46,200,16,16,0.1,test,server,2,65,590,655,True,0.8595306388526728
Tox21,fedavg_proto,0.5,0,46,200,16,16,0.1,test,server,3,40,560,600,True,0.7596428571428572
Tox21,fedavg_proto,0.5,0,46,200,16,16,0.1,test,server,4,96,540,636,True,0.7016203703703703
Tox21,fedavg_proto,0.5,0,46,200,16,16,0.1,test,server,5,37,651,688,True,0.7879769170091752
Tox21,fedavg_proto,0.5,0,46,200,16,16,0.1,test,server,6,17,637,654,True,0.7542709391448887
Tox21,fedavg_proto,0.5,0,46,200,16,16,0.1,test,server,7,111,482,593,True,0.7572240290082612
Tox21,fedavg_proto,0.5,0,46,200,16,16,0.1,test,server,8,24,685,709,True,0.7818126520681266
Tox21,fedavg_proto,0.5,0,46,200,16,16,0.1,test,server,9,39,600,639,True,0.7674786324786325
Tox21,fedavg_proto,0.5,0,46,200,16,16,0.1,test,server,10,98,502,600,True,0.831510691926173
Tox21,fedavg_proto,0.5,0,46,200,16,16,0.1,test,server,11,35,636,671,True,0.7297843665768193
Tox21,fedavg_proto,0.5,0,46,200,16,16,0.1,test,client_0,0,33,701,734,True,0.7515237971728699
Tox21,fedavg_proto,0.5,0,46,200,16,16,0.1,test,client_0,1,25,664,689,True,0.8577710843373494
Tox21,fedavg_proto,0.5,0,46,200,16,16,0.1,test,client_0,2,65,590,655,True,0.8479530638852673
Tox21,fedavg_proto,0.5,0,46,200,16,16,0.1,test,client_0,3,40,560,600,True,0.7439732142857143
Tox21,fedavg_proto,0.5,0,46,200,16,16,0.1,test,client_0,4,96,540,636,True,0.711574074074074
Tox21,fedavg_proto,0.5,0,46,200,16,16,0.1,test,client_0,5,37,651,688,True,0.8045003528874497
Tox21,fedavg_proto,0.5,0,46,200,16,16,0.1,test,client_0,6,17,637,654,True,0.746606334841629
Tox21,fedavg_proto,0.5,0,46,200,16,16,0.1,test,client_0,7,111,482,593,True,0.7498411274344885
Tox21,fedavg_proto,0.5,0,46,200,16,16,0.1,test,client_0,8,24,685,709,True,0.7693430656934306
Tox21,fedavg_proto,0.5,0,46,200,16,16,0.1,test,client_0,9,39,600,639,True,0.7519658119658119
Tox21,fedavg_proto,0.5,0,46,200,16,16,0.1,test,client_0,10,98,502,600,True,0.8347223351491991
Tox21,fedavg_proto,0.5,0,46,200,16,16,0.1,test,client_0,11,35,636,671,True,0.7296495956873316
Tox21,fedavg_proto,0.5,0,46,200,16,16,0.1,test,client_1,0,33,701,734,True,0.7391172783469503
Tox21,fedavg_proto,0.5,0,46,200,16,16,0.1,test,client_1,1,25,664,689,True,0.8330120481927711
Tox21,fedavg_proto,0.5,0,46,200,16,16,0.1,test,client_1,2,65,590,655,True,0.8530117340286832
Tox21,fedavg_proto,0.5,0,46,200,16,16,0.1,test,client_1,3,40,560,600,True,0.7566517857142857
Tox21,fedavg_proto,0.5,0,46,200,16,16,0.1,test,client_1,4,96,540,636,True,0.6992283950617284
Tox21,fedavg_proto,0.5,0,46,200,16,16,0.1,test,client_1,5,37,651,688,True,0.7956574085606344
Tox21,fedavg_proto,0.5,0,46,200,16,16,0.1,test,client_1,6,17,637,654,True,0.7332163634684643
Tox21,fedavg_proto,0.5,0,46,200,16,16,0.1,test,client_1,7,111,482,593,True,0.7436544428245673
Tox21,fedavg_proto,0.5,0,46,200,16,16,0.1,test,client_1,8,24,685,709,True,0.7746958637469586
Tox21,fedavg_proto,0.5,0,46,200,16,16,0.1,test,client_1,9,39,600,639,True,0.7616666666666667
Tox21,fedavg_proto,0.5,0,46,200,16,16,0.1,test,client_1,10,98,502,600,True,0.8285023172615661
Tox21,fedavg_proto,0.5,0,46,200,16,16,0.1,test,client_1,11,35,636,671,True,0.726325247079964
Tox21,fedavg_proto,0.5,0,46,200,16,16,0.1,test,client_2,0,33,701,734,True,0.7452556953270221
Tox21,fedavg_proto,0.5,0,46,200,16,16,0.1,test,client_2,1,25,664,689,True,0.8486746987951806
Tox21,fedavg_proto,0.5,0,46,200,16,16,0.1,test,client_2,2,65,590,655,True,0.8590352020860496
Tox21,fedavg_proto,0.5,0,46,200,16,16,0.1,test,client_2,3,40,560,600,True,0.7644642857142858
Tox21,fedavg_proto,0.5,0,46,200,16,16,0.1,test,client_2,4,96,540,636,True,0.6743055555555555
Tox21,fedavg_proto,0.5,0,46,200,16,16,0.1,test,client_2,5,37,651,688,True,0.7465437788018433
Tox21,fedavg_proto,0.5,0,46,200,16,16,0.1,test,client_2,6,17,637,654,True,0.7719087635054022
Tox21,fedavg_proto,0.5,0,46,200,16,16,0.1,test,client_2,7,111,482,593,True,0.7623266419946918
Tox21,fedavg_proto,0.5,0,46,200,16,16,0.1,test,client_2,8,24,685,709,True,0.7522506082725061
Tox21,fedavg_proto,0.5,0,46,200,16,16,0.1,test,client_2,9,39,600,639,True,0.7603418803418803
Tox21,fedavg_proto,0.5,0,46,200,16,16,0.1,test,client_2,10,98,502,600,True,0.8088259208065697
Tox21,fedavg_proto,0.5,0,46,200,16,16,0.1,test,client_2,11,35,636,671,True,0.7289757412398922
Tox21,fedavg_proto,0.5,0,46,200,16,16,0.1,test,client_3,0,33,701,734,True,0.7440020749578523
Tox21,fedavg_proto,0.5,0,46,200,16,16,0.1,test,client_3,1,25,664,689,True,0.8473493975903614
Tox21,fedavg_proto,0.5,0,46,200,16,16,0.1,test,client_3,2,65,590,655,True,0.8545241199478487
Tox21,fedavg_proto,0.5,0,46,200,16,16,0.1,test,client_3,3,40,560,600,True,0.7576785714285713
Tox21,fedavg_proto,0.5,0,46,200,16,16,0.1,test,client_3,4,96,540,636,True,0.7043402777777777
Tox21,fedavg_proto,0.5,0,46,200,16,16,0.1,test,client_3,5,37,651,688,True,0.7993523477394446
Tox21,fedavg_proto,0.5,0,46,200,16,16,0.1,test,client_3,6,17,637,654,True,0.7202881152460985
Tox21,fedavg_proto,0.5,0,46,200,16,16,0.1,test,client_3,7,111,482,593,True,0.7468879668049793
Tox21,fedavg_proto,0.5,0,46,200,16,16,0.1,test,client_3,8,24,685,709,True,0.7656326034063259
Tox21,fedavg_proto,0.5,0,46,200,16,16,0.1,test,client_3,9,39,600,639,True,0.7697435897435898
Tox21,fedavg_proto,0.5,0,46,200,16,16,0.1,test,client_3,10,98,502,600,True,0.8145580941539962
Tox21,fedavg_proto,0.5,0,46,200,16,16,0.1,test,client_3,11,35,636,671,True,0.7435759209344115
Tox21,fedavg_proto,0.5,0,47,200,16,16,0.1,val,server,0,27,706,733,True,0.7320847759941245
Tox21,fedavg_proto,0.5,0,47,200,16,16,0.1,val,server,1,21,659,680,True,0.8502781992918563
Tox21,fedavg_proto,0.5,0,47,200,16,16,0.1,val,server,2,83,573,656,True,0.8476839294350175
Tox21,fedavg_proto,0.5,0,47,200,16,16,0.1,val,server,3,31,553,584,True,0.7693810884909292
Tox21,fedavg_proto,0.5,0,47,200,16,16,0.1,val,server,4,83,531,614,True,0.7684523404351871
Tox21,fedavg_proto,0.5,0,47,200,16,16,0.1,val,server,5,49,647,696,True,0.8379648613695865
Tox21,fedavg_proto,0.5,0,47,200,16,16,0.1,val,server,6,18,623,641,True,0.6762083110397716
Tox21,fedavg_proto,0.5,0,47,200,16,16,0.1,val,server,7,89,478,567,True,0.7482958017958723
Tox21,fedavg_proto,0.5,0,47,200,16,16,0.1,val,server,8,32,672,704,True,0.8212425595238095
Tox21,fedavg_proto,0.5,0,47,200,16,16,0.1,val,server,9,33,588,621,True,0.7350546279117708
Tox21,fedavg_proto,0.5,0,47,200,16,16,0.1,val,server,10,103,474,577,True,0.8696489287616238
Tox21,fedavg_proto,0.5,0,47,200,16,16,0.1,val,server,11,42,627,669,True,0.8123338649654439
Tox21,fedavg_proto,0.5,0,47,200,16,16,0.1,val,client_0,0,27,706,733,True,0.7299338999055712
Tox21,fedavg_proto,0.5,0,47,200,16,16,0.1,val,client_0,1,21,659,680,True,0.8513620926367512
Tox21,fedavg_proto,0.5,0,47,200,16,16,0.1,val,client_0,2,83,573,656,True,0.8531087701591707
Tox21,fedavg_proto,0.5,0,47,200,16,16,0.1,val,client_0,3,31,553,584,True,0.7587645102957475
Tox21,fedavg_proto,0.5,0,47,200,16,16,0.1,val,client_0,4,83,531,614,True,0.753590633721326
Tox21,fedavg_proto,0.5,0,47,200,16,16,0.1,val,client_0,5,49,647,696,True,0.8246853610068448
Tox21,fedavg_proto,0.5,0,47,200,16,16,0.1,val,client_0,6,18,623,641,True,0.6787943641876226
Tox21,fedavg_proto,0.5,0,47,200,16,16,0.1,val,client_0,7,89,478,567,True,0.7464153072258004
Tox21,fedavg_proto,0.5,0,47,200,16,16,0.1,val,client_0,8,32,672,704,True,0.8171037946428572
Tox21,fedavg_proto,0.5,0,47,200,16,16,0.1,val,client_0,9,33,588,621,True,0.7382498453927026
Tox21,fedavg_proto,0.5,0,47,200,16,16,0.1,val,client_0,10,103,474,577,True,0.8637499487935767
Tox21,fedavg_proto,0.5,0,47,200,16,16,0.1,val,client_0,11,42,627,669,True,0.8098275993012835
Tox21,fedavg_proto,0.5,0,47,200,16,16,0.1,val,client_1,0,27,706,733,True,0.7318224740321057
Tox21,fedavg_proto,0.5,0,47,200,16,16,0.1,val,client_1,1,21,659,680,True,0.821013078979695
Tox21,fedavg_proto,0.5,0,47,200,16,16,0.1,val,client_1,2,83,573,656,True,0.8572299669883724
Tox21,fedavg_proto,0.5,0,47,200,16,16,0.1,val,client_1,3,31,553,584,True,0.780405996616695
Tox21,fedavg_proto,0.5,0,47,200,16,16,0.1,val,client_1,4,83,531,614,True,0.7628026229210627
Tox21,fedavg_proto,0.5,0,47,200,16,16,0.1,val,client_1,5,49,647,696,True,0.841024508721572
Tox21,fedavg_proto,0.5,0,47,200,16,16,0.1,val,client_1,6,18,623,641,True,0.6457107187444266
Tox21,fedavg_proto,0.5,0,47,200,16,16,0.1,val,client_1,7,89,478,567,True,0.7381646372996098
Tox21,fedavg_proto,0.5,0,47,200,16,16,0.1,val,client_1,8,32,672,704,True,0.8046409970238095
Tox21,fedavg_proto,0.5,0,47,200,16,16,0.1,val,client_1,9,33,588,621,True,0.7233560090702948
Tox21,fedavg_proto,0.5,0,47,200,16,16,0.1,val,client_1,10,103,474,577,True,0.8661054442669288
Tox21,fedavg_proto,0.5,0,47,200,16,16,0.1,val,client_1,11,42,627,669,True,0.7846130477709425
Tox21,fedavg_proto,0.5,0,47,200,16,16,0.1,val,client_2,0,27,706,733,True,0.738117721120554
Tox21,fedavg_proto,0.5,0,47,200,16,16,0.1,val,client_2,1,21,659,680,True,0.86003323939591
Tox21,fedavg_proto,0.5,0,47,200,16,16,0.1,val,client_2,2,83,573,656,True,0.8282344035829181
Tox21,fedavg_proto,0.5,0,47,200,16,16,0.1,val,client_2,3,31,553,584,True,0.7496645861284489
Tox21,fedavg_proto,0.5,0,47,200,16,16,0.1,val,client_2,4,83,531,614,True,0.7692691670637353
Tox21,fedavg_proto,0.5,0,47,200,16,16,0.1,val,client_2,5,49,647,696,True,0.8198908620635271
Tox21,fedavg_proto,0.5,0,47,200,16,16,0.1,val,client_2,6,18,623,641,True,0.6745140003566971
Tox21,fedavg_proto,0.5,0,47,200,16,16,0.1,val,client_2,7,89,478,567,True,0.7466738752291852
Tox21,fedavg_proto,0.5,0,47,200,16,16,0.1,val,client_2,8,32,672,704,True,0.8349609375
Tox21,fedavg_proto,0.5,0,47,200,16,16,0.1,val,client_2,9,33,588,621,True,0.7169140383426098
Tox21,fedavg_proto,0.5,0,47,200,16,16,0.1,val,client_2,10,103,474,577,True,0.8611486624882225
Tox21,fedavg_proto,0.5,0,47,200,16,16,0.1,val,client_2,11,42,627,669,True,0.8037138300296195
Tox21,fedavg_proto,0.5,0,47,200,16,16,0.1,val,client_3,0,27,706,733,True,0.7226419053614521
Tox21,fedavg_proto,0.5,0,47,200,16,16,0.1,val,client_3,1,21,659,680,True,0.8314184550906857
Tox21,fedavg_proto,0.5,0,47,200,16,16,0.1,val,client_3,2,83,573,656,True,0.8435417060913812
Tox21,fedavg_proto,0.5,0,47,200,16,16,0.1,val,client_3,3,31,553,584,True,0.7739310505745786
Tox21,fedavg_proto,0.5,0,47,200,16,16,0.1,val,client_3,4,83,531,614,True,0.7579016631497743
Tox21,fedavg_proto,0.5,0,47,200,16,16,0.1,val,client_3,5,49,647,696,True,0.829984544049459
Tox21,fedavg_proto,0.5,0,47,200,16,16,0.1,val,client_3,6,18,623,641,True,0.6945782058141609
Tox21,fedavg_proto,0.5,0,47,200,16,16,0.1,val,client_3,7,89,478,567,True,0.7309952517512106
Tox21,fedavg_proto,0.5,0,47,200,16,16,0.1,val,client_3,8,32,672,704,True,0.8125
Tox21,fedavg_proto,0.5,0,47,200,16,16,0.1,val,client_3,9,33,588,621,True,0.7277880849309422
Tox21,fedavg_proto,0.5,0,47,200,16,16,0.1,val,client_3,10,103,474,577,True,0.8593052312482078
Tox21,fedavg_proto,0.5,0,47,200,16,16,0.1,val,client_3,11,42,627,669,True,0.808802308802309
Tox21,fedavg_proto,0.5,0,47,200,16,16,0.1,test,server,0,33,701,734,True,0.750010807072148
Tox21,fedavg_proto,0.5,0,47,200,16,16,0.1,test,server,1,25,664,689,True,0.8540361445783132
Tox21,fedavg_proto,0.5,0,47,200,16,16,0.1,test,server,2,65,590,655,True,0.8617470664928292
Tox21,fedavg_proto,0.5,0,47,200,16,16,0.1,test,server,3,40,560,600,True,0.7520089285714286
Tox21,fedavg_proto,0.5,0,47,200,16,16,0.1,test,server,4,96,540,636,True,0.6996141975308642
Tox21,fedavg_proto,0.5,0,47,200,16,16,0.1,test,server,5,37,651,688,True,0.7912982106530495
Tox21,fedavg_proto,0.5,0,47,200,16,16,0.1,test,server,6,17,637,654,True,0.7531628035829716
Tox21,fedavg_proto,0.5,0,47,200,16,16,0.1,test,server,7,111,482,593,True,0.753953123247729
Tox21,fedavg_proto,0.5,0,47,200,16,16,0.1,test,server,8,24,685,709,True,0.772323600973236
Tox21,fedavg_proto,0.5,0,47,200,16,16,0.1,test,server,9,39,600,639,True,0.7559829059829061
Tox21,fedavg_proto,0.5,0,47,200,16,16,0.1,test,server,10,98,502,600,True,0.8264696316773722
Tox21,fedavg_proto,0.5,0,47,200,16,16,0.1,test,server,11,35,636,671,True,0.7273584905660377
Tox21,fedavg_proto,0.5,0,47,200,16,16,0.1,test,client_0,0,33,701,734,True,0.7567976483811006
Tox21,fedavg_proto,0.5,0,47,200,16,16,0.1,test,client_0,1,25,664,689,True,0.8513253012048192
Tox21,fedavg_proto,0.5,0,47,200,16,16,0.1,test,client_0,2,65,590,655,True,0.8589569752281617
Tox21,fedavg_proto,0.5,0,47,200,16,16,0.1,test,client_0,3,40,560,600,True,0.7449107142857143
Tox21,fedavg_proto,0.5,0,47,200,16,16,0.1,test,client_0,4,96,540,636,True,0.693016975308642
Tox21,fedavg_proto,0.5,0,47,200,16,16,0.1,test,client_0,5,37,651,688,True,0.790094241707145
Tox21,fedavg_proto,0.5,0,47,200,16,16,0.1,test,client_0,6,17,637,654,True,0.7275833410287192
Tox21,fedavg_proto,0.5,0,47,200,16,16,0.1,test,client_0,7,111,482,593,True,0.7406452095248774
Tox21,fedavg_proto,0.5,0,47,200,16,16,0.1,test,client_0,8,24,685,709,True,0.7510948905109489
Tox21,fedavg_proto,0.5,0,47,200,16,16,0.1,test,client_0,9,39,600,639,True,0.749017094017094
Tox21,fedavg_proto,0.5,0,47,200,16,16,0.1,test,client_0,10,98,502,600,True,0.8219367428246199
Tox21,fedavg_proto,0.5,0,47,200,16,16,0.1,test,client_0,11,35,636,671,True,0.7288858939802336
Tox21,fedavg_proto,0.5,0,47,200,16,16,0.1,test,client_1,0,33,701,734,True,0.7447801841525094
Tox21,fedavg_proto,0.5,0,47,200,16,16,0.1,test,client_1,1,25,664,689,True,0.8407831325301205
Tox21,fedavg_proto,0.5,0,47,200,16,16,0.1,test,client_1,2,65,590,655,True,0.8584876140808344
Tox21,fedavg_proto,0.5,0,47,200,16,16,0.1,test,client_1,3,40,560,600,True,0.7436607142857143
Tox21,fedavg_proto,0.5,0,47,200,16,16,0.1,test,client_1,4,96,540,636,True,0.6980709876543211
Tox21,fedavg_proto,0.5,0,47,200,16,16,0.1,test,client_1,5,37,651,688,True,0.7968198613359904
Tox21,fedavg_proto,0.5,0,47,200,16,16,0.1,test,client_1,6,17,637,654,True,0.724997691384246
Tox21,fedavg_proto,0.5,0,47,200,16,16,0.1,test,client_1,7,111,482,593,True,0.7417105902583081
Tox21,fedavg_proto,0.5,0,47,200,16,16,0.1,test,client_1,8,24,685,709,True,0.7639294403892944
Tox21,fedavg_proto,0.5,0,47,200,16,16,0.1,test,client_1,9,39,600,639,True,0.7499572649572649
Tox21,fedavg_proto,0.5,0,47,200,16,16,0.1,test,client_1,10,98,502,600,True,0.8239287746971299
Tox21,fedavg_proto,0.5,0,47,200,16,16,0.1,test,client_1,11,35,636,671,True,0.7172057502246182
Tox21,fedavg_proto,0.5,0,47,200,16,16,0.1,test,client_2,0,33,701,734,True,0.74521246703843
Tox21,fedavg_proto,0.5,0,47,200,16,16,0.1,test,client_2,1,25,664,689,True,0.8521686746987952
Tox21,fedavg_proto,0.5,0,47,200,16,16,0.1,test,client_2,2,65,590,655,True,0.8569752281616689
Tox21,fedavg_proto,0.5,0,47,200,16,16,0.1,test,client_2,3,40,560,600,True,0.7551785714285715
Tox21,fedavg_proto,0.5,0,47,200,16,16,0.1,test,client_2,4,96,540,636,True,0.6722029320987654
Tox21,fedavg_proto,0.5,0,47,200,16,16,0.1,test,client_2,5,37,651,688,True,0.7398181591729979
Tox21,fedavg_proto,0.5,0,47,200,16,16,0.1,test,client_2,6,17,637,654,True,0.7747714470403545
Tox21,fedavg_proto,0.5,0,47,200,16,16,0.1,test,client_2,7,111,482,593,True,0.7632051138275204
Tox21,fedavg_proto,0.5,0,47,200,16,16,0.1,test,client_2,8,24,685,709,True,0.7434914841849148
Tox21,fedavg_proto,0.5,0,47,200,16,16,0.1,test,client_2,9,39,600,639,True,0.7589316239316239
Tox21,fedavg_proto,0.5,0,47,200,16,16,0.1,test,client_2,10,98,502,600,True,0.8027888446215139
Tox21,fedavg_proto,0.5,0,47,200,16,16,0.1,test,client_2,11,35,636,671,True,0.7287511230907457
Tox21,fedavg_proto,0.5,0,47,200,16,16,0.1,test,client_3,0,33,701,734,True,0.7380365711321488
Tox21,fedavg_proto,0.5,0,47,200,16,16,0.1,test,client_3,1,25,664,689,True,0.8456024096385543
Tox21,fedavg_proto,0.5,0,47,200,16,16,0.1,test,client_3,2,65,590,655,True,0.853168187744459
Tox21,fedavg_proto,0.5,0,47,200,16,16,0.1,test,client_3,3,40,560,600,True,0.7617857142857142
Tox21,fedavg_proto,0.5,0,47,200,16,16,0.1,test,client_3,4,96,540,636,True,0.705054012345679
Tox21,fedavg_proto,0.5,0,47,200,16,16,0.1,test,client_3,5,37,651,688,True,0.8051230954456761
Tox21,fedavg_proto,0.5,0,47,200,16,16,0.1,test,client_3,6,17,637,654,True,0.7104995844491643
Tox21,fedavg_proto,0.5,0,47,200,16,16,0.1,test,client_3,7,111,482,593,True,0.7440095697357109
Tox21,fedavg_proto,0.5,0,47,200,16,16,0.1,test,client_3,8,24,685,709,True,0.7710462287104622
Tox21,fedavg_proto,0.5,0,47,200,16,16,0.1,test,client_3,9,39,600,639,True,0.7660256410256411
Tox21,fedavg_proto,0.5,0,47,200,16,16,0.1,test,client_3,10,98,502,600,True,0.8185421578990162
Tox21,fedavg_proto,0.5,0,47,200,16,16,0.1,test,client_3,11,35,636,671,True,0.7407008086253368
Tox21,fedavg_proto,0.5,0,48,200,16,16,0.1,val,server,0,27,706,733,True,0.7265239743993285
Tox21,fedavg_proto,0.5,0,48,200,16,16,0.1,val,server,1,21,659,680,True,0.8505672375171616
Tox21,fedavg_proto,0.5,0,48,200,16,16,0.1,val,server,2,83,573,656,True,0.852099497466305
Tox21,fedavg_proto,0.5,0,48,200,16,16,0.1,val,server,3,31,553,584,True,0.7759727002274981
Tox21,fedavg_proto,0.5,0,48,200,16,16,0.1,val,server,4,83,531,614,True,0.7677035826923513
Tox21,fedavg_proto,0.5,0,48,200,16,16,0.1,val,server,5,49,647,696,True,0.8405829101346876
Tox21,fedavg_proto,0.5,0,48,200,16,16,0.1,val,server,6,18,623,641,True,0.6784376672017122
Tox21,fedavg_proto,0.5,0,48,200,16,16,0.1,val,server,7,89,478,567,True,0.750928494193973
Tox21,fedavg_proto,0.5,0,48,200,16,16,0.1,val,server,8,32,672,704,True,0.8214750744047619
Tox21,fedavg_proto,0.5,0,48,200,16,16,0.1,val,server,9,33,588,621,True,0.7388167388167388
Tox21,fedavg_proto,0.5,0,48,200,16,16,0.1,val,server,10,103,474,577,True,0.8736839949203228
Tox21,fedavg_proto,0.5,0,48,200,16,16,0.1,val,server,11,42,627,669,True,0.8214855320118477
Tox21,fedavg_proto,0.5,0,48,200,16,16,0.1,val,client_0,0,27,706,733,True,0.7231140488930857
Tox21,fedavg_proto,0.5,0,48,200,16,16,0.1,val,client_0,1,21,659,680,True,0.8384998916106654
Tox21,fedavg_proto,0.5,0,48,200,16,16,0.1,val,client_0,2,83,573,656,True,0.8557160579490737
Tox21,fedavg_proto,0.5,0,48,200,16,16,0.1,val,client_0,3,31,553,584,True,0.7687977600186665
Tox21,fedavg_proto,0.5,0,48,200,16,16,0.1,val,client_0,4,83,531,614,True,0.7532502892927642
Tox21,fedavg_proto,0.5,0,48,200,16,16,0.1,val,client_0,5,49,647,696,True,0.8260732422799104
Tox21,fedavg_proto,0.5,0,48,200,16,16,0.1,val,client_0,6,18,623,641,True,0.6623863028357411
Tox21,fedavg_proto,0.5,0,48,200,16,16,0.1,val,client_0,7,89,478,567,True,0.7542663720558507
Tox21,fedavg_proto,0.5,0,48,200,16,16,0.1,val,client_0,8,32,672,704,True,0.8281715029761905
Tox21,fedavg_proto,0.5,0,48,200,16,16,0.1,val,client_0,9,33,588,621,True,0.7453617810760668
Tox21,fedavg_proto,0.5,0,48,200,16,16,0.1,val,client_0,10,103,474,577,True,0.868624800294949
Tox21,fedavg_proto,0.5,0,48,200,16,16,0.1,val,client_0,11,42,627,669,True,0.8225487962330068
Tox21,fedavg_proto,0.5,0,48,200,16,16,0.1,val,client_1,0,27,706,733,True,0.7411079634875669
Tox21,fedavg_proto,0.5,0,48,200,16,16,0.1,val,client_1,1,21,659,680,True,0.8276609581617169
Tox21,fedavg_proto,0.5,0,48,200,16,16,0.1,val,client_1,2,83,573,656,True,0.8632645766311319
Tox21,fedavg_proto,0.5,0,48,200,16,16,0.1,val,client_1,3,31,553,584,True,0.7781893484220965
Tox21,fedavg_proto,0.5,0,48,200,16,16,0.1,val,client_1,4,83,531,614,True,0.7591269030925965
Tox21,fedavg_proto,0.5,0,48,200,16,16,0.1,val,client_1,5,49,647,696,True,0.8415922783332808
Tox21,fedavg_proto,0.5,0,48,200,16,16,0.1,val,client_1,6,18,623,641,True,0.6573925450329944
Tox21,fedavg_proto,0.5,0,48,200,16,16,0.1,val,client_1,7,89,478,567,True,0.7398570824126746
Tox21,fedavg_proto,0.5,0,48,200,16,16,0.1,val,client_1,8,32,672,704,True,0.8000837053571429
Tox21,fedavg_proto,0.5,0,48,200,16,16,0.1,val,client_1,9,33,588,621,True,0.7272211915069058
Tox21,fedavg_proto,0.5,0,48,200,16,16,0.1,val,client_1,10,103,474,577,True,0.8656957928802589
Tox21,fedavg_proto,0.5,0,48,200,16,16,0.1,val,client_1,11,42,627,669,True,0.790650869598238
Tox21,fedavg_proto,0.5,0,48,200,16,16,0.1,val,client_2,0,27,706,733,True,0.7303011226523973
Tox21,fedavg_proto,0.5,0,48,200,16,16,0.1,val,client_2,1,21,659,680,True,0.8733289977599537
Tox21,fedavg_proto,0.5,0,48,200,16,16,0.1,val,client_2,2,83,573,656,True,0.8392943501755714
Tox21,fedavg_proto,0.5,0,48,200,16,16,0.1,val,client_2,3,31,553,584,True,0.7594061716152365
Tox21,fedavg_proto,0.5,0,48,200,16,16,0.1,val,client_2,4,83,531,614,True,0.7673405486352187
Tox21,fedavg_proto,0.5,0,48,200,16,16,0.1,val,client_2,5,49,647,696,True,0.8287543765574237
Tox21,fedavg_proto,0.5,0,48,200,16,16,0.1,val,client_2,6,18,623,641,True,0.6862850008917426
Tox21,fedavg_proto,0.5,0,48,200,16,16,0.1,val,client_2,7,89,478,567,True,0.7451929857552536
Tox21,fedavg_proto,0.5,0,48,200,16,16,0.1,val,client_2,8,32,672,704,True,0.8283575148809526
Tox21,fedavg_proto,0.5,0,48,200,16,16,0.1,val,client_2,9,33,588,621,True,0.7263966192537622
Tox21,fedavg_proto,0.5,0,48,200,16,16,0.1,val,client_2,10,103,474,577,True,0.8635041579615748
Tox21,fedavg_proto,0.5,0,48,200,16,16,0.1,val,client_2,11,42,627,669,True,0.8167767904610009
Tox21,fedavg_proto,0.5,0,48,200,16,16,0.1,val,client_3,0,27,706,733,True,0.7279404049942294
Tox21,fedavg_proto,0.5,0,48,200,16,16,0.1,val,client_3,1,21,659,680,True,0.8327191271045596
Tox21,fedavg_proto,0.5,0,48,200,16,16,0.1,val,client_3,2,83,573,656,True,0.8416703463066928
Tox21,fedavg_proto,0.5,0,48,200,16,16,0.1,val,client_3,3,31,553,584,True,0.7691477571020242
Tox21,fedavg_proto,0.5,0,48,200,16,16,0.1,val,client_3,4,83,531,614,True,0.7621673133210809
Tox21,fedavg_proto,0.5,0,48,200,16,16,0.1,val,client_3,5,49,647,696,True,0.8305207709049617
Tox21,fedavg_proto,0.5,0,48,200,16,16,0.1,val,client_3,6,18,623,641,True,0.700374531835206
Tox21,fedavg_proto,0.5,0,48,200,16,16,0.1,val,client_3,7,89,478,567,True,0.7381881434817357
Tox21,fedavg_proto,0.5,0,48,200,16,16,0.1,val,client_3,8,32,672,704,True,0.7978980654761905
Tox21,fedavg_proto,0.5,0,48,200,16,16,0.1,val,client_3,9,33,588,621,True,0.7233560090702948
Tox21,fedavg_proto,0.5,0,48,200,16,16,0.1,val,client_3,10,103,474,577,True,0.8574003523001925
Tox21,fedavg_proto,0.5,0,48,200,16,16,0.1,val,client_3,11,42,627,669,True,0.8045112781954887
Tox21,fedavg_proto,0.5,0,48,200,16,16,0.1,test,server,0,33,701,734,True,0.7452124670384299
Tox21,fedavg_proto,0.5,0,48,200,16,16,0.1,test,server,1,25,664,689,True,0.8493975903614458
Tox21,fedavg_proto,0.5,0,48,200,16,16,0.1,test,server,2,65,590,655,True,0.8551238591916558
Tox21,fedavg_proto,0.5,0,48,200,16,16,0.1,test,server,3,40,560,600,True,0.7535714285714286
Tox21,fedavg_proto,0.5,0,48,200,16,16,0.1,test,server,4,96,540,636,True,0.7085841049382716
Tox21,fedavg_proto,0.5,0,48,200,16,16,0.1,test,server,5,37,651,688,True,0.7951176983435049
Tox21,fedavg_proto,0.5,0,48,200,16,16,0.1,test,server,6,17,637,654,True,0.7582417582417583
Tox21,fedavg_proto,0.5,0,48,200,16,16,0.1,test,server,7,111,482,593,True,0.7591678815745205
Tox21,fedavg_proto,0.5,0,48,200,16,16,0.1,test,server,8,24,685,709,True,0.7717761557177616
Tox21,fedavg_proto,0.5,0,48,200,16,16,0.1,test,server,9,39,600,639,True,0.7638888888888888
Tox21,fedavg_proto,0.5,0,48,200,16,16,0.1,test,server,10,98,502,600,True,0.8355557362387187
Tox21,fedavg_proto,0.5,0,48,200,16,16,0.1,test,server,11,35,636,671,True,0.7353099730458221
Tox21,fedavg_proto,0.5,0,48,200,16,16,0.1,test,client_0,0,33,701,734,True,0.7458608913673108
Tox21,fedavg_proto,0.5,0,48,200,16,16,0.1,test,client_0,1,25,664,689,True,0.8506024096385543
Tox21,fedavg_proto,0.5,0,48,200,16,16,0.1,test,client_0,2,65,590,655,True,0.851890482398957
Tox21,fedavg_proto,0.5,0,48,200,16,16,0.1,test,client_0,3,40,560,600,True,0.7441071428571429
Tox21,fedavg_proto,0.5,0,48,200,16,16,0.1,test,client_0,4,96,540,636,True,0.7125385802469136
Tox21,fedavg_proto,0.5,0,48,200,16,16,0.1,test,client_0,5,37,651,688,True,0.7991862830572508
Tox21,fedavg_proto,0.5,0,48,200,16,16,0.1,test,client_0,6,17,637,654,True,0.7448517868685935
Tox21,fedavg_proto,0.5,0,48,200,16,16,0.1,test,client_0,7,111,482,593,True,0.7468132032447385
Tox21,fedavg_proto,0.5,0,48,200,16,16,0.1,test,client_0,8,24,685,709,True,0.7714111922141119
Tox21,fedavg_proto,0.5,0,48,200,16,16,0.1,test,client_0,9,39,600,639,True,0.7679059829059829
Tox21,fedavg_proto,0.5,0,48,200,16,16,0.1,test,client_0,10,98,502,600,True,0.8326896495650054
Tox21,fedavg_proto,0.5,0,48,200,16,16,0.1,test,client_0,11,35,636,671,True,0.7376909254267745
Tox21,fedavg_proto,0.5,0,48,200,16,16,0.1,test,client_1,0,33,701,734,True,0.7427052263000907
Tox21,fedavg_proto,0.5,0,48,200,16,16,0.1,test,client_1,1,25,664,689,True,0.8347590361445782
Tox21,fedavg_proto,0.5,0,48,200,16,16,0.1,test,client_1,2,65,590,655,True,0.8492046936114732
Tox21,fedavg_proto,0.5,0,48,200,16,16,0.1,test,client_1,3,40,560,600,True,0.7482142857142857
Tox21,fedavg_proto,0.5,0,48,200,16,16,0.1,test,client_1,4,96,540,636,True,0.7042438271604938
Tox21,fedavg_proto,0.5,0,48,200,16,16,0.1,test,client_1,5,37,651,688,True,0.7933325030099223
Tox21,fedavg_proto,0.5,0,48,200,16,16,0.1,test,client_1,6,17,637,654,True,0.7411580016622034
Tox21,fedavg_proto,0.5,0,48,200,16,16,0.1,test,client_1,7,111,482,593,True,0.7481402564390116
Tox21,fedavg_proto,0.5,0,48,200,16,16,0.1,test,client_1,8,24,685,709,True,0.7694647201946472
Tox21,fedavg_proto,0.5,0,48,200,16,16,0.1,test,client_1,9,39,600,639,True,0.7607264957264958
Tox21,fedavg_proto,0.5,0,48,200,16,16,0.1,test,client_1,10,98,502,600,True,0.8313480770794373
Tox21,fedavg_proto,0.5,0,48,200,16,16,0.1,test,client_1,11,35,636,671,True,0.7326145552560647
Tox21,fedavg_proto,0.5,0,48,200,16,16,0.1,test,client_2,0,33,701,734,True,0.7469848268707041
Tox21,fedavg_proto,0.5,0,48,200,16,16,0.1,test,client_2,1,25,664,689,True,0.8417469879518072
Tox21,fedavg_proto,0.5,0,48,200,16,16,0.1,test,client_2,2,65,590,655,True,0.8527249022164277
Tox21,fedavg_proto,0.5,0,48,200,16,16,0.1,test,client_2,3,40,560,600,True,0.7634375
Tox21,fedavg_proto,0.5,0,48,200,16,16,0.1,test,client_2,4,96,540,636,True,0.6813271604938271
Tox21,fedavg_proto,0.5,0,48,200,16,16,0.1,test,client_2,5,37,651,688,True,0.7509029767094283
Tox21,fedavg_proto,0.5,0,48,200,16,16,0.1,test,client_2,6,17,637,654,True,0.7756025487117924
Tox21,fedavg_proto,0.5,0,48,200,16,16,0.1,test,client_2,7,111,482,593,True,0.7628312960263167
Tox21,fedavg_proto,0.5,0,48,200,16,16,0.1,test,client_2,8,24,685,709,True,0.7435523114355231
Tox21,fedavg_proto,0.5,0,48,200,16,16,0.1,test,client_2,9,39,600,639,True,0.7589316239316239
Tox21,fedavg_proto,0.5,0,48,200,16,16,0.1,test,client_2,10,98,502,600,True,0.8150865924058867
Tox21,fedavg_proto,0.5,0,48,200,16,16,0.1,test,client_2,11,35,636,671,True,0.7330188679245284
Tox21,fedavg_proto,0.5,0,48,200,16,16,0.1,test,client_3,0,33,701,734,True,0.7438291618034844
Tox21,fedavg_proto,0.5,0,48,200,16,16,0.1,test,client_3,1,25,664,689,True,0.8436144578313254
Tox21,fedavg_proto,0.5,0,48,200,16,16,0.1,test,client_3,2,65,590,655,True,0.8482920469361147
Tox21,fedavg_proto,0.5,0,48,200,16,16,0.1,test,client_3,3,40,560,600,True,0.750357142857143
Tox21,fedavg_proto,0.5,0,48,200,16,16,0.1,test,client_3,4,96,540,636,True,0.7056712962962963
Tox21,fedavg_proto,0.5,0,48,200,16,16,0.1,test,client_3,5,37,651,688,True,0.807531033337485
Tox21,fedavg_proto,0.5,0,48,200,16,16,0.1,test,client_3,6,17,637,654,True,0.7037584264475021
Tox21,fedavg_proto,0.5,0,48,200,16,16,0.1,test,client_3,7,111,482,593,True,0.7360659414601323
Tox21,fedavg_proto,0.5,0,48,200,16,16,0.1,test,client_3,8,24,685,709,True,0.7641119221411192
Tox21,fedavg_proto,0.5,0,48,200,16,16,0.1,test,client_3,9,39,600,639,True,0.7532478632478633
Tox21,fedavg_proto,0.5,0,48,200,16,16,0.1,test,client_3,10,98,502,600,True,0.819538173835271
Tox21,fedavg_proto,0.5,0,48,200,16,16,0.1,test,client_3,11,35,636,671,True,0.7410601976639712
Tox21,fedavg_proto,0.5,0,49,200,16,16,0.1,val,server,0,27,706,733,True,0.7280453257790368
Tox21,fedavg_proto,0.5,0,49,200,16,16,0.1,val,server,1,21,659,680,True,0.8508562757424668
Tox21,fedavg_proto,0.5,0,49,200,16,16,0.1,val,server,2,83,573,656,True,0.851111251287874
Tox21,fedavg_proto,0.5,0,49,200,16,16,0.1,val,server,3,31,553,584,True,0.7760893659219507
Tox21,fedavg_proto,0.5,0,49,200,16,16,0.1,val,server,4,83,531,614,True,0.7686792367208948
Tox21,fedavg_proto,0.5,0,49,200,16,16,0.1,val,server,5,49,647,696,True,0.837680976563732
Tox21,fedavg_proto,0.5,0,49,200,16,16,0.1,val,server,6,18,623,641,True,0.6784376672017122
Tox21,fedavg_proto,0.5,0,49,200,16,16,0.1,val,server,7,89,478,567,True,0.7474730854214658
Tox21,fedavg_proto,0.5,0,49,200,16,16,0.1,val,server,8,32,672,704,True,0.8215680803571428
Tox21,fedavg_proto,0.5,0,49,200,16,16,0.1,val,server,9,33,588,621,True,0.7377344877344878
Tox21,fedavg_proto,0.5,0,49,200,16,16,0.1,val,server,10,103,474,577,True,0.8715128425709721
Tox21,fedavg_proto,0.5,0,49,200,16,16,0.1,val,server,11,42,627,669,True,0.8193590035695298
Tox21,fedavg_proto,0.5,0,49,200,16,16,0.1,val,client_0,0,27,706,733,True,0.7135137970832022
Tox21,fedavg_proto,0.5,0,49,200,16,16,0.1,val,client_0,1,21,659,680,True,0.831707493315991
Tox21,fedavg_proto,0.5,0,49,200,16,16,0.1,val,client_0,2,83,573,656,True,0.8539708572509935
Tox21,fedavg_proto,0.5,0,49,200,16,16,0.1,val,client_0,3,31,553,584,True,0.7673394388380097
Tox21,fedavg_proto,0.5,0,49,200,16,16,0.1,val,client_0,4,83,531,614,True,0.7559049758355456
Tox21,fedavg_proto,0.5,0,49,200,16,16,0.1,val,client_0,5,49,647,696,True,0.8299214585370469
Tox21,fedavg_proto,0.5,0,49,200,16,16,0.1,val,client_0,6,18,623,641,True,0.654271446406278
Tox21,fedavg_proto,0.5,0,49,200,16,16,0.1,val,client_0,7,89,478,567,True,0.743947158102581
Tox21,fedavg_proto,0.5,0,49,200,16,16,0.1,val,client_0,8,32,672,704,True,0.8327287946428572
Tox21,fedavg_proto,0.5,0,49,200,16,16,0.1,val,client_0,9,33,588,621,True,0.7467532467532467
Tox21,fedavg_proto,0.5,0,49,200,16,16,0.1,val,client_0,10,103,474,577,True,0.8613944533202245
Tox21,fedavg_proto,0.5,0,49,200,16,16,0.1,val,client_0,11,42,627,669,True,0.8197007670691883
Tox21,fedavg_proto,0.5,0,49,200,16,16,0.1,val,client_1,0,27,706,733,True,0.7455670968418844
Tox21,fedavg_proto,0.5,0,49,200,16,16,0.1,val,client_1,1,21,659,680,True,0.8249150950213165
Tox21,fedavg_proto,0.5,0,49,200,16,16,0.1,val,client_1,2,83,573,656,True,0.8594587775184509
Tox21,fedavg_proto,0.5,0,49,200,16,16,0.1,val,client_1,3,31,553,584,True,0.7897392521728985
Tox21,fedavg_proto,0.5,0,49,200,16,16,0.1,val,client_1,4,83,531,614,True,0.7542486329498787
Tox21,fedavg_proto,0.5,0,49,200,16,16,0.1,val,client_1,5,49,647,696,True,0.8372393779768476
Tox21,fedavg_proto,0.5,0,49,200,16,16,0.1,val,client_1,6,18,623,641,True,0.6509719992866061
Tox21,fedavg_proto,0.5,0,49,200,16,16,0.1,val,client_1,7,89,478,567,True,0.7395750082271638
Tox21,fedavg_proto,0.5,0,49,200,16,16,0.1,val,client_1,8,32,672,704,True,0.7946428571428571
Tox21,fedavg_proto,0.5,0,49,200,16,16,0.1,val,client_1,9,33,588,621,True,0.7285611214182645
Tox21,fedavg_proto,0.5,0,49,200,16,16,0.1,val,client_1,10,103,474,577,True,0.8728032444389824
Tox21,fedavg_proto,0.5,0,49,200,16,16,0.1,val,client_1,11,42,627,669,True,0.7846889952153111
Tox21,fedavg_proto,0.5,0,49,200,16,16,0.1,val,client_2,0,27,706,733,True,0.7332913650194103
Tox21,fedavg_proto,0.5,0,49,200,16,16,0.1,val,client_2,1,21,659,680,True,0.8676204928101742
Tox21,fedavg_proto,0.5,0,49,200,16,16,0.1,val,client_2,2,83,573,656,True,0.8398830925797431
Tox21,fedavg_proto,0.5,0,49,200,16,16,0.1,val,client_2,3,31,553,584,True,0.7611561570320247
Tox21,fedavg_proto,0.5,0,49,200,16,16,0.1,val,client_2,4,83,531,614,True,0.7755315045492706
Tox21,fedavg_proto,0.5,0,49,200,16,16,0.1,val,client_2,5,49,647,696,True,0.8427593603129042
Tox21,fedavg_proto,0.5,0,49,200,16,16,0.1,val,client_2,6,18,623,641,True,0.6828072052791153
Tox21,fedavg_proto,0.5,0,49,200,16,16,0.1,val,client_2,7,89,478,567,True,0.7387052794885055
Tox21,fedavg_proto,0.5,0,49,200,16,16,0.1,val,client_2,8,32,672,704,True,0.8297061011904762
Tox21,fedavg_proto,0.5,0,49,200,16,16,0.1,val,client_2,9,33,588,621,True,0.7252628324056896
Tox21,fedavg_proto,0.5,0,49,200,16,16,0.1,val,client_2,10,103,474,577,True,0.8608823890868871
Tox21,fedavg_proto,0.5,0,49,200,16,16,0.1,val,client_2,11,42,627,669,True,0.8165869218500796
Tox21,fedavg_proto,0.5,0,49,200,16,16,0.1,val,client_3,0,27,706,733,True,0.7309831077536459
Tox21,fedavg_proto,0.5,0,49,200,16,16,0.1,val,client_3,1,21,659,680,True,0.8378495556037286
Tox21,fedavg_proto,0.5,0,49,200,16,16,0.1,val,client_3,2,83,573,656,True,0.8423221682541685
Tox21,fedavg_proto,0.5,0,49,200,16,16,0.1,val,client_3,3,31,553,584,True,0.7650061249489588
Tox21,fedavg_proto,0.5,0,49,200,16,16,0.1,val,client_3,4,83,531,614,True,0.7590361445783133
Tox21,fedavg_proto,0.5,0,49,200,16,16,0.1,val,client_3,5,49,647,696,True,0.8286282055325994
Tox21,fedavg_proto,0.5,0,49,200,16,16,0.1,val,client_3,6,18,623,641,True,0.7043873729266988
Tox21,fedavg_proto,0.5,0,49,200,16,16,0.1,val,client_3,7,89,478,567,True,0.7397395515020451
Tox21,fedavg_proto,0.5,0,49,200,16,16,0.1,val,client_3,8,32,672,704,True,0.7996651785714286
Tox21,fedavg_proto,0.5,0,49,200,16,16,0.1,val,client_3,9,33,588,621,True,0.7187177901463616
Tox21,fedavg_proto,0.5,0,49,200,16,16,0.1,val,client_3,10,103,474,577,True,0.8569907009135226
Tox21,fedavg_proto,0.5,0,49,200,16,16,0.1,val,client_3,11,42,627,669,True,0.8084605453026505
Tox21,fedavg_proto,0.5,0,49,200,16,16,0.1,test,server,0,33,701,734,True,0.7484113603942419
Tox21,fedavg_proto,0.5,0,49,200,16,16,0.1,test,server,1,25,664,689,True,0.8497590361445783
Tox21,fedavg_proto,0.5,0,49,200,16,16,0.1,test,server,2,65,590,655,True,0.8590612777053456
Tox21,fedavg_proto,0.5,0,49,200,16,16,0.1,test,server,3,40,560,600,True,0.7569196428571429
Tox21,fedavg_proto,0.5,0,49,200,16,16,0.1,test,server,4,96,540,636,True,0.7005208333333335
Tox21,fedavg_proto,0.5,0,49,200,16,16,0.1,test,server,5,37,651,688,True,0.789803628513306
Tox21,fedavg_proto,0.5,0,49,200,16,16,0.1,test,server,6,17,637,654,True,0.7634130575307045
Tox21,fedavg_proto,0.5,0,49,200,16,16,0.1,test,server,7,111,482,593,True,0.7565137751859743
Tox21,fedavg_proto,0.5,0,49,200,16,16,0.1,test,server,8,24,685,709,True,0.7720194647201947
Tox21,fedavg_proto,0.5,0,49,200,16,16,0.1,test,server,9,39,600,639,True,0.7643589743589744
Tox21,fedavg_proto,0.5,0,49,200,16,16,0.1,test,server,10,98,502,600,True,0.8320188633222213
Tox21,fedavg_proto,0.5,0,49,200,16,16,0.1,test,server,11,35,636,671,True,0.7321203953279425
Tox21,fedavg_proto,0.5,0,49,200,16,16,0.1,test,client_0,0,33,701,734,True,0.7509186011325811
Tox21,fedavg_proto,0.5,0,49,200,16,16,0.1,test,client_0,1,25,664,689,True,0.8574698795180723
Tox21,fedavg_proto,0.5,0,49,200,16,16,0.1,test,client_0,2,65,590,655,True,0.8558539765319427
Tox21,fedavg_proto,0.5,0,49,200,16,16,0.1,test,client_0,3,40,560,600,True,0.7521875
Tox21,fedavg_proto,0.5,0,49,200,16,16,0.1,test,client_0,4,96,540,636,True,0.7016975308641975
Tox21,fedavg_proto,0.5,0,49,200,16,16,0.1,test,client_0,5,37,651,688,True,0.7948686013202143
Tox21,fedavg_proto,0.5,0,49,200,16,16,0.1,test,client_0,6,17,637,654,True,0.7695078031212486
Tox21,fedavg_proto,0.5,0,49,200,16,16,0.1,test,client_0,7,111,482,593,True,0.7512242532989419
Tox21,fedavg_proto,0.5,0,49,200,16,16,0.1,test,client_0,8,24,685,709,True,0.7673357664233577
Tox21,fedavg_proto,0.5,0,49,200,16,16,0.1,test,client_0,9,39,600,639,True,0.7615384615384615
Tox21,fedavg_proto,0.5,0,49,200,16,16,0.1,test,client_0,10,98,502,600,True,0.8306366371249694
Tox21,fedavg_proto,0.5,0,49,200,16,16,0.1,test,client_0,11,35,636,671,True,0.7327942497753818
Tox21,fedavg_proto,0.5,0,49,200,16,16,0.1,test,client_1,0,33,701,734,True,0.7443479012665889
Tox21,fedavg_proto,0.5,0,49,200,16,16,0.1,test,client_1,1,25,664,689,True,0.8330120481927711
Tox21,fedavg_proto,0.5,0,49,200,16,16,0.1,test,client_1,2,65,590,655,True,0.853116036505867
Tox21,fedavg_proto,0.5,0,49,200,16,16,0.1,test,client_1,3,40,560,600,True,0.7565625
Tox21,fedavg_proto,0.5,0,49,200,16,16,0.1,test,client_1,4,96,540,636,True,0.6972029320987655
Tox21,fedavg_proto,0.5,0,49,200,16,16,0.1,test,client_1,5,37,651,688,True,0.7956574085606343
Tox21,fedavg_proto,0.5,0,49,200,16,16,0.1,test,client_1,6,17,637,654,True,0.7394957983193277
Tox21,fedavg_proto,0.5,0,49,200,16,16,0.1,test,client_1,7,111,482,593,True,0.7437105154947479
Tox21,fedavg_proto,0.5,0,49,200,16,16,0.1,test,client_1,8,24,685,709,True,0.7700729927007299
Tox21,fedavg_proto,0.5,0,49,200,16,16,0.1,test,client_1,9,39,600,639,True,0.7655982905982905
Tox21,fedavg_proto,0.5,0,49,200,16,16,0.1,test,client_1,10,98,502,600,True,0.8285429709732498
Tox21,fedavg_proto,0.5,0,49,200,16,16,0.1,test,client_1,11,35,636,671,True,0.7324348607367475
Tox21,fedavg_proto,0.5,0,49,200,16,16,0.1,test,client_2,0,33,701,734,True,0.7465525439847837
Tox21,fedavg_proto,0.5,0,49,200,16,16,0.1,test,client_2,1,25,664,689,True,0.8360240963855421
Tox21,fedavg_proto,0.5,0,49,200,16,16,0.1,test,client_2,2,65,590,655,True,0.8530638852672751
Tox21,fedavg_proto,0.5,0,49,200,16,16,0.1,test,client_2,3,40,560,600,True,0.7670982142857141
Tox21,fedavg_proto,0.5,0,49,200,16,16,0.1,test,client_2,4,96,540,636,True,0.6753472222222222
Tox21,fedavg_proto,0.5,0,49,200,16,16,0.1,test,client_2,5,37,651,688,True,0.7515257192676548
Tox21,fedavg_proto,0.5,0,49,200,16,16,0.1,test,client_2,6,17,637,654,True,0.7659987071751777
Tox21,fedavg_proto,0.5,0,49,200,16,16,0.1,test,client_2,7,111,482,593,True,0.7573735561287428
Tox21,fedavg_proto,0.5,0,49,200,16,16,0.1,test,client_2,8,24,685,709,True,0.7328467153284671
Tox21,fedavg_proto,0.5,0,49,200,16,16,0.1,test,client_2,9,39,600,639,True,0.7535042735042735
Tox21,fedavg_proto,0.5,0,49,200,16,16,0.1,test,client_2,10,98,502,600,True,0.8187454264574355
Tox21,fedavg_proto,0.5,0,49,200,16,16,0.1,test,client_2,11,35,636,671,True,0.7168463611859839
Tox21,fedavg_proto,0.5,0,49,200,16,16,0.1,test,client_3,0,33,701,734,True,0.7447369558639174
Tox21,fedavg_proto,0.5,0,49,200,16,16,0.1,test,client_3,1,25,664,689,True,0.8428313253012049
Tox21,fedavg_proto,0.5,0,49,200,16,16,0.1,test,client_3,2,65,590,655,True,0.8498044328552803
Tox21,fedavg_proto,0.5,0,49,200,16,16,0.1,test,client_3,3,40,560,600,True,0.7442410714285714
Tox21,fedavg_proto,0.5,0,49,200,16,16,0.1,test,client_3,4,96,540,636,True,0.7024498456790123
Tox21,fedavg_proto,0.5,0,49,200,16,16,0.1,test,client_3,5,37,651,688,True,0.799975090297671
Tox21,fedavg_proto,0.5,0,49,200,16,16,0.1,test,client_3,6,17,637,654,True,0.7080986240650106
Tox21,fedavg_proto,0.5,0,49,200,16,16,0.1,test,client_3,7,111,482,593,True,0.7426264438712571
Tox21,fedavg_proto,0.5,0,49,200,16,16,0.1,test,client_3,8,24,685,709,True,0.7639902676399025
Tox21,fedavg_proto,0.5,0,49,200,16,16,0.1,test,client_3,9,39,600,639,True,0.7543162393162394
Tox21,fedavg_proto,0.5,0,49,200,16,16,0.1,test,client_3,10,98,502,600,True,0.8136637124969509
Tox21,fedavg_proto,0.5,0,49,200,16,16,0.1,test,client_3,11,35,636,671,True,0.7429469901168015
