dataset,alpha,method,method_label,seed,model_seed,split_seed,partition_seed,case_id,endpoint,final_test_auc,final_val_auc,global_rounds,raw_endpoint_csv_line,partition,encoder,descriptor,k,lambda_proto,cohort,source_role,source,source_sha256,manifest_csv_file
BBBP,0.1,avg,Avg,0,0,0,0,main_BBBP_a0p1_seed0_avg,global_test_round49,0.8434180689819788,0.9255452067242164,50,51,hetero,mpnn,,,,server_synced/formal_v3:main_classification,main_queue,results/reviewer_revision_20260831/server_synced/formal_v3/main_classification/BBBP/alpha_0.1/hetero/seed_0/avg/avg_BBBP_alpha0.1_seed0_split0_part0_encmpnn_20260901_184521.csv,b4d141c412f3f79d2cd0048d72c580b6f00d0a08625ed65672a054faccc7c2f2,REPOSITORY/results/reviewer_revision_20260831/server_synced/formal_v3/main_classification/BBBP/alpha_0.1/hetero/seed_0/avg/avg_BBBP_alpha0.1_seed0_split0_part0_encmpnn_20260901_184521.csv
BBBP,0.1,avg,Avg,1,1,1,1,main_BBBP_a0p1_seed1_avg,global_test_round49,0.8598151090567673,0.8096115865701119,50,51,hetero,mpnn,,,,server_synced/formal_v3:main_classification,main_queue,results/reviewer_revision_20260831/server_synced/formal_v3/main_classification/BBBP/alpha_0.1/hetero/seed_1/avg/avg_BBBP_alpha0.1_seed1_split1_part1_encmpnn_20260901_204114.csv,33d8d213adc79fbaa36ceee4f1152d542d0fe4cf3c02f06c2298a02ed8a38e38,REPOSITORY/results/reviewer_revision_20260831/server_synced/formal_v3/main_classification/BBBP/alpha_0.1/hetero/seed_1/avg/avg_BBBP_alpha0.1_seed1_split1_part1_encmpnn_20260901_204114.csv
BBBP,0.1,avg,Avg,2,2,2,2,main_BBBP_a0p1_seed2_avg,global_test_round49,0.8236119585112874,0.8908492429229757,50,51,hetero,mpnn,,,,server_synced/formal_v3:main_classification,main_queue,results/reviewer_revision_20260831/server_synced/formal_v3/main_classification/BBBP/alpha_0.1/hetero/seed_2/avg/avg_BBBP_alpha0.1_seed2_split2_part2_encmpnn_20260901_204114.csv,5e55d5140fa3d2b8a6e97f9b36ac2256c6f2ae75db0a74146f145da46cc5d2fc,REPOSITORY/results/reviewer_revision_20260831/server_synced/formal_v3/main_classification/BBBP/alpha_0.1/hetero/seed_2/avg/avg_BBBP_alpha0.1_seed2_split2_part2_encmpnn_20260901_204114.csv
BBBP,0.1,fedprox,Prox,0,0,0,0,main_BBBP_a0p1_seed0_fedprox,global_test_round49,0.8395393245017304,0.8853930031803726,50,51,hetero,mpnn,,,,server_synced/formal_v3:main_classification,main_queue,results/reviewer_revision_20260831/server_synced/formal_v3/main_classification/BBBP/alpha_0.1/hetero/seed_0/fedprox/fedprox_BBBP_alpha0.1_seed0_split0_part0_encmpnn_20260901_184707.csv,c64334bbebda7bfe5857cd0d22570c9034221b66536bcf18afaba45916603208,REPOSITORY/results/reviewer_revision_20260831/server_synced/formal_v3/main_classification/BBBP/alpha_0.1/hetero/seed_0/fedprox/fedprox_BBBP_alpha0.1_seed0_split0_part0_encmpnn_20260901_184707.csv
BBBP,0.1,fedprox,Prox,1,1,1,1,main_BBBP_a0p1_seed1_fedprox,global_test_round49,0.8848764986277625,0.8788676761026991,50,51,hetero,mpnn,,,,server_synced/formal_v3:main_classification,main_queue,results/reviewer_revision_20260831/server_synced/formal_v3/main_classification/BBBP/alpha_0.1/hetero/seed_1/fedprox/fedprox_BBBP_alpha0.1_seed1_split1_part1_encmpnn_20260910_032646.csv,b9798f5e2b8471b19f227ace0c20aa06af7941d07157d60bb1e123ea5ea69a54,REPOSITORY/results/reviewer_revision_20260831/server_synced/formal_v3/main_classification/BBBP/alpha_0.1/hetero/seed_1/fedprox/fedprox_BBBP_alpha0.1_seed1_split1_part1_encmpnn_20260910_032646.csv
BBBP,0.1,fedprox,Prox,2,2,2,2,main_BBBP_a0p1_seed2_fedprox,global_test_round49,0.8882245271507015,0.9137590520078999,50,51,hetero,mpnn,,,,server_synced/formal_v3:main_classification,main_queue,results/reviewer_revision_20260831/server_synced/formal_v3/main_classification/BBBP/alpha_0.1/hetero/seed_2/fedprox/fedprox_BBBP_alpha0.1_seed2_split2_part2_encmpnn_20260902_195531.csv,90abafa5c9fbad59eb5b49f080884c693897340397ed13c5f57257f3a0eadf36,REPOSITORY/results/reviewer_revision_20260831/server_synced/formal_v3/main_classification/BBBP/alpha_0.1/hetero/seed_2/fedprox/fedprox_BBBP_alpha0.1_seed2_split2_part2_encmpnn_20260902_195531.csv
BBBP,0.1,oursvatFLITPLUS,FLIT+,0,0,0,0,main_BBBP_a0p1_seed0_oursvatFLITPLUS,global_test_round49,0.8422246091419024,0.8844843253066788,50,51,hetero,mpnn,,,,server_synced/formal_v3:main_classification,main_queue,results/reviewer_revision_20260831/server_synced/formal_v3/main_classification/BBBP/alpha_0.1/hetero/seed_0/oursvatFLITPLUS/oursvatFLITPLUS_BBBP_alpha0.1_seed0_split0_part0_encmpnn_20260901_185059.csv,0c04488f3c76ffd081f246e92a5315eaec40c0de47fc538cec7c51734ab99bc0,REPOSITORY/results/reviewer_revision_20260831/server_synced/formal_v3/main_classification/BBBP/alpha_0.1/hetero/seed_0/oursvatFLITPLUS/oursvatFLITPLUS_BBBP_alpha0.1_seed0_split0_part0_encmpnn_20260901_185059.csv
BBBP,0.1,oursvatFLITPLUS,FLIT+,1,1,1,1,main_BBBP_a0p1_seed1_oursvatFLITPLUS,global_test_round49,0.8785208724541383,0.8778143515470704,50,51,hetero,mpnn,,,,server_synced/formal_v3:main_classification,main_queue,results/reviewer_revision_20260831/server_synced/formal_v3/main_classification/BBBP/alpha_0.1/hetero/seed_1/oursvatFLITPLUS/oursvatFLITPLUS_BBBP_alpha0.1_seed1_split1_part1_encmpnn_20260902_155656.csv,5362b732993437c2b119571055f0cc79faa66e22efaa8ce609c260b17b255364,REPOSITORY/results/reviewer_revision_20260831/server_synced/formal_v3/main_classification/BBBP/alpha_0.1/hetero/seed_1/oursvatFLITPLUS/oursvatFLITPLUS_BBBP_alpha0.1_seed1_split1_part1_encmpnn_20260902_155656.csv
BBBP,0.1,oursvatFLITPLUS,FLIT+,2,2,2,2,main_BBBP_a0p1_seed2_oursvatFLITPLUS,global_test_round49,0.901281269066504,0.9456221198156681,50,51,hetero,mpnn,,,,server_synced/formal_v3:main_classification,main_queue,results/reviewer_revision_20260831/server_synced/formal_v3/main_classification/BBBP/alpha_0.1/hetero/seed_2/oursvatFLITPLUS/oursvatFLITPLUS_BBBP_alpha0.1_seed2_split2_part2_encmpnn_20260903_112251.csv,cca0f0a065cbea90a9631fcca1ee96c10b0c9d84bb3f1bbf1f1dcb841d150630,REPOSITORY/results/reviewer_revision_20260831/server_synced/formal_v3/main_classification/BBBP/alpha_0.1/hetero/seed_2/oursvatFLITPLUS/oursvatFLITPLUS_BBBP_alpha0.1_seed2_split2_part2_encmpnn_20260903_112251.csv
BBBP,0.1,fedproto,Proto,0,0,0,0,main_BBBP_a0p1_seed0_fedproto,global_test_round49,0.8687194175915981,0.8751703771013176,50,51,hetero,mpnn,,,,server_synced/formal_v3:main_classification,main_queue,results/reviewer_revision_20260831/server_synced/formal_v3/main_classification/BBBP/alpha_0.1/hetero/seed_0/fedproto/fedproto_BBBP_alpha0.1_seed0_split0_part0_encmpnn_20260901_184913.csv,7c1d0c9352f44ac29d5a9ec5524a87d4e104153bb8dc7be54c97a763e8847c1e,REPOSITORY/results/reviewer_revision_20260831/server_synced/formal_v3/main_classification/BBBP/alpha_0.1/hetero/seed_0/fedproto/fedproto_BBBP_alpha0.1_seed0_split0_part0_encmpnn_20260901_184913.csv
BBBP,0.1,fedproto,Proto,1,1,1,1,main_BBBP_a0p1_seed1_fedproto,global_test_round49,0.8564206268958543,0.8688610928242264,50,51,hetero,mpnn,,,,server_synced/formal_v3:main_classification,main_queue,results/reviewer_revision_20260831/server_synced/formal_v3/main_classification/BBBP/alpha_0.1/hetero/seed_1/fedproto/fedproto_BBBP_alpha0.1_seed1_split1_part1_encmpnn_20260910_041536.csv,6cb7a5b8cdc8117cf980adcfae45bb63bd0eaa058ed695abfd505fd9e6f11275,REPOSITORY/results/reviewer_revision_20260831/server_synced/formal_v3/main_classification/BBBP/alpha_0.1/hetero/seed_1/fedproto/fedproto_BBBP_alpha0.1_seed1_split1_part1_encmpnn_20260910_041536.csv
BBBP,0.1,fedproto,Proto,2,2,2,2,main_BBBP_a0p1_seed2_fedproto,global_test_round49,0.8577791336180598,0.9046741277156024,50,51,hetero,mpnn,,,,server_synced/formal_v3:main_classification,main_queue,results/reviewer_revision_20260831/server_synced/formal_v3/main_classification/BBBP/alpha_0.1/hetero/seed_2/fedproto/fedproto_BBBP_alpha0.1_seed2_split2_part2_encmpnn_20260902_155656.csv,a5d67145cf93401734fa4574efe39f187118e022b8743a2d404072e1750f051d,REPOSITORY/results/reviewer_revision_20260831/server_synced/formal_v3/main_classification/BBBP/alpha_0.1/hetero/seed_2/fedproto/fedproto_BBBP_alpha0.1_seed2_split2_part2_encmpnn_20260902_155656.csv
BBBP,0.1,moon,MOON,0,0,0,0,main_BBBP_a0p1_seed0_moon,global_test_round49,0.8874567370807972,0.8886869604725125,50,51,hetero,mpnn,,,,server_synced/formal_v3:main_classification,main_queue,results/reviewer_revision_20260831/server_synced/formal_v3/main_classification/BBBP/alpha_0.1/hetero/seed_0/moon/moon_BBBP_alpha0.1_seed0_split0_part0_encmpnn_20260901_192511.csv,805eef8ae084cd0cb00b007eea6ac9ce733554b271ebee379bcb3de08ed38241,REPOSITORY/results/reviewer_revision_20260831/server_synced/formal_v3/main_classification/BBBP/alpha_0.1/hetero/seed_0/moon/moon_BBBP_alpha0.1_seed0_split0_part0_encmpnn_20260901_192511.csv
BBBP,0.1,moon,MOON,1,1,1,1,main_BBBP_a0p1_seed1_moon,global_test_round49,0.8621262458471761,0.8751810401579986,50,51,hetero,mpnn,,,,server_synced/formal_v3:main_classification,main_queue,results/reviewer_revision_20260831/server_synced/formal_v3/main_classification/BBBP/alpha_0.1/hetero/seed_1/moon/moon_BBBP_alpha0.1_seed1_split1_part1_encmpnn_20260902_155656.csv,82e17cfe1d4c629ae8da826fef829573f5603f44817f152251baf2408d7e75e6,REPOSITORY/results/reviewer_revision_20260831/server_synced/formal_v3/main_classification/BBBP/alpha_0.1/hetero/seed_1/moon/moon_BBBP_alpha0.1_seed1_split1_part1_encmpnn_20260902_155656.csv
BBBP,0.1,moon,MOON,2,2,2,2,main_BBBP_a0p1_seed2_moon,global_test_round49,0.8948139109212936,0.9196840026333113,50,51,hetero,mpnn,,,,server_synced/formal_v3:main_classification,main_queue,results/reviewer_revision_20260831/server_synced/formal_v3/main_classification/BBBP/alpha_0.1/hetero/seed_2/moon/moon_BBBP_alpha0.1_seed2_split2_part2_encmpnn_20260902_195531.csv,548434b7895c24e43bac72eb3e8e848c64b008ae91de93ef1397da74bfd7fb88,REPOSITORY/results/reviewer_revision_20260831/server_synced/formal_v3/main_classification/BBBP/alpha_0.1/hetero/seed_2/moon/moon_BBBP_alpha0.1_seed2_split2_part2_encmpnn_20260902_195531.csv
BBBP,0.1,fpl,FPL,0,0,0,0,main_BBBP_a0p1_seed0_fpl,global_test_round49,0.8490870032223415,0.8851090413448433,50,51,hetero,mpnn,,,,server_synced/formal_v3:main_classification,main_queue,results/reviewer_revision_20260831/server_synced/formal_v3/main_classification/BBBP/alpha_0.1/hetero/seed_0/fpl/fpl_BBBP_alpha0.1_seed0_split0_part0_encmpnn_20260901_192942.csv,cb1a36270c42c309a9d91beb6a023e17155935de062f5c7c161a71bec9384092,REPOSITORY/results/reviewer_revision_20260831/server_synced/formal_v3/main_classification/BBBP/alpha_0.1/hetero/seed_0/fpl/fpl_BBBP_alpha0.1_seed0_split0_part0_encmpnn_20260901_192942.csv
BBBP,0.1,fpl,FPL,1,1,1,1,main_BBBP_a0p1_seed1_fpl,global_test_round49,0.8328759208435649,0.8389730085582621,50,51,hetero,mpnn,,,,server_synced/formal_v3:main_classification,main_queue,results/reviewer_revision_20260831/server_synced/formal_v3/main_classification/BBBP/alpha_0.1/hetero/seed_1/fpl/fpl_BBBP_alpha0.1_seed1_split1_part1_encmpnn_20260902_155656.csv,352e499ca8257df975874bffad7efa398e06f2cf582a9ee5300e9cbee87c166c,REPOSITORY/results/reviewer_revision_20260831/server_synced/formal_v3/main_classification/BBBP/alpha_0.1/hetero/seed_1/fpl/fpl_BBBP_alpha0.1_seed1_split1_part1_encmpnn_20260902_155656.csv
BBBP,0.1,fpl,FPL,2,2,2,2,main_BBBP_a0p1_seed2_fpl,global_test_round49,0.8693715680292863,0.8878209348255433,50,51,hetero,mpnn,,,,server_synced/formal_v3:main_classification,main_queue,results/reviewer_revision_20260831/server_synced/formal_v3/main_classification/BBBP/alpha_0.1/hetero/seed_2/fpl/fpl_BBBP_alpha0.1_seed2_split2_part2_encmpnn_20260903_112251.csv,6c7e203a2e37be91e507d734a16444f2e4eca61b47a9e25984683668212b6a50,REPOSITORY/results/reviewer_revision_20260831/server_synced/formal_v3/main_classification/BBBP/alpha_0.1/hetero/seed_2/fpl/fpl_BBBP_alpha0.1_seed2_split2_part2_encmpnn_20260903_112251.csv
BBBP,0.1,fedtgp,TGP,0,0,0,0,main_BBBP_a0p1_seed0_fedtgp,global_test_round49,0.8186537773003938,0.8699454793275783,50,51,hetero,mpnn,,,,server_synced/formal_v3:main_classification,main_queue,results/reviewer_revision_20260831/server_synced/formal_v3/main_classification/BBBP/alpha_0.1/hetero/seed_0/fedtgp/fedtgp_BBBP_alpha0.1_seed0_split0_part0_encmpnn_20260910_024150.csv,f353c440f0ca64b60cd0cc91254a65400c89e67198fa36f75277411c1ce128c3,REPOSITORY/results/reviewer_revision_20260831/server_synced/formal_v3/main_classification/BBBP/alpha_0.1/hetero/seed_0/fedtgp/fedtgp_BBBP_alpha0.1_seed0_split0_part0_encmpnn_20260910_024150.csv
BBBP,0.1,fedtgp,TGP,1,1,1,1,main_BBBP_a0p1_seed1_fedtgp,global_test_round49,0.8032644807164524,0.7930217248189598,50,51,hetero,mpnn,,,,server_synced/formal_v3:main_classification,main_queue,results/reviewer_revision_20260831/server_synced/formal_v3/main_classification/BBBP/alpha_0.1/hetero/seed_1/fedtgp/fedtgp_BBBP_alpha0.1_seed1_split1_part1_encmpnn_20260902_195531.csv,d68a3a716f74563e29acd92036c92da4380da2ae77694d58f1f580c07aff0a76,REPOSITORY/results/reviewer_revision_20260831/server_synced/formal_v3/main_classification/BBBP/alpha_0.1/hetero/seed_1/fedtgp/fedtgp_BBBP_alpha0.1_seed1_split1_part1_encmpnn_20260902_195531.csv
BBBP,0.1,fedtgp,TGP,2,2,2,2,main_BBBP_a0p1_seed2_fedtgp,global_test_round49,0.9084807809640024,0.921395655036208,50,51,hetero,mpnn,,,,server_synced/formal_v3:main_classification,main_queue,results/reviewer_revision_20260831/server_synced/formal_v3/main_classification/BBBP/alpha_0.1/hetero/seed_2/fedtgp/fedtgp_BBBP_alpha0.1_seed2_split2_part2_encmpnn_20260903_133307.csv,01f5e2d69afe4561bc763971b59570bf3183e3791e1693832b22c2a9e34bc39b,REPOSITORY/results/reviewer_revision_20260831/server_synced/formal_v3/main_classification/BBBP/alpha_0.1/hetero/seed_2/fedtgp/fedtgp_BBBP_alpha0.1_seed2_split2_part2_encmpnn_20260903_133307.csv
BBBP,0.1,fedavg_proto,SPL,0,0,0,0,main_BBBP_a0p1_seed0_fedavg_proto,global_test_round49,0.8115526912519394,0.884825079509314,50,51,hetero,mpnn,fingerprint,16,0.1,server_synced/formal_v3:main_classification,main_queue,results/reviewer_revision_20260831/server_synced/formal_v3/main_classification/BBBP/alpha_0.1/hetero/seed_0/fedavg_proto/fedavg_proto_BBBP_alpha0.1_seed0_split0_part0_encmpnn_descfingerprint_20260901_193356.csv,7c778def1b296a62c55896cf9b38d02690ce7951dcf38af6d804bf1e839389e0,REPOSITORY/results/reviewer_revision_20260831/server_synced/formal_v3/main_classification/BBBP/alpha_0.1/hetero/seed_0/fedavg_proto/fedavg_proto_BBBP_alpha0.1_seed0_split0_part0_encmpnn_descfingerprint_20260901_193356.csv
BBBP,0.1,fedavg_proto,SPL,1,1,1,1,main_BBBP_a0p1_seed1_fedavg_proto,global_test_round49,0.8262314025711398,0.8291639236339697,50,51,hetero,mpnn,fingerprint,16,0.1,server_synced/formal_v3:main_classification,main_queue,results/reviewer_revision_20260831/server_synced/formal_v3/main_classification/BBBP/alpha_0.1/hetero/seed_1/fedavg_proto/fedavg_proto_BBBP_alpha0.1_seed1_split1_part1_encmpnn_descfingerprint_20260901_204114.csv,7ea34a5cb10a421efd7e3b5f855b4e1755eb8438a74dae393a6761ff75716a3a,REPOSITORY/results/reviewer_revision_20260831/server_synced/formal_v3/main_classification/BBBP/alpha_0.1/hetero/seed_1/fedavg_proto/fedavg_proto_BBBP_alpha0.1_seed1_split1_part1_encmpnn_descfingerprint_20260901_204114.csv
BBBP,0.1,fedavg_proto,SPL,2,2,2,2,main_BBBP_a0p1_seed2_fedavg_proto,global_test_round49,0.8838926174496645,0.8978933508887428,50,51,hetero,mpnn,fingerprint,16,0.1,server_synced/formal_v3:main_classification,main_queue,results/reviewer_revision_20260831/server_synced/formal_v3/main_classification/BBBP/alpha_0.1/hetero/seed_2/fedavg_proto/fedavg_proto_BBBP_alpha0.1_seed2_split2_part2_encmpnn_descfingerprint_20260901_204114.csv,ac457744df9c518c311e92eff0337eb9a58c272cd7a74d3529a240dbe69e5deb,REPOSITORY/results/reviewer_revision_20260831/server_synced/formal_v3/main_classification/BBBP/alpha_0.1/hetero/seed_2/fedavg_proto/fedavg_proto_BBBP_alpha0.1_seed2_split2_part2_encmpnn_descfingerprint_20260901_204114.csv
BBBP,0.5,avg,Avg,0,0,0,0,main_BBBP_a0p5_seed0_avg,global_test_round49,0.8058240840195726,0.8459791004089051,50,51,hetero,mpnn,,,,server_synced/formal_v3:main_classification,main_queue,results/reviewer_revision_20260831/server_synced/formal_v3/main_classification/BBBP/alpha_0.5/hetero/seed_0/avg/avg_BBBP_alpha0.5_seed0_split0_part0_encmpnn_20260901_213655.csv,b3aa0e107491205dcb0fd7ef28376192c28fa25c08bcd59184be478cc899a24e,REPOSITORY/results/reviewer_revision_20260831/server_synced/formal_v3/main_classification/BBBP/alpha_0.5/hetero/seed_0/avg/avg_BBBP_alpha0.5_seed0_split0_part0_encmpnn_20260901_213655.csv
BBBP,0.5,avg,Avg,1,1,1,1,main_BBBP_a0p5_seed1_avg,global_test_round49,0.8800375559728442,0.8321263989466755,50,51,hetero,mpnn,,,,server_synced/formal_v3:main_classification,main_queue,results/reviewer_revision_20260831/server_synced/formal_v3/main_classification/BBBP/alpha_0.5/hetero/seed_1/avg/avg_BBBP_alpha0.5_seed1_split1_part1_encmpnn_20260901_213655.csv,94e5b42025170102b7f80625c72bab3e7ad5156c6a3523845ec5da81c9838605,REPOSITORY/results/reviewer_revision_20260831/server_synced/formal_v3/main_classification/BBBP/alpha_0.5/hetero/seed_1/avg/avg_BBBP_alpha0.5_seed1_split1_part1_encmpnn_20260901_213655.csv
BBBP,0.5,avg,Avg,2,2,2,2,main_BBBP_a0p5_seed2_avg,global_test_round49,0.8805369127516779,0.9174456879526005,50,51,hetero,mpnn,,,,server_synced/formal_v3:main_classification,main_queue,results/reviewer_revision_20260831/server_synced/formal_v3/main_classification/BBBP/alpha_0.5/hetero/seed_2/avg/avg_BBBP_alpha0.5_seed2_split2_part2_encmpnn_20260901_225209.csv,dbe18239f0173fa1b15ea7eea12fbde2f6eb7e24a0c31a045101afc6c06535d4,REPOSITORY/results/reviewer_revision_20260831/server_synced/formal_v3/main_classification/BBBP/alpha_0.5/hetero/seed_2/avg/avg_BBBP_alpha0.5_seed2_split2_part2_encmpnn_20260901_225209.csv
BBBP,0.5,fedprox,Prox,0,0,0,0,main_BBBP_a0p5_seed0_fedprox,global_test_round49,0.8610812746151091,0.8928895956383462,50,51,hetero,mpnn,,,,server_synced/formal_v3:main_classification,main_queue,results/reviewer_revision_20260831/server_synced/formal_v3/main_classification/BBBP/alpha_0.5/hetero/seed_0/fedprox/fedprox_BBBP_alpha0.5_seed0_split0_part0_encmpnn_20260903_120700.csv,3ba4243fa55d726dd11e509228ecebca3d64455e06003287f6aeb39f7bc4b362,REPOSITORY/results/reviewer_revision_20260831/server_synced/formal_v3/main_classification/BBBP/alpha_0.5/hetero/seed_0/fedprox/fedprox_BBBP_alpha0.5_seed0_split0_part0_encmpnn_20260903_120700.csv
BBBP,0.5,fedprox,Prox,1,1,1,1,main_BBBP_a0p5_seed1_fedprox,global_test_round49,0.8130145890509894,0.8406188281764319,50,51,hetero,mpnn,,,,server_synced/formal_v3:main_classification,main_queue,results/reviewer_revision_20260831/server_synced/formal_v3/main_classification/BBBP/alpha_0.5/hetero/seed_1/fedprox/fedprox_BBBP_alpha0.5_seed1_split1_part1_encmpnn_20260903_133326.csv,620069a63e261684daf0885bc5b4b448a260bd8cea70d07568e633ff28947c0c,REPOSITORY/results/reviewer_revision_20260831/server_synced/formal_v3/main_classification/BBBP/alpha_0.5/hetero/seed_1/fedprox/fedprox_BBBP_alpha0.5_seed1_split1_part1_encmpnn_20260903_133326.csv
BBBP,0.5,fedprox,Prox,2,2,2,2,main_BBBP_a0p5_seed2_fedprox,global_test_round49,0.8335570469798658,0.890059249506254,50,51,hetero,mpnn,,,,server_synced/formal_v3:main_classification,main_queue,results/reviewer_revision_20260831/server_synced/formal_v3/main_classification/BBBP/alpha_0.5/hetero/seed_2/fedprox/fedprox_BBBP_alpha0.5_seed2_split2_part2_encmpnn_20260903_145944.csv,ed07122a5fb53b315c80e208f7967032087030268d1449a76fc4e4e88a594523,REPOSITORY/results/reviewer_revision_20260831/server_synced/formal_v3/main_classification/BBBP/alpha_0.5/hetero/seed_2/fedprox/fedprox_BBBP_alpha0.5_seed2_split2_part2_encmpnn_20260903_145944.csv
BBBP,0.5,oursvatFLITPLUS,FLIT+,0,0,0,0,main_BBBP_a0p5_seed0_oursvatFLITPLUS,global_test_round49,0.8828022437044992,0.8944797819173104,50,51,hetero,mpnn,,,,server_synced/formal_v3:main_classification,main_queue,results/reviewer_revision_20260831/server_synced/formal_v3/main_classification/BBBP/alpha_0.5/hetero/seed_0/oursvatFLITPLUS/oursvatFLITPLUS_BBBP_alpha0.5_seed0_split0_part0_encmpnn_20260903_141742.csv,f4079ab2db8dbec8620da8abb4cd3f98b99d07c6f0340a175426e27eab06fdc4,REPOSITORY/results/reviewer_revision_20260831/server_synced/formal_v3/main_classification/BBBP/alpha_0.5/hetero/seed_0/oursvatFLITPLUS/oursvatFLITPLUS_BBBP_alpha0.5_seed0_split0_part0_encmpnn_20260903_141742.csv
BBBP,0.5,oursvatFLITPLUS,FLIT+,1,1,1,1,main_BBBP_a0p5_seed1_oursvatFLITPLUS,global_test_round49,0.893398815542395,0.8666227781435154,50,51,hetero,mpnn,,,,server_synced/formal_v3:main_classification,main_queue,results/reviewer_revision_20260831/server_synced/formal_v3/main_classification/BBBP/alpha_0.5/hetero/seed_1/oursvatFLITPLUS/oursvatFLITPLUS_BBBP_alpha0.5_seed1_split1_part1_encmpnn_20260903_171439.csv,3bc874d882612efe51ea04816d08b9c032b926cf0f0e7477686f6b3dc5e76e7f,REPOSITORY/results/reviewer_revision_20260831/server_synced/formal_v3/main_classification/BBBP/alpha_0.5/hetero/seed_1/oursvatFLITPLUS/oursvatFLITPLUS_BBBP_alpha0.5_seed1_split1_part1_encmpnn_20260903_171439.csv
BBBP,0.5,oursvatFLITPLUS,FLIT+,2,2,2,2,main_BBBP_a0p5_seed2_oursvatFLITPLUS,global_test_round49,0.8961561928004881,0.9317972350230416,50,51,hetero,mpnn,,,,server_synced/formal_v3:main_classification,main_queue,results/reviewer_revision_20260831/server_synced/formal_v3/main_classification/BBBP/alpha_0.5/hetero/seed_2/oursvatFLITPLUS/oursvatFLITPLUS_BBBP_alpha0.5_seed2_split2_part2_encmpnn_20260903_201404.csv,3da4ef86fadc298e1c54fa90a767728b5fb37a2f84f24fec51fad2c72f06fb41,REPOSITORY/results/reviewer_revision_20260831/server_synced/formal_v3/main_classification/BBBP/alpha_0.5/hetero/seed_2/oursvatFLITPLUS/oursvatFLITPLUS_BBBP_alpha0.5_seed2_split2_part2_encmpnn_20260903_201404.csv
BBBP,0.5,fedproto,Proto,0,0,0,0,main_BBBP_a0p5_seed0_fedproto,global_test_round49,0.8128654970760234,0.8384825079509314,50,51,hetero,mpnn,,,,server_synced/formal_v3:main_classification,main_queue,results/reviewer_revision_20260831/server_synced/formal_v3/main_classification/BBBP/alpha_0.5/hetero/seed_0/fedproto/fedproto_BBBP_alpha0.5_seed0_split0_part0_encmpnn_20260902_195531.csv,97c6fc9d84e63a112f040c2c6922ff5c623bd6e7b7acd0aab1ac65ed7ba9f439,REPOSITORY/results/reviewer_revision_20260831/server_synced/formal_v3/main_classification/BBBP/alpha_0.5/hetero/seed_0/fedproto/fedproto_BBBP_alpha0.5_seed0_split0_part0_encmpnn_20260902_195531.csv
BBBP,0.5,fedproto,Proto,1,1,1,1,main_BBBP_a0p5_seed1_fedproto,global_test_round49,0.8906543406037845,0.8483212639894667,50,51,hetero,mpnn,,,,server_synced/formal_v3:main_classification,main_queue,results/reviewer_revision_20260831/server_synced/formal_v3/main_classification/BBBP/alpha_0.5/hetero/seed_1/fedproto/fedproto_BBBP_alpha0.5_seed1_split1_part1_encmpnn_20260903_112251.csv,9566f7fc7ace4e153dac1a25bb1a712f38c16f97967796ea4fc10f9b0729f4cd,REPOSITORY/results/reviewer_revision_20260831/server_synced/formal_v3/main_classification/BBBP/alpha_0.5/hetero/seed_1/fedproto/fedproto_BBBP_alpha0.5_seed1_split1_part1_encmpnn_20260903_112251.csv
BBBP,0.5,fedproto,Proto,2,2,2,2,main_BBBP_a0p5_seed2_fedproto,global_test_round49,0.8730933496034167,0.8773535220539829,50,51,hetero,mpnn,,,,server_synced/formal_v3:main_classification,main_queue,results/reviewer_revision_20260831/server_synced/formal_v3/main_classification/BBBP/alpha_0.5/hetero/seed_2/fedproto/fedproto_BBBP_alpha0.5_seed2_split2_part2_encmpnn_20260903_120707.csv,605133dc9c9ef5ff97748c46372146da3570c8d17ca31e1d8025ec1d8d3a51b9,REPOSITORY/results/reviewer_revision_20260831/server_synced/formal_v3/main_classification/BBBP/alpha_0.5/hetero/seed_2/fedproto/fedproto_BBBP_alpha0.5_seed2_split2_part2_encmpnn_20260903_120707.csv
BBBP,0.5,moon,MOON,0,0,0,0,main_BBBP_a0p5_seed0_moon,global_test_round49,0.8724191430958349,0.8626192639709223,50,51,hetero,mpnn,,,,server_synced/formal_v3:main_classification,main_queue,results/reviewer_revision_20260831/server_synced/formal_v3/main_classification/BBBP/alpha_0.5/hetero/seed_0/moon/moon_BBBP_alpha0.5_seed0_split0_part0_encmpnn_20260903_112251.csv,4a8b039fb725f2a8ae16ceb7c90c53720756f9cb3f5b05461c1318a45fc5685c,REPOSITORY/results/reviewer_revision_20260831/server_synced/formal_v3/main_classification/BBBP/alpha_0.5/hetero/seed_0/moon/moon_BBBP_alpha0.5_seed0_split0_part0_encmpnn_20260903_112251.csv
BBBP,0.5,moon,MOON,1,1,1,1,main_BBBP_a0p5_seed1_moon,global_test_round49,0.8575761952910588,0.8624094799210006,50,51,hetero,mpnn,,,,server_synced/formal_v3:main_classification,main_queue,results/reviewer_revision_20260831/server_synced/formal_v3/main_classification/BBBP/alpha_0.5/hetero/seed_1/moon/moon_BBBP_alpha0.5_seed1_split1_part1_encmpnn_20260903_123618.csv,069e3a1bccb437cbd1d69f0a8850b079e1f7938cd9f406a32a164810f936d0ce,REPOSITORY/results/reviewer_revision_20260831/server_synced/formal_v3/main_classification/BBBP/alpha_0.5/hetero/seed_1/moon/moon_BBBP_alpha0.5_seed1_split1_part1_encmpnn_20260903_123618.csv
BBBP,0.5,moon,MOON,2,2,2,2,main_BBBP_a0p5_seed2_moon,global_test_round49,0.8987187309334961,0.9302172481895984,50,51,hetero,mpnn,,,,server_synced/formal_v3:main_classification,main_queue,results/reviewer_revision_20260831/server_synced/formal_v3/main_classification/BBBP/alpha_0.5/hetero/seed_2/moon/moon_BBBP_alpha0.5_seed2_split2_part2_encmpnn_20260903_134952.csv,5aad6d8965700c820acc5cf2014b81b835e19a58d07b509040ad44454a876821,REPOSITORY/results/reviewer_revision_20260831/server_synced/formal_v3/main_classification/BBBP/alpha_0.5/hetero/seed_2/moon/moon_BBBP_alpha0.5_seed2_split2_part2_encmpnn_20260903_134952.csv
BBBP,0.5,fpl,FPL,0,0,0,0,main_BBBP_a0p5_seed0_fpl,global_test_round49,0.7998567848191909,0.857337573830077,50,51,hetero,mpnn,,,,server_synced/formal_v3:main_classification,main_queue,results/reviewer_revision_20260831/server_synced/formal_v3/main_classification/BBBP/alpha_0.5/hetero/seed_0/fpl/fpl_BBBP_alpha0.5_seed0_split0_part0_encmpnn_20260903_124929.csv,2f576d4a524e9f92412fb776500a6657b405ad7c6163aa8c08bc41ab5d76b902,REPOSITORY/results/reviewer_revision_20260831/server_synced/formal_v3/main_classification/BBBP/alpha_0.5/hetero/seed_0/fpl/fpl_BBBP_alpha0.5_seed0_split0_part0_encmpnn_20260903_124929.csv
BBBP,0.5,fpl,FPL,1,1,1,1,main_BBBP_a0p5_seed1_fpl,global_test_round49,0.8721652462805142,0.8013166556945358,50,51,hetero,mpnn,,,,server_synced/formal_v3:main_classification,main_queue,results/reviewer_revision_20260831/server_synced/formal_v3/main_classification/BBBP/alpha_0.5/hetero/seed_1/fpl/fpl_BBBP_alpha0.5_seed1_split1_part1_encmpnn_20260903_141555.csv,1b2442703c441684793cdb2fb9c72a4cc96e0e640a8c58bce3300bc0050fadaa,REPOSITORY/results/reviewer_revision_20260831/server_synced/formal_v3/main_classification/BBBP/alpha_0.5/hetero/seed_1/fpl/fpl_BBBP_alpha0.5_seed1_split1_part1_encmpnn_20260903_141555.csv
BBBP,0.5,fpl,FPL,2,2,2,2,main_BBBP_a0p5_seed2_fpl,global_test_round49,0.8650396583282489,0.8841342988808426,50,51,hetero,mpnn,,,,server_synced/formal_v3:main_classification,main_queue,results/reviewer_revision_20260831/server_synced/formal_v3/main_classification/BBBP/alpha_0.5/hetero/seed_2/fpl/fpl_BBBP_alpha0.5_seed2_split2_part2_encmpnn_20260903_154216.csv,6a5f6b2a2ace8ae89b281c644224ff736f278bfe0b4eef681bee98339ebfdc38,REPOSITORY/results/reviewer_revision_20260831/server_synced/formal_v3/main_classification/BBBP/alpha_0.5/hetero/seed_2/fpl/fpl_BBBP_alpha0.5_seed2_split2_part2_encmpnn_20260903_154216.csv
BBBP,0.5,fedtgp,TGP,0,0,0,0,main_BBBP_a0p5_seed0_fedtgp,global_test_round49,0.8388829215896885,0.8388232621535666,50,51,hetero,mpnn,,,,server_synced/formal_v3:main_classification,main_queue,results/reviewer_revision_20260831/server_synced/formal_v3/main_classification/BBBP/alpha_0.5/hetero/seed_0/fedtgp/fedtgp_BBBP_alpha0.5_seed0_split0_part0_encmpnn_20260903_162935.csv,119ec1f0215bc2aaba1dd4e4a0a4391306b8fd196c94990fad26c0220e9c3e47,REPOSITORY/results/reviewer_revision_20260831/server_synced/formal_v3/main_classification/BBBP/alpha_0.5/hetero/seed_0/fedtgp/fedtgp_BBBP_alpha0.5_seed0_split0_part0_encmpnn_20260903_162935.csv
BBBP,0.5,fedtgp,TGP,1,1,1,1,main_BBBP_a0p5_seed1_fedtgp,global_test_round49,0.8855987288747653,0.80348913759052,50,51,hetero,mpnn,,,,server_synced/formal_v3:main_classification,main_queue,results/reviewer_revision_20260831/server_synced/formal_v3/main_classification/BBBP/alpha_0.5/hetero/seed_1/fedtgp/fedtgp_BBBP_alpha0.5_seed1_split1_part1_encmpnn_20260903_192825.csv,8b0f2cc79f879b18ff6c7b234d670b2b367bc387efeff6e36a6a25cd10ae2e32,REPOSITORY/results/reviewer_revision_20260831/server_synced/formal_v3/main_classification/BBBP/alpha_0.5/hetero/seed_1/fedtgp/fedtgp_BBBP_alpha0.5_seed1_split1_part1_encmpnn_20260903_192825.csv
BBBP,0.5,fedtgp,TGP,2,2,2,2,main_BBBP_a0p5_seed2_fedtgp,global_test_round49,0.8910311165344723,0.8941408821593153,50,51,hetero,mpnn,,,,server_synced/formal_v3:main_classification,main_queue,results/reviewer_revision_20260831/server_synced/formal_v3/main_classification/BBBP/alpha_0.5/hetero/seed_2/fedtgp/fedtgp_BBBP_alpha0.5_seed2_split2_part2_encmpnn_20260903_223305.csv,15b6703807513aab8c8083814d3f43ea12b13baee488fbfcc37dc59a775c10c6,REPOSITORY/results/reviewer_revision_20260831/server_synced/formal_v3/main_classification/BBBP/alpha_0.5/hetero/seed_2/fedtgp/fedtgp_BBBP_alpha0.5_seed2_split2_part2_encmpnn_20260903_223305.csv
BBBP,0.5,fedavg_proto,SPL,0,0,0,0,main_BBBP_a0p5_seed0_fedavg_proto,global_test_round49,0.7680510800811554,0.8400159018627895,50,51,hetero,mpnn,fingerprint,16,0.1,server_synced/formal_v3:main_classification,main_queue,results/reviewer_revision_20260831/server_synced/formal_v3/main_classification/BBBP/alpha_0.5/hetero/seed_0/fedavg_proto/fedavg_proto_BBBP_alpha0.5_seed0_split0_part0_encmpnn_descfingerprint_20260901_212205.csv,68147a98ed1d85cc79411d8d91259c6e78527163a9c451629b4826c6b232b714,REPOSITORY/results/reviewer_revision_20260831/server_synced/formal_v3/main_classification/BBBP/alpha_0.5/hetero/seed_0/fedavg_proto/fedavg_proto_BBBP_alpha0.5_seed0_split0_part0_encmpnn_descfingerprint_20260901_212205.csv
BBBP,0.5,fedavg_proto,SPL,1,1,1,1,main_BBBP_a0p5_seed1_fedavg_proto,global_test_round49,0.8343203813375705,0.8269256089532587,50,51,hetero,mpnn,fingerprint,16,0.1,server_synced/formal_v3:main_classification,main_queue,results/reviewer_revision_20260831/server_synced/formal_v3/main_classification/BBBP/alpha_0.5/hetero/seed_1/fedavg_proto/fedavg_proto_BBBP_alpha0.5_seed1_split1_part1_encmpnn_descfingerprint_20260901_213705.csv,8dfce26735acf1145d545c74215d807a7af447c29c171078ab4fc92af2980cf9,REPOSITORY/results/reviewer_revision_20260831/server_synced/formal_v3/main_classification/BBBP/alpha_0.5/hetero/seed_1/fedavg_proto/fedavg_proto_BBBP_alpha0.5_seed1_split1_part1_encmpnn_descfingerprint_20260901_213705.csv
BBBP,0.5,fedavg_proto,SPL,2,2,2,2,main_BBBP_a0p5_seed2_fedavg_proto,global_test_round49,0.8756558877364248,0.9059907834101382,50,51,hetero,mpnn,fingerprint,16,0.1,server_synced/formal_v3:main_classification,main_queue,results/reviewer_revision_20260831/server_synced/formal_v3/main_classification/BBBP/alpha_0.5/hetero/seed_2/fedavg_proto/fedavg_proto_BBBP_alpha0.5_seed2_split2_part2_encmpnn_descfingerprint_20260901_220844.csv,7064ce208d7df6f1dc273184d6caeb9c8244df3c620e1184add3aefbc75ba7a8,REPOSITORY/results/reviewer_revision_20260831/server_synced/formal_v3/main_classification/BBBP/alpha_0.5/hetero/seed_2/fedavg_proto/fedavg_proto_BBBP_alpha0.5_seed2_split2_part2_encmpnn_descfingerprint_20260901_220844.csv
BBBP,1.0,avg,Avg,0,0,0,0,main_BBBP_a1p0_seed0_avg,global_test_round49,0.8023630504833512,0.8648909586551567,50,51,hetero,mpnn,,,,server_synced/formal_v3:main_classification,main_queue,results/reviewer_revision_20260831/server_synced/formal_v3/main_classification/BBBP/alpha_1.0/hetero/seed_0/avg/avg_BBBP_alpha1.0_seed0_split0_part0_encmpnn_20260901_231504.csv,2ee2882181c161753d117ad349e3f104b3a8334bfad8b80cdd48c85a4ae16803,REPOSITORY/results/reviewer_revision_20260831/server_synced/formal_v3/main_classification/BBBP/alpha_1.0/hetero/seed_0/avg/avg_BBBP_alpha1.0_seed0_split0_part0_encmpnn_20260901_231504.csv
BBBP,1.0,avg,Avg,1,1,1,1,main_BBBP_a1p0_seed1_avg,global_test_round49,0.8954210602340026,0.7847267939433838,50,51,hetero,mpnn,,,,server_synced/formal_v3:main_classification,main_queue,results/reviewer_revision_20260831/server_synced/formal_v3/main_classification/BBBP/alpha_1.0/hetero/seed_1/avg/avg_BBBP_alpha1.0_seed1_split1_part1_encmpnn_20260902_004930.csv,da9227d92903a47cd9788bfd09ff4a4bc2e25e25478da6dcbf5fc73b3ae05b52,REPOSITORY/results/reviewer_revision_20260831/server_synced/formal_v3/main_classification/BBBP/alpha_1.0/hetero/seed_1/avg/avg_BBBP_alpha1.0_seed1_split1_part1_encmpnn_20260902_004930.csv
BBBP,1.0,avg,Avg,2,2,2,2,main_BBBP_a1p0_seed2_avg,global_test_round49,0.863941427699817,0.8878209348255433,50,51,hetero,mpnn,,,,server_synced/formal_v3:main_classification,main_queue,results/reviewer_revision_20260831/server_synced/formal_v3/main_classification/BBBP/alpha_1.0/hetero/seed_2/avg/avg_BBBP_alpha1.0_seed2_split2_part2_encmpnn_20260901_233909.csv,a3569e832b4768ddc76a335c64574d748a8214938fa424648d00fba82ba1b615,REPOSITORY/results/reviewer_revision_20260831/server_synced/formal_v3/main_classification/BBBP/alpha_1.0/hetero/seed_2/avg/avg_BBBP_alpha1.0_seed2_split2_part2_encmpnn_20260901_233909.csv
BBBP,1.0,fedprox,Prox,0,0,0,0,main_BBBP_a1p0_seed0_fedprox,global_test_round49,0.8029597804033894,0.9026010904134484,50,51,hetero,mpnn,,,,server_synced/formal_v3:main_classification,main_queue,results/reviewer_revision_20260831/server_synced/formal_v3/main_classification/BBBP/alpha_1.0/hetero/seed_0/fedprox/fedprox_BBBP_alpha1.0_seed0_split0_part0_encmpnn_20260903_162558.csv,987d1baf80368700df00fccaf2b92ecbc52b410fa4f484edbb7a0f3f861ea582,REPOSITORY/results/reviewer_revision_20260831/server_synced/formal_v3/main_classification/BBBP/alpha_1.0/hetero/seed_0/fedprox/fedprox_BBBP_alpha1.0_seed0_split0_part0_encmpnn_20260903_162558.csv
BBBP,1.0,fedprox,Prox,1,1,1,1,main_BBBP_a1p0_seed1_fedprox,global_test_round49,0.9066878520872454,0.8596445029624754,50,51,hetero,mpnn,,,,server_synced/formal_v3:main_classification,main_queue,results/reviewer_revision_20260831/server_synced/formal_v3/main_classification/BBBP/alpha_1.0/hetero/seed_1/fedprox/fedprox_BBBP_alpha1.0_seed1_split1_part1_encmpnn_20260903_175227.csv,11835034492b2f52d0e69b5fc7545f84686e6463f9967dbee3fab9c207394e67,REPOSITORY/results/reviewer_revision_20260831/server_synced/formal_v3/main_classification/BBBP/alpha_1.0/hetero/seed_1/fedprox/fedprox_BBBP_alpha1.0_seed1_split1_part1_encmpnn_20260903_175227.csv
BBBP,1.0,fedprox,Prox,2,2,2,2,main_BBBP_a1p0_seed2_fedprox,global_test_round49,0.8630872483221477,0.8955892034233048,50,51,hetero,mpnn,,,,server_synced/formal_v3:main_classification,main_queue,results/reviewer_revision_20260831/server_synced/formal_v3/main_classification/BBBP/alpha_1.0/hetero/seed_2/fedprox/fedprox_BBBP_alpha1.0_seed2_split2_part2_encmpnn_20260903_191919.csv,67c2c6e30619ee7322650863544e172702122f1f305abaedb00868a6e7970b8d,REPOSITORY/results/reviewer_revision_20260831/server_synced/formal_v3/main_classification/BBBP/alpha_1.0/hetero/seed_2/fedprox/fedprox_BBBP_alpha1.0_seed2_split2_part2_encmpnn_20260903_191919.csv
BBBP,1.0,oursvatFLITPLUS,FLIT+,0,0,0,0,main_BBBP_a1p0_seed0_oursvatFLITPLUS,global_test_round49,0.8792218641842702,0.9119718309859155,50,51,hetero,mpnn,,,,server_synced/formal_v3:main_classification,main_queue,results/reviewer_revision_20260831/server_synced/formal_v3/main_classification/BBBP/alpha_1.0/hetero/seed_0/oursvatFLITPLUS/oursvatFLITPLUS_BBBP_alpha1.0_seed0_split0_part0_encmpnn_20260903_231759.csv,e7104f8ed88d9bf37fc3fe29cf1a8aa69966779e06b49069b7ddc4df28bb2f52,REPOSITORY/results/reviewer_revision_20260831/server_synced/formal_v3/main_classification/BBBP/alpha_1.0/hetero/seed_0/oursvatFLITPLUS/oursvatFLITPLUS_BBBP_alpha1.0_seed0_split0_part0_encmpnn_20260903_231759.csv
BBBP,1.0,oursvatFLITPLUS,FLIT+,1,1,1,1,main_BBBP_a1p0_seed1_oursvatFLITPLUS,global_test_round49,0.8959988444316048,0.8454246214614878,50,51,hetero,mpnn,,,,server_synced/formal_v3:main_classification,main_queue,results/reviewer_revision_20260831/server_synced/formal_v3/main_classification/BBBP/alpha_1.0/hetero/seed_1/oursvatFLITPLUS/oursvatFLITPLUS_BBBP_alpha1.0_seed1_split1_part1_encmpnn_20260904_021524.csv,e371c980f27ecd1aaef35511952c6edc77c01403783002015f0c46cbdb2f4878,REPOSITORY/results/reviewer_revision_20260831/server_synced/formal_v3/main_classification/BBBP/alpha_1.0/hetero/seed_1/oursvatFLITPLUS/oursvatFLITPLUS_BBBP_alpha1.0_seed1_split1_part1_encmpnn_20260904_021524.csv
BBBP,1.0,oursvatFLITPLUS,FLIT+,2,2,2,2,main_BBBP_a1p0_seed2_oursvatFLITPLUS,global_test_round49,0.872117144600366,0.8908492429229756,50,51,hetero,mpnn,,,,server_synced/formal_v3:main_classification,main_queue,results/reviewer_revision_20260831/server_synced/formal_v3/main_classification/BBBP/alpha_1.0/hetero/seed_2/oursvatFLITPLUS/oursvatFLITPLUS_BBBP_alpha1.0_seed2_split2_part2_encmpnn_20260904_051242.csv,af273c64ffe1f3f595d6efb4ec2983fb235091a595a3a7ec7fb16720b31bd548,REPOSITORY/results/reviewer_revision_20260831/server_synced/formal_v3/main_classification/BBBP/alpha_1.0/hetero/seed_2/oursvatFLITPLUS/oursvatFLITPLUS_BBBP_alpha1.0_seed2_split2_part2_encmpnn_20260904_051242.csv
BBBP,1.0,fedproto,Proto,0,0,0,0,main_BBBP_a1p0_seed0_fedproto,global_test_round49,0.840374746389784,0.8670490686051795,50,51,hetero,mpnn,,,,server_synced/formal_v3:main_classification,main_queue,results/reviewer_revision_20260831/server_synced/formal_v3/main_classification/BBBP/alpha_1.0/hetero/seed_0/fedproto/fedproto_BBBP_alpha1.0_seed0_split0_part0_encmpnn_20260903_125137.csv,9d8f62ac16f1f8dd66eb104a07fa1bac1355d42e6febc7c9296d5b4d8f4cc5ee,REPOSITORY/results/reviewer_revision_20260831/server_synced/formal_v3/main_classification/BBBP/alpha_1.0/hetero/seed_0/fedproto/fedproto_BBBP_alpha1.0_seed0_split0_part0_encmpnn_20260903_125137.csv
BBBP,1.0,fedproto,Proto,1,1,1,1,main_BBBP_a1p0_seed1_fedproto,global_test_round49,0.8645096056622851,0.8373930217248189,50,51,hetero,mpnn,,,,server_synced/formal_v3:main_classification,main_queue,results/reviewer_revision_20260831/server_synced/formal_v3/main_classification/BBBP/alpha_1.0/hetero/seed_1/fedproto/fedproto_BBBP_alpha1.0_seed1_split1_part1_encmpnn_20260903_133540.csv,71a90990483947871024e786f9ebd1f0dfecce0a448af7ea0e07a27e512c510b,REPOSITORY/results/reviewer_revision_20260831/server_synced/formal_v3/main_classification/BBBP/alpha_1.0/hetero/seed_1/fedproto/fedproto_BBBP_alpha1.0_seed1_split1_part1_encmpnn_20260903_133540.csv
BBBP,1.0,fedproto,Proto,2,2,2,2,main_BBBP_a1p0_seed2_fedproto,global_test_round49,0.8571690054911532,0.8915075707702436,50,51,hetero,mpnn,,,,server_synced/formal_v3:main_classification,main_queue,results/reviewer_revision_20260831/server_synced/formal_v3/main_classification/BBBP/alpha_1.0/hetero/seed_2/fedproto/fedproto_BBBP_alpha1.0_seed2_split2_part2_encmpnn_20260903_142017.csv,de676afcb0caff349a185ea669b1f5116d21c56cf5054eae83fc6c6b4a3faa8c,REPOSITORY/results/reviewer_revision_20260831/server_synced/formal_v3/main_classification/BBBP/alpha_1.0/hetero/seed_2/fedproto/fedproto_BBBP_alpha1.0_seed2_split2_part2_encmpnn_20260903_142017.csv
BBBP,1.0,moon,MOON,0,0,0,0,main_BBBP_a1p0_seed0_moon,global_test_round49,0.9121613557703783,0.8965243071331214,50,51,hetero,mpnn,,,,server_synced/formal_v3:main_classification,main_queue,results/reviewer_revision_20260831/server_synced/formal_v3/main_classification/BBBP/alpha_1.0/hetero/seed_0/moon/moon_BBBP_alpha1.0_seed0_split0_part0_encmpnn_20260903_150334.csv,b00bdcc369adc274e2d6d439c9addf75c6494a22f6c11e34103d8b9caca62d6a,REPOSITORY/results/reviewer_revision_20260831/server_synced/formal_v3/main_classification/BBBP/alpha_1.0/hetero/seed_0/moon/moon_BBBP_alpha1.0_seed0_split0_part0_encmpnn_20260903_150334.csv
BBBP,1.0,moon,MOON,1,1,1,1,main_BBBP_a1p0_seed1_moon,global_test_round49,0.8648707207857865,0.8433179723502304,50,51,hetero,mpnn,,,,server_synced/formal_v3:main_classification,main_queue,results/reviewer_revision_20260831/server_synced/formal_v3/main_classification/BBBP/alpha_1.0/hetero/seed_1/moon/moon_BBBP_alpha1.0_seed1_split1_part1_encmpnn_20260903_161950.csv,61bf3be9584683b0a489a79c07b477e6e16facccdadbb3a1ed5b422c874b3ab0,REPOSITORY/results/reviewer_revision_20260831/server_synced/formal_v3/main_classification/BBBP/alpha_1.0/hetero/seed_1/moon/moon_BBBP_alpha1.0_seed1_split1_part1_encmpnn_20260903_161950.csv
BBBP,1.0,moon,MOON,2,2,2,2,main_BBBP_a1p0_seed2_moon,global_test_round49,0.8818791946308725,0.9414088215931534,50,51,hetero,mpnn,,,,server_synced/formal_v3:main_classification,main_queue,results/reviewer_revision_20260831/server_synced/formal_v3/main_classification/BBBP/alpha_1.0/hetero/seed_2/moon/moon_BBBP_alpha1.0_seed2_split2_part2_encmpnn_20260903_173608.csv,80f99c1898b061d7889738de53bc5bb00b2d58fb108505c058bb6db9d9199ae5,REPOSITORY/results/reviewer_revision_20260831/server_synced/formal_v3/main_classification/BBBP/alpha_1.0/hetero/seed_2/moon/moon_BBBP_alpha1.0_seed2_split2_part2_encmpnn_20260903_173608.csv
BBBP,1.0,fpl,FPL,0,0,0,0,main_BBBP_a1p0_seed0_fpl,global_test_round49,0.872359470103831,0.8924352567014993,50,51,hetero,mpnn,,,,server_synced/formal_v3:main_classification,main_queue,results/reviewer_revision_20260831/server_synced/formal_v3/main_classification/BBBP/alpha_1.0/hetero/seed_0/fpl/fpl_BBBP_alpha1.0_seed0_split0_part0_encmpnn_20260903_170847.csv,5ef6541aa352c53de93b92f36c2d5863224f0279b4e4829ff2f549ca0aa8222e,REPOSITORY/results/reviewer_revision_20260831/server_synced/formal_v3/main_classification/BBBP/alpha_1.0/hetero/seed_0/fpl/fpl_BBBP_alpha1.0_seed0_split0_part0_encmpnn_20260903_170847.csv
BBBP,1.0,fpl,FPL,1,1,1,1,main_BBBP_a1p0_seed1_fpl,global_test_round49,0.8679763108478982,0.8365371955233707,50,51,hetero,mpnn,,,,server_synced/formal_v3:main_classification,main_queue,results/reviewer_revision_20260831/server_synced/formal_v3/main_classification/BBBP/alpha_1.0/hetero/seed_1/fpl/fpl_BBBP_alpha1.0_seed1_split1_part1_encmpnn_20260903_183453.csv,7f116101052b85efcb38f3f40d76cddda307d10bc644f741c348c89ed7e5a8da,REPOSITORY/results/reviewer_revision_20260831/server_synced/formal_v3/main_classification/BBBP/alpha_1.0/hetero/seed_1/fpl/fpl_BBBP_alpha1.0_seed1_split1_part1_encmpnn_20260903_183453.csv
BBBP,1.0,fpl,FPL,2,2,2,2,main_BBBP_a1p0_seed2_fpl,global_test_round49,0.8971323978035387,0.8955892034233048,50,51,hetero,mpnn,,,,server_synced/formal_v3:main_classification,main_queue,results/reviewer_revision_20260831/server_synced/formal_v3/main_classification/BBBP/alpha_1.0/hetero/seed_2/fpl/fpl_BBBP_alpha1.0_seed2_split2_part2_encmpnn_20260903_200244.csv,01c0ed32a2b6a2726431edf57fbbfa069c6a9bd15f180f3207f160f104d4b436,REPOSITORY/results/reviewer_revision_20260831/server_synced/formal_v3/main_classification/BBBP/alpha_1.0/hetero/seed_2/fpl/fpl_BBBP_alpha1.0_seed2_split2_part2_encmpnn_20260903_200244.csv
BBBP,1.0,fedtgp,TGP,0,0,0,0,main_BBBP_a1p0_seed0_fedtgp,global_test_round49,0.8612602935911207,0.8847114947751021,50,51,hetero,mpnn,,,,server_synced/formal_v3:main_classification,main_queue,results/reviewer_revision_20260831/server_synced/formal_v3/main_classification/BBBP/alpha_1.0/hetero/seed_0/fedtgp/fedtgp_BBBP_alpha1.0_seed0_split0_part0_encmpnn_20260904_013041.csv,cabf68cfc59f1c33343e0ce5db03453fc8a1d603f5b92eb897f89987d8712c47,REPOSITORY/results/reviewer_revision_20260831/server_synced/formal_v3/main_classification/BBBP/alpha_1.0/hetero/seed_0/fedtgp/fedtgp_BBBP_alpha1.0_seed0_split0_part0_encmpnn_20260904_013041.csv
BBBP,1.0,fedtgp,TGP,1,1,1,1,main_BBBP_a1p0_seed1_fedtgp,global_test_round49,0.8883432038133757,0.7953917050691245,50,51,hetero,mpnn,,,,server_synced/formal_v3:main_classification,main_queue,results/reviewer_revision_20260831/server_synced/formal_v3/main_classification/BBBP/alpha_1.0/hetero/seed_1/fedtgp/fedtgp_BBBP_alpha1.0_seed1_split1_part1_encmpnn_20260904_042756.csv,6b990effec1207de92a7a321624fb084973155d4cb33df7b96e34edd5b492aa9,REPOSITORY/results/reviewer_revision_20260831/server_synced/formal_v3/main_classification/BBBP/alpha_1.0/hetero/seed_1/fedtgp/fedtgp_BBBP_alpha1.0_seed1_split1_part1_encmpnn_20260904_042756.csv
BBBP,1.0,fedtgp,TGP,2,2,2,2,main_BBBP_a1p0_seed2_fedtgp,global_test_round49,0.8444173276388042,0.8657011191573403,50,51,hetero,mpnn,,,,server_synced/formal_v3:main_classification,main_queue,results/reviewer_revision_20260831/server_synced/formal_v3/main_classification/BBBP/alpha_1.0/hetero/seed_2/fedtgp/fedtgp_BBBP_alpha1.0_seed2_split2_part2_encmpnn_20260904_072603.csv,ffe36a224a9d0d949b5aa9d962419448782f371fca674a8e2a534c13596b682d,REPOSITORY/results/reviewer_revision_20260831/server_synced/formal_v3/main_classification/BBBP/alpha_1.0/hetero/seed_2/fedtgp/fedtgp_BBBP_alpha1.0_seed2_split2_part2_encmpnn_20260904_072603.csv
BBBP,1.0,fedavg_proto,SPL,0,0,0,0,main_BBBP_a1p0_seed0_fedavg_proto,global_test_round49,0.8472371404702232,0.8853362108132666,50,51,hetero,mpnn,fingerprint,16,0.1,server_synced/formal_v3:main_classification,main_queue,results/reviewer_revision_20260831/server_synced/formal_v3/main_classification/BBBP/alpha_1.0/hetero/seed_0/fedavg_proto/fedavg_proto_BBBP_alpha1.0_seed0_split0_part0_encmpnn_descfingerprint_20260901_222325.csv,6cf5ab10f2da0805ec91c50e59c2275d71e7c74b3435bb9e128eea88a99a181d,REPOSITORY/results/reviewer_revision_20260831/server_synced/formal_v3/main_classification/BBBP/alpha_1.0/hetero/seed_0/fedavg_proto/fedavg_proto_BBBP_alpha1.0_seed0_split0_part0_encmpnn_descfingerprint_20260901_222325.csv
BBBP,1.0,fedavg_proto,SPL,1,1,1,1,main_BBBP_a1p0_seed1_fedavg_proto,global_test_round49,0.8824209157879531,0.827781435154707,50,51,hetero,mpnn,fingerprint,16,0.1,server_synced/formal_v3:main_classification,main_queue,results/reviewer_revision_20260831/server_synced/formal_v3/main_classification/BBBP/alpha_1.0/hetero/seed_1/fedavg_proto/fedavg_proto_BBBP_alpha1.0_seed1_split1_part1_encmpnn_descfingerprint_20260901_225220.csv,03e4ddd40be9b3c8c0efc673d211036bd0087ce0d17d08df2b374f8e4a904ca5,REPOSITORY/results/reviewer_revision_20260831/server_synced/formal_v3/main_classification/BBBP/alpha_1.0/hetero/seed_1/fedavg_proto/fedavg_proto_BBBP_alpha1.0_seed1_split1_part1_encmpnn_descfingerprint_20260901_225220.csv
BBBP,1.0,fedavg_proto,SPL,2,2,2,2,main_BBBP_a1p0_seed2_fedavg_proto,global_test_round49,0.8585112873703478,0.8884792626728111,50,51,hetero,mpnn,fingerprint,16,0.1,server_synced/formal_v3:main_classification,main_queue,results/reviewer_revision_20260831/server_synced/formal_v3/main_classification/BBBP/alpha_1.0/hetero/seed_2/fedavg_proto/fedavg_proto_BBBP_alpha1.0_seed2_split2_part2_encmpnn_descfingerprint_20260901_223744.csv,01d3233508bcf98cda2e7dba11e686ff41df59677c32a06c797f17173843081a,REPOSITORY/results/reviewer_revision_20260831/server_synced/formal_v3/main_classification/BBBP/alpha_1.0/hetero/seed_2/fedavg_proto/fedavg_proto_BBBP_alpha1.0_seed2_split2_part2_encmpnn_descfingerprint_20260901_223744.csv
SIDER,0.1,avg,Avg,0,0,0,0,main_SIDER_a0p1_seed0_avg,global_test_round49,0.5410817372514214,0.6058477965823916,50,51,hetero,mpnn,,,,server_synced/formal_v3:main_classification,main_queue,results/reviewer_revision_20260831/server_synced/formal_v3/main_classification/SIDER/alpha_0.1/hetero/seed_0/avg/avg_SIDER_alpha0.1_seed0_split0_part0_encmpnn_20260902_022820.csv,f91e18fcdd7ba4dd2c15f2a9870432ad57e8f5d9568622a4e07382ad4d97737d,REPOSITORY/results/reviewer_revision_20260831/server_synced/formal_v3/main_classification/SIDER/alpha_0.1/hetero/seed_0/avg/avg_SIDER_alpha0.1_seed0_split0_part0_encmpnn_20260902_022820.csv
SIDER,0.1,avg,Avg,1,1,1,1,main_SIDER_a0p1_seed1_avg,global_test_round49,0.5414846178779891,0.571917873390234,50,51,hetero,mpnn,,,,server_synced/formal_v3:main_classification,main_queue,results/reviewer_revision_20260831/server_synced/formal_v3/main_classification/SIDER/alpha_0.1/hetero/seed_1/avg/avg_SIDER_alpha0.1_seed1_split1_part1_encmpnn_20260902_011902.csv,1e1a123fe5c9a32ea1fc503ce9cb64ad4ac16508268a7bf7a0732e6f11b3759a,REPOSITORY/results/reviewer_revision_20260831/server_synced/formal_v3/main_classification/SIDER/alpha_0.1/hetero/seed_1/avg/avg_SIDER_alpha0.1_seed1_split1_part1_encmpnn_20260902_011902.csv
SIDER,0.1,avg,Avg,2,2,2,2,main_SIDER_a0p1_seed2_avg,global_test_round49,0.556844288894482,0.6888152861885466,50,51,hetero,mpnn,,,,server_synced/formal_v3:main_classification,main_queue,results/reviewer_revision_20260831/server_synced/formal_v3/main_classification/SIDER/alpha_0.1/hetero/seed_2/avg/avg_SIDER_alpha0.1_seed2_split2_part2_encmpnn_20260902_030146.csv,27e01aac82542166bbb3d1c529f4c163c4f1aa14dee0d2f7e9d5d8237daafd94,REPOSITORY/results/reviewer_revision_20260831/server_synced/formal_v3/main_classification/SIDER/alpha_0.1/hetero/seed_2/avg/avg_SIDER_alpha0.1_seed2_split2_part2_encmpnn_20260902_030146.csv
SIDER,0.1,fedprox,Prox,0,0,0,0,main_SIDER_a0p1_seed0_fedprox,global_test_round49,0.6120953553873102,0.5840620152863216,50,51,hetero,mpnn,,,,server_synced/formal_v3:main_classification,main_queue,results/reviewer_revision_20260831/server_synced/formal_v3/main_classification/SIDER/alpha_0.1/hetero/seed_0/fedprox/fedprox_SIDER_alpha0.1_seed0_split0_part0_encmpnn_20260903_204733.csv,9f9f30450584f06c38a9ac94c4e958169c901abacd76cdb070b53a78c831b19d,REPOSITORY/results/reviewer_revision_20260831/server_synced/formal_v3/main_classification/SIDER/alpha_0.1/hetero/seed_0/fedprox/fedprox_SIDER_alpha0.1_seed0_split0_part0_encmpnn_20260903_204733.csv
SIDER,0.1,fedprox,Prox,1,1,1,1,main_SIDER_a0p1_seed1_fedprox,global_test_round49,0.5935429974719935,0.5680298992812174,50,51,hetero,mpnn,,,,server_synced/formal_v3:main_classification,main_queue,results/reviewer_revision_20260831/server_synced/formal_v3/main_classification/SIDER/alpha_0.1/hetero/seed_1/fedprox/fedprox_SIDER_alpha0.1_seed1_split1_part1_encmpnn_20260903_222935.csv,e667ab943644c817d53c6fde2a1e49a94705d6155c843805c76e4b2f2eef0de0,REPOSITORY/results/reviewer_revision_20260831/server_synced/formal_v3/main_classification/SIDER/alpha_0.1/hetero/seed_1/fedprox/fedprox_SIDER_alpha0.1_seed1_split1_part1_encmpnn_20260903_222935.csv
SIDER,0.1,fedprox,Prox,2,2,2,2,main_SIDER_a0p1_seed2_fedprox,global_test_round49,0.5310831915418343,0.6532872274655511,50,51,hetero,mpnn,,,,server_synced/formal_v3:main_classification,main_queue,results/reviewer_revision_20260831/server_synced/formal_v3/main_classification/SIDER/alpha_0.1/hetero/seed_2/fedprox/fedprox_SIDER_alpha0.1_seed2_split2_part2_encmpnn_20260904_000235.csv,03c19c66dd941908edb29e0fe2666de5acc560eab3a8ecfefcf4016d1de71c26,REPOSITORY/results/reviewer_revision_20260831/server_synced/formal_v3/main_classification/SIDER/alpha_0.1/hetero/seed_2/fedprox/fedprox_SIDER_alpha0.1_seed2_split2_part2_encmpnn_20260904_000235.csv
SIDER,0.1,oursvatFLITPLUS,FLIT+,0,0,0,0,main_SIDER_a0p1_seed0_oursvatFLITPLUS,global_test_round49,0.5644439160501242,0.5913863393697569,50,51,hetero,mpnn,,,,server_synced/formal_v3:main_classification,main_queue,results/reviewer_revision_20260831/server_synced/formal_v3/main_classification/SIDER/alpha_0.1/hetero/seed_0/oursvatFLITPLUS/oursvatFLITPLUS_SIDER_alpha0.1_seed0_split0_part0_encmpnn_20260904_080957.csv,bb038ae495ee6455e011534697a38bb6c6a2ed10dddc319235766167283c1534,REPOSITORY/results/reviewer_revision_20260831/server_synced/formal_v3/main_classification/SIDER/alpha_0.1/hetero/seed_0/oursvatFLITPLUS/oursvatFLITPLUS_SIDER_alpha0.1_seed0_split0_part0_encmpnn_20260904_080957.csv
SIDER,0.1,oursvatFLITPLUS,FLIT+,1,1,1,1,main_SIDER_a0p1_seed1_oursvatFLITPLUS,global_test_round49,0.6136192415238955,0.6110810368822295,50,51,hetero,mpnn,,,,server_synced/formal_v3:main_classification,main_queue,results/reviewer_revision_20260831/server_synced/formal_v3/main_classification/SIDER/alpha_0.1/hetero/seed_1/oursvatFLITPLUS/oursvatFLITPLUS_SIDER_alpha0.1_seed1_split1_part1_encmpnn_20260904_111122.csv,a042120de3012e78a947ffcf4a151f41a2f34e4960b77afc9f0760c1e8a25e08,REPOSITORY/results/reviewer_revision_20260831/server_synced/formal_v3/main_classification/SIDER/alpha_0.1/hetero/seed_1/oursvatFLITPLUS/oursvatFLITPLUS_SIDER_alpha0.1_seed1_split1_part1_encmpnn_20260904_111122.csv
SIDER,0.1,oursvatFLITPLUS,FLIT+,2,2,2,2,main_SIDER_a0p1_seed2_oursvatFLITPLUS,global_test_round49,0.5356323946436948,0.6524351165887368,50,51,hetero,mpnn,,,,server_synced/formal_v3:main_classification,main_queue,results/reviewer_revision_20260831/server_synced/formal_v3/main_classification/SIDER/alpha_0.1/hetero/seed_2/oursvatFLITPLUS/oursvatFLITPLUS_SIDER_alpha0.1_seed2_split2_part2_encmpnn_20260904_140647.csv,a90cdbb89f9ae2a35eb9f56f0f6171d96cd52457ddf6bd4cada152d255eddc01,REPOSITORY/results/reviewer_revision_20260831/server_synced/formal_v3/main_classification/SIDER/alpha_0.1/hetero/seed_2/oursvatFLITPLUS/oursvatFLITPLUS_SIDER_alpha0.1_seed2_split2_part2_encmpnn_20260904_140647.csv
SIDER,0.1,fedproto,Proto,0,0,0,0,main_SIDER_a0p1_seed0_fedproto,global_test_round49,0.5982383063492714,0.6133524268787596,50,51,hetero,mpnn,,,,server_synced/formal_v3:main_classification,main_queue,results/reviewer_revision_20260831/server_synced/formal_v3/main_classification/SIDER/alpha_0.1/hetero/seed_0/fedproto/fedproto_SIDER_alpha0.1_seed0_split0_part0_encmpnn_20260903_150422.csv,293a7507307594852d74ea07ca3f6f78eef6623b4222f7f37b58eebf23d48076,REPOSITORY/results/reviewer_revision_20260831/server_synced/formal_v3/main_classification/SIDER/alpha_0.1/hetero/seed_0/fedproto/fedproto_SIDER_alpha0.1_seed0_split0_part0_encmpnn_20260903_150422.csv
SIDER,0.1,fedproto,Proto,1,1,1,1,main_SIDER_a0p1_seed1_fedproto,global_test_round49,0.6311034889185821,0.6157545298583926,50,51,hetero,mpnn,,,,server_synced/formal_v3:main_classification,main_queue,results/reviewer_revision_20260831/server_synced/formal_v3/main_classification/SIDER/alpha_0.1/hetero/seed_1/fedproto/fedproto_SIDER_alpha0.1_seed1_split1_part1_encmpnn_20260903_155326.csv,a71ef85ae79d2b3d3e7f5506a9878ff6bf7ebeee00f81d48443ddeab901b7ce2,REPOSITORY/results/reviewer_revision_20260831/server_synced/formal_v3/main_classification/SIDER/alpha_0.1/hetero/seed_1/fedproto/fedproto_SIDER_alpha0.1_seed1_split1_part1_encmpnn_20260903_155326.csv
SIDER,0.1,fedproto,Proto,2,2,2,2,main_SIDER_a0p1_seed2_fedproto,global_test_round49,0.593213200335128,0.72711189944457,50,51,hetero,mpnn,,,,server_synced/formal_v3:main_classification,main_queue,results/reviewer_revision_20260831/server_synced/formal_v3/main_classification/SIDER/alpha_0.1/hetero/seed_2/fedproto/fedproto_SIDER_alpha0.1_seed2_split2_part2_encmpnn_20260903_164210.csv,ea444bd8525985b98f3066413e1bb232ac742815d942db1d144abf0835e30408,REPOSITORY/results/reviewer_revision_20260831/server_synced/formal_v3/main_classification/SIDER/alpha_0.1/hetero/seed_2/fedproto/fedproto_SIDER_alpha0.1_seed2_split2_part2_encmpnn_20260903_164210.csv
SIDER,0.1,moon,MOON,0,0,0,0,main_SIDER_a0p1_seed0_moon,global_test_round49,0.5913448361437321,0.5715127854253995,50,51,hetero,mpnn,,,,server_synced/formal_v3:main_classification,main_queue,results/reviewer_revision_20260831/server_synced/formal_v3/main_classification/SIDER/alpha_0.1/hetero/seed_0/moon/moon_SIDER_alpha0.1_seed0_split0_part0_encmpnn_20260903_185258.csv,c4821ff694aee110cdc80e1de26dc9acdd1375aaaa0e9a6e68dcb8b353250ff5,REPOSITORY/results/reviewer_revision_20260831/server_synced/formal_v3/main_classification/SIDER/alpha_0.1/hetero/seed_0/moon/moon_SIDER_alpha0.1_seed0_split0_part0_encmpnn_20260903_185258.csv
SIDER,0.1,moon,MOON,1,1,1,1,main_SIDER_a0p1_seed1_moon,global_test_round49,0.5786942489845831,0.6374357239520521,50,51,hetero,mpnn,,,,server_synced/formal_v3:main_classification,main_queue,results/reviewer_revision_20260831/server_synced/formal_v3/main_classification/SIDER/alpha_0.1/hetero/seed_1/moon/moon_SIDER_alpha0.1_seed1_split1_part1_encmpnn_20260903_201418.csv,fbe6ebd84f384faf2074f71287062b437eacd9d1af47ef1079aa7ea4203713c5,REPOSITORY/results/reviewer_revision_20260831/server_synced/formal_v3/main_classification/SIDER/alpha_0.1/hetero/seed_1/moon/moon_SIDER_alpha0.1_seed1_split1_part1_encmpnn_20260903_201418.csv
SIDER,0.1,moon,MOON,2,2,2,2,main_SIDER_a0p1_seed2_moon,global_test_round49,0.6062394986814554,0.6824341653420393,50,51,hetero,mpnn,,,,server_synced/formal_v3:main_classification,main_queue,results/reviewer_revision_20260831/server_synced/formal_v3/main_classification/SIDER/alpha_0.1/hetero/seed_2/moon/moon_SIDER_alpha0.1_seed2_split2_part2_encmpnn_20260903_214200.csv,536f49790aebf67656086254139f22a0e18599ebc5d0c2dfee0499fffc713397,REPOSITORY/results/reviewer_revision_20260831/server_synced/formal_v3/main_classification/SIDER/alpha_0.1/hetero/seed_2/moon/moon_SIDER_alpha0.1_seed2_split2_part2_encmpnn_20260903_214200.csv
SIDER,0.1,fpl,FPL,0,0,0,0,main_SIDER_a0p1_seed0_fpl,global_test_round49,0.6120922541644144,0.6353380632921888,50,51,hetero,mpnn,,,,server_synced/formal_v3:main_classification,main_queue,results/reviewer_revision_20260831/server_synced/formal_v3/main_classification/SIDER/alpha_0.1/hetero/seed_0/fpl/fpl_SIDER_alpha0.1_seed0_split0_part0_encmpnn_20260903_213725.csv,b30b9de4ebeff440024ad6ce2802367b3f4b65bc3f257dd495be39d61acc37e5,REPOSITORY/results/reviewer_revision_20260831/server_synced/formal_v3/main_classification/SIDER/alpha_0.1/hetero/seed_0/fpl/fpl_SIDER_alpha0.1_seed0_split0_part0_encmpnn_20260903_213725.csv
SIDER,0.1,fpl,FPL,1,1,1,1,main_SIDER_a0p1_seed1_fpl,global_test_round49,0.6272145434666919,0.5742850304418431,50,51,hetero,mpnn,,,,server_synced/formal_v3:main_classification,main_queue,results/reviewer_revision_20260831/server_synced/formal_v3/main_classification/SIDER/alpha_0.1/hetero/seed_1/fpl/fpl_SIDER_alpha0.1_seed1_split1_part1_encmpnn_20260903_231423.csv,3026549e2b7e970b188ca941d07e1a0510c0214d362c8ba4817466822fbf6f59,REPOSITORY/results/reviewer_revision_20260831/server_synced/formal_v3/main_classification/SIDER/alpha_0.1/hetero/seed_1/fpl/fpl_SIDER_alpha0.1_seed1_split1_part1_encmpnn_20260903_231423.csv
SIDER,0.1,fpl,FPL,2,2,2,2,main_SIDER_a0p1_seed2_fpl,global_test_round49,0.6011244954211988,0.7253372826195056,50,51,hetero,mpnn,,,,server_synced/formal_v3:main_classification,main_queue,results/reviewer_revision_20260831/server_synced/formal_v3/main_classification/SIDER/alpha_0.1/hetero/seed_2/fpl/fpl_SIDER_alpha0.1_seed2_split2_part2_encmpnn_20260904_004832.csv,bc270ab3e5ae4aa1859e3ea07a0b6ea4d75272bd676da9138b9ba7d5eacd5e3d,REPOSITORY/results/reviewer_revision_20260831/server_synced/formal_v3/main_classification/SIDER/alpha_0.1/hetero/seed_2/fpl/fpl_SIDER_alpha0.1_seed2_split2_part2_encmpnn_20260904_004832.csv
SIDER,0.1,fedtgp,TGP,0,0,0,0,main_SIDER_a0p1_seed0_fedtgp,global_test_round49,0.6161538576230267,0.6560025350937814,50,51,hetero,mpnn,,,,server_synced/formal_v3:main_classification,main_queue,results/reviewer_revision_20260831/server_synced/formal_v3/main_classification/SIDER/alpha_0.1/hetero/seed_0/fedtgp/fedtgp_SIDER_alpha0.1_seed0_split0_part0_encmpnn_20260904_102422.csv,5b9dde12378df01630610948375d699e68e8e55bffe0c35789fe2e1bab9a6b6d,REPOSITORY/results/reviewer_revision_20260831/server_synced/formal_v3/main_classification/SIDER/alpha_0.1/hetero/seed_0/fedtgp/fedtgp_SIDER_alpha0.1_seed0_split0_part0_encmpnn_20260904_102422.csv
SIDER,0.1,fedtgp,TGP,1,1,1,1,main_SIDER_a0p1_seed1_fedtgp,global_test_round49,0.594276358316287,0.5754643523040306,50,51,hetero,mpnn,,,,server_synced/formal_v3:main_classification,main_queue,results/reviewer_revision_20260831/server_synced/formal_v3/main_classification/SIDER/alpha_0.1/hetero/seed_1/fedtgp/fedtgp_SIDER_alpha0.1_seed1_split1_part1_encmpnn_20260904_132037.csv,37405acd059385ba01bdc940bb81394589402144223149b5581bb9c52254b2c5,REPOSITORY/results/reviewer_revision_20260831/server_synced/formal_v3/main_classification/SIDER/alpha_0.1/hetero/seed_1/fedtgp/fedtgp_SIDER_alpha0.1_seed1_split1_part1_encmpnn_20260904_132037.csv
SIDER,0.1,fedtgp,TGP,2,2,2,2,main_SIDER_a0p1_seed2_fedtgp,global_test_round49,0.5798155794659849,0.6760724798886246,50,51,hetero,mpnn,,,,server_synced/formal_v3:main_classification,main_queue,results/reviewer_revision_20260831/server_synced/formal_v3/main_classification/SIDER/alpha_0.1/hetero/seed_2/fedtgp/fedtgp_SIDER_alpha0.1_seed2_split2_part2_encmpnn_20260904_161408.csv,22838690ec84c1ed350e28ced402c7e9b035ba7977e176d5a93f2193054dacd9,REPOSITORY/results/reviewer_revision_20260831/server_synced/formal_v3/main_classification/SIDER/alpha_0.1/hetero/seed_2/fedtgp/fedtgp_SIDER_alpha0.1_seed2_split2_part2_encmpnn_20260904_161408.csv
SIDER,0.1,fedavg_proto,SPL,0,0,0,0,main_SIDER_a0p1_seed0_fedavg_proto,global_test_round49,0.6276750531332389,0.6336159494853246,50,51,hetero,mpnn,fingerprint,16,0.1,server_synced/formal_v3:main_classification,main_queue,results/reviewer_revision_20260831/server_synced/formal_v3/main_classification/SIDER/alpha_0.1/hetero/seed_0/fedavg_proto/fedavg_proto_SIDER_alpha0.1_seed0_split0_part0_encmpnn_descfingerprint_20260901_235302.csv,37b5fed8cdc0221fced251d0674856e74c4deb6d1b87411a756f8cb39906740f,REPOSITORY/results/reviewer_revision_20260831/server_synced/formal_v3/main_classification/SIDER/alpha_0.1/hetero/seed_0/fedavg_proto/fedavg_proto_SIDER_alpha0.1_seed0_split0_part0_encmpnn_descfingerprint_20260901_235302.csv
SIDER,0.1,fedavg_proto,SPL,1,1,1,1,main_SIDER_a0p1_seed1_fedavg_proto,global_test_round49,0.5855381989223468,0.5969662994250257,50,51,hetero,mpnn,fingerprint,16,0.1,server_synced/formal_v3:main_classification,main_queue,results/reviewer_revision_20260831/server_synced/formal_v3/main_classification/SIDER/alpha_0.1/hetero/seed_1/fedavg_proto/fedavg_proto_SIDER_alpha0.1_seed1_split1_part1_encmpnn_descfingerprint_20260901_231506.csv,adf447937b7828473062e569044ab5fa772f79d2ccf86d88d7c8935a96c84a10,REPOSITORY/results/reviewer_revision_20260831/server_synced/formal_v3/main_classification/SIDER/alpha_0.1/hetero/seed_1/fedavg_proto/fedavg_proto_SIDER_alpha0.1_seed1_split1_part1_encmpnn_descfingerprint_20260901_231506.csv
SIDER,0.1,fedavg_proto,SPL,2,2,2,2,main_SIDER_a0p1_seed2_fedavg_proto,global_test_round49,0.6156004516784435,0.7079623527081628,50,51,hetero,mpnn,fingerprint,16,0.1,server_synced/formal_v3:main_classification,main_queue,results/reviewer_revision_20260831/server_synced/formal_v3/main_classification/SIDER/alpha_0.1/hetero/seed_2/fedavg_proto/fedavg_proto_SIDER_alpha0.1_seed2_split2_part2_encmpnn_descfingerprint_20260902_001908.csv,0f5c2e0c15673b049ab0efa90e878d275a200a123969030112ba872b705e19ff,REPOSITORY/results/reviewer_revision_20260831/server_synced/formal_v3/main_classification/SIDER/alpha_0.1/hetero/seed_2/fedavg_proto/fedavg_proto_SIDER_alpha0.1_seed2_split2_part2_encmpnn_descfingerprint_20260902_001908.csv
SIDER,0.5,avg,Avg,0,0,0,0,main_SIDER_a0p5_seed0_avg,global_test_round49,0.589540788111294,0.5586918245015743,50,51,hetero,mpnn,,,,server_synced/formal_v3:main_classification,main_queue,results/reviewer_revision_20260831/server_synced/formal_v3/main_classification/SIDER/alpha_0.5/hetero/seed_0/avg/avg_SIDER_alpha0.5_seed0_split0_part0_encmpnn_20260902_015900.csv,f311e30425cfcb0ff09c688672483b1c4b484b9844a7291dc1437737677c1bed,REPOSITORY/results/reviewer_revision_20260831/server_synced/formal_v3/main_classification/SIDER/alpha_0.5/hetero/seed_0/avg/avg_SIDER_alpha0.5_seed0_split0_part0_encmpnn_20260902_015900.csv
SIDER,0.5,avg,Avg,1,1,1,1,main_SIDER_a0p5_seed1_avg,global_test_round49,0.5860159382108866,0.5742399926983668,50,51,hetero,mpnn,,,,server_synced/formal_v3:main_classification,main_queue,results/reviewer_revision_20260831/server_synced/formal_v3/main_classification/SIDER/alpha_0.5/hetero/seed_1/avg/avg_SIDER_alpha0.5_seed1_split1_part1_encmpnn_20260902_032723.csv,d4509b543c0a89bb15e65c35bd8fc65b59ba9be85fa442d480656ae210ad4a21,REPOSITORY/results/reviewer_revision_20260831/server_synced/formal_v3/main_classification/SIDER/alpha_0.5/hetero/seed_1/avg/avg_SIDER_alpha0.5_seed1_split1_part1_encmpnn_20260902_032723.csv
SIDER,0.5,avg,Avg,2,2,2,2,main_SIDER_a0p5_seed2_avg,global_test_round49,0.5405506121400925,0.6139238118537251,50,51,hetero,mpnn,,,,server_synced/formal_v3:main_classification,main_queue,results/reviewer_revision_20260831/server_synced/formal_v3/main_classification/SIDER/alpha_0.5/hetero/seed_2/avg/avg_SIDER_alpha0.5_seed2_split2_part2_encmpnn_20260902_021327.csv,83bdb44ba8a53f57aee0622b51aec1b8380542086822ec63f636434ed100a3a6,REPOSITORY/results/reviewer_revision_20260831/server_synced/formal_v3/main_classification/SIDER/alpha_0.5/hetero/seed_2/avg/avg_SIDER_alpha0.5_seed2_split2_part2_encmpnn_20260902_021327.csv
SIDER,0.5,fedprox,Prox,0,0,0,0,main_SIDER_a0p5_seed0_fedprox,global_test_round49,0.5876036594351566,0.6161557746737353,50,51,hetero,mpnn,,,,server_synced/formal_v3:main_classification,main_queue,results/reviewer_revision_20260831/server_synced/formal_v3/main_classification/SIDER/alpha_0.5/hetero/seed_0/fedprox/fedprox_SIDER_alpha0.5_seed0_split0_part0_encmpnn_20260904_013713.csv,27b5026e273b62581eded41b3728d4d4d5b12922b2b0b3bf928b8e5b1827408d,REPOSITORY/results/reviewer_revision_20260831/server_synced/formal_v3/main_classification/SIDER/alpha_0.5/hetero/seed_0/fedprox/fedprox_SIDER_alpha0.5_seed0_split0_part0_encmpnn_20260904_013713.csv
SIDER,0.5,fedprox,Prox,1,1,1,1,main_SIDER_a0p5_seed1_fedprox,global_test_round49,0.6007940555957126,0.5907329562181317,50,51,hetero,mpnn,,,,server_synced/formal_v3:main_classification,main_queue,results/reviewer_revision_20260831/server_synced/formal_v3/main_classification/SIDER/alpha_0.5/hetero/seed_1/fedprox/fedprox_SIDER_alpha0.5_seed1_split1_part1_encmpnn_20260904_031005.csv,7f0352f5446871817e702e081e9454e5f50dccd8cf7487615a27d23cd51d6dc0,REPOSITORY/results/reviewer_revision_20260831/server_synced/formal_v3/main_classification/SIDER/alpha_0.5/hetero/seed_1/fedprox/fedprox_SIDER_alpha0.5_seed1_split1_part1_encmpnn_20260904_031005.csv
SIDER,0.5,fedprox,Prox,2,2,2,2,main_SIDER_a0p5_seed2_fedprox,global_test_round49,0.5848023714397608,0.6525815951446178,50,51,hetero,mpnn,,,,server_synced/formal_v3:main_classification,main_queue,results/reviewer_revision_20260831/server_synced/formal_v3/main_classification/SIDER/alpha_0.5/hetero/seed_2/fedprox/fedprox_SIDER_alpha0.5_seed2_split2_part2_encmpnn_20260904_044552.csv,2038c4d2c939f53a4786c0369ba795754f876a66794d688d37993e88450ec7f9,REPOSITORY/results/reviewer_revision_20260831/server_synced/formal_v3/main_classification/SIDER/alpha_0.5/hetero/seed_2/fedprox/fedprox_SIDER_alpha0.5_seed2_split2_part2_encmpnn_20260904_044552.csv
SIDER,0.5,oursvatFLITPLUS,FLIT+,0,0,0,0,main_SIDER_a0p5_seed0_oursvatFLITPLUS,global_test_round49,0.6260165653571153,0.6315797757704608,50,51,hetero,mpnn,,,,server_synced/formal_v3:main_classification,main_queue,results/reviewer_revision_20260831/server_synced/formal_v3/main_classification/SIDER/alpha_0.5/hetero/seed_0/oursvatFLITPLUS/oursvatFLITPLUS_SIDER_alpha0.5_seed0_split0_part0_encmpnn_20260904_165721.csv,4d1eae9614dd37434df608411ae51a4c7371a551db766e9e74a902ccd2a7093c,REPOSITORY/results/reviewer_revision_20260831/server_synced/formal_v3/main_classification/SIDER/alpha_0.5/hetero/seed_0/oursvatFLITPLUS/oursvatFLITPLUS_SIDER_alpha0.5_seed0_split0_part0_encmpnn_20260904_165721.csv
SIDER,0.5,oursvatFLITPLUS,FLIT+,1,1,1,1,main_SIDER_a0p5_seed1_oursvatFLITPLUS,global_test_round49,0.5819214101388359,0.6301150939021937,50,51,hetero,mpnn,,,,server_synced/formal_v3:main_classification,main_queue,results/reviewer_revision_20260831/server_synced/formal_v3/main_classification/SIDER/alpha_0.5/hetero/seed_1/oursvatFLITPLUS/oursvatFLITPLUS_SIDER_alpha0.5_seed1_split1_part1_encmpnn_20260904_194222.csv,2c6d2c536068eb631e9362b96c767121b8894f3393dc9f617d99e5775e280f0d,REPOSITORY/results/reviewer_revision_20260831/server_synced/formal_v3/main_classification/SIDER/alpha_0.5/hetero/seed_1/oursvatFLITPLUS/oursvatFLITPLUS_SIDER_alpha0.5_seed1_split1_part1_encmpnn_20260904_194222.csv
SIDER,0.5,oursvatFLITPLUS,FLIT+,2,2,2,2,main_SIDER_a0p5_seed2_oursvatFLITPLUS,global_test_round49,0.5738152500926484,0.5991178262026601,50,51,hetero,mpnn,,,,server_synced/formal_v3:main_classification,main_queue,results/reviewer_revision_20260831/server_synced/formal_v3/main_classification/SIDER/alpha_0.5/hetero/seed_2/oursvatFLITPLUS/oursvatFLITPLUS_SIDER_alpha0.5_seed2_split2_part2_encmpnn_20260904_222857.csv,7a5ff2e1b8474a47eb9c8fce3fe86d78a4ca862c5d58668ddcb537662a2162b1,REPOSITORY/results/reviewer_revision_20260831/server_synced/formal_v3/main_classification/SIDER/alpha_0.5/hetero/seed_2/oursvatFLITPLUS/oursvatFLITPLUS_SIDER_alpha0.5_seed2_split2_part2_encmpnn_20260904_222857.csv
SIDER,0.5,fedproto,Proto,0,0,0,0,main_SIDER_a0p5_seed0_fedproto,global_test_round49,0.5582255028285229,0.5980995353665828,50,51,hetero,mpnn,,,,server_synced/formal_v3:main_classification,main_queue,results/reviewer_revision_20260831/server_synced/formal_v3/main_classification/SIDER/alpha_0.5/hetero/seed_0/fedproto/fedproto_SIDER_alpha0.5_seed0_split0_part0_encmpnn_20260903_173033.csv,a72dfb4eede2080a7c39d7732db38da259f35f9f5b23263dd8064173b57fa95d,REPOSITORY/results/reviewer_revision_20260831/server_synced/formal_v3/main_classification/SIDER/alpha_0.5/hetero/seed_0/fedproto/fedproto_SIDER_alpha0.5_seed0_split0_part0_encmpnn_20260903_173033.csv
SIDER,0.5,fedproto,Proto,1,1,1,1,main_SIDER_a0p5_seed1_fedproto,global_test_round49,0.6024103380421673,0.6238666139510461,50,51,hetero,mpnn,,,,server_synced/formal_v3:main_classification,main_queue,results/reviewer_revision_20260831/server_synced/formal_v3/main_classification/SIDER/alpha_0.5/hetero/seed_1/fedproto/fedproto_SIDER_alpha0.5_seed1_split1_part1_encmpnn_20260903_181932.csv,7ad2f9b64dc65a5cf9ddf3c6b09e307c8a747122b7ed8c9e18afbda6af2b806c,REPOSITORY/results/reviewer_revision_20260831/server_synced/formal_v3/main_classification/SIDER/alpha_0.5/hetero/seed_1/fedproto/fedproto_SIDER_alpha0.5_seed1_split1_part1_encmpnn_20260903_181932.csv
SIDER,0.5,fedproto,Proto,2,2,2,2,main_SIDER_a0p5_seed2_fedproto,global_test_round49,0.6102507819292959,0.6764858769878699,50,51,hetero,mpnn,,,,server_synced/formal_v3:main_classification,main_queue,results/reviewer_revision_20260831/server_synced/formal_v3/main_classification/SIDER/alpha_0.5/hetero/seed_2/fedproto/fedproto_SIDER_alpha0.5_seed2_split2_part2_encmpnn_20260903_190910.csv,337f7829f863398dc9e84a4b950f85e024810f442f576223f3aae742c5793406,REPOSITORY/results/reviewer_revision_20260831/server_synced/formal_v3/main_classification/SIDER/alpha_0.5/hetero/seed_2/fedproto/fedproto_SIDER_alpha0.5_seed2_split2_part2_encmpnn_20260903_190910.csv
SIDER,0.5,moon,MOON,0,0,0,0,main_SIDER_a0p5_seed0_moon,global_test_round49,0.6168056764225233,0.584481442814969,50,51,hetero,mpnn,,,,server_synced/formal_v3:main_classification,main_queue,results/reviewer_revision_20260831/server_synced/formal_v3/main_classification/SIDER/alpha_0.5/hetero/seed_0/moon/moon_SIDER_alpha0.5_seed0_split0_part0_encmpnn_20260903_230636.csv,301ece49571cb26e1f5b152944055d43b1aff3d4af593de5e1ca180a79dfab91,REPOSITORY/results/reviewer_revision_20260831/server_synced/formal_v3/main_classification/SIDER/alpha_0.5/hetero/seed_0/moon/moon_SIDER_alpha0.5_seed0_split0_part0_encmpnn_20260903_230636.csv
SIDER,0.5,moon,MOON,1,1,1,1,main_SIDER_a0p5_seed1_moon,global_test_round49,0.6003592558845561,0.6191222716154391,50,51,hetero,mpnn,,,,server_synced/formal_v3:main_classification,main_queue,results/reviewer_revision_20260831/server_synced/formal_v3/main_classification/SIDER/alpha_0.5/hetero/seed_1/moon/moon_SIDER_alpha0.5_seed1_split1_part1_encmpnn_20260904_002802.csv,c6b98372202190869a819b07e4e751f9258568aa7b9ef1e7e44228094b469fa6,REPOSITORY/results/reviewer_revision_20260831/server_synced/formal_v3/main_classification/SIDER/alpha_0.5/hetero/seed_1/moon/moon_SIDER_alpha0.5_seed1_split1_part1_encmpnn_20260904_002802.csv
SIDER,0.5,moon,MOON,2,2,2,2,main_SIDER_a0p5_seed2_moon,global_test_round49,0.5955379163654013,0.6853723799019242,50,51,hetero,mpnn,,,,server_synced/formal_v3:main_classification,main_queue,results/reviewer_revision_20260831/server_synced/formal_v3/main_classification/SIDER/alpha_0.5/hetero/seed_2/moon/moon_SIDER_alpha0.5_seed2_split2_part2_encmpnn_20260904_015117.csv,b9b637d24937862f9cd74eca2d639e05f043e6bc6beacaa0d217e522381e26a3,REPOSITORY/results/reviewer_revision_20260831/server_synced/formal_v3/main_classification/SIDER/alpha_0.5/hetero/seed_2/moon/moon_SIDER_alpha0.5_seed2_split2_part2_encmpnn_20260904_015117.csv
SIDER,0.5,fpl,FPL,0,0,0,0,main_SIDER_a0p5_seed0_fpl,global_test_round49,0.5831979787134179,0.6269908724671469,50,51,hetero,mpnn,,,,server_synced/formal_v3:main_classification,main_queue,results/reviewer_revision_20260831/server_synced/formal_v3/main_classification/SIDER/alpha_0.5/hetero/seed_0/fpl/fpl_SIDER_alpha0.5_seed0_split0_part0_encmpnn_20260904_022126.csv,223c29c3c35ef454fade4cbe0603f6d82f66d6457491698136ac517586df2e9d,REPOSITORY/results/reviewer_revision_20260831/server_synced/formal_v3/main_classification/SIDER/alpha_0.5/hetero/seed_0/fpl/fpl_SIDER_alpha0.5_seed0_split0_part0_encmpnn_20260904_022126.csv
SIDER,0.5,fpl,FPL,1,1,1,1,main_SIDER_a0p5_seed1_fpl,global_test_round49,0.5741902182831329,0.6011967184865022,50,51,hetero,mpnn,,,,server_synced/formal_v3:main_classification,main_queue,results/reviewer_revision_20260831/server_synced/formal_v3/main_classification/SIDER/alpha_0.5/hetero/seed_1/fpl/fpl_SIDER_alpha0.5_seed1_split1_part1_encmpnn_20260904_035641.csv,b4579b013c2202e34472fa54bdb7d7e4afe66340a0e869d641d25442f6ac5a29,REPOSITORY/results/reviewer_revision_20260831/server_synced/formal_v3/main_classification/SIDER/alpha_0.5/hetero/seed_1/fpl/fpl_SIDER_alpha0.5_seed1_split1_part1_encmpnn_20260904_035641.csv
SIDER,0.5,fpl,FPL,2,2,2,2,main_SIDER_a0p5_seed2_fpl,global_test_round49,0.6072958555884624,0.6745715503869607,50,51,hetero,mpnn,,,,server_synced/formal_v3:main_classification,main_queue,results/reviewer_revision_20260831/server_synced/formal_v3/main_classification/SIDER/alpha_0.5/hetero/seed_2/fpl/fpl_SIDER_alpha0.5_seed2_split2_part2_encmpnn_20260904_053027.csv,9573ecbc8849ace8651e2a5afd2d9285188b6d738fa9ffb882fdbeb1a4f50b78,REPOSITORY/results/reviewer_revision_20260831/server_synced/formal_v3/main_classification/SIDER/alpha_0.5/hetero/seed_2/fpl/fpl_SIDER_alpha0.5_seed2_split2_part2_encmpnn_20260904_053027.csv
SIDER,0.5,fedtgp,TGP,0,0,0,0,main_SIDER_a0p5_seed0_fedtgp,global_test_round49,0.58826059032726,0.5790539076923436,50,51,hetero,mpnn,,,,server_synced/formal_v3:main_classification,main_queue,results/reviewer_revision_20260831/server_synced/formal_v3/main_classification/SIDER/alpha_0.5/hetero/seed_0/fedtgp/fedtgp_SIDER_alpha0.5_seed0_split0_part0_encmpnn_20260904_185851.csv,030f737c32c8c5ad89529cbeccfdd51b125786ef79f1292f58f354b916396c37,REPOSITORY/results/reviewer_revision_20260831/server_synced/formal_v3/main_classification/SIDER/alpha_0.5/hetero/seed_0/fedtgp/fedtgp_SIDER_alpha0.5_seed0_split0_part0_encmpnn_20260904_185851.csv
SIDER,0.5,fedtgp,TGP,1,1,1,1,main_SIDER_a0p5_seed1_fedtgp,global_test_round49,0.6107634202440709,0.5955942695898464,50,51,hetero,mpnn,,,,server_synced/formal_v3:main_classification,main_queue,results/reviewer_revision_20260831/server_synced/formal_v3/main_classification/SIDER/alpha_0.5/hetero/seed_1/fedtgp/fedtgp_SIDER_alpha0.5_seed1_split1_part1_encmpnn_20260904_214435.csv,f54de3a71387100ae433202422f04d3e146959dc64ec614fdfde30696cec009b,REPOSITORY/results/reviewer_revision_20260831/server_synced/formal_v3/main_classification/SIDER/alpha_0.5/hetero/seed_1/fedtgp/fedtgp_SIDER_alpha0.5_seed1_split1_part1_encmpnn_20260904_214435.csv
SIDER,0.5,fedtgp,TGP,2,2,2,2,main_SIDER_a0p5_seed2_fedtgp,global_test_round49,0.5739077963904611,0.6610363197886712,50,51,hetero,mpnn,,,,server_synced/formal_v3:main_classification,main_queue,results/reviewer_revision_20260831/server_synced/formal_v3/main_classification/SIDER/alpha_0.5/hetero/seed_2/fedtgp/fedtgp_SIDER_alpha0.5_seed2_split2_part2_encmpnn_20260905_003139.csv,9fc0d05fbe71e7768f50f35125881b199e45950b24a5f8b90aefdb6bed685939,REPOSITORY/results/reviewer_revision_20260831/server_synced/formal_v3/main_classification/SIDER/alpha_0.5/hetero/seed_2/fedtgp/fedtgp_SIDER_alpha0.5_seed2_split2_part2_encmpnn_20260905_003139.csv
SIDER,0.5,fedavg_proto,SPL,0,0,0,0,main_SIDER_a0p5_seed0_fedavg_proto,global_test_round49,0.6010258303507401,0.5972878037597279,50,51,hetero,mpnn,fingerprint,16,0.1,server_synced/formal_v3:main_classification,manifest_declared_SIDER_alpha0.5_K16_reuse,results/reviewer_revision_20260831/server_synced/formal_v3/priority_suite/k_occupancy/k_occupancy_SIDER_a0p5_hetero_seed0_fedavg_proto_mpnn_fingerprint_k16/fedavg_proto_SIDER_alpha0.5_seed0_split0_part0_encmpnn_descfingerprint_20260901_053932.csv,b26424ce531e65415c7d9ab1868b3c823f5670bc92f311fad6ed6d4429d4e370,REPOSITORY/results/reviewer_revision_20260831/server_synced/formal_v3/priority_suite/k_occupancy/k_occupancy_SIDER_a0p5_hetero_seed0_fedavg_proto_mpnn_fingerprint_k16/fedavg_proto_SIDER_alpha0.5_seed0_split0_part0_encmpnn_descfingerprint_20260901_053932.csv
SIDER,0.5,fedavg_proto,SPL,1,1,1,1,main_SIDER_a0p5_seed1_fedavg_proto,global_test_round49,0.6186584722405992,0.6439558118689449,50,51,hetero,mpnn,fingerprint,16,0.1,server_synced/formal_v3:main_classification,manifest_declared_SIDER_alpha0.5_K16_reuse,results/reviewer_revision_20260831/server_synced/formal_v3/priority_suite/k_occupancy/k_occupancy_SIDER_a0p5_hetero_seed1_fedavg_proto_mpnn_fingerprint_k16/fedavg_proto_SIDER_alpha0.5_seed1_split1_part1_encmpnn_descfingerprint_20260901_070106.csv,38ed1ac397ff1dfbd79805176b28f2b0f0f26ceebf84278443c217dcc560aa14,REPOSITORY/results/reviewer_revision_20260831/server_synced/formal_v3/priority_suite/k_occupancy/k_occupancy_SIDER_a0p5_hetero_seed1_fedavg_proto_mpnn_fingerprint_k16/fedavg_proto_SIDER_alpha0.5_seed1_split1_part1_encmpnn_descfingerprint_20260901_070106.csv
SIDER,0.5,fedavg_proto,SPL,2,2,2,2,main_SIDER_a0p5_seed2_fedavg_proto,global_test_round49,0.6178455750509276,0.6648724934113007,50,51,hetero,mpnn,fingerprint,16,0.1,server_synced/formal_v3:main_classification,manifest_declared_SIDER_alpha0.5_K16_reuse,results/reviewer_revision_20260831/server_synced/formal_v3/priority_suite/k_occupancy/k_occupancy_SIDER_a0p5_hetero_seed2_fedavg_proto_mpnn_fingerprint_k16/fedavg_proto_SIDER_alpha0.5_seed2_split2_part2_encmpnn_descfingerprint_20260901_080207.csv,d3dc5f3b0cd83c3748470a6b53376ff32ee4f6e9e0cf22b724fa6fccfbc8609b,REPOSITORY/results/reviewer_revision_20260831/server_synced/formal_v3/priority_suite/k_occupancy/k_occupancy_SIDER_a0p5_hetero_seed2_fedavg_proto_mpnn_fingerprint_k16/fedavg_proto_SIDER_alpha0.5_seed2_split2_part2_encmpnn_descfingerprint_20260901_080207.csv
SIDER,1.0,avg,Avg,0,0,0,0,main_SIDER_a1p0_seed0_avg,global_test_round49,0.5444301072086742,0.5915703799327179,50,51,hetero,mpnn,,,,server_synced/formal_v3:main_classification,main_queue,results/reviewer_revision_20260831/server_synced/formal_v3/main_classification/SIDER/alpha_1.0/hetero/seed_0/avg/avg_SIDER_alpha1.0_seed0_split0_part0_encmpnn_20260902_050408.csv,14590fabad24fb4cca3e0aa6db1de8b69956acfcea6b9c0e963a21c6b40de98a,REPOSITORY/results/reviewer_revision_20260831/server_synced/formal_v3/main_classification/SIDER/alpha_1.0/hetero/seed_0/avg/avg_SIDER_alpha1.0_seed0_split0_part0_encmpnn_20260902_050408.csv
SIDER,1.0,avg,Avg,1,1,1,1,main_SIDER_a1p0_seed1_avg,global_test_round49,0.5366272263058472,0.6105660508592962,50,51,hetero,mpnn,,,,server_synced/formal_v3:main_classification,main_queue,results/reviewer_revision_20260831/server_synced/formal_v3/main_classification/SIDER/alpha_1.0/hetero/seed_1/avg/avg_SIDER_alpha1.0_seed1_split1_part1_encmpnn_20260902_030149.csv,e38cbef8c967ce482cb8ce7e2377014ae2562f0ae2729cd257e6a2aadb82b22a,REPOSITORY/results/reviewer_revision_20260831/server_synced/formal_v3/main_classification/SIDER/alpha_1.0/hetero/seed_1/avg/avg_SIDER_alpha1.0_seed1_split1_part1_encmpnn_20260902_030149.csv
SIDER,1.0,avg,Avg,2,2,2,2,main_SIDER_a1p0_seed2_avg,global_test_round49,0.5611819626437033,0.6389050178257991,50,51,hetero,mpnn,,,,server_synced/formal_v3:main_classification,main_queue,results/reviewer_revision_20260831/server_synced/formal_v3/main_classification/SIDER/alpha_1.0/hetero/seed_2/avg/avg_SIDER_alpha1.0_seed2_split2_part2_encmpnn_20260902_060309.csv,d30c980d24145bc8f59036bd9c98f4ab20b11bdbdb2c1682dc52d495fd8794a1,REPOSITORY/results/reviewer_revision_20260831/server_synced/formal_v3/main_classification/SIDER/alpha_1.0/hetero/seed_2/avg/avg_SIDER_alpha1.0_seed2_split2_part2_encmpnn_20260902_060309.csv
SIDER,1.0,fedprox,Prox,0,0,0,0,main_SIDER_a1p0_seed0_fedprox,global_test_round49,0.5922472012029217,0.6184434618678523,50,51,hetero,mpnn,,,,server_synced/formal_v3:main_classification,main_queue,results/reviewer_revision_20260831/server_synced/formal_v3/main_classification/SIDER/alpha_1.0/hetero/seed_0/fedprox/fedprox_SIDER_alpha1.0_seed0_split0_part0_encmpnn_20260904_061905.csv,2ef62d06afbae2752962740807e91c684fbb8e4c849f3aeb242deb98a2e582a4,REPOSITORY/results/reviewer_revision_20260831/server_synced/formal_v3/main_classification/SIDER/alpha_1.0/hetero/seed_0/fedprox/fedprox_SIDER_alpha1.0_seed0_split0_part0_encmpnn_20260904_061905.csv
SIDER,1.0,fedprox,Prox,1,1,1,1,main_SIDER_a1p0_seed1_fedprox,global_test_round49,0.5800171362237043,0.6018617133991855,50,51,hetero,mpnn,,,,server_synced/formal_v3:main_classification,main_queue,results/reviewer_revision_20260831/server_synced/formal_v3/main_classification/SIDER/alpha_1.0/hetero/seed_1/fedprox/fedprox_SIDER_alpha1.0_seed1_split1_part1_encmpnn_20260904_075333.csv,3641664628cda5510eaa78116c150834dbab557a4f2a40f908823fa83d39d770,REPOSITORY/results/reviewer_revision_20260831/server_synced/formal_v3/main_classification/SIDER/alpha_1.0/hetero/seed_1/fedprox/fedprox_SIDER_alpha1.0_seed1_split1_part1_encmpnn_20260904_075333.csv
SIDER,1.0,fedprox,Prox,2,2,2,2,main_SIDER_a1p0_seed2_fedprox,global_test_round49,0.5831707328645511,0.6566647111901811,50,51,hetero,mpnn,,,,server_synced/formal_v3:main_classification,main_queue,results/reviewer_revision_20260831/server_synced/formal_v3/main_classification/SIDER/alpha_1.0/hetero/seed_2/fedprox/fedprox_SIDER_alpha1.0_seed2_split2_part2_encmpnn_20260904_092540.csv,2c26705f2a952430b9e4d245093b34710195670031011ff32e3bfa848717240f,REPOSITORY/results/reviewer_revision_20260831/server_synced/formal_v3/main_classification/SIDER/alpha_1.0/hetero/seed_2/fedprox/fedprox_SIDER_alpha1.0_seed2_split2_part2_encmpnn_20260904_092540.csv
SIDER,1.0,oursvatFLITPLUS,FLIT+,0,0,0,0,main_SIDER_a1p0_seed0_oursvatFLITPLUS,global_test_round49,0.5790169513455474,0.6080399298182909,50,51,hetero,mpnn,,,,server_synced/formal_v3:main_classification,main_queue,results/reviewer_revision_20260831/server_synced/formal_v3/main_classification/SIDER/alpha_1.0/hetero/seed_0/oursvatFLITPLUS/oursvatFLITPLUS_SIDER_alpha1.0_seed0_split0_part0_encmpnn_20260905_011629.csv,93fa096829eaa454a61802647d9e4936d9556de03435b25d13903129b75fa6b8,REPOSITORY/results/reviewer_revision_20260831/server_synced/formal_v3/main_classification/SIDER/alpha_1.0/hetero/seed_0/oursvatFLITPLUS/oursvatFLITPLUS_SIDER_alpha1.0_seed0_split0_part0_encmpnn_20260905_011629.csv
SIDER,1.0,oursvatFLITPLUS,FLIT+,1,1,1,1,main_SIDER_a1p0_seed1_oursvatFLITPLUS,global_test_round49,0.5905115846220635,0.5854638290282336,50,51,hetero,mpnn,,,,server_synced/formal_v3:main_classification,main_queue,results/reviewer_revision_20260831/server_synced/formal_v3/main_classification/SIDER/alpha_1.0/hetero/seed_1/oursvatFLITPLUS/oursvatFLITPLUS_SIDER_alpha1.0_seed1_split1_part1_encmpnn_20260905_040316.csv,a93b2d063562d2766ee07366ab340bf47dc379547dc9b2b15785e2a0a37bceaf,REPOSITORY/results/reviewer_revision_20260831/server_synced/formal_v3/main_classification/SIDER/alpha_1.0/hetero/seed_1/oursvatFLITPLUS/oursvatFLITPLUS_SIDER_alpha1.0_seed1_split1_part1_encmpnn_20260905_040316.csv
SIDER,1.0,oursvatFLITPLUS,FLIT+,2,2,2,2,main_SIDER_a1p0_seed2_oursvatFLITPLUS,global_test_round49,0.5694051331840927,0.6606580244428885,50,51,hetero,mpnn,,,,server_synced/formal_v3:main_classification,main_queue,results/reviewer_revision_20260831/server_synced/formal_v3/main_classification/SIDER/alpha_1.0/hetero/seed_2/oursvatFLITPLUS/oursvatFLITPLUS_SIDER_alpha1.0_seed2_split2_part2_encmpnn_20260905_064930.csv,be59b3ffc23640c6da3b059c31bf9095443f55f71341b8fa8cb959b40d3f29ce,REPOSITORY/results/reviewer_revision_20260831/server_synced/formal_v3/main_classification/SIDER/alpha_1.0/hetero/seed_2/oursvatFLITPLUS/oursvatFLITPLUS_SIDER_alpha1.0_seed2_split2_part2_encmpnn_20260905_064930.csv
SIDER,1.0,fedproto,Proto,0,0,0,0,main_SIDER_a1p0_seed0_fedproto,global_test_round49,0.5784272235144682,0.6257916983611116,50,51,hetero,mpnn,,,,server_synced/formal_v3:main_classification,main_queue,results/reviewer_revision_20260831/server_synced/formal_v3/main_classification/SIDER/alpha_1.0/hetero/seed_0/fedproto/fedproto_SIDER_alpha1.0_seed0_split0_part0_encmpnn_20260903_195858.csv,56dc7aa8441f4ac3812ca06e4f15a6045d88be311ab4c4f0e0480e8ac915ea3e,REPOSITORY/results/reviewer_revision_20260831/server_synced/formal_v3/main_classification/SIDER/alpha_1.0/hetero/seed_0/fedproto/fedproto_SIDER_alpha1.0_seed0_split0_part0_encmpnn_20260903_195858.csv
SIDER,1.0,fedproto,Proto,1,1,1,1,main_SIDER_a1p0_seed1_fedproto,global_test_round49,0.598758877196675,0.5992986371052161,50,51,hetero,mpnn,,,,server_synced/formal_v3:main_classification,main_queue,results/reviewer_revision_20260831/server_synced/formal_v3/main_classification/SIDER/alpha_1.0/hetero/seed_1/fedproto/fedproto_SIDER_alpha1.0_seed1_split1_part1_encmpnn_20260903_204833.csv,aeb944b10b15bc999f0782d1c0a5760c451a5a38cd49e40cb511097448132463,REPOSITORY/results/reviewer_revision_20260831/server_synced/formal_v3/main_classification/SIDER/alpha_1.0/hetero/seed_1/fedproto/fedproto_SIDER_alpha1.0_seed1_split1_part1_encmpnn_20260903_204833.csv
SIDER,1.0,fedproto,Proto,2,2,2,2,main_SIDER_a1p0_seed2_fedproto,global_test_round49,0.6287589015774377,0.71059159523683,50,51,hetero,mpnn,,,,server_synced/formal_v3:main_classification,main_queue,results/reviewer_revision_20260831/server_synced/formal_v3/main_classification/SIDER/alpha_1.0/hetero/seed_2/fedproto/fedproto_SIDER_alpha1.0_seed2_split2_part2_encmpnn_20260903_214018.csv,1bd4fc2c7aedf4380c33bf0cf25feef187abe1cc6453bcd5da7abbde0f29e240,REPOSITORY/results/reviewer_revision_20260831/server_synced/formal_v3/main_classification/SIDER/alpha_1.0/hetero/seed_2/fedproto/fedproto_SIDER_alpha1.0_seed2_split2_part2_encmpnn_20260903_214018.csv
SIDER,1.0,moon,MOON,0,0,0,0,main_SIDER_a1p0_seed0_moon,global_test_round49,0.5682163670819909,0.5902707382691114,50,51,hetero,mpnn,,,,server_synced/formal_v3:main_classification,main_queue,results/reviewer_revision_20260831/server_synced/formal_v3/main_classification/SIDER/alpha_1.0/hetero/seed_0/moon/moon_SIDER_alpha1.0_seed0_split0_part0_encmpnn_20260904_031325.csv,0dd2135875dd821f2a74170ad783de3caeb1c445ea73dc4af7c0e405e10248d5,REPOSITORY/results/reviewer_revision_20260831/server_synced/formal_v3/main_classification/SIDER/alpha_1.0/hetero/seed_0/moon/moon_SIDER_alpha1.0_seed0_split0_part0_encmpnn_20260904_031325.csv
SIDER,1.0,moon,MOON,1,1,1,1,main_SIDER_a1p0_seed1_moon,global_test_round49,0.5458387318194414,0.5691004426503485,50,51,hetero,mpnn,,,,server_synced/formal_v3:main_classification,main_queue,results/reviewer_revision_20260831/server_synced/formal_v3/main_classification/SIDER/alpha_1.0/hetero/seed_1/moon/moon_SIDER_alpha1.0_seed1_split1_part1_encmpnn_20260904_043713.csv,f955e681fc7e2acc058eb30845063f7078324ca4ab02c51ccf14ccf4928eda24,REPOSITORY/results/reviewer_revision_20260831/server_synced/formal_v3/main_classification/SIDER/alpha_1.0/hetero/seed_1/moon/moon_SIDER_alpha1.0_seed1_split1_part1_encmpnn_20260904_043713.csv
SIDER,1.0,moon,MOON,2,2,2,2,main_SIDER_a1p0_seed2_moon,global_test_round49,0.5839384669854797,0.6169660237016851,50,51,hetero,mpnn,,,,server_synced/formal_v3:main_classification,main_queue,results/reviewer_revision_20260831/server_synced/formal_v3/main_classification/SIDER/alpha_1.0/hetero/seed_2/moon/moon_SIDER_alpha1.0_seed2_split2_part2_encmpnn_20260904_055906.csv,36999025b8632d3c3a258bf67c0ccbc848428c042a1fac3597b4f42ac682eefd,REPOSITORY/results/reviewer_revision_20260831/server_synced/formal_v3/main_classification/SIDER/alpha_1.0/hetero/seed_2/moon/moon_SIDER_alpha1.0_seed2_split2_part2_encmpnn_20260904_055906.csv
SIDER,1.0,fpl,FPL,0,0,0,0,main_SIDER_a1p0_seed0_fpl,global_test_round49,0.5602568652077681,0.5799833518618722,50,51,hetero,mpnn,,,,server_synced/formal_v3:main_classification,main_queue,results/reviewer_revision_20260831/server_synced/formal_v3/main_classification/SIDER/alpha_1.0/hetero/seed_0/fpl/fpl_SIDER_alpha1.0_seed0_split0_part0_encmpnn_20260904_070610.csv,f22c3fd9a3b3fc87653d211bb46e2f848e51ae4bd6b595b680ac4c98bb3435a8,REPOSITORY/results/reviewer_revision_20260831/server_synced/formal_v3/main_classification/SIDER/alpha_1.0/hetero/seed_0/fpl/fpl_SIDER_alpha1.0_seed0_split0_part0_encmpnn_20260904_070610.csv
SIDER,1.0,fpl,FPL,1,1,1,1,main_SIDER_a1p0_seed1_fpl,global_test_round49,0.584510972774239,0.5634202432889075,50,51,hetero,mpnn,,,,server_synced/formal_v3:main_classification,main_queue,results/reviewer_revision_20260831/server_synced/formal_v3/main_classification/SIDER/alpha_1.0/hetero/seed_1/fpl/fpl_SIDER_alpha1.0_seed1_split1_part1_encmpnn_20260904_083741.csv,83af4d278f05881213e348db172c07b2c3fd24ddd01608ebc57d0f362e9e1edb,REPOSITORY/results/reviewer_revision_20260831/server_synced/formal_v3/main_classification/SIDER/alpha_1.0/hetero/seed_1/fpl/fpl_SIDER_alpha1.0_seed1_split1_part1_encmpnn_20260904_083741.csv
SIDER,1.0,fpl,FPL,2,2,2,2,main_SIDER_a1p0_seed2_fpl,global_test_round49,0.628077079050613,0.7093310122486187,50,51,hetero,mpnn,,,,server_synced/formal_v3:main_classification,main_queue,results/reviewer_revision_20260831/server_synced/formal_v3/main_classification/SIDER/alpha_1.0/hetero/seed_2/fpl/fpl_SIDER_alpha1.0_seed2_split2_part2_encmpnn_20260904_101106.csv,6b7376942586966f8b658fc90d2024a5eb13442abdc90ae7b96bcb4b36ab68f0,REPOSITORY/results/reviewer_revision_20260831/server_synced/formal_v3/main_classification/SIDER/alpha_1.0/hetero/seed_2/fpl/fpl_SIDER_alpha1.0_seed2_split2_part2_encmpnn_20260904_101106.csv
SIDER,1.0,fedtgp,TGP,0,0,0,0,main_SIDER_a1p0_seed0_fedtgp,global_test_round49,0.5819518039670669,0.5739994516619814,50,51,hetero,mpnn,,,,server_synced/formal_v3:main_classification,main_queue,results/reviewer_revision_20260831/server_synced/formal_v3/main_classification/SIDER/alpha_1.0/hetero/seed_0/fedtgp/fedtgp_SIDER_alpha1.0_seed0_split0_part0_encmpnn_20260905_031854.csv,805f2a8470dce83778583d4ca8bcac5e41c8743ee0e28833c3870fe2c57f5230,REPOSITORY/results/reviewer_revision_20260831/server_synced/formal_v3/main_classification/SIDER/alpha_1.0/hetero/seed_0/fedtgp/fedtgp_SIDER_alpha1.0_seed0_split0_part0_encmpnn_20260905_031854.csv
SIDER,1.0,fedtgp,TGP,1,1,1,1,main_SIDER_a1p0_seed1_fedtgp,global_test_round49,0.5540623470116954,0.6054294123085773,50,51,hetero,mpnn,,,,server_synced/formal_v3:main_classification,main_queue,results/reviewer_revision_20260831/server_synced/formal_v3/main_classification/SIDER/alpha_1.0/hetero/seed_1/fedtgp/fedtgp_SIDER_alpha1.0_seed1_split1_part1_encmpnn_20260905_060616.csv,11e40e4faf50ea68230a93264703085b7eadb840223bf1e01b9384a1d186179c,REPOSITORY/results/reviewer_revision_20260831/server_synced/formal_v3/main_classification/SIDER/alpha_1.0/hetero/seed_1/fedtgp/fedtgp_SIDER_alpha1.0_seed1_split1_part1_encmpnn_20260905_060616.csv
SIDER,1.0,fedtgp,TGP,2,2,2,2,main_SIDER_a1p0_seed2_fedtgp,global_test_round49,0.5877488620828023,0.7052667155523453,50,51,hetero,mpnn,,,,server_synced/formal_v3:main_classification,main_queue,results/reviewer_revision_20260831/server_synced/formal_v3/main_classification/SIDER/alpha_1.0/hetero/seed_2/fedtgp/fedtgp_SIDER_alpha1.0_seed2_split2_part2_encmpnn_20260905_085026.csv,2b19f196952c66d69d0f6d77b181843f367072cfd49bb5e3a9eff7c22145fa3a,REPOSITORY/results/reviewer_revision_20260831/server_synced/formal_v3/main_classification/SIDER/alpha_1.0/hetero/seed_2/fedtgp/fedtgp_SIDER_alpha1.0_seed2_split2_part2_encmpnn_20260905_085026.csv
SIDER,1.0,fedavg_proto,SPL,0,0,0,0,main_SIDER_a1p0_seed0_fedavg_proto,global_test_round49,0.5822397251111604,0.5966916095904163,50,51,hetero,mpnn,fingerprint,16,0.1,server_synced/formal_v3:main_classification,main_queue,results/reviewer_revision_20260831/server_synced/formal_v3/main_classification/SIDER/alpha_1.0/hetero/seed_0/fedavg_proto/fedavg_proto_SIDER_alpha1.0_seed0_split0_part0_encmpnn_descfingerprint_20260902_003412.csv,f887cf4de73f2579b7ecda9a7e6203bef6b4040c7a67db226f5bf0493e5eca12,REPOSITORY/results/reviewer_revision_20260831/server_synced/formal_v3/main_classification/SIDER/alpha_1.0/hetero/seed_0/fedavg_proto/fedavg_proto_SIDER_alpha1.0_seed0_split0_part0_encmpnn_descfingerprint_20260902_003412.csv
SIDER,1.0,fedavg_proto,SPL,1,1,1,1,main_SIDER_a1p0_seed1_fedavg_proto,global_test_round49,0.571889451762464,0.6111729325297425,50,51,hetero,mpnn,fingerprint,16,0.1,server_synced/formal_v3:main_classification,main_queue,results/reviewer_revision_20260831/server_synced/formal_v3/main_classification/SIDER/alpha_1.0/hetero/seed_1/fedavg_proto/fedavg_proto_SIDER_alpha1.0_seed1_split1_part1_encmpnn_descfingerprint_20260901_235305.csv,367af04a9a3b293ee35df62d20c217e22eb4fc289f854ee6178e8208e62792d9,REPOSITORY/results/reviewer_revision_20260831/server_synced/formal_v3/main_classification/SIDER/alpha_1.0/hetero/seed_1/fedavg_proto/fedavg_proto_SIDER_alpha1.0_seed1_split1_part1_encmpnn_descfingerprint_20260901_235305.csv
SIDER,1.0,fedavg_proto,SPL,2,2,2,2,main_SIDER_a1p0_seed2_fedavg_proto,global_test_round49,0.6215390696134065,0.6472835729899264,50,51,hetero,mpnn,fingerprint,16,0.1,server_synced/formal_v3:main_classification,main_queue,results/reviewer_revision_20260831/server_synced/formal_v3/main_classification/SIDER/alpha_1.0/hetero/seed_2/fedavg_proto/fedavg_proto_SIDER_alpha1.0_seed2_split2_part2_encmpnn_descfingerprint_20260902_010315.csv,7e6a41064cb3fd98adc0d7e9f697c11a4ed055a13cb37def7bc152e47f17d32c,REPOSITORY/results/reviewer_revision_20260831/server_synced/formal_v3/main_classification/SIDER/alpha_1.0/hetero/seed_2/fedavg_proto/fedavg_proto_SIDER_alpha1.0_seed2_split2_part2_encmpnn_descfingerprint_20260902_010315.csv
Tox21,0.1,avg,Avg,0,0,0,0,main_Tox21_a0p1_seed0_avg,global_test_round49,0.7771366853126859,0.7897849485228271,50,51,hetero,mpnn,,,,server_synced/formal_v3:main_classification,main_queue,results/reviewer_revision_20260831/server_synced/formal_v3/main_classification/Tox21/alpha_0.1/hetero/seed_0/avg/avg_Tox21_alpha0.1_seed0_split0_part0_encmpnn_20260902_032733.csv,d5ed115718f516c605e0eb52ddcdb0828097cb50e979731ca18569e60181f85b,REPOSITORY/results/reviewer_revision_20260831/server_synced/formal_v3/main_classification/Tox21/alpha_0.1/hetero/seed_0/avg/avg_Tox21_alpha0.1_seed0_split0_part0_encmpnn_20260902_032733.csv
Tox21,0.1,avg,Avg,1,1,1,1,main_Tox21_a0p1_seed1_avg,global_test_round49,0.7661369453012873,0.7791426663444608,50,51,hetero,mpnn,,,,server_synced/formal_v3:main_classification,main_queue,results/reviewer_revision_20260831/server_synced/formal_v3/main_classification/Tox21/alpha_0.1/hetero/seed_1/avg/avg_Tox21_alpha0.1_seed1_split1_part1_encmpnn_20260902_064206.csv,ea881d58327b067e08b696c24e7373da42fcef9e3f82065c8bdae4e39320954d,REPOSITORY/results/reviewer_revision_20260831/server_synced/formal_v3/main_classification/Tox21/alpha_0.1/hetero/seed_1/avg/avg_Tox21_alpha0.1_seed1_split1_part1_encmpnn_20260902_064206.csv
Tox21,0.1,avg,Avg,2,2,2,2,main_Tox21_a0p1_seed2_avg,global_test_round49,0.8036799947582188,0.7856680919008016,50,51,hetero,mpnn,,,,server_synced/formal_v3:main_classification,main_queue,results/reviewer_revision_20260831/server_synced/formal_v3/main_classification/Tox21/alpha_0.1/hetero/seed_2/avg/avg_Tox21_alpha0.1_seed2_split2_part2_encmpnn_20260902_040920.csv,5e2c3508cb192f83abc681369183e6af89721246587f6da04b1e1ec6d88f89b2,REPOSITORY/results/reviewer_revision_20260831/server_synced/formal_v3/main_classification/Tox21/alpha_0.1/hetero/seed_2/avg/avg_Tox21_alpha0.1_seed2_split2_part2_encmpnn_20260902_040920.csv
Tox21,0.1,fedprox,Prox,0,0,0,0,main_Tox21_a0p1_seed0_fedprox,global_test_round49,0.7798241468845369,0.7992104412348899,50,51,hetero,mpnn,,,,server_synced/formal_v3:main_classification,main_queue,results/reviewer_revision_20260831/server_synced/formal_v3/main_classification/Tox21/alpha_0.1/hetero/seed_0/fedprox/fedprox_Tox21_alpha0.1_seed0_split0_part0_encmpnn_20260904_105906.csv,dd493e35a418adebfa707c85e92a7b08707c77e081c383ce6e69854af66f458a,REPOSITORY/results/reviewer_revision_20260831/server_synced/formal_v3/main_classification/Tox21/alpha_0.1/hetero/seed_0/fedprox/fedprox_Tox21_alpha0.1_seed0_split0_part0_encmpnn_20260904_105906.csv
Tox21,0.1,fedprox,Prox,1,1,1,1,main_Tox21_a0p1_seed1_fedprox,global_test_round49,0.8005192210337753,0.7864645590812692,50,51,hetero,mpnn,,,,server_synced/formal_v3:main_classification,main_queue,results/reviewer_revision_20260831/server_synced/formal_v3/main_classification/Tox21/alpha_0.1/hetero/seed_1/fedprox/fedprox_Tox21_alpha0.1_seed1_split1_part1_encmpnn_20260904_123016.csv,273c257faa63e4e312424d5f3bfee3c62c5dbe6792ef8b776fe808aad7bbeded,REPOSITORY/results/reviewer_revision_20260831/server_synced/formal_v3/main_classification/Tox21/alpha_0.1/hetero/seed_1/fedprox/fedprox_Tox21_alpha0.1_seed1_split1_part1_encmpnn_20260904_123016.csv
Tox21,0.1,fedprox,Prox,2,2,2,2,main_Tox21_a0p1_seed2_fedprox,global_test_round49,0.8029038527762955,0.8022266420049492,50,51,hetero,mpnn,,,,server_synced/formal_v3:main_classification,main_queue,results/reviewer_revision_20260831/server_synced/formal_v3/main_classification/Tox21/alpha_0.1/hetero/seed_2/fedprox/fedprox_Tox21_alpha0.1_seed2_split2_part2_encmpnn_20260904_140159.csv,ecf1dee5132697fa4cb626359087c60bfec8eb72230e453a6950b2995da0d38e,REPOSITORY/results/reviewer_revision_20260831/server_synced/formal_v3/main_classification/Tox21/alpha_0.1/hetero/seed_2/fedprox/fedprox_Tox21_alpha0.1_seed2_split2_part2_encmpnn_20260904_140159.csv
Tox21,0.1,oursvatFLITPLUS,FLIT+,0,0,0,0,main_Tox21_a0p1_seed0_oursvatFLITPLUS,global_test_round49,0.7545897467838542,0.8040152405111648,50,51,hetero,mpnn,,,,server_synced/formal_v3:main_classification,main_queue,results/reviewer_revision_20260831/server_synced/formal_v3/main_classification/Tox21/alpha_0.1/hetero/seed_0/oursvatFLITPLUS/oursvatFLITPLUS_Tox21_alpha0.1_seed0_split0_part0_encmpnn_20260905_093435.csv,0152ff70496d7dcf1dda639e3483221d8da6ea32cbad5a182ec15fb0f3cedbb6,REPOSITORY/results/reviewer_revision_20260831/server_synced/formal_v3/main_classification/Tox21/alpha_0.1/hetero/seed_0/oursvatFLITPLUS/oursvatFLITPLUS_Tox21_alpha0.1_seed0_split0_part0_encmpnn_20260905_093435.csv
Tox21,0.1,oursvatFLITPLUS,FLIT+,1,1,1,1,main_Tox21_a0p1_seed1_oursvatFLITPLUS,global_test_round49,0.7795046428422236,0.7817731606525252,50,51,hetero,mpnn,,,,server_synced/formal_v3:main_classification,main_queue,results/reviewer_revision_20260831/server_synced/formal_v3/main_classification/Tox21/alpha_0.1/hetero/seed_1/oursvatFLITPLUS/oursvatFLITPLUS_Tox21_alpha0.1_seed1_split1_part1_encmpnn_20260905_121730.csv,b3c337770418e827c979b3ad1cb90594c65b60e9a9f7c0c576c73716aa517581,REPOSITORY/results/reviewer_revision_20260831/server_synced/formal_v3/main_classification/Tox21/alpha_0.1/hetero/seed_1/oursvatFLITPLUS/oursvatFLITPLUS_Tox21_alpha0.1_seed1_split1_part1_encmpnn_20260905_121730.csv
Tox21,0.1,oursvatFLITPLUS,FLIT+,2,2,2,2,main_Tox21_a0p1_seed2_oursvatFLITPLUS,global_test_round49,0.7951601056188068,0.7702288096980444,50,51,hetero,mpnn,,,,server_synced/formal_v3:main_classification,main_queue,results/reviewer_revision_20260831/server_synced/formal_v3/main_classification/Tox21/alpha_0.1/hetero/seed_2/oursvatFLITPLUS/oursvatFLITPLUS_Tox21_alpha0.1_seed2_split2_part2_encmpnn_20260905_150250.csv,a582881336600629c1b4cf77623f5cd2540ce5b7f5a0f0e17ebac169098061ea,REPOSITORY/results/reviewer_revision_20260831/server_synced/formal_v3/main_classification/Tox21/alpha_0.1/hetero/seed_2/oursvatFLITPLUS/oursvatFLITPLUS_Tox21_alpha0.1_seed2_split2_part2_encmpnn_20260905_150250.csv
Tox21,0.1,fedproto,Proto,0,0,0,0,main_Tox21_a0p1_seed0_fedproto,global_test_round49,0.7614739073004451,0.7813397854532212,50,51,hetero,mpnn,,,,server_synced/formal_v3:main_classification,main_queue,results/reviewer_revision_20260831/server_synced/formal_v3/main_classification/Tox21/alpha_0.1/hetero/seed_0/fedproto/fedproto_Tox21_alpha0.1_seed0_split0_part0_encmpnn_20260903_223239.csv,af3de5ad85225d5c0c52a3062fee003e4e6b188429c6a76a632fe333d7969a3c,REPOSITORY/results/reviewer_revision_20260831/server_synced/formal_v3/main_classification/Tox21/alpha_0.1/hetero/seed_0/fedproto/fedproto_Tox21_alpha0.1_seed0_split0_part0_encmpnn_20260903_223239.csv
Tox21,0.1,fedproto,Proto,1,1,1,1,main_Tox21_a0p1_seed1_fedproto,global_test_round49,0.7875097117439984,0.7818988398871171,50,51,hetero,mpnn,,,,server_synced/formal_v3:main_classification,main_queue,results/reviewer_revision_20260831/server_synced/formal_v3/main_classification/Tox21/alpha_0.1/hetero/seed_1/fedproto/fedproto_Tox21_alpha0.1_seed1_split1_part1_encmpnn_20260903_232438.csv,d35760f18912c52c0a06cda5af6950e5e09fbe0fcf7061e30aa705d8eca37af0,REPOSITORY/results/reviewer_revision_20260831/server_synced/formal_v3/main_classification/Tox21/alpha_0.1/hetero/seed_1/fedproto/fedproto_Tox21_alpha0.1_seed1_split1_part1_encmpnn_20260903_232438.csv
Tox21,0.1,fedproto,Proto,2,2,2,2,main_Tox21_a0p1_seed2_fedproto,global_test_round49,0.797431710588107,0.780322596752327,50,51,hetero,mpnn,,,,server_synced/formal_v3:main_classification,main_queue,results/reviewer_revision_20260831/server_synced/formal_v3/main_classification/Tox21/alpha_0.1/hetero/seed_2/fedproto/fedproto_Tox21_alpha0.1_seed2_split2_part2_encmpnn_20260904_001640.csv,5e789e2b5e3525649f6b93331644c24b556760e6cf7ab3168d6c43bbf3919537,REPOSITORY/results/reviewer_revision_20260831/server_synced/formal_v3/main_classification/Tox21/alpha_0.1/hetero/seed_2/fedproto/fedproto_Tox21_alpha0.1_seed2_split2_part2_encmpnn_20260904_001640.csv
Tox21,0.1,moon,MOON,0,0,0,0,main_Tox21_a0p1_seed0_moon,global_test_round49,0.7870129637818892,0.8093834506112804,50,51,hetero,mpnn,,,,server_synced/formal_v3:main_classification,main_queue,results/reviewer_revision_20260831/server_synced/formal_v3/main_classification/Tox21/alpha_0.1/hetero/seed_0/moon/moon_Tox21_alpha0.1_seed0_split0_part0_encmpnn_20260904_072444.csv,303880e45ec2f9fa3887bb6534553e0715144d5d3d3611b89f7b0facfaf993d8,REPOSITORY/results/reviewer_revision_20260831/server_synced/formal_v3/main_classification/Tox21/alpha_0.1/hetero/seed_0/moon/moon_Tox21_alpha0.1_seed0_split0_part0_encmpnn_20260904_072444.csv
Tox21,0.1,moon,MOON,1,1,1,1,main_Tox21_a0p1_seed1_moon,global_test_round49,0.7766795923065487,0.758047211351163,50,51,hetero,mpnn,,,,server_synced/formal_v3:main_classification,main_queue,results/reviewer_revision_20260831/server_synced/formal_v3/main_classification/Tox21/alpha_0.1/hetero/seed_1/moon/moon_Tox21_alpha0.1_seed1_split1_part1_encmpnn_20260904_084000.csv,3994858f1dca6b2c09c14e4bbc558cf89c9850dcb7b394f47b0eb5aa8e79e888,REPOSITORY/results/reviewer_revision_20260831/server_synced/formal_v3/main_classification/Tox21/alpha_0.1/hetero/seed_1/moon/moon_Tox21_alpha0.1_seed1_split1_part1_encmpnn_20260904_084000.csv
Tox21,0.1,moon,MOON,2,2,2,2,main_Tox21_a0p1_seed2_moon,global_test_round49,0.7607931488201204,0.7719590871740915,50,51,hetero,mpnn,,,,server_synced/formal_v3:main_classification,main_queue,results/reviewer_revision_20260831/server_synced/formal_v3/main_classification/Tox21/alpha_0.1/hetero/seed_2/moon/moon_Tox21_alpha0.1_seed2_split2_part2_encmpnn_20260904_095816.csv,179d45bae1c845edd773a601601fb5839e9146fe7c75ccb4972bba1c74babd89,REPOSITORY/results/reviewer_revision_20260831/server_synced/formal_v3/main_classification/Tox21/alpha_0.1/hetero/seed_2/moon/moon_Tox21_alpha0.1_seed2_split2_part2_encmpnn_20260904_095816.csv
Tox21,0.1,fpl,FPL,0,0,0,0,main_Tox21_a0p1_seed0_fpl,global_test_round49,0.7613484622174052,0.7851440999957623,50,51,hetero,mpnn,,,,server_synced/formal_v3:main_classification,main_queue,results/reviewer_revision_20260831/server_synced/formal_v3/main_classification/Tox21/alpha_0.1/hetero/seed_0/fpl/fpl_Tox21_alpha0.1_seed0_split0_part0_encmpnn_20260904_114046.csv,9d894975eac6ddc41c85d4c2ad3c4cfc680d3481dc05ddf01727eb97dd55e8fc,REPOSITORY/results/reviewer_revision_20260831/server_synced/formal_v3/main_classification/Tox21/alpha_0.1/hetero/seed_0/fpl/fpl_Tox21_alpha0.1_seed0_split0_part0_encmpnn_20260904_114046.csv
Tox21,0.1,fpl,FPL,1,1,1,1,main_Tox21_a0p1_seed1_fpl,global_test_round49,0.7915148357990668,0.7824980539968132,50,51,hetero,mpnn,,,,server_synced/formal_v3:main_classification,main_queue,results/reviewer_revision_20260831/server_synced/formal_v3/main_classification/Tox21/alpha_0.1/hetero/seed_1/fpl/fpl_Tox21_alpha0.1_seed1_split1_part1_encmpnn_20260904_131224.csv,82b59d04988da04d22a52bb7e55f6ece77ca8f518011c7a57d2d4b81e33016b6,REPOSITORY/results/reviewer_revision_20260831/server_synced/formal_v3/main_classification/Tox21/alpha_0.1/hetero/seed_1/fpl/fpl_Tox21_alpha0.1_seed1_split1_part1_encmpnn_20260904_131224.csv
Tox21,0.1,fpl,FPL,2,2,2,2,main_Tox21_a0p1_seed2_fpl,global_test_round49,0.8031100289093286,0.7840918452687968,50,51,hetero,mpnn,,,,server_synced/formal_v3:main_classification,main_queue,results/reviewer_revision_20260831/server_synced/formal_v3/main_classification/Tox21/alpha_0.1/hetero/seed_2/fpl/fpl_Tox21_alpha0.1_seed2_split2_part2_encmpnn_20260904_144354.csv,4c9e8458d59dd06a19f7e4276e643c821e341e655ffb99b94daf487bb02b62be,REPOSITORY/results/reviewer_revision_20260831/server_synced/formal_v3/main_classification/Tox21/alpha_0.1/hetero/seed_2/fpl/fpl_Tox21_alpha0.1_seed2_split2_part2_encmpnn_20260904_144354.csv
Tox21,0.1,fedtgp,TGP,0,0,0,0,main_Tox21_a0p1_seed0_fedtgp,global_test_round49,0.7537830366596183,0.782160685234388,50,51,hetero,mpnn,,,,server_synced/formal_v3:main_classification,main_queue,results/reviewer_revision_20260831/server_synced/formal_v3/main_classification/Tox21/alpha_0.1/hetero/seed_0/fedtgp/fedtgp_Tox21_alpha0.1_seed0_split0_part0_encmpnn_20260905_113330.csv,eed9aed473be3b4c58a41b0cf6bc7b093401c9c87e7e882dcdc6c9ab857d26f5,REPOSITORY/results/reviewer_revision_20260831/server_synced/formal_v3/main_classification/Tox21/alpha_0.1/hetero/seed_0/fedtgp/fedtgp_Tox21_alpha0.1_seed0_split0_part0_encmpnn_20260905_113330.csv
Tox21,0.1,fedtgp,TGP,1,1,1,1,main_Tox21_a0p1_seed1_fedtgp,global_test_round49,0.7710066911713699,0.7619000908341436,50,51,hetero,mpnn,,,,server_synced/formal_v3:main_classification,main_queue,results/reviewer_revision_20260831/server_synced/formal_v3/main_classification/Tox21/alpha_0.1/hetero/seed_1/fedtgp/fedtgp_Tox21_alpha0.1_seed1_split1_part1_encmpnn_20260905_141812.csv,65bcc0ac5767cc11ba99ef5b36e3edb566178958b7d58e9b9bfbb8fc283fa9c9,REPOSITORY/results/reviewer_revision_20260831/server_synced/formal_v3/main_classification/Tox21/alpha_0.1/hetero/seed_1/fedtgp/fedtgp_Tox21_alpha0.1_seed1_split1_part1_encmpnn_20260905_141812.csv
Tox21,0.1,fedtgp,TGP,2,2,2,2,main_Tox21_a0p1_seed2_fedtgp,global_test_round49,0.791399032265477,0.7863202789967105,50,51,hetero,mpnn,,,,server_synced/formal_v3:main_classification,main_queue,results/reviewer_revision_20260831/server_synced/formal_v3/main_classification/Tox21/alpha_0.1/hetero/seed_2/fedtgp/fedtgp_Tox21_alpha0.1_seed2_split2_part2_encmpnn_20260905_170522.csv,65b0f13c434545b3e6a971d85c7defe411c4d7ca2a220fbdb6c4255256d3d8a1,REPOSITORY/results/reviewer_revision_20260831/server_synced/formal_v3/main_classification/Tox21/alpha_0.1/hetero/seed_2/fedtgp/fedtgp_Tox21_alpha0.1_seed2_split2_part2_encmpnn_20260905_170522.csv
Tox21,0.1,fedavg_proto,SPL,0,0,0,0,main_Tox21_a0p1_seed0_fedavg_proto,global_test_round49,0.760356954487932,0.7831742438296296,50,51,hetero,mpnn,fingerprint,16,0.1,server_synced/formal_v3:main_classification,main_queue,results/reviewer_revision_20260831/server_synced/formal_v3/main_classification/Tox21/alpha_0.1/hetero/seed_0/fedavg_proto/fedavg_proto_Tox21_alpha0.1_seed0_split0_part0_encmpnn_descfingerprint_20260902_011911.csv,baacfd718d0d8c29c249939b6a580dd40ee3a387540dc36e35c616d12acde295,REPOSITORY/results/reviewer_revision_20260831/server_synced/formal_v3/main_classification/Tox21/alpha_0.1/hetero/seed_0/fedavg_proto/fedavg_proto_Tox21_alpha0.1_seed0_split0_part0_encmpnn_descfingerprint_20260902_011911.csv
Tox21,0.1,fedavg_proto,SPL,1,1,1,1,main_Tox21_a0p1_seed1_fedavg_proto,global_test_round49,0.7935905365531535,0.773613181451112,50,51,hetero,mpnn,fingerprint,16,0.1,server_synced/formal_v3:main_classification,main_queue,results/reviewer_revision_20260831/server_synced/formal_v3/main_classification/Tox21/alpha_0.1/hetero/seed_1/fedavg_proto/fedavg_proto_Tox21_alpha0.1_seed1_split1_part1_encmpnn_descfingerprint_20260902_014320.csv,982b9cda46ba7c8c1e55c7de2a4b725a0bc31fd895170d9b1252b3860056e2f6,REPOSITORY/results/reviewer_revision_20260831/server_synced/formal_v3/main_classification/Tox21/alpha_0.1/hetero/seed_1/fedavg_proto/fedavg_proto_Tox21_alpha0.1_seed1_split1_part1_encmpnn_descfingerprint_20260902_014320.csv
Tox21,0.1,fedavg_proto,SPL,2,2,2,2,main_Tox21_a0p1_seed2_fedavg_proto,global_test_round49,0.8011394862518507,0.7832716579445527,50,51,hetero,mpnn,fingerprint,16,0.1,server_synced/formal_v3:main_classification,main_queue,results/reviewer_revision_20260831/server_synced/formal_v3/main_classification/Tox21/alpha_0.1/hetero/seed_2/fedavg_proto/fedavg_proto_Tox21_alpha0.1_seed2_split2_part2_encmpnn_descfingerprint_20260902_022822.csv,912840d6db29876b18fa68ab2ebe42dca368ab058a69e99cdb10b5870b2fc4df,REPOSITORY/results/reviewer_revision_20260831/server_synced/formal_v3/main_classification/Tox21/alpha_0.1/hetero/seed_2/fedavg_proto/fedavg_proto_Tox21_alpha0.1_seed2_split2_part2_encmpnn_descfingerprint_20260902_022822.csv
Tox21,0.5,avg,Avg,0,0,0,0,main_Tox21_a0p5_seed0_avg,global_test_round49,0.8009154885296502,0.7908973330870178,50,51,hetero,mpnn,,,,server_synced/formal_v3:main_classification,main_queue,results/reviewer_revision_20260831/server_synced/formal_v3/main_classification/Tox21/alpha_0.5/hetero/seed_0/avg/avg_Tox21_alpha0.5_seed0_split0_part0_encmpnn_20260902_085336.csv,2a954dad9afa06b10748df61e89ed2a9f6dfa6a9adb25974b8e7e1c427014bbc,REPOSITORY/results/reviewer_revision_20260831/server_synced/formal_v3/main_classification/Tox21/alpha_0.5/hetero/seed_0/avg/avg_Tox21_alpha0.5_seed0_split0_part0_encmpnn_20260902_085336.csv
Tox21,0.5,avg,Avg,1,1,1,1,main_Tox21_a0p5_seed1_avg,global_test_round49,0.7946320045720906,0.7938030138224548,50,51,hetero,mpnn,,,,server_synced/formal_v3:main_classification,main_queue,results/reviewer_revision_20260831/server_synced/formal_v3/main_classification/Tox21/alpha_0.5/hetero/seed_1/avg/avg_Tox21_alpha0.5_seed1_split1_part1_encmpnn_20260902_042249.csv,fd19173ef2790851c1a5fb6fa082da4bad448be610ed961094e418b91cba1b1e,REPOSITORY/results/reviewer_revision_20260831/server_synced/formal_v3/main_classification/Tox21/alpha_0.5/hetero/seed_1/avg/avg_Tox21_alpha0.5_seed1_split1_part1_encmpnn_20260902_042249.csv
Tox21,0.5,avg,Avg,2,2,2,2,main_Tox21_a0p5_seed2_avg,global_test_round49,0.8202263476457766,0.786734603464356,50,51,hetero,mpnn,,,,server_synced/formal_v3:main_classification,main_queue,results/reviewer_revision_20260831/server_synced/formal_v3/main_classification/Tox21/alpha_0.5/hetero/seed_2/avg/avg_Tox21_alpha0.5_seed2_split2_part2_encmpnn_20260902_110718.csv,7c88de20c449724bda0fb3769de2fecbf61256b52e834b0e07ba4ad8b8180de6,REPOSITORY/results/reviewer_revision_20260831/server_synced/formal_v3/main_classification/Tox21/alpha_0.5/hetero/seed_2/avg/avg_Tox21_alpha0.5_seed2_split2_part2_encmpnn_20260902_110718.csv
Tox21,0.5,fedprox,Prox,0,0,0,0,main_Tox21_a0p5_seed0_fedprox,global_test_round49,0.7382601774885362,0.781186873297989,50,51,hetero,mpnn,,,,server_synced/formal_v3:main_classification,main_queue,results/reviewer_revision_20260831/server_synced/formal_v3/main_classification/Tox21/alpha_0.5/hetero/seed_0/fedprox/fedprox_Tox21_alpha0.5_seed0_split0_part0_encmpnn_20260904_153343.csv,464022e6ed103963e98c770d2cd52d247b2a7c7ddf1d0176fad7b1ce90ad30ea,REPOSITORY/results/reviewer_revision_20260831/server_synced/formal_v3/main_classification/Tox21/alpha_0.5/hetero/seed_0/fedprox/fedprox_Tox21_alpha0.5_seed0_split0_part0_encmpnn_20260904_153343.csv
Tox21,0.5,fedprox,Prox,1,1,1,1,main_Tox21_a0p5_seed1_fedprox,global_test_round49,0.8080656600737054,0.788679106061915,50,51,hetero,mpnn,,,,server_synced/formal_v3:main_classification,main_queue,results/reviewer_revision_20260831/server_synced/formal_v3/main_classification/Tox21/alpha_0.5/hetero/seed_1/fedprox/fedprox_Tox21_alpha0.5_seed1_split1_part1_encmpnn_20260904_170017.csv,1b095f61750138cdbbedd95bac6256c17ea362a429a1cde60da703c58f2afe12,REPOSITORY/results/reviewer_revision_20260831/server_synced/formal_v3/main_classification/Tox21/alpha_0.5/hetero/seed_1/fedprox/fedprox_Tox21_alpha0.5_seed1_split1_part1_encmpnn_20260904_170017.csv
Tox21,0.5,fedprox,Prox,2,2,2,2,main_Tox21_a0p5_seed2_fedprox,global_test_round49,0.7978287108801135,0.7850753026285483,50,51,hetero,mpnn,,,,server_synced/formal_v3:main_classification,main_queue,results/reviewer_revision_20260831/server_synced/formal_v3/main_classification/Tox21/alpha_0.5/hetero/seed_2/fedprox/fedprox_Tox21_alpha0.5_seed2_split2_part2_encmpnn_20260904_182652.csv,0ae6aba602ba80747bc4e9fe9441375aab95721bdcc2d6486e27836ed5862f03,REPOSITORY/results/reviewer_revision_20260831/server_synced/formal_v3/main_classification/Tox21/alpha_0.5/hetero/seed_2/fedprox/fedprox_Tox21_alpha0.5_seed2_split2_part2_encmpnn_20260904_182652.csv
Tox21,0.5,oursvatFLITPLUS,FLIT+,0,0,0,0,main_Tox21_a0p5_seed0_oursvatFLITPLUS,global_test_round49,0.7809690642081031,0.7954511375720594,50,51,hetero,mpnn,,,,server_synced/formal_v3:main_classification,main_queue,results/reviewer_revision_20260831/server_synced/formal_v3/main_classification/Tox21/alpha_0.5/hetero/seed_0/oursvatFLITPLUS/oursvatFLITPLUS_Tox21_alpha0.5_seed0_split0_part0_encmpnn_20260905_174656.csv,63e0728a4a09162e290be71304475cf7fbcf48dd0e559672ef636b9c5dddf2f7,REPOSITORY/results/reviewer_revision_20260831/server_synced/formal_v3/main_classification/Tox21/alpha_0.5/hetero/seed_0/oursvatFLITPLUS/oursvatFLITPLUS_Tox21_alpha0.5_seed0_split0_part0_encmpnn_20260905_174656.csv
Tox21,0.5,oursvatFLITPLUS,FLIT+,1,1,1,1,main_Tox21_a0p5_seed1_oursvatFLITPLUS,global_test_round49,0.7916751315950689,0.794776407316986,50,51,hetero,mpnn,,,,server_synced/formal_v3:main_classification,main_queue,results/reviewer_revision_20260831/server_synced/formal_v3/main_classification/Tox21/alpha_0.5/hetero/seed_1/oursvatFLITPLUS/oursvatFLITPLUS_Tox21_alpha0.5_seed1_split1_part1_encmpnn_20260905_194745.csv,894841ba133bb8345c3912130a3af35f1fea9f3c2bc3ce52e795afe23c76b093,REPOSITORY/results/reviewer_revision_20260831/server_synced/formal_v3/main_classification/Tox21/alpha_0.5/hetero/seed_1/oursvatFLITPLUS/oursvatFLITPLUS_Tox21_alpha0.5_seed1_split1_part1_encmpnn_20260905_194745.csv
Tox21,0.5,oursvatFLITPLUS,FLIT+,2,2,2,2,main_Tox21_a0p5_seed2_oursvatFLITPLUS,global_test_round49,0.8047286986302914,0.7821824006787322,50,51,hetero,mpnn,,,,server_synced/formal_v3:main_classification,main_queue,results/reviewer_revision_20260831/server_synced/formal_v3/main_classification/Tox21/alpha_0.5/hetero/seed_2/oursvatFLITPLUS/oursvatFLITPLUS_Tox21_alpha0.5_seed2_split2_part2_encmpnn_20260905_214920.csv,91a16e22baf1fec8322a186d7888f8a4bd2ba268f7707b838c453c8ec023f252,REPOSITORY/results/reviewer_revision_20260831/server_synced/formal_v3/main_classification/Tox21/alpha_0.5/hetero/seed_2/oursvatFLITPLUS/oursvatFLITPLUS_Tox21_alpha0.5_seed2_split2_part2_encmpnn_20260905_214920.csv
Tox21,0.5,fedproto,Proto,0,0,0,0,main_Tox21_a0p5_seed0_fedproto,global_test_round49,0.7877422083556698,0.8073938272357385,50,51,hetero,mpnn,,,,server_synced/formal_v3:main_classification,main_queue,results/reviewer_revision_20260831/server_synced/formal_v3/main_classification/Tox21/alpha_0.5/hetero/seed_0/fedproto/fedproto_Tox21_alpha0.5_seed0_split0_part0_encmpnn_20260904_010801.csv,aba82e12e3ca270312bedeb54effcdd64b4a275560f9629b5f206148333b8e53,REPOSITORY/results/reviewer_revision_20260831/server_synced/formal_v3/main_classification/Tox21/alpha_0.5/hetero/seed_0/fedproto/fedproto_Tox21_alpha0.5_seed0_split0_part0_encmpnn_20260904_010801.csv
Tox21,0.5,fedproto,Proto,1,1,1,1,main_Tox21_a0p5_seed1_fedproto,global_test_round49,0.7920054438613934,0.7863962939838299,50,51,hetero,mpnn,,,,server_synced/formal_v3:main_classification,main_queue,results/reviewer_revision_20260831/server_synced/formal_v3/main_classification/Tox21/alpha_0.5/hetero/seed_1/fedproto/fedproto_Tox21_alpha0.5_seed1_split1_part1_encmpnn_20260904_015913.csv,0237a2ae95dcd774d834bbcd65025e6fd65dd219b1a7c1861990d520c68f4048,REPOSITORY/results/reviewer_revision_20260831/server_synced/formal_v3/main_classification/Tox21/alpha_0.5/hetero/seed_1/fedproto/fedproto_Tox21_alpha0.5_seed1_split1_part1_encmpnn_20260904_015913.csv
Tox21,0.5,fedproto,Proto,2,2,2,2,main_Tox21_a0p5_seed2_fedproto,global_test_round49,0.8063441562305164,0.7911919539831626,50,51,hetero,mpnn,,,,server_synced/formal_v3:main_classification,main_queue,results/reviewer_revision_20260831/server_synced/formal_v3/main_classification/Tox21/alpha_0.5/hetero/seed_2/fedproto/fedproto_Tox21_alpha0.5_seed2_split2_part2_encmpnn_20260904_025044.csv,1bc7f76b2bcb8aa9ba00467ecf9739d9d828ca5966d4febeda0d2181f10faf2f,REPOSITORY/results/reviewer_revision_20260831/server_synced/formal_v3/main_classification/Tox21/alpha_0.5/hetero/seed_2/fedproto/fedproto_Tox21_alpha0.5_seed2_split2_part2_encmpnn_20260904_025044.csv
Tox21,0.5,moon,MOON,0,0,0,0,main_Tox21_a0p5_seed0_moon,global_test_round49,0.7886462382268667,0.8018581042834345,50,51,hetero,mpnn,,,,server_synced/formal_v3:main_classification,main_queue,results/reviewer_revision_20260831/server_synced/formal_v3/main_classification/Tox21/alpha_0.5/hetero/seed_0/moon/moon_Tox21_alpha0.5_seed0_split0_part0_encmpnn_20260904_111419.csv,a538634c2c2c0c44b50f8ad659f0e0205bdcf6858ce3dbf5b5b08c1ea632b4c4,REPOSITORY/results/reviewer_revision_20260831/server_synced/formal_v3/main_classification/Tox21/alpha_0.5/hetero/seed_0/moon/moon_Tox21_alpha0.5_seed0_split0_part0_encmpnn_20260904_111419.csv
Tox21,0.5,moon,MOON,1,1,1,1,main_Tox21_a0p5_seed1_moon,global_test_round49,0.7738092416042569,0.75649396157683,50,51,hetero,mpnn,,,,server_synced/formal_v3:main_classification,main_queue,results/reviewer_revision_20260831/server_synced/formal_v3/main_classification/Tox21/alpha_0.5/hetero/seed_1/moon/moon_Tox21_alpha0.5_seed1_split1_part1_encmpnn_20260904_122617.csv,db6991ac739445fc5d73baf8be33d8c90358418f8be1838f095336304bcee0c6,REPOSITORY/results/reviewer_revision_20260831/server_synced/formal_v3/main_classification/Tox21/alpha_0.5/hetero/seed_1/moon/moon_Tox21_alpha0.5_seed1_split1_part1_encmpnn_20260904_122617.csv
Tox21,0.5,moon,MOON,2,2,2,2,main_Tox21_a0p5_seed2_moon,global_test_round49,0.7931609440244988,0.7802104861479279,50,51,hetero,mpnn,,,,server_synced/formal_v3:main_classification,main_queue,results/reviewer_revision_20260831/server_synced/formal_v3/main_classification/Tox21/alpha_0.5/hetero/seed_2/moon/moon_Tox21_alpha0.5_seed2_split2_part2_encmpnn_20260904_133826.csv,694acebed47c0818f7a260e8d42ce82e2cbc164f05bb5e94b7fa9f35c4665ecc,REPOSITORY/results/reviewer_revision_20260831/server_synced/formal_v3/main_classification/Tox21/alpha_0.5/hetero/seed_2/moon/moon_Tox21_alpha0.5_seed2_split2_part2_encmpnn_20260904_133826.csv
Tox21,0.5,fpl,FPL,0,0,0,0,main_Tox21_a0p5_seed0_fpl,global_test_round49,0.7818099716428657,0.7916982084497053,50,51,hetero,mpnn,,,,server_synced/formal_v3:main_classification,main_queue,results/reviewer_revision_20260831/server_synced/formal_v3/main_classification/Tox21/alpha_0.5/hetero/seed_0/fpl/fpl_Tox21_alpha0.5_seed0_split0_part0_encmpnn_20260904_161355.csv,5f338a6c8a3f42ca0027d35ce7dcbc68e667a3061c6e73883a867f224a535259,REPOSITORY/results/reviewer_revision_20260831/server_synced/formal_v3/main_classification/Tox21/alpha_0.5/hetero/seed_0/fpl/fpl_Tox21_alpha0.5_seed0_split0_part0_encmpnn_20260904_161355.csv
Tox21,0.5,fpl,FPL,1,1,1,1,main_Tox21_a0p5_seed1_fpl,global_test_round49,0.7946509003356471,0.7861182604975901,50,51,hetero,mpnn,,,,server_synced/formal_v3:main_classification,main_queue,results/reviewer_revision_20260831/server_synced/formal_v3/main_classification/Tox21/alpha_0.5/hetero/seed_1/fpl/fpl_Tox21_alpha0.5_seed1_split1_part1_encmpnn_20260904_173958.csv,be331d5068508cb0a47179c8cb82490af5b4ff4ac67748980e6dfdd4f2a6d84a,REPOSITORY/results/reviewer_revision_20260831/server_synced/formal_v3/main_classification/Tox21/alpha_0.5/hetero/seed_1/fpl/fpl_Tox21_alpha0.5_seed1_split1_part1_encmpnn_20260904_173958.csv
Tox21,0.5,fpl,FPL,2,2,2,2,main_Tox21_a0p5_seed2_fpl,global_test_round49,0.8069873193168059,0.7917037798174072,50,51,hetero,mpnn,,,,server_synced/formal_v3:main_classification,main_queue,results/reviewer_revision_20260831/server_synced/formal_v3/main_classification/Tox21/alpha_0.5/hetero/seed_2/fpl/fpl_Tox21_alpha0.5_seed2_split2_part2_encmpnn_20260904_190721.csv,0c60e44255e3eb88c100778bbf1a063ab19abf892052c2bee8bd6bd442453343,REPOSITORY/results/reviewer_revision_20260831/server_synced/formal_v3/main_classification/Tox21/alpha_0.5/hetero/seed_2/fpl/fpl_Tox21_alpha0.5_seed2_split2_part2_encmpnn_20260904_190721.csv
Tox21,0.5,fedtgp,TGP,0,0,0,0,main_Tox21_a0p5_seed0_fedtgp,global_test_round49,0.7827002243532477,0.7906885894909342,50,51,hetero,mpnn,,,,server_synced/formal_v3:main_classification,main_queue,results/reviewer_revision_20260831/server_synced/formal_v3/main_classification/Tox21/alpha_0.5/hetero/seed_0/fedtgp/fedtgp_Tox21_alpha0.5_seed0_split0_part0_encmpnn_20260905_191543.csv,94d16e7bddf55abea10903f192c353456637d80fecf5f621d7ee68f22e69fc3a,REPOSITORY/results/reviewer_revision_20260831/server_synced/formal_v3/main_classification/Tox21/alpha_0.5/hetero/seed_0/fedtgp/fedtgp_Tox21_alpha0.5_seed0_split0_part0_encmpnn_20260905_191543.csv
Tox21,0.5,fedtgp,TGP,1,1,1,1,main_Tox21_a0p5_seed1_fedtgp,global_test_round49,0.7889002495200971,0.7810841058165515,50,51,hetero,mpnn,,,,server_synced/formal_v3:main_classification,main_queue,results/reviewer_revision_20260831/server_synced/formal_v3/main_classification/Tox21/alpha_0.5/hetero/seed_1/fedtgp/fedtgp_Tox21_alpha0.5_seed1_split1_part1_encmpnn_20260905_211732.csv,cac716aefb59bf29637ae565c27cc09242fd90d77000be2bfacbdf71a704ba3e,REPOSITORY/results/reviewer_revision_20260831/server_synced/formal_v3/main_classification/Tox21/alpha_0.5/hetero/seed_1/fedtgp/fedtgp_Tox21_alpha0.5_seed1_split1_part1_encmpnn_20260905_211732.csv
Tox21,0.5,fedtgp,TGP,2,2,2,2,main_Tox21_a0p5_seed2_fedtgp,global_test_round49,0.8087608157076019,0.7891540618804899,50,51,hetero,mpnn,,,,server_synced/formal_v3:main_classification,main_queue,results/reviewer_revision_20260831/server_synced/formal_v3/main_classification/Tox21/alpha_0.5/hetero/seed_2/fedtgp/fedtgp_Tox21_alpha0.5_seed2_split2_part2_encmpnn_20260905_231541.csv,efe0e5c9ee5caa823e54ce7ac7a6a908b7bb4e32b07a0f3eac83fbbf8a3423ae,REPOSITORY/results/reviewer_revision_20260831/server_synced/formal_v3/main_classification/Tox21/alpha_0.5/hetero/seed_2/fedtgp/fedtgp_Tox21_alpha0.5_seed2_split2_part2_encmpnn_20260905_231541.csv
Tox21,0.5,fedavg_proto,SPL,0,0,0,0,main_Tox21_a0p5_seed0_fedavg_proto,global_test_round49,0.7885389721358936,0.8016180778962179,50,51,hetero,mpnn,fingerprint,16,0.1,server_synced/formal_v3:main_classification,main_queue,results/reviewer_revision_20260831/server_synced/formal_v3/main_classification/Tox21/alpha_0.5/hetero/seed_0/fedavg_proto/fedavg_proto_Tox21_alpha0.5_seed0_split0_part0_encmpnn_descfingerprint_20260902_022823.csv,db5e629ecacaae1caa923542edcab45d0e3677b9e945b6f1ef4538501b53d84b,REPOSITORY/results/reviewer_revision_20260831/server_synced/formal_v3/main_classification/Tox21/alpha_0.5/hetero/seed_0/fedavg_proto/fedavg_proto_Tox21_alpha0.5_seed0_split0_part0_encmpnn_descfingerprint_20260902_022823.csv
Tox21,0.5,fedavg_proto,SPL,1,1,1,1,main_Tox21_a0p5_seed1_fedavg_proto,global_test_round49,0.7948822132174441,0.7859040040275996,50,51,hetero,mpnn,fingerprint,16,0.1,server_synced/formal_v3:main_classification,main_queue,results/reviewer_revision_20260831/server_synced/formal_v3/main_classification/Tox21/alpha_0.5/hetero/seed_1/fedavg_proto/fedavg_proto_Tox21_alpha0.5_seed1_split1_part1_encmpnn_descfingerprint_20260902_032725.csv,6d2500b4b92d1e2891eaf79f14248b4fcadf8b575f7d5ec2cf2811972a28c0fb,REPOSITORY/results/reviewer_revision_20260831/server_synced/formal_v3/main_classification/Tox21/alpha_0.5/hetero/seed_1/fedavg_proto/fedavg_proto_Tox21_alpha0.5_seed1_split1_part1_encmpnn_descfingerprint_20260902_032725.csv
Tox21,0.5,fedavg_proto,SPL,2,2,2,2,main_Tox21_a0p5_seed2_fedavg_proto,global_test_round49,0.8131194273143193,0.7977179221178726,50,51,hetero,mpnn,fingerprint,16,0.1,server_synced/formal_v3:main_classification,main_queue,results/reviewer_revision_20260831/server_synced/formal_v3/main_classification/Tox21/alpha_0.5/hetero/seed_2/fedavg_proto/fedavg_proto_Tox21_alpha0.5_seed2_split2_part2_encmpnn_descfingerprint_20260902_032729.csv,ff6783ebb235cd08fa7da45e65852b9187aa48adb441d71320f562c32bd5f8cc,REPOSITORY/results/reviewer_revision_20260831/server_synced/formal_v3/main_classification/Tox21/alpha_0.5/hetero/seed_2/fedavg_proto/fedavg_proto_Tox21_alpha0.5_seed2_split2_part2_encmpnn_descfingerprint_20260902_032729.csv
Tox21,1.0,avg,Avg,0,0,0,0,main_Tox21_a1p0_seed0_avg,global_test_round49,0.784996149480524,0.7871186620911037,50,51,hetero,mpnn,,,,server_synced/formal_v3:main_classification,main_queue,results/reviewer_revision_20260831/server_synced/formal_v3/main_classification/Tox21/alpha_1.0/hetero/seed_0/avg/avg_Tox21_alpha1.0_seed0_split0_part0_encmpnn_20260902_043615.csv,aaf6fe156429e404189e301b9b3b9cca019b3381bfc55bf0837f81db0c0627ee,REPOSITORY/results/reviewer_revision_20260831/server_synced/formal_v3/main_classification/Tox21/alpha_1.0/hetero/seed_0/avg/avg_Tox21_alpha1.0_seed0_split0_part0_encmpnn_20260902_043615.csv
Tox21,1.0,avg,Avg,1,1,1,1,main_Tox21_a1p0_seed1_avg,global_test_round49,0.8078173256424027,0.7970624498956091,50,51,hetero,mpnn,,,,server_synced/formal_v3:main_classification,main_queue,results/reviewer_revision_20260831/server_synced/formal_v3/main_classification/Tox21/alpha_1.0/hetero/seed_1/avg/avg_Tox21_alpha1.0_seed1_split1_part1_encmpnn_20260902_120815.csv,ab5db06b41596414c954214870aad090125e8eae65e6e84fa5d02d99c109e3d0,REPOSITORY/results/reviewer_revision_20260831/server_synced/formal_v3/main_classification/Tox21/alpha_1.0/hetero/seed_1/avg/avg_Tox21_alpha1.0_seed1_split1_part1_encmpnn_20260902_120815.csv
Tox21,1.0,avg,Avg,2,2,2,2,main_Tox21_a1p0_seed2_avg,global_test_round49,0.8161331882190089,0.798872956589744,50,51,hetero,mpnn,,,,server_synced/formal_v3:main_classification,main_queue,results/reviewer_revision_20260831/server_synced/formal_v3/main_classification/Tox21/alpha_1.0/hetero/seed_2/avg/avg_Tox21_alpha1.0_seed2_split2_part2_encmpnn_20260902_044945.csv,77fe06beb47fc239ed7893fbbe4977b318e4a84ffdf39aef95e0284a63697336,REPOSITORY/results/reviewer_revision_20260831/server_synced/formal_v3/main_classification/Tox21/alpha_1.0/hetero/seed_2/avg/avg_Tox21_alpha1.0_seed2_split2_part2_encmpnn_20260902_044945.csv
Tox21,1.0,fedprox,Prox,0,0,0,0,main_Tox21_a1p0_seed0_fedprox,global_test_round49,0.7438928126126121,0.7771857758870467,50,51,hetero,mpnn,,,,server_synced/formal_v3:main_classification,main_queue,results/reviewer_revision_20260831/server_synced/formal_v3/main_classification/Tox21/alpha_1.0/hetero/seed_0/fedprox/fedprox_Tox21_alpha1.0_seed0_split0_part0_encmpnn_20260904_195443.csv,1182b5db0fc1d077892a1b844f7aff80931388e7fdf79c02879433e9217a31b5,REPOSITORY/results/reviewer_revision_20260831/server_synced/formal_v3/main_classification/Tox21/alpha_1.0/hetero/seed_0/fedprox/fedprox_Tox21_alpha1.0_seed0_split0_part0_encmpnn_20260904_195443.csv
Tox21,1.0,fedprox,Prox,1,1,1,1,main_Tox21_a1p0_seed1_fedprox,global_test_round49,0.7985440575552797,0.789059992600737,50,51,hetero,mpnn,,,,server_synced/formal_v3:main_classification,main_queue,results/reviewer_revision_20260831/server_synced/formal_v3/main_classification/Tox21/alpha_1.0/hetero/seed_1/fedprox/fedprox_Tox21_alpha1.0_seed1_split1_part1_encmpnn_20260904_212223.csv,6b50c7b331e19969c10627db63e1b36d512f1eb3098b6ead0091ca547328647d,REPOSITORY/results/reviewer_revision_20260831/server_synced/formal_v3/main_classification/Tox21/alpha_1.0/hetero/seed_1/fedprox/fedprox_Tox21_alpha1.0_seed1_split1_part1_encmpnn_20260904_212223.csv
Tox21,1.0,fedprox,Prox,2,2,2,2,main_Tox21_a1p0_seed2_fedprox,global_test_round49,0.7986810243796009,0.7904208495461895,50,51,hetero,mpnn,,,,server_synced/formal_v3:main_classification,main_queue,results/reviewer_revision_20260831/server_synced/formal_v3/main_classification/Tox21/alpha_1.0/hetero/seed_2/fedprox/fedprox_Tox21_alpha1.0_seed2_split2_part2_encmpnn_20260904_224923.csv,bf0cedafbc444278c6c4fd0945b6750c6d3f16df7401c8d1349dd6ea15049220,REPOSITORY/results/reviewer_revision_20260831/server_synced/formal_v3/main_classification/Tox21/alpha_1.0/hetero/seed_2/fedprox/fedprox_Tox21_alpha1.0_seed2_split2_part2_encmpnn_20260904_224923.csv
Tox21,1.0,oursvatFLITPLUS,FLIT+,0,0,0,0,main_Tox21_a1p0_seed0_oursvatFLITPLUS,global_test_round49,0.768082747295341,0.7833873821974543,50,51,hetero,mpnn,,,,server_synced/formal_v3:main_classification,main_queue,results/reviewer_revision_20260831/server_synced/formal_v3/main_classification/Tox21/alpha_1.0/hetero/seed_0/oursvatFLITPLUS/oursvatFLITPLUS_Tox21_alpha1.0_seed0_split0_part0_encmpnn_20260905_234917.csv,ab724294f678fec5dd11a3bcd906b34a6a1107df44994bb02b02f5767c89bea5,REPOSITORY/results/reviewer_revision_20260831/server_synced/formal_v3/main_classification/Tox21/alpha_1.0/hetero/seed_0/oursvatFLITPLUS/oursvatFLITPLUS_Tox21_alpha1.0_seed0_split0_part0_encmpnn_20260905_234917.csv
Tox21,1.0,oursvatFLITPLUS,FLIT+,1,1,1,1,main_Tox21_a1p0_seed1_oursvatFLITPLUS,global_test_round49,0.7804910799039128,0.7782845436296367,50,51,hetero,mpnn,,,,server_synced/formal_v3:main_classification,main_queue,results/reviewer_revision_20260831/server_synced/formal_v3/main_classification/Tox21/alpha_1.0/hetero/seed_1/oursvatFLITPLUS/oursvatFLITPLUS_Tox21_alpha1.0_seed1_split1_part1_encmpnn_20260906_013259.csv,08bdf7579945bde3f8328145e5c1efeed98439ac23a896a5f5cc4aae93b8a30b,REPOSITORY/results/reviewer_revision_20260831/server_synced/formal_v3/main_classification/Tox21/alpha_1.0/hetero/seed_1/oursvatFLITPLUS/oursvatFLITPLUS_Tox21_alpha1.0_seed1_split1_part1_encmpnn_20260906_013259.csv
Tox21,1.0,oursvatFLITPLUS,FLIT+,2,2,2,2,main_Tox21_a1p0_seed2_oursvatFLITPLUS,global_test_round49,0.8180491460712075,0.787642296956946,50,51,hetero,mpnn,,,,server_synced/formal_v3:main_classification,main_queue,results/reviewer_revision_20260831/server_synced/formal_v3/main_classification/Tox21/alpha_1.0/hetero/seed_2/oursvatFLITPLUS/oursvatFLITPLUS_Tox21_alpha1.0_seed2_split2_part2_encmpnn_20260906_030738.csv,a516d27efc3e21e0b3fb695cfc92b4af3c97f0b47437df58f23c8dc82f5e0ca5,REPOSITORY/results/reviewer_revision_20260831/server_synced/formal_v3/main_classification/Tox21/alpha_1.0/hetero/seed_2/oursvatFLITPLUS/oursvatFLITPLUS_Tox21_alpha1.0_seed2_split2_part2_encmpnn_20260906_030738.csv
Tox21,1.0,fedproto,Proto,0,0,0,0,main_Tox21_a1p0_seed0_fedproto,global_test_round49,0.7696865979008124,0.7919947325502367,50,51,hetero,mpnn,,,,server_synced/formal_v3:main_classification,main_queue,results/reviewer_revision_20260831/server_synced/formal_v3/main_classification/Tox21/alpha_1.0/hetero/seed_0/fedproto/fedproto_Tox21_alpha1.0_seed0_split0_part0_encmpnn_20260904_034126.csv,e6d0cc499f6b90bde46fd38286a3d72c908b4b862a95dab76260d06b84d165cf,REPOSITORY/results/reviewer_revision_20260831/server_synced/formal_v3/main_classification/Tox21/alpha_1.0/hetero/seed_0/fedproto/fedproto_Tox21_alpha1.0_seed0_split0_part0_encmpnn_20260904_034126.csv
Tox21,1.0,fedproto,Proto,1,1,1,1,main_Tox21_a1p0_seed1_fedproto,global_test_round49,0.7932215101097314,0.781155741746015,50,51,hetero,mpnn,,,,server_synced/formal_v3:main_classification,main_queue,results/reviewer_revision_20260831/server_synced/formal_v3/main_classification/Tox21/alpha_1.0/hetero/seed_1/fedproto/fedproto_Tox21_alpha1.0_seed1_split1_part1_encmpnn_20260904_043228.csv,f27aa9209dbc46e7ac4740b595e396e91775a72333671c87876ce724f17b1b0a,REPOSITORY/results/reviewer_revision_20260831/server_synced/formal_v3/main_classification/Tox21/alpha_1.0/hetero/seed_1/fedproto/fedproto_Tox21_alpha1.0_seed1_split1_part1_encmpnn_20260904_043228.csv
Tox21,1.0,fedproto,Proto,2,2,2,2,main_Tox21_a1p0_seed2_fedproto,global_test_round49,0.8161024082424512,0.8053230427471402,50,51,hetero,mpnn,,,,server_synced/formal_v3:main_classification,main_queue,results/reviewer_revision_20260831/server_synced/formal_v3/main_classification/Tox21/alpha_1.0/hetero/seed_2/fedproto/fedproto_Tox21_alpha1.0_seed2_split2_part2_encmpnn_20260904_052412.csv,76ffdd602f50b96088a894ccd2923ff50ca34cdc37fd0ebae65eb90aa7b29201,REPOSITORY/results/reviewer_revision_20260831/server_synced/formal_v3/main_classification/Tox21/alpha_1.0/hetero/seed_2/fedproto/fedproto_Tox21_alpha1.0_seed2_split2_part2_encmpnn_20260904_052412.csv
Tox21,1.0,moon,MOON,0,0,0,0,main_Tox21_a1p0_seed0_moon,global_test_round49,0.7867531862752918,0.7944505610780318,50,51,hetero,mpnn,,,,server_synced/formal_v3:main_classification,main_queue,results/reviewer_revision_20260831/server_synced/formal_v3/main_classification/Tox21/alpha_1.0/hetero/seed_0/moon/moon_Tox21_alpha1.0_seed0_split0_part0_encmpnn_20260904_145058.csv,02988c0856a17aeab7082f5687c1918c0161a2deb49b2d1afb6549f5b5c2926c,REPOSITORY/results/reviewer_revision_20260831/server_synced/formal_v3/main_classification/Tox21/alpha_1.0/hetero/seed_0/moon/moon_Tox21_alpha1.0_seed0_split0_part0_encmpnn_20260904_145058.csv
Tox21,1.0,moon,MOON,1,1,1,1,main_Tox21_a1p0_seed1_moon,global_test_round49,0.7627797785641929,0.7636122970571614,50,51,hetero,mpnn,,,,server_synced/formal_v3:main_classification,main_queue,results/reviewer_revision_20260831/server_synced/formal_v3/main_classification/Tox21/alpha_1.0/hetero/seed_1/moon/moon_Tox21_alpha1.0_seed1_split1_part1_encmpnn_20260904_160127.csv,b0762a1f64cfcaf4837354f78d68af7a473fb480dab285b5f086ecf18dd29bd3,REPOSITORY/results/reviewer_revision_20260831/server_synced/formal_v3/main_classification/Tox21/alpha_1.0/hetero/seed_1/moon/moon_Tox21_alpha1.0_seed1_split1_part1_encmpnn_20260904_160127.csv
Tox21,1.0,moon,MOON,2,2,2,2,main_Tox21_a1p0_seed2_moon,global_test_round49,0.7854733870440967,0.7856412154250294,50,51,hetero,mpnn,,,,server_synced/formal_v3:main_classification,main_queue,results/reviewer_revision_20260831/server_synced/formal_v3/main_classification/Tox21/alpha_1.0/hetero/seed_2/moon/moon_Tox21_alpha1.0_seed2_split2_part2_encmpnn_20260904_171008.csv,8e5c79b618092528245cb212bc18ae1a126e78fb67334a5f7b9dda6251e4900a,REPOSITORY/results/reviewer_revision_20260831/server_synced/formal_v3/main_classification/Tox21/alpha_1.0/hetero/seed_2/moon/moon_Tox21_alpha1.0_seed2_split2_part2_encmpnn_20260904_171008.csv
Tox21,1.0,fpl,FPL,0,0,0,0,main_Tox21_a1p0_seed0_fpl,global_test_round49,0.7732770252652544,0.790003952157072,50,51,hetero,mpnn,,,,server_synced/formal_v3:main_classification,main_queue,results/reviewer_revision_20260831/server_synced/formal_v3/main_classification/Tox21/alpha_1.0/hetero/seed_0/fpl/fpl_Tox21_alpha1.0_seed0_split0_part0_encmpnn_20260904_203508.csv,ff59934677f1975eaeb3cf153109074a41bd261215124904b42543df853d86f6,REPOSITORY/results/reviewer_revision_20260831/server_synced/formal_v3/main_classification/Tox21/alpha_1.0/hetero/seed_0/fpl/fpl_Tox21_alpha1.0_seed0_split0_part0_encmpnn_20260904_203508.csv
Tox21,1.0,fpl,FPL,1,1,1,1,main_Tox21_a1p0_seed1_fpl,global_test_round49,0.7927984983801646,0.7894650752208361,50,51,hetero,mpnn,,,,server_synced/formal_v3:main_classification,main_queue,results/reviewer_revision_20260831/server_synced/formal_v3/main_classification/Tox21/alpha_1.0/hetero/seed_1/fpl/fpl_Tox21_alpha1.0_seed1_split1_part1_encmpnn_20260904_220226.csv,cc7341746fcc9702257a6aefeef474670bc1e5ca4bd7138418e56c7f7db2103d,REPOSITORY/results/reviewer_revision_20260831/server_synced/formal_v3/main_classification/Tox21/alpha_1.0/hetero/seed_1/fpl/fpl_Tox21_alpha1.0_seed1_split1_part1_encmpnn_20260904_220226.csv
Tox21,1.0,fpl,FPL,2,2,2,2,main_Tox21_a1p0_seed2_fpl,global_test_round49,0.8155784077103565,0.806238234685477,50,51,hetero,mpnn,,,,server_synced/formal_v3:main_classification,main_queue,results/reviewer_revision_20260831/server_synced/formal_v3/main_classification/Tox21/alpha_1.0/hetero/seed_2/fpl/fpl_Tox21_alpha1.0_seed2_split2_part2_encmpnn_20260904_232945.csv,5ec34e18bee56705ca18bb5c2fa9254fef75ab732c0f3ebb9ab42f6b77759bba,REPOSITORY/results/reviewer_revision_20260831/server_synced/formal_v3/main_classification/Tox21/alpha_1.0/hetero/seed_2/fpl/fpl_Tox21_alpha1.0_seed2_split2_part2_encmpnn_20260904_232945.csv
Tox21,1.0,fedtgp,TGP,0,0,0,0,main_Tox21_a1p0_seed0_fedtgp,global_test_round49,0.7634402918170715,0.7855491837703399,50,51,hetero,mpnn,,,,server_synced/formal_v3:main_classification,main_queue,results/reviewer_revision_20260831/server_synced/formal_v3/main_classification/Tox21/alpha_1.0/hetero/seed_0/fedtgp/fedtgp_Tox21_alpha1.0_seed0_split0_part0_encmpnn_20260906_010715.csv,2af762423e497882f555546f9ce9d5babb953e5baefb671eaf23d80daf06b1e8,REPOSITORY/results/reviewer_revision_20260831/server_synced/formal_v3/main_classification/Tox21/alpha_1.0/hetero/seed_0/fedtgp/fedtgp_Tox21_alpha1.0_seed0_split0_part0_encmpnn_20260906_010715.csv
Tox21,1.0,fedtgp,TGP,1,1,1,1,main_Tox21_a1p0_seed1_fedtgp,global_test_round49,0.7913131436471611,0.77637013829006,50,51,hetero,mpnn,,,,server_synced/formal_v3:main_classification,main_queue,results/reviewer_revision_20260831/server_synced/formal_v3/main_classification/Tox21/alpha_1.0/hetero/seed_1/fedtgp/fedtgp_Tox21_alpha1.0_seed1_split1_part1_encmpnn_20260906_024204.csv,06d23751222ab87f7a578cdfe0c2aad8828f352536645ddf9c7d0ddeb7355dc7,REPOSITORY/results/reviewer_revision_20260831/server_synced/formal_v3/main_classification/Tox21/alpha_1.0/hetero/seed_1/fedtgp/fedtgp_Tox21_alpha1.0_seed1_split1_part1_encmpnn_20260906_024204.csv
Tox21,1.0,fedtgp,TGP,2,2,2,2,main_Tox21_a1p0_seed2_fedtgp,global_test_round49,0.8146104586614796,0.791722311147784,50,51,hetero,mpnn,,,,server_synced/formal_v3:main_classification,main_queue,results/reviewer_revision_20260831/server_synced/formal_v3/main_classification/Tox21/alpha_1.0/hetero/seed_2/fedtgp/fedtgp_Tox21_alpha1.0_seed2_split2_part2_encmpnn_20260906_041450.csv,6390951cc139feebd6176fe4866dc0c918f33be37e0df001f8a8648f04f8a9b9,REPOSITORY/results/reviewer_revision_20260831/server_synced/formal_v3/main_classification/Tox21/alpha_1.0/hetero/seed_2/fedtgp/fedtgp_Tox21_alpha1.0_seed2_split2_part2_encmpnn_20260906_041450.csv
Tox21,1.0,fedavg_proto,SPL,0,0,0,0,main_Tox21_a1p0_seed0_fedavg_proto,global_test_round49,0.7726364396765372,0.7918946584742775,50,51,hetero,mpnn,fingerprint,16,0.1,server_synced/formal_v3:main_classification,main_queue,results/reviewer_revision_20260831/server_synced/formal_v3/main_classification/Tox21/alpha_1.0/hetero/seed_0/fedavg_proto/fedavg_proto_Tox21_alpha1.0_seed0_split0_part0_encmpnn_descfingerprint_20260902_050415.csv,0fee2446144a1126291375187aad01405e423e7fea2b39727e7f36f3ed93841f,REPOSITORY/results/reviewer_revision_20260831/server_synced/formal_v3/main_classification/Tox21/alpha_1.0/hetero/seed_0/fedavg_proto/fedavg_proto_Tox21_alpha1.0_seed0_split0_part0_encmpnn_descfingerprint_20260902_050415.csv
Tox21,1.0,fedavg_proto,SPL,1,1,1,1,main_Tox21_a1p0_seed1_fedavg_proto,global_test_round49,0.7992794010132335,0.7924235889714812,50,51,hetero,mpnn,fingerprint,16,0.1,server_synced/formal_v3:main_classification,main_queue,results/reviewer_revision_20260831/server_synced/formal_v3/main_classification/Tox21/alpha_1.0/hetero/seed_1/fedavg_proto/fedavg_proto_Tox21_alpha1.0_seed1_split1_part1_encmpnn_descfingerprint_20260902_050412.csv,23bb98b424b21a0803e8e8529b94c3a7a05d7c1c9e0a6cdeb12280150ba92845,REPOSITORY/results/reviewer_revision_20260831/server_synced/formal_v3/main_classification/Tox21/alpha_1.0/hetero/seed_1/fedavg_proto/fedavg_proto_Tox21_alpha1.0_seed1_split1_part1_encmpnn_descfingerprint_20260902_050412.csv
Tox21,1.0,fedavg_proto,SPL,2,2,2,2,main_Tox21_a1p0_seed2_fedavg_proto,global_test_round49,0.8082175884178809,0.7974955211258674,50,51,hetero,mpnn,fingerprint,16,0.1,server_synced/formal_v3:main_classification,main_queue,results/reviewer_revision_20260831/server_synced/formal_v3/main_classification/Tox21/alpha_1.0/hetero/seed_2/fedavg_proto/fedavg_proto_Tox21_alpha1.0_seed2_split2_part2_encmpnn_descfingerprint_20260902_060310.csv,8b7a3492bf1b765b8689571dff4a29705dab124c37b449b52c9e14b152f23886,REPOSITORY/results/reviewer_revision_20260831/server_synced/formal_v3/main_classification/Tox21/alpha_1.0/hetero/seed_2/fedavg_proto/fedavg_proto_Tox21_alpha1.0_seed2_split2_part2_encmpnn_descfingerprint_20260902_060310.csv
HIV,0.1,avg,Avg,0,0,0,0,main_HIV_a0p1_seed0_avg,global_test_round49,0.7384676195294715,0.7414490083063715,50,51,hetero,mpnn,,,,server_synced/formal_v3:main_classification,main_queue,results/reviewer_revision_20260831/server_synced/formal_v3/main_classification/HIV/alpha_0.1/hetero/seed_0/avg/avg_HIV_alpha0.1_seed0_split0_part0_encmpnn_20260902_122203.csv,059a6a6733629c2a2985c4927b21ef61292c4fc751259cdb551875ce579306fe,REPOSITORY/results/reviewer_revision_20260831/server_synced/formal_v3/main_classification/HIV/alpha_0.1/hetero/seed_0/avg/avg_HIV_alpha0.1_seed0_split0_part0_encmpnn_20260902_122203.csv
HIV,0.1,avg,Avg,1,1,1,1,main_HIV_a0p1_seed1_avg,global_test_round49,0.7801380840402005,0.6913201519177166,50,51,hetero,mpnn,,,,server_synced/formal_v3:main_classification,main_queue,results/reviewer_revision_20260831/server_synced/formal_v3/main_classification/HIV/alpha_0.1/hetero/seed_1/avg/avg_HIV_alpha0.1_seed1_split1_part1_encmpnn_20260902_050425.csv,007c769716c2f2ce8a6168b823e4c376c766b977949fb56a7e7cf4d194ae4e00,REPOSITORY/results/reviewer_revision_20260831/server_synced/formal_v3/main_classification/HIV/alpha_0.1/hetero/seed_1/avg/avg_HIV_alpha0.1_seed1_split1_part1_encmpnn_20260902_050425.csv
HIV,0.1,avg,Avg,2,2,2,2,main_HIV_a0p1_seed2_avg,global_test_round49,0.7499219556708211,0.7195232606406154,50,51,hetero,mpnn,,,,server_synced/formal_v3:main_classification,main_queue,results/reviewer_revision_20260831/server_synced/formal_v3/main_classification/HIV/alpha_0.1/hetero/seed_2/avg/avg_HIV_alpha0.1_seed2_split2_part2_encmpnn_20260902_123655.csv,2d1ee24c57a0328c303f32747e549d1bc8406d31eca55f8fab35639ff0aa9467,REPOSITORY/results/reviewer_revision_20260831/server_synced/formal_v3/main_classification/HIV/alpha_0.1/hetero/seed_2/avg/avg_HIV_alpha0.1_seed2_split2_part2_encmpnn_20260902_123655.csv
HIV,0.1,fedprox,Prox,0,0,0,0,main_HIV_a0p1_seed0_fedprox,global_test_round49,0.711728434100683,0.7239827730282188,50,51,hetero,mpnn,,,,server_synced/formal_v3:main_classification,main_queue,results/reviewer_revision_20260831/server_synced/formal_v3/main_classification/HIV/alpha_0.1/hetero/seed_0/fedprox/fedprox_HIV_alpha0.1_seed0_split0_part0_encmpnn_20260905_001727.csv,f17ab862211a9498d29fb488bcde54c46b0a43e034a7a2cfeddd75b4e9584677,REPOSITORY/results/reviewer_revision_20260831/server_synced/formal_v3/main_classification/HIV/alpha_0.1/hetero/seed_0/fedprox/fedprox_HIV_alpha0.1_seed0_split0_part0_encmpnn_20260905_001727.csv
HIV,0.1,fedprox,Prox,1,1,1,1,main_HIV_a0p1_seed1_fedprox,global_test_round49,0.7722523165644858,0.6936054377414466,50,51,hetero,mpnn,,,,server_synced/formal_v3:main_classification,main_queue,results/reviewer_revision_20260831/server_synced/formal_v3/main_classification/HIV/alpha_0.1/hetero/seed_1/fedprox/fedprox_HIV_alpha0.1_seed1_split1_part1_encmpnn_20260905_020053.csv,b2a1a5c1ef22eb5b1a43aa38125e64d263d631e946c20597ed41431dd1259c5e,REPOSITORY/results/reviewer_revision_20260831/server_synced/formal_v3/main_classification/HIV/alpha_0.1/hetero/seed_1/fedprox/fedprox_HIV_alpha0.1_seed1_split1_part1_encmpnn_20260905_020053.csv
HIV,0.1,fedprox,Prox,2,2,2,2,main_HIV_a0p1_seed2_fedprox,global_test_round49,0.7338130915502863,0.7054409761887609,50,51,hetero,mpnn,,,,server_synced/formal_v3:main_classification,main_queue,results/reviewer_revision_20260831/server_synced/formal_v3/main_classification/HIV/alpha_0.1/hetero/seed_2/fedprox/fedprox_HIV_alpha0.1_seed2_split2_part2_encmpnn_20260905_034349.csv,b6abc617e39f193345d9edd0e31182272c9d284d4cc4dce64139acaeb5df2843,REPOSITORY/results/reviewer_revision_20260831/server_synced/formal_v3/main_classification/HIV/alpha_0.1/hetero/seed_2/fedprox/fedprox_HIV_alpha0.1_seed2_split2_part2_encmpnn_20260905_034349.csv
HIV,0.1,oursvatFLITPLUS,FLIT+,0,0,0,0,main_HIV_a0p1_seed0_oursvatFLITPLUS,global_test_round49,0.7276309132304579,0.7390153057216116,50,51,hetero,mpnn,,,,server_synced/formal_v3:main_classification,main_queue,results/reviewer_revision_20260831/server_synced/formal_v3/main_classification/HIV/alpha_0.1/hetero/seed_0/oursvatFLITPLUS/oursvatFLITPLUS_HIV_alpha0.1_seed0_split0_part0_encmpnn_20260906_043918.csv,0771a28fbc201615cb4b2606a00103443427c0fe18aeb23ce1c1a7f2e650d738,REPOSITORY/results/reviewer_revision_20260831/server_synced/formal_v3/main_classification/HIV/alpha_0.1/hetero/seed_0/oursvatFLITPLUS/oursvatFLITPLUS_HIV_alpha0.1_seed0_split0_part0_encmpnn_20260906_043918.csv
HIV,0.1,oursvatFLITPLUS,FLIT+,1,1,1,1,main_HIV_a0p1_seed1_oursvatFLITPLUS,global_test_round49,0.7717326642591192,0.7357772742831994,50,51,hetero,mpnn,,,,server_synced/formal_v3:main_classification,main_queue,results/reviewer_revision_20260831/server_synced/formal_v3/main_classification/HIV/alpha_0.1/hetero/seed_1/oursvatFLITPLUS/oursvatFLITPLUS_HIV_alpha0.1_seed1_split1_part1_encmpnn_20260906_064719.csv,8ac8077c9e8ed4db2492ecae38fe89fe9c301865408edd78b9a519fe5eee5e0a,REPOSITORY/results/reviewer_revision_20260831/server_synced/formal_v3/main_classification/HIV/alpha_0.1/hetero/seed_1/oursvatFLITPLUS/oursvatFLITPLUS_HIV_alpha0.1_seed1_split1_part1_encmpnn_20260906_064719.csv
HIV,0.1,oursvatFLITPLUS,FLIT+,2,2,2,2,main_HIV_a0p1_seed2_oursvatFLITPLUS,global_test_round49,0.7471217937502788,0.7216218812285378,50,51,hetero,mpnn,,,,server_synced/formal_v3:main_classification,main_queue,results/reviewer_revision_20260831/server_synced/formal_v3/main_classification/HIV/alpha_0.1/hetero/seed_2/oursvatFLITPLUS/oursvatFLITPLUS_HIV_alpha0.1_seed2_split2_part2_encmpnn_20260906_085543.csv,df322cb028731a12965c071169d761614b156bcec7fb558175f443532debf444,REPOSITORY/results/reviewer_revision_20260831/server_synced/formal_v3/main_classification/HIV/alpha_0.1/hetero/seed_2/oursvatFLITPLUS/oursvatFLITPLUS_HIV_alpha0.1_seed2_split2_part2_encmpnn_20260906_085543.csv
HIV,0.1,fedproto,Proto,0,0,0,0,main_HIV_a0p1_seed0_fedproto,global_test_round49,0.7258395522388059,0.7458593130637869,50,51,hetero,mpnn,,,,server_synced/formal_v3:main_classification,main_queue,results/reviewer_revision_20260831/server_synced/formal_v3/main_classification/HIV/alpha_0.1/hetero/seed_0/fedproto/fedproto_HIV_alpha0.1_seed0_split0_part0_encmpnn_20260904_061546.csv,254450609169d1f773a2cb053843565b23b7f20e9037424cac78bf044fee6aff,REPOSITORY/results/reviewer_revision_20260831/server_synced/formal_v3/main_classification/HIV/alpha_0.1/hetero/seed_0/fedproto/fedproto_HIV_alpha0.1_seed0_split0_part0_encmpnn_20260904_061546.csv
HIV,0.1,fedproto,Proto,1,1,1,1,main_HIV_a0p1_seed1_fedproto,global_test_round49,0.7759738669130203,0.720135617532478,50,51,hetero,mpnn,,,,server_synced/formal_v3:main_classification,main_queue,results/reviewer_revision_20260831/server_synced/formal_v3/main_classification/HIV/alpha_0.1/hetero/seed_1/fedproto/fedproto_HIV_alpha0.1_seed1_split1_part1_encmpnn_20260904_072043.csv,d8ddcadd01e53ad0df7c5a58e15619b788c5a55eafe4a2c77f7cf1476c57e611,REPOSITORY/results/reviewer_revision_20260831/server_synced/formal_v3/main_classification/HIV/alpha_0.1/hetero/seed_1/fedproto/fedproto_HIV_alpha0.1_seed1_split1_part1_encmpnn_20260904_072043.csv
HIV,0.1,fedproto,Proto,2,2,2,2,main_HIV_a0p1_seed2_fedproto,global_test_round49,0.733670724971784,0.7184091992823354,50,51,hetero,mpnn,,,,server_synced/formal_v3:main_classification,main_queue,results/reviewer_revision_20260831/server_synced/formal_v3/main_classification/HIV/alpha_0.1/hetero/seed_2/fedproto/fedproto_HIV_alpha0.1_seed2_split2_part2_encmpnn_20260904_082357.csv,c6c37e0e43ddc9d41af29a169be044da8477265c2435630308f524d0b8d3150c,REPOSITORY/results/reviewer_revision_20260831/server_synced/formal_v3/main_classification/HIV/alpha_0.1/hetero/seed_2/fedproto/fedproto_HIV_alpha0.1_seed2_split2_part2_encmpnn_20260904_082357.csv
HIV,0.1,moon,MOON,0,0,0,0,main_HIV_a0p1_seed0_moon,global_test_round49,0.7093062231216797,0.7010277617078414,50,51,hetero,mpnn,,,,server_synced/formal_v3:main_classification,main_queue,results/reviewer_revision_20260831/server_synced/formal_v3/main_classification/HIV/alpha_0.1/hetero/seed_0/moon/moon_HIV_alpha0.1_seed0_split0_part0_encmpnn_20260904_181926.csv,f021c24115c6a5c0bf72f14c534e8c641598b94c37f42fc5d45555c06f70df28,REPOSITORY/results/reviewer_revision_20260831/server_synced/formal_v3/main_classification/HIV/alpha_0.1/hetero/seed_0/moon/moon_HIV_alpha0.1_seed0_split0_part0_encmpnn_20260904_181926.csv
HIV,0.1,moon,MOON,1,1,1,1,main_HIV_a0p1_seed1_moon,global_test_round49,0.7335373449791439,0.684473259547833,50,51,hetero,mpnn,,,,server_synced/formal_v3:main_classification,main_queue,results/reviewer_revision_20260831/server_synced/formal_v3/main_classification/HIV/alpha_0.1/hetero/seed_1/moon/moon_HIV_alpha0.1_seed1_split1_part1_encmpnn_20260904_193252.csv,9c635b1daa4c7d984accd2b527df1054987a428917a0ade2ab4fc1b89f9aa088,REPOSITORY/results/reviewer_revision_20260831/server_synced/formal_v3/main_classification/HIV/alpha_0.1/hetero/seed_1/moon/moon_HIV_alpha0.1_seed1_split1_part1_encmpnn_20260904_193252.csv
HIV,0.1,moon,MOON,2,2,2,2,main_HIV_a0p1_seed2_moon,global_test_round49,0.7263851581984282,0.7251930525109692,50,51,hetero,mpnn,,,,server_synced/formal_v3:main_classification,main_queue,results/reviewer_revision_20260831/server_synced/formal_v3/main_classification/HIV/alpha_0.1/hetero/seed_2/moon/moon_HIV_alpha0.1_seed2_split2_part2_encmpnn_20260904_204648.csv,5db1a4d9a41ad04eb1fbb39100fef6a7c8a58d6cda0761eff6dfe36b56b0aa57,REPOSITORY/results/reviewer_revision_20260831/server_synced/formal_v3/main_classification/HIV/alpha_0.1/hetero/seed_2/moon/moon_HIV_alpha0.1_seed2_split2_part2_encmpnn_20260904_204648.csv
HIV,0.1,fpl,FPL,0,0,0,0,main_HIV_a0p1_seed0_fpl,global_test_round49,0.7301796104224639,0.7470734860334397,50,51,hetero,mpnn,,,,server_synced/formal_v3:main_classification,main_queue,results/reviewer_revision_20260831/server_synced/formal_v3/main_classification/HIV/alpha_0.1/hetero/seed_0/fpl/fpl_HIV_alpha0.1_seed0_split0_part0_encmpnn_20260905_010117.csv,f2a6f2bfd8e15dc64abb3cc14d84bbef81bf9f6f84393e6bcf493b9c6ee99951,REPOSITORY/results/reviewer_revision_20260831/server_synced/formal_v3/main_classification/HIV/alpha_0.1/hetero/seed_0/fpl/fpl_HIV_alpha0.1_seed0_split0_part0_encmpnn_20260905_010117.csv
HIV,0.1,fpl,FPL,1,1,1,1,main_HIV_a0p1_seed1_fpl,global_test_round49,0.7732828728199098,0.7194950202937294,50,51,hetero,mpnn,,,,server_synced/formal_v3:main_classification,main_queue,results/reviewer_revision_20260831/server_synced/formal_v3/main_classification/HIV/alpha_0.1/hetero/seed_1/fpl/fpl_HIV_alpha0.1_seed1_split1_part1_encmpnn_20260905_024504.csv,dadcfce60adee34a7afd2541828c82ff66020ec8de65ad04cedf585e421b9401,REPOSITORY/results/reviewer_revision_20260831/server_synced/formal_v3/main_classification/HIV/alpha_0.1/hetero/seed_1/fpl/fpl_HIV_alpha0.1_seed1_split1_part1_encmpnn_20260905_024504.csv
HIV,0.1,fpl,FPL,2,2,2,2,main_HIV_a0p1_seed2_fpl,global_test_round49,0.7351792961259138,0.7205995862792924,50,51,hetero,mpnn,,,,server_synced/formal_v3:main_classification,main_queue,results/reviewer_revision_20260831/server_synced/formal_v3/main_classification/HIV/alpha_0.1/hetero/seed_2/fpl/fpl_HIV_alpha0.1_seed2_split2_part2_encmpnn_20260905_042723.csv,a9a61312c03e706b2997a726c930ea768102409455f77d185594b967e7664d1f,REPOSITORY/results/reviewer_revision_20260831/server_synced/formal_v3/main_classification/HIV/alpha_0.1/hetero/seed_2/fpl/fpl_HIV_alpha0.1_seed2_split2_part2_encmpnn_20260905_042723.csv
HIV,0.1,fedtgp,TGP,0,0,0,0,main_HIV_a0p1_seed0_fedtgp,global_test_round49,0.6928013534024792,0.7120963767650146,50,51,hetero,mpnn,,,,server_synced/formal_v3:main_classification,main_queue,results/reviewer_revision_20260831/server_synced/formal_v3/main_classification/HIV/alpha_0.1/hetero/seed_0/fedtgp/fedtgp_HIV_alpha0.1_seed0_split0_part0_encmpnn_20260906_061614.csv,0a23551d80b0abeb45dc59afaadbc00d25db05325c40d39a9810e2ee2cdab33a,REPOSITORY/results/reviewer_revision_20260831/server_synced/formal_v3/main_classification/HIV/alpha_0.1/hetero/seed_0/fedtgp/fedtgp_HIV_alpha0.1_seed0_split0_part0_encmpnn_20260906_061614.csv
HIV,0.1,fedtgp,TGP,1,1,1,1,main_HIV_a0p1_seed1_fedtgp,global_test_round49,0.7587291089275217,0.6944970578167533,50,51,hetero,mpnn,,,,server_synced/formal_v3:main_classification,main_queue,results/reviewer_revision_20260831/server_synced/formal_v3/main_classification/HIV/alpha_0.1/hetero/seed_1/fedtgp/fedtgp_HIV_alpha0.1_seed1_split1_part1_encmpnn_20260906_082428.csv,0e9ab309644e4ef86ca6d61b239c8a54ab799b1299b227ea9585ce35b93fb66a,REPOSITORY/results/reviewer_revision_20260831/server_synced/formal_v3/main_classification/HIV/alpha_0.1/hetero/seed_1/fedtgp/fedtgp_HIV_alpha0.1_seed1_split1_part1_encmpnn_20260906_082428.csv
HIV,0.1,fedtgp,TGP,2,2,2,2,main_HIV_a0p1_seed2_fedtgp,global_test_round49,0.7382701946133975,0.7131553579576058,50,51,hetero,mpnn,,,,server_synced/formal_v3:main_classification,main_queue,results/reviewer_revision_20260831/server_synced/formal_v3/main_classification/HIV/alpha_0.1/hetero/seed_2/fedtgp/fedtgp_HIV_alpha0.1_seed2_split2_part2_encmpnn_20260906_103343.csv,dc701e423b63f7c9011c29b35c336586df99bdf4d8c9a54515464fdb3a0bde16,REPOSITORY/results/reviewer_revision_20260831/server_synced/formal_v3/main_classification/HIV/alpha_0.1/hetero/seed_2/fedtgp/fedtgp_HIV_alpha0.1_seed2_split2_part2_encmpnn_20260906_103343.csv
HIV,0.1,fedavg_proto,SPL,0,0,0,0,main_HIV_a0p1_seed0_fedavg_proto,global_test_round49,0.7297416519099419,0.7493366687379028,50,51,hetero,mpnn,fingerprint,16,0.1,server_synced/formal_v3:main_classification,main_queue,results/reviewer_revision_20260831/server_synced/formal_v3/main_classification/HIV/alpha_0.1/hetero/seed_0/fedavg_proto/fedavg_proto_HIV_alpha0.1_seed0_split0_part0_encmpnn_descfingerprint_20260902_060306.csv,136994cd91ee0b716ed4c516dac410d0d664ca4e7127f9888fdb19c7314f461f,REPOSITORY/results/reviewer_revision_20260831/server_synced/formal_v3/main_classification/HIV/alpha_0.1/hetero/seed_0/fedavg_proto/fedavg_proto_HIV_alpha0.1_seed0_split0_part0_encmpnn_descfingerprint_20260902_060306.csv
HIV,0.1,fedavg_proto,SPL,1,1,1,1,main_HIV_a0p1_seed1_fedavg_proto,global_test_round49,0.7578647714229725,0.711175406282091,50,51,hetero,mpnn,fingerprint,16,0.1,server_synced/formal_v3:main_classification,main_queue,results/reviewer_revision_20260831/server_synced/formal_v3/main_classification/HIV/alpha_0.1/hetero/seed_1/fedavg_proto/fedavg_proto_HIV_alpha0.1_seed1_split1_part1_encmpnn_descfingerprint_20260902_064208.csv,510ad4cc01f30c444592c5d77aae45fd5a4bec0a364ba30c26646526c8516567,REPOSITORY/results/reviewer_revision_20260831/server_synced/formal_v3/main_classification/HIV/alpha_0.1/hetero/seed_1/fedavg_proto/fedavg_proto_HIV_alpha0.1_seed1_split1_part1_encmpnn_descfingerprint_20260902_064208.csv
HIV,0.1,fedavg_proto,SPL,2,2,2,2,main_HIV_a0p1_seed2_fedavg_proto,global_test_round49,0.7430351868432697,0.7195841523699749,50,51,hetero,mpnn,fingerprint,16,0.1,server_synced/formal_v3:main_classification,main_queue,results/reviewer_revision_20260831/server_synced/formal_v3/main_classification/HIV/alpha_0.1/hetero/seed_2/fedavg_proto/fedavg_proto_HIV_alpha0.1_seed2_split2_part2_encmpnn_descfingerprint_20260902_064155.csv,b69dcfd0057c0b2153909a0bea4b6bbab87be129baea078ab89e46f076b9ab4a,REPOSITORY/results/reviewer_revision_20260831/server_synced/formal_v3/main_classification/HIV/alpha_0.1/hetero/seed_2/fedavg_proto/fedavg_proto_HIV_alpha0.1_seed2_split2_part2_encmpnn_descfingerprint_20260902_064155.csv
HIV,0.5,avg,Avg,0,0,0,0,main_HIV_a0p5_seed0_avg,global_test_round49,0.7313741145965089,0.7331694199824302,50,51,hetero,mpnn,,,,server_synced/formal_v3:main_classification,main_queue,results/reviewer_revision_20260831/server_synced/formal_v3/main_classification/HIV/alpha_0.5/hetero/seed_0/avg/avg_HIV_alpha0.5_seed0_split0_part0_encmpnn_20260902_054725.csv,305a059f992001df12add239670f1b3bd1047b9478d48b0a7188fb217d0f1666,REPOSITORY/results/reviewer_revision_20260831/server_synced/formal_v3/main_classification/HIV/alpha_0.5/hetero/seed_0/avg/avg_HIV_alpha0.5_seed0_split0_part0_encmpnn_20260902_054725.csv
HIV,0.5,avg,Avg,1,1,1,1,main_HIV_a0p5_seed1_avg,global_test_round49,0.7813681027966741,0.7266801414855988,50,51,hetero,mpnn,,,,server_synced/formal_v3:main_classification,main_queue,results/reviewer_revision_20260831/server_synced/formal_v3/main_classification/HIV/alpha_0.5/hetero/seed_1/avg/avg_HIV_alpha0.5_seed1_split1_part1_encmpnn_20260902_125148.csv,044fc1088532462878a38b6df3ef8e498a398c2f412d93869f723899f83c5c52,REPOSITORY/results/reviewer_revision_20260831/server_synced/formal_v3/main_classification/HIV/alpha_0.5/hetero/seed_1/avg/avg_HIV_alpha0.5_seed1_split1_part1_encmpnn_20260902_125148.csv
HIV,0.5,avg,Avg,2,2,2,2,main_HIV_a0p5_seed2_avg,global_test_round49,0.753813880569878,0.7254083176387044,50,51,hetero,mpnn,,,,server_synced/formal_v3:main_classification,main_queue,results/reviewer_revision_20260831/server_synced/formal_v3/main_classification/HIV/alpha_0.5/hetero/seed_2/avg/avg_HIV_alpha0.5_seed2_split2_part2_encmpnn_20260902_074244.csv,afb7c7e9b404295e24fe3157530bd4d18364ef95602673c13408ee2a78b3fe5c,REPOSITORY/results/reviewer_revision_20260831/server_synced/formal_v3/main_classification/HIV/alpha_0.5/hetero/seed_2/avg/avg_HIV_alpha0.5_seed2_split2_part2_encmpnn_20260902_074244.csv
HIV,0.5,fedprox,Prox,0,0,0,0,main_HIV_a0p5_seed0_fedprox,global_test_round49,0.7149633189982292,0.7259950861705698,50,51,hetero,mpnn,,,,server_synced/formal_v3:main_classification,main_queue,results/reviewer_revision_20260831/server_synced/formal_v3/main_classification/HIV/alpha_0.5/hetero/seed_0/fedprox/fedprox_HIV_alpha0.5_seed0_split0_part0_encmpnn_20260905_052717.csv,8c8ddd9987d36ff8039fabc4c037d85cba99b92b4e884a66151f4856effc32dc,REPOSITORY/results/reviewer_revision_20260831/server_synced/formal_v3/main_classification/HIV/alpha_0.5/hetero/seed_0/fedprox/fedprox_HIV_alpha0.5_seed0_split0_part0_encmpnn_20260905_052717.csv
HIV,0.5,fedprox,Prox,1,1,1,1,main_HIV_a0p5_seed1_fedprox,global_test_round49,0.778915063967974,0.6983887267926128,50,51,hetero,mpnn,,,,server_synced/formal_v3:main_classification,main_queue,results/reviewer_revision_20260831/server_synced/formal_v3/main_classification/HIV/alpha_0.5/hetero/seed_1/fedprox/fedprox_HIV_alpha0.5_seed1_split1_part1_encmpnn_20260905_071356.csv,728a2201318116cb6b06134093043c5dc3e09903f1889668b1ffd9cb5fba233a,REPOSITORY/results/reviewer_revision_20260831/server_synced/formal_v3/main_classification/HIV/alpha_0.5/hetero/seed_1/fedprox/fedprox_HIV_alpha0.5_seed1_split1_part1_encmpnn_20260905_071356.csv
HIV,0.5,fedprox,Prox,2,2,2,2,main_HIV_a0p5_seed2_fedprox,global_test_round49,0.7470437494210997,0.7129924082593199,50,51,hetero,mpnn,,,,server_synced/formal_v3:main_classification,main_queue,results/reviewer_revision_20260831/server_synced/formal_v3/main_classification/HIV/alpha_0.5/hetero/seed_2/fedprox/fedprox_HIV_alpha0.5_seed2_split2_part2_encmpnn_20260905_090238.csv,472c7c843f4177ffd79576a72b95a84ee76f6d06bbcc37e644feb56187b67383,REPOSITORY/results/reviewer_revision_20260831/server_synced/formal_v3/main_classification/HIV/alpha_0.5/hetero/seed_2/fedprox/fedprox_HIV_alpha0.5_seed2_split2_part2_encmpnn_20260905_090238.csv
HIV,0.5,oursvatFLITPLUS,FLIT+,0,0,0,0,main_HIV_a0p5_seed0_oursvatFLITPLUS,global_test_round49,0.7361379015937263,0.7454182825880453,50,51,hetero,mpnn,,,,server_synced/formal_v3:main_classification,main_queue,results/reviewer_revision_20260831/server_synced/formal_v3/main_classification/HIV/alpha_0.5/hetero/seed_0/oursvatFLITPLUS/oursvatFLITPLUS_HIV_alpha0.5_seed0_split0_part0_encmpnn_20260906_110502.csv,da84d84e7bae09a0ce5b1f4a03f47075b1454ce3fbe7ab67b62cf6efeecea2d3,REPOSITORY/results/reviewer_revision_20260831/server_synced/formal_v3/main_classification/HIV/alpha_0.5/hetero/seed_0/oursvatFLITPLUS/oursvatFLITPLUS_HIV_alpha0.5_seed0_split0_part0_encmpnn_20260906_110502.csv
HIV,0.5,oursvatFLITPLUS,FLIT+,1,1,1,1,main_HIV_a0p5_seed1_oursvatFLITPLUS,global_test_round49,0.7708333333333333,0.7229441392687737,50,51,hetero,mpnn,,,,server_synced/formal_v3:main_classification,main_queue,results/reviewer_revision_20260831/server_synced/formal_v3/main_classification/HIV/alpha_0.5/hetero/seed_1/oursvatFLITPLUS/oursvatFLITPLUS_HIV_alpha0.5_seed1_split1_part1_encmpnn_20260906_131445.csv,0a2169e0f1ad6a61cf4eff629b0f014cb0a017a183d82d981eb25675aabf0aea,REPOSITORY/results/reviewer_revision_20260831/server_synced/formal_v3/main_classification/HIV/alpha_0.5/hetero/seed_1/oursvatFLITPLUS/oursvatFLITPLUS_HIV_alpha0.5_seed1_split1_part1_encmpnn_20260906_131445.csv
HIV,0.5,oursvatFLITPLUS,FLIT+,2,2,2,2,main_HIV_a0p5_seed2_oursvatFLITPLUS,global_test_round49,0.7475000085763,0.7249666381933509,50,51,hetero,mpnn,,,,server_synced/formal_v3:main_classification,main_queue,results/reviewer_revision_20260831/server_synced/formal_v3/main_classification/HIV/alpha_0.5/hetero/seed_2/oursvatFLITPLUS/oursvatFLITPLUS_HIV_alpha0.5_seed2_split2_part2_encmpnn_20260906_150255.csv,4191951d7d7aa0599fd329dbe94c8d873dba51f1378a8b686d9972d8b6826177,REPOSITORY/results/reviewer_revision_20260831/server_synced/formal_v3/main_classification/HIV/alpha_0.5/hetero/seed_2/oursvatFLITPLUS/oursvatFLITPLUS_HIV_alpha0.5_seed2_split2_part2_encmpnn_20260906_150255.csv
HIV,0.5,fedproto,Proto,0,0,0,0,main_HIV_a0p5_seed0_fedproto,global_test_round49,0.7248497976220593,0.7413347332033454,50,51,hetero,mpnn,,,,server_synced/formal_v3:main_classification,main_queue,results/reviewer_revision_20260831/server_synced/formal_v3/main_classification/HIV/alpha_0.5/hetero/seed_0/fedproto/fedproto_HIV_alpha0.5_seed0_split0_part0_encmpnn_20260904_092740.csv,159c391afda8db338d9bb639f50095726fbc6983ef7bcdbab1d75ac4084e7fe6,REPOSITORY/results/reviewer_revision_20260831/server_synced/formal_v3/main_classification/HIV/alpha_0.5/hetero/seed_0/fedproto/fedproto_HIV_alpha0.5_seed0_split0_part0_encmpnn_20260904_092740.csv
HIV,0.5,fedproto,Proto,1,1,1,1,main_HIV_a0p5_seed1_fedproto,global_test_round49,0.7820399764844209,0.7005786565388189,50,51,hetero,mpnn,,,,server_synced/formal_v3:main_classification,main_queue,results/reviewer_revision_20260831/server_synced/formal_v3/main_classification/HIV/alpha_0.5/hetero/seed_1/fedproto/fedproto_HIV_alpha0.5_seed1_split1_part1_encmpnn_20260904_103157.csv,a5f096c4a0d03136d5910a239e7e58e602a2e0e11149f5aa885c6352106d4113,REPOSITORY/results/reviewer_revision_20260831/server_synced/formal_v3/main_classification/HIV/alpha_0.5/hetero/seed_1/fedproto/fedproto_HIV_alpha0.5_seed1_split1_part1_encmpnn_20260904_103157.csv
HIV,0.5,fedproto,Proto,2,2,2,2,main_HIV_a0p5_seed2_fedproto,global_test_round49,0.7322153268770948,0.7073011756391916,50,51,hetero,mpnn,,,,server_synced/formal_v3:main_classification,main_queue,results/reviewer_revision_20260831/server_synced/formal_v3/main_classification/HIV/alpha_0.5/hetero/seed_2/fedproto/fedproto_HIV_alpha0.5_seed2_split2_part2_encmpnn_20260904_113435.csv,a3b6fbda180be18a4ba5a12151f65e1952e063ef3341f71a1812c12ee72d6d81,REPOSITORY/results/reviewer_revision_20260831/server_synced/formal_v3/main_classification/HIV/alpha_0.5/hetero/seed_2/fedproto/fedproto_HIV_alpha0.5_seed2_split2_part2_encmpnn_20260904_113435.csv
HIV,0.5,moon,MOON,0,0,0,0,main_HIV_a0p5_seed0_moon,global_test_round49,0.6823804705287124,0.6994502296215352,50,51,hetero,mpnn,,,,server_synced/formal_v3:main_classification,main_queue,results/reviewer_revision_20260831/server_synced/formal_v3/main_classification/HIV/alpha_0.5/hetero/seed_0/moon/moon_HIV_alpha0.5_seed0_split0_part0_encmpnn_20260904_215958.csv,2391a16a2558148e0702a75fa33656ff871dfaf5e05e03e55d7c2525a073040b,REPOSITORY/results/reviewer_revision_20260831/server_synced/formal_v3/main_classification/HIV/alpha_0.5/hetero/seed_0/moon/moon_HIV_alpha0.5_seed0_split0_part0_encmpnn_20260904_215958.csv
HIV,0.5,moon,MOON,1,1,1,1,main_HIV_a0p5_seed1_moon,global_test_round49,0.7379675121077237,0.6923812939086211,50,51,hetero,mpnn,,,,server_synced/formal_v3:main_classification,main_queue,results/reviewer_revision_20260831/server_synced/formal_v3/main_classification/HIV/alpha_0.5/hetero/seed_1/moon/moon_HIV_alpha0.5_seed1_split1_part1_encmpnn_20260904_231314.csv,2312ce4024f7207d1f46b12bffa2e089d9f954ecbac215fd176fedf052283378,REPOSITORY/results/reviewer_revision_20260831/server_synced/formal_v3/main_classification/HIV/alpha_0.5/hetero/seed_1/moon/moon_HIV_alpha0.5_seed1_split1_part1_encmpnn_20260904_231314.csv
HIV,0.5,moon,MOON,2,2,2,2,main_HIV_a0p5_seed2_moon,global_test_round49,0.7423610896703613,0.7211244558337708,50,51,hetero,mpnn,,,,server_synced/formal_v3:main_classification,main_queue,results/reviewer_revision_20260831/server_synced/formal_v3/main_classification/HIV/alpha_0.5/hetero/seed_2/moon/moon_HIV_alpha0.5_seed2_split2_part2_encmpnn_20260905_002644.csv,9e4c1945e3d89b64fa507db34b808a0077e62c3377ca680bc76f07af38feff81,REPOSITORY/results/reviewer_revision_20260831/server_synced/formal_v3/main_classification/HIV/alpha_0.5/hetero/seed_2/moon/moon_HIV_alpha0.5_seed2_split2_part2_encmpnn_20260905_002644.csv
HIV,0.5,fpl,FPL,0,0,0,0,main_HIV_a0p5_seed0_fpl,global_test_round49,0.7243691500126485,0.7392063594094834,50,51,hetero,mpnn,,,,server_synced/formal_v3:main_classification,main_queue,results/reviewer_revision_20260831/server_synced/formal_v3/main_classification/HIV/alpha_0.5/hetero/seed_0/fpl/fpl_HIV_alpha0.5_seed0_split0_part0_encmpnn_20260905_061419.csv,406f5e91fef4bd31504481aece100cf74ff7986109d1f379986131faec58a25b,REPOSITORY/results/reviewer_revision_20260831/server_synced/formal_v3/main_classification/HIV/alpha_0.5/hetero/seed_0/fpl/fpl_HIV_alpha0.5_seed0_split0_part0_encmpnn_20260905_061419.csv
HIV,0.5,fpl,FPL,1,1,1,1,main_HIV_a0p5_seed1_fpl,global_test_round49,0.78110740180846,0.7037164419957945,50,51,hetero,mpnn,,,,server_synced/formal_v3:main_classification,main_queue,results/reviewer_revision_20260831/server_synced/formal_v3/main_classification/HIV/alpha_0.5/hetero/seed_1/fpl/fpl_HIV_alpha0.5_seed1_split1_part1_encmpnn_20260905_080024.csv,b7853e91afa07af946a187df847f0477c1aaab8e198bdcd7b3b2d6d1f2455542,REPOSITORY/results/reviewer_revision_20260831/server_synced/formal_v3/main_classification/HIV/alpha_0.5/hetero/seed_1/fpl/fpl_HIV_alpha0.5_seed1_split1_part1_encmpnn_20260905_080024.csv
HIV,0.5,fpl,FPL,2,2,2,2,main_HIV_a0p5_seed2_fpl,global_test_round49,0.7298980106414729,0.7025713462389493,50,51,hetero,mpnn,,,,server_synced/formal_v3:main_classification,main_queue,results/reviewer_revision_20260831/server_synced/formal_v3/main_classification/HIV/alpha_0.5/hetero/seed_2/fpl/fpl_HIV_alpha0.5_seed2_split2_part2_encmpnn_20260905_094709.csv,be771bbeacb1b8397c586e02b6533c958710eb24633b4389e40ce864c499ef95,REPOSITORY/results/reviewer_revision_20260831/server_synced/formal_v3/main_classification/HIV/alpha_0.5/hetero/seed_2/fpl/fpl_HIV_alpha0.5_seed2_split2_part2_encmpnn_20260905_094709.csv
HIV,0.5,fedtgp,TGP,0,0,0,0,main_HIV_a0p5_seed0_fedtgp,global_test_round49,0.6924677460156843,0.7082842307500018,50,51,hetero,mpnn,,,,server_synced/formal_v3:main_classification,main_queue,results/reviewer_revision_20260831/server_synced/formal_v3/main_classification/HIV/alpha_0.5/hetero/seed_0/fedtgp/fedtgp_HIV_alpha0.5_seed0_split0_part0_encmpnn_20260906_124318.csv,17b360546f0796e1fc510768ba4f5cde66fc70f78ecc6ed457695a99b0cb222f,REPOSITORY/results/reviewer_revision_20260831/server_synced/formal_v3/main_classification/HIV/alpha_0.5/hetero/seed_0/fedtgp/fedtgp_HIV_alpha0.5_seed0_split0_part0_encmpnn_20260906_124318.csv
HIV,0.5,fedtgp,TGP,1,1,1,1,main_HIV_a0p5_seed1_fedtgp,global_test_round49,0.7601883345930965,0.6931897830445485,50,51,hetero,mpnn,,,,server_synced/formal_v3:main_classification,main_queue,results/reviewer_revision_20260831/server_synced/formal_v3/main_classification/HIV/alpha_0.5/hetero/seed_1/fedtgp/fedtgp_HIV_alpha0.5_seed1_split1_part1_encmpnn_20260906_144111.csv,fc64c5673ee39a683276a6fb979f7d630bac40e90e571a7deb853ea6709a385d,REPOSITORY/results/reviewer_revision_20260831/server_synced/formal_v3/main_classification/HIV/alpha_0.5/hetero/seed_1/fedtgp/fedtgp_HIV_alpha0.5_seed1_split1_part1_encmpnn_20260906_144111.csv
HIV,0.5,fedtgp,TGP,2,2,2,2,main_HIV_a0p5_seed2_fedtgp,global_test_round49,0.7224898027794072,0.7071862532204006,50,51,hetero,mpnn,,,,server_synced/formal_v3:main_classification,main_queue,results/reviewer_revision_20260831/server_synced/formal_v3/main_classification/HIV/alpha_0.5/hetero/seed_2/fedtgp/fedtgp_HIV_alpha0.5_seed2_split2_part2_encmpnn_20260906_155835.csv,0d835dd900517311bcfed4f97e7c3b29ba25756ac532ad3e60b9e376b973d891,REPOSITORY/results/reviewer_revision_20260831/server_synced/formal_v3/main_classification/HIV/alpha_0.5/hetero/seed_2/fedtgp/fedtgp_HIV_alpha0.5_seed2_split2_part2_encmpnn_20260906_155835.csv
HIV,0.5,fedavg_proto,SPL,0,0,0,0,main_HIV_a0p5_seed0_fedavg_proto,global_test_round49,0.7384802681507715,0.7549370415604264,50,51,hetero,mpnn,fingerprint,16,0.1,server_synced/formal_v3:main_classification,main_queue,results/reviewer_revision_20260831/server_synced/formal_v3/main_classification/HIV/alpha_0.5/hetero/seed_0/fedavg_proto/fedavg_proto_HIV_alpha0.5_seed0_split0_part0_encmpnn_descfingerprint_20260902_072200.csv,834a7d26bbb20841cc6ad11a7db676cfd3700121e7ef18acbebbd9d3584b9ca4,REPOSITORY/results/reviewer_revision_20260831/server_synced/formal_v3/main_classification/HIV/alpha_0.5/hetero/seed_0/fedavg_proto/fedavg_proto_HIV_alpha0.5_seed0_split0_part0_encmpnn_descfingerprint_20260902_072200.csv
HIV,0.5,fedavg_proto,SPL,1,1,1,1,main_HIV_a0p5_seed1_fedavg_proto,global_test_round49,0.7800575991713556,0.7149081484620776,50,51,hetero,mpnn,fingerprint,16,0.1,server_synced/formal_v3:main_classification,main_queue,results/reviewer_revision_20260831/server_synced/formal_v3/main_classification/HIV/alpha_0.5/hetero/seed_1/fedavg_proto/fedavg_proto_HIV_alpha0.5_seed1_split1_part1_encmpnn_descfingerprint_20260902_074249.csv,84e9ad859b2fb8fcdd2e1d4c53fc8d2f8df918470e9e35bcf9632dc1d9825f67,REPOSITORY/results/reviewer_revision_20260831/server_synced/formal_v3/main_classification/HIV/alpha_0.5/hetero/seed_1/fedavg_proto/fedavg_proto_HIV_alpha0.5_seed1_split1_part1_encmpnn_descfingerprint_20260902_074249.csv
HIV,0.5,fedavg_proto,SPL,2,2,2,2,main_HIV_a0p5_seed2_fedavg_proto,global_test_round49,0.7408911118658255,0.7221107303233951,50,51,hetero,mpnn,fingerprint,16,0.1,server_synced/formal_v3:main_classification,main_queue,results/reviewer_revision_20260831/server_synced/formal_v3/main_classification/HIV/alpha_0.5/hetero/seed_2/fedavg_proto/fedavg_proto_HIV_alpha0.5_seed2_split2_part2_encmpnn_descfingerprint_20260902_074237.csv,d0c91a13503a26476cb74d2959672d913e5d68409888afdc49fd296285d46f02,REPOSITORY/results/reviewer_revision_20260831/server_synced/formal_v3/main_classification/HIV/alpha_0.5/hetero/seed_2/fedavg_proto/fedavg_proto_HIV_alpha0.5_seed2_split2_part2_encmpnn_descfingerprint_20260902_074237.csv
HIV,1.0,avg,Avg,0,0,0,0,main_HIV_a1p0_seed0_avg,global_test_round49,0.7553377181887174,0.7535764536150216,50,51,hetero,mpnn,,,,server_synced/formal_v3:main_classification,main_queue,results/reviewer_revision_20260831/server_synced/formal_v3/main_classification/HIV/alpha_1.0/hetero/seed_0/avg/avg_HIV_alpha1.0_seed0_split0_part0_encmpnn_20260902_130742.csv,9b1f1fb164ddaefef7b6d961b2639477d722fd648733159d660ebb882b4994c9,REPOSITORY/results/reviewer_revision_20260831/server_synced/formal_v3/main_classification/HIV/alpha_1.0/hetero/seed_0/avg/avg_HIV_alpha1.0_seed0_split0_part0_encmpnn_20260902_130742.csv
HIV,1.0,avg,Avg,1,1,1,1,main_HIV_a1p0_seed1_avg,global_test_round49,0.7882049424708154,0.7106456502958484,50,51,hetero,mpnn,,,,server_synced/formal_v3:main_classification,main_queue,results/reviewer_revision_20260831/server_synced/formal_v3/main_classification/HIV/alpha_1.0/hetero/seed_1/avg/avg_HIV_alpha1.0_seed1_split1_part1_encmpnn_20260902_082407.csv,26a667464229e409f528b051741cbf2fb00eed200e971291f96919e90f8e47b4,REPOSITORY/results/reviewer_revision_20260831/server_synced/formal_v3/main_classification/HIV/alpha_1.0/hetero/seed_1/avg/avg_HIV_alpha1.0_seed1_split1_part1_encmpnn_20260902_082407.csv
HIV,1.0,avg,Avg,2,2,2,2,main_HIV_a1p0_seed2_avg,global_test_round49,0.7471097869304051,0.7157496886803133,50,51,hetero,mpnn,,,,server_synced/formal_v3:main_classification,main_queue,results/reviewer_revision_20260831/server_synced/formal_v3/main_classification/HIV/alpha_1.0/hetero/seed_2/avg/avg_HIV_alpha1.0_seed2_split2_part2_encmpnn_20260902_133714.csv,27fc33336fc936e97e478a6feb7628e4756a6aa1345c64a1de1a2ef1887ee4bd,REPOSITORY/results/reviewer_revision_20260831/server_synced/formal_v3/main_classification/HIV/alpha_1.0/hetero/seed_2/avg/avg_HIV_alpha1.0_seed2_split2_part2_encmpnn_20260902_133714.csv
HIV,1.0,fedprox,Prox,0,0,0,0,main_HIV_a1p0_seed0_fedprox,global_test_round49,0.7060033518846446,0.7178547706284416,50,51,hetero,mpnn,,,,server_synced/formal_v3:main_classification,main_queue,results/reviewer_revision_20260831/server_synced/formal_v3/main_classification/HIV/alpha_1.0/hetero/seed_0/fedprox/fedprox_HIV_alpha1.0_seed0_split0_part0_encmpnn_20260905_104743.csv,f2bb3115c9c354027fbfb39359a0c82aa9f7af8a3e9d36873e2263e7d4272027,REPOSITORY/results/reviewer_revision_20260831/server_synced/formal_v3/main_classification/HIV/alpha_1.0/hetero/seed_0/fedprox/fedprox_HIV_alpha1.0_seed0_split0_part0_encmpnn_20260905_104743.csv
HIV,1.0,fedprox,Prox,1,1,1,1,main_HIV_a1p0_seed1_fedprox,global_test_round49,0.7727999636068419,0.7005542062625307,50,51,hetero,mpnn,,,,server_synced/formal_v3:main_classification,main_queue,results/reviewer_revision_20260831/server_synced/formal_v3/main_classification/HIV/alpha_1.0/hetero/seed_1/fedprox/fedprox_HIV_alpha1.0_seed1_split1_part1_encmpnn_20260905_123017.csv,2f9c3378fd96dba6336fb8cb9704e5045120f9f14742503d64f0fdfcb31c26d4,REPOSITORY/results/reviewer_revision_20260831/server_synced/formal_v3/main_classification/HIV/alpha_1.0/hetero/seed_1/fedprox/fedprox_HIV_alpha1.0_seed1_split1_part1_encmpnn_20260905_123017.csv
HIV,1.0,fedprox,Prox,2,2,2,2,main_HIV_a1p0_seed2_fedprox,global_test_round49,0.7326895962621054,0.7028698014758097,50,51,hetero,mpnn,,,,server_synced/formal_v3:main_classification,main_queue,results/reviewer_revision_20260831/server_synced/formal_v3/main_classification/HIV/alpha_1.0/hetero/seed_2/fedprox/fedprox_HIV_alpha1.0_seed2_split2_part2_encmpnn_20260905_141816.csv,c1ac34a37d924471d71dc27135b07a5543d8650ecfc42955aa2113693f0d3627,REPOSITORY/results/reviewer_revision_20260831/server_synced/formal_v3/main_classification/HIV/alpha_1.0/hetero/seed_2/fedprox/fedprox_HIV_alpha1.0_seed2_split2_part2_encmpnn_20260905_141816.csv
HIV,1.0,oursvatFLITPLUS,FLIT+,0,0,0,0,main_HIV_a1p0_seed0_oursvatFLITPLUS,global_test_round49,0.7312768783202631,0.7455646975637976,50,51,hetero,mpnn,,,,server_synced/formal_v3:main_classification,main_queue,results/reviewer_revision_20260831/server_synced/formal_v3/main_classification/HIV/alpha_1.0/hetero/seed_0/oursvatFLITPLUS/oursvatFLITPLUS_HIV_alpha1.0_seed0_split0_part0_encmpnn_20260906_162010.csv,c4ac1353c1c3179475c2419f2f8e8c94e88cfb03b563903d91dafbce143c4182,REPOSITORY/results/reviewer_revision_20260831/server_synced/formal_v3/main_classification/HIV/alpha_1.0/hetero/seed_0/oursvatFLITPLUS/oursvatFLITPLUS_HIV_alpha1.0_seed0_split0_part0_encmpnn_20260906_162010.csv
HIV,1.0,oursvatFLITPLUS,FLIT+,1,1,1,1,main_HIV_a1p0_seed1_oursvatFLITPLUS,global_test_round49,0.7685307662159514,0.7158030285742228,50,51,hetero,mpnn,,,,server_synced/formal_v3:main_classification,main_queue,results/reviewer_revision_20260831/server_synced/formal_v3/main_classification/HIV/alpha_1.0/hetero/seed_1/oursvatFLITPLUS/oursvatFLITPLUS_HIV_alpha1.0_seed1_split1_part1_encmpnn_20260906_173717.csv,229f6a51113af5620571c6cd2f98473e4e2c2529b69ffab0c1a81dd8ce883eef,REPOSITORY/results/reviewer_revision_20260831/server_synced/formal_v3/main_classification/HIV/alpha_1.0/hetero/seed_1/oursvatFLITPLUS/oursvatFLITPLUS_HIV_alpha1.0_seed1_split1_part1_encmpnn_20260906_173717.csv
HIV,1.0,oursvatFLITPLUS,FLIT+,2,2,2,2,main_HIV_a1p0_seed2_oursvatFLITPLUS,global_test_round49,0.7424297000696395,0.7264872161673545,50,51,hetero,mpnn,,,,server_synced/formal_v3:main_classification,main_queue,results/reviewer_revision_20260831/server_synced/formal_v3/main_classification/HIV/alpha_1.0/hetero/seed_2/oursvatFLITPLUS/oursvatFLITPLUS_HIV_alpha1.0_seed2_split2_part2_encmpnn_20260906_185354.csv,632467db7b71feb6fe4b56a441408ff1e4a472a7148a3c17b3ae2f3de8520598,REPOSITORY/results/reviewer_revision_20260831/server_synced/formal_v3/main_classification/HIV/alpha_1.0/hetero/seed_2/oursvatFLITPLUS/oursvatFLITPLUS_HIV_alpha1.0_seed2_split2_part2_encmpnn_20260906_185354.csv
HIV,1.0,fedproto,Proto,0,0,0,0,main_HIV_a1p0_seed0_fedproto,global_test_round49,0.734638249430812,0.7507142193939134,50,51,hetero,mpnn,,,,server_synced/formal_v3:main_classification,main_queue,results/reviewer_revision_20260831/server_synced/formal_v3/main_classification/HIV/alpha_1.0/hetero/seed_0/fedproto/fedproto_HIV_alpha1.0_seed0_split0_part0_encmpnn_20260904_123605.csv,0e3f13460ebb2bffd461914a603079e186b6860eb5a041aa0ff279e7c65a1ca3,REPOSITORY/results/reviewer_revision_20260831/server_synced/formal_v3/main_classification/HIV/alpha_1.0/hetero/seed_0/fedproto/fedproto_HIV_alpha1.0_seed0_split0_part0_encmpnn_20260904_123605.csv
HIV,1.0,fedproto,Proto,1,1,1,1,main_HIV_a1p0_seed1_fedproto,global_test_round49,0.765718169984043,0.7044727705423071,50,51,hetero,mpnn,,,,server_synced/formal_v3:main_classification,main_queue,results/reviewer_revision_20260831/server_synced/formal_v3/main_classification/HIV/alpha_1.0/hetero/seed_1/fedproto/fedproto_HIV_alpha1.0_seed1_split1_part1_encmpnn_20260904_133730.csv,344252ed7c994c3cd87ba07a55b9151e92cc205ff0c4059382d679f8229d2583,REPOSITORY/results/reviewer_revision_20260831/server_synced/formal_v3/main_classification/HIV/alpha_1.0/hetero/seed_1/fedproto/fedproto_HIV_alpha1.0_seed1_split1_part1_encmpnn_20260904_133730.csv
HIV,1.0,fedproto,Proto,2,2,2,2,main_HIV_a1p0_seed2_fedproto,global_test_round49,0.7245103790381509,0.7120678831290458,50,51,hetero,mpnn,,,,server_synced/formal_v3:main_classification,main_queue,results/reviewer_revision_20260831/server_synced/formal_v3/main_classification/HIV/alpha_1.0/hetero/seed_2/fedproto/fedproto_HIV_alpha1.0_seed2_split2_part2_encmpnn_20260904_143857.csv,377db3c057f6b04bd9d265455f62b493a922bf19e5fe3502eef376c49f50d36d,REPOSITORY/results/reviewer_revision_20260831/server_synced/formal_v3/main_classification/HIV/alpha_1.0/hetero/seed_2/fedproto/fedproto_HIV_alpha1.0_seed2_split2_part2_encmpnn_20260904_143857.csv
HIV,1.0,moon,MOON,0,0,0,0,main_HIV_a1p0_seed0_moon,global_test_round49,0.7256877687832026,0.7086368765757465,50,51,hetero,mpnn,,,,server_synced/formal_v3:main_classification,main_queue,results/reviewer_revision_20260831/server_synced/formal_v3/main_classification/HIV/alpha_1.0/hetero/seed_0/moon/moon_HIV_alpha1.0_seed0_split0_part0_encmpnn_20260905_014028.csv,06991c48e143cfe067f81a8e502c088a5122b76717a6293f1d09152ee2f4428d,REPOSITORY/results/reviewer_revision_20260831/server_synced/formal_v3/main_classification/HIV/alpha_1.0/hetero/seed_0/moon/moon_HIV_alpha1.0_seed0_split0_part0_encmpnn_20260905_014028.csv
HIV,1.0,moon,MOON,1,1,1,1,main_HIV_a1p0_seed1_moon,global_test_round49,0.7284003107415806,0.697101827250648,50,51,hetero,mpnn,,,,server_synced/formal_v3:main_classification,main_queue,results/reviewer_revision_20260831/server_synced/formal_v3/main_classification/HIV/alpha_1.0/hetero/seed_1/moon/moon_HIV_alpha1.0_seed1_split1_part1_encmpnn_20260905_025500.csv,5180b4c7de264a141a00f0812e646efaaced822413739480d4bfcc8aa0179757,REPOSITORY/results/reviewer_revision_20260831/server_synced/formal_v3/main_classification/HIV/alpha_1.0/hetero/seed_1/moon/moon_HIV_alpha1.0_seed1_split1_part1_encmpnn_20260905_025500.csv
HIV,1.0,moon,MOON,2,2,2,2,main_HIV_a1p0_seed2_moon,global_test_round49,0.7181656323648975,0.718193076524609,50,51,hetero,mpnn,,,,server_synced/formal_v3:main_classification,main_queue,results/reviewer_revision_20260831/server_synced/formal_v3/main_classification/HIV/alpha_1.0/hetero/seed_2/moon/moon_HIV_alpha1.0_seed2_split2_part2_encmpnn_20260905_040855.csv,07893e90707c158b06ec8cd01202407681e3c5ba9712bf5a4043035bf3482139,REPOSITORY/results/reviewer_revision_20260831/server_synced/formal_v3/main_classification/HIV/alpha_1.0/hetero/seed_2/moon/moon_HIV_alpha1.0_seed2_split2_part2_encmpnn_20260905_040855.csv
HIV,1.0,fpl,FPL,0,0,0,0,main_HIV_a1p0_seed0_fpl,global_test_round49,0.735681760688085,0.7525801175605122,50,51,hetero,mpnn,,,,server_synced/formal_v3:main_classification,main_queue,results/reviewer_revision_20260831/server_synced/formal_v3/main_classification/HIV/alpha_1.0/hetero/seed_0/fpl/fpl_HIV_alpha1.0_seed0_split0_part0_encmpnn_20260905_113339.csv,71bc7d7797a80943968be87cba5a50d5f7886ab5de3490eab9b118a256a49168,REPOSITORY/results/reviewer_revision_20260831/server_synced/formal_v3/main_classification/HIV/alpha_1.0/hetero/seed_0/fpl/fpl_HIV_alpha1.0_seed0_split0_part0_encmpnn_20260905_113339.csv
HIV,1.0,fpl,FPL,1,1,1,1,main_HIV_a1p0_seed1_fpl,global_test_round49,0.7675789451583103,0.7030872548859801,50,51,hetero,mpnn,,,,server_synced/formal_v3:main_classification,main_queue,results/reviewer_revision_20260831/server_synced/formal_v3/main_classification/HIV/alpha_1.0/hetero/seed_1/fpl/fpl_HIV_alpha1.0_seed1_split1_part1_encmpnn_20260905_131726.csv,6318280e164de7b8c3007b51cb52bd2c56736870c05579009b8a481148d4421f,REPOSITORY/results/reviewer_revision_20260831/server_synced/formal_v3/main_classification/HIV/alpha_1.0/hetero/seed_1/fpl/fpl_HIV_alpha1.0_seed1_split1_part1_encmpnn_20260905_131726.csv
HIV,1.0,fpl,FPL,2,2,2,2,main_HIV_a1p0_seed2_fpl,global_test_round49,0.7247539459555885,0.7111416427387899,50,51,hetero,mpnn,,,,server_synced/formal_v3:main_classification,main_queue,results/reviewer_revision_20260831/server_synced/formal_v3/main_classification/HIV/alpha_1.0/hetero/seed_2/fpl/fpl_HIV_alpha1.0_seed2_split2_part2_encmpnn_20260905_145911.csv,81dc8fbe1288ead0dcb7ed84ade4ef8f19569aba744900d88175673d5a47791f,REPOSITORY/results/reviewer_revision_20260831/server_synced/formal_v3/main_classification/HIV/alpha_1.0/hetero/seed_2/fpl/fpl_HIV_alpha1.0_seed2_split2_part2_encmpnn_20260905_145911.csv
HIV,1.0,fedtgp,TGP,0,0,0,0,main_HIV_a1p0_seed0_fedtgp,global_test_round49,0.6992434543384771,0.7145586481255312,50,51,hetero,mpnn,,,,server_synced/formal_v3:main_classification,main_queue,results/reviewer_revision_20260831/server_synced/formal_v3/main_classification/HIV/alpha_1.0/hetero/seed_0/fedtgp/fedtgp_HIV_alpha1.0_seed0_split0_part0_encmpnn_20260906_171552.csv,a31190a74af519e6483385c27ea7a3b0e3ad49f47c7a3a7745e599d41d675d48,REPOSITORY/results/reviewer_revision_20260831/server_synced/formal_v3/main_classification/HIV/alpha_1.0/hetero/seed_0/fedtgp/fedtgp_HIV_alpha1.0_seed0_split0_part0_encmpnn_20260906_171552.csv
HIV,1.0,fedtgp,TGP,1,1,1,1,main_HIV_a1p0_seed1_fedtgp,global_test_round49,0.7392176520814088,0.6787494498687836,50,51,hetero,mpnn,,,,server_synced/formal_v3:main_classification,main_queue,results/reviewer_revision_20260831/server_synced/formal_v3/main_classification/HIV/alpha_1.0/hetero/seed_1/fedtgp/fedtgp_HIV_alpha1.0_seed1_split1_part1_encmpnn_20260906_183205.csv,dc617c15c8d04140193ebcb6d1ffb35adb810e8b3178dd7b93c3ac6e62f27c0c,REPOSITORY/results/reviewer_revision_20260831/server_synced/formal_v3/main_classification/HIV/alpha_1.0/hetero/seed_1/fedtgp/fedtgp_HIV_alpha1.0_seed1_split1_part1_encmpnn_20260906_183205.csv
HIV,1.0,fedtgp,TGP,2,2,2,2,main_HIV_a1p0_seed2_fedtgp,global_test_round49,0.7165550032418414,0.7086219258252973,50,51,hetero,mpnn,,,,server_synced/formal_v3:main_classification,main_queue,results/reviewer_revision_20260831/server_synced/formal_v3/main_classification/HIV/alpha_1.0/hetero/seed_2/fedtgp/fedtgp_HIV_alpha1.0_seed2_split2_part2_encmpnn_20260906_194925.csv,decfc5d710b5e3e98cc8cfc516961e3b7a78dedc6e890ae3573a7115cd98a681,REPOSITORY/results/reviewer_revision_20260831/server_synced/formal_v3/main_classification/HIV/alpha_1.0/hetero/seed_2/fedtgp/fedtgp_HIV_alpha1.0_seed2_split2_part2_encmpnn_20260906_194925.csv
HIV,1.0,fedavg_proto,SPL,0,0,0,0,main_HIV_a1p0_seed0_fedavg_proto,global_test_round49,0.7363964077915508,0.7489786662667037,50,51,hetero,mpnn,fingerprint,16,0.1,server_synced/formal_v3:main_classification,main_queue,results/reviewer_revision_20260831/server_synced/formal_v3/main_classification/HIV/alpha_1.0/hetero/seed_0/fedavg_proto/fedavg_proto_HIV_alpha1.0_seed0_split0_part0_encmpnn_descfingerprint_20260902_082401.csv,529a6aa0ca1263805a8dd5467c51c7440d7aed8136e8aabbcf2b33e4ec83b52f,REPOSITORY/results/reviewer_revision_20260831/server_synced/formal_v3/main_classification/HIV/alpha_1.0/hetero/seed_0/fedavg_proto/fedavg_proto_HIV_alpha1.0_seed0_split0_part0_encmpnn_descfingerprint_20260902_082401.csv
HIV,1.0,fedavg_proto,SPL,1,1,1,1,main_HIV_a1p0_seed1_fedavg_proto,global_test_round49,0.7855078245289886,0.7135495281096678,50,51,hetero,mpnn,fingerprint,16,0.1,server_synced/formal_v3:main_classification,main_queue,results/reviewer_revision_20260831/server_synced/formal_v3/main_classification/HIV/alpha_1.0/hetero/seed_1/fedavg_proto/fedavg_proto_HIV_alpha1.0_seed1_split1_part1_encmpnn_descfingerprint_20260902_091803.csv,bd0db501e03c5453526a2d0f2ee8ce398828f6b62ed83b64642453caf13f930c,REPOSITORY/results/reviewer_revision_20260831/server_synced/formal_v3/main_classification/HIV/alpha_1.0/hetero/seed_1/fedavg_proto/fedavg_proto_HIV_alpha1.0_seed1_split1_part1_encmpnn_descfingerprint_20260902_091803.csv
HIV,1.0,fedavg_proto,SPL,2,2,2,2,main_HIV_a1p0_seed2_fedavg_proto,global_test_round49,0.738753897928309,0.7281089944802933,50,51,hetero,mpnn,fingerprint,16,0.1,server_synced/formal_v3:main_classification,main_queue,results/reviewer_revision_20260831/server_synced/formal_v3/main_classification/HIV/alpha_1.0/hetero/seed_2/fedavg_proto/fedavg_proto_HIV_alpha1.0_seed2_split2_part2_encmpnn_descfingerprint_20260902_130741.csv,247e9db7f3cd1c745fe6a1e710cf7479caad817fd6520eaf699a5ee5b4289ee5,REPOSITORY/results/reviewer_revision_20260831/server_synced/formal_v3/main_classification/HIV/alpha_1.0/hetero/seed_2/fedavg_proto/fedavg_proto_HIV_alpha1.0_seed2_split2_part2_encmpnn_descfingerprint_20260902_130741.csv
ToxCast,0.1,avg,Avg,0,0,0,0,main_ToxCast_a0p1_seed0_avg,global_test_round49,0.6568732986495259,0.7004525038863156,50,51,hetero,mpnn,,,,server_synced/formal_v3:main_classification,main_queue,results/reviewer_revision_20260831/server_synced/formal_v3/main_classification/ToxCast/alpha_0.1/hetero/seed_0/avg/avg_ToxCast_alpha0.1_seed0_split0_part0_encmpnn_20260902_085332.csv,3e946e0180468c643a37db9a225431caf26ff99aa5dc54f3c8619e549fd2beaf,REPOSITORY/results/reviewer_revision_20260831/server_synced/formal_v3/main_classification/ToxCast/alpha_0.1/hetero/seed_0/avg/avg_ToxCast_alpha0.1_seed0_split0_part0_encmpnn_20260902_085332.csv
ToxCast,0.1,avg,Avg,1,1,1,1,main_ToxCast_a0p1_seed1_avg,global_test_round49,0.6828548653138115,0.6806001183422222,50,51,hetero,mpnn,,,,server_synced/formal_v3:main_classification,main_queue,results/reviewer_revision_20260831/server_synced/formal_v3/main_classification/ToxCast/alpha_0.1/hetero/seed_1/avg/avg_ToxCast_alpha0.1_seed1_split1_part1_encmpnn_20260902_140337.csv,3a6da13d755b01ac8916a758021f8119e401a0924017156d86a11b1d510b9774,REPOSITORY/results/reviewer_revision_20260831/server_synced/formal_v3/main_classification/ToxCast/alpha_0.1/hetero/seed_1/avg/avg_ToxCast_alpha0.1_seed1_split1_part1_encmpnn_20260902_140337.csv
ToxCast,0.1,avg,Avg,2,2,2,2,main_ToxCast_a0p1_seed2_avg,global_test_round49,0.6740666640688777,0.6980265776581998,50,51,hetero,mpnn,,,,server_synced/formal_v3:main_classification,main_queue,results/reviewer_revision_20260831/server_synced/formal_v3/main_classification/ToxCast/alpha_0.1/hetero/seed_2/avg/avg_ToxCast_alpha0.1_seed2_split2_part2_encmpnn_20260902_091752.csv,4057451693a88b4681557186675297fdb5392d690eca01f0749b0b2a2c403d52,REPOSITORY/results/reviewer_revision_20260831/server_synced/formal_v3/main_classification/ToxCast/alpha_0.1/hetero/seed_2/avg/avg_ToxCast_alpha0.1_seed2_split2_part2_encmpnn_20260902_091752.csv
ToxCast,0.1,fedprox,Prox,0,0,0,0,main_ToxCast_a0p1_seed0_fedprox,global_test_round49,0.6173413040721009,0.6526918953398987,50,51,hetero,mpnn,,,,server_synced/formal_v3:main_classification,main_queue,results/reviewer_revision_20260831/server_synced/formal_v3/main_classification/ToxCast/alpha_0.1/hetero/seed_0/fedprox/fedprox_ToxCast_alpha0.1_seed0_split0_part0_encmpnn_20260905_160004.csv,aba5a1aa44ba616bb37da4f46eef58a41f59a24bab6160f7e5e8a114565998a5,REPOSITORY/results/reviewer_revision_20260831/server_synced/formal_v3/main_classification/ToxCast/alpha_0.1/hetero/seed_0/fedprox/fedprox_ToxCast_alpha0.1_seed0_split0_part0_encmpnn_20260905_160004.csv
ToxCast,0.1,fedprox,Prox,1,1,1,1,main_ToxCast_a0p1_seed1_fedprox,global_test_round49,0.5229218095535192,0.5027632280193488,50,51,hetero,mpnn,,,,server_synced/formal_v3:main_classification,main_queue,results/reviewer_revision_20260831/server_synced/formal_v3/main_classification/ToxCast/alpha_0.1/hetero/seed_1/fedprox/fedprox_ToxCast_alpha0.1_seed1_split1_part1_encmpnn_20260905_195311.csv,d58f31ac5b64db5fa91b0838588e0a0935d95c8af8616ce0e5962144cfebbd75,REPOSITORY/results/reviewer_revision_20260831/server_synced/formal_v3/main_classification/ToxCast/alpha_0.1/hetero/seed_1/fedprox/fedprox_ToxCast_alpha0.1_seed1_split1_part1_encmpnn_20260905_195311.csv
ToxCast,0.1,fedprox,Prox,2,2,2,2,main_ToxCast_a0p1_seed2_fedprox,global_test_round49,0.670144374444002,0.6782761930078659,50,51,hetero,mpnn,,,,server_synced/formal_v3:main_classification,main_queue,results/reviewer_revision_20260831/server_synced/formal_v3/main_classification/ToxCast/alpha_0.1/hetero/seed_2/fedprox/fedprox_ToxCast_alpha0.1_seed2_split2_part2_encmpnn_20260905_231806.csv,3baea72d18b4c5a8652226d9276a9015239487126f772a2e2c63ba02fbd6e20a,REPOSITORY/results/reviewer_revision_20260831/server_synced/formal_v3/main_classification/ToxCast/alpha_0.1/hetero/seed_2/fedprox/fedprox_ToxCast_alpha0.1_seed2_split2_part2_encmpnn_20260905_231806.csv
ToxCast,0.1,oursvatFLITPLUS,FLIT+,0,0,0,0,main_ToxCast_a0p1_seed0_oursvatFLITPLUS,global_test_round49,0.6323156458626465,0.6802022665388022,50,51,hetero,mpnn,,,,server_synced/formal_v3:main_classification,main_queue,results/reviewer_revision_20260831/server_synced/formal_v3/main_classification/ToxCast/alpha_0.1/hetero/seed_0/oursvatFLITPLUS/oursvatFLITPLUS_ToxCast_alpha0.1_seed0_split0_part0_encmpnn_20260906_201052.csv,2bce78cacc5c9862af64655c39da33113ce54f15dd7ab71f7319c0b386723229,REPOSITORY/results/reviewer_revision_20260831/server_synced/formal_v3/main_classification/ToxCast/alpha_0.1/hetero/seed_0/oursvatFLITPLUS/oursvatFLITPLUS_ToxCast_alpha0.1_seed0_split0_part0_encmpnn_20260906_201052.csv
ToxCast,0.1,oursvatFLITPLUS,FLIT+,1,1,1,1,main_ToxCast_a0p1_seed1_oursvatFLITPLUS,global_test_round49,0.6812240077885318,0.6494766694043899,50,51,hetero,mpnn,,,,server_synced/formal_v3:main_classification,main_queue,results/reviewer_revision_20260831/server_synced/formal_v3/main_classification/ToxCast/alpha_0.1/hetero/seed_1/oursvatFLITPLUS/oursvatFLITPLUS_ToxCast_alpha0.1_seed1_split1_part1_encmpnn_20260906_212633.csv,158c061902d7dfdf364dbbfc933bfdf44a8e5ef0493c8e84b3a7bef9e29b13cf,REPOSITORY/results/reviewer_revision_20260831/server_synced/formal_v3/main_classification/ToxCast/alpha_0.1/hetero/seed_1/oursvatFLITPLUS/oursvatFLITPLUS_ToxCast_alpha0.1_seed1_split1_part1_encmpnn_20260906_212633.csv
ToxCast,0.1,oursvatFLITPLUS,FLIT+,2,2,2,2,main_ToxCast_a0p1_seed2_oursvatFLITPLUS,global_test_round49,0.6702570505272877,0.7069045723666302,50,51,hetero,mpnn,,,,server_synced/formal_v3:main_classification,main_queue,results/reviewer_revision_20260831/server_synced/formal_v3/main_classification/ToxCast/alpha_0.1/hetero/seed_2/oursvatFLITPLUS/oursvatFLITPLUS_ToxCast_alpha0.1_seed2_split2_part2_encmpnn_20260906_224235.csv,81a113617000b0dd682c8d8114be7a0794aa5875ee8fbe2f115f501c0d16735a,REPOSITORY/results/reviewer_revision_20260831/server_synced/formal_v3/main_classification/ToxCast/alpha_0.1/hetero/seed_2/oursvatFLITPLUS/oursvatFLITPLUS_ToxCast_alpha0.1_seed2_split2_part2_encmpnn_20260906_224235.csv
ToxCast,0.1,fedproto,Proto,0,0,0,0,main_ToxCast_a0p1_seed0_fedproto,global_test_round49,0.6547568986098103,0.6932675710223336,50,51,hetero,mpnn,,,,server_synced/formal_v3:main_classification,main_queue,results/reviewer_revision_20260831/server_synced/formal_v3/main_classification/ToxCast/alpha_0.1/hetero/seed_0/fedproto/fedproto_ToxCast_alpha0.1_seed0_split0_part0_encmpnn_20260904_154004.csv,2204534b2ad37818c44088a8aadb3a79b7c533e94926f7eb0df51526eba57b76,REPOSITORY/results/reviewer_revision_20260831/server_synced/formal_v3/main_classification/ToxCast/alpha_0.1/hetero/seed_0/fedproto/fedproto_ToxCast_alpha0.1_seed0_split0_part0_encmpnn_20260904_154004.csv
ToxCast,0.1,fedproto,Proto,1,1,1,1,main_ToxCast_a0p1_seed1_fedproto,global_test_round49,0.6791163259098035,0.6792890329404864,50,51,hetero,mpnn,,,,server_synced/formal_v3:main_classification,main_queue,results/reviewer_revision_20260831/server_synced/formal_v3/main_classification/ToxCast/alpha_0.1/hetero/seed_1/fedproto/fedproto_ToxCast_alpha0.1_seed1_split1_part1_encmpnn_20260904_195823.csv,bc2602475e517cb1a31d557b41a81e98fcb6bd480356861dcc3787e8a5e9a829,REPOSITORY/results/reviewer_revision_20260831/server_synced/formal_v3/main_classification/ToxCast/alpha_0.1/hetero/seed_1/fedproto/fedproto_ToxCast_alpha0.1_seed1_split1_part1_encmpnn_20260904_195823.csv
ToxCast,0.1,fedproto,Proto,2,2,2,2,main_ToxCast_a0p1_seed2_fedproto,global_test_round49,0.7041839170985551,0.6927762873467779,50,51,hetero,mpnn,,,,server_synced/formal_v3:main_classification,main_queue,results/reviewer_revision_20260831/server_synced/formal_v3/main_classification/ToxCast/alpha_0.1/hetero/seed_2/fedproto/fedproto_ToxCast_alpha0.1_seed2_split2_part2_encmpnn_20260905_001703.csv,14c44e191bf4622dc64175cbd2f6007e20eecf24124f711457595cd748f8ebca,REPOSITORY/results/reviewer_revision_20260831/server_synced/formal_v3/main_classification/ToxCast/alpha_0.1/hetero/seed_2/fedproto/fedproto_ToxCast_alpha0.1_seed2_split2_part2_encmpnn_20260905_001703.csv
ToxCast,0.1,moon,MOON,0,0,0,0,main_ToxCast_a0p1_seed0_moon,global_test_round49,0.6428733989843447,0.6741447578752023,50,51,hetero,mpnn,,,,server_synced/formal_v3:main_classification,main_queue,results/reviewer_revision_20260831/server_synced/formal_v3/main_classification/ToxCast/alpha_0.1/hetero/seed_0/moon/moon_ToxCast_alpha0.1_seed0_split0_part0_encmpnn_20260905_052239.csv,423d72dd00d59fd5e9d0a532f63898f0bab047462ad36b3508ad3aca3a955d55,REPOSITORY/results/reviewer_revision_20260831/server_synced/formal_v3/main_classification/ToxCast/alpha_0.1/hetero/seed_0/moon/moon_ToxCast_alpha0.1_seed0_split0_part0_encmpnn_20260905_052239.csv
ToxCast,0.1,moon,MOON,1,1,1,1,main_ToxCast_a0p1_seed1_moon,global_test_round49,0.6545033497308763,0.6645194982949493,50,51,hetero,mpnn,,,,server_synced/formal_v3:main_classification,main_queue,results/reviewer_revision_20260831/server_synced/formal_v3/main_classification/ToxCast/alpha_0.1/hetero/seed_1/moon/moon_ToxCast_alpha0.1_seed1_split1_part1_encmpnn_20260905_064645.csv,43f65a66fea20a235799c99e35665629a45ac3b9537fe2bffa90ab40d1084003,REPOSITORY/results/reviewer_revision_20260831/server_synced/formal_v3/main_classification/ToxCast/alpha_0.1/hetero/seed_1/moon/moon_ToxCast_alpha0.1_seed1_split1_part1_encmpnn_20260905_064645.csv
ToxCast,0.1,moon,MOON,2,2,2,2,main_ToxCast_a0p1_seed2_moon,global_test_round49,0.6742922317106242,0.6822416421026284,50,51,hetero,mpnn,,,,server_synced/formal_v3:main_classification,main_queue,results/reviewer_revision_20260831/server_synced/formal_v3/main_classification/ToxCast/alpha_0.1/hetero/seed_2/moon/moon_ToxCast_alpha0.1_seed2_split2_part2_encmpnn_20260905_081353.csv,2ca6045997a928cf86626f0f6eebaaebc1df94bf1d140177188afce7c5f0fd0f,REPOSITORY/results/reviewer_revision_20260831/server_synced/formal_v3/main_classification/ToxCast/alpha_0.1/hetero/seed_2/moon/moon_ToxCast_alpha0.1_seed2_split2_part2_encmpnn_20260905_081353.csv
ToxCast,0.1,fpl,FPL,0,0,0,0,main_ToxCast_a0p1_seed0_fpl,global_test_round49,0.6184109533825021,0.6735005433079325,50,51,hetero,mpnn,,,,server_synced/formal_v3:main_classification,main_queue,results/reviewer_revision_20260831/server_synced/formal_v3/main_classification/ToxCast/alpha_0.1/hetero/seed_0/fpl/fpl_ToxCast_alpha0.1_seed0_split0_part0_encmpnn_20260905_165720.csv,5d8cb55b2c4099abcb4e0f66c083ff3a3bbcd0b7632e284220e0a92caae177e4,REPOSITORY/results/reviewer_revision_20260831/server_synced/formal_v3/main_classification/ToxCast/alpha_0.1/hetero/seed_0/fpl/fpl_ToxCast_alpha0.1_seed0_split0_part0_encmpnn_20260905_165720.csv
ToxCast,0.1,fpl,FPL,1,1,1,1,main_ToxCast_a0p1_seed1_fpl,global_test_round49,0.6779819580677935,0.6787604547689019,50,51,hetero,mpnn,,,,server_synced/formal_v3:main_classification,main_queue,results/reviewer_revision_20260831/server_synced/formal_v3/main_classification/ToxCast/alpha_0.1/hetero/seed_1/fpl/fpl_ToxCast_alpha0.1_seed1_split1_part1_encmpnn_20260905_203539.csv,ecf1b519e477ac97363b664fffd70c6ae7ec111703b7c106bc6415fb7837bfc8,REPOSITORY/results/reviewer_revision_20260831/server_synced/formal_v3/main_classification/ToxCast/alpha_0.1/hetero/seed_1/fpl/fpl_ToxCast_alpha0.1_seed1_split1_part1_encmpnn_20260905_203539.csv
ToxCast,0.1,fpl,FPL,2,2,2,2,main_ToxCast_a0p1_seed2_fpl,global_test_round49,0.7007775069198536,0.6944096867289143,50,51,hetero,mpnn,,,,server_synced/formal_v3:main_classification,main_queue,results/reviewer_revision_20260831/server_synced/formal_v3/main_classification/ToxCast/alpha_0.1/hetero/seed_2/fpl/fpl_ToxCast_alpha0.1_seed2_split2_part2_encmpnn_20260905_235548.csv,2d2e7b65b2d958e6977bb436755a0340828a22f729145013cb1433fec0d13223,REPOSITORY/results/reviewer_revision_20260831/server_synced/formal_v3/main_classification/ToxCast/alpha_0.1/hetero/seed_2/fpl/fpl_ToxCast_alpha0.1_seed2_split2_part2_encmpnn_20260905_235548.csv
ToxCast,0.1,fedtgp,TGP,0,0,0,0,main_ToxCast_a0p1_seed0_fedtgp,global_test_round49,0.6436606139010137,0.6858763587298896,50,51,hetero,mpnn,,,,server_synced/formal_v3:main_classification,main_queue,results/reviewer_revision_20260831/server_synced/formal_v3/main_classification/ToxCast/alpha_0.1/hetero/seed_0/fedtgp/fedtgp_ToxCast_alpha0.1_seed0_split0_part0_encmpnn_20260906_205331.csv,ee3cba943bc28d7cdd8ed894de0b399ad1962270f073d521af34823ab4288315,REPOSITORY/results/reviewer_revision_20260831/server_synced/formal_v3/main_classification/ToxCast/alpha_0.1/hetero/seed_0/fedtgp/fedtgp_ToxCast_alpha0.1_seed0_split0_part0_encmpnn_20260906_205331.csv
ToxCast,0.1,fedtgp,TGP,1,1,1,1,main_ToxCast_a0p1_seed1_fedtgp,global_test_round49,0.6763937740896532,0.6715693101168702,50,51,hetero,mpnn,,,,server_synced/formal_v3:main_classification,main_queue,results/reviewer_revision_20260831/server_synced/formal_v3/main_classification/ToxCast/alpha_0.1/hetero/seed_1/fedtgp/fedtgp_ToxCast_alpha0.1_seed1_split1_part1_encmpnn_20260906_220918.csv,3da6f763c538058ed2216b84ca3d8fda39cc07711f9ac3718fb802525e203c7d,REPOSITORY/results/reviewer_revision_20260831/server_synced/formal_v3/main_classification/ToxCast/alpha_0.1/hetero/seed_1/fedtgp/fedtgp_ToxCast_alpha0.1_seed1_split1_part1_encmpnn_20260906_220918.csv
ToxCast,0.1,fedtgp,TGP,2,2,2,2,main_ToxCast_a0p1_seed2_fedtgp,global_test_round49,0.6956508546398672,0.6870778934105489,50,51,hetero,mpnn,,,,server_synced/formal_v3:main_classification,main_queue,results/reviewer_revision_20260831/server_synced/formal_v3/main_classification/ToxCast/alpha_0.1/hetero/seed_2/fedtgp/fedtgp_ToxCast_alpha0.1_seed2_split2_part2_encmpnn_20260906_232532.csv,86faf6904d0d336db99879b746375c05b64f4aba7c738d2d0858fd5f3066015f,REPOSITORY/results/reviewer_revision_20260831/server_synced/formal_v3/main_classification/ToxCast/alpha_0.1/hetero/seed_2/fedtgp/fedtgp_ToxCast_alpha0.1_seed2_split2_part2_encmpnn_20260906_232532.csv
ToxCast,0.1,fedavg_proto,SPL,0,0,0,0,main_ToxCast_a0p1_seed0_fedavg_proto,global_test_round49,0.6424005144327326,0.6862867582951149,50,51,hetero,mpnn,fingerprint,32,0.1,server_synced/formal_v3:main_classification,main_queue,results/reviewer_revision_20260831/server_synced/formal_v3/main_classification/ToxCast/alpha_0.1/hetero/seed_0/fedavg_proto/fedavg_proto_ToxCast_alpha0.1_seed0_split0_part0_encmpnn_descfingerprint_20260902_101929.csv,d22808dd6c09d9c5733de125e1ae0368acc2166f3512e9f6d6806df7abcd5c72,REPOSITORY/results/reviewer_revision_20260831/server_synced/formal_v3/main_classification/ToxCast/alpha_0.1/hetero/seed_0/fedavg_proto/fedavg_proto_ToxCast_alpha0.1_seed0_split0_part0_encmpnn_descfingerprint_20260902_101929.csv
ToxCast,0.1,fedavg_proto,SPL,1,1,1,1,main_ToxCast_a0p1_seed1_fedavg_proto,global_test_round49,0.6769904050132873,0.6749781451046707,50,51,hetero,mpnn,fingerprint,32,0.1,server_synced/formal_v3:main_classification,main_queue,results/reviewer_revision_20260831/server_synced/formal_v3/main_classification/ToxCast/alpha_0.1/hetero/seed_1/fedavg_proto/fedavg_proto_ToxCast_alpha0.1_seed1_split1_part1_encmpnn_descfingerprint_20260902_133655.csv,8dfd1b35a40c1726505aca90e4215d63cb9b6aba394ff8177b73f947e1757d7a,REPOSITORY/results/reviewer_revision_20260831/server_synced/formal_v3/main_classification/ToxCast/alpha_0.1/hetero/seed_1/fedavg_proto/fedavg_proto_ToxCast_alpha0.1_seed1_split1_part1_encmpnn_descfingerprint_20260902_133655.csv
ToxCast,0.1,fedavg_proto,SPL,2,2,2,2,main_ToxCast_a0p1_seed2_fedavg_proto,global_test_round49,0.6933917280895809,0.6982637064930514,50,51,hetero,mpnn,fingerprint,32,0.1,server_synced/formal_v3:main_classification,main_queue,results/reviewer_revision_20260831/server_synced/formal_v3/main_classification/ToxCast/alpha_0.1/hetero/seed_2/fedavg_proto/fedavg_proto_ToxCast_alpha0.1_seed2_split2_part2_encmpnn_descfingerprint_20260902_104935.csv,1b223259d75e3a9116742600c4210566ccd0ba5ebbb8dd8cd0ec316e2b5107de,REPOSITORY/results/reviewer_revision_20260831/server_synced/formal_v3/main_classification/ToxCast/alpha_0.1/hetero/seed_2/fedavg_proto/fedavg_proto_ToxCast_alpha0.1_seed2_split2_part2_encmpnn_descfingerprint_20260902_104935.csv
ToxCast,0.5,avg,Avg,0,0,0,0,main_ToxCast_a0p5_seed0_avg,global_test_round49,0.642737188064977,0.6837729083918999,50,51,hetero,mpnn,,,,server_synced/formal_v3:main_classification,main_queue,results/reviewer_revision_20260831/server_synced/formal_v3/main_classification/ToxCast/alpha_0.5/hetero/seed_0/avg/avg_ToxCast_alpha0.5_seed0_split0_part0_encmpnn_20260902_141938.csv,caef2f70a5fba5bb86c1e15ea7f32ba89dee996c9fcd8f028365253a1d687c79,REPOSITORY/results/reviewer_revision_20260831/server_synced/formal_v3/main_classification/ToxCast/alpha_0.5/hetero/seed_0/avg/avg_ToxCast_alpha0.5_seed0_split0_part0_encmpnn_20260902_141938.csv
ToxCast,0.5,avg,Avg,1,1,1,1,main_ToxCast_a0p5_seed1_avg,global_test_round49,0.6940101005387536,0.6890179537104187,50,51,hetero,mpnn,,,,server_synced/formal_v3:main_classification,main_queue,results/reviewer_revision_20260831/server_synced/formal_v3/main_classification/ToxCast/alpha_0.5/hetero/seed_1/avg/avg_ToxCast_alpha0.5_seed1_split1_part1_encmpnn_20260902_094740.csv,aff224fea2d3d84763de62f55adee1dfd8f631a0f36c6411286c8eb5e2a9f3d2,REPOSITORY/results/reviewer_revision_20260831/server_synced/formal_v3/main_classification/ToxCast/alpha_0.5/hetero/seed_1/avg/avg_ToxCast_alpha0.5_seed1_split1_part1_encmpnn_20260902_094740.csv
ToxCast,0.5,avg,Avg,2,2,2,2,main_ToxCast_a0p5_seed2_avg,global_test_round49,0.6832551904636337,0.6872540558836268,50,51,hetero,mpnn,,,,server_synced/formal_v3:main_classification,main_queue,results/reviewer_revision_20260831/server_synced/formal_v3/main_classification/ToxCast/alpha_0.5/hetero/seed_2/avg/avg_ToxCast_alpha0.5_seed2_split2_part2_encmpnn_20260902_143530.csv,fcdf21b0bcfa3a5d18a5c18d6febfe28408023a7b4f299bf7e4472014977cf3e,REPOSITORY/results/reviewer_revision_20260831/server_synced/formal_v3/main_classification/ToxCast/alpha_0.5/hetero/seed_2/avg/avg_ToxCast_alpha0.5_seed2_split2_part2_encmpnn_20260902_143530.csv
ToxCast,0.5,fedprox,Prox,0,0,0,0,main_ToxCast_a0p5_seed0_fedprox,global_test_round49,0.5465854041269603,0.5535192455513969,50,51,hetero,mpnn,,,,server_synced/formal_v3:main_classification,main_queue,results/reviewer_revision_20260831/server_synced/formal_v3/main_classification/ToxCast/alpha_0.5/hetero/seed_0/fedprox/fedprox_ToxCast_alpha0.5_seed0_split0_part0_encmpnn_20260906_014923.csv,453b80097422b547ce32ab6882b4171536d42c94b690d60f8114776f1affb291,REPOSITORY/results/reviewer_revision_20260831/server_synced/formal_v3/main_classification/ToxCast/alpha_0.5/hetero/seed_0/fedprox/fedprox_ToxCast_alpha0.5_seed0_split0_part0_encmpnn_20260906_014923.csv
ToxCast,0.5,fedprox,Prox,1,1,1,1,main_ToxCast_a0p5_seed1_fedprox,global_test_round49,0.5238937583041657,0.5058136061583162,50,51,hetero,mpnn,,,,server_synced/formal_v3:main_classification,main_queue,results/reviewer_revision_20260831/server_synced/formal_v3/main_classification/ToxCast/alpha_0.5/hetero/seed_1/fedprox/fedprox_ToxCast_alpha0.5_seed1_split1_part1_encmpnn_20260906_040056.csv,1a392a3b6a13a14501525806900509c1af53562febbc68db4e5c932e56a0f18e,REPOSITORY/results/reviewer_revision_20260831/server_synced/formal_v3/main_classification/ToxCast/alpha_0.5/hetero/seed_1/fedprox/fedprox_ToxCast_alpha0.5_seed1_split1_part1_encmpnn_20260906_040056.csv
ToxCast,0.5,fedprox,Prox,2,2,2,2,main_ToxCast_a0p5_seed2_fedprox,global_test_round49,0.6495293470459914,0.6726034906400765,50,51,hetero,mpnn,,,,server_synced/formal_v3:main_classification,main_queue,results/reviewer_revision_20260831/server_synced/formal_v3/main_classification/ToxCast/alpha_0.5/hetero/seed_2/fedprox/fedprox_ToxCast_alpha0.5_seed2_split2_part2_encmpnn_20260906_060710.csv,aaab6b45e71b4835fa8c4c03ef7a7b9395eb4b4a874817db6b63b5f025034265,REPOSITORY/results/reviewer_revision_20260831/server_synced/formal_v3/main_classification/ToxCast/alpha_0.5/hetero/seed_2/fedprox/fedprox_ToxCast_alpha0.5_seed2_split2_part2_encmpnn_20260906_060710.csv
ToxCast,0.5,oursvatFLITPLUS,FLIT+,0,0,0,0,main_ToxCast_a0p5_seed0_oursvatFLITPLUS,global_test_round49,0.6176517738881813,0.6765660470103533,50,51,hetero,mpnn,,,,server_synced/formal_v3:main_classification,main_queue,results/reviewer_revision_20260831/server_synced/formal_v3/main_classification/ToxCast/alpha_0.5/hetero/seed_0/oursvatFLITPLUS/oursvatFLITPLUS_ToxCast_alpha0.5_seed0_split0_part0_encmpnn_20260906_235922.csv,0be29af7ebde49b629cb61f449060c90f398f63498ab6907b10cbcca18aeed68,REPOSITORY/results/reviewer_revision_20260831/server_synced/formal_v3/main_classification/ToxCast/alpha_0.5/hetero/seed_0/oursvatFLITPLUS/oursvatFLITPLUS_ToxCast_alpha0.5_seed0_split0_part0_encmpnn_20260906_235922.csv
ToxCast,0.5,oursvatFLITPLUS,FLIT+,1,1,1,1,main_ToxCast_a0p5_seed1_oursvatFLITPLUS,global_test_round49,0.6833731841523253,0.6482337350590921,50,51,hetero,mpnn,,,,server_synced/formal_v3:main_classification,main_queue,results/reviewer_revision_20260831/server_synced/formal_v3/main_classification/ToxCast/alpha_0.5/hetero/seed_1/oursvatFLITPLUS/oursvatFLITPLUS_ToxCast_alpha0.5_seed1_split1_part1_encmpnn_20260907_011450.csv,0d92a239f2d9a8c5755964449ca26ad9e439ec68dfbe9c38fc5a5d8964cc9e20,REPOSITORY/results/reviewer_revision_20260831/server_synced/formal_v3/main_classification/ToxCast/alpha_0.5/hetero/seed_1/oursvatFLITPLUS/oursvatFLITPLUS_ToxCast_alpha0.5_seed1_split1_part1_encmpnn_20260907_011450.csv
ToxCast,0.5,oursvatFLITPLUS,FLIT+,2,2,2,2,main_ToxCast_a0p5_seed2_oursvatFLITPLUS,global_test_round49,0.6736912515613276,0.683191931019527,50,51,hetero,mpnn,,,,server_synced/formal_v3:main_classification,main_queue,results/reviewer_revision_20260831/server_synced/formal_v3/main_classification/ToxCast/alpha_0.5/hetero/seed_2/oursvatFLITPLUS/oursvatFLITPLUS_ToxCast_alpha0.5_seed2_split2_part2_encmpnn_20260907_023034.csv,dfd9a13e13f716c11ac2d0d2fc057025e6f27ac95032b7a7b2f725cb370b2972,REPOSITORY/results/reviewer_revision_20260831/server_synced/formal_v3/main_classification/ToxCast/alpha_0.5/hetero/seed_2/oursvatFLITPLUS/oursvatFLITPLUS_ToxCast_alpha0.5_seed2_split2_part2_encmpnn_20260907_023034.csv
ToxCast,0.5,fedproto,Proto,0,0,0,0,main_ToxCast_a0p5_seed0_fedproto,global_test_round49,0.6460563606188955,0.6872897714445588,50,51,hetero,mpnn,,,,server_synced/formal_v3:main_classification,main_queue,results/reviewer_revision_20260831/server_synced/formal_v3/main_classification/ToxCast/alpha_0.5/hetero/seed_0/fedproto/fedproto_ToxCast_alpha0.5_seed0_split0_part0_encmpnn_20260905_043930.csv,101737b65b17dbd2cf96c8b4d1085cc19e824d5757cdf063836ff1460c13ce21,REPOSITORY/results/reviewer_revision_20260831/server_synced/formal_v3/main_classification/ToxCast/alpha_0.5/hetero/seed_0/fedproto/fedproto_ToxCast_alpha0.5_seed0_split0_part0_encmpnn_20260905_043930.csv
ToxCast,0.5,fedproto,Proto,1,1,1,1,main_ToxCast_a0p5_seed1_fedproto,global_test_round49,0.6825795190468005,0.6817731373533601,50,51,hetero,mpnn,,,,server_synced/formal_v3:main_classification,main_queue,results/reviewer_revision_20260831/server_synced/formal_v3/main_classification/ToxCast/alpha_0.5/hetero/seed_1/fedproto/fedproto_ToxCast_alpha0.5_seed1_split1_part1_encmpnn_20260905_083417.csv,999a3209ebca2b1f076ee1e43db8dad0da7f3d777634fab003f6e3660e2f28c5,REPOSITORY/results/reviewer_revision_20260831/server_synced/formal_v3/main_classification/ToxCast/alpha_0.5/hetero/seed_1/fedproto/fedproto_ToxCast_alpha0.5_seed1_split1_part1_encmpnn_20260905_083417.csv
ToxCast,0.5,fedproto,Proto,2,2,2,2,main_ToxCast_a0p5_seed2_fedproto,global_test_round49,0.6978520481810121,0.6953017707742559,50,51,hetero,mpnn,,,,server_synced/formal_v3:main_classification,main_queue,results/reviewer_revision_20260831/server_synced/formal_v3/main_classification/ToxCast/alpha_0.5/hetero/seed_2/fedproto/fedproto_ToxCast_alpha0.5_seed2_split2_part2_encmpnn_20260905_122802.csv,e14d66a076f3ded2499810e33dbb89f564b73205390f903a690b3cea6e25dacf,REPOSITORY/results/reviewer_revision_20260831/server_synced/formal_v3/main_classification/ToxCast/alpha_0.5/hetero/seed_2/fedproto/fedproto_ToxCast_alpha0.5_seed2_split2_part2_encmpnn_20260905_122802.csv
ToxCast,0.5,moon,MOON,0,0,0,0,main_ToxCast_a0p5_seed0_moon,global_test_round49,0.6480850690994863,0.6856831408932337,50,51,hetero,mpnn,,,,server_synced/formal_v3:main_classification,main_queue,results/reviewer_revision_20260831/server_synced/formal_v3/main_classification/ToxCast/alpha_0.5/hetero/seed_0/moon/moon_ToxCast_alpha0.5_seed0_split0_part0_encmpnn_20260905_093841.csv,264905c534d57813829f9214d9edf9f7da83b9241beda3fac46a53d423bc4058,REPOSITORY/results/reviewer_revision_20260831/server_synced/formal_v3/main_classification/ToxCast/alpha_0.5/hetero/seed_0/moon/moon_ToxCast_alpha0.5_seed0_split0_part0_encmpnn_20260905_093841.csv
ToxCast,0.5,moon,MOON,1,1,1,1,main_ToxCast_a0p5_seed1_moon,global_test_round49,0.6730318715045422,0.6736974136047047,50,51,hetero,mpnn,,,,server_synced/formal_v3:main_classification,main_queue,results/reviewer_revision_20260831/server_synced/formal_v3/main_classification/ToxCast/alpha_0.5/hetero/seed_1/moon/moon_ToxCast_alpha0.5_seed1_split1_part1_encmpnn_20260905_110322.csv,f83b5a99a3dd3f1e6c2a9092f4008f05cc638c5fb00d50666fc76e3a5e74a293,REPOSITORY/results/reviewer_revision_20260831/server_synced/formal_v3/main_classification/ToxCast/alpha_0.5/hetero/seed_1/moon/moon_ToxCast_alpha0.5_seed1_split1_part1_encmpnn_20260905_110322.csv
ToxCast,0.5,moon,MOON,2,2,2,2,main_ToxCast_a0p5_seed2_moon,global_test_round49,0.67028468765515,0.6773812575792244,50,51,hetero,mpnn,,,,server_synced/formal_v3:main_classification,main_queue,results/reviewer_revision_20260831/server_synced/formal_v3/main_classification/ToxCast/alpha_0.5/hetero/seed_2/moon/moon_ToxCast_alpha0.5_seed2_split2_part2_encmpnn_20260905_122319.csv,bf1f806085c8bc730ebdd91f6164e4c0cb2a4204df4ec00b7817b9614c37bfbc,REPOSITORY/results/reviewer_revision_20260831/server_synced/formal_v3/main_classification/ToxCast/alpha_0.5/hetero/seed_2/moon/moon_ToxCast_alpha0.5_seed2_split2_part2_encmpnn_20260905_122319.csv
ToxCast,0.5,fpl,FPL,0,0,0,0,main_ToxCast_a0p5_seed0_fpl,global_test_round49,0.644610252290576,0.6865135487529408,50,51,hetero,mpnn,,,,server_synced/formal_v3:main_classification,main_queue,results/reviewer_revision_20260831/server_synced/formal_v3/main_classification/ToxCast/alpha_0.5/hetero/seed_0/fpl/fpl_ToxCast_alpha0.5_seed0_split0_part0_encmpnn_20260906_022308.csv,e62f9c809e914e861c1cbd4bcde9e703cb3ad87779c25b19726bce347443d81d,REPOSITORY/results/reviewer_revision_20260831/server_synced/formal_v3/main_classification/ToxCast/alpha_0.5/hetero/seed_0/fpl/fpl_ToxCast_alpha0.5_seed0_split0_part0_encmpnn_20260906_022308.csv
ToxCast,0.5,fpl,FPL,1,1,1,1,main_ToxCast_a0p5_seed1_fpl,global_test_round49,0.6821735848451126,0.6804767162115051,50,51,hetero,mpnn,,,,server_synced/formal_v3:main_classification,main_queue,results/reviewer_revision_20260831/server_synced/formal_v3/main_classification/ToxCast/alpha_0.5/hetero/seed_1/fpl/fpl_ToxCast_alpha0.5_seed1_split1_part1_encmpnn_20260906_043202.csv,dee13a02e2644e990bf8905820c3a8e60adcfce36e333994d5b484e064a09589,REPOSITORY/results/reviewer_revision_20260831/server_synced/formal_v3/main_classification/ToxCast/alpha_0.5/hetero/seed_1/fpl/fpl_ToxCast_alpha0.5_seed1_split1_part1_encmpnn_20260906_043202.csv
ToxCast,0.5,fpl,FPL,2,2,2,2,main_ToxCast_a0p5_seed2_fpl,global_test_round49,0.6988756178005404,0.6921055245441686,50,51,hetero,mpnn,,,,server_synced/formal_v3:main_classification,main_queue,results/reviewer_revision_20260831/server_synced/formal_v3/main_classification/ToxCast/alpha_0.5/hetero/seed_2/fpl/fpl_ToxCast_alpha0.5_seed2_split2_part2_encmpnn_20260906_063719.csv,9a42dce8b6eb7edf5c52ab16990bcec7acd9e9392d933c69c3c8aa0da75f64d5,REPOSITORY/results/reviewer_revision_20260831/server_synced/formal_v3/main_classification/ToxCast/alpha_0.5/hetero/seed_2/fpl/fpl_ToxCast_alpha0.5_seed2_split2_part2_encmpnn_20260906_063719.csv
ToxCast,0.5,fedtgp,TGP,0,0,0,0,main_ToxCast_a0p5_seed0_fedtgp,global_test_round49,0.6397952905721781,0.6891128718926185,50,51,hetero,mpnn,,,,server_synced/formal_v3:main_classification,main_queue,results/reviewer_revision_20260831/server_synced/formal_v3/main_classification/ToxCast/alpha_0.5/hetero/seed_0/fedtgp/fedtgp_ToxCast_alpha0.5_seed0_split0_part0_encmpnn_20260907_004140.csv,8f7fe0ef1d385088811e64a84579668fd823375999d59a0a415f39d9b59ca085,REPOSITORY/results/reviewer_revision_20260831/server_synced/formal_v3/main_classification/ToxCast/alpha_0.5/hetero/seed_0/fedtgp/fedtgp_ToxCast_alpha0.5_seed0_split0_part0_encmpnn_20260907_004140.csv
ToxCast,0.5,fedtgp,TGP,1,1,1,1,main_ToxCast_a0p5_seed1_fedtgp,global_test_round49,0.6753078808582053,0.6696673045431334,50,51,hetero,mpnn,,,,server_synced/formal_v3:main_classification,main_queue,results/reviewer_revision_20260831/server_synced/formal_v3/main_classification/ToxCast/alpha_0.5/hetero/seed_1/fedtgp/fedtgp_ToxCast_alpha0.5_seed1_split1_part1_encmpnn_20260907_015717.csv,c63c21a7a55ff1f8f4a3f99d389c151bd20bb2c2e4455cb0f8b0908126d766a2,REPOSITORY/results/reviewer_revision_20260831/server_synced/formal_v3/main_classification/ToxCast/alpha_0.5/hetero/seed_1/fedtgp/fedtgp_ToxCast_alpha0.5_seed1_split1_part1_encmpnn_20260907_015717.csv
ToxCast,0.5,fedtgp,TGP,2,2,2,2,main_ToxCast_a0p5_seed2_fedtgp,global_test_round49,0.6969218447083385,0.6897296343438156,50,51,hetero,mpnn,,,,server_synced/formal_v3:main_classification,main_queue,results/reviewer_revision_20260831/server_synced/formal_v3/main_classification/ToxCast/alpha_0.5/hetero/seed_2/fedtgp/fedtgp_ToxCast_alpha0.5_seed2_split2_part2_encmpnn_20260907_031320.csv,4e5b9e6803b2ddfd96b78b40fc6d54796e77a38f8868db6f571cbcd7d05bd4a7,REPOSITORY/results/reviewer_revision_20260831/server_synced/formal_v3/main_classification/ToxCast/alpha_0.5/hetero/seed_2/fedtgp/fedtgp_ToxCast_alpha0.5_seed2_split2_part2_encmpnn_20260907_031320.csv
ToxCast,0.5,fedavg_proto,SPL,0,0,0,0,main_ToxCast_a0p5_seed0_fedavg_proto,global_test_round49,0.642094063430611,0.6887923582496998,50,51,hetero,mpnn,fingerprint,32,0.1,server_synced/formal_v3:main_classification,main_queue,results/reviewer_revision_20260831/server_synced/formal_v3/main_classification/ToxCast/alpha_0.5/hetero/seed_0/fedavg_proto/fedavg_proto_ToxCast_alpha0.5_seed0_split0_part0_encmpnn_descfingerprint_20260902_143540.csv,8a9ba6bb862f1b03f3d549d169d684429dd38763efc7ea1b9ecb5cd650a29f62,REPOSITORY/results/reviewer_revision_20260831/server_synced/formal_v3/main_classification/ToxCast/alpha_0.5/hetero/seed_0/fedavg_proto/fedavg_proto_ToxCast_alpha0.5_seed0_split0_part0_encmpnn_descfingerprint_20260902_143540.csv
ToxCast,0.5,fedavg_proto,SPL,1,1,1,1,main_ToxCast_a0p5_seed1_fedavg_proto,global_test_round49,0.6762725662144928,0.6927173409272441,50,51,hetero,mpnn,fingerprint,32,0.1,server_synced/formal_v3:main_classification,main_queue,results/reviewer_revision_20260831/server_synced/formal_v3/main_classification/ToxCast/alpha_0.5/hetero/seed_1/fedavg_proto/fedavg_proto_ToxCast_alpha0.5_seed1_split1_part1_encmpnn_descfingerprint_20260902_110706.csv,0ab7dd0a3e3075ae905b80f80b261afdad9c489221023bdc482ad6e617b9c000,REPOSITORY/results/reviewer_revision_20260831/server_synced/formal_v3/main_classification/ToxCast/alpha_0.5/hetero/seed_1/fedavg_proto/fedavg_proto_ToxCast_alpha0.5_seed1_split1_part1_encmpnn_descfingerprint_20260902_110706.csv
ToxCast,0.5,fedavg_proto,SPL,2,2,2,2,main_ToxCast_a0p5_seed2_fedavg_proto,global_test_round49,0.7060283324108684,0.6892030753798842,50,51,hetero,mpnn,fingerprint,32,0.1,server_synced/formal_v3:main_classification,main_queue,results/reviewer_revision_20260831/server_synced/formal_v3/main_classification/ToxCast/alpha_0.5/hetero/seed_2/fedavg_proto/fedavg_proto_ToxCast_alpha0.5_seed2_split2_part2_encmpnn_descfingerprint_20260902_150524.csv,796ccc861a0d45de865ad5c0daa5de09c5281e86fad887842dfa9f6fb6f64b14,REPOSITORY/results/reviewer_revision_20260831/server_synced/formal_v3/main_classification/ToxCast/alpha_0.5/hetero/seed_2/fedavg_proto/fedavg_proto_ToxCast_alpha0.5_seed2_split2_part2_encmpnn_descfingerprint_20260902_150524.csv
ToxCast,1.0,avg,Avg,0,0,0,0,main_ToxCast_a1p0_seed0_avg,global_test_round49,0.6529933352165552,0.6958624671757081,50,51,hetero,mpnn,,,,server_synced/formal_v3:main_classification,main_queue,results/reviewer_revision_20260831/server_synced/formal_v3/main_classification/ToxCast/alpha_1.0/hetero/seed_0/avg/avg_ToxCast_alpha1.0_seed0_split0_part0_encmpnn_20260902_100333.csv,e85c61e639de3116e827715f326bcd28cb2c0d8686f104c7c0884ae6ed43c248,REPOSITORY/results/reviewer_revision_20260831/server_synced/formal_v3/main_classification/ToxCast/alpha_1.0/hetero/seed_0/avg/avg_ToxCast_alpha1.0_seed0_split0_part0_encmpnn_20260902_100333.csv
ToxCast,1.0,avg,Avg,1,1,1,1,main_ToxCast_a1p0_seed1_avg,global_test_round49,0.6858481778840276,0.6907840754035144,50,51,hetero,mpnn,,,,server_synced/formal_v3:main_classification,main_queue,results/reviewer_revision_20260831/server_synced/formal_v3/main_classification/ToxCast/alpha_1.0/hetero/seed_1/avg/avg_ToxCast_alpha1.0_seed1_split1_part1_encmpnn_20260902_154118.csv,50b5cab2dc2892469d8f27a6ba07f9d15212742d2d1506462291198ccf1951aa,REPOSITORY/results/reviewer_revision_20260831/server_synced/formal_v3/main_classification/ToxCast/alpha_1.0/hetero/seed_1/avg/avg_ToxCast_alpha1.0_seed1_split1_part1_encmpnn_20260902_154118.csv
ToxCast,1.0,avg,Avg,2,2,2,2,main_ToxCast_a1p0_seed2_avg,global_test_round49,0.6815846772790659,0.6987062721220723,50,51,hetero,mpnn,,,,server_synced/formal_v3:main_classification,main_queue,results/reviewer_revision_20260831/server_synced/formal_v3/main_classification/ToxCast/alpha_1.0/hetero/seed_2/avg/avg_ToxCast_alpha1.0_seed2_split2_part2_encmpnn_20260902_101926.csv,5711ac9528b04cebad4ce99c1227261644e5ed4893f47d99694a25e8325fdf54,REPOSITORY/results/reviewer_revision_20260831/server_synced/formal_v3/main_classification/ToxCast/alpha_1.0/hetero/seed_2/avg/avg_ToxCast_alpha1.0_seed2_split2_part2_encmpnn_20260902_101926.csv
ToxCast,1.0,fedprox,Prox,0,0,0,0,main_ToxCast_a1p0_seed0_fedprox,global_test_round49,0.634423693514174,0.6637588631274014,50,51,hetero,mpnn,,,,server_synced/formal_v3:main_classification,main_queue,results/reviewer_revision_20260831/server_synced/formal_v3/main_classification/ToxCast/alpha_1.0/hetero/seed_0/fedprox/fedprox_ToxCast_alpha1.0_seed0_split0_part0_encmpnn_20260906_081132.csv,c12effc8700a1acd4003289b1df0a3e80c312838332f2c9af6ef3de05150d369,REPOSITORY/results/reviewer_revision_20260831/server_synced/formal_v3/main_classification/ToxCast/alpha_1.0/hetero/seed_0/fedprox/fedprox_ToxCast_alpha1.0_seed0_split0_part0_encmpnn_20260906_081132.csv
ToxCast,1.0,fedprox,Prox,1,1,1,1,main_ToxCast_a1p0_seed1_fedprox,global_test_round49,0.523290750233505,0.500686041214951,50,51,hetero,mpnn,,,,server_synced/formal_v3:main_classification,main_queue,results/reviewer_revision_20260831/server_synced/formal_v3/main_classification/ToxCast/alpha_1.0/hetero/seed_1/fedprox/fedprox_ToxCast_alpha1.0_seed1_split1_part1_encmpnn_20260906_101613.csv,287b54c59ab596a30f956a7f063d3b93044f7ba98974259ba9fda28abe98075b,REPOSITORY/results/reviewer_revision_20260831/server_synced/formal_v3/main_classification/ToxCast/alpha_1.0/hetero/seed_1/fedprox/fedprox_ToxCast_alpha1.0_seed1_split1_part1_encmpnn_20260906_101613.csv
ToxCast,1.0,fedprox,Prox,2,2,2,2,main_ToxCast_a1p0_seed2_fedprox,global_test_round49,0.4672112176085227,0.47375817157001177,50,51,hetero,mpnn,,,,server_synced/formal_v3:main_classification,main_queue,results/reviewer_revision_20260831/server_synced/formal_v3/main_classification/ToxCast/alpha_1.0/hetero/seed_2/fedprox/fedprox_ToxCast_alpha1.0_seed2_split2_part2_encmpnn_20260906_122144.csv,97bf35e554faaf2d3379142e1015026a8b22af32ddbe57ad592607698dbe5613,REPOSITORY/results/reviewer_revision_20260831/server_synced/formal_v3/main_classification/ToxCast/alpha_1.0/hetero/seed_2/fedprox/fedprox_ToxCast_alpha1.0_seed2_split2_part2_encmpnn_20260906_122144.csv
ToxCast,1.0,oursvatFLITPLUS,FLIT+,0,0,0,0,main_ToxCast_a1p0_seed0_oursvatFLITPLUS,global_test_round49,0.6385698453264776,0.691750092413251,50,51,hetero,mpnn,,,,server_synced/formal_v3:main_classification,main_queue,results/reviewer_revision_20260831/server_synced/formal_v3/main_classification/ToxCast/alpha_1.0/hetero/seed_0/oursvatFLITPLUS/oursvatFLITPLUS_ToxCast_alpha1.0_seed0_split0_part0_encmpnn_20260907_034652.csv,0715770f7bb3aae98dbb833492e9aeb884203e4ae2fd6f10dbbe7f3c0bf1d52d,REPOSITORY/results/reviewer_revision_20260831/server_synced/formal_v3/main_classification/ToxCast/alpha_1.0/hetero/seed_0/oursvatFLITPLUS/oursvatFLITPLUS_ToxCast_alpha1.0_seed0_split0_part0_encmpnn_20260907_034652.csv
ToxCast,1.0,oursvatFLITPLUS,FLIT+,1,1,1,1,main_ToxCast_a1p0_seed1_oursvatFLITPLUS,global_test_round49,0.6736697609601688,0.674046844009388,50,51,hetero,mpnn,,,,server_synced/formal_v3:main_classification,main_queue,results/reviewer_revision_20260831/server_synced/formal_v3/main_classification/ToxCast/alpha_1.0/hetero/seed_1/oursvatFLITPLUS/oursvatFLITPLUS_ToxCast_alpha1.0_seed1_split1_part1_encmpnn_20260907_050240.csv,eb38fd38ecb2f7535b0f7808159723a738328b887be528435cff13f57c2d1150,REPOSITORY/results/reviewer_revision_20260831/server_synced/formal_v3/main_classification/ToxCast/alpha_1.0/hetero/seed_1/oursvatFLITPLUS/oursvatFLITPLUS_ToxCast_alpha1.0_seed1_split1_part1_encmpnn_20260907_050240.csv
ToxCast,1.0,oursvatFLITPLUS,FLIT+,2,2,2,2,main_ToxCast_a1p0_seed2_oursvatFLITPLUS,global_test_round49,0.6553632502899086,0.6567541715280627,50,51,hetero,mpnn,,,,server_synced/formal_v3:main_classification,main_queue,results/reviewer_revision_20260831/server_synced/formal_v3/main_classification/ToxCast/alpha_1.0/hetero/seed_2/oursvatFLITPLUS/oursvatFLITPLUS_ToxCast_alpha1.0_seed2_split2_part2_encmpnn_20260907_061840.csv,a84993c3f6f88c32b2b4b2a1b5e19a09ea8a97fb50c8ef16f05988b754ff3792,REPOSITORY/results/reviewer_revision_20260831/server_synced/formal_v3/main_classification/ToxCast/alpha_1.0/hetero/seed_2/oursvatFLITPLUS/oursvatFLITPLUS_ToxCast_alpha1.0_seed2_split2_part2_encmpnn_20260907_061840.csv
ToxCast,1.0,fedproto,Proto,0,0,0,0,main_ToxCast_a1p0_seed0_fedproto,global_test_round49,0.6446791127686329,0.6886575635890364,50,51,hetero,mpnn,,,,server_synced/formal_v3:main_classification,main_queue,results/reviewer_revision_20260831/server_synced/formal_v3/main_classification/ToxCast/alpha_1.0/hetero/seed_0/fedproto/fedproto_ToxCast_alpha1.0_seed0_split0_part0_encmpnn_20260905_161423.csv,a9ac7d85804927d685f63e44352a9442ae173f5b321aa0c675c589f72c91e87f,REPOSITORY/results/reviewer_revision_20260831/server_synced/formal_v3/main_classification/ToxCast/alpha_1.0/hetero/seed_0/fedproto/fedproto_ToxCast_alpha1.0_seed0_split0_part0_encmpnn_20260905_161423.csv
ToxCast,1.0,fedproto,Proto,1,1,1,1,main_ToxCast_a1p0_seed1_fedproto,global_test_round49,0.6797221255816019,0.69151027604522,50,51,hetero,mpnn,,,,server_synced/formal_v3:main_classification,main_queue,results/reviewer_revision_20260831/server_synced/formal_v3/main_classification/ToxCast/alpha_1.0/hetero/seed_1/fedproto/fedproto_ToxCast_alpha1.0_seed1_split1_part1_encmpnn_20260905_191815.csv,ea20188ef2f7974eff1687ccc73f12aa235320db6115d35ab38f867456813e33,REPOSITORY/results/reviewer_revision_20260831/server_synced/formal_v3/main_classification/ToxCast/alpha_1.0/hetero/seed_1/fedproto/fedproto_ToxCast_alpha1.0_seed1_split1_part1_encmpnn_20260905_191815.csv
ToxCast,1.0,fedproto,Proto,2,2,2,2,main_ToxCast_a1p0_seed2_fedproto,global_test_round49,0.7121115538403072,0.6911448605362536,50,51,hetero,mpnn,,,,server_synced/formal_v3:main_classification,main_queue,results/reviewer_revision_20260831/server_synced/formal_v3/main_classification/ToxCast/alpha_1.0/hetero/seed_2/fedproto/fedproto_ToxCast_alpha1.0_seed2_split2_part2_encmpnn_20260905_215618.csv,16fd898f9076f69eb5deb415d0ae95ea3582f699a21e4a540678ef314f2f19ff,REPOSITORY/results/reviewer_revision_20260831/server_synced/formal_v3/main_classification/ToxCast/alpha_1.0/hetero/seed_2/fedproto/fedproto_ToxCast_alpha1.0_seed2_split2_part2_encmpnn_20260905_215618.csv
ToxCast,1.0,moon,MOON,0,0,0,0,main_ToxCast_a1p0_seed0_moon,global_test_round49,0.6467079410232054,0.6755135289189588,50,51,hetero,mpnn,,,,server_synced/formal_v3:main_classification,main_queue,results/reviewer_revision_20260831/server_synced/formal_v3/main_classification/ToxCast/alpha_1.0/hetero/seed_0/moon/moon_ToxCast_alpha1.0_seed0_split0_part0_encmpnn_20260905_134840.csv,03c97e09b3fb0d0aad94293c14bc4d90f06727010655965dc81eb962e85c53f6,REPOSITORY/results/reviewer_revision_20260831/server_synced/formal_v3/main_classification/ToxCast/alpha_1.0/hetero/seed_0/moon/moon_ToxCast_alpha1.0_seed0_split0_part0_encmpnn_20260905_134840.csv
ToxCast,1.0,moon,MOON,1,1,1,1,main_ToxCast_a1p0_seed1_moon,global_test_round49,0.6604781925455129,0.6657206063772831,50,51,hetero,mpnn,,,,server_synced/formal_v3:main_classification,main_queue,results/reviewer_revision_20260831/server_synced/formal_v3/main_classification/ToxCast/alpha_1.0/hetero/seed_1/moon/moon_ToxCast_alpha1.0_seed1_split1_part1_encmpnn_20260905_150837.csv,7e5118050dd1cf7e3dbfb2a37ee5282123f1f53530884bd1e30385f42f42113f,REPOSITORY/results/reviewer_revision_20260831/server_synced/formal_v3/main_classification/ToxCast/alpha_1.0/hetero/seed_1/moon/moon_ToxCast_alpha1.0_seed1_split1_part1_encmpnn_20260905_150837.csv
ToxCast,1.0,moon,MOON,2,2,2,2,main_ToxCast_a1p0_seed2_moon,global_test_round49,0.6842157609596289,0.6915459305079052,50,51,hetero,mpnn,,,,server_synced/formal_v3:main_classification,main_queue,results/reviewer_revision_20260831/server_synced/formal_v3/main_classification/ToxCast/alpha_1.0/hetero/seed_2/moon/moon_ToxCast_alpha1.0_seed2_split2_part2_encmpnn_20260905_163648.csv,edf260b8a5a3ffb64c7b11c723438baa840e165c5227c3fc861660455b71c463,REPOSITORY/results/reviewer_revision_20260831/server_synced/formal_v3/main_classification/ToxCast/alpha_1.0/hetero/seed_2/moon/moon_ToxCast_alpha1.0_seed2_split2_part2_encmpnn_20260905_163648.csv
ToxCast,1.0,fpl,FPL,0,0,0,0,main_ToxCast_a1p0_seed0_fpl,global_test_round49,0.6450313449919459,0.6870167314233596,50,51,hetero,mpnn,,,,server_synced/formal_v3:main_classification,main_queue,results/reviewer_revision_20260831/server_synced/formal_v3/main_classification/ToxCast/alpha_1.0/hetero/seed_0/fpl/fpl_ToxCast_alpha1.0_seed0_split0_part0_encmpnn_20260906_084214.csv,cd857ee8080ac3fb36442a6b39c7f5bd90addfe467c18af3818f052ea99dbab8,REPOSITORY/results/reviewer_revision_20260831/server_synced/formal_v3/main_classification/ToxCast/alpha_1.0/hetero/seed_0/fpl/fpl_ToxCast_alpha1.0_seed0_split0_part0_encmpnn_20260906_084214.csv
ToxCast,1.0,fpl,FPL,1,1,1,1,main_ToxCast_a1p0_seed1_fpl,global_test_round49,0.6758315809174342,0.6908977752717812,50,51,hetero,mpnn,,,,server_synced/formal_v3:main_classification,main_queue,results/reviewer_revision_20260831/server_synced/formal_v3/main_classification/ToxCast/alpha_1.0/hetero/seed_1/fpl/fpl_ToxCast_alpha1.0_seed1_split1_part1_encmpnn_20260906_104707.csv,8ff14a69bb540200a051741a4d73358bac2c803d865e52c03aa40a75c2d48d5a,REPOSITORY/results/reviewer_revision_20260831/server_synced/formal_v3/main_classification/ToxCast/alpha_1.0/hetero/seed_1/fpl/fpl_ToxCast_alpha1.0_seed1_split1_part1_encmpnn_20260906_104707.csv
ToxCast,1.0,fpl,FPL,2,2,2,2,main_ToxCast_a1p0_seed2_fpl,global_test_round49,0.7122081912893741,0.694534314739768,50,51,hetero,mpnn,,,,server_synced/formal_v3:main_classification,main_queue,results/reviewer_revision_20260831/server_synced/formal_v3/main_classification/ToxCast/alpha_1.0/hetero/seed_2/fpl/fpl_ToxCast_alpha1.0_seed2_split2_part2_encmpnn_20260906_125350.csv,c712cfc0b90ddf21ed7ddda53943130928b3f9177b0c15dbf9b2555f9fe88f2b,REPOSITORY/results/reviewer_revision_20260831/server_synced/formal_v3/main_classification/ToxCast/alpha_1.0/hetero/seed_2/fpl/fpl_ToxCast_alpha1.0_seed2_split2_part2_encmpnn_20260906_125350.csv
ToxCast,1.0,fedtgp,TGP,0,0,0,0,main_ToxCast_a1p0_seed0_fedtgp,global_test_round49,0.6476146191529247,0.685902090401357,50,51,hetero,mpnn,,,,server_synced/formal_v3:main_classification,main_queue,results/reviewer_revision_20260831/server_synced/formal_v3/main_classification/ToxCast/alpha_1.0/hetero/seed_0/fedtgp/fedtgp_ToxCast_alpha1.0_seed0_split0_part0_encmpnn_20260907_042920.csv,bc8e1753117878e29a7975700e0365a73e1a32d39d0cb0ef5c49559c4a78b6de,REPOSITORY/results/reviewer_revision_20260831/server_synced/formal_v3/main_classification/ToxCast/alpha_1.0/hetero/seed_0/fedtgp/fedtgp_ToxCast_alpha1.0_seed0_split0_part0_encmpnn_20260907_042920.csv
ToxCast,1.0,fedtgp,TGP,1,1,1,1,main_ToxCast_a1p0_seed1_fedtgp,global_test_round49,0.674085087924408,0.6713213970151326,50,51,hetero,mpnn,,,,server_synced/formal_v3:main_classification,main_queue,results/reviewer_revision_20260831/server_synced/formal_v3/main_classification/ToxCast/alpha_1.0/hetero/seed_1/fedtgp/fedtgp_ToxCast_alpha1.0_seed1_split1_part1_encmpnn_20260907_054541.csv,22c1b335e47f6217eb50ba2c15128663497a38d3bd77b6ecf95bd0b9ee19179f,REPOSITORY/results/reviewer_revision_20260831/server_synced/formal_v3/main_classification/ToxCast/alpha_1.0/hetero/seed_1/fedtgp/fedtgp_ToxCast_alpha1.0_seed1_split1_part1_encmpnn_20260907_054541.csv
ToxCast,1.0,fedtgp,TGP,2,2,2,2,main_ToxCast_a1p0_seed2_fedtgp,global_test_round49,0.7118564890661868,0.6936159523649191,50,51,hetero,mpnn,,,,server_synced/formal_v3:main_classification,main_queue,results/reviewer_revision_20260831/server_synced/formal_v3/main_classification/ToxCast/alpha_1.0/hetero/seed_2/fedtgp/fedtgp_ToxCast_alpha1.0_seed2_split2_part2_encmpnn_20260907_070102.csv,962f6749a3ee9236db0f06cd06c94ded3a6345d960839f8700301ee9693a3c85,REPOSITORY/results/reviewer_revision_20260831/server_synced/formal_v3/main_classification/ToxCast/alpha_1.0/hetero/seed_2/fedtgp/fedtgp_ToxCast_alpha1.0_seed2_split2_part2_encmpnn_20260907_070102.csv
ToxCast,1.0,fedavg_proto,SPL,0,0,0,0,main_ToxCast_a1p0_seed0_fedavg_proto,global_test_round49,0.6516036601525077,0.6939234582928338,50,51,hetero,mpnn,fingerprint,32,0.1,server_synced/formal_v3:main_classification,main_queue,results/reviewer_revision_20260831/server_synced/formal_v3/main_classification/ToxCast/alpha_1.0/hetero/seed_0/fedavg_proto/fedavg_proto_ToxCast_alpha1.0_seed0_split0_part0_encmpnn_descfingerprint_20260902_113253.csv,a6a292b175b05ddda0f0ace55e7bee6e0db7968a176828aca7aeba978a896188,REPOSITORY/results/reviewer_revision_20260831/server_synced/formal_v3/main_classification/ToxCast/alpha_1.0/hetero/seed_0/fedavg_proto/fedavg_proto_ToxCast_alpha1.0_seed0_split0_part0_encmpnn_descfingerprint_20260902_113253.csv
ToxCast,1.0,fedavg_proto,SPL,1,1,1,1,main_ToxCast_a1p0_seed1_fedavg_proto,global_test_round49,0.6859513712281791,0.6770100538958111,50,51,hetero,mpnn,fingerprint,32,0.1,server_synced/formal_v3:main_classification,main_queue,results/reviewer_revision_20260831/server_synced/formal_v3/main_classification/ToxCast/alpha_1.0/hetero/seed_1/fedavg_proto/fedavg_proto_ToxCast_alpha1.0_seed1_split1_part1_encmpnn_descfingerprint_20260902_152254.csv,2c7ec4c516fbe109d54a85cd6ffa5cd6cc8d5215ed6b5439b4b07b0557074c22,REPOSITORY/results/reviewer_revision_20260831/server_synced/formal_v3/main_classification/ToxCast/alpha_1.0/hetero/seed_1/fedavg_proto/fedavg_proto_ToxCast_alpha1.0_seed1_split1_part1_encmpnn_descfingerprint_20260902_152254.csv
ToxCast,1.0,fedavg_proto,SPL,2,2,2,2,main_ToxCast_a1p0_seed2_fedavg_proto,global_test_round49,0.7087373688812012,0.687269442065356,50,51,hetero,mpnn,fingerprint,32,0.1,server_synced/formal_v3:main_classification,main_queue,results/reviewer_revision_20260831/server_synced/formal_v3/main_classification/ToxCast/alpha_1.0/hetero/seed_2/fedavg_proto/fedavg_proto_ToxCast_alpha1.0_seed2_split2_part2_encmpnn_descfingerprint_20260902_115032.csv,05c3d0c474645c07721cd20c925ba96c62a1b104a278e383e6338dc589607ef5,REPOSITORY/results/reviewer_revision_20260831/server_synced/formal_v3/main_classification/ToxCast/alpha_1.0/hetero/seed_2/fedavg_proto/fedavg_proto_ToxCast_alpha1.0_seed2_split2_part2_encmpnn_descfingerprint_20260902_115032.csv
