protocol,round,method,model_scope,split,score_kind,auc,primary,valid_tasks,molecules,device,torch,stage,test_selection,python,dgl,rdkit,cuda_runtime,device_name
mmgnn-raw-logit-v2-20260918,0,fedavg_proto,server,val,logits,0.9168559745570195,True,1,204,cuda:0,1.8.1,confirmation,False,3.8.20,0.6.1,2022.09.5,11.1,NVIDIA A100-PCIE-40GB
mmgnn-raw-logit-v2-20260918,0,fedavg_proto,server,val,probabilities,0.9168559745570195,False,1,204,cuda:0,1.8.1,confirmation,False,3.8.20,0.6.1,2022.09.5,11.1,NVIDIA A100-PCIE-40GB
mmgnn-raw-logit-v2-20260918,0,fedavg_proto,server,test,logits,0.8780284043441938,True,1,204,cuda:0,1.8.1,confirmation,False,3.8.20,0.6.1,2022.09.5,11.1,NVIDIA A100-PCIE-40GB
mmgnn-raw-logit-v2-20260918,0,fedavg_proto,server,test,probabilities,0.8780284043441938,False,1,204,cuda:0,1.8.1,confirmation,False,3.8.20,0.6.1,2022.09.5,11.1,NVIDIA A100-PCIE-40GB
mmgnn-raw-logit-v2-20260918,0,fedavg_proto,client_0,val,logits,0.9229895502044524,True,1,204,cuda:0,1.8.1,confirmation,False,3.8.20,0.6.1,2022.09.5,11.1,NVIDIA A100-PCIE-40GB
mmgnn-raw-logit-v2-20260918,0,fedavg_proto,client_0,val,probabilities,0.9229895502044524,False,1,204,cuda:0,1.8.1,confirmation,False,3.8.20,0.6.1,2022.09.5,11.1,NVIDIA A100-PCIE-40GB
mmgnn-raw-logit-v2-20260918,0,fedavg_proto,client_0,test,logits,0.9087003222341568,True,1,204,cuda:0,1.8.1,confirmation,False,3.8.20,0.6.1,2022.09.5,11.1,NVIDIA A100-PCIE-40GB
mmgnn-raw-logit-v2-20260918,0,fedavg_proto,client_0,test,probabilities,0.9087003222341568,False,1,204,cuda:0,1.8.1,confirmation,False,3.8.20,0.6.1,2022.09.5,11.1,NVIDIA A100-PCIE-40GB
mmgnn-raw-logit-v2-20260918,0,fedavg_proto,client_1,val,logits,0.9085642889595639,True,1,204,cuda:0,1.8.1,confirmation,False,3.8.20,0.6.1,2022.09.5,11.1,NVIDIA A100-PCIE-40GB
mmgnn-raw-logit-v2-20260918,0,fedavg_proto,client_1,val,probabilities,0.9085642889595639,False,1,204,cuda:0,1.8.1,confirmation,False,3.8.20,0.6.1,2022.09.5,11.1,NVIDIA A100-PCIE-40GB
mmgnn-raw-logit-v2-20260918,0,fedavg_proto,client_1,test,logits,0.861439312567132,True,1,204,cuda:0,1.8.1,confirmation,False,3.8.20,0.6.1,2022.09.5,11.1,NVIDIA A100-PCIE-40GB
mmgnn-raw-logit-v2-20260918,0,fedavg_proto,client_1,test,probabilities,0.861439312567132,False,1,204,cuda:0,1.8.1,confirmation,False,3.8.20,0.6.1,2022.09.5,11.1,NVIDIA A100-PCIE-40GB
mmgnn-raw-logit-v2-20260918,0,fedavg_proto,client_2,val,logits,0.9042480690595184,True,1,204,cuda:0,1.8.1,confirmation,False,3.8.20,0.6.1,2022.09.5,11.1,NVIDIA A100-PCIE-40GB
mmgnn-raw-logit-v2-20260918,0,fedavg_proto,client_2,val,probabilities,0.9042480690595184,False,1,204,cuda:0,1.8.1,confirmation,False,3.8.20,0.6.1,2022.09.5,11.1,NVIDIA A100-PCIE-40GB
mmgnn-raw-logit-v2-20260918,0,fedavg_proto,client_2,test,logits,0.8405537653657955,True,1,204,cuda:0,1.8.1,confirmation,False,3.8.20,0.6.1,2022.09.5,11.1,NVIDIA A100-PCIE-40GB
mmgnn-raw-logit-v2-20260918,0,fedavg_proto,client_2,test,probabilities,0.8405537653657955,False,1,204,cuda:0,1.8.1,confirmation,False,3.8.20,0.6.1,2022.09.5,11.1,NVIDIA A100-PCIE-40GB
mmgnn-raw-logit-v2-20260918,0,fedavg_proto,client_3,val,logits,0.907314856883235,True,1,204,cuda:0,1.8.1,confirmation,False,3.8.20,0.6.1,2022.09.5,11.1,NVIDIA A100-PCIE-40GB
mmgnn-raw-logit-v2-20260918,0,fedavg_proto,client_3,val,probabilities,0.907314856883235,False,1,204,cuda:0,1.8.1,confirmation,False,3.8.20,0.6.1,2022.09.5,11.1,NVIDIA A100-PCIE-40GB
mmgnn-raw-logit-v2-20260918,0,fedavg_proto,client_3,test,logits,0.8736126029359111,True,1,204,cuda:0,1.8.1,confirmation,False,3.8.20,0.6.1,2022.09.5,11.1,NVIDIA A100-PCIE-40GB
mmgnn-raw-logit-v2-20260918,0,fedavg_proto,client_3,test,probabilities,0.8736126029359111,False,1,204,cuda:0,1.8.1,confirmation,False,3.8.20,0.6.1,2022.09.5,11.1,NVIDIA A100-PCIE-40GB
mmgnn-raw-logit-v2-20260918,1,fedavg_proto,server,val,logits,0.9589959109495684,True,1,204,cuda:0,1.8.1,confirmation,False,3.8.20,0.6.1,2022.09.5,11.1,NVIDIA A100-PCIE-40GB
mmgnn-raw-logit-v2-20260918,1,fedavg_proto,server,val,probabilities,0.9589959109495684,False,1,204,cuda:0,1.8.1,confirmation,False,3.8.20,0.6.1,2022.09.5,11.1,NVIDIA A100-PCIE-40GB
mmgnn-raw-logit-v2-20260918,1,fedavg_proto,server,test,logits,0.9483231889246926,True,1,204,cuda:0,1.8.1,confirmation,False,3.8.20,0.6.1,2022.09.5,11.1,NVIDIA A100-PCIE-40GB
mmgnn-raw-logit-v2-20260918,1,fedavg_proto,server,test,probabilities,0.9483231889246926,False,1,204,cuda:0,1.8.1,confirmation,False,3.8.20,0.6.1,2022.09.5,11.1,NVIDIA A100-PCIE-40GB
mmgnn-raw-logit-v2-20260918,1,fedavg_proto,client_0,val,logits,0.9409359382099046,True,1,204,cuda:0,1.8.1,confirmation,False,3.8.20,0.6.1,2022.09.5,11.1,NVIDIA A100-PCIE-40GB
mmgnn-raw-logit-v2-20260918,1,fedavg_proto,client_0,val,probabilities,0.9409359382099046,False,1,204,cuda:0,1.8.1,confirmation,False,3.8.20,0.6.1,2022.09.5,11.1,NVIDIA A100-PCIE-40GB
mmgnn-raw-logit-v2-20260918,1,fedavg_proto,client_0,test,logits,0.9060747105859888,True,1,204,cuda:0,1.8.1,confirmation,False,3.8.20,0.6.1,2022.09.5,11.1,NVIDIA A100-PCIE-40GB
mmgnn-raw-logit-v2-20260918,1,fedavg_proto,client_0,test,probabilities,0.9060150375939849,False,1,204,cuda:0,1.8.1,confirmation,False,3.8.20,0.6.1,2022.09.5,11.1,NVIDIA A100-PCIE-40GB
mmgnn-raw-logit-v2-20260918,1,fedavg_proto,client_1,val,logits,0.9430940481599274,True,1,204,cuda:0,1.8.1,confirmation,False,3.8.20,0.6.1,2022.09.5,11.1,NVIDIA A100-PCIE-40GB
mmgnn-raw-logit-v2-20260918,1,fedavg_proto,client_1,val,probabilities,0.9430940481599273,False,1,204,cuda:0,1.8.1,confirmation,False,3.8.20,0.6.1,2022.09.5,11.1,NVIDIA A100-PCIE-40GB
mmgnn-raw-logit-v2-20260918,1,fedavg_proto,client_1,test,logits,0.9102518200262562,True,1,204,cuda:0,1.8.1,confirmation,False,3.8.20,0.6.1,2022.09.5,11.1,NVIDIA A100-PCIE-40GB
mmgnn-raw-logit-v2-20260918,1,fedavg_proto,client_1,test,probabilities,0.9102518200262562,False,1,204,cuda:0,1.8.1,confirmation,False,3.8.20,0.6.1,2022.09.5,11.1,NVIDIA A100-PCIE-40GB
mmgnn-raw-logit-v2-20260918,1,fedavg_proto,client_2,val,logits,0.9416174466151749,True,1,204,cuda:0,1.8.1,confirmation,False,3.8.20,0.6.1,2022.09.5,11.1,NVIDIA A100-PCIE-40GB
mmgnn-raw-logit-v2-20260918,1,fedavg_proto,client_2,val,probabilities,0.9416174466151749,False,1,204,cuda:0,1.8.1,confirmation,False,3.8.20,0.6.1,2022.09.5,11.1,NVIDIA A100-PCIE-40GB
mmgnn-raw-logit-v2-20260918,1,fedavg_proto,client_2,test,logits,0.9397302780761426,True,1,204,cuda:0,1.8.1,confirmation,False,3.8.20,0.6.1,2022.09.5,11.1,NVIDIA A100-PCIE-40GB
mmgnn-raw-logit-v2-20260918,1,fedavg_proto,client_2,test,probabilities,0.9397302780761426,False,1,204,cuda:0,1.8.1,confirmation,False,3.8.20,0.6.1,2022.09.5,11.1,NVIDIA A100-PCIE-40GB
mmgnn-raw-logit-v2-20260918,1,fedavg_proto,client_3,val,logits,0.9463880054520672,True,1,204,cuda:0,1.8.1,confirmation,False,3.8.20,0.6.1,2022.09.5,11.1,NVIDIA A100-PCIE-40GB
mmgnn-raw-logit-v2-20260918,1,fedavg_proto,client_3,val,probabilities,0.9463880054520672,False,1,204,cuda:0,1.8.1,confirmation,False,3.8.20,0.6.1,2022.09.5,11.1,NVIDIA A100-PCIE-40GB
mmgnn-raw-logit-v2-20260918,1,fedavg_proto,client_3,test,logits,0.9381787802840434,True,1,204,cuda:0,1.8.1,confirmation,False,3.8.20,0.6.1,2022.09.5,11.1,NVIDIA A100-PCIE-40GB
mmgnn-raw-logit-v2-20260918,1,fedavg_proto,client_3,test,probabilities,0.9381787802840434,False,1,204,cuda:0,1.8.1,confirmation,False,3.8.20,0.6.1,2022.09.5,11.1,NVIDIA A100-PCIE-40GB
mmgnn-raw-logit-v2-20260918,2,fedavg_proto,server,val,logits,0.9635393003180373,True,1,204,cuda:0,1.8.1,confirmation,False,3.8.20,0.6.1,2022.09.5,11.1,NVIDIA A100-PCIE-40GB
mmgnn-raw-logit-v2-20260918,2,fedavg_proto,server,val,probabilities,0.9635393003180373,False,1,204,cuda:0,1.8.1,confirmation,False,3.8.20,0.6.1,2022.09.5,11.1,NVIDIA A100-PCIE-40GB
mmgnn-raw-logit-v2-20260918,2,fedavg_proto,server,test,logits,0.94390738751641,True,1,204,cuda:0,1.8.1,confirmation,False,3.8.20,0.6.1,2022.09.5,11.1,NVIDIA A100-PCIE-40GB
mmgnn-raw-logit-v2-20260918,2,fedavg_proto,server,test,probabilities,0.9439073875164099,False,1,204,cuda:0,1.8.1,confirmation,False,3.8.20,0.6.1,2022.09.5,11.1,NVIDIA A100-PCIE-40GB
mmgnn-raw-logit-v2-20260918,2,fedavg_proto,client_0,val,logits,0.9499091322126306,True,1,204,cuda:0,1.8.1,confirmation,False,3.8.20,0.6.1,2022.09.5,11.1,NVIDIA A100-PCIE-40GB
mmgnn-raw-logit-v2-20260918,2,fedavg_proto,client_0,val,probabilities,0.9499091322126306,False,1,204,cuda:0,1.8.1,confirmation,False,3.8.20,0.6.1,2022.09.5,11.1,NVIDIA A100-PCIE-40GB
mmgnn-raw-logit-v2-20260918,2,fedavg_proto,client_0,test,logits,0.9067907864900346,True,1,204,cuda:0,1.8.1,confirmation,False,3.8.20,0.6.1,2022.09.5,11.1,NVIDIA A100-PCIE-40GB
mmgnn-raw-logit-v2-20260918,2,fedavg_proto,client_0,test,probabilities,0.9068504594820385,False,1,204,cuda:0,1.8.1,confirmation,False,3.8.20,0.6.1,2022.09.5,11.1,NVIDIA A100-PCIE-40GB
mmgnn-raw-logit-v2-20260918,2,fedavg_proto,client_1,val,logits,0.9475238527941845,True,1,204,cuda:0,1.8.1,confirmation,False,3.8.20,0.6.1,2022.09.5,11.1,NVIDIA A100-PCIE-40GB
mmgnn-raw-logit-v2-20260918,2,fedavg_proto,client_1,val,probabilities,0.9475238527941845,False,1,204,cuda:0,1.8.1,confirmation,False,3.8.20,0.6.1,2022.09.5,11.1,NVIDIA A100-PCIE-40GB
mmgnn-raw-logit-v2-20260918,2,fedavg_proto,client_1,test,logits,0.9137128535624776,True,1,204,cuda:0,1.8.1,confirmation,False,3.8.20,0.6.1,2022.09.5,11.1,NVIDIA A100-PCIE-40GB
mmgnn-raw-logit-v2-20260918,2,fedavg_proto,client_1,test,probabilities,0.9137128535624776,False,1,204,cuda:0,1.8.1,confirmation,False,3.8.20,0.6.1,2022.09.5,11.1,NVIDIA A100-PCIE-40GB
mmgnn-raw-logit-v2-20260918,2,fedavg_proto,client_2,val,logits,0.9424125397546569,True,1,204,cuda:0,1.8.1,confirmation,False,3.8.20,0.6.1,2022.09.5,11.1,NVIDIA A100-PCIE-40GB
mmgnn-raw-logit-v2-20260918,2,fedavg_proto,client_2,val,probabilities,0.942412539754657,False,1,204,cuda:0,1.8.1,confirmation,False,3.8.20,0.6.1,2022.09.5,11.1,NVIDIA A100-PCIE-40GB
mmgnn-raw-logit-v2-20260918,2,fedavg_proto,client_2,test,logits,0.945578231292517,True,1,204,cuda:0,1.8.1,confirmation,False,3.8.20,0.6.1,2022.09.5,11.1,NVIDIA A100-PCIE-40GB
mmgnn-raw-logit-v2-20260918,2,fedavg_proto,client_2,test,probabilities,0.945578231292517,False,1,204,cuda:0,1.8.1,confirmation,False,3.8.20,0.6.1,2022.09.5,11.1,NVIDIA A100-PCIE-40GB
mmgnn-raw-logit-v2-20260918,2,fedavg_proto,client_3,val,logits,0.9363925488414357,True,1,204,cuda:0,1.8.1,confirmation,False,3.8.20,0.6.1,2022.09.5,11.1,NVIDIA A100-PCIE-40GB
mmgnn-raw-logit-v2-20260918,2,fedavg_proto,client_3,val,probabilities,0.9363925488414357,False,1,204,cuda:0,1.8.1,confirmation,False,3.8.20,0.6.1,2022.09.5,11.1,NVIDIA A100-PCIE-40GB
mmgnn-raw-logit-v2-20260918,2,fedavg_proto,client_3,test,logits,0.9303019453395394,True,1,204,cuda:0,1.8.1,confirmation,False,3.8.20,0.6.1,2022.09.5,11.1,NVIDIA A100-PCIE-40GB
mmgnn-raw-logit-v2-20260918,2,fedavg_proto,client_3,test,probabilities,0.9303019453395394,False,1,204,cuda:0,1.8.1,confirmation,False,3.8.20,0.6.1,2022.09.5,11.1,NVIDIA A100-PCIE-40GB
mmgnn-raw-logit-v2-20260918,3,fedavg_proto,server,val,logits,0.9645615629259428,True,1,204,cuda:0,1.8.1,confirmation,False,3.8.20,0.6.1,2022.09.5,11.1,NVIDIA A100-PCIE-40GB
mmgnn-raw-logit-v2-20260918,3,fedavg_proto,server,val,probabilities,0.9645615629259428,False,1,204,cuda:0,1.8.1,confirmation,False,3.8.20,0.6.1,2022.09.5,11.1,NVIDIA A100-PCIE-40GB
mmgnn-raw-logit-v2-20260918,3,fedavg_proto,server,test,logits,0.9505907626208377,True,1,204,cuda:0,1.8.1,confirmation,False,3.8.20,0.6.1,2022.09.5,11.1,NVIDIA A100-PCIE-40GB
mmgnn-raw-logit-v2-20260918,3,fedavg_proto,server,test,probabilities,0.9505907626208377,False,1,204,cuda:0,1.8.1,confirmation,False,3.8.20,0.6.1,2022.09.5,11.1,NVIDIA A100-PCIE-40GB
mmgnn-raw-logit-v2-20260918,3,fedavg_proto,client_0,val,logits,0.9557019536574285,True,1,204,cuda:0,1.8.1,confirmation,False,3.8.20,0.6.1,2022.09.5,11.1,NVIDIA A100-PCIE-40GB
mmgnn-raw-logit-v2-20260918,3,fedavg_proto,client_0,val,probabilities,0.9557587460245344,False,1,204,cuda:0,1.8.1,confirmation,False,3.8.20,0.6.1,2022.09.5,11.1,NVIDIA A100-PCIE-40GB
mmgnn-raw-logit-v2-20260918,3,fedavg_proto,client_0,test,logits,0.9189640768588135,True,1,204,cuda:0,1.8.1,confirmation,False,3.8.20,0.6.1,2022.09.5,11.1,NVIDIA A100-PCIE-40GB
mmgnn-raw-logit-v2-20260918,3,fedavg_proto,client_0,test,probabilities,0.9189640768588136,False,1,204,cuda:0,1.8.1,confirmation,False,3.8.20,0.6.1,2022.09.5,11.1,NVIDIA A100-PCIE-40GB
mmgnn-raw-logit-v2-20260918,3,fedavg_proto,client_1,val,logits,0.9500227169468424,True,1,204,cuda:0,1.8.1,confirmation,False,3.8.20,0.6.1,2022.09.5,11.1,NVIDIA A100-PCIE-40GB
mmgnn-raw-logit-v2-20260918,3,fedavg_proto,client_1,val,probabilities,0.9500227169468423,False,1,204,cuda:0,1.8.1,confirmation,False,3.8.20,0.6.1,2022.09.5,11.1,NVIDIA A100-PCIE-40GB
mmgnn-raw-logit-v2-20260918,3,fedavg_proto,client_1,test,logits,0.9199188447308748,True,1,204,cuda:0,1.8.1,confirmation,False,3.8.20,0.6.1,2022.09.5,11.1,NVIDIA A100-PCIE-40GB
mmgnn-raw-logit-v2-20260918,3,fedavg_proto,client_1,test,probabilities,0.9199188447308748,False,1,204,cuda:0,1.8.1,confirmation,False,3.8.20,0.6.1,2022.09.5,11.1,NVIDIA A100-PCIE-40GB
mmgnn-raw-logit-v2-20260918,3,fedavg_proto,client_2,val,logits,0.944002726033621,True,1,204,cuda:0,1.8.1,confirmation,False,3.8.20,0.6.1,2022.09.5,11.1,NVIDIA A100-PCIE-40GB
mmgnn-raw-logit-v2-20260918,3,fedavg_proto,client_2,val,probabilities,0.944002726033621,False,1,204,cuda:0,1.8.1,confirmation,False,3.8.20,0.6.1,2022.09.5,11.1,NVIDIA A100-PCIE-40GB
mmgnn-raw-logit-v2-20260918,3,fedavg_proto,client_2,test,logits,0.9410430839002266,True,1,204,cuda:0,1.8.1,confirmation,False,3.8.20,0.6.1,2022.09.5,11.1,NVIDIA A100-PCIE-40GB
mmgnn-raw-logit-v2-20260918,3,fedavg_proto,client_2,test,probabilities,0.9411027568922304,False,1,204,cuda:0,1.8.1,confirmation,False,3.8.20,0.6.1,2022.09.5,11.1,NVIDIA A100-PCIE-40GB
mmgnn-raw-logit-v2-20260918,3,fedavg_proto,client_3,val,logits,0.9343480236256246,True,1,204,cuda:0,1.8.1,confirmation,False,3.8.20,0.6.1,2022.09.5,11.1,NVIDIA A100-PCIE-40GB
mmgnn-raw-logit-v2-20260918,3,fedavg_proto,client_3,val,probabilities,0.9344048159927306,False,1,204,cuda:0,1.8.1,confirmation,False,3.8.20,0.6.1,2022.09.5,11.1,NVIDIA A100-PCIE-40GB
mmgnn-raw-logit-v2-20260918,3,fedavg_proto,client_3,test,logits,0.9324501730516768,True,1,204,cuda:0,1.8.1,confirmation,False,3.8.20,0.6.1,2022.09.5,11.1,NVIDIA A100-PCIE-40GB
mmgnn-raw-logit-v2-20260918,3,fedavg_proto,client_3,test,probabilities,0.9325098460436807,False,1,204,cuda:0,1.8.1,confirmation,False,3.8.20,0.6.1,2022.09.5,11.1,NVIDIA A100-PCIE-40GB
mmgnn-raw-logit-v2-20260918,4,fedavg_proto,server,val,logits,0.9620626987732849,True,1,204,cuda:0,1.8.1,confirmation,False,3.8.20,0.6.1,2022.09.5,11.1,NVIDIA A100-PCIE-40GB
mmgnn-raw-logit-v2-20260918,4,fedavg_proto,server,val,probabilities,0.9620626987732849,False,1,204,cuda:0,1.8.1,confirmation,False,3.8.20,0.6.1,2022.09.5,11.1,NVIDIA A100-PCIE-40GB
mmgnn-raw-logit-v2-20260918,4,fedavg_proto,server,test,logits,0.9499940327007996,True,1,204,cuda:0,1.8.1,confirmation,False,3.8.20,0.6.1,2022.09.5,11.1,NVIDIA A100-PCIE-40GB
mmgnn-raw-logit-v2-20260918,4,fedavg_proto,server,test,probabilities,0.9499940327007996,False,1,204,cuda:0,1.8.1,confirmation,False,3.8.20,0.6.1,2022.09.5,11.1,NVIDIA A100-PCIE-40GB
mmgnn-raw-logit-v2-20260918,4,fedavg_proto,client_0,val,logits,0.9587687414811449,True,1,204,cuda:0,1.8.1,confirmation,False,3.8.20,0.6.1,2022.09.5,11.1,NVIDIA A100-PCIE-40GB
mmgnn-raw-logit-v2-20260918,4,fedavg_proto,client_0,val,probabilities,0.9587687414811449,False,1,204,cuda:0,1.8.1,confirmation,False,3.8.20,0.6.1,2022.09.5,11.1,NVIDIA A100-PCIE-40GB
mmgnn-raw-logit-v2-20260918,4,fedavg_proto,client_0,test,logits,0.9301825993555317,True,1,204,cuda:0,1.8.1,confirmation,False,3.8.20,0.6.1,2022.09.5,11.1,NVIDIA A100-PCIE-40GB
mmgnn-raw-logit-v2-20260918,4,fedavg_proto,client_0,test,probabilities,0.9301229263635278,False,1,204,cuda:0,1.8.1,confirmation,False,3.8.20,0.6.1,2022.09.5,11.1,NVIDIA A100-PCIE-40GB
mmgnn-raw-logit-v2-20260918,4,fedavg_proto,client_1,val,logits,0.9443434802362562,True,1,204,cuda:0,1.8.1,confirmation,False,3.8.20,0.6.1,2022.09.5,11.1,NVIDIA A100-PCIE-40GB
mmgnn-raw-logit-v2-20260918,4,fedavg_proto,client_1,val,probabilities,0.9442866878691504,False,1,204,cuda:0,1.8.1,confirmation,False,3.8.20,0.6.1,2022.09.5,11.1,NVIDIA A100-PCIE-40GB
mmgnn-raw-logit-v2-20260918,4,fedavg_proto,client_1,test,logits,0.9127580856904165,True,1,204,cuda:0,1.8.1,confirmation,False,3.8.20,0.6.1,2022.09.5,11.1,NVIDIA A100-PCIE-40GB
mmgnn-raw-logit-v2-20260918,4,fedavg_proto,client_1,test,probabilities,0.9128177586824203,False,1,204,cuda:0,1.8.1,confirmation,False,3.8.20,0.6.1,2022.09.5,11.1,NVIDIA A100-PCIE-40GB
mmgnn-raw-logit-v2-20260918,4,fedavg_proto,client_2,val,logits,0.9500227169468423,True,1,204,cuda:0,1.8.1,confirmation,False,3.8.20,0.6.1,2022.09.5,11.1,NVIDIA A100-PCIE-40GB
mmgnn-raw-logit-v2-20260918,4,fedavg_proto,client_2,val,probabilities,0.9500227169468423,False,1,204,cuda:0,1.8.1,confirmation,False,3.8.20,0.6.1,2022.09.5,11.1,NVIDIA A100-PCIE-40GB
mmgnn-raw-logit-v2-20260918,4,fedavg_proto,client_2,test,logits,0.9449815013724788,True,1,204,cuda:0,1.8.1,confirmation,False,3.8.20,0.6.1,2022.09.5,11.1,NVIDIA A100-PCIE-40GB
mmgnn-raw-logit-v2-20260918,4,fedavg_proto,client_2,test,probabilities,0.944921828380475,False,1,204,cuda:0,1.8.1,confirmation,False,3.8.20,0.6.1,2022.09.5,11.1,NVIDIA A100-PCIE-40GB
mmgnn-raw-logit-v2-20260918,4,fedavg_proto,client_3,val,logits,0.9435483870967742,True,1,204,cuda:0,1.8.1,confirmation,False,3.8.20,0.6.1,2022.09.5,11.1,NVIDIA A100-PCIE-40GB
mmgnn-raw-logit-v2-20260918,4,fedavg_proto,client_3,val,probabilities,0.9435483870967742,False,1,204,cuda:0,1.8.1,confirmation,False,3.8.20,0.6.1,2022.09.5,11.1,NVIDIA A100-PCIE-40GB
mmgnn-raw-logit-v2-20260918,4,fedavg_proto,client_3,test,logits,0.9418785057882801,True,1,204,cuda:0,1.8.1,confirmation,False,3.8.20,0.6.1,2022.09.5,11.1,NVIDIA A100-PCIE-40GB
mmgnn-raw-logit-v2-20260918,4,fedavg_proto,client_3,test,probabilities,0.9419381787802841,False,1,204,cuda:0,1.8.1,confirmation,False,3.8.20,0.6.1,2022.09.5,11.1,NVIDIA A100-PCIE-40GB
mmgnn-raw-logit-v2-20260918,5,fedavg_proto,server,val,logits,0.961608359836438,True,1,204,cuda:0,1.8.1,confirmation,False,3.8.20,0.6.1,2022.09.5,11.1,NVIDIA A100-PCIE-40GB
mmgnn-raw-logit-v2-20260918,5,fedavg_proto,server,val,probabilities,0.961608359836438,False,1,204,cuda:0,1.8.1,confirmation,False,3.8.20,0.6.1,2022.09.5,11.1,NVIDIA A100-PCIE-40GB
mmgnn-raw-logit-v2-20260918,5,fedavg_proto,server,test,logits,0.9569160997732425,True,1,204,cuda:0,1.8.1,confirmation,False,3.8.20,0.6.1,2022.09.5,11.1,NVIDIA A100-PCIE-40GB
mmgnn-raw-logit-v2-20260918,5,fedavg_proto,server,test,probabilities,0.9569160997732425,False,1,204,cuda:0,1.8.1,confirmation,False,3.8.20,0.6.1,2022.09.5,11.1,NVIDIA A100-PCIE-40GB
mmgnn-raw-logit-v2-20260918,5,fedavg_proto,client_0,val,logits,0.9560427078600636,True,1,204,cuda:0,1.8.1,confirmation,False,3.8.20,0.6.1,2022.09.5,11.1,NVIDIA A100-PCIE-40GB
mmgnn-raw-logit-v2-20260918,5,fedavg_proto,client_0,val,probabilities,0.9560427078600636,False,1,204,cuda:0,1.8.1,confirmation,False,3.8.20,0.6.1,2022.09.5,11.1,NVIDIA A100-PCIE-40GB
mmgnn-raw-logit-v2-20260918,5,fedavg_proto,client_0,test,logits,0.9324501730516768,True,1,204,cuda:0,1.8.1,confirmation,False,3.8.20,0.6.1,2022.09.5,11.1,NVIDIA A100-PCIE-40GB
mmgnn-raw-logit-v2-20260918,5,fedavg_proto,client_0,test,probabilities,0.9324501730516769,False,1,204,cuda:0,1.8.1,confirmation,False,3.8.20,0.6.1,2022.09.5,11.1,NVIDIA A100-PCIE-40GB
mmgnn-raw-logit-v2-20260918,5,fedavg_proto,client_1,val,logits,0.9495683780099955,True,1,204,cuda:0,1.8.1,confirmation,False,3.8.20,0.6.1,2022.09.5,11.1,NVIDIA A100-PCIE-40GB
mmgnn-raw-logit-v2-20260918,5,fedavg_proto,client_1,val,probabilities,0.9495683780099955,False,1,204,cuda:0,1.8.1,confirmation,False,3.8.20,0.6.1,2022.09.5,11.1,NVIDIA A100-PCIE-40GB
mmgnn-raw-logit-v2-20260918,5,fedavg_proto,client_1,test,logits,0.9320921350996539,True,1,204,cuda:0,1.8.1,confirmation,False,3.8.20,0.6.1,2022.09.5,11.1,NVIDIA A100-PCIE-40GB
mmgnn-raw-logit-v2-20260918,5,fedavg_proto,client_1,test,probabilities,0.9320921350996538,False,1,204,cuda:0,1.8.1,confirmation,False,3.8.20,0.6.1,2022.09.5,11.1,NVIDIA A100-PCIE-40GB
mmgnn-raw-logit-v2-20260918,5,fedavg_proto,client_2,val,logits,0.9520672421626534,True,1,204,cuda:0,1.8.1,confirmation,False,3.8.20,0.6.1,2022.09.5,11.1,NVIDIA A100-PCIE-40GB
mmgnn-raw-logit-v2-20260918,5,fedavg_proto,client_2,val,probabilities,0.9520672421626534,False,1,204,cuda:0,1.8.1,confirmation,False,3.8.20,0.6.1,2022.09.5,11.1,NVIDIA A100-PCIE-40GB
mmgnn-raw-logit-v2-20260918,5,fedavg_proto,client_2,test,logits,0.9510681465568683,True,1,204,cuda:0,1.8.1,confirmation,False,3.8.20,0.6.1,2022.09.5,11.1,NVIDIA A100-PCIE-40GB
mmgnn-raw-logit-v2-20260918,5,fedavg_proto,client_2,test,probabilities,0.9510681465568683,False,1,204,cuda:0,1.8.1,confirmation,False,3.8.20,0.6.1,2022.09.5,11.1,NVIDIA A100-PCIE-40GB
mmgnn-raw-logit-v2-20260918,5,fedavg_proto,client_3,val,logits,0.9501363016810541,True,1,204,cuda:0,1.8.1,confirmation,False,3.8.20,0.6.1,2022.09.5,11.1,NVIDIA A100-PCIE-40GB
mmgnn-raw-logit-v2-20260918,5,fedavg_proto,client_3,val,probabilities,0.9501363016810541,False,1,204,cuda:0,1.8.1,confirmation,False,3.8.20,0.6.1,2022.09.5,11.1,NVIDIA A100-PCIE-40GB
mmgnn-raw-logit-v2-20260918,5,fedavg_proto,client_3,test,logits,0.9437880415324024,True,1,204,cuda:0,1.8.1,confirmation,False,3.8.20,0.6.1,2022.09.5,11.1,NVIDIA A100-PCIE-40GB
mmgnn-raw-logit-v2-20260918,5,fedavg_proto,client_3,test,probabilities,0.9439073875164101,False,1,204,cuda:0,1.8.1,confirmation,False,3.8.20,0.6.1,2022.09.5,11.1,NVIDIA A100-PCIE-40GB
mmgnn-raw-logit-v2-20260918,6,fedavg_proto,server,val,logits,0.9593366651522035,True,1,204,cuda:0,1.8.1,confirmation,False,3.8.20,0.6.1,2022.09.5,11.1,NVIDIA A100-PCIE-40GB
mmgnn-raw-logit-v2-20260918,6,fedavg_proto,server,val,probabilities,0.9593366651522035,False,1,204,cuda:0,1.8.1,confirmation,False,3.8.20,0.6.1,2022.09.5,11.1,NVIDIA A100-PCIE-40GB
mmgnn-raw-logit-v2-20260918,6,fedavg_proto,server,test,logits,0.9535744122210288,True,1,204,cuda:0,1.8.1,confirmation,False,3.8.20,0.6.1,2022.09.5,11.1,NVIDIA A100-PCIE-40GB
mmgnn-raw-logit-v2-20260918,6,fedavg_proto,server,test,probabilities,0.9535744122210288,False,1,204,cuda:0,1.8.1,confirmation,False,3.8.20,0.6.1,2022.09.5,11.1,NVIDIA A100-PCIE-40GB
mmgnn-raw-logit-v2-20260918,6,fedavg_proto,client_0,val,logits,0.9495683780099954,True,1,204,cuda:0,1.8.1,confirmation,False,3.8.20,0.6.1,2022.09.5,11.1,NVIDIA A100-PCIE-40GB
mmgnn-raw-logit-v2-20260918,6,fedavg_proto,client_0,val,probabilities,0.9495115856428896,False,1,204,cuda:0,1.8.1,confirmation,False,3.8.20,0.6.1,2022.09.5,11.1,NVIDIA A100-PCIE-40GB
mmgnn-raw-logit-v2-20260918,6,fedavg_proto,client_0,test,logits,0.9441460794844253,True,1,204,cuda:0,1.8.1,confirmation,False,3.8.20,0.6.1,2022.09.5,11.1,NVIDIA A100-PCIE-40GB
mmgnn-raw-logit-v2-20260918,6,fedavg_proto,client_0,test,probabilities,0.9441460794844253,False,1,204,cuda:0,1.8.1,confirmation,False,3.8.20,0.6.1,2022.09.5,11.1,NVIDIA A100-PCIE-40GB
mmgnn-raw-logit-v2-20260918,6,fedavg_proto,client_1,val,logits,0.9437755565651976,True,1,204,cuda:0,1.8.1,confirmation,False,3.8.20,0.6.1,2022.09.5,11.1,NVIDIA A100-PCIE-40GB
mmgnn-raw-logit-v2-20260918,6,fedavg_proto,client_1,val,probabilities,0.9437755565651976,False,1,204,cuda:0,1.8.1,confirmation,False,3.8.20,0.6.1,2022.09.5,11.1,NVIDIA A100-PCIE-40GB
mmgnn-raw-logit-v2-20260918,6,fedavg_proto,client_1,test,logits,0.9141902374985081,True,1,204,cuda:0,1.8.1,confirmation,False,3.8.20,0.6.1,2022.09.5,11.1,NVIDIA A100-PCIE-40GB
mmgnn-raw-logit-v2-20260918,6,fedavg_proto,client_1,test,probabilities,0.9141305645065044,False,1,204,cuda:0,1.8.1,confirmation,False,3.8.20,0.6.1,2022.09.5,11.1,NVIDIA A100-PCIE-40GB
mmgnn-raw-logit-v2-20260918,6,fedavg_proto,client_2,val,logits,0.9530895047705589,True,1,204,cuda:0,1.8.1,confirmation,False,3.8.20,0.6.1,2022.09.5,11.1,NVIDIA A100-PCIE-40GB
mmgnn-raw-logit-v2-20260918,6,fedavg_proto,client_2,val,probabilities,0.9530895047705589,False,1,204,cuda:0,1.8.1,confirmation,False,3.8.20,0.6.1,2022.09.5,11.1,NVIDIA A100-PCIE-40GB
mmgnn-raw-logit-v2-20260918,6,fedavg_proto,client_2,test,logits,0.9491586108127461,True,1,204,cuda:0,1.8.1,confirmation,False,3.8.20,0.6.1,2022.09.5,11.1,NVIDIA A100-PCIE-40GB
mmgnn-raw-logit-v2-20260918,6,fedavg_proto,client_2,test,probabilities,0.9491586108127461,False,1,204,cuda:0,1.8.1,confirmation,False,3.8.20,0.6.1,2022.09.5,11.1,NVIDIA A100-PCIE-40GB
mmgnn-raw-logit-v2-20260918,6,fedavg_proto,client_3,val,logits,0.9404815992730577,True,1,204,cuda:0,1.8.1,confirmation,False,3.8.20,0.6.1,2022.09.5,11.1,NVIDIA A100-PCIE-40GB
mmgnn-raw-logit-v2-20260918,6,fedavg_proto,client_3,val,probabilities,0.9405383916401636,False,1,204,cuda:0,1.8.1,confirmation,False,3.8.20,0.6.1,2022.09.5,11.1,NVIDIA A100-PCIE-40GB
mmgnn-raw-logit-v2-20260918,6,fedavg_proto,client_3,test,logits,0.9397302780761428,True,1,204,cuda:0,1.8.1,confirmation,False,3.8.20,0.6.1,2022.09.5,11.1,NVIDIA A100-PCIE-40GB
mmgnn-raw-logit-v2-20260918,6,fedavg_proto,client_3,test,probabilities,0.9397899510681467,False,1,204,cuda:0,1.8.1,confirmation,False,3.8.20,0.6.1,2022.09.5,11.1,NVIDIA A100-PCIE-40GB
mmgnn-raw-logit-v2-20260918,7,fedavg_proto,server,val,logits,0.9546796910495229,True,1,204,cuda:0,1.8.1,confirmation,False,3.8.20,0.6.1,2022.09.5,11.1,NVIDIA A100-PCIE-40GB
mmgnn-raw-logit-v2-20260918,7,fedavg_proto,server,val,probabilities,0.9547364834166288,False,1,204,cuda:0,1.8.1,confirmation,False,3.8.20,0.6.1,2022.09.5,11.1,NVIDIA A100-PCIE-40GB
mmgnn-raw-logit-v2-20260918,7,fedavg_proto,server,test,logits,0.9519035684449219,True,1,204,cuda:0,1.8.1,confirmation,False,3.8.20,0.6.1,2022.09.5,11.1,NVIDIA A100-PCIE-40GB
mmgnn-raw-logit-v2-20260918,7,fedavg_proto,server,test,probabilities,0.9519035684449217,False,1,204,cuda:0,1.8.1,confirmation,False,3.8.20,0.6.1,2022.09.5,11.1,NVIDIA A100-PCIE-40GB
mmgnn-raw-logit-v2-20260918,7,fedavg_proto,client_0,val,logits,0.9500227169468424,True,1,204,cuda:0,1.8.1,confirmation,False,3.8.20,0.6.1,2022.09.5,11.1,NVIDIA A100-PCIE-40GB
mmgnn-raw-logit-v2-20260918,7,fedavg_proto,client_0,val,probabilities,0.9500227169468423,False,1,204,cuda:0,1.8.1,confirmation,False,3.8.20,0.6.1,2022.09.5,11.1,NVIDIA A100-PCIE-40GB
mmgnn-raw-logit-v2-20260918,7,fedavg_proto,client_0,test,logits,0.9295858694354936,True,1,204,cuda:0,1.8.1,confirmation,False,3.8.20,0.6.1,2022.09.5,11.1,NVIDIA A100-PCIE-40GB
mmgnn-raw-logit-v2-20260918,7,fedavg_proto,client_0,test,probabilities,0.9295858694354935,False,1,204,cuda:0,1.8.1,confirmation,False,3.8.20,0.6.1,2022.09.5,11.1,NVIDIA A100-PCIE-40GB
mmgnn-raw-logit-v2-20260918,7,fedavg_proto,client_1,val,logits,0.9342344388914129,True,1,204,cuda:0,1.8.1,confirmation,False,3.8.20,0.6.1,2022.09.5,11.1,NVIDIA A100-PCIE-40GB
mmgnn-raw-logit-v2-20260918,7,fedavg_proto,client_1,val,probabilities,0.9342344388914131,False,1,204,cuda:0,1.8.1,confirmation,False,3.8.20,0.6.1,2022.09.5,11.1,NVIDIA A100-PCIE-40GB
mmgnn-raw-logit-v2-20260918,7,fedavg_proto,client_1,test,logits,0.9334049409237378,True,1,204,cuda:0,1.8.1,confirmation,False,3.8.20,0.6.1,2022.09.5,11.1,NVIDIA A100-PCIE-40GB
mmgnn-raw-logit-v2-20260918,7,fedavg_proto,client_1,test,probabilities,0.9334049409237378,False,1,204,cuda:0,1.8.1,confirmation,False,3.8.20,0.6.1,2022.09.5,11.1,NVIDIA A100-PCIE-40GB
mmgnn-raw-logit-v2-20260918,7,fedavg_proto,client_2,val,logits,0.953430258973194,True,1,204,cuda:0,1.8.1,confirmation,False,3.8.20,0.6.1,2022.09.5,11.1,NVIDIA A100-PCIE-40GB
mmgnn-raw-logit-v2-20260918,7,fedavg_proto,client_2,val,probabilities,0.953430258973194,False,1,204,cuda:0,1.8.1,confirmation,False,3.8.20,0.6.1,2022.09.5,11.1,NVIDIA A100-PCIE-40GB
mmgnn-raw-logit-v2-20260918,7,fedavg_proto,client_2,test,logits,0.9460556152285475,True,1,204,cuda:0,1.8.1,confirmation,False,3.8.20,0.6.1,2022.09.5,11.1,NVIDIA A100-PCIE-40GB
mmgnn-raw-logit-v2-20260918,7,fedavg_proto,client_2,test,probabilities,0.9460556152285475,False,1,204,cuda:0,1.8.1,confirmation,False,3.8.20,0.6.1,2022.09.5,11.1,NVIDIA A100-PCIE-40GB
mmgnn-raw-logit-v2-20260918,7,fedavg_proto,client_3,val,logits,0.9453657428441617,True,1,204,cuda:0,1.8.1,confirmation,False,3.8.20,0.6.1,2022.09.5,11.1,NVIDIA A100-PCIE-40GB
mmgnn-raw-logit-v2-20260918,7,fedavg_proto,client_3,val,probabilities,0.9453089504770559,False,1,204,cuda:0,1.8.1,confirmation,False,3.8.20,0.6.1,2022.09.5,11.1,NVIDIA A100-PCIE-40GB
mmgnn-raw-logit-v2-20260918,7,fedavg_proto,client_3,test,logits,0.9434300035803795,True,1,204,cuda:0,1.8.1,confirmation,False,3.8.20,0.6.1,2022.09.5,11.1,NVIDIA A100-PCIE-40GB
mmgnn-raw-logit-v2-20260918,7,fedavg_proto,client_3,test,probabilities,0.9434300035803795,False,1,204,cuda:0,1.8.1,confirmation,False,3.8.20,0.6.1,2022.09.5,11.1,NVIDIA A100-PCIE-40GB
mmgnn-raw-logit-v2-20260918,8,fedavg_proto,server,val,logits,0.9558155383916401,True,1,204,cuda:0,1.8.1,confirmation,False,3.8.20,0.6.1,2022.09.5,11.1,NVIDIA A100-PCIE-40GB
mmgnn-raw-logit-v2-20260918,8,fedavg_proto,server,val,probabilities,0.9557587460245343,False,1,204,cuda:0,1.8.1,confirmation,False,3.8.20,0.6.1,2022.09.5,11.1,NVIDIA A100-PCIE-40GB
mmgnn-raw-logit-v2-20260918,8,fedavg_proto,server,test,logits,0.9516648764769066,True,1,204,cuda:0,1.8.1,confirmation,False,3.8.20,0.6.1,2022.09.5,11.1,NVIDIA A100-PCIE-40GB
mmgnn-raw-logit-v2-20260918,8,fedavg_proto,server,test,probabilities,0.9517245494689104,False,1,204,cuda:0,1.8.1,confirmation,False,3.8.20,0.6.1,2022.09.5,11.1,NVIDIA A100-PCIE-40GB
mmgnn-raw-logit-v2-20260918,8,fedavg_proto,client_0,val,logits,0.9505906406179009,True,1,204,cuda:0,1.8.1,confirmation,False,3.8.20,0.6.1,2022.09.5,11.1,NVIDIA A100-PCIE-40GB
mmgnn-raw-logit-v2-20260918,8,fedavg_proto,client_0,val,probabilities,0.950590640617901,False,1,204,cuda:0,1.8.1,confirmation,False,3.8.20,0.6.1,2022.09.5,11.1,NVIDIA A100-PCIE-40GB
mmgnn-raw-logit-v2-20260918,8,fedavg_proto,client_0,test,logits,0.9292278314834705,True,1,204,cuda:0,1.8.1,confirmation,False,3.8.20,0.6.1,2022.09.5,11.1,NVIDIA A100-PCIE-40GB
mmgnn-raw-logit-v2-20260918,8,fedavg_proto,client_0,test,probabilities,0.9292278314834707,False,1,204,cuda:0,1.8.1,confirmation,False,3.8.20,0.6.1,2022.09.5,11.1,NVIDIA A100-PCIE-40GB
mmgnn-raw-logit-v2-20260918,8,fedavg_proto,client_1,val,logits,0.9286687869150386,True,1,204,cuda:0,1.8.1,confirmation,False,3.8.20,0.6.1,2022.09.5,11.1,NVIDIA A100-PCIE-40GB
mmgnn-raw-logit-v2-20260918,8,fedavg_proto,client_1,val,probabilities,0.9286119945479329,False,1,204,cuda:0,1.8.1,confirmation,False,3.8.20,0.6.1,2022.09.5,11.1,NVIDIA A100-PCIE-40GB
mmgnn-raw-logit-v2-20260918,8,fedavg_proto,client_1,test,logits,0.9310180212435851,True,1,204,cuda:0,1.8.1,confirmation,False,3.8.20,0.6.1,2022.09.5,11.1,NVIDIA A100-PCIE-40GB
mmgnn-raw-logit-v2-20260918,8,fedavg_proto,client_1,test,probabilities,0.9308390022675735,False,1,204,cuda:0,1.8.1,confirmation,False,3.8.20,0.6.1,2022.09.5,11.1,NVIDIA A100-PCIE-40GB
mmgnn-raw-logit-v2-20260918,8,fedavg_proto,client_2,val,logits,0.9549068605179464,True,1,204,cuda:0,1.8.1,confirmation,False,3.8.20,0.6.1,2022.09.5,11.1,NVIDIA A100-PCIE-40GB
mmgnn-raw-logit-v2-20260918,8,fedavg_proto,client_2,val,probabilities,0.9549068605179464,False,1,204,cuda:0,1.8.1,confirmation,False,3.8.20,0.6.1,2022.09.5,11.1,NVIDIA A100-PCIE-40GB
mmgnn-raw-logit-v2-20260918,8,fedavg_proto,client_2,test,logits,0.9488005728607233,True,1,204,cuda:0,1.8.1,confirmation,False,3.8.20,0.6.1,2022.09.5,11.1,NVIDIA A100-PCIE-40GB
mmgnn-raw-logit-v2-20260918,8,fedavg_proto,client_2,test,probabilities,0.9488005728607232,False,1,204,cuda:0,1.8.1,confirmation,False,3.8.20,0.6.1,2022.09.5,11.1,NVIDIA A100-PCIE-40GB
mmgnn-raw-logit-v2-20260918,8,fedavg_proto,client_3,val,logits,0.9459336665152204,True,1,204,cuda:0,1.8.1,confirmation,False,3.8.20,0.6.1,2022.09.5,11.1,NVIDIA A100-PCIE-40GB
mmgnn-raw-logit-v2-20260918,8,fedavg_proto,client_3,val,probabilities,0.9459336665152204,False,1,204,cuda:0,1.8.1,confirmation,False,3.8.20,0.6.1,2022.09.5,11.1,NVIDIA A100-PCIE-40GB
mmgnn-raw-logit-v2-20260918,8,fedavg_proto,client_3,test,logits,0.9380594343000357,True,1,204,cuda:0,1.8.1,confirmation,False,3.8.20,0.6.1,2022.09.5,11.1,NVIDIA A100-PCIE-40GB
mmgnn-raw-logit-v2-20260918,8,fedavg_proto,client_3,test,probabilities,0.9381191072920396,False,1,204,cuda:0,1.8.1,confirmation,False,3.8.20,0.6.1,2022.09.5,11.1,NVIDIA A100-PCIE-40GB
mmgnn-raw-logit-v2-20260918,9,fedavg_proto,server,val,logits,0.9606996819627442,True,1,204,cuda:0,1.8.1,confirmation,False,3.8.20,0.6.1,2022.09.5,11.1,NVIDIA A100-PCIE-40GB
mmgnn-raw-logit-v2-20260918,9,fedavg_proto,server,val,probabilities,0.9606428895956384,False,1,204,cuda:0,1.8.1,confirmation,False,3.8.20,0.6.1,2022.09.5,11.1,NVIDIA A100-PCIE-40GB
mmgnn-raw-logit-v2-20260918,9,fedavg_proto,server,test,logits,0.9515455304928989,True,1,204,cuda:0,1.8.1,confirmation,False,3.8.20,0.6.1,2022.09.5,11.1,NVIDIA A100-PCIE-40GB
mmgnn-raw-logit-v2-20260918,9,fedavg_proto,server,test,probabilities,0.9514858575008951,False,1,204,cuda:0,1.8.1,confirmation,False,3.8.20,0.6.1,2022.09.5,11.1,NVIDIA A100-PCIE-40GB
mmgnn-raw-logit-v2-20260918,9,fedavg_proto,client_0,val,logits,0.9549068605179464,True,1,204,cuda:0,1.8.1,confirmation,False,3.8.20,0.6.1,2022.09.5,11.1,NVIDIA A100-PCIE-40GB
mmgnn-raw-logit-v2-20260918,9,fedavg_proto,client_0,val,probabilities,0.9549068605179464,False,1,204,cuda:0,1.8.1,confirmation,False,3.8.20,0.6.1,2022.09.5,11.1,NVIDIA A100-PCIE-40GB
mmgnn-raw-logit-v2-20260918,9,fedavg_proto,client_0,test,logits,0.9325695190356844,True,1,204,cuda:0,1.8.1,confirmation,False,3.8.20,0.6.1,2022.09.5,11.1,NVIDIA A100-PCIE-40GB
mmgnn-raw-logit-v2-20260918,9,fedavg_proto,client_0,test,probabilities,0.9326291920276882,False,1,204,cuda:0,1.8.1,confirmation,False,3.8.20,0.6.1,2022.09.5,11.1,NVIDIA A100-PCIE-40GB
mmgnn-raw-logit-v2-20260918,9,fedavg_proto,client_1,val,logits,0.9283280327124035,True,1,204,cuda:0,1.8.1,confirmation,False,3.8.20,0.6.1,2022.09.5,11.1,NVIDIA A100-PCIE-40GB
mmgnn-raw-logit-v2-20260918,9,fedavg_proto,client_1,val,probabilities,0.9283280327124034,False,1,204,cuda:0,1.8.1,confirmation,False,3.8.20,0.6.1,2022.09.5,11.1,NVIDIA A100-PCIE-40GB
mmgnn-raw-logit-v2-20260918,9,fedavg_proto,client_1,test,logits,0.9299439073875164,True,1,204,cuda:0,1.8.1,confirmation,False,3.8.20,0.6.1,2022.09.5,11.1,NVIDIA A100-PCIE-40GB
mmgnn-raw-logit-v2-20260918,9,fedavg_proto,client_1,test,probabilities,0.9299439073875164,False,1,204,cuda:0,1.8.1,confirmation,False,3.8.20,0.6.1,2022.09.5,11.1,NVIDIA A100-PCIE-40GB
mmgnn-raw-logit-v2-20260918,9,fedavg_proto,client_2,val,logits,0.9599045888232621,True,1,204,cuda:0,1.8.1,confirmation,False,3.8.20,0.6.1,2022.09.5,11.1,NVIDIA A100-PCIE-40GB
mmgnn-raw-logit-v2-20260918,9,fedavg_proto,client_2,val,probabilities,0.9599613811903681,False,1,204,cuda:0,1.8.1,confirmation,False,3.8.20,0.6.1,2022.09.5,11.1,NVIDIA A100-PCIE-40GB
mmgnn-raw-logit-v2-20260918,9,fedavg_proto,client_2,test,logits,0.9452201933404941,True,1,204,cuda:0,1.8.1,confirmation,False,3.8.20,0.6.1,2022.09.5,11.1,NVIDIA A100-PCIE-40GB
mmgnn-raw-logit-v2-20260918,9,fedavg_proto,client_2,test,probabilities,0.9452201933404941,False,1,204,cuda:0,1.8.1,confirmation,False,3.8.20,0.6.1,2022.09.5,11.1,NVIDIA A100-PCIE-40GB
mmgnn-raw-logit-v2-20260918,9,fedavg_proto,client_3,val,logits,0.9457064970467969,True,1,204,cuda:0,1.8.1,confirmation,False,3.8.20,0.6.1,2022.09.5,11.1,NVIDIA A100-PCIE-40GB
mmgnn-raw-logit-v2-20260918,9,fedavg_proto,client_3,val,probabilities,0.9457064970467969,False,1,204,cuda:0,1.8.1,confirmation,False,3.8.20,0.6.1,2022.09.5,11.1,NVIDIA A100-PCIE-40GB
mmgnn-raw-logit-v2-20260918,9,fedavg_proto,client_3,test,logits,0.9476071130206468,True,1,204,cuda:0,1.8.1,confirmation,False,3.8.20,0.6.1,2022.09.5,11.1,NVIDIA A100-PCIE-40GB
mmgnn-raw-logit-v2-20260918,9,fedavg_proto,client_3,test,probabilities,0.947547440028643,False,1,204,cuda:0,1.8.1,confirmation,False,3.8.20,0.6.1,2022.09.5,11.1,NVIDIA A100-PCIE-40GB
mmgnn-raw-logit-v2-20260918,10,fedavg_proto,server,val,logits,0.9628577919127669,True,1,204,cuda:0,1.8.1,confirmation,False,3.8.20,0.6.1,2022.09.5,11.1,NVIDIA A100-PCIE-40GB
mmgnn-raw-logit-v2-20260918,10,fedavg_proto,server,val,probabilities,0.9628577919127669,False,1,204,cuda:0,1.8.1,confirmation,False,3.8.20,0.6.1,2022.09.5,11.1,NVIDIA A100-PCIE-40GB
mmgnn-raw-logit-v2-20260918,10,fedavg_proto,server,test,logits,0.9509488005728607,True,1,204,cuda:0,1.8.1,confirmation,False,3.8.20,0.6.1,2022.09.5,11.1,NVIDIA A100-PCIE-40GB
mmgnn-raw-logit-v2-20260918,10,fedavg_proto,server,test,probabilities,0.9509488005728607,False,1,204,cuda:0,1.8.1,confirmation,False,3.8.20,0.6.1,2022.09.5,11.1,NVIDIA A100-PCIE-40GB
mmgnn-raw-logit-v2-20260918,10,fedavg_proto,client_0,val,logits,0.9542253521126761,True,1,204,cuda:0,1.8.1,confirmation,False,3.8.20,0.6.1,2022.09.5,11.1,NVIDIA A100-PCIE-40GB
mmgnn-raw-logit-v2-20260918,10,fedavg_proto,client_0,val,probabilities,0.9542253521126761,False,1,204,cuda:0,1.8.1,confirmation,False,3.8.20,0.6.1,2022.09.5,11.1,NVIDIA A100-PCIE-40GB
mmgnn-raw-logit-v2-20260918,10,fedavg_proto,client_0,test,logits,0.9219477264590046,True,1,204,cuda:0,1.8.1,confirmation,False,3.8.20,0.6.1,2022.09.5,11.1,NVIDIA A100-PCIE-40GB
mmgnn-raw-logit-v2-20260918,10,fedavg_proto,client_0,test,probabilities,0.9220073994510085,False,1,204,cuda:0,1.8.1,confirmation,False,3.8.20,0.6.1,2022.09.5,11.1,NVIDIA A100-PCIE-40GB
mmgnn-raw-logit-v2-20260918,10,fedavg_proto,client_1,val,logits,0.949341208541572,True,1,204,cuda:0,1.8.1,confirmation,False,3.8.20,0.6.1,2022.09.5,11.1,NVIDIA A100-PCIE-40GB
mmgnn-raw-logit-v2-20260918,10,fedavg_proto,client_1,val,probabilities,0.9492276238073604,False,1,204,cuda:0,1.8.1,confirmation,False,3.8.20,0.6.1,2022.09.5,11.1,NVIDIA A100-PCIE-40GB
mmgnn-raw-logit-v2-20260918,10,fedavg_proto,client_1,test,logits,0.9336436328917532,True,1,204,cuda:0,1.8.1,confirmation,False,3.8.20,0.6.1,2022.09.5,11.1,NVIDIA A100-PCIE-40GB
mmgnn-raw-logit-v2-20260918,10,fedavg_proto,client_1,test,probabilities,0.9336436328917532,False,1,204,cuda:0,1.8.1,confirmation,False,3.8.20,0.6.1,2022.09.5,11.1,NVIDIA A100-PCIE-40GB
mmgnn-raw-logit-v2-20260918,10,fedavg_proto,client_2,val,logits,0.9511585642889595,True,1,204,cuda:0,1.8.1,confirmation,False,3.8.20,0.6.1,2022.09.5,11.1,NVIDIA A100-PCIE-40GB
mmgnn-raw-logit-v2-20260918,10,fedavg_proto,client_2,val,probabilities,0.9511585642889596,False,1,204,cuda:0,1.8.1,confirmation,False,3.8.20,0.6.1,2022.09.5,11.1,NVIDIA A100-PCIE-40GB
mmgnn-raw-logit-v2-20260918,10,fedavg_proto,client_2,test,logits,0.9452201933404941,True,1,204,cuda:0,1.8.1,confirmation,False,3.8.20,0.6.1,2022.09.5,11.1,NVIDIA A100-PCIE-40GB
mmgnn-raw-logit-v2-20260918,10,fedavg_proto,client_2,test,probabilities,0.9452798663324978,False,1,204,cuda:0,1.8.1,confirmation,False,3.8.20,0.6.1,2022.09.5,11.1,NVIDIA A100-PCIE-40GB
mmgnn-raw-logit-v2-20260918,10,fedavg_proto,client_3,val,logits,0.9517264879600181,True,1,204,cuda:0,1.8.1,confirmation,False,3.8.20,0.6.1,2022.09.5,11.1,NVIDIA A100-PCIE-40GB
mmgnn-raw-logit-v2-20260918,10,fedavg_proto,client_3,val,probabilities,0.9517264879600182,False,1,204,cuda:0,1.8.1,confirmation,False,3.8.20,0.6.1,2022.09.5,11.1,NVIDIA A100-PCIE-40GB
mmgnn-raw-logit-v2-20260918,10,fedavg_proto,client_3,test,logits,0.9451008473564864,True,1,204,cuda:0,1.8.1,confirmation,False,3.8.20,0.6.1,2022.09.5,11.1,NVIDIA A100-PCIE-40GB
mmgnn-raw-logit-v2-20260918,10,fedavg_proto,client_3,test,probabilities,0.9450411743644827,False,1,204,cuda:0,1.8.1,confirmation,False,3.8.20,0.6.1,2022.09.5,11.1,NVIDIA A100-PCIE-40GB
mmgnn-raw-logit-v2-20260918,11,fedavg_proto,server,val,logits,0.9535438437074056,True,1,204,cuda:0,1.8.1,confirmation,False,3.8.20,0.6.1,2022.09.5,11.1,NVIDIA A100-PCIE-40GB
mmgnn-raw-logit-v2-20260918,11,fedavg_proto,server,val,probabilities,0.9535438437074057,False,1,204,cuda:0,1.8.1,confirmation,False,3.8.20,0.6.1,2022.09.5,11.1,NVIDIA A100-PCIE-40GB
mmgnn-raw-logit-v2-20260918,11,fedavg_proto,server,test,logits,0.9433106575963719,True,1,204,cuda:0,1.8.1,confirmation,False,3.8.20,0.6.1,2022.09.5,11.1,NVIDIA A100-PCIE-40GB
mmgnn-raw-logit-v2-20260918,11,fedavg_proto,server,test,probabilities,0.9433703305883756,False,1,204,cuda:0,1.8.1,confirmation,False,3.8.20,0.6.1,2022.09.5,11.1,NVIDIA A100-PCIE-40GB
mmgnn-raw-logit-v2-20260918,11,fedavg_proto,client_0,val,logits,0.943661971830986,True,1,204,cuda:0,1.8.1,confirmation,False,3.8.20,0.6.1,2022.09.5,11.1,NVIDIA A100-PCIE-40GB
mmgnn-raw-logit-v2-20260918,11,fedavg_proto,client_0,val,probabilities,0.943661971830986,False,1,204,cuda:0,1.8.1,confirmation,False,3.8.20,0.6.1,2022.09.5,11.1,NVIDIA A100-PCIE-40GB
mmgnn-raw-logit-v2-20260918,11,fedavg_proto,client_0,test,logits,0.8998687194175917,True,1,204,cuda:0,1.8.1,confirmation,False,3.8.20,0.6.1,2022.09.5,11.1,NVIDIA A100-PCIE-40GB
mmgnn-raw-logit-v2-20260918,11,fedavg_proto,client_0,test,probabilities,0.8998687194175916,False,1,204,cuda:0,1.8.1,confirmation,False,3.8.20,0.6.1,2022.09.5,11.1,NVIDIA A100-PCIE-40GB
mmgnn-raw-logit-v2-20260918,11,fedavg_proto,client_1,val,logits,0.9254884143571104,True,1,204,cuda:0,1.8.1,confirmation,False,3.8.20,0.6.1,2022.09.5,11.1,NVIDIA A100-PCIE-40GB
mmgnn-raw-logit-v2-20260918,11,fedavg_proto,client_1,val,probabilities,0.9254884143571105,False,1,204,cuda:0,1.8.1,confirmation,False,3.8.20,0.6.1,2022.09.5,11.1,NVIDIA A100-PCIE-40GB
mmgnn-raw-logit-v2-20260918,11,fedavg_proto,client_1,test,logits,0.9208736126029359,True,1,204,cuda:0,1.8.1,confirmation,False,3.8.20,0.6.1,2022.09.5,11.1,NVIDIA A100-PCIE-40GB
mmgnn-raw-logit-v2-20260918,11,fedavg_proto,client_1,test,probabilities,0.920813939610932,False,1,204,cuda:0,1.8.1,confirmation,False,3.8.20,0.6.1,2022.09.5,11.1,NVIDIA A100-PCIE-40GB
mmgnn-raw-logit-v2-20260918,11,fedavg_proto,client_2,val,logits,0.9483189459336666,True,1,204,cuda:0,1.8.1,confirmation,False,3.8.20,0.6.1,2022.09.5,11.1,NVIDIA A100-PCIE-40GB
mmgnn-raw-logit-v2-20260918,11,fedavg_proto,client_2,val,probabilities,0.9482621535665607,False,1,204,cuda:0,1.8.1,confirmation,False,3.8.20,0.6.1,2022.09.5,11.1,NVIDIA A100-PCIE-40GB
mmgnn-raw-logit-v2-20260918,11,fedavg_proto,client_2,test,logits,0.947249075068624,True,1,204,cuda:0,1.8.1,confirmation,False,3.8.20,0.6.1,2022.09.5,11.1,NVIDIA A100-PCIE-40GB
mmgnn-raw-logit-v2-20260918,11,fedavg_proto,client_2,test,probabilities,0.947249075068624,False,1,204,cuda:0,1.8.1,confirmation,False,3.8.20,0.6.1,2022.09.5,11.1,NVIDIA A100-PCIE-40GB
mmgnn-raw-logit-v2-20260918,11,fedavg_proto,client_3,val,logits,0.9429804634257156,True,1,204,cuda:0,1.8.1,confirmation,False,3.8.20,0.6.1,2022.09.5,11.1,NVIDIA A100-PCIE-40GB
mmgnn-raw-logit-v2-20260918,11,fedavg_proto,client_3,val,probabilities,0.9429804634257156,False,1,204,cuda:0,1.8.1,confirmation,False,3.8.20,0.6.1,2022.09.5,11.1,NVIDIA A100-PCIE-40GB
mmgnn-raw-logit-v2-20260918,11,fedavg_proto,client_3,test,logits,0.9365079365079364,True,1,204,cuda:0,1.8.1,confirmation,False,3.8.20,0.6.1,2022.09.5,11.1,NVIDIA A100-PCIE-40GB
mmgnn-raw-logit-v2-20260918,11,fedavg_proto,client_3,test,probabilities,0.9365079365079365,False,1,204,cuda:0,1.8.1,confirmation,False,3.8.20,0.6.1,2022.09.5,11.1,NVIDIA A100-PCIE-40GB
mmgnn-raw-logit-v2-20260918,12,fedavg_proto,server,val,logits,0.9490004543389369,True,1,204,cuda:0,1.8.1,confirmation,False,3.8.20,0.6.1,2022.09.5,11.1,NVIDIA A100-PCIE-40GB
mmgnn-raw-logit-v2-20260918,12,fedavg_proto,server,val,probabilities,0.9490004543389369,False,1,204,cuda:0,1.8.1,confirmation,False,3.8.20,0.6.1,2022.09.5,11.1,NVIDIA A100-PCIE-40GB
mmgnn-raw-logit-v2-20260918,12,fedavg_proto,server,test,logits,0.9460556152285474,True,1,204,cuda:0,1.8.1,confirmation,False,3.8.20,0.6.1,2022.09.5,11.1,NVIDIA A100-PCIE-40GB
mmgnn-raw-logit-v2-20260918,12,fedavg_proto,server,test,probabilities,0.9461152882205514,False,1,204,cuda:0,1.8.1,confirmation,False,3.8.20,0.6.1,2022.09.5,11.1,NVIDIA A100-PCIE-40GB
mmgnn-raw-logit-v2-20260918,12,fedavg_proto,client_0,val,logits,0.9358246251703771,True,1,204,cuda:0,1.8.1,confirmation,False,3.8.20,0.6.1,2022.09.5,11.1,NVIDIA A100-PCIE-40GB
mmgnn-raw-logit-v2-20260918,12,fedavg_proto,client_0,val,probabilities,0.935824625170377,False,1,204,cuda:0,1.8.1,confirmation,False,3.8.20,0.6.1,2022.09.5,11.1,NVIDIA A100-PCIE-40GB
mmgnn-raw-logit-v2-20260918,12,fedavg_proto,client_0,test,logits,0.9182480009547679,True,1,204,cuda:0,1.8.1,confirmation,False,3.8.20,0.6.1,2022.09.5,11.1,NVIDIA A100-PCIE-40GB
mmgnn-raw-logit-v2-20260918,12,fedavg_proto,client_0,test,probabilities,0.918248000954768,False,1,204,cuda:0,1.8.1,confirmation,False,3.8.20,0.6.1,2022.09.5,11.1,NVIDIA A100-PCIE-40GB
mmgnn-raw-logit-v2-20260918,12,fedavg_proto,client_1,val,logits,0.9236710586097229,True,1,204,cuda:0,1.8.1,confirmation,False,3.8.20,0.6.1,2022.09.5,11.1,NVIDIA A100-PCIE-40GB
mmgnn-raw-logit-v2-20260918,12,fedavg_proto,client_1,val,probabilities,0.9236710586097229,False,1,204,cuda:0,1.8.1,confirmation,False,3.8.20,0.6.1,2022.09.5,11.1,NVIDIA A100-PCIE-40GB
mmgnn-raw-logit-v2-20260918,12,fedavg_proto,client_1,test,logits,0.899391335481561,True,1,204,cuda:0,1.8.1,confirmation,False,3.8.20,0.6.1,2022.09.5,11.1,NVIDIA A100-PCIE-40GB
mmgnn-raw-logit-v2-20260918,12,fedavg_proto,client_1,test,probabilities,0.8995106814655687,False,1,204,cuda:0,1.8.1,confirmation,False,3.8.20,0.6.1,2022.09.5,11.1,NVIDIA A100-PCIE-40GB
mmgnn-raw-logit-v2-20260918,12,fedavg_proto,client_2,val,logits,0.9488868696047251,True,1,204,cuda:0,1.8.1,confirmation,False,3.8.20,0.6.1,2022.09.5,11.1,NVIDIA A100-PCIE-40GB
mmgnn-raw-logit-v2-20260918,12,fedavg_proto,client_2,val,probabilities,0.9488868696047251,False,1,204,cuda:0,1.8.1,confirmation,False,3.8.20,0.6.1,2022.09.5,11.1,NVIDIA A100-PCIE-40GB
mmgnn-raw-logit-v2-20260918,12,fedavg_proto,client_2,test,logits,0.9434300035803794,True,1,204,cuda:0,1.8.1,confirmation,False,3.8.20,0.6.1,2022.09.5,11.1,NVIDIA A100-PCIE-40GB
mmgnn-raw-logit-v2-20260918,12,fedavg_proto,client_2,test,probabilities,0.9434300035803795,False,1,204,cuda:0,1.8.1,confirmation,False,3.8.20,0.6.1,2022.09.5,11.1,NVIDIA A100-PCIE-40GB
mmgnn-raw-logit-v2-20260918,12,fedavg_proto,client_3,val,logits,0.9551340299863699,True,1,204,cuda:0,1.8.1,confirmation,False,3.8.20,0.6.1,2022.09.5,11.1,NVIDIA A100-PCIE-40GB
mmgnn-raw-logit-v2-20260918,12,fedavg_proto,client_3,val,probabilities,0.9551340299863699,False,1,204,cuda:0,1.8.1,confirmation,False,3.8.20,0.6.1,2022.09.5,11.1,NVIDIA A100-PCIE-40GB
mmgnn-raw-logit-v2-20260918,12,fedavg_proto,client_3,test,logits,0.9385368182360663,True,1,204,cuda:0,1.8.1,confirmation,False,3.8.20,0.6.1,2022.09.5,11.1,NVIDIA A100-PCIE-40GB
mmgnn-raw-logit-v2-20260918,12,fedavg_proto,client_3,test,probabilities,0.9385964912280702,False,1,204,cuda:0,1.8.1,confirmation,False,3.8.20,0.6.1,2022.09.5,11.1,NVIDIA A100-PCIE-40GB
mmgnn-raw-logit-v2-20260918,13,fedavg_proto,server,val,logits,0.9478646069968196,True,1,204,cuda:0,1.8.1,confirmation,False,3.8.20,0.6.1,2022.09.5,11.1,NVIDIA A100-PCIE-40GB
mmgnn-raw-logit-v2-20260918,13,fedavg_proto,server,val,probabilities,0.9478646069968196,False,1,204,cuda:0,1.8.1,confirmation,False,3.8.20,0.6.1,2022.09.5,11.1,NVIDIA A100-PCIE-40GB
mmgnn-raw-logit-v2-20260918,13,fedavg_proto,server,test,logits,0.9415204678362572,True,1,204,cuda:0,1.8.1,confirmation,False,3.8.20,0.6.1,2022.09.5,11.1,NVIDIA A100-PCIE-40GB
mmgnn-raw-logit-v2-20260918,13,fedavg_proto,server,test,probabilities,0.9414011218522497,False,1,204,cuda:0,1.8.1,confirmation,False,3.8.20,0.6.1,2022.09.5,11.1,NVIDIA A100-PCIE-40GB
mmgnn-raw-logit-v2-20260918,13,fedavg_proto,client_0,val,logits,0.9612676056338028,True,1,204,cuda:0,1.8.1,confirmation,False,3.8.20,0.6.1,2022.09.5,11.1,NVIDIA A100-PCIE-40GB
mmgnn-raw-logit-v2-20260918,13,fedavg_proto,client_0,val,probabilities,0.9612676056338028,False,1,204,cuda:0,1.8.1,confirmation,False,3.8.20,0.6.1,2022.09.5,11.1,NVIDIA A100-PCIE-40GB
mmgnn-raw-logit-v2-20260918,13,fedavg_proto,client_0,test,logits,0.9337629788757609,True,1,204,cuda:0,1.8.1,confirmation,False,3.8.20,0.6.1,2022.09.5,11.1,NVIDIA A100-PCIE-40GB
mmgnn-raw-logit-v2-20260918,13,fedavg_proto,client_0,test,probabilities,0.9338823248597685,False,1,204,cuda:0,1.8.1,confirmation,False,3.8.20,0.6.1,2022.09.5,11.1,NVIDIA A100-PCIE-40GB
mmgnn-raw-logit-v2-20260918,13,fedavg_proto,client_1,val,logits,0.9127669241253975,True,1,204,cuda:0,1.8.1,confirmation,False,3.8.20,0.6.1,2022.09.5,11.1,NVIDIA A100-PCIE-40GB
mmgnn-raw-logit-v2-20260918,13,fedavg_proto,client_1,val,probabilities,0.9127669241253976,False,1,204,cuda:0,1.8.1,confirmation,False,3.8.20,0.6.1,2022.09.5,11.1,NVIDIA A100-PCIE-40GB
mmgnn-raw-logit-v2-20260918,13,fedavg_proto,client_1,test,logits,0.8989139515455306,True,1,204,cuda:0,1.8.1,confirmation,False,3.8.20,0.6.1,2022.09.5,11.1,NVIDIA A100-PCIE-40GB
mmgnn-raw-logit-v2-20260918,13,fedavg_proto,client_1,test,probabilities,0.8990332975295382,False,1,204,cuda:0,1.8.1,confirmation,False,3.8.20,0.6.1,2022.09.5,11.1,NVIDIA A100-PCIE-40GB
mmgnn-raw-logit-v2-20260918,13,fedavg_proto,client_2,val,logits,0.9549068605179464,True,1,204,cuda:0,1.8.1,confirmation,False,3.8.20,0.6.1,2022.09.5,11.1,NVIDIA A100-PCIE-40GB
mmgnn-raw-logit-v2-20260918,13,fedavg_proto,client_2,val,probabilities,0.9549068605179465,False,1,204,cuda:0,1.8.1,confirmation,False,3.8.20,0.6.1,2022.09.5,11.1,NVIDIA A100-PCIE-40GB
mmgnn-raw-logit-v2-20260918,13,fedavg_proto,client_2,test,logits,0.9411624298842344,True,1,204,cuda:0,1.8.1,confirmation,False,3.8.20,0.6.1,2022.09.5,11.1,NVIDIA A100-PCIE-40GB
mmgnn-raw-logit-v2-20260918,13,fedavg_proto,client_2,test,probabilities,0.9411624298842344,False,1,204,cuda:0,1.8.1,confirmation,False,3.8.20,0.6.1,2022.09.5,11.1,NVIDIA A100-PCIE-40GB
mmgnn-raw-logit-v2-20260918,13,fedavg_proto,client_3,val,logits,0.9459336665152204,True,1,204,cuda:0,1.8.1,confirmation,False,3.8.20,0.6.1,2022.09.5,11.1,NVIDIA A100-PCIE-40GB
mmgnn-raw-logit-v2-20260918,13,fedavg_proto,client_3,val,probabilities,0.9459336665152204,False,1,204,cuda:0,1.8.1,confirmation,False,3.8.20,0.6.1,2022.09.5,11.1,NVIDIA A100-PCIE-40GB
mmgnn-raw-logit-v2-20260918,13,fedavg_proto,client_3,test,logits,0.9345984007638143,True,1,204,cuda:0,1.8.1,confirmation,False,3.8.20,0.6.1,2022.09.5,11.1,NVIDIA A100-PCIE-40GB
mmgnn-raw-logit-v2-20260918,13,fedavg_proto,client_3,test,probabilities,0.9345984007638143,False,1,204,cuda:0,1.8.1,confirmation,False,3.8.20,0.6.1,2022.09.5,11.1,NVIDIA A100-PCIE-40GB
mmgnn-raw-logit-v2-20260918,14,fedavg_proto,server,val,logits,0.9478646069968197,True,1,204,cuda:0,1.8.1,confirmation,False,3.8.20,0.6.1,2022.09.5,11.1,NVIDIA A100-PCIE-40GB
mmgnn-raw-logit-v2-20260918,14,fedavg_proto,server,val,probabilities,0.9478078146297138,False,1,204,cuda:0,1.8.1,confirmation,False,3.8.20,0.6.1,2022.09.5,11.1,NVIDIA A100-PCIE-40GB
mmgnn-raw-logit-v2-20260918,14,fedavg_proto,server,test,logits,0.9466523451485858,True,1,204,cuda:0,1.8.1,confirmation,False,3.8.20,0.6.1,2022.09.5,11.1,NVIDIA A100-PCIE-40GB
mmgnn-raw-logit-v2-20260918,14,fedavg_proto,server,test,probabilities,0.9466523451485858,False,1,204,cuda:0,1.8.1,confirmation,False,3.8.20,0.6.1,2022.09.5,11.1,NVIDIA A100-PCIE-40GB
mmgnn-raw-logit-v2-20260918,14,fedavg_proto,client_0,val,logits,0.9337800999545662,True,1,204,cuda:0,1.8.1,confirmation,False,3.8.20,0.6.1,2022.09.5,11.1,NVIDIA A100-PCIE-40GB
mmgnn-raw-logit-v2-20260918,14,fedavg_proto,client_0,val,probabilities,0.9338368923216718,False,1,204,cuda:0,1.8.1,confirmation,False,3.8.20,0.6.1,2022.09.5,11.1,NVIDIA A100-PCIE-40GB
mmgnn-raw-logit-v2-20260918,14,fedavg_proto,client_0,test,logits,0.9434300035803795,True,1,204,cuda:0,1.8.1,confirmation,False,3.8.20,0.6.1,2022.09.5,11.1,NVIDIA A100-PCIE-40GB
mmgnn-raw-logit-v2-20260918,14,fedavg_proto,client_0,test,probabilities,0.9434300035803795,False,1,204,cuda:0,1.8.1,confirmation,False,3.8.20,0.6.1,2022.09.5,11.1,NVIDIA A100-PCIE-40GB
mmgnn-raw-logit-v2-20260918,14,fedavg_proto,client_1,val,logits,0.92810086324398,True,1,204,cuda:0,1.8.1,confirmation,False,3.8.20,0.6.1,2022.09.5,11.1,NVIDIA A100-PCIE-40GB
mmgnn-raw-logit-v2-20260918,14,fedavg_proto,client_1,val,probabilities,0.92810086324398,False,1,204,cuda:0,1.8.1,confirmation,False,3.8.20,0.6.1,2022.09.5,11.1,NVIDIA A100-PCIE-40GB
mmgnn-raw-logit-v2-20260918,14,fedavg_proto,client_1,test,logits,0.9211123045709513,True,1,204,cuda:0,1.8.1,confirmation,False,3.8.20,0.6.1,2022.09.5,11.1,NVIDIA A100-PCIE-40GB
mmgnn-raw-logit-v2-20260918,14,fedavg_proto,client_1,test,probabilities,0.921171977562955,False,1,204,cuda:0,1.8.1,confirmation,False,3.8.20,0.6.1,2022.09.5,11.1,NVIDIA A100-PCIE-40GB
mmgnn-raw-logit-v2-20260918,14,fedavg_proto,client_2,val,logits,0.9580872330758746,True,1,204,cuda:0,1.8.1,confirmation,False,3.8.20,0.6.1,2022.09.5,11.1,NVIDIA A100-PCIE-40GB
mmgnn-raw-logit-v2-20260918,14,fedavg_proto,client_2,val,probabilities,0.9580872330758746,False,1,204,cuda:0,1.8.1,confirmation,False,3.8.20,0.6.1,2022.09.5,11.1,NVIDIA A100-PCIE-40GB
mmgnn-raw-logit-v2-20260918,14,fedavg_proto,client_2,test,logits,0.9418785057882801,True,1,204,cuda:0,1.8.1,confirmation,False,3.8.20,0.6.1,2022.09.5,11.1,NVIDIA A100-PCIE-40GB
mmgnn-raw-logit-v2-20260918,14,fedavg_proto,client_2,test,probabilities,0.9418785057882803,False,1,204,cuda:0,1.8.1,confirmation,False,3.8.20,0.6.1,2022.09.5,11.1,NVIDIA A100-PCIE-40GB
mmgnn-raw-logit-v2-20260918,14,fedavg_proto,client_3,val,logits,0.9368468877782826,True,1,204,cuda:0,1.8.1,confirmation,False,3.8.20,0.6.1,2022.09.5,11.1,NVIDIA A100-PCIE-40GB
mmgnn-raw-logit-v2-20260918,14,fedavg_proto,client_3,val,probabilities,0.9368468877782826,False,1,204,cuda:0,1.8.1,confirmation,False,3.8.20,0.6.1,2022.09.5,11.1,NVIDIA A100-PCIE-40GB
mmgnn-raw-logit-v2-20260918,14,fedavg_proto,client_3,test,logits,0.921828380474997,True,1,204,cuda:0,1.8.1,confirmation,False,3.8.20,0.6.1,2022.09.5,11.1,NVIDIA A100-PCIE-40GB
mmgnn-raw-logit-v2-20260918,14,fedavg_proto,client_3,test,probabilities,0.9218283804749972,False,1,204,cuda:0,1.8.1,confirmation,False,3.8.20,0.6.1,2022.09.5,11.1,NVIDIA A100-PCIE-40GB
mmgnn-raw-logit-v2-20260918,15,fedavg_proto,server,val,logits,0.9530895047705589,True,1,204,cuda:0,1.8.1,confirmation,False,3.8.20,0.6.1,2022.09.5,11.1,NVIDIA A100-PCIE-40GB
mmgnn-raw-logit-v2-20260918,15,fedavg_proto,server,val,probabilities,0.9532030895047706,False,1,204,cuda:0,1.8.1,confirmation,False,3.8.20,0.6.1,2022.09.5,11.1,NVIDIA A100-PCIE-40GB
mmgnn-raw-logit-v2-20260918,15,fedavg_proto,server,test,logits,0.9454588853085094,True,1,204,cuda:0,1.8.1,confirmation,False,3.8.20,0.6.1,2022.09.5,11.1,NVIDIA A100-PCIE-40GB
mmgnn-raw-logit-v2-20260918,15,fedavg_proto,server,test,probabilities,0.9453992123165055,False,1,204,cuda:0,1.8.1,confirmation,False,3.8.20,0.6.1,2022.09.5,11.1,NVIDIA A100-PCIE-40GB
mmgnn-raw-logit-v2-20260918,15,fedavg_proto,client_0,val,logits,0.941617446615175,True,1,204,cuda:0,1.8.1,confirmation,False,3.8.20,0.6.1,2022.09.5,11.1,NVIDIA A100-PCIE-40GB
mmgnn-raw-logit-v2-20260918,15,fedavg_proto,client_0,val,probabilities,0.9415038618809632,False,1,204,cuda:0,1.8.1,confirmation,False,3.8.20,0.6.1,2022.09.5,11.1,NVIDIA A100-PCIE-40GB
mmgnn-raw-logit-v2-20260918,15,fedavg_proto,client_0,test,logits,0.9319727891156463,True,1,204,cuda:0,1.8.1,confirmation,False,3.8.20,0.6.1,2022.09.5,11.1,NVIDIA A100-PCIE-40GB
mmgnn-raw-logit-v2-20260918,15,fedavg_proto,client_0,test,probabilities,0.9319727891156463,False,1,204,cuda:0,1.8.1,confirmation,False,3.8.20,0.6.1,2022.09.5,11.1,NVIDIA A100-PCIE-40GB
mmgnn-raw-logit-v2-20260918,15,fedavg_proto,client_1,val,logits,0.9376419809177646,True,1,204,cuda:0,1.8.1,confirmation,False,3.8.20,0.6.1,2022.09.5,11.1,NVIDIA A100-PCIE-40GB
mmgnn-raw-logit-v2-20260918,15,fedavg_proto,client_1,val,probabilities,0.9375851885506589,False,1,204,cuda:0,1.8.1,confirmation,False,3.8.20,0.6.1,2022.09.5,11.1,NVIDIA A100-PCIE-40GB
mmgnn-raw-logit-v2-20260918,15,fedavg_proto,client_1,test,logits,0.9280343716433941,True,1,204,cuda:0,1.8.1,confirmation,False,3.8.20,0.6.1,2022.09.5,11.1,NVIDIA A100-PCIE-40GB
mmgnn-raw-logit-v2-20260918,15,fedavg_proto,client_1,test,probabilities,0.9281537176274017,False,1,204,cuda:0,1.8.1,confirmation,False,3.8.20,0.6.1,2022.09.5,11.1,NVIDIA A100-PCIE-40GB
mmgnn-raw-logit-v2-20260918,15,fedavg_proto,client_2,val,logits,0.9502498864152659,True,1,204,cuda:0,1.8.1,confirmation,False,3.8.20,0.6.1,2022.09.5,11.1,NVIDIA A100-PCIE-40GB
mmgnn-raw-logit-v2-20260918,15,fedavg_proto,client_2,val,probabilities,0.9502498864152659,False,1,204,cuda:0,1.8.1,confirmation,False,3.8.20,0.6.1,2022.09.5,11.1,NVIDIA A100-PCIE-40GB
mmgnn-raw-logit-v2-20260918,15,fedavg_proto,client_2,test,logits,0.9371046664279747,True,1,204,cuda:0,1.8.1,confirmation,False,3.8.20,0.6.1,2022.09.5,11.1,NVIDIA A100-PCIE-40GB
mmgnn-raw-logit-v2-20260918,15,fedavg_proto,client_2,test,probabilities,0.9371046664279747,False,1,204,cuda:0,1.8.1,confirmation,False,3.8.20,0.6.1,2022.09.5,11.1,NVIDIA A100-PCIE-40GB
mmgnn-raw-logit-v2-20260918,15,fedavg_proto,client_3,val,logits,0.9511585642889596,True,1,204,cuda:0,1.8.1,confirmation,False,3.8.20,0.6.1,2022.09.5,11.1,NVIDIA A100-PCIE-40GB
mmgnn-raw-logit-v2-20260918,15,fedavg_proto,client_3,val,probabilities,0.9511585642889596,False,1,204,cuda:0,1.8.1,confirmation,False,3.8.20,0.6.1,2022.09.5,11.1,NVIDIA A100-PCIE-40GB
mmgnn-raw-logit-v2-20260918,15,fedavg_proto,client_3,test,logits,0.9421171977562954,True,1,204,cuda:0,1.8.1,confirmation,False,3.8.20,0.6.1,2022.09.5,11.1,NVIDIA A100-PCIE-40GB
mmgnn-raw-logit-v2-20260918,15,fedavg_proto,client_3,test,probabilities,0.9421171977562954,False,1,204,cuda:0,1.8.1,confirmation,False,3.8.20,0.6.1,2022.09.5,11.1,NVIDIA A100-PCIE-40GB
mmgnn-raw-logit-v2-20260918,16,fedavg_proto,server,val,logits,0.9547932757837346,True,1,204,cuda:0,1.8.1,confirmation,False,3.8.20,0.6.1,2022.09.5,11.1,NVIDIA A100-PCIE-40GB
mmgnn-raw-logit-v2-20260918,16,fedavg_proto,server,val,probabilities,0.9547932757837347,False,1,204,cuda:0,1.8.1,confirmation,False,3.8.20,0.6.1,2022.09.5,11.1,NVIDIA A100-PCIE-40GB
mmgnn-raw-logit-v2-20260918,16,fedavg_proto,server,test,logits,0.9465329991645781,True,1,204,cuda:0,1.8.1,confirmation,False,3.8.20,0.6.1,2022.09.5,11.1,NVIDIA A100-PCIE-40GB
mmgnn-raw-logit-v2-20260918,16,fedavg_proto,server,test,probabilities,0.9465926721565819,False,1,204,cuda:0,1.8.1,confirmation,False,3.8.20,0.6.1,2022.09.5,11.1,NVIDIA A100-PCIE-40GB
mmgnn-raw-logit-v2-20260918,16,fedavg_proto,client_0,val,logits,0.9494547932757839,True,1,204,cuda:0,1.8.1,confirmation,False,3.8.20,0.6.1,2022.09.5,11.1,NVIDIA A100-PCIE-40GB
mmgnn-raw-logit-v2-20260918,16,fedavg_proto,client_0,val,probabilities,0.9494547932757837,False,1,204,cuda:0,1.8.1,confirmation,False,3.8.20,0.6.1,2022.09.5,11.1,NVIDIA A100-PCIE-40GB
mmgnn-raw-logit-v2-20260918,16,fedavg_proto,client_0,test,logits,0.9400883160281657,True,1,204,cuda:0,1.8.1,confirmation,False,3.8.20,0.6.1,2022.09.5,11.1,NVIDIA A100-PCIE-40GB
mmgnn-raw-logit-v2-20260918,16,fedavg_proto,client_0,test,probabilities,0.9401479890201694,False,1,204,cuda:0,1.8.1,confirmation,False,3.8.20,0.6.1,2022.09.5,11.1,NVIDIA A100-PCIE-40GB
mmgnn-raw-logit-v2-20260918,16,fedavg_proto,client_1,val,logits,0.916628805088596,True,1,204,cuda:0,1.8.1,confirmation,False,3.8.20,0.6.1,2022.09.5,11.1,NVIDIA A100-PCIE-40GB
mmgnn-raw-logit-v2-20260918,16,fedavg_proto,client_1,val,probabilities,0.9165720127214902,False,1,204,cuda:0,1.8.1,confirmation,False,3.8.20,0.6.1,2022.09.5,11.1,NVIDIA A100-PCIE-40GB
mmgnn-raw-logit-v2-20260918,16,fedavg_proto,client_1,test,logits,0.9270796037713331,True,1,204,cuda:0,1.8.1,confirmation,False,3.8.20,0.6.1,2022.09.5,11.1,NVIDIA A100-PCIE-40GB
mmgnn-raw-logit-v2-20260918,16,fedavg_proto,client_1,test,probabilities,0.9272586227473445,False,1,204,cuda:0,1.8.1,confirmation,False,3.8.20,0.6.1,2022.09.5,11.1,NVIDIA A100-PCIE-40GB
mmgnn-raw-logit-v2-20260918,16,fedavg_proto,client_2,val,logits,0.962857791912767,True,1,204,cuda:0,1.8.1,confirmation,False,3.8.20,0.6.1,2022.09.5,11.1,NVIDIA A100-PCIE-40GB
mmgnn-raw-logit-v2-20260918,16,fedavg_proto,client_2,val,probabilities,0.962857791912767,False,1,204,cuda:0,1.8.1,confirmation,False,3.8.20,0.6.1,2022.09.5,11.1,NVIDIA A100-PCIE-40GB
mmgnn-raw-logit-v2-20260918,16,fedavg_proto,client_2,test,logits,0.9476071130206469,True,1,204,cuda:0,1.8.1,confirmation,False,3.8.20,0.6.1,2022.09.5,11.1,NVIDIA A100-PCIE-40GB
mmgnn-raw-logit-v2-20260918,16,fedavg_proto,client_2,test,probabilities,0.947547440028643,False,1,204,cuda:0,1.8.1,confirmation,False,3.8.20,0.6.1,2022.09.5,11.1,NVIDIA A100-PCIE-40GB
mmgnn-raw-logit-v2-20260918,16,fedavg_proto,client_3,val,logits,0.9396865061335756,True,1,204,cuda:0,1.8.1,confirmation,False,3.8.20,0.6.1,2022.09.5,11.1,NVIDIA A100-PCIE-40GB
mmgnn-raw-logit-v2-20260918,16,fedavg_proto,client_3,val,probabilities,0.9396865061335756,False,1,204,cuda:0,1.8.1,confirmation,False,3.8.20,0.6.1,2022.09.5,11.1,NVIDIA A100-PCIE-40GB
mmgnn-raw-logit-v2-20260918,16,fedavg_proto,client_3,test,logits,0.9306599832915622,True,1,204,cuda:0,1.8.1,confirmation,False,3.8.20,0.6.1,2022.09.5,11.1,NVIDIA A100-PCIE-40GB
mmgnn-raw-logit-v2-20260918,16,fedavg_proto,client_3,test,probabilities,0.9306003102995583,False,1,204,cuda:0,1.8.1,confirmation,False,3.8.20,0.6.1,2022.09.5,11.1,NVIDIA A100-PCIE-40GB
mmgnn-raw-logit-v2-20260918,17,fedavg_proto,server,val,logits,0.9519536574284416,True,1,204,cuda:0,1.8.1,confirmation,False,3.8.20,0.6.1,2022.09.5,11.1,NVIDIA A100-PCIE-40GB
mmgnn-raw-logit-v2-20260918,17,fedavg_proto,server,val,probabilities,0.9520104497955475,False,1,204,cuda:0,1.8.1,confirmation,False,3.8.20,0.6.1,2022.09.5,11.1,NVIDIA A100-PCIE-40GB
mmgnn-raw-logit-v2-20260918,17,fedavg_proto,server,test,logits,0.9466523451485858,True,1,204,cuda:0,1.8.1,confirmation,False,3.8.20,0.6.1,2022.09.5,11.1,NVIDIA A100-PCIE-40GB
mmgnn-raw-logit-v2-20260918,17,fedavg_proto,server,test,probabilities,0.9466523451485856,False,1,204,cuda:0,1.8.1,confirmation,False,3.8.20,0.6.1,2022.09.5,11.1,NVIDIA A100-PCIE-40GB
mmgnn-raw-logit-v2-20260918,17,fedavg_proto,client_0,val,logits,0.9328714220808723,True,1,204,cuda:0,1.8.1,confirmation,False,3.8.20,0.6.1,2022.09.5,11.1,NVIDIA A100-PCIE-40GB
mmgnn-raw-logit-v2-20260918,17,fedavg_proto,client_0,val,probabilities,0.9328714220808724,False,1,204,cuda:0,1.8.1,confirmation,False,3.8.20,0.6.1,2022.09.5,11.1,NVIDIA A100-PCIE-40GB
mmgnn-raw-logit-v2-20260918,17,fedavg_proto,client_0,test,logits,0.9382981262680511,True,1,204,cuda:0,1.8.1,confirmation,False,3.8.20,0.6.1,2022.09.5,11.1,NVIDIA A100-PCIE-40GB
mmgnn-raw-logit-v2-20260918,17,fedavg_proto,client_0,test,probabilities,0.9382981262680511,False,1,204,cuda:0,1.8.1,confirmation,False,3.8.20,0.6.1,2022.09.5,11.1,NVIDIA A100-PCIE-40GB
mmgnn-raw-logit-v2-20260918,17,fedavg_proto,client_1,val,logits,0.9144706951385734,True,1,204,cuda:0,1.8.1,confirmation,False,3.8.20,0.6.1,2022.09.5,11.1,NVIDIA A100-PCIE-40GB
mmgnn-raw-logit-v2-20260918,17,fedavg_proto,client_1,val,probabilities,0.9144706951385735,False,1,204,cuda:0,1.8.1,confirmation,False,3.8.20,0.6.1,2022.09.5,11.1,NVIDIA A100-PCIE-40GB
mmgnn-raw-logit-v2-20260918,17,fedavg_proto,client_1,test,logits,0.9218283804749969,True,1,204,cuda:0,1.8.1,confirmation,False,3.8.20,0.6.1,2022.09.5,11.1,NVIDIA A100-PCIE-40GB
mmgnn-raw-logit-v2-20260918,17,fedavg_proto,client_1,test,probabilities,0.9218283804749969,False,1,204,cuda:0,1.8.1,confirmation,False,3.8.20,0.6.1,2022.09.5,11.1,NVIDIA A100-PCIE-40GB
mmgnn-raw-logit-v2-20260918,17,fedavg_proto,client_2,val,logits,0.954225352112676,True,1,204,cuda:0,1.8.1,confirmation,False,3.8.20,0.6.1,2022.09.5,11.1,NVIDIA A100-PCIE-40GB
mmgnn-raw-logit-v2-20260918,17,fedavg_proto,client_2,val,probabilities,0.954225352112676,False,1,204,cuda:0,1.8.1,confirmation,False,3.8.20,0.6.1,2022.09.5,11.1,NVIDIA A100-PCIE-40GB
mmgnn-raw-logit-v2-20260918,17,fedavg_proto,client_2,test,logits,0.9462943071965627,True,1,204,cuda:0,1.8.1,confirmation,False,3.8.20,0.6.1,2022.09.5,11.1,NVIDIA A100-PCIE-40GB
mmgnn-raw-logit-v2-20260918,17,fedavg_proto,client_2,test,probabilities,0.9463539801885666,False,1,204,cuda:0,1.8.1,confirmation,False,3.8.20,0.6.1,2022.09.5,11.1,NVIDIA A100-PCIE-40GB
mmgnn-raw-logit-v2-20260918,17,fedavg_proto,client_3,val,logits,0.949341208541572,True,1,204,cuda:0,1.8.1,confirmation,False,3.8.20,0.6.1,2022.09.5,11.1,NVIDIA A100-PCIE-40GB
mmgnn-raw-logit-v2-20260918,17,fedavg_proto,client_3,val,probabilities,0.949341208541572,False,1,204,cuda:0,1.8.1,confirmation,False,3.8.20,0.6.1,2022.09.5,11.1,NVIDIA A100-PCIE-40GB
mmgnn-raw-logit-v2-20260918,17,fedavg_proto,client_3,test,logits,0.939968970044158,True,1,204,cuda:0,1.8.1,confirmation,False,3.8.20,0.6.1,2022.09.5,11.1,NVIDIA A100-PCIE-40GB
mmgnn-raw-logit-v2-20260918,17,fedavg_proto,client_3,test,probabilities,0.940028643036162,False,1,204,cuda:0,1.8.1,confirmation,False,3.8.20,0.6.1,2022.09.5,11.1,NVIDIA A100-PCIE-40GB
mmgnn-raw-logit-v2-20260918,18,fedavg_proto,server,val,logits,0.958314402544298,True,1,204,cuda:0,1.8.1,confirmation,False,3.8.20,0.6.1,2022.09.5,11.1,NVIDIA A100-PCIE-40GB
mmgnn-raw-logit-v2-20260918,18,fedavg_proto,server,val,probabilities,0.958314402544298,False,1,204,cuda:0,1.8.1,confirmation,False,3.8.20,0.6.1,2022.09.5,11.1,NVIDIA A100-PCIE-40GB
mmgnn-raw-logit-v2-20260918,18,fedavg_proto,server,test,logits,0.9363885905239289,True,1,204,cuda:0,1.8.1,confirmation,False,3.8.20,0.6.1,2022.09.5,11.1,NVIDIA A100-PCIE-40GB
mmgnn-raw-logit-v2-20260918,18,fedavg_proto,server,test,probabilities,0.9362692445399212,False,1,204,cuda:0,1.8.1,confirmation,False,3.8.20,0.6.1,2022.09.5,11.1,NVIDIA A100-PCIE-40GB
mmgnn-raw-logit-v2-20260918,18,fedavg_proto,client_0,val,logits,0.9450249886415266,True,1,204,cuda:0,1.8.1,confirmation,False,3.8.20,0.6.1,2022.09.5,11.1,NVIDIA A100-PCIE-40GB
mmgnn-raw-logit-v2-20260918,18,fedavg_proto,client_0,val,probabilities,0.9450817810086324,False,1,204,cuda:0,1.8.1,confirmation,False,3.8.20,0.6.1,2022.09.5,11.1,NVIDIA A100-PCIE-40GB
mmgnn-raw-logit-v2-20260918,18,fedavg_proto,client_0,test,logits,0.9001074113856069,True,1,204,cuda:0,1.8.1,confirmation,False,3.8.20,0.6.1,2022.09.5,11.1,NVIDIA A100-PCIE-40GB
mmgnn-raw-logit-v2-20260918,18,fedavg_proto,client_0,test,probabilities,0.9002864303616183,False,1,204,cuda:0,1.8.1,confirmation,False,3.8.20,0.6.1,2022.09.5,11.1,NVIDIA A100-PCIE-40GB
mmgnn-raw-logit-v2-20260918,18,fedavg_proto,client_1,val,logits,0.9085642889595638,True,1,204,cuda:0,1.8.1,confirmation,False,3.8.20,0.6.1,2022.09.5,11.1,NVIDIA A100-PCIE-40GB
mmgnn-raw-logit-v2-20260918,18,fedavg_proto,client_1,val,probabilities,0.9085074965924579,False,1,204,cuda:0,1.8.1,confirmation,False,3.8.20,0.6.1,2022.09.5,11.1,NVIDIA A100-PCIE-40GB
mmgnn-raw-logit-v2-20260918,18,fedavg_proto,client_1,test,logits,0.9213509965389665,True,1,204,cuda:0,1.8.1,confirmation,False,3.8.20,0.6.1,2022.09.5,11.1,NVIDIA A100-PCIE-40GB
mmgnn-raw-logit-v2-20260918,18,fedavg_proto,client_1,test,probabilities,0.9214106695309703,False,1,204,cuda:0,1.8.1,confirmation,False,3.8.20,0.6.1,2022.09.5,11.1,NVIDIA A100-PCIE-40GB
mmgnn-raw-logit-v2-20260918,18,fedavg_proto,client_2,val,logits,0.9621762835074966,True,1,204,cuda:0,1.8.1,confirmation,False,3.8.20,0.6.1,2022.09.5,11.1,NVIDIA A100-PCIE-40GB
mmgnn-raw-logit-v2-20260918,18,fedavg_proto,client_2,val,probabilities,0.9621762835074967,False,1,204,cuda:0,1.8.1,confirmation,False,3.8.20,0.6.1,2022.09.5,11.1,NVIDIA A100-PCIE-40GB
mmgnn-raw-logit-v2-20260918,18,fedavg_proto,client_2,test,logits,0.9408043919322114,True,1,204,cuda:0,1.8.1,confirmation,False,3.8.20,0.6.1,2022.09.5,11.1,NVIDIA A100-PCIE-40GB
mmgnn-raw-logit-v2-20260918,18,fedavg_proto,client_2,test,probabilities,0.9409237379162191,False,1,204,cuda:0,1.8.1,confirmation,False,3.8.20,0.6.1,2022.09.5,11.1,NVIDIA A100-PCIE-40GB
mmgnn-raw-logit-v2-20260918,18,fedavg_proto,client_3,val,logits,0.932985006815084,True,1,204,cuda:0,1.8.1,confirmation,False,3.8.20,0.6.1,2022.09.5,11.1,NVIDIA A100-PCIE-40GB
mmgnn-raw-logit-v2-20260918,18,fedavg_proto,client_3,val,probabilities,0.9329282144479782,False,1,204,cuda:0,1.8.1,confirmation,False,3.8.20,0.6.1,2022.09.5,11.1,NVIDIA A100-PCIE-40GB
mmgnn-raw-logit-v2-20260918,18,fedavg_proto,client_3,test,logits,0.9172932330827068,True,1,204,cuda:0,1.8.1,confirmation,False,3.8.20,0.6.1,2022.09.5,11.1,NVIDIA A100-PCIE-40GB
mmgnn-raw-logit-v2-20260918,18,fedavg_proto,client_3,test,probabilities,0.9175319250507221,False,1,204,cuda:0,1.8.1,confirmation,False,3.8.20,0.6.1,2022.09.5,11.1,NVIDIA A100-PCIE-40GB
mmgnn-raw-logit-v2-20260918,19,fedavg_proto,server,val,logits,0.9518400726942299,True,1,204,cuda:0,1.8.1,confirmation,False,3.8.20,0.6.1,2022.09.5,11.1,NVIDIA A100-PCIE-40GB
mmgnn-raw-logit-v2-20260918,19,fedavg_proto,server,val,probabilities,0.95184007269423,False,1,204,cuda:0,1.8.1,confirmation,False,3.8.20,0.6.1,2022.09.5,11.1,NVIDIA A100-PCIE-40GB
mmgnn-raw-logit-v2-20260918,19,fedavg_proto,server,test,logits,0.936627282491944,True,1,204,cuda:0,1.8.1,confirmation,False,3.8.20,0.6.1,2022.09.5,11.1,NVIDIA A100-PCIE-40GB
mmgnn-raw-logit-v2-20260918,19,fedavg_proto,server,test,probabilities,0.9363885905239289,False,1,204,cuda:0,1.8.1,confirmation,False,3.8.20,0.6.1,2022.09.5,11.1,NVIDIA A100-PCIE-40GB
mmgnn-raw-logit-v2-20260918,19,fedavg_proto,client_0,val,logits,0.9434348023625625,True,1,204,cuda:0,1.8.1,confirmation,False,3.8.20,0.6.1,2022.09.5,11.1,NVIDIA A100-PCIE-40GB
mmgnn-raw-logit-v2-20260918,19,fedavg_proto,client_0,val,probabilities,0.9434348023625624,False,1,204,cuda:0,1.8.1,confirmation,False,3.8.20,0.6.1,2022.09.5,11.1,NVIDIA A100-PCIE-40GB
mmgnn-raw-logit-v2-20260918,19,fedavg_proto,client_0,test,logits,0.921828380474997,True,1,204,cuda:0,1.8.1,confirmation,False,3.8.20,0.6.1,2022.09.5,11.1,NVIDIA A100-PCIE-40GB
mmgnn-raw-logit-v2-20260918,19,fedavg_proto,client_0,test,probabilities,0.9217090344909894,False,1,204,cuda:0,1.8.1,confirmation,False,3.8.20,0.6.1,2022.09.5,11.1,NVIDIA A100-PCIE-40GB
mmgnn-raw-logit-v2-20260918,19,fedavg_proto,client_1,val,logits,0.9282144479781917,True,1,204,cuda:0,1.8.1,confirmation,False,3.8.20,0.6.1,2022.09.5,11.1,NVIDIA A100-PCIE-40GB
mmgnn-raw-logit-v2-20260918,19,fedavg_proto,client_1,val,probabilities,0.9282144479781917,False,1,204,cuda:0,1.8.1,confirmation,False,3.8.20,0.6.1,2022.09.5,11.1,NVIDIA A100-PCIE-40GB
mmgnn-raw-logit-v2-20260918,19,fedavg_proto,client_1,test,logits,0.9223057644110276,True,1,204,cuda:0,1.8.1,confirmation,False,3.8.20,0.6.1,2022.09.5,11.1,NVIDIA A100-PCIE-40GB
mmgnn-raw-logit-v2-20260918,19,fedavg_proto,client_1,test,probabilities,0.9220073994510084,False,1,204,cuda:0,1.8.1,confirmation,False,3.8.20,0.6.1,2022.09.5,11.1,NVIDIA A100-PCIE-40GB
mmgnn-raw-logit-v2-20260918,19,fedavg_proto,client_2,val,logits,0.9582008178100864,True,1,204,cuda:0,1.8.1,confirmation,False,3.8.20,0.6.1,2022.09.5,11.1,NVIDIA A100-PCIE-40GB
mmgnn-raw-logit-v2-20260918,19,fedavg_proto,client_2,val,probabilities,0.9582008178100864,False,1,204,cuda:0,1.8.1,confirmation,False,3.8.20,0.6.1,2022.09.5,11.1,NVIDIA A100-PCIE-40GB
mmgnn-raw-logit-v2-20260918,19,fedavg_proto,client_2,test,logits,0.9341210168277838,True,1,204,cuda:0,1.8.1,confirmation,False,3.8.20,0.6.1,2022.09.5,11.1,NVIDIA A100-PCIE-40GB
mmgnn-raw-logit-v2-20260918,19,fedavg_proto,client_2,test,probabilities,0.9339419978517723,False,1,204,cuda:0,1.8.1,confirmation,False,3.8.20,0.6.1,2022.09.5,11.1,NVIDIA A100-PCIE-40GB
mmgnn-raw-logit-v2-20260918,19,fedavg_proto,client_3,val,logits,0.946501590186279,True,1,204,cuda:0,1.8.1,confirmation,False,3.8.20,0.6.1,2022.09.5,11.1,NVIDIA A100-PCIE-40GB
mmgnn-raw-logit-v2-20260918,19,fedavg_proto,client_3,val,probabilities,0.9464447978191731,False,1,204,cuda:0,1.8.1,confirmation,False,3.8.20,0.6.1,2022.09.5,11.1,NVIDIA A100-PCIE-40GB
mmgnn-raw-logit-v2-20260918,19,fedavg_proto,client_3,test,logits,0.9323308270676691,True,1,204,cuda:0,1.8.1,confirmation,False,3.8.20,0.6.1,2022.09.5,11.1,NVIDIA A100-PCIE-40GB
mmgnn-raw-logit-v2-20260918,19,fedavg_proto,client_3,test,probabilities,0.9322711540756653,False,1,204,cuda:0,1.8.1,confirmation,False,3.8.20,0.6.1,2022.09.5,11.1,NVIDIA A100-PCIE-40GB
mmgnn-raw-logit-v2-20260918,20,fedavg_proto,server,val,logits,0.9504770558836894,True,1,204,cuda:0,1.8.1,confirmation,False,3.8.20,0.6.1,2022.09.5,11.1,NVIDIA A100-PCIE-40GB
mmgnn-raw-logit-v2-20260918,20,fedavg_proto,server,val,probabilities,0.9505338482507951,False,1,204,cuda:0,1.8.1,confirmation,False,3.8.20,0.6.1,2022.09.5,11.1,NVIDIA A100-PCIE-40GB
mmgnn-raw-logit-v2-20260918,20,fedavg_proto,server,test,logits,0.9417591598042727,True,1,204,cuda:0,1.8.1,confirmation,False,3.8.20,0.6.1,2022.09.5,11.1,NVIDIA A100-PCIE-40GB
mmgnn-raw-logit-v2-20260918,20,fedavg_proto,server,test,probabilities,0.941639813820265,False,1,204,cuda:0,1.8.1,confirmation,False,3.8.20,0.6.1,2022.09.5,11.1,NVIDIA A100-PCIE-40GB
mmgnn-raw-logit-v2-20260918,20,fedavg_proto,client_0,val,logits,0.934234438891413,True,1,204,cuda:0,1.8.1,confirmation,False,3.8.20,0.6.1,2022.09.5,11.1,NVIDIA A100-PCIE-40GB
mmgnn-raw-logit-v2-20260918,20,fedavg_proto,client_0,val,probabilities,0.934234438891413,False,1,204,cuda:0,1.8.1,confirmation,False,3.8.20,0.6.1,2022.09.5,11.1,NVIDIA A100-PCIE-40GB
mmgnn-raw-logit-v2-20260918,20,fedavg_proto,client_0,test,logits,0.9291084854994629,True,1,204,cuda:0,1.8.1,confirmation,False,3.8.20,0.6.1,2022.09.5,11.1,NVIDIA A100-PCIE-40GB
mmgnn-raw-logit-v2-20260918,20,fedavg_proto,client_0,test,probabilities,0.9291084854994629,False,1,204,cuda:0,1.8.1,confirmation,False,3.8.20,0.6.1,2022.09.5,11.1,NVIDIA A100-PCIE-40GB
mmgnn-raw-logit-v2-20260918,20,fedavg_proto,client_1,val,logits,0.9127669241253976,True,1,204,cuda:0,1.8.1,confirmation,False,3.8.20,0.6.1,2022.09.5,11.1,NVIDIA A100-PCIE-40GB
mmgnn-raw-logit-v2-20260918,20,fedavg_proto,client_1,val,probabilities,0.9128805088596094,False,1,204,cuda:0,1.8.1,confirmation,False,3.8.20,0.6.1,2022.09.5,11.1,NVIDIA A100-PCIE-40GB
mmgnn-raw-logit-v2-20260918,20,fedavg_proto,client_1,test,logits,0.9311373672275928,True,1,204,cuda:0,1.8.1,confirmation,False,3.8.20,0.6.1,2022.09.5,11.1,NVIDIA A100-PCIE-40GB
mmgnn-raw-logit-v2-20260918,20,fedavg_proto,client_1,test,probabilities,0.9313760591956081,False,1,204,cuda:0,1.8.1,confirmation,False,3.8.20,0.6.1,2022.09.5,11.1,NVIDIA A100-PCIE-40GB
mmgnn-raw-logit-v2-20260918,20,fedavg_proto,client_2,val,logits,0.956269877328487,True,1,204,cuda:0,1.8.1,confirmation,False,3.8.20,0.6.1,2022.09.5,11.1,NVIDIA A100-PCIE-40GB
mmgnn-raw-logit-v2-20260918,20,fedavg_proto,client_2,val,probabilities,0.9562698773284871,False,1,204,cuda:0,1.8.1,confirmation,False,3.8.20,0.6.1,2022.09.5,11.1,NVIDIA A100-PCIE-40GB
mmgnn-raw-logit-v2-20260918,20,fedavg_proto,client_2,test,logits,0.9343597087957991,True,1,204,cuda:0,1.8.1,confirmation,False,3.8.20,0.6.1,2022.09.5,11.1,NVIDIA A100-PCIE-40GB
mmgnn-raw-logit-v2-20260918,20,fedavg_proto,client_2,test,probabilities,0.9344193817878028,False,1,204,cuda:0,1.8.1,confirmation,False,3.8.20,0.6.1,2022.09.5,11.1,NVIDIA A100-PCIE-40GB
mmgnn-raw-logit-v2-20260918,20,fedavg_proto,client_3,val,logits,0.938323489323035,True,1,204,cuda:0,1.8.1,confirmation,False,3.8.20,0.6.1,2022.09.5,11.1,NVIDIA A100-PCIE-40GB
mmgnn-raw-logit-v2-20260918,20,fedavg_proto,client_3,val,probabilities,0.938323489323035,False,1,204,cuda:0,1.8.1,confirmation,False,3.8.20,0.6.1,2022.09.5,11.1,NVIDIA A100-PCIE-40GB
mmgnn-raw-logit-v2-20260918,20,fedavg_proto,client_3,test,logits,0.9335242869077456,True,1,204,cuda:0,1.8.1,confirmation,False,3.8.20,0.6.1,2022.09.5,11.1,NVIDIA A100-PCIE-40GB
mmgnn-raw-logit-v2-20260918,20,fedavg_proto,client_3,test,probabilities,0.9336436328917532,False,1,204,cuda:0,1.8.1,confirmation,False,3.8.20,0.6.1,2022.09.5,11.1,NVIDIA A100-PCIE-40GB
mmgnn-raw-logit-v2-20260918,21,fedavg_proto,server,val,logits,0.9418446160835984,True,1,204,cuda:0,1.8.1,confirmation,False,3.8.20,0.6.1,2022.09.5,11.1,NVIDIA A100-PCIE-40GB
mmgnn-raw-logit-v2-20260918,21,fedavg_proto,server,val,probabilities,0.9417878237164924,False,1,204,cuda:0,1.8.1,confirmation,False,3.8.20,0.6.1,2022.09.5,11.1,NVIDIA A100-PCIE-40GB
mmgnn-raw-logit-v2-20260918,21,fedavg_proto,server,test,logits,0.9398496240601504,True,1,204,cuda:0,1.8.1,confirmation,False,3.8.20,0.6.1,2022.09.5,11.1,NVIDIA A100-PCIE-40GB
mmgnn-raw-logit-v2-20260918,21,fedavg_proto,server,test,probabilities,0.9399092970521543,False,1,204,cuda:0,1.8.1,confirmation,False,3.8.20,0.6.1,2022.09.5,11.1,NVIDIA A100-PCIE-40GB
mmgnn-raw-logit-v2-20260918,21,fedavg_proto,client_0,val,logits,0.9393457519309404,True,1,204,cuda:0,1.8.1,confirmation,False,3.8.20,0.6.1,2022.09.5,11.1,NVIDIA A100-PCIE-40GB
mmgnn-raw-logit-v2-20260918,21,fedavg_proto,client_0,val,probabilities,0.9392321671967288,False,1,204,cuda:0,1.8.1,confirmation,False,3.8.20,0.6.1,2022.09.5,11.1,NVIDIA A100-PCIE-40GB
mmgnn-raw-logit-v2-20260918,21,fedavg_proto,client_0,test,logits,0.9288697935314477,True,1,204,cuda:0,1.8.1,confirmation,False,3.8.20,0.6.1,2022.09.5,11.1,NVIDIA A100-PCIE-40GB
mmgnn-raw-logit-v2-20260918,21,fedavg_proto,client_0,test,probabilities,0.9286907745554362,False,1,204,cuda:0,1.8.1,confirmation,False,3.8.20,0.6.1,2022.09.5,11.1,NVIDIA A100-PCIE-40GB
mmgnn-raw-logit-v2-20260918,21,fedavg_proto,client_1,val,logits,0.932985006815084,True,1,204,cuda:0,1.8.1,confirmation,False,3.8.20,0.6.1,2022.09.5,11.1,NVIDIA A100-PCIE-40GB
mmgnn-raw-logit-v2-20260918,21,fedavg_proto,client_1,val,probabilities,0.9328146297137665,False,1,204,cuda:0,1.8.1,confirmation,False,3.8.20,0.6.1,2022.09.5,11.1,NVIDIA A100-PCIE-40GB
mmgnn-raw-logit-v2-20260918,21,fedavg_proto,client_1,test,logits,0.9147869674185464,True,1,204,cuda:0,1.8.1,confirmation,False,3.8.20,0.6.1,2022.09.5,11.1,NVIDIA A100-PCIE-40GB
mmgnn-raw-logit-v2-20260918,21,fedavg_proto,client_1,test,probabilities,0.9147272944265424,False,1,204,cuda:0,1.8.1,confirmation,False,3.8.20,0.6.1,2022.09.5,11.1,NVIDIA A100-PCIE-40GB
mmgnn-raw-logit-v2-20260918,21,fedavg_proto,client_2,val,logits,0.9422989550204453,True,1,204,cuda:0,1.8.1,confirmation,False,3.8.20,0.6.1,2022.09.5,11.1,NVIDIA A100-PCIE-40GB
mmgnn-raw-logit-v2-20260918,21,fedavg_proto,client_2,val,probabilities,0.9421853702862336,False,1,204,cuda:0,1.8.1,confirmation,False,3.8.20,0.6.1,2022.09.5,11.1,NVIDIA A100-PCIE-40GB
mmgnn-raw-logit-v2-20260918,21,fedavg_proto,client_2,test,logits,0.9382981262680511,True,1,204,cuda:0,1.8.1,confirmation,False,3.8.20,0.6.1,2022.09.5,11.1,NVIDIA A100-PCIE-40GB
mmgnn-raw-logit-v2-20260918,21,fedavg_proto,client_2,test,probabilities,0.9381787802840434,False,1,204,cuda:0,1.8.1,confirmation,False,3.8.20,0.6.1,2022.09.5,11.1,NVIDIA A100-PCIE-40GB
mmgnn-raw-logit-v2-20260918,21,fedavg_proto,client_3,val,logits,0.9288959563834621,True,1,204,cuda:0,1.8.1,confirmation,False,3.8.20,0.6.1,2022.09.5,11.1,NVIDIA A100-PCIE-40GB
mmgnn-raw-logit-v2-20260918,21,fedavg_proto,client_3,val,probabilities,0.9290095411176739,False,1,204,cuda:0,1.8.1,confirmation,False,3.8.20,0.6.1,2022.09.5,11.1,NVIDIA A100-PCIE-40GB
mmgnn-raw-logit-v2-20260918,21,fedavg_proto,client_3,test,logits,0.9288697935314476,True,1,204,cuda:0,1.8.1,confirmation,False,3.8.20,0.6.1,2022.09.5,11.1,NVIDIA A100-PCIE-40GB
mmgnn-raw-logit-v2-20260918,21,fedavg_proto,client_3,test,probabilities,0.9289294665234514,False,1,204,cuda:0,1.8.1,confirmation,False,3.8.20,0.6.1,2022.09.5,11.1,NVIDIA A100-PCIE-40GB
mmgnn-raw-logit-v2-20260918,22,fedavg_proto,server,val,logits,0.9390049977283053,True,1,204,cuda:0,1.8.1,confirmation,False,3.8.20,0.6.1,2022.09.5,11.1,NVIDIA A100-PCIE-40GB
mmgnn-raw-logit-v2-20260918,22,fedavg_proto,server,val,probabilities,0.9389482053611995,False,1,204,cuda:0,1.8.1,confirmation,False,3.8.20,0.6.1,2022.09.5,11.1,NVIDIA A100-PCIE-40GB
mmgnn-raw-logit-v2-20260918,22,fedavg_proto,server,test,logits,0.9448621553884712,True,1,204,cuda:0,1.8.1,confirmation,False,3.8.20,0.6.1,2022.09.5,11.1,NVIDIA A100-PCIE-40GB
mmgnn-raw-logit-v2-20260918,22,fedavg_proto,server,test,probabilities,0.9449815013724788,False,1,204,cuda:0,1.8.1,confirmation,False,3.8.20,0.6.1,2022.09.5,11.1,NVIDIA A100-PCIE-40GB
mmgnn-raw-logit-v2-20260918,22,fedavg_proto,client_0,val,logits,0.924011812812358,True,1,204,cuda:0,1.8.1,confirmation,False,3.8.20,0.6.1,2022.09.5,11.1,NVIDIA A100-PCIE-40GB
mmgnn-raw-logit-v2-20260918,22,fedavg_proto,client_0,val,probabilities,0.924068605179464,False,1,204,cuda:0,1.8.1,confirmation,False,3.8.20,0.6.1,2022.09.5,11.1,NVIDIA A100-PCIE-40GB
mmgnn-raw-logit-v2-20260918,22,fedavg_proto,client_0,test,logits,0.9271989497553407,True,1,204,cuda:0,1.8.1,confirmation,False,3.8.20,0.6.1,2022.09.5,11.1,NVIDIA A100-PCIE-40GB
mmgnn-raw-logit-v2-20260918,22,fedavg_proto,client_0,test,probabilities,0.9271989497553407,False,1,204,cuda:0,1.8.1,confirmation,False,3.8.20,0.6.1,2022.09.5,11.1,NVIDIA A100-PCIE-40GB
mmgnn-raw-logit-v2-20260918,22,fedavg_proto,client_1,val,logits,0.9170831440254431,True,1,204,cuda:0,1.8.1,confirmation,False,3.8.20,0.6.1,2022.09.5,11.1,NVIDIA A100-PCIE-40GB
mmgnn-raw-logit-v2-20260918,22,fedavg_proto,client_1,val,probabilities,0.9171399363925488,False,1,204,cuda:0,1.8.1,confirmation,False,3.8.20,0.6.1,2022.09.5,11.1,NVIDIA A100-PCIE-40GB
mmgnn-raw-logit-v2-20260918,22,fedavg_proto,client_1,test,logits,0.9115646258503401,True,1,204,cuda:0,1.8.1,confirmation,False,3.8.20,0.6.1,2022.09.5,11.1,NVIDIA A100-PCIE-40GB
mmgnn-raw-logit-v2-20260918,22,fedavg_proto,client_1,test,probabilities,0.9113856068743287,False,1,204,cuda:0,1.8.1,confirmation,False,3.8.20,0.6.1,2022.09.5,11.1,NVIDIA A100-PCIE-40GB
mmgnn-raw-logit-v2-20260918,22,fedavg_proto,client_2,val,logits,0.9487732848705135,True,1,204,cuda:0,1.8.1,confirmation,False,3.8.20,0.6.1,2022.09.5,11.1,NVIDIA A100-PCIE-40GB
mmgnn-raw-logit-v2-20260918,22,fedavg_proto,client_2,val,probabilities,0.9487164925034076,False,1,204,cuda:0,1.8.1,confirmation,False,3.8.20,0.6.1,2022.09.5,11.1,NVIDIA A100-PCIE-40GB
mmgnn-raw-logit-v2-20260918,22,fedavg_proto,client_2,test,logits,0.9357918606038907,True,1,204,cuda:0,1.8.1,confirmation,False,3.8.20,0.6.1,2022.09.5,11.1,NVIDIA A100-PCIE-40GB
mmgnn-raw-logit-v2-20260918,22,fedavg_proto,client_2,test,probabilities,0.9358515335958945,False,1,204,cuda:0,1.8.1,confirmation,False,3.8.20,0.6.1,2022.09.5,11.1,NVIDIA A100-PCIE-40GB
mmgnn-raw-logit-v2-20260918,22,fedavg_proto,client_3,val,logits,0.9378691503861881,True,1,204,cuda:0,1.8.1,confirmation,False,3.8.20,0.6.1,2022.09.5,11.1,NVIDIA A100-PCIE-40GB
mmgnn-raw-logit-v2-20260918,22,fedavg_proto,client_3,val,probabilities,0.937869150386188,False,1,204,cuda:0,1.8.1,confirmation,False,3.8.20,0.6.1,2022.09.5,11.1,NVIDIA A100-PCIE-40GB
mmgnn-raw-logit-v2-20260918,22,fedavg_proto,client_3,test,logits,0.9323308270676692,True,1,204,cuda:0,1.8.1,confirmation,False,3.8.20,0.6.1,2022.09.5,11.1,NVIDIA A100-PCIE-40GB
mmgnn-raw-logit-v2-20260918,22,fedavg_proto,client_3,test,probabilities,0.9323905000596729,False,1,204,cuda:0,1.8.1,confirmation,False,3.8.20,0.6.1,2022.09.5,11.1,NVIDIA A100-PCIE-40GB
mmgnn-raw-logit-v2-20260918,23,fedavg_proto,server,val,logits,0.9492276238073604,True,1,204,cuda:0,1.8.1,confirmation,False,3.8.20,0.6.1,2022.09.5,11.1,NVIDIA A100-PCIE-40GB
mmgnn-raw-logit-v2-20260918,23,fedavg_proto,server,val,probabilities,0.9492276238073604,False,1,204,cuda:0,1.8.1,confirmation,False,3.8.20,0.6.1,2022.09.5,11.1,NVIDIA A100-PCIE-40GB
mmgnn-raw-logit-v2-20260918,23,fedavg_proto,server,test,logits,0.9429526196443491,True,1,204,cuda:0,1.8.1,confirmation,False,3.8.20,0.6.1,2022.09.5,11.1,NVIDIA A100-PCIE-40GB
mmgnn-raw-logit-v2-20260918,23,fedavg_proto,server,test,probabilities,0.9428929466523451,False,1,204,cuda:0,1.8.1,confirmation,False,3.8.20,0.6.1,2022.09.5,11.1,NVIDIA A100-PCIE-40GB
mmgnn-raw-logit-v2-20260918,23,fedavg_proto,client_0,val,logits,0.9391185824625171,True,1,204,cuda:0,1.8.1,confirmation,False,3.8.20,0.6.1,2022.09.5,11.1,NVIDIA A100-PCIE-40GB
mmgnn-raw-logit-v2-20260918,23,fedavg_proto,client_0,val,probabilities,0.9390049977283054,False,1,204,cuda:0,1.8.1,confirmation,False,3.8.20,0.6.1,2022.09.5,11.1,NVIDIA A100-PCIE-40GB
mmgnn-raw-logit-v2-20260918,23,fedavg_proto,client_0,test,logits,0.9414011218522496,True,1,204,cuda:0,1.8.1,confirmation,False,3.8.20,0.6.1,2022.09.5,11.1,NVIDIA A100-PCIE-40GB
mmgnn-raw-logit-v2-20260918,23,fedavg_proto,client_0,test,probabilities,0.9415204678362574,False,1,204,cuda:0,1.8.1,confirmation,False,3.8.20,0.6.1,2022.09.5,11.1,NVIDIA A100-PCIE-40GB
mmgnn-raw-logit-v2-20260918,23,fedavg_proto,client_1,val,logits,0.9094729668332576,True,1,204,cuda:0,1.8.1,confirmation,False,3.8.20,0.6.1,2022.09.5,11.1,NVIDIA A100-PCIE-40GB
mmgnn-raw-logit-v2-20260918,23,fedavg_proto,client_1,val,probabilities,0.9094161744661517,False,1,204,cuda:0,1.8.1,confirmation,False,3.8.20,0.6.1,2022.09.5,11.1,NVIDIA A100-PCIE-40GB
mmgnn-raw-logit-v2-20260918,23,fedavg_proto,client_1,test,logits,0.9183673469387755,True,1,204,cuda:0,1.8.1,confirmation,False,3.8.20,0.6.1,2022.09.5,11.1,NVIDIA A100-PCIE-40GB
mmgnn-raw-logit-v2-20260918,23,fedavg_proto,client_1,test,probabilities,0.9184270199307794,False,1,204,cuda:0,1.8.1,confirmation,False,3.8.20,0.6.1,2022.09.5,11.1,NVIDIA A100-PCIE-40GB
mmgnn-raw-logit-v2-20260918,23,fedavg_proto,client_2,val,logits,0.9571785552021809,True,1,204,cuda:0,1.8.1,confirmation,False,3.8.20,0.6.1,2022.09.5,11.1,NVIDIA A100-PCIE-40GB
mmgnn-raw-logit-v2-20260918,23,fedavg_proto,client_2,val,probabilities,0.957121762835075,False,1,204,cuda:0,1.8.1,confirmation,False,3.8.20,0.6.1,2022.09.5,11.1,NVIDIA A100-PCIE-40GB
mmgnn-raw-logit-v2-20260918,23,fedavg_proto,client_2,test,logits,0.9381787802840434,True,1,204,cuda:0,1.8.1,confirmation,False,3.8.20,0.6.1,2022.09.5,11.1,NVIDIA A100-PCIE-40GB
mmgnn-raw-logit-v2-20260918,23,fedavg_proto,client_2,test,probabilities,0.9381787802840433,False,1,204,cuda:0,1.8.1,confirmation,False,3.8.20,0.6.1,2022.09.5,11.1,NVIDIA A100-PCIE-40GB
mmgnn-raw-logit-v2-20260918,23,fedavg_proto,client_3,val,logits,0.9519536574284417,True,1,204,cuda:0,1.8.1,confirmation,False,3.8.20,0.6.1,2022.09.5,11.1,NVIDIA A100-PCIE-40GB
mmgnn-raw-logit-v2-20260918,23,fedavg_proto,client_3,val,probabilities,0.9520672421626535,False,1,204,cuda:0,1.8.1,confirmation,False,3.8.20,0.6.1,2022.09.5,11.1,NVIDIA A100-PCIE-40GB
mmgnn-raw-logit-v2-20260918,23,fedavg_proto,client_3,test,logits,0.9369853204439671,True,1,204,cuda:0,1.8.1,confirmation,False,3.8.20,0.6.1,2022.09.5,11.1,NVIDIA A100-PCIE-40GB
mmgnn-raw-logit-v2-20260918,23,fedavg_proto,client_3,test,probabilities,0.9372836854039862,False,1,204,cuda:0,1.8.1,confirmation,False,3.8.20,0.6.1,2022.09.5,11.1,NVIDIA A100-PCIE-40GB
mmgnn-raw-logit-v2-20260918,24,fedavg_proto,server,val,logits,0.946842344388914,True,1,204,cuda:0,1.8.1,confirmation,False,3.8.20,0.6.1,2022.09.5,11.1,NVIDIA A100-PCIE-40GB
mmgnn-raw-logit-v2-20260918,24,fedavg_proto,server,val,probabilities,0.9467855520218084,False,1,204,cuda:0,1.8.1,confirmation,False,3.8.20,0.6.1,2022.09.5,11.1,NVIDIA A100-PCIE-40GB
mmgnn-raw-logit-v2-20260918,24,fedavg_proto,server,test,logits,0.9373433583959899,True,1,204,cuda:0,1.8.1,confirmation,False,3.8.20,0.6.1,2022.09.5,11.1,NVIDIA A100-PCIE-40GB
mmgnn-raw-logit-v2-20260918,24,fedavg_proto,server,test,probabilities,0.9374627043799976,False,1,204,cuda:0,1.8.1,confirmation,False,3.8.20,0.6.1,2022.09.5,11.1,NVIDIA A100-PCIE-40GB
mmgnn-raw-logit-v2-20260918,24,fedavg_proto,client_0,val,logits,0.9360517946388005,True,1,204,cuda:0,1.8.1,confirmation,False,3.8.20,0.6.1,2022.09.5,11.1,NVIDIA A100-PCIE-40GB
mmgnn-raw-logit-v2-20260918,24,fedavg_proto,client_0,val,probabilities,0.9359382099045888,False,1,204,cuda:0,1.8.1,confirmation,False,3.8.20,0.6.1,2022.09.5,11.1,NVIDIA A100-PCIE-40GB
mmgnn-raw-logit-v2-20260918,24,fedavg_proto,client_0,test,logits,0.9368659744599592,True,1,204,cuda:0,1.8.1,confirmation,False,3.8.20,0.6.1,2022.09.5,11.1,NVIDIA A100-PCIE-40GB
mmgnn-raw-logit-v2-20260918,24,fedavg_proto,client_0,test,probabilities,0.9368063014679555,False,1,204,cuda:0,1.8.1,confirmation,False,3.8.20,0.6.1,2022.09.5,11.1,NVIDIA A100-PCIE-40GB
mmgnn-raw-logit-v2-20260918,24,fedavg_proto,client_1,val,logits,0.9108359836437983,True,1,204,cuda:0,1.8.1,confirmation,False,3.8.20,0.6.1,2022.09.5,11.1,NVIDIA A100-PCIE-40GB
mmgnn-raw-logit-v2-20260918,24,fedavg_proto,client_1,val,probabilities,0.9108359836437984,False,1,204,cuda:0,1.8.1,confirmation,False,3.8.20,0.6.1,2022.09.5,11.1,NVIDIA A100-PCIE-40GB
mmgnn-raw-logit-v2-20260918,24,fedavg_proto,client_1,test,logits,0.9217090344909894,True,1,204,cuda:0,1.8.1,confirmation,False,3.8.20,0.6.1,2022.09.5,11.1,NVIDIA A100-PCIE-40GB
mmgnn-raw-logit-v2-20260918,24,fedavg_proto,client_1,test,probabilities,0.9215896885069816,False,1,204,cuda:0,1.8.1,confirmation,False,3.8.20,0.6.1,2022.09.5,11.1,NVIDIA A100-PCIE-40GB
mmgnn-raw-logit-v2-20260918,24,fedavg_proto,client_2,val,logits,0.9585415720127215,True,1,204,cuda:0,1.8.1,confirmation,False,3.8.20,0.6.1,2022.09.5,11.1,NVIDIA A100-PCIE-40GB
mmgnn-raw-logit-v2-20260918,24,fedavg_proto,client_2,val,probabilities,0.9584847796456157,False,1,204,cuda:0,1.8.1,confirmation,False,3.8.20,0.6.1,2022.09.5,11.1,NVIDIA A100-PCIE-40GB
mmgnn-raw-logit-v2-20260918,24,fedavg_proto,client_2,test,logits,0.9361498985559136,True,1,204,cuda:0,1.8.1,confirmation,False,3.8.20,0.6.1,2022.09.5,11.1,NVIDIA A100-PCIE-40GB
mmgnn-raw-logit-v2-20260918,24,fedavg_proto,client_2,test,probabilities,0.9360305525719059,False,1,204,cuda:0,1.8.1,confirmation,False,3.8.20,0.6.1,2022.09.5,11.1,NVIDIA A100-PCIE-40GB
mmgnn-raw-logit-v2-20260918,24,fedavg_proto,client_3,val,logits,0.9496819627442072,True,1,204,cuda:0,1.8.1,confirmation,False,3.8.20,0.6.1,2022.09.5,11.1,NVIDIA A100-PCIE-40GB
mmgnn-raw-logit-v2-20260918,24,fedavg_proto,client_3,val,probabilities,0.949738755111313,False,1,204,cuda:0,1.8.1,confirmation,False,3.8.20,0.6.1,2022.09.5,11.1,NVIDIA A100-PCIE-40GB
mmgnn-raw-logit-v2-20260918,24,fedavg_proto,client_3,test,logits,0.9371046664279746,True,1,204,cuda:0,1.8.1,confirmation,False,3.8.20,0.6.1,2022.09.5,11.1,NVIDIA A100-PCIE-40GB
mmgnn-raw-logit-v2-20260918,24,fedavg_proto,client_3,test,probabilities,0.936985320443967,False,1,204,cuda:0,1.8.1,confirmation,False,3.8.20,0.6.1,2022.09.5,11.1,NVIDIA A100-PCIE-40GB
mmgnn-raw-logit-v2-20260918,25,fedavg_proto,server,val,logits,0.9487732848705135,True,1,204,cuda:0,1.8.1,confirmation,False,3.8.20,0.6.1,2022.09.5,11.1,NVIDIA A100-PCIE-40GB
mmgnn-raw-logit-v2-20260918,25,fedavg_proto,server,val,probabilities,0.9487732848705135,False,1,204,cuda:0,1.8.1,confirmation,False,3.8.20,0.6.1,2022.09.5,11.1,NVIDIA A100-PCIE-40GB
mmgnn-raw-logit-v2-20260918,25,fedavg_proto,server,test,logits,0.9393722401241199,True,1,204,cuda:0,1.8.1,confirmation,False,3.8.20,0.6.1,2022.09.5,11.1,NVIDIA A100-PCIE-40GB
mmgnn-raw-logit-v2-20260918,25,fedavg_proto,server,test,probabilities,0.9393722401241199,False,1,204,cuda:0,1.8.1,confirmation,False,3.8.20,0.6.1,2022.09.5,11.1,NVIDIA A100-PCIE-40GB
mmgnn-raw-logit-v2-20260918,25,fedavg_proto,client_0,val,logits,0.9287823716492503,True,1,204,cuda:0,1.8.1,confirmation,False,3.8.20,0.6.1,2022.09.5,11.1,NVIDIA A100-PCIE-40GB
mmgnn-raw-logit-v2-20260918,25,fedavg_proto,client_0,val,probabilities,0.9287823716492504,False,1,204,cuda:0,1.8.1,confirmation,False,3.8.20,0.6.1,2022.09.5,11.1,NVIDIA A100-PCIE-40GB
mmgnn-raw-logit-v2-20260918,25,fedavg_proto,client_0,test,logits,0.9349564387158372,True,1,204,cuda:0,1.8.1,confirmation,False,3.8.20,0.6.1,2022.09.5,11.1,NVIDIA A100-PCIE-40GB
mmgnn-raw-logit-v2-20260918,25,fedavg_proto,client_0,test,probabilities,0.935016111707841,False,1,204,cuda:0,1.8.1,confirmation,False,3.8.20,0.6.1,2022.09.5,11.1,NVIDIA A100-PCIE-40GB
mmgnn-raw-logit-v2-20260918,25,fedavg_proto,client_1,val,logits,0.9323034984098137,True,1,204,cuda:0,1.8.1,confirmation,False,3.8.20,0.6.1,2022.09.5,11.1,NVIDIA A100-PCIE-40GB
mmgnn-raw-logit-v2-20260918,25,fedavg_proto,client_1,val,probabilities,0.932189913675602,False,1,204,cuda:0,1.8.1,confirmation,False,3.8.20,0.6.1,2022.09.5,11.1,NVIDIA A100-PCIE-40GB
mmgnn-raw-logit-v2-20260918,25,fedavg_proto,client_1,test,logits,0.9331662489557226,True,1,204,cuda:0,1.8.1,confirmation,False,3.8.20,0.6.1,2022.09.5,11.1,NVIDIA A100-PCIE-40GB
mmgnn-raw-logit-v2-20260918,25,fedavg_proto,client_1,test,probabilities,0.9328082110036997,False,1,204,cuda:0,1.8.1,confirmation,False,3.8.20,0.6.1,2022.09.5,11.1,NVIDIA A100-PCIE-40GB
mmgnn-raw-logit-v2-20260918,25,fedavg_proto,client_2,val,logits,0.9468423443889141,True,1,204,cuda:0,1.8.1,confirmation,False,3.8.20,0.6.1,2022.09.5,11.1,NVIDIA A100-PCIE-40GB
mmgnn-raw-logit-v2-20260918,25,fedavg_proto,client_2,val,probabilities,0.9468423443889142,False,1,204,cuda:0,1.8.1,confirmation,False,3.8.20,0.6.1,2022.09.5,11.1,NVIDIA A100-PCIE-40GB
mmgnn-raw-logit-v2-20260918,25,fedavg_proto,client_2,test,logits,0.9378207423320205,True,1,204,cuda:0,1.8.1,confirmation,False,3.8.20,0.6.1,2022.09.5,11.1,NVIDIA A100-PCIE-40GB
mmgnn-raw-logit-v2-20260918,25,fedavg_proto,client_2,test,probabilities,0.9377610693400167,False,1,204,cuda:0,1.8.1,confirmation,False,3.8.20,0.6.1,2022.09.5,11.1,NVIDIA A100-PCIE-40GB
mmgnn-raw-logit-v2-20260918,25,fedavg_proto,client_3,val,logits,0.9427532939572921,True,1,204,cuda:0,1.8.1,confirmation,False,3.8.20,0.6.1,2022.09.5,11.1,NVIDIA A100-PCIE-40GB
mmgnn-raw-logit-v2-20260918,25,fedavg_proto,client_3,val,probabilities,0.9427532939572921,False,1,204,cuda:0,1.8.1,confirmation,False,3.8.20,0.6.1,2022.09.5,11.1,NVIDIA A100-PCIE-40GB
mmgnn-raw-logit-v2-20260918,25,fedavg_proto,client_3,test,logits,0.9350757846998449,True,1,204,cuda:0,1.8.1,confirmation,False,3.8.20,0.6.1,2022.09.5,11.1,NVIDIA A100-PCIE-40GB
mmgnn-raw-logit-v2-20260918,25,fedavg_proto,client_3,test,probabilities,0.9351354576918486,False,1,204,cuda:0,1.8.1,confirmation,False,3.8.20,0.6.1,2022.09.5,11.1,NVIDIA A100-PCIE-40GB
mmgnn-raw-logit-v2-20260918,26,fedavg_proto,server,val,logits,0.9436619718309859,True,1,204,cuda:0,1.8.1,confirmation,False,3.8.20,0.6.1,2022.09.5,11.1,NVIDIA A100-PCIE-40GB
mmgnn-raw-logit-v2-20260918,26,fedavg_proto,server,val,probabilities,0.9437755565651975,False,1,204,cuda:0,1.8.1,confirmation,False,3.8.20,0.6.1,2022.09.5,11.1,NVIDIA A100-PCIE-40GB
mmgnn-raw-logit-v2-20260918,26,fedavg_proto,server,test,logits,0.9402076620121733,True,1,204,cuda:0,1.8.1,confirmation,False,3.8.20,0.6.1,2022.09.5,11.1,NVIDIA A100-PCIE-40GB
mmgnn-raw-logit-v2-20260918,26,fedavg_proto,server,test,probabilities,0.939968970044158,False,1,204,cuda:0,1.8.1,confirmation,False,3.8.20,0.6.1,2022.09.5,11.1,NVIDIA A100-PCIE-40GB
mmgnn-raw-logit-v2-20260918,26,fedavg_proto,client_0,val,logits,0.9337800999545661,True,1,204,cuda:0,1.8.1,confirmation,False,3.8.20,0.6.1,2022.09.5,11.1,NVIDIA A100-PCIE-40GB
mmgnn-raw-logit-v2-20260918,26,fedavg_proto,client_0,val,probabilities,0.9336665152203544,False,1,204,cuda:0,1.8.1,confirmation,False,3.8.20,0.6.1,2022.09.5,11.1,NVIDIA A100-PCIE-40GB
mmgnn-raw-logit-v2-20260918,26,fedavg_proto,client_0,test,logits,0.9269602577873254,True,1,204,cuda:0,1.8.1,confirmation,False,3.8.20,0.6.1,2022.09.5,11.1,NVIDIA A100-PCIE-40GB
mmgnn-raw-logit-v2-20260918,26,fedavg_proto,client_0,test,probabilities,0.9264232008592911,False,1,204,cuda:0,1.8.1,confirmation,False,3.8.20,0.6.1,2022.09.5,11.1,NVIDIA A100-PCIE-40GB
mmgnn-raw-logit-v2-20260918,26,fedavg_proto,client_1,val,logits,0.9229895502044525,True,1,204,cuda:0,1.8.1,confirmation,False,3.8.20,0.6.1,2022.09.5,11.1,NVIDIA A100-PCIE-40GB
mmgnn-raw-logit-v2-20260918,26,fedavg_proto,client_1,val,probabilities,0.9230463425715584,False,1,204,cuda:0,1.8.1,confirmation,False,3.8.20,0.6.1,2022.09.5,11.1,NVIDIA A100-PCIE-40GB
mmgnn-raw-logit-v2-20260918,26,fedavg_proto,client_1,test,logits,0.9294665234514858,True,1,204,cuda:0,1.8.1,confirmation,False,3.8.20,0.6.1,2022.09.5,11.1,NVIDIA A100-PCIE-40GB
mmgnn-raw-logit-v2-20260918,26,fedavg_proto,client_1,test,probabilities,0.9294068504594821,False,1,204,cuda:0,1.8.1,confirmation,False,3.8.20,0.6.1,2022.09.5,11.1,NVIDIA A100-PCIE-40GB
mmgnn-raw-logit-v2-20260918,26,fedavg_proto,client_2,val,logits,0.9483189459336665,True,1,204,cuda:0,1.8.1,confirmation,False,3.8.20,0.6.1,2022.09.5,11.1,NVIDIA A100-PCIE-40GB
mmgnn-raw-logit-v2-20260918,26,fedavg_proto,client_2,val,probabilities,0.9483757383007724,False,1,204,cuda:0,1.8.1,confirmation,False,3.8.20,0.6.1,2022.09.5,11.1,NVIDIA A100-PCIE-40GB
mmgnn-raw-logit-v2-20260918,26,fedavg_proto,client_2,test,logits,0.9404463539801885,True,1,204,cuda:0,1.8.1,confirmation,False,3.8.20,0.6.1,2022.09.5,11.1,NVIDIA A100-PCIE-40GB
mmgnn-raw-logit-v2-20260918,26,fedavg_proto,client_2,test,probabilities,0.9403270079961809,False,1,204,cuda:0,1.8.1,confirmation,False,3.8.20,0.6.1,2022.09.5,11.1,NVIDIA A100-PCIE-40GB
mmgnn-raw-logit-v2-20260918,26,fedavg_proto,client_3,val,logits,0.9391185824625171,True,1,204,cuda:0,1.8.1,confirmation,False,3.8.20,0.6.1,2022.09.5,11.1,NVIDIA A100-PCIE-40GB
mmgnn-raw-logit-v2-20260918,26,fedavg_proto,client_3,val,probabilities,0.9390049977283054,False,1,204,cuda:0,1.8.1,confirmation,False,3.8.20,0.6.1,2022.09.5,11.1,NVIDIA A100-PCIE-40GB
mmgnn-raw-logit-v2-20260918,26,fedavg_proto,client_3,test,logits,0.9264828738512949,True,1,204,cuda:0,1.8.1,confirmation,False,3.8.20,0.6.1,2022.09.5,11.1,NVIDIA A100-PCIE-40GB
mmgnn-raw-logit-v2-20260918,26,fedavg_proto,client_3,test,probabilities,0.9263038548752833,False,1,204,cuda:0,1.8.1,confirmation,False,3.8.20,0.6.1,2022.09.5,11.1,NVIDIA A100-PCIE-40GB
mmgnn-raw-logit-v2-20260918,27,fedavg_proto,server,val,logits,0.9538845979100409,True,1,204,cuda:0,1.8.1,confirmation,False,3.8.20,0.6.1,2022.09.5,11.1,NVIDIA A100-PCIE-40GB
mmgnn-raw-logit-v2-20260918,27,fedavg_proto,server,val,probabilities,0.9539413902771468,False,1,204,cuda:0,1.8.1,confirmation,False,3.8.20,0.6.1,2022.09.5,11.1,NVIDIA A100-PCIE-40GB
mmgnn-raw-logit-v2-20260918,27,fedavg_proto,server,test,logits,0.9326888650196921,True,1,204,cuda:0,1.8.1,confirmation,False,3.8.20,0.6.1,2022.09.5,11.1,NVIDIA A100-PCIE-40GB
mmgnn-raw-logit-v2-20260918,27,fedavg_proto,server,test,probabilities,0.9325695190356845,False,1,204,cuda:0,1.8.1,confirmation,False,3.8.20,0.6.1,2022.09.5,11.1,NVIDIA A100-PCIE-40GB
mmgnn-raw-logit-v2-20260918,27,fedavg_proto,client_0,val,logits,0.9294638800545207,True,1,204,cuda:0,1.8.1,confirmation,False,3.8.20,0.6.1,2022.09.5,11.1,NVIDIA A100-PCIE-40GB
mmgnn-raw-logit-v2-20260918,27,fedavg_proto,client_0,val,probabilities,0.92974784189005,False,1,204,cuda:0,1.8.1,confirmation,False,3.8.20,0.6.1,2022.09.5,11.1,NVIDIA A100-PCIE-40GB
mmgnn-raw-logit-v2-20260918,27,fedavg_proto,client_0,test,logits,0.9408043919322115,True,1,204,cuda:0,1.8.1,confirmation,False,3.8.20,0.6.1,2022.09.5,11.1,NVIDIA A100-PCIE-40GB
mmgnn-raw-logit-v2-20260918,27,fedavg_proto,client_0,test,probabilities,0.9407447189402077,False,1,204,cuda:0,1.8.1,confirmation,False,3.8.20,0.6.1,2022.09.5,11.1,NVIDIA A100-PCIE-40GB
mmgnn-raw-logit-v2-20260918,27,fedavg_proto,client_1,val,logits,0.9508178100863245,True,1,204,cuda:0,1.8.1,confirmation,False,3.8.20,0.6.1,2022.09.5,11.1,NVIDIA A100-PCIE-40GB
mmgnn-raw-logit-v2-20260918,27,fedavg_proto,client_1,val,probabilities,0.9508178100863245,False,1,204,cuda:0,1.8.1,confirmation,False,3.8.20,0.6.1,2022.09.5,11.1,NVIDIA A100-PCIE-40GB
mmgnn-raw-logit-v2-20260918,27,fedavg_proto,client_1,test,logits,0.9338823248597684,True,1,204,cuda:0,1.8.1,confirmation,False,3.8.20,0.6.1,2022.09.5,11.1,NVIDIA A100-PCIE-40GB
mmgnn-raw-logit-v2-20260918,27,fedavg_proto,client_1,test,probabilities,0.9338823248597684,False,1,204,cuda:0,1.8.1,confirmation,False,3.8.20,0.6.1,2022.09.5,11.1,NVIDIA A100-PCIE-40GB
mmgnn-raw-logit-v2-20260918,27,fedavg_proto,client_2,val,logits,0.9405951840072694,True,1,204,cuda:0,1.8.1,confirmation,False,3.8.20,0.6.1,2022.09.5,11.1,NVIDIA A100-PCIE-40GB
mmgnn-raw-logit-v2-20260918,27,fedavg_proto,client_2,val,probabilities,0.9404815992730577,False,1,204,cuda:0,1.8.1,confirmation,False,3.8.20,0.6.1,2022.09.5,11.1,NVIDIA A100-PCIE-40GB
mmgnn-raw-logit-v2-20260918,27,fedavg_proto,client_2,test,logits,0.9252894140112184,True,1,204,cuda:0,1.8.1,confirmation,False,3.8.20,0.6.1,2022.09.5,11.1,NVIDIA A100-PCIE-40GB
mmgnn-raw-logit-v2-20260918,27,fedavg_proto,client_2,test,probabilities,0.92546843298723,False,1,204,cuda:0,1.8.1,confirmation,False,3.8.20,0.6.1,2022.09.5,11.1,NVIDIA A100-PCIE-40GB
mmgnn-raw-logit-v2-20260918,27,fedavg_proto,client_3,val,logits,0.9440027260336211,True,1,204,cuda:0,1.8.1,confirmation,False,3.8.20,0.6.1,2022.09.5,11.1,NVIDIA A100-PCIE-40GB
mmgnn-raw-logit-v2-20260918,27,fedavg_proto,client_3,val,probabilities,0.9439459336665151,False,1,204,cuda:0,1.8.1,confirmation,False,3.8.20,0.6.1,2022.09.5,11.1,NVIDIA A100-PCIE-40GB
mmgnn-raw-logit-v2-20260918,27,fedavg_proto,client_3,test,logits,0.9176512710347297,True,1,204,cuda:0,1.8.1,confirmation,False,3.8.20,0.6.1,2022.09.5,11.1,NVIDIA A100-PCIE-40GB
mmgnn-raw-logit-v2-20260918,27,fedavg_proto,client_3,test,probabilities,0.917531925050722,False,1,204,cuda:0,1.8.1,confirmation,False,3.8.20,0.6.1,2022.09.5,11.1,NVIDIA A100-PCIE-40GB
mmgnn-raw-logit-v2-20260918,28,fedavg_proto,server,val,logits,0.9424125397546569,True,1,204,cuda:0,1.8.1,confirmation,False,3.8.20,0.6.1,2022.09.5,11.1,NVIDIA A100-PCIE-40GB
mmgnn-raw-logit-v2-20260918,28,fedavg_proto,server,val,probabilities,0.9425829168559746,False,1,204,cuda:0,1.8.1,confirmation,False,3.8.20,0.6.1,2022.09.5,11.1,NVIDIA A100-PCIE-40GB
mmgnn-raw-logit-v2-20260918,28,fedavg_proto,server,test,logits,0.9345984007638143,True,1,204,cuda:0,1.8.1,confirmation,False,3.8.20,0.6.1,2022.09.5,11.1,NVIDIA A100-PCIE-40GB
mmgnn-raw-logit-v2-20260918,28,fedavg_proto,server,test,probabilities,0.9347774197398258,False,1,204,cuda:0,1.8.1,confirmation,False,3.8.20,0.6.1,2022.09.5,11.1,NVIDIA A100-PCIE-40GB
mmgnn-raw-logit-v2-20260918,28,fedavg_proto,client_0,val,logits,0.9368468877782826,True,1,204,cuda:0,1.8.1,confirmation,False,3.8.20,0.6.1,2022.09.5,11.1,NVIDIA A100-PCIE-40GB
mmgnn-raw-logit-v2-20260918,28,fedavg_proto,client_0,val,probabilities,0.9373580190822354,False,1,204,cuda:0,1.8.1,confirmation,False,3.8.20,0.6.1,2022.09.5,11.1,NVIDIA A100-PCIE-40GB
mmgnn-raw-logit-v2-20260918,28,fedavg_proto,client_0,test,logits,0.9347177467478219,True,1,204,cuda:0,1.8.1,confirmation,False,3.8.20,0.6.1,2022.09.5,11.1,NVIDIA A100-PCIE-40GB
mmgnn-raw-logit-v2-20260918,28,fedavg_proto,client_0,test,probabilities,0.9350757846998449,False,1,204,cuda:0,1.8.1,confirmation,False,3.8.20,0.6.1,2022.09.5,11.1,NVIDIA A100-PCIE-40GB
mmgnn-raw-logit-v2-20260918,28,fedavg_proto,client_1,val,logits,0.9134484325306679,True,1,204,cuda:0,1.8.1,confirmation,False,3.8.20,0.6.1,2022.09.5,11.1,NVIDIA A100-PCIE-40GB
mmgnn-raw-logit-v2-20260918,28,fedavg_proto,client_1,val,probabilities,0.9136188096319855,False,1,204,cuda:0,1.8.1,confirmation,False,3.8.20,0.6.1,2022.09.5,11.1,NVIDIA A100-PCIE-40GB
mmgnn-raw-logit-v2-20260918,28,fedavg_proto,client_1,test,logits,0.9035684449218284,True,1,204,cuda:0,1.8.1,confirmation,False,3.8.20,0.6.1,2022.09.5,11.1,NVIDIA A100-PCIE-40GB
mmgnn-raw-logit-v2-20260918,28,fedavg_proto,client_1,test,probabilities,0.9036281179138321,False,1,204,cuda:0,1.8.1,confirmation,False,3.8.20,0.6.1,2022.09.5,11.1,NVIDIA A100-PCIE-40GB
mmgnn-raw-logit-v2-20260918,28,fedavg_proto,client_2,val,logits,0.9409359382099046,True,1,204,cuda:0,1.8.1,confirmation,False,3.8.20,0.6.1,2022.09.5,11.1,NVIDIA A100-PCIE-40GB
mmgnn-raw-logit-v2-20260918,28,fedavg_proto,client_2,val,probabilities,0.9408223534756929,False,1,204,cuda:0,1.8.1,confirmation,False,3.8.20,0.6.1,2022.09.5,11.1,NVIDIA A100-PCIE-40GB
mmgnn-raw-logit-v2-20260918,28,fedavg_proto,client_2,test,logits,0.9244539921231649,True,1,204,cuda:0,1.8.1,confirmation,False,3.8.20,0.6.1,2022.09.5,11.1,NVIDIA A100-PCIE-40GB
mmgnn-raw-logit-v2-20260918,28,fedavg_proto,client_2,test,probabilities,0.9243943191311612,False,1,204,cuda:0,1.8.1,confirmation,False,3.8.20,0.6.1,2022.09.5,11.1,NVIDIA A100-PCIE-40GB
mmgnn-raw-logit-v2-20260918,28,fedavg_proto,client_3,val,logits,0.9451385733757384,True,1,204,cuda:0,1.8.1,confirmation,False,3.8.20,0.6.1,2022.09.5,11.1,NVIDIA A100-PCIE-40GB
mmgnn-raw-logit-v2-20260918,28,fedavg_proto,client_3,val,probabilities,0.9451385733757384,False,1,204,cuda:0,1.8.1,confirmation,False,3.8.20,0.6.1,2022.09.5,11.1,NVIDIA A100-PCIE-40GB
mmgnn-raw-logit-v2-20260918,28,fedavg_proto,client_3,test,logits,0.9380594343000358,True,1,204,cuda:0,1.8.1,confirmation,False,3.8.20,0.6.1,2022.09.5,11.1,NVIDIA A100-PCIE-40GB
mmgnn-raw-logit-v2-20260918,28,fedavg_proto,client_3,test,probabilities,0.9374030313879937,False,1,204,cuda:0,1.8.1,confirmation,False,3.8.20,0.6.1,2022.09.5,11.1,NVIDIA A100-PCIE-40GB
mmgnn-raw-logit-v2-20260918,29,fedavg_proto,server,val,logits,0.9432076328941389,True,1,204,cuda:0,1.8.1,confirmation,False,3.8.20,0.6.1,2022.09.5,11.1,NVIDIA A100-PCIE-40GB
mmgnn-raw-logit-v2-20260918,29,fedavg_proto,server,val,probabilities,0.9431508405270331,False,1,204,cuda:0,1.8.1,confirmation,False,3.8.20,0.6.1,2022.09.5,11.1,NVIDIA A100-PCIE-40GB
mmgnn-raw-logit-v2-20260918,29,fedavg_proto,server,test,logits,0.9332855949397303,True,1,204,cuda:0,1.8.1,confirmation,False,3.8.20,0.6.1,2022.09.5,11.1,NVIDIA A100-PCIE-40GB
mmgnn-raw-logit-v2-20260918,29,fedavg_proto,server,test,probabilities,0.9332855949397303,False,1,204,cuda:0,1.8.1,confirmation,False,3.8.20,0.6.1,2022.09.5,11.1,NVIDIA A100-PCIE-40GB
mmgnn-raw-logit-v2-20260918,29,fedavg_proto,client_0,val,logits,0.9354838709677419,True,1,204,cuda:0,1.8.1,confirmation,False,3.8.20,0.6.1,2022.09.5,11.1,NVIDIA A100-PCIE-40GB
mmgnn-raw-logit-v2-20260918,29,fedavg_proto,client_0,val,probabilities,0.9359950022716946,False,1,204,cuda:0,1.8.1,confirmation,False,3.8.20,0.6.1,2022.09.5,11.1,NVIDIA A100-PCIE-40GB
mmgnn-raw-logit-v2-20260918,29,fedavg_proto,client_0,test,logits,0.9332855949397303,True,1,204,cuda:0,1.8.1,confirmation,False,3.8.20,0.6.1,2022.09.5,11.1,NVIDIA A100-PCIE-40GB
mmgnn-raw-logit-v2-20260918,29,fedavg_proto,client_0,test,probabilities,0.9330469029717151,False,1,204,cuda:0,1.8.1,confirmation,False,3.8.20,0.6.1,2022.09.5,11.1,NVIDIA A100-PCIE-40GB
mmgnn-raw-logit-v2-20260918,29,fedavg_proto,client_1,val,logits,0.9351431167651068,True,1,204,cuda:0,1.8.1,confirmation,False,3.8.20,0.6.1,2022.09.5,11.1,NVIDIA A100-PCIE-40GB
mmgnn-raw-logit-v2-20260918,29,fedavg_proto,client_1,val,probabilities,0.9351999091322127,False,1,204,cuda:0,1.8.1,confirmation,False,3.8.20,0.6.1,2022.09.5,11.1,NVIDIA A100-PCIE-40GB
mmgnn-raw-logit-v2-20260918,29,fedavg_proto,client_1,test,logits,0.9387755102040816,True,1,204,cuda:0,1.8.1,confirmation,False,3.8.20,0.6.1,2022.09.5,11.1,NVIDIA A100-PCIE-40GB
mmgnn-raw-logit-v2-20260918,29,fedavg_proto,client_1,test,probabilities,0.9387755102040816,False,1,204,cuda:0,1.8.1,confirmation,False,3.8.20,0.6.1,2022.09.5,11.1,NVIDIA A100-PCIE-40GB
mmgnn-raw-logit-v2-20260918,29,fedavg_proto,client_2,val,logits,0.9386642435256701,True,1,204,cuda:0,1.8.1,confirmation,False,3.8.20,0.6.1,2022.09.5,11.1,NVIDIA A100-PCIE-40GB
mmgnn-raw-logit-v2-20260918,29,fedavg_proto,client_2,val,probabilities,0.9383802816901409,False,1,204,cuda:0,1.8.1,confirmation,False,3.8.20,0.6.1,2022.09.5,11.1,NVIDIA A100-PCIE-40GB
mmgnn-raw-logit-v2-20260918,29,fedavg_proto,client_2,test,logits,0.9207542666189283,True,1,204,cuda:0,1.8.1,confirmation,False,3.8.20,0.6.1,2022.09.5,11.1,NVIDIA A100-PCIE-40GB
mmgnn-raw-logit-v2-20260918,29,fedavg_proto,client_2,test,probabilities,0.9208736126029359,False,1,204,cuda:0,1.8.1,confirmation,False,3.8.20,0.6.1,2022.09.5,11.1,NVIDIA A100-PCIE-40GB
mmgnn-raw-logit-v2-20260918,29,fedavg_proto,client_3,val,logits,0.9476374375283961,True,1,204,cuda:0,1.8.1,confirmation,False,3.8.20,0.6.1,2022.09.5,11.1,NVIDIA A100-PCIE-40GB
mmgnn-raw-logit-v2-20260918,29,fedavg_proto,client_3,val,probabilities,0.9476942298955021,False,1,204,cuda:0,1.8.1,confirmation,False,3.8.20,0.6.1,2022.09.5,11.1,NVIDIA A100-PCIE-40GB
mmgnn-raw-logit-v2-20260918,29,fedavg_proto,client_3,test,logits,0.9279150256593867,True,1,204,cuda:0,1.8.1,confirmation,False,3.8.20,0.6.1,2022.09.5,11.1,NVIDIA A100-PCIE-40GB
mmgnn-raw-logit-v2-20260918,29,fedavg_proto,client_3,test,probabilities,0.9279150256593867,False,1,204,cuda:0,1.8.1,confirmation,False,3.8.20,0.6.1,2022.09.5,11.1,NVIDIA A100-PCIE-40GB
mmgnn-raw-logit-v2-20260918,30,fedavg_proto,server,val,logits,0.9363925488414357,True,1,204,cuda:0,1.8.1,confirmation,False,3.8.20,0.6.1,2022.09.5,11.1,NVIDIA A100-PCIE-40GB
mmgnn-raw-logit-v2-20260918,30,fedavg_proto,server,val,probabilities,0.935938209904589,False,1,204,cuda:0,1.8.1,confirmation,False,3.8.20,0.6.1,2022.09.5,11.1,NVIDIA A100-PCIE-40GB
mmgnn-raw-logit-v2-20260918,30,fedavg_proto,server,test,logits,0.9338823248597685,True,1,204,cuda:0,1.8.1,confirmation,False,3.8.20,0.6.1,2022.09.5,11.1,NVIDIA A100-PCIE-40GB
mmgnn-raw-logit-v2-20260918,30,fedavg_proto,server,test,probabilities,0.9338823248597685,False,1,204,cuda:0,1.8.1,confirmation,False,3.8.20,0.6.1,2022.09.5,11.1,NVIDIA A100-PCIE-40GB
mmgnn-raw-logit-v2-20260918,30,fedavg_proto,client_0,val,logits,0.9282144479781917,True,1,204,cuda:0,1.8.1,confirmation,False,3.8.20,0.6.1,2022.09.5,11.1,NVIDIA A100-PCIE-40GB
mmgnn-raw-logit-v2-20260918,30,fedavg_proto,client_0,val,probabilities,0.9275897319400273,False,1,204,cuda:0,1.8.1,confirmation,False,3.8.20,0.6.1,2022.09.5,11.1,NVIDIA A100-PCIE-40GB
mmgnn-raw-logit-v2-20260918,30,fedavg_proto,client_0,test,logits,0.9324501730516769,True,1,204,cuda:0,1.8.1,confirmation,False,3.8.20,0.6.1,2022.09.5,11.1,NVIDIA A100-PCIE-40GB
mmgnn-raw-logit-v2-20260918,30,fedavg_proto,client_0,test,probabilities,0.9319727891156462,False,1,204,cuda:0,1.8.1,confirmation,False,3.8.20,0.6.1,2022.09.5,11.1,NVIDIA A100-PCIE-40GB
mmgnn-raw-logit-v2-20260918,30,fedavg_proto,client_1,val,logits,0.9294638800545206,True,1,204,cuda:0,1.8.1,confirmation,False,3.8.20,0.6.1,2022.09.5,11.1,NVIDIA A100-PCIE-40GB
mmgnn-raw-logit-v2-20260918,30,fedavg_proto,client_1,val,probabilities,0.9307701044979555,False,1,204,cuda:0,1.8.1,confirmation,False,3.8.20,0.6.1,2022.09.5,11.1,NVIDIA A100-PCIE-40GB
mmgnn-raw-logit-v2-20260918,30,fedavg_proto,client_1,test,logits,0.9262441818832796,True,1,204,cuda:0,1.8.1,confirmation,False,3.8.20,0.6.1,2022.09.5,11.1,NVIDIA A100-PCIE-40GB
mmgnn-raw-logit-v2-20260918,30,fedavg_proto,client_1,test,probabilities,0.9264232008592911,False,1,204,cuda:0,1.8.1,confirmation,False,3.8.20,0.6.1,2022.09.5,11.1,NVIDIA A100-PCIE-40GB
mmgnn-raw-logit-v2-20260918,30,fedavg_proto,client_2,val,logits,0.933439345751931,True,1,204,cuda:0,1.8.1,confirmation,False,3.8.20,0.6.1,2022.09.5,11.1,NVIDIA A100-PCIE-40GB
mmgnn-raw-logit-v2-20260918,30,fedavg_proto,client_2,val,probabilities,0.9341208541572013,False,1,204,cuda:0,1.8.1,confirmation,False,3.8.20,0.6.1,2022.09.5,11.1,NVIDIA A100-PCIE-40GB
mmgnn-raw-logit-v2-20260918,30,fedavg_proto,client_2,test,logits,0.9196801527628595,True,1,204,cuda:0,1.8.1,confirmation,False,3.8.20,0.6.1,2022.09.5,11.1,NVIDIA A100-PCIE-40GB
mmgnn-raw-logit-v2-20260918,30,fedavg_proto,client_2,test,probabilities,0.9200978637068863,False,1,204,cuda:0,1.8.1,confirmation,False,3.8.20,0.6.1,2022.09.5,11.1,NVIDIA A100-PCIE-40GB
mmgnn-raw-logit-v2-20260918,30,fedavg_proto,client_3,val,logits,0.9450249886415265,True,1,204,cuda:0,1.8.1,confirmation,False,3.8.20,0.6.1,2022.09.5,11.1,NVIDIA A100-PCIE-40GB
mmgnn-raw-logit-v2-20260918,30,fedavg_proto,client_3,val,probabilities,0.9450249886415265,False,1,204,cuda:0,1.8.1,confirmation,False,3.8.20,0.6.1,2022.09.5,11.1,NVIDIA A100-PCIE-40GB
mmgnn-raw-logit-v2-20260918,30,fedavg_proto,client_3,test,logits,0.935672514619883,True,1,204,cuda:0,1.8.1,confirmation,False,3.8.20,0.6.1,2022.09.5,11.1,NVIDIA A100-PCIE-40GB
mmgnn-raw-logit-v2-20260918,30,fedavg_proto,client_3,test,probabilities,0.9354338226518677,False,1,204,cuda:0,1.8.1,confirmation,False,3.8.20,0.6.1,2022.09.5,11.1,NVIDIA A100-PCIE-40GB
mmgnn-raw-logit-v2-20260918,31,fedavg_proto,server,val,logits,0.9402544298046343,True,1,204,cuda:0,1.8.1,confirmation,False,3.8.20,0.6.1,2022.09.5,11.1,NVIDIA A100-PCIE-40GB
mmgnn-raw-logit-v2-20260918,31,fedavg_proto,server,val,probabilities,0.940368014538846,False,1,204,cuda:0,1.8.1,confirmation,False,3.8.20,0.6.1,2022.09.5,11.1,NVIDIA A100-PCIE-40GB
mmgnn-raw-logit-v2-20260918,31,fedavg_proto,server,test,logits,0.9312567132116004,True,1,204,cuda:0,1.8.1,confirmation,False,3.8.20,0.6.1,2022.09.5,11.1,NVIDIA A100-PCIE-40GB
mmgnn-raw-logit-v2-20260918,31,fedavg_proto,server,test,probabilities,0.9312567132116004,False,1,204,cuda:0,1.8.1,confirmation,False,3.8.20,0.6.1,2022.09.5,11.1,NVIDIA A100-PCIE-40GB
mmgnn-raw-logit-v2-20260918,31,fedavg_proto,client_0,val,logits,0.9291231258518854,True,1,204,cuda:0,1.8.1,confirmation,False,3.8.20,0.6.1,2022.09.5,11.1,NVIDIA A100-PCIE-40GB
mmgnn-raw-logit-v2-20260918,31,fedavg_proto,client_0,val,probabilities,0.9293502953203089,False,1,204,cuda:0,1.8.1,confirmation,False,3.8.20,0.6.1,2022.09.5,11.1,NVIDIA A100-PCIE-40GB
mmgnn-raw-logit-v2-20260918,31,fedavg_proto,client_0,test,logits,0.9332855949397303,True,1,204,cuda:0,1.8.1,confirmation,False,3.8.20,0.6.1,2022.09.5,11.1,NVIDIA A100-PCIE-40GB
mmgnn-raw-logit-v2-20260918,31,fedavg_proto,client_0,test,probabilities,0.9326888650196922,False,1,204,cuda:0,1.8.1,confirmation,False,3.8.20,0.6.1,2022.09.5,11.1,NVIDIA A100-PCIE-40GB
mmgnn-raw-logit-v2-20260918,31,fedavg_proto,client_1,val,logits,0.9275329395729214,True,1,204,cuda:0,1.8.1,confirmation,False,3.8.20,0.6.1,2022.09.5,11.1,NVIDIA A100-PCIE-40GB
mmgnn-raw-logit-v2-20260918,31,fedavg_proto,client_1,val,probabilities,0.9278169014084507,False,1,204,cuda:0,1.8.1,confirmation,False,3.8.20,0.6.1,2022.09.5,11.1,NVIDIA A100-PCIE-40GB
mmgnn-raw-logit-v2-20260918,31,fedavg_proto,client_1,test,logits,0.9215896885069818,True,1,204,cuda:0,1.8.1,confirmation,False,3.8.20,0.6.1,2022.09.5,11.1,NVIDIA A100-PCIE-40GB
mmgnn-raw-logit-v2-20260918,31,fedavg_proto,client_1,test,probabilities,0.9205752476429169,False,1,204,cuda:0,1.8.1,confirmation,False,3.8.20,0.6.1,2022.09.5,11.1,NVIDIA A100-PCIE-40GB
mmgnn-raw-logit-v2-20260918,31,fedavg_proto,client_2,val,logits,0.9429804634257156,True,1,204,cuda:0,1.8.1,confirmation,False,3.8.20,0.6.1,2022.09.5,11.1,NVIDIA A100-PCIE-40GB
mmgnn-raw-logit-v2-20260918,31,fedavg_proto,client_2,val,probabilities,0.9430940481599273,False,1,204,cuda:0,1.8.1,confirmation,False,3.8.20,0.6.1,2022.09.5,11.1,NVIDIA A100-PCIE-40GB
mmgnn-raw-logit-v2-20260918,31,fedavg_proto,client_2,test,logits,0.9391335481561045,True,1,204,cuda:0,1.8.1,confirmation,False,3.8.20,0.6.1,2022.09.5,11.1,NVIDIA A100-PCIE-40GB
mmgnn-raw-logit-v2-20260918,31,fedavg_proto,client_2,test,probabilities,0.9394319131161236,False,1,204,cuda:0,1.8.1,confirmation,False,3.8.20,0.6.1,2022.09.5,11.1,NVIDIA A100-PCIE-40GB
mmgnn-raw-logit-v2-20260918,31,fedavg_proto,client_3,val,logits,0.9398000908677873,True,1,204,cuda:0,1.8.1,confirmation,False,3.8.20,0.6.1,2022.09.5,11.1,NVIDIA A100-PCIE-40GB
mmgnn-raw-logit-v2-20260918,31,fedavg_proto,client_3,val,probabilities,0.9398000908677874,False,1,204,cuda:0,1.8.1,confirmation,False,3.8.20,0.6.1,2022.09.5,11.1,NVIDIA A100-PCIE-40GB
mmgnn-raw-logit-v2-20260918,31,fedavg_proto,client_3,test,logits,0.9193221148108366,True,1,204,cuda:0,1.8.1,confirmation,False,3.8.20,0.6.1,2022.09.5,11.1,NVIDIA A100-PCIE-40GB
mmgnn-raw-logit-v2-20260918,31,fedavg_proto,client_3,test,probabilities,0.9193817878028404,False,1,204,cuda:0,1.8.1,confirmation,False,3.8.20,0.6.1,2022.09.5,11.1,NVIDIA A100-PCIE-40GB
mmgnn-raw-logit-v2-20260918,32,fedavg_proto,server,val,logits,0.9340072694229895,True,1,204,cuda:0,1.8.1,confirmation,False,3.8.20,0.6.1,2022.09.5,11.1,NVIDIA A100-PCIE-40GB
mmgnn-raw-logit-v2-20260918,32,fedavg_proto,server,val,probabilities,0.9340640617900955,False,1,204,cuda:0,1.8.1,confirmation,False,3.8.20,0.6.1,2022.09.5,11.1,NVIDIA A100-PCIE-40GB
mmgnn-raw-logit-v2-20260918,32,fedavg_proto,server,test,logits,0.9275569877073636,True,1,204,cuda:0,1.8.1,confirmation,False,3.8.20,0.6.1,2022.09.5,11.1,NVIDIA A100-PCIE-40GB
mmgnn-raw-logit-v2-20260918,32,fedavg_proto,server,test,probabilities,0.9279150256593865,False,1,204,cuda:0,1.8.1,confirmation,False,3.8.20,0.6.1,2022.09.5,11.1,NVIDIA A100-PCIE-40GB
mmgnn-raw-logit-v2-20260918,32,fedavg_proto,client_0,val,logits,0.9327578373466606,True,1,204,cuda:0,1.8.1,confirmation,False,3.8.20,0.6.1,2022.09.5,11.1,NVIDIA A100-PCIE-40GB
mmgnn-raw-logit-v2-20260918,32,fedavg_proto,client_0,val,probabilities,0.9328714220808723,False,1,204,cuda:0,1.8.1,confirmation,False,3.8.20,0.6.1,2022.09.5,11.1,NVIDIA A100-PCIE-40GB
mmgnn-raw-logit-v2-20260918,32,fedavg_proto,client_0,test,logits,0.9341210168277837,True,1,204,cuda:0,1.8.1,confirmation,False,3.8.20,0.6.1,2022.09.5,11.1,NVIDIA A100-PCIE-40GB
mmgnn-raw-logit-v2-20260918,32,fedavg_proto,client_0,test,probabilities,0.9343000358037953,False,1,204,cuda:0,1.8.1,confirmation,False,3.8.20,0.6.1,2022.09.5,11.1,NVIDIA A100-PCIE-40GB
mmgnn-raw-logit-v2-20260918,32,fedavg_proto,client_1,val,logits,0.9136756019990914,True,1,204,cuda:0,1.8.1,confirmation,False,3.8.20,0.6.1,2022.09.5,11.1,NVIDIA A100-PCIE-40GB
mmgnn-raw-logit-v2-20260918,32,fedavg_proto,client_1,val,probabilities,0.9130508859609269,False,1,204,cuda:0,1.8.1,confirmation,False,3.8.20,0.6.1,2022.09.5,11.1,NVIDIA A100-PCIE-40GB
mmgnn-raw-logit-v2-20260918,32,fedavg_proto,client_1,test,logits,0.913951545530493,True,1,204,cuda:0,1.8.1,confirmation,False,3.8.20,0.6.1,2022.09.5,11.1,NVIDIA A100-PCIE-40GB
mmgnn-raw-logit-v2-20260918,32,fedavg_proto,client_1,test,probabilities,0.9138321995464853,False,1,204,cuda:0,1.8.1,confirmation,False,3.8.20,0.6.1,2022.09.5,11.1,NVIDIA A100-PCIE-40GB
mmgnn-raw-logit-v2-20260918,32,fedavg_proto,client_2,val,logits,0.9407087687414812,True,1,204,cuda:0,1.8.1,confirmation,False,3.8.20,0.6.1,2022.09.5,11.1,NVIDIA A100-PCIE-40GB
mmgnn-raw-logit-v2-20260918,32,fedavg_proto,client_2,val,probabilities,0.9405951840072696,False,1,204,cuda:0,1.8.1,confirmation,False,3.8.20,0.6.1,2022.09.5,11.1,NVIDIA A100-PCIE-40GB
mmgnn-raw-logit-v2-20260918,32,fedavg_proto,client_2,test,logits,0.9114452798663325,True,1,204,cuda:0,1.8.1,confirmation,False,3.8.20,0.6.1,2022.09.5,11.1,NVIDIA A100-PCIE-40GB
mmgnn-raw-logit-v2-20260918,32,fedavg_proto,client_2,test,probabilities,0.9115646258503401,False,1,204,cuda:0,1.8.1,confirmation,False,3.8.20,0.6.1,2022.09.5,11.1,NVIDIA A100-PCIE-40GB
mmgnn-raw-logit-v2-20260918,32,fedavg_proto,client_3,val,logits,0.9399136756019991,True,1,204,cuda:0,1.8.1,confirmation,False,3.8.20,0.6.1,2022.09.5,11.1,NVIDIA A100-PCIE-40GB
mmgnn-raw-logit-v2-20260918,32,fedavg_proto,client_3,val,probabilities,0.9399136756019991,False,1,204,cuda:0,1.8.1,confirmation,False,3.8.20,0.6.1,2022.09.5,11.1,NVIDIA A100-PCIE-40GB
mmgnn-raw-logit-v2-20260918,32,fedavg_proto,client_3,test,logits,0.9305406373075547,True,1,204,cuda:0,1.8.1,confirmation,False,3.8.20,0.6.1,2022.09.5,11.1,NVIDIA A100-PCIE-40GB
mmgnn-raw-logit-v2-20260918,32,fedavg_proto,client_3,test,probabilities,0.9303019453395394,False,1,204,cuda:0,1.8.1,confirmation,False,3.8.20,0.6.1,2022.09.5,11.1,NVIDIA A100-PCIE-40GB
mmgnn-raw-logit-v2-20260918,33,fedavg_proto,server,val,logits,0.9425261244888686,True,1,204,cuda:0,1.8.1,confirmation,False,3.8.20,0.6.1,2022.09.5,11.1,NVIDIA A100-PCIE-40GB
mmgnn-raw-logit-v2-20260918,33,fedavg_proto,server,val,probabilities,0.9421285779191276,False,1,204,cuda:0,1.8.1,confirmation,False,3.8.20,0.6.1,2022.09.5,11.1,NVIDIA A100-PCIE-40GB
mmgnn-raw-logit-v2-20260918,33,fedavg_proto,server,test,logits,0.9372240124119823,True,1,204,cuda:0,1.8.1,confirmation,False,3.8.20,0.6.1,2022.09.5,11.1,NVIDIA A100-PCIE-40GB
mmgnn-raw-logit-v2-20260918,33,fedavg_proto,server,test,probabilities,0.9377610693400168,False,1,204,cuda:0,1.8.1,confirmation,False,3.8.20,0.6.1,2022.09.5,11.1,NVIDIA A100-PCIE-40GB
mmgnn-raw-logit-v2-20260918,33,fedavg_proto,client_0,val,logits,0.9139027714675148,True,1,204,cuda:0,1.8.1,confirmation,False,3.8.20,0.6.1,2022.09.5,11.1,NVIDIA A100-PCIE-40GB
mmgnn-raw-logit-v2-20260918,33,fedavg_proto,client_0,val,probabilities,0.9139595638346206,False,1,204,cuda:0,1.8.1,confirmation,False,3.8.20,0.6.1,2022.09.5,11.1,NVIDIA A100-PCIE-40GB
mmgnn-raw-logit-v2-20260918,33,fedavg_proto,client_0,test,logits,0.9316147511636234,True,1,204,cuda:0,1.8.1,confirmation,False,3.8.20,0.6.1,2022.09.5,11.1,NVIDIA A100-PCIE-40GB
mmgnn-raw-logit-v2-20260918,33,fedavg_proto,client_0,test,probabilities,0.9322711540756653,False,1,204,cuda:0,1.8.1,confirmation,False,3.8.20,0.6.1,2022.09.5,11.1,NVIDIA A100-PCIE-40GB
mmgnn-raw-logit-v2-20260918,33,fedavg_proto,client_1,val,logits,0.9282144479781919,True,1,204,cuda:0,1.8.1,confirmation,False,3.8.20,0.6.1,2022.09.5,11.1,NVIDIA A100-PCIE-40GB
mmgnn-raw-logit-v2-20260918,33,fedavg_proto,client_1,val,probabilities,0.9287255792821446,False,1,204,cuda:0,1.8.1,confirmation,False,3.8.20,0.6.1,2022.09.5,11.1,NVIDIA A100-PCIE-40GB
mmgnn-raw-logit-v2-20260918,33,fedavg_proto,client_1,test,logits,0.9246926840911803,True,1,204,cuda:0,1.8.1,confirmation,False,3.8.20,0.6.1,2022.09.5,11.1,NVIDIA A100-PCIE-40GB
mmgnn-raw-logit-v2-20260918,33,fedavg_proto,client_1,test,probabilities,0.9245733381071728,False,1,204,cuda:0,1.8.1,confirmation,False,3.8.20,0.6.1,2022.09.5,11.1,NVIDIA A100-PCIE-40GB
mmgnn-raw-logit-v2-20260918,33,fedavg_proto,client_2,val,logits,0.9357110404361654,True,1,204,cuda:0,1.8.1,confirmation,False,3.8.20,0.6.1,2022.09.5,11.1,NVIDIA A100-PCIE-40GB
mmgnn-raw-logit-v2-20260918,33,fedavg_proto,client_2,val,probabilities,0.9357110404361654,False,1,204,cuda:0,1.8.1,confirmation,False,3.8.20,0.6.1,2022.09.5,11.1,NVIDIA A100-PCIE-40GB
mmgnn-raw-logit-v2-20260918,33,fedavg_proto,client_2,test,logits,0.9208736126029359,True,1,204,cuda:0,1.8.1,confirmation,False,3.8.20,0.6.1,2022.09.5,11.1,NVIDIA A100-PCIE-40GB
mmgnn-raw-logit-v2-20260918,33,fedavg_proto,client_2,test,probabilities,0.9209332855949397,False,1,204,cuda:0,1.8.1,confirmation,False,3.8.20,0.6.1,2022.09.5,11.1,NVIDIA A100-PCIE-40GB
mmgnn-raw-logit-v2-20260918,33,fedavg_proto,client_3,val,logits,0.9493412085415721,True,1,204,cuda:0,1.8.1,confirmation,False,3.8.20,0.6.1,2022.09.5,11.1,NVIDIA A100-PCIE-40GB
mmgnn-raw-logit-v2-20260918,33,fedavg_proto,client_3,val,probabilities,0.9492844161744661,False,1,204,cuda:0,1.8.1,confirmation,False,3.8.20,0.6.1,2022.09.5,11.1,NVIDIA A100-PCIE-40GB
mmgnn-raw-logit-v2-20260918,33,fedavg_proto,client_3,test,logits,0.9488005728607233,True,1,204,cuda:0,1.8.1,confirmation,False,3.8.20,0.6.1,2022.09.5,11.1,NVIDIA A100-PCIE-40GB
mmgnn-raw-logit-v2-20260918,33,fedavg_proto,client_3,test,probabilities,0.9487408998687195,False,1,204,cuda:0,1.8.1,confirmation,False,3.8.20,0.6.1,2022.09.5,11.1,NVIDIA A100-PCIE-40GB
mmgnn-raw-logit-v2-20260918,34,fedavg_proto,server,val,logits,0.9266242616992276,True,1,204,cuda:0,1.8.1,confirmation,False,3.8.20,0.6.1,2022.09.5,11.1,NVIDIA A100-PCIE-40GB
mmgnn-raw-logit-v2-20260918,34,fedavg_proto,server,val,probabilities,0.9269082235347569,False,1,204,cuda:0,1.8.1,confirmation,False,3.8.20,0.6.1,2022.09.5,11.1,NVIDIA A100-PCIE-40GB
mmgnn-raw-logit-v2-20260918,34,fedavg_proto,server,test,logits,0.9319727891156463,True,1,204,cuda:0,1.8.1,confirmation,False,3.8.20,0.6.1,2022.09.5,11.1,NVIDIA A100-PCIE-40GB
mmgnn-raw-logit-v2-20260918,34,fedavg_proto,server,test,probabilities,0.9317937701396348,False,1,204,cuda:0,1.8.1,confirmation,False,3.8.20,0.6.1,2022.09.5,11.1,NVIDIA A100-PCIE-40GB
mmgnn-raw-logit-v2-20260918,34,fedavg_proto,client_0,val,logits,0.9325306678782372,True,1,204,cuda:0,1.8.1,confirmation,False,3.8.20,0.6.1,2022.09.5,11.1,NVIDIA A100-PCIE-40GB
mmgnn-raw-logit-v2-20260918,34,fedavg_proto,client_0,val,probabilities,0.9320763289413903,False,1,204,cuda:0,1.8.1,confirmation,False,3.8.20,0.6.1,2022.09.5,11.1,NVIDIA A100-PCIE-40GB
mmgnn-raw-logit-v2-20260918,34,fedavg_proto,client_0,test,logits,0.9338823248597685,True,1,204,cuda:0,1.8.1,confirmation,False,3.8.20,0.6.1,2022.09.5,11.1,NVIDIA A100-PCIE-40GB
mmgnn-raw-logit-v2-20260918,34,fedavg_proto,client_0,test,probabilities,0.9331662489557226,False,1,204,cuda:0,1.8.1,confirmation,False,3.8.20,0.6.1,2022.09.5,11.1,NVIDIA A100-PCIE-40GB
mmgnn-raw-logit-v2-20260918,34,fedavg_proto,client_1,val,logits,0.8962971376646979,True,1,204,cuda:0,1.8.1,confirmation,False,3.8.20,0.6.1,2022.09.5,11.1,NVIDIA A100-PCIE-40GB
mmgnn-raw-logit-v2-20260918,34,fedavg_proto,client_1,val,probabilities,0.8972058155383916,False,1,204,cuda:0,1.8.1,confirmation,False,3.8.20,0.6.1,2022.09.5,11.1,NVIDIA A100-PCIE-40GB
mmgnn-raw-logit-v2-20260918,34,fedavg_proto,client_1,test,logits,0.9215896885069818,True,1,204,cuda:0,1.8.1,confirmation,False,3.8.20,0.6.1,2022.09.5,11.1,NVIDIA A100-PCIE-40GB
mmgnn-raw-logit-v2-20260918,34,fedavg_proto,client_1,test,probabilities,0.9222460914190237,False,1,204,cuda:0,1.8.1,confirmation,False,3.8.20,0.6.1,2022.09.5,11.1,NVIDIA A100-PCIE-40GB
mmgnn-raw-logit-v2-20260918,34,fedavg_proto,client_2,val,logits,0.9326442526124489,True,1,204,cuda:0,1.8.1,confirmation,False,3.8.20,0.6.1,2022.09.5,11.1,NVIDIA A100-PCIE-40GB
mmgnn-raw-logit-v2-20260918,34,fedavg_proto,client_2,val,probabilities,0.9322467060427079,False,1,204,cuda:0,1.8.1,confirmation,False,3.8.20,0.6.1,2022.09.5,11.1,NVIDIA A100-PCIE-40GB
mmgnn-raw-logit-v2-20260918,34,fedavg_proto,client_2,test,logits,0.9170545411146915,True,1,204,cuda:0,1.8.1,confirmation,False,3.8.20,0.6.1,2022.09.5,11.1,NVIDIA A100-PCIE-40GB
mmgnn-raw-logit-v2-20260918,34,fedavg_proto,client_2,test,probabilities,0.9164578111946533,False,1,204,cuda:0,1.8.1,confirmation,False,3.8.20,0.6.1,2022.09.5,11.1,NVIDIA A100-PCIE-40GB
mmgnn-raw-logit-v2-20260918,34,fedavg_proto,client_3,val,logits,0.9369604725124944,True,1,204,cuda:0,1.8.1,confirmation,False,3.8.20,0.6.1,2022.09.5,11.1,NVIDIA A100-PCIE-40GB
mmgnn-raw-logit-v2-20260918,34,fedavg_proto,client_3,val,probabilities,0.9368468877782827,False,1,204,cuda:0,1.8.1,confirmation,False,3.8.20,0.6.1,2022.09.5,11.1,NVIDIA A100-PCIE-40GB
mmgnn-raw-logit-v2-20260918,34,fedavg_proto,client_3,test,logits,0.9320921350996539,True,1,204,cuda:0,1.8.1,confirmation,False,3.8.20,0.6.1,2022.09.5,11.1,NVIDIA A100-PCIE-40GB
mmgnn-raw-logit-v2-20260918,34,fedavg_proto,client_3,test,probabilities,0.9319727891156463,False,1,204,cuda:0,1.8.1,confirmation,False,3.8.20,0.6.1,2022.09.5,11.1,NVIDIA A100-PCIE-40GB
mmgnn-raw-logit-v2-20260918,35,fedavg_proto,server,val,logits,0.9311676510676965,True,1,204,cuda:0,1.8.1,confirmation,False,3.8.20,0.6.1,2022.09.5,11.1,NVIDIA A100-PCIE-40GB
mmgnn-raw-logit-v2-20260918,35,fedavg_proto,server,val,probabilities,0.9315651976374375,False,1,204,cuda:0,1.8.1,confirmation,False,3.8.20,0.6.1,2022.09.5,11.1,NVIDIA A100-PCIE-40GB
mmgnn-raw-logit-v2-20260918,35,fedavg_proto,server,test,logits,0.9293471774674782,True,1,204,cuda:0,1.8.1,confirmation,False,3.8.20,0.6.1,2022.09.5,11.1,NVIDIA A100-PCIE-40GB
mmgnn-raw-logit-v2-20260918,35,fedavg_proto,server,test,probabilities,0.9285117555794248,False,1,204,cuda:0,1.8.1,confirmation,False,3.8.20,0.6.1,2022.09.5,11.1,NVIDIA A100-PCIE-40GB
mmgnn-raw-logit-v2-20260918,35,fedavg_proto,client_0,val,logits,0.9274193548387097,True,1,204,cuda:0,1.8.1,confirmation,False,3.8.20,0.6.1,2022.09.5,11.1,NVIDIA A100-PCIE-40GB
mmgnn-raw-logit-v2-20260918,35,fedavg_proto,client_0,val,probabilities,0.9265674693321218,False,1,204,cuda:0,1.8.1,confirmation,False,3.8.20,0.6.1,2022.09.5,11.1,NVIDIA A100-PCIE-40GB
mmgnn-raw-logit-v2-20260918,35,fedavg_proto,client_0,test,logits,0.9338823248597684,True,1,204,cuda:0,1.8.1,confirmation,False,3.8.20,0.6.1,2022.09.5,11.1,NVIDIA A100-PCIE-40GB
mmgnn-raw-logit-v2-20260918,35,fedavg_proto,client_0,test,probabilities,0.933046902971715,False,1,204,cuda:0,1.8.1,confirmation,False,3.8.20,0.6.1,2022.09.5,11.1,NVIDIA A100-PCIE-40GB
mmgnn-raw-logit-v2-20260918,35,fedavg_proto,client_1,val,logits,0.9165152203543845,True,1,204,cuda:0,1.8.1,confirmation,False,3.8.20,0.6.1,2022.09.5,11.1,NVIDIA A100-PCIE-40GB
mmgnn-raw-logit-v2-20260918,35,fedavg_proto,client_1,val,probabilities,0.9162880508859609,False,1,204,cuda:0,1.8.1,confirmation,False,3.8.20,0.6.1,2022.09.5,11.1,NVIDIA A100-PCIE-40GB
mmgnn-raw-logit-v2-20260918,35,fedavg_proto,client_1,test,logits,0.9044038668098818,True,1,204,cuda:0,1.8.1,confirmation,False,3.8.20,0.6.1,2022.09.5,11.1,NVIDIA A100-PCIE-40GB
mmgnn-raw-logit-v2-20260918,35,fedavg_proto,client_1,test,probabilities,0.9055973266499582,False,1,204,cuda:0,1.8.1,confirmation,False,3.8.20,0.6.1,2022.09.5,11.1,NVIDIA A100-PCIE-40GB
mmgnn-raw-logit-v2-20260918,35,fedavg_proto,client_2,val,logits,0.9385506587914585,True,1,204,cuda:0,1.8.1,confirmation,False,3.8.20,0.6.1,2022.09.5,11.1,NVIDIA A100-PCIE-40GB
mmgnn-raw-logit-v2-20260918,35,fedavg_proto,client_2,val,probabilities,0.9382666969559291,False,1,204,cuda:0,1.8.1,confirmation,False,3.8.20,0.6.1,2022.09.5,11.1,NVIDIA A100-PCIE-40GB
mmgnn-raw-logit-v2-20260918,35,fedavg_proto,client_2,test,logits,0.9322114810836616,True,1,204,cuda:0,1.8.1,confirmation,False,3.8.20,0.6.1,2022.09.5,11.1,NVIDIA A100-PCIE-40GB
mmgnn-raw-logit-v2-20260918,35,fedavg_proto,client_2,test,probabilities,0.9329275569877074,False,1,204,cuda:0,1.8.1,confirmation,False,3.8.20,0.6.1,2022.09.5,11.1,NVIDIA A100-PCIE-40GB
mmgnn-raw-logit-v2-20260918,35,fedavg_proto,client_3,val,logits,0.9392321671967288,True,1,204,cuda:0,1.8.1,confirmation,False,3.8.20,0.6.1,2022.09.5,11.1,NVIDIA A100-PCIE-40GB
mmgnn-raw-logit-v2-20260918,35,fedavg_proto,client_3,val,probabilities,0.9390617900954112,False,1,204,cuda:0,1.8.1,confirmation,False,3.8.20,0.6.1,2022.09.5,11.1,NVIDIA A100-PCIE-40GB
mmgnn-raw-logit-v2-20260918,35,fedavg_proto,client_3,test,logits,0.9282730636114095,True,1,204,cuda:0,1.8.1,confirmation,False,3.8.20,0.6.1,2022.09.5,11.1,NVIDIA A100-PCIE-40GB
mmgnn-raw-logit-v2-20260918,35,fedavg_proto,client_3,test,probabilities,0.9289891395154553,False,1,204,cuda:0,1.8.1,confirmation,False,3.8.20,0.6.1,2022.09.5,11.1,NVIDIA A100-PCIE-40GB
mmgnn-raw-logit-v2-20260918,36,fedavg_proto,server,val,logits,0.9299182189913677,True,1,204,cuda:0,1.8.1,confirmation,False,3.8.20,0.6.1,2022.09.5,11.1,NVIDIA A100-PCIE-40GB
mmgnn-raw-logit-v2-20260918,36,fedavg_proto,server,val,probabilities,0.9300318037255794,False,1,204,cuda:0,1.8.1,confirmation,False,3.8.20,0.6.1,2022.09.5,11.1,NVIDIA A100-PCIE-40GB
mmgnn-raw-logit-v2-20260918,36,fedavg_proto,server,test,logits,0.9319727891156462,True,1,204,cuda:0,1.8.1,confirmation,False,3.8.20,0.6.1,2022.09.5,11.1,NVIDIA A100-PCIE-40GB
mmgnn-raw-logit-v2-20260918,36,fedavg_proto,server,test,probabilities,0.9332259219477265,False,1,204,cuda:0,1.8.1,confirmation,False,3.8.20,0.6.1,2022.09.5,11.1,NVIDIA A100-PCIE-40GB
mmgnn-raw-logit-v2-20260918,36,fedavg_proto,client_0,val,logits,0.9294638800545206,True,1,204,cuda:0,1.8.1,confirmation,False,3.8.20,0.6.1,2022.09.5,11.1,NVIDIA A100-PCIE-40GB
mmgnn-raw-logit-v2-20260918,36,fedavg_proto,client_0,val,probabilities,0.9294638800545207,False,1,204,cuda:0,1.8.1,confirmation,False,3.8.20,0.6.1,2022.09.5,11.1,NVIDIA A100-PCIE-40GB
mmgnn-raw-logit-v2-20260918,36,fedavg_proto,client_0,test,logits,0.9328082110036997,True,1,204,cuda:0,1.8.1,confirmation,False,3.8.20,0.6.1,2022.09.5,11.1,NVIDIA A100-PCIE-40GB
mmgnn-raw-logit-v2-20260918,36,fedavg_proto,client_0,test,probabilities,0.9324501730516768,False,1,204,cuda:0,1.8.1,confirmation,False,3.8.20,0.6.1,2022.09.5,11.1,NVIDIA A100-PCIE-40GB
mmgnn-raw-logit-v2-20260918,36,fedavg_proto,client_1,val,logits,0.926851431167651,True,1,204,cuda:0,1.8.1,confirmation,False,3.8.20,0.6.1,2022.09.5,11.1,NVIDIA A100-PCIE-40GB
mmgnn-raw-logit-v2-20260918,36,fedavg_proto,client_1,val,probabilities,0.9250340754202635,False,1,204,cuda:0,1.8.1,confirmation,False,3.8.20,0.6.1,2022.09.5,11.1,NVIDIA A100-PCIE-40GB
mmgnn-raw-logit-v2-20260918,36,fedavg_proto,client_1,test,logits,0.9248120300751879,True,1,204,cuda:0,1.8.1,confirmation,False,3.8.20,0.6.1,2022.09.5,11.1,NVIDIA A100-PCIE-40GB
mmgnn-raw-logit-v2-20260918,36,fedavg_proto,client_1,test,probabilities,0.9239169351951306,False,1,204,cuda:0,1.8.1,confirmation,False,3.8.20,0.6.1,2022.09.5,11.1,NVIDIA A100-PCIE-40GB
mmgnn-raw-logit-v2-20260918,36,fedavg_proto,client_2,val,logits,0.9296910495229442,True,1,204,cuda:0,1.8.1,confirmation,False,3.8.20,0.6.1,2022.09.5,11.1,NVIDIA A100-PCIE-40GB
mmgnn-raw-logit-v2-20260918,36,fedavg_proto,client_2,val,probabilities,0.9290095411176738,False,1,204,cuda:0,1.8.1,confirmation,False,3.8.20,0.6.1,2022.09.5,11.1,NVIDIA A100-PCIE-40GB
mmgnn-raw-logit-v2-20260918,36,fedavg_proto,client_2,test,logits,0.9145482754505311,True,1,204,cuda:0,1.8.1,confirmation,False,3.8.20,0.6.1,2022.09.5,11.1,NVIDIA A100-PCIE-40GB
mmgnn-raw-logit-v2-20260918,36,fedavg_proto,client_2,test,probabilities,0.9147272944265425,False,1,204,cuda:0,1.8.1,confirmation,False,3.8.20,0.6.1,2022.09.5,11.1,NVIDIA A100-PCIE-40GB
mmgnn-raw-logit-v2-20260918,36,fedavg_proto,client_3,val,logits,0.9345751930940481,True,1,204,cuda:0,1.8.1,confirmation,False,3.8.20,0.6.1,2022.09.5,11.1,NVIDIA A100-PCIE-40GB
mmgnn-raw-logit-v2-20260918,36,fedavg_proto,client_3,val,probabilities,0.9345751930940481,False,1,204,cuda:0,1.8.1,confirmation,False,3.8.20,0.6.1,2022.09.5,11.1,NVIDIA A100-PCIE-40GB
mmgnn-raw-logit-v2-20260918,36,fedavg_proto,client_3,test,logits,0.9355531686358755,True,1,204,cuda:0,1.8.1,confirmation,False,3.8.20,0.6.1,2022.09.5,11.1,NVIDIA A100-PCIE-40GB
mmgnn-raw-logit-v2-20260918,36,fedavg_proto,client_3,test,probabilities,0.9351951306838525,False,1,204,cuda:0,1.8.1,confirmation,False,3.8.20,0.6.1,2022.09.5,11.1,NVIDIA A100-PCIE-40GB
mmgnn-raw-logit-v2-20260918,37,fedavg_proto,server,val,logits,0.9304861426624262,True,1,204,cuda:0,1.8.1,confirmation,False,3.8.20,0.6.1,2022.09.5,11.1,NVIDIA A100-PCIE-40GB
mmgnn-raw-logit-v2-20260918,37,fedavg_proto,server,val,probabilities,0.9298614266242616,False,1,204,cuda:0,1.8.1,confirmation,False,3.8.20,0.6.1,2022.09.5,11.1,NVIDIA A100-PCIE-40GB
mmgnn-raw-logit-v2-20260918,37,fedavg_proto,server,test,logits,0.9318534431316386,True,1,204,cuda:0,1.8.1,confirmation,False,3.8.20,0.6.1,2022.09.5,11.1,NVIDIA A100-PCIE-40GB
mmgnn-raw-logit-v2-20260918,37,fedavg_proto,server,test,probabilities,0.9331065759637189,False,1,204,cuda:0,1.8.1,confirmation,False,3.8.20,0.6.1,2022.09.5,11.1,NVIDIA A100-PCIE-40GB
mmgnn-raw-logit-v2-20260918,37,fedavg_proto,client_0,val,logits,0.9299182189913676,True,1,204,cuda:0,1.8.1,confirmation,False,3.8.20,0.6.1,2022.09.5,11.1,NVIDIA A100-PCIE-40GB
mmgnn-raw-logit-v2-20260918,37,fedavg_proto,client_0,val,probabilities,0.9294638800545206,False,1,204,cuda:0,1.8.1,confirmation,False,3.8.20,0.6.1,2022.09.5,11.1,NVIDIA A100-PCIE-40GB
mmgnn-raw-logit-v2-20260918,37,fedavg_proto,client_0,test,logits,0.9335242869077457,True,1,204,cuda:0,1.8.1,confirmation,False,3.8.20,0.6.1,2022.09.5,11.1,NVIDIA A100-PCIE-40GB
mmgnn-raw-logit-v2-20260918,37,fedavg_proto,client_0,test,probabilities,0.9347774197398259,False,1,204,cuda:0,1.8.1,confirmation,False,3.8.20,0.6.1,2022.09.5,11.1,NVIDIA A100-PCIE-40GB
mmgnn-raw-logit-v2-20260918,37,fedavg_proto,client_1,val,logits,0.9139027714675148,True,1,204,cuda:0,1.8.1,confirmation,False,3.8.20,0.6.1,2022.09.5,11.1,NVIDIA A100-PCIE-40GB
mmgnn-raw-logit-v2-20260918,37,fedavg_proto,client_1,val,probabilities,0.913845979100409,False,1,204,cuda:0,1.8.1,confirmation,False,3.8.20,0.6.1,2022.09.5,11.1,NVIDIA A100-PCIE-40GB
mmgnn-raw-logit-v2-20260918,37,fedavg_proto,client_1,test,logits,0.9220670724430123,True,1,204,cuda:0,1.8.1,confirmation,False,3.8.20,0.6.1,2022.09.5,11.1,NVIDIA A100-PCIE-40GB
mmgnn-raw-logit-v2-20260918,37,fedavg_proto,client_1,test,probabilities,0.9190834228428213,False,1,204,cuda:0,1.8.1,confirmation,False,3.8.20,0.6.1,2022.09.5,11.1,NVIDIA A100-PCIE-40GB
mmgnn-raw-logit-v2-20260918,37,fedavg_proto,client_2,val,logits,0.9471830985915493,True,1,204,cuda:0,1.8.1,confirmation,False,3.8.20,0.6.1,2022.09.5,11.1,NVIDIA A100-PCIE-40GB
mmgnn-raw-logit-v2-20260918,37,fedavg_proto,client_2,val,probabilities,0.9472398909586551,False,1,204,cuda:0,1.8.1,confirmation,False,3.8.20,0.6.1,2022.09.5,11.1,NVIDIA A100-PCIE-40GB
mmgnn-raw-logit-v2-20260918,37,fedavg_proto,client_2,test,logits,0.9363885905239289,True,1,204,cuda:0,1.8.1,confirmation,False,3.8.20,0.6.1,2022.09.5,11.1,NVIDIA A100-PCIE-40GB
mmgnn-raw-logit-v2-20260918,37,fedavg_proto,client_2,test,probabilities,0.9356128416278793,False,1,204,cuda:0,1.8.1,confirmation,False,3.8.20,0.6.1,2022.09.5,11.1,NVIDIA A100-PCIE-40GB
mmgnn-raw-logit-v2-20260918,37,fedavg_proto,client_3,val,logits,0.9360517946388006,True,1,204,cuda:0,1.8.1,confirmation,False,3.8.20,0.6.1,2022.09.5,11.1,NVIDIA A100-PCIE-40GB
mmgnn-raw-logit-v2-20260918,37,fedavg_proto,client_3,val,probabilities,0.9357110404361654,False,1,204,cuda:0,1.8.1,confirmation,False,3.8.20,0.6.1,2022.09.5,11.1,NVIDIA A100-PCIE-40GB
mmgnn-raw-logit-v2-20260918,37,fedavg_proto,client_3,test,logits,0.9268409118033178,True,1,204,cuda:0,1.8.1,confirmation,False,3.8.20,0.6.1,2022.09.5,11.1,NVIDIA A100-PCIE-40GB
mmgnn-raw-logit-v2-20260918,37,fedavg_proto,client_3,test,probabilities,0.9261845088912758,False,1,204,cuda:0,1.8.1,confirmation,False,3.8.20,0.6.1,2022.09.5,11.1,NVIDIA A100-PCIE-40GB
mmgnn-raw-logit-v2-20260918,38,fedavg_proto,server,val,logits,0.9287823716492504,True,1,204,cuda:0,1.8.1,confirmation,False,3.8.20,0.6.1,2022.09.5,11.1,NVIDIA A100-PCIE-40GB
mmgnn-raw-logit-v2-20260918,38,fedavg_proto,server,val,probabilities,0.9304293502953205,False,1,204,cuda:0,1.8.1,confirmation,False,3.8.20,0.6.1,2022.09.5,11.1,NVIDIA A100-PCIE-40GB
mmgnn-raw-logit-v2-20260918,38,fedavg_proto,server,test,logits,0.9266022198353024,True,1,204,cuda:0,1.8.1,confirmation,False,3.8.20,0.6.1,2022.09.5,11.1,NVIDIA A100-PCIE-40GB
mmgnn-raw-logit-v2-20260918,38,fedavg_proto,server,test,probabilities,0.9266618928273065,False,1,204,cuda:0,1.8.1,confirmation,False,3.8.20,0.6.1,2022.09.5,11.1,NVIDIA A100-PCIE-40GB
mmgnn-raw-logit-v2-20260918,38,fedavg_proto,client_0,val,logits,0.9274193548387097,True,1,204,cuda:0,1.8.1,confirmation,False,3.8.20,0.6.1,2022.09.5,11.1,NVIDIA A100-PCIE-40GB
mmgnn-raw-logit-v2-20260918,38,fedavg_proto,client_0,val,probabilities,0.927362562471604,False,1,204,cuda:0,1.8.1,confirmation,False,3.8.20,0.6.1,2022.09.5,11.1,NVIDIA A100-PCIE-40GB
mmgnn-raw-logit-v2-20260918,38,fedavg_proto,client_0,test,logits,0.9322114810836615,True,1,204,cuda:0,1.8.1,confirmation,False,3.8.20,0.6.1,2022.09.5,11.1,NVIDIA A100-PCIE-40GB
mmgnn-raw-logit-v2-20260918,38,fedavg_proto,client_0,test,probabilities,0.9334049409237379,False,1,204,cuda:0,1.8.1,confirmation,False,3.8.20,0.6.1,2022.09.5,11.1,NVIDIA A100-PCIE-40GB
mmgnn-raw-logit-v2-20260918,38,fedavg_proto,client_1,val,logits,0.9243525670149931,True,1,204,cuda:0,1.8.1,confirmation,False,3.8.20,0.6.1,2022.09.5,11.1,NVIDIA A100-PCIE-40GB
mmgnn-raw-logit-v2-20260918,38,fedavg_proto,client_1,val,probabilities,0.9235006815084053,False,1,204,cuda:0,1.8.1,confirmation,False,3.8.20,0.6.1,2022.09.5,11.1,NVIDIA A100-PCIE-40GB
mmgnn-raw-logit-v2-20260918,38,fedavg_proto,client_1,test,logits,0.9232605322830887,True,1,204,cuda:0,1.8.1,confirmation,False,3.8.20,0.6.1,2022.09.5,11.1,NVIDIA A100-PCIE-40GB
mmgnn-raw-logit-v2-20260918,38,fedavg_proto,client_1,test,probabilities,0.9209332855949397,False,1,204,cuda:0,1.8.1,confirmation,False,3.8.20,0.6.1,2022.09.5,11.1,NVIDIA A100-PCIE-40GB
mmgnn-raw-logit-v2-20260918,38,fedavg_proto,client_2,val,logits,0.927305770104498,True,1,204,cuda:0,1.8.1,confirmation,False,3.8.20,0.6.1,2022.09.5,11.1,NVIDIA A100-PCIE-40GB
mmgnn-raw-logit-v2-20260918,38,fedavg_proto,client_2,val,probabilities,0.926510676965016,False,1,204,cuda:0,1.8.1,confirmation,False,3.8.20,0.6.1,2022.09.5,11.1,NVIDIA A100-PCIE-40GB
mmgnn-raw-logit-v2-20260918,38,fedavg_proto,client_2,test,logits,0.9150256593865617,True,1,204,cuda:0,1.8.1,confirmation,False,3.8.20,0.6.1,2022.09.5,11.1,NVIDIA A100-PCIE-40GB
mmgnn-raw-logit-v2-20260918,38,fedavg_proto,client_2,test,probabilities,0.914548275450531,False,1,204,cuda:0,1.8.1,confirmation,False,3.8.20,0.6.1,2022.09.5,11.1,NVIDIA A100-PCIE-40GB
mmgnn-raw-logit-v2-20260918,38,fedavg_proto,client_3,val,logits,0.9308268968650614,True,1,204,cuda:0,1.8.1,confirmation,False,3.8.20,0.6.1,2022.09.5,11.1,NVIDIA A100-PCIE-40GB
mmgnn-raw-logit-v2-20260918,38,fedavg_proto,client_3,val,probabilities,0.9304861426624261,False,1,204,cuda:0,1.8.1,confirmation,False,3.8.20,0.6.1,2022.09.5,11.1,NVIDIA A100-PCIE-40GB
mmgnn-raw-logit-v2-20260918,38,fedavg_proto,client_3,test,logits,0.9277956796753789,True,1,204,cuda:0,1.8.1,confirmation,False,3.8.20,0.6.1,2022.09.5,11.1,NVIDIA A100-PCIE-40GB
mmgnn-raw-logit-v2-20260918,38,fedavg_proto,client_3,test,probabilities,0.9272586227473446,False,1,204,cuda:0,1.8.1,confirmation,False,3.8.20,0.6.1,2022.09.5,11.1,NVIDIA A100-PCIE-40GB
mmgnn-raw-logit-v2-20260918,39,fedavg_proto,server,val,logits,0.9278736937755566,True,1,204,cuda:0,1.8.1,confirmation,False,3.8.20,0.6.1,2022.09.5,11.1,NVIDIA A100-PCIE-40GB
mmgnn-raw-logit-v2-20260918,39,fedavg_proto,server,val,probabilities,0.9265106769650159,False,1,204,cuda:0,1.8.1,confirmation,False,3.8.20,0.6.1,2022.09.5,11.1,NVIDIA A100-PCIE-40GB
mmgnn-raw-logit-v2-20260918,39,fedavg_proto,server,test,logits,0.9266022198353026,True,1,204,cuda:0,1.8.1,confirmation,False,3.8.20,0.6.1,2022.09.5,11.1,NVIDIA A100-PCIE-40GB
mmgnn-raw-logit-v2-20260918,39,fedavg_proto,server,test,probabilities,0.9257071249552452,False,1,204,cuda:0,1.8.1,confirmation,False,3.8.20,0.6.1,2022.09.5,11.1,NVIDIA A100-PCIE-40GB
mmgnn-raw-logit-v2-20260918,39,fedavg_proto,client_0,val,logits,0.8984552476147206,True,1,204,cuda:0,1.8.1,confirmation,False,3.8.20,0.6.1,2022.09.5,11.1,NVIDIA A100-PCIE-40GB
mmgnn-raw-logit-v2-20260918,39,fedavg_proto,client_0,val,probabilities,0.898284870513403,False,1,204,cuda:0,1.8.1,confirmation,False,3.8.20,0.6.1,2022.09.5,11.1,NVIDIA A100-PCIE-40GB
mmgnn-raw-logit-v2-20260918,39,fedavg_proto,client_0,test,logits,0.925766797947249,True,1,204,cuda:0,1.8.1,confirmation,False,3.8.20,0.6.1,2022.09.5,11.1,NVIDIA A100-PCIE-40GB
mmgnn-raw-logit-v2-20260918,39,fedavg_proto,client_0,test,probabilities,0.9255877789712377,False,1,204,cuda:0,1.8.1,confirmation,False,3.8.20,0.6.1,2022.09.5,11.1,NVIDIA A100-PCIE-40GB
mmgnn-raw-logit-v2-20260918,39,fedavg_proto,client_1,val,logits,0.9262835074965925,True,1,204,cuda:0,1.8.1,confirmation,False,3.8.20,0.6.1,2022.09.5,11.1,NVIDIA A100-PCIE-40GB
mmgnn-raw-logit-v2-20260918,39,fedavg_proto,client_1,val,probabilities,0.9257723761926397,False,1,204,cuda:0,1.8.1,confirmation,False,3.8.20,0.6.1,2022.09.5,11.1,NVIDIA A100-PCIE-40GB
mmgnn-raw-logit-v2-20260918,39,fedavg_proto,client_1,test,logits,0.9207542666189283,True,1,204,cuda:0,1.8.1,confirmation,False,3.8.20,0.6.1,2022.09.5,11.1,NVIDIA A100-PCIE-40GB
mmgnn-raw-logit-v2-20260918,39,fedavg_proto,client_1,test,probabilities,0.9200381907148825,False,1,204,cuda:0,1.8.1,confirmation,False,3.8.20,0.6.1,2022.09.5,11.1,NVIDIA A100-PCIE-40GB
mmgnn-raw-logit-v2-20260918,39,fedavg_proto,client_2,val,logits,0.9268514311676511,True,1,204,cuda:0,1.8.1,confirmation,False,3.8.20,0.6.1,2022.09.5,11.1,NVIDIA A100-PCIE-40GB
mmgnn-raw-logit-v2-20260918,39,fedavg_proto,client_2,val,probabilities,0.9266810540663336,False,1,204,cuda:0,1.8.1,confirmation,False,3.8.20,0.6.1,2022.09.5,11.1,NVIDIA A100-PCIE-40GB
mmgnn-raw-logit-v2-20260918,39,fedavg_proto,client_2,test,logits,0.9124000477383936,True,1,204,cuda:0,1.8.1,confirmation,False,3.8.20,0.6.1,2022.09.5,11.1,NVIDIA A100-PCIE-40GB
mmgnn-raw-logit-v2-20260918,39,fedavg_proto,client_2,test,probabilities,0.9129967776584319,False,1,204,cuda:0,1.8.1,confirmation,False,3.8.20,0.6.1,2022.09.5,11.1,NVIDIA A100-PCIE-40GB
mmgnn-raw-logit-v2-20260918,39,fedavg_proto,client_3,val,logits,0.9320763289413903,True,1,204,cuda:0,1.8.1,confirmation,False,3.8.20,0.6.1,2022.09.5,11.1,NVIDIA A100-PCIE-40GB
mmgnn-raw-logit-v2-20260918,39,fedavg_proto,client_3,val,probabilities,0.9322467060427079,False,1,204,cuda:0,1.8.1,confirmation,False,3.8.20,0.6.1,2022.09.5,11.1,NVIDIA A100-PCIE-40GB
mmgnn-raw-logit-v2-20260918,39,fedavg_proto,client_3,test,logits,0.9252894140112186,True,1,204,cuda:0,1.8.1,confirmation,False,3.8.20,0.6.1,2022.09.5,11.1,NVIDIA A100-PCIE-40GB
mmgnn-raw-logit-v2-20260918,39,fedavg_proto,client_3,test,probabilities,0.9261248358992719,False,1,204,cuda:0,1.8.1,confirmation,False,3.8.20,0.6.1,2022.09.5,11.1,NVIDIA A100-PCIE-40GB
mmgnn-raw-logit-v2-20260918,40,fedavg_proto,server,val,logits,0.9265106769650159,True,1,204,cuda:0,1.8.1,confirmation,False,3.8.20,0.6.1,2022.09.5,11.1,NVIDIA A100-PCIE-40GB
mmgnn-raw-logit-v2-20260918,40,fedavg_proto,server,val,probabilities,0.9258859609268514,False,1,204,cuda:0,1.8.1,confirmation,False,3.8.20,0.6.1,2022.09.5,11.1,NVIDIA A100-PCIE-40GB
mmgnn-raw-logit-v2-20260918,40,fedavg_proto,server,test,logits,0.9293471774674782,True,1,204,cuda:0,1.8.1,confirmation,False,3.8.20,0.6.1,2022.09.5,11.1,NVIDIA A100-PCIE-40GB
mmgnn-raw-logit-v2-20260918,40,fedavg_proto,server,test,probabilities,0.929764888411505,False,1,204,cuda:0,1.8.1,confirmation,False,3.8.20,0.6.1,2022.09.5,11.1,NVIDIA A100-PCIE-40GB
mmgnn-raw-logit-v2-20260918,40,fedavg_proto,client_0,val,logits,0.9275329395729214,True,1,204,cuda:0,1.8.1,confirmation,False,3.8.20,0.6.1,2022.09.5,11.1,NVIDIA A100-PCIE-40GB
mmgnn-raw-logit-v2-20260918,40,fedavg_proto,client_0,val,probabilities,0.9275329395729214,False,1,204,cuda:0,1.8.1,confirmation,False,3.8.20,0.6.1,2022.09.5,11.1,NVIDIA A100-PCIE-40GB
mmgnn-raw-logit-v2-20260918,40,fedavg_proto,client_0,test,logits,0.9303019453395394,True,1,204,cuda:0,1.8.1,confirmation,False,3.8.20,0.6.1,2022.09.5,11.1,NVIDIA A100-PCIE-40GB
mmgnn-raw-logit-v2-20260918,40,fedavg_proto,client_0,test,probabilities,0.9316744241556272,False,1,204,cuda:0,1.8.1,confirmation,False,3.8.20,0.6.1,2022.09.5,11.1,NVIDIA A100-PCIE-40GB
mmgnn-raw-logit-v2-20260918,40,fedavg_proto,client_1,val,logits,0.8900499772830531,True,1,204,cuda:0,1.8.1,confirmation,False,3.8.20,0.6.1,2022.09.5,11.1,NVIDIA A100-PCIE-40GB
mmgnn-raw-logit-v2-20260918,40,fedavg_proto,client_1,val,probabilities,0.8899931849159473,False,1,204,cuda:0,1.8.1,confirmation,False,3.8.20,0.6.1,2022.09.5,11.1,NVIDIA A100-PCIE-40GB
mmgnn-raw-logit-v2-20260918,40,fedavg_proto,client_1,test,logits,0.9121613557703783,True,1,204,cuda:0,1.8.1,confirmation,False,3.8.20,0.6.1,2022.09.5,11.1,NVIDIA A100-PCIE-40GB
mmgnn-raw-logit-v2-20260918,40,fedavg_proto,client_1,test,probabilities,0.9121016827783744,False,1,204,cuda:0,1.8.1,confirmation,False,3.8.20,0.6.1,2022.09.5,11.1,NVIDIA A100-PCIE-40GB
mmgnn-raw-logit-v2-20260918,40,fedavg_proto,client_2,val,logits,0.9374148114493412,True,1,204,cuda:0,1.8.1,confirmation,False,3.8.20,0.6.1,2022.09.5,11.1,NVIDIA A100-PCIE-40GB
mmgnn-raw-logit-v2-20260918,40,fedavg_proto,client_2,val,probabilities,0.9374148114493412,False,1,204,cuda:0,1.8.1,confirmation,False,3.8.20,0.6.1,2022.09.5,11.1,NVIDIA A100-PCIE-40GB
mmgnn-raw-logit-v2-20260918,40,fedavg_proto,client_2,test,logits,0.927437641723356,True,1,204,cuda:0,1.8.1,confirmation,False,3.8.20,0.6.1,2022.09.5,11.1,NVIDIA A100-PCIE-40GB
mmgnn-raw-logit-v2-20260918,40,fedavg_proto,client_2,test,probabilities,0.9275569877073636,False,1,204,cuda:0,1.8.1,confirmation,False,3.8.20,0.6.1,2022.09.5,11.1,NVIDIA A100-PCIE-40GB
mmgnn-raw-logit-v2-20260918,40,fedavg_proto,client_3,val,logits,0.9336665152203544,True,1,204,cuda:0,1.8.1,confirmation,False,3.8.20,0.6.1,2022.09.5,11.1,NVIDIA A100-PCIE-40GB
mmgnn-raw-logit-v2-20260918,40,fedavg_proto,client_3,val,probabilities,0.933836892321672,False,1,204,cuda:0,1.8.1,confirmation,False,3.8.20,0.6.1,2022.09.5,11.1,NVIDIA A100-PCIE-40GB
mmgnn-raw-logit-v2-20260918,40,fedavg_proto,client_3,test,logits,0.9252894140112187,True,1,204,cuda:0,1.8.1,confirmation,False,3.8.20,0.6.1,2022.09.5,11.1,NVIDIA A100-PCIE-40GB
mmgnn-raw-logit-v2-20260918,40,fedavg_proto,client_3,test,probabilities,0.9245136651151687,False,1,204,cuda:0,1.8.1,confirmation,False,3.8.20,0.6.1,2022.09.5,11.1,NVIDIA A100-PCIE-40GB
mmgnn-raw-logit-v2-20260918,41,fedavg_proto,server,val,logits,0.9258291685597456,True,1,204,cuda:0,1.8.1,confirmation,False,3.8.20,0.6.1,2022.09.5,11.1,NVIDIA A100-PCIE-40GB
mmgnn-raw-logit-v2-20260918,41,fedavg_proto,server,val,probabilities,0.9247501135847341,False,1,204,cuda:0,1.8.1,confirmation,False,3.8.20,0.6.1,2022.09.5,11.1,NVIDIA A100-PCIE-40GB
mmgnn-raw-logit-v2-20260918,41,fedavg_proto,server,test,logits,0.9311373672275928,True,1,204,cuda:0,1.8.1,confirmation,False,3.8.20,0.6.1,2022.09.5,11.1,NVIDIA A100-PCIE-40GB
mmgnn-raw-logit-v2-20260918,41,fedavg_proto,server,test,probabilities,0.9300035803795202,False,1,204,cuda:0,1.8.1,confirmation,False,3.8.20,0.6.1,2022.09.5,11.1,NVIDIA A100-PCIE-40GB
mmgnn-raw-logit-v2-20260918,41,fedavg_proto,client_0,val,logits,0.9263970922308041,True,1,204,cuda:0,1.8.1,confirmation,False,3.8.20,0.6.1,2022.09.5,11.1,NVIDIA A100-PCIE-40GB
mmgnn-raw-logit-v2-20260918,41,fedavg_proto,client_0,val,probabilities,0.9255452067242163,False,1,204,cuda:0,1.8.1,confirmation,False,3.8.20,0.6.1,2022.09.5,11.1,NVIDIA A100-PCIE-40GB
mmgnn-raw-logit-v2-20260918,41,fedavg_proto,client_0,test,logits,0.9311373672275928,True,1,204,cuda:0,1.8.1,confirmation,False,3.8.20,0.6.1,2022.09.5,11.1,NVIDIA A100-PCIE-40GB
mmgnn-raw-logit-v2-20260918,41,fedavg_proto,client_0,test,probabilities,0.9334646139157416,False,1,204,cuda:0,1.8.1,confirmation,False,3.8.20,0.6.1,2022.09.5,11.1,NVIDIA A100-PCIE-40GB
mmgnn-raw-logit-v2-20260918,41,fedavg_proto,client_1,val,logits,0.9231031349386642,True,1,204,cuda:0,1.8.1,confirmation,False,3.8.20,0.6.1,2022.09.5,11.1,NVIDIA A100-PCIE-40GB
mmgnn-raw-logit-v2-20260918,41,fedavg_proto,client_1,val,probabilities,0.9204338936846888,False,1,204,cuda:0,1.8.1,confirmation,False,3.8.20,0.6.1,2022.09.5,11.1,NVIDIA A100-PCIE-40GB
mmgnn-raw-logit-v2-20260918,41,fedavg_proto,client_1,test,logits,0.9230218403150735,True,1,204,cuda:0,1.8.1,confirmation,False,3.8.20,0.6.1,2022.09.5,11.1,NVIDIA A100-PCIE-40GB
mmgnn-raw-logit-v2-20260918,41,fedavg_proto,client_1,test,probabilities,0.921888053467001,False,1,204,cuda:0,1.8.1,confirmation,False,3.8.20,0.6.1,2022.09.5,11.1,NVIDIA A100-PCIE-40GB
mmgnn-raw-logit-v2-20260918,41,fedavg_proto,client_2,val,logits,0.9262835074965925,True,1,204,cuda:0,1.8.1,confirmation,False,3.8.20,0.6.1,2022.09.5,11.1,NVIDIA A100-PCIE-40GB
mmgnn-raw-logit-v2-20260918,41,fedavg_proto,client_2,val,probabilities,0.9262835074965924,False,1,204,cuda:0,1.8.1,confirmation,False,3.8.20,0.6.1,2022.09.5,11.1,NVIDIA A100-PCIE-40GB
mmgnn-raw-logit-v2-20260918,41,fedavg_proto,client_2,test,logits,0.914906313402554,True,1,204,cuda:0,1.8.1,confirmation,False,3.8.20,0.6.1,2022.09.5,11.1,NVIDIA A100-PCIE-40GB
mmgnn-raw-logit-v2-20260918,41,fedavg_proto,client_2,test,probabilities,0.9147869674185464,False,1,204,cuda:0,1.8.1,confirmation,False,3.8.20,0.6.1,2022.09.5,11.1,NVIDIA A100-PCIE-40GB
mmgnn-raw-logit-v2-20260918,41,fedavg_proto,client_3,val,logits,0.9243525670149931,True,1,204,cuda:0,1.8.1,confirmation,False,3.8.20,0.6.1,2022.09.5,11.1,NVIDIA A100-PCIE-40GB
mmgnn-raw-logit-v2-20260918,41,fedavg_proto,client_3,val,probabilities,0.9257723761926396,False,1,204,cuda:0,1.8.1,confirmation,False,3.8.20,0.6.1,2022.09.5,11.1,NVIDIA A100-PCIE-40GB
mmgnn-raw-logit-v2-20260918,41,fedavg_proto,client_3,test,logits,0.9396109320921351,True,1,204,cuda:0,1.8.1,confirmation,False,3.8.20,0.6.1,2022.09.5,11.1,NVIDIA A100-PCIE-40GB
mmgnn-raw-logit-v2-20260918,41,fedavg_proto,client_3,test,probabilities,0.939014202172097,False,1,204,cuda:0,1.8.1,confirmation,False,3.8.20,0.6.1,2022.09.5,11.1,NVIDIA A100-PCIE-40GB
mmgnn-raw-logit-v2-20260918,42,fedavg_proto,server,val,logits,0.9271921853702861,True,1,204,cuda:0,1.8.1,confirmation,False,3.8.20,0.6.1,2022.09.5,11.1,NVIDIA A100-PCIE-40GB
mmgnn-raw-logit-v2-20260918,42,fedavg_proto,server,val,probabilities,0.9274761472058155,False,1,204,cuda:0,1.8.1,confirmation,False,3.8.20,0.6.1,2022.09.5,11.1,NVIDIA A100-PCIE-40GB
mmgnn-raw-logit-v2-20260918,42,fedavg_proto,server,test,logits,0.925766797947249,True,1,204,cuda:0,1.8.1,confirmation,False,3.8.20,0.6.1,2022.09.5,11.1,NVIDIA A100-PCIE-40GB
mmgnn-raw-logit-v2-20260918,42,fedavg_proto,server,test,probabilities,0.9232605322830887,False,1,204,cuda:0,1.8.1,confirmation,False,3.8.20,0.6.1,2022.09.5,11.1,NVIDIA A100-PCIE-40GB
mmgnn-raw-logit-v2-20260918,42,fedavg_proto,client_0,val,logits,0.9237846433439346,True,1,204,cuda:0,1.8.1,confirmation,False,3.8.20,0.6.1,2022.09.5,11.1,NVIDIA A100-PCIE-40GB
mmgnn-raw-logit-v2-20260918,42,fedavg_proto,client_0,val,probabilities,0.9243525670149932,False,1,204,cuda:0,1.8.1,confirmation,False,3.8.20,0.6.1,2022.09.5,11.1,NVIDIA A100-PCIE-40GB
mmgnn-raw-logit-v2-20260918,42,fedavg_proto,client_0,test,logits,0.9324501730516769,True,1,204,cuda:0,1.8.1,confirmation,False,3.8.20,0.6.1,2022.09.5,11.1,NVIDIA A100-PCIE-40GB
mmgnn-raw-logit-v2-20260918,42,fedavg_proto,client_0,test,probabilities,0.9323308270676691,False,1,204,cuda:0,1.8.1,confirmation,False,3.8.20,0.6.1,2022.09.5,11.1,NVIDIA A100-PCIE-40GB
mmgnn-raw-logit-v2-20260918,42,fedavg_proto,client_1,val,logits,0.9216265333939119,True,1,204,cuda:0,1.8.1,confirmation,False,3.8.20,0.6.1,2022.09.5,11.1,NVIDIA A100-PCIE-40GB
mmgnn-raw-logit-v2-20260918,42,fedavg_proto,client_1,val,probabilities,0.9211154020899591,False,1,204,cuda:0,1.8.1,confirmation,False,3.8.20,0.6.1,2022.09.5,11.1,NVIDIA A100-PCIE-40GB
mmgnn-raw-logit-v2-20260918,42,fedavg_proto,client_1,test,logits,0.9174125790667144,True,1,204,cuda:0,1.8.1,confirmation,False,3.8.20,0.6.1,2022.09.5,11.1,NVIDIA A100-PCIE-40GB
mmgnn-raw-logit-v2-20260918,42,fedavg_proto,client_1,test,probabilities,0.9183673469387755,False,1,204,cuda:0,1.8.1,confirmation,False,3.8.20,0.6.1,2022.09.5,11.1,NVIDIA A100-PCIE-40GB
mmgnn-raw-logit-v2-20260918,42,fedavg_proto,client_2,val,logits,0.9257155838255339,True,1,204,cuda:0,1.8.1,confirmation,False,3.8.20,0.6.1,2022.09.5,11.1,NVIDIA A100-PCIE-40GB
mmgnn-raw-logit-v2-20260918,42,fedavg_proto,client_2,val,probabilities,0.9247501135847342,False,1,204,cuda:0,1.8.1,confirmation,False,3.8.20,0.6.1,2022.09.5,11.1,NVIDIA A100-PCIE-40GB
mmgnn-raw-logit-v2-20260918,42,fedavg_proto,client_2,test,logits,0.9131161236424394,True,1,204,cuda:0,1.8.1,confirmation,False,3.8.20,0.6.1,2022.09.5,11.1,NVIDIA A100-PCIE-40GB
mmgnn-raw-logit-v2-20260918,42,fedavg_proto,client_2,test,probabilities,0.9127580856904164,False,1,204,cuda:0,1.8.1,confirmation,False,3.8.20,0.6.1,2022.09.5,11.1,NVIDIA A100-PCIE-40GB
mmgnn-raw-logit-v2-20260918,42,fedavg_proto,client_3,val,logits,0.9337800999545662,True,1,204,cuda:0,1.8.1,confirmation,False,3.8.20,0.6.1,2022.09.5,11.1,NVIDIA A100-PCIE-40GB
mmgnn-raw-logit-v2-20260918,42,fedavg_proto,client_3,val,probabilities,0.9343480236256247,False,1,204,cuda:0,1.8.1,confirmation,False,3.8.20,0.6.1,2022.09.5,11.1,NVIDIA A100-PCIE-40GB
mmgnn-raw-logit-v2-20260918,42,fedavg_proto,client_3,test,logits,0.9262441818832797,True,1,204,cuda:0,1.8.1,confirmation,False,3.8.20,0.6.1,2022.09.5,11.1,NVIDIA A100-PCIE-40GB
mmgnn-raw-logit-v2-20260918,42,fedavg_proto,client_3,test,probabilities,0.9269005847953217,False,1,204,cuda:0,1.8.1,confirmation,False,3.8.20,0.6.1,2022.09.5,11.1,NVIDIA A100-PCIE-40GB
mmgnn-raw-logit-v2-20260918,43,fedavg_proto,server,val,logits,0.9265106769650159,True,1,204,cuda:0,1.8.1,confirmation,False,3.8.20,0.6.1,2022.09.5,11.1,NVIDIA A100-PCIE-40GB
mmgnn-raw-logit-v2-20260918,43,fedavg_proto,server,val,probabilities,0.9254884143571104,False,1,204,cuda:0,1.8.1,confirmation,False,3.8.20,0.6.1,2022.09.5,11.1,NVIDIA A100-PCIE-40GB
mmgnn-raw-logit-v2-20260918,43,fedavg_proto,server,test,logits,0.9243346461391574,True,1,204,cuda:0,1.8.1,confirmation,False,3.8.20,0.6.1,2022.09.5,11.1,NVIDIA A100-PCIE-40GB
mmgnn-raw-logit-v2-20260918,43,fedavg_proto,server,test,probabilities,0.9248717030671918,False,1,204,cuda:0,1.8.1,confirmation,False,3.8.20,0.6.1,2022.09.5,11.1,NVIDIA A100-PCIE-40GB
mmgnn-raw-logit-v2-20260918,43,fedavg_proto,client_0,val,logits,0.9262835074965925,True,1,204,cuda:0,1.8.1,confirmation,False,3.8.20,0.6.1,2022.09.5,11.1,NVIDIA A100-PCIE-40GB
mmgnn-raw-logit-v2-20260918,43,fedavg_proto,client_0,val,probabilities,0.9259427532939574,False,1,204,cuda:0,1.8.1,confirmation,False,3.8.20,0.6.1,2022.09.5,11.1,NVIDIA A100-PCIE-40GB
mmgnn-raw-logit-v2-20260918,43,fedavg_proto,client_0,test,logits,0.9305406373075545,True,1,204,cuda:0,1.8.1,confirmation,False,3.8.20,0.6.1,2022.09.5,11.1,NVIDIA A100-PCIE-40GB
mmgnn-raw-logit-v2-20260918,43,fedavg_proto,client_0,test,probabilities,0.9322711540756653,False,1,204,cuda:0,1.8.1,confirmation,False,3.8.20,0.6.1,2022.09.5,11.1,NVIDIA A100-PCIE-40GB
mmgnn-raw-logit-v2-20260918,43,fedavg_proto,client_1,val,logits,0.9131076783280326,True,1,204,cuda:0,1.8.1,confirmation,False,3.8.20,0.6.1,2022.09.5,11.1,NVIDIA A100-PCIE-40GB
mmgnn-raw-logit-v2-20260918,43,fedavg_proto,client_1,val,probabilities,0.9123125851885506,False,1,204,cuda:0,1.8.1,confirmation,False,3.8.20,0.6.1,2022.09.5,11.1,NVIDIA A100-PCIE-40GB
mmgnn-raw-logit-v2-20260918,43,fedavg_proto,client_1,test,logits,0.9095357441222104,True,1,204,cuda:0,1.8.1,confirmation,False,3.8.20,0.6.1,2022.09.5,11.1,NVIDIA A100-PCIE-40GB
mmgnn-raw-logit-v2-20260918,43,fedavg_proto,client_1,test,probabilities,0.9107292039622867,False,1,204,cuda:0,1.8.1,confirmation,False,3.8.20,0.6.1,2022.09.5,11.1,NVIDIA A100-PCIE-40GB
mmgnn-raw-logit-v2-20260918,43,fedavg_proto,client_2,val,logits,0.9258291685597456,True,1,204,cuda:0,1.8.1,confirmation,False,3.8.20,0.6.1,2022.09.5,11.1,NVIDIA A100-PCIE-40GB
mmgnn-raw-logit-v2-20260918,43,fedavg_proto,client_2,val,probabilities,0.9251476601544754,False,1,204,cuda:0,1.8.1,confirmation,False,3.8.20,0.6.1,2022.09.5,11.1,NVIDIA A100-PCIE-40GB
mmgnn-raw-logit-v2-20260918,43,fedavg_proto,client_2,test,logits,0.9129967776584318,True,1,204,cuda:0,1.8.1,confirmation,False,3.8.20,0.6.1,2022.09.5,11.1,NVIDIA A100-PCIE-40GB
mmgnn-raw-logit-v2-20260918,43,fedavg_proto,client_2,test,probabilities,0.9131757966344433,False,1,204,cuda:0,1.8.1,confirmation,False,3.8.20,0.6.1,2022.09.5,11.1,NVIDIA A100-PCIE-40GB
mmgnn-raw-logit-v2-20260918,43,fedavg_proto,client_3,val,logits,0.9316219900045434,True,1,204,cuda:0,1.8.1,confirmation,False,3.8.20,0.6.1,2022.09.5,11.1,NVIDIA A100-PCIE-40GB
mmgnn-raw-logit-v2-20260918,43,fedavg_proto,client_3,val,probabilities,0.931792367105861,False,1,204,cuda:0,1.8.1,confirmation,False,3.8.20,0.6.1,2022.09.5,11.1,NVIDIA A100-PCIE-40GB
mmgnn-raw-logit-v2-20260918,43,fedavg_proto,client_3,test,logits,0.9286311015634324,True,1,204,cuda:0,1.8.1,confirmation,False,3.8.20,0.6.1,2022.09.5,11.1,NVIDIA A100-PCIE-40GB
mmgnn-raw-logit-v2-20260918,43,fedavg_proto,client_3,test,probabilities,0.9299439073875163,False,1,204,cuda:0,1.8.1,confirmation,False,3.8.20,0.6.1,2022.09.5,11.1,NVIDIA A100-PCIE-40GB
mmgnn-raw-logit-v2-20260918,44,fedavg_proto,server,val,logits,0.927305770104498,True,1,204,cuda:0,1.8.1,confirmation,False,3.8.20,0.6.1,2022.09.5,11.1,NVIDIA A100-PCIE-40GB
mmgnn-raw-logit-v2-20260918,44,fedavg_proto,server,val,probabilities,0.926510676965016,False,1,204,cuda:0,1.8.1,confirmation,False,3.8.20,0.6.1,2022.09.5,11.1,NVIDIA A100-PCIE-40GB
mmgnn-raw-logit-v2-20260918,44,fedavg_proto,server,test,logits,0.9271989497553408,True,1,204,cuda:0,1.8.1,confirmation,False,3.8.20,0.6.1,2022.09.5,11.1,NVIDIA A100-PCIE-40GB
mmgnn-raw-logit-v2-20260918,44,fedavg_proto,server,test,probabilities,0.9273182957393484,False,1,204,cuda:0,1.8.1,confirmation,False,3.8.20,0.6.1,2022.09.5,11.1,NVIDIA A100-PCIE-40GB
mmgnn-raw-logit-v2-20260918,44,fedavg_proto,client_0,val,logits,0.9279872785097684,True,1,204,cuda:0,1.8.1,confirmation,False,3.8.20,0.6.1,2022.09.5,11.1,NVIDIA A100-PCIE-40GB
mmgnn-raw-logit-v2-20260918,44,fedavg_proto,client_0,val,probabilities,0.9263402998636984,False,1,204,cuda:0,1.8.1,confirmation,False,3.8.20,0.6.1,2022.09.5,11.1,NVIDIA A100-PCIE-40GB
mmgnn-raw-logit-v2-20260918,44,fedavg_proto,client_0,test,logits,0.931734097147631,True,1,204,cuda:0,1.8.1,confirmation,False,3.8.20,0.6.1,2022.09.5,11.1,NVIDIA A100-PCIE-40GB
mmgnn-raw-logit-v2-20260918,44,fedavg_proto,client_0,test,probabilities,0.9335839598997494,False,1,204,cuda:0,1.8.1,confirmation,False,3.8.20,0.6.1,2022.09.5,11.1,NVIDIA A100-PCIE-40GB
mmgnn-raw-logit-v2-20260918,44,fedavg_proto,client_1,val,logits,0.9228759654702408,True,1,204,cuda:0,1.8.1,confirmation,False,3.8.20,0.6.1,2022.09.5,11.1,NVIDIA A100-PCIE-40GB
mmgnn-raw-logit-v2-20260918,44,fedavg_proto,client_1,val,probabilities,0.9200363471149478,False,1,204,cuda:0,1.8.1,confirmation,False,3.8.20,0.6.1,2022.09.5,11.1,NVIDIA A100-PCIE-40GB
mmgnn-raw-logit-v2-20260918,44,fedavg_proto,client_1,test,logits,0.9225444563790429,True,1,204,cuda:0,1.8.1,confirmation,False,3.8.20,0.6.1,2022.09.5,11.1,NVIDIA A100-PCIE-40GB
mmgnn-raw-logit-v2-20260918,44,fedavg_proto,client_1,test,probabilities,0.9200978637068863,False,1,204,cuda:0,1.8.1,confirmation,False,3.8.20,0.6.1,2022.09.5,11.1,NVIDIA A100-PCIE-40GB
mmgnn-raw-logit-v2-20260918,44,fedavg_proto,client_2,val,logits,0.9261699227623807,True,1,204,cuda:0,1.8.1,confirmation,False,3.8.20,0.6.1,2022.09.5,11.1,NVIDIA A100-PCIE-40GB
mmgnn-raw-logit-v2-20260918,44,fedavg_proto,client_2,val,probabilities,0.9262267151294866,False,1,204,cuda:0,1.8.1,confirmation,False,3.8.20,0.6.1,2022.09.5,11.1,NVIDIA A100-PCIE-40GB
mmgnn-raw-logit-v2-20260918,44,fedavg_proto,client_2,test,logits,0.9140708915145005,True,1,204,cuda:0,1.8.1,confirmation,False,3.8.20,0.6.1,2022.09.5,11.1,NVIDIA A100-PCIE-40GB
mmgnn-raw-logit-v2-20260918,44,fedavg_proto,client_2,test,probabilities,0.9132354696264471,False,1,204,cuda:0,1.8.1,confirmation,False,3.8.20,0.6.1,2022.09.5,11.1,NVIDIA A100-PCIE-40GB
mmgnn-raw-logit-v2-20260918,44,fedavg_proto,client_3,val,logits,0.9324170831440254,True,1,204,cuda:0,1.8.1,confirmation,False,3.8.20,0.6.1,2022.09.5,11.1,NVIDIA A100-PCIE-40GB
mmgnn-raw-logit-v2-20260918,44,fedavg_proto,client_3,val,probabilities,0.932189913675602,False,1,204,cuda:0,1.8.1,confirmation,False,3.8.20,0.6.1,2022.09.5,11.1,NVIDIA A100-PCIE-40GB
mmgnn-raw-logit-v2-20260918,44,fedavg_proto,client_3,test,logits,0.9273182957393484,True,1,204,cuda:0,1.8.1,confirmation,False,3.8.20,0.6.1,2022.09.5,11.1,NVIDIA A100-PCIE-40GB
mmgnn-raw-logit-v2-20260918,44,fedavg_proto,client_3,test,probabilities,0.927139276763337,False,1,204,cuda:0,1.8.1,confirmation,False,3.8.20,0.6.1,2022.09.5,11.1,NVIDIA A100-PCIE-40GB
mmgnn-raw-logit-v2-20260918,45,fedavg_proto,server,val,logits,0.9265106769650159,True,1,204,cuda:0,1.8.1,confirmation,False,3.8.20,0.6.1,2022.09.5,11.1,NVIDIA A100-PCIE-40GB
mmgnn-raw-logit-v2-20260918,45,fedavg_proto,server,val,probabilities,0.9258291685597456,False,1,204,cuda:0,1.8.1,confirmation,False,3.8.20,0.6.1,2022.09.5,11.1,NVIDIA A100-PCIE-40GB
mmgnn-raw-logit-v2-20260918,45,fedavg_proto,server,test,logits,0.9258861439312568,True,1,204,cuda:0,1.8.1,confirmation,False,3.8.20,0.6.1,2022.09.5,11.1,NVIDIA A100-PCIE-40GB
mmgnn-raw-logit-v2-20260918,45,fedavg_proto,server,test,probabilities,0.923141186299081,False,1,204,cuda:0,1.8.1,confirmation,False,3.8.20,0.6.1,2022.09.5,11.1,NVIDIA A100-PCIE-40GB
mmgnn-raw-logit-v2-20260918,45,fedavg_proto,client_0,val,logits,0.9282144479781917,True,1,204,cuda:0,1.8.1,confirmation,False,3.8.20,0.6.1,2022.09.5,11.1,NVIDIA A100-PCIE-40GB
mmgnn-raw-logit-v2-20260918,45,fedavg_proto,client_0,val,probabilities,0.928498409813721,False,1,204,cuda:0,1.8.1,confirmation,False,3.8.20,0.6.1,2022.09.5,11.1,NVIDIA A100-PCIE-40GB
mmgnn-raw-logit-v2-20260918,45,fedavg_proto,client_0,test,logits,0.9323308270676692,True,1,204,cuda:0,1.8.1,confirmation,False,3.8.20,0.6.1,2022.09.5,11.1,NVIDIA A100-PCIE-40GB
mmgnn-raw-logit-v2-20260918,45,fedavg_proto,client_0,test,probabilities,0.9318534431316386,False,1,204,cuda:0,1.8.1,confirmation,False,3.8.20,0.6.1,2022.09.5,11.1,NVIDIA A100-PCIE-40GB
mmgnn-raw-logit-v2-20260918,45,fedavg_proto,client_1,val,logits,0.9154929577464789,True,1,204,cuda:0,1.8.1,confirmation,False,3.8.20,0.6.1,2022.09.5,11.1,NVIDIA A100-PCIE-40GB
mmgnn-raw-logit-v2-20260918,45,fedavg_proto,client_1,val,probabilities,0.9131076783280327,False,1,204,cuda:0,1.8.1,confirmation,False,3.8.20,0.6.1,2022.09.5,11.1,NVIDIA A100-PCIE-40GB
mmgnn-raw-logit-v2-20260918,45,fedavg_proto,client_1,test,logits,0.9209929585869435,True,1,204,cuda:0,1.8.1,confirmation,False,3.8.20,0.6.1,2022.09.5,11.1,NVIDIA A100-PCIE-40GB
mmgnn-raw-logit-v2-20260918,45,fedavg_proto,client_1,test,probabilities,0.9209332855949397,False,1,204,cuda:0,1.8.1,confirmation,False,3.8.20,0.6.1,2022.09.5,11.1,NVIDIA A100-PCIE-40GB
mmgnn-raw-logit-v2-20260918,45,fedavg_proto,client_2,val,logits,0.9248069059518401,True,1,204,cuda:0,1.8.1,confirmation,False,3.8.20,0.6.1,2022.09.5,11.1,NVIDIA A100-PCIE-40GB
mmgnn-raw-logit-v2-20260918,45,fedavg_proto,client_2,val,probabilities,0.9253180372557929,False,1,204,cuda:0,1.8.1,confirmation,False,3.8.20,0.6.1,2022.09.5,11.1,NVIDIA A100-PCIE-40GB
mmgnn-raw-logit-v2-20260918,45,fedavg_proto,client_2,test,logits,0.9138321995464852,True,1,204,cuda:0,1.8.1,confirmation,False,3.8.20,0.6.1,2022.09.5,11.1,NVIDIA A100-PCIE-40GB
mmgnn-raw-logit-v2-20260918,45,fedavg_proto,client_2,test,probabilities,0.9132354696264471,False,1,204,cuda:0,1.8.1,confirmation,False,3.8.20,0.6.1,2022.09.5,11.1,NVIDIA A100-PCIE-40GB
mmgnn-raw-logit-v2-20260918,45,fedavg_proto,client_3,val,logits,0.9323034984098137,True,1,204,cuda:0,1.8.1,confirmation,False,3.8.20,0.6.1,2022.09.5,11.1,NVIDIA A100-PCIE-40GB
mmgnn-raw-logit-v2-20260918,45,fedavg_proto,client_3,val,probabilities,0.9325874602453431,False,1,204,cuda:0,1.8.1,confirmation,False,3.8.20,0.6.1,2022.09.5,11.1,NVIDIA A100-PCIE-40GB
mmgnn-raw-logit-v2-20260918,45,fedavg_proto,client_3,test,logits,0.9286311015634323,True,1,204,cuda:0,1.8.1,confirmation,False,3.8.20,0.6.1,2022.09.5,11.1,NVIDIA A100-PCIE-40GB
mmgnn-raw-logit-v2-20260918,45,fedavg_proto,client_3,test,probabilities,0.9292875044754745,False,1,204,cuda:0,1.8.1,confirmation,False,3.8.20,0.6.1,2022.09.5,11.1,NVIDIA A100-PCIE-40GB
mmgnn-raw-logit-v2-20260918,46,fedavg_proto,server,val,logits,0.927305770104498,True,1,204,cuda:0,1.8.1,confirmation,False,3.8.20,0.6.1,2022.09.5,11.1,NVIDIA A100-PCIE-40GB
mmgnn-raw-logit-v2-20260918,46,fedavg_proto,server,val,probabilities,0.9266810540663335,False,1,204,cuda:0,1.8.1,confirmation,False,3.8.20,0.6.1,2022.09.5,11.1,NVIDIA A100-PCIE-40GB
mmgnn-raw-logit-v2-20260918,46,fedavg_proto,server,test,logits,0.927437641723356,True,1,204,cuda:0,1.8.1,confirmation,False,3.8.20,0.6.1,2022.09.5,11.1,NVIDIA A100-PCIE-40GB
mmgnn-raw-logit-v2-20260918,46,fedavg_proto,server,test,probabilities,0.9270199307793292,False,1,204,cuda:0,1.8.1,confirmation,False,3.8.20,0.6.1,2022.09.5,11.1,NVIDIA A100-PCIE-40GB
mmgnn-raw-logit-v2-20260918,46,fedavg_proto,client_0,val,logits,0.9294638800545207,True,1,204,cuda:0,1.8.1,confirmation,False,3.8.20,0.6.1,2022.09.5,11.1,NVIDIA A100-PCIE-40GB
mmgnn-raw-logit-v2-20260918,46,fedavg_proto,client_0,val,probabilities,0.929350295320309,False,1,204,cuda:0,1.8.1,confirmation,False,3.8.20,0.6.1,2022.09.5,11.1,NVIDIA A100-PCIE-40GB
mmgnn-raw-logit-v2-20260918,46,fedavg_proto,client_0,test,logits,0.9319727891156463,True,1,204,cuda:0,1.8.1,confirmation,False,3.8.20,0.6.1,2022.09.5,11.1,NVIDIA A100-PCIE-40GB
mmgnn-raw-logit-v2-20260918,46,fedavg_proto,client_0,test,probabilities,0.9301229263635279,False,1,204,cuda:0,1.8.1,confirmation,False,3.8.20,0.6.1,2022.09.5,11.1,NVIDIA A100-PCIE-40GB
mmgnn-raw-logit-v2-20260918,46,fedavg_proto,client_1,val,logits,0.9228759654702409,True,1,204,cuda:0,1.8.1,confirmation,False,3.8.20,0.6.1,2022.09.5,11.1,NVIDIA A100-PCIE-40GB
mmgnn-raw-logit-v2-20260918,46,fedavg_proto,client_1,val,probabilities,0.9219104952294411,False,1,204,cuda:0,1.8.1,confirmation,False,3.8.20,0.6.1,2022.09.5,11.1,NVIDIA A100-PCIE-40GB
mmgnn-raw-logit-v2-20260918,46,fedavg_proto,client_1,test,logits,0.923141186299081,True,1,204,cuda:0,1.8.1,confirmation,False,3.8.20,0.6.1,2022.09.5,11.1,NVIDIA A100-PCIE-40GB
mmgnn-raw-logit-v2-20260918,46,fedavg_proto,client_1,test,probabilities,0.9237379162191193,False,1,204,cuda:0,1.8.1,confirmation,False,3.8.20,0.6.1,2022.09.5,11.1,NVIDIA A100-PCIE-40GB
mmgnn-raw-logit-v2-20260918,46,fedavg_proto,client_2,val,logits,0.926056338028169,True,1,204,cuda:0,1.8.1,confirmation,False,3.8.20,0.6.1,2022.09.5,11.1,NVIDIA A100-PCIE-40GB
mmgnn-raw-logit-v2-20260918,46,fedavg_proto,client_2,val,probabilities,0.9250340754202635,False,1,204,cuda:0,1.8.1,confirmation,False,3.8.20,0.6.1,2022.09.5,11.1,NVIDIA A100-PCIE-40GB
mmgnn-raw-logit-v2-20260918,46,fedavg_proto,client_2,test,logits,0.9156223893065998,True,1,204,cuda:0,1.8.1,confirmation,False,3.8.20,0.6.1,2022.09.5,11.1,NVIDIA A100-PCIE-40GB
mmgnn-raw-logit-v2-20260918,46,fedavg_proto,client_2,test,probabilities,0.9147272944265425,False,1,204,cuda:0,1.8.1,confirmation,False,3.8.20,0.6.1,2022.09.5,11.1,NVIDIA A100-PCIE-40GB
mmgnn-raw-logit-v2-20260918,46,fedavg_proto,client_3,val,logits,0.9300318037255793,True,1,204,cuda:0,1.8.1,confirmation,False,3.8.20,0.6.1,2022.09.5,11.1,NVIDIA A100-PCIE-40GB
mmgnn-raw-logit-v2-20260918,46,fedavg_proto,client_3,val,probabilities,0.9298046342571558,False,1,204,cuda:0,1.8.1,confirmation,False,3.8.20,0.6.1,2022.09.5,11.1,NVIDIA A100-PCIE-40GB
mmgnn-raw-logit-v2-20260918,46,fedavg_proto,client_3,test,logits,0.9312567132116004,True,1,204,cuda:0,1.8.1,confirmation,False,3.8.20,0.6.1,2022.09.5,11.1,NVIDIA A100-PCIE-40GB
mmgnn-raw-logit-v2-20260918,46,fedavg_proto,client_3,test,probabilities,0.9323905000596729,False,1,204,cuda:0,1.8.1,confirmation,False,3.8.20,0.6.1,2022.09.5,11.1,NVIDIA A100-PCIE-40GB
mmgnn-raw-logit-v2-20260918,47,fedavg_proto,server,val,logits,0.9274193548387096,True,1,204,cuda:0,1.8.1,confirmation,False,3.8.20,0.6.1,2022.09.5,11.1,NVIDIA A100-PCIE-40GB
mmgnn-raw-logit-v2-20260918,47,fedavg_proto,server,val,probabilities,0.9269650159018628,False,1,204,cuda:0,1.8.1,confirmation,False,3.8.20,0.6.1,2022.09.5,11.1,NVIDIA A100-PCIE-40GB
mmgnn-raw-logit-v2-20260918,47,fedavg_proto,server,test,logits,0.9208736126029359,True,1,204,cuda:0,1.8.1,confirmation,False,3.8.20,0.6.1,2022.09.5,11.1,NVIDIA A100-PCIE-40GB
mmgnn-raw-logit-v2-20260918,47,fedavg_proto,server,test,probabilities,0.9217090344909894,False,1,204,cuda:0,1.8.1,confirmation,False,3.8.20,0.6.1,2022.09.5,11.1,NVIDIA A100-PCIE-40GB
mmgnn-raw-logit-v2-20260918,47,fedavg_proto,client_0,val,logits,0.9186733303044071,True,1,204,cuda:0,1.8.1,confirmation,False,3.8.20,0.6.1,2022.09.5,11.1,NVIDIA A100-PCIE-40GB
mmgnn-raw-logit-v2-20260918,47,fedavg_proto,client_0,val,probabilities,0.918730122671513,False,1,204,cuda:0,1.8.1,confirmation,False,3.8.20,0.6.1,2022.09.5,11.1,NVIDIA A100-PCIE-40GB
mmgnn-raw-logit-v2-20260918,47,fedavg_proto,client_0,test,logits,0.9224251103950352,True,1,204,cuda:0,1.8.1,confirmation,False,3.8.20,0.6.1,2022.09.5,11.1,NVIDIA A100-PCIE-40GB
mmgnn-raw-logit-v2-20260918,47,fedavg_proto,client_0,test,probabilities,0.921171977562955,False,1,204,cuda:0,1.8.1,confirmation,False,3.8.20,0.6.1,2022.09.5,11.1,NVIDIA A100-PCIE-40GB
mmgnn-raw-logit-v2-20260918,47,fedavg_proto,client_1,val,logits,0.913789186733303,True,1,204,cuda:0,1.8.1,confirmation,False,3.8.20,0.6.1,2022.09.5,11.1,NVIDIA A100-PCIE-40GB
mmgnn-raw-logit-v2-20260918,47,fedavg_proto,client_1,val,probabilities,0.9144706951385734,False,1,204,cuda:0,1.8.1,confirmation,False,3.8.20,0.6.1,2022.09.5,11.1,NVIDIA A100-PCIE-40GB
mmgnn-raw-logit-v2-20260918,47,fedavg_proto,client_1,test,logits,0.9160997732426305,True,1,204,cuda:0,1.8.1,confirmation,False,3.8.20,0.6.1,2022.09.5,11.1,NVIDIA A100-PCIE-40GB
mmgnn-raw-logit-v2-20260918,47,fedavg_proto,client_1,test,probabilities,0.917531925050722,False,1,204,cuda:0,1.8.1,confirmation,False,3.8.20,0.6.1,2022.09.5,11.1,NVIDIA A100-PCIE-40GB
mmgnn-raw-logit-v2-20260918,47,fedavg_proto,client_2,val,logits,0.9254884143571104,True,1,204,cuda:0,1.8.1,confirmation,False,3.8.20,0.6.1,2022.09.5,11.1,NVIDIA A100-PCIE-40GB
mmgnn-raw-logit-v2-20260918,47,fedavg_proto,client_2,val,probabilities,0.9245797364834166,False,1,204,cuda:0,1.8.1,confirmation,False,3.8.20,0.6.1,2022.09.5,11.1,NVIDIA A100-PCIE-40GB
mmgnn-raw-logit-v2-20260918,47,fedavg_proto,client_2,test,logits,0.9134741615944624,True,1,204,cuda:0,1.8.1,confirmation,False,3.8.20,0.6.1,2022.09.5,11.1,NVIDIA A100-PCIE-40GB
mmgnn-raw-logit-v2-20260918,47,fedavg_proto,client_2,test,probabilities,0.9137128535624776,False,1,204,cuda:0,1.8.1,confirmation,False,3.8.20,0.6.1,2022.09.5,11.1,NVIDIA A100-PCIE-40GB
mmgnn-raw-logit-v2-20260918,47,fedavg_proto,client_3,val,logits,0.9320763289413903,True,1,204,cuda:0,1.8.1,confirmation,False,3.8.20,0.6.1,2022.09.5,11.1,NVIDIA A100-PCIE-40GB
mmgnn-raw-logit-v2-20260918,47,fedavg_proto,client_3,val,probabilities,0.93139482053612,False,1,204,cuda:0,1.8.1,confirmation,False,3.8.20,0.6.1,2022.09.5,11.1,NVIDIA A100-PCIE-40GB
mmgnn-raw-logit-v2-20260918,47,fedavg_proto,client_3,test,logits,0.9267215658193102,True,1,204,cuda:0,1.8.1,confirmation,False,3.8.20,0.6.1,2022.09.5,11.1,NVIDIA A100-PCIE-40GB
mmgnn-raw-logit-v2-20260918,47,fedavg_proto,client_3,test,probabilities,0.9267215658193101,False,1,204,cuda:0,1.8.1,confirmation,False,3.8.20,0.6.1,2022.09.5,11.1,NVIDIA A100-PCIE-40GB
mmgnn-raw-logit-v2-20260918,48,fedavg_proto,server,val,logits,0.9267378464334394,True,1,204,cuda:0,1.8.1,confirmation,False,3.8.20,0.6.1,2022.09.5,11.1,NVIDIA A100-PCIE-40GB
mmgnn-raw-logit-v2-20260918,48,fedavg_proto,server,val,probabilities,0.9269650159018629,False,1,204,cuda:0,1.8.1,confirmation,False,3.8.20,0.6.1,2022.09.5,11.1,NVIDIA A100-PCIE-40GB
mmgnn-raw-logit-v2-20260918,48,fedavg_proto,server,test,logits,0.9233798782670962,True,1,204,cuda:0,1.8.1,confirmation,False,3.8.20,0.6.1,2022.09.5,11.1,NVIDIA A100-PCIE-40GB
mmgnn-raw-logit-v2-20260918,48,fedavg_proto,server,test,probabilities,0.9245136651151689,False,1,204,cuda:0,1.8.1,confirmation,False,3.8.20,0.6.1,2022.09.5,11.1,NVIDIA A100-PCIE-40GB
mmgnn-raw-logit-v2-20260918,48,fedavg_proto,client_0,val,logits,0.9296910495229441,True,1,204,cuda:0,1.8.1,confirmation,False,3.8.20,0.6.1,2022.09.5,11.1,NVIDIA A100-PCIE-40GB
mmgnn-raw-logit-v2-20260918,48,fedavg_proto,client_0,val,probabilities,0.9292367105860972,False,1,204,cuda:0,1.8.1,confirmation,False,3.8.20,0.6.1,2022.09.5,11.1,NVIDIA A100-PCIE-40GB
mmgnn-raw-logit-v2-20260918,48,fedavg_proto,client_0,test,logits,0.9287504475474401,True,1,204,cuda:0,1.8.1,confirmation,False,3.8.20,0.6.1,2022.09.5,11.1,NVIDIA A100-PCIE-40GB
mmgnn-raw-logit-v2-20260918,48,fedavg_proto,client_0,test,probabilities,0.9264232008592911,False,1,204,cuda:0,1.8.1,confirmation,False,3.8.20,0.6.1,2022.09.5,11.1,NVIDIA A100-PCIE-40GB
mmgnn-raw-logit-v2-20260918,48,fedavg_proto,client_1,val,logits,0.9119718309859155,True,1,204,cuda:0,1.8.1,confirmation,False,3.8.20,0.6.1,2022.09.5,11.1,NVIDIA A100-PCIE-40GB
mmgnn-raw-logit-v2-20260918,48,fedavg_proto,client_1,val,probabilities,0.9118014538845979,False,1,204,cuda:0,1.8.1,confirmation,False,3.8.20,0.6.1,2022.09.5,11.1,NVIDIA A100-PCIE-40GB
mmgnn-raw-logit-v2-20260918,48,fedavg_proto,client_1,test,logits,0.9203962286669054,True,1,204,cuda:0,1.8.1,confirmation,False,3.8.20,0.6.1,2022.09.5,11.1,NVIDIA A100-PCIE-40GB
mmgnn-raw-logit-v2-20260918,48,fedavg_proto,client_1,test,probabilities,0.9199188447308748,False,1,204,cuda:0,1.8.1,confirmation,False,3.8.20,0.6.1,2022.09.5,11.1,NVIDIA A100-PCIE-40GB
mmgnn-raw-logit-v2-20260918,48,fedavg_proto,client_2,val,logits,0.9235574738755112,True,1,204,cuda:0,1.8.1,confirmation,False,3.8.20,0.6.1,2022.09.5,11.1,NVIDIA A100-PCIE-40GB
mmgnn-raw-logit-v2-20260918,48,fedavg_proto,client_2,val,probabilities,0.9232735120399819,False,1,204,cuda:0,1.8.1,confirmation,False,3.8.20,0.6.1,2022.09.5,11.1,NVIDIA A100-PCIE-40GB
mmgnn-raw-logit-v2-20260918,48,fedavg_proto,client_2,test,logits,0.9128774316744241,True,1,204,cuda:0,1.8.1,confirmation,False,3.8.20,0.6.1,2022.09.5,11.1,NVIDIA A100-PCIE-40GB
mmgnn-raw-logit-v2-20260918,48,fedavg_proto,client_2,test,probabilities,0.9143692564745196,False,1,204,cuda:0,1.8.1,confirmation,False,3.8.20,0.6.1,2022.09.5,11.1,NVIDIA A100-PCIE-40GB
mmgnn-raw-logit-v2-20260918,48,fedavg_proto,client_3,val,logits,0.9316219900045435,True,1,204,cuda:0,1.8.1,confirmation,False,3.8.20,0.6.1,2022.09.5,11.1,NVIDIA A100-PCIE-40GB
mmgnn-raw-logit-v2-20260918,48,fedavg_proto,client_3,val,probabilities,0.9321899136756021,False,1,204,cuda:0,1.8.1,confirmation,False,3.8.20,0.6.1,2022.09.5,11.1,NVIDIA A100-PCIE-40GB
mmgnn-raw-logit-v2-20260918,48,fedavg_proto,client_3,test,logits,0.9267215658193102,True,1,204,cuda:0,1.8.1,confirmation,False,3.8.20,0.6.1,2022.09.5,11.1,NVIDIA A100-PCIE-40GB
mmgnn-raw-logit-v2-20260918,48,fedavg_proto,client_3,test,probabilities,0.9262441818832796,False,1,204,cuda:0,1.8.1,confirmation,False,3.8.20,0.6.1,2022.09.5,11.1,NVIDIA A100-PCIE-40GB
mmgnn-raw-logit-v2-20260918,49,fedavg_proto,server,val,logits,0.9243525670149932,True,1,204,cuda:0,1.8.1,confirmation,False,3.8.20,0.6.1,2022.09.5,11.1,NVIDIA A100-PCIE-40GB
mmgnn-raw-logit-v2-20260918,49,fedavg_proto,server,val,probabilities,0.9249204906860518,False,1,204,cuda:0,1.8.1,confirmation,False,3.8.20,0.6.1,2022.09.5,11.1,NVIDIA A100-PCIE-40GB
mmgnn-raw-logit-v2-20260918,49,fedavg_proto,server,test,logits,0.9217090344909894,True,1,204,cuda:0,1.8.1,confirmation,False,3.8.20,0.6.1,2022.09.5,11.1,NVIDIA A100-PCIE-40GB
mmgnn-raw-logit-v2-20260918,49,fedavg_proto,server,test,probabilities,0.9217687074829932,False,1,204,cuda:0,1.8.1,confirmation,False,3.8.20,0.6.1,2022.09.5,11.1,NVIDIA A100-PCIE-40GB
mmgnn-raw-logit-v2-20260918,49,fedavg_proto,client_0,val,logits,0.9035665606542481,True,1,204,cuda:0,1.8.1,confirmation,False,3.8.20,0.6.1,2022.09.5,11.1,NVIDIA A100-PCIE-40GB
mmgnn-raw-logit-v2-20260918,49,fedavg_proto,client_0,val,probabilities,0.9040776919582009,False,1,204,cuda:0,1.8.1,confirmation,False,3.8.20,0.6.1,2022.09.5,11.1,NVIDIA A100-PCIE-40GB
mmgnn-raw-logit-v2-20260918,49,fedavg_proto,client_0,test,logits,0.9172932330827068,True,1,204,cuda:0,1.8.1,confirmation,False,3.8.20,0.6.1,2022.09.5,11.1,NVIDIA A100-PCIE-40GB
mmgnn-raw-logit-v2-20260918,49,fedavg_proto,client_0,test,probabilities,0.9173529060747105,False,1,204,cuda:0,1.8.1,confirmation,False,3.8.20,0.6.1,2022.09.5,11.1,NVIDIA A100-PCIE-40GB
mmgnn-raw-logit-v2-20260918,49,fedavg_proto,client_1,val,logits,0.9111767378464335,True,1,204,cuda:0,1.8.1,confirmation,False,3.8.20,0.6.1,2022.09.5,11.1,NVIDIA A100-PCIE-40GB
mmgnn-raw-logit-v2-20260918,49,fedavg_proto,client_1,val,probabilities,0.9120854157201272,False,1,204,cuda:0,1.8.1,confirmation,False,3.8.20,0.6.1,2022.09.5,11.1,NVIDIA A100-PCIE-40GB
mmgnn-raw-logit-v2-20260918,49,fedavg_proto,client_1,test,logits,0.916577157178661,True,1,204,cuda:0,1.8.1,confirmation,False,3.8.20,0.6.1,2022.09.5,11.1,NVIDIA A100-PCIE-40GB
mmgnn-raw-logit-v2-20260918,49,fedavg_proto,client_1,test,probabilities,0.9160401002506265,False,1,204,cuda:0,1.8.1,confirmation,False,3.8.20,0.6.1,2022.09.5,11.1,NVIDIA A100-PCIE-40GB
mmgnn-raw-logit-v2-20260918,49,fedavg_proto,client_2,val,logits,0.9244661517492049,True,1,204,cuda:0,1.8.1,confirmation,False,3.8.20,0.6.1,2022.09.5,11.1,NVIDIA A100-PCIE-40GB
mmgnn-raw-logit-v2-20260918,49,fedavg_proto,client_2,val,probabilities,0.9252044525215811,False,1,204,cuda:0,1.8.1,confirmation,False,3.8.20,0.6.1,2022.09.5,11.1,NVIDIA A100-PCIE-40GB
mmgnn-raw-logit-v2-20260918,49,fedavg_proto,client_2,test,logits,0.9139515455304928,True,1,204,cuda:0,1.8.1,confirmation,False,3.8.20,0.6.1,2022.09.5,11.1,NVIDIA A100-PCIE-40GB
mmgnn-raw-logit-v2-20260918,49,fedavg_proto,client_2,test,probabilities,0.9140708915145005,False,1,204,cuda:0,1.8.1,confirmation,False,3.8.20,0.6.1,2022.09.5,11.1,NVIDIA A100-PCIE-40GB
mmgnn-raw-logit-v2-20260918,49,fedavg_proto,client_3,val,logits,0.9307133121308496,True,1,204,cuda:0,1.8.1,confirmation,False,3.8.20,0.6.1,2022.09.5,11.1,NVIDIA A100-PCIE-40GB
mmgnn-raw-logit-v2-20260918,49,fedavg_proto,client_3,val,probabilities,0.930940481599273,False,1,204,cuda:0,1.8.1,confirmation,False,3.8.20,0.6.1,2022.09.5,11.1,NVIDIA A100-PCIE-40GB
mmgnn-raw-logit-v2-20260918,49,fedavg_proto,client_3,test,logits,0.9263635278672873,True,1,204,cuda:0,1.8.1,confirmation,False,3.8.20,0.6.1,2022.09.5,11.1,NVIDIA A100-PCIE-40GB
mmgnn-raw-logit-v2-20260918,49,fedavg_proto,client_3,test,probabilities,0.9260054899152643,False,1,204,cuda:0,1.8.1,confirmation,False,3.8.20,0.6.1,2022.09.5,11.1,NVIDIA A100-PCIE-40GB
