round,client,step,lr,supervised_loss,prototype_loss,lambda_proto,weighted_embedding_grad_ratio,embedding_gradient_cosine,mean_embedding_norm
0,0,0,2.9999999999999997e-05,0.8262295722961426,0.0,0.1,,,5.679518222808838
0,0,50,2.9999999999999997e-05,0.29362767934799194,0.0,0.1,,,7.864010334014893
0,0,100,2.9999999999999997e-05,0.3608505129814148,0.0,0.1,,,8.706372261047363
0,0,150,2.9999999999999997e-05,0.2751927971839905,0.0,0.1,,,12.08816146850586
0,1,0,2.9999999999999997e-05,0.8192119002342224,0.0,0.1,,,5.673892498016357
0,1,50,2.9999999999999997e-05,0.33147338032722473,0.0,0.1,,,8.167200088500977
0,1,100,2.9999999999999997e-05,0.31222277879714966,0.0,0.1,,,9.06181812286377
0,1,150,2.9999999999999997e-05,0.24069243669509888,0.0,0.1,,,11.04970645904541
0,2,0,2.9999999999999997e-05,0.7439989447593689,0.0,0.1,,,5.76364803314209
0,2,50,2.9999999999999997e-05,0.5164163112640381,0.0,0.1,,,7.306634902954102
0,2,100,2.9999999999999997e-05,0.3412935137748718,0.0,0.1,,,11.662923812866211
0,2,150,2.9999999999999997e-05,0.3465973436832428,0.0,0.1,,,14.953813552856445
0,3,0,2.9999999999999997e-05,0.7953448295593262,0.0,0.1,,,5.617413520812988
0,3,50,2.9999999999999997e-05,0.6203968524932861,0.0,0.1,,,6.488168239593506
0,3,100,2.9999999999999997e-05,0.4150722920894623,0.0,0.1,,,8.333045959472656
0,3,150,2.9999999999999997e-05,0.46182185411453247,0.0,0.1,,,11.118776321411133
1,0,0,0.000165,0.26351040601730347,0.027604449540376663,0.1,0.006155655280435585,0.06285710990134984,13.220762252807617
1,0,50,0.000165,0.12163779139518738,0.06375227123498917,0.1,0.01317567428791728,0.028879791246507067,14.118626594543457
1,0,100,0.000165,0.049638886004686356,0.08837179094552994,0.1,0.021521854878687505,-0.07086591377647,14.455392837524414
1,0,150,0.000165,0.017608392983675003,0.07975970208644867,0.1,0.058558193896304525,0.03454533657067862,13.61694622039795
1,1,0,0.000165,0.16806131601333618,0.04477667436003685,0.1,0.010336646247932266,0.06589567163581984,12.775506973266602
1,1,50,0.000165,0.13427680730819702,0.06639838218688965,0.1,0.013108743890469954,0.01709546087009368,13.825281143188477
1,1,100,0.000165,0.10230220854282379,0.0689588114619255,0.1,0.012376034701464875,0.038567193783821625,14.189807891845703
1,1,150,0.000165,0.017028898000717163,0.0898568332195282,0.1,0.04466664609154985,0.000686601172769673,14.03886604309082
1,2,0,0.000165,0.44567999243736267,0.030462991446256638,0.1,0.004581983943580359,0.02083239564148321,13.172466278076172
1,2,50,0.000165,0.1997956931591034,0.05835852399468422,0.1,0.00897893619335838,-0.13338957995454143,13.671544075012207
1,2,100,0.000165,0.45489275455474854,0.08013633638620377,0.1,0.007444050333185469,0.21587058944451407,13.66778564453125
1,2,150,0.000165,0.06434246152639389,0.11432336270809174,0.1,0.019858414919838904,-0.15380643406539665,15.071328163146973
1,3,0,0.000165,0.5131939649581909,0.03149352967739105,0.1,0.004368904117004863,-0.08317415401760095,12.75521183013916
1,3,50,0.000165,0.32714515924453735,0.059239160269498825,0.1,0.007173334957621446,0.09560947239477185,13.374895095825195
1,3,100,0.000165,0.21520638465881348,0.06263342499732971,0.1,0.009183490903322348,-0.011106838214518473,13.890753746032715
1,3,150,0.000165,0.3083397150039673,0.07281285524368286,0.1,0.007129342445086924,0.13362182534685635,13.801055908203125
2,0,0,0.0003,0.20876789093017578,0.047328464686870575,0.1,0.008029601699030837,-0.11724453284719283,15.27518081665039
2,0,50,0.0003,0.008292000740766525,0.09622705727815628,0.1,0.10661308508664873,-0.1687422634891322,15.423690795898438
2,0,100,0.0003,0.004174010828137398,0.05397774651646614,0.1,0.07572738626766906,0.04806113813841367,14.43834114074707
2,0,150,0.0003,0.0006348124006763101,0.07436921447515488,0.1,0.5266504296996779,-0.00975033324859055,15.188831329345703
2,1,0,0.0003,0.07175292819738388,0.06106477975845337,0.1,0.011780749155768613,-0.04670400573891267,13.692015647888184
2,1,50,0.0003,0.02933315560221672,0.11127489060163498,0.1,0.024914202513969714,-0.15020497537955302,16.251739501953125
2,1,100,0.0003,0.0009099434246309102,0.06238371133804321,0.1,0.3768165535240195,0.09239230787243259,15.229825019836426
2,1,150,0.0003,0.00034991439315490425,0.052348338067531586,0.1,1.3583034252749633,-0.12046702658559606,13.984441757202148
2,2,0,0.0003,0.39229971170425415,0.05371840298175812,0.1,0.005611300139937396,-0.2621416038460828,14.091257095336914
2,2,50,0.0003,0.11656937003135681,0.0902511477470398,0.1,0.011709442144320705,-0.19170810948372735,15.024243354797363
2,2,100,0.0003,0.14406099915504456,0.09463068842887878,0.1,0.01001397047129,-0.1660848305402191,15.971823692321777
2,2,150,0.0003,0.001467776601202786,0.08994358032941818,0.1,0.46163185367163884,-0.3770114924356565,14.566764831542969
2,3,0,0.0003,0.42247581481933594,0.04524670168757439,0.1,0.005245971724559485,-0.07717618333404279,14.120502471923828
2,3,50,0.0003,0.12606628239154816,0.11139216274023056,0.1,0.013279223486489961,-0.22088467104356932,15.801702499389648
2,3,100,0.0003,0.01056589838117361,0.11505065113306046,0.1,0.08990085528319056,-0.06800596122696306,15.78039264678955
2,3,150,0.0003,0.004579983185976744,0.1301615983247757,0.1,0.14154648620764487,-0.2020864863158292,16.10350799560547
3,0,0,0.0002859485649704362,0.0523655079305172,0.04777468740940094,0.1,0.008726851820842048,-0.1392581915646231,14.182147979736328
3,0,50,0.0002859485649704362,0.00047346402425318956,0.055219944566488266,0.1,0.7554828758300773,-0.2851407531808284,15.552658081054688
3,0,100,0.0002859485649704362,0.0002503003051970154,0.04298275709152222,0.1,2.1216763643912264,-0.011766213922162008,13.900303840637207
3,0,150,0.0002859485649704362,0.00020324112847447395,0.03225473314523697,0.1,1.454125244918395,-0.3057298183263222,14.419808387756348
3,1,0,0.0002859485649704362,0.014723899774253368,0.03680984675884247,0.1,0.014800382630776732,0.10963110406990931,14.36890983581543
3,1,50,0.0002859485649704362,0.006827266421169043,0.055747486650943756,0.1,0.030119877036276967,-0.12479371050982674,14.592294692993164
3,1,100,0.0002859485649704362,0.0003578984469641,0.03643801063299179,0.1,0.5567698048509435,-0.26696504333986765,14.301725387573242
3,1,150,0.0002859485649704362,6.578153988812119e-05,0.020819544792175293,0.1,3.6491701233968867,0.0635351027564517,14.358749389648438
3,2,0,0.0002859485649704362,0.42663687467575073,0.04184604808688164,0.1,0.00497600125249754,-0.04075181391404456,14.047689437866211
3,2,50,0.0002859485649704362,0.0560811348259449,0.07305591553449631,0.1,0.011638112412876005,-0.1397428689999397,14.92451286315918
3,2,100,0.0002859485649704362,0.005343083757907152,0.04955065995454788,0.1,0.03841360479151264,-0.1327461515757097,13.99658203125
3,2,150,0.0002859485649704362,0.004253012128174305,0.04059147462248802,0.1,0.031619378232738325,-0.12602004760159763,13.962947845458984
3,3,0,0.0002859485649704362,0.5154467225074768,0.04316536337137222,0.1,0.0034834521380742375,-0.08524163802281381,13.828920364379883
3,3,50,0.0002859485649704362,0.18782353401184082,0.09495669603347778,0.1,0.007013697325693924,-0.2132019800354075,13.616950035095215
3,3,100,0.0002859485649704362,0.02297283336520195,0.07013571262359619,0.1,0.01571946961208488,0.090181481890819,14.960619926452637
3,3,150,0.0002859485649704362,0.003015667200088501,0.06133554130792618,0.1,0.13490611141118414,-0.05687485942323361,13.75793743133545
4,0,0,0.000272555272695506,0.12197704613208771,0.031033923849463463,0.1,0.004591313110759457,-0.0767521573953199,13.945117950439453
4,0,50,0.000272555272695506,0.0014663685578852892,0.03481634333729744,0.1,0.13315255841044846,-0.1002678083247008,13.70777702331543
4,0,100,0.000272555272695506,0.00021523841132875532,0.031246477738022804,0.1,0.95184724618002,-0.318486781990072,14.017691612243652
4,0,150,0.000272555272695506,0.00026282103499397635,0.031187668442726135,0.1,0.9392215252607458,-0.45253545799271033,14.038829803466797
4,1,0,0.000272555272695506,0.04283026605844498,0.024932855740189552,0.1,0.0049257984029405,-0.1542915230832443,13.915365219116211
4,1,50,0.000272555272695506,0.001650097663514316,0.04135511815547943,0.1,0.0800241212945645,-0.1314812402684005,14.295888900756836
4,1,100,0.000272555272695506,0.0002847611322067678,0.031824689358472824,0.1,0.9467806630249301,-0.15675271717795108,13.957660675048828
4,1,150,0.000272555272695506,0.00014353642472997308,0.021022683009505272,0.1,1.4145179421320666,-0.41168019323705823,14.033771514892578
4,2,0,0.000272555272695506,0.04822733998298645,0.0343841128051281,0.1,0.005530718605116987,-0.03546512099310179,13.621227264404297
4,2,50,0.000272555272695506,0.0026954468339681625,0.041229985654354095,0.1,0.053234045202201416,-0.14896869812497276,14.408987045288086
4,2,100,0.000272555272695506,0.00045902610872872174,0.02763846144080162,0.1,0.5183764570019084,-0.3724545544181758,13.735210418701172
4,2,150,0.000272555272695506,0.00015309860464185476,0.03242609649896622,0.1,2.098696674334026,-0.151163952899283,13.70414924621582
4,3,0,0.000272555272695506,0.3906381130218506,0.03279774263501167,0.1,0.0027868189190588914,-0.13296740265419246,13.232894897460938
4,3,50,0.000272555272695506,0.09319780766963959,0.06295298784971237,0.1,0.006479316397818485,-0.11097540034642868,15.446317672729492
4,3,100,0.000272555272695506,0.0010148696601390839,0.05309618264436722,0.1,0.4123194827609722,0.017746042595527565,13.849843978881836
4,3,150,0.000272555272695506,0.00035043919342570007,0.041279520839452744,0.1,1.0487656632669524,-0.2744482253610777,13.84793472290039
5,0,0,0.0002597892970080196,0.10142070800065994,0.020796680822968483,0.1,0.0035380954093656367,-0.08115849110076596,13.608620643615723
5,0,50,0.0002597892970080196,0.0007934028981253505,0.03096592053771019,0.1,0.22892831611809478,-0.08699102846099019,13.900582313537598
5,0,100,0.0002597892970080196,0.00013491979916580021,0.021899636834859848,0.1,1.1951190395448532,-0.20815623559569074,13.74606704711914
5,0,150,0.0002597892970080196,0.0001369510282529518,0.014005577191710472,0.1,1.0559310641617408,-0.33008679098906857,13.851807594299316
5,1,0,0.0002597892970080196,0.010553114116191864,0.023382585495710373,0.1,0.00834578223210058,-0.1061762069092006,13.74014949798584
5,1,50,0.0002597892970080196,0.00046701933024451137,0.02846590429544449,0.1,0.2984071349898924,-0.21600577333244594,13.684764862060547
5,1,100,0.0002597892970080196,0.00014061950787436217,0.02499207854270935,0.1,1.0529021098641513,-0.2787747514469492,13.82145881652832
5,1,150,0.0002597892970080196,0.00016967387637123466,0.019506290555000305,0.1,0.9718610378733658,-0.22023041920921024,13.702324867248535
5,2,0,0.0002597892970080196,0.2673923075199127,0.01826626807451248,0.1,0.0021293664765966946,-0.06504022814558788,13.626771926879883
5,2,50,0.0002597892970080196,0.05131901055574417,0.033633120357990265,0.1,0.005238110293180456,0.12508231520302338,13.590226173400879
5,2,100,0.0002597892970080196,0.00045883661368861794,0.029333261772990227,0.1,0.4540125642685373,-0.11662614448314437,13.624170303344727
5,2,150,0.0002597892970080196,0.0016548332059755921,0.020065706223249435,0.1,0.0735464934897431,-0.2722464512931763,13.755157470703125
5,3,0,0.0002597892970080196,0.8462953567504883,0.016518304124474525,0.1,0.0012328824652270579,-0.08060380792726994,13.347265243530273
5,3,50,0.0002597892970080196,0.001938328961841762,0.05138600617647171,0.1,0.08831668550595138,-0.07707715530321836,13.710002899169922
5,3,100,0.0002597892970080196,0.000805476272944361,0.03509735316038132,0.1,0.19853305251627204,-0.06316700274452204,14.428520202636719
5,3,150,0.0002597892970080196,0.008056877180933952,0.033976007252931595,0.1,0.012074423529439613,-0.10215770227055937,12.868133544921875
6,0,0,0.00024762125558040553,0.008649058640003204,0.020670605823397636,0.1,0.008145996917387295,-0.15683645265998622,13.552517890930176
6,0,50,0.00024762125558040553,7.338965951930732e-05,0.025441095232963562,0.1,3.515183281320944,-0.22911342381118813,13.89265251159668
6,0,100,0.00024762125558040553,0.00014283144264481962,0.011881713755428791,0.1,0.5021634074112608,-0.29276478204839307,13.731502532958984
6,0,150,0.00024762125558040553,9.601777128409594e-05,0.010477647185325623,0.1,1.3211381027868314,-0.26155844696347946,13.532552719116211
6,1,0,0.00024762125558040553,0.06762158870697021,0.012765450403094292,0.1,0.0027126308938481784,-0.05481711533952334,13.298014640808105
6,1,50,0.00024762125558040553,0.00017166805628221482,0.02625095471739769,0.1,0.7546542570426339,0.047114214439083785,13.644695281982422
6,1,100,0.00024762125558040553,8.030074968701228e-05,0.013558636419475079,0.1,2.512642337589415,-0.04957348733262348,13.54794692993164
6,1,150,0.00024762125558040553,6.401877908501774e-05,0.012199178338050842,0.1,1.5288038048357553,-0.30419018166818346,13.648595809936523
6,2,0,0.00024762125558040553,0.0824718028306961,0.013475188054144382,0.1,0.002105649514549835,-0.11367170831099366,13.222596168518066
6,2,50,0.00024762125558040553,0.17968837916851044,0.03610724210739136,0.1,0.003003594187289387,-0.011208387844020675,13.566638946533203
6,2,100,0.00024762125558040553,0.0006360504776239395,0.02209044247865677,0.1,0.12046773953565726,-0.1624435778062441,13.401582717895508
6,2,150,0.00024762125558040553,0.00017401794320903718,0.019654111936688423,0.1,0.775512992142408,-0.19790725751362398,13.593210220336914
6,3,0,0.00024762125558040553,0.2342682033777237,0.018809925764799118,0.1,0.001591875223290903,-0.16094019149938726,13.050373077392578
6,3,50,0.00024762125558040553,0.0002462519332766533,0.033613987267017365,0.1,0.6962080021206393,-0.0848544854341973,14.579479217529297
6,3,100,0.00024762125558040553,0.0004711298388428986,0.03442000225186348,0.1,0.29954347984335306,-0.18457288108199946,13.635221481323242
6,3,150,0.00024762125558040553,0.0004937455523759127,0.044506557285785675,0.1,0.1775747667653299,-0.12719571906372318,14.368099212646484
7,0,0,0.00023602314229798194,0.00016070320270955563,0.010620487853884697,0.1,0.5601969160027025,-0.16064690343908117,13.207202911376953
7,0,50,0.00023602314229798194,0.00035511801252141595,0.010021733120083809,0.1,0.24348344653551118,-0.1338186550003795,13.424531936645508
7,0,100,0.00023602314229798194,0.0001300665462622419,0.015285302884876728,0.1,1.1029045461785438,-0.4983107102578221,13.389893531799316
7,0,150,0.00023602314229798194,0.00010839849710464478,0.011900910176336765,0.1,1.3291619095548808,-0.3343516262822759,13.196582794189453
7,1,0,0.00023602314229798194,0.0005808051209896803,0.011236937716603279,0.1,0.12105760979104033,-0.06764117320798445,13.206396102905273
7,1,50,0.00023602314229798194,4.8517384129809216e-05,0.01912824995815754,0.1,1.776060635347734,-0.014886940336231728,13.708781242370605
7,1,100,0.00023602314229798194,9.129368845606223e-05,0.014769247733056545,0.1,1.4002362728824014,-0.08397390945335274,13.336055755615234
7,1,150,0.00023602314229798194,0.00011021933460142463,0.012780612334609032,0.1,0.6307927517690968,-0.21546953909757371,13.335131645202637
7,2,0,0.00023602314229798194,0.12584330141544342,0.015081393532454967,0.1,0.0016919039754408908,-0.1986460623171964,12.995107650756836
7,2,50,0.00023602314229798194,0.00013012700947001576,0.020495425909757614,0.1,1.3242774517957694,-0.3617901037956292,13.374327659606934
7,2,100,0.00023602314229798194,0.00012079717998858541,0.01362485159188509,0.1,1.0837081284648704,-0.4121861085674684,13.19131851196289
7,2,150,0.00023602314229798194,0.00016692624194547534,0.011664102785289288,0.1,0.8657553421572487,-0.4549750511446138,13.417797088623047
7,3,0,0.00023602314229798194,0.20915955305099487,0.014285759069025517,0.1,0.001462713570387467,-0.1383746518991326,13.16734504699707
7,3,50,0.00023602314229798194,0.014156345278024673,0.03036488965153694,0.1,0.006262347279589204,-0.07367786007587948,13.059874534606934
7,3,100,0.00023602314229798194,0.0005518600228242576,0.026595689356327057,0.1,0.28025448361672667,0.048795033253865874,13.146717071533203
7,3,150,0.00023602314229798194,0.0007235056255012751,0.020387552678585052,0.1,0.19994282895262913,-0.3329409572032094,13.207387924194336
8,0,0,0.00022496826279973673,0.00014902852126397192,0.008821739815175533,0.1,0.39408179377648256,-0.2082552400743322,13.203062057495117
8,0,50,0.00022496826279973673,0.00019993569003418088,0.011730101890861988,0.1,0.4721879444364057,-0.24062812728325889,13.50827693939209
8,0,100,0.00022496826279973673,3.455638943705708e-05,0.008506695739924908,0.1,2.8361603527790904,-0.459149295179656,13.369457244873047
8,0,150,0.00022496826279973673,8.285792864626274e-05,0.010730198584496975,0.1,1.147986707584056,-0.5070336672764566,13.263090133666992
8,1,0,0.00022496826279973673,0.0002572030061855912,0.007881304249167442,0.1,0.15635954027638763,-0.033868250976557185,13.214110374450684
8,1,50,0.00022496826279973673,0.00021504241158254445,0.014525366015732288,0.1,0.49386713439658275,0.04858617859888482,13.280377388000488
8,1,100,0.00022496826279973673,7.525591354351491e-05,0.00972193293273449,0.1,1.0309371627423642,-0.019354334693634293,13.186448097229004
8,1,150,0.00022496826279973673,8.692458504810929e-05,0.008906451053917408,0.1,0.5473268616089173,-0.27906546409765626,13.325674057006836
8,2,0,0.00022496826279973673,0.24668708443641663,0.013172613456845284,0.1,0.0012495378030528334,-0.09547507996860748,13.092397689819336
8,2,50,0.00022496826279973673,0.00026240875013172626,0.012681400403380394,0.1,0.2518417669187579,-0.06693309961001821,13.319198608398438
8,2,100,0.00022496826279973673,8.131789218168706e-05,0.012504170648753643,0.1,1.774003541159178,-0.45659394133685993,13.243229866027832
8,2,150,0.00022496826279973673,8.952538337325677e-05,0.010122682899236679,0.1,1.1201518819569911,-0.10694524880756343,13.227121353149414
8,3,0,0.00022496826279973673,0.034527525305747986,0.013060065917670727,0.1,0.0025236707034125157,-0.060363216712514454,13.029356956481934
8,3,50,0.00022496826279973673,0.0008937378879636526,0.0212290957570076,0.1,0.10603949638383212,-0.09446090661435202,13.178240776062012
8,3,100,0.00022496826279973673,0.0059159607626497746,0.018982695415616035,0.1,0.010574152199504517,-0.18452632547130407,13.243709564208984
8,3,150,0.00022496826279973673,0.00011273524432908744,0.0200484711676836,0.1,1.3560242086434227,-0.4454576627986185,13.30728530883789
9,0,0,0.0002144311730382557,0.0002868282899726182,0.007775144651532173,0.1,0.14635980456712003,-0.07600799019340443,13.025867462158203
9,0,50,0.0002144311730382557,0.00015869661001488566,0.013727768324315548,0.1,0.48235409161415793,-0.2616662658941815,13.108942031860352
9,0,100,0.0002144311730382557,5.011640314478427e-05,0.009548633359372616,0.1,1.827694349475628,-0.2623045844805864,13.134737014770508
9,0,150,0.0002144311730382557,9.065769700100645e-05,0.005825229454785585,0.1,0.6375834989823556,-0.02867681567505684,13.157341003417969
9,1,0,0.0002144311730382557,5.677347144228406e-05,0.008141221478581429,0.1,1.6461948011994756,-0.34069763327313296,13.053829193115234
9,1,50,0.0002144311730382557,0.0560239739716053,0.012457992881536484,0.1,0.0018751428988987122,0.14690188388831457,13.151002883911133
9,1,100,0.0002144311730382557,5.320639320416376e-05,0.011040574871003628,0.1,1.9335560062362265,-0.2132373445268502,13.191398620605469
9,1,150,0.0002144311730382557,4.049009658046998e-05,0.007218176499009132,0.1,2.154133603714149,-0.1066523309164307,13.172088623046875
9,2,0,0.0002144311730382557,0.049362912774086,0.00761000020429492,0.1,0.0013572617013997228,0.04282480267104782,13.041173934936523
9,2,50,0.0002144311730382557,0.0003922074392903596,0.016164911910891533,0.1,0.17695551016935113,0.03773623090170205,12.940847396850586
9,2,100,0.0002144311730382557,0.00012973255070392042,0.009744890965521336,0.1,0.5984280384682097,-0.3306116849036374,13.19937801361084
9,2,150,0.0002144311730382557,0.00010438910976517946,0.009052901528775692,0.1,0.8401215162576867,-0.37466685884220047,13.193521499633789
9,3,0,0.0002144311730382557,0.29619738459587097,0.010515055619180202,0.1,0.0009836413882282687,-0.0948566235340522,12.931398391723633
9,3,50,0.0002144311730382557,4.4715772673953325e-05,0.02054757997393608,0.1,2.923822700554246,-0.26971788421691106,13.325018882751465
9,3,100,0.0002144311730382557,0.00010386171925347298,0.011753000319004059,0.1,0.8315720761048971,-0.4684180864346813,13.358320236206055
9,3,150,0.0002144311730382557,0.00019420230819378048,0.011087710037827492,0.1,0.30513098669746785,-0.20793336171351687,13.292186737060547
10,0,0,0.0002043876207173884,0.010819601826369762,0.008020725101232529,0.1,0.0031598551454723894,-0.13095360282320836,13.00241756439209
10,0,50,0.0002043876207173884,0.00013750085781794041,0.007857797667384148,0.1,0.2619828380125734,-0.22955085595406305,13.102312088012695
10,0,100,0.0002043876207173884,0.0001268034684471786,0.009347286075353622,0.1,0.6380387733511007,-0.32994009195983565,12.97449779510498
10,0,150,0.0002043876207173884,8.029426680877805e-05,0.00734057929366827,0.1,0.817247169929988,-0.31260102705075177,13.045501708984375
10,1,0,0.0002043876207173884,0.00647727819159627,0.008337864652276039,0.1,0.00451223087577528,-0.10960063427472148,12.942726135253906
10,1,50,0.0002043876207173884,4.63220858364366e-05,0.009754292666912079,0.1,1.9832383539113645,-0.2141584927956238,13.16325569152832
10,1,100,0.0002043876207173884,6.817538815084845e-05,0.007945357821881771,0.1,1.079756772831247,-0.25725430708491365,13.147344589233398
10,1,150,0.0002043876207173884,7.816391007509083e-05,0.004541811067610979,0.1,0.6040523875503255,-0.2608343484037945,13.140642166137695
10,2,0,0.0002043876207173884,0.0005327090620994568,0.008740288205444813,0.1,0.06899319680759819,-0.19502609883385208,12.884754180908203
10,2,50,0.0002043876207173884,0.0002995639806613326,0.009686139412224293,0.1,0.14560650099243688,-0.2378599057716351,13.254923820495605
10,2,100,0.0002043876207173884,0.0001623362477403134,0.009344463236629963,0.1,0.4150818835834643,-0.13214950746194365,13.031205177307129
10,2,150,0.0002043876207173884,9.542694897390902e-05,0.009591099806129932,0.1,1.0375160184417953,-0.4415940533535049,13.102747917175293
10,3,0,0.0002043876207173884,0.0007693286752328277,0.009543380700051785,0.1,0.06050729282137796,-0.25341865488518767,12.856307983398438
10,3,50,0.0002043876207173884,8.24572634883225e-05,0.01565817929804325,0.1,1.3241105348936475,-0.14046549692100616,13.091789245605469
10,3,100,0.0002043876207173884,9.889980719890445e-05,0.012063873000442982,0.1,1.0589222446460158,-0.27896320861743296,13.111855506896973
10,3,150,0.0002043876207173884,0.00018159365572500974,0.011023561470210552,0.1,0.4893330460191115,-0.41458970933973194,13.107744216918945
11,0,0,0.00019481448947286339,0.0027600170578807592,0.006125590763986111,0.1,0.008743233606836247,-0.1543721104318264,12.955678939819336
11,0,50,0.00019481448947286339,0.00011062966223107651,0.011573313735425472,0.1,0.4694198419404045,-0.15039665565095334,12.916648864746094
11,0,100,0.00019481448947286339,6.289560406003147e-05,0.006783847231417894,0.1,1.1217205016834664,-0.2395082872804787,12.906776428222656
11,0,150,0.00019481448947286339,8.239085582317784e-05,0.0069144172593951225,0.1,0.7664939499908786,-0.41228583369168365,13.025754928588867
11,1,0,0.00019481448947286339,0.0008804817334748805,0.006384020671248436,0.1,0.02415871611494447,-0.16461920833725252,12.9071683883667
11,1,50,0.00019481448947286339,0.00034841775777749717,0.007982343435287476,0.1,0.06417657193383206,-0.16302453435082295,12.985244750976562
11,1,100,0.00019481448947286339,6.947561632841825e-05,0.008485843427479267,0.1,0.6918730900176688,-0.0787253366581713,12.981559753417969
11,1,150,0.00019481448947286339,3.024393299710937e-05,0.004593766760081053,0.1,1.5307329972992956,-0.44695498196243444,12.981863021850586
11,2,0,0.00019481448947286339,0.003970924764871597,0.007637102622538805,0.1,0.006702185788563996,-0.1728626050662989,12.750105857849121
11,2,50,0.00019481448947286339,7.824786735000089e-05,0.0104873888194561,0.1,0.8129086564374861,-0.26912933899529606,13.100616455078125
11,2,100,0.00019481448947286339,9.085374767892063e-05,0.0066177016124129295,0.1,0.649540130528323,-0.29324255600738575,13.030364990234375
11,2,150,0.00019481448947286339,0.0001279892458114773,0.006947032641619444,0.1,0.5001367703704851,-0.44207327242110556,12.953824996948242
11,3,0,0.00019481448947286339,0.061591602861881256,0.009647142142057419,0.1,0.0014896672680956965,-0.08237354732914137,12.827199935913086
11,3,50,0.00019481448947286339,0.00015286805864889175,0.01413805689662695,0.1,0.5981963130140089,-0.15048483190719364,13.05036735534668
11,3,100,0.00019481448947286339,0.00011961173731833696,0.009845325723290443,0.1,0.7535297160851495,-0.48246229392881856,13.10678768157959
11,3,150,0.00019481448947286339,0.00010800676682265475,0.007684165611863136,0.1,0.8494751915621874,-0.3748393106957534,12.955814361572266
12,0,0,0.00018568974566737816,0.06248675659298897,0.004539093933999538,0.1,0.0009571916080585391,-0.10347895666500975,12.935123443603516
12,0,50,0.00018568974566737816,6.624280649702996e-05,0.00719301076605916,0.1,0.5762795616292189,-0.05321987534369404,13.023759841918945
12,0,100,0.00018568974566737816,3.807347820838913e-05,0.0038929677102714777,0.1,1.491151192559596,-0.42657970939176804,13.06556510925293
12,0,150,0.00018568974566737816,4.0662540413904935e-05,0.004192083142697811,0.1,1.1578979272061507,-0.5572150197247774,12.994682312011719
12,1,0,0.00018568974566737816,0.0001767050998751074,0.005232151597738266,0.1,0.1313602819879329,-0.19667384622034256,12.829113960266113
12,1,50,0.00018568974566737816,4.21543991251383e-05,0.004682360682636499,0.1,1.0467165076220728,-0.26218816686109375,13.111249923706055
12,1,100,0.00018568974566737816,9.550830873195082e-05,0.005142440088093281,0.1,0.3472631455710559,-0.3937761340014259,12.963543891906738
12,1,150,0.00018568974566737816,5.668583980877884e-05,0.0034226037096232176,0.1,0.4996291354394827,-0.39532987747826426,13.039807319641113
12,2,0,0.00018568974566737816,0.013847259804606438,0.006682377774268389,0.1,0.0021633113558710325,0.07494097142128757,12.768549919128418
12,2,50,0.00018568974566737816,1.6858411981957033e-05,0.011161061003804207,0.1,6.933167703548269,-0.19239419836866234,13.061662673950195
12,2,100,0.00018568974566737816,0.00019559860811568797,0.008416364900767803,0.1,0.13243371694492218,-0.009646054549751006,12.905357360839844
12,2,150,0.00018568974566737816,0.00010855229629669338,0.006417401134967804,0.1,0.6354983123246013,-0.4059579249659209,12.861949920654297
12,3,0,0.00018568974566737816,0.06723308563232422,0.006887561641633511,0.1,0.0011809016299432666,-0.09931384830976989,12.738688468933105
12,3,50,0.00018568974566737816,6.696995114907622e-05,0.011346744373440742,0.1,1.1721352728219943,-0.23188724282007422,12.927231788635254
12,3,100,0.00018568974566737816,9.831206989474595e-05,0.009359681978821754,0.1,0.8197321584852401,-0.2613945714633682,12.975790023803711
12,3,150,0.00018568974566737816,8.909039752325043e-05,0.007744223345071077,0.1,0.7078142581480762,-0.45941086841122114,12.943159103393555
13,0,0,0.00017699238767770691,0.0005638342699967325,0.005778930149972439,0.1,0.03245638580998608,-0.16848587912189347,12.759209632873535
13,0,50,0.00017699238767770691,2.3393600713461637e-05,0.009116885252296925,0.1,3.197902440877416,-0.05633741821112102,12.982678413391113
13,0,100,0.00017699238767770691,3.400042623979971e-05,0.004208642523735762,0.1,1.62616160619974,-0.3814192689609217,12.856330871582031
13,0,150,0.00017699238767770691,2.5654639102867804e-05,0.00450780987739563,0.1,2.047847382846791,-0.41609855475912005,12.92564868927002
13,1,0,0.00017699238767770691,0.0004641957930289209,0.003871434135362506,0.1,0.03502901915975618,-0.1944388100093534,12.800471305847168
13,1,50,0.00017699238767770691,3.804867446888238e-05,0.005649494472891092,0.1,1.0319799724525018,-0.18270015180790172,13.003008842468262
13,1,100,0.00017699238767770691,6.637557817157358e-05,0.004152895417064428,0.1,0.4388194191148369,-0.3165418708991903,12.966483116149902
13,1,150,0.00017699238767770691,4.2299958295188844e-05,0.004252817947417498,0.1,1.0941405710499625,-0.4268018163333871,12.99073600769043
13,2,0,0.00017699238767770691,0.0017680644523352385,0.006279506254941225,0.1,0.012991541060887606,0.048499755799150446,12.64492416381836
13,2,50,0.00017699238767770691,9.695685002952814e-05,0.008023642003536224,0.1,0.4488866636184279,-0.26804288342407445,12.97982406616211
13,2,100,0.00017699238767770691,5.1301012717885897e-05,0.004642569925636053,0.1,1.0482216387493863,-0.33065856140800337,12.92711067199707
13,2,150,0.00017699238767770691,7.51063198549673e-05,0.004163955803960562,0.1,0.5406536556785865,-0.18480345856442265,12.957429885864258
13,3,0,0.00017699238767770691,0.147081658244133,0.006359821651130915,0.1,0.0010786666833069358,0.009893139517508675,12.756730079650879
13,3,50,0.00017699238767770691,0.00023021311790216714,0.010114968754351139,0.1,0.18955654934709054,0.01599608967021476,13.145588874816895
13,3,100,0.00017699238767770691,6.699359801132232e-05,0.006955008488148451,0.1,1.1169818739894934,-0.3358221130879833,12.959897994995117
13,3,150,0.00017699238767770691,0.00012542953481897712,0.007646452635526657,0.1,0.586726318392802,-0.4734190102712935,12.95148754119873
14,0,0,0.0001687023975571047,5.306433013174683e-05,0.00488008139654994,0.1,0.8685811875471487,-0.30062415240057055,12.805858612060547
14,0,50,0.0001687023975571047,4.789185186382383e-05,0.00385212991386652,0.1,0.8549236952174866,-0.22379842509929646,12.997035026550293
14,0,100,0.0001687023975571047,2.7785805286839604e-05,0.002795939799398184,0.1,1.6703054873713468,-0.34588120573454273,12.842535018920898
14,0,150,0.0001687023975571047,4.254553641658276e-05,0.002976970048621297,0.1,0.8062727631436729,-0.41885359111095194,12.8611421585083
14,1,0,0.0001687023975571047,0.00020156108075752854,0.004018955398350954,0.1,0.0998691482649201,-0.23614057319237172,12.750869750976562
14,1,50,0.0001687023975571047,3.744160494534299e-05,0.005173506680876017,0.1,1.1112633715036584,-0.039418009474213006,12.936393737792969
14,1,100,0.0001687023975571047,3.066426143050194e-05,0.0036526108160614967,0.1,1.3428354173650556,-0.2931719646400173,12.919286727905273
14,1,150,0.0001687023975571047,2.7683714506565593e-05,0.003701950889080763,0.1,1.2482995044105998,-0.26762399220966093,12.934659004211426
14,2,0,0.0001687023975571047,0.008684699423611164,0.005206040106713772,0.1,0.002385727545269166,0.0756184088674018,12.714908599853516
14,2,50,0.0001687023975571047,6.598325853701681e-05,0.009592303074896336,0.1,0.6752668326223266,0.004068283903881231,12.968551635742188
14,2,100,0.0001687023975571047,0.00010178019874729216,0.00527841504663229,0.1,0.37896374709293523,-0.3577851295293388,12.889288902282715
14,2,150,0.0001687023975571047,8.164820610545576e-05,0.005151130259037018,0.1,0.5506274096221295,-0.4125510870670278,12.926559448242188
14,3,0,0.0001687023975571047,0.07885421812534332,0.0061769019812345505,0.1,0.000983547615439345,-0.08871249887481257,12.736462593078613
14,3,50,0.0001687023975571047,7.26995276636444e-05,0.008542980067431927,0.1,0.6899342378959017,-0.05775126714499961,12.964486122131348
14,3,100,0.0001687023975571047,6.921721796970814e-05,0.005814121570438147,0.1,0.529466112627758,-0.21758254120835563,12.872682571411133
14,3,150,0.0001687023975571047,0.0002134801761712879,0.013909192755818367,0.1,0.26144823397373834,-0.09688400452457535,12.418487548828125
15,0,0,0.00016080069496175379,0.0003901094605680555,0.0043114470317959785,0.1,0.034413311015209724,-0.16512478777583595,12.732307434082031
15,0,50,0.00016080069496175379,4.233494837535545e-05,0.0051665715873241425,0.1,0.7399423781867396,-0.40251799703775504,12.892374992370605
15,0,100,0.00016080069496175379,3.355163789819926e-05,0.003757043741643429,0.1,1.0136623005922212,-0.2595619021009895,12.887381553649902
15,0,150,0.00016080069496175379,4.386468935990706e-05,0.0030990829691290855,0.1,0.7181597747092906,-0.380202601150342,12.895493507385254
15,1,0,0.00016080069496175379,1.9784416508628055e-05,0.0032853076700121164,0.1,2.475189027913046,-0.4141788252353363,12.76043701171875
15,1,50,0.00016080069496175379,2.937685167125892e-05,0.007734700106084347,0.1,1.728174032546906,-0.07431984671427455,12.83241081237793
15,1,100,0.00016080069496175379,1.4783448023081291e-05,0.0032174631487578154,0.1,3.048141700771983,-0.14866008030027691,12.909933090209961
15,1,150,0.00016080069496175379,1.941927803272847e-05,0.0033757807686924934,0.1,2.2562128391432847,-0.1691112268537733,12.880626678466797
15,2,0,0.00016080069496175379,0.0006143660866655409,0.004349963739514351,0.1,0.025385105270706303,-0.1887119271485247,12.641220092773438
15,2,50,0.00016080069496175379,0.00035483529791235924,0.0049781715497374535,0.1,0.052431205337778806,-0.21985923104969102,12.915674209594727
15,2,100,0.00016080069496175379,5.558577322517522e-05,0.0032435378525406122,0.1,0.7985248467398939,-0.4694970586987432,12.811588287353516
15,2,150,0.00016080069496175379,4.2542371375020593e-05,0.003904707496985793,0.1,0.9169970768810252,-0.3844223759577325,12.854516983032227
15,3,0,0.00016080069496175379,0.09561476111412048,0.0072394562885165215,0.1,0.00099805980325724,-0.012764558846724516,12.674505233764648
15,3,50,0.00016080069496175379,0.00012101149332011119,0.004273239988833666,0.1,0.35139431046670966,-0.16653797301966913,12.832700729370117
15,3,100,0.00016080069496175379,0.0013509386917576194,0.009711661376059055,0.1,0.014641188958133818,-0.10116222083797792,12.939592361450195
15,3,150,0.00016080069496175379,9.056879935087636e-05,0.004942275583744049,0.1,0.3997115997523675,-0.38438765094241956,12.884838104248047
16,0,0,0.00015326909323520784,0.06935478001832962,0.0026839887723326683,0.1,0.0005718977458463153,-0.06848702296964916,12.803020477294922
16,0,50,0.00015326909323520784,3.6604156775865704e-05,0.004574953578412533,0.1,1.3460182789036028,-0.3962758914793749,12.822705268859863
16,0,100,0.00015326909323520784,3.849196946248412e-05,0.0034215454943478107,0.1,0.7639096219814312,-0.3045150217400019,12.805391311645508
16,0,150,0.00015326909323520784,2.413876609352883e-05,0.002792768180370331,0.1,1.466436871229088,-0.3467786608660738,12.881612777709961
16,1,0,0.00015326909323520784,3.396087413420901e-05,0.00377408554777503,0.1,0.6557622557320368,-0.11344011380894395,12.753110885620117
16,1,50,0.00015326909323520784,2.3990041881916113e-05,0.0036508115008473396,0.1,1.1070975414688196,-0.032442056176428716,12.849630355834961
16,1,100,0.00015326909323520784,3.012458182638511e-05,0.0033657385502010584,0.1,1.2691016071215708,-0.19750482226605276,12.835275650024414
16,1,150,0.00015326909323520784,2.761399809969589e-05,0.0028218920342624187,0.1,1.2448180489368756,-0.1408459626975465,12.83776569366455
16,2,0,0.00015326909323520784,0.001339837210252881,0.003925846423953772,0.1,0.011446144925455521,-0.2003559972462317,12.674826622009277
16,2,50,0.00015326909323520784,1.092214461095864e-05,0.00651554437354207,0.1,3.9085616258631375,-0.21642298721522216,12.772907257080078
16,2,100,0.00015326909323520784,5.5819917179178447e-05,0.002659110352396965,0.1,0.40246237054862055,-0.238541323732051,12.8198881149292
16,2,150,0.00015326909323520784,4.9127098463941365e-05,0.003784829517826438,0.1,0.7623062282904915,-0.24755071984337065,12.854881286621094
16,3,0,0.00015326909323520784,0.0003369956975802779,0.0040958598256111145,0.1,0.06279383174423875,-0.31151373793794995,12.721095085144043
16,3,50,0.00015326909323520784,7.171573815867305e-05,0.01080621313303709,0.1,0.42861612861602894,-0.15615947334605243,12.772565841674805
16,3,100,0.00015326909323520784,5.817240889882669e-05,0.006117943208664656,0.1,0.707024848519755,-0.37262069772885775,12.855789184570312
16,3,150,0.00015326909323520784,4.512268787948415e-05,0.00523495813831687,0.1,1.1460534900401542,-0.5007012676037218,12.838700294494629
17,0,0,0.00014609025754975895,8.074892684817314e-05,0.0031596836633980274,0.1,0.26701689341017926,-0.34472304394602243,12.743839263916016
17,0,50,0.00014609025754975895,2.583404420875013e-05,0.005686689168214798,0.1,1.0472770672087837,-0.11517163339057848,12.755751609802246
17,0,100,0.00014609025754975895,2.7831702027469873e-05,0.002424672245979309,0.1,1.076085352470345,-0.16538424865710885,12.835658073425293
17,0,150,0.00014609025754975895,2.2728498151991516e-05,0.002559123793616891,0.1,1.2458509309676153,-0.3887859891508726,12.851365089416504
17,1,0,0.00014609025754975895,5.188316572457552e-05,0.0022761982399970293,0.1,0.2594640236301223,-0.2424735658982163,12.728860855102539
17,1,50,0.00014609025754975895,2.416764255031012e-05,0.0055085523054003716,0.1,0.8743585428231777,-0.013847399788492327,12.790887832641602
17,1,100,0.00014609025754975895,2.348788984818384e-05,0.002537175314500928,0.1,1.0134108718570758,-0.22551980987341552,12.767416000366211
17,1,150,0.00014609025754975895,1.4643841495853849e-05,0.003119331318885088,0.1,2.9357726617429734,-0.38287999287895597,12.802373886108398
17,2,0,0.00014609025754975895,0.1461733728647232,0.004369672853499651,0.1,0.0006992835514238545,0.22877334224063042,12.616348266601562
17,2,50,0.00014609025754975895,4.517694469541311e-05,0.004284814931452274,0.1,0.6311013330531333,-0.23411995771553204,12.815709114074707
17,2,100,0.00014609025754975895,4.6738066885154694e-05,0.0029626842588186264,0.1,0.8774141039199858,-0.2880291330220393,12.840933799743652
17,2,150,0.00014609025754975895,4.921787331113592e-05,0.0037209726870059967,0.1,0.8197360509526526,-0.26211285800145867,12.818265914916992
17,3,0,0.00014609025754975895,0.11513102054595947,0.004447724670171738,0.1,0.000682770551570985,0.016592095281634606,12.728923797607422
17,3,50,0.00014609025754975895,0.0021179490722715855,0.005866244900971651,0.1,0.009296693121641324,-0.18262323407674416,12.869688987731934
17,3,100,0.00014609025754975895,8.294889266835526e-05,0.005974628031253815,0.1,0.3481250815051657,-0.2750940930850626,12.829633712768555
17,3,150,0.00014609025754975895,8.617888670414686e-05,0.0056470464915037155,0.1,0.4834727222947291,-0.44122818846392065,12.842630386352539
18,0,0,0.00013924766500838338,8.021538815228269e-05,0.0024068488273769617,0.1,0.26637877793741593,-0.3321227916180828,12.697320938110352
18,0,50,0.00013924766500838338,1.2518669791461434e-05,0.006365232169628143,0.1,5.269766750770163,-0.1034888417538808,12.887787818908691
18,0,100,0.00013924766500838338,2.081572893075645e-05,0.003825575578957796,0.1,1.5077019981241282,-0.3795741349873621,12.819961547851562
18,0,150,0.00013924766500838338,2.863701229216531e-05,0.0029742312617599964,0.1,0.827027158014778,-0.4485502588481586,12.784515380859375
18,1,0,0.00013924766500838338,0.00024619128089398146,0.0034308370668441057,0.1,0.043228798227946424,0.028690607713832923,12.75558853149414
18,1,50,0.00013924766500838338,4.764484037877992e-05,0.003331064945086837,0.1,0.6752545058259204,-0.3522805696061629,12.751300811767578
18,1,100,0.00013924766500838338,2.4030952772591263e-05,0.002895896788686514,0.1,1.5221938618552036,-0.48731356518485897,12.714111328125
18,1,150,0.00013924766500838338,2.1589130483334884e-05,0.0017489346209913492,0.1,1.2354382590499258,-0.22663575276066478,12.71406364440918
18,2,0,0.00013924766500838338,0.00014733540592715144,0.0025108640547841787,0.1,0.10241726381983338,-0.17919540912588908,12.678812026977539
18,2,50,0.00013924766500838338,0.00010656205267878249,0.0047631897032260895,0.1,0.18198777182466427,-0.22803043406102977,12.881593704223633
18,2,100,0.00013924766500838338,3.026055492227897e-05,0.0026410960126668215,0.1,1.0163071512309498,-0.34430841391328626,12.77314567565918
18,2,150,0.00013924766500838338,4.0496583096683025e-05,0.0037242122925817966,0.1,0.9503567872715114,-0.41847764512308144,12.829853057861328
18,3,0,0.00013924766500838338,0.001592330983839929,0.0041696312837302685,0.1,0.01182527136820005,-0.2651875759752231,12.733403205871582
18,3,50,0.00013924766500838338,5.829990186612122e-06,0.00777771882712841,0.1,8.229711253099362,-0.1108240451305518,12.877598762512207
18,3,100,0.00013924766500838338,0.00025785615434870124,0.005790750961750746,0.1,0.059855601311116655,0.0246589877584008,12.642711639404297
18,3,150,0.00013924766500838338,9.456268890062347e-05,0.005063368007540703,0.1,0.41921083107719553,-0.31697376512825715,12.735301971435547
19,0,0,0.0001327255666154375,5.0682079745456576e-05,0.0026580500416457653,0.1,0.2708249290256815,-0.28837210557172643,12.648527145385742
19,0,50,0.0001327255666154375,9.091407264349982e-05,0.0034183342941105366,0.1,0.23487570237779715,-0.14724656277306006,13.111833572387695
19,0,100,0.0001327255666154375,1.5925150364637375e-05,0.0024721177760511637,0.1,1.888459678697059,-0.41800536450095027,12.784659385681152
19,0,150,0.0001327255666154375,3.008538988069631e-05,0.0029266723431646824,0.1,0.9830737929307924,-0.48879990017680813,12.786348342895508
19,1,0,0.0001327255666154375,7.122819079086185e-05,0.0031141662038862705,0.1,0.18408093874255219,-0.07546407188846825,12.665960311889648
19,1,50,0.0001327255666154375,5.171039083506912e-05,0.002491655759513378,0.1,0.3768054991743354,-0.036397523975970736,12.684502601623535
19,1,100,0.0001327255666154375,1.9500968846841715e-05,0.0025283456780016422,0.1,1.3192618072433209,-0.4468870897516505,12.779428482055664
19,1,150,0.0001327255666154375,1.6642285117995925e-05,0.0017769613768905401,0.1,1.5732983140708576,-0.32417331047240366,12.740302085876465
19,2,0,0.0001327255666154375,0.00041784351924434304,0.0041174753569066525,0.1,0.03854911142151819,-0.09452818649212322,12.633401870727539
19,2,50,0.0001327255666154375,9.766678704181686e-05,0.004677553195506334,0.1,0.13736449903460346,0.01137851516298449,12.816862106323242
19,2,100,0.0001327255666154375,3.465429472271353e-05,0.0027994285337626934,0.1,0.9394018295777258,-0.4770144266306449,12.753988265991211
19,2,150,0.0001327255666154375,4.5057829993311316e-05,0.00340898591093719,0.1,0.8130260642440464,-0.5112932716865921,12.770918846130371
19,3,0,0.0001327255666154375,0.0008673905394971371,0.004519298207014799,0.1,0.01498308929874186,-0.17172052738346197,12.704970359802246
19,3,50,0.0001327255666154375,7.93643994256854e-06,0.005358729045838118,0.1,3.5083792825281765,-0.03240076010598043,12.877896308898926
19,3,100,0.0001327255666154375,5.620036245090887e-05,0.004419037606567144,0.1,0.4234800183120729,-0.11788231499662827,12.739538192749023
19,3,150,0.0001327255666154375,4.663363142753951e-05,0.003122673835605383,0.1,0.476217482179159,-0.37526981851963587,12.799932479858398
20,0,0,0.00012650895102857466,5.263865750748664e-05,0.0025925294030457735,0.1,0.2403009370810485,-0.2818232255156442,12.650272369384766
20,0,50,0.00012650895102857466,2.0205057808198035e-05,0.0016026223311200738,0.1,1.0290620392229732,-0.12179772588580673,12.824087142944336
20,0,100,0.00012650895102857466,2.3919146769912913e-05,0.002292267745360732,0.1,0.6934513440519297,-0.34616150598036155,12.72067642211914
20,0,150,0.00012650895102857466,1.7553069483255967e-05,0.001839153585024178,0.1,1.4576680162026565,-0.4205618837806284,12.754088401794434
20,1,0,0.00012650895102857466,1.3347402273211628e-05,0.001953135011717677,0.1,1.9692539360817631,-0.44333131900883443,12.74765396118164
20,1,50,0.00012650895102857466,0.03534509986639023,0.002531318226829171,0.1,0.0004900289136800575,-0.08690303888076373,12.779077529907227
20,1,100,0.00012650895102857466,3.150301563437097e-05,0.003006869927048683,0.1,0.3690292614968481,0.006926724164159466,12.81937026977539
20,1,150,0.00012650895102857466,1.7926467990037054e-05,0.002401280216872692,0.1,0.9704997822588809,-0.2210162283261162,12.712698936462402
20,2,0,0.00012650895102857466,8.385155524592847e-05,0.0028602727688848972,0.1,0.18507372559778937,-0.2571254082995773,12.640118598937988
20,2,50,0.00012650895102857466,4.6655120968353e-05,0.005011416040360928,0.1,0.337783481220683,-0.16415146598933533,12.760112762451172
20,2,100,0.00012650895102857466,4.737876952276565e-05,0.0028299090918153524,0.1,0.5753754093004936,-0.2739207270178531,12.737993240356445
20,2,150,0.00012650895102857466,2.682258127606474e-05,0.001943149953149259,0.1,0.9072712534343071,-0.29515955734484334,12.727645874023438
20,3,0,0.00012650895102857466,0.0006575360894203186,0.0033238944597542286,0.1,0.018670389859967437,-0.21244235380720794,12.66511344909668
20,3,50,0.00012650895102857466,3.8635116652585566e-05,0.003920065704733133,0.1,0.8101257949504869,-0.11302171913511432,12.763761520385742
20,3,100,0.00012650895102857466,6.800668779760599e-05,0.004209248349070549,0.1,0.5071207243942787,-0.4271908437653027,12.754383087158203
20,3,150,0.00012650895102857466,4.547468415694311e-05,0.0029557268135249615,0.1,0.6816131807754404,-0.39728469059950516,12.719826698303223
21,0,0,0.00012058351000845376,3.288972220616415e-05,0.0021093615796417,0.1,0.4289761822634887,-0.3890561815452797,12.698712348937988
21,0,50,0.00012058351000845376,4.0042519685812294e-05,0.0025332823861390352,0.1,0.32932699021730233,-0.29187472022973104,12.737537384033203
21,0,100,0.00012058351000845376,1.8798895325744525e-05,0.001963941380381584,0.1,1.0935866079816843,-0.41841392960585816,12.664588928222656
21,0,150,0.00012058351000845376,1.2946671631652862e-05,0.001418259576894343,0.1,1.0482152643646938,-0.41709867952113805,12.726478576660156
21,1,0,0.00012058351000845376,3.284554622950964e-05,0.0026982901617884636,0.1,0.5065776961152533,-0.32310624881075123,12.688518524169922
21,1,50,0.00012058351000845376,9.405855962540954e-06,0.0024424330331385136,0.1,1.6460209116820455,-0.27645951726805984,12.801852226257324
21,1,100,0.00012058351000845376,2.4108896468533203e-05,0.00202547712251544,0.1,0.9744493984438014,-0.2712577632034927,12.695685386657715
21,1,150,0.00012058351000845376,1.710939613985829e-05,0.0016677406383678317,0.1,1.032218659788672,-0.33469997807132595,12.761348724365234
21,2,0,0.00012058351000845376,0.005184938199818134,0.0022919615730643272,0.1,0.001448996197431411,-0.11792383952683108,12.637897491455078
21,2,50,0.00012058351000845376,2.4449616830679588e-05,0.005068973172456026,0.1,1.4593252338024538,-0.10395850572051814,12.738031387329102
21,2,100,0.00012058351000845376,3.3105734473792836e-05,0.0018842261051759124,0.1,0.39922142238215935,-0.2944045986914315,12.721738815307617
21,2,150,0.00012058351000845376,3.899125658790581e-05,0.002768237143754959,0.1,0.6831009723687886,-0.4974183219593858,12.758648872375488
21,3,0,0.00012058351000845376,0.000608517846558243,0.002860556822270155,0.1,0.021616420851554186,-0.12021811827632216,12.673449516296387
21,3,50,0.00012058351000845376,7.808872032910585e-05,0.005652429535984993,0.1,0.27350591712069944,-0.00848743528452072,12.852729797363281
21,3,100,0.00012058351000845376,4.1321327444165945e-05,0.0035130283795297146,0.1,0.6086465970808753,-0.2414131805656559,12.727642059326172
21,3,150,0.00012058351000845376,3.645516699180007e-05,0.00421800184994936,0.1,0.9765623831053674,-0.4680936622419765,12.718311309814453
22,0,0,0.00011493560548671862,4.9034555559046566e-05,0.0020114874932914972,0.1,0.19273473697655066,-0.28810376842371616,12.65754508972168
22,0,50,0.00011493560548671862,3.086535070906393e-05,0.0024013046640902758,0.1,0.6850007212170791,-0.19345512093103953,12.798702239990234
22,0,100,0.00011493560548671862,0.0010501055512577295,0.0025446347426623106,0.1,0.029474064639154546,0.18109022506628705,12.367534637451172
22,0,150,0.00011493560548671862,5.364362891668861e-07,0.008260334841907024,0.1,26.594985786346687,-0.038545165633923635,13.045999526977539
22,1,0,0.00011493560548671862,1.5656758478144184e-05,0.0015238444320857525,0.1,1.103310238403815,-0.1475478135739978,12.69257926940918
22,1,50,0.00011493560548671862,2.8118853151681833e-05,0.0015487921191379428,0.1,0.4748567877477061,-0.12335013978437948,12.739215850830078
22,1,100,0.00011493560548671862,1.384283859806601e-05,0.0022626554127782583,0.1,1.788236489129989,-0.4107395499709199,12.723193168640137
22,1,150,0.00011493560548671862,1.5874142263783142e-05,0.001456965459510684,0.1,0.7584896512816898,-0.32894784328275656,12.731864929199219
22,2,0,0.00011493560548671862,0.00019253803475294262,0.002096346579492092,0.1,0.038944195721104836,-0.2096765655814669,12.647736549377441
22,2,50,0.00011493560548671862,1.7277547158300877e-05,0.002940374193713069,0.1,2.047698676988997,-0.2002867720417144,12.699519157409668
22,2,100,0.00011493560548671862,2.1902171283727512e-05,0.0025615172926336527,0.1,1.36766018600818,-0.3458340844650365,12.730314254760742
22,2,150,0.00011493560548671862,3.2152700441656634e-05,0.0030098739080131054,0.1,0.8186552890759982,-0.5049244984265346,12.699613571166992
22,3,0,0.00011493560548671862,0.0011772183934226632,0.003846874227747321,0.1,0.00887873601179197,-0.14239975516592285,12.636909484863281
22,3,50,0.00011493560548671862,6.60966761643067e-05,0.0036206040531396866,0.1,0.3550762812025797,-0.36596905860512263,12.677911758422852
22,3,100,0.00011493560548671862,4.8197405703831464e-05,0.003114042105153203,0.1,0.5002184584315801,-0.3592567441634741,12.744134902954102
22,3,150,0.00011493560548671862,2.7077980121248402e-05,0.0023510714527219534,0.1,0.9742218239332086,-0.3368552295721397,12.731511116027832
23,0,0,0.00010955223817645132,1.575494752614759e-05,0.0022425760980695486,0.1,0.9434285984575167,-0.359754728131126,12.564164161682129
23,0,50,0.00010955223817645132,8.629445801489055e-06,0.0018854390364140272,0.1,2.003907774511528,-0.390595697466547,12.74437141418457
23,0,100,0.00010955223817645132,1.275690556212794e-05,0.0020463571418076754,0.1,1.458648322396703,-0.6236675310948381,12.622722625732422
23,0,150,0.00010955223817645132,9.668751772551332e-06,0.0014725179644301534,0.1,1.4231009348514718,-0.6607192213628524,12.68794059753418
23,1,0,0.00010955223817645132,0.04655931517481804,0.0024641549680382013,0.1,0.0003999180206357476,0.1250154393968292,12.585803031921387
23,1,50,0.00010955223817645132,3.374123480170965e-05,0.0020516805816441774,0.1,0.4667013620320099,-0.12911656456342857,12.7052001953125
23,1,100,0.00010955223817645132,1.6625515854684636e-05,0.001513394177891314,0.1,1.2317348187211665,-0.2869679772363361,12.712005615234375
23,1,150,0.00010955223817645132,1.560451892146375e-05,0.001758244470693171,0.1,1.0495955875092908,-0.08973802856896196,12.691572189331055
23,2,0,0.00010955223817645132,1.4649129298049957e-05,0.002612402429804206,0.1,1.4444576917222332,-0.24765406177857974,12.550580978393555
23,2,50,0.00010955223817645132,4.5948527258588e-06,0.0045195044949650764,0.1,2.6483438565205866,-0.19532165822277847,12.862688064575195
23,2,100,0.00010955223817645132,4.3321742850821465e-05,0.0034944333601742983,0.1,0.6784005946126879,-0.08696405183935625,12.745874404907227
23,2,150,0.00010955223817645132,1.8694794562179595e-05,0.002189461374655366,0.1,1.3041863553541042,-0.4224988255020114,12.713421821594238
23,3,0,0.00010955223817645132,0.0003569565014913678,0.003487500362098217,0.1,0.029234772526799818,-0.1806228880528503,12.59366226196289
23,3,50,0.00010955223817645132,0.00011700389586621895,0.006551867350935936,0.1,0.09925838545757804,-0.11237664176022652,12.713576316833496
23,3,100,0.00010955223817645132,2.4799568564048968e-05,0.0026284735649824142,0.1,0.8777532971402705,-0.24684891678611187,12.709559440612793
23,3,150,0.00010955223817645132,4.5796699851052836e-05,0.0032849793788045645,0.1,0.5051813532739899,-0.33878559644258205,12.656927108764648
24,0,0,0.00010442101765285233,6.603733345400542e-05,0.0015534217236563563,0.1,0.0884569044431005,-0.2633761040606903,12.657074928283691
24,0,50,0.00010442101765285233,2.7294023311696947e-05,0.0020518554374575615,0.1,0.5098578762898905,-0.12118069369113561,12.670527458190918
24,0,100,0.00010442101765285233,1.2771826732205227e-05,0.0012661002110689878,0.1,1.204676522972675,-0.4296492858678759,12.682559967041016
24,0,150,0.00010442101765285233,1.3198425222071819e-05,0.0015086124185472727,0.1,1.4173573246660698,-0.6114533178712719,12.67107105255127
24,1,0,0.00010442101765285233,1.719226384011563e-05,0.0013481560163199902,0.1,0.5498184286400551,-0.2857895053823718,12.616744995117188
24,1,50,0.00010442101765285233,1.5420311683556065e-05,0.0016499176854267716,0.1,1.1113535923889413,-0.38363008402178844,12.779576301574707
24,1,100,0.00010442101765285233,1.9380566300242208e-05,0.001822077319957316,0.1,0.5787832934871153,-0.3561698823376994,12.702095031738281
24,1,150,0.00010442101765285233,1.2445165339158848e-05,0.0012248922139406204,0.1,0.6755070445666819,-0.311022103516617,12.70090103149414
24,2,0,0.00010442101765285233,0.00014211851521395147,0.002959197387099266,0.1,0.11410575294548163,-0.24924021701290305,12.544445037841797
24,2,50,0.00010442101765285233,3.307517908979207e-05,0.0020966744050383568,0.1,0.48414302847626406,-0.4048961280779272,12.714188575744629
24,2,100,0.00010442101765285233,1.6863727068994194e-05,0.001463594613596797,0.1,0.9182765482251192,-0.45815125126662726,12.674983978271484
24,2,150,0.00010442101765285233,1.4269439816416707e-05,0.001160245155915618,0.1,1.2208317739051866,-0.37469905172147827,12.639490127563477
24,3,0,0.00010442101765285233,0.00024308625143021345,0.003286979394033551,0.1,0.04349969986733457,-0.1986944894534676,12.656917572021484
24,3,50,0.00010442101765285233,3.6097517295274884e-05,0.002468143356963992,0.1,0.4786112983767316,-0.38171862504887955,12.667383193969727
24,3,100,0.00010442101765285233,2.8852347895735875e-05,0.002401479985564947,0.1,0.7019851913984813,-0.36352560904602144,12.712777137756348
24,3,150,0.00010442101765285233,3.081469185417518e-05,0.0028186512645334005,0.1,0.6180849747753657,-0.4591316841747004,12.696730613708496
25,0,0,9.953013383528571e-05,1.9608223738032393e-05,0.0011435890337452292,0.1,0.4927127879249077,-0.5042142696557128,12.601057052612305
25,0,50,9.953013383528571e-05,1.9611379684647545e-05,0.0017683322075754404,0.1,1.2321105405322375,-0.08950981328747983,12.605202674865723
25,0,100,9.953013383528571e-05,1.2034218343615066e-05,0.0013714823871850967,0.1,1.203071674199342,-0.4433134752468819,12.693330764770508
25,0,150,9.953013383528571e-05,1.3731023500440642e-05,0.0010951776057481766,0.1,0.9763773231892454,-0.3804316432687951,12.652398109436035
25,1,0,9.953013383528571e-05,2.273738937219605e-05,0.0016251110937446356,0.1,0.32655848389933606,-0.28235642324270266,12.567386627197266
25,1,50,9.953013383528571e-05,4.980679932486964e-06,0.0007961037917993963,0.1,2.802763835294044,-0.09193008846477396,12.741952896118164
25,1,100,9.953013383528571e-05,8.640665328130126e-06,0.0009521327447146177,0.1,1.3955709027635919,-0.5212690360871295,12.63759708404541
25,1,150,9.953013383528571e-05,7.642312084499281e-06,0.0009399569244123995,0.1,1.4463732019934985,-0.5979594597972449,12.667047500610352
25,2,0,9.953013383528571e-05,0.0024636874441057444,0.001887782826088369,0.1,0.0020522704747083986,0.10783389993622511,12.606218338012695
25,2,50,9.953013383528571e-05,1.2255757610546425e-05,0.0027860875707119703,0.1,1.4891753727538382,-0.26122593522471915,12.668156623840332
25,2,100,9.953013383528571e-05,1.3859643331670668e-05,0.001867791055701673,0.1,1.4831259972957973,-0.5182193198433667,12.640923500061035
25,2,150,9.953013383528571e-05,2.0125344235566445e-05,0.0020150423515588045,0.1,1.1408377335280393,-0.5978830995386268,12.640884399414062
25,3,0,9.953013383528571e-05,0.00025922892382368445,0.0029554693028330803,0.1,0.04414962131223275,-0.09908183069987035,12.620748519897461
25,3,50,9.953013383528571e-05,5.091230559628457e-05,0.0024670164566487074,0.1,0.31838793829606254,-0.3550817954122241,12.660131454467773
25,3,100,9.953013383528571e-05,3.430223296163604e-05,0.002459246665239334,0.1,0.64023269486809,-0.4442942366632892,12.62529468536377
25,3,150,9.953013383528571e-05,2.2924392396816984e-05,0.0016597795765846968,0.1,0.7385278327404734,-0.17913375774707474,12.672886848449707
26,0,0,9.486832980505139e-05,1.797811819415074e-05,0.0013055057497695088,0.1,0.4509229769920245,-0.38289445890059176,12.598176002502441
26,0,50,9.486832980505139e-05,1.1374844689271413e-05,0.0012051541125401855,0.1,1.0243330751189632,-0.531910347045488,12.605769157409668
26,0,100,9.486832980505139e-05,9.344645150122233e-06,0.0011932902270928025,0.1,1.1506605413035929,-0.5502210306216698,12.637226104736328
26,0,150,9.486832980505139e-05,1.1160697795276064e-05,0.0010666170855984092,0.1,1.0050847753434975,-0.7160324773322929,12.67019271850586
26,1,0,9.486832980505139e-05,7.882614227128215e-06,0.0011197482235729694,0.1,1.864143207567569,-0.32065435358576555,12.659673690795898
26,1,50,9.486832980505139e-05,4.878080289927311e-06,0.0019962366204708815,0.1,1.8114845675886713,-0.2025281718716884,12.684720039367676
26,1,100,9.486832980505139e-05,1.287775012315251e-05,0.0014103174908086658,0.1,0.8660524973090807,-0.2905395687383301,12.665353775024414
26,1,150,9.486832980505139e-05,8.59781175677199e-06,0.0012461466249078512,0.1,1.5554980599681743,-0.2774820781955171,12.66071891784668
26,2,0,9.486832980505139e-05,3.6469296901486814e-05,0.0011850063456222415,0.1,0.23145762278941234,-0.3589936640054591,12.608198165893555
26,2,50,9.486832980505139e-05,4.068542693858035e-05,0.0019455848960205913,0.1,0.24891155819343,-0.2054215947887873,12.628742218017578
26,2,100,9.486832980505139e-05,1.6533991583855823e-05,0.001278589596040547,0.1,0.7395135252969953,-0.4227338924425963,12.625375747680664
26,2,150,9.486832980505139e-05,1.3203964954300318e-05,0.0015840549021959305,0.1,1.2072948999403188,-0.5047967843904627,12.621393203735352
26,3,0,9.486832980505139e-05,0.00018156949954573065,0.0021782545372843742,0.1,0.050238543160762865,-0.28421594579616666,12.624307632446289
26,3,50,9.486832980505139e-05,0.0022505600936710835,0.0027207457460463047,0.1,0.0023950066245335276,0.0477230707500336,12.702672004699707
26,3,100,9.486832980505139e-05,3.822511280304752e-05,0.0029901787638664246,0.1,0.3911609903135237,-0.010129722172839742,12.661836624145508
26,3,150,9.486832980505139e-05,1.556151983095333e-05,0.0019485923694446683,0.1,0.7934473464699788,-0.38952743332981005,12.638267517089844
27,0,0,9.042487589632169e-05,7.090994586178567e-06,0.0009959493763744831,0.1,1.7105256427911004,-0.4478311543868105,12.595605850219727
27,0,50,9.042487589632169e-05,1.0151214155484922e-05,0.0012492587557062507,0.1,1.2707880018124151,-0.4928690926017154,12.642234802246094
27,0,100,9.042487589632169e-05,8.141480066115037e-06,0.0008794419118203223,0.1,1.2354177315458623,-0.5325835822662339,12.624281883239746
27,0,150,9.042487589632169e-05,8.888393494999036e-06,0.0012821299023926258,0.1,1.4031640834306625,-0.6763003918012123,12.622227668762207
27,1,0,9.042487589632169e-05,8.849312507663853e-06,0.0013495424063876271,0.1,1.8294323200231355,-0.36457706279289204,12.605670928955078
27,1,50,9.042487589632169e-05,1.67560028785374e-05,0.0012622149661183357,0.1,0.9801975390886722,-0.16422851691061144,12.694554328918457
27,1,100,9.042487589632169e-05,9.40245263336692e-06,0.001026821555569768,0.1,1.2298698984552074,-0.509593477348001,12.630537986755371
27,1,150,9.042487589632169e-05,1.076752414519433e-05,0.0009142584749497473,0.1,0.7494526170918508,-0.4248837887168623,12.627342224121094
27,2,0,9.042487589632169e-05,2.413555557723157e-05,0.0015327618457376957,0.1,0.41846727338011347,-0.286701108912978,12.57461929321289
27,2,50,9.042487589632169e-05,1.3582175597548485e-05,0.0013609828893095255,0.1,1.2188934076333509,-0.5770043339588918,12.605155944824219
27,2,100,9.042487589632169e-05,1.167116170108784e-05,0.001160565298050642,0.1,1.243389023218572,-0.6650920172759534,12.626335144042969
27,2,150,9.042487589632169e-05,1.185740256914869e-05,0.0012212068540975451,0.1,1.1446053215762206,-0.6916309771106094,12.602823257446289
27,3,0,9.042487589632169e-05,4.965548941981979e-05,0.0014766217209398746,0.1,0.18652043278229902,-0.2787915394806514,12.617263793945312
27,3,50,9.042487589632169e-05,2.0414502159837866e-06,0.002517064567655325,0.1,9.121348159371625,-0.39732153407405624,12.6401948928833
27,3,100,9.042487589632169e-05,5.070125189376995e-05,0.003691275604069233,0.1,0.36896974042976854,-0.1566121056671808,12.656473159790039
27,3,150,9.042487589632169e-05,2.1650426788255572e-05,0.0023579078260809183,0.1,0.8152180543571096,-0.41577237186531424,12.659748077392578
28,0,0,8.618954500060995e-05,1.5859217455727048e-05,0.0009884006576612592,0.1,0.4372985052775533,-0.41327080129864013,12.626072883605957
28,0,50,8.618954500060995e-05,6.485663561761612e-06,0.0010022888891398907,0.1,1.7734902552133747,-0.6352560466254554,12.636597633361816
28,0,100,8.618954500060995e-05,5.572983354795724e-06,0.000652611197438091,0.1,1.5479621156289334,-0.623600541577631,12.641037940979004
28,0,150,8.618954500060995e-05,4.3883492253371514e-06,0.0005152132362127304,0.1,1.4217387247705595,-0.6057964382090155,12.628189086914062
28,1,0,8.618954500060995e-05,8.99245515029179e-06,0.0010703970910981297,0.1,0.7950345238499186,-0.3720779135207672,12.625358581542969
28,1,50,8.618954500060995e-05,4.894997346127639e-06,0.0014341945061460137,0.1,3.1193594325185137,-0.17257084706049028,12.680489540100098
28,1,100,8.618954500060995e-05,1.4955857295717578e-05,0.0009626471437513828,0.1,0.4307742096457496,-0.38238307571921326,12.661809921264648
28,1,150,8.618954500060995e-05,9.335377399111167e-06,0.0007554730982519686,0.1,0.9265794648665294,-0.38967667004848594,12.67138385772705
28,2,0,8.618954500060995e-05,1.2946840797667392e-05,0.0010417104931548238,0.1,0.7743260257029752,-0.44028712845715756,12.619028091430664
28,2,50,8.618954500060995e-05,1.4910188838257454e-05,0.0010263078147545457,0.1,0.8840742534238982,-0.5752017521201763,12.623574256896973
28,2,100,8.618954500060995e-05,9.076546120923012e-06,0.0008423124672845006,0.1,1.1751257326302929,-0.607070631387811,12.643211364746094
28,2,150,8.618954500060995e-05,1.0633713827701285e-05,0.0009474925464019179,0.1,1.1824754349135953,-0.6017613105898937,12.676079750061035
28,3,0,8.618954500060995e-05,5.3788106015417725e-05,0.0014349330449476838,0.1,0.12392813322110197,-0.32662334304423274,12.615852355957031
28,3,50,8.618954500060995e-05,8.91786658030469e-06,0.003035183995962143,0.1,1.208051707858646,-0.107123368829365,12.752309799194336
28,3,100,8.618954500060995e-05,4.8948977564577945e-06,0.0018517565913498402,0.1,1.7817219251303416,-0.1146976429450755,12.638301849365234
28,3,150,8.618954500060995e-05,1.125199742091354e-05,0.0014729569666087627,0.1,1.1820465206472373,-0.3485132802372992,12.680051803588867
29,0,0,8.215258902793084e-05,1.3734633284911979e-05,0.0008034812635742128,0.1,0.25747220749878297,-0.3009549917264134,12.610551834106445
29,0,50,8.215258902793084e-05,5.628860890283249e-06,0.0005717901512980461,0.1,1.4055339329585417,-0.5755039120447157,12.566082000732422
29,0,100,8.215258902793084e-05,5.092414539831225e-06,0.0006291967001743615,0.1,1.3636164548209309,-0.6519593033308537,12.641812324523926
29,0,150,8.215258902793084e-05,6.1950840972713195e-06,0.0007630824111402035,0.1,1.27127907986972,-0.7547830764863909,12.61888313293457
29,1,0,8.215258902793084e-05,0.005405500065535307,0.0008269256795756519,0.1,0.0004928559594878561,-0.16652665043368012,12.622417449951172
29,1,50,8.215258902793084e-05,5.732682893722085e-06,0.0023071682080626488,0.1,0.9119777570938744,-0.016807014264802928,12.636324882507324
29,1,100,8.215258902793084e-05,9.687391866464168e-06,0.0013950075954198837,0.1,1.093569159049893,-0.12347964408792106,12.604146003723145
29,1,150,8.215258902793084e-05,7.4709741966216825e-06,0.0009632239816710353,0.1,1.397933242722732,-0.1348814092151618,12.654443740844727
29,2,0,8.215258902793084e-05,3.9611346437595785e-05,0.0009418503614142537,0.1,0.14334175667321775,-0.3143811374261536,12.577217102050781
29,2,50,8.215258902793084e-05,1.2406850146362558e-05,0.000978632248006761,0.1,0.881801480108971,-0.6062922497392699,12.559988021850586
29,2,100,8.215258902793084e-05,9.277718163502868e-06,0.0008739018812775612,0.1,1.1215538000157208,-0.6296688996500748,12.599054336547852
29,2,150,8.215258902793084e-05,5.152045559952967e-06,0.0007722526788711548,0.1,1.969120951491796,-0.6004387719414411,12.604771614074707
29,3,0,8.215258902793084e-05,0.0001520456571597606,0.001612484222277999,0.1,0.02775527297069846,-0.1733757876904075,12.59293270111084
29,3,50,8.215258902793084e-05,1.3062125617580023e-05,0.0016358320135623217,0.1,0.7169331418986419,-0.27825572882374316,12.593050003051758
29,3,100,8.215258902793084e-05,1.1559361155377701e-05,0.0011589223286136985,0.1,1.0000506148190063,-0.5690367371342223,12.656061172485352
29,3,150,8.215258902793084e-05,1.4923232811270282e-05,0.0014134402154013515,0.1,0.9511597196525033,-0.5919421253801618,12.666770935058594
30,0,0,7.83047164704761e-05,9.920175216393545e-06,0.0008843804826028645,0.1,0.7292657065319477,-0.5167098872396042,12.617276191711426
30,0,50,7.83047164704761e-05,2.657986669873935e-06,0.00047156965592876077,0.1,2.930080307654428,-0.5751636894548425,12.587966918945312
30,0,100,7.83047164704761e-05,5.5431623877666425e-06,0.000598651880864054,0.1,1.0624822663830602,-0.7042584177295007,12.632181167602539
30,0,150,7.83047164704761e-05,3.0807968869339675e-06,0.00043095287401229143,0.1,1.671270650463147,-0.6742729821292133,12.627331733703613
30,1,0,7.83047164704761e-05,7.871316483942792e-06,0.0005955107626505196,0.1,0.6632450847167128,-0.33092064361047535,12.640151023864746
30,1,50,7.83047164704761e-05,5.2581917771021836e-06,0.0006753967609256506,0.1,1.3548364648939173,-0.5604117302895723,12.614005088806152
30,1,100,7.83047164704761e-05,2.3636869173060404e-06,0.00043774739606305957,0.1,2.5023128351051622,-0.3908151417545563,12.641996383666992
30,1,150,7.83047164704761e-05,4.3157092477486e-06,0.0006606602692045271,0.1,1.457463544453211,-0.6796144952970549,12.652936935424805
30,2,0,7.83047164704761e-05,1.0320591172785498e-05,0.0008655257988721132,0.1,0.660531017761218,-0.4071135006444181,12.571759223937988
30,2,50,7.83047164704761e-05,7.880796147219371e-06,0.0007681133574806154,0.1,1.4252801453390858,-0.6021317200567285,12.700153350830078
30,2,100,7.83047164704761e-05,8.249577149399556e-06,0.0010514348978176713,0.1,1.3414378231723785,-0.6982275091480474,12.593805313110352
30,2,150,7.83047164704761e-05,5.900822543480899e-06,0.0006212862208485603,0.1,1.4292773891224178,-0.6943302831335948,12.59661865234375
30,3,0,7.83047164704761e-05,6.926582136657089e-05,0.0013976582558825612,0.1,0.07625051458501521,-0.29604069555697776,12.60097885131836
30,3,50,7.83047164704761e-05,3.351517807459459e-05,0.0014870145823806524,0.1,0.21908887814824105,-0.2914557195358457,12.659886360168457
30,3,100,7.83047164704761e-05,1.2200038327137008e-05,0.0011014597257599235,0.1,0.7800291763665508,-0.41948111370414665,12.672377586364746
30,3,150,7.83047164704761e-05,1.0028318683907855e-05,0.00107360549736768,0.1,1.0162068780604565,-0.34755598307496005,12.634576797485352
31,0,0,7.46370710171651e-05,7.176220606197603e-06,0.0004599631065502763,0.1,0.3216537965467656,-0.3645152812137839,12.611042022705078
31,0,50,7.46370710171651e-05,3.67125494449283e-06,0.00040887799696065485,0.1,1.5980722620851884,-0.6323641704341152,12.590530395507812
31,0,100,7.46370710171651e-05,3.721537268575048e-06,0.0005462453700602055,0.1,1.4753871284393154,-0.7159117140212616,12.672504425048828
31,0,150,7.46370710171651e-05,2.5685735636216123e-06,0.0003290800959803164,0.1,1.5513647904760561,-0.7008310713723028,12.598733901977539
31,1,0,7.46370710171651e-05,1.3010774637223221e-05,0.0005698709865100682,0.1,0.1415415905601543,0.0010793101278281667,12.628137588500977
31,1,50,7.46370710171651e-05,4.637905931303976e-06,0.0005211281822994351,0.1,0.8836454806622677,-0.46199777755503546,12.632505416870117
31,1,100,7.46370710171651e-05,2.324574779777322e-06,0.000389737164368853,0.1,2.690597268279244,-0.1379758779503888,12.59521484375
31,1,150,7.46370710171651e-05,2.5872002424875973e-06,0.0003204188833478838,0.1,1.6219984608970441,-0.49610613462473885,12.637504577636719
31,2,0,7.46370710171651e-05,1.7133232177002355e-05,0.0008744190563447773,0.1,0.2956137389146624,-0.3620588023416784,12.58033275604248
31,2,50,7.46370710171651e-05,1.8440049416312831e-06,0.0012292023748159409,0.1,3.26875348080429,-0.08418991008153308,12.616748809814453
31,2,100,7.46370710171651e-05,7.5584102887660265e-06,0.0007489182753488421,0.1,0.6617976167967446,-0.4658232745238324,12.596863746643066
31,2,150,7.46370710171651e-05,6.9233788053679746e-06,0.0006271949969232082,0.1,1.0082115187415313,-0.5881223012163036,12.643985748291016
31,3,0,7.46370710171651e-05,7.547223049186869e-06,0.0009577940218150616,0.1,0.7426887891321032,-0.3910674259434842,12.620694160461426
31,3,50,7.46370710171651e-05,7.078047303821222e-08,0.003477707738056779,0.1,98.83196075306023,-0.19818006788417597,12.730566024780273
31,3,100,7.46370710171651e-05,3.9263513826881535e-06,0.0007955654873512685,0.1,0.9556000259934312,-0.2730209406837866,12.59334945678711
31,3,150,7.46370710171651e-05,5.241408871370368e-06,0.0009986396180465817,0.1,1.2650179755945183,-0.46427978145182136,12.66740608215332
32,0,0,7.114121116984966e-05,3.071450009883847e-06,0.0003940022725146264,0.1,0.9201183871641619,-0.3709585277029572,12.575520515441895
32,0,50,7.114121116984966e-05,4.073576292284997e-06,0.0004522597009781748,0.1,1.2929854881998337,-0.6348240423365054,12.537605285644531
32,0,100,7.114121116984966e-05,4.019561856694054e-06,0.0004384591884445399,0.1,1.2896464653912745,-0.708250056575755,12.633697509765625
32,0,150,7.114121116984966e-05,3.037952183149173e-06,0.0003966160293202847,0.1,1.2948834898211175,-0.6702589548040317,12.616609573364258
32,1,0,7.114121116984966e-05,0.14592209458351135,0.0007216085214167833,0.1,0.00010157350461988606,-0.028740089802950442,12.579170227050781
32,1,50,7.114121116984966e-05,1.1669275409076363e-05,0.0009745365823619068,0.1,0.22969194037521193,-0.008311205485510094,12.603155136108398
32,1,100,7.114121116984966e-05,9.41150210564956e-06,0.0004735659167636186,0.1,0.34407065979626467,-0.05552564176303338,12.61797046661377
32,1,150,7.114121116984966e-05,4.3324589569238015e-06,0.000710785505361855,0.1,1.2072648864922835,-0.22520280805273693,12.629335403442383
32,2,0,7.114121116984966e-05,1.2864232303400058e-05,0.000612827658187598,0.1,0.25440957745130477,-0.38977594951709144,12.597386360168457
32,2,50,7.114121116984966e-05,1.0737761840573512e-05,0.000645175576210022,0.1,0.4298751396143794,-0.3855756758075872,12.600221633911133
32,2,100,7.114121116984966e-05,9.190128366753925e-06,0.0007886909879744053,0.1,0.7313196295620986,-0.4571502481905395,12.593744277954102
32,2,150,7.114121116984966e-05,7.172921868914273e-06,0.0007579346420243382,0.1,0.8140183565767798,-0.5869423855210684,12.624102592468262
32,3,0,7.114121116984966e-05,2.6478157451492734e-05,0.0008618714637123048,0.1,0.1770663744349635,-0.4245757796901523,12.611652374267578
32,3,50,7.114121116984966e-05,6.603017027373426e-06,0.0008654315606690943,0.1,1.2424896676883301,-0.5428514798782791,12.67664909362793
32,3,100,7.114121116984966e-05,7.167399871832458e-06,0.0008175763650797307,0.1,1.2025877513048366,-0.563210915653162,12.5750093460083
32,3,150,7.114121116984966e-05,5.254474672256038e-06,0.0006299569504335523,0.1,1.1516340549566122,-0.5119800526603279,12.62671184539795
33,0,0,6.78090908142576e-05,6.360749011946609e-06,0.0005688875680789351,0.1,0.5560280687553595,-0.479156923612008,12.597610473632812
33,0,50,6.78090908142576e-05,4.084756710653892e-06,0.0004916124744340777,0.1,1.387274429859297,-0.5891855246845699,12.662330627441406
33,0,100,6.78090908142576e-05,2.5518106667732354e-06,0.0003269583685323596,0.1,1.4992062995331377,-0.6603384390389053,12.619941711425781
33,0,150,6.78090908142576e-05,2.7026801490137586e-06,0.00035788185778073967,0.1,1.3163983751765165,-0.7184084968427399,12.62553596496582
33,1,0,6.78090908142576e-05,5.021646757086273e-06,0.000617064128164202,0.1,1.1786618312926624,-0.43571187490471947,12.623647689819336
33,1,50,6.78090908142576e-05,2.4270202629850246e-06,0.00034922841587103903,0.1,2.2542821648068387,-0.3242142452420983,12.676324844360352
33,1,100,6.78090908142576e-05,1.9632223029475426e-06,0.0003578151809051633,0.1,2.3280361338997886,-0.5035372232271413,12.647224426269531
33,1,150,6.78090908142576e-05,2.3785817120369757e-06,0.00038021442014724016,0.1,1.3911698522866054,-0.6766459762147178,12.675758361816406
33,2,0,6.78090908142576e-05,2.952938484668266e-05,0.000613453914411366,0.1,0.06620529808606086,-0.22932991687109244,12.585491180419922
33,2,50,6.78090908142576e-05,4.870779321208829e-06,0.0005055718938820064,0.1,1.1277985670883415,-0.5304620199704944,12.621204376220703
33,2,100,6.78090908142576e-05,4.8745064304966945e-06,0.0005283652571961284,0.1,1.1571005462014734,-0.6687442548815015,12.671334266662598
33,2,150,6.78090908142576e-05,4.800010174221825e-06,0.0004825216019526124,0.1,1.2512130200047966,-0.6360755057762965,12.619047164916992
33,3,0,6.78090908142576e-05,1.1678409464366268e-05,0.0009638806222938001,0.1,0.5063009559009705,-0.4588451575652989,12.634891510009766
33,3,50,6.78090908142576e-05,2.3469269194720255e-07,0.0021640912164002657,0.1,18.743523013605547,-0.2005360695202542,12.686651229858398
33,3,100,6.78090908142576e-05,3.43577194144018e-05,0.001339858747087419,0.1,0.14634151296256034,-0.30616109734925206,12.614530563354492
33,3,150,6.78090908142576e-05,0.00011362225632183254,0.0010708775371313095,0.1,0.032970419074955445,0.015696349353267757,12.65766716003418
34,0,0,6.463304070095652e-05,7.079578153934563e-06,0.0005122717120684683,0.1,0.36001911579811663,-0.37089079642416284,12.5970458984375
34,0,50,6.463304070095652e-05,3.2484317671332974e-06,0.0004496366891544312,0.1,1.2899167593577208,-0.6784497609018418,12.62757682800293
34,0,100,6.463304070095652e-05,2.3338848222920205e-06,0.00032054565963335335,0.1,1.5637339816599274,-0.6634926987600264,12.61124038696289
34,0,150,6.463304070095652e-05,1.691275656412472e-06,0.00023098672681953758,0.1,1.6255709574551542,-0.6186787172851641,12.62319278717041
34,1,0,6.463304070095652e-05,0.11765996366739273,0.00028656981885433197,0.1,5.588336145002248e-05,-0.0677010797838332,12.624879837036133
34,1,50,6.463304070095652e-05,3.868671683449065e-06,0.0005856632487848401,0.1,1.0858569423784854,-0.22014643910632326,12.628931045532227
34,1,100,6.463304070095652e-05,3.8016210055502597e-06,0.00046532563283108175,0.1,1.0208782068616227,-0.082006812245265,12.649322509765625
34,1,150,6.463304070095652e-05,3.0286364562925883e-06,0.0004084184765815735,0.1,1.1799576777927465,-0.2816231823958397,12.64040756225586
34,2,0,6.463304070095652e-05,6.912183380336501e-06,0.0005773365846835077,0.1,0.7269294156231216,-0.4677833576237456,12.593412399291992
34,2,50,6.463304070095652e-05,5.40908104085247e-06,0.00041871299617923796,0.1,0.9122821574432151,-0.5344103485332558,12.656475067138672
34,2,100,6.463304070095652e-05,4.261712092556991e-06,0.0005341247888281941,0.1,1.4136816431243042,-0.7351282774365608,12.585371971130371
34,2,150,6.463304070095652e-05,3.673120090752491e-06,0.00043592145084403455,0.1,1.389769616341529,-0.660520155500598,12.590078353881836
34,3,0,6.463304070095652e-05,1.7455437046010047e-05,0.000611233408562839,0.1,0.20211925951116633,-0.4473545210530099,12.634919166564941
34,3,50,6.463304070095652e-05,4.9117561502498575e-06,0.0005559800192713737,0.1,1.0897108496663812,-0.44745848637605695,12.58533000946045
34,3,100,6.463304070095652e-05,6.0423453760449775e-06,0.0005745846428908408,0.1,0.7871289619874329,-0.5169921002015859,12.62637996673584
34,3,150,6.463304070095652e-05,6.58065300740418e-06,0.0006413033697754145,0.1,0.8437219897196513,-0.6072306324204546,12.638160705566406
35,0,0,6.160575079371438e-05,3.982283033110434e-06,0.0003085349453613162,0.1,0.6607465272247076,-0.493325364221934,12.578509330749512
35,0,50,6.160575079371438e-05,1.7285304920733324e-06,0.0002357847843086347,0.1,1.9718597448999533,-0.4635233140639943,12.676671981811523
35,0,100,6.160575079371438e-05,2.5313233891210984e-06,0.0003446696500759572,0.1,1.4156796331978898,-0.7520909961229694,12.639649391174316
35,0,150,6.160575079371438e-05,2.3953498384798877e-06,0.00031655660131946206,0.1,1.2962231926260086,-0.7276540538974796,12.58489990234375
35,1,0,6.160575079371438e-05,2.961586460514809e-06,0.00037486926885321736,0.1,1.2019427339267996,-0.1867031420879726,12.593860626220703
35,1,50,6.160575079371438e-05,3.4625984426384093e-06,0.00036402136902324855,0.1,0.6729789568988755,-0.059883926129966174,12.653787612915039
35,1,100,6.160575079371438e-05,2.7343387500877725e-06,0.00046277741785161197,0.1,1.178298983678176,-0.33597580387445497,12.612762451171875
35,1,150,6.160575079371438e-05,2.2798703867010772e-06,0.0003167329414281994,0.1,1.7913158521956325,-0.2565182509815938,12.603273391723633
35,2,0,6.160575079371438e-05,2.091198621201329e-05,0.0004365399945527315,0.1,0.06624690676705323,-0.22709120446838502,12.595771789550781
35,2,50,6.160575079371438e-05,3.0136875466268975e-06,0.0007461524219252169,0.1,0.8733950567288696,-0.31133768208126855,12.579565048217773
35,2,100,6.160575079371438e-05,3.496164708849392e-06,0.0004571718454826623,0.1,1.2920583708830058,-0.4656080514578762,12.596901893615723
35,2,150,6.160575079371438e-05,4.555994564725552e-06,0.0005837986245751381,0.1,1.0990106914658353,-0.6031668113660967,12.611489295959473
35,3,0,6.160575079371438e-05,3.078719964832999e-05,0.0005820693913847208,0.1,0.060915705744719224,-0.24035293894965312,12.583162307739258
35,3,50,6.160575079371438e-05,6.971796210564207e-06,0.00045653246343135834,0.1,0.6178552319971453,-0.5211322389871114,12.613138198852539
35,3,100,6.160575079371438e-05,5.755533493356779e-06,0.0005872371839359403,0.1,0.9980162130544205,-0.5862662347478161,12.625904083251953
35,3,150,6.160575079371438e-05,3.857522642647382e-06,0.0004639271937776357,0.1,1.3991534477989358,-0.6232099760956721,12.635292053222656
36,0,0,5.872025344462981e-05,6.8203062255633995e-06,0.0002186761557823047,0.1,0.1442089710310415,-0.32550612035818244,12.595699310302734
36,0,50,5.872025344462981e-05,2.1196838133619167e-06,0.0003588068357203156,0.1,1.891708291507123,-0.7044850163433896,12.649274826049805
36,0,100,5.872025344462981e-05,1.8980284721692442e-06,0.0002369011053815484,0.1,1.4422220243621395,-0.6388509007330854,12.627134323120117
36,0,150,5.872025344462981e-05,1.940868969541043e-06,0.00028874227427877486,0.1,1.501918752247968,-0.7163478095049718,12.604203224182129
36,1,0,5.872025344462981e-05,8.105836059257854e-06,0.00028882973128929734,0.1,0.22047469755676127,-0.2874231072951018,12.604820251464844
36,1,50,5.872025344462981e-05,1.3131600553606404e-06,0.00023779475304763764,0.1,1.8027359471957154,-0.4736644625825526,12.605804443359375
36,1,100,5.872025344462981e-05,1.8719481431617169e-06,0.0002909609174821526,0.1,1.3115253692694417,-0.5828450469465228,12.601480484008789
36,1,150,5.872025344462981e-05,1.5031489510874962e-06,0.0002780239447019994,0.1,1.6611752750336026,-0.5873159922283935,12.588702201843262
36,2,0,5.872025344462981e-05,1.8359156456426717e-05,0.00035848887637257576,0.1,0.07160631091186476,-0.25615076147524246,12.578773498535156
36,2,50,5.872025344462981e-05,2.451234195177676e-06,0.0002739790070336312,0.1,1.6030064589144681,-0.608117709196108,12.598377227783203
36,2,100,5.872025344462981e-05,3.1087429306353442e-06,0.00026843920932151377,0.1,1.1671629203673375,-0.6080255276123538,12.578939437866211
36,2,150,5.872025344462981e-05,3.466370799287688e-06,0.0003585074155125767,0.1,1.3153839116204165,-0.6619882810310515,12.602346420288086
36,3,0,5.872025344462981e-05,1.4934108548914082e-05,0.0006447589839808643,0.1,0.2721206859760627,-0.5086208790883704,12.579318046569824
36,3,50,5.872025344462981e-05,4.148054358665831e-06,0.0008182262536138296,0.1,0.9810985008905476,-0.20808970709376365,12.579961776733398
36,3,100,5.872025344462981e-05,1.095009247364942e-05,0.0005881614633835852,0.1,0.31257489480617595,-0.23641629772388778,12.5828857421875
36,3,150,5.872025344462981e-05,5.420108209364116e-06,0.000502039329148829,0.1,0.4179402728084101,-0.058048938598074355,12.602178573608398
37,0,0,5.596990735730738e-05,4.459077899809927e-06,0.00034357322147116065,0.1,0.45834363565698416,-0.48048428172796764,12.584978103637695
37,0,50,5.596990735730738e-05,1.560890950713656e-06,0.00022068739053793252,0.1,1.4637530700410806,-0.6290825554261136,12.637807846069336
37,0,100,5.596990735730738e-05,1.9669446373882238e-06,0.00023399623751174659,0.1,1.1981697831807248,-0.7123058850865257,12.626569747924805
37,0,150,5.596990735730738e-05,1.8607746596899233e-06,0.00025260073016397655,0.1,1.2619483456924925,-0.731521075813128,12.613639831542969
37,1,0,5.596990735730738e-05,1.6335363852704177e-06,0.00031973791192285717,0.1,2.3338680457206396,-0.3811303198042778,12.611780166625977
37,1,50,5.596990735730738e-05,1.4565773653885117e-06,0.0002822362876031548,0.1,1.191299253269849,-0.4331733164174385,12.650945663452148
37,1,100,5.596990735730738e-05,1.812344407881028e-06,0.0002795316104311496,0.1,1.279374532713953,-0.6067287468988981,12.622190475463867
37,1,150,5.596990735730738e-05,1.4286445093603106e-06,0.00024099218717310578,0.1,1.7444191194932217,-0.5785320516328553,12.649829864501953
37,2,0,5.596990735730738e-05,1.3562107596953865e-05,0.0003259293152950704,0.1,0.10622726932974555,-0.297250756631753,12.606740951538086
37,2,50,5.596990735730738e-05,5.382995595937246e-07,0.0013738968409597874,0.1,3.9990077845189043,-0.02715977244496783,12.640580177307129
37,2,100,5.596990735730738e-05,1.3411039390121005e-07,0.0008835450280457735,0.1,30.581954344089418,-0.312782354023419,12.583524703979492
37,2,150,5.596990735730738e-05,4.384508883958915e-06,0.0006126004736870527,0.1,0.47103505585217476,-0.3139012942057064,12.556828498840332
37,3,0,5.596990735730738e-05,7.286475465662079e-06,0.00048294232692569494,0.1,0.3820603557861813,-0.4634992021500249,12.626296043395996
37,3,50,5.596990735730738e-05,4.0270092540595215e-06,0.0004529011494014412,0.1,0.926976230744191,-0.5569421370500376,12.613688468933105
37,3,100,5.596990735730738e-05,3.71037049262668e-06,0.00045237079029902816,0.1,1.1472550285983594,-0.6267604082861079,12.576343536376953
37,3,150,5.596990735730738e-05,4.267303665983491e-06,0.00043300012475810945,0.1,1.1636207213555427,-0.6647055840648314,12.618419647216797
38,0,0,5.3348382301167684e-05,3.499837703202502e-06,0.0002926599117927253,0.1,0.4556685368429837,-0.39614620048737176,12.59256362915039
38,0,50,5.3348382301167684e-05,2.479169097568956e-06,0.0003546176594682038,0.1,1.2304407876258225,-0.7406376209957567,12.592916488647461
38,0,100,5.3348382301167684e-05,1.5255006928782677e-06,0.00024792124168016016,0.1,1.4231620059194892,-0.6932164255957174,12.608899116516113
38,0,150,5.3348382301167684e-05,1.3988419595989399e-06,0.0001969966833712533,0.1,1.4017502388374148,-0.6600921730418384,12.615477561950684
38,1,0,5.3348382301167684e-05,1.806754880817607e-06,0.0002917652309406549,0.1,1.1749345739334924,-0.3235920110122205,12.571676254272461
38,1,50,5.3348382301167684e-05,6.053592187527101e-07,0.00017988315084949136,0.1,4.479756399347306,-0.2046949898351226,12.577335357666016
38,1,100,5.3348382301167684e-05,1.3392377695709001e-06,0.00023983920982573181,0.1,1.6742491247648381,-0.5359516827027748,12.6094970703125
38,1,150,5.3348382301167684e-05,6.407484534065588e-07,0.00014719722094014287,0.1,2.166880319612863,-0.36719554079835603,12.625515937805176
38,2,0,5.3348382301167684e-05,5.838860033691162e-06,0.0004279621643945575,0.1,0.20332235796134934,-0.19672805676279162,12.585304260253906
38,2,50,5.3348382301167684e-05,1.5366780417025439e-06,0.00033220069599337876,0.1,2.006580241682504,-0.5246676906650533,12.621950149536133
38,2,100,5.3348382301167684e-05,2.1532091523113195e-06,0.0003950990503653884,0.1,1.532625045827958,-0.6131274974543778,12.59825325012207
38,2,150,5.3348382301167684e-05,3.455189698797767e-06,0.00038247855263762176,0.1,1.0503917866073051,-0.6304358933678337,12.613273620605469
38,3,0,5.3348382301167684e-05,2.438186129438691e-06,0.00048026847071014345,0.1,1.2247669975080198,-0.45154034585307645,12.601058959960938
38,3,50,5.3348382301167684e-05,4.04191587222158e-06,0.0004950066795572639,0.1,1.0204794472009358,-0.4120030333264227,12.586400032043457
38,3,100,5.3348382301167684e-05,2.8386577923811274e-06,0.0004470071871764958,0.1,1.3012859437564723,-0.489649743098157,12.598993301391602
38,3,150,5.3348382301167684e-05,3.153443230985431e-06,0.00048743377556093037,0.1,1.2825559244272668,-0.6208091569458223,12.657155990600586
39,0,0,5.0849644541710396e-05,6.870382094348315e-06,0.00027332588797435164,0.1,0.11834403950784073,-0.253775671235243,12.583891868591309
39,0,50,5.0849644541710396e-05,2.6356276521255495e-06,0.0002875477075576782,0.1,0.9357655276039919,-0.4189278056466439,12.597943305969238
39,0,100,5.0849644541710396e-05,1.601867893441522e-06,0.00020212757226545364,0.1,1.1663734959440375,-0.47210306042084216,12.598522186279297
39,0,150,5.0849644541710396e-05,1.5944185633998131e-06,0.00015375000657513738,0.1,1.1212588928004725,-0.5053974796173895,12.592229843139648
39,1,0,5.0849644541710396e-05,3.2465618460264523e-06,0.00028355562244541943,0.1,0.6792349244550323,-0.458300160327652,12.614901542663574
39,1,50,5.0849644541710396e-05,1.111996425606776e-06,0.0001804890198400244,0.1,1.695603655644969,-0.5726905121643334,12.582670211791992
39,1,100,5.0849644541710396e-05,1.0356293387303594e-06,0.0001716701954137534,0.1,2.289548851061028,-0.43255654271829963,12.578202247619629
39,1,150,5.0849644541710396e-05,1.3355124792724382e-06,0.0002164565521525219,0.1,1.4875627770926783,-0.6558445105000128,12.625160217285156
39,2,0,5.0849644541710396e-05,5.420209618023364e-06,0.00036666434607468545,0.1,0.44272453794865835,-0.42857587378645784,12.57259750366211
39,2,50,5.0849644541710396e-05,3.3359826829837402e-06,0.00030407897429540753,0.1,0.9651638366872225,-0.5964851568352484,12.628280639648438
39,2,100,5.0849644541710396e-05,2.1625239696732024e-06,0.00031366641633212566,0.1,1.4074022754646816,-0.6746767718902631,12.62004280090332
39,2,150,5.0849644541710396e-05,3.017475137312431e-06,0.00033629938843660057,0.1,1.190313371902745,-0.7528731824332634,12.624580383300781
39,3,0,5.0849644541710396e-05,1.2674725439865142e-05,0.0004565590643323958,0.1,0.1929620013077944,-0.48107509140718113,12.605453491210938
39,3,50,5.0849644541710396e-05,2.179267767132842e-06,0.0006096491124480963,0.1,1.0238787562574678,-0.050791622254117354,12.60987377166748
39,3,100,5.0849644541710396e-05,2.3525099095422775e-06,0.0004118685028515756,0.1,1.3175314476085909,-0.19163174290480653,12.608043670654297
39,3,150,5.0849644541710396e-05,5.016048817196861e-06,0.00044647848699241877,0.1,0.6124590775211944,-0.39840288157468234,12.590115547180176
40,0,0,4.846794295319623e-05,1.7173500737044378e-06,0.00019242189591750503,0.1,0.9779729839949977,-0.459511359901469,12.584036827087402
40,0,50,4.846794295319623e-05,1.4305087461252697e-06,0.00021415259107016027,0.1,1.82067001848641,-0.596993101418978,12.661243438720703
40,0,100,4.846794295319623e-05,2.231440930700046e-06,0.0002592006931081414,0.1,1.159292840866327,-0.733154129420787,12.586048126220703
40,0,150,4.846794295319623e-05,9.648485956859076e-07,0.00016057379252742976,0.1,1.9813489112447629,-0.5986441283725746,12.594991683959961
40,1,0,4.846794295319623e-05,0.03773278743028641,0.0002303855144418776,0.1,3.925274552261307e-05,-0.12433912896303334,12.58283805847168
40,1,50,4.846794295319623e-05,4.239091595081845e-06,0.0002987605694215745,0.1,0.2113733313335628,-0.01656151160005048,12.61172866821289
40,1,100,4.846794295319623e-05,2.527591732359724e-06,0.0002631563402246684,0.1,0.8010099758638519,-0.08062547174405321,12.590564727783203
40,1,150,4.846794295319623e-05,2.0451714135560906e-06,0.000199083166080527,0.1,0.8112484064636747,-0.09594842798381294,12.596604347229004
40,2,0,4.846794295319623e-05,3.5594762266555335e-06,0.00030280035571195185,0.1,0.5834742646468475,-0.383408461835007,12.571573257446289
40,2,50,4.846794295319623e-05,2.123413480603631e-07,0.0007292976370081306,0.1,12.790310657211656,-0.05423927369162752,12.62629508972168
40,2,100,4.846794295319623e-05,7.174237453000387e-06,0.00045324763050302863,0.1,0.17068957406231164,-0.03640675760642713,12.590592384338379
40,2,150,4.846794295319623e-05,2.2202571017260198e-06,0.00023791854619048536,0.1,0.7992602095689785,-0.1192104371740433,12.596755981445312
40,3,0,4.846794295319623e-05,7.429775905620772e-06,0.00039972367812879384,0.1,0.23429984567277667,-0.3645052363536388,12.618568420410156
40,3,50,4.846794295319623e-05,2.9969851311761886e-06,0.0003414756210986525,0.1,1.1612591533075216,-0.6283122184830839,12.595826148986816
40,3,100,4.846794295319623e-05,2.907578846134129e-06,0.0003710314049385488,0.1,1.2173976346767523,-0.6087023803378548,12.663311004638672
40,3,150,4.846794295319623e-05,2.5518174879834987e-06,0.0002733816218096763,0.1,1.299005815129515,-0.5861015565004799,12.589476585388184
41,0,0,4.6197795781784766e-05,3.4625950320332777e-06,0.0002467383455950767,0.1,0.39959151818689165,-0.3038024212718914,12.574225425720215
41,0,50,4.6197795781784766e-05,1.3466897144098766e-06,0.0002135043905582279,0.1,1.7390178016412543,-0.6802223050303438,12.637099266052246
41,0,100,4.6197795781784766e-05,1.510600782239635e-06,0.00023412109294440597,0.1,1.4029200433721976,-0.7199504381214835,12.630568504333496
41,0,150,4.6197795781784766e-05,8.530897730452125e-07,0.00014512764755636454,0.1,1.776189472383553,-0.640707515364149,12.620189666748047
41,1,0,4.6197795781784766e-05,2.1718337848142255e-06,0.00023842747032176703,0.1,0.952869053606326,-0.3208491320284448,12.606993675231934
41,1,50,4.6197795781784766e-05,1.1119975624751532e-06,0.00018004859157372266,0.1,2.126871027752126,-0.46837527274326396,12.585735321044922
41,1,100,4.6197795781784766e-05,2.270554432470817e-06,0.0002959627890959382,0.1,1.0750519290778264,-0.7494600513032419,12.60206127166748
41,1,150,4.6197795781784766e-05,1.3895294159738114e-06,0.00020084968127775937,0.1,1.409405809370968,-0.6632933364435389,12.59218978881836
41,2,0,4.6197795781784766e-05,2.0712548121082364e-06,0.00027996182325296104,0.1,1.3059253606822112,-0.5743976485504345,12.581036567687988
41,2,50,4.6197795781784766e-05,2.3208467609947547e-06,0.000218239234527573,0.1,0.977493535632385,-0.5541974709102883,12.629602432250977
41,2,100,4.6197795781784766e-05,2.2854590042697964e-06,0.00023098223027773201,0.1,1.1469533791109505,-0.6859089130366932,12.594229698181152
41,2,150,4.6197795781784766e-05,2.5127023945969995e-06,0.0002649004163686186,0.1,1.2628948524869033,-0.6936929661570485,12.624984741210938
41,3,0,4.6197795781784766e-05,3.110594661848154e-06,0.00031505554215982556,0.1,0.7491302149076048,-0.4572924859282971,12.59770679473877
41,3,50,4.6197795781784766e-05,4.2840831326884654e-08,0.0006775271031074226,0.1,62.8470087562004,-0.3424605763587942,12.600149154663086
41,3,100,4.6197795781784766e-05,2.728759227466071e-06,0.0004790240782313049,0.1,1.1014215257475035,-0.4734964399278097,12.601103782653809
41,3,150,4.6197795781784766e-05,2.1345845198084135e-06,0.0004270196077413857,0.1,1.5786973625683813,-0.6174607914762135,12.612232208251953
42,0,0,4.403397802866209e-05,5.120050445839297e-06,0.00018648841069079936,0.1,0.13824487113146908,-0.31314212558444443,12.583826065063477
42,0,50,4.403397802866209e-05,1.4640347671956988e-06,0.00019881145271938294,0.1,1.2779481830462578,-0.6196099936469751,12.603775024414062
42,0,100,4.403397802866209e-05,1.9986127881566063e-06,0.00027739544748328626,0.1,1.3337009632018273,-0.7890283854372359,12.61778450012207
42,0,150,4.403397802866209e-05,1.4044314866623608e-06,0.00018948908837046474,0.1,1.4930823015836565,-0.7116351714151883,12.616535186767578
42,1,0,4.403397802866209e-05,2.0297093215049244e-05,0.00018695076869335026,0.1,0.024709352048103792,0.023245246966794413,12.591972351074219
42,1,50,4.403397802866209e-05,1.8514507473810227e-06,0.00021222890063654631,0.1,0.6470190456978987,-0.35131013998309224,12.606437683105469
42,1,100,4.403397802866209e-05,1.4174686384649249e-06,0.0002359647915000096,0.1,1.3933571344960787,-0.5006151381967509,12.584672927856445
42,1,150,4.403397802866209e-05,9.313210966865881e-07,0.0001492645824328065,0.1,1.9502233959646704,-0.44038690564400984,12.624582290649414
42,2,0,4.403397802866209e-05,4.626743248081766e-06,0.0002975891693495214,0.1,0.40448178689007835,-0.5365338932487898,12.585784912109375
42,2,50,4.403397802866209e-05,2.3506518118665554e-06,0.0002568644122220576,0.1,1.1952302382399722,-0.6008485098582932,12.616143226623535
42,2,100,4.403397802866209e-05,2.1364487565733725e-06,0.0002183047472499311,0.1,1.192635489570511,-0.666562913765037,12.591708183288574
42,2,150,4.403397802866209e-05,1.8011745623880415e-06,0.0002652170369401574,0.1,1.6569957505071604,-0.6657818362193628,12.558723449707031
42,3,0,4.403397802866209e-05,1.3296264114615042e-05,0.00037291052285581827,0.1,0.10905765167219413,-0.33277819156450894,12.622347831726074
42,3,50,4.403397802866209e-05,3.0118862923700362e-06,0.0003775222576223314,0.1,1.1108003102628978,-0.6674889131565822,12.600566864013672
42,3,100,4.403397802866209e-05,2.8908141302963486e-06,0.0003006952174473554,0.1,0.9745819421207892,-0.5881329594311719,12.612363815307617
42,3,150,4.403397802866209e-05,2.1383118564699544e-06,0.00024289045541081578,0.1,1.3241132885249534,-0.6160788974590119,12.570398330688477
43,0,0,4.197150942411882e-05,6.841141384938965e-06,0.00016051650163717568,0.1,0.12373427172051138,-0.4279612715917373,12.61345100402832
43,0,50,4.197150942411882e-05,1.2516950391727732e-06,0.00014603734598495066,0.1,1.4086012728007602,-0.5493024074873395,12.642488479614258
43,0,100,4.197150942411882e-05,1.0281779623255716e-06,0.00012710005103144795,0.1,1.388418798112739,-0.663545231773467,12.626033782958984
43,0,150,4.197150942411882e-05,1.5217771078823716e-06,0.00017414765898138285,0.1,1.1744384549445563,-0.7201395414598383,12.644444465637207
43,1,0,4.197150942411882e-05,5.5895720834087115e-06,0.00018297329370398074,0.1,0.1653232983019061,-0.3189153527395684,12.603564262390137
43,1,50,4.197150942411882e-05,2.086150743707549e-06,0.0002505980373825878,0.1,0.8412777558068317,-0.0875968073807314,12.634882926940918
43,1,100,4.197150942411882e-05,1.1045472092519049e-06,0.00020232342649251223,0.1,2.2579556516516903,-0.23520353138489705,12.603311538696289
43,1,150,4.197150942411882e-05,1.9688009160745423e-06,0.000225087656872347,0.1,0.7101335726516222,-0.46867654832414024,12.626529693603516
43,2,0,4.197150942411882e-05,2.736203668973758e-06,0.00022307071776594967,0.1,0.5850654325785365,-0.5332742690157211,12.582138061523438
43,2,50,4.197150942411882e-05,1.9241083464294206e-06,0.0002620599407237023,0.1,1.4649203656731107,-0.7001804780679367,12.655548095703125
43,2,100,4.197150942411882e-05,2.063805595753365e-06,0.00022045908553991467,0.1,1.1684408454777304,-0.6945033109181754,12.624837875366211
43,2,150,4.197150942411882e-05,1.8272510260430863e-06,0.00024124589981511235,0.1,1.3940694045130875,-0.7083837507346284,12.657127380371094
43,3,0,4.197150942411882e-05,5.965828677290119e-06,0.00032833547447808087,0.1,0.22270375641401424,-0.3405309751169948,12.627758026123047
43,3,50,4.197150942411882e-05,2.533189899622812e-06,0.00032269852817989886,0.1,1.19097664553281,-0.47897231273804347,12.673269271850586
43,3,100,4.197150942411882e-05,3.011887656612089e-06,0.00024447342730127275,0.1,0.9199151186396443,-0.5726856896726894,12.624183654785156
43,3,150,4.197150942411882e-05,2.138311629096279e-06,0.00025775464018806815,0.1,1.2972908372862875,-0.5806330288340352,12.625078201293945
44,0,0,4.0005642964899734e-05,2.754802608251339e-06,0.0001463231456000358,0.1,0.3030379528314676,-0.4143280307284271,12.61933422088623
44,0,50,4.0005642964899734e-05,1.0207281775365118e-06,0.00015170685946941376,0.1,1.820667244399703,-0.6231407489518193,12.65980339050293
44,0,100,4.0005642964899734e-05,1.2721834536932874e-06,0.00017170606588479131,0.1,1.259314302144179,-0.6998686338062369,12.645271301269531
44,0,150,4.0005642964899734e-05,1.1213101061002817e-06,0.00013612842303700745,0.1,1.326124259634598,-0.6786897325347275,12.652260780334473
44,1,0,4.0005642964899734e-05,3.33034472532745e-06,0.00015179246838670224,0.1,0.270548229905456,-0.2959457472824923,12.638968467712402
44,1,50,4.0005642964899734e-05,1.0356284292356577e-06,0.00021671867580153048,0.1,1.7047224219895583,-0.6450192352996148,12.64474868774414
44,1,100,4.0005642964899734e-05,9.70435962699412e-07,0.0001595074572833255,0.1,1.4908882771110927,-0.6006196223734894,12.649751663208008
44,1,150,4.0005642964899734e-05,1.1194464377695112e-06,0.00014731849660165608,0.1,1.1386351572111268,-0.5871217080299336,12.621538162231445
44,2,0,4.0005642964899734e-05,7.67158780945465e-06,0.00018995601567439735,0.1,0.09576155966769886,-0.33454917767524095,12.64991569519043
44,2,50,4.0005642964899734e-05,1.7955862858798355e-06,0.00021578250743914396,0.1,1.3429172465113408,-0.5531050746641033,12.592138290405273
44,2,100,4.0005642964899734e-05,1.501289716543397e-06,0.00018369445751886815,0.1,1.5634887049232202,-0.6593115192735048,12.607003211975098
44,2,150,4.0005642964899734e-05,1.7322570329270093e-06,0.00018956982239615172,0.1,1.3521421405588763,-0.6768322959351233,12.638202667236328
44,3,0,4.0005642964899734e-05,1.893140870379284e-05,0.00028521305648609996,0.1,0.06121275645329221,-0.3630420484562426,12.62364387512207
44,3,50,4.0005642964899734e-05,2.4568212211306673e-06,0.00031032206607051194,0.1,1.114494222159147,-0.614145579118229,12.680965423583984
44,3,100,4.0005642964899734e-05,2.4586847757746e-06,0.00023449381114915013,0.1,1.0333350228061828,-0.6088918582757452,12.67989730834961
44,3,150,4.0005642964899734e-05,1.9688122847583145e-06,0.00026521721156314015,0.1,1.4970559355107478,-0.6705763676257872,12.626039505004883
45,0,0,3.8131853988442345e-05,2.881474756577518e-06,0.00016778180724941194,0.1,0.3583649731949101,-0.5066416390609929,12.612114906311035
45,0,50,3.8131853988442345e-05,1.000238739834458e-06,0.00017951239715330303,0.1,1.6980059557320928,-0.6668655380774496,12.679126739501953
45,0,100,3.8131853988442345e-05,1.0244524446534342e-06,0.0001423603534931317,0.1,1.2874254127058227,-0.7328454312475168,12.642496109008789
45,0,150,3.8131853988442345e-05,8.083866873676016e-07,0.00011500326218083501,0.1,1.5546008220498706,-0.6636852659187147,12.625957489013672
45,1,0,3.8131853988442345e-05,4.615489160642028e-06,0.00019943126244470477,0.1,0.19765849525716667,-0.12157624715616812,12.618167877197266
45,1,50,3.8131853988442345e-05,1.0151400147151435e-06,0.00015730189625173807,0.1,1.6681011943222968,-0.5584485368252269,12.660764694213867
45,1,100,3.8131853988442345e-05,9.350466712021444e-07,0.00014292665582615882,0.1,1.839779059634253,-0.4916743437143855,12.638771057128906
45,1,150,3.8131853988442345e-05,7.934855830171728e-07,0.00017321649647783488,0.1,1.9293588106951716,-0.5468964468234254,12.618959426879883
45,2,0,3.8131853988442345e-05,5.435063485492719e-06,0.00021369924070313573,0.1,0.21267605747424764,-0.4400287389246444,12.602848052978516
45,2,50,3.8131853988442345e-05,2.0321404008427635e-06,0.00018961701425723732,0.1,0.981523888076492,-0.6203113508308247,12.6048583984375
45,2,100,3.8131853988442345e-05,2.3469269763154443e-06,0.0002215061103925109,0.1,1.0168315768637304,-0.7344944685250908,12.604945182800293
45,2,150,3.8131853988442345e-05,1.4845256828266429e-06,0.0001879416377050802,0.1,1.421077216250243,-0.7399168248538708,12.634832382202148
45,3,0,3.8131853988442345e-05,3.764368784686667e-06,0.0002505953307263553,0.1,0.4388301107544248,-0.5540707238094147,12.631307601928711
45,3,50,3.8131853988442345e-05,2.590928943391191e-06,0.0002401118108537048,0.1,0.7990728610928027,-0.598410873469016,12.640359878540039
45,3,100,3.8131853988442345e-05,1.8086254840454785e-06,0.00020587434119079262,0.1,1.3500828160099572,-0.6384879965928582,12.644512176513672
45,3,150,3.8131853988442345e-05,2.5052502223843476e-06,0.00025394701515324414,0.1,0.949873564839044,-0.7043464888775394,12.630912780761719
46,0,0,3.634582975885767e-05,2.339469574508257e-06,0.00017476129869464785,0.1,0.6009649434584108,-0.576757572955886,12.601669311523438
46,0,50,3.634582975885767e-05,9.201455668517156e-07,0.0001680248387856409,0.1,1.9533079665513982,-0.6765797556107831,12.629241943359375
46,0,100,3.634582975885767e-05,1.063568106474122e-06,0.00013879068137612194,0.1,1.2299994605398021,-0.7149599724988207,12.606216430664062
46,0,150,3.634582975885767e-05,9.927880455506966e-07,0.00013714296801481396,0.1,1.3691699381112044,-0.7190960306167956,12.644454956054688
46,1,0,3.634582975885767e-05,3.1869135455053765e-06,0.00018101767636835575,0.1,0.25663459752223744,-0.27668390951993077,12.609197616577148
46,1,50,3.634582975885767e-05,7.003532118687872e-07,0.00017789576668292284,0.1,1.8360177665949886,-0.5740706768301671,12.64689826965332
46,1,100,3.634582975885767e-05,7.841722435841803e-07,0.00017591880168765783,0.1,1.7600202280539163,-0.6568669161392952,12.629144668579102
46,1,150,3.634582975885767e-05,6.612379479520314e-07,0.00011556832760106772,0.1,1.5981145723288384,-0.5273167538955916,12.647000312805176
46,2,0,3.634582975885767e-05,9.671841326053254e-06,0.00021030803327448666,0.1,0.07952003102908335,-0.30704579823082356,12.604610443115234
46,2,50,3.634582975885767e-05,1.0915082384599373e-06,0.00016500231868121773,0.1,1.552523871454562,-0.6369467104575006,12.642447471618652
46,2,100,3.634582975885767e-05,1.823526304178813e-06,0.00015503975737374276,0.1,1.074649945007518,-0.7060443205142994,12.616883277893066
46,2,150,3.634582975885767e-05,1.6614766309430706e-06,0.00019665475701913238,0.1,1.3012708314062456,-0.7271012177917356,12.657591819763184
46,3,0,3.634582975885767e-05,3.002554876729846e-06,0.00022088736295700073,0.1,0.44714128356550664,-0.4839373291159446,12.628191947937012
46,3,50,3.634582975885767e-05,1.6484375464642653e-06,0.0002514825318939984,0.1,1.3618851139883734,-0.554097194379075,12.621145248413086
46,3,100,3.634582975885767e-05,1.8887171790993307e-06,0.00017356219177599996,0.1,0.9633204710766939,-0.47421080649754077,12.636451721191406
46,3,150,3.634582975885767e-05,2.1513501451408956e-06,0.00025393677060492337,0.1,1.1245776408756814,-0.6580847610337794,12.631241798400879
47,0,0,3.4643459540683745e-05,5.8930791055900045e-06,0.0001338503061560914,0.1,0.10015011921128811,-0.42293537361220407,12.590713500976562
47,0,50,3.4643459540683745e-05,9.108324547923985e-07,0.0002960395358968526,0.1,2.6195427797380244,-0.18098718849045903,12.625001907348633
47,0,100,3.4643459540683745e-05,9.55535711000266e-07,0.00018301725503988564,0.1,1.8967543436751795,-0.37195809701725624,12.589778900146484
47,0,150,3.4643459540683745e-05,1.3038460338066216e-06,0.00014999252744019032,0.1,0.8177253137773592,-0.4638245796557904,12.605634689331055
47,1,0,3.4643459540683745e-05,0.00021276275219861418,0.00012590612459462136,0.1,0.0014862022134684006,0.05799433177697242,12.596724510192871
47,1,50,3.4643459540683745e-05,5.550667765419348e-07,0.00023224190226756036,0.1,1.9587694439859484,-0.08907024959704882,12.606401443481445
47,1,100,3.4643459540683745e-05,1.0505293630558299e-06,0.0001936897315317765,0.1,1.3853511011913873,-0.28710445139206675,12.593335151672363
47,1,150,3.4643459540683745e-05,1.3336489246285055e-06,0.00012793208588846028,0.1,0.7868485520251431,-0.09354209051256071,12.615949630737305
47,2,0,3.4643459540683745e-05,2.449361772960401e-06,0.00016820164455566555,0.1,0.5020438441195539,-0.546408524754858,12.58877182006836
47,2,50,3.4643459540683745e-05,1.7527440832054708e-06,0.0001663329021539539,0.1,0.8969131450667219,-0.6407809884339961,12.613554954528809
47,2,100,3.4643459540683745e-05,1.257283429367817e-06,0.00016118054918479174,0.1,1.379095998676495,-0.6365800492469216,12.59543514251709
47,2,150,3.4643459540683745e-05,1.4062950413062936e-06,0.00015385283040814102,0.1,1.2847927688141074,-0.7168375087980037,12.57508659362793
47,3,0,3.4643459540683745e-05,3.4197551030956674e-06,0.00019579312356654555,0.1,0.2806429454928766,-0.40270976941905606,12.614554405212402
47,3,50,3.4643459540683745e-05,2.0265524653950706e-06,0.0003031268424820155,0.1,1.1654862119527314,-0.6645016168134249,12.605873107910156
47,3,100,3.4643459540683745e-05,2.2109554720373126e-06,0.00020682714239228517,0.1,1.0609710498368023,-0.6109928887165917,12.599853515625
47,3,150,3.4643459540683745e-05,2.156937853214913e-06,0.0001960892986971885,0.1,0.9367850542519957,-0.642193554494353,12.579971313476562
48,0,0,3.302082513756629e-05,1.303845465372433e-06,0.00013127153215464205,0.1,0.7077938009364249,-0.388106090763996,12.585498809814453
48,0,50,3.302082513756629e-05,7.990735184648656e-07,0.0001304923789575696,0.1,1.5322226462217208,-0.6579608291764029,12.643047332763672
48,0,100,3.302082513756629e-05,9.31320755626075e-07,0.00012986782530788332,0.1,1.277300740016696,-0.6669156276208742,12.601797103881836
48,0,150,3.302082513756629e-05,7.953485692269169e-07,0.0001030934727168642,0.1,1.5416893569773722,-0.6242134169569932,12.621129035949707
48,1,0,3.302082513756629e-05,3.926281351596117e-06,0.0001505892287241295,0.1,0.14245344307808372,-0.32548055070388887,12.604578971862793
48,1,50,3.302082513756629e-05,7.245675419653708e-07,0.00014733665739186108,0.1,1.551946979711348,-0.5600721740497729,12.59643268585205
48,1,100,3.302082513756629e-05,1.2125798320994363e-06,0.00021510978695005178,0.1,1.5136866995381433,-0.705620204895523,12.603428840637207
48,1,150,3.302082513756629e-05,5.38303879693558e-07,9.077528375200927e-05,0.1,1.9652113798657465,-0.4292555039947674,12.597949028015137
48,2,0,3.302082513756629e-05,1.043079237206257e-06,0.00013684210716746747,0.1,1.2425819171345684,-0.4638305578519287,12.583646774291992
48,2,50,3.302082513756629e-05,1.633535816836229e-06,0.0001667992037255317,0.1,0.9877653455584973,-0.6104349838664316,12.565631866455078
48,2,100,3.302082513756629e-05,1.4081579138292e-06,0.0001392280391883105,0.1,1.2847887781023426,-0.6592779194186023,12.57393741607666
48,2,150,3.302082513756629e-05,1.6484377738379408e-06,0.00012857618276029825,0.1,0.9498225480703659,-0.7036337184359374,12.607061386108398
48,3,0,3.302082513756629e-05,1.7657797570791445e-06,0.00024991907412186265,0.1,0.8611103903369585,-0.3721304771123693,12.615699768066406
48,3,50,3.302082513756629e-05,1.8179366634285543e-06,0.00021484932221937925,0.1,1.011989352643102,-0.6401632236968189,12.57142448425293
48,3,100,3.302082513756629e-05,2.041453399215243e-06,0.00021641538478434086,0.1,0.9283988886850222,-0.6891741828467808,12.593505859375
48,3,150,3.302082513756629e-05,2.177427177230129e-06,0.00020964349096175283,0.1,0.9592542645941999,-0.6708605023934376,12.620820045471191
49,0,0,3.1474191874089293e-05,1.5545414498774335e-05,0.00013375753769651055,0.1,0.03745158925158467,-0.396890045840828,12.602931022644043
49,0,50,3.1474191874089293e-05,8.568155180910253e-07,0.00017563581059221178,0.1,1.7464662627610017,-0.2115490119123653,12.605607986450195
49,0,100,3.1474191874089293e-05,1.1287595498288283e-06,0.00011595905380090699,0.1,0.8695727144769916,-0.4401524050307426,12.618227005004883
49,0,150,3.1474191874089293e-05,1.5459888800251065e-06,0.00014159093552734703,0.1,0.6883799166484159,-0.5701219825154636,12.609672546386719
49,1,0,3.1474191874089293e-05,2.1867026589461602e-06,0.00011422258103266358,0.1,0.24130912741342625,-0.33398857883607314,12.59927749633789
49,1,50,3.1474191874089293e-05,1.0989599275035289e-07,0.0002950557682197541,0.1,8.882825615782167,-0.19357692902070392,12.598722457885742
49,1,100,3.1474191874089293e-05,9.220077004101768e-07,0.00013569511065725237,0.1,1.323294168982954,-0.2895485839680035,12.61886978149414
49,1,150,3.1474191874089293e-05,8.363261940758093e-07,0.00010416447184979916,0.1,1.2540465410129515,-0.1565865373718236,12.613293647766113
49,2,0,3.1474191874089293e-05,2.3823049559723586e-06,0.00014522342826239765,0.1,0.4163402037078706,-0.542227486904535,12.603991508483887
49,2,50,3.1474191874089293e-05,1.2870855243818369e-06,0.00012361360131762922,0.1,1.0846733634052577,-0.6348135101929498,12.609783172607422
49,2,100,3.1474191874089293e-05,1.3634539755003061e-06,0.00015471840742975473,0.1,1.2227123346709778,-0.7423203460474809,12.604049682617188
49,2,150,3.1474191874089293e-05,1.1026843367289985e-06,0.00014452080358751118,0.1,1.3652816489427362,-0.7028992386751743,12.595097541809082
49,3,0,3.1474191874089293e-05,4.418059688759968e-06,0.00017378671327605844,0.1,0.16817749896913,-0.34357504340036066,12.612388610839844
49,3,50,3.1474191874089293e-05,2.2388944671547506e-06,0.00019080148194916546,0.1,0.9056163729590111,-0.6526682382200819,12.60285758972168
49,3,100,3.1474191874089293e-05,2.037729245785158e-06,0.0002026509027928114,0.1,0.9820958118140646,-0.7281849461642821,12.596553802490234
49,3,150,3.1474191874089293e-05,1.3653163932758616e-06,0.00015072195674292743,0.1,1.106547200867994,-0.6497743978153149,12.623015403747559
