protocol,round,method,model_scope,split,score_kind,auc,primary,valid_tasks,molecules,device,torch,stage,test_selection,python,dgl,rdkit,cuda_runtime,device_name
mmgnn-raw-logit-v2-20260918,0,avg,server,val,logits,0.39040597312557174,True,12,783,cuda:0,1.8.1,confirmation,False,3.8.20,0.6.1,2022.09.5,11.1,NVIDIA A100-PCIE-40GB
mmgnn-raw-logit-v2-20260918,0,avg,server,val,probabilities,0.39040597312557174,False,12,783,cuda:0,1.8.1,confirmation,False,3.8.20,0.6.1,2022.09.5,11.1,NVIDIA A100-PCIE-40GB
mmgnn-raw-logit-v2-20260918,0,avg,server,test,logits,0.41955742437795024,True,12,784,cuda:0,1.8.1,confirmation,False,3.8.20,0.6.1,2022.09.5,11.1,NVIDIA A100-PCIE-40GB
mmgnn-raw-logit-v2-20260918,0,avg,server,test,probabilities,0.41955742437795024,False,12,784,cuda:0,1.8.1,confirmation,False,3.8.20,0.6.1,2022.09.5,11.1,NVIDIA A100-PCIE-40GB
mmgnn-raw-logit-v2-20260918,0,avg,client_0,val,logits,0.38885029037287683,True,12,783,cuda:0,1.8.1,confirmation,False,3.8.20,0.6.1,2022.09.5,11.1,NVIDIA A100-PCIE-40GB
mmgnn-raw-logit-v2-20260918,0,avg,client_0,val,probabilities,0.38885029037287683,False,12,783,cuda:0,1.8.1,confirmation,False,3.8.20,0.6.1,2022.09.5,11.1,NVIDIA A100-PCIE-40GB
mmgnn-raw-logit-v2-20260918,0,avg,client_0,test,logits,0.4155109692178342,True,12,784,cuda:0,1.8.1,confirmation,False,3.8.20,0.6.1,2022.09.5,11.1,NVIDIA A100-PCIE-40GB
mmgnn-raw-logit-v2-20260918,0,avg,client_0,test,probabilities,0.4155109692178342,False,12,784,cuda:0,1.8.1,confirmation,False,3.8.20,0.6.1,2022.09.5,11.1,NVIDIA A100-PCIE-40GB
mmgnn-raw-logit-v2-20260918,0,avg,client_1,val,logits,0.4051427761933581,True,12,783,cuda:0,1.8.1,confirmation,False,3.8.20,0.6.1,2022.09.5,11.1,NVIDIA A100-PCIE-40GB
mmgnn-raw-logit-v2-20260918,0,avg,client_1,val,probabilities,0.4051427761933581,False,12,783,cuda:0,1.8.1,confirmation,False,3.8.20,0.6.1,2022.09.5,11.1,NVIDIA A100-PCIE-40GB
mmgnn-raw-logit-v2-20260918,0,avg,client_1,test,logits,0.4385361110404053,True,12,784,cuda:0,1.8.1,confirmation,False,3.8.20,0.6.1,2022.09.5,11.1,NVIDIA A100-PCIE-40GB
mmgnn-raw-logit-v2-20260918,0,avg,client_1,test,probabilities,0.4385361110404053,False,12,784,cuda:0,1.8.1,confirmation,False,3.8.20,0.6.1,2022.09.5,11.1,NVIDIA A100-PCIE-40GB
mmgnn-raw-logit-v2-20260918,0,avg,client_2,val,logits,0.3919141410550355,True,12,783,cuda:0,1.8.1,confirmation,False,3.8.20,0.6.1,2022.09.5,11.1,NVIDIA A100-PCIE-40GB
mmgnn-raw-logit-v2-20260918,0,avg,client_2,val,probabilities,0.3919141410550355,False,12,783,cuda:0,1.8.1,confirmation,False,3.8.20,0.6.1,2022.09.5,11.1,NVIDIA A100-PCIE-40GB
mmgnn-raw-logit-v2-20260918,0,avg,client_2,test,logits,0.41557957583543176,True,12,784,cuda:0,1.8.1,confirmation,False,3.8.20,0.6.1,2022.09.5,11.1,NVIDIA A100-PCIE-40GB
mmgnn-raw-logit-v2-20260918,0,avg,client_2,test,probabilities,0.41557957583543176,False,12,784,cuda:0,1.8.1,confirmation,False,3.8.20,0.6.1,2022.09.5,11.1,NVIDIA A100-PCIE-40GB
mmgnn-raw-logit-v2-20260918,0,avg,client_3,val,logits,0.39109641388134864,True,12,783,cuda:0,1.8.1,confirmation,False,3.8.20,0.6.1,2022.09.5,11.1,NVIDIA A100-PCIE-40GB
mmgnn-raw-logit-v2-20260918,0,avg,client_3,val,probabilities,0.39109641388134864,False,12,783,cuda:0,1.8.1,confirmation,False,3.8.20,0.6.1,2022.09.5,11.1,NVIDIA A100-PCIE-40GB
mmgnn-raw-logit-v2-20260918,0,avg,client_3,test,logits,0.4224021096624944,True,12,784,cuda:0,1.8.1,confirmation,False,3.8.20,0.6.1,2022.09.5,11.1,NVIDIA A100-PCIE-40GB
mmgnn-raw-logit-v2-20260918,0,avg,client_3,test,probabilities,0.4224021096624944,False,12,784,cuda:0,1.8.1,confirmation,False,3.8.20,0.6.1,2022.09.5,11.1,NVIDIA A100-PCIE-40GB
mmgnn-raw-logit-v2-20260918,1,avg,server,val,logits,0.7506151312750674,True,12,783,cuda:0,1.8.1,confirmation,False,3.8.20,0.6.1,2022.09.5,11.1,NVIDIA A100-PCIE-40GB
mmgnn-raw-logit-v2-20260918,1,avg,server,val,probabilities,0.7506151312750674,False,12,783,cuda:0,1.8.1,confirmation,False,3.8.20,0.6.1,2022.09.5,11.1,NVIDIA A100-PCIE-40GB
mmgnn-raw-logit-v2-20260918,1,avg,server,test,logits,0.712500480234636,True,12,784,cuda:0,1.8.1,confirmation,False,3.8.20,0.6.1,2022.09.5,11.1,NVIDIA A100-PCIE-40GB
mmgnn-raw-logit-v2-20260918,1,avg,server,test,probabilities,0.712500480234636,False,12,784,cuda:0,1.8.1,confirmation,False,3.8.20,0.6.1,2022.09.5,11.1,NVIDIA A100-PCIE-40GB
mmgnn-raw-logit-v2-20260918,1,avg,client_0,val,logits,0.7329102583851097,True,12,783,cuda:0,1.8.1,confirmation,False,3.8.20,0.6.1,2022.09.5,11.1,NVIDIA A100-PCIE-40GB
mmgnn-raw-logit-v2-20260918,1,avg,client_0,val,probabilities,0.7329102583851097,False,12,783,cuda:0,1.8.1,confirmation,False,3.8.20,0.6.1,2022.09.5,11.1,NVIDIA A100-PCIE-40GB
mmgnn-raw-logit-v2-20260918,1,avg,client_0,test,logits,0.6852536417361687,True,12,784,cuda:0,1.8.1,confirmation,False,3.8.20,0.6.1,2022.09.5,11.1,NVIDIA A100-PCIE-40GB
mmgnn-raw-logit-v2-20260918,1,avg,client_0,test,probabilities,0.6852536417361687,False,12,784,cuda:0,1.8.1,confirmation,False,3.8.20,0.6.1,2022.09.5,11.1,NVIDIA A100-PCIE-40GB
mmgnn-raw-logit-v2-20260918,1,avg,client_1,val,logits,0.7490964052827137,True,12,783,cuda:0,1.8.1,confirmation,False,3.8.20,0.6.1,2022.09.5,11.1,NVIDIA A100-PCIE-40GB
mmgnn-raw-logit-v2-20260918,1,avg,client_1,val,probabilities,0.7490964052827137,False,12,783,cuda:0,1.8.1,confirmation,False,3.8.20,0.6.1,2022.09.5,11.1,NVIDIA A100-PCIE-40GB
mmgnn-raw-logit-v2-20260918,1,avg,client_1,test,logits,0.7132604781057976,True,12,784,cuda:0,1.8.1,confirmation,False,3.8.20,0.6.1,2022.09.5,11.1,NVIDIA A100-PCIE-40GB
mmgnn-raw-logit-v2-20260918,1,avg,client_1,test,probabilities,0.7132604781057976,False,12,784,cuda:0,1.8.1,confirmation,False,3.8.20,0.6.1,2022.09.5,11.1,NVIDIA A100-PCIE-40GB
mmgnn-raw-logit-v2-20260918,1,avg,client_2,val,logits,0.7325938186991997,True,12,783,cuda:0,1.8.1,confirmation,False,3.8.20,0.6.1,2022.09.5,11.1,NVIDIA A100-PCIE-40GB
mmgnn-raw-logit-v2-20260918,1,avg,client_2,val,probabilities,0.7325938186991997,False,12,783,cuda:0,1.8.1,confirmation,False,3.8.20,0.6.1,2022.09.5,11.1,NVIDIA A100-PCIE-40GB
mmgnn-raw-logit-v2-20260918,1,avg,client_2,test,logits,0.7190640987408213,True,12,784,cuda:0,1.8.1,confirmation,False,3.8.20,0.6.1,2022.09.5,11.1,NVIDIA A100-PCIE-40GB
mmgnn-raw-logit-v2-20260918,1,avg,client_2,test,probabilities,0.7190640987408213,False,12,784,cuda:0,1.8.1,confirmation,False,3.8.20,0.6.1,2022.09.5,11.1,NVIDIA A100-PCIE-40GB
mmgnn-raw-logit-v2-20260918,1,avg,client_3,val,logits,0.7533706758747561,True,12,783,cuda:0,1.8.1,confirmation,False,3.8.20,0.6.1,2022.09.5,11.1,NVIDIA A100-PCIE-40GB
mmgnn-raw-logit-v2-20260918,1,avg,client_3,val,probabilities,0.7533706758747561,False,12,783,cuda:0,1.8.1,confirmation,False,3.8.20,0.6.1,2022.09.5,11.1,NVIDIA A100-PCIE-40GB
mmgnn-raw-logit-v2-20260918,1,avg,client_3,test,logits,0.7060197287997662,True,12,784,cuda:0,1.8.1,confirmation,False,3.8.20,0.6.1,2022.09.5,11.1,NVIDIA A100-PCIE-40GB
mmgnn-raw-logit-v2-20260918,1,avg,client_3,test,probabilities,0.7060197287997662,False,12,784,cuda:0,1.8.1,confirmation,False,3.8.20,0.6.1,2022.09.5,11.1,NVIDIA A100-PCIE-40GB
mmgnn-raw-logit-v2-20260918,2,avg,server,val,logits,0.779326488908593,True,12,783,cuda:0,1.8.1,confirmation,False,3.8.20,0.6.1,2022.09.5,11.1,NVIDIA A100-PCIE-40GB
mmgnn-raw-logit-v2-20260918,2,avg,server,val,probabilities,0.779326488908593,False,12,783,cuda:0,1.8.1,confirmation,False,3.8.20,0.6.1,2022.09.5,11.1,NVIDIA A100-PCIE-40GB
mmgnn-raw-logit-v2-20260918,2,avg,server,test,logits,0.7488860894753775,True,12,784,cuda:0,1.8.1,confirmation,False,3.8.20,0.6.1,2022.09.5,11.1,NVIDIA A100-PCIE-40GB
mmgnn-raw-logit-v2-20260918,2,avg,server,test,probabilities,0.7488860894753775,False,12,784,cuda:0,1.8.1,confirmation,False,3.8.20,0.6.1,2022.09.5,11.1,NVIDIA A100-PCIE-40GB
mmgnn-raw-logit-v2-20260918,2,avg,client_0,val,logits,0.7656227945626731,True,12,783,cuda:0,1.8.1,confirmation,False,3.8.20,0.6.1,2022.09.5,11.1,NVIDIA A100-PCIE-40GB
mmgnn-raw-logit-v2-20260918,2,avg,client_0,val,probabilities,0.7656227945626731,False,12,783,cuda:0,1.8.1,confirmation,False,3.8.20,0.6.1,2022.09.5,11.1,NVIDIA A100-PCIE-40GB
mmgnn-raw-logit-v2-20260918,2,avg,client_0,test,logits,0.7262589324687982,True,12,784,cuda:0,1.8.1,confirmation,False,3.8.20,0.6.1,2022.09.5,11.1,NVIDIA A100-PCIE-40GB
mmgnn-raw-logit-v2-20260918,2,avg,client_0,test,probabilities,0.7262589324687982,False,12,784,cuda:0,1.8.1,confirmation,False,3.8.20,0.6.1,2022.09.5,11.1,NVIDIA A100-PCIE-40GB
mmgnn-raw-logit-v2-20260918,2,avg,client_1,val,logits,0.7746228841564173,True,12,783,cuda:0,1.8.1,confirmation,False,3.8.20,0.6.1,2022.09.5,11.1,NVIDIA A100-PCIE-40GB
mmgnn-raw-logit-v2-20260918,2,avg,client_1,val,probabilities,0.7746228841564173,False,12,783,cuda:0,1.8.1,confirmation,False,3.8.20,0.6.1,2022.09.5,11.1,NVIDIA A100-PCIE-40GB
mmgnn-raw-logit-v2-20260918,2,avg,client_1,test,logits,0.7440484098457314,True,12,784,cuda:0,1.8.1,confirmation,False,3.8.20,0.6.1,2022.09.5,11.1,NVIDIA A100-PCIE-40GB
mmgnn-raw-logit-v2-20260918,2,avg,client_1,test,probabilities,0.7440484098457314,False,12,784,cuda:0,1.8.1,confirmation,False,3.8.20,0.6.1,2022.09.5,11.1,NVIDIA A100-PCIE-40GB
mmgnn-raw-logit-v2-20260918,2,avg,client_2,val,logits,0.7566892448412892,True,12,783,cuda:0,1.8.1,confirmation,False,3.8.20,0.6.1,2022.09.5,11.1,NVIDIA A100-PCIE-40GB
mmgnn-raw-logit-v2-20260918,2,avg,client_2,val,probabilities,0.7566892448412892,False,12,783,cuda:0,1.8.1,confirmation,False,3.8.20,0.6.1,2022.09.5,11.1,NVIDIA A100-PCIE-40GB
mmgnn-raw-logit-v2-20260918,2,avg,client_2,test,logits,0.7414778038289797,True,12,784,cuda:0,1.8.1,confirmation,False,3.8.20,0.6.1,2022.09.5,11.1,NVIDIA A100-PCIE-40GB
mmgnn-raw-logit-v2-20260918,2,avg,client_2,test,probabilities,0.7414778038289797,False,12,784,cuda:0,1.8.1,confirmation,False,3.8.20,0.6.1,2022.09.5,11.1,NVIDIA A100-PCIE-40GB
mmgnn-raw-logit-v2-20260918,2,avg,client_3,val,logits,0.7701055697281199,True,12,783,cuda:0,1.8.1,confirmation,False,3.8.20,0.6.1,2022.09.5,11.1,NVIDIA A100-PCIE-40GB
mmgnn-raw-logit-v2-20260918,2,avg,client_3,val,probabilities,0.7701055697281199,False,12,783,cuda:0,1.8.1,confirmation,False,3.8.20,0.6.1,2022.09.5,11.1,NVIDIA A100-PCIE-40GB
mmgnn-raw-logit-v2-20260918,2,avg,client_3,test,logits,0.7360730692913178,True,12,784,cuda:0,1.8.1,confirmation,False,3.8.20,0.6.1,2022.09.5,11.1,NVIDIA A100-PCIE-40GB
mmgnn-raw-logit-v2-20260918,2,avg,client_3,test,probabilities,0.7360730692913178,False,12,784,cuda:0,1.8.1,confirmation,False,3.8.20,0.6.1,2022.09.5,11.1,NVIDIA A100-PCIE-40GB
mmgnn-raw-logit-v2-20260918,3,avg,server,val,logits,0.7955284504558837,True,12,783,cuda:0,1.8.1,confirmation,False,3.8.20,0.6.1,2022.09.5,11.1,NVIDIA A100-PCIE-40GB
mmgnn-raw-logit-v2-20260918,3,avg,server,val,probabilities,0.7955284504558837,False,12,783,cuda:0,1.8.1,confirmation,False,3.8.20,0.6.1,2022.09.5,11.1,NVIDIA A100-PCIE-40GB
mmgnn-raw-logit-v2-20260918,3,avg,server,test,logits,0.7784923228874447,True,12,784,cuda:0,1.8.1,confirmation,False,3.8.20,0.6.1,2022.09.5,11.1,NVIDIA A100-PCIE-40GB
mmgnn-raw-logit-v2-20260918,3,avg,server,test,probabilities,0.7784923228874447,False,12,784,cuda:0,1.8.1,confirmation,False,3.8.20,0.6.1,2022.09.5,11.1,NVIDIA A100-PCIE-40GB
mmgnn-raw-logit-v2-20260918,3,avg,client_0,val,logits,0.7907469348880024,True,12,783,cuda:0,1.8.1,confirmation,False,3.8.20,0.6.1,2022.09.5,11.1,NVIDIA A100-PCIE-40GB
mmgnn-raw-logit-v2-20260918,3,avg,client_0,val,probabilities,0.7907469348880024,False,12,783,cuda:0,1.8.1,confirmation,False,3.8.20,0.6.1,2022.09.5,11.1,NVIDIA A100-PCIE-40GB
mmgnn-raw-logit-v2-20260918,3,avg,client_0,test,logits,0.762776762325009,True,12,784,cuda:0,1.8.1,confirmation,False,3.8.20,0.6.1,2022.09.5,11.1,NVIDIA A100-PCIE-40GB
mmgnn-raw-logit-v2-20260918,3,avg,client_0,test,probabilities,0.762776762325009,False,12,784,cuda:0,1.8.1,confirmation,False,3.8.20,0.6.1,2022.09.5,11.1,NVIDIA A100-PCIE-40GB
mmgnn-raw-logit-v2-20260918,3,avg,client_1,val,logits,0.791440646777447,True,12,783,cuda:0,1.8.1,confirmation,False,3.8.20,0.6.1,2022.09.5,11.1,NVIDIA A100-PCIE-40GB
mmgnn-raw-logit-v2-20260918,3,avg,client_1,val,probabilities,0.791440646777447,False,12,783,cuda:0,1.8.1,confirmation,False,3.8.20,0.6.1,2022.09.5,11.1,NVIDIA A100-PCIE-40GB
mmgnn-raw-logit-v2-20260918,3,avg,client_1,test,logits,0.7656364100674092,True,12,784,cuda:0,1.8.1,confirmation,False,3.8.20,0.6.1,2022.09.5,11.1,NVIDIA A100-PCIE-40GB
mmgnn-raw-logit-v2-20260918,3,avg,client_1,test,probabilities,0.7656364100674092,False,12,784,cuda:0,1.8.1,confirmation,False,3.8.20,0.6.1,2022.09.5,11.1,NVIDIA A100-PCIE-40GB
mmgnn-raw-logit-v2-20260918,3,avg,client_2,val,logits,0.7693274358462864,True,12,783,cuda:0,1.8.1,confirmation,False,3.8.20,0.6.1,2022.09.5,11.1,NVIDIA A100-PCIE-40GB
mmgnn-raw-logit-v2-20260918,3,avg,client_2,val,probabilities,0.7693274358462864,False,12,783,cuda:0,1.8.1,confirmation,False,3.8.20,0.6.1,2022.09.5,11.1,NVIDIA A100-PCIE-40GB
mmgnn-raw-logit-v2-20260918,3,avg,client_2,test,logits,0.7644489965396591,True,12,784,cuda:0,1.8.1,confirmation,False,3.8.20,0.6.1,2022.09.5,11.1,NVIDIA A100-PCIE-40GB
mmgnn-raw-logit-v2-20260918,3,avg,client_2,test,probabilities,0.7644489965396591,False,12,784,cuda:0,1.8.1,confirmation,False,3.8.20,0.6.1,2022.09.5,11.1,NVIDIA A100-PCIE-40GB
mmgnn-raw-logit-v2-20260918,3,avg,client_3,val,logits,0.7788726822242628,True,12,783,cuda:0,1.8.1,confirmation,False,3.8.20,0.6.1,2022.09.5,11.1,NVIDIA A100-PCIE-40GB
mmgnn-raw-logit-v2-20260918,3,avg,client_3,val,probabilities,0.7788726822242628,False,12,783,cuda:0,1.8.1,confirmation,False,3.8.20,0.6.1,2022.09.5,11.1,NVIDIA A100-PCIE-40GB
mmgnn-raw-logit-v2-20260918,3,avg,client_3,test,logits,0.7600822714710919,True,12,784,cuda:0,1.8.1,confirmation,False,3.8.20,0.6.1,2022.09.5,11.1,NVIDIA A100-PCIE-40GB
mmgnn-raw-logit-v2-20260918,3,avg,client_3,test,probabilities,0.7600822714710919,False,12,784,cuda:0,1.8.1,confirmation,False,3.8.20,0.6.1,2022.09.5,11.1,NVIDIA A100-PCIE-40GB
mmgnn-raw-logit-v2-20260918,4,avg,server,val,logits,0.8073510865370316,True,12,783,cuda:0,1.8.1,confirmation,False,3.8.20,0.6.1,2022.09.5,11.1,NVIDIA A100-PCIE-40GB
mmgnn-raw-logit-v2-20260918,4,avg,server,val,probabilities,0.8073510865370316,False,12,783,cuda:0,1.8.1,confirmation,False,3.8.20,0.6.1,2022.09.5,11.1,NVIDIA A100-PCIE-40GB
mmgnn-raw-logit-v2-20260918,4,avg,server,test,logits,0.7992393798202285,True,12,784,cuda:0,1.8.1,confirmation,False,3.8.20,0.6.1,2022.09.5,11.1,NVIDIA A100-PCIE-40GB
mmgnn-raw-logit-v2-20260918,4,avg,server,test,probabilities,0.7992393798202285,False,12,784,cuda:0,1.8.1,confirmation,False,3.8.20,0.6.1,2022.09.5,11.1,NVIDIA A100-PCIE-40GB
mmgnn-raw-logit-v2-20260918,4,avg,client_0,val,logits,0.7993553089463044,True,12,783,cuda:0,1.8.1,confirmation,False,3.8.20,0.6.1,2022.09.5,11.1,NVIDIA A100-PCIE-40GB
mmgnn-raw-logit-v2-20260918,4,avg,client_0,val,probabilities,0.7993553089463044,False,12,783,cuda:0,1.8.1,confirmation,False,3.8.20,0.6.1,2022.09.5,11.1,NVIDIA A100-PCIE-40GB
mmgnn-raw-logit-v2-20260918,4,avg,client_0,test,logits,0.7853454685663622,True,12,784,cuda:0,1.8.1,confirmation,False,3.8.20,0.6.1,2022.09.5,11.1,NVIDIA A100-PCIE-40GB
mmgnn-raw-logit-v2-20260918,4,avg,client_0,test,probabilities,0.7853454685663622,False,12,784,cuda:0,1.8.1,confirmation,False,3.8.20,0.6.1,2022.09.5,11.1,NVIDIA A100-PCIE-40GB
mmgnn-raw-logit-v2-20260918,4,avg,client_1,val,logits,0.8015656583472763,True,12,783,cuda:0,1.8.1,confirmation,False,3.8.20,0.6.1,2022.09.5,11.1,NVIDIA A100-PCIE-40GB
mmgnn-raw-logit-v2-20260918,4,avg,client_1,val,probabilities,0.8015656583472763,False,12,783,cuda:0,1.8.1,confirmation,False,3.8.20,0.6.1,2022.09.5,11.1,NVIDIA A100-PCIE-40GB
mmgnn-raw-logit-v2-20260918,4,avg,client_1,test,logits,0.7807840690584719,True,12,784,cuda:0,1.8.1,confirmation,False,3.8.20,0.6.1,2022.09.5,11.1,NVIDIA A100-PCIE-40GB
mmgnn-raw-logit-v2-20260918,4,avg,client_1,test,probabilities,0.7807840690584719,False,12,784,cuda:0,1.8.1,confirmation,False,3.8.20,0.6.1,2022.09.5,11.1,NVIDIA A100-PCIE-40GB
mmgnn-raw-logit-v2-20260918,4,avg,client_2,val,logits,0.7850860190598645,True,12,783,cuda:0,1.8.1,confirmation,False,3.8.20,0.6.1,2022.09.5,11.1,NVIDIA A100-PCIE-40GB
mmgnn-raw-logit-v2-20260918,4,avg,client_2,val,probabilities,0.7850860190598645,False,12,783,cuda:0,1.8.1,confirmation,False,3.8.20,0.6.1,2022.09.5,11.1,NVIDIA A100-PCIE-40GB
mmgnn-raw-logit-v2-20260918,4,avg,client_2,test,logits,0.7925301299207425,True,12,784,cuda:0,1.8.1,confirmation,False,3.8.20,0.6.1,2022.09.5,11.1,NVIDIA A100-PCIE-40GB
mmgnn-raw-logit-v2-20260918,4,avg,client_2,test,probabilities,0.7925301299207425,False,12,784,cuda:0,1.8.1,confirmation,False,3.8.20,0.6.1,2022.09.5,11.1,NVIDIA A100-PCIE-40GB
mmgnn-raw-logit-v2-20260918,4,avg,client_3,val,logits,0.7909621400090024,True,12,783,cuda:0,1.8.1,confirmation,False,3.8.20,0.6.1,2022.09.5,11.1,NVIDIA A100-PCIE-40GB
mmgnn-raw-logit-v2-20260918,4,avg,client_3,val,probabilities,0.7909621400090024,False,12,783,cuda:0,1.8.1,confirmation,False,3.8.20,0.6.1,2022.09.5,11.1,NVIDIA A100-PCIE-40GB
mmgnn-raw-logit-v2-20260918,4,avg,client_3,test,logits,0.7703832512178148,True,12,784,cuda:0,1.8.1,confirmation,False,3.8.20,0.6.1,2022.09.5,11.1,NVIDIA A100-PCIE-40GB
mmgnn-raw-logit-v2-20260918,4,avg,client_3,test,probabilities,0.7703832512178148,False,12,784,cuda:0,1.8.1,confirmation,False,3.8.20,0.6.1,2022.09.5,11.1,NVIDIA A100-PCIE-40GB
mmgnn-raw-logit-v2-20260918,5,avg,server,val,logits,0.8163143348701015,True,12,783,cuda:0,1.8.1,confirmation,False,3.8.20,0.6.1,2022.09.5,11.1,NVIDIA A100-PCIE-40GB
mmgnn-raw-logit-v2-20260918,5,avg,server,val,probabilities,0.8163143348701015,False,12,783,cuda:0,1.8.1,confirmation,False,3.8.20,0.6.1,2022.09.5,11.1,NVIDIA A100-PCIE-40GB
mmgnn-raw-logit-v2-20260918,5,avg,server,test,logits,0.8132377121711238,True,12,784,cuda:0,1.8.1,confirmation,False,3.8.20,0.6.1,2022.09.5,11.1,NVIDIA A100-PCIE-40GB
mmgnn-raw-logit-v2-20260918,5,avg,server,test,probabilities,0.8132377121711238,False,12,784,cuda:0,1.8.1,confirmation,False,3.8.20,0.6.1,2022.09.5,11.1,NVIDIA A100-PCIE-40GB
mmgnn-raw-logit-v2-20260918,5,avg,client_0,val,logits,0.8056367865747154,True,12,783,cuda:0,1.8.1,confirmation,False,3.8.20,0.6.1,2022.09.5,11.1,NVIDIA A100-PCIE-40GB
mmgnn-raw-logit-v2-20260918,5,avg,client_0,val,probabilities,0.8056367865747154,False,12,783,cuda:0,1.8.1,confirmation,False,3.8.20,0.6.1,2022.09.5,11.1,NVIDIA A100-PCIE-40GB
mmgnn-raw-logit-v2-20260918,5,avg,client_0,test,logits,0.801037120474931,True,12,784,cuda:0,1.8.1,confirmation,False,3.8.20,0.6.1,2022.09.5,11.1,NVIDIA A100-PCIE-40GB
mmgnn-raw-logit-v2-20260918,5,avg,client_0,test,probabilities,0.801037120474931,False,12,784,cuda:0,1.8.1,confirmation,False,3.8.20,0.6.1,2022.09.5,11.1,NVIDIA A100-PCIE-40GB
mmgnn-raw-logit-v2-20260918,5,avg,client_1,val,logits,0.8113189058654363,True,12,783,cuda:0,1.8.1,confirmation,False,3.8.20,0.6.1,2022.09.5,11.1,NVIDIA A100-PCIE-40GB
mmgnn-raw-logit-v2-20260918,5,avg,client_1,val,probabilities,0.8113189058654363,False,12,783,cuda:0,1.8.1,confirmation,False,3.8.20,0.6.1,2022.09.5,11.1,NVIDIA A100-PCIE-40GB
mmgnn-raw-logit-v2-20260918,5,avg,client_1,test,logits,0.7937652439541673,True,12,784,cuda:0,1.8.1,confirmation,False,3.8.20,0.6.1,2022.09.5,11.1,NVIDIA A100-PCIE-40GB
mmgnn-raw-logit-v2-20260918,5,avg,client_1,test,probabilities,0.7937652439541673,False,12,784,cuda:0,1.8.1,confirmation,False,3.8.20,0.6.1,2022.09.5,11.1,NVIDIA A100-PCIE-40GB
mmgnn-raw-logit-v2-20260918,5,avg,client_2,val,logits,0.7879540974831004,True,12,783,cuda:0,1.8.1,confirmation,False,3.8.20,0.6.1,2022.09.5,11.1,NVIDIA A100-PCIE-40GB
mmgnn-raw-logit-v2-20260918,5,avg,client_2,val,probabilities,0.7879540974831004,False,12,783,cuda:0,1.8.1,confirmation,False,3.8.20,0.6.1,2022.09.5,11.1,NVIDIA A100-PCIE-40GB
mmgnn-raw-logit-v2-20260918,5,avg,client_2,test,logits,0.8039936085519317,True,12,784,cuda:0,1.8.1,confirmation,False,3.8.20,0.6.1,2022.09.5,11.1,NVIDIA A100-PCIE-40GB
mmgnn-raw-logit-v2-20260918,5,avg,client_2,test,probabilities,0.8039936085519317,False,12,784,cuda:0,1.8.1,confirmation,False,3.8.20,0.6.1,2022.09.5,11.1,NVIDIA A100-PCIE-40GB
mmgnn-raw-logit-v2-20260918,5,avg,client_3,val,logits,0.8063310375400304,True,12,783,cuda:0,1.8.1,confirmation,False,3.8.20,0.6.1,2022.09.5,11.1,NVIDIA A100-PCIE-40GB
mmgnn-raw-logit-v2-20260918,5,avg,client_3,val,probabilities,0.8063310375400304,False,12,783,cuda:0,1.8.1,confirmation,False,3.8.20,0.6.1,2022.09.5,11.1,NVIDIA A100-PCIE-40GB
mmgnn-raw-logit-v2-20260918,5,avg,client_3,test,logits,0.7794870280034688,True,12,784,cuda:0,1.8.1,confirmation,False,3.8.20,0.6.1,2022.09.5,11.1,NVIDIA A100-PCIE-40GB
mmgnn-raw-logit-v2-20260918,5,avg,client_3,test,probabilities,0.7794870280034688,False,12,784,cuda:0,1.8.1,confirmation,False,3.8.20,0.6.1,2022.09.5,11.1,NVIDIA A100-PCIE-40GB
mmgnn-raw-logit-v2-20260918,6,avg,server,val,logits,0.8218742288170331,True,12,783,cuda:0,1.8.1,confirmation,False,3.8.20,0.6.1,2022.09.5,11.1,NVIDIA A100-PCIE-40GB
mmgnn-raw-logit-v2-20260918,6,avg,server,val,probabilities,0.8218742288170331,False,12,783,cuda:0,1.8.1,confirmation,False,3.8.20,0.6.1,2022.09.5,11.1,NVIDIA A100-PCIE-40GB
mmgnn-raw-logit-v2-20260918,6,avg,server,test,logits,0.8191873182363932,True,12,784,cuda:0,1.8.1,confirmation,False,3.8.20,0.6.1,2022.09.5,11.1,NVIDIA A100-PCIE-40GB
mmgnn-raw-logit-v2-20260918,6,avg,server,test,probabilities,0.8191873182363932,False,12,784,cuda:0,1.8.1,confirmation,False,3.8.20,0.6.1,2022.09.5,11.1,NVIDIA A100-PCIE-40GB
mmgnn-raw-logit-v2-20260918,6,avg,client_0,val,logits,0.8047208226411074,True,12,783,cuda:0,1.8.1,confirmation,False,3.8.20,0.6.1,2022.09.5,11.1,NVIDIA A100-PCIE-40GB
mmgnn-raw-logit-v2-20260918,6,avg,client_0,val,probabilities,0.8047208226411074,False,12,783,cuda:0,1.8.1,confirmation,False,3.8.20,0.6.1,2022.09.5,11.1,NVIDIA A100-PCIE-40GB
mmgnn-raw-logit-v2-20260918,6,avg,client_0,test,logits,0.7905540650697644,True,12,784,cuda:0,1.8.1,confirmation,False,3.8.20,0.6.1,2022.09.5,11.1,NVIDIA A100-PCIE-40GB
mmgnn-raw-logit-v2-20260918,6,avg,client_0,test,probabilities,0.7905540650697644,False,12,784,cuda:0,1.8.1,confirmation,False,3.8.20,0.6.1,2022.09.5,11.1,NVIDIA A100-PCIE-40GB
mmgnn-raw-logit-v2-20260918,6,avg,client_1,val,logits,0.8193046425593701,True,12,783,cuda:0,1.8.1,confirmation,False,3.8.20,0.6.1,2022.09.5,11.1,NVIDIA A100-PCIE-40GB
mmgnn-raw-logit-v2-20260918,6,avg,client_1,val,probabilities,0.8193046425593701,False,12,783,cuda:0,1.8.1,confirmation,False,3.8.20,0.6.1,2022.09.5,11.1,NVIDIA A100-PCIE-40GB
mmgnn-raw-logit-v2-20260918,6,avg,client_1,test,logits,0.8049961538398644,True,12,784,cuda:0,1.8.1,confirmation,False,3.8.20,0.6.1,2022.09.5,11.1,NVIDIA A100-PCIE-40GB
mmgnn-raw-logit-v2-20260918,6,avg,client_1,test,probabilities,0.8049961538398644,False,12,784,cuda:0,1.8.1,confirmation,False,3.8.20,0.6.1,2022.09.5,11.1,NVIDIA A100-PCIE-40GB
mmgnn-raw-logit-v2-20260918,6,avg,client_2,val,logits,0.800673183154681,True,12,783,cuda:0,1.8.1,confirmation,False,3.8.20,0.6.1,2022.09.5,11.1,NVIDIA A100-PCIE-40GB
mmgnn-raw-logit-v2-20260918,6,avg,client_2,val,probabilities,0.800673183154681,False,12,783,cuda:0,1.8.1,confirmation,False,3.8.20,0.6.1,2022.09.5,11.1,NVIDIA A100-PCIE-40GB
mmgnn-raw-logit-v2-20260918,6,avg,client_2,test,logits,0.8046157918127802,True,12,784,cuda:0,1.8.1,confirmation,False,3.8.20,0.6.1,2022.09.5,11.1,NVIDIA A100-PCIE-40GB
mmgnn-raw-logit-v2-20260918,6,avg,client_2,test,probabilities,0.8046157918127802,False,12,784,cuda:0,1.8.1,confirmation,False,3.8.20,0.6.1,2022.09.5,11.1,NVIDIA A100-PCIE-40GB
mmgnn-raw-logit-v2-20260918,6,avg,client_3,val,logits,0.807956674220256,True,12,783,cuda:0,1.8.1,confirmation,False,3.8.20,0.6.1,2022.09.5,11.1,NVIDIA A100-PCIE-40GB
mmgnn-raw-logit-v2-20260918,6,avg,client_3,val,probabilities,0.807956674220256,False,12,783,cuda:0,1.8.1,confirmation,False,3.8.20,0.6.1,2022.09.5,11.1,NVIDIA A100-PCIE-40GB
mmgnn-raw-logit-v2-20260918,6,avg,client_3,test,logits,0.7988188518697585,True,12,784,cuda:0,1.8.1,confirmation,False,3.8.20,0.6.1,2022.09.5,11.1,NVIDIA A100-PCIE-40GB
mmgnn-raw-logit-v2-20260918,6,avg,client_3,test,probabilities,0.7988188518697585,False,12,784,cuda:0,1.8.1,confirmation,False,3.8.20,0.6.1,2022.09.5,11.1,NVIDIA A100-PCIE-40GB
mmgnn-raw-logit-v2-20260918,7,avg,server,val,logits,0.8262058582226507,True,12,783,cuda:0,1.8.1,confirmation,False,3.8.20,0.6.1,2022.09.5,11.1,NVIDIA A100-PCIE-40GB
mmgnn-raw-logit-v2-20260918,7,avg,server,val,probabilities,0.8262058582226507,False,12,783,cuda:0,1.8.1,confirmation,False,3.8.20,0.6.1,2022.09.5,11.1,NVIDIA A100-PCIE-40GB
mmgnn-raw-logit-v2-20260918,7,avg,server,test,logits,0.8207317043827679,True,12,784,cuda:0,1.8.1,confirmation,False,3.8.20,0.6.1,2022.09.5,11.1,NVIDIA A100-PCIE-40GB
mmgnn-raw-logit-v2-20260918,7,avg,server,test,probabilities,0.8207317043827679,False,12,784,cuda:0,1.8.1,confirmation,False,3.8.20,0.6.1,2022.09.5,11.1,NVIDIA A100-PCIE-40GB
mmgnn-raw-logit-v2-20260918,7,avg,client_0,val,logits,0.8120676728824079,True,12,783,cuda:0,1.8.1,confirmation,False,3.8.20,0.6.1,2022.09.5,11.1,NVIDIA A100-PCIE-40GB
mmgnn-raw-logit-v2-20260918,7,avg,client_0,val,probabilities,0.8120676728824079,False,12,783,cuda:0,1.8.1,confirmation,False,3.8.20,0.6.1,2022.09.5,11.1,NVIDIA A100-PCIE-40GB
mmgnn-raw-logit-v2-20260918,7,avg,client_0,test,logits,0.8041557599237149,True,12,784,cuda:0,1.8.1,confirmation,False,3.8.20,0.6.1,2022.09.5,11.1,NVIDIA A100-PCIE-40GB
mmgnn-raw-logit-v2-20260918,7,avg,client_0,test,probabilities,0.8041557599237149,False,12,784,cuda:0,1.8.1,confirmation,False,3.8.20,0.6.1,2022.09.5,11.1,NVIDIA A100-PCIE-40GB
mmgnn-raw-logit-v2-20260918,7,avg,client_1,val,logits,0.8189170043220444,True,12,783,cuda:0,1.8.1,confirmation,False,3.8.20,0.6.1,2022.09.5,11.1,NVIDIA A100-PCIE-40GB
mmgnn-raw-logit-v2-20260918,7,avg,client_1,val,probabilities,0.8189170043220444,False,12,783,cuda:0,1.8.1,confirmation,False,3.8.20,0.6.1,2022.09.5,11.1,NVIDIA A100-PCIE-40GB
mmgnn-raw-logit-v2-20260918,7,avg,client_1,test,logits,0.806266267080414,True,12,784,cuda:0,1.8.1,confirmation,False,3.8.20,0.6.1,2022.09.5,11.1,NVIDIA A100-PCIE-40GB
mmgnn-raw-logit-v2-20260918,7,avg,client_1,test,probabilities,0.806266267080414,False,12,784,cuda:0,1.8.1,confirmation,False,3.8.20,0.6.1,2022.09.5,11.1,NVIDIA A100-PCIE-40GB
mmgnn-raw-logit-v2-20260918,7,avg,client_2,val,logits,0.8051549319346719,True,12,783,cuda:0,1.8.1,confirmation,False,3.8.20,0.6.1,2022.09.5,11.1,NVIDIA A100-PCIE-40GB
mmgnn-raw-logit-v2-20260918,7,avg,client_2,val,probabilities,0.8051549319346719,False,12,783,cuda:0,1.8.1,confirmation,False,3.8.20,0.6.1,2022.09.5,11.1,NVIDIA A100-PCIE-40GB
mmgnn-raw-logit-v2-20260918,7,avg,client_2,test,logits,0.8023726422153014,True,12,784,cuda:0,1.8.1,confirmation,False,3.8.20,0.6.1,2022.09.5,11.1,NVIDIA A100-PCIE-40GB
mmgnn-raw-logit-v2-20260918,7,avg,client_2,test,probabilities,0.8023726422153014,False,12,784,cuda:0,1.8.1,confirmation,False,3.8.20,0.6.1,2022.09.5,11.1,NVIDIA A100-PCIE-40GB
mmgnn-raw-logit-v2-20260918,7,avg,client_3,val,logits,0.8172088035785577,True,12,783,cuda:0,1.8.1,confirmation,False,3.8.20,0.6.1,2022.09.5,11.1,NVIDIA A100-PCIE-40GB
mmgnn-raw-logit-v2-20260918,7,avg,client_3,val,probabilities,0.8172088035785577,False,12,783,cuda:0,1.8.1,confirmation,False,3.8.20,0.6.1,2022.09.5,11.1,NVIDIA A100-PCIE-40GB
mmgnn-raw-logit-v2-20260918,7,avg,client_3,test,logits,0.7939395183431254,True,12,784,cuda:0,1.8.1,confirmation,False,3.8.20,0.6.1,2022.09.5,11.1,NVIDIA A100-PCIE-40GB
mmgnn-raw-logit-v2-20260918,7,avg,client_3,test,probabilities,0.7939395183431254,False,12,784,cuda:0,1.8.1,confirmation,False,3.8.20,0.6.1,2022.09.5,11.1,NVIDIA A100-PCIE-40GB
mmgnn-raw-logit-v2-20260918,8,avg,server,val,logits,0.827351430395066,True,12,783,cuda:0,1.8.1,confirmation,False,3.8.20,0.6.1,2022.09.5,11.1,NVIDIA A100-PCIE-40GB
mmgnn-raw-logit-v2-20260918,8,avg,server,val,probabilities,0.827351430395066,False,12,783,cuda:0,1.8.1,confirmation,False,3.8.20,0.6.1,2022.09.5,11.1,NVIDIA A100-PCIE-40GB
mmgnn-raw-logit-v2-20260918,8,avg,server,test,logits,0.8238817768804375,True,12,784,cuda:0,1.8.1,confirmation,False,3.8.20,0.6.1,2022.09.5,11.1,NVIDIA A100-PCIE-40GB
mmgnn-raw-logit-v2-20260918,8,avg,server,test,probabilities,0.8238817768804375,False,12,784,cuda:0,1.8.1,confirmation,False,3.8.20,0.6.1,2022.09.5,11.1,NVIDIA A100-PCIE-40GB
mmgnn-raw-logit-v2-20260918,8,avg,client_0,val,logits,0.8108565372992763,True,12,783,cuda:0,1.8.1,confirmation,False,3.8.20,0.6.1,2022.09.5,11.1,NVIDIA A100-PCIE-40GB
mmgnn-raw-logit-v2-20260918,8,avg,client_0,val,probabilities,0.8108565372992763,False,12,783,cuda:0,1.8.1,confirmation,False,3.8.20,0.6.1,2022.09.5,11.1,NVIDIA A100-PCIE-40GB
mmgnn-raw-logit-v2-20260918,8,avg,client_0,test,logits,0.8085628148281941,True,12,784,cuda:0,1.8.1,confirmation,False,3.8.20,0.6.1,2022.09.5,11.1,NVIDIA A100-PCIE-40GB
mmgnn-raw-logit-v2-20260918,8,avg,client_0,test,probabilities,0.8085628148281941,False,12,784,cuda:0,1.8.1,confirmation,False,3.8.20,0.6.1,2022.09.5,11.1,NVIDIA A100-PCIE-40GB
mmgnn-raw-logit-v2-20260918,8,avg,client_1,val,logits,0.8286808899151811,True,12,783,cuda:0,1.8.1,confirmation,False,3.8.20,0.6.1,2022.09.5,11.1,NVIDIA A100-PCIE-40GB
mmgnn-raw-logit-v2-20260918,8,avg,client_1,val,probabilities,0.8286808899151811,False,12,783,cuda:0,1.8.1,confirmation,False,3.8.20,0.6.1,2022.09.5,11.1,NVIDIA A100-PCIE-40GB
mmgnn-raw-logit-v2-20260918,8,avg,client_1,test,logits,0.8125366131938289,True,12,784,cuda:0,1.8.1,confirmation,False,3.8.20,0.6.1,2022.09.5,11.1,NVIDIA A100-PCIE-40GB
mmgnn-raw-logit-v2-20260918,8,avg,client_1,test,probabilities,0.8125366131938289,False,12,784,cuda:0,1.8.1,confirmation,False,3.8.20,0.6.1,2022.09.5,11.1,NVIDIA A100-PCIE-40GB
mmgnn-raw-logit-v2-20260918,8,avg,client_2,val,logits,0.8016000496456409,True,12,783,cuda:0,1.8.1,confirmation,False,3.8.20,0.6.1,2022.09.5,11.1,NVIDIA A100-PCIE-40GB
mmgnn-raw-logit-v2-20260918,8,avg,client_2,val,probabilities,0.8016000496456409,False,12,783,cuda:0,1.8.1,confirmation,False,3.8.20,0.6.1,2022.09.5,11.1,NVIDIA A100-PCIE-40GB
mmgnn-raw-logit-v2-20260918,8,avg,client_2,test,logits,0.796194546403064,True,12,784,cuda:0,1.8.1,confirmation,False,3.8.20,0.6.1,2022.09.5,11.1,NVIDIA A100-PCIE-40GB
mmgnn-raw-logit-v2-20260918,8,avg,client_2,test,probabilities,0.796194546403064,False,12,784,cuda:0,1.8.1,confirmation,False,3.8.20,0.6.1,2022.09.5,11.1,NVIDIA A100-PCIE-40GB
mmgnn-raw-logit-v2-20260918,8,avg,client_3,val,logits,0.8081336620528184,True,12,783,cuda:0,1.8.1,confirmation,False,3.8.20,0.6.1,2022.09.5,11.1,NVIDIA A100-PCIE-40GB
mmgnn-raw-logit-v2-20260918,8,avg,client_3,val,probabilities,0.8081336620528184,False,12,783,cuda:0,1.8.1,confirmation,False,3.8.20,0.6.1,2022.09.5,11.1,NVIDIA A100-PCIE-40GB
mmgnn-raw-logit-v2-20260918,8,avg,client_3,test,logits,0.8017867591256965,True,12,784,cuda:0,1.8.1,confirmation,False,3.8.20,0.6.1,2022.09.5,11.1,NVIDIA A100-PCIE-40GB
mmgnn-raw-logit-v2-20260918,8,avg,client_3,test,probabilities,0.8017867591256965,False,12,784,cuda:0,1.8.1,confirmation,False,3.8.20,0.6.1,2022.09.5,11.1,NVIDIA A100-PCIE-40GB
mmgnn-raw-logit-v2-20260918,9,avg,server,val,logits,0.8240725972809418,True,12,783,cuda:0,1.8.1,confirmation,False,3.8.20,0.6.1,2022.09.5,11.1,NVIDIA A100-PCIE-40GB
mmgnn-raw-logit-v2-20260918,9,avg,server,val,probabilities,0.8240725972809418,False,12,783,cuda:0,1.8.1,confirmation,False,3.8.20,0.6.1,2022.09.5,11.1,NVIDIA A100-PCIE-40GB
mmgnn-raw-logit-v2-20260918,9,avg,server,test,logits,0.8196185803018246,True,12,784,cuda:0,1.8.1,confirmation,False,3.8.20,0.6.1,2022.09.5,11.1,NVIDIA A100-PCIE-40GB
mmgnn-raw-logit-v2-20260918,9,avg,server,test,probabilities,0.8196185803018246,False,12,784,cuda:0,1.8.1,confirmation,False,3.8.20,0.6.1,2022.09.5,11.1,NVIDIA A100-PCIE-40GB
mmgnn-raw-logit-v2-20260918,9,avg,client_0,val,logits,0.8068062124645105,True,12,783,cuda:0,1.8.1,confirmation,False,3.8.20,0.6.1,2022.09.5,11.1,NVIDIA A100-PCIE-40GB
mmgnn-raw-logit-v2-20260918,9,avg,client_0,val,probabilities,0.8068062124645105,False,12,783,cuda:0,1.8.1,confirmation,False,3.8.20,0.6.1,2022.09.5,11.1,NVIDIA A100-PCIE-40GB
mmgnn-raw-logit-v2-20260918,9,avg,client_0,test,logits,0.7945539776047905,True,12,784,cuda:0,1.8.1,confirmation,False,3.8.20,0.6.1,2022.09.5,11.1,NVIDIA A100-PCIE-40GB
mmgnn-raw-logit-v2-20260918,9,avg,client_0,test,probabilities,0.7945539776047905,False,12,784,cuda:0,1.8.1,confirmation,False,3.8.20,0.6.1,2022.09.5,11.1,NVIDIA A100-PCIE-40GB
mmgnn-raw-logit-v2-20260918,9,avg,client_1,val,logits,0.8208109027538181,True,12,783,cuda:0,1.8.1,confirmation,False,3.8.20,0.6.1,2022.09.5,11.1,NVIDIA A100-PCIE-40GB
mmgnn-raw-logit-v2-20260918,9,avg,client_1,val,probabilities,0.8208109027538181,False,12,783,cuda:0,1.8.1,confirmation,False,3.8.20,0.6.1,2022.09.5,11.1,NVIDIA A100-PCIE-40GB
mmgnn-raw-logit-v2-20260918,9,avg,client_1,test,logits,0.8114802933459018,True,12,784,cuda:0,1.8.1,confirmation,False,3.8.20,0.6.1,2022.09.5,11.1,NVIDIA A100-PCIE-40GB
mmgnn-raw-logit-v2-20260918,9,avg,client_1,test,probabilities,0.8114802933459018,False,12,784,cuda:0,1.8.1,confirmation,False,3.8.20,0.6.1,2022.09.5,11.1,NVIDIA A100-PCIE-40GB
mmgnn-raw-logit-v2-20260918,9,avg,client_2,val,logits,0.8038063348303849,True,12,783,cuda:0,1.8.1,confirmation,False,3.8.20,0.6.1,2022.09.5,11.1,NVIDIA A100-PCIE-40GB
mmgnn-raw-logit-v2-20260918,9,avg,client_2,val,probabilities,0.8038063348303849,False,12,783,cuda:0,1.8.1,confirmation,False,3.8.20,0.6.1,2022.09.5,11.1,NVIDIA A100-PCIE-40GB
mmgnn-raw-logit-v2-20260918,9,avg,client_2,test,logits,0.8017276104803658,True,12,784,cuda:0,1.8.1,confirmation,False,3.8.20,0.6.1,2022.09.5,11.1,NVIDIA A100-PCIE-40GB
mmgnn-raw-logit-v2-20260918,9,avg,client_2,test,probabilities,0.8017276104803658,False,12,784,cuda:0,1.8.1,confirmation,False,3.8.20,0.6.1,2022.09.5,11.1,NVIDIA A100-PCIE-40GB
mmgnn-raw-logit-v2-20260918,9,avg,client_3,val,logits,0.8050054094958679,True,12,783,cuda:0,1.8.1,confirmation,False,3.8.20,0.6.1,2022.09.5,11.1,NVIDIA A100-PCIE-40GB
mmgnn-raw-logit-v2-20260918,9,avg,client_3,val,probabilities,0.8050054094958679,False,12,783,cuda:0,1.8.1,confirmation,False,3.8.20,0.6.1,2022.09.5,11.1,NVIDIA A100-PCIE-40GB
mmgnn-raw-logit-v2-20260918,9,avg,client_3,test,logits,0.7974964645681695,True,12,784,cuda:0,1.8.1,confirmation,False,3.8.20,0.6.1,2022.09.5,11.1,NVIDIA A100-PCIE-40GB
mmgnn-raw-logit-v2-20260918,9,avg,client_3,test,probabilities,0.7974964645681695,False,12,784,cuda:0,1.8.1,confirmation,False,3.8.20,0.6.1,2022.09.5,11.1,NVIDIA A100-PCIE-40GB
mmgnn-raw-logit-v2-20260918,10,avg,server,val,logits,0.8280966928593338,True,12,783,cuda:0,1.8.1,confirmation,False,3.8.20,0.6.1,2022.09.5,11.1,NVIDIA A100-PCIE-40GB
mmgnn-raw-logit-v2-20260918,10,avg,server,val,probabilities,0.8280966928593338,False,12,783,cuda:0,1.8.1,confirmation,False,3.8.20,0.6.1,2022.09.5,11.1,NVIDIA A100-PCIE-40GB
mmgnn-raw-logit-v2-20260918,10,avg,server,test,logits,0.8209016355383185,True,12,784,cuda:0,1.8.1,confirmation,False,3.8.20,0.6.1,2022.09.5,11.1,NVIDIA A100-PCIE-40GB
mmgnn-raw-logit-v2-20260918,10,avg,server,test,probabilities,0.8209016355383185,False,12,784,cuda:0,1.8.1,confirmation,False,3.8.20,0.6.1,2022.09.5,11.1,NVIDIA A100-PCIE-40GB
mmgnn-raw-logit-v2-20260918,10,avg,client_0,val,logits,0.8142116391344767,True,12,783,cuda:0,1.8.1,confirmation,False,3.8.20,0.6.1,2022.09.5,11.1,NVIDIA A100-PCIE-40GB
mmgnn-raw-logit-v2-20260918,10,avg,client_0,val,probabilities,0.8142116391344767,False,12,783,cuda:0,1.8.1,confirmation,False,3.8.20,0.6.1,2022.09.5,11.1,NVIDIA A100-PCIE-40GB
mmgnn-raw-logit-v2-20260918,10,avg,client_0,test,logits,0.8035671009802424,True,12,784,cuda:0,1.8.1,confirmation,False,3.8.20,0.6.1,2022.09.5,11.1,NVIDIA A100-PCIE-40GB
mmgnn-raw-logit-v2-20260918,10,avg,client_0,test,probabilities,0.8035671009802424,False,12,784,cuda:0,1.8.1,confirmation,False,3.8.20,0.6.1,2022.09.5,11.1,NVIDIA A100-PCIE-40GB
mmgnn-raw-logit-v2-20260918,10,avg,client_1,val,logits,0.8277727290303728,True,12,783,cuda:0,1.8.1,confirmation,False,3.8.20,0.6.1,2022.09.5,11.1,NVIDIA A100-PCIE-40GB
mmgnn-raw-logit-v2-20260918,10,avg,client_1,val,probabilities,0.8277727290303728,False,12,783,cuda:0,1.8.1,confirmation,False,3.8.20,0.6.1,2022.09.5,11.1,NVIDIA A100-PCIE-40GB
mmgnn-raw-logit-v2-20260918,10,avg,client_1,test,logits,0.8151217676846766,True,12,784,cuda:0,1.8.1,confirmation,False,3.8.20,0.6.1,2022.09.5,11.1,NVIDIA A100-PCIE-40GB
mmgnn-raw-logit-v2-20260918,10,avg,client_1,test,probabilities,0.8151217676846766,False,12,784,cuda:0,1.8.1,confirmation,False,3.8.20,0.6.1,2022.09.5,11.1,NVIDIA A100-PCIE-40GB
mmgnn-raw-logit-v2-20260918,10,avg,client_2,val,logits,0.8054224111540673,True,12,783,cuda:0,1.8.1,confirmation,False,3.8.20,0.6.1,2022.09.5,11.1,NVIDIA A100-PCIE-40GB
mmgnn-raw-logit-v2-20260918,10,avg,client_2,val,probabilities,0.8054224111540673,False,12,783,cuda:0,1.8.1,confirmation,False,3.8.20,0.6.1,2022.09.5,11.1,NVIDIA A100-PCIE-40GB
mmgnn-raw-logit-v2-20260918,10,avg,client_2,test,logits,0.7986210938124275,True,12,784,cuda:0,1.8.1,confirmation,False,3.8.20,0.6.1,2022.09.5,11.1,NVIDIA A100-PCIE-40GB
mmgnn-raw-logit-v2-20260918,10,avg,client_2,test,probabilities,0.7986210938124275,False,12,784,cuda:0,1.8.1,confirmation,False,3.8.20,0.6.1,2022.09.5,11.1,NVIDIA A100-PCIE-40GB
mmgnn-raw-logit-v2-20260918,10,avg,client_3,val,logits,0.8182695533263254,True,12,783,cuda:0,1.8.1,confirmation,False,3.8.20,0.6.1,2022.09.5,11.1,NVIDIA A100-PCIE-40GB
mmgnn-raw-logit-v2-20260918,10,avg,client_3,val,probabilities,0.8182695533263254,False,12,783,cuda:0,1.8.1,confirmation,False,3.8.20,0.6.1,2022.09.5,11.1,NVIDIA A100-PCIE-40GB
mmgnn-raw-logit-v2-20260918,10,avg,client_3,test,logits,0.7962184876193441,True,12,784,cuda:0,1.8.1,confirmation,False,3.8.20,0.6.1,2022.09.5,11.1,NVIDIA A100-PCIE-40GB
mmgnn-raw-logit-v2-20260918,10,avg,client_3,test,probabilities,0.7962184876193441,False,12,784,cuda:0,1.8.1,confirmation,False,3.8.20,0.6.1,2022.09.5,11.1,NVIDIA A100-PCIE-40GB
mmgnn-raw-logit-v2-20260918,11,avg,server,val,logits,0.8276156898554473,True,12,783,cuda:0,1.8.1,confirmation,False,3.8.20,0.6.1,2022.09.5,11.1,NVIDIA A100-PCIE-40GB
mmgnn-raw-logit-v2-20260918,11,avg,server,val,probabilities,0.8276156898554473,False,12,783,cuda:0,1.8.1,confirmation,False,3.8.20,0.6.1,2022.09.5,11.1,NVIDIA A100-PCIE-40GB
mmgnn-raw-logit-v2-20260918,11,avg,server,test,logits,0.8194300819119146,True,12,784,cuda:0,1.8.1,confirmation,False,3.8.20,0.6.1,2022.09.5,11.1,NVIDIA A100-PCIE-40GB
mmgnn-raw-logit-v2-20260918,11,avg,server,test,probabilities,0.8194300819119146,False,12,784,cuda:0,1.8.1,confirmation,False,3.8.20,0.6.1,2022.09.5,11.1,NVIDIA A100-PCIE-40GB
mmgnn-raw-logit-v2-20260918,11,avg,client_0,val,logits,0.8115370207318756,True,12,783,cuda:0,1.8.1,confirmation,False,3.8.20,0.6.1,2022.09.5,11.1,NVIDIA A100-PCIE-40GB
mmgnn-raw-logit-v2-20260918,11,avg,client_0,val,probabilities,0.8115370207318756,False,12,783,cuda:0,1.8.1,confirmation,False,3.8.20,0.6.1,2022.09.5,11.1,NVIDIA A100-PCIE-40GB
mmgnn-raw-logit-v2-20260918,11,avg,client_0,test,logits,0.8014231192163658,True,12,784,cuda:0,1.8.1,confirmation,False,3.8.20,0.6.1,2022.09.5,11.1,NVIDIA A100-PCIE-40GB
mmgnn-raw-logit-v2-20260918,11,avg,client_0,test,probabilities,0.8014231192163658,False,12,784,cuda:0,1.8.1,confirmation,False,3.8.20,0.6.1,2022.09.5,11.1,NVIDIA A100-PCIE-40GB
mmgnn-raw-logit-v2-20260918,11,avg,client_1,val,logits,0.8284498296223002,True,12,783,cuda:0,1.8.1,confirmation,False,3.8.20,0.6.1,2022.09.5,11.1,NVIDIA A100-PCIE-40GB
mmgnn-raw-logit-v2-20260918,11,avg,client_1,val,probabilities,0.8284498296223002,False,12,783,cuda:0,1.8.1,confirmation,False,3.8.20,0.6.1,2022.09.5,11.1,NVIDIA A100-PCIE-40GB
mmgnn-raw-logit-v2-20260918,11,avg,client_1,test,logits,0.8132803359086548,True,12,784,cuda:0,1.8.1,confirmation,False,3.8.20,0.6.1,2022.09.5,11.1,NVIDIA A100-PCIE-40GB
mmgnn-raw-logit-v2-20260918,11,avg,client_1,test,probabilities,0.8132803359086548,False,12,784,cuda:0,1.8.1,confirmation,False,3.8.20,0.6.1,2022.09.5,11.1,NVIDIA A100-PCIE-40GB
mmgnn-raw-logit-v2-20260918,11,avg,client_2,val,logits,0.8018646006124204,True,12,783,cuda:0,1.8.1,confirmation,False,3.8.20,0.6.1,2022.09.5,11.1,NVIDIA A100-PCIE-40GB
mmgnn-raw-logit-v2-20260918,11,avg,client_2,val,probabilities,0.8018646006124204,False,12,783,cuda:0,1.8.1,confirmation,False,3.8.20,0.6.1,2022.09.5,11.1,NVIDIA A100-PCIE-40GB
mmgnn-raw-logit-v2-20260918,11,avg,client_2,test,logits,0.7951721968049005,True,12,784,cuda:0,1.8.1,confirmation,False,3.8.20,0.6.1,2022.09.5,11.1,NVIDIA A100-PCIE-40GB
mmgnn-raw-logit-v2-20260918,11,avg,client_2,test,probabilities,0.7951721968049005,False,12,784,cuda:0,1.8.1,confirmation,False,3.8.20,0.6.1,2022.09.5,11.1,NVIDIA A100-PCIE-40GB
mmgnn-raw-logit-v2-20260918,11,avg,client_3,val,logits,0.821296676806493,True,12,783,cuda:0,1.8.1,confirmation,False,3.8.20,0.6.1,2022.09.5,11.1,NVIDIA A100-PCIE-40GB
mmgnn-raw-logit-v2-20260918,11,avg,client_3,val,probabilities,0.821296676806493,False,12,783,cuda:0,1.8.1,confirmation,False,3.8.20,0.6.1,2022.09.5,11.1,NVIDIA A100-PCIE-40GB
mmgnn-raw-logit-v2-20260918,11,avg,client_3,test,logits,0.8004576262720274,True,12,784,cuda:0,1.8.1,confirmation,False,3.8.20,0.6.1,2022.09.5,11.1,NVIDIA A100-PCIE-40GB
mmgnn-raw-logit-v2-20260918,11,avg,client_3,test,probabilities,0.8004576262720274,False,12,784,cuda:0,1.8.1,confirmation,False,3.8.20,0.6.1,2022.09.5,11.1,NVIDIA A100-PCIE-40GB
mmgnn-raw-logit-v2-20260918,12,avg,server,val,logits,0.8245157895321479,True,12,783,cuda:0,1.8.1,confirmation,False,3.8.20,0.6.1,2022.09.5,11.1,NVIDIA A100-PCIE-40GB
mmgnn-raw-logit-v2-20260918,12,avg,server,val,probabilities,0.8245157895321479,False,12,783,cuda:0,1.8.1,confirmation,False,3.8.20,0.6.1,2022.09.5,11.1,NVIDIA A100-PCIE-40GB
mmgnn-raw-logit-v2-20260918,12,avg,server,test,logits,0.818997141884854,True,12,784,cuda:0,1.8.1,confirmation,False,3.8.20,0.6.1,2022.09.5,11.1,NVIDIA A100-PCIE-40GB
mmgnn-raw-logit-v2-20260918,12,avg,server,test,probabilities,0.818997141884854,False,12,784,cuda:0,1.8.1,confirmation,False,3.8.20,0.6.1,2022.09.5,11.1,NVIDIA A100-PCIE-40GB
mmgnn-raw-logit-v2-20260918,12,avg,client_0,val,logits,0.8042125185969815,True,12,783,cuda:0,1.8.1,confirmation,False,3.8.20,0.6.1,2022.09.5,11.1,NVIDIA A100-PCIE-40GB
mmgnn-raw-logit-v2-20260918,12,avg,client_0,val,probabilities,0.8042125185969815,False,12,783,cuda:0,1.8.1,confirmation,False,3.8.20,0.6.1,2022.09.5,11.1,NVIDIA A100-PCIE-40GB
mmgnn-raw-logit-v2-20260918,12,avg,client_0,test,logits,0.7921394924864424,True,12,784,cuda:0,1.8.1,confirmation,False,3.8.20,0.6.1,2022.09.5,11.1,NVIDIA A100-PCIE-40GB
mmgnn-raw-logit-v2-20260918,12,avg,client_0,test,probabilities,0.7921394924864424,False,12,784,cuda:0,1.8.1,confirmation,False,3.8.20,0.6.1,2022.09.5,11.1,NVIDIA A100-PCIE-40GB
mmgnn-raw-logit-v2-20260918,12,avg,client_1,val,logits,0.8250973089224818,True,12,783,cuda:0,1.8.1,confirmation,False,3.8.20,0.6.1,2022.09.5,11.1,NVIDIA A100-PCIE-40GB
mmgnn-raw-logit-v2-20260918,12,avg,client_1,val,probabilities,0.8250973089224818,False,12,783,cuda:0,1.8.1,confirmation,False,3.8.20,0.6.1,2022.09.5,11.1,NVIDIA A100-PCIE-40GB
mmgnn-raw-logit-v2-20260918,12,avg,client_1,test,logits,0.8127778531770778,True,12,784,cuda:0,1.8.1,confirmation,False,3.8.20,0.6.1,2022.09.5,11.1,NVIDIA A100-PCIE-40GB
mmgnn-raw-logit-v2-20260918,12,avg,client_1,test,probabilities,0.8127778531770778,False,12,784,cuda:0,1.8.1,confirmation,False,3.8.20,0.6.1,2022.09.5,11.1,NVIDIA A100-PCIE-40GB
mmgnn-raw-logit-v2-20260918,12,avg,client_2,val,logits,0.8009126056739516,True,12,783,cuda:0,1.8.1,confirmation,False,3.8.20,0.6.1,2022.09.5,11.1,NVIDIA A100-PCIE-40GB
mmgnn-raw-logit-v2-20260918,12,avg,client_2,val,probabilities,0.8009126056739516,False,12,783,cuda:0,1.8.1,confirmation,False,3.8.20,0.6.1,2022.09.5,11.1,NVIDIA A100-PCIE-40GB
mmgnn-raw-logit-v2-20260918,12,avg,client_2,test,logits,0.7976295129871781,True,12,784,cuda:0,1.8.1,confirmation,False,3.8.20,0.6.1,2022.09.5,11.1,NVIDIA A100-PCIE-40GB
mmgnn-raw-logit-v2-20260918,12,avg,client_2,test,probabilities,0.7976295129871781,False,12,784,cuda:0,1.8.1,confirmation,False,3.8.20,0.6.1,2022.09.5,11.1,NVIDIA A100-PCIE-40GB
mmgnn-raw-logit-v2-20260918,12,avg,client_3,val,logits,0.8157568103670144,True,12,783,cuda:0,1.8.1,confirmation,False,3.8.20,0.6.1,2022.09.5,11.1,NVIDIA A100-PCIE-40GB
mmgnn-raw-logit-v2-20260918,12,avg,client_3,val,probabilities,0.8157568103670144,False,12,783,cuda:0,1.8.1,confirmation,False,3.8.20,0.6.1,2022.09.5,11.1,NVIDIA A100-PCIE-40GB
mmgnn-raw-logit-v2-20260918,12,avg,client_3,test,logits,0.7945928168681563,True,12,784,cuda:0,1.8.1,confirmation,False,3.8.20,0.6.1,2022.09.5,11.1,NVIDIA A100-PCIE-40GB
mmgnn-raw-logit-v2-20260918,12,avg,client_3,test,probabilities,0.7945928168681563,False,12,784,cuda:0,1.8.1,confirmation,False,3.8.20,0.6.1,2022.09.5,11.1,NVIDIA A100-PCIE-40GB
mmgnn-raw-logit-v2-20260918,13,avg,server,val,logits,0.8211976233496188,True,12,783,cuda:0,1.8.1,confirmation,False,3.8.20,0.6.1,2022.09.5,11.1,NVIDIA A100-PCIE-40GB
mmgnn-raw-logit-v2-20260918,13,avg,server,val,probabilities,0.8211976233496188,False,12,783,cuda:0,1.8.1,confirmation,False,3.8.20,0.6.1,2022.09.5,11.1,NVIDIA A100-PCIE-40GB
mmgnn-raw-logit-v2-20260918,13,avg,server,test,logits,0.8080010224394117,True,12,784,cuda:0,1.8.1,confirmation,False,3.8.20,0.6.1,2022.09.5,11.1,NVIDIA A100-PCIE-40GB
mmgnn-raw-logit-v2-20260918,13,avg,server,test,probabilities,0.8080010224394117,False,12,784,cuda:0,1.8.1,confirmation,False,3.8.20,0.6.1,2022.09.5,11.1,NVIDIA A100-PCIE-40GB
mmgnn-raw-logit-v2-20260918,13,avg,client_0,val,logits,0.8023739638100068,True,12,783,cuda:0,1.8.1,confirmation,False,3.8.20,0.6.1,2022.09.5,11.1,NVIDIA A100-PCIE-40GB
mmgnn-raw-logit-v2-20260918,13,avg,client_0,val,probabilities,0.8023739638100068,False,12,783,cuda:0,1.8.1,confirmation,False,3.8.20,0.6.1,2022.09.5,11.1,NVIDIA A100-PCIE-40GB
mmgnn-raw-logit-v2-20260918,13,avg,client_0,test,logits,0.7843575610513326,True,12,784,cuda:0,1.8.1,confirmation,False,3.8.20,0.6.1,2022.09.5,11.1,NVIDIA A100-PCIE-40GB
mmgnn-raw-logit-v2-20260918,13,avg,client_0,test,probabilities,0.7843575610513326,False,12,784,cuda:0,1.8.1,confirmation,False,3.8.20,0.6.1,2022.09.5,11.1,NVIDIA A100-PCIE-40GB
mmgnn-raw-logit-v2-20260918,13,avg,client_1,val,logits,0.8269027483129325,True,12,783,cuda:0,1.8.1,confirmation,False,3.8.20,0.6.1,2022.09.5,11.1,NVIDIA A100-PCIE-40GB
mmgnn-raw-logit-v2-20260918,13,avg,client_1,val,probabilities,0.8269027483129325,False,12,783,cuda:0,1.8.1,confirmation,False,3.8.20,0.6.1,2022.09.5,11.1,NVIDIA A100-PCIE-40GB
mmgnn-raw-logit-v2-20260918,13,avg,client_1,test,logits,0.8077045354170997,True,12,784,cuda:0,1.8.1,confirmation,False,3.8.20,0.6.1,2022.09.5,11.1,NVIDIA A100-PCIE-40GB
mmgnn-raw-logit-v2-20260918,13,avg,client_1,test,probabilities,0.8077045354170997,False,12,784,cuda:0,1.8.1,confirmation,False,3.8.20,0.6.1,2022.09.5,11.1,NVIDIA A100-PCIE-40GB
mmgnn-raw-logit-v2-20260918,13,avg,client_2,val,logits,0.8047047454731895,True,12,783,cuda:0,1.8.1,confirmation,False,3.8.20,0.6.1,2022.09.5,11.1,NVIDIA A100-PCIE-40GB
mmgnn-raw-logit-v2-20260918,13,avg,client_2,val,probabilities,0.8047047454731895,False,12,783,cuda:0,1.8.1,confirmation,False,3.8.20,0.6.1,2022.09.5,11.1,NVIDIA A100-PCIE-40GB
mmgnn-raw-logit-v2-20260918,13,avg,client_2,test,logits,0.7940044922821419,True,12,784,cuda:0,1.8.1,confirmation,False,3.8.20,0.6.1,2022.09.5,11.1,NVIDIA A100-PCIE-40GB
mmgnn-raw-logit-v2-20260918,13,avg,client_2,test,probabilities,0.7940044922821419,False,12,784,cuda:0,1.8.1,confirmation,False,3.8.20,0.6.1,2022.09.5,11.1,NVIDIA A100-PCIE-40GB
mmgnn-raw-logit-v2-20260918,13,avg,client_3,val,logits,0.798770572483781,True,12,783,cuda:0,1.8.1,confirmation,False,3.8.20,0.6.1,2022.09.5,11.1,NVIDIA A100-PCIE-40GB
mmgnn-raw-logit-v2-20260918,13,avg,client_3,val,probabilities,0.798770572483781,False,12,783,cuda:0,1.8.1,confirmation,False,3.8.20,0.6.1,2022.09.5,11.1,NVIDIA A100-PCIE-40GB
mmgnn-raw-logit-v2-20260918,13,avg,client_3,test,logits,0.7752939638365636,True,12,784,cuda:0,1.8.1,confirmation,False,3.8.20,0.6.1,2022.09.5,11.1,NVIDIA A100-PCIE-40GB
mmgnn-raw-logit-v2-20260918,13,avg,client_3,test,probabilities,0.7752939638365636,False,12,784,cuda:0,1.8.1,confirmation,False,3.8.20,0.6.1,2022.09.5,11.1,NVIDIA A100-PCIE-40GB
mmgnn-raw-logit-v2-20260918,14,avg,server,val,logits,0.8220353316169016,True,12,783,cuda:0,1.8.1,confirmation,False,3.8.20,0.6.1,2022.09.5,11.1,NVIDIA A100-PCIE-40GB
mmgnn-raw-logit-v2-20260918,14,avg,server,val,probabilities,0.8220353316169016,False,12,783,cuda:0,1.8.1,confirmation,False,3.8.20,0.6.1,2022.09.5,11.1,NVIDIA A100-PCIE-40GB
mmgnn-raw-logit-v2-20260918,14,avg,server,test,logits,0.8086527642638314,True,12,784,cuda:0,1.8.1,confirmation,False,3.8.20,0.6.1,2022.09.5,11.1,NVIDIA A100-PCIE-40GB
mmgnn-raw-logit-v2-20260918,14,avg,server,test,probabilities,0.8086527642638314,False,12,784,cuda:0,1.8.1,confirmation,False,3.8.20,0.6.1,2022.09.5,11.1,NVIDIA A100-PCIE-40GB
mmgnn-raw-logit-v2-20260918,14,avg,client_0,val,logits,0.8026763830762732,True,12,783,cuda:0,1.8.1,confirmation,False,3.8.20,0.6.1,2022.09.5,11.1,NVIDIA A100-PCIE-40GB
mmgnn-raw-logit-v2-20260918,14,avg,client_0,val,probabilities,0.8026763830762732,False,12,783,cuda:0,1.8.1,confirmation,False,3.8.20,0.6.1,2022.09.5,11.1,NVIDIA A100-PCIE-40GB
mmgnn-raw-logit-v2-20260918,14,avg,client_0,test,logits,0.782707779904238,True,12,784,cuda:0,1.8.1,confirmation,False,3.8.20,0.6.1,2022.09.5,11.1,NVIDIA A100-PCIE-40GB
mmgnn-raw-logit-v2-20260918,14,avg,client_0,test,probabilities,0.782707779904238,False,12,784,cuda:0,1.8.1,confirmation,False,3.8.20,0.6.1,2022.09.5,11.1,NVIDIA A100-PCIE-40GB
mmgnn-raw-logit-v2-20260918,14,avg,client_1,val,logits,0.8271967895210942,True,12,783,cuda:0,1.8.1,confirmation,False,3.8.20,0.6.1,2022.09.5,11.1,NVIDIA A100-PCIE-40GB
mmgnn-raw-logit-v2-20260918,14,avg,client_1,val,probabilities,0.8271967895210942,False,12,783,cuda:0,1.8.1,confirmation,False,3.8.20,0.6.1,2022.09.5,11.1,NVIDIA A100-PCIE-40GB
mmgnn-raw-logit-v2-20260918,14,avg,client_1,test,logits,0.8065635433726617,True,12,784,cuda:0,1.8.1,confirmation,False,3.8.20,0.6.1,2022.09.5,11.1,NVIDIA A100-PCIE-40GB
mmgnn-raw-logit-v2-20260918,14,avg,client_1,test,probabilities,0.8065635433726617,False,12,784,cuda:0,1.8.1,confirmation,False,3.8.20,0.6.1,2022.09.5,11.1,NVIDIA A100-PCIE-40GB
mmgnn-raw-logit-v2-20260918,14,avg,client_2,val,logits,0.8048729117179851,True,12,783,cuda:0,1.8.1,confirmation,False,3.8.20,0.6.1,2022.09.5,11.1,NVIDIA A100-PCIE-40GB
mmgnn-raw-logit-v2-20260918,14,avg,client_2,val,probabilities,0.8048729117179851,False,12,783,cuda:0,1.8.1,confirmation,False,3.8.20,0.6.1,2022.09.5,11.1,NVIDIA A100-PCIE-40GB
mmgnn-raw-logit-v2-20260918,14,avg,client_2,test,logits,0.8001029558337601,True,12,784,cuda:0,1.8.1,confirmation,False,3.8.20,0.6.1,2022.09.5,11.1,NVIDIA A100-PCIE-40GB
mmgnn-raw-logit-v2-20260918,14,avg,client_2,test,probabilities,0.8001029558337601,False,12,784,cuda:0,1.8.1,confirmation,False,3.8.20,0.6.1,2022.09.5,11.1,NVIDIA A100-PCIE-40GB
mmgnn-raw-logit-v2-20260918,14,avg,client_3,val,logits,0.8073879553250718,True,12,783,cuda:0,1.8.1,confirmation,False,3.8.20,0.6.1,2022.09.5,11.1,NVIDIA A100-PCIE-40GB
mmgnn-raw-logit-v2-20260918,14,avg,client_3,val,probabilities,0.8073879553250718,False,12,783,cuda:0,1.8.1,confirmation,False,3.8.20,0.6.1,2022.09.5,11.1,NVIDIA A100-PCIE-40GB
mmgnn-raw-logit-v2-20260918,14,avg,client_3,test,logits,0.7839287501609252,True,12,784,cuda:0,1.8.1,confirmation,False,3.8.20,0.6.1,2022.09.5,11.1,NVIDIA A100-PCIE-40GB
mmgnn-raw-logit-v2-20260918,14,avg,client_3,test,probabilities,0.7839287501609252,False,12,784,cuda:0,1.8.1,confirmation,False,3.8.20,0.6.1,2022.09.5,11.1,NVIDIA A100-PCIE-40GB
mmgnn-raw-logit-v2-20260918,15,avg,server,val,logits,0.8203164918299058,True,12,783,cuda:0,1.8.1,confirmation,False,3.8.20,0.6.1,2022.09.5,11.1,NVIDIA A100-PCIE-40GB
mmgnn-raw-logit-v2-20260918,15,avg,server,val,probabilities,0.8203164918299058,False,12,783,cuda:0,1.8.1,confirmation,False,3.8.20,0.6.1,2022.09.5,11.1,NVIDIA A100-PCIE-40GB
mmgnn-raw-logit-v2-20260918,15,avg,server,test,logits,0.8110210835275268,True,12,784,cuda:0,1.8.1,confirmation,False,3.8.20,0.6.1,2022.09.5,11.1,NVIDIA A100-PCIE-40GB
mmgnn-raw-logit-v2-20260918,15,avg,server,test,probabilities,0.8110210835275268,False,12,784,cuda:0,1.8.1,confirmation,False,3.8.20,0.6.1,2022.09.5,11.1,NVIDIA A100-PCIE-40GB
mmgnn-raw-logit-v2-20260918,15,avg,client_0,val,logits,0.8014379352569979,True,12,783,cuda:0,1.8.1,confirmation,False,3.8.20,0.6.1,2022.09.5,11.1,NVIDIA A100-PCIE-40GB
mmgnn-raw-logit-v2-20260918,15,avg,client_0,val,probabilities,0.8014379352569979,False,12,783,cuda:0,1.8.1,confirmation,False,3.8.20,0.6.1,2022.09.5,11.1,NVIDIA A100-PCIE-40GB
mmgnn-raw-logit-v2-20260918,15,avg,client_0,test,logits,0.787203202558556,True,12,784,cuda:0,1.8.1,confirmation,False,3.8.20,0.6.1,2022.09.5,11.1,NVIDIA A100-PCIE-40GB
mmgnn-raw-logit-v2-20260918,15,avg,client_0,test,probabilities,0.787203202558556,False,12,784,cuda:0,1.8.1,confirmation,False,3.8.20,0.6.1,2022.09.5,11.1,NVIDIA A100-PCIE-40GB
mmgnn-raw-logit-v2-20260918,15,avg,client_1,val,logits,0.8279977640979147,True,12,783,cuda:0,1.8.1,confirmation,False,3.8.20,0.6.1,2022.09.5,11.1,NVIDIA A100-PCIE-40GB
mmgnn-raw-logit-v2-20260918,15,avg,client_1,val,probabilities,0.8279977640979147,False,12,783,cuda:0,1.8.1,confirmation,False,3.8.20,0.6.1,2022.09.5,11.1,NVIDIA A100-PCIE-40GB
mmgnn-raw-logit-v2-20260918,15,avg,client_1,test,logits,0.8083817173912173,True,12,784,cuda:0,1.8.1,confirmation,False,3.8.20,0.6.1,2022.09.5,11.1,NVIDIA A100-PCIE-40GB
mmgnn-raw-logit-v2-20260918,15,avg,client_1,test,probabilities,0.8083817173912173,False,12,784,cuda:0,1.8.1,confirmation,False,3.8.20,0.6.1,2022.09.5,11.1,NVIDIA A100-PCIE-40GB
mmgnn-raw-logit-v2-20260918,15,avg,client_2,val,logits,0.8028056480848035,True,12,783,cuda:0,1.8.1,confirmation,False,3.8.20,0.6.1,2022.09.5,11.1,NVIDIA A100-PCIE-40GB
mmgnn-raw-logit-v2-20260918,15,avg,client_2,val,probabilities,0.8028056480848035,False,12,783,cuda:0,1.8.1,confirmation,False,3.8.20,0.6.1,2022.09.5,11.1,NVIDIA A100-PCIE-40GB
mmgnn-raw-logit-v2-20260918,15,avg,client_2,test,logits,0.7949869044486021,True,12,784,cuda:0,1.8.1,confirmation,False,3.8.20,0.6.1,2022.09.5,11.1,NVIDIA A100-PCIE-40GB
mmgnn-raw-logit-v2-20260918,15,avg,client_2,test,probabilities,0.7949869044486021,False,12,784,cuda:0,1.8.1,confirmation,False,3.8.20,0.6.1,2022.09.5,11.1,NVIDIA A100-PCIE-40GB
mmgnn-raw-logit-v2-20260918,15,avg,client_3,val,logits,0.8087986453996532,True,12,783,cuda:0,1.8.1,confirmation,False,3.8.20,0.6.1,2022.09.5,11.1,NVIDIA A100-PCIE-40GB
mmgnn-raw-logit-v2-20260918,15,avg,client_3,val,probabilities,0.8087986453996532,False,12,783,cuda:0,1.8.1,confirmation,False,3.8.20,0.6.1,2022.09.5,11.1,NVIDIA A100-PCIE-40GB
mmgnn-raw-logit-v2-20260918,15,avg,client_3,test,logits,0.7903494273856985,True,12,784,cuda:0,1.8.1,confirmation,False,3.8.20,0.6.1,2022.09.5,11.1,NVIDIA A100-PCIE-40GB
mmgnn-raw-logit-v2-20260918,15,avg,client_3,test,probabilities,0.7903494273856985,False,12,784,cuda:0,1.8.1,confirmation,False,3.8.20,0.6.1,2022.09.5,11.1,NVIDIA A100-PCIE-40GB
mmgnn-raw-logit-v2-20260918,16,avg,server,val,logits,0.8181660674711663,True,12,783,cuda:0,1.8.1,confirmation,False,3.8.20,0.6.1,2022.09.5,11.1,NVIDIA A100-PCIE-40GB
mmgnn-raw-logit-v2-20260918,16,avg,server,val,probabilities,0.8181660674711663,False,12,783,cuda:0,1.8.1,confirmation,False,3.8.20,0.6.1,2022.09.5,11.1,NVIDIA A100-PCIE-40GB
mmgnn-raw-logit-v2-20260918,16,avg,server,test,logits,0.8088388618742707,True,12,784,cuda:0,1.8.1,confirmation,False,3.8.20,0.6.1,2022.09.5,11.1,NVIDIA A100-PCIE-40GB
mmgnn-raw-logit-v2-20260918,16,avg,server,test,probabilities,0.8088388618742707,False,12,784,cuda:0,1.8.1,confirmation,False,3.8.20,0.6.1,2022.09.5,11.1,NVIDIA A100-PCIE-40GB
mmgnn-raw-logit-v2-20260918,16,avg,client_0,val,logits,0.7915035506234601,True,12,783,cuda:0,1.8.1,confirmation,False,3.8.20,0.6.1,2022.09.5,11.1,NVIDIA A100-PCIE-40GB
mmgnn-raw-logit-v2-20260918,16,avg,client_0,val,probabilities,0.7915035506234601,False,12,783,cuda:0,1.8.1,confirmation,False,3.8.20,0.6.1,2022.09.5,11.1,NVIDIA A100-PCIE-40GB
mmgnn-raw-logit-v2-20260918,16,avg,client_0,test,logits,0.7773292305582777,True,12,784,cuda:0,1.8.1,confirmation,False,3.8.20,0.6.1,2022.09.5,11.1,NVIDIA A100-PCIE-40GB
mmgnn-raw-logit-v2-20260918,16,avg,client_0,test,probabilities,0.7773292305582777,False,12,784,cuda:0,1.8.1,confirmation,False,3.8.20,0.6.1,2022.09.5,11.1,NVIDIA A100-PCIE-40GB
mmgnn-raw-logit-v2-20260918,16,avg,client_1,val,logits,0.8255501218064699,True,12,783,cuda:0,1.8.1,confirmation,False,3.8.20,0.6.1,2022.09.5,11.1,NVIDIA A100-PCIE-40GB
mmgnn-raw-logit-v2-20260918,16,avg,client_1,val,probabilities,0.8255501218064699,False,12,783,cuda:0,1.8.1,confirmation,False,3.8.20,0.6.1,2022.09.5,11.1,NVIDIA A100-PCIE-40GB
mmgnn-raw-logit-v2-20260918,16,avg,client_1,test,logits,0.8069807431929817,True,12,784,cuda:0,1.8.1,confirmation,False,3.8.20,0.6.1,2022.09.5,11.1,NVIDIA A100-PCIE-40GB
mmgnn-raw-logit-v2-20260918,16,avg,client_1,test,probabilities,0.8069807431929817,False,12,784,cuda:0,1.8.1,confirmation,False,3.8.20,0.6.1,2022.09.5,11.1,NVIDIA A100-PCIE-40GB
mmgnn-raw-logit-v2-20260918,16,avg,client_2,val,logits,0.7972673158721745,True,12,783,cuda:0,1.8.1,confirmation,False,3.8.20,0.6.1,2022.09.5,11.1,NVIDIA A100-PCIE-40GB
mmgnn-raw-logit-v2-20260918,16,avg,client_2,val,probabilities,0.7972673158721745,False,12,783,cuda:0,1.8.1,confirmation,False,3.8.20,0.6.1,2022.09.5,11.1,NVIDIA A100-PCIE-40GB
mmgnn-raw-logit-v2-20260918,16,avg,client_2,test,logits,0.7862783121535178,True,12,784,cuda:0,1.8.1,confirmation,False,3.8.20,0.6.1,2022.09.5,11.1,NVIDIA A100-PCIE-40GB
mmgnn-raw-logit-v2-20260918,16,avg,client_2,test,probabilities,0.7862783121535178,False,12,784,cuda:0,1.8.1,confirmation,False,3.8.20,0.6.1,2022.09.5,11.1,NVIDIA A100-PCIE-40GB
mmgnn-raw-logit-v2-20260918,16,avg,client_3,val,logits,0.80921635026016,True,12,783,cuda:0,1.8.1,confirmation,False,3.8.20,0.6.1,2022.09.5,11.1,NVIDIA A100-PCIE-40GB
mmgnn-raw-logit-v2-20260918,16,avg,client_3,val,probabilities,0.80921635026016,False,12,783,cuda:0,1.8.1,confirmation,False,3.8.20,0.6.1,2022.09.5,11.1,NVIDIA A100-PCIE-40GB
mmgnn-raw-logit-v2-20260918,16,avg,client_3,test,logits,0.7884125561765295,True,12,784,cuda:0,1.8.1,confirmation,False,3.8.20,0.6.1,2022.09.5,11.1,NVIDIA A100-PCIE-40GB
mmgnn-raw-logit-v2-20260918,16,avg,client_3,test,probabilities,0.7884125561765295,False,12,784,cuda:0,1.8.1,confirmation,False,3.8.20,0.6.1,2022.09.5,11.1,NVIDIA A100-PCIE-40GB
mmgnn-raw-logit-v2-20260918,17,avg,server,val,logits,0.8198467017358873,True,12,783,cuda:0,1.8.1,confirmation,False,3.8.20,0.6.1,2022.09.5,11.1,NVIDIA A100-PCIE-40GB
mmgnn-raw-logit-v2-20260918,17,avg,server,val,probabilities,0.8198467017358873,False,12,783,cuda:0,1.8.1,confirmation,False,3.8.20,0.6.1,2022.09.5,11.1,NVIDIA A100-PCIE-40GB
mmgnn-raw-logit-v2-20260918,17,avg,server,test,logits,0.8129265650735418,True,12,784,cuda:0,1.8.1,confirmation,False,3.8.20,0.6.1,2022.09.5,11.1,NVIDIA A100-PCIE-40GB
mmgnn-raw-logit-v2-20260918,17,avg,server,test,probabilities,0.8129265650735418,False,12,784,cuda:0,1.8.1,confirmation,False,3.8.20,0.6.1,2022.09.5,11.1,NVIDIA A100-PCIE-40GB
mmgnn-raw-logit-v2-20260918,17,avg,client_0,val,logits,0.7935639671015128,True,12,783,cuda:0,1.8.1,confirmation,False,3.8.20,0.6.1,2022.09.5,11.1,NVIDIA A100-PCIE-40GB
mmgnn-raw-logit-v2-20260918,17,avg,client_0,val,probabilities,0.7935639671015128,False,12,783,cuda:0,1.8.1,confirmation,False,3.8.20,0.6.1,2022.09.5,11.1,NVIDIA A100-PCIE-40GB
mmgnn-raw-logit-v2-20260918,17,avg,client_0,test,logits,0.781890138182892,True,12,784,cuda:0,1.8.1,confirmation,False,3.8.20,0.6.1,2022.09.5,11.1,NVIDIA A100-PCIE-40GB
mmgnn-raw-logit-v2-20260918,17,avg,client_0,test,probabilities,0.781890138182892,False,12,784,cuda:0,1.8.1,confirmation,False,3.8.20,0.6.1,2022.09.5,11.1,NVIDIA A100-PCIE-40GB
mmgnn-raw-logit-v2-20260918,17,avg,client_1,val,logits,0.8248628942289118,True,12,783,cuda:0,1.8.1,confirmation,False,3.8.20,0.6.1,2022.09.5,11.1,NVIDIA A100-PCIE-40GB
mmgnn-raw-logit-v2-20260918,17,avg,client_1,val,probabilities,0.8248628942289118,False,12,783,cuda:0,1.8.1,confirmation,False,3.8.20,0.6.1,2022.09.5,11.1,NVIDIA A100-PCIE-40GB
mmgnn-raw-logit-v2-20260918,17,avg,client_1,test,logits,0.8043008016584879,True,12,784,cuda:0,1.8.1,confirmation,False,3.8.20,0.6.1,2022.09.5,11.1,NVIDIA A100-PCIE-40GB
mmgnn-raw-logit-v2-20260918,17,avg,client_1,test,probabilities,0.8043008016584879,False,12,784,cuda:0,1.8.1,confirmation,False,3.8.20,0.6.1,2022.09.5,11.1,NVIDIA A100-PCIE-40GB
mmgnn-raw-logit-v2-20260918,17,avg,client_2,val,logits,0.8073345123810682,True,12,783,cuda:0,1.8.1,confirmation,False,3.8.20,0.6.1,2022.09.5,11.1,NVIDIA A100-PCIE-40GB
mmgnn-raw-logit-v2-20260918,17,avg,client_2,val,probabilities,0.8073345123810682,False,12,783,cuda:0,1.8.1,confirmation,False,3.8.20,0.6.1,2022.09.5,11.1,NVIDIA A100-PCIE-40GB
mmgnn-raw-logit-v2-20260918,17,avg,client_2,test,logits,0.8055228362688919,True,12,784,cuda:0,1.8.1,confirmation,False,3.8.20,0.6.1,2022.09.5,11.1,NVIDIA A100-PCIE-40GB
mmgnn-raw-logit-v2-20260918,17,avg,client_2,test,probabilities,0.8055228362688919,False,12,784,cuda:0,1.8.1,confirmation,False,3.8.20,0.6.1,2022.09.5,11.1,NVIDIA A100-PCIE-40GB
mmgnn-raw-logit-v2-20260918,17,avg,client_3,val,logits,0.8075714943886886,True,12,783,cuda:0,1.8.1,confirmation,False,3.8.20,0.6.1,2022.09.5,11.1,NVIDIA A100-PCIE-40GB
mmgnn-raw-logit-v2-20260918,17,avg,client_3,val,probabilities,0.8075714943886886,False,12,783,cuda:0,1.8.1,confirmation,False,3.8.20,0.6.1,2022.09.5,11.1,NVIDIA A100-PCIE-40GB
mmgnn-raw-logit-v2-20260918,17,avg,client_3,test,logits,0.7919916540314936,True,12,784,cuda:0,1.8.1,confirmation,False,3.8.20,0.6.1,2022.09.5,11.1,NVIDIA A100-PCIE-40GB
mmgnn-raw-logit-v2-20260918,17,avg,client_3,test,probabilities,0.7919916540314936,False,12,784,cuda:0,1.8.1,confirmation,False,3.8.20,0.6.1,2022.09.5,11.1,NVIDIA A100-PCIE-40GB
mmgnn-raw-logit-v2-20260918,18,avg,server,val,logits,0.8140716793538717,True,12,783,cuda:0,1.8.1,confirmation,False,3.8.20,0.6.1,2022.09.5,11.1,NVIDIA A100-PCIE-40GB
mmgnn-raw-logit-v2-20260918,18,avg,server,val,probabilities,0.8140716793538717,False,12,783,cuda:0,1.8.1,confirmation,False,3.8.20,0.6.1,2022.09.5,11.1,NVIDIA A100-PCIE-40GB
mmgnn-raw-logit-v2-20260918,18,avg,server,test,logits,0.8013994986489666,True,12,784,cuda:0,1.8.1,confirmation,False,3.8.20,0.6.1,2022.09.5,11.1,NVIDIA A100-PCIE-40GB
mmgnn-raw-logit-v2-20260918,18,avg,server,test,probabilities,0.8013994986489666,False,12,784,cuda:0,1.8.1,confirmation,False,3.8.20,0.6.1,2022.09.5,11.1,NVIDIA A100-PCIE-40GB
mmgnn-raw-logit-v2-20260918,18,avg,client_0,val,logits,0.7850862958461922,True,12,783,cuda:0,1.8.1,confirmation,False,3.8.20,0.6.1,2022.09.5,11.1,NVIDIA A100-PCIE-40GB
mmgnn-raw-logit-v2-20260918,18,avg,client_0,val,probabilities,0.7850862958461922,False,12,783,cuda:0,1.8.1,confirmation,False,3.8.20,0.6.1,2022.09.5,11.1,NVIDIA A100-PCIE-40GB
mmgnn-raw-logit-v2-20260918,18,avg,client_0,test,logits,0.7701831974146921,True,12,784,cuda:0,1.8.1,confirmation,False,3.8.20,0.6.1,2022.09.5,11.1,NVIDIA A100-PCIE-40GB
mmgnn-raw-logit-v2-20260918,18,avg,client_0,test,probabilities,0.7701831974146921,False,12,784,cuda:0,1.8.1,confirmation,False,3.8.20,0.6.1,2022.09.5,11.1,NVIDIA A100-PCIE-40GB
mmgnn-raw-logit-v2-20260918,18,avg,client_1,val,logits,0.8270987240795556,True,12,783,cuda:0,1.8.1,confirmation,False,3.8.20,0.6.1,2022.09.5,11.1,NVIDIA A100-PCIE-40GB
mmgnn-raw-logit-v2-20260918,18,avg,client_1,val,probabilities,0.8270987240795556,False,12,783,cuda:0,1.8.1,confirmation,False,3.8.20,0.6.1,2022.09.5,11.1,NVIDIA A100-PCIE-40GB
mmgnn-raw-logit-v2-20260918,18,avg,client_1,test,logits,0.7995496545653191,True,12,784,cuda:0,1.8.1,confirmation,False,3.8.20,0.6.1,2022.09.5,11.1,NVIDIA A100-PCIE-40GB
mmgnn-raw-logit-v2-20260918,18,avg,client_1,test,probabilities,0.7995496545653191,False,12,784,cuda:0,1.8.1,confirmation,False,3.8.20,0.6.1,2022.09.5,11.1,NVIDIA A100-PCIE-40GB
mmgnn-raw-logit-v2-20260918,18,avg,client_2,val,logits,0.7968437884977332,True,12,783,cuda:0,1.8.1,confirmation,False,3.8.20,0.6.1,2022.09.5,11.1,NVIDIA A100-PCIE-40GB
mmgnn-raw-logit-v2-20260918,18,avg,client_2,val,probabilities,0.7968437884977332,False,12,783,cuda:0,1.8.1,confirmation,False,3.8.20,0.6.1,2022.09.5,11.1,NVIDIA A100-PCIE-40GB
mmgnn-raw-logit-v2-20260918,18,avg,client_2,test,logits,0.7914047002450212,True,12,784,cuda:0,1.8.1,confirmation,False,3.8.20,0.6.1,2022.09.5,11.1,NVIDIA A100-PCIE-40GB
mmgnn-raw-logit-v2-20260918,18,avg,client_2,test,probabilities,0.7914047002450212,False,12,784,cuda:0,1.8.1,confirmation,False,3.8.20,0.6.1,2022.09.5,11.1,NVIDIA A100-PCIE-40GB
mmgnn-raw-logit-v2-20260918,18,avg,client_3,val,logits,0.8064815824688107,True,12,783,cuda:0,1.8.1,confirmation,False,3.8.20,0.6.1,2022.09.5,11.1,NVIDIA A100-PCIE-40GB
mmgnn-raw-logit-v2-20260918,18,avg,client_3,val,probabilities,0.8064815824688107,False,12,783,cuda:0,1.8.1,confirmation,False,3.8.20,0.6.1,2022.09.5,11.1,NVIDIA A100-PCIE-40GB
mmgnn-raw-logit-v2-20260918,18,avg,client_3,test,logits,0.786601134274973,True,12,784,cuda:0,1.8.1,confirmation,False,3.8.20,0.6.1,2022.09.5,11.1,NVIDIA A100-PCIE-40GB
mmgnn-raw-logit-v2-20260918,18,avg,client_3,test,probabilities,0.786601134274973,False,12,784,cuda:0,1.8.1,confirmation,False,3.8.20,0.6.1,2022.09.5,11.1,NVIDIA A100-PCIE-40GB
mmgnn-raw-logit-v2-20260918,19,avg,server,val,logits,0.8126340225207417,True,12,783,cuda:0,1.8.1,confirmation,False,3.8.20,0.6.1,2022.09.5,11.1,NVIDIA A100-PCIE-40GB
mmgnn-raw-logit-v2-20260918,19,avg,server,val,probabilities,0.8126340225207417,False,12,783,cuda:0,1.8.1,confirmation,False,3.8.20,0.6.1,2022.09.5,11.1,NVIDIA A100-PCIE-40GB
mmgnn-raw-logit-v2-20260918,19,avg,server,test,logits,0.8035909914890191,True,12,784,cuda:0,1.8.1,confirmation,False,3.8.20,0.6.1,2022.09.5,11.1,NVIDIA A100-PCIE-40GB
mmgnn-raw-logit-v2-20260918,19,avg,server,test,probabilities,0.8035909914890191,False,12,784,cuda:0,1.8.1,confirmation,False,3.8.20,0.6.1,2022.09.5,11.1,NVIDIA A100-PCIE-40GB
mmgnn-raw-logit-v2-20260918,19,avg,client_0,val,logits,0.7921253732501486,True,12,783,cuda:0,1.8.1,confirmation,False,3.8.20,0.6.1,2022.09.5,11.1,NVIDIA A100-PCIE-40GB
mmgnn-raw-logit-v2-20260918,19,avg,client_0,val,probabilities,0.7921253732501486,False,12,783,cuda:0,1.8.1,confirmation,False,3.8.20,0.6.1,2022.09.5,11.1,NVIDIA A100-PCIE-40GB
mmgnn-raw-logit-v2-20260918,19,avg,client_0,test,logits,0.7859088796342945,True,12,784,cuda:0,1.8.1,confirmation,False,3.8.20,0.6.1,2022.09.5,11.1,NVIDIA A100-PCIE-40GB
mmgnn-raw-logit-v2-20260918,19,avg,client_0,test,probabilities,0.7859088796342945,False,12,784,cuda:0,1.8.1,confirmation,False,3.8.20,0.6.1,2022.09.5,11.1,NVIDIA A100-PCIE-40GB
mmgnn-raw-logit-v2-20260918,19,avg,client_1,val,logits,0.8221077030259888,True,12,783,cuda:0,1.8.1,confirmation,False,3.8.20,0.6.1,2022.09.5,11.1,NVIDIA A100-PCIE-40GB
mmgnn-raw-logit-v2-20260918,19,avg,client_1,val,probabilities,0.8221077030259888,False,12,783,cuda:0,1.8.1,confirmation,False,3.8.20,0.6.1,2022.09.5,11.1,NVIDIA A100-PCIE-40GB
mmgnn-raw-logit-v2-20260918,19,avg,client_1,test,logits,0.8023314790437416,True,12,784,cuda:0,1.8.1,confirmation,False,3.8.20,0.6.1,2022.09.5,11.1,NVIDIA A100-PCIE-40GB
mmgnn-raw-logit-v2-20260918,19,avg,client_1,test,probabilities,0.8023314790437416,False,12,784,cuda:0,1.8.1,confirmation,False,3.8.20,0.6.1,2022.09.5,11.1,NVIDIA A100-PCIE-40GB
mmgnn-raw-logit-v2-20260918,19,avg,client_2,val,logits,0.796163605290516,True,12,783,cuda:0,1.8.1,confirmation,False,3.8.20,0.6.1,2022.09.5,11.1,NVIDIA A100-PCIE-40GB
mmgnn-raw-logit-v2-20260918,19,avg,client_2,val,probabilities,0.796163605290516,False,12,783,cuda:0,1.8.1,confirmation,False,3.8.20,0.6.1,2022.09.5,11.1,NVIDIA A100-PCIE-40GB
mmgnn-raw-logit-v2-20260918,19,avg,client_2,test,logits,0.783134115247817,True,12,784,cuda:0,1.8.1,confirmation,False,3.8.20,0.6.1,2022.09.5,11.1,NVIDIA A100-PCIE-40GB
mmgnn-raw-logit-v2-20260918,19,avg,client_2,test,probabilities,0.783134115247817,False,12,784,cuda:0,1.8.1,confirmation,False,3.8.20,0.6.1,2022.09.5,11.1,NVIDIA A100-PCIE-40GB
mmgnn-raw-logit-v2-20260918,19,avg,client_3,val,logits,0.7949422312063773,True,12,783,cuda:0,1.8.1,confirmation,False,3.8.20,0.6.1,2022.09.5,11.1,NVIDIA A100-PCIE-40GB
mmgnn-raw-logit-v2-20260918,19,avg,client_3,val,probabilities,0.7949422312063773,False,12,783,cuda:0,1.8.1,confirmation,False,3.8.20,0.6.1,2022.09.5,11.1,NVIDIA A100-PCIE-40GB
mmgnn-raw-logit-v2-20260918,19,avg,client_3,test,logits,0.7814166739160974,True,12,784,cuda:0,1.8.1,confirmation,False,3.8.20,0.6.1,2022.09.5,11.1,NVIDIA A100-PCIE-40GB
mmgnn-raw-logit-v2-20260918,19,avg,client_3,test,probabilities,0.7814166739160974,False,12,784,cuda:0,1.8.1,confirmation,False,3.8.20,0.6.1,2022.09.5,11.1,NVIDIA A100-PCIE-40GB
mmgnn-raw-logit-v2-20260918,20,avg,server,val,logits,0.8071529526181956,True,12,783,cuda:0,1.8.1,confirmation,False,3.8.20,0.6.1,2022.09.5,11.1,NVIDIA A100-PCIE-40GB
mmgnn-raw-logit-v2-20260918,20,avg,server,val,probabilities,0.8071529526181956,False,12,783,cuda:0,1.8.1,confirmation,False,3.8.20,0.6.1,2022.09.5,11.1,NVIDIA A100-PCIE-40GB
mmgnn-raw-logit-v2-20260918,20,avg,server,test,logits,0.7972122924606134,True,12,784,cuda:0,1.8.1,confirmation,False,3.8.20,0.6.1,2022.09.5,11.1,NVIDIA A100-PCIE-40GB
mmgnn-raw-logit-v2-20260918,20,avg,server,test,probabilities,0.7972122924606134,False,12,784,cuda:0,1.8.1,confirmation,False,3.8.20,0.6.1,2022.09.5,11.1,NVIDIA A100-PCIE-40GB
mmgnn-raw-logit-v2-20260918,20,avg,client_0,val,logits,0.7831227957931043,True,12,783,cuda:0,1.8.1,confirmation,False,3.8.20,0.6.1,2022.09.5,11.1,NVIDIA A100-PCIE-40GB
mmgnn-raw-logit-v2-20260918,20,avg,client_0,val,probabilities,0.7831227957931043,False,12,783,cuda:0,1.8.1,confirmation,False,3.8.20,0.6.1,2022.09.5,11.1,NVIDIA A100-PCIE-40GB
mmgnn-raw-logit-v2-20260918,20,avg,client_0,test,logits,0.7809857793356182,True,12,784,cuda:0,1.8.1,confirmation,False,3.8.20,0.6.1,2022.09.5,11.1,NVIDIA A100-PCIE-40GB
mmgnn-raw-logit-v2-20260918,20,avg,client_0,test,probabilities,0.7809857793356182,False,12,784,cuda:0,1.8.1,confirmation,False,3.8.20,0.6.1,2022.09.5,11.1,NVIDIA A100-PCIE-40GB
mmgnn-raw-logit-v2-20260918,20,avg,client_1,val,logits,0.8204688797107323,True,12,783,cuda:0,1.8.1,confirmation,False,3.8.20,0.6.1,2022.09.5,11.1,NVIDIA A100-PCIE-40GB
mmgnn-raw-logit-v2-20260918,20,avg,client_1,val,probabilities,0.8204688797107323,False,12,783,cuda:0,1.8.1,confirmation,False,3.8.20,0.6.1,2022.09.5,11.1,NVIDIA A100-PCIE-40GB
mmgnn-raw-logit-v2-20260918,20,avg,client_1,test,logits,0.8012628081055958,True,12,784,cuda:0,1.8.1,confirmation,False,3.8.20,0.6.1,2022.09.5,11.1,NVIDIA A100-PCIE-40GB
mmgnn-raw-logit-v2-20260918,20,avg,client_1,test,probabilities,0.8012628081055958,False,12,784,cuda:0,1.8.1,confirmation,False,3.8.20,0.6.1,2022.09.5,11.1,NVIDIA A100-PCIE-40GB
mmgnn-raw-logit-v2-20260918,20,avg,client_2,val,logits,0.793024516254516,True,12,783,cuda:0,1.8.1,confirmation,False,3.8.20,0.6.1,2022.09.5,11.1,NVIDIA A100-PCIE-40GB
mmgnn-raw-logit-v2-20260918,20,avg,client_2,val,probabilities,0.793024516254516,False,12,783,cuda:0,1.8.1,confirmation,False,3.8.20,0.6.1,2022.09.5,11.1,NVIDIA A100-PCIE-40GB
mmgnn-raw-logit-v2-20260918,20,avg,client_2,test,logits,0.7827468366317835,True,12,784,cuda:0,1.8.1,confirmation,False,3.8.20,0.6.1,2022.09.5,11.1,NVIDIA A100-PCIE-40GB
mmgnn-raw-logit-v2-20260918,20,avg,client_2,test,probabilities,0.7827468366317835,False,12,784,cuda:0,1.8.1,confirmation,False,3.8.20,0.6.1,2022.09.5,11.1,NVIDIA A100-PCIE-40GB
mmgnn-raw-logit-v2-20260918,20,avg,client_3,val,logits,0.779459930031975,True,12,783,cuda:0,1.8.1,confirmation,False,3.8.20,0.6.1,2022.09.5,11.1,NVIDIA A100-PCIE-40GB
mmgnn-raw-logit-v2-20260918,20,avg,client_3,val,probabilities,0.779459930031975,False,12,783,cuda:0,1.8.1,confirmation,False,3.8.20,0.6.1,2022.09.5,11.1,NVIDIA A100-PCIE-40GB
mmgnn-raw-logit-v2-20260918,20,avg,client_3,test,logits,0.7597343715111423,True,12,784,cuda:0,1.8.1,confirmation,False,3.8.20,0.6.1,2022.09.5,11.1,NVIDIA A100-PCIE-40GB
mmgnn-raw-logit-v2-20260918,20,avg,client_3,test,probabilities,0.7597343715111423,False,12,784,cuda:0,1.8.1,confirmation,False,3.8.20,0.6.1,2022.09.5,11.1,NVIDIA A100-PCIE-40GB
mmgnn-raw-logit-v2-20260918,21,avg,server,val,logits,0.8092954172098507,True,12,783,cuda:0,1.8.1,confirmation,False,3.8.20,0.6.1,2022.09.5,11.1,NVIDIA A100-PCIE-40GB
mmgnn-raw-logit-v2-20260918,21,avg,server,val,probabilities,0.8092954172098507,False,12,783,cuda:0,1.8.1,confirmation,False,3.8.20,0.6.1,2022.09.5,11.1,NVIDIA A100-PCIE-40GB
mmgnn-raw-logit-v2-20260918,21,avg,server,test,logits,0.7989121665730526,True,12,784,cuda:0,1.8.1,confirmation,False,3.8.20,0.6.1,2022.09.5,11.1,NVIDIA A100-PCIE-40GB
mmgnn-raw-logit-v2-20260918,21,avg,server,test,probabilities,0.7989121665730526,False,12,784,cuda:0,1.8.1,confirmation,False,3.8.20,0.6.1,2022.09.5,11.1,NVIDIA A100-PCIE-40GB
mmgnn-raw-logit-v2-20260918,21,avg,client_0,val,logits,0.7821364823789225,True,12,783,cuda:0,1.8.1,confirmation,False,3.8.20,0.6.1,2022.09.5,11.1,NVIDIA A100-PCIE-40GB
mmgnn-raw-logit-v2-20260918,21,avg,client_0,val,probabilities,0.7821364823789225,False,12,783,cuda:0,1.8.1,confirmation,False,3.8.20,0.6.1,2022.09.5,11.1,NVIDIA A100-PCIE-40GB
mmgnn-raw-logit-v2-20260918,21,avg,client_0,test,logits,0.7692778340235243,True,12,784,cuda:0,1.8.1,confirmation,False,3.8.20,0.6.1,2022.09.5,11.1,NVIDIA A100-PCIE-40GB
mmgnn-raw-logit-v2-20260918,21,avg,client_0,test,probabilities,0.7692778340235243,False,12,784,cuda:0,1.8.1,confirmation,False,3.8.20,0.6.1,2022.09.5,11.1,NVIDIA A100-PCIE-40GB
mmgnn-raw-logit-v2-20260918,21,avg,client_1,val,logits,0.8192038078656466,True,12,783,cuda:0,1.8.1,confirmation,False,3.8.20,0.6.1,2022.09.5,11.1,NVIDIA A100-PCIE-40GB
mmgnn-raw-logit-v2-20260918,21,avg,client_1,val,probabilities,0.8192038078656466,False,12,783,cuda:0,1.8.1,confirmation,False,3.8.20,0.6.1,2022.09.5,11.1,NVIDIA A100-PCIE-40GB
mmgnn-raw-logit-v2-20260918,21,avg,client_1,test,logits,0.7915301842005601,True,12,784,cuda:0,1.8.1,confirmation,False,3.8.20,0.6.1,2022.09.5,11.1,NVIDIA A100-PCIE-40GB
mmgnn-raw-logit-v2-20260918,21,avg,client_1,test,probabilities,0.7915301842005601,False,12,784,cuda:0,1.8.1,confirmation,False,3.8.20,0.6.1,2022.09.5,11.1,NVIDIA A100-PCIE-40GB
mmgnn-raw-logit-v2-20260918,21,avg,client_2,val,logits,0.7962460017410687,True,12,783,cuda:0,1.8.1,confirmation,False,3.8.20,0.6.1,2022.09.5,11.1,NVIDIA A100-PCIE-40GB
mmgnn-raw-logit-v2-20260918,21,avg,client_2,val,probabilities,0.7962460017410687,False,12,783,cuda:0,1.8.1,confirmation,False,3.8.20,0.6.1,2022.09.5,11.1,NVIDIA A100-PCIE-40GB
mmgnn-raw-logit-v2-20260918,21,avg,client_2,test,logits,0.7935587638180391,True,12,784,cuda:0,1.8.1,confirmation,False,3.8.20,0.6.1,2022.09.5,11.1,NVIDIA A100-PCIE-40GB
mmgnn-raw-logit-v2-20260918,21,avg,client_2,test,probabilities,0.7935587638180391,False,12,784,cuda:0,1.8.1,confirmation,False,3.8.20,0.6.1,2022.09.5,11.1,NVIDIA A100-PCIE-40GB
mmgnn-raw-logit-v2-20260918,21,avg,client_3,val,logits,0.797140637083419,True,12,783,cuda:0,1.8.1,confirmation,False,3.8.20,0.6.1,2022.09.5,11.1,NVIDIA A100-PCIE-40GB
mmgnn-raw-logit-v2-20260918,21,avg,client_3,val,probabilities,0.797140637083419,False,12,783,cuda:0,1.8.1,confirmation,False,3.8.20,0.6.1,2022.09.5,11.1,NVIDIA A100-PCIE-40GB
mmgnn-raw-logit-v2-20260918,21,avg,client_3,test,logits,0.7839795108230593,True,12,784,cuda:0,1.8.1,confirmation,False,3.8.20,0.6.1,2022.09.5,11.1,NVIDIA A100-PCIE-40GB
mmgnn-raw-logit-v2-20260918,21,avg,client_3,test,probabilities,0.7839795108230593,False,12,784,cuda:0,1.8.1,confirmation,False,3.8.20,0.6.1,2022.09.5,11.1,NVIDIA A100-PCIE-40GB
mmgnn-raw-logit-v2-20260918,22,avg,server,val,logits,0.8062366855487588,True,12,783,cuda:0,1.8.1,confirmation,False,3.8.20,0.6.1,2022.09.5,11.1,NVIDIA A100-PCIE-40GB
mmgnn-raw-logit-v2-20260918,22,avg,server,val,probabilities,0.8062366855487588,False,12,783,cuda:0,1.8.1,confirmation,False,3.8.20,0.6.1,2022.09.5,11.1,NVIDIA A100-PCIE-40GB
mmgnn-raw-logit-v2-20260918,22,avg,server,test,logits,0.7968093453510344,True,12,784,cuda:0,1.8.1,confirmation,False,3.8.20,0.6.1,2022.09.5,11.1,NVIDIA A100-PCIE-40GB
mmgnn-raw-logit-v2-20260918,22,avg,server,test,probabilities,0.7968093453510344,False,12,784,cuda:0,1.8.1,confirmation,False,3.8.20,0.6.1,2022.09.5,11.1,NVIDIA A100-PCIE-40GB
mmgnn-raw-logit-v2-20260918,22,avg,client_0,val,logits,0.787718910236782,True,12,783,cuda:0,1.8.1,confirmation,False,3.8.20,0.6.1,2022.09.5,11.1,NVIDIA A100-PCIE-40GB
mmgnn-raw-logit-v2-20260918,22,avg,client_0,val,probabilities,0.787718910236782,False,12,783,cuda:0,1.8.1,confirmation,False,3.8.20,0.6.1,2022.09.5,11.1,NVIDIA A100-PCIE-40GB
mmgnn-raw-logit-v2-20260918,22,avg,client_0,test,logits,0.783898278225352,True,12,784,cuda:0,1.8.1,confirmation,False,3.8.20,0.6.1,2022.09.5,11.1,NVIDIA A100-PCIE-40GB
mmgnn-raw-logit-v2-20260918,22,avg,client_0,test,probabilities,0.783898278225352,False,12,784,cuda:0,1.8.1,confirmation,False,3.8.20,0.6.1,2022.09.5,11.1,NVIDIA A100-PCIE-40GB
mmgnn-raw-logit-v2-20260918,22,avg,client_1,val,logits,0.8106383000434852,True,12,783,cuda:0,1.8.1,confirmation,False,3.8.20,0.6.1,2022.09.5,11.1,NVIDIA A100-PCIE-40GB
mmgnn-raw-logit-v2-20260918,22,avg,client_1,val,probabilities,0.8106383000434852,False,12,783,cuda:0,1.8.1,confirmation,False,3.8.20,0.6.1,2022.09.5,11.1,NVIDIA A100-PCIE-40GB
mmgnn-raw-logit-v2-20260918,22,avg,client_1,test,logits,0.787222872983291,True,12,784,cuda:0,1.8.1,confirmation,False,3.8.20,0.6.1,2022.09.5,11.1,NVIDIA A100-PCIE-40GB
mmgnn-raw-logit-v2-20260918,22,avg,client_1,test,probabilities,0.787222872983291,False,12,784,cuda:0,1.8.1,confirmation,False,3.8.20,0.6.1,2022.09.5,11.1,NVIDIA A100-PCIE-40GB
mmgnn-raw-logit-v2-20260918,22,avg,client_2,val,logits,0.7902437786505988,True,12,783,cuda:0,1.8.1,confirmation,False,3.8.20,0.6.1,2022.09.5,11.1,NVIDIA A100-PCIE-40GB
mmgnn-raw-logit-v2-20260918,22,avg,client_2,val,probabilities,0.7902437786505988,False,12,783,cuda:0,1.8.1,confirmation,False,3.8.20,0.6.1,2022.09.5,11.1,NVIDIA A100-PCIE-40GB
mmgnn-raw-logit-v2-20260918,22,avg,client_2,test,logits,0.7846183431622676,True,12,784,cuda:0,1.8.1,confirmation,False,3.8.20,0.6.1,2022.09.5,11.1,NVIDIA A100-PCIE-40GB
mmgnn-raw-logit-v2-20260918,22,avg,client_2,test,probabilities,0.7846183431622676,False,12,784,cuda:0,1.8.1,confirmation,False,3.8.20,0.6.1,2022.09.5,11.1,NVIDIA A100-PCIE-40GB
mmgnn-raw-logit-v2-20260918,22,avg,client_3,val,logits,0.7903268768404351,True,12,783,cuda:0,1.8.1,confirmation,False,3.8.20,0.6.1,2022.09.5,11.1,NVIDIA A100-PCIE-40GB
mmgnn-raw-logit-v2-20260918,22,avg,client_3,val,probabilities,0.7903268768404351,False,12,783,cuda:0,1.8.1,confirmation,False,3.8.20,0.6.1,2022.09.5,11.1,NVIDIA A100-PCIE-40GB
mmgnn-raw-logit-v2-20260918,22,avg,client_3,test,logits,0.7781389181740468,True,12,784,cuda:0,1.8.1,confirmation,False,3.8.20,0.6.1,2022.09.5,11.1,NVIDIA A100-PCIE-40GB
mmgnn-raw-logit-v2-20260918,22,avg,client_3,test,probabilities,0.7781389181740468,False,12,784,cuda:0,1.8.1,confirmation,False,3.8.20,0.6.1,2022.09.5,11.1,NVIDIA A100-PCIE-40GB
mmgnn-raw-logit-v2-20260918,23,avg,server,val,logits,0.8053034631738515,True,12,783,cuda:0,1.8.1,confirmation,False,3.8.20,0.6.1,2022.09.5,11.1,NVIDIA A100-PCIE-40GB
mmgnn-raw-logit-v2-20260918,23,avg,server,val,probabilities,0.8053034631738515,False,12,783,cuda:0,1.8.1,confirmation,False,3.8.20,0.6.1,2022.09.5,11.1,NVIDIA A100-PCIE-40GB
mmgnn-raw-logit-v2-20260918,23,avg,server,test,logits,0.7975048919929967,True,12,784,cuda:0,1.8.1,confirmation,False,3.8.20,0.6.1,2022.09.5,11.1,NVIDIA A100-PCIE-40GB
mmgnn-raw-logit-v2-20260918,23,avg,server,test,probabilities,0.7975048919929967,False,12,784,cuda:0,1.8.1,confirmation,False,3.8.20,0.6.1,2022.09.5,11.1,NVIDIA A100-PCIE-40GB
mmgnn-raw-logit-v2-20260918,23,avg,client_0,val,logits,0.7748524002200529,True,12,783,cuda:0,1.8.1,confirmation,False,3.8.20,0.6.1,2022.09.5,11.1,NVIDIA A100-PCIE-40GB
mmgnn-raw-logit-v2-20260918,23,avg,client_0,val,probabilities,0.7748524002200529,False,12,783,cuda:0,1.8.1,confirmation,False,3.8.20,0.6.1,2022.09.5,11.1,NVIDIA A100-PCIE-40GB
mmgnn-raw-logit-v2-20260918,23,avg,client_0,test,logits,0.768859332098348,True,12,784,cuda:0,1.8.1,confirmation,False,3.8.20,0.6.1,2022.09.5,11.1,NVIDIA A100-PCIE-40GB
mmgnn-raw-logit-v2-20260918,23,avg,client_0,test,probabilities,0.768859332098348,False,12,784,cuda:0,1.8.1,confirmation,False,3.8.20,0.6.1,2022.09.5,11.1,NVIDIA A100-PCIE-40GB
mmgnn-raw-logit-v2-20260918,23,avg,client_1,val,logits,0.8190365225501908,True,12,783,cuda:0,1.8.1,confirmation,False,3.8.20,0.6.1,2022.09.5,11.1,NVIDIA A100-PCIE-40GB
mmgnn-raw-logit-v2-20260918,23,avg,client_1,val,probabilities,0.8190365225501908,False,12,783,cuda:0,1.8.1,confirmation,False,3.8.20,0.6.1,2022.09.5,11.1,NVIDIA A100-PCIE-40GB
mmgnn-raw-logit-v2-20260918,23,avg,client_1,test,logits,0.7983461471829555,True,12,784,cuda:0,1.8.1,confirmation,False,3.8.20,0.6.1,2022.09.5,11.1,NVIDIA A100-PCIE-40GB
mmgnn-raw-logit-v2-20260918,23,avg,client_1,test,probabilities,0.7983461471829555,False,12,784,cuda:0,1.8.1,confirmation,False,3.8.20,0.6.1,2022.09.5,11.1,NVIDIA A100-PCIE-40GB
mmgnn-raw-logit-v2-20260918,23,avg,client_2,val,logits,0.7902273980015174,True,12,783,cuda:0,1.8.1,confirmation,False,3.8.20,0.6.1,2022.09.5,11.1,NVIDIA A100-PCIE-40GB
mmgnn-raw-logit-v2-20260918,23,avg,client_2,val,probabilities,0.7902273980015174,False,12,783,cuda:0,1.8.1,confirmation,False,3.8.20,0.6.1,2022.09.5,11.1,NVIDIA A100-PCIE-40GB
mmgnn-raw-logit-v2-20260918,23,avg,client_2,test,logits,0.7872952319846597,True,12,784,cuda:0,1.8.1,confirmation,False,3.8.20,0.6.1,2022.09.5,11.1,NVIDIA A100-PCIE-40GB
mmgnn-raw-logit-v2-20260918,23,avg,client_2,test,probabilities,0.7872934308059684,False,12,784,cuda:0,1.8.1,confirmation,False,3.8.20,0.6.1,2022.09.5,11.1,NVIDIA A100-PCIE-40GB
mmgnn-raw-logit-v2-20260918,23,avg,client_3,val,logits,0.7930264071661369,True,12,783,cuda:0,1.8.1,confirmation,False,3.8.20,0.6.1,2022.09.5,11.1,NVIDIA A100-PCIE-40GB
mmgnn-raw-logit-v2-20260918,23,avg,client_3,val,probabilities,0.7930264071661369,False,12,783,cuda:0,1.8.1,confirmation,False,3.8.20,0.6.1,2022.09.5,11.1,NVIDIA A100-PCIE-40GB
mmgnn-raw-logit-v2-20260918,23,avg,client_3,test,logits,0.782173423571972,True,12,784,cuda:0,1.8.1,confirmation,False,3.8.20,0.6.1,2022.09.5,11.1,NVIDIA A100-PCIE-40GB
mmgnn-raw-logit-v2-20260918,23,avg,client_3,test,probabilities,0.782173423571972,False,12,784,cuda:0,1.8.1,confirmation,False,3.8.20,0.6.1,2022.09.5,11.1,NVIDIA A100-PCIE-40GB
mmgnn-raw-logit-v2-20260918,24,avg,server,val,logits,0.8026089177572877,True,12,783,cuda:0,1.8.1,confirmation,False,3.8.20,0.6.1,2022.09.5,11.1,NVIDIA A100-PCIE-40GB
mmgnn-raw-logit-v2-20260918,24,avg,server,val,probabilities,0.8026089177572877,False,12,783,cuda:0,1.8.1,confirmation,False,3.8.20,0.6.1,2022.09.5,11.1,NVIDIA A100-PCIE-40GB
mmgnn-raw-logit-v2-20260918,24,avg,server,test,logits,0.795094191922972,True,12,784,cuda:0,1.8.1,confirmation,False,3.8.20,0.6.1,2022.09.5,11.1,NVIDIA A100-PCIE-40GB
mmgnn-raw-logit-v2-20260918,24,avg,server,test,probabilities,0.795094191922972,False,12,784,cuda:0,1.8.1,confirmation,False,3.8.20,0.6.1,2022.09.5,11.1,NVIDIA A100-PCIE-40GB
mmgnn-raw-logit-v2-20260918,24,avg,client_0,val,logits,0.7813845291897356,True,12,783,cuda:0,1.8.1,confirmation,False,3.8.20,0.6.1,2022.09.5,11.1,NVIDIA A100-PCIE-40GB
mmgnn-raw-logit-v2-20260918,24,avg,client_0,val,probabilities,0.7813845291897356,False,12,783,cuda:0,1.8.1,confirmation,False,3.8.20,0.6.1,2022.09.5,11.1,NVIDIA A100-PCIE-40GB
mmgnn-raw-logit-v2-20260918,24,avg,client_0,test,logits,0.7755811748229927,True,12,784,cuda:0,1.8.1,confirmation,False,3.8.20,0.6.1,2022.09.5,11.1,NVIDIA A100-PCIE-40GB
mmgnn-raw-logit-v2-20260918,24,avg,client_0,test,probabilities,0.7755811748229927,False,12,784,cuda:0,1.8.1,confirmation,False,3.8.20,0.6.1,2022.09.5,11.1,NVIDIA A100-PCIE-40GB
mmgnn-raw-logit-v2-20260918,24,avg,client_1,val,logits,0.8177229031401995,True,12,783,cuda:0,1.8.1,confirmation,False,3.8.20,0.6.1,2022.09.5,11.1,NVIDIA A100-PCIE-40GB
mmgnn-raw-logit-v2-20260918,24,avg,client_1,val,probabilities,0.8177229031401995,False,12,783,cuda:0,1.8.1,confirmation,False,3.8.20,0.6.1,2022.09.5,11.1,NVIDIA A100-PCIE-40GB
mmgnn-raw-logit-v2-20260918,24,avg,client_1,test,logits,0.7969807366352498,True,12,784,cuda:0,1.8.1,confirmation,False,3.8.20,0.6.1,2022.09.5,11.1,NVIDIA A100-PCIE-40GB
mmgnn-raw-logit-v2-20260918,24,avg,client_1,test,probabilities,0.7969807366352498,False,12,784,cuda:0,1.8.1,confirmation,False,3.8.20,0.6.1,2022.09.5,11.1,NVIDIA A100-PCIE-40GB
mmgnn-raw-logit-v2-20260918,24,avg,client_2,val,logits,0.7828687429537484,True,12,783,cuda:0,1.8.1,confirmation,False,3.8.20,0.6.1,2022.09.5,11.1,NVIDIA A100-PCIE-40GB
mmgnn-raw-logit-v2-20260918,24,avg,client_2,val,probabilities,0.7828687429537484,False,12,783,cuda:0,1.8.1,confirmation,False,3.8.20,0.6.1,2022.09.5,11.1,NVIDIA A100-PCIE-40GB
mmgnn-raw-logit-v2-20260918,24,avg,client_2,test,logits,0.7875686370598659,True,12,784,cuda:0,1.8.1,confirmation,False,3.8.20,0.6.1,2022.09.5,11.1,NVIDIA A100-PCIE-40GB
mmgnn-raw-logit-v2-20260918,24,avg,client_2,test,probabilities,0.7875686370598659,False,12,784,cuda:0,1.8.1,confirmation,False,3.8.20,0.6.1,2022.09.5,11.1,NVIDIA A100-PCIE-40GB
mmgnn-raw-logit-v2-20260918,24,avg,client_3,val,logits,0.7826860297723903,True,12,783,cuda:0,1.8.1,confirmation,False,3.8.20,0.6.1,2022.09.5,11.1,NVIDIA A100-PCIE-40GB
mmgnn-raw-logit-v2-20260918,24,avg,client_3,val,probabilities,0.7826860297723903,False,12,783,cuda:0,1.8.1,confirmation,False,3.8.20,0.6.1,2022.09.5,11.1,NVIDIA A100-PCIE-40GB
mmgnn-raw-logit-v2-20260918,24,avg,client_3,test,logits,0.7738698217084853,True,12,784,cuda:0,1.8.1,confirmation,False,3.8.20,0.6.1,2022.09.5,11.1,NVIDIA A100-PCIE-40GB
mmgnn-raw-logit-v2-20260918,24,avg,client_3,test,probabilities,0.7738698217084853,False,12,784,cuda:0,1.8.1,confirmation,False,3.8.20,0.6.1,2022.09.5,11.1,NVIDIA A100-PCIE-40GB
mmgnn-raw-logit-v2-20260918,25,avg,server,val,logits,0.799083953238361,True,12,783,cuda:0,1.8.1,confirmation,False,3.8.20,0.6.1,2022.09.5,11.1,NVIDIA A100-PCIE-40GB
mmgnn-raw-logit-v2-20260918,25,avg,server,val,probabilities,0.799083953238361,False,12,783,cuda:0,1.8.1,confirmation,False,3.8.20,0.6.1,2022.09.5,11.1,NVIDIA A100-PCIE-40GB
mmgnn-raw-logit-v2-20260918,25,avg,server,test,logits,0.787406169042742,True,12,784,cuda:0,1.8.1,confirmation,False,3.8.20,0.6.1,2022.09.5,11.1,NVIDIA A100-PCIE-40GB
mmgnn-raw-logit-v2-20260918,25,avg,server,test,probabilities,0.787406169042742,False,12,784,cuda:0,1.8.1,confirmation,False,3.8.20,0.6.1,2022.09.5,11.1,NVIDIA A100-PCIE-40GB
mmgnn-raw-logit-v2-20260918,25,avg,client_0,val,logits,0.7708200036815379,True,12,783,cuda:0,1.8.1,confirmation,False,3.8.20,0.6.1,2022.09.5,11.1,NVIDIA A100-PCIE-40GB
mmgnn-raw-logit-v2-20260918,25,avg,client_0,val,probabilities,0.7708200036815379,False,12,783,cuda:0,1.8.1,confirmation,False,3.8.20,0.6.1,2022.09.5,11.1,NVIDIA A100-PCIE-40GB
mmgnn-raw-logit-v2-20260918,25,avg,client_0,test,logits,0.7630914656222162,True,12,784,cuda:0,1.8.1,confirmation,False,3.8.20,0.6.1,2022.09.5,11.1,NVIDIA A100-PCIE-40GB
mmgnn-raw-logit-v2-20260918,25,avg,client_0,test,probabilities,0.7630914656222162,False,12,784,cuda:0,1.8.1,confirmation,False,3.8.20,0.6.1,2022.09.5,11.1,NVIDIA A100-PCIE-40GB
mmgnn-raw-logit-v2-20260918,25,avg,client_1,val,logits,0.8098985814413305,True,12,783,cuda:0,1.8.1,confirmation,False,3.8.20,0.6.1,2022.09.5,11.1,NVIDIA A100-PCIE-40GB
mmgnn-raw-logit-v2-20260918,25,avg,client_1,val,probabilities,0.8098985814413305,False,12,783,cuda:0,1.8.1,confirmation,False,3.8.20,0.6.1,2022.09.5,11.1,NVIDIA A100-PCIE-40GB
mmgnn-raw-logit-v2-20260918,25,avg,client_1,test,logits,0.7839242906157362,True,12,784,cuda:0,1.8.1,confirmation,False,3.8.20,0.6.1,2022.09.5,11.1,NVIDIA A100-PCIE-40GB
mmgnn-raw-logit-v2-20260918,25,avg,client_1,test,probabilities,0.7839242906157362,False,12,784,cuda:0,1.8.1,confirmation,False,3.8.20,0.6.1,2022.09.5,11.1,NVIDIA A100-PCIE-40GB
mmgnn-raw-logit-v2-20260918,25,avg,client_2,val,logits,0.7915238752880144,True,12,783,cuda:0,1.8.1,confirmation,False,3.8.20,0.6.1,2022.09.5,11.1,NVIDIA A100-PCIE-40GB
mmgnn-raw-logit-v2-20260918,25,avg,client_2,val,probabilities,0.7915238752880144,False,12,783,cuda:0,1.8.1,confirmation,False,3.8.20,0.6.1,2022.09.5,11.1,NVIDIA A100-PCIE-40GB
mmgnn-raw-logit-v2-20260918,25,avg,client_2,test,logits,0.7879444094321028,True,12,784,cuda:0,1.8.1,confirmation,False,3.8.20,0.6.1,2022.09.5,11.1,NVIDIA A100-PCIE-40GB
mmgnn-raw-logit-v2-20260918,25,avg,client_2,test,probabilities,0.7879444094321028,False,12,784,cuda:0,1.8.1,confirmation,False,3.8.20,0.6.1,2022.09.5,11.1,NVIDIA A100-PCIE-40GB
mmgnn-raw-logit-v2-20260918,25,avg,client_3,val,logits,0.7809744763289889,True,12,783,cuda:0,1.8.1,confirmation,False,3.8.20,0.6.1,2022.09.5,11.1,NVIDIA A100-PCIE-40GB
mmgnn-raw-logit-v2-20260918,25,avg,client_3,val,probabilities,0.7809744763289889,False,12,783,cuda:0,1.8.1,confirmation,False,3.8.20,0.6.1,2022.09.5,11.1,NVIDIA A100-PCIE-40GB
mmgnn-raw-logit-v2-20260918,25,avg,client_3,test,logits,0.7684762846752314,True,12,784,cuda:0,1.8.1,confirmation,False,3.8.20,0.6.1,2022.09.5,11.1,NVIDIA A100-PCIE-40GB
mmgnn-raw-logit-v2-20260918,25,avg,client_3,test,probabilities,0.7684762846752314,False,12,784,cuda:0,1.8.1,confirmation,False,3.8.20,0.6.1,2022.09.5,11.1,NVIDIA A100-PCIE-40GB
mmgnn-raw-logit-v2-20260918,26,avg,server,val,logits,0.8025282725239267,True,12,783,cuda:0,1.8.1,confirmation,False,3.8.20,0.6.1,2022.09.5,11.1,NVIDIA A100-PCIE-40GB
mmgnn-raw-logit-v2-20260918,26,avg,server,val,probabilities,0.8025282725239267,False,12,783,cuda:0,1.8.1,confirmation,False,3.8.20,0.6.1,2022.09.5,11.1,NVIDIA A100-PCIE-40GB
mmgnn-raw-logit-v2-20260918,26,avg,server,test,logits,0.7959452913632726,True,12,784,cuda:0,1.8.1,confirmation,False,3.8.20,0.6.1,2022.09.5,11.1,NVIDIA A100-PCIE-40GB
mmgnn-raw-logit-v2-20260918,26,avg,server,test,probabilities,0.7959452913632726,False,12,784,cuda:0,1.8.1,confirmation,False,3.8.20,0.6.1,2022.09.5,11.1,NVIDIA A100-PCIE-40GB
mmgnn-raw-logit-v2-20260918,26,avg,client_0,val,logits,0.7789282774129181,True,12,783,cuda:0,1.8.1,confirmation,False,3.8.20,0.6.1,2022.09.5,11.1,NVIDIA A100-PCIE-40GB
mmgnn-raw-logit-v2-20260918,26,avg,client_0,val,probabilities,0.7789282774129181,False,12,783,cuda:0,1.8.1,confirmation,False,3.8.20,0.6.1,2022.09.5,11.1,NVIDIA A100-PCIE-40GB
mmgnn-raw-logit-v2-20260918,26,avg,client_0,test,logits,0.7713252528063768,True,12,784,cuda:0,1.8.1,confirmation,False,3.8.20,0.6.1,2022.09.5,11.1,NVIDIA A100-PCIE-40GB
mmgnn-raw-logit-v2-20260918,26,avg,client_0,test,probabilities,0.7713252528063768,False,12,784,cuda:0,1.8.1,confirmation,False,3.8.20,0.6.1,2022.09.5,11.1,NVIDIA A100-PCIE-40GB
mmgnn-raw-logit-v2-20260918,26,avg,client_1,val,logits,0.8147051609193438,True,12,783,cuda:0,1.8.1,confirmation,False,3.8.20,0.6.1,2022.09.5,11.1,NVIDIA A100-PCIE-40GB
mmgnn-raw-logit-v2-20260918,26,avg,client_1,val,probabilities,0.8147051609193438,False,12,783,cuda:0,1.8.1,confirmation,False,3.8.20,0.6.1,2022.09.5,11.1,NVIDIA A100-PCIE-40GB
mmgnn-raw-logit-v2-20260918,26,avg,client_1,test,logits,0.7966464796505127,True,12,784,cuda:0,1.8.1,confirmation,False,3.8.20,0.6.1,2022.09.5,11.1,NVIDIA A100-PCIE-40GB
mmgnn-raw-logit-v2-20260918,26,avg,client_1,test,probabilities,0.7966464796505127,False,12,784,cuda:0,1.8.1,confirmation,False,3.8.20,0.6.1,2022.09.5,11.1,NVIDIA A100-PCIE-40GB
mmgnn-raw-logit-v2-20260918,26,avg,client_2,val,logits,0.7928508897995975,True,12,783,cuda:0,1.8.1,confirmation,False,3.8.20,0.6.1,2022.09.5,11.1,NVIDIA A100-PCIE-40GB
mmgnn-raw-logit-v2-20260918,26,avg,client_2,val,probabilities,0.7928508897995975,False,12,783,cuda:0,1.8.1,confirmation,False,3.8.20,0.6.1,2022.09.5,11.1,NVIDIA A100-PCIE-40GB
mmgnn-raw-logit-v2-20260918,26,avg,client_2,test,logits,0.7934849549075098,True,12,784,cuda:0,1.8.1,confirmation,False,3.8.20,0.6.1,2022.09.5,11.1,NVIDIA A100-PCIE-40GB
mmgnn-raw-logit-v2-20260918,26,avg,client_2,test,probabilities,0.7934849549075098,False,12,784,cuda:0,1.8.1,confirmation,False,3.8.20,0.6.1,2022.09.5,11.1,NVIDIA A100-PCIE-40GB
mmgnn-raw-logit-v2-20260918,26,avg,client_3,val,logits,0.786379620375707,True,12,783,cuda:0,1.8.1,confirmation,False,3.8.20,0.6.1,2022.09.5,11.1,NVIDIA A100-PCIE-40GB
mmgnn-raw-logit-v2-20260918,26,avg,client_3,val,probabilities,0.786379620375707,False,12,783,cuda:0,1.8.1,confirmation,False,3.8.20,0.6.1,2022.09.5,11.1,NVIDIA A100-PCIE-40GB
mmgnn-raw-logit-v2-20260918,26,avg,client_3,test,logits,0.7772750866592838,True,12,784,cuda:0,1.8.1,confirmation,False,3.8.20,0.6.1,2022.09.5,11.1,NVIDIA A100-PCIE-40GB
mmgnn-raw-logit-v2-20260918,26,avg,client_3,test,probabilities,0.7772750866592838,False,12,784,cuda:0,1.8.1,confirmation,False,3.8.20,0.6.1,2022.09.5,11.1,NVIDIA A100-PCIE-40GB
mmgnn-raw-logit-v2-20260918,27,avg,server,val,logits,0.7996042321012719,True,12,783,cuda:0,1.8.1,confirmation,False,3.8.20,0.6.1,2022.09.5,11.1,NVIDIA A100-PCIE-40GB
mmgnn-raw-logit-v2-20260918,27,avg,server,val,probabilities,0.7996042321012719,False,12,783,cuda:0,1.8.1,confirmation,False,3.8.20,0.6.1,2022.09.5,11.1,NVIDIA A100-PCIE-40GB
mmgnn-raw-logit-v2-20260918,27,avg,server,test,logits,0.7951011410623523,True,12,784,cuda:0,1.8.1,confirmation,False,3.8.20,0.6.1,2022.09.5,11.1,NVIDIA A100-PCIE-40GB
mmgnn-raw-logit-v2-20260918,27,avg,server,test,probabilities,0.7951011410623523,False,12,784,cuda:0,1.8.1,confirmation,False,3.8.20,0.6.1,2022.09.5,11.1,NVIDIA A100-PCIE-40GB
mmgnn-raw-logit-v2-20260918,27,avg,client_0,val,logits,0.7755662600421521,True,12,783,cuda:0,1.8.1,confirmation,False,3.8.20,0.6.1,2022.09.5,11.1,NVIDIA A100-PCIE-40GB
mmgnn-raw-logit-v2-20260918,27,avg,client_0,val,probabilities,0.7755662600421521,False,12,783,cuda:0,1.8.1,confirmation,False,3.8.20,0.6.1,2022.09.5,11.1,NVIDIA A100-PCIE-40GB
mmgnn-raw-logit-v2-20260918,27,avg,client_0,test,logits,0.7695461950045651,True,12,784,cuda:0,1.8.1,confirmation,False,3.8.20,0.6.1,2022.09.5,11.1,NVIDIA A100-PCIE-40GB
mmgnn-raw-logit-v2-20260918,27,avg,client_0,test,probabilities,0.7695461950045651,False,12,784,cuda:0,1.8.1,confirmation,False,3.8.20,0.6.1,2022.09.5,11.1,NVIDIA A100-PCIE-40GB
mmgnn-raw-logit-v2-20260918,27,avg,client_1,val,logits,0.8132985735532435,True,12,783,cuda:0,1.8.1,confirmation,False,3.8.20,0.6.1,2022.09.5,11.1,NVIDIA A100-PCIE-40GB
mmgnn-raw-logit-v2-20260918,27,avg,client_1,val,probabilities,0.8132985735532435,False,12,783,cuda:0,1.8.1,confirmation,False,3.8.20,0.6.1,2022.09.5,11.1,NVIDIA A100-PCIE-40GB
mmgnn-raw-logit-v2-20260918,27,avg,client_1,test,logits,0.8010413197130862,True,12,784,cuda:0,1.8.1,confirmation,False,3.8.20,0.6.1,2022.09.5,11.1,NVIDIA A100-PCIE-40GB
mmgnn-raw-logit-v2-20260918,27,avg,client_1,test,probabilities,0.8010413197130862,False,12,784,cuda:0,1.8.1,confirmation,False,3.8.20,0.6.1,2022.09.5,11.1,NVIDIA A100-PCIE-40GB
mmgnn-raw-logit-v2-20260918,27,avg,client_2,val,logits,0.7886587489773836,True,12,783,cuda:0,1.8.1,confirmation,False,3.8.20,0.6.1,2022.09.5,11.1,NVIDIA A100-PCIE-40GB
mmgnn-raw-logit-v2-20260918,27,avg,client_2,val,probabilities,0.7886587489773836,False,12,783,cuda:0,1.8.1,confirmation,False,3.8.20,0.6.1,2022.09.5,11.1,NVIDIA A100-PCIE-40GB
mmgnn-raw-logit-v2-20260918,27,avg,client_2,test,logits,0.7942954571717151,True,12,784,cuda:0,1.8.1,confirmation,False,3.8.20,0.6.1,2022.09.5,11.1,NVIDIA A100-PCIE-40GB
mmgnn-raw-logit-v2-20260918,27,avg,client_2,test,probabilities,0.7942954571717151,False,12,784,cuda:0,1.8.1,confirmation,False,3.8.20,0.6.1,2022.09.5,11.1,NVIDIA A100-PCIE-40GB
mmgnn-raw-logit-v2-20260918,27,avg,client_3,val,logits,0.7849284066610092,True,12,783,cuda:0,1.8.1,confirmation,False,3.8.20,0.6.1,2022.09.5,11.1,NVIDIA A100-PCIE-40GB
mmgnn-raw-logit-v2-20260918,27,avg,client_3,val,probabilities,0.7849284066610092,False,12,783,cuda:0,1.8.1,confirmation,False,3.8.20,0.6.1,2022.09.5,11.1,NVIDIA A100-PCIE-40GB
mmgnn-raw-logit-v2-20260918,27,avg,client_3,test,logits,0.7738384494445004,True,12,784,cuda:0,1.8.1,confirmation,False,3.8.20,0.6.1,2022.09.5,11.1,NVIDIA A100-PCIE-40GB
mmgnn-raw-logit-v2-20260918,27,avg,client_3,test,probabilities,0.7738384494445004,False,12,784,cuda:0,1.8.1,confirmation,False,3.8.20,0.6.1,2022.09.5,11.1,NVIDIA A100-PCIE-40GB
mmgnn-raw-logit-v2-20260918,28,avg,server,val,logits,0.7979687894662185,True,12,783,cuda:0,1.8.1,confirmation,False,3.8.20,0.6.1,2022.09.5,11.1,NVIDIA A100-PCIE-40GB
mmgnn-raw-logit-v2-20260918,28,avg,server,val,probabilities,0.7979687894662185,False,12,783,cuda:0,1.8.1,confirmation,False,3.8.20,0.6.1,2022.09.5,11.1,NVIDIA A100-PCIE-40GB
mmgnn-raw-logit-v2-20260918,28,avg,server,test,logits,0.7932867597009743,True,12,784,cuda:0,1.8.1,confirmation,False,3.8.20,0.6.1,2022.09.5,11.1,NVIDIA A100-PCIE-40GB
mmgnn-raw-logit-v2-20260918,28,avg,server,test,probabilities,0.7932867597009743,False,12,784,cuda:0,1.8.1,confirmation,False,3.8.20,0.6.1,2022.09.5,11.1,NVIDIA A100-PCIE-40GB
mmgnn-raw-logit-v2-20260918,28,avg,client_0,val,logits,0.7735791966665034,True,12,783,cuda:0,1.8.1,confirmation,False,3.8.20,0.6.1,2022.09.5,11.1,NVIDIA A100-PCIE-40GB
mmgnn-raw-logit-v2-20260918,28,avg,client_0,val,probabilities,0.7735791966665034,False,12,783,cuda:0,1.8.1,confirmation,False,3.8.20,0.6.1,2022.09.5,11.1,NVIDIA A100-PCIE-40GB
mmgnn-raw-logit-v2-20260918,28,avg,client_0,test,logits,0.7679097316548162,True,12,784,cuda:0,1.8.1,confirmation,False,3.8.20,0.6.1,2022.09.5,11.1,NVIDIA A100-PCIE-40GB
mmgnn-raw-logit-v2-20260918,28,avg,client_0,test,probabilities,0.7679097316548162,False,12,784,cuda:0,1.8.1,confirmation,False,3.8.20,0.6.1,2022.09.5,11.1,NVIDIA A100-PCIE-40GB
mmgnn-raw-logit-v2-20260918,28,avg,client_1,val,logits,0.812884896037716,True,12,783,cuda:0,1.8.1,confirmation,False,3.8.20,0.6.1,2022.09.5,11.1,NVIDIA A100-PCIE-40GB
mmgnn-raw-logit-v2-20260918,28,avg,client_1,val,probabilities,0.812884896037716,False,12,783,cuda:0,1.8.1,confirmation,False,3.8.20,0.6.1,2022.09.5,11.1,NVIDIA A100-PCIE-40GB
mmgnn-raw-logit-v2-20260918,28,avg,client_1,test,logits,0.7997011532429948,True,12,784,cuda:0,1.8.1,confirmation,False,3.8.20,0.6.1,2022.09.5,11.1,NVIDIA A100-PCIE-40GB
mmgnn-raw-logit-v2-20260918,28,avg,client_1,test,probabilities,0.7997011532429948,False,12,784,cuda:0,1.8.1,confirmation,False,3.8.20,0.6.1,2022.09.5,11.1,NVIDIA A100-PCIE-40GB
mmgnn-raw-logit-v2-20260918,28,avg,client_2,val,logits,0.7801593061714486,True,12,783,cuda:0,1.8.1,confirmation,False,3.8.20,0.6.1,2022.09.5,11.1,NVIDIA A100-PCIE-40GB
mmgnn-raw-logit-v2-20260918,28,avg,client_2,val,probabilities,0.7801593061714486,False,12,783,cuda:0,1.8.1,confirmation,False,3.8.20,0.6.1,2022.09.5,11.1,NVIDIA A100-PCIE-40GB
mmgnn-raw-logit-v2-20260918,28,avg,client_2,test,logits,0.785159291351298,True,12,784,cuda:0,1.8.1,confirmation,False,3.8.20,0.6.1,2022.09.5,11.1,NVIDIA A100-PCIE-40GB
mmgnn-raw-logit-v2-20260918,28,avg,client_2,test,probabilities,0.7851574901726067,False,12,784,cuda:0,1.8.1,confirmation,False,3.8.20,0.6.1,2022.09.5,11.1,NVIDIA A100-PCIE-40GB
mmgnn-raw-logit-v2-20260918,28,avg,client_3,val,logits,0.7885215799342968,True,12,783,cuda:0,1.8.1,confirmation,False,3.8.20,0.6.1,2022.09.5,11.1,NVIDIA A100-PCIE-40GB
mmgnn-raw-logit-v2-20260918,28,avg,client_3,val,probabilities,0.7885215799342968,False,12,783,cuda:0,1.8.1,confirmation,False,3.8.20,0.6.1,2022.09.5,11.1,NVIDIA A100-PCIE-40GB
mmgnn-raw-logit-v2-20260918,28,avg,client_3,test,logits,0.7836995511214053,True,12,784,cuda:0,1.8.1,confirmation,False,3.8.20,0.6.1,2022.09.5,11.1,NVIDIA A100-PCIE-40GB
mmgnn-raw-logit-v2-20260918,28,avg,client_3,test,probabilities,0.7836995511214053,False,12,784,cuda:0,1.8.1,confirmation,False,3.8.20,0.6.1,2022.09.5,11.1,NVIDIA A100-PCIE-40GB
mmgnn-raw-logit-v2-20260918,29,avg,server,val,logits,0.7947729018076424,True,12,783,cuda:0,1.8.1,confirmation,False,3.8.20,0.6.1,2022.09.5,11.1,NVIDIA A100-PCIE-40GB
mmgnn-raw-logit-v2-20260918,29,avg,server,val,probabilities,0.7947729018076424,False,12,783,cuda:0,1.8.1,confirmation,False,3.8.20,0.6.1,2022.09.5,11.1,NVIDIA A100-PCIE-40GB
mmgnn-raw-logit-v2-20260918,29,avg,server,test,logits,0.7925826921549964,True,12,784,cuda:0,1.8.1,confirmation,False,3.8.20,0.6.1,2022.09.5,11.1,NVIDIA A100-PCIE-40GB
mmgnn-raw-logit-v2-20260918,29,avg,server,test,probabilities,0.7925826921549964,False,12,784,cuda:0,1.8.1,confirmation,False,3.8.20,0.6.1,2022.09.5,11.1,NVIDIA A100-PCIE-40GB
mmgnn-raw-logit-v2-20260918,29,avg,client_0,val,logits,0.7698444974473272,True,12,783,cuda:0,1.8.1,confirmation,False,3.8.20,0.6.1,2022.09.5,11.1,NVIDIA A100-PCIE-40GB
mmgnn-raw-logit-v2-20260918,29,avg,client_0,val,probabilities,0.769843621342559,False,12,783,cuda:0,1.8.1,confirmation,False,3.8.20,0.6.1,2022.09.5,11.1,NVIDIA A100-PCIE-40GB
mmgnn-raw-logit-v2-20260918,29,avg,client_0,test,logits,0.7711831042706754,True,12,784,cuda:0,1.8.1,confirmation,False,3.8.20,0.6.1,2022.09.5,11.1,NVIDIA A100-PCIE-40GB
mmgnn-raw-logit-v2-20260918,29,avg,client_0,test,probabilities,0.7711831042706754,False,12,784,cuda:0,1.8.1,confirmation,False,3.8.20,0.6.1,2022.09.5,11.1,NVIDIA A100-PCIE-40GB
mmgnn-raw-logit-v2-20260918,29,avg,client_1,val,logits,0.8107485771241248,True,12,783,cuda:0,1.8.1,confirmation,False,3.8.20,0.6.1,2022.09.5,11.1,NVIDIA A100-PCIE-40GB
mmgnn-raw-logit-v2-20260918,29,avg,client_1,val,probabilities,0.8107485771241248,False,12,783,cuda:0,1.8.1,confirmation,False,3.8.20,0.6.1,2022.09.5,11.1,NVIDIA A100-PCIE-40GB
mmgnn-raw-logit-v2-20260918,29,avg,client_1,test,logits,0.7934646048498034,True,12,784,cuda:0,1.8.1,confirmation,False,3.8.20,0.6.1,2022.09.5,11.1,NVIDIA A100-PCIE-40GB
mmgnn-raw-logit-v2-20260918,29,avg,client_1,test,probabilities,0.7934646048498034,False,12,784,cuda:0,1.8.1,confirmation,False,3.8.20,0.6.1,2022.09.5,11.1,NVIDIA A100-PCIE-40GB
mmgnn-raw-logit-v2-20260918,29,avg,client_2,val,logits,0.7807970640526686,True,12,783,cuda:0,1.8.1,confirmation,False,3.8.20,0.6.1,2022.09.5,11.1,NVIDIA A100-PCIE-40GB
mmgnn-raw-logit-v2-20260918,29,avg,client_2,val,probabilities,0.7807970640526686,False,12,783,cuda:0,1.8.1,confirmation,False,3.8.20,0.6.1,2022.09.5,11.1,NVIDIA A100-PCIE-40GB
mmgnn-raw-logit-v2-20260918,29,avg,client_2,test,logits,0.7879088904238177,True,12,784,cuda:0,1.8.1,confirmation,False,3.8.20,0.6.1,2022.09.5,11.1,NVIDIA A100-PCIE-40GB
mmgnn-raw-logit-v2-20260918,29,avg,client_2,test,probabilities,0.7879088904238177,False,12,784,cuda:0,1.8.1,confirmation,False,3.8.20,0.6.1,2022.09.5,11.1,NVIDIA A100-PCIE-40GB
mmgnn-raw-logit-v2-20260918,29,avg,client_3,val,logits,0.7814893749850951,True,12,783,cuda:0,1.8.1,confirmation,False,3.8.20,0.6.1,2022.09.5,11.1,NVIDIA A100-PCIE-40GB
mmgnn-raw-logit-v2-20260918,29,avg,client_3,val,probabilities,0.7814893749850951,False,12,783,cuda:0,1.8.1,confirmation,False,3.8.20,0.6.1,2022.09.5,11.1,NVIDIA A100-PCIE-40GB
mmgnn-raw-logit-v2-20260918,29,avg,client_3,test,logits,0.776472074321466,True,12,784,cuda:0,1.8.1,confirmation,False,3.8.20,0.6.1,2022.09.5,11.1,NVIDIA A100-PCIE-40GB
mmgnn-raw-logit-v2-20260918,29,avg,client_3,test,probabilities,0.776472074321466,False,12,784,cuda:0,1.8.1,confirmation,False,3.8.20,0.6.1,2022.09.5,11.1,NVIDIA A100-PCIE-40GB
mmgnn-raw-logit-v2-20260918,30,avg,server,val,logits,0.7944379661504158,True,12,783,cuda:0,1.8.1,confirmation,False,3.8.20,0.6.1,2022.09.5,11.1,NVIDIA A100-PCIE-40GB
mmgnn-raw-logit-v2-20260918,30,avg,server,val,probabilities,0.7944379661504158,False,12,783,cuda:0,1.8.1,confirmation,False,3.8.20,0.6.1,2022.09.5,11.1,NVIDIA A100-PCIE-40GB
mmgnn-raw-logit-v2-20260918,30,avg,server,test,logits,0.7944213402002956,True,12,784,cuda:0,1.8.1,confirmation,False,3.8.20,0.6.1,2022.09.5,11.1,NVIDIA A100-PCIE-40GB
mmgnn-raw-logit-v2-20260918,30,avg,server,test,probabilities,0.7944213402002956,False,12,784,cuda:0,1.8.1,confirmation,False,3.8.20,0.6.1,2022.09.5,11.1,NVIDIA A100-PCIE-40GB
mmgnn-raw-logit-v2-20260918,30,avg,client_0,val,logits,0.7752891303772812,True,12,783,cuda:0,1.8.1,confirmation,False,3.8.20,0.6.1,2022.09.5,11.1,NVIDIA A100-PCIE-40GB
mmgnn-raw-logit-v2-20260918,30,avg,client_0,val,probabilities,0.7752891303772812,False,12,783,cuda:0,1.8.1,confirmation,False,3.8.20,0.6.1,2022.09.5,11.1,NVIDIA A100-PCIE-40GB
mmgnn-raw-logit-v2-20260918,30,avg,client_0,test,logits,0.7743088208864878,True,12,784,cuda:0,1.8.1,confirmation,False,3.8.20,0.6.1,2022.09.5,11.1,NVIDIA A100-PCIE-40GB
mmgnn-raw-logit-v2-20260918,30,avg,client_0,test,probabilities,0.7743088208864878,False,12,784,cuda:0,1.8.1,confirmation,False,3.8.20,0.6.1,2022.09.5,11.1,NVIDIA A100-PCIE-40GB
mmgnn-raw-logit-v2-20260918,30,avg,client_1,val,logits,0.8090642817029856,True,12,783,cuda:0,1.8.1,confirmation,False,3.8.20,0.6.1,2022.09.5,11.1,NVIDIA A100-PCIE-40GB
mmgnn-raw-logit-v2-20260918,30,avg,client_1,val,probabilities,0.8090642817029856,False,12,783,cuda:0,1.8.1,confirmation,False,3.8.20,0.6.1,2022.09.5,11.1,NVIDIA A100-PCIE-40GB
mmgnn-raw-logit-v2-20260918,30,avg,client_1,test,logits,0.7962273378612599,True,12,784,cuda:0,1.8.1,confirmation,False,3.8.20,0.6.1,2022.09.5,11.1,NVIDIA A100-PCIE-40GB
mmgnn-raw-logit-v2-20260918,30,avg,client_1,test,probabilities,0.7962273378612599,False,12,784,cuda:0,1.8.1,confirmation,False,3.8.20,0.6.1,2022.09.5,11.1,NVIDIA A100-PCIE-40GB
mmgnn-raw-logit-v2-20260918,30,avg,client_2,val,logits,0.7839880446307693,True,12,783,cuda:0,1.8.1,confirmation,False,3.8.20,0.6.1,2022.09.5,11.1,NVIDIA A100-PCIE-40GB
mmgnn-raw-logit-v2-20260918,30,avg,client_2,val,probabilities,0.7839880446307693,False,12,783,cuda:0,1.8.1,confirmation,False,3.8.20,0.6.1,2022.09.5,11.1,NVIDIA A100-PCIE-40GB
mmgnn-raw-logit-v2-20260918,30,avg,client_2,test,logits,0.7914438171403311,True,12,784,cuda:0,1.8.1,confirmation,False,3.8.20,0.6.1,2022.09.5,11.1,NVIDIA A100-PCIE-40GB
mmgnn-raw-logit-v2-20260918,30,avg,client_2,test,probabilities,0.7914438171403311,False,12,784,cuda:0,1.8.1,confirmation,False,3.8.20,0.6.1,2022.09.5,11.1,NVIDIA A100-PCIE-40GB
mmgnn-raw-logit-v2-20260918,30,avg,client_3,val,logits,0.7795261759239317,True,12,783,cuda:0,1.8.1,confirmation,False,3.8.20,0.6.1,2022.09.5,11.1,NVIDIA A100-PCIE-40GB
mmgnn-raw-logit-v2-20260918,30,avg,client_3,val,probabilities,0.7795261759239317,False,12,783,cuda:0,1.8.1,confirmation,False,3.8.20,0.6.1,2022.09.5,11.1,NVIDIA A100-PCIE-40GB
mmgnn-raw-logit-v2-20260918,30,avg,client_3,test,logits,0.7784462395848463,True,12,784,cuda:0,1.8.1,confirmation,False,3.8.20,0.6.1,2022.09.5,11.1,NVIDIA A100-PCIE-40GB
mmgnn-raw-logit-v2-20260918,30,avg,client_3,test,probabilities,0.7784462395848463,False,12,784,cuda:0,1.8.1,confirmation,False,3.8.20,0.6.1,2022.09.5,11.1,NVIDIA A100-PCIE-40GB
mmgnn-raw-logit-v2-20260918,31,avg,server,val,logits,0.7946518637289669,True,12,783,cuda:0,1.8.1,confirmation,False,3.8.20,0.6.1,2022.09.5,11.1,NVIDIA A100-PCIE-40GB
mmgnn-raw-logit-v2-20260918,31,avg,server,val,probabilities,0.7946518637289669,False,12,783,cuda:0,1.8.1,confirmation,False,3.8.20,0.6.1,2022.09.5,11.1,NVIDIA A100-PCIE-40GB
mmgnn-raw-logit-v2-20260918,31,avg,server,test,logits,0.7944952481982432,True,12,784,cuda:0,1.8.1,confirmation,False,3.8.20,0.6.1,2022.09.5,11.1,NVIDIA A100-PCIE-40GB
mmgnn-raw-logit-v2-20260918,31,avg,server,test,probabilities,0.7944952481982432,False,12,784,cuda:0,1.8.1,confirmation,False,3.8.20,0.6.1,2022.09.5,11.1,NVIDIA A100-PCIE-40GB
mmgnn-raw-logit-v2-20260918,31,avg,client_0,val,logits,0.7753643011852352,True,12,783,cuda:0,1.8.1,confirmation,False,3.8.20,0.6.1,2022.09.5,11.1,NVIDIA A100-PCIE-40GB
mmgnn-raw-logit-v2-20260918,31,avg,client_0,val,probabilities,0.7753643011852352,False,12,783,cuda:0,1.8.1,confirmation,False,3.8.20,0.6.1,2022.09.5,11.1,NVIDIA A100-PCIE-40GB
mmgnn-raw-logit-v2-20260918,31,avg,client_0,test,logits,0.7760682167638059,True,12,784,cuda:0,1.8.1,confirmation,False,3.8.20,0.6.1,2022.09.5,11.1,NVIDIA A100-PCIE-40GB
mmgnn-raw-logit-v2-20260918,31,avg,client_0,test,probabilities,0.7760682167638059,False,12,784,cuda:0,1.8.1,confirmation,False,3.8.20,0.6.1,2022.09.5,11.1,NVIDIA A100-PCIE-40GB
mmgnn-raw-logit-v2-20260918,31,avg,client_1,val,logits,0.8059643001592778,True,12,783,cuda:0,1.8.1,confirmation,False,3.8.20,0.6.1,2022.09.5,11.1,NVIDIA A100-PCIE-40GB
mmgnn-raw-logit-v2-20260918,31,avg,client_1,val,probabilities,0.8059643001592778,False,12,783,cuda:0,1.8.1,confirmation,False,3.8.20,0.6.1,2022.09.5,11.1,NVIDIA A100-PCIE-40GB
mmgnn-raw-logit-v2-20260918,31,avg,client_1,test,logits,0.7955825798973409,True,12,784,cuda:0,1.8.1,confirmation,False,3.8.20,0.6.1,2022.09.5,11.1,NVIDIA A100-PCIE-40GB
mmgnn-raw-logit-v2-20260918,31,avg,client_1,test,probabilities,0.7955825798973409,False,12,784,cuda:0,1.8.1,confirmation,False,3.8.20,0.6.1,2022.09.5,11.1,NVIDIA A100-PCIE-40GB
mmgnn-raw-logit-v2-20260918,31,avg,client_2,val,logits,0.7816860009490744,True,12,783,cuda:0,1.8.1,confirmation,False,3.8.20,0.6.1,2022.09.5,11.1,NVIDIA A100-PCIE-40GB
mmgnn-raw-logit-v2-20260918,31,avg,client_2,val,probabilities,0.7816860009490744,False,12,783,cuda:0,1.8.1,confirmation,False,3.8.20,0.6.1,2022.09.5,11.1,NVIDIA A100-PCIE-40GB
mmgnn-raw-logit-v2-20260918,31,avg,client_2,test,logits,0.785835683694387,True,12,784,cuda:0,1.8.1,confirmation,False,3.8.20,0.6.1,2022.09.5,11.1,NVIDIA A100-PCIE-40GB
mmgnn-raw-logit-v2-20260918,31,avg,client_2,test,probabilities,0.785835683694387,False,12,784,cuda:0,1.8.1,confirmation,False,3.8.20,0.6.1,2022.09.5,11.1,NVIDIA A100-PCIE-40GB
mmgnn-raw-logit-v2-20260918,31,avg,client_3,val,logits,0.7843771106227998,True,12,783,cuda:0,1.8.1,confirmation,False,3.8.20,0.6.1,2022.09.5,11.1,NVIDIA A100-PCIE-40GB
mmgnn-raw-logit-v2-20260918,31,avg,client_3,val,probabilities,0.7843771106227998,False,12,783,cuda:0,1.8.1,confirmation,False,3.8.20,0.6.1,2022.09.5,11.1,NVIDIA A100-PCIE-40GB
mmgnn-raw-logit-v2-20260918,31,avg,client_3,test,logits,0.7857065940227667,True,12,784,cuda:0,1.8.1,confirmation,False,3.8.20,0.6.1,2022.09.5,11.1,NVIDIA A100-PCIE-40GB
mmgnn-raw-logit-v2-20260918,31,avg,client_3,test,probabilities,0.7857065940227667,False,12,784,cuda:0,1.8.1,confirmation,False,3.8.20,0.6.1,2022.09.5,11.1,NVIDIA A100-PCIE-40GB
mmgnn-raw-logit-v2-20260918,32,avg,server,val,logits,0.7910046085336906,True,12,783,cuda:0,1.8.1,confirmation,False,3.8.20,0.6.1,2022.09.5,11.1,NVIDIA A100-PCIE-40GB
mmgnn-raw-logit-v2-20260918,32,avg,server,val,probabilities,0.7910046085336906,False,12,783,cuda:0,1.8.1,confirmation,False,3.8.20,0.6.1,2022.09.5,11.1,NVIDIA A100-PCIE-40GB
mmgnn-raw-logit-v2-20260918,32,avg,server,test,logits,0.7905461796275045,True,12,784,cuda:0,1.8.1,confirmation,False,3.8.20,0.6.1,2022.09.5,11.1,NVIDIA A100-PCIE-40GB
mmgnn-raw-logit-v2-20260918,32,avg,server,test,probabilities,0.7905461796275045,False,12,784,cuda:0,1.8.1,confirmation,False,3.8.20,0.6.1,2022.09.5,11.1,NVIDIA A100-PCIE-40GB
mmgnn-raw-logit-v2-20260918,32,avg,client_0,val,logits,0.7702391251311108,True,12,783,cuda:0,1.8.1,confirmation,False,3.8.20,0.6.1,2022.09.5,11.1,NVIDIA A100-PCIE-40GB
mmgnn-raw-logit-v2-20260918,32,avg,client_0,val,probabilities,0.7702391251311108,False,12,783,cuda:0,1.8.1,confirmation,False,3.8.20,0.6.1,2022.09.5,11.1,NVIDIA A100-PCIE-40GB
mmgnn-raw-logit-v2-20260918,32,avg,client_0,test,logits,0.7677228931711787,True,12,784,cuda:0,1.8.1,confirmation,False,3.8.20,0.6.1,2022.09.5,11.1,NVIDIA A100-PCIE-40GB
mmgnn-raw-logit-v2-20260918,32,avg,client_0,test,probabilities,0.7677228931711787,False,12,784,cuda:0,1.8.1,confirmation,False,3.8.20,0.6.1,2022.09.5,11.1,NVIDIA A100-PCIE-40GB
mmgnn-raw-logit-v2-20260918,32,avg,client_1,val,logits,0.803927847917535,True,12,783,cuda:0,1.8.1,confirmation,False,3.8.20,0.6.1,2022.09.5,11.1,NVIDIA A100-PCIE-40GB
mmgnn-raw-logit-v2-20260918,32,avg,client_1,val,probabilities,0.803927847917535,False,12,783,cuda:0,1.8.1,confirmation,False,3.8.20,0.6.1,2022.09.5,11.1,NVIDIA A100-PCIE-40GB
mmgnn-raw-logit-v2-20260918,32,avg,client_1,test,logits,0.7934828793728367,True,12,784,cuda:0,1.8.1,confirmation,False,3.8.20,0.6.1,2022.09.5,11.1,NVIDIA A100-PCIE-40GB
mmgnn-raw-logit-v2-20260918,32,avg,client_1,test,probabilities,0.7934828793728367,False,12,784,cuda:0,1.8.1,confirmation,False,3.8.20,0.6.1,2022.09.5,11.1,NVIDIA A100-PCIE-40GB
mmgnn-raw-logit-v2-20260918,32,avg,client_2,val,logits,0.7784010113156062,True,12,783,cuda:0,1.8.1,confirmation,False,3.8.20,0.6.1,2022.09.5,11.1,NVIDIA A100-PCIE-40GB
mmgnn-raw-logit-v2-20260918,32,avg,client_2,val,probabilities,0.7784010113156062,False,12,783,cuda:0,1.8.1,confirmation,False,3.8.20,0.6.1,2022.09.5,11.1,NVIDIA A100-PCIE-40GB
mmgnn-raw-logit-v2-20260918,32,avg,client_2,test,logits,0.7874577436237103,True,12,784,cuda:0,1.8.1,confirmation,False,3.8.20,0.6.1,2022.09.5,11.1,NVIDIA A100-PCIE-40GB
mmgnn-raw-logit-v2-20260918,32,avg,client_2,test,probabilities,0.7874577436237103,False,12,784,cuda:0,1.8.1,confirmation,False,3.8.20,0.6.1,2022.09.5,11.1,NVIDIA A100-PCIE-40GB
mmgnn-raw-logit-v2-20260918,32,avg,client_3,val,logits,0.7811882647313643,True,12,783,cuda:0,1.8.1,confirmation,False,3.8.20,0.6.1,2022.09.5,11.1,NVIDIA A100-PCIE-40GB
mmgnn-raw-logit-v2-20260918,32,avg,client_3,val,probabilities,0.7811874112909755,False,12,783,cuda:0,1.8.1,confirmation,False,3.8.20,0.6.1,2022.09.5,11.1,NVIDIA A100-PCIE-40GB
mmgnn-raw-logit-v2-20260918,32,avg,client_3,test,logits,0.7830549156440858,True,12,784,cuda:0,1.8.1,confirmation,False,3.8.20,0.6.1,2022.09.5,11.1,NVIDIA A100-PCIE-40GB
mmgnn-raw-logit-v2-20260918,32,avg,client_3,test,probabilities,0.7830549156440858,False,12,784,cuda:0,1.8.1,confirmation,False,3.8.20,0.6.1,2022.09.5,11.1,NVIDIA A100-PCIE-40GB
mmgnn-raw-logit-v2-20260918,33,avg,server,val,logits,0.7921513271115507,True,12,783,cuda:0,1.8.1,confirmation,False,3.8.20,0.6.1,2022.09.5,11.1,NVIDIA A100-PCIE-40GB
mmgnn-raw-logit-v2-20260918,33,avg,server,val,probabilities,0.7921513271115507,False,12,783,cuda:0,1.8.1,confirmation,False,3.8.20,0.6.1,2022.09.5,11.1,NVIDIA A100-PCIE-40GB
mmgnn-raw-logit-v2-20260918,33,avg,server,test,logits,0.795282238348885,True,12,784,cuda:0,1.8.1,confirmation,False,3.8.20,0.6.1,2022.09.5,11.1,NVIDIA A100-PCIE-40GB
mmgnn-raw-logit-v2-20260918,33,avg,server,test,probabilities,0.795282238348885,False,12,784,cuda:0,1.8.1,confirmation,False,3.8.20,0.6.1,2022.09.5,11.1,NVIDIA A100-PCIE-40GB
mmgnn-raw-logit-v2-20260918,33,avg,client_0,val,logits,0.7698012381148375,True,12,783,cuda:0,1.8.1,confirmation,False,3.8.20,0.6.1,2022.09.5,11.1,NVIDIA A100-PCIE-40GB
mmgnn-raw-logit-v2-20260918,33,avg,client_0,val,probabilities,0.7698012381148375,False,12,783,cuda:0,1.8.1,confirmation,False,3.8.20,0.6.1,2022.09.5,11.1,NVIDIA A100-PCIE-40GB
mmgnn-raw-logit-v2-20260918,33,avg,client_0,test,logits,0.7734165969657035,True,12,784,cuda:0,1.8.1,confirmation,False,3.8.20,0.6.1,2022.09.5,11.1,NVIDIA A100-PCIE-40GB
mmgnn-raw-logit-v2-20260918,33,avg,client_0,test,probabilities,0.7734165969657035,False,12,784,cuda:0,1.8.1,confirmation,False,3.8.20,0.6.1,2022.09.5,11.1,NVIDIA A100-PCIE-40GB
mmgnn-raw-logit-v2-20260918,33,avg,client_1,val,logits,0.8062709522433184,True,12,783,cuda:0,1.8.1,confirmation,False,3.8.20,0.6.1,2022.09.5,11.1,NVIDIA A100-PCIE-40GB
mmgnn-raw-logit-v2-20260918,33,avg,client_1,val,probabilities,0.8062709522433184,False,12,783,cuda:0,1.8.1,confirmation,False,3.8.20,0.6.1,2022.09.5,11.1,NVIDIA A100-PCIE-40GB
mmgnn-raw-logit-v2-20260918,33,avg,client_1,test,logits,0.7977098985735718,True,12,784,cuda:0,1.8.1,confirmation,False,3.8.20,0.6.1,2022.09.5,11.1,NVIDIA A100-PCIE-40GB
mmgnn-raw-logit-v2-20260918,33,avg,client_1,test,probabilities,0.7977098985735718,False,12,784,cuda:0,1.8.1,confirmation,False,3.8.20,0.6.1,2022.09.5,11.1,NVIDIA A100-PCIE-40GB
mmgnn-raw-logit-v2-20260918,33,avg,client_2,val,logits,0.77715609491908,True,12,783,cuda:0,1.8.1,confirmation,False,3.8.20,0.6.1,2022.09.5,11.1,NVIDIA A100-PCIE-40GB
mmgnn-raw-logit-v2-20260918,33,avg,client_2,val,probabilities,0.77715609491908,False,12,783,cuda:0,1.8.1,confirmation,False,3.8.20,0.6.1,2022.09.5,11.1,NVIDIA A100-PCIE-40GB
mmgnn-raw-logit-v2-20260918,33,avg,client_2,test,logits,0.7867525255156864,True,12,784,cuda:0,1.8.1,confirmation,False,3.8.20,0.6.1,2022.09.5,11.1,NVIDIA A100-PCIE-40GB
mmgnn-raw-logit-v2-20260918,33,avg,client_2,test,probabilities,0.7867525255156864,False,12,784,cuda:0,1.8.1,confirmation,False,3.8.20,0.6.1,2022.09.5,11.1,NVIDIA A100-PCIE-40GB
mmgnn-raw-logit-v2-20260918,33,avg,client_3,val,logits,0.7830382840466191,True,12,783,cuda:0,1.8.1,confirmation,False,3.8.20,0.6.1,2022.09.5,11.1,NVIDIA A100-PCIE-40GB
mmgnn-raw-logit-v2-20260918,33,avg,client_3,val,probabilities,0.7830382840466191,False,12,783,cuda:0,1.8.1,confirmation,False,3.8.20,0.6.1,2022.09.5,11.1,NVIDIA A100-PCIE-40GB
mmgnn-raw-logit-v2-20260918,33,avg,client_3,test,logits,0.7875983667994836,True,12,784,cuda:0,1.8.1,confirmation,False,3.8.20,0.6.1,2022.09.5,11.1,NVIDIA A100-PCIE-40GB
mmgnn-raw-logit-v2-20260918,33,avg,client_3,test,probabilities,0.7875983667994836,False,12,784,cuda:0,1.8.1,confirmation,False,3.8.20,0.6.1,2022.09.5,11.1,NVIDIA A100-PCIE-40GB
mmgnn-raw-logit-v2-20260918,34,avg,server,val,logits,0.7905965830982878,True,12,783,cuda:0,1.8.1,confirmation,False,3.8.20,0.6.1,2022.09.5,11.1,NVIDIA A100-PCIE-40GB
mmgnn-raw-logit-v2-20260918,34,avg,server,val,probabilities,0.7905965830982878,False,12,783,cuda:0,1.8.1,confirmation,False,3.8.20,0.6.1,2022.09.5,11.1,NVIDIA A100-PCIE-40GB
mmgnn-raw-logit-v2-20260918,34,avg,server,test,logits,0.7922254777148775,True,12,784,cuda:0,1.8.1,confirmation,False,3.8.20,0.6.1,2022.09.5,11.1,NVIDIA A100-PCIE-40GB
mmgnn-raw-logit-v2-20260918,34,avg,server,test,probabilities,0.7922236765361861,False,12,784,cuda:0,1.8.1,confirmation,False,3.8.20,0.6.1,2022.09.5,11.1,NVIDIA A100-PCIE-40GB
mmgnn-raw-logit-v2-20260918,34,avg,client_0,val,logits,0.7684606412154001,True,12,783,cuda:0,1.8.1,confirmation,False,3.8.20,0.6.1,2022.09.5,11.1,NVIDIA A100-PCIE-40GB
mmgnn-raw-logit-v2-20260918,34,avg,client_0,val,probabilities,0.7684606412154001,False,12,783,cuda:0,1.8.1,confirmation,False,3.8.20,0.6.1,2022.09.5,11.1,NVIDIA A100-PCIE-40GB
mmgnn-raw-logit-v2-20260918,34,avg,client_0,test,logits,0.7693689006246295,True,12,784,cuda:0,1.8.1,confirmation,False,3.8.20,0.6.1,2022.09.5,11.1,NVIDIA A100-PCIE-40GB
mmgnn-raw-logit-v2-20260918,34,avg,client_0,test,probabilities,0.7693689006246295,False,12,784,cuda:0,1.8.1,confirmation,False,3.8.20,0.6.1,2022.09.5,11.1,NVIDIA A100-PCIE-40GB
mmgnn-raw-logit-v2-20260918,34,avg,client_1,val,logits,0.8047906282094791,True,12,783,cuda:0,1.8.1,confirmation,False,3.8.20,0.6.1,2022.09.5,11.1,NVIDIA A100-PCIE-40GB
mmgnn-raw-logit-v2-20260918,34,avg,client_1,val,probabilities,0.8047906282094791,False,12,783,cuda:0,1.8.1,confirmation,False,3.8.20,0.6.1,2022.09.5,11.1,NVIDIA A100-PCIE-40GB
mmgnn-raw-logit-v2-20260918,34,avg,client_1,test,logits,0.7982663773256647,True,12,784,cuda:0,1.8.1,confirmation,False,3.8.20,0.6.1,2022.09.5,11.1,NVIDIA A100-PCIE-40GB
mmgnn-raw-logit-v2-20260918,34,avg,client_1,test,probabilities,0.7982645761469733,False,12,784,cuda:0,1.8.1,confirmation,False,3.8.20,0.6.1,2022.09.5,11.1,NVIDIA A100-PCIE-40GB
mmgnn-raw-logit-v2-20260918,34,avg,client_2,val,logits,0.7818033240365855,True,12,783,cuda:0,1.8.1,confirmation,False,3.8.20,0.6.1,2022.09.5,11.1,NVIDIA A100-PCIE-40GB
mmgnn-raw-logit-v2-20260918,34,avg,client_2,val,probabilities,0.7818033240365855,False,12,783,cuda:0,1.8.1,confirmation,False,3.8.20,0.6.1,2022.09.5,11.1,NVIDIA A100-PCIE-40GB
mmgnn-raw-logit-v2-20260918,34,avg,client_2,test,logits,0.7903407643028664,True,12,784,cuda:0,1.8.1,confirmation,False,3.8.20,0.6.1,2022.09.5,11.1,NVIDIA A100-PCIE-40GB
mmgnn-raw-logit-v2-20260918,34,avg,client_2,test,probabilities,0.7903407643028664,False,12,784,cuda:0,1.8.1,confirmation,False,3.8.20,0.6.1,2022.09.5,11.1,NVIDIA A100-PCIE-40GB
mmgnn-raw-logit-v2-20260918,34,avg,client_3,val,logits,0.7771703719584888,True,12,783,cuda:0,1.8.1,confirmation,False,3.8.20,0.6.1,2022.09.5,11.1,NVIDIA A100-PCIE-40GB
mmgnn-raw-logit-v2-20260918,34,avg,client_3,val,probabilities,0.7771695185180999,False,12,783,cuda:0,1.8.1,confirmation,False,3.8.20,0.6.1,2022.09.5,11.1,NVIDIA A100-PCIE-40GB
mmgnn-raw-logit-v2-20260918,34,avg,client_3,test,logits,0.775459177116912,True,12,784,cuda:0,1.8.1,confirmation,False,3.8.20,0.6.1,2022.09.5,11.1,NVIDIA A100-PCIE-40GB
mmgnn-raw-logit-v2-20260918,34,avg,client_3,test,probabilities,0.775459177116912,False,12,784,cuda:0,1.8.1,confirmation,False,3.8.20,0.6.1,2022.09.5,11.1,NVIDIA A100-PCIE-40GB
mmgnn-raw-logit-v2-20260918,35,avg,server,val,logits,0.7882101819765589,True,12,783,cuda:0,1.8.1,confirmation,False,3.8.20,0.6.1,2022.09.5,11.1,NVIDIA A100-PCIE-40GB
mmgnn-raw-logit-v2-20260918,35,avg,server,val,probabilities,0.7882101819765589,False,12,783,cuda:0,1.8.1,confirmation,False,3.8.20,0.6.1,2022.09.5,11.1,NVIDIA A100-PCIE-40GB
mmgnn-raw-logit-v2-20260918,35,avg,server,test,logits,0.7907464226092392,True,12,784,cuda:0,1.8.1,confirmation,False,3.8.20,0.6.1,2022.09.5,11.1,NVIDIA A100-PCIE-40GB
mmgnn-raw-logit-v2-20260918,35,avg,server,test,probabilities,0.7907464226092392,False,12,784,cuda:0,1.8.1,confirmation,False,3.8.20,0.6.1,2022.09.5,11.1,NVIDIA A100-PCIE-40GB
mmgnn-raw-logit-v2-20260918,35,avg,client_0,val,logits,0.7654665619025733,True,12,783,cuda:0,1.8.1,confirmation,False,3.8.20,0.6.1,2022.09.5,11.1,NVIDIA A100-PCIE-40GB
mmgnn-raw-logit-v2-20260918,35,avg,client_0,val,probabilities,0.7654665619025733,False,12,783,cuda:0,1.8.1,confirmation,False,3.8.20,0.6.1,2022.09.5,11.1,NVIDIA A100-PCIE-40GB
mmgnn-raw-logit-v2-20260918,35,avg,client_0,test,logits,0.7700624775461776,True,12,784,cuda:0,1.8.1,confirmation,False,3.8.20,0.6.1,2022.09.5,11.1,NVIDIA A100-PCIE-40GB
mmgnn-raw-logit-v2-20260918,35,avg,client_0,test,probabilities,0.7700624775461776,False,12,784,cuda:0,1.8.1,confirmation,False,3.8.20,0.6.1,2022.09.5,11.1,NVIDIA A100-PCIE-40GB
mmgnn-raw-logit-v2-20260918,35,avg,client_1,val,logits,0.8031242170916957,True,12,783,cuda:0,1.8.1,confirmation,False,3.8.20,0.6.1,2022.09.5,11.1,NVIDIA A100-PCIE-40GB
mmgnn-raw-logit-v2-20260918,35,avg,client_1,val,probabilities,0.8031242170916957,False,12,783,cuda:0,1.8.1,confirmation,False,3.8.20,0.6.1,2022.09.5,11.1,NVIDIA A100-PCIE-40GB
mmgnn-raw-logit-v2-20260918,35,avg,client_1,test,logits,0.7963736776758097,True,12,784,cuda:0,1.8.1,confirmation,False,3.8.20,0.6.1,2022.09.5,11.1,NVIDIA A100-PCIE-40GB
mmgnn-raw-logit-v2-20260918,35,avg,client_1,test,probabilities,0.7963736776758097,False,12,784,cuda:0,1.8.1,confirmation,False,3.8.20,0.6.1,2022.09.5,11.1,NVIDIA A100-PCIE-40GB
mmgnn-raw-logit-v2-20260918,35,avg,client_2,val,logits,0.7783085865283162,True,12,783,cuda:0,1.8.1,confirmation,False,3.8.20,0.6.1,2022.09.5,11.1,NVIDIA A100-PCIE-40GB
mmgnn-raw-logit-v2-20260918,35,avg,client_2,val,probabilities,0.7783085865283162,False,12,783,cuda:0,1.8.1,confirmation,False,3.8.20,0.6.1,2022.09.5,11.1,NVIDIA A100-PCIE-40GB
mmgnn-raw-logit-v2-20260918,35,avg,client_2,test,logits,0.7856982591328654,True,12,784,cuda:0,1.8.1,confirmation,False,3.8.20,0.6.1,2022.09.5,11.1,NVIDIA A100-PCIE-40GB
mmgnn-raw-logit-v2-20260918,35,avg,client_2,test,probabilities,0.7856982591328654,False,12,784,cuda:0,1.8.1,confirmation,False,3.8.20,0.6.1,2022.09.5,11.1,NVIDIA A100-PCIE-40GB
mmgnn-raw-logit-v2-20260918,35,avg,client_3,val,logits,0.7774314844115349,True,12,783,cuda:0,1.8.1,confirmation,False,3.8.20,0.6.1,2022.09.5,11.1,NVIDIA A100-PCIE-40GB
mmgnn-raw-logit-v2-20260918,35,avg,client_3,val,probabilities,0.7774314844115349,False,12,783,cuda:0,1.8.1,confirmation,False,3.8.20,0.6.1,2022.09.5,11.1,NVIDIA A100-PCIE-40GB
mmgnn-raw-logit-v2-20260918,35,avg,client_3,test,logits,0.7835917491492485,True,12,784,cuda:0,1.8.1,confirmation,False,3.8.20,0.6.1,2022.09.5,11.1,NVIDIA A100-PCIE-40GB
mmgnn-raw-logit-v2-20260918,35,avg,client_3,test,probabilities,0.7835917491492485,False,12,784,cuda:0,1.8.1,confirmation,False,3.8.20,0.6.1,2022.09.5,11.1,NVIDIA A100-PCIE-40GB
mmgnn-raw-logit-v2-20260918,36,avg,server,val,logits,0.7850267962695857,True,12,783,cuda:0,1.8.1,confirmation,False,3.8.20,0.6.1,2022.09.5,11.1,NVIDIA A100-PCIE-40GB
mmgnn-raw-logit-v2-20260918,36,avg,server,val,probabilities,0.7850267962695857,False,12,783,cuda:0,1.8.1,confirmation,False,3.8.20,0.6.1,2022.09.5,11.1,NVIDIA A100-PCIE-40GB
mmgnn-raw-logit-v2-20260918,36,avg,server,test,logits,0.7904179105162555,True,12,784,cuda:0,1.8.1,confirmation,False,3.8.20,0.6.1,2022.09.5,11.1,NVIDIA A100-PCIE-40GB
mmgnn-raw-logit-v2-20260918,36,avg,server,test,probabilities,0.7904161093375643,False,12,784,cuda:0,1.8.1,confirmation,False,3.8.20,0.6.1,2022.09.5,11.1,NVIDIA A100-PCIE-40GB
mmgnn-raw-logit-v2-20260918,36,avg,client_0,val,logits,0.7679203214273044,True,12,783,cuda:0,1.8.1,confirmation,False,3.8.20,0.6.1,2022.09.5,11.1,NVIDIA A100-PCIE-40GB
mmgnn-raw-logit-v2-20260918,36,avg,client_0,val,probabilities,0.7679203214273044,False,12,783,cuda:0,1.8.1,confirmation,False,3.8.20,0.6.1,2022.09.5,11.1,NVIDIA A100-PCIE-40GB
mmgnn-raw-logit-v2-20260918,36,avg,client_0,test,logits,0.7738305861476608,True,12,784,cuda:0,1.8.1,confirmation,False,3.8.20,0.6.1,2022.09.5,11.1,NVIDIA A100-PCIE-40GB
mmgnn-raw-logit-v2-20260918,36,avg,client_0,test,probabilities,0.7738305861476608,False,12,784,cuda:0,1.8.1,confirmation,False,3.8.20,0.6.1,2022.09.5,11.1,NVIDIA A100-PCIE-40GB
mmgnn-raw-logit-v2-20260918,36,avg,client_1,val,logits,0.7987087006667641,True,12,783,cuda:0,1.8.1,confirmation,False,3.8.20,0.6.1,2022.09.5,11.1,NVIDIA A100-PCIE-40GB
mmgnn-raw-logit-v2-20260918,36,avg,client_1,val,probabilities,0.7987087006667641,False,12,783,cuda:0,1.8.1,confirmation,False,3.8.20,0.6.1,2022.09.5,11.1,NVIDIA A100-PCIE-40GB
mmgnn-raw-logit-v2-20260918,36,avg,client_1,test,logits,0.7947060277227611,True,12,784,cuda:0,1.8.1,confirmation,False,3.8.20,0.6.1,2022.09.5,11.1,NVIDIA A100-PCIE-40GB
mmgnn-raw-logit-v2-20260918,36,avg,client_1,test,probabilities,0.7947068746750877,False,12,784,cuda:0,1.8.1,confirmation,False,3.8.20,0.6.1,2022.09.5,11.1,NVIDIA A100-PCIE-40GB
mmgnn-raw-logit-v2-20260918,36,avg,client_2,val,logits,0.7743285675707735,True,12,783,cuda:0,1.8.1,confirmation,False,3.8.20,0.6.1,2022.09.5,11.1,NVIDIA A100-PCIE-40GB
mmgnn-raw-logit-v2-20260918,36,avg,client_2,val,probabilities,0.7743285675707735,False,12,783,cuda:0,1.8.1,confirmation,False,3.8.20,0.6.1,2022.09.5,11.1,NVIDIA A100-PCIE-40GB
mmgnn-raw-logit-v2-20260918,36,avg,client_2,test,logits,0.7821318975771537,True,12,784,cuda:0,1.8.1,confirmation,False,3.8.20,0.6.1,2022.09.5,11.1,NVIDIA A100-PCIE-40GB
mmgnn-raw-logit-v2-20260918,36,avg,client_2,test,probabilities,0.7821318975771537,False,12,784,cuda:0,1.8.1,confirmation,False,3.8.20,0.6.1,2022.09.5,11.1,NVIDIA A100-PCIE-40GB
mmgnn-raw-logit-v2-20260918,36,avg,client_3,val,logits,0.7764987310871923,True,12,783,cuda:0,1.8.1,confirmation,False,3.8.20,0.6.1,2022.09.5,11.1,NVIDIA A100-PCIE-40GB
mmgnn-raw-logit-v2-20260918,36,avg,client_3,val,probabilities,0.7764987310871923,False,12,783,cuda:0,1.8.1,confirmation,False,3.8.20,0.6.1,2022.09.5,11.1,NVIDIA A100-PCIE-40GB
mmgnn-raw-logit-v2-20260918,36,avg,client_3,test,logits,0.7838227804191891,True,12,784,cuda:0,1.8.1,confirmation,False,3.8.20,0.6.1,2022.09.5,11.1,NVIDIA A100-PCIE-40GB
mmgnn-raw-logit-v2-20260918,36,avg,client_3,test,probabilities,0.7838227804191891,False,12,784,cuda:0,1.8.1,confirmation,False,3.8.20,0.6.1,2022.09.5,11.1,NVIDIA A100-PCIE-40GB
mmgnn-raw-logit-v2-20260918,37,avg,server,val,logits,0.7869736296933887,True,12,783,cuda:0,1.8.1,confirmation,False,3.8.20,0.6.1,2022.09.5,11.1,NVIDIA A100-PCIE-40GB
mmgnn-raw-logit-v2-20260918,37,avg,server,val,probabilities,0.7869736296933887,False,12,783,cuda:0,1.8.1,confirmation,False,3.8.20,0.6.1,2022.09.5,11.1,NVIDIA A100-PCIE-40GB
mmgnn-raw-logit-v2-20260918,37,avg,server,test,logits,0.7905982462499502,True,12,784,cuda:0,1.8.1,confirmation,False,3.8.20,0.6.1,2022.09.5,11.1,NVIDIA A100-PCIE-40GB
mmgnn-raw-logit-v2-20260918,37,avg,server,test,probabilities,0.7905982462499502,False,12,784,cuda:0,1.8.1,confirmation,False,3.8.20,0.6.1,2022.09.5,11.1,NVIDIA A100-PCIE-40GB
mmgnn-raw-logit-v2-20260918,37,avg,client_0,val,logits,0.7686276221538884,True,12,783,cuda:0,1.8.1,confirmation,False,3.8.20,0.6.1,2022.09.5,11.1,NVIDIA A100-PCIE-40GB
mmgnn-raw-logit-v2-20260918,37,avg,client_0,val,probabilities,0.7686276221538884,False,12,783,cuda:0,1.8.1,confirmation,False,3.8.20,0.6.1,2022.09.5,11.1,NVIDIA A100-PCIE-40GB
mmgnn-raw-logit-v2-20260918,37,avg,client_0,test,logits,0.77478306327211,True,12,784,cuda:0,1.8.1,confirmation,False,3.8.20,0.6.1,2022.09.5,11.1,NVIDIA A100-PCIE-40GB
mmgnn-raw-logit-v2-20260918,37,avg,client_0,test,probabilities,0.77478306327211,False,12,784,cuda:0,1.8.1,confirmation,False,3.8.20,0.6.1,2022.09.5,11.1,NVIDIA A100-PCIE-40GB
mmgnn-raw-logit-v2-20260918,37,avg,client_1,val,logits,0.7980489760737979,True,12,783,cuda:0,1.8.1,confirmation,False,3.8.20,0.6.1,2022.09.5,11.1,NVIDIA A100-PCIE-40GB
mmgnn-raw-logit-v2-20260918,37,avg,client_1,val,probabilities,0.7980489760737979,False,12,783,cuda:0,1.8.1,confirmation,False,3.8.20,0.6.1,2022.09.5,11.1,NVIDIA A100-PCIE-40GB
mmgnn-raw-logit-v2-20260918,37,avg,client_1,test,logits,0.7952254782369018,True,12,784,cuda:0,1.8.1,confirmation,False,3.8.20,0.6.1,2022.09.5,11.1,NVIDIA A100-PCIE-40GB
mmgnn-raw-logit-v2-20260918,37,avg,client_1,test,probabilities,0.7952254782369018,False,12,784,cuda:0,1.8.1,confirmation,False,3.8.20,0.6.1,2022.09.5,11.1,NVIDIA A100-PCIE-40GB
mmgnn-raw-logit-v2-20260918,37,avg,client_2,val,logits,0.780149822122425,True,12,783,cuda:0,1.8.1,confirmation,False,3.8.20,0.6.1,2022.09.5,11.1,NVIDIA A100-PCIE-40GB
mmgnn-raw-logit-v2-20260918,37,avg,client_2,val,probabilities,0.780149822122425,False,12,783,cuda:0,1.8.1,confirmation,False,3.8.20,0.6.1,2022.09.5,11.1,NVIDIA A100-PCIE-40GB
mmgnn-raw-logit-v2-20260918,37,avg,client_2,test,logits,0.7908628657801932,True,12,784,cuda:0,1.8.1,confirmation,False,3.8.20,0.6.1,2022.09.5,11.1,NVIDIA A100-PCIE-40GB
mmgnn-raw-logit-v2-20260918,37,avg,client_2,test,probabilities,0.7908628657801932,False,12,784,cuda:0,1.8.1,confirmation,False,3.8.20,0.6.1,2022.09.5,11.1,NVIDIA A100-PCIE-40GB
mmgnn-raw-logit-v2-20260918,37,avg,client_3,val,logits,0.7729256239302567,True,12,783,cuda:0,1.8.1,confirmation,False,3.8.20,0.6.1,2022.09.5,11.1,NVIDIA A100-PCIE-40GB
mmgnn-raw-logit-v2-20260918,37,avg,client_3,val,probabilities,0.7729256239302567,False,12,783,cuda:0,1.8.1,confirmation,False,3.8.20,0.6.1,2022.09.5,11.1,NVIDIA A100-PCIE-40GB
mmgnn-raw-logit-v2-20260918,37,avg,client_3,test,logits,0.7747376429320839,True,12,784,cuda:0,1.8.1,confirmation,False,3.8.20,0.6.1,2022.09.5,11.1,NVIDIA A100-PCIE-40GB
mmgnn-raw-logit-v2-20260918,37,avg,client_3,test,probabilities,0.7747376429320839,False,12,784,cuda:0,1.8.1,confirmation,False,3.8.20,0.6.1,2022.09.5,11.1,NVIDIA A100-PCIE-40GB
mmgnn-raw-logit-v2-20260918,38,avg,server,val,logits,0.7852464174164449,True,12,783,cuda:0,1.8.1,confirmation,False,3.8.20,0.6.1,2022.09.5,11.1,NVIDIA A100-PCIE-40GB
mmgnn-raw-logit-v2-20260918,38,avg,server,val,probabilities,0.7852464174164449,False,12,783,cuda:0,1.8.1,confirmation,False,3.8.20,0.6.1,2022.09.5,11.1,NVIDIA A100-PCIE-40GB
mmgnn-raw-logit-v2-20260918,38,avg,server,test,logits,0.7896403182756351,True,12,784,cuda:0,1.8.1,confirmation,False,3.8.20,0.6.1,2022.09.5,11.1,NVIDIA A100-PCIE-40GB
mmgnn-raw-logit-v2-20260918,38,avg,server,test,probabilities,0.7896403182756351,False,12,784,cuda:0,1.8.1,confirmation,False,3.8.20,0.6.1,2022.09.5,11.1,NVIDIA A100-PCIE-40GB
mmgnn-raw-logit-v2-20260918,38,avg,client_0,val,logits,0.7703832902016609,True,12,783,cuda:0,1.8.1,confirmation,False,3.8.20,0.6.1,2022.09.5,11.1,NVIDIA A100-PCIE-40GB
mmgnn-raw-logit-v2-20260918,38,avg,client_0,val,probabilities,0.7703832902016609,False,12,783,cuda:0,1.8.1,confirmation,False,3.8.20,0.6.1,2022.09.5,11.1,NVIDIA A100-PCIE-40GB
mmgnn-raw-logit-v2-20260918,38,avg,client_0,test,logits,0.7763805923752479,True,12,784,cuda:0,1.8.1,confirmation,False,3.8.20,0.6.1,2022.09.5,11.1,NVIDIA A100-PCIE-40GB
mmgnn-raw-logit-v2-20260918,38,avg,client_0,test,probabilities,0.7763751888391739,False,12,784,cuda:0,1.8.1,confirmation,False,3.8.20,0.6.1,2022.09.5,11.1,NVIDIA A100-PCIE-40GB
mmgnn-raw-logit-v2-20260918,38,avg,client_1,val,logits,0.7943762710083467,True,12,783,cuda:0,1.8.1,confirmation,False,3.8.20,0.6.1,2022.09.5,11.1,NVIDIA A100-PCIE-40GB
mmgnn-raw-logit-v2-20260918,38,avg,client_1,val,probabilities,0.7943762710083467,False,12,783,cuda:0,1.8.1,confirmation,False,3.8.20,0.6.1,2022.09.5,11.1,NVIDIA A100-PCIE-40GB
mmgnn-raw-logit-v2-20260918,38,avg,client_1,test,logits,0.7881822733054865,True,12,784,cuda:0,1.8.1,confirmation,False,3.8.20,0.6.1,2022.09.5,11.1,NVIDIA A100-PCIE-40GB
mmgnn-raw-logit-v2-20260918,38,avg,client_1,test,probabilities,0.7881822733054865,False,12,784,cuda:0,1.8.1,confirmation,False,3.8.20,0.6.1,2022.09.5,11.1,NVIDIA A100-PCIE-40GB
mmgnn-raw-logit-v2-20260918,38,avg,client_2,val,logits,0.776380085612944,True,12,783,cuda:0,1.8.1,confirmation,False,3.8.20,0.6.1,2022.09.5,11.1,NVIDIA A100-PCIE-40GB
mmgnn-raw-logit-v2-20260918,38,avg,client_2,val,probabilities,0.776380085612944,False,12,783,cuda:0,1.8.1,confirmation,False,3.8.20,0.6.1,2022.09.5,11.1,NVIDIA A100-PCIE-40GB
mmgnn-raw-logit-v2-20260918,38,avg,client_2,test,logits,0.7888580548348898,True,12,784,cuda:0,1.8.1,confirmation,False,3.8.20,0.6.1,2022.09.5,11.1,NVIDIA A100-PCIE-40GB
mmgnn-raw-logit-v2-20260918,38,avg,client_2,test,probabilities,0.7888580548348898,False,12,784,cuda:0,1.8.1,confirmation,False,3.8.20,0.6.1,2022.09.5,11.1,NVIDIA A100-PCIE-40GB
mmgnn-raw-logit-v2-20260918,38,avg,client_3,val,logits,0.7712340898763945,True,12,783,cuda:0,1.8.1,confirmation,False,3.8.20,0.6.1,2022.09.5,11.1,NVIDIA A100-PCIE-40GB
mmgnn-raw-logit-v2-20260918,38,avg,client_3,val,probabilities,0.7712340898763945,False,12,783,cuda:0,1.8.1,confirmation,False,3.8.20,0.6.1,2022.09.5,11.1,NVIDIA A100-PCIE-40GB
mmgnn-raw-logit-v2-20260918,38,avg,client_3,test,logits,0.779034752203105,True,12,784,cuda:0,1.8.1,confirmation,False,3.8.20,0.6.1,2022.09.5,11.1,NVIDIA A100-PCIE-40GB
mmgnn-raw-logit-v2-20260918,38,avg,client_3,test,probabilities,0.779034752203105,False,12,784,cuda:0,1.8.1,confirmation,False,3.8.20,0.6.1,2022.09.5,11.1,NVIDIA A100-PCIE-40GB
mmgnn-raw-logit-v2-20260918,39,avg,server,val,logits,0.7842409937379302,True,12,783,cuda:0,1.8.1,confirmation,False,3.8.20,0.6.1,2022.09.5,11.1,NVIDIA A100-PCIE-40GB
mmgnn-raw-logit-v2-20260918,39,avg,server,val,probabilities,0.7842409937379302,False,12,783,cuda:0,1.8.1,confirmation,False,3.8.20,0.6.1,2022.09.5,11.1,NVIDIA A100-PCIE-40GB
mmgnn-raw-logit-v2-20260918,39,avg,server,test,logits,0.7872793856917085,True,12,784,cuda:0,1.8.1,confirmation,False,3.8.20,0.6.1,2022.09.5,11.1,NVIDIA A100-PCIE-40GB
mmgnn-raw-logit-v2-20260918,39,avg,server,test,probabilities,0.7872748291079613,False,12,784,cuda:0,1.8.1,confirmation,False,3.8.20,0.6.1,2022.09.5,11.1,NVIDIA A100-PCIE-40GB
mmgnn-raw-logit-v2-20260918,39,avg,client_0,val,logits,0.7677682276835585,True,12,783,cuda:0,1.8.1,confirmation,False,3.8.20,0.6.1,2022.09.5,11.1,NVIDIA A100-PCIE-40GB
mmgnn-raw-logit-v2-20260918,39,avg,client_0,val,probabilities,0.7677682276835585,False,12,783,cuda:0,1.8.1,confirmation,False,3.8.20,0.6.1,2022.09.5,11.1,NVIDIA A100-PCIE-40GB
mmgnn-raw-logit-v2-20260918,39,avg,client_0,test,logits,0.7671327542822851,True,12,784,cuda:0,1.8.1,confirmation,False,3.8.20,0.6.1,2022.09.5,11.1,NVIDIA A100-PCIE-40GB
mmgnn-raw-logit-v2-20260918,39,avg,client_0,test,probabilities,0.7671273507462111,False,12,784,cuda:0,1.8.1,confirmation,False,3.8.20,0.6.1,2022.09.5,11.1,NVIDIA A100-PCIE-40GB
mmgnn-raw-logit-v2-20260918,39,avg,client_1,val,logits,0.7990195193601535,True,12,783,cuda:0,1.8.1,confirmation,False,3.8.20,0.6.1,2022.09.5,11.1,NVIDIA A100-PCIE-40GB
mmgnn-raw-logit-v2-20260918,39,avg,client_1,val,probabilities,0.7990195193601535,False,12,783,cuda:0,1.8.1,confirmation,False,3.8.20,0.6.1,2022.09.5,11.1,NVIDIA A100-PCIE-40GB
mmgnn-raw-logit-v2-20260918,39,avg,client_1,test,logits,0.798857253541981,True,12,784,cuda:0,1.8.1,confirmation,False,3.8.20,0.6.1,2022.09.5,11.1,NVIDIA A100-PCIE-40GB
mmgnn-raw-logit-v2-20260918,39,avg,client_1,test,probabilities,0.798857253541981,False,12,784,cuda:0,1.8.1,confirmation,False,3.8.20,0.6.1,2022.09.5,11.1,NVIDIA A100-PCIE-40GB
mmgnn-raw-logit-v2-20260918,39,avg,client_2,val,logits,0.7720347438869752,True,12,783,cuda:0,1.8.1,confirmation,False,3.8.20,0.6.1,2022.09.5,11.1,NVIDIA A100-PCIE-40GB
mmgnn-raw-logit-v2-20260918,39,avg,client_2,val,probabilities,0.7720338904465863,False,12,783,cuda:0,1.8.1,confirmation,False,3.8.20,0.6.1,2022.09.5,11.1,NVIDIA A100-PCIE-40GB
mmgnn-raw-logit-v2-20260918,39,avg,client_2,test,logits,0.7835941025633026,True,12,784,cuda:0,1.8.1,confirmation,False,3.8.20,0.6.1,2022.09.5,11.1,NVIDIA A100-PCIE-40GB
mmgnn-raw-logit-v2-20260918,39,avg,client_2,test,probabilities,0.7835941025633026,False,12,784,cuda:0,1.8.1,confirmation,False,3.8.20,0.6.1,2022.09.5,11.1,NVIDIA A100-PCIE-40GB
mmgnn-raw-logit-v2-20260918,39,avg,client_3,val,logits,0.7691025514351627,True,12,783,cuda:0,1.8.1,confirmation,False,3.8.20,0.6.1,2022.09.5,11.1,NVIDIA A100-PCIE-40GB
mmgnn-raw-logit-v2-20260918,39,avg,client_3,val,probabilities,0.7691025514351627,False,12,783,cuda:0,1.8.1,confirmation,False,3.8.20,0.6.1,2022.09.5,11.1,NVIDIA A100-PCIE-40GB
mmgnn-raw-logit-v2-20260918,39,avg,client_3,test,logits,0.7733714204441093,True,12,784,cuda:0,1.8.1,confirmation,False,3.8.20,0.6.1,2022.09.5,11.1,NVIDIA A100-PCIE-40GB
mmgnn-raw-logit-v2-20260918,39,avg,client_3,test,probabilities,0.7733714204441093,False,12,784,cuda:0,1.8.1,confirmation,False,3.8.20,0.6.1,2022.09.5,11.1,NVIDIA A100-PCIE-40GB
mmgnn-raw-logit-v2-20260918,40,avg,server,val,logits,0.7856656917715331,True,12,783,cuda:0,1.8.1,confirmation,False,3.8.20,0.6.1,2022.09.5,11.1,NVIDIA A100-PCIE-40GB
mmgnn-raw-logit-v2-20260918,40,avg,server,val,probabilities,0.7856656917715331,False,12,783,cuda:0,1.8.1,confirmation,False,3.8.20,0.6.1,2022.09.5,11.1,NVIDIA A100-PCIE-40GB
mmgnn-raw-logit-v2-20260918,40,avg,server,test,logits,0.7896407516861577,True,12,784,cuda:0,1.8.1,confirmation,False,3.8.20,0.6.1,2022.09.5,11.1,NVIDIA A100-PCIE-40GB
mmgnn-raw-logit-v2-20260918,40,avg,server,test,probabilities,0.7896353481500836,False,12,784,cuda:0,1.8.1,confirmation,False,3.8.20,0.6.1,2022.09.5,11.1,NVIDIA A100-PCIE-40GB
mmgnn-raw-logit-v2-20260918,40,avg,client_0,val,logits,0.7702670252684393,True,12,783,cuda:0,1.8.1,confirmation,False,3.8.20,0.6.1,2022.09.5,11.1,NVIDIA A100-PCIE-40GB
mmgnn-raw-logit-v2-20260918,40,avg,client_0,val,probabilities,0.7702670252684393,False,12,783,cuda:0,1.8.1,confirmation,False,3.8.20,0.6.1,2022.09.5,11.1,NVIDIA A100-PCIE-40GB
mmgnn-raw-logit-v2-20260918,40,avg,client_0,test,logits,0.7707747333902719,True,12,784,cuda:0,1.8.1,confirmation,False,3.8.20,0.6.1,2022.09.5,11.1,NVIDIA A100-PCIE-40GB
mmgnn-raw-logit-v2-20260918,40,avg,client_0,test,probabilities,0.7707693298541979,False,12,784,cuda:0,1.8.1,confirmation,False,3.8.20,0.6.1,2022.09.5,11.1,NVIDIA A100-PCIE-40GB
mmgnn-raw-logit-v2-20260918,40,avg,client_1,val,logits,0.7988951493030579,True,12,783,cuda:0,1.8.1,confirmation,False,3.8.20,0.6.1,2022.09.5,11.1,NVIDIA A100-PCIE-40GB
mmgnn-raw-logit-v2-20260918,40,avg,client_1,val,probabilities,0.7988951493030579,False,12,783,cuda:0,1.8.1,confirmation,False,3.8.20,0.6.1,2022.09.5,11.1,NVIDIA A100-PCIE-40GB
mmgnn-raw-logit-v2-20260918,40,avg,client_1,test,logits,0.7960082178294554,True,12,784,cuda:0,1.8.1,confirmation,False,3.8.20,0.6.1,2022.09.5,11.1,NVIDIA A100-PCIE-40GB
mmgnn-raw-logit-v2-20260918,40,avg,client_1,test,probabilities,0.7960082178294554,False,12,784,cuda:0,1.8.1,confirmation,False,3.8.20,0.6.1,2022.09.5,11.1,NVIDIA A100-PCIE-40GB
mmgnn-raw-logit-v2-20260918,40,avg,client_2,val,logits,0.7746872916183286,True,12,783,cuda:0,1.8.1,confirmation,False,3.8.20,0.6.1,2022.09.5,11.1,NVIDIA A100-PCIE-40GB
mmgnn-raw-logit-v2-20260918,40,avg,client_2,val,probabilities,0.7746881450587174,False,12,783,cuda:0,1.8.1,confirmation,False,3.8.20,0.6.1,2022.09.5,11.1,NVIDIA A100-PCIE-40GB
mmgnn-raw-logit-v2-20260918,40,avg,client_2,test,logits,0.7838309566843883,True,12,784,cuda:0,1.8.1,confirmation,False,3.8.20,0.6.1,2022.09.5,11.1,NVIDIA A100-PCIE-40GB
mmgnn-raw-logit-v2-20260918,40,avg,client_2,test,probabilities,0.7838309566843883,False,12,784,cuda:0,1.8.1,confirmation,False,3.8.20,0.6.1,2022.09.5,11.1,NVIDIA A100-PCIE-40GB
mmgnn-raw-logit-v2-20260918,40,avg,client_3,val,logits,0.7727601507157438,True,12,783,cuda:0,1.8.1,confirmation,False,3.8.20,0.6.1,2022.09.5,11.1,NVIDIA A100-PCIE-40GB
mmgnn-raw-logit-v2-20260918,40,avg,client_3,val,probabilities,0.7727601507157438,False,12,783,cuda:0,1.8.1,confirmation,False,3.8.20,0.6.1,2022.09.5,11.1,NVIDIA A100-PCIE-40GB
mmgnn-raw-logit-v2-20260918,40,avg,client_3,test,logits,0.7830520733033587,True,12,784,cuda:0,1.8.1,confirmation,False,3.8.20,0.6.1,2022.09.5,11.1,NVIDIA A100-PCIE-40GB
mmgnn-raw-logit-v2-20260918,40,avg,client_3,test,probabilities,0.7830520733033587,False,12,784,cuda:0,1.8.1,confirmation,False,3.8.20,0.6.1,2022.09.5,11.1,NVIDIA A100-PCIE-40GB
mmgnn-raw-logit-v2-20260918,41,avg,server,val,logits,0.7840075584444044,True,12,783,cuda:0,1.8.1,confirmation,False,3.8.20,0.6.1,2022.09.5,11.1,NVIDIA A100-PCIE-40GB
mmgnn-raw-logit-v2-20260918,41,avg,server,val,probabilities,0.7840075584444044,False,12,783,cuda:0,1.8.1,confirmation,False,3.8.20,0.6.1,2022.09.5,11.1,NVIDIA A100-PCIE-40GB
mmgnn-raw-logit-v2-20260918,41,avg,server,test,logits,0.7898654345584148,True,12,784,cuda:0,1.8.1,confirmation,False,3.8.20,0.6.1,2022.09.5,11.1,NVIDIA A100-PCIE-40GB
mmgnn-raw-logit-v2-20260918,41,avg,server,test,probabilities,0.7898600310223408,False,12,784,cuda:0,1.8.1,confirmation,False,3.8.20,0.6.1,2022.09.5,11.1,NVIDIA A100-PCIE-40GB
mmgnn-raw-logit-v2-20260918,41,avg,client_0,val,logits,0.7711479324717333,True,12,783,cuda:0,1.8.1,confirmation,False,3.8.20,0.6.1,2022.09.5,11.1,NVIDIA A100-PCIE-40GB
mmgnn-raw-logit-v2-20260918,41,avg,client_0,val,probabilities,0.7711479324717333,False,12,783,cuda:0,1.8.1,confirmation,False,3.8.20,0.6.1,2022.09.5,11.1,NVIDIA A100-PCIE-40GB
mmgnn-raw-logit-v2-20260918,41,avg,client_0,test,logits,0.7791625092165259,True,12,784,cuda:0,1.8.1,confirmation,False,3.8.20,0.6.1,2022.09.5,11.1,NVIDIA A100-PCIE-40GB
mmgnn-raw-logit-v2-20260918,41,avg,client_0,test,probabilities,0.7791571056804519,False,12,784,cuda:0,1.8.1,confirmation,False,3.8.20,0.6.1,2022.09.5,11.1,NVIDIA A100-PCIE-40GB
mmgnn-raw-logit-v2-20260918,41,avg,client_1,val,logits,0.7945541400812709,True,12,783,cuda:0,1.8.1,confirmation,False,3.8.20,0.6.1,2022.09.5,11.1,NVIDIA A100-PCIE-40GB
mmgnn-raw-logit-v2-20260918,41,avg,client_1,val,probabilities,0.7945541400812709,False,12,783,cuda:0,1.8.1,confirmation,False,3.8.20,0.6.1,2022.09.5,11.1,NVIDIA A100-PCIE-40GB
mmgnn-raw-logit-v2-20260918,41,avg,client_1,test,logits,0.7948356306597456,True,12,784,cuda:0,1.8.1,confirmation,False,3.8.20,0.6.1,2022.09.5,11.1,NVIDIA A100-PCIE-40GB
mmgnn-raw-logit-v2-20260918,41,avg,client_1,test,probabilities,0.7948347837074189,False,12,784,cuda:0,1.8.1,confirmation,False,3.8.20,0.6.1,2022.09.5,11.1,NVIDIA A100-PCIE-40GB
mmgnn-raw-logit-v2-20260918,41,avg,client_2,val,logits,0.7765536248327308,True,12,783,cuda:0,1.8.1,confirmation,False,3.8.20,0.6.1,2022.09.5,11.1,NVIDIA A100-PCIE-40GB
mmgnn-raw-logit-v2-20260918,41,avg,client_2,val,probabilities,0.7765536248327308,False,12,783,cuda:0,1.8.1,confirmation,False,3.8.20,0.6.1,2022.09.5,11.1,NVIDIA A100-PCIE-40GB
mmgnn-raw-logit-v2-20260918,41,avg,client_2,test,logits,0.7871365303754465,True,12,784,cuda:0,1.8.1,confirmation,False,3.8.20,0.6.1,2022.09.5,11.1,NVIDIA A100-PCIE-40GB
mmgnn-raw-logit-v2-20260918,41,avg,client_2,test,probabilities,0.7871365303754465,False,12,784,cuda:0,1.8.1,confirmation,False,3.8.20,0.6.1,2022.09.5,11.1,NVIDIA A100-PCIE-40GB
mmgnn-raw-logit-v2-20260918,41,avg,client_3,val,logits,0.7660423987089625,True,12,783,cuda:0,1.8.1,confirmation,False,3.8.20,0.6.1,2022.09.5,11.1,NVIDIA A100-PCIE-40GB
mmgnn-raw-logit-v2-20260918,41,avg,client_3,val,probabilities,0.7660432521493514,False,12,783,cuda:0,1.8.1,confirmation,False,3.8.20,0.6.1,2022.09.5,11.1,NVIDIA A100-PCIE-40GB
mmgnn-raw-logit-v2-20260918,41,avg,client_3,test,logits,0.7726736954465799,True,12,784,cuda:0,1.8.1,confirmation,False,3.8.20,0.6.1,2022.09.5,11.1,NVIDIA A100-PCIE-40GB
mmgnn-raw-logit-v2-20260918,41,avg,client_3,test,probabilities,0.7726736954465799,False,12,784,cuda:0,1.8.1,confirmation,False,3.8.20,0.6.1,2022.09.5,11.1,NVIDIA A100-PCIE-40GB
mmgnn-raw-logit-v2-20260918,42,avg,server,val,logits,0.7834499407651752,True,12,783,cuda:0,1.8.1,confirmation,False,3.8.20,0.6.1,2022.09.5,11.1,NVIDIA A100-PCIE-40GB
mmgnn-raw-logit-v2-20260918,42,avg,server,val,probabilities,0.7834499407651752,False,12,783,cuda:0,1.8.1,confirmation,False,3.8.20,0.6.1,2022.09.5,11.1,NVIDIA A100-PCIE-40GB
mmgnn-raw-logit-v2-20260918,42,avg,server,test,logits,0.7886656418457921,True,12,784,cuda:0,1.8.1,confirmation,False,3.8.20,0.6.1,2022.09.5,11.1,NVIDIA A100-PCIE-40GB
mmgnn-raw-logit-v2-20260918,42,avg,server,test,probabilities,0.7886620394884094,False,12,784,cuda:0,1.8.1,confirmation,False,3.8.20,0.6.1,2022.09.5,11.1,NVIDIA A100-PCIE-40GB
mmgnn-raw-logit-v2-20260918,42,avg,client_0,val,logits,0.7702965092952593,True,12,783,cuda:0,1.8.1,confirmation,False,3.8.20,0.6.1,2022.09.5,11.1,NVIDIA A100-PCIE-40GB
mmgnn-raw-logit-v2-20260918,42,avg,client_0,val,probabilities,0.7702973627356481,False,12,783,cuda:0,1.8.1,confirmation,False,3.8.20,0.6.1,2022.09.5,11.1,NVIDIA A100-PCIE-40GB
mmgnn-raw-logit-v2-20260918,42,avg,client_0,test,logits,0.7792372673797866,True,12,784,cuda:0,1.8.1,confirmation,False,3.8.20,0.6.1,2022.09.5,11.1,NVIDIA A100-PCIE-40GB
mmgnn-raw-logit-v2-20260918,42,avg,client_0,test,probabilities,0.7792354662010954,False,12,784,cuda:0,1.8.1,confirmation,False,3.8.20,0.6.1,2022.09.5,11.1,NVIDIA A100-PCIE-40GB
mmgnn-raw-logit-v2-20260918,42,avg,client_1,val,logits,0.7935576032888259,True,12,783,cuda:0,1.8.1,confirmation,False,3.8.20,0.6.1,2022.09.5,11.1,NVIDIA A100-PCIE-40GB
mmgnn-raw-logit-v2-20260918,42,avg,client_1,val,probabilities,0.7935576032888259,False,12,783,cuda:0,1.8.1,confirmation,False,3.8.20,0.6.1,2022.09.5,11.1,NVIDIA A100-PCIE-40GB
mmgnn-raw-logit-v2-20260918,42,avg,client_1,test,logits,0.7907490953359547,True,12,784,cuda:0,1.8.1,confirmation,False,3.8.20,0.6.1,2022.09.5,11.1,NVIDIA A100-PCIE-40GB
mmgnn-raw-logit-v2-20260918,42,avg,client_1,test,probabilities,0.7907490953359547,False,12,784,cuda:0,1.8.1,confirmation,False,3.8.20,0.6.1,2022.09.5,11.1,NVIDIA A100-PCIE-40GB
mmgnn-raw-logit-v2-20260918,42,avg,client_2,val,logits,0.7771307613524492,True,12,783,cuda:0,1.8.1,confirmation,False,3.8.20,0.6.1,2022.09.5,11.1,NVIDIA A100-PCIE-40GB
mmgnn-raw-logit-v2-20260918,42,avg,client_2,val,probabilities,0.7771307613524492,False,12,783,cuda:0,1.8.1,confirmation,False,3.8.20,0.6.1,2022.09.5,11.1,NVIDIA A100-PCIE-40GB
mmgnn-raw-logit-v2-20260918,42,avg,client_2,test,logits,0.7830159674413765,True,12,784,cuda:0,1.8.1,confirmation,False,3.8.20,0.6.1,2022.09.5,11.1,NVIDIA A100-PCIE-40GB
mmgnn-raw-logit-v2-20260918,42,avg,client_2,test,probabilities,0.7830159674413765,False,12,784,cuda:0,1.8.1,confirmation,False,3.8.20,0.6.1,2022.09.5,11.1,NVIDIA A100-PCIE-40GB
mmgnn-raw-logit-v2-20260918,42,avg,client_3,val,logits,0.7717019748780839,True,12,783,cuda:0,1.8.1,confirmation,False,3.8.20,0.6.1,2022.09.5,11.1,NVIDIA A100-PCIE-40GB
mmgnn-raw-logit-v2-20260918,42,avg,client_3,val,probabilities,0.7717011214376951,False,12,783,cuda:0,1.8.1,confirmation,False,3.8.20,0.6.1,2022.09.5,11.1,NVIDIA A100-PCIE-40GB
mmgnn-raw-logit-v2-20260918,42,avg,client_3,test,logits,0.7780780514444227,True,12,784,cuda:0,1.8.1,confirmation,False,3.8.20,0.6.1,2022.09.5,11.1,NVIDIA A100-PCIE-40GB
mmgnn-raw-logit-v2-20260918,42,avg,client_3,test,probabilities,0.7780780514444227,False,12,784,cuda:0,1.8.1,confirmation,False,3.8.20,0.6.1,2022.09.5,11.1,NVIDIA A100-PCIE-40GB
mmgnn-raw-logit-v2-20260918,43,avg,server,val,logits,0.7837407588898605,True,12,783,cuda:0,1.8.1,confirmation,False,3.8.20,0.6.1,2022.09.5,11.1,NVIDIA A100-PCIE-40GB
mmgnn-raw-logit-v2-20260918,43,avg,server,val,probabilities,0.7837407588898605,False,12,783,cuda:0,1.8.1,confirmation,False,3.8.20,0.6.1,2022.09.5,11.1,NVIDIA A100-PCIE-40GB
mmgnn-raw-logit-v2-20260918,43,avg,server,test,logits,0.7895626238932921,True,12,784,cuda:0,1.8.1,confirmation,False,3.8.20,0.6.1,2022.09.5,11.1,NVIDIA A100-PCIE-40GB
mmgnn-raw-logit-v2-20260918,43,avg,server,test,probabilities,0.7895580673095449,False,12,784,cuda:0,1.8.1,confirmation,False,3.8.20,0.6.1,2022.09.5,11.1,NVIDIA A100-PCIE-40GB
mmgnn-raw-logit-v2-20260918,43,avg,client_0,val,logits,0.7707223322436025,True,12,783,cuda:0,1.8.1,confirmation,False,3.8.20,0.6.1,2022.09.5,11.1,NVIDIA A100-PCIE-40GB
mmgnn-raw-logit-v2-20260918,43,avg,client_0,val,probabilities,0.7707223322436025,False,12,783,cuda:0,1.8.1,confirmation,False,3.8.20,0.6.1,2022.09.5,11.1,NVIDIA A100-PCIE-40GB
mmgnn-raw-logit-v2-20260918,43,avg,client_0,test,logits,0.7777938630926226,True,12,784,cuda:0,1.8.1,confirmation,False,3.8.20,0.6.1,2022.09.5,11.1,NVIDIA A100-PCIE-40GB
mmgnn-raw-logit-v2-20260918,43,avg,client_0,test,probabilities,0.7777884595565485,False,12,784,cuda:0,1.8.1,confirmation,False,3.8.20,0.6.1,2022.09.5,11.1,NVIDIA A100-PCIE-40GB
mmgnn-raw-logit-v2-20260918,43,avg,client_1,val,logits,0.7928263659689206,True,12,783,cuda:0,1.8.1,confirmation,False,3.8.20,0.6.1,2022.09.5,11.1,NVIDIA A100-PCIE-40GB
mmgnn-raw-logit-v2-20260918,43,avg,client_1,val,probabilities,0.7928263659689206,False,12,783,cuda:0,1.8.1,confirmation,False,3.8.20,0.6.1,2022.09.5,11.1,NVIDIA A100-PCIE-40GB
mmgnn-raw-logit-v2-20260918,43,avg,client_1,test,logits,0.7910389241159433,True,12,784,cuda:0,1.8.1,confirmation,False,3.8.20,0.6.1,2022.09.5,11.1,NVIDIA A100-PCIE-40GB
mmgnn-raw-logit-v2-20260918,43,avg,client_1,test,probabilities,0.7910389241159433,False,12,784,cuda:0,1.8.1,confirmation,False,3.8.20,0.6.1,2022.09.5,11.1,NVIDIA A100-PCIE-40GB
mmgnn-raw-logit-v2-20260918,43,avg,client_2,val,logits,0.7780357798591307,True,12,783,cuda:0,1.8.1,confirmation,False,3.8.20,0.6.1,2022.09.5,11.1,NVIDIA A100-PCIE-40GB
mmgnn-raw-logit-v2-20260918,43,avg,client_2,val,probabilities,0.7780357798591307,False,12,783,cuda:0,1.8.1,confirmation,False,3.8.20,0.6.1,2022.09.5,11.1,NVIDIA A100-PCIE-40GB
mmgnn-raw-logit-v2-20260918,43,avg,client_2,test,logits,0.7890737778124478,True,12,784,cuda:0,1.8.1,confirmation,False,3.8.20,0.6.1,2022.09.5,11.1,NVIDIA A100-PCIE-40GB
mmgnn-raw-logit-v2-20260918,43,avg,client_2,test,probabilities,0.7890737778124478,False,12,784,cuda:0,1.8.1,confirmation,False,3.8.20,0.6.1,2022.09.5,11.1,NVIDIA A100-PCIE-40GB
mmgnn-raw-logit-v2-20260918,43,avg,client_3,val,logits,0.7695660131126494,True,12,783,cuda:0,1.8.1,confirmation,False,3.8.20,0.6.1,2022.09.5,11.1,NVIDIA A100-PCIE-40GB
mmgnn-raw-logit-v2-20260918,43,avg,client_3,val,probabilities,0.7695660131126494,False,12,783,cuda:0,1.8.1,confirmation,False,3.8.20,0.6.1,2022.09.5,11.1,NVIDIA A100-PCIE-40GB
mmgnn-raw-logit-v2-20260918,43,avg,client_3,test,logits,0.7764090694701319,True,12,784,cuda:0,1.8.1,confirmation,False,3.8.20,0.6.1,2022.09.5,11.1,NVIDIA A100-PCIE-40GB
mmgnn-raw-logit-v2-20260918,43,avg,client_3,test,probabilities,0.7764090694701319,False,12,784,cuda:0,1.8.1,confirmation,False,3.8.20,0.6.1,2022.09.5,11.1,NVIDIA A100-PCIE-40GB
mmgnn-raw-logit-v2-20260918,44,avg,server,val,logits,0.7832334334382288,True,12,783,cuda:0,1.8.1,confirmation,False,3.8.20,0.6.1,2022.09.5,11.1,NVIDIA A100-PCIE-40GB
mmgnn-raw-logit-v2-20260918,44,avg,server,val,probabilities,0.7832334334382288,False,12,783,cuda:0,1.8.1,confirmation,False,3.8.20,0.6.1,2022.09.5,11.1,NVIDIA A100-PCIE-40GB
mmgnn-raw-logit-v2-20260918,44,avg,server,test,logits,0.7889055399617543,True,12,784,cuda:0,1.8.1,confirmation,False,3.8.20,0.6.1,2022.09.5,11.1,NVIDIA A100-PCIE-40GB
mmgnn-raw-logit-v2-20260918,44,avg,server,test,probabilities,0.7889045857353896,False,12,784,cuda:0,1.8.1,confirmation,False,3.8.20,0.6.1,2022.09.5,11.1,NVIDIA A100-PCIE-40GB
mmgnn-raw-logit-v2-20260918,44,avg,client_0,val,logits,0.7699665112256598,True,12,783,cuda:0,1.8.1,confirmation,False,3.8.20,0.6.1,2022.09.5,11.1,NVIDIA A100-PCIE-40GB
mmgnn-raw-logit-v2-20260918,44,avg,client_0,val,probabilities,0.7699674906499152,False,12,783,cuda:0,1.8.1,confirmation,False,3.8.20,0.6.1,2022.09.5,11.1,NVIDIA A100-PCIE-40GB
mmgnn-raw-logit-v2-20260918,44,avg,client_0,test,logits,0.7728383559476054,True,12,784,cuda:0,1.8.1,confirmation,False,3.8.20,0.6.1,2022.09.5,11.1,NVIDIA A100-PCIE-40GB
mmgnn-raw-logit-v2-20260918,44,avg,client_0,test,probabilities,0.7728329524115315,False,12,784,cuda:0,1.8.1,confirmation,False,3.8.20,0.6.1,2022.09.5,11.1,NVIDIA A100-PCIE-40GB
mmgnn-raw-logit-v2-20260918,44,avg,client_1,val,logits,0.7916471824743084,True,12,783,cuda:0,1.8.1,confirmation,False,3.8.20,0.6.1,2022.09.5,11.1,NVIDIA A100-PCIE-40GB
mmgnn-raw-logit-v2-20260918,44,avg,client_1,val,probabilities,0.7916471824743084,False,12,783,cuda:0,1.8.1,confirmation,False,3.8.20,0.6.1,2022.09.5,11.1,NVIDIA A100-PCIE-40GB
mmgnn-raw-logit-v2-20260918,44,avg,client_1,test,logits,0.7958835655711294,True,12,784,cuda:0,1.8.1,confirmation,False,3.8.20,0.6.1,2022.09.5,11.1,NVIDIA A100-PCIE-40GB
mmgnn-raw-logit-v2-20260918,44,avg,client_1,test,probabilities,0.7958852594757828,False,12,784,cuda:0,1.8.1,confirmation,False,3.8.20,0.6.1,2022.09.5,11.1,NVIDIA A100-PCIE-40GB
mmgnn-raw-logit-v2-20260918,44,avg,client_2,val,logits,0.7757447324029698,True,12,783,cuda:0,1.8.1,confirmation,False,3.8.20,0.6.1,2022.09.5,11.1,NVIDIA A100-PCIE-40GB
mmgnn-raw-logit-v2-20260918,44,avg,client_2,val,probabilities,0.7757447324029698,False,12,783,cuda:0,1.8.1,confirmation,False,3.8.20,0.6.1,2022.09.5,11.1,NVIDIA A100-PCIE-40GB
mmgnn-raw-logit-v2-20260918,44,avg,client_2,test,logits,0.7860332297946423,True,12,784,cuda:0,1.8.1,confirmation,False,3.8.20,0.6.1,2022.09.5,11.1,NVIDIA A100-PCIE-40GB
mmgnn-raw-logit-v2-20260918,44,avg,client_2,test,probabilities,0.7860332297946423,False,12,784,cuda:0,1.8.1,confirmation,False,3.8.20,0.6.1,2022.09.5,11.1,NVIDIA A100-PCIE-40GB
mmgnn-raw-logit-v2-20260918,44,avg,client_3,val,logits,0.7704900663413888,True,12,783,cuda:0,1.8.1,confirmation,False,3.8.20,0.6.1,2022.09.5,11.1,NVIDIA A100-PCIE-40GB
mmgnn-raw-logit-v2-20260918,44,avg,client_3,val,probabilities,0.7704917732221666,False,12,783,cuda:0,1.8.1,confirmation,False,3.8.20,0.6.1,2022.09.5,11.1,NVIDIA A100-PCIE-40GB
mmgnn-raw-logit-v2-20260918,44,avg,client_3,test,logits,0.7758454003392498,True,12,784,cuda:0,1.8.1,confirmation,False,3.8.20,0.6.1,2022.09.5,11.1,NVIDIA A100-PCIE-40GB
mmgnn-raw-logit-v2-20260918,44,avg,client_3,test,probabilities,0.7758462472915765,False,12,784,cuda:0,1.8.1,confirmation,False,3.8.20,0.6.1,2022.09.5,11.1,NVIDIA A100-PCIE-40GB
mmgnn-raw-logit-v2-20260918,45,avg,server,val,logits,0.780151370547141,True,12,783,cuda:0,1.8.1,confirmation,False,3.8.20,0.6.1,2022.09.5,11.1,NVIDIA A100-PCIE-40GB
mmgnn-raw-logit-v2-20260918,45,avg,server,val,probabilities,0.780151370547141,False,12,783,cuda:0,1.8.1,confirmation,False,3.8.20,0.6.1,2022.09.5,11.1,NVIDIA A100-PCIE-40GB
mmgnn-raw-logit-v2-20260918,45,avg,server,test,logits,0.7855999739335434,True,12,784,cuda:0,1.8.1,confirmation,False,3.8.20,0.6.1,2022.09.5,11.1,NVIDIA A100-PCIE-40GB
mmgnn-raw-logit-v2-20260918,45,avg,server,test,probabilities,0.785592769218778,False,12,784,cuda:0,1.8.1,confirmation,False,3.8.20,0.6.1,2022.09.5,11.1,NVIDIA A100-PCIE-40GB
mmgnn-raw-logit-v2-20260918,45,avg,client_0,val,logits,0.7672268535725738,True,12,783,cuda:0,1.8.1,confirmation,False,3.8.20,0.6.1,2022.09.5,11.1,NVIDIA A100-PCIE-40GB
mmgnn-raw-logit-v2-20260918,45,avg,client_0,val,probabilities,0.7672260001321849,False,12,783,cuda:0,1.8.1,confirmation,False,3.8.20,0.6.1,2022.09.5,11.1,NVIDIA A100-PCIE-40GB
mmgnn-raw-logit-v2-20260918,45,avg,client_0,test,logits,0.7750146431074151,True,12,784,cuda:0,1.8.1,confirmation,False,3.8.20,0.6.1,2022.09.5,11.1,NVIDIA A100-PCIE-40GB
mmgnn-raw-logit-v2-20260918,45,avg,client_0,test,probabilities,0.7750110407500325,False,12,784,cuda:0,1.8.1,confirmation,False,3.8.20,0.6.1,2022.09.5,11.1,NVIDIA A100-PCIE-40GB
mmgnn-raw-logit-v2-20260918,45,avg,client_1,val,logits,0.7912051010829301,True,12,783,cuda:0,1.8.1,confirmation,False,3.8.20,0.6.1,2022.09.5,11.1,NVIDIA A100-PCIE-40GB
mmgnn-raw-logit-v2-20260918,45,avg,client_1,val,probabilities,0.7912051010829301,False,12,783,cuda:0,1.8.1,confirmation,False,3.8.20,0.6.1,2022.09.5,11.1,NVIDIA A100-PCIE-40GB
mmgnn-raw-logit-v2-20260918,45,avg,client_1,test,logits,0.7929512108086959,True,12,784,cuda:0,1.8.1,confirmation,False,3.8.20,0.6.1,2022.09.5,11.1,NVIDIA A100-PCIE-40GB
mmgnn-raw-logit-v2-20260918,45,avg,client_1,test,probabilities,0.7929495169040424,False,12,784,cuda:0,1.8.1,confirmation,False,3.8.20,0.6.1,2022.09.5,11.1,NVIDIA A100-PCIE-40GB
mmgnn-raw-logit-v2-20260918,45,avg,client_2,val,logits,0.7742395413822499,True,12,783,cuda:0,1.8.1,confirmation,False,3.8.20,0.6.1,2022.09.5,11.1,NVIDIA A100-PCIE-40GB
mmgnn-raw-logit-v2-20260918,45,avg,client_2,val,probabilities,0.7742395413822499,False,12,783,cuda:0,1.8.1,confirmation,False,3.8.20,0.6.1,2022.09.5,11.1,NVIDIA A100-PCIE-40GB
mmgnn-raw-logit-v2-20260918,45,avg,client_2,test,logits,0.7774482358231914,True,12,784,cuda:0,1.8.1,confirmation,False,3.8.20,0.6.1,2022.09.5,11.1,NVIDIA A100-PCIE-40GB
mmgnn-raw-logit-v2-20260918,45,avg,client_2,test,probabilities,0.7774482358231914,False,12,784,cuda:0,1.8.1,confirmation,False,3.8.20,0.6.1,2022.09.5,11.1,NVIDIA A100-PCIE-40GB
mmgnn-raw-logit-v2-20260918,45,avg,client_3,val,logits,0.7648267539002896,True,12,783,cuda:0,1.8.1,confirmation,False,3.8.20,0.6.1,2022.09.5,11.1,NVIDIA A100-PCIE-40GB
mmgnn-raw-logit-v2-20260918,45,avg,client_3,val,probabilities,0.7648259004599008,False,12,783,cuda:0,1.8.1,confirmation,False,3.8.20,0.6.1,2022.09.5,11.1,NVIDIA A100-PCIE-40GB
mmgnn-raw-logit-v2-20260918,45,avg,client_3,test,logits,0.7723676109104107,True,12,784,cuda:0,1.8.1,confirmation,False,3.8.20,0.6.1,2022.09.5,11.1,NVIDIA A100-PCIE-40GB
mmgnn-raw-logit-v2-20260918,45,avg,client_3,test,probabilities,0.7723676109104107,False,12,784,cuda:0,1.8.1,confirmation,False,3.8.20,0.6.1,2022.09.5,11.1,NVIDIA A100-PCIE-40GB
mmgnn-raw-logit-v2-20260918,46,avg,server,val,logits,0.7816989834028765,True,12,783,cuda:0,1.8.1,confirmation,False,3.8.20,0.6.1,2022.09.5,11.1,NVIDIA A100-PCIE-40GB
mmgnn-raw-logit-v2-20260918,46,avg,server,val,probabilities,0.7816989834028765,False,12,783,cuda:0,1.8.1,confirmation,False,3.8.20,0.6.1,2022.09.5,11.1,NVIDIA A100-PCIE-40GB
mmgnn-raw-logit-v2-20260918,46,avg,server,test,logits,0.7875703612647863,True,12,784,cuda:0,1.8.1,confirmation,False,3.8.20,0.6.1,2022.09.5,11.1,NVIDIA A100-PCIE-40GB
mmgnn-raw-logit-v2-20260918,46,avg,server,test,probabilities,0.787565911955077,False,12,784,cuda:0,1.8.1,confirmation,False,3.8.20,0.6.1,2022.09.5,11.1,NVIDIA A100-PCIE-40GB
mmgnn-raw-logit-v2-20260918,46,avg,client_0,val,logits,0.7675771818449763,True,12,783,cuda:0,1.8.1,confirmation,False,3.8.20,0.6.1,2022.09.5,11.1,NVIDIA A100-PCIE-40GB
mmgnn-raw-logit-v2-20260918,46,avg,client_0,val,probabilities,0.7675771818449763,False,12,783,cuda:0,1.8.1,confirmation,False,3.8.20,0.6.1,2022.09.5,11.1,NVIDIA A100-PCIE-40GB
mmgnn-raw-logit-v2-20260918,46,avg,client_0,test,logits,0.772112481760591,True,12,784,cuda:0,1.8.1,confirmation,False,3.8.20,0.6.1,2022.09.5,11.1,NVIDIA A100-PCIE-40GB
mmgnn-raw-logit-v2-20260918,46,avg,client_0,test,probabilities,0.7721070782245171,False,12,784,cuda:0,1.8.1,confirmation,False,3.8.20,0.6.1,2022.09.5,11.1,NVIDIA A100-PCIE-40GB
mmgnn-raw-logit-v2-20260918,46,avg,client_1,val,logits,0.7879009012950108,True,12,783,cuda:0,1.8.1,confirmation,False,3.8.20,0.6.1,2022.09.5,11.1,NVIDIA A100-PCIE-40GB
mmgnn-raw-logit-v2-20260918,46,avg,client_1,val,probabilities,0.7879009012950108,False,12,783,cuda:0,1.8.1,confirmation,False,3.8.20,0.6.1,2022.09.5,11.1,NVIDIA A100-PCIE-40GB
mmgnn-raw-logit-v2-20260918,46,avg,client_1,test,logits,0.7899587476327191,True,12,784,cuda:0,1.8.1,confirmation,False,3.8.20,0.6.1,2022.09.5,11.1,NVIDIA A100-PCIE-40GB
mmgnn-raw-logit-v2-20260918,46,avg,client_1,test,probabilities,0.7899587476327191,False,12,784,cuda:0,1.8.1,confirmation,False,3.8.20,0.6.1,2022.09.5,11.1,NVIDIA A100-PCIE-40GB
mmgnn-raw-logit-v2-20260918,46,avg,client_2,val,logits,0.7741413362059498,True,12,783,cuda:0,1.8.1,confirmation,False,3.8.20,0.6.1,2022.09.5,11.1,NVIDIA A100-PCIE-40GB
mmgnn-raw-logit-v2-20260918,46,avg,client_2,val,probabilities,0.7741413362059498,False,12,783,cuda:0,1.8.1,confirmation,False,3.8.20,0.6.1,2022.09.5,11.1,NVIDIA A100-PCIE-40GB
mmgnn-raw-logit-v2-20260918,46,avg,client_2,test,logits,0.7824614218685874,True,12,784,cuda:0,1.8.1,confirmation,False,3.8.20,0.6.1,2022.09.5,11.1,NVIDIA A100-PCIE-40GB
mmgnn-raw-logit-v2-20260918,46,avg,client_2,test,probabilities,0.7824614218685874,False,12,784,cuda:0,1.8.1,confirmation,False,3.8.20,0.6.1,2022.09.5,11.1,NVIDIA A100-PCIE-40GB
mmgnn-raw-logit-v2-20260918,46,avg,client_3,val,logits,0.7728776120695285,True,12,783,cuda:0,1.8.1,confirmation,False,3.8.20,0.6.1,2022.09.5,11.1,NVIDIA A100-PCIE-40GB
mmgnn-raw-logit-v2-20260918,46,avg,client_3,val,probabilities,0.7728784655099173,False,12,783,cuda:0,1.8.1,confirmation,False,3.8.20,0.6.1,2022.09.5,11.1,NVIDIA A100-PCIE-40GB
mmgnn-raw-logit-v2-20260918,46,avg,client_3,test,logits,0.7837940690237502,True,12,784,cuda:0,1.8.1,confirmation,False,3.8.20,0.6.1,2022.09.5,11.1,NVIDIA A100-PCIE-40GB
mmgnn-raw-logit-v2-20260918,46,avg,client_3,test,probabilities,0.7837940690237502,False,12,784,cuda:0,1.8.1,confirmation,False,3.8.20,0.6.1,2022.09.5,11.1,NVIDIA A100-PCIE-40GB
mmgnn-raw-logit-v2-20260918,47,avg,server,val,logits,0.7821170408053075,True,12,783,cuda:0,1.8.1,confirmation,False,3.8.20,0.6.1,2022.09.5,11.1,NVIDIA A100-PCIE-40GB
mmgnn-raw-logit-v2-20260918,47,avg,server,val,probabilities,0.7821170408053075,False,12,783,cuda:0,1.8.1,confirmation,False,3.8.20,0.6.1,2022.09.5,11.1,NVIDIA A100-PCIE-40GB
mmgnn-raw-logit-v2-20260918,47,avg,server,test,logits,0.7895655431567317,True,12,784,cuda:0,1.8.1,confirmation,False,3.8.20,0.6.1,2022.09.5,11.1,NVIDIA A100-PCIE-40GB
mmgnn-raw-logit-v2-20260918,47,avg,server,test,probabilities,0.7895655431567317,False,12,784,cuda:0,1.8.1,confirmation,False,3.8.20,0.6.1,2022.09.5,11.1,NVIDIA A100-PCIE-40GB
mmgnn-raw-logit-v2-20260918,47,avg,client_0,val,logits,0.7667303910232902,True,12,783,cuda:0,1.8.1,confirmation,False,3.8.20,0.6.1,2022.09.5,11.1,NVIDIA A100-PCIE-40GB
mmgnn-raw-logit-v2-20260918,47,avg,client_0,val,probabilities,0.7667303910232902,False,12,783,cuda:0,1.8.1,confirmation,False,3.8.20,0.6.1,2022.09.5,11.1,NVIDIA A100-PCIE-40GB
mmgnn-raw-logit-v2-20260918,47,avg,client_0,test,logits,0.7720688262424765,True,12,784,cuda:0,1.8.1,confirmation,False,3.8.20,0.6.1,2022.09.5,11.1,NVIDIA A100-PCIE-40GB
mmgnn-raw-logit-v2-20260918,47,avg,client_0,test,probabilities,0.7720634227064025,False,12,784,cuda:0,1.8.1,confirmation,False,3.8.20,0.6.1,2022.09.5,11.1,NVIDIA A100-PCIE-40GB
mmgnn-raw-logit-v2-20260918,47,avg,client_1,val,logits,0.7924866908343687,True,12,783,cuda:0,1.8.1,confirmation,False,3.8.20,0.6.1,2022.09.5,11.1,NVIDIA A100-PCIE-40GB
mmgnn-raw-logit-v2-20260918,47,avg,client_1,val,probabilities,0.7924866908343687,False,12,783,cuda:0,1.8.1,confirmation,False,3.8.20,0.6.1,2022.09.5,11.1,NVIDIA A100-PCIE-40GB
mmgnn-raw-logit-v2-20260918,47,avg,client_1,test,logits,0.7976527093062353,True,12,784,cuda:0,1.8.1,confirmation,False,3.8.20,0.6.1,2022.09.5,11.1,NVIDIA A100-PCIE-40GB
mmgnn-raw-logit-v2-20260918,47,avg,client_1,test,probabilities,0.7976527093062353,False,12,784,cuda:0,1.8.1,confirmation,False,3.8.20,0.6.1,2022.09.5,11.1,NVIDIA A100-PCIE-40GB
mmgnn-raw-logit-v2-20260918,47,avg,client_2,val,logits,0.7735302284088874,True,12,783,cuda:0,1.8.1,confirmation,False,3.8.20,0.6.1,2022.09.5,11.1,NVIDIA A100-PCIE-40GB
mmgnn-raw-logit-v2-20260918,47,avg,client_2,val,probabilities,0.7735293749684985,False,12,783,cuda:0,1.8.1,confirmation,False,3.8.20,0.6.1,2022.09.5,11.1,NVIDIA A100-PCIE-40GB
mmgnn-raw-logit-v2-20260918,47,avg,client_2,test,logits,0.7846283437180811,True,12,784,cuda:0,1.8.1,confirmation,False,3.8.20,0.6.1,2022.09.5,11.1,NVIDIA A100-PCIE-40GB
mmgnn-raw-logit-v2-20260918,47,avg,client_2,test,probabilities,0.7846283437180811,False,12,784,cuda:0,1.8.1,confirmation,False,3.8.20,0.6.1,2022.09.5,11.1,NVIDIA A100-PCIE-40GB
mmgnn-raw-logit-v2-20260918,47,avg,client_3,val,logits,0.7700917618026226,True,12,783,cuda:0,1.8.1,confirmation,False,3.8.20,0.6.1,2022.09.5,11.1,NVIDIA A100-PCIE-40GB
mmgnn-raw-logit-v2-20260918,47,avg,client_3,val,probabilities,0.7700909083622337,False,12,783,cuda:0,1.8.1,confirmation,False,3.8.20,0.6.1,2022.09.5,11.1,NVIDIA A100-PCIE-40GB
mmgnn-raw-logit-v2-20260918,47,avg,client_3,test,logits,0.7794936136246097,True,12,784,cuda:0,1.8.1,confirmation,False,3.8.20,0.6.1,2022.09.5,11.1,NVIDIA A100-PCIE-40GB
mmgnn-raw-logit-v2-20260918,47,avg,client_3,test,probabilities,0.7794936136246097,False,12,784,cuda:0,1.8.1,confirmation,False,3.8.20,0.6.1,2022.09.5,11.1,NVIDIA A100-PCIE-40GB
mmgnn-raw-logit-v2-20260918,48,avg,server,val,logits,0.7819732420414637,True,12,783,cuda:0,1.8.1,confirmation,False,3.8.20,0.6.1,2022.09.5,11.1,NVIDIA A100-PCIE-40GB
mmgnn-raw-logit-v2-20260918,48,avg,server,val,probabilities,0.7819732420414637,False,12,783,cuda:0,1.8.1,confirmation,False,3.8.20,0.6.1,2022.09.5,11.1,NVIDIA A100-PCIE-40GB
mmgnn-raw-logit-v2-20260918,48,avg,server,test,logits,0.7891379754487149,True,12,784,cuda:0,1.8.1,confirmation,False,3.8.20,0.6.1,2022.09.5,11.1,NVIDIA A100-PCIE-40GB
mmgnn-raw-logit-v2-20260918,48,avg,server,test,probabilities,0.7891307707339495,False,12,784,cuda:0,1.8.1,confirmation,False,3.8.20,0.6.1,2022.09.5,11.1,NVIDIA A100-PCIE-40GB
mmgnn-raw-logit-v2-20260918,48,avg,client_0,val,logits,0.7720416493625079,True,12,783,cuda:0,1.8.1,confirmation,False,3.8.20,0.6.1,2022.09.5,11.1,NVIDIA A100-PCIE-40GB
mmgnn-raw-logit-v2-20260918,48,avg,client_0,val,probabilities,0.7720416493625079,False,12,783,cuda:0,1.8.1,confirmation,False,3.8.20,0.6.1,2022.09.5,11.1,NVIDIA A100-PCIE-40GB
mmgnn-raw-logit-v2-20260918,48,avg,client_0,test,logits,0.780687174521388,True,12,784,cuda:0,1.8.1,confirmation,False,3.8.20,0.6.1,2022.09.5,11.1,NVIDIA A100-PCIE-40GB
mmgnn-raw-logit-v2-20260918,48,avg,client_0,test,probabilities,0.78068452639037,False,12,784,cuda:0,1.8.1,confirmation,False,3.8.20,0.6.1,2022.09.5,11.1,NVIDIA A100-PCIE-40GB
mmgnn-raw-logit-v2-20260918,48,avg,client_1,val,logits,0.7898001023220736,True,12,783,cuda:0,1.8.1,confirmation,False,3.8.20,0.6.1,2022.09.5,11.1,NVIDIA A100-PCIE-40GB
mmgnn-raw-logit-v2-20260918,48,avg,client_1,val,probabilities,0.7898001023220736,False,12,783,cuda:0,1.8.1,confirmation,False,3.8.20,0.6.1,2022.09.5,11.1,NVIDIA A100-PCIE-40GB
mmgnn-raw-logit-v2-20260918,48,avg,client_1,test,logits,0.7945138862968592,True,12,784,cuda:0,1.8.1,confirmation,False,3.8.20,0.6.1,2022.09.5,11.1,NVIDIA A100-PCIE-40GB
mmgnn-raw-logit-v2-20260918,48,avg,client_1,test,probabilities,0.7945182283325307,False,12,784,cuda:0,1.8.1,confirmation,False,3.8.20,0.6.1,2022.09.5,11.1,NVIDIA A100-PCIE-40GB
mmgnn-raw-logit-v2-20260918,48,avg,client_2,val,logits,0.7735562378379063,True,12,783,cuda:0,1.8.1,confirmation,False,3.8.20,0.6.1,2022.09.5,11.1,NVIDIA A100-PCIE-40GB
mmgnn-raw-logit-v2-20260918,48,avg,client_2,val,probabilities,0.7735562378379063,False,12,783,cuda:0,1.8.1,confirmation,False,3.8.20,0.6.1,2022.09.5,11.1,NVIDIA A100-PCIE-40GB
mmgnn-raw-logit-v2-20260918,48,avg,client_2,test,logits,0.7823460358863475,True,12,784,cuda:0,1.8.1,confirmation,False,3.8.20,0.6.1,2022.09.5,11.1,NVIDIA A100-PCIE-40GB
mmgnn-raw-logit-v2-20260918,48,avg,client_2,test,probabilities,0.7823460358863475,False,12,784,cuda:0,1.8.1,confirmation,False,3.8.20,0.6.1,2022.09.5,11.1,NVIDIA A100-PCIE-40GB
mmgnn-raw-logit-v2-20260918,48,avg,client_3,val,logits,0.7693740182400627,True,12,783,cuda:0,1.8.1,confirmation,False,3.8.20,0.6.1,2022.09.5,11.1,NVIDIA A100-PCIE-40GB
mmgnn-raw-logit-v2-20260918,48,avg,client_3,val,probabilities,0.7693748716804515,False,12,783,cuda:0,1.8.1,confirmation,False,3.8.20,0.6.1,2022.09.5,11.1,NVIDIA A100-PCIE-40GB
mmgnn-raw-logit-v2-20260918,48,avg,client_3,test,logits,0.7782426040311572,True,12,784,cuda:0,1.8.1,confirmation,False,3.8.20,0.6.1,2022.09.5,11.1,NVIDIA A100-PCIE-40GB
mmgnn-raw-logit-v2-20260918,48,avg,client_3,test,probabilities,0.7782417570788304,False,12,784,cuda:0,1.8.1,confirmation,False,3.8.20,0.6.1,2022.09.5,11.1,NVIDIA A100-PCIE-40GB
mmgnn-raw-logit-v2-20260918,49,avg,server,val,logits,0.77994458284582,True,12,783,cuda:0,1.8.1,confirmation,False,3.8.20,0.6.1,2022.09.5,11.1,NVIDIA A100-PCIE-40GB
mmgnn-raw-logit-v2-20260918,49,avg,server,val,probabilities,0.77994458284582,False,12,783,cuda:0,1.8.1,confirmation,False,3.8.20,0.6.1,2022.09.5,11.1,NVIDIA A100-PCIE-40GB
mmgnn-raw-logit-v2-20260918,49,avg,server,test,logits,0.7882140592572023,True,12,784,cuda:0,1.8.1,confirmation,False,3.8.20,0.6.1,2022.09.5,11.1,NVIDIA A100-PCIE-40GB
mmgnn-raw-logit-v2-20260918,49,avg,server,test,probabilities,0.7882060075901102,False,12,784,cuda:0,1.8.1,confirmation,False,3.8.20,0.6.1,2022.09.5,11.1,NVIDIA A100-PCIE-40GB
mmgnn-raw-logit-v2-20260918,49,avg,client_0,val,logits,0.7716734560035117,True,12,783,cuda:0,1.8.1,confirmation,False,3.8.20,0.6.1,2022.09.5,11.1,NVIDIA A100-PCIE-40GB
mmgnn-raw-logit-v2-20260918,49,avg,client_0,val,probabilities,0.7716734560035117,False,12,783,cuda:0,1.8.1,confirmation,False,3.8.20,0.6.1,2022.09.5,11.1,NVIDIA A100-PCIE-40GB
mmgnn-raw-logit-v2-20260918,49,avg,client_0,test,logits,0.7792775750719859,True,12,784,cuda:0,1.8.1,confirmation,False,3.8.20,0.6.1,2022.09.5,11.1,NVIDIA A100-PCIE-40GB
mmgnn-raw-logit-v2-20260918,49,avg,client_0,test,probabilities,0.7792739727146031,False,12,784,cuda:0,1.8.1,confirmation,False,3.8.20,0.6.1,2022.09.5,11.1,NVIDIA A100-PCIE-40GB
mmgnn-raw-logit-v2-20260918,49,avg,client_1,val,logits,0.7869999128283306,True,12,783,cuda:0,1.8.1,confirmation,False,3.8.20,0.6.1,2022.09.5,11.1,NVIDIA A100-PCIE-40GB
mmgnn-raw-logit-v2-20260918,49,avg,client_1,val,probabilities,0.7869999128283306,False,12,783,cuda:0,1.8.1,confirmation,False,3.8.20,0.6.1,2022.09.5,11.1,NVIDIA A100-PCIE-40GB
mmgnn-raw-logit-v2-20260918,49,avg,client_1,test,logits,0.7929223374840254,True,12,784,cuda:0,1.8.1,confirmation,False,3.8.20,0.6.1,2022.09.5,11.1,NVIDIA A100-PCIE-40GB
mmgnn-raw-logit-v2-20260918,49,avg,client_1,test,probabilities,0.7929186278526048,False,12,784,cuda:0,1.8.1,confirmation,False,3.8.20,0.6.1,2022.09.5,11.1,NVIDIA A100-PCIE-40GB
mmgnn-raw-logit-v2-20260918,49,avg,client_2,val,logits,0.7752249052096948,True,12,783,cuda:0,1.8.1,confirmation,False,3.8.20,0.6.1,2022.09.5,11.1,NVIDIA A100-PCIE-40GB
mmgnn-raw-logit-v2-20260918,49,avg,client_2,val,probabilities,0.7752249052096948,False,12,783,cuda:0,1.8.1,confirmation,False,3.8.20,0.6.1,2022.09.5,11.1,NVIDIA A100-PCIE-40GB
mmgnn-raw-logit-v2-20260918,49,avg,client_2,test,logits,0.7853923682269103,True,12,784,cuda:0,1.8.1,confirmation,False,3.8.20,0.6.1,2022.09.5,11.1,NVIDIA A100-PCIE-40GB
mmgnn-raw-logit-v2-20260918,49,avg,client_2,test,probabilities,0.7853923682269103,False,12,784,cuda:0,1.8.1,confirmation,False,3.8.20,0.6.1,2022.09.5,11.1,NVIDIA A100-PCIE-40GB
mmgnn-raw-logit-v2-20260918,49,avg,client_3,val,logits,0.7622596229649895,True,12,783,cuda:0,1.8.1,confirmation,False,3.8.20,0.6.1,2022.09.5,11.1,NVIDIA A100-PCIE-40GB
mmgnn-raw-logit-v2-20260918,49,avg,client_3,val,probabilities,0.7622596229649895,False,12,783,cuda:0,1.8.1,confirmation,False,3.8.20,0.6.1,2022.09.5,11.1,NVIDIA A100-PCIE-40GB
mmgnn-raw-logit-v2-20260918,49,avg,client_3,test,logits,0.7709130411463431,True,12,784,cuda:0,1.8.1,confirmation,False,3.8.20,0.6.1,2022.09.5,11.1,NVIDIA A100-PCIE-40GB
mmgnn-raw-logit-v2-20260918,49,avg,client_3,test,probabilities,0.7709130411463431,False,12,784,cuda:0,1.8.1,confirmation,False,3.8.20,0.6.1,2022.09.5,11.1,NVIDIA A100-PCIE-40GB
