protocol,round,method,model_scope,split,score_kind,auc,primary,valid_tasks,molecules,device,torch,stage,test_selection,python,dgl,rdkit,cuda_runtime,device_name
mmgnn-raw-logit-v2-20260918,0,fedavg_proto,server,val,logits,0.37671282028947517,True,12,783,cuda:0,1.8.1,confirmation,False,3.8.20,0.6.1,2022.09.5,11.1,NVIDIA A100-PCIE-40GB
mmgnn-raw-logit-v2-20260918,0,fedavg_proto,server,val,probabilities,0.37671282028947517,False,12,783,cuda:0,1.8.1,confirmation,False,3.8.20,0.6.1,2022.09.5,11.1,NVIDIA A100-PCIE-40GB
mmgnn-raw-logit-v2-20260918,0,fedavg_proto,server,test,logits,0.41970298277521617,True,12,784,cuda:0,1.8.1,confirmation,False,3.8.20,0.6.1,2022.09.5,11.1,NVIDIA A100-PCIE-40GB
mmgnn-raw-logit-v2-20260918,0,fedavg_proto,server,test,probabilities,0.41970298277521617,False,12,784,cuda:0,1.8.1,confirmation,False,3.8.20,0.6.1,2022.09.5,11.1,NVIDIA A100-PCIE-40GB
mmgnn-raw-logit-v2-20260918,0,fedavg_proto,client_0,val,logits,0.37409944251248656,True,12,783,cuda:0,1.8.1,confirmation,False,3.8.20,0.6.1,2022.09.5,11.1,NVIDIA A100-PCIE-40GB
mmgnn-raw-logit-v2-20260918,0,fedavg_proto,client_0,val,probabilities,0.37409944251248656,False,12,783,cuda:0,1.8.1,confirmation,False,3.8.20,0.6.1,2022.09.5,11.1,NVIDIA A100-PCIE-40GB
mmgnn-raw-logit-v2-20260918,0,fedavg_proto,client_0,test,logits,0.41646378192438416,True,12,784,cuda:0,1.8.1,confirmation,False,3.8.20,0.6.1,2022.09.5,11.1,NVIDIA A100-PCIE-40GB
mmgnn-raw-logit-v2-20260918,0,fedavg_proto,client_0,test,probabilities,0.41646378192438416,False,12,784,cuda:0,1.8.1,confirmation,False,3.8.20,0.6.1,2022.09.5,11.1,NVIDIA A100-PCIE-40GB
mmgnn-raw-logit-v2-20260918,0,fedavg_proto,client_1,val,logits,0.38298440353969593,True,12,783,cuda:0,1.8.1,confirmation,False,3.8.20,0.6.1,2022.09.5,11.1,NVIDIA A100-PCIE-40GB
mmgnn-raw-logit-v2-20260918,0,fedavg_proto,client_1,val,probabilities,0.38298440353969593,False,12,783,cuda:0,1.8.1,confirmation,False,3.8.20,0.6.1,2022.09.5,11.1,NVIDIA A100-PCIE-40GB
mmgnn-raw-logit-v2-20260918,0,fedavg_proto,client_1,test,logits,0.42768567313678835,True,12,784,cuda:0,1.8.1,confirmation,False,3.8.20,0.6.1,2022.09.5,11.1,NVIDIA A100-PCIE-40GB
mmgnn-raw-logit-v2-20260918,0,fedavg_proto,client_1,test,probabilities,0.42768567313678835,False,12,784,cuda:0,1.8.1,confirmation,False,3.8.20,0.6.1,2022.09.5,11.1,NVIDIA A100-PCIE-40GB
mmgnn-raw-logit-v2-20260918,0,fedavg_proto,client_2,val,logits,0.3787465528032899,True,12,783,cuda:0,1.8.1,confirmation,False,3.8.20,0.6.1,2022.09.5,11.1,NVIDIA A100-PCIE-40GB
mmgnn-raw-logit-v2-20260918,0,fedavg_proto,client_2,val,probabilities,0.3787465528032899,False,12,783,cuda:0,1.8.1,confirmation,False,3.8.20,0.6.1,2022.09.5,11.1,NVIDIA A100-PCIE-40GB
mmgnn-raw-logit-v2-20260918,0,fedavg_proto,client_2,test,logits,0.41964666719714705,True,12,784,cuda:0,1.8.1,confirmation,False,3.8.20,0.6.1,2022.09.5,11.1,NVIDIA A100-PCIE-40GB
mmgnn-raw-logit-v2-20260918,0,fedavg_proto,client_2,test,probabilities,0.41964666719714705,False,12,784,cuda:0,1.8.1,confirmation,False,3.8.20,0.6.1,2022.09.5,11.1,NVIDIA A100-PCIE-40GB
mmgnn-raw-logit-v2-20260918,0,fedavg_proto,client_3,val,logits,0.36931395639091164,True,12,783,cuda:0,1.8.1,confirmation,False,3.8.20,0.6.1,2022.09.5,11.1,NVIDIA A100-PCIE-40GB
mmgnn-raw-logit-v2-20260918,0,fedavg_proto,client_3,val,probabilities,0.36931395639091164,False,12,783,cuda:0,1.8.1,confirmation,False,3.8.20,0.6.1,2022.09.5,11.1,NVIDIA A100-PCIE-40GB
mmgnn-raw-logit-v2-20260918,0,fedavg_proto,client_3,test,logits,0.41341480091029714,True,12,784,cuda:0,1.8.1,confirmation,False,3.8.20,0.6.1,2022.09.5,11.1,NVIDIA A100-PCIE-40GB
mmgnn-raw-logit-v2-20260918,0,fedavg_proto,client_3,test,probabilities,0.41341480091029714,False,12,784,cuda:0,1.8.1,confirmation,False,3.8.20,0.6.1,2022.09.5,11.1,NVIDIA A100-PCIE-40GB
mmgnn-raw-logit-v2-20260918,1,fedavg_proto,server,val,logits,0.7360210608422677,True,12,783,cuda:0,1.8.1,confirmation,False,3.8.20,0.6.1,2022.09.5,11.1,NVIDIA A100-PCIE-40GB
mmgnn-raw-logit-v2-20260918,1,fedavg_proto,server,val,probabilities,0.7360210608422677,False,12,783,cuda:0,1.8.1,confirmation,False,3.8.20,0.6.1,2022.09.5,11.1,NVIDIA A100-PCIE-40GB
mmgnn-raw-logit-v2-20260918,1,fedavg_proto,server,test,logits,0.7111415980299878,True,12,784,cuda:0,1.8.1,confirmation,False,3.8.20,0.6.1,2022.09.5,11.1,NVIDIA A100-PCIE-40GB
mmgnn-raw-logit-v2-20260918,1,fedavg_proto,server,test,probabilities,0.7111415980299878,False,12,784,cuda:0,1.8.1,confirmation,False,3.8.20,0.6.1,2022.09.5,11.1,NVIDIA A100-PCIE-40GB
mmgnn-raw-logit-v2-20260918,1,fedavg_proto,client_0,val,logits,0.726597394587433,True,12,783,cuda:0,1.8.1,confirmation,False,3.8.20,0.6.1,2022.09.5,11.1,NVIDIA A100-PCIE-40GB
mmgnn-raw-logit-v2-20260918,1,fedavg_proto,client_0,val,probabilities,0.726597394587433,False,12,783,cuda:0,1.8.1,confirmation,False,3.8.20,0.6.1,2022.09.5,11.1,NVIDIA A100-PCIE-40GB
mmgnn-raw-logit-v2-20260918,1,fedavg_proto,client_0,test,logits,0.6875425022985256,True,12,784,cuda:0,1.8.1,confirmation,False,3.8.20,0.6.1,2022.09.5,11.1,NVIDIA A100-PCIE-40GB
mmgnn-raw-logit-v2-20260918,1,fedavg_proto,client_0,test,probabilities,0.6875425022985256,False,12,784,cuda:0,1.8.1,confirmation,False,3.8.20,0.6.1,2022.09.5,11.1,NVIDIA A100-PCIE-40GB
mmgnn-raw-logit-v2-20260918,1,fedavg_proto,client_1,val,logits,0.7298134018269726,True,12,783,cuda:0,1.8.1,confirmation,False,3.8.20,0.6.1,2022.09.5,11.1,NVIDIA A100-PCIE-40GB
mmgnn-raw-logit-v2-20260918,1,fedavg_proto,client_1,val,probabilities,0.7298134018269726,False,12,783,cuda:0,1.8.1,confirmation,False,3.8.20,0.6.1,2022.09.5,11.1,NVIDIA A100-PCIE-40GB
mmgnn-raw-logit-v2-20260918,1,fedavg_proto,client_1,test,logits,0.7057960240944273,True,12,784,cuda:0,1.8.1,confirmation,False,3.8.20,0.6.1,2022.09.5,11.1,NVIDIA A100-PCIE-40GB
mmgnn-raw-logit-v2-20260918,1,fedavg_proto,client_1,test,probabilities,0.7057960240944273,False,12,784,cuda:0,1.8.1,confirmation,False,3.8.20,0.6.1,2022.09.5,11.1,NVIDIA A100-PCIE-40GB
mmgnn-raw-logit-v2-20260918,1,fedavg_proto,client_2,val,logits,0.7231261604292589,True,12,783,cuda:0,1.8.1,confirmation,False,3.8.20,0.6.1,2022.09.5,11.1,NVIDIA A100-PCIE-40GB
mmgnn-raw-logit-v2-20260918,1,fedavg_proto,client_2,val,probabilities,0.7231261604292589,False,12,783,cuda:0,1.8.1,confirmation,False,3.8.20,0.6.1,2022.09.5,11.1,NVIDIA A100-PCIE-40GB
mmgnn-raw-logit-v2-20260918,1,fedavg_proto,client_2,test,logits,0.71524505618033,True,12,784,cuda:0,1.8.1,confirmation,False,3.8.20,0.6.1,2022.09.5,11.1,NVIDIA A100-PCIE-40GB
mmgnn-raw-logit-v2-20260918,1,fedavg_proto,client_2,test,probabilities,0.71524505618033,False,12,784,cuda:0,1.8.1,confirmation,False,3.8.20,0.6.1,2022.09.5,11.1,NVIDIA A100-PCIE-40GB
mmgnn-raw-logit-v2-20260918,1,fedavg_proto,client_3,val,logits,0.7372710369077474,True,12,783,cuda:0,1.8.1,confirmation,False,3.8.20,0.6.1,2022.09.5,11.1,NVIDIA A100-PCIE-40GB
mmgnn-raw-logit-v2-20260918,1,fedavg_proto,client_3,val,probabilities,0.7372710369077474,False,12,783,cuda:0,1.8.1,confirmation,False,3.8.20,0.6.1,2022.09.5,11.1,NVIDIA A100-PCIE-40GB
mmgnn-raw-logit-v2-20260918,1,fedavg_proto,client_3,test,logits,0.7109434820492301,True,12,784,cuda:0,1.8.1,confirmation,False,3.8.20,0.6.1,2022.09.5,11.1,NVIDIA A100-PCIE-40GB
mmgnn-raw-logit-v2-20260918,1,fedavg_proto,client_3,test,probabilities,0.7109434820492301,False,12,784,cuda:0,1.8.1,confirmation,False,3.8.20,0.6.1,2022.09.5,11.1,NVIDIA A100-PCIE-40GB
mmgnn-raw-logit-v2-20260918,2,fedavg_proto,server,val,logits,0.7705168255210263,True,12,783,cuda:0,1.8.1,confirmation,False,3.8.20,0.6.1,2022.09.5,11.1,NVIDIA A100-PCIE-40GB
mmgnn-raw-logit-v2-20260918,2,fedavg_proto,server,val,probabilities,0.7705168255210263,False,12,783,cuda:0,1.8.1,confirmation,False,3.8.20,0.6.1,2022.09.5,11.1,NVIDIA A100-PCIE-40GB
mmgnn-raw-logit-v2-20260918,2,fedavg_proto,server,test,logits,0.7442433548733756,True,12,784,cuda:0,1.8.1,confirmation,False,3.8.20,0.6.1,2022.09.5,11.1,NVIDIA A100-PCIE-40GB
mmgnn-raw-logit-v2-20260918,2,fedavg_proto,server,test,probabilities,0.7442433548733756,False,12,784,cuda:0,1.8.1,confirmation,False,3.8.20,0.6.1,2022.09.5,11.1,NVIDIA A100-PCIE-40GB
mmgnn-raw-logit-v2-20260918,2,fedavg_proto,client_0,val,logits,0.7607140545136436,True,12,783,cuda:0,1.8.1,confirmation,False,3.8.20,0.6.1,2022.09.5,11.1,NVIDIA A100-PCIE-40GB
mmgnn-raw-logit-v2-20260918,2,fedavg_proto,client_0,val,probabilities,0.7607140545136436,False,12,783,cuda:0,1.8.1,confirmation,False,3.8.20,0.6.1,2022.09.5,11.1,NVIDIA A100-PCIE-40GB
mmgnn-raw-logit-v2-20260918,2,fedavg_proto,client_0,test,logits,0.7213272423732556,True,12,784,cuda:0,1.8.1,confirmation,False,3.8.20,0.6.1,2022.09.5,11.1,NVIDIA A100-PCIE-40GB
mmgnn-raw-logit-v2-20260918,2,fedavg_proto,client_0,test,probabilities,0.7213272423732556,False,12,784,cuda:0,1.8.1,confirmation,False,3.8.20,0.6.1,2022.09.5,11.1,NVIDIA A100-PCIE-40GB
mmgnn-raw-logit-v2-20260918,2,fedavg_proto,client_1,val,logits,0.7685065416277136,True,12,783,cuda:0,1.8.1,confirmation,False,3.8.20,0.6.1,2022.09.5,11.1,NVIDIA A100-PCIE-40GB
mmgnn-raw-logit-v2-20260918,2,fedavg_proto,client_1,val,probabilities,0.7685065416277136,False,12,783,cuda:0,1.8.1,confirmation,False,3.8.20,0.6.1,2022.09.5,11.1,NVIDIA A100-PCIE-40GB
mmgnn-raw-logit-v2-20260918,2,fedavg_proto,client_1,test,logits,0.7377130236337271,True,12,784,cuda:0,1.8.1,confirmation,False,3.8.20,0.6.1,2022.09.5,11.1,NVIDIA A100-PCIE-40GB
mmgnn-raw-logit-v2-20260918,2,fedavg_proto,client_1,test,probabilities,0.7377130236337271,False,12,784,cuda:0,1.8.1,confirmation,False,3.8.20,0.6.1,2022.09.5,11.1,NVIDIA A100-PCIE-40GB
mmgnn-raw-logit-v2-20260918,2,fedavg_proto,client_2,val,logits,0.7498688813434103,True,12,783,cuda:0,1.8.1,confirmation,False,3.8.20,0.6.1,2022.09.5,11.1,NVIDIA A100-PCIE-40GB
mmgnn-raw-logit-v2-20260918,2,fedavg_proto,client_2,val,probabilities,0.7498688813434103,False,12,783,cuda:0,1.8.1,confirmation,False,3.8.20,0.6.1,2022.09.5,11.1,NVIDIA A100-PCIE-40GB
mmgnn-raw-logit-v2-20260918,2,fedavg_proto,client_2,test,logits,0.7431759377800327,True,12,784,cuda:0,1.8.1,confirmation,False,3.8.20,0.6.1,2022.09.5,11.1,NVIDIA A100-PCIE-40GB
mmgnn-raw-logit-v2-20260918,2,fedavg_proto,client_2,test,probabilities,0.7431759377800327,False,12,784,cuda:0,1.8.1,confirmation,False,3.8.20,0.6.1,2022.09.5,11.1,NVIDIA A100-PCIE-40GB
mmgnn-raw-logit-v2-20260918,2,fedavg_proto,client_3,val,logits,0.755334662259736,True,12,783,cuda:0,1.8.1,confirmation,False,3.8.20,0.6.1,2022.09.5,11.1,NVIDIA A100-PCIE-40GB
mmgnn-raw-logit-v2-20260918,2,fedavg_proto,client_3,val,probabilities,0.755334662259736,False,12,783,cuda:0,1.8.1,confirmation,False,3.8.20,0.6.1,2022.09.5,11.1,NVIDIA A100-PCIE-40GB
mmgnn-raw-logit-v2-20260918,2,fedavg_proto,client_3,test,logits,0.7274358738236573,True,12,784,cuda:0,1.8.1,confirmation,False,3.8.20,0.6.1,2022.09.5,11.1,NVIDIA A100-PCIE-40GB
mmgnn-raw-logit-v2-20260918,2,fedavg_proto,client_3,test,probabilities,0.7274358738236573,False,12,784,cuda:0,1.8.1,confirmation,False,3.8.20,0.6.1,2022.09.5,11.1,NVIDIA A100-PCIE-40GB
mmgnn-raw-logit-v2-20260918,3,fedavg_proto,server,val,logits,0.7893195578370138,True,12,783,cuda:0,1.8.1,confirmation,False,3.8.20,0.6.1,2022.09.5,11.1,NVIDIA A100-PCIE-40GB
mmgnn-raw-logit-v2-20260918,3,fedavg_proto,server,val,probabilities,0.7893195578370138,False,12,783,cuda:0,1.8.1,confirmation,False,3.8.20,0.6.1,2022.09.5,11.1,NVIDIA A100-PCIE-40GB
mmgnn-raw-logit-v2-20260918,3,fedavg_proto,server,test,logits,0.7692660860706347,True,12,784,cuda:0,1.8.1,confirmation,False,3.8.20,0.6.1,2022.09.5,11.1,NVIDIA A100-PCIE-40GB
mmgnn-raw-logit-v2-20260918,3,fedavg_proto,server,test,probabilities,0.7692660860706347,False,12,784,cuda:0,1.8.1,confirmation,False,3.8.20,0.6.1,2022.09.5,11.1,NVIDIA A100-PCIE-40GB
mmgnn-raw-logit-v2-20260918,3,fedavg_proto,client_0,val,logits,0.7838143934585337,True,12,783,cuda:0,1.8.1,confirmation,False,3.8.20,0.6.1,2022.09.5,11.1,NVIDIA A100-PCIE-40GB
mmgnn-raw-logit-v2-20260918,3,fedavg_proto,client_0,val,probabilities,0.7838143934585337,False,12,783,cuda:0,1.8.1,confirmation,False,3.8.20,0.6.1,2022.09.5,11.1,NVIDIA A100-PCIE-40GB
mmgnn-raw-logit-v2-20260918,3,fedavg_proto,client_0,test,logits,0.7514972246782802,True,12,784,cuda:0,1.8.1,confirmation,False,3.8.20,0.6.1,2022.09.5,11.1,NVIDIA A100-PCIE-40GB
mmgnn-raw-logit-v2-20260918,3,fedavg_proto,client_0,test,probabilities,0.7514972246782802,False,12,784,cuda:0,1.8.1,confirmation,False,3.8.20,0.6.1,2022.09.5,11.1,NVIDIA A100-PCIE-40GB
mmgnn-raw-logit-v2-20260918,3,fedavg_proto,client_1,val,logits,0.7836705058088773,True,12,783,cuda:0,1.8.1,confirmation,False,3.8.20,0.6.1,2022.09.5,11.1,NVIDIA A100-PCIE-40GB
mmgnn-raw-logit-v2-20260918,3,fedavg_proto,client_1,val,probabilities,0.7836705058088773,False,12,783,cuda:0,1.8.1,confirmation,False,3.8.20,0.6.1,2022.09.5,11.1,NVIDIA A100-PCIE-40GB
mmgnn-raw-logit-v2-20260918,3,fedavg_proto,client_1,test,logits,0.757879653770564,True,12,784,cuda:0,1.8.1,confirmation,False,3.8.20,0.6.1,2022.09.5,11.1,NVIDIA A100-PCIE-40GB
mmgnn-raw-logit-v2-20260918,3,fedavg_proto,client_1,test,probabilities,0.757879653770564,False,12,784,cuda:0,1.8.1,confirmation,False,3.8.20,0.6.1,2022.09.5,11.1,NVIDIA A100-PCIE-40GB
mmgnn-raw-logit-v2-20260918,3,fedavg_proto,client_2,val,logits,0.7727823156416035,True,12,783,cuda:0,1.8.1,confirmation,False,3.8.20,0.6.1,2022.09.5,11.1,NVIDIA A100-PCIE-40GB
mmgnn-raw-logit-v2-20260918,3,fedavg_proto,client_2,val,probabilities,0.7727823156416035,False,12,783,cuda:0,1.8.1,confirmation,False,3.8.20,0.6.1,2022.09.5,11.1,NVIDIA A100-PCIE-40GB
mmgnn-raw-logit-v2-20260918,3,fedavg_proto,client_2,test,logits,0.7666520066748951,True,12,784,cuda:0,1.8.1,confirmation,False,3.8.20,0.6.1,2022.09.5,11.1,NVIDIA A100-PCIE-40GB
mmgnn-raw-logit-v2-20260918,3,fedavg_proto,client_2,test,probabilities,0.7666520066748951,False,12,784,cuda:0,1.8.1,confirmation,False,3.8.20,0.6.1,2022.09.5,11.1,NVIDIA A100-PCIE-40GB
mmgnn-raw-logit-v2-20260918,3,fedavg_proto,client_3,val,logits,0.7731158002213953,True,12,783,cuda:0,1.8.1,confirmation,False,3.8.20,0.6.1,2022.09.5,11.1,NVIDIA A100-PCIE-40GB
mmgnn-raw-logit-v2-20260918,3,fedavg_proto,client_3,val,probabilities,0.7731158002213953,False,12,783,cuda:0,1.8.1,confirmation,False,3.8.20,0.6.1,2022.09.5,11.1,NVIDIA A100-PCIE-40GB
mmgnn-raw-logit-v2-20260918,3,fedavg_proto,client_3,test,logits,0.7587045757212776,True,12,784,cuda:0,1.8.1,confirmation,False,3.8.20,0.6.1,2022.09.5,11.1,NVIDIA A100-PCIE-40GB
mmgnn-raw-logit-v2-20260918,3,fedavg_proto,client_3,test,probabilities,0.7587045757212776,False,12,784,cuda:0,1.8.1,confirmation,False,3.8.20,0.6.1,2022.09.5,11.1,NVIDIA A100-PCIE-40GB
mmgnn-raw-logit-v2-20260918,4,fedavg_proto,server,val,logits,0.8030342615847933,True,12,783,cuda:0,1.8.1,confirmation,False,3.8.20,0.6.1,2022.09.5,11.1,NVIDIA A100-PCIE-40GB
mmgnn-raw-logit-v2-20260918,4,fedavg_proto,server,val,probabilities,0.8030342615847933,False,12,783,cuda:0,1.8.1,confirmation,False,3.8.20,0.6.1,2022.09.5,11.1,NVIDIA A100-PCIE-40GB
mmgnn-raw-logit-v2-20260918,4,fedavg_proto,server,test,logits,0.7910143774011638,True,12,784,cuda:0,1.8.1,confirmation,False,3.8.20,0.6.1,2022.09.5,11.1,NVIDIA A100-PCIE-40GB
mmgnn-raw-logit-v2-20260918,4,fedavg_proto,server,test,probabilities,0.7910143774011638,False,12,784,cuda:0,1.8.1,confirmation,False,3.8.20,0.6.1,2022.09.5,11.1,NVIDIA A100-PCIE-40GB
mmgnn-raw-logit-v2-20260918,4,fedavg_proto,client_0,val,logits,0.7986363627510475,True,12,783,cuda:0,1.8.1,confirmation,False,3.8.20,0.6.1,2022.09.5,11.1,NVIDIA A100-PCIE-40GB
mmgnn-raw-logit-v2-20260918,4,fedavg_proto,client_0,val,probabilities,0.7986363627510475,False,12,783,cuda:0,1.8.1,confirmation,False,3.8.20,0.6.1,2022.09.5,11.1,NVIDIA A100-PCIE-40GB
mmgnn-raw-logit-v2-20260918,4,fedavg_proto,client_0,test,logits,0.7773523765603407,True,12,784,cuda:0,1.8.1,confirmation,False,3.8.20,0.6.1,2022.09.5,11.1,NVIDIA A100-PCIE-40GB
mmgnn-raw-logit-v2-20260918,4,fedavg_proto,client_0,test,probabilities,0.7773523765603407,False,12,784,cuda:0,1.8.1,confirmation,False,3.8.20,0.6.1,2022.09.5,11.1,NVIDIA A100-PCIE-40GB
mmgnn-raw-logit-v2-20260918,4,fedavg_proto,client_1,val,logits,0.7932883834369425,True,12,783,cuda:0,1.8.1,confirmation,False,3.8.20,0.6.1,2022.09.5,11.1,NVIDIA A100-PCIE-40GB
mmgnn-raw-logit-v2-20260918,4,fedavg_proto,client_1,val,probabilities,0.7932883834369425,False,12,783,cuda:0,1.8.1,confirmation,False,3.8.20,0.6.1,2022.09.5,11.1,NVIDIA A100-PCIE-40GB
mmgnn-raw-logit-v2-20260918,4,fedavg_proto,client_1,test,logits,0.7773905057282494,True,12,784,cuda:0,1.8.1,confirmation,False,3.8.20,0.6.1,2022.09.5,11.1,NVIDIA A100-PCIE-40GB
mmgnn-raw-logit-v2-20260918,4,fedavg_proto,client_1,test,probabilities,0.7773905057282494,False,12,784,cuda:0,1.8.1,confirmation,False,3.8.20,0.6.1,2022.09.5,11.1,NVIDIA A100-PCIE-40GB
mmgnn-raw-logit-v2-20260918,4,fedavg_proto,client_2,val,logits,0.7886884548460246,True,12,783,cuda:0,1.8.1,confirmation,False,3.8.20,0.6.1,2022.09.5,11.1,NVIDIA A100-PCIE-40GB
mmgnn-raw-logit-v2-20260918,4,fedavg_proto,client_2,val,probabilities,0.7886884548460246,False,12,783,cuda:0,1.8.1,confirmation,False,3.8.20,0.6.1,2022.09.5,11.1,NVIDIA A100-PCIE-40GB
mmgnn-raw-logit-v2-20260918,4,fedavg_proto,client_2,test,logits,0.7882865485484429,True,12,784,cuda:0,1.8.1,confirmation,False,3.8.20,0.6.1,2022.09.5,11.1,NVIDIA A100-PCIE-40GB
mmgnn-raw-logit-v2-20260918,4,fedavg_proto,client_2,test,probabilities,0.7882865485484429,False,12,784,cuda:0,1.8.1,confirmation,False,3.8.20,0.6.1,2022.09.5,11.1,NVIDIA A100-PCIE-40GB
mmgnn-raw-logit-v2-20260918,4,fedavg_proto,client_3,val,logits,0.7837196650771457,True,12,783,cuda:0,1.8.1,confirmation,False,3.8.20,0.6.1,2022.09.5,11.1,NVIDIA A100-PCIE-40GB
mmgnn-raw-logit-v2-20260918,4,fedavg_proto,client_3,val,probabilities,0.7837196650771457,False,12,783,cuda:0,1.8.1,confirmation,False,3.8.20,0.6.1,2022.09.5,11.1,NVIDIA A100-PCIE-40GB
mmgnn-raw-logit-v2-20260918,4,fedavg_proto,client_3,test,logits,0.7651601929435788,True,12,784,cuda:0,1.8.1,confirmation,False,3.8.20,0.6.1,2022.09.5,11.1,NVIDIA A100-PCIE-40GB
mmgnn-raw-logit-v2-20260918,4,fedavg_proto,client_3,test,probabilities,0.7651601929435788,False,12,784,cuda:0,1.8.1,confirmation,False,3.8.20,0.6.1,2022.09.5,11.1,NVIDIA A100-PCIE-40GB
mmgnn-raw-logit-v2-20260918,5,fedavg_proto,server,val,logits,0.8135351362074367,True,12,783,cuda:0,1.8.1,confirmation,False,3.8.20,0.6.1,2022.09.5,11.1,NVIDIA A100-PCIE-40GB
mmgnn-raw-logit-v2-20260918,5,fedavg_proto,server,val,probabilities,0.8135351362074367,False,12,783,cuda:0,1.8.1,confirmation,False,3.8.20,0.6.1,2022.09.5,11.1,NVIDIA A100-PCIE-40GB
mmgnn-raw-logit-v2-20260918,5,fedavg_proto,server,test,logits,0.8069017339470482,True,12,784,cuda:0,1.8.1,confirmation,False,3.8.20,0.6.1,2022.09.5,11.1,NVIDIA A100-PCIE-40GB
mmgnn-raw-logit-v2-20260918,5,fedavg_proto,server,test,probabilities,0.8069017339470482,False,12,784,cuda:0,1.8.1,confirmation,False,3.8.20,0.6.1,2022.09.5,11.1,NVIDIA A100-PCIE-40GB
mmgnn-raw-logit-v2-20260918,5,fedavg_proto,client_0,val,logits,0.8086341138238712,True,12,783,cuda:0,1.8.1,confirmation,False,3.8.20,0.6.1,2022.09.5,11.1,NVIDIA A100-PCIE-40GB
mmgnn-raw-logit-v2-20260918,5,fedavg_proto,client_0,val,probabilities,0.8086341138238712,False,12,783,cuda:0,1.8.1,confirmation,False,3.8.20,0.6.1,2022.09.5,11.1,NVIDIA A100-PCIE-40GB
mmgnn-raw-logit-v2-20260918,5,fedavg_proto,client_0,test,logits,0.7847452484416272,True,12,784,cuda:0,1.8.1,confirmation,False,3.8.20,0.6.1,2022.09.5,11.1,NVIDIA A100-PCIE-40GB
mmgnn-raw-logit-v2-20260918,5,fedavg_proto,client_0,test,probabilities,0.7847452484416272,False,12,784,cuda:0,1.8.1,confirmation,False,3.8.20,0.6.1,2022.09.5,11.1,NVIDIA A100-PCIE-40GB
mmgnn-raw-logit-v2-20260918,5,fedavg_proto,client_1,val,logits,0.8087641616497326,True,12,783,cuda:0,1.8.1,confirmation,False,3.8.20,0.6.1,2022.09.5,11.1,NVIDIA A100-PCIE-40GB
mmgnn-raw-logit-v2-20260918,5,fedavg_proto,client_1,val,probabilities,0.8087641616497326,False,12,783,cuda:0,1.8.1,confirmation,False,3.8.20,0.6.1,2022.09.5,11.1,NVIDIA A100-PCIE-40GB
mmgnn-raw-logit-v2-20260918,5,fedavg_proto,client_1,test,logits,0.7972111731548037,True,12,784,cuda:0,1.8.1,confirmation,False,3.8.20,0.6.1,2022.09.5,11.1,NVIDIA A100-PCIE-40GB
mmgnn-raw-logit-v2-20260918,5,fedavg_proto,client_1,test,probabilities,0.7972111731548037,False,12,784,cuda:0,1.8.1,confirmation,False,3.8.20,0.6.1,2022.09.5,11.1,NVIDIA A100-PCIE-40GB
mmgnn-raw-logit-v2-20260918,5,fedavg_proto,client_2,val,logits,0.7974584756280042,True,12,783,cuda:0,1.8.1,confirmation,False,3.8.20,0.6.1,2022.09.5,11.1,NVIDIA A100-PCIE-40GB
mmgnn-raw-logit-v2-20260918,5,fedavg_proto,client_2,val,probabilities,0.7974584756280042,False,12,783,cuda:0,1.8.1,confirmation,False,3.8.20,0.6.1,2022.09.5,11.1,NVIDIA A100-PCIE-40GB
mmgnn-raw-logit-v2-20260918,5,fedavg_proto,client_2,test,logits,0.8006467345574603,True,12,784,cuda:0,1.8.1,confirmation,False,3.8.20,0.6.1,2022.09.5,11.1,NVIDIA A100-PCIE-40GB
mmgnn-raw-logit-v2-20260918,5,fedavg_proto,client_2,test,probabilities,0.8006467345574603,False,12,784,cuda:0,1.8.1,confirmation,False,3.8.20,0.6.1,2022.09.5,11.1,NVIDIA A100-PCIE-40GB
mmgnn-raw-logit-v2-20260918,5,fedavg_proto,client_3,val,logits,0.79177525967802,True,12,783,cuda:0,1.8.1,confirmation,False,3.8.20,0.6.1,2022.09.5,11.1,NVIDIA A100-PCIE-40GB
mmgnn-raw-logit-v2-20260918,5,fedavg_proto,client_3,val,probabilities,0.79177525967802,False,12,783,cuda:0,1.8.1,confirmation,False,3.8.20,0.6.1,2022.09.5,11.1,NVIDIA A100-PCIE-40GB
mmgnn-raw-logit-v2-20260918,5,fedavg_proto,client_3,test,logits,0.7800073840523002,True,12,784,cuda:0,1.8.1,confirmation,False,3.8.20,0.6.1,2022.09.5,11.1,NVIDIA A100-PCIE-40GB
mmgnn-raw-logit-v2-20260918,5,fedavg_proto,client_3,test,probabilities,0.7800073840523002,False,12,784,cuda:0,1.8.1,confirmation,False,3.8.20,0.6.1,2022.09.5,11.1,NVIDIA A100-PCIE-40GB
mmgnn-raw-logit-v2-20260918,6,fedavg_proto,server,val,logits,0.8186419443837029,True,12,783,cuda:0,1.8.1,confirmation,False,3.8.20,0.6.1,2022.09.5,11.1,NVIDIA A100-PCIE-40GB
mmgnn-raw-logit-v2-20260918,6,fedavg_proto,server,val,probabilities,0.8186419443837029,False,12,783,cuda:0,1.8.1,confirmation,False,3.8.20,0.6.1,2022.09.5,11.1,NVIDIA A100-PCIE-40GB
mmgnn-raw-logit-v2-20260918,6,fedavg_proto,server,test,logits,0.8183411448344335,True,12,784,cuda:0,1.8.1,confirmation,False,3.8.20,0.6.1,2022.09.5,11.1,NVIDIA A100-PCIE-40GB
mmgnn-raw-logit-v2-20260918,6,fedavg_proto,server,test,probabilities,0.8183411448344335,False,12,784,cuda:0,1.8.1,confirmation,False,3.8.20,0.6.1,2022.09.5,11.1,NVIDIA A100-PCIE-40GB
mmgnn-raw-logit-v2-20260918,6,fedavg_proto,client_0,val,logits,0.8106237794345977,True,12,783,cuda:0,1.8.1,confirmation,False,3.8.20,0.6.1,2022.09.5,11.1,NVIDIA A100-PCIE-40GB
mmgnn-raw-logit-v2-20260918,6,fedavg_proto,client_0,val,probabilities,0.8106237794345977,False,12,783,cuda:0,1.8.1,confirmation,False,3.8.20,0.6.1,2022.09.5,11.1,NVIDIA A100-PCIE-40GB
mmgnn-raw-logit-v2-20260918,6,fedavg_proto,client_0,test,logits,0.7973755180867051,True,12,784,cuda:0,1.8.1,confirmation,False,3.8.20,0.6.1,2022.09.5,11.1,NVIDIA A100-PCIE-40GB
mmgnn-raw-logit-v2-20260918,6,fedavg_proto,client_0,test,probabilities,0.7973755180867051,False,12,784,cuda:0,1.8.1,confirmation,False,3.8.20,0.6.1,2022.09.5,11.1,NVIDIA A100-PCIE-40GB
mmgnn-raw-logit-v2-20260918,6,fedavg_proto,client_1,val,logits,0.8159787339526416,True,12,783,cuda:0,1.8.1,confirmation,False,3.8.20,0.6.1,2022.09.5,11.1,NVIDIA A100-PCIE-40GB
mmgnn-raw-logit-v2-20260918,6,fedavg_proto,client_1,val,probabilities,0.8159787339526416,False,12,783,cuda:0,1.8.1,confirmation,False,3.8.20,0.6.1,2022.09.5,11.1,NVIDIA A100-PCIE-40GB
mmgnn-raw-logit-v2-20260918,6,fedavg_proto,client_1,test,logits,0.8089013023448053,True,12,784,cuda:0,1.8.1,confirmation,False,3.8.20,0.6.1,2022.09.5,11.1,NVIDIA A100-PCIE-40GB
mmgnn-raw-logit-v2-20260918,6,fedavg_proto,client_1,test,probabilities,0.8089013023448053,False,12,784,cuda:0,1.8.1,confirmation,False,3.8.20,0.6.1,2022.09.5,11.1,NVIDIA A100-PCIE-40GB
mmgnn-raw-logit-v2-20260918,6,fedavg_proto,client_2,val,logits,0.8056602816578263,True,12,783,cuda:0,1.8.1,confirmation,False,3.8.20,0.6.1,2022.09.5,11.1,NVIDIA A100-PCIE-40GB
mmgnn-raw-logit-v2-20260918,6,fedavg_proto,client_2,val,probabilities,0.8056602816578263,False,12,783,cuda:0,1.8.1,confirmation,False,3.8.20,0.6.1,2022.09.5,11.1,NVIDIA A100-PCIE-40GB
mmgnn-raw-logit-v2-20260918,6,fedavg_proto,client_2,test,logits,0.8094829041275974,True,12,784,cuda:0,1.8.1,confirmation,False,3.8.20,0.6.1,2022.09.5,11.1,NVIDIA A100-PCIE-40GB
mmgnn-raw-logit-v2-20260918,6,fedavg_proto,client_2,test,probabilities,0.8094829041275974,False,12,784,cuda:0,1.8.1,confirmation,False,3.8.20,0.6.1,2022.09.5,11.1,NVIDIA A100-PCIE-40GB
mmgnn-raw-logit-v2-20260918,6,fedavg_proto,client_3,val,logits,0.8002014781428329,True,12,783,cuda:0,1.8.1,confirmation,False,3.8.20,0.6.1,2022.09.5,11.1,NVIDIA A100-PCIE-40GB
mmgnn-raw-logit-v2-20260918,6,fedavg_proto,client_3,val,probabilities,0.8002014781428329,False,12,783,cuda:0,1.8.1,confirmation,False,3.8.20,0.6.1,2022.09.5,11.1,NVIDIA A100-PCIE-40GB
mmgnn-raw-logit-v2-20260918,6,fedavg_proto,client_3,test,logits,0.8025827006066167,True,12,784,cuda:0,1.8.1,confirmation,False,3.8.20,0.6.1,2022.09.5,11.1,NVIDIA A100-PCIE-40GB
mmgnn-raw-logit-v2-20260918,6,fedavg_proto,client_3,test,probabilities,0.8025827006066167,False,12,784,cuda:0,1.8.1,confirmation,False,3.8.20,0.6.1,2022.09.5,11.1,NVIDIA A100-PCIE-40GB
mmgnn-raw-logit-v2-20260918,7,fedavg_proto,server,val,logits,0.8237179570475308,True,12,783,cuda:0,1.8.1,confirmation,False,3.8.20,0.6.1,2022.09.5,11.1,NVIDIA A100-PCIE-40GB
mmgnn-raw-logit-v2-20260918,7,fedavg_proto,server,val,probabilities,0.8237179570475308,False,12,783,cuda:0,1.8.1,confirmation,False,3.8.20,0.6.1,2022.09.5,11.1,NVIDIA A100-PCIE-40GB
mmgnn-raw-logit-v2-20260918,7,fedavg_proto,server,test,logits,0.8193019786548476,True,12,784,cuda:0,1.8.1,confirmation,False,3.8.20,0.6.1,2022.09.5,11.1,NVIDIA A100-PCIE-40GB
mmgnn-raw-logit-v2-20260918,7,fedavg_proto,server,test,probabilities,0.8193019786548476,False,12,784,cuda:0,1.8.1,confirmation,False,3.8.20,0.6.1,2022.09.5,11.1,NVIDIA A100-PCIE-40GB
mmgnn-raw-logit-v2-20260918,7,fedavg_proto,client_0,val,logits,0.8194354174145358,True,12,783,cuda:0,1.8.1,confirmation,False,3.8.20,0.6.1,2022.09.5,11.1,NVIDIA A100-PCIE-40GB
mmgnn-raw-logit-v2-20260918,7,fedavg_proto,client_0,val,probabilities,0.8194354174145358,False,12,783,cuda:0,1.8.1,confirmation,False,3.8.20,0.6.1,2022.09.5,11.1,NVIDIA A100-PCIE-40GB
mmgnn-raw-logit-v2-20260918,7,fedavg_proto,client_0,test,logits,0.7984105055442013,True,12,784,cuda:0,1.8.1,confirmation,False,3.8.20,0.6.1,2022.09.5,11.1,NVIDIA A100-PCIE-40GB
mmgnn-raw-logit-v2-20260918,7,fedavg_proto,client_0,test,probabilities,0.7984105055442013,False,12,784,cuda:0,1.8.1,confirmation,False,3.8.20,0.6.1,2022.09.5,11.1,NVIDIA A100-PCIE-40GB
mmgnn-raw-logit-v2-20260918,7,fedavg_proto,client_1,val,logits,0.8171842861631107,True,12,783,cuda:0,1.8.1,confirmation,False,3.8.20,0.6.1,2022.09.5,11.1,NVIDIA A100-PCIE-40GB
mmgnn-raw-logit-v2-20260918,7,fedavg_proto,client_1,val,probabilities,0.8171842861631107,False,12,783,cuda:0,1.8.1,confirmation,False,3.8.20,0.6.1,2022.09.5,11.1,NVIDIA A100-PCIE-40GB
mmgnn-raw-logit-v2-20260918,7,fedavg_proto,client_1,test,logits,0.8084444587727257,True,12,784,cuda:0,1.8.1,confirmation,False,3.8.20,0.6.1,2022.09.5,11.1,NVIDIA A100-PCIE-40GB
mmgnn-raw-logit-v2-20260918,7,fedavg_proto,client_1,test,probabilities,0.8084444587727257,False,12,784,cuda:0,1.8.1,confirmation,False,3.8.20,0.6.1,2022.09.5,11.1,NVIDIA A100-PCIE-40GB
mmgnn-raw-logit-v2-20260918,7,fedavg_proto,client_2,val,logits,0.8046140683050295,True,12,783,cuda:0,1.8.1,confirmation,False,3.8.20,0.6.1,2022.09.5,11.1,NVIDIA A100-PCIE-40GB
mmgnn-raw-logit-v2-20260918,7,fedavg_proto,client_2,val,probabilities,0.8046140683050295,False,12,783,cuda:0,1.8.1,confirmation,False,3.8.20,0.6.1,2022.09.5,11.1,NVIDIA A100-PCIE-40GB
mmgnn-raw-logit-v2-20260918,7,fedavg_proto,client_2,test,logits,0.803510986028555,True,12,784,cuda:0,1.8.1,confirmation,False,3.8.20,0.6.1,2022.09.5,11.1,NVIDIA A100-PCIE-40GB
mmgnn-raw-logit-v2-20260918,7,fedavg_proto,client_2,test,probabilities,0.803510986028555,False,12,784,cuda:0,1.8.1,confirmation,False,3.8.20,0.6.1,2022.09.5,11.1,NVIDIA A100-PCIE-40GB
mmgnn-raw-logit-v2-20260918,7,fedavg_proto,client_3,val,logits,0.8147477512170057,True,12,783,cuda:0,1.8.1,confirmation,False,3.8.20,0.6.1,2022.09.5,11.1,NVIDIA A100-PCIE-40GB
mmgnn-raw-logit-v2-20260918,7,fedavg_proto,client_3,val,probabilities,0.8147477512170057,False,12,783,cuda:0,1.8.1,confirmation,False,3.8.20,0.6.1,2022.09.5,11.1,NVIDIA A100-PCIE-40GB
mmgnn-raw-logit-v2-20260918,7,fedavg_proto,client_3,test,logits,0.8142485063762335,True,12,784,cuda:0,1.8.1,confirmation,False,3.8.20,0.6.1,2022.09.5,11.1,NVIDIA A100-PCIE-40GB
mmgnn-raw-logit-v2-20260918,7,fedavg_proto,client_3,test,probabilities,0.8142485063762335,False,12,784,cuda:0,1.8.1,confirmation,False,3.8.20,0.6.1,2022.09.5,11.1,NVIDIA A100-PCIE-40GB
mmgnn-raw-logit-v2-20260918,8,fedavg_proto,server,val,logits,0.8244718227685514,True,12,783,cuda:0,1.8.1,confirmation,False,3.8.20,0.6.1,2022.09.5,11.1,NVIDIA A100-PCIE-40GB
mmgnn-raw-logit-v2-20260918,8,fedavg_proto,server,val,probabilities,0.8244718227685514,False,12,783,cuda:0,1.8.1,confirmation,False,3.8.20,0.6.1,2022.09.5,11.1,NVIDIA A100-PCIE-40GB
mmgnn-raw-logit-v2-20260918,8,fedavg_proto,server,test,logits,0.8216873481192651,True,12,784,cuda:0,1.8.1,confirmation,False,3.8.20,0.6.1,2022.09.5,11.1,NVIDIA A100-PCIE-40GB
mmgnn-raw-logit-v2-20260918,8,fedavg_proto,server,test,probabilities,0.8216873481192651,False,12,784,cuda:0,1.8.1,confirmation,False,3.8.20,0.6.1,2022.09.5,11.1,NVIDIA A100-PCIE-40GB
mmgnn-raw-logit-v2-20260918,8,fedavg_proto,client_0,val,logits,0.8140407629419717,True,12,783,cuda:0,1.8.1,confirmation,False,3.8.20,0.6.1,2022.09.5,11.1,NVIDIA A100-PCIE-40GB
mmgnn-raw-logit-v2-20260918,8,fedavg_proto,client_0,val,probabilities,0.8140407629419717,False,12,783,cuda:0,1.8.1,confirmation,False,3.8.20,0.6.1,2022.09.5,11.1,NVIDIA A100-PCIE-40GB
mmgnn-raw-logit-v2-20260918,8,fedavg_proto,client_0,test,logits,0.8012876343553629,True,12,784,cuda:0,1.8.1,confirmation,False,3.8.20,0.6.1,2022.09.5,11.1,NVIDIA A100-PCIE-40GB
mmgnn-raw-logit-v2-20260918,8,fedavg_proto,client_0,test,probabilities,0.8012876343553629,False,12,784,cuda:0,1.8.1,confirmation,False,3.8.20,0.6.1,2022.09.5,11.1,NVIDIA A100-PCIE-40GB
mmgnn-raw-logit-v2-20260918,8,fedavg_proto,client_1,val,logits,0.815778058059149,True,12,783,cuda:0,1.8.1,confirmation,False,3.8.20,0.6.1,2022.09.5,11.1,NVIDIA A100-PCIE-40GB
mmgnn-raw-logit-v2-20260918,8,fedavg_proto,client_1,val,probabilities,0.815778058059149,False,12,783,cuda:0,1.8.1,confirmation,False,3.8.20,0.6.1,2022.09.5,11.1,NVIDIA A100-PCIE-40GB
mmgnn-raw-logit-v2-20260918,8,fedavg_proto,client_1,test,logits,0.8120810452945606,True,12,784,cuda:0,1.8.1,confirmation,False,3.8.20,0.6.1,2022.09.5,11.1,NVIDIA A100-PCIE-40GB
mmgnn-raw-logit-v2-20260918,8,fedavg_proto,client_1,test,probabilities,0.8120810452945606,False,12,784,cuda:0,1.8.1,confirmation,False,3.8.20,0.6.1,2022.09.5,11.1,NVIDIA A100-PCIE-40GB
mmgnn-raw-logit-v2-20260918,8,fedavg_proto,client_2,val,logits,0.8100701068032783,True,12,783,cuda:0,1.8.1,confirmation,False,3.8.20,0.6.1,2022.09.5,11.1,NVIDIA A100-PCIE-40GB
mmgnn-raw-logit-v2-20260918,8,fedavg_proto,client_2,val,probabilities,0.8100701068032783,False,12,783,cuda:0,1.8.1,confirmation,False,3.8.20,0.6.1,2022.09.5,11.1,NVIDIA A100-PCIE-40GB
mmgnn-raw-logit-v2-20260918,8,fedavg_proto,client_2,test,logits,0.810481505477307,True,12,784,cuda:0,1.8.1,confirmation,False,3.8.20,0.6.1,2022.09.5,11.1,NVIDIA A100-PCIE-40GB
mmgnn-raw-logit-v2-20260918,8,fedavg_proto,client_2,test,probabilities,0.810481505477307,False,12,784,cuda:0,1.8.1,confirmation,False,3.8.20,0.6.1,2022.09.5,11.1,NVIDIA A100-PCIE-40GB
mmgnn-raw-logit-v2-20260918,8,fedavg_proto,client_3,val,logits,0.8154550422079025,True,12,783,cuda:0,1.8.1,confirmation,False,3.8.20,0.6.1,2022.09.5,11.1,NVIDIA A100-PCIE-40GB
mmgnn-raw-logit-v2-20260918,8,fedavg_proto,client_3,val,probabilities,0.8154550422079025,False,12,783,cuda:0,1.8.1,confirmation,False,3.8.20,0.6.1,2022.09.5,11.1,NVIDIA A100-PCIE-40GB
mmgnn-raw-logit-v2-20260918,8,fedavg_proto,client_3,test,logits,0.810039656006499,True,12,784,cuda:0,1.8.1,confirmation,False,3.8.20,0.6.1,2022.09.5,11.1,NVIDIA A100-PCIE-40GB
mmgnn-raw-logit-v2-20260918,8,fedavg_proto,client_3,test,probabilities,0.810039656006499,False,12,784,cuda:0,1.8.1,confirmation,False,3.8.20,0.6.1,2022.09.5,11.1,NVIDIA A100-PCIE-40GB
mmgnn-raw-logit-v2-20260918,9,fedavg_proto,server,val,logits,0.825253021049718,True,12,783,cuda:0,1.8.1,confirmation,False,3.8.20,0.6.1,2022.09.5,11.1,NVIDIA A100-PCIE-40GB
mmgnn-raw-logit-v2-20260918,9,fedavg_proto,server,val,probabilities,0.825253021049718,False,12,783,cuda:0,1.8.1,confirmation,False,3.8.20,0.6.1,2022.09.5,11.1,NVIDIA A100-PCIE-40GB
mmgnn-raw-logit-v2-20260918,9,fedavg_proto,server,test,logits,0.8211701731306836,True,12,784,cuda:0,1.8.1,confirmation,False,3.8.20,0.6.1,2022.09.5,11.1,NVIDIA A100-PCIE-40GB
mmgnn-raw-logit-v2-20260918,9,fedavg_proto,server,test,probabilities,0.8211701731306836,False,12,784,cuda:0,1.8.1,confirmation,False,3.8.20,0.6.1,2022.09.5,11.1,NVIDIA A100-PCIE-40GB
mmgnn-raw-logit-v2-20260918,9,fedavg_proto,client_0,val,logits,0.8194005944941849,True,12,783,cuda:0,1.8.1,confirmation,False,3.8.20,0.6.1,2022.09.5,11.1,NVIDIA A100-PCIE-40GB
mmgnn-raw-logit-v2-20260918,9,fedavg_proto,client_0,val,probabilities,0.8194005944941849,False,12,783,cuda:0,1.8.1,confirmation,False,3.8.20,0.6.1,2022.09.5,11.1,NVIDIA A100-PCIE-40GB
mmgnn-raw-logit-v2-20260918,9,fedavg_proto,client_0,test,logits,0.8081131683714942,True,12,784,cuda:0,1.8.1,confirmation,False,3.8.20,0.6.1,2022.09.5,11.1,NVIDIA A100-PCIE-40GB
mmgnn-raw-logit-v2-20260918,9,fedavg_proto,client_0,test,probabilities,0.8081131683714942,False,12,784,cuda:0,1.8.1,confirmation,False,3.8.20,0.6.1,2022.09.5,11.1,NVIDIA A100-PCIE-40GB
mmgnn-raw-logit-v2-20260918,9,fedavg_proto,client_1,val,logits,0.8168313902731543,True,12,783,cuda:0,1.8.1,confirmation,False,3.8.20,0.6.1,2022.09.5,11.1,NVIDIA A100-PCIE-40GB
mmgnn-raw-logit-v2-20260918,9,fedavg_proto,client_1,val,probabilities,0.8168313902731543,False,12,783,cuda:0,1.8.1,confirmation,False,3.8.20,0.6.1,2022.09.5,11.1,NVIDIA A100-PCIE-40GB
mmgnn-raw-logit-v2-20260918,9,fedavg_proto,client_1,test,logits,0.8206435122667314,True,12,784,cuda:0,1.8.1,confirmation,False,3.8.20,0.6.1,2022.09.5,11.1,NVIDIA A100-PCIE-40GB
mmgnn-raw-logit-v2-20260918,9,fedavg_proto,client_1,test,probabilities,0.8206435122667314,False,12,784,cuda:0,1.8.1,confirmation,False,3.8.20,0.6.1,2022.09.5,11.1,NVIDIA A100-PCIE-40GB
mmgnn-raw-logit-v2-20260918,9,fedavg_proto,client_2,val,logits,0.8032013933071788,True,12,783,cuda:0,1.8.1,confirmation,False,3.8.20,0.6.1,2022.09.5,11.1,NVIDIA A100-PCIE-40GB
mmgnn-raw-logit-v2-20260918,9,fedavg_proto,client_2,val,probabilities,0.8032013933071788,False,12,783,cuda:0,1.8.1,confirmation,False,3.8.20,0.6.1,2022.09.5,11.1,NVIDIA A100-PCIE-40GB
mmgnn-raw-logit-v2-20260918,9,fedavg_proto,client_2,test,logits,0.8023944520315923,True,12,784,cuda:0,1.8.1,confirmation,False,3.8.20,0.6.1,2022.09.5,11.1,NVIDIA A100-PCIE-40GB
mmgnn-raw-logit-v2-20260918,9,fedavg_proto,client_2,test,probabilities,0.8023944520315923,False,12,784,cuda:0,1.8.1,confirmation,False,3.8.20,0.6.1,2022.09.5,11.1,NVIDIA A100-PCIE-40GB
mmgnn-raw-logit-v2-20260918,9,fedavg_proto,client_3,val,logits,0.8089654011423644,True,12,783,cuda:0,1.8.1,confirmation,False,3.8.20,0.6.1,2022.09.5,11.1,NVIDIA A100-PCIE-40GB
mmgnn-raw-logit-v2-20260918,9,fedavg_proto,client_3,val,probabilities,0.8089654011423644,False,12,783,cuda:0,1.8.1,confirmation,False,3.8.20,0.6.1,2022.09.5,11.1,NVIDIA A100-PCIE-40GB
mmgnn-raw-logit-v2-20260918,9,fedavg_proto,client_3,test,logits,0.7938121230721716,True,12,784,cuda:0,1.8.1,confirmation,False,3.8.20,0.6.1,2022.09.5,11.1,NVIDIA A100-PCIE-40GB
mmgnn-raw-logit-v2-20260918,9,fedavg_proto,client_3,test,probabilities,0.7938121230721716,False,12,784,cuda:0,1.8.1,confirmation,False,3.8.20,0.6.1,2022.09.5,11.1,NVIDIA A100-PCIE-40GB
mmgnn-raw-logit-v2-20260918,10,fedavg_proto,server,val,logits,0.8299504631860236,True,12,783,cuda:0,1.8.1,confirmation,False,3.8.20,0.6.1,2022.09.5,11.1,NVIDIA A100-PCIE-40GB
mmgnn-raw-logit-v2-20260918,10,fedavg_proto,server,val,probabilities,0.8299504631860236,False,12,783,cuda:0,1.8.1,confirmation,False,3.8.20,0.6.1,2022.09.5,11.1,NVIDIA A100-PCIE-40GB
mmgnn-raw-logit-v2-20260918,10,fedavg_proto,server,test,logits,0.8229462606665052,True,12,784,cuda:0,1.8.1,confirmation,False,3.8.20,0.6.1,2022.09.5,11.1,NVIDIA A100-PCIE-40GB
mmgnn-raw-logit-v2-20260918,10,fedavg_proto,server,test,probabilities,0.8229462606665052,False,12,784,cuda:0,1.8.1,confirmation,False,3.8.20,0.6.1,2022.09.5,11.1,NVIDIA A100-PCIE-40GB
mmgnn-raw-logit-v2-20260918,10,fedavg_proto,client_0,val,logits,0.8212401726360036,True,12,783,cuda:0,1.8.1,confirmation,False,3.8.20,0.6.1,2022.09.5,11.1,NVIDIA A100-PCIE-40GB
mmgnn-raw-logit-v2-20260918,10,fedavg_proto,client_0,val,probabilities,0.8212401726360036,False,12,783,cuda:0,1.8.1,confirmation,False,3.8.20,0.6.1,2022.09.5,11.1,NVIDIA A100-PCIE-40GB
mmgnn-raw-logit-v2-20260918,10,fedavg_proto,client_0,test,logits,0.8082031521063384,True,12,784,cuda:0,1.8.1,confirmation,False,3.8.20,0.6.1,2022.09.5,11.1,NVIDIA A100-PCIE-40GB
mmgnn-raw-logit-v2-20260918,10,fedavg_proto,client_0,test,probabilities,0.8082031521063384,False,12,784,cuda:0,1.8.1,confirmation,False,3.8.20,0.6.1,2022.09.5,11.1,NVIDIA A100-PCIE-40GB
mmgnn-raw-logit-v2-20260918,10,fedavg_proto,client_1,val,logits,0.8287049991793008,True,12,783,cuda:0,1.8.1,confirmation,False,3.8.20,0.6.1,2022.09.5,11.1,NVIDIA A100-PCIE-40GB
mmgnn-raw-logit-v2-20260918,10,fedavg_proto,client_1,val,probabilities,0.8287049991793008,False,12,783,cuda:0,1.8.1,confirmation,False,3.8.20,0.6.1,2022.09.5,11.1,NVIDIA A100-PCIE-40GB
mmgnn-raw-logit-v2-20260918,10,fedavg_proto,client_1,test,logits,0.8245437048565005,True,12,784,cuda:0,1.8.1,confirmation,False,3.8.20,0.6.1,2022.09.5,11.1,NVIDIA A100-PCIE-40GB
mmgnn-raw-logit-v2-20260918,10,fedavg_proto,client_1,test,probabilities,0.8245437048565005,False,12,784,cuda:0,1.8.1,confirmation,False,3.8.20,0.6.1,2022.09.5,11.1,NVIDIA A100-PCIE-40GB
mmgnn-raw-logit-v2-20260918,10,fedavg_proto,client_2,val,logits,0.8043527989653794,True,12,783,cuda:0,1.8.1,confirmation,False,3.8.20,0.6.1,2022.09.5,11.1,NVIDIA A100-PCIE-40GB
mmgnn-raw-logit-v2-20260918,10,fedavg_proto,client_2,val,probabilities,0.8043527989653794,False,12,783,cuda:0,1.8.1,confirmation,False,3.8.20,0.6.1,2022.09.5,11.1,NVIDIA A100-PCIE-40GB
mmgnn-raw-logit-v2-20260918,10,fedavg_proto,client_2,test,logits,0.7989073132886362,True,12,784,cuda:0,1.8.1,confirmation,False,3.8.20,0.6.1,2022.09.5,11.1,NVIDIA A100-PCIE-40GB
mmgnn-raw-logit-v2-20260918,10,fedavg_proto,client_2,test,probabilities,0.7989073132886362,False,12,784,cuda:0,1.8.1,confirmation,False,3.8.20,0.6.1,2022.09.5,11.1,NVIDIA A100-PCIE-40GB
mmgnn-raw-logit-v2-20260918,10,fedavg_proto,client_3,val,logits,0.8200112243861937,True,12,783,cuda:0,1.8.1,confirmation,False,3.8.20,0.6.1,2022.09.5,11.1,NVIDIA A100-PCIE-40GB
mmgnn-raw-logit-v2-20260918,10,fedavg_proto,client_3,val,probabilities,0.8200112243861937,False,12,783,cuda:0,1.8.1,confirmation,False,3.8.20,0.6.1,2022.09.5,11.1,NVIDIA A100-PCIE-40GB
mmgnn-raw-logit-v2-20260918,10,fedavg_proto,client_3,test,logits,0.8106289052554772,True,12,784,cuda:0,1.8.1,confirmation,False,3.8.20,0.6.1,2022.09.5,11.1,NVIDIA A100-PCIE-40GB
mmgnn-raw-logit-v2-20260918,10,fedavg_proto,client_3,test,probabilities,0.8106289052554772,False,12,784,cuda:0,1.8.1,confirmation,False,3.8.20,0.6.1,2022.09.5,11.1,NVIDIA A100-PCIE-40GB
mmgnn-raw-logit-v2-20260918,11,fedavg_proto,server,val,logits,0.8297360099955248,True,12,783,cuda:0,1.8.1,confirmation,False,3.8.20,0.6.1,2022.09.5,11.1,NVIDIA A100-PCIE-40GB
mmgnn-raw-logit-v2-20260918,11,fedavg_proto,server,val,probabilities,0.8297360099955248,False,12,783,cuda:0,1.8.1,confirmation,False,3.8.20,0.6.1,2022.09.5,11.1,NVIDIA A100-PCIE-40GB
mmgnn-raw-logit-v2-20260918,11,fedavg_proto,server,test,logits,0.822888561667388,True,12,784,cuda:0,1.8.1,confirmation,False,3.8.20,0.6.1,2022.09.5,11.1,NVIDIA A100-PCIE-40GB
mmgnn-raw-logit-v2-20260918,11,fedavg_proto,server,test,probabilities,0.822888561667388,False,12,784,cuda:0,1.8.1,confirmation,False,3.8.20,0.6.1,2022.09.5,11.1,NVIDIA A100-PCIE-40GB
mmgnn-raw-logit-v2-20260918,11,fedavg_proto,client_0,val,logits,0.8234871253977802,True,12,783,cuda:0,1.8.1,confirmation,False,3.8.20,0.6.1,2022.09.5,11.1,NVIDIA A100-PCIE-40GB
mmgnn-raw-logit-v2-20260918,11,fedavg_proto,client_0,val,probabilities,0.8234871253977802,False,12,783,cuda:0,1.8.1,confirmation,False,3.8.20,0.6.1,2022.09.5,11.1,NVIDIA A100-PCIE-40GB
mmgnn-raw-logit-v2-20260918,11,fedavg_proto,client_0,test,logits,0.8109060607832403,True,12,784,cuda:0,1.8.1,confirmation,False,3.8.20,0.6.1,2022.09.5,11.1,NVIDIA A100-PCIE-40GB
mmgnn-raw-logit-v2-20260918,11,fedavg_proto,client_0,test,probabilities,0.8109060607832403,False,12,784,cuda:0,1.8.1,confirmation,False,3.8.20,0.6.1,2022.09.5,11.1,NVIDIA A100-PCIE-40GB
mmgnn-raw-logit-v2-20260918,11,fedavg_proto,client_1,val,logits,0.824907819939468,True,12,783,cuda:0,1.8.1,confirmation,False,3.8.20,0.6.1,2022.09.5,11.1,NVIDIA A100-PCIE-40GB
mmgnn-raw-logit-v2-20260918,11,fedavg_proto,client_1,val,probabilities,0.824907819939468,False,12,783,cuda:0,1.8.1,confirmation,False,3.8.20,0.6.1,2022.09.5,11.1,NVIDIA A100-PCIE-40GB
mmgnn-raw-logit-v2-20260918,11,fedavg_proto,client_1,test,logits,0.8227853600327352,True,12,784,cuda:0,1.8.1,confirmation,False,3.8.20,0.6.1,2022.09.5,11.1,NVIDIA A100-PCIE-40GB
mmgnn-raw-logit-v2-20260918,11,fedavg_proto,client_1,test,probabilities,0.8227853600327352,False,12,784,cuda:0,1.8.1,confirmation,False,3.8.20,0.6.1,2022.09.5,11.1,NVIDIA A100-PCIE-40GB
mmgnn-raw-logit-v2-20260918,11,fedavg_proto,client_2,val,logits,0.809683499770708,True,12,783,cuda:0,1.8.1,confirmation,False,3.8.20,0.6.1,2022.09.5,11.1,NVIDIA A100-PCIE-40GB
mmgnn-raw-logit-v2-20260918,11,fedavg_proto,client_2,val,probabilities,0.809683499770708,False,12,783,cuda:0,1.8.1,confirmation,False,3.8.20,0.6.1,2022.09.5,11.1,NVIDIA A100-PCIE-40GB
mmgnn-raw-logit-v2-20260918,11,fedavg_proto,client_2,test,logits,0.8020903711588149,True,12,784,cuda:0,1.8.1,confirmation,False,3.8.20,0.6.1,2022.09.5,11.1,NVIDIA A100-PCIE-40GB
mmgnn-raw-logit-v2-20260918,11,fedavg_proto,client_2,test,probabilities,0.8020903711588149,False,12,784,cuda:0,1.8.1,confirmation,False,3.8.20,0.6.1,2022.09.5,11.1,NVIDIA A100-PCIE-40GB
mmgnn-raw-logit-v2-20260918,11,fedavg_proto,client_3,val,logits,0.8159633465185996,True,12,783,cuda:0,1.8.1,confirmation,False,3.8.20,0.6.1,2022.09.5,11.1,NVIDIA A100-PCIE-40GB
mmgnn-raw-logit-v2-20260918,11,fedavg_proto,client_3,val,probabilities,0.8159633465185996,False,12,783,cuda:0,1.8.1,confirmation,False,3.8.20,0.6.1,2022.09.5,11.1,NVIDIA A100-PCIE-40GB
mmgnn-raw-logit-v2-20260918,11,fedavg_proto,client_3,test,logits,0.8050352274311495,True,12,784,cuda:0,1.8.1,confirmation,False,3.8.20,0.6.1,2022.09.5,11.1,NVIDIA A100-PCIE-40GB
mmgnn-raw-logit-v2-20260918,11,fedavg_proto,client_3,test,probabilities,0.8050352274311495,False,12,784,cuda:0,1.8.1,confirmation,False,3.8.20,0.6.1,2022.09.5,11.1,NVIDIA A100-PCIE-40GB
mmgnn-raw-logit-v2-20260918,12,fedavg_proto,server,val,logits,0.825822127053592,True,12,783,cuda:0,1.8.1,confirmation,False,3.8.20,0.6.1,2022.09.5,11.1,NVIDIA A100-PCIE-40GB
mmgnn-raw-logit-v2-20260918,12,fedavg_proto,server,val,probabilities,0.825822127053592,False,12,783,cuda:0,1.8.1,confirmation,False,3.8.20,0.6.1,2022.09.5,11.1,NVIDIA A100-PCIE-40GB
mmgnn-raw-logit-v2-20260918,12,fedavg_proto,server,test,logits,0.81167223011771,True,12,784,cuda:0,1.8.1,confirmation,False,3.8.20,0.6.1,2022.09.5,11.1,NVIDIA A100-PCIE-40GB
mmgnn-raw-logit-v2-20260918,12,fedavg_proto,server,test,probabilities,0.81167223011771,False,12,784,cuda:0,1.8.1,confirmation,False,3.8.20,0.6.1,2022.09.5,11.1,NVIDIA A100-PCIE-40GB
mmgnn-raw-logit-v2-20260918,12,fedavg_proto,client_0,val,logits,0.8100672835796633,True,12,783,cuda:0,1.8.1,confirmation,False,3.8.20,0.6.1,2022.09.5,11.1,NVIDIA A100-PCIE-40GB
mmgnn-raw-logit-v2-20260918,12,fedavg_proto,client_0,val,probabilities,0.8100672835796633,False,12,783,cuda:0,1.8.1,confirmation,False,3.8.20,0.6.1,2022.09.5,11.1,NVIDIA A100-PCIE-40GB
mmgnn-raw-logit-v2-20260918,12,fedavg_proto,client_0,test,logits,0.7894605124120609,True,12,784,cuda:0,1.8.1,confirmation,False,3.8.20,0.6.1,2022.09.5,11.1,NVIDIA A100-PCIE-40GB
mmgnn-raw-logit-v2-20260918,12,fedavg_proto,client_0,test,probabilities,0.7894605124120609,False,12,784,cuda:0,1.8.1,confirmation,False,3.8.20,0.6.1,2022.09.5,11.1,NVIDIA A100-PCIE-40GB
mmgnn-raw-logit-v2-20260918,12,fedavg_proto,client_1,val,logits,0.8285192583190688,True,12,783,cuda:0,1.8.1,confirmation,False,3.8.20,0.6.1,2022.09.5,11.1,NVIDIA A100-PCIE-40GB
mmgnn-raw-logit-v2-20260918,12,fedavg_proto,client_1,val,probabilities,0.8285192583190688,False,12,783,cuda:0,1.8.1,confirmation,False,3.8.20,0.6.1,2022.09.5,11.1,NVIDIA A100-PCIE-40GB
mmgnn-raw-logit-v2-20260918,12,fedavg_proto,client_1,test,logits,0.8159479224831555,True,12,784,cuda:0,1.8.1,confirmation,False,3.8.20,0.6.1,2022.09.5,11.1,NVIDIA A100-PCIE-40GB
mmgnn-raw-logit-v2-20260918,12,fedavg_proto,client_1,test,probabilities,0.8159479224831555,False,12,784,cuda:0,1.8.1,confirmation,False,3.8.20,0.6.1,2022.09.5,11.1,NVIDIA A100-PCIE-40GB
mmgnn-raw-logit-v2-20260918,12,fedavg_proto,client_2,val,logits,0.8086805096830365,True,12,783,cuda:0,1.8.1,confirmation,False,3.8.20,0.6.1,2022.09.5,11.1,NVIDIA A100-PCIE-40GB
mmgnn-raw-logit-v2-20260918,12,fedavg_proto,client_2,val,probabilities,0.8086805096830365,False,12,783,cuda:0,1.8.1,confirmation,False,3.8.20,0.6.1,2022.09.5,11.1,NVIDIA A100-PCIE-40GB
mmgnn-raw-logit-v2-20260918,12,fedavg_proto,client_2,test,logits,0.7995023146859563,True,12,784,cuda:0,1.8.1,confirmation,False,3.8.20,0.6.1,2022.09.5,11.1,NVIDIA A100-PCIE-40GB
mmgnn-raw-logit-v2-20260918,12,fedavg_proto,client_2,test,probabilities,0.7995023146859563,False,12,784,cuda:0,1.8.1,confirmation,False,3.8.20,0.6.1,2022.09.5,11.1,NVIDIA A100-PCIE-40GB
mmgnn-raw-logit-v2-20260918,12,fedavg_proto,client_3,val,logits,0.8065320074851209,True,12,783,cuda:0,1.8.1,confirmation,False,3.8.20,0.6.1,2022.09.5,11.1,NVIDIA A100-PCIE-40GB
mmgnn-raw-logit-v2-20260918,12,fedavg_proto,client_3,val,probabilities,0.8065320074851209,False,12,783,cuda:0,1.8.1,confirmation,False,3.8.20,0.6.1,2022.09.5,11.1,NVIDIA A100-PCIE-40GB
mmgnn-raw-logit-v2-20260918,12,fedavg_proto,client_3,test,logits,0.7870468416566503,True,12,784,cuda:0,1.8.1,confirmation,False,3.8.20,0.6.1,2022.09.5,11.1,NVIDIA A100-PCIE-40GB
mmgnn-raw-logit-v2-20260918,12,fedavg_proto,client_3,test,probabilities,0.7870468416566503,False,12,784,cuda:0,1.8.1,confirmation,False,3.8.20,0.6.1,2022.09.5,11.1,NVIDIA A100-PCIE-40GB
mmgnn-raw-logit-v2-20260918,13,fedavg_proto,server,val,logits,0.8274598338674876,True,12,783,cuda:0,1.8.1,confirmation,False,3.8.20,0.6.1,2022.09.5,11.1,NVIDIA A100-PCIE-40GB
mmgnn-raw-logit-v2-20260918,13,fedavg_proto,server,val,probabilities,0.8274598338674876,False,12,783,cuda:0,1.8.1,confirmation,False,3.8.20,0.6.1,2022.09.5,11.1,NVIDIA A100-PCIE-40GB
mmgnn-raw-logit-v2-20260918,13,fedavg_proto,server,test,logits,0.8194268450436818,True,12,784,cuda:0,1.8.1,confirmation,False,3.8.20,0.6.1,2022.09.5,11.1,NVIDIA A100-PCIE-40GB
mmgnn-raw-logit-v2-20260918,13,fedavg_proto,server,test,probabilities,0.8194268450436818,False,12,784,cuda:0,1.8.1,confirmation,False,3.8.20,0.6.1,2022.09.5,11.1,NVIDIA A100-PCIE-40GB
mmgnn-raw-logit-v2-20260918,13,fedavg_proto,client_0,val,logits,0.8116909873457967,True,12,783,cuda:0,1.8.1,confirmation,False,3.8.20,0.6.1,2022.09.5,11.1,NVIDIA A100-PCIE-40GB
mmgnn-raw-logit-v2-20260918,13,fedavg_proto,client_0,val,probabilities,0.8116909873457967,False,12,783,cuda:0,1.8.1,confirmation,False,3.8.20,0.6.1,2022.09.5,11.1,NVIDIA A100-PCIE-40GB
mmgnn-raw-logit-v2-20260918,13,fedavg_proto,client_0,test,logits,0.7955970406617158,True,12,784,cuda:0,1.8.1,confirmation,False,3.8.20,0.6.1,2022.09.5,11.1,NVIDIA A100-PCIE-40GB
mmgnn-raw-logit-v2-20260918,13,fedavg_proto,client_0,test,probabilities,0.7955970406617158,False,12,784,cuda:0,1.8.1,confirmation,False,3.8.20,0.6.1,2022.09.5,11.1,NVIDIA A100-PCIE-40GB
mmgnn-raw-logit-v2-20260918,13,fedavg_proto,client_1,val,logits,0.8282161749694867,True,12,783,cuda:0,1.8.1,confirmation,False,3.8.20,0.6.1,2022.09.5,11.1,NVIDIA A100-PCIE-40GB
mmgnn-raw-logit-v2-20260918,13,fedavg_proto,client_1,val,probabilities,0.8282161749694867,False,12,783,cuda:0,1.8.1,confirmation,False,3.8.20,0.6.1,2022.09.5,11.1,NVIDIA A100-PCIE-40GB
mmgnn-raw-logit-v2-20260918,13,fedavg_proto,client_1,test,logits,0.8215285314146713,True,12,784,cuda:0,1.8.1,confirmation,False,3.8.20,0.6.1,2022.09.5,11.1,NVIDIA A100-PCIE-40GB
mmgnn-raw-logit-v2-20260918,13,fedavg_proto,client_1,test,probabilities,0.8215285314146713,False,12,784,cuda:0,1.8.1,confirmation,False,3.8.20,0.6.1,2022.09.5,11.1,NVIDIA A100-PCIE-40GB
mmgnn-raw-logit-v2-20260918,13,fedavg_proto,client_2,val,logits,0.8063789101187728,True,12,783,cuda:0,1.8.1,confirmation,False,3.8.20,0.6.1,2022.09.5,11.1,NVIDIA A100-PCIE-40GB
mmgnn-raw-logit-v2-20260918,13,fedavg_proto,client_2,val,probabilities,0.8063789101187728,False,12,783,cuda:0,1.8.1,confirmation,False,3.8.20,0.6.1,2022.09.5,11.1,NVIDIA A100-PCIE-40GB
mmgnn-raw-logit-v2-20260918,13,fedavg_proto,client_2,test,logits,0.8058313535664872,True,12,784,cuda:0,1.8.1,confirmation,False,3.8.20,0.6.1,2022.09.5,11.1,NVIDIA A100-PCIE-40GB
mmgnn-raw-logit-v2-20260918,13,fedavg_proto,client_2,test,probabilities,0.8058313535664872,False,12,784,cuda:0,1.8.1,confirmation,False,3.8.20,0.6.1,2022.09.5,11.1,NVIDIA A100-PCIE-40GB
mmgnn-raw-logit-v2-20260918,13,fedavg_proto,client_3,val,logits,0.816142854365746,True,12,783,cuda:0,1.8.1,confirmation,False,3.8.20,0.6.1,2022.09.5,11.1,NVIDIA A100-PCIE-40GB
mmgnn-raw-logit-v2-20260918,13,fedavg_proto,client_3,val,probabilities,0.816142854365746,False,12,783,cuda:0,1.8.1,confirmation,False,3.8.20,0.6.1,2022.09.5,11.1,NVIDIA A100-PCIE-40GB
mmgnn-raw-logit-v2-20260918,13,fedavg_proto,client_3,test,logits,0.8086438727029358,True,12,784,cuda:0,1.8.1,confirmation,False,3.8.20,0.6.1,2022.09.5,11.1,NVIDIA A100-PCIE-40GB
mmgnn-raw-logit-v2-20260918,13,fedavg_proto,client_3,test,probabilities,0.8086438727029358,False,12,784,cuda:0,1.8.1,confirmation,False,3.8.20,0.6.1,2022.09.5,11.1,NVIDIA A100-PCIE-40GB
mmgnn-raw-logit-v2-20260918,14,fedavg_proto,server,val,logits,0.8189518444579235,True,12,783,cuda:0,1.8.1,confirmation,False,3.8.20,0.6.1,2022.09.5,11.1,NVIDIA A100-PCIE-40GB
mmgnn-raw-logit-v2-20260918,14,fedavg_proto,server,val,probabilities,0.8189518444579235,False,12,783,cuda:0,1.8.1,confirmation,False,3.8.20,0.6.1,2022.09.5,11.1,NVIDIA A100-PCIE-40GB
mmgnn-raw-logit-v2-20260918,14,fedavg_proto,server,test,logits,0.8038232839530859,True,12,784,cuda:0,1.8.1,confirmation,False,3.8.20,0.6.1,2022.09.5,11.1,NVIDIA A100-PCIE-40GB
mmgnn-raw-logit-v2-20260918,14,fedavg_proto,server,test,probabilities,0.8038232839530859,False,12,784,cuda:0,1.8.1,confirmation,False,3.8.20,0.6.1,2022.09.5,11.1,NVIDIA A100-PCIE-40GB
mmgnn-raw-logit-v2-20260918,14,fedavg_proto,client_0,val,logits,0.8067504604556023,True,12,783,cuda:0,1.8.1,confirmation,False,3.8.20,0.6.1,2022.09.5,11.1,NVIDIA A100-PCIE-40GB
mmgnn-raw-logit-v2-20260918,14,fedavg_proto,client_0,val,probabilities,0.8067504604556023,False,12,783,cuda:0,1.8.1,confirmation,False,3.8.20,0.6.1,2022.09.5,11.1,NVIDIA A100-PCIE-40GB
mmgnn-raw-logit-v2-20260918,14,fedavg_proto,client_0,test,logits,0.7875972762713918,True,12,784,cuda:0,1.8.1,confirmation,False,3.8.20,0.6.1,2022.09.5,11.1,NVIDIA A100-PCIE-40GB
mmgnn-raw-logit-v2-20260918,14,fedavg_proto,client_0,test,probabilities,0.7875972762713918,False,12,784,cuda:0,1.8.1,confirmation,False,3.8.20,0.6.1,2022.09.5,11.1,NVIDIA A100-PCIE-40GB
mmgnn-raw-logit-v2-20260918,14,fedavg_proto,client_1,val,logits,0.8253133357296436,True,12,783,cuda:0,1.8.1,confirmation,False,3.8.20,0.6.1,2022.09.5,11.1,NVIDIA A100-PCIE-40GB
mmgnn-raw-logit-v2-20260918,14,fedavg_proto,client_1,val,probabilities,0.8253133357296436,False,12,783,cuda:0,1.8.1,confirmation,False,3.8.20,0.6.1,2022.09.5,11.1,NVIDIA A100-PCIE-40GB
mmgnn-raw-logit-v2-20260918,14,fedavg_proto,client_1,test,logits,0.8213490882585511,True,12,784,cuda:0,1.8.1,confirmation,False,3.8.20,0.6.1,2022.09.5,11.1,NVIDIA A100-PCIE-40GB
mmgnn-raw-logit-v2-20260918,14,fedavg_proto,client_1,test,probabilities,0.8213490882585511,False,12,784,cuda:0,1.8.1,confirmation,False,3.8.20,0.6.1,2022.09.5,11.1,NVIDIA A100-PCIE-40GB
mmgnn-raw-logit-v2-20260918,14,fedavg_proto,client_2,val,logits,0.7894516387262364,True,12,783,cuda:0,1.8.1,confirmation,False,3.8.20,0.6.1,2022.09.5,11.1,NVIDIA A100-PCIE-40GB
mmgnn-raw-logit-v2-20260918,14,fedavg_proto,client_2,val,probabilities,0.7894516387262364,False,12,783,cuda:0,1.8.1,confirmation,False,3.8.20,0.6.1,2022.09.5,11.1,NVIDIA A100-PCIE-40GB
mmgnn-raw-logit-v2-20260918,14,fedavg_proto,client_2,test,logits,0.7690862503046642,True,12,784,cuda:0,1.8.1,confirmation,False,3.8.20,0.6.1,2022.09.5,11.1,NVIDIA A100-PCIE-40GB
mmgnn-raw-logit-v2-20260918,14,fedavg_proto,client_2,test,probabilities,0.7690862503046642,False,12,784,cuda:0,1.8.1,confirmation,False,3.8.20,0.6.1,2022.09.5,11.1,NVIDIA A100-PCIE-40GB
mmgnn-raw-logit-v2-20260918,14,fedavg_proto,client_3,val,logits,0.8077731595389149,True,12,783,cuda:0,1.8.1,confirmation,False,3.8.20,0.6.1,2022.09.5,11.1,NVIDIA A100-PCIE-40GB
mmgnn-raw-logit-v2-20260918,14,fedavg_proto,client_3,val,probabilities,0.8077731595389149,False,12,783,cuda:0,1.8.1,confirmation,False,3.8.20,0.6.1,2022.09.5,11.1,NVIDIA A100-PCIE-40GB
mmgnn-raw-logit-v2-20260918,14,fedavg_proto,client_3,test,logits,0.7868359222691111,True,12,784,cuda:0,1.8.1,confirmation,False,3.8.20,0.6.1,2022.09.5,11.1,NVIDIA A100-PCIE-40GB
mmgnn-raw-logit-v2-20260918,14,fedavg_proto,client_3,test,probabilities,0.7868359222691111,False,12,784,cuda:0,1.8.1,confirmation,False,3.8.20,0.6.1,2022.09.5,11.1,NVIDIA A100-PCIE-40GB
mmgnn-raw-logit-v2-20260918,15,fedavg_proto,server,val,logits,0.8251916388551287,True,12,783,cuda:0,1.8.1,confirmation,False,3.8.20,0.6.1,2022.09.5,11.1,NVIDIA A100-PCIE-40GB
mmgnn-raw-logit-v2-20260918,15,fedavg_proto,server,val,probabilities,0.8251916388551287,False,12,783,cuda:0,1.8.1,confirmation,False,3.8.20,0.6.1,2022.09.5,11.1,NVIDIA A100-PCIE-40GB
mmgnn-raw-logit-v2-20260918,15,fedavg_proto,server,test,logits,0.8111828213060431,True,12,784,cuda:0,1.8.1,confirmation,False,3.8.20,0.6.1,2022.09.5,11.1,NVIDIA A100-PCIE-40GB
mmgnn-raw-logit-v2-20260918,15,fedavg_proto,server,test,probabilities,0.8111828213060431,False,12,784,cuda:0,1.8.1,confirmation,False,3.8.20,0.6.1,2022.09.5,11.1,NVIDIA A100-PCIE-40GB
mmgnn-raw-logit-v2-20260918,15,fedavg_proto,client_0,val,logits,0.8182472318408603,True,12,783,cuda:0,1.8.1,confirmation,False,3.8.20,0.6.1,2022.09.5,11.1,NVIDIA A100-PCIE-40GB
mmgnn-raw-logit-v2-20260918,15,fedavg_proto,client_0,val,probabilities,0.8182472318408603,False,12,783,cuda:0,1.8.1,confirmation,False,3.8.20,0.6.1,2022.09.5,11.1,NVIDIA A100-PCIE-40GB
mmgnn-raw-logit-v2-20260918,15,fedavg_proto,client_0,test,logits,0.7972186464597041,True,12,784,cuda:0,1.8.1,confirmation,False,3.8.20,0.6.1,2022.09.5,11.1,NVIDIA A100-PCIE-40GB
mmgnn-raw-logit-v2-20260918,15,fedavg_proto,client_0,test,probabilities,0.7972186464597041,False,12,784,cuda:0,1.8.1,confirmation,False,3.8.20,0.6.1,2022.09.5,11.1,NVIDIA A100-PCIE-40GB
mmgnn-raw-logit-v2-20260918,15,fedavg_proto,client_1,val,logits,0.8251708017765552,True,12,783,cuda:0,1.8.1,confirmation,False,3.8.20,0.6.1,2022.09.5,11.1,NVIDIA A100-PCIE-40GB
mmgnn-raw-logit-v2-20260918,15,fedavg_proto,client_1,val,probabilities,0.8251708017765552,False,12,783,cuda:0,1.8.1,confirmation,False,3.8.20,0.6.1,2022.09.5,11.1,NVIDIA A100-PCIE-40GB
mmgnn-raw-logit-v2-20260918,15,fedavg_proto,client_1,test,logits,0.8113640151982523,True,12,784,cuda:0,1.8.1,confirmation,False,3.8.20,0.6.1,2022.09.5,11.1,NVIDIA A100-PCIE-40GB
mmgnn-raw-logit-v2-20260918,15,fedavg_proto,client_1,test,probabilities,0.8113640151982523,False,12,784,cuda:0,1.8.1,confirmation,False,3.8.20,0.6.1,2022.09.5,11.1,NVIDIA A100-PCIE-40GB
mmgnn-raw-logit-v2-20260918,15,fedavg_proto,client_2,val,logits,0.804280544025905,True,12,783,cuda:0,1.8.1,confirmation,False,3.8.20,0.6.1,2022.09.5,11.1,NVIDIA A100-PCIE-40GB
mmgnn-raw-logit-v2-20260918,15,fedavg_proto,client_2,val,probabilities,0.804280544025905,False,12,783,cuda:0,1.8.1,confirmation,False,3.8.20,0.6.1,2022.09.5,11.1,NVIDIA A100-PCIE-40GB
mmgnn-raw-logit-v2-20260918,15,fedavg_proto,client_2,test,logits,0.7959051009938597,True,12,784,cuda:0,1.8.1,confirmation,False,3.8.20,0.6.1,2022.09.5,11.1,NVIDIA A100-PCIE-40GB
mmgnn-raw-logit-v2-20260918,15,fedavg_proto,client_2,test,probabilities,0.7959051009938597,False,12,784,cuda:0,1.8.1,confirmation,False,3.8.20,0.6.1,2022.09.5,11.1,NVIDIA A100-PCIE-40GB
mmgnn-raw-logit-v2-20260918,15,fedavg_proto,client_3,val,logits,0.8186971992907468,True,12,783,cuda:0,1.8.1,confirmation,False,3.8.20,0.6.1,2022.09.5,11.1,NVIDIA A100-PCIE-40GB
mmgnn-raw-logit-v2-20260918,15,fedavg_proto,client_3,val,probabilities,0.8186971992907468,False,12,783,cuda:0,1.8.1,confirmation,False,3.8.20,0.6.1,2022.09.5,11.1,NVIDIA A100-PCIE-40GB
mmgnn-raw-logit-v2-20260918,15,fedavg_proto,client_3,test,logits,0.8063637769433228,True,12,784,cuda:0,1.8.1,confirmation,False,3.8.20,0.6.1,2022.09.5,11.1,NVIDIA A100-PCIE-40GB
mmgnn-raw-logit-v2-20260918,15,fedavg_proto,client_3,test,probabilities,0.8063637769433228,False,12,784,cuda:0,1.8.1,confirmation,False,3.8.20,0.6.1,2022.09.5,11.1,NVIDIA A100-PCIE-40GB
mmgnn-raw-logit-v2-20260918,16,fedavg_proto,server,val,logits,0.8281118735897102,True,12,783,cuda:0,1.8.1,confirmation,False,3.8.20,0.6.1,2022.09.5,11.1,NVIDIA A100-PCIE-40GB
mmgnn-raw-logit-v2-20260918,16,fedavg_proto,server,val,probabilities,0.8281118735897102,False,12,783,cuda:0,1.8.1,confirmation,False,3.8.20,0.6.1,2022.09.5,11.1,NVIDIA A100-PCIE-40GB
mmgnn-raw-logit-v2-20260918,16,fedavg_proto,server,test,logits,0.8204469162876277,True,12,784,cuda:0,1.8.1,confirmation,False,3.8.20,0.6.1,2022.09.5,11.1,NVIDIA A100-PCIE-40GB
mmgnn-raw-logit-v2-20260918,16,fedavg_proto,server,test,probabilities,0.8204469162876277,False,12,784,cuda:0,1.8.1,confirmation,False,3.8.20,0.6.1,2022.09.5,11.1,NVIDIA A100-PCIE-40GB
mmgnn-raw-logit-v2-20260918,16,fedavg_proto,client_0,val,logits,0.8092192640283077,True,12,783,cuda:0,1.8.1,confirmation,False,3.8.20,0.6.1,2022.09.5,11.1,NVIDIA A100-PCIE-40GB
mmgnn-raw-logit-v2-20260918,16,fedavg_proto,client_0,val,probabilities,0.8092192640283077,False,12,783,cuda:0,1.8.1,confirmation,False,3.8.20,0.6.1,2022.09.5,11.1,NVIDIA A100-PCIE-40GB
mmgnn-raw-logit-v2-20260918,16,fedavg_proto,client_0,test,logits,0.7937029874027594,True,12,784,cuda:0,1.8.1,confirmation,False,3.8.20,0.6.1,2022.09.5,11.1,NVIDIA A100-PCIE-40GB
mmgnn-raw-logit-v2-20260918,16,fedavg_proto,client_0,test,probabilities,0.7937029874027594,False,12,784,cuda:0,1.8.1,confirmation,False,3.8.20,0.6.1,2022.09.5,11.1,NVIDIA A100-PCIE-40GB
mmgnn-raw-logit-v2-20260918,16,fedavg_proto,client_1,val,logits,0.8306229407909304,True,12,783,cuda:0,1.8.1,confirmation,False,3.8.20,0.6.1,2022.09.5,11.1,NVIDIA A100-PCIE-40GB
mmgnn-raw-logit-v2-20260918,16,fedavg_proto,client_1,val,probabilities,0.8306229407909304,False,12,783,cuda:0,1.8.1,confirmation,False,3.8.20,0.6.1,2022.09.5,11.1,NVIDIA A100-PCIE-40GB
mmgnn-raw-logit-v2-20260918,16,fedavg_proto,client_1,test,logits,0.8223629687626484,True,12,784,cuda:0,1.8.1,confirmation,False,3.8.20,0.6.1,2022.09.5,11.1,NVIDIA A100-PCIE-40GB
mmgnn-raw-logit-v2-20260918,16,fedavg_proto,client_1,test,probabilities,0.8223629687626484,False,12,784,cuda:0,1.8.1,confirmation,False,3.8.20,0.6.1,2022.09.5,11.1,NVIDIA A100-PCIE-40GB
mmgnn-raw-logit-v2-20260918,16,fedavg_proto,client_2,val,logits,0.8146545523824553,True,12,783,cuda:0,1.8.1,confirmation,False,3.8.20,0.6.1,2022.09.5,11.1,NVIDIA A100-PCIE-40GB
mmgnn-raw-logit-v2-20260918,16,fedavg_proto,client_2,val,probabilities,0.8146545523824553,False,12,783,cuda:0,1.8.1,confirmation,False,3.8.20,0.6.1,2022.09.5,11.1,NVIDIA A100-PCIE-40GB
mmgnn-raw-logit-v2-20260918,16,fedavg_proto,client_2,test,logits,0.81409106377835,True,12,784,cuda:0,1.8.1,confirmation,False,3.8.20,0.6.1,2022.09.5,11.1,NVIDIA A100-PCIE-40GB
mmgnn-raw-logit-v2-20260918,16,fedavg_proto,client_2,test,probabilities,0.81409106377835,False,12,784,cuda:0,1.8.1,confirmation,False,3.8.20,0.6.1,2022.09.5,11.1,NVIDIA A100-PCIE-40GB
mmgnn-raw-logit-v2-20260918,16,fedavg_proto,client_3,val,logits,0.8196016646336869,True,12,783,cuda:0,1.8.1,confirmation,False,3.8.20,0.6.1,2022.09.5,11.1,NVIDIA A100-PCIE-40GB
mmgnn-raw-logit-v2-20260918,16,fedavg_proto,client_3,val,probabilities,0.8196016646336869,False,12,783,cuda:0,1.8.1,confirmation,False,3.8.20,0.6.1,2022.09.5,11.1,NVIDIA A100-PCIE-40GB
mmgnn-raw-logit-v2-20260918,16,fedavg_proto,client_3,test,logits,0.8090149948534396,True,12,784,cuda:0,1.8.1,confirmation,False,3.8.20,0.6.1,2022.09.5,11.1,NVIDIA A100-PCIE-40GB
mmgnn-raw-logit-v2-20260918,16,fedavg_proto,client_3,test,probabilities,0.8090149948534396,False,12,784,cuda:0,1.8.1,confirmation,False,3.8.20,0.6.1,2022.09.5,11.1,NVIDIA A100-PCIE-40GB
mmgnn-raw-logit-v2-20260918,17,fedavg_proto,server,val,logits,0.8248809362560813,True,12,783,cuda:0,1.8.1,confirmation,False,3.8.20,0.6.1,2022.09.5,11.1,NVIDIA A100-PCIE-40GB
mmgnn-raw-logit-v2-20260918,17,fedavg_proto,server,val,probabilities,0.8248809362560813,False,12,783,cuda:0,1.8.1,confirmation,False,3.8.20,0.6.1,2022.09.5,11.1,NVIDIA A100-PCIE-40GB
mmgnn-raw-logit-v2-20260918,17,fedavg_proto,server,test,logits,0.8149349278713226,True,12,784,cuda:0,1.8.1,confirmation,False,3.8.20,0.6.1,2022.09.5,11.1,NVIDIA A100-PCIE-40GB
mmgnn-raw-logit-v2-20260918,17,fedavg_proto,server,test,probabilities,0.8149349278713226,False,12,784,cuda:0,1.8.1,confirmation,False,3.8.20,0.6.1,2022.09.5,11.1,NVIDIA A100-PCIE-40GB
mmgnn-raw-logit-v2-20260918,17,fedavg_proto,client_0,val,logits,0.8118667633333607,True,12,783,cuda:0,1.8.1,confirmation,False,3.8.20,0.6.1,2022.09.5,11.1,NVIDIA A100-PCIE-40GB
mmgnn-raw-logit-v2-20260918,17,fedavg_proto,client_0,val,probabilities,0.8118667633333607,False,12,783,cuda:0,1.8.1,confirmation,False,3.8.20,0.6.1,2022.09.5,11.1,NVIDIA A100-PCIE-40GB
mmgnn-raw-logit-v2-20260918,17,fedavg_proto,client_0,test,logits,0.8022572717067744,True,12,784,cuda:0,1.8.1,confirmation,False,3.8.20,0.6.1,2022.09.5,11.1,NVIDIA A100-PCIE-40GB
mmgnn-raw-logit-v2-20260918,17,fedavg_proto,client_0,test,probabilities,0.8022572717067744,False,12,784,cuda:0,1.8.1,confirmation,False,3.8.20,0.6.1,2022.09.5,11.1,NVIDIA A100-PCIE-40GB
mmgnn-raw-logit-v2-20260918,17,fedavg_proto,client_1,val,logits,0.8310918624822873,True,12,783,cuda:0,1.8.1,confirmation,False,3.8.20,0.6.1,2022.09.5,11.1,NVIDIA A100-PCIE-40GB
mmgnn-raw-logit-v2-20260918,17,fedavg_proto,client_1,val,probabilities,0.8310918624822873,False,12,783,cuda:0,1.8.1,confirmation,False,3.8.20,0.6.1,2022.09.5,11.1,NVIDIA A100-PCIE-40GB
mmgnn-raw-logit-v2-20260918,17,fedavg_proto,client_1,test,logits,0.8210792493929118,True,12,784,cuda:0,1.8.1,confirmation,False,3.8.20,0.6.1,2022.09.5,11.1,NVIDIA A100-PCIE-40GB
mmgnn-raw-logit-v2-20260918,17,fedavg_proto,client_1,test,probabilities,0.8210792493929118,False,12,784,cuda:0,1.8.1,confirmation,False,3.8.20,0.6.1,2022.09.5,11.1,NVIDIA A100-PCIE-40GB
mmgnn-raw-logit-v2-20260918,17,fedavg_proto,client_2,val,logits,0.8002368060145404,True,12,783,cuda:0,1.8.1,confirmation,False,3.8.20,0.6.1,2022.09.5,11.1,NVIDIA A100-PCIE-40GB
mmgnn-raw-logit-v2-20260918,17,fedavg_proto,client_2,val,probabilities,0.8002368060145404,False,12,783,cuda:0,1.8.1,confirmation,False,3.8.20,0.6.1,2022.09.5,11.1,NVIDIA A100-PCIE-40GB
mmgnn-raw-logit-v2-20260918,17,fedavg_proto,client_2,test,logits,0.7938249897742035,True,12,784,cuda:0,1.8.1,confirmation,False,3.8.20,0.6.1,2022.09.5,11.1,NVIDIA A100-PCIE-40GB
mmgnn-raw-logit-v2-20260918,17,fedavg_proto,client_2,test,probabilities,0.7938249897742035,False,12,784,cuda:0,1.8.1,confirmation,False,3.8.20,0.6.1,2022.09.5,11.1,NVIDIA A100-PCIE-40GB
mmgnn-raw-logit-v2-20260918,17,fedavg_proto,client_3,val,logits,0.8142362323282236,True,12,783,cuda:0,1.8.1,confirmation,False,3.8.20,0.6.1,2022.09.5,11.1,NVIDIA A100-PCIE-40GB
mmgnn-raw-logit-v2-20260918,17,fedavg_proto,client_3,val,probabilities,0.8142362323282236,False,12,783,cuda:0,1.8.1,confirmation,False,3.8.20,0.6.1,2022.09.5,11.1,NVIDIA A100-PCIE-40GB
mmgnn-raw-logit-v2-20260918,17,fedavg_proto,client_3,test,logits,0.7964314520771104,True,12,784,cuda:0,1.8.1,confirmation,False,3.8.20,0.6.1,2022.09.5,11.1,NVIDIA A100-PCIE-40GB
mmgnn-raw-logit-v2-20260918,17,fedavg_proto,client_3,test,probabilities,0.7964314520771104,False,12,784,cuda:0,1.8.1,confirmation,False,3.8.20,0.6.1,2022.09.5,11.1,NVIDIA A100-PCIE-40GB
mmgnn-raw-logit-v2-20260918,18,fedavg_proto,server,val,logits,0.8264436761965227,True,12,783,cuda:0,1.8.1,confirmation,False,3.8.20,0.6.1,2022.09.5,11.1,NVIDIA A100-PCIE-40GB
mmgnn-raw-logit-v2-20260918,18,fedavg_proto,server,val,probabilities,0.8264436761965227,False,12,783,cuda:0,1.8.1,confirmation,False,3.8.20,0.6.1,2022.09.5,11.1,NVIDIA A100-PCIE-40GB
mmgnn-raw-logit-v2-20260918,18,fedavg_proto,server,test,logits,0.8202259257076095,True,12,784,cuda:0,1.8.1,confirmation,False,3.8.20,0.6.1,2022.09.5,11.1,NVIDIA A100-PCIE-40GB
mmgnn-raw-logit-v2-20260918,18,fedavg_proto,server,test,probabilities,0.8202259257076095,False,12,784,cuda:0,1.8.1,confirmation,False,3.8.20,0.6.1,2022.09.5,11.1,NVIDIA A100-PCIE-40GB
mmgnn-raw-logit-v2-20260918,18,fedavg_proto,client_0,val,logits,0.8168216821015516,True,12,783,cuda:0,1.8.1,confirmation,False,3.8.20,0.6.1,2022.09.5,11.1,NVIDIA A100-PCIE-40GB
mmgnn-raw-logit-v2-20260918,18,fedavg_proto,client_0,val,probabilities,0.8168216821015516,False,12,783,cuda:0,1.8.1,confirmation,False,3.8.20,0.6.1,2022.09.5,11.1,NVIDIA A100-PCIE-40GB
mmgnn-raw-logit-v2-20260918,18,fedavg_proto,client_0,test,logits,0.8085035021145465,True,12,784,cuda:0,1.8.1,confirmation,False,3.8.20,0.6.1,2022.09.5,11.1,NVIDIA A100-PCIE-40GB
mmgnn-raw-logit-v2-20260918,18,fedavg_proto,client_0,test,probabilities,0.8085035021145465,False,12,784,cuda:0,1.8.1,confirmation,False,3.8.20,0.6.1,2022.09.5,11.1,NVIDIA A100-PCIE-40GB
mmgnn-raw-logit-v2-20260918,18,fedavg_proto,client_1,val,logits,0.8226809186718466,True,12,783,cuda:0,1.8.1,confirmation,False,3.8.20,0.6.1,2022.09.5,11.1,NVIDIA A100-PCIE-40GB
mmgnn-raw-logit-v2-20260918,18,fedavg_proto,client_1,val,probabilities,0.8226809186718466,False,12,783,cuda:0,1.8.1,confirmation,False,3.8.20,0.6.1,2022.09.5,11.1,NVIDIA A100-PCIE-40GB
mmgnn-raw-logit-v2-20260918,18,fedavg_proto,client_1,test,logits,0.8108240991713503,True,12,784,cuda:0,1.8.1,confirmation,False,3.8.20,0.6.1,2022.09.5,11.1,NVIDIA A100-PCIE-40GB
mmgnn-raw-logit-v2-20260918,18,fedavg_proto,client_1,test,probabilities,0.8108240991713503,False,12,784,cuda:0,1.8.1,confirmation,False,3.8.20,0.6.1,2022.09.5,11.1,NVIDIA A100-PCIE-40GB
mmgnn-raw-logit-v2-20260918,18,fedavg_proto,client_2,val,logits,0.8125173474431374,True,12,783,cuda:0,1.8.1,confirmation,False,3.8.20,0.6.1,2022.09.5,11.1,NVIDIA A100-PCIE-40GB
mmgnn-raw-logit-v2-20260918,18,fedavg_proto,client_2,val,probabilities,0.8125173474431374,False,12,783,cuda:0,1.8.1,confirmation,False,3.8.20,0.6.1,2022.09.5,11.1,NVIDIA A100-PCIE-40GB
mmgnn-raw-logit-v2-20260918,18,fedavg_proto,client_2,test,logits,0.8136717374789333,True,12,784,cuda:0,1.8.1,confirmation,False,3.8.20,0.6.1,2022.09.5,11.1,NVIDIA A100-PCIE-40GB
mmgnn-raw-logit-v2-20260918,18,fedavg_proto,client_2,test,probabilities,0.8136717374789333,False,12,784,cuda:0,1.8.1,confirmation,False,3.8.20,0.6.1,2022.09.5,11.1,NVIDIA A100-PCIE-40GB
mmgnn-raw-logit-v2-20260918,18,fedavg_proto,client_3,val,logits,0.8202442023269999,True,12,783,cuda:0,1.8.1,confirmation,False,3.8.20,0.6.1,2022.09.5,11.1,NVIDIA A100-PCIE-40GB
mmgnn-raw-logit-v2-20260918,18,fedavg_proto,client_3,val,probabilities,0.8202442023269999,False,12,783,cuda:0,1.8.1,confirmation,False,3.8.20,0.6.1,2022.09.5,11.1,NVIDIA A100-PCIE-40GB
mmgnn-raw-logit-v2-20260918,18,fedavg_proto,client_3,test,logits,0.8119824908236771,True,12,784,cuda:0,1.8.1,confirmation,False,3.8.20,0.6.1,2022.09.5,11.1,NVIDIA A100-PCIE-40GB
mmgnn-raw-logit-v2-20260918,18,fedavg_proto,client_3,test,probabilities,0.8119824908236771,False,12,784,cuda:0,1.8.1,confirmation,False,3.8.20,0.6.1,2022.09.5,11.1,NVIDIA A100-PCIE-40GB
mmgnn-raw-logit-v2-20260918,19,fedavg_proto,server,val,logits,0.8237340793053253,True,12,783,cuda:0,1.8.1,confirmation,False,3.8.20,0.6.1,2022.09.5,11.1,NVIDIA A100-PCIE-40GB
mmgnn-raw-logit-v2-20260918,19,fedavg_proto,server,val,probabilities,0.8237340793053253,False,12,783,cuda:0,1.8.1,confirmation,False,3.8.20,0.6.1,2022.09.5,11.1,NVIDIA A100-PCIE-40GB
mmgnn-raw-logit-v2-20260918,19,fedavg_proto,server,test,logits,0.8171487830223415,True,12,784,cuda:0,1.8.1,confirmation,False,3.8.20,0.6.1,2022.09.5,11.1,NVIDIA A100-PCIE-40GB
mmgnn-raw-logit-v2-20260918,19,fedavg_proto,server,test,probabilities,0.8171487830223415,False,12,784,cuda:0,1.8.1,confirmation,False,3.8.20,0.6.1,2022.09.5,11.1,NVIDIA A100-PCIE-40GB
mmgnn-raw-logit-v2-20260918,19,fedavg_proto,client_0,val,logits,0.8100282766572526,True,12,783,cuda:0,1.8.1,confirmation,False,3.8.20,0.6.1,2022.09.5,11.1,NVIDIA A100-PCIE-40GB
mmgnn-raw-logit-v2-20260918,19,fedavg_proto,client_0,val,probabilities,0.8100282766572526,False,12,783,cuda:0,1.8.1,confirmation,False,3.8.20,0.6.1,2022.09.5,11.1,NVIDIA A100-PCIE-40GB
mmgnn-raw-logit-v2-20260918,19,fedavg_proto,client_0,test,logits,0.7938980507790353,True,12,784,cuda:0,1.8.1,confirmation,False,3.8.20,0.6.1,2022.09.5,11.1,NVIDIA A100-PCIE-40GB
mmgnn-raw-logit-v2-20260918,19,fedavg_proto,client_0,test,probabilities,0.7938980507790353,False,12,784,cuda:0,1.8.1,confirmation,False,3.8.20,0.6.1,2022.09.5,11.1,NVIDIA A100-PCIE-40GB
mmgnn-raw-logit-v2-20260918,19,fedavg_proto,client_1,val,logits,0.8279119102639135,True,12,783,cuda:0,1.8.1,confirmation,False,3.8.20,0.6.1,2022.09.5,11.1,NVIDIA A100-PCIE-40GB
mmgnn-raw-logit-v2-20260918,19,fedavg_proto,client_1,val,probabilities,0.8279119102639135,False,12,783,cuda:0,1.8.1,confirmation,False,3.8.20,0.6.1,2022.09.5,11.1,NVIDIA A100-PCIE-40GB
mmgnn-raw-logit-v2-20260918,19,fedavg_proto,client_1,test,logits,0.8231203510735742,True,12,784,cuda:0,1.8.1,confirmation,False,3.8.20,0.6.1,2022.09.5,11.1,NVIDIA A100-PCIE-40GB
mmgnn-raw-logit-v2-20260918,19,fedavg_proto,client_1,test,probabilities,0.8231203510735742,False,12,784,cuda:0,1.8.1,confirmation,False,3.8.20,0.6.1,2022.09.5,11.1,NVIDIA A100-PCIE-40GB
mmgnn-raw-logit-v2-20260918,19,fedavg_proto,client_2,val,logits,0.8107971908085787,True,12,783,cuda:0,1.8.1,confirmation,False,3.8.20,0.6.1,2022.09.5,11.1,NVIDIA A100-PCIE-40GB
mmgnn-raw-logit-v2-20260918,19,fedavg_proto,client_2,val,probabilities,0.8107971908085787,False,12,783,cuda:0,1.8.1,confirmation,False,3.8.20,0.6.1,2022.09.5,11.1,NVIDIA A100-PCIE-40GB
mmgnn-raw-logit-v2-20260918,19,fedavg_proto,client_2,test,logits,0.8100187510889617,True,12,784,cuda:0,1.8.1,confirmation,False,3.8.20,0.6.1,2022.09.5,11.1,NVIDIA A100-PCIE-40GB
mmgnn-raw-logit-v2-20260918,19,fedavg_proto,client_2,test,probabilities,0.8100187510889617,False,12,784,cuda:0,1.8.1,confirmation,False,3.8.20,0.6.1,2022.09.5,11.1,NVIDIA A100-PCIE-40GB
mmgnn-raw-logit-v2-20260918,19,fedavg_proto,client_3,val,logits,0.8140318865329998,True,12,783,cuda:0,1.8.1,confirmation,False,3.8.20,0.6.1,2022.09.5,11.1,NVIDIA A100-PCIE-40GB
mmgnn-raw-logit-v2-20260918,19,fedavg_proto,client_3,val,probabilities,0.8140318865329998,False,12,783,cuda:0,1.8.1,confirmation,False,3.8.20,0.6.1,2022.09.5,11.1,NVIDIA A100-PCIE-40GB
mmgnn-raw-logit-v2-20260918,19,fedavg_proto,client_3,test,logits,0.8061904346850977,True,12,784,cuda:0,1.8.1,confirmation,False,3.8.20,0.6.1,2022.09.5,11.1,NVIDIA A100-PCIE-40GB
mmgnn-raw-logit-v2-20260918,19,fedavg_proto,client_3,test,probabilities,0.8061904346850977,False,12,784,cuda:0,1.8.1,confirmation,False,3.8.20,0.6.1,2022.09.5,11.1,NVIDIA A100-PCIE-40GB
mmgnn-raw-logit-v2-20260918,20,fedavg_proto,server,val,logits,0.8184233504360526,True,12,783,cuda:0,1.8.1,confirmation,False,3.8.20,0.6.1,2022.09.5,11.1,NVIDIA A100-PCIE-40GB
mmgnn-raw-logit-v2-20260918,20,fedavg_proto,server,val,probabilities,0.8184233504360526,False,12,783,cuda:0,1.8.1,confirmation,False,3.8.20,0.6.1,2022.09.5,11.1,NVIDIA A100-PCIE-40GB
mmgnn-raw-logit-v2-20260918,20,fedavg_proto,server,test,logits,0.8118143850168166,True,12,784,cuda:0,1.8.1,confirmation,False,3.8.20,0.6.1,2022.09.5,11.1,NVIDIA A100-PCIE-40GB
mmgnn-raw-logit-v2-20260918,20,fedavg_proto,server,test,probabilities,0.8118143850168166,False,12,784,cuda:0,1.8.1,confirmation,False,3.8.20,0.6.1,2022.09.5,11.1,NVIDIA A100-PCIE-40GB
mmgnn-raw-logit-v2-20260918,20,fedavg_proto,client_0,val,logits,0.7979175410089004,True,12,783,cuda:0,1.8.1,confirmation,False,3.8.20,0.6.1,2022.09.5,11.1,NVIDIA A100-PCIE-40GB
mmgnn-raw-logit-v2-20260918,20,fedavg_proto,client_0,val,probabilities,0.7979175410089004,False,12,783,cuda:0,1.8.1,confirmation,False,3.8.20,0.6.1,2022.09.5,11.1,NVIDIA A100-PCIE-40GB
mmgnn-raw-logit-v2-20260918,20,fedavg_proto,client_0,test,logits,0.7883177898197672,True,12,784,cuda:0,1.8.1,confirmation,False,3.8.20,0.6.1,2022.09.5,11.1,NVIDIA A100-PCIE-40GB
mmgnn-raw-logit-v2-20260918,20,fedavg_proto,client_0,test,probabilities,0.7883177898197672,False,12,784,cuda:0,1.8.1,confirmation,False,3.8.20,0.6.1,2022.09.5,11.1,NVIDIA A100-PCIE-40GB
mmgnn-raw-logit-v2-20260918,20,fedavg_proto,client_1,val,logits,0.824341846201116,True,12,783,cuda:0,1.8.1,confirmation,False,3.8.20,0.6.1,2022.09.5,11.1,NVIDIA A100-PCIE-40GB
mmgnn-raw-logit-v2-20260918,20,fedavg_proto,client_1,val,probabilities,0.824341846201116,False,12,783,cuda:0,1.8.1,confirmation,False,3.8.20,0.6.1,2022.09.5,11.1,NVIDIA A100-PCIE-40GB
mmgnn-raw-logit-v2-20260918,20,fedavg_proto,client_1,test,logits,0.8144284252275164,True,12,784,cuda:0,1.8.1,confirmation,False,3.8.20,0.6.1,2022.09.5,11.1,NVIDIA A100-PCIE-40GB
mmgnn-raw-logit-v2-20260918,20,fedavg_proto,client_1,test,probabilities,0.8144284252275164,False,12,784,cuda:0,1.8.1,confirmation,False,3.8.20,0.6.1,2022.09.5,11.1,NVIDIA A100-PCIE-40GB
mmgnn-raw-logit-v2-20260918,20,fedavg_proto,client_2,val,logits,0.8038833622575247,True,12,783,cuda:0,1.8.1,confirmation,False,3.8.20,0.6.1,2022.09.5,11.1,NVIDIA A100-PCIE-40GB
mmgnn-raw-logit-v2-20260918,20,fedavg_proto,client_2,val,probabilities,0.8038833622575247,False,12,783,cuda:0,1.8.1,confirmation,False,3.8.20,0.6.1,2022.09.5,11.1,NVIDIA A100-PCIE-40GB
mmgnn-raw-logit-v2-20260918,20,fedavg_proto,client_2,test,logits,0.804268976260568,True,12,784,cuda:0,1.8.1,confirmation,False,3.8.20,0.6.1,2022.09.5,11.1,NVIDIA A100-PCIE-40GB
mmgnn-raw-logit-v2-20260918,20,fedavg_proto,client_2,test,probabilities,0.804268976260568,False,12,784,cuda:0,1.8.1,confirmation,False,3.8.20,0.6.1,2022.09.5,11.1,NVIDIA A100-PCIE-40GB
mmgnn-raw-logit-v2-20260918,20,fedavg_proto,client_3,val,logits,0.8153533218090532,True,12,783,cuda:0,1.8.1,confirmation,False,3.8.20,0.6.1,2022.09.5,11.1,NVIDIA A100-PCIE-40GB
mmgnn-raw-logit-v2-20260918,20,fedavg_proto,client_3,val,probabilities,0.8153533218090532,False,12,783,cuda:0,1.8.1,confirmation,False,3.8.20,0.6.1,2022.09.5,11.1,NVIDIA A100-PCIE-40GB
mmgnn-raw-logit-v2-20260918,20,fedavg_proto,client_3,test,logits,0.8037364162820763,True,12,784,cuda:0,1.8.1,confirmation,False,3.8.20,0.6.1,2022.09.5,11.1,NVIDIA A100-PCIE-40GB
mmgnn-raw-logit-v2-20260918,20,fedavg_proto,client_3,test,probabilities,0.8037364162820763,False,12,784,cuda:0,1.8.1,confirmation,False,3.8.20,0.6.1,2022.09.5,11.1,NVIDIA A100-PCIE-40GB
mmgnn-raw-logit-v2-20260918,21,fedavg_proto,server,val,logits,0.8210503032835903,True,12,783,cuda:0,1.8.1,confirmation,False,3.8.20,0.6.1,2022.09.5,11.1,NVIDIA A100-PCIE-40GB
mmgnn-raw-logit-v2-20260918,21,fedavg_proto,server,val,probabilities,0.8210503032835903,False,12,783,cuda:0,1.8.1,confirmation,False,3.8.20,0.6.1,2022.09.5,11.1,NVIDIA A100-PCIE-40GB
mmgnn-raw-logit-v2-20260918,21,fedavg_proto,server,test,logits,0.8189053598369757,True,12,784,cuda:0,1.8.1,confirmation,False,3.8.20,0.6.1,2022.09.5,11.1,NVIDIA A100-PCIE-40GB
mmgnn-raw-logit-v2-20260918,21,fedavg_proto,server,test,probabilities,0.8189053598369757,False,12,784,cuda:0,1.8.1,confirmation,False,3.8.20,0.6.1,2022.09.5,11.1,NVIDIA A100-PCIE-40GB
mmgnn-raw-logit-v2-20260918,21,fedavg_proto,client_0,val,logits,0.8057057156487591,True,12,783,cuda:0,1.8.1,confirmation,False,3.8.20,0.6.1,2022.09.5,11.1,NVIDIA A100-PCIE-40GB
mmgnn-raw-logit-v2-20260918,21,fedavg_proto,client_0,val,probabilities,0.8057057156487591,False,12,783,cuda:0,1.8.1,confirmation,False,3.8.20,0.6.1,2022.09.5,11.1,NVIDIA A100-PCIE-40GB
mmgnn-raw-logit-v2-20260918,21,fedavg_proto,client_0,test,logits,0.8051733197522917,True,12,784,cuda:0,1.8.1,confirmation,False,3.8.20,0.6.1,2022.09.5,11.1,NVIDIA A100-PCIE-40GB
mmgnn-raw-logit-v2-20260918,21,fedavg_proto,client_0,test,probabilities,0.8051733197522917,False,12,784,cuda:0,1.8.1,confirmation,False,3.8.20,0.6.1,2022.09.5,11.1,NVIDIA A100-PCIE-40GB
mmgnn-raw-logit-v2-20260918,21,fedavg_proto,client_1,val,logits,0.8226958375841983,True,12,783,cuda:0,1.8.1,confirmation,False,3.8.20,0.6.1,2022.09.5,11.1,NVIDIA A100-PCIE-40GB
mmgnn-raw-logit-v2-20260918,21,fedavg_proto,client_1,val,probabilities,0.8226958375841983,False,12,783,cuda:0,1.8.1,confirmation,False,3.8.20,0.6.1,2022.09.5,11.1,NVIDIA A100-PCIE-40GB
mmgnn-raw-logit-v2-20260918,21,fedavg_proto,client_1,test,logits,0.8088810525151175,True,12,784,cuda:0,1.8.1,confirmation,False,3.8.20,0.6.1,2022.09.5,11.1,NVIDIA A100-PCIE-40GB
mmgnn-raw-logit-v2-20260918,21,fedavg_proto,client_1,test,probabilities,0.8088810525151175,False,12,784,cuda:0,1.8.1,confirmation,False,3.8.20,0.6.1,2022.09.5,11.1,NVIDIA A100-PCIE-40GB
mmgnn-raw-logit-v2-20260918,21,fedavg_proto,client_2,val,logits,0.805498439448399,True,12,783,cuda:0,1.8.1,confirmation,False,3.8.20,0.6.1,2022.09.5,11.1,NVIDIA A100-PCIE-40GB
mmgnn-raw-logit-v2-20260918,21,fedavg_proto,client_2,val,probabilities,0.805498439448399,False,12,783,cuda:0,1.8.1,confirmation,False,3.8.20,0.6.1,2022.09.5,11.1,NVIDIA A100-PCIE-40GB
mmgnn-raw-logit-v2-20260918,21,fedavg_proto,client_2,test,logits,0.8077317496270539,True,12,784,cuda:0,1.8.1,confirmation,False,3.8.20,0.6.1,2022.09.5,11.1,NVIDIA A100-PCIE-40GB
mmgnn-raw-logit-v2-20260918,21,fedavg_proto,client_2,test,probabilities,0.8077317496270539,False,12,784,cuda:0,1.8.1,confirmation,False,3.8.20,0.6.1,2022.09.5,11.1,NVIDIA A100-PCIE-40GB
mmgnn-raw-logit-v2-20260918,21,fedavg_proto,client_3,val,logits,0.8185803549568513,True,12,783,cuda:0,1.8.1,confirmation,False,3.8.20,0.6.1,2022.09.5,11.1,NVIDIA A100-PCIE-40GB
mmgnn-raw-logit-v2-20260918,21,fedavg_proto,client_3,val,probabilities,0.8185803549568513,False,12,783,cuda:0,1.8.1,confirmation,False,3.8.20,0.6.1,2022.09.5,11.1,NVIDIA A100-PCIE-40GB
mmgnn-raw-logit-v2-20260918,21,fedavg_proto,client_3,test,logits,0.8172139060696774,True,12,784,cuda:0,1.8.1,confirmation,False,3.8.20,0.6.1,2022.09.5,11.1,NVIDIA A100-PCIE-40GB
mmgnn-raw-logit-v2-20260918,21,fedavg_proto,client_3,test,probabilities,0.8172139060696774,False,12,784,cuda:0,1.8.1,confirmation,False,3.8.20,0.6.1,2022.09.5,11.1,NVIDIA A100-PCIE-40GB
mmgnn-raw-logit-v2-20260918,22,fedavg_proto,server,val,logits,0.8188288408144423,True,12,783,cuda:0,1.8.1,confirmation,False,3.8.20,0.6.1,2022.09.5,11.1,NVIDIA A100-PCIE-40GB
mmgnn-raw-logit-v2-20260918,22,fedavg_proto,server,val,probabilities,0.8188288408144423,False,12,783,cuda:0,1.8.1,confirmation,False,3.8.20,0.6.1,2022.09.5,11.1,NVIDIA A100-PCIE-40GB
mmgnn-raw-logit-v2-20260918,22,fedavg_proto,server,test,logits,0.817227794663001,True,12,784,cuda:0,1.8.1,confirmation,False,3.8.20,0.6.1,2022.09.5,11.1,NVIDIA A100-PCIE-40GB
mmgnn-raw-logit-v2-20260918,22,fedavg_proto,server,test,probabilities,0.817227794663001,False,12,784,cuda:0,1.8.1,confirmation,False,3.8.20,0.6.1,2022.09.5,11.1,NVIDIA A100-PCIE-40GB
mmgnn-raw-logit-v2-20260918,22,fedavg_proto,client_0,val,logits,0.8039484039492645,True,12,783,cuda:0,1.8.1,confirmation,False,3.8.20,0.6.1,2022.09.5,11.1,NVIDIA A100-PCIE-40GB
mmgnn-raw-logit-v2-20260918,22,fedavg_proto,client_0,val,probabilities,0.8039484039492645,False,12,783,cuda:0,1.8.1,confirmation,False,3.8.20,0.6.1,2022.09.5,11.1,NVIDIA A100-PCIE-40GB
mmgnn-raw-logit-v2-20260918,22,fedavg_proto,client_0,test,logits,0.8032424640483011,True,12,784,cuda:0,1.8.1,confirmation,False,3.8.20,0.6.1,2022.09.5,11.1,NVIDIA A100-PCIE-40GB
mmgnn-raw-logit-v2-20260918,22,fedavg_proto,client_0,test,probabilities,0.8032424640483011,False,12,784,cuda:0,1.8.1,confirmation,False,3.8.20,0.6.1,2022.09.5,11.1,NVIDIA A100-PCIE-40GB
mmgnn-raw-logit-v2-20260918,22,fedavg_proto,client_1,val,logits,0.8221498819341071,True,12,783,cuda:0,1.8.1,confirmation,False,3.8.20,0.6.1,2022.09.5,11.1,NVIDIA A100-PCIE-40GB
mmgnn-raw-logit-v2-20260918,22,fedavg_proto,client_1,val,probabilities,0.8221498819341071,False,12,783,cuda:0,1.8.1,confirmation,False,3.8.20,0.6.1,2022.09.5,11.1,NVIDIA A100-PCIE-40GB
mmgnn-raw-logit-v2-20260918,22,fedavg_proto,client_1,test,logits,0.8127158163045171,True,12,784,cuda:0,1.8.1,confirmation,False,3.8.20,0.6.1,2022.09.5,11.1,NVIDIA A100-PCIE-40GB
mmgnn-raw-logit-v2-20260918,22,fedavg_proto,client_1,test,probabilities,0.8127158163045171,False,12,784,cuda:0,1.8.1,confirmation,False,3.8.20,0.6.1,2022.09.5,11.1,NVIDIA A100-PCIE-40GB
mmgnn-raw-logit-v2-20260918,22,fedavg_proto,client_2,val,logits,0.8068788916761788,True,12,783,cuda:0,1.8.1,confirmation,False,3.8.20,0.6.1,2022.09.5,11.1,NVIDIA A100-PCIE-40GB
mmgnn-raw-logit-v2-20260918,22,fedavg_proto,client_2,val,probabilities,0.8068788916761788,False,12,783,cuda:0,1.8.1,confirmation,False,3.8.20,0.6.1,2022.09.5,11.1,NVIDIA A100-PCIE-40GB
mmgnn-raw-logit-v2-20260918,22,fedavg_proto,client_2,test,logits,0.8117808380714727,True,12,784,cuda:0,1.8.1,confirmation,False,3.8.20,0.6.1,2022.09.5,11.1,NVIDIA A100-PCIE-40GB
mmgnn-raw-logit-v2-20260918,22,fedavg_proto,client_2,test,probabilities,0.8117808380714727,False,12,784,cuda:0,1.8.1,confirmation,False,3.8.20,0.6.1,2022.09.5,11.1,NVIDIA A100-PCIE-40GB
mmgnn-raw-logit-v2-20260918,22,fedavg_proto,client_3,val,logits,0.813937138412767,True,12,783,cuda:0,1.8.1,confirmation,False,3.8.20,0.6.1,2022.09.5,11.1,NVIDIA A100-PCIE-40GB
mmgnn-raw-logit-v2-20260918,22,fedavg_proto,client_3,val,probabilities,0.813937138412767,False,12,783,cuda:0,1.8.1,confirmation,False,3.8.20,0.6.1,2022.09.5,11.1,NVIDIA A100-PCIE-40GB
mmgnn-raw-logit-v2-20260918,22,fedavg_proto,client_3,test,logits,0.8113396492811636,True,12,784,cuda:0,1.8.1,confirmation,False,3.8.20,0.6.1,2022.09.5,11.1,NVIDIA A100-PCIE-40GB
mmgnn-raw-logit-v2-20260918,22,fedavg_proto,client_3,test,probabilities,0.8113396492811636,False,12,784,cuda:0,1.8.1,confirmation,False,3.8.20,0.6.1,2022.09.5,11.1,NVIDIA A100-PCIE-40GB
mmgnn-raw-logit-v2-20260918,23,fedavg_proto,server,val,logits,0.823128489399518,True,12,783,cuda:0,1.8.1,confirmation,False,3.8.20,0.6.1,2022.09.5,11.1,NVIDIA A100-PCIE-40GB
mmgnn-raw-logit-v2-20260918,23,fedavg_proto,server,val,probabilities,0.823128489399518,False,12,783,cuda:0,1.8.1,confirmation,False,3.8.20,0.6.1,2022.09.5,11.1,NVIDIA A100-PCIE-40GB
mmgnn-raw-logit-v2-20260918,23,fedavg_proto,server,test,logits,0.8213404278650294,True,12,784,cuda:0,1.8.1,confirmation,False,3.8.20,0.6.1,2022.09.5,11.1,NVIDIA A100-PCIE-40GB
mmgnn-raw-logit-v2-20260918,23,fedavg_proto,server,test,probabilities,0.8213404278650294,False,12,784,cuda:0,1.8.1,confirmation,False,3.8.20,0.6.1,2022.09.5,11.1,NVIDIA A100-PCIE-40GB
mmgnn-raw-logit-v2-20260918,23,fedavg_proto,client_0,val,logits,0.808125055502162,True,12,783,cuda:0,1.8.1,confirmation,False,3.8.20,0.6.1,2022.09.5,11.1,NVIDIA A100-PCIE-40GB
mmgnn-raw-logit-v2-20260918,23,fedavg_proto,client_0,val,probabilities,0.808125055502162,False,12,783,cuda:0,1.8.1,confirmation,False,3.8.20,0.6.1,2022.09.5,11.1,NVIDIA A100-PCIE-40GB
mmgnn-raw-logit-v2-20260918,23,fedavg_proto,client_0,test,logits,0.8101984658523648,True,12,784,cuda:0,1.8.1,confirmation,False,3.8.20,0.6.1,2022.09.5,11.1,NVIDIA A100-PCIE-40GB
mmgnn-raw-logit-v2-20260918,23,fedavg_proto,client_0,test,probabilities,0.8101984658523648,False,12,784,cuda:0,1.8.1,confirmation,False,3.8.20,0.6.1,2022.09.5,11.1,NVIDIA A100-PCIE-40GB
mmgnn-raw-logit-v2-20260918,23,fedavg_proto,client_1,val,logits,0.8269780744585297,True,12,783,cuda:0,1.8.1,confirmation,False,3.8.20,0.6.1,2022.09.5,11.1,NVIDIA A100-PCIE-40GB
mmgnn-raw-logit-v2-20260918,23,fedavg_proto,client_1,val,probabilities,0.8269780744585297,False,12,783,cuda:0,1.8.1,confirmation,False,3.8.20,0.6.1,2022.09.5,11.1,NVIDIA A100-PCIE-40GB
mmgnn-raw-logit-v2-20260918,23,fedavg_proto,client_1,test,logits,0.8175380339954489,True,12,784,cuda:0,1.8.1,confirmation,False,3.8.20,0.6.1,2022.09.5,11.1,NVIDIA A100-PCIE-40GB
mmgnn-raw-logit-v2-20260918,23,fedavg_proto,client_1,test,probabilities,0.8175380339954489,False,12,784,cuda:0,1.8.1,confirmation,False,3.8.20,0.6.1,2022.09.5,11.1,NVIDIA A100-PCIE-40GB
mmgnn-raw-logit-v2-20260918,23,fedavg_proto,client_2,val,logits,0.81271864972465,True,12,783,cuda:0,1.8.1,confirmation,False,3.8.20,0.6.1,2022.09.5,11.1,NVIDIA A100-PCIE-40GB
mmgnn-raw-logit-v2-20260918,23,fedavg_proto,client_2,val,probabilities,0.81271864972465,False,12,783,cuda:0,1.8.1,confirmation,False,3.8.20,0.6.1,2022.09.5,11.1,NVIDIA A100-PCIE-40GB
mmgnn-raw-logit-v2-20260918,23,fedavg_proto,client_2,test,logits,0.8151257904145424,True,12,784,cuda:0,1.8.1,confirmation,False,3.8.20,0.6.1,2022.09.5,11.1,NVIDIA A100-PCIE-40GB
mmgnn-raw-logit-v2-20260918,23,fedavg_proto,client_2,test,probabilities,0.8151257904145424,False,12,784,cuda:0,1.8.1,confirmation,False,3.8.20,0.6.1,2022.09.5,11.1,NVIDIA A100-PCIE-40GB
mmgnn-raw-logit-v2-20260918,23,fedavg_proto,client_3,val,logits,0.8161040284617035,True,12,783,cuda:0,1.8.1,confirmation,False,3.8.20,0.6.1,2022.09.5,11.1,NVIDIA A100-PCIE-40GB
mmgnn-raw-logit-v2-20260918,23,fedavg_proto,client_3,val,probabilities,0.8161040284617035,False,12,783,cuda:0,1.8.1,confirmation,False,3.8.20,0.6.1,2022.09.5,11.1,NVIDIA A100-PCIE-40GB
mmgnn-raw-logit-v2-20260918,23,fedavg_proto,client_3,test,logits,0.8126395849195808,True,12,784,cuda:0,1.8.1,confirmation,False,3.8.20,0.6.1,2022.09.5,11.1,NVIDIA A100-PCIE-40GB
mmgnn-raw-logit-v2-20260918,23,fedavg_proto,client_3,test,probabilities,0.8126395849195808,False,12,784,cuda:0,1.8.1,confirmation,False,3.8.20,0.6.1,2022.09.5,11.1,NVIDIA A100-PCIE-40GB
mmgnn-raw-logit-v2-20260918,24,fedavg_proto,server,val,logits,0.8149732782787816,True,12,783,cuda:0,1.8.1,confirmation,False,3.8.20,0.6.1,2022.09.5,11.1,NVIDIA A100-PCIE-40GB
mmgnn-raw-logit-v2-20260918,24,fedavg_proto,server,val,probabilities,0.8149732782787816,False,12,783,cuda:0,1.8.1,confirmation,False,3.8.20,0.6.1,2022.09.5,11.1,NVIDIA A100-PCIE-40GB
mmgnn-raw-logit-v2-20260918,24,fedavg_proto,server,test,logits,0.8105285538496991,True,12,784,cuda:0,1.8.1,confirmation,False,3.8.20,0.6.1,2022.09.5,11.1,NVIDIA A100-PCIE-40GB
mmgnn-raw-logit-v2-20260918,24,fedavg_proto,server,test,probabilities,0.8105285538496991,False,12,784,cuda:0,1.8.1,confirmation,False,3.8.20,0.6.1,2022.09.5,11.1,NVIDIA A100-PCIE-40GB
mmgnn-raw-logit-v2-20260918,24,fedavg_proto,client_0,val,logits,0.7990087430131739,True,12,783,cuda:0,1.8.1,confirmation,False,3.8.20,0.6.1,2022.09.5,11.1,NVIDIA A100-PCIE-40GB
mmgnn-raw-logit-v2-20260918,24,fedavg_proto,client_0,val,probabilities,0.7990087430131739,False,12,783,cuda:0,1.8.1,confirmation,False,3.8.20,0.6.1,2022.09.5,11.1,NVIDIA A100-PCIE-40GB
mmgnn-raw-logit-v2-20260918,24,fedavg_proto,client_0,test,logits,0.7953742852080183,True,12,784,cuda:0,1.8.1,confirmation,False,3.8.20,0.6.1,2022.09.5,11.1,NVIDIA A100-PCIE-40GB
mmgnn-raw-logit-v2-20260918,24,fedavg_proto,client_0,test,probabilities,0.7953742852080183,False,12,784,cuda:0,1.8.1,confirmation,False,3.8.20,0.6.1,2022.09.5,11.1,NVIDIA A100-PCIE-40GB
mmgnn-raw-logit-v2-20260918,24,fedavg_proto,client_1,val,logits,0.8206795293186803,True,12,783,cuda:0,1.8.1,confirmation,False,3.8.20,0.6.1,2022.09.5,11.1,NVIDIA A100-PCIE-40GB
mmgnn-raw-logit-v2-20260918,24,fedavg_proto,client_1,val,probabilities,0.8206795293186803,False,12,783,cuda:0,1.8.1,confirmation,False,3.8.20,0.6.1,2022.09.5,11.1,NVIDIA A100-PCIE-40GB
mmgnn-raw-logit-v2-20260918,24,fedavg_proto,client_1,test,logits,0.8103426124478323,True,12,784,cuda:0,1.8.1,confirmation,False,3.8.20,0.6.1,2022.09.5,11.1,NVIDIA A100-PCIE-40GB
mmgnn-raw-logit-v2-20260918,24,fedavg_proto,client_1,test,probabilities,0.8103426124478323,False,12,784,cuda:0,1.8.1,confirmation,False,3.8.20,0.6.1,2022.09.5,11.1,NVIDIA A100-PCIE-40GB
mmgnn-raw-logit-v2-20260918,24,fedavg_proto,client_2,val,logits,0.8044294148760595,True,12,783,cuda:0,1.8.1,confirmation,False,3.8.20,0.6.1,2022.09.5,11.1,NVIDIA A100-PCIE-40GB
mmgnn-raw-logit-v2-20260918,24,fedavg_proto,client_2,val,probabilities,0.8044294148760595,False,12,783,cuda:0,1.8.1,confirmation,False,3.8.20,0.6.1,2022.09.5,11.1,NVIDIA A100-PCIE-40GB
mmgnn-raw-logit-v2-20260918,24,fedavg_proto,client_2,test,logits,0.8110977230711885,True,12,784,cuda:0,1.8.1,confirmation,False,3.8.20,0.6.1,2022.09.5,11.1,NVIDIA A100-PCIE-40GB
mmgnn-raw-logit-v2-20260918,24,fedavg_proto,client_2,test,probabilities,0.8110977230711885,False,12,784,cuda:0,1.8.1,confirmation,False,3.8.20,0.6.1,2022.09.5,11.1,NVIDIA A100-PCIE-40GB
mmgnn-raw-logit-v2-20260918,24,fedavg_proto,client_3,val,logits,0.8013470509836669,True,12,783,cuda:0,1.8.1,confirmation,False,3.8.20,0.6.1,2022.09.5,11.1,NVIDIA A100-PCIE-40GB
mmgnn-raw-logit-v2-20260918,24,fedavg_proto,client_3,val,probabilities,0.8013470509836669,False,12,783,cuda:0,1.8.1,confirmation,False,3.8.20,0.6.1,2022.09.5,11.1,NVIDIA A100-PCIE-40GB
mmgnn-raw-logit-v2-20260918,24,fedavg_proto,client_3,test,logits,0.7917066927177983,True,12,784,cuda:0,1.8.1,confirmation,False,3.8.20,0.6.1,2022.09.5,11.1,NVIDIA A100-PCIE-40GB
mmgnn-raw-logit-v2-20260918,24,fedavg_proto,client_3,test,probabilities,0.7917066927177983,False,12,784,cuda:0,1.8.1,confirmation,False,3.8.20,0.6.1,2022.09.5,11.1,NVIDIA A100-PCIE-40GB
mmgnn-raw-logit-v2-20260918,25,fedavg_proto,server,val,logits,0.8149616374566935,True,12,783,cuda:0,1.8.1,confirmation,False,3.8.20,0.6.1,2022.09.5,11.1,NVIDIA A100-PCIE-40GB
mmgnn-raw-logit-v2-20260918,25,fedavg_proto,server,val,probabilities,0.8149616374566935,False,12,783,cuda:0,1.8.1,confirmation,False,3.8.20,0.6.1,2022.09.5,11.1,NVIDIA A100-PCIE-40GB
mmgnn-raw-logit-v2-20260918,25,fedavg_proto,server,test,logits,0.8119721342265979,True,12,784,cuda:0,1.8.1,confirmation,False,3.8.20,0.6.1,2022.09.5,11.1,NVIDIA A100-PCIE-40GB
mmgnn-raw-logit-v2-20260918,25,fedavg_proto,server,test,probabilities,0.8119721342265979,False,12,784,cuda:0,1.8.1,confirmation,False,3.8.20,0.6.1,2022.09.5,11.1,NVIDIA A100-PCIE-40GB
mmgnn-raw-logit-v2-20260918,25,fedavg_proto,client_0,val,logits,0.801587824525963,True,12,783,cuda:0,1.8.1,confirmation,False,3.8.20,0.6.1,2022.09.5,11.1,NVIDIA A100-PCIE-40GB
mmgnn-raw-logit-v2-20260918,25,fedavg_proto,client_0,val,probabilities,0.801587824525963,False,12,783,cuda:0,1.8.1,confirmation,False,3.8.20,0.6.1,2022.09.5,11.1,NVIDIA A100-PCIE-40GB
mmgnn-raw-logit-v2-20260918,25,fedavg_proto,client_0,test,logits,0.7959921781187932,True,12,784,cuda:0,1.8.1,confirmation,False,3.8.20,0.6.1,2022.09.5,11.1,NVIDIA A100-PCIE-40GB
mmgnn-raw-logit-v2-20260918,25,fedavg_proto,client_0,test,probabilities,0.7959921781187932,False,12,784,cuda:0,1.8.1,confirmation,False,3.8.20,0.6.1,2022.09.5,11.1,NVIDIA A100-PCIE-40GB
mmgnn-raw-logit-v2-20260918,25,fedavg_proto,client_1,val,logits,0.8245980490637254,True,12,783,cuda:0,1.8.1,confirmation,False,3.8.20,0.6.1,2022.09.5,11.1,NVIDIA A100-PCIE-40GB
mmgnn-raw-logit-v2-20260918,25,fedavg_proto,client_1,val,probabilities,0.8245980490637254,False,12,783,cuda:0,1.8.1,confirmation,False,3.8.20,0.6.1,2022.09.5,11.1,NVIDIA A100-PCIE-40GB
mmgnn-raw-logit-v2-20260918,25,fedavg_proto,client_1,test,logits,0.8144562090238825,True,12,784,cuda:0,1.8.1,confirmation,False,3.8.20,0.6.1,2022.09.5,11.1,NVIDIA A100-PCIE-40GB
mmgnn-raw-logit-v2-20260918,25,fedavg_proto,client_1,test,probabilities,0.8144562090238825,False,12,784,cuda:0,1.8.1,confirmation,False,3.8.20,0.6.1,2022.09.5,11.1,NVIDIA A100-PCIE-40GB
mmgnn-raw-logit-v2-20260918,25,fedavg_proto,client_2,val,logits,0.7962001938286751,True,12,783,cuda:0,1.8.1,confirmation,False,3.8.20,0.6.1,2022.09.5,11.1,NVIDIA A100-PCIE-40GB
mmgnn-raw-logit-v2-20260918,25,fedavg_proto,client_2,val,probabilities,0.7962001938286751,False,12,783,cuda:0,1.8.1,confirmation,False,3.8.20,0.6.1,2022.09.5,11.1,NVIDIA A100-PCIE-40GB
mmgnn-raw-logit-v2-20260918,25,fedavg_proto,client_2,test,logits,0.7994459618392041,True,12,784,cuda:0,1.8.1,confirmation,False,3.8.20,0.6.1,2022.09.5,11.1,NVIDIA A100-PCIE-40GB
mmgnn-raw-logit-v2-20260918,25,fedavg_proto,client_2,test,probabilities,0.7994459618392041,False,12,784,cuda:0,1.8.1,confirmation,False,3.8.20,0.6.1,2022.09.5,11.1,NVIDIA A100-PCIE-40GB
mmgnn-raw-logit-v2-20260918,25,fedavg_proto,client_3,val,logits,0.8087635517435317,True,12,783,cuda:0,1.8.1,confirmation,False,3.8.20,0.6.1,2022.09.5,11.1,NVIDIA A100-PCIE-40GB
mmgnn-raw-logit-v2-20260918,25,fedavg_proto,client_3,val,probabilities,0.8087635517435317,False,12,783,cuda:0,1.8.1,confirmation,False,3.8.20,0.6.1,2022.09.5,11.1,NVIDIA A100-PCIE-40GB
mmgnn-raw-logit-v2-20260918,25,fedavg_proto,client_3,test,logits,0.8037851914168651,True,12,784,cuda:0,1.8.1,confirmation,False,3.8.20,0.6.1,2022.09.5,11.1,NVIDIA A100-PCIE-40GB
mmgnn-raw-logit-v2-20260918,25,fedavg_proto,client_3,test,probabilities,0.8037851914168651,False,12,784,cuda:0,1.8.1,confirmation,False,3.8.20,0.6.1,2022.09.5,11.1,NVIDIA A100-PCIE-40GB
mmgnn-raw-logit-v2-20260918,26,fedavg_proto,server,val,logits,0.8177817118807438,True,12,783,cuda:0,1.8.1,confirmation,False,3.8.20,0.6.1,2022.09.5,11.1,NVIDIA A100-PCIE-40GB
mmgnn-raw-logit-v2-20260918,26,fedavg_proto,server,val,probabilities,0.8177817118807438,False,12,783,cuda:0,1.8.1,confirmation,False,3.8.20,0.6.1,2022.09.5,11.1,NVIDIA A100-PCIE-40GB
mmgnn-raw-logit-v2-20260918,26,fedavg_proto,server,test,logits,0.8190510596076556,True,12,784,cuda:0,1.8.1,confirmation,False,3.8.20,0.6.1,2022.09.5,11.1,NVIDIA A100-PCIE-40GB
mmgnn-raw-logit-v2-20260918,26,fedavg_proto,server,test,probabilities,0.8190510596076556,False,12,784,cuda:0,1.8.1,confirmation,False,3.8.20,0.6.1,2022.09.5,11.1,NVIDIA A100-PCIE-40GB
mmgnn-raw-logit-v2-20260918,26,fedavg_proto,client_0,val,logits,0.8014468594447107,True,12,783,cuda:0,1.8.1,confirmation,False,3.8.20,0.6.1,2022.09.5,11.1,NVIDIA A100-PCIE-40GB
mmgnn-raw-logit-v2-20260918,26,fedavg_proto,client_0,val,probabilities,0.8014468594447107,False,12,783,cuda:0,1.8.1,confirmation,False,3.8.20,0.6.1,2022.09.5,11.1,NVIDIA A100-PCIE-40GB
mmgnn-raw-logit-v2-20260918,26,fedavg_proto,client_0,test,logits,0.7977070345623734,True,12,784,cuda:0,1.8.1,confirmation,False,3.8.20,0.6.1,2022.09.5,11.1,NVIDIA A100-PCIE-40GB
mmgnn-raw-logit-v2-20260918,26,fedavg_proto,client_0,test,probabilities,0.7977070345623734,False,12,784,cuda:0,1.8.1,confirmation,False,3.8.20,0.6.1,2022.09.5,11.1,NVIDIA A100-PCIE-40GB
mmgnn-raw-logit-v2-20260918,26,fedavg_proto,client_1,val,logits,0.8249472977689835,True,12,783,cuda:0,1.8.1,confirmation,False,3.8.20,0.6.1,2022.09.5,11.1,NVIDIA A100-PCIE-40GB
mmgnn-raw-logit-v2-20260918,26,fedavg_proto,client_1,val,probabilities,0.8249472977689835,False,12,783,cuda:0,1.8.1,confirmation,False,3.8.20,0.6.1,2022.09.5,11.1,NVIDIA A100-PCIE-40GB
mmgnn-raw-logit-v2-20260918,26,fedavg_proto,client_1,test,logits,0.8176168244883194,True,12,784,cuda:0,1.8.1,confirmation,False,3.8.20,0.6.1,2022.09.5,11.1,NVIDIA A100-PCIE-40GB
mmgnn-raw-logit-v2-20260918,26,fedavg_proto,client_1,test,probabilities,0.8176168244883194,False,12,784,cuda:0,1.8.1,confirmation,False,3.8.20,0.6.1,2022.09.5,11.1,NVIDIA A100-PCIE-40GB
mmgnn-raw-logit-v2-20260918,26,fedavg_proto,client_2,val,logits,0.807269651296158,True,12,783,cuda:0,1.8.1,confirmation,False,3.8.20,0.6.1,2022.09.5,11.1,NVIDIA A100-PCIE-40GB
mmgnn-raw-logit-v2-20260918,26,fedavg_proto,client_2,val,probabilities,0.807269651296158,False,12,783,cuda:0,1.8.1,confirmation,False,3.8.20,0.6.1,2022.09.5,11.1,NVIDIA A100-PCIE-40GB
mmgnn-raw-logit-v2-20260918,26,fedavg_proto,client_2,test,logits,0.8168015505520997,True,12,784,cuda:0,1.8.1,confirmation,False,3.8.20,0.6.1,2022.09.5,11.1,NVIDIA A100-PCIE-40GB
mmgnn-raw-logit-v2-20260918,26,fedavg_proto,client_2,test,probabilities,0.8168015505520997,False,12,784,cuda:0,1.8.1,confirmation,False,3.8.20,0.6.1,2022.09.5,11.1,NVIDIA A100-PCIE-40GB
mmgnn-raw-logit-v2-20260918,26,fedavg_proto,client_3,val,logits,0.8064492261303768,True,12,783,cuda:0,1.8.1,confirmation,False,3.8.20,0.6.1,2022.09.5,11.1,NVIDIA A100-PCIE-40GB
mmgnn-raw-logit-v2-20260918,26,fedavg_proto,client_3,val,probabilities,0.8064492261303768,False,12,783,cuda:0,1.8.1,confirmation,False,3.8.20,0.6.1,2022.09.5,11.1,NVIDIA A100-PCIE-40GB
mmgnn-raw-logit-v2-20260918,26,fedavg_proto,client_3,test,logits,0.8074455660210781,True,12,784,cuda:0,1.8.1,confirmation,False,3.8.20,0.6.1,2022.09.5,11.1,NVIDIA A100-PCIE-40GB
mmgnn-raw-logit-v2-20260918,26,fedavg_proto,client_3,test,probabilities,0.8074455660210781,False,12,784,cuda:0,1.8.1,confirmation,False,3.8.20,0.6.1,2022.09.5,11.1,NVIDIA A100-PCIE-40GB
mmgnn-raw-logit-v2-20260918,27,fedavg_proto,server,val,logits,0.8167979298635583,True,12,783,cuda:0,1.8.1,confirmation,False,3.8.20,0.6.1,2022.09.5,11.1,NVIDIA A100-PCIE-40GB
mmgnn-raw-logit-v2-20260918,27,fedavg_proto,server,val,probabilities,0.8167979298635583,False,12,783,cuda:0,1.8.1,confirmation,False,3.8.20,0.6.1,2022.09.5,11.1,NVIDIA A100-PCIE-40GB
mmgnn-raw-logit-v2-20260918,27,fedavg_proto,server,test,logits,0.815592059643651,True,12,784,cuda:0,1.8.1,confirmation,False,3.8.20,0.6.1,2022.09.5,11.1,NVIDIA A100-PCIE-40GB
mmgnn-raw-logit-v2-20260918,27,fedavg_proto,server,test,probabilities,0.815592059643651,False,12,784,cuda:0,1.8.1,confirmation,False,3.8.20,0.6.1,2022.09.5,11.1,NVIDIA A100-PCIE-40GB
mmgnn-raw-logit-v2-20260918,27,fedavg_proto,client_0,val,logits,0.7925431821913759,True,12,783,cuda:0,1.8.1,confirmation,False,3.8.20,0.6.1,2022.09.5,11.1,NVIDIA A100-PCIE-40GB
mmgnn-raw-logit-v2-20260918,27,fedavg_proto,client_0,val,probabilities,0.7925431821913759,False,12,783,cuda:0,1.8.1,confirmation,False,3.8.20,0.6.1,2022.09.5,11.1,NVIDIA A100-PCIE-40GB
mmgnn-raw-logit-v2-20260918,27,fedavg_proto,client_0,test,logits,0.791583236173648,True,12,784,cuda:0,1.8.1,confirmation,False,3.8.20,0.6.1,2022.09.5,11.1,NVIDIA A100-PCIE-40GB
mmgnn-raw-logit-v2-20260918,27,fedavg_proto,client_0,test,probabilities,0.791583236173648,False,12,784,cuda:0,1.8.1,confirmation,False,3.8.20,0.6.1,2022.09.5,11.1,NVIDIA A100-PCIE-40GB
mmgnn-raw-logit-v2-20260918,27,fedavg_proto,client_1,val,logits,0.8271219004507541,True,12,783,cuda:0,1.8.1,confirmation,False,3.8.20,0.6.1,2022.09.5,11.1,NVIDIA A100-PCIE-40GB
mmgnn-raw-logit-v2-20260918,27,fedavg_proto,client_1,val,probabilities,0.8271219004507541,False,12,783,cuda:0,1.8.1,confirmation,False,3.8.20,0.6.1,2022.09.5,11.1,NVIDIA A100-PCIE-40GB
mmgnn-raw-logit-v2-20260918,27,fedavg_proto,client_1,test,logits,0.816700117555739,True,12,784,cuda:0,1.8.1,confirmation,False,3.8.20,0.6.1,2022.09.5,11.1,NVIDIA A100-PCIE-40GB
mmgnn-raw-logit-v2-20260918,27,fedavg_proto,client_1,test,probabilities,0.816700117555739,False,12,784,cuda:0,1.8.1,confirmation,False,3.8.20,0.6.1,2022.09.5,11.1,NVIDIA A100-PCIE-40GB
mmgnn-raw-logit-v2-20260918,27,fedavg_proto,client_2,val,logits,0.8086149664412997,True,12,783,cuda:0,1.8.1,confirmation,False,3.8.20,0.6.1,2022.09.5,11.1,NVIDIA A100-PCIE-40GB
mmgnn-raw-logit-v2-20260918,27,fedavg_proto,client_2,val,probabilities,0.8086149664412997,False,12,783,cuda:0,1.8.1,confirmation,False,3.8.20,0.6.1,2022.09.5,11.1,NVIDIA A100-PCIE-40GB
mmgnn-raw-logit-v2-20260918,27,fedavg_proto,client_2,test,logits,0.8120965280621585,True,12,784,cuda:0,1.8.1,confirmation,False,3.8.20,0.6.1,2022.09.5,11.1,NVIDIA A100-PCIE-40GB
mmgnn-raw-logit-v2-20260918,27,fedavg_proto,client_2,test,probabilities,0.8120965280621585,False,12,784,cuda:0,1.8.1,confirmation,False,3.8.20,0.6.1,2022.09.5,11.1,NVIDIA A100-PCIE-40GB
mmgnn-raw-logit-v2-20260918,27,fedavg_proto,client_3,val,logits,0.8110458278554916,True,12,783,cuda:0,1.8.1,confirmation,False,3.8.20,0.6.1,2022.09.5,11.1,NVIDIA A100-PCIE-40GB
mmgnn-raw-logit-v2-20260918,27,fedavg_proto,client_3,val,probabilities,0.8110458278554916,False,12,783,cuda:0,1.8.1,confirmation,False,3.8.20,0.6.1,2022.09.5,11.1,NVIDIA A100-PCIE-40GB
mmgnn-raw-logit-v2-20260918,27,fedavg_proto,client_3,test,logits,0.809927573766423,True,12,784,cuda:0,1.8.1,confirmation,False,3.8.20,0.6.1,2022.09.5,11.1,NVIDIA A100-PCIE-40GB
mmgnn-raw-logit-v2-20260918,27,fedavg_proto,client_3,test,probabilities,0.809927573766423,False,12,784,cuda:0,1.8.1,confirmation,False,3.8.20,0.6.1,2022.09.5,11.1,NVIDIA A100-PCIE-40GB
mmgnn-raw-logit-v2-20260918,28,fedavg_proto,server,val,logits,0.8167085160553357,True,12,783,cuda:0,1.8.1,confirmation,False,3.8.20,0.6.1,2022.09.5,11.1,NVIDIA A100-PCIE-40GB
mmgnn-raw-logit-v2-20260918,28,fedavg_proto,server,val,probabilities,0.8167085160553357,False,12,783,cuda:0,1.8.1,confirmation,False,3.8.20,0.6.1,2022.09.5,11.1,NVIDIA A100-PCIE-40GB
mmgnn-raw-logit-v2-20260918,28,fedavg_proto,server,test,logits,0.8152583545973187,True,12,784,cuda:0,1.8.1,confirmation,False,3.8.20,0.6.1,2022.09.5,11.1,NVIDIA A100-PCIE-40GB
mmgnn-raw-logit-v2-20260918,28,fedavg_proto,server,test,probabilities,0.8152583545973187,False,12,784,cuda:0,1.8.1,confirmation,False,3.8.20,0.6.1,2022.09.5,11.1,NVIDIA A100-PCIE-40GB
mmgnn-raw-logit-v2-20260918,28,fedavg_proto,client_0,val,logits,0.8002756156037479,True,12,783,cuda:0,1.8.1,confirmation,False,3.8.20,0.6.1,2022.09.5,11.1,NVIDIA A100-PCIE-40GB
mmgnn-raw-logit-v2-20260918,28,fedavg_proto,client_0,val,probabilities,0.8002756156037479,False,12,783,cuda:0,1.8.1,confirmation,False,3.8.20,0.6.1,2022.09.5,11.1,NVIDIA A100-PCIE-40GB
mmgnn-raw-logit-v2-20260918,28,fedavg_proto,client_0,test,logits,0.8003652676164575,True,12,784,cuda:0,1.8.1,confirmation,False,3.8.20,0.6.1,2022.09.5,11.1,NVIDIA A100-PCIE-40GB
mmgnn-raw-logit-v2-20260918,28,fedavg_proto,client_0,test,probabilities,0.8003652676164575,False,12,784,cuda:0,1.8.1,confirmation,False,3.8.20,0.6.1,2022.09.5,11.1,NVIDIA A100-PCIE-40GB
mmgnn-raw-logit-v2-20260918,28,fedavg_proto,client_1,val,logits,0.8200713625288741,True,12,783,cuda:0,1.8.1,confirmation,False,3.8.20,0.6.1,2022.09.5,11.1,NVIDIA A100-PCIE-40GB
mmgnn-raw-logit-v2-20260918,28,fedavg_proto,client_1,val,probabilities,0.8200713625288741,False,12,783,cuda:0,1.8.1,confirmation,False,3.8.20,0.6.1,2022.09.5,11.1,NVIDIA A100-PCIE-40GB
mmgnn-raw-logit-v2-20260918,28,fedavg_proto,client_1,test,logits,0.8118854190814969,True,12,784,cuda:0,1.8.1,confirmation,False,3.8.20,0.6.1,2022.09.5,11.1,NVIDIA A100-PCIE-40GB
mmgnn-raw-logit-v2-20260918,28,fedavg_proto,client_1,test,probabilities,0.8118854190814969,False,12,784,cuda:0,1.8.1,confirmation,False,3.8.20,0.6.1,2022.09.5,11.1,NVIDIA A100-PCIE-40GB
mmgnn-raw-logit-v2-20260918,28,fedavg_proto,client_2,val,logits,0.8081919659759914,True,12,783,cuda:0,1.8.1,confirmation,False,3.8.20,0.6.1,2022.09.5,11.1,NVIDIA A100-PCIE-40GB
mmgnn-raw-logit-v2-20260918,28,fedavg_proto,client_2,val,probabilities,0.8081919659759914,False,12,783,cuda:0,1.8.1,confirmation,False,3.8.20,0.6.1,2022.09.5,11.1,NVIDIA A100-PCIE-40GB
mmgnn-raw-logit-v2-20260918,28,fedavg_proto,client_2,test,logits,0.815643104794697,True,12,784,cuda:0,1.8.1,confirmation,False,3.8.20,0.6.1,2022.09.5,11.1,NVIDIA A100-PCIE-40GB
mmgnn-raw-logit-v2-20260918,28,fedavg_proto,client_2,test,probabilities,0.815643104794697,False,12,784,cuda:0,1.8.1,confirmation,False,3.8.20,0.6.1,2022.09.5,11.1,NVIDIA A100-PCIE-40GB
mmgnn-raw-logit-v2-20260918,28,fedavg_proto,client_3,val,logits,0.8101543110816872,True,12,783,cuda:0,1.8.1,confirmation,False,3.8.20,0.6.1,2022.09.5,11.1,NVIDIA A100-PCIE-40GB
mmgnn-raw-logit-v2-20260918,28,fedavg_proto,client_3,val,probabilities,0.8101543110816872,False,12,783,cuda:0,1.8.1,confirmation,False,3.8.20,0.6.1,2022.09.5,11.1,NVIDIA A100-PCIE-40GB
mmgnn-raw-logit-v2-20260918,28,fedavg_proto,client_3,test,logits,0.8064886521405508,True,12,784,cuda:0,1.8.1,confirmation,False,3.8.20,0.6.1,2022.09.5,11.1,NVIDIA A100-PCIE-40GB
mmgnn-raw-logit-v2-20260918,28,fedavg_proto,client_3,test,probabilities,0.8064886521405508,False,12,784,cuda:0,1.8.1,confirmation,False,3.8.20,0.6.1,2022.09.5,11.1,NVIDIA A100-PCIE-40GB
mmgnn-raw-logit-v2-20260918,29,fedavg_proto,server,val,logits,0.8158311704083716,True,12,783,cuda:0,1.8.1,confirmation,False,3.8.20,0.6.1,2022.09.5,11.1,NVIDIA A100-PCIE-40GB
mmgnn-raw-logit-v2-20260918,29,fedavg_proto,server,val,probabilities,0.8158311704083716,False,12,783,cuda:0,1.8.1,confirmation,False,3.8.20,0.6.1,2022.09.5,11.1,NVIDIA A100-PCIE-40GB
mmgnn-raw-logit-v2-20260918,29,fedavg_proto,server,test,logits,0.8146614817298743,True,12,784,cuda:0,1.8.1,confirmation,False,3.8.20,0.6.1,2022.09.5,11.1,NVIDIA A100-PCIE-40GB
mmgnn-raw-logit-v2-20260918,29,fedavg_proto,server,test,probabilities,0.8146614817298743,False,12,784,cuda:0,1.8.1,confirmation,False,3.8.20,0.6.1,2022.09.5,11.1,NVIDIA A100-PCIE-40GB
mmgnn-raw-logit-v2-20260918,29,fedavg_proto,client_0,val,logits,0.7986407361870168,True,12,783,cuda:0,1.8.1,confirmation,False,3.8.20,0.6.1,2022.09.5,11.1,NVIDIA A100-PCIE-40GB
mmgnn-raw-logit-v2-20260918,29,fedavg_proto,client_0,val,probabilities,0.7986407361870168,False,12,783,cuda:0,1.8.1,confirmation,False,3.8.20,0.6.1,2022.09.5,11.1,NVIDIA A100-PCIE-40GB
mmgnn-raw-logit-v2-20260918,29,fedavg_proto,client_0,test,logits,0.8021429151934064,True,12,784,cuda:0,1.8.1,confirmation,False,3.8.20,0.6.1,2022.09.5,11.1,NVIDIA A100-PCIE-40GB
mmgnn-raw-logit-v2-20260918,29,fedavg_proto,client_0,test,probabilities,0.8021429151934064,False,12,784,cuda:0,1.8.1,confirmation,False,3.8.20,0.6.1,2022.09.5,11.1,NVIDIA A100-PCIE-40GB
mmgnn-raw-logit-v2-20260918,29,fedavg_proto,client_1,val,logits,0.8208318843932373,True,12,783,cuda:0,1.8.1,confirmation,False,3.8.20,0.6.1,2022.09.5,11.1,NVIDIA A100-PCIE-40GB
mmgnn-raw-logit-v2-20260918,29,fedavg_proto,client_1,val,probabilities,0.8208318843932373,False,12,783,cuda:0,1.8.1,confirmation,False,3.8.20,0.6.1,2022.09.5,11.1,NVIDIA A100-PCIE-40GB
mmgnn-raw-logit-v2-20260918,29,fedavg_proto,client_1,test,logits,0.8090855873815608,True,12,784,cuda:0,1.8.1,confirmation,False,3.8.20,0.6.1,2022.09.5,11.1,NVIDIA A100-PCIE-40GB
mmgnn-raw-logit-v2-20260918,29,fedavg_proto,client_1,test,probabilities,0.8090855873815608,False,12,784,cuda:0,1.8.1,confirmation,False,3.8.20,0.6.1,2022.09.5,11.1,NVIDIA A100-PCIE-40GB
mmgnn-raw-logit-v2-20260918,29,fedavg_proto,client_2,val,logits,0.802931647492693,True,12,783,cuda:0,1.8.1,confirmation,False,3.8.20,0.6.1,2022.09.5,11.1,NVIDIA A100-PCIE-40GB
mmgnn-raw-logit-v2-20260918,29,fedavg_proto,client_2,val,probabilities,0.802931647492693,False,12,783,cuda:0,1.8.1,confirmation,False,3.8.20,0.6.1,2022.09.5,11.1,NVIDIA A100-PCIE-40GB
mmgnn-raw-logit-v2-20260918,29,fedavg_proto,client_2,test,logits,0.8077794668321246,True,12,784,cuda:0,1.8.1,confirmation,False,3.8.20,0.6.1,2022.09.5,11.1,NVIDIA A100-PCIE-40GB
mmgnn-raw-logit-v2-20260918,29,fedavg_proto,client_2,test,probabilities,0.8077794668321246,False,12,784,cuda:0,1.8.1,confirmation,False,3.8.20,0.6.1,2022.09.5,11.1,NVIDIA A100-PCIE-40GB
mmgnn-raw-logit-v2-20260918,29,fedavg_proto,client_3,val,logits,0.8134215895485138,True,12,783,cuda:0,1.8.1,confirmation,False,3.8.20,0.6.1,2022.09.5,11.1,NVIDIA A100-PCIE-40GB
mmgnn-raw-logit-v2-20260918,29,fedavg_proto,client_3,val,probabilities,0.8134215895485138,False,12,783,cuda:0,1.8.1,confirmation,False,3.8.20,0.6.1,2022.09.5,11.1,NVIDIA A100-PCIE-40GB
mmgnn-raw-logit-v2-20260918,29,fedavg_proto,client_3,test,logits,0.8112530271426998,True,12,784,cuda:0,1.8.1,confirmation,False,3.8.20,0.6.1,2022.09.5,11.1,NVIDIA A100-PCIE-40GB
mmgnn-raw-logit-v2-20260918,29,fedavg_proto,client_3,test,probabilities,0.8112530271426998,False,12,784,cuda:0,1.8.1,confirmation,False,3.8.20,0.6.1,2022.09.5,11.1,NVIDIA A100-PCIE-40GB
mmgnn-raw-logit-v2-20260918,30,fedavg_proto,server,val,logits,0.8183995745134216,True,12,783,cuda:0,1.8.1,confirmation,False,3.8.20,0.6.1,2022.09.5,11.1,NVIDIA A100-PCIE-40GB
mmgnn-raw-logit-v2-20260918,30,fedavg_proto,server,val,probabilities,0.8183995745134216,False,12,783,cuda:0,1.8.1,confirmation,False,3.8.20,0.6.1,2022.09.5,11.1,NVIDIA A100-PCIE-40GB
mmgnn-raw-logit-v2-20260918,30,fedavg_proto,server,test,logits,0.8198819074825207,True,12,784,cuda:0,1.8.1,confirmation,False,3.8.20,0.6.1,2022.09.5,11.1,NVIDIA A100-PCIE-40GB
mmgnn-raw-logit-v2-20260918,30,fedavg_proto,server,test,probabilities,0.8198819074825207,False,12,784,cuda:0,1.8.1,confirmation,False,3.8.20,0.6.1,2022.09.5,11.1,NVIDIA A100-PCIE-40GB
mmgnn-raw-logit-v2-20260918,30,fedavg_proto,client_0,val,logits,0.8029015563194988,True,12,783,cuda:0,1.8.1,confirmation,False,3.8.20,0.6.1,2022.09.5,11.1,NVIDIA A100-PCIE-40GB
mmgnn-raw-logit-v2-20260918,30,fedavg_proto,client_0,val,probabilities,0.8029015563194988,False,12,783,cuda:0,1.8.1,confirmation,False,3.8.20,0.6.1,2022.09.5,11.1,NVIDIA A100-PCIE-40GB
mmgnn-raw-logit-v2-20260918,30,fedavg_proto,client_0,test,logits,0.8025171826769489,True,12,784,cuda:0,1.8.1,confirmation,False,3.8.20,0.6.1,2022.09.5,11.1,NVIDIA A100-PCIE-40GB
mmgnn-raw-logit-v2-20260918,30,fedavg_proto,client_0,test,probabilities,0.8025171826769489,False,12,784,cuda:0,1.8.1,confirmation,False,3.8.20,0.6.1,2022.09.5,11.1,NVIDIA A100-PCIE-40GB
mmgnn-raw-logit-v2-20260918,30,fedavg_proto,client_1,val,logits,0.8237520001944482,True,12,783,cuda:0,1.8.1,confirmation,False,3.8.20,0.6.1,2022.09.5,11.1,NVIDIA A100-PCIE-40GB
mmgnn-raw-logit-v2-20260918,30,fedavg_proto,client_1,val,probabilities,0.8237520001944482,False,12,783,cuda:0,1.8.1,confirmation,False,3.8.20,0.6.1,2022.09.5,11.1,NVIDIA A100-PCIE-40GB
mmgnn-raw-logit-v2-20260918,30,fedavg_proto,client_1,test,logits,0.8187699526725779,True,12,784,cuda:0,1.8.1,confirmation,False,3.8.20,0.6.1,2022.09.5,11.1,NVIDIA A100-PCIE-40GB
mmgnn-raw-logit-v2-20260918,30,fedavg_proto,client_1,test,probabilities,0.8187699526725779,False,12,784,cuda:0,1.8.1,confirmation,False,3.8.20,0.6.1,2022.09.5,11.1,NVIDIA A100-PCIE-40GB
mmgnn-raw-logit-v2-20260918,30,fedavg_proto,client_2,val,logits,0.8085534859851004,True,12,783,cuda:0,1.8.1,confirmation,False,3.8.20,0.6.1,2022.09.5,11.1,NVIDIA A100-PCIE-40GB
mmgnn-raw-logit-v2-20260918,30,fedavg_proto,client_2,val,probabilities,0.8085534859851004,False,12,783,cuda:0,1.8.1,confirmation,False,3.8.20,0.6.1,2022.09.5,11.1,NVIDIA A100-PCIE-40GB
mmgnn-raw-logit-v2-20260918,30,fedavg_proto,client_2,test,logits,0.8138408812216177,True,12,784,cuda:0,1.8.1,confirmation,False,3.8.20,0.6.1,2022.09.5,11.1,NVIDIA A100-PCIE-40GB
mmgnn-raw-logit-v2-20260918,30,fedavg_proto,client_2,test,probabilities,0.8138408812216177,False,12,784,cuda:0,1.8.1,confirmation,False,3.8.20,0.6.1,2022.09.5,11.1,NVIDIA A100-PCIE-40GB
mmgnn-raw-logit-v2-20260918,30,fedavg_proto,client_3,val,logits,0.8119726810768797,True,12,783,cuda:0,1.8.1,confirmation,False,3.8.20,0.6.1,2022.09.5,11.1,NVIDIA A100-PCIE-40GB
mmgnn-raw-logit-v2-20260918,30,fedavg_proto,client_3,val,probabilities,0.8119726810768797,False,12,783,cuda:0,1.8.1,confirmation,False,3.8.20,0.6.1,2022.09.5,11.1,NVIDIA A100-PCIE-40GB
mmgnn-raw-logit-v2-20260918,30,fedavg_proto,client_3,test,logits,0.8134895225978989,True,12,784,cuda:0,1.8.1,confirmation,False,3.8.20,0.6.1,2022.09.5,11.1,NVIDIA A100-PCIE-40GB
mmgnn-raw-logit-v2-20260918,30,fedavg_proto,client_3,test,probabilities,0.8134895225978989,False,12,784,cuda:0,1.8.1,confirmation,False,3.8.20,0.6.1,2022.09.5,11.1,NVIDIA A100-PCIE-40GB
mmgnn-raw-logit-v2-20260918,31,fedavg_proto,server,val,logits,0.8111590759309152,True,12,783,cuda:0,1.8.1,confirmation,False,3.8.20,0.6.1,2022.09.5,11.1,NVIDIA A100-PCIE-40GB
mmgnn-raw-logit-v2-20260918,31,fedavg_proto,server,val,probabilities,0.8111590759309152,False,12,783,cuda:0,1.8.1,confirmation,False,3.8.20,0.6.1,2022.09.5,11.1,NVIDIA A100-PCIE-40GB
mmgnn-raw-logit-v2-20260918,31,fedavg_proto,server,test,logits,0.8098217294307662,True,12,784,cuda:0,1.8.1,confirmation,False,3.8.20,0.6.1,2022.09.5,11.1,NVIDIA A100-PCIE-40GB
mmgnn-raw-logit-v2-20260918,31,fedavg_proto,server,test,probabilities,0.8098217294307662,False,12,784,cuda:0,1.8.1,confirmation,False,3.8.20,0.6.1,2022.09.5,11.1,NVIDIA A100-PCIE-40GB
mmgnn-raw-logit-v2-20260918,31,fedavg_proto,client_0,val,logits,0.8000481233516988,True,12,783,cuda:0,1.8.1,confirmation,False,3.8.20,0.6.1,2022.09.5,11.1,NVIDIA A100-PCIE-40GB
mmgnn-raw-logit-v2-20260918,31,fedavg_proto,client_0,val,probabilities,0.8000481233516988,False,12,783,cuda:0,1.8.1,confirmation,False,3.8.20,0.6.1,2022.09.5,11.1,NVIDIA A100-PCIE-40GB
mmgnn-raw-logit-v2-20260918,31,fedavg_proto,client_0,test,logits,0.8032012528850591,True,12,784,cuda:0,1.8.1,confirmation,False,3.8.20,0.6.1,2022.09.5,11.1,NVIDIA A100-PCIE-40GB
mmgnn-raw-logit-v2-20260918,31,fedavg_proto,client_0,test,probabilities,0.8032012528850591,False,12,784,cuda:0,1.8.1,confirmation,False,3.8.20,0.6.1,2022.09.5,11.1,NVIDIA A100-PCIE-40GB
mmgnn-raw-logit-v2-20260918,31,fedavg_proto,client_1,val,logits,0.8144156334559608,True,12,783,cuda:0,1.8.1,confirmation,False,3.8.20,0.6.1,2022.09.5,11.1,NVIDIA A100-PCIE-40GB
mmgnn-raw-logit-v2-20260918,31,fedavg_proto,client_1,val,probabilities,0.8144156334559608,False,12,783,cuda:0,1.8.1,confirmation,False,3.8.20,0.6.1,2022.09.5,11.1,NVIDIA A100-PCIE-40GB
mmgnn-raw-logit-v2-20260918,31,fedavg_proto,client_1,test,logits,0.8019800291045781,True,12,784,cuda:0,1.8.1,confirmation,False,3.8.20,0.6.1,2022.09.5,11.1,NVIDIA A100-PCIE-40GB
mmgnn-raw-logit-v2-20260918,31,fedavg_proto,client_1,test,probabilities,0.8019800291045781,False,12,784,cuda:0,1.8.1,confirmation,False,3.8.20,0.6.1,2022.09.5,11.1,NVIDIA A100-PCIE-40GB
mmgnn-raw-logit-v2-20260918,31,fedavg_proto,client_2,val,logits,0.8008352763383927,True,12,783,cuda:0,1.8.1,confirmation,False,3.8.20,0.6.1,2022.09.5,11.1,NVIDIA A100-PCIE-40GB
mmgnn-raw-logit-v2-20260918,31,fedavg_proto,client_2,val,probabilities,0.8008352763383927,False,12,783,cuda:0,1.8.1,confirmation,False,3.8.20,0.6.1,2022.09.5,11.1,NVIDIA A100-PCIE-40GB
mmgnn-raw-logit-v2-20260918,31,fedavg_proto,client_2,test,logits,0.8097344371136065,True,12,784,cuda:0,1.8.1,confirmation,False,3.8.20,0.6.1,2022.09.5,11.1,NVIDIA A100-PCIE-40GB
mmgnn-raw-logit-v2-20260918,31,fedavg_proto,client_2,test,probabilities,0.8097344371136065,False,12,784,cuda:0,1.8.1,confirmation,False,3.8.20,0.6.1,2022.09.5,11.1,NVIDIA A100-PCIE-40GB
mmgnn-raw-logit-v2-20260918,31,fedavg_proto,client_3,val,logits,0.8023654611886865,True,12,783,cuda:0,1.8.1,confirmation,False,3.8.20,0.6.1,2022.09.5,11.1,NVIDIA A100-PCIE-40GB
mmgnn-raw-logit-v2-20260918,31,fedavg_proto,client_3,val,probabilities,0.8023654611886865,False,12,783,cuda:0,1.8.1,confirmation,False,3.8.20,0.6.1,2022.09.5,11.1,NVIDIA A100-PCIE-40GB
mmgnn-raw-logit-v2-20260918,31,fedavg_proto,client_3,test,logits,0.79597463257832,True,12,784,cuda:0,1.8.1,confirmation,False,3.8.20,0.6.1,2022.09.5,11.1,NVIDIA A100-PCIE-40GB
mmgnn-raw-logit-v2-20260918,31,fedavg_proto,client_3,test,probabilities,0.79597463257832,False,12,784,cuda:0,1.8.1,confirmation,False,3.8.20,0.6.1,2022.09.5,11.1,NVIDIA A100-PCIE-40GB
mmgnn-raw-logit-v2-20260918,32,fedavg_proto,server,val,logits,0.8139623555369785,True,12,783,cuda:0,1.8.1,confirmation,False,3.8.20,0.6.1,2022.09.5,11.1,NVIDIA A100-PCIE-40GB
mmgnn-raw-logit-v2-20260918,32,fedavg_proto,server,val,probabilities,0.8139623555369785,False,12,783,cuda:0,1.8.1,confirmation,False,3.8.20,0.6.1,2022.09.5,11.1,NVIDIA A100-PCIE-40GB
mmgnn-raw-logit-v2-20260918,32,fedavg_proto,server,test,logits,0.8137505416462566,True,12,784,cuda:0,1.8.1,confirmation,False,3.8.20,0.6.1,2022.09.5,11.1,NVIDIA A100-PCIE-40GB
mmgnn-raw-logit-v2-20260918,32,fedavg_proto,server,test,probabilities,0.8137505416462566,False,12,784,cuda:0,1.8.1,confirmation,False,3.8.20,0.6.1,2022.09.5,11.1,NVIDIA A100-PCIE-40GB
mmgnn-raw-logit-v2-20260918,32,fedavg_proto,client_0,val,logits,0.7946138313106107,True,12,783,cuda:0,1.8.1,confirmation,False,3.8.20,0.6.1,2022.09.5,11.1,NVIDIA A100-PCIE-40GB
mmgnn-raw-logit-v2-20260918,32,fedavg_proto,client_0,val,probabilities,0.7946138313106107,False,12,783,cuda:0,1.8.1,confirmation,False,3.8.20,0.6.1,2022.09.5,11.1,NVIDIA A100-PCIE-40GB
mmgnn-raw-logit-v2-20260918,32,fedavg_proto,client_0,test,logits,0.7999452077835794,True,12,784,cuda:0,1.8.1,confirmation,False,3.8.20,0.6.1,2022.09.5,11.1,NVIDIA A100-PCIE-40GB
mmgnn-raw-logit-v2-20260918,32,fedavg_proto,client_0,test,probabilities,0.7999452077835794,False,12,784,cuda:0,1.8.1,confirmation,False,3.8.20,0.6.1,2022.09.5,11.1,NVIDIA A100-PCIE-40GB
mmgnn-raw-logit-v2-20260918,32,fedavg_proto,client_1,val,logits,0.8221070282994457,True,12,783,cuda:0,1.8.1,confirmation,False,3.8.20,0.6.1,2022.09.5,11.1,NVIDIA A100-PCIE-40GB
mmgnn-raw-logit-v2-20260918,32,fedavg_proto,client_1,val,probabilities,0.8221070282994457,False,12,783,cuda:0,1.8.1,confirmation,False,3.8.20,0.6.1,2022.09.5,11.1,NVIDIA A100-PCIE-40GB
mmgnn-raw-logit-v2-20260918,32,fedavg_proto,client_1,test,logits,0.8093369068130359,True,12,784,cuda:0,1.8.1,confirmation,False,3.8.20,0.6.1,2022.09.5,11.1,NVIDIA A100-PCIE-40GB
mmgnn-raw-logit-v2-20260918,32,fedavg_proto,client_1,test,probabilities,0.8093369068130359,False,12,784,cuda:0,1.8.1,confirmation,False,3.8.20,0.6.1,2022.09.5,11.1,NVIDIA A100-PCIE-40GB
mmgnn-raw-logit-v2-20260918,32,fedavg_proto,client_2,val,logits,0.8049953828453308,True,12,783,cuda:0,1.8.1,confirmation,False,3.8.20,0.6.1,2022.09.5,11.1,NVIDIA A100-PCIE-40GB
mmgnn-raw-logit-v2-20260918,32,fedavg_proto,client_2,val,probabilities,0.8049953828453308,False,12,783,cuda:0,1.8.1,confirmation,False,3.8.20,0.6.1,2022.09.5,11.1,NVIDIA A100-PCIE-40GB
mmgnn-raw-logit-v2-20260918,32,fedavg_proto,client_2,test,logits,0.8142931387693778,True,12,784,cuda:0,1.8.1,confirmation,False,3.8.20,0.6.1,2022.09.5,11.1,NVIDIA A100-PCIE-40GB
mmgnn-raw-logit-v2-20260918,32,fedavg_proto,client_2,test,probabilities,0.8142931387693778,False,12,784,cuda:0,1.8.1,confirmation,False,3.8.20,0.6.1,2022.09.5,11.1,NVIDIA A100-PCIE-40GB
mmgnn-raw-logit-v2-20260918,32,fedavg_proto,client_3,val,logits,0.8096270703456169,True,12,783,cuda:0,1.8.1,confirmation,False,3.8.20,0.6.1,2022.09.5,11.1,NVIDIA A100-PCIE-40GB
mmgnn-raw-logit-v2-20260918,32,fedavg_proto,client_3,val,probabilities,0.8096270703456169,False,12,783,cuda:0,1.8.1,confirmation,False,3.8.20,0.6.1,2022.09.5,11.1,NVIDIA A100-PCIE-40GB
mmgnn-raw-logit-v2-20260918,32,fedavg_proto,client_3,test,logits,0.8042477870592656,True,12,784,cuda:0,1.8.1,confirmation,False,3.8.20,0.6.1,2022.09.5,11.1,NVIDIA A100-PCIE-40GB
mmgnn-raw-logit-v2-20260918,32,fedavg_proto,client_3,test,probabilities,0.8042477870592656,False,12,784,cuda:0,1.8.1,confirmation,False,3.8.20,0.6.1,2022.09.5,11.1,NVIDIA A100-PCIE-40GB
mmgnn-raw-logit-v2-20260918,33,fedavg_proto,server,val,logits,0.8104539764680957,True,12,783,cuda:0,1.8.1,confirmation,False,3.8.20,0.6.1,2022.09.5,11.1,NVIDIA A100-PCIE-40GB
mmgnn-raw-logit-v2-20260918,33,fedavg_proto,server,val,probabilities,0.8104539764680957,False,12,783,cuda:0,1.8.1,confirmation,False,3.8.20,0.6.1,2022.09.5,11.1,NVIDIA A100-PCIE-40GB
mmgnn-raw-logit-v2-20260918,33,fedavg_proto,server,test,logits,0.8090036217359607,True,12,784,cuda:0,1.8.1,confirmation,False,3.8.20,0.6.1,2022.09.5,11.1,NVIDIA A100-PCIE-40GB
mmgnn-raw-logit-v2-20260918,33,fedavg_proto,server,test,probabilities,0.8090036217359607,False,12,784,cuda:0,1.8.1,confirmation,False,3.8.20,0.6.1,2022.09.5,11.1,NVIDIA A100-PCIE-40GB
mmgnn-raw-logit-v2-20260918,33,fedavg_proto,client_0,val,logits,0.7923935235787019,True,12,783,cuda:0,1.8.1,confirmation,False,3.8.20,0.6.1,2022.09.5,11.1,NVIDIA A100-PCIE-40GB
mmgnn-raw-logit-v2-20260918,33,fedavg_proto,client_0,val,probabilities,0.7923935235787019,False,12,783,cuda:0,1.8.1,confirmation,False,3.8.20,0.6.1,2022.09.5,11.1,NVIDIA A100-PCIE-40GB
mmgnn-raw-logit-v2-20260918,33,fedavg_proto,client_0,test,logits,0.7872373364848241,True,12,784,cuda:0,1.8.1,confirmation,False,3.8.20,0.6.1,2022.09.5,11.1,NVIDIA A100-PCIE-40GB
mmgnn-raw-logit-v2-20260918,33,fedavg_proto,client_0,test,probabilities,0.7872373364848241,False,12,784,cuda:0,1.8.1,confirmation,False,3.8.20,0.6.1,2022.09.5,11.1,NVIDIA A100-PCIE-40GB
mmgnn-raw-logit-v2-20260918,33,fedavg_proto,client_1,val,logits,0.8181316487145436,True,12,783,cuda:0,1.8.1,confirmation,False,3.8.20,0.6.1,2022.09.5,11.1,NVIDIA A100-PCIE-40GB
mmgnn-raw-logit-v2-20260918,33,fedavg_proto,client_1,val,probabilities,0.8181316487145436,False,12,783,cuda:0,1.8.1,confirmation,False,3.8.20,0.6.1,2022.09.5,11.1,NVIDIA A100-PCIE-40GB
mmgnn-raw-logit-v2-20260918,33,fedavg_proto,client_1,test,logits,0.809273393601908,True,12,784,cuda:0,1.8.1,confirmation,False,3.8.20,0.6.1,2022.09.5,11.1,NVIDIA A100-PCIE-40GB
mmgnn-raw-logit-v2-20260918,33,fedavg_proto,client_1,test,probabilities,0.809273393601908,False,12,784,cuda:0,1.8.1,confirmation,False,3.8.20,0.6.1,2022.09.5,11.1,NVIDIA A100-PCIE-40GB
mmgnn-raw-logit-v2-20260918,33,fedavg_proto,client_2,val,logits,0.7998084658051355,True,12,783,cuda:0,1.8.1,confirmation,False,3.8.20,0.6.1,2022.09.5,11.1,NVIDIA A100-PCIE-40GB
mmgnn-raw-logit-v2-20260918,33,fedavg_proto,client_2,val,probabilities,0.7998084658051355,False,12,783,cuda:0,1.8.1,confirmation,False,3.8.20,0.6.1,2022.09.5,11.1,NVIDIA A100-PCIE-40GB
mmgnn-raw-logit-v2-20260918,33,fedavg_proto,client_2,test,logits,0.80727692164646,True,12,784,cuda:0,1.8.1,confirmation,False,3.8.20,0.6.1,2022.09.5,11.1,NVIDIA A100-PCIE-40GB
mmgnn-raw-logit-v2-20260918,33,fedavg_proto,client_2,test,probabilities,0.80727692164646,False,12,784,cuda:0,1.8.1,confirmation,False,3.8.20,0.6.1,2022.09.5,11.1,NVIDIA A100-PCIE-40GB
mmgnn-raw-logit-v2-20260918,33,fedavg_proto,client_3,val,logits,0.8069577642239572,True,12,783,cuda:0,1.8.1,confirmation,False,3.8.20,0.6.1,2022.09.5,11.1,NVIDIA A100-PCIE-40GB
mmgnn-raw-logit-v2-20260918,33,fedavg_proto,client_3,val,probabilities,0.8069577642239572,False,12,783,cuda:0,1.8.1,confirmation,False,3.8.20,0.6.1,2022.09.5,11.1,NVIDIA A100-PCIE-40GB
mmgnn-raw-logit-v2-20260918,33,fedavg_proto,client_3,test,logits,0.8073155420594159,True,12,784,cuda:0,1.8.1,confirmation,False,3.8.20,0.6.1,2022.09.5,11.1,NVIDIA A100-PCIE-40GB
mmgnn-raw-logit-v2-20260918,33,fedavg_proto,client_3,test,probabilities,0.8073155420594159,False,12,784,cuda:0,1.8.1,confirmation,False,3.8.20,0.6.1,2022.09.5,11.1,NVIDIA A100-PCIE-40GB
mmgnn-raw-logit-v2-20260918,34,fedavg_proto,server,val,logits,0.8153418333394834,True,12,783,cuda:0,1.8.1,confirmation,False,3.8.20,0.6.1,2022.09.5,11.1,NVIDIA A100-PCIE-40GB
mmgnn-raw-logit-v2-20260918,34,fedavg_proto,server,val,probabilities,0.8153418333394834,False,12,783,cuda:0,1.8.1,confirmation,False,3.8.20,0.6.1,2022.09.5,11.1,NVIDIA A100-PCIE-40GB
mmgnn-raw-logit-v2-20260918,34,fedavg_proto,server,test,logits,0.8147593771777909,True,12,784,cuda:0,1.8.1,confirmation,False,3.8.20,0.6.1,2022.09.5,11.1,NVIDIA A100-PCIE-40GB
mmgnn-raw-logit-v2-20260918,34,fedavg_proto,server,test,probabilities,0.8147593771777909,False,12,784,cuda:0,1.8.1,confirmation,False,3.8.20,0.6.1,2022.09.5,11.1,NVIDIA A100-PCIE-40GB
mmgnn-raw-logit-v2-20260918,34,fedavg_proto,client_0,val,logits,0.8018884781871733,True,12,783,cuda:0,1.8.1,confirmation,False,3.8.20,0.6.1,2022.09.5,11.1,NVIDIA A100-PCIE-40GB
mmgnn-raw-logit-v2-20260918,34,fedavg_proto,client_0,val,probabilities,0.8018884781871733,False,12,783,cuda:0,1.8.1,confirmation,False,3.8.20,0.6.1,2022.09.5,11.1,NVIDIA A100-PCIE-40GB
mmgnn-raw-logit-v2-20260918,34,fedavg_proto,client_0,test,logits,0.8006076204260503,True,12,784,cuda:0,1.8.1,confirmation,False,3.8.20,0.6.1,2022.09.5,11.1,NVIDIA A100-PCIE-40GB
mmgnn-raw-logit-v2-20260918,34,fedavg_proto,client_0,test,probabilities,0.8006076204260503,False,12,784,cuda:0,1.8.1,confirmation,False,3.8.20,0.6.1,2022.09.5,11.1,NVIDIA A100-PCIE-40GB
mmgnn-raw-logit-v2-20260918,34,fedavg_proto,client_1,val,logits,0.8225590965519696,True,12,783,cuda:0,1.8.1,confirmation,False,3.8.20,0.6.1,2022.09.5,11.1,NVIDIA A100-PCIE-40GB
mmgnn-raw-logit-v2-20260918,34,fedavg_proto,client_1,val,probabilities,0.8225590965519696,False,12,783,cuda:0,1.8.1,confirmation,False,3.8.20,0.6.1,2022.09.5,11.1,NVIDIA A100-PCIE-40GB
mmgnn-raw-logit-v2-20260918,34,fedavg_proto,client_1,test,logits,0.8124111328456299,True,12,784,cuda:0,1.8.1,confirmation,False,3.8.20,0.6.1,2022.09.5,11.1,NVIDIA A100-PCIE-40GB
mmgnn-raw-logit-v2-20260918,34,fedavg_proto,client_1,test,probabilities,0.8124111328456299,False,12,784,cuda:0,1.8.1,confirmation,False,3.8.20,0.6.1,2022.09.5,11.1,NVIDIA A100-PCIE-40GB
mmgnn-raw-logit-v2-20260918,34,fedavg_proto,client_2,val,logits,0.8054463069981237,True,12,783,cuda:0,1.8.1,confirmation,False,3.8.20,0.6.1,2022.09.5,11.1,NVIDIA A100-PCIE-40GB
mmgnn-raw-logit-v2-20260918,34,fedavg_proto,client_2,val,probabilities,0.8054463069981237,False,12,783,cuda:0,1.8.1,confirmation,False,3.8.20,0.6.1,2022.09.5,11.1,NVIDIA A100-PCIE-40GB
mmgnn-raw-logit-v2-20260918,34,fedavg_proto,client_2,test,logits,0.815072271834094,True,12,784,cuda:0,1.8.1,confirmation,False,3.8.20,0.6.1,2022.09.5,11.1,NVIDIA A100-PCIE-40GB
mmgnn-raw-logit-v2-20260918,34,fedavg_proto,client_2,test,probabilities,0.815072271834094,False,12,784,cuda:0,1.8.1,confirmation,False,3.8.20,0.6.1,2022.09.5,11.1,NVIDIA A100-PCIE-40GB
mmgnn-raw-logit-v2-20260918,34,fedavg_proto,client_3,val,logits,0.8079057662817073,True,12,783,cuda:0,1.8.1,confirmation,False,3.8.20,0.6.1,2022.09.5,11.1,NVIDIA A100-PCIE-40GB
mmgnn-raw-logit-v2-20260918,34,fedavg_proto,client_3,val,probabilities,0.8079057662817073,False,12,783,cuda:0,1.8.1,confirmation,False,3.8.20,0.6.1,2022.09.5,11.1,NVIDIA A100-PCIE-40GB
mmgnn-raw-logit-v2-20260918,34,fedavg_proto,client_3,test,logits,0.8066361526180463,True,12,784,cuda:0,1.8.1,confirmation,False,3.8.20,0.6.1,2022.09.5,11.1,NVIDIA A100-PCIE-40GB
mmgnn-raw-logit-v2-20260918,34,fedavg_proto,client_3,test,probabilities,0.8066361526180463,False,12,784,cuda:0,1.8.1,confirmation,False,3.8.20,0.6.1,2022.09.5,11.1,NVIDIA A100-PCIE-40GB
mmgnn-raw-logit-v2-20260918,35,fedavg_proto,server,val,logits,0.812056204395096,True,12,783,cuda:0,1.8.1,confirmation,False,3.8.20,0.6.1,2022.09.5,11.1,NVIDIA A100-PCIE-40GB
mmgnn-raw-logit-v2-20260918,35,fedavg_proto,server,val,probabilities,0.812056204395096,False,12,783,cuda:0,1.8.1,confirmation,False,3.8.20,0.6.1,2022.09.5,11.1,NVIDIA A100-PCIE-40GB
mmgnn-raw-logit-v2-20260918,35,fedavg_proto,server,test,logits,0.8127049453269719,True,12,784,cuda:0,1.8.1,confirmation,False,3.8.20,0.6.1,2022.09.5,11.1,NVIDIA A100-PCIE-40GB
mmgnn-raw-logit-v2-20260918,35,fedavg_proto,server,test,probabilities,0.8127049453269719,False,12,784,cuda:0,1.8.1,confirmation,False,3.8.20,0.6.1,2022.09.5,11.1,NVIDIA A100-PCIE-40GB
mmgnn-raw-logit-v2-20260918,35,fedavg_proto,client_0,val,logits,0.7929889895167941,True,12,783,cuda:0,1.8.1,confirmation,False,3.8.20,0.6.1,2022.09.5,11.1,NVIDIA A100-PCIE-40GB
mmgnn-raw-logit-v2-20260918,35,fedavg_proto,client_0,val,probabilities,0.7929889895167941,False,12,783,cuda:0,1.8.1,confirmation,False,3.8.20,0.6.1,2022.09.5,11.1,NVIDIA A100-PCIE-40GB
mmgnn-raw-logit-v2-20260918,35,fedavg_proto,client_0,test,logits,0.7901594015371826,True,12,784,cuda:0,1.8.1,confirmation,False,3.8.20,0.6.1,2022.09.5,11.1,NVIDIA A100-PCIE-40GB
mmgnn-raw-logit-v2-20260918,35,fedavg_proto,client_0,test,probabilities,0.7901594015371826,False,12,784,cuda:0,1.8.1,confirmation,False,3.8.20,0.6.1,2022.09.5,11.1,NVIDIA A100-PCIE-40GB
mmgnn-raw-logit-v2-20260918,35,fedavg_proto,client_1,val,logits,0.824414915473121,True,12,783,cuda:0,1.8.1,confirmation,False,3.8.20,0.6.1,2022.09.5,11.1,NVIDIA A100-PCIE-40GB
mmgnn-raw-logit-v2-20260918,35,fedavg_proto,client_1,val,probabilities,0.824414915473121,False,12,783,cuda:0,1.8.1,confirmation,False,3.8.20,0.6.1,2022.09.5,11.1,NVIDIA A100-PCIE-40GB
mmgnn-raw-logit-v2-20260918,35,fedavg_proto,client_1,test,logits,0.8144832918019903,True,12,784,cuda:0,1.8.1,confirmation,False,3.8.20,0.6.1,2022.09.5,11.1,NVIDIA A100-PCIE-40GB
mmgnn-raw-logit-v2-20260918,35,fedavg_proto,client_1,test,probabilities,0.8144832918019903,False,12,784,cuda:0,1.8.1,confirmation,False,3.8.20,0.6.1,2022.09.5,11.1,NVIDIA A100-PCIE-40GB
mmgnn-raw-logit-v2-20260918,35,fedavg_proto,client_2,val,logits,0.8024729003291905,True,12,783,cuda:0,1.8.1,confirmation,False,3.8.20,0.6.1,2022.09.5,11.1,NVIDIA A100-PCIE-40GB
mmgnn-raw-logit-v2-20260918,35,fedavg_proto,client_2,val,probabilities,0.8024729003291905,False,12,783,cuda:0,1.8.1,confirmation,False,3.8.20,0.6.1,2022.09.5,11.1,NVIDIA A100-PCIE-40GB
mmgnn-raw-logit-v2-20260918,35,fedavg_proto,client_2,test,logits,0.8108871353400531,True,12,784,cuda:0,1.8.1,confirmation,False,3.8.20,0.6.1,2022.09.5,11.1,NVIDIA A100-PCIE-40GB
mmgnn-raw-logit-v2-20260918,35,fedavg_proto,client_2,test,probabilities,0.8108871353400531,False,12,784,cuda:0,1.8.1,confirmation,False,3.8.20,0.6.1,2022.09.5,11.1,NVIDIA A100-PCIE-40GB
mmgnn-raw-logit-v2-20260918,35,fedavg_proto,client_3,val,logits,0.801096413797601,True,12,783,cuda:0,1.8.1,confirmation,False,3.8.20,0.6.1,2022.09.5,11.1,NVIDIA A100-PCIE-40GB
mmgnn-raw-logit-v2-20260918,35,fedavg_proto,client_3,val,probabilities,0.801096413797601,False,12,783,cuda:0,1.8.1,confirmation,False,3.8.20,0.6.1,2022.09.5,11.1,NVIDIA A100-PCIE-40GB
mmgnn-raw-logit-v2-20260918,35,fedavg_proto,client_3,test,logits,0.8018241415170865,True,12,784,cuda:0,1.8.1,confirmation,False,3.8.20,0.6.1,2022.09.5,11.1,NVIDIA A100-PCIE-40GB
mmgnn-raw-logit-v2-20260918,35,fedavg_proto,client_3,test,probabilities,0.8018241415170865,False,12,784,cuda:0,1.8.1,confirmation,False,3.8.20,0.6.1,2022.09.5,11.1,NVIDIA A100-PCIE-40GB
mmgnn-raw-logit-v2-20260918,36,fedavg_proto,server,val,logits,0.8110825611718453,True,12,783,cuda:0,1.8.1,confirmation,False,3.8.20,0.6.1,2022.09.5,11.1,NVIDIA A100-PCIE-40GB
mmgnn-raw-logit-v2-20260918,36,fedavg_proto,server,val,probabilities,0.8110825611718453,False,12,783,cuda:0,1.8.1,confirmation,False,3.8.20,0.6.1,2022.09.5,11.1,NVIDIA A100-PCIE-40GB
mmgnn-raw-logit-v2-20260918,36,fedavg_proto,server,test,logits,0.8100039740466333,True,12,784,cuda:0,1.8.1,confirmation,False,3.8.20,0.6.1,2022.09.5,11.1,NVIDIA A100-PCIE-40GB
mmgnn-raw-logit-v2-20260918,36,fedavg_proto,server,test,probabilities,0.8100039740466333,False,12,784,cuda:0,1.8.1,confirmation,False,3.8.20,0.6.1,2022.09.5,11.1,NVIDIA A100-PCIE-40GB
mmgnn-raw-logit-v2-20260918,36,fedavg_proto,client_0,val,logits,0.7951930907928692,True,12,783,cuda:0,1.8.1,confirmation,False,3.8.20,0.6.1,2022.09.5,11.1,NVIDIA A100-PCIE-40GB
mmgnn-raw-logit-v2-20260918,36,fedavg_proto,client_0,val,probabilities,0.7951930907928692,False,12,783,cuda:0,1.8.1,confirmation,False,3.8.20,0.6.1,2022.09.5,11.1,NVIDIA A100-PCIE-40GB
mmgnn-raw-logit-v2-20260918,36,fedavg_proto,client_0,test,logits,0.7945150692757399,True,12,784,cuda:0,1.8.1,confirmation,False,3.8.20,0.6.1,2022.09.5,11.1,NVIDIA A100-PCIE-40GB
mmgnn-raw-logit-v2-20260918,36,fedavg_proto,client_0,test,probabilities,0.7945150692757399,False,12,784,cuda:0,1.8.1,confirmation,False,3.8.20,0.6.1,2022.09.5,11.1,NVIDIA A100-PCIE-40GB
mmgnn-raw-logit-v2-20260918,36,fedavg_proto,client_1,val,logits,0.8230027809627911,True,12,783,cuda:0,1.8.1,confirmation,False,3.8.20,0.6.1,2022.09.5,11.1,NVIDIA A100-PCIE-40GB
mmgnn-raw-logit-v2-20260918,36,fedavg_proto,client_1,val,probabilities,0.8230027809627911,False,12,783,cuda:0,1.8.1,confirmation,False,3.8.20,0.6.1,2022.09.5,11.1,NVIDIA A100-PCIE-40GB
mmgnn-raw-logit-v2-20260918,36,fedavg_proto,client_1,test,logits,0.8134995689596747,True,12,784,cuda:0,1.8.1,confirmation,False,3.8.20,0.6.1,2022.09.5,11.1,NVIDIA A100-PCIE-40GB
mmgnn-raw-logit-v2-20260918,36,fedavg_proto,client_1,test,probabilities,0.8134995689596747,False,12,784,cuda:0,1.8.1,confirmation,False,3.8.20,0.6.1,2022.09.5,11.1,NVIDIA A100-PCIE-40GB
mmgnn-raw-logit-v2-20260918,36,fedavg_proto,client_2,val,logits,0.8043361132476056,True,12,783,cuda:0,1.8.1,confirmation,False,3.8.20,0.6.1,2022.09.5,11.1,NVIDIA A100-PCIE-40GB
mmgnn-raw-logit-v2-20260918,36,fedavg_proto,client_2,val,probabilities,0.8043361132476056,False,12,783,cuda:0,1.8.1,confirmation,False,3.8.20,0.6.1,2022.09.5,11.1,NVIDIA A100-PCIE-40GB
mmgnn-raw-logit-v2-20260918,36,fedavg_proto,client_2,test,logits,0.8131284415423048,True,12,784,cuda:0,1.8.1,confirmation,False,3.8.20,0.6.1,2022.09.5,11.1,NVIDIA A100-PCIE-40GB
mmgnn-raw-logit-v2-20260918,36,fedavg_proto,client_2,test,probabilities,0.8131284415423048,False,12,784,cuda:0,1.8.1,confirmation,False,3.8.20,0.6.1,2022.09.5,11.1,NVIDIA A100-PCIE-40GB
mmgnn-raw-logit-v2-20260918,36,fedavg_proto,client_3,val,logits,0.7951438100602131,True,12,783,cuda:0,1.8.1,confirmation,False,3.8.20,0.6.1,2022.09.5,11.1,NVIDIA A100-PCIE-40GB
mmgnn-raw-logit-v2-20260918,36,fedavg_proto,client_3,val,probabilities,0.7951438100602131,False,12,783,cuda:0,1.8.1,confirmation,False,3.8.20,0.6.1,2022.09.5,11.1,NVIDIA A100-PCIE-40GB
mmgnn-raw-logit-v2-20260918,36,fedavg_proto,client_3,test,logits,0.7892441206984949,True,12,784,cuda:0,1.8.1,confirmation,False,3.8.20,0.6.1,2022.09.5,11.1,NVIDIA A100-PCIE-40GB
mmgnn-raw-logit-v2-20260918,36,fedavg_proto,client_3,test,probabilities,0.7892441206984949,False,12,784,cuda:0,1.8.1,confirmation,False,3.8.20,0.6.1,2022.09.5,11.1,NVIDIA A100-PCIE-40GB
mmgnn-raw-logit-v2-20260918,37,fedavg_proto,server,val,logits,0.812049361163753,True,12,783,cuda:0,1.8.1,confirmation,False,3.8.20,0.6.1,2022.09.5,11.1,NVIDIA A100-PCIE-40GB
mmgnn-raw-logit-v2-20260918,37,fedavg_proto,server,val,probabilities,0.812049361163753,False,12,783,cuda:0,1.8.1,confirmation,False,3.8.20,0.6.1,2022.09.5,11.1,NVIDIA A100-PCIE-40GB
mmgnn-raw-logit-v2-20260918,37,fedavg_proto,server,test,logits,0.8135060349899802,True,12,784,cuda:0,1.8.1,confirmation,False,3.8.20,0.6.1,2022.09.5,11.1,NVIDIA A100-PCIE-40GB
mmgnn-raw-logit-v2-20260918,37,fedavg_proto,server,test,probabilities,0.8135060349899802,False,12,784,cuda:0,1.8.1,confirmation,False,3.8.20,0.6.1,2022.09.5,11.1,NVIDIA A100-PCIE-40GB
mmgnn-raw-logit-v2-20260918,37,fedavg_proto,client_0,val,logits,0.8011041985277952,True,12,783,cuda:0,1.8.1,confirmation,False,3.8.20,0.6.1,2022.09.5,11.1,NVIDIA A100-PCIE-40GB
mmgnn-raw-logit-v2-20260918,37,fedavg_proto,client_0,val,probabilities,0.8011041985277952,False,12,783,cuda:0,1.8.1,confirmation,False,3.8.20,0.6.1,2022.09.5,11.1,NVIDIA A100-PCIE-40GB
mmgnn-raw-logit-v2-20260918,37,fedavg_proto,client_0,test,logits,0.8039024847776738,True,12,784,cuda:0,1.8.1,confirmation,False,3.8.20,0.6.1,2022.09.5,11.1,NVIDIA A100-PCIE-40GB
mmgnn-raw-logit-v2-20260918,37,fedavg_proto,client_0,test,probabilities,0.8039024847776738,False,12,784,cuda:0,1.8.1,confirmation,False,3.8.20,0.6.1,2022.09.5,11.1,NVIDIA A100-PCIE-40GB
mmgnn-raw-logit-v2-20260918,37,fedavg_proto,client_1,val,logits,0.8179608637714287,True,12,783,cuda:0,1.8.1,confirmation,False,3.8.20,0.6.1,2022.09.5,11.1,NVIDIA A100-PCIE-40GB
mmgnn-raw-logit-v2-20260918,37,fedavg_proto,client_1,val,probabilities,0.8179608637714287,False,12,783,cuda:0,1.8.1,confirmation,False,3.8.20,0.6.1,2022.09.5,11.1,NVIDIA A100-PCIE-40GB
mmgnn-raw-logit-v2-20260918,37,fedavg_proto,client_1,test,logits,0.8089686621649914,True,12,784,cuda:0,1.8.1,confirmation,False,3.8.20,0.6.1,2022.09.5,11.1,NVIDIA A100-PCIE-40GB
mmgnn-raw-logit-v2-20260918,37,fedavg_proto,client_1,test,probabilities,0.8089686621649914,False,12,784,cuda:0,1.8.1,confirmation,False,3.8.20,0.6.1,2022.09.5,11.1,NVIDIA A100-PCIE-40GB
mmgnn-raw-logit-v2-20260918,37,fedavg_proto,client_2,val,logits,0.8053745536356626,True,12,783,cuda:0,1.8.1,confirmation,False,3.8.20,0.6.1,2022.09.5,11.1,NVIDIA A100-PCIE-40GB
mmgnn-raw-logit-v2-20260918,37,fedavg_proto,client_2,val,probabilities,0.8053745536356626,False,12,783,cuda:0,1.8.1,confirmation,False,3.8.20,0.6.1,2022.09.5,11.1,NVIDIA A100-PCIE-40GB
mmgnn-raw-logit-v2-20260918,37,fedavg_proto,client_2,test,logits,0.812032332668004,True,12,784,cuda:0,1.8.1,confirmation,False,3.8.20,0.6.1,2022.09.5,11.1,NVIDIA A100-PCIE-40GB
mmgnn-raw-logit-v2-20260918,37,fedavg_proto,client_2,test,probabilities,0.812032332668004,False,12,784,cuda:0,1.8.1,confirmation,False,3.8.20,0.6.1,2022.09.5,11.1,NVIDIA A100-PCIE-40GB
mmgnn-raw-logit-v2-20260918,37,fedavg_proto,client_3,val,logits,0.8024931459084913,True,12,783,cuda:0,1.8.1,confirmation,False,3.8.20,0.6.1,2022.09.5,11.1,NVIDIA A100-PCIE-40GB
mmgnn-raw-logit-v2-20260918,37,fedavg_proto,client_3,val,probabilities,0.8024931459084913,False,12,783,cuda:0,1.8.1,confirmation,False,3.8.20,0.6.1,2022.09.5,11.1,NVIDIA A100-PCIE-40GB
mmgnn-raw-logit-v2-20260918,37,fedavg_proto,client_3,test,logits,0.8020610401025604,True,12,784,cuda:0,1.8.1,confirmation,False,3.8.20,0.6.1,2022.09.5,11.1,NVIDIA A100-PCIE-40GB
mmgnn-raw-logit-v2-20260918,37,fedavg_proto,client_3,test,probabilities,0.8020610401025604,False,12,784,cuda:0,1.8.1,confirmation,False,3.8.20,0.6.1,2022.09.5,11.1,NVIDIA A100-PCIE-40GB
mmgnn-raw-logit-v2-20260918,38,fedavg_proto,server,val,logits,0.8126232674052133,True,12,783,cuda:0,1.8.1,confirmation,False,3.8.20,0.6.1,2022.09.5,11.1,NVIDIA A100-PCIE-40GB
mmgnn-raw-logit-v2-20260918,38,fedavg_proto,server,val,probabilities,0.8126232674052133,False,12,783,cuda:0,1.8.1,confirmation,False,3.8.20,0.6.1,2022.09.5,11.1,NVIDIA A100-PCIE-40GB
mmgnn-raw-logit-v2-20260918,38,fedavg_proto,server,test,logits,0.8143513913211295,True,12,784,cuda:0,1.8.1,confirmation,False,3.8.20,0.6.1,2022.09.5,11.1,NVIDIA A100-PCIE-40GB
mmgnn-raw-logit-v2-20260918,38,fedavg_proto,server,test,probabilities,0.8143513913211295,False,12,784,cuda:0,1.8.1,confirmation,False,3.8.20,0.6.1,2022.09.5,11.1,NVIDIA A100-PCIE-40GB
mmgnn-raw-logit-v2-20260918,38,fedavg_proto,client_0,val,logits,0.7984340385365254,True,12,783,cuda:0,1.8.1,confirmation,False,3.8.20,0.6.1,2022.09.5,11.1,NVIDIA A100-PCIE-40GB
mmgnn-raw-logit-v2-20260918,38,fedavg_proto,client_0,val,probabilities,0.7984340385365254,False,12,783,cuda:0,1.8.1,confirmation,False,3.8.20,0.6.1,2022.09.5,11.1,NVIDIA A100-PCIE-40GB
mmgnn-raw-logit-v2-20260918,38,fedavg_proto,client_0,test,logits,0.8021976670595605,True,12,784,cuda:0,1.8.1,confirmation,False,3.8.20,0.6.1,2022.09.5,11.1,NVIDIA A100-PCIE-40GB
mmgnn-raw-logit-v2-20260918,38,fedavg_proto,client_0,test,probabilities,0.8021976670595605,False,12,784,cuda:0,1.8.1,confirmation,False,3.8.20,0.6.1,2022.09.5,11.1,NVIDIA A100-PCIE-40GB
mmgnn-raw-logit-v2-20260918,38,fedavg_proto,client_1,val,logits,0.819709548542794,True,12,783,cuda:0,1.8.1,confirmation,False,3.8.20,0.6.1,2022.09.5,11.1,NVIDIA A100-PCIE-40GB
mmgnn-raw-logit-v2-20260918,38,fedavg_proto,client_1,val,probabilities,0.819709548542794,False,12,783,cuda:0,1.8.1,confirmation,False,3.8.20,0.6.1,2022.09.5,11.1,NVIDIA A100-PCIE-40GB
mmgnn-raw-logit-v2-20260918,38,fedavg_proto,client_1,test,logits,0.8114280932821177,True,12,784,cuda:0,1.8.1,confirmation,False,3.8.20,0.6.1,2022.09.5,11.1,NVIDIA A100-PCIE-40GB
mmgnn-raw-logit-v2-20260918,38,fedavg_proto,client_1,test,probabilities,0.8114280932821177,False,12,784,cuda:0,1.8.1,confirmation,False,3.8.20,0.6.1,2022.09.5,11.1,NVIDIA A100-PCIE-40GB
mmgnn-raw-logit-v2-20260918,38,fedavg_proto,client_2,val,logits,0.8028952978190943,True,12,783,cuda:0,1.8.1,confirmation,False,3.8.20,0.6.1,2022.09.5,11.1,NVIDIA A100-PCIE-40GB
mmgnn-raw-logit-v2-20260918,38,fedavg_proto,client_2,val,probabilities,0.8028952978190943,False,12,783,cuda:0,1.8.1,confirmation,False,3.8.20,0.6.1,2022.09.5,11.1,NVIDIA A100-PCIE-40GB
mmgnn-raw-logit-v2-20260918,38,fedavg_proto,client_2,test,logits,0.8126207769032069,True,12,784,cuda:0,1.8.1,confirmation,False,3.8.20,0.6.1,2022.09.5,11.1,NVIDIA A100-PCIE-40GB
mmgnn-raw-logit-v2-20260918,38,fedavg_proto,client_2,test,probabilities,0.8126207769032069,False,12,784,cuda:0,1.8.1,confirmation,False,3.8.20,0.6.1,2022.09.5,11.1,NVIDIA A100-PCIE-40GB
mmgnn-raw-logit-v2-20260918,38,fedavg_proto,client_3,val,logits,0.8078262178145611,True,12,783,cuda:0,1.8.1,confirmation,False,3.8.20,0.6.1,2022.09.5,11.1,NVIDIA A100-PCIE-40GB
mmgnn-raw-logit-v2-20260918,38,fedavg_proto,client_3,val,probabilities,0.8078262178145611,False,12,783,cuda:0,1.8.1,confirmation,False,3.8.20,0.6.1,2022.09.5,11.1,NVIDIA A100-PCIE-40GB
mmgnn-raw-logit-v2-20260918,38,fedavg_proto,client_3,test,logits,0.8078950363046499,True,12,784,cuda:0,1.8.1,confirmation,False,3.8.20,0.6.1,2022.09.5,11.1,NVIDIA A100-PCIE-40GB
mmgnn-raw-logit-v2-20260918,38,fedavg_proto,client_3,test,probabilities,0.8078950363046499,False,12,784,cuda:0,1.8.1,confirmation,False,3.8.20,0.6.1,2022.09.5,11.1,NVIDIA A100-PCIE-40GB
mmgnn-raw-logit-v2-20260918,39,fedavg_proto,server,val,logits,0.8124435964870607,True,12,783,cuda:0,1.8.1,confirmation,False,3.8.20,0.6.1,2022.09.5,11.1,NVIDIA A100-PCIE-40GB
mmgnn-raw-logit-v2-20260918,39,fedavg_proto,server,val,probabilities,0.8124435964870607,False,12,783,cuda:0,1.8.1,confirmation,False,3.8.20,0.6.1,2022.09.5,11.1,NVIDIA A100-PCIE-40GB
mmgnn-raw-logit-v2-20260918,39,fedavg_proto,server,test,logits,0.8128717380819103,True,12,784,cuda:0,1.8.1,confirmation,False,3.8.20,0.6.1,2022.09.5,11.1,NVIDIA A100-PCIE-40GB
mmgnn-raw-logit-v2-20260918,39,fedavg_proto,server,test,probabilities,0.8128717380819103,False,12,784,cuda:0,1.8.1,confirmation,False,3.8.20,0.6.1,2022.09.5,11.1,NVIDIA A100-PCIE-40GB
mmgnn-raw-logit-v2-20260918,39,fedavg_proto,client_0,val,logits,0.796665413188924,True,12,783,cuda:0,1.8.1,confirmation,False,3.8.20,0.6.1,2022.09.5,11.1,NVIDIA A100-PCIE-40GB
mmgnn-raw-logit-v2-20260918,39,fedavg_proto,client_0,val,probabilities,0.796665413188924,False,12,783,cuda:0,1.8.1,confirmation,False,3.8.20,0.6.1,2022.09.5,11.1,NVIDIA A100-PCIE-40GB
mmgnn-raw-logit-v2-20260918,39,fedavg_proto,client_0,test,logits,0.7974711819331791,True,12,784,cuda:0,1.8.1,confirmation,False,3.8.20,0.6.1,2022.09.5,11.1,NVIDIA A100-PCIE-40GB
mmgnn-raw-logit-v2-20260918,39,fedavg_proto,client_0,test,probabilities,0.7974711819331791,False,12,784,cuda:0,1.8.1,confirmation,False,3.8.20,0.6.1,2022.09.5,11.1,NVIDIA A100-PCIE-40GB
mmgnn-raw-logit-v2-20260918,39,fedavg_proto,client_1,val,logits,0.8188814427521135,True,12,783,cuda:0,1.8.1,confirmation,False,3.8.20,0.6.1,2022.09.5,11.1,NVIDIA A100-PCIE-40GB
mmgnn-raw-logit-v2-20260918,39,fedavg_proto,client_1,val,probabilities,0.8188814427521135,False,12,783,cuda:0,1.8.1,confirmation,False,3.8.20,0.6.1,2022.09.5,11.1,NVIDIA A100-PCIE-40GB
mmgnn-raw-logit-v2-20260918,39,fedavg_proto,client_1,test,logits,0.8078668878489138,True,12,784,cuda:0,1.8.1,confirmation,False,3.8.20,0.6.1,2022.09.5,11.1,NVIDIA A100-PCIE-40GB
mmgnn-raw-logit-v2-20260918,39,fedavg_proto,client_1,test,probabilities,0.8078668878489138,False,12,784,cuda:0,1.8.1,confirmation,False,3.8.20,0.6.1,2022.09.5,11.1,NVIDIA A100-PCIE-40GB
mmgnn-raw-logit-v2-20260918,39,fedavg_proto,client_2,val,logits,0.8039373871504418,True,12,783,cuda:0,1.8.1,confirmation,False,3.8.20,0.6.1,2022.09.5,11.1,NVIDIA A100-PCIE-40GB
mmgnn-raw-logit-v2-20260918,39,fedavg_proto,client_2,val,probabilities,0.8039373871504418,False,12,783,cuda:0,1.8.1,confirmation,False,3.8.20,0.6.1,2022.09.5,11.1,NVIDIA A100-PCIE-40GB
mmgnn-raw-logit-v2-20260918,39,fedavg_proto,client_2,test,logits,0.8109021798675472,True,12,784,cuda:0,1.8.1,confirmation,False,3.8.20,0.6.1,2022.09.5,11.1,NVIDIA A100-PCIE-40GB
mmgnn-raw-logit-v2-20260918,39,fedavg_proto,client_2,test,probabilities,0.8109021798675472,False,12,784,cuda:0,1.8.1,confirmation,False,3.8.20,0.6.1,2022.09.5,11.1,NVIDIA A100-PCIE-40GB
mmgnn-raw-logit-v2-20260918,39,fedavg_proto,client_3,val,logits,0.8062444128124842,True,12,783,cuda:0,1.8.1,confirmation,False,3.8.20,0.6.1,2022.09.5,11.1,NVIDIA A100-PCIE-40GB
mmgnn-raw-logit-v2-20260918,39,fedavg_proto,client_3,val,probabilities,0.8062444128124842,False,12,783,cuda:0,1.8.1,confirmation,False,3.8.20,0.6.1,2022.09.5,11.1,NVIDIA A100-PCIE-40GB
mmgnn-raw-logit-v2-20260918,39,fedavg_proto,client_3,test,logits,0.8101291817228184,True,12,784,cuda:0,1.8.1,confirmation,False,3.8.20,0.6.1,2022.09.5,11.1,NVIDIA A100-PCIE-40GB
mmgnn-raw-logit-v2-20260918,39,fedavg_proto,client_3,test,probabilities,0.8101291817228184,False,12,784,cuda:0,1.8.1,confirmation,False,3.8.20,0.6.1,2022.09.5,11.1,NVIDIA A100-PCIE-40GB
mmgnn-raw-logit-v2-20260918,40,fedavg_proto,server,val,logits,0.812023259429736,True,12,783,cuda:0,1.8.1,confirmation,False,3.8.20,0.6.1,2022.09.5,11.1,NVIDIA A100-PCIE-40GB
mmgnn-raw-logit-v2-20260918,40,fedavg_proto,server,val,probabilities,0.812023259429736,False,12,783,cuda:0,1.8.1,confirmation,False,3.8.20,0.6.1,2022.09.5,11.1,NVIDIA A100-PCIE-40GB
mmgnn-raw-logit-v2-20260918,40,fedavg_proto,server,test,logits,0.8117957203188998,True,12,784,cuda:0,1.8.1,confirmation,False,3.8.20,0.6.1,2022.09.5,11.1,NVIDIA A100-PCIE-40GB
mmgnn-raw-logit-v2-20260918,40,fedavg_proto,server,test,probabilities,0.8117957203188998,False,12,784,cuda:0,1.8.1,confirmation,False,3.8.20,0.6.1,2022.09.5,11.1,NVIDIA A100-PCIE-40GB
mmgnn-raw-logit-v2-20260918,40,fedavg_proto,client_0,val,logits,0.8008025181154346,True,12,783,cuda:0,1.8.1,confirmation,False,3.8.20,0.6.1,2022.09.5,11.1,NVIDIA A100-PCIE-40GB
mmgnn-raw-logit-v2-20260918,40,fedavg_proto,client_0,val,probabilities,0.8008025181154346,False,12,783,cuda:0,1.8.1,confirmation,False,3.8.20,0.6.1,2022.09.5,11.1,NVIDIA A100-PCIE-40GB
mmgnn-raw-logit-v2-20260918,40,fedavg_proto,client_0,test,logits,0.8025943228353946,True,12,784,cuda:0,1.8.1,confirmation,False,3.8.20,0.6.1,2022.09.5,11.1,NVIDIA A100-PCIE-40GB
mmgnn-raw-logit-v2-20260918,40,fedavg_proto,client_0,test,probabilities,0.8025943228353946,False,12,784,cuda:0,1.8.1,confirmation,False,3.8.20,0.6.1,2022.09.5,11.1,NVIDIA A100-PCIE-40GB
mmgnn-raw-logit-v2-20260918,40,fedavg_proto,client_1,val,logits,0.8203654777021435,True,12,783,cuda:0,1.8.1,confirmation,False,3.8.20,0.6.1,2022.09.5,11.1,NVIDIA A100-PCIE-40GB
mmgnn-raw-logit-v2-20260918,40,fedavg_proto,client_1,val,probabilities,0.8203654777021435,False,12,783,cuda:0,1.8.1,confirmation,False,3.8.20,0.6.1,2022.09.5,11.1,NVIDIA A100-PCIE-40GB
mmgnn-raw-logit-v2-20260918,40,fedavg_proto,client_1,test,logits,0.8131950982682362,True,12,784,cuda:0,1.8.1,confirmation,False,3.8.20,0.6.1,2022.09.5,11.1,NVIDIA A100-PCIE-40GB
mmgnn-raw-logit-v2-20260918,40,fedavg_proto,client_1,test,probabilities,0.8131950982682362,False,12,784,cuda:0,1.8.1,confirmation,False,3.8.20,0.6.1,2022.09.5,11.1,NVIDIA A100-PCIE-40GB
mmgnn-raw-logit-v2-20260918,40,fedavg_proto,client_2,val,logits,0.8006247314728498,True,12,783,cuda:0,1.8.1,confirmation,False,3.8.20,0.6.1,2022.09.5,11.1,NVIDIA A100-PCIE-40GB
mmgnn-raw-logit-v2-20260918,40,fedavg_proto,client_2,val,probabilities,0.8006247314728498,False,12,783,cuda:0,1.8.1,confirmation,False,3.8.20,0.6.1,2022.09.5,11.1,NVIDIA A100-PCIE-40GB
mmgnn-raw-logit-v2-20260918,40,fedavg_proto,client_2,test,logits,0.8067705686109282,True,12,784,cuda:0,1.8.1,confirmation,False,3.8.20,0.6.1,2022.09.5,11.1,NVIDIA A100-PCIE-40GB
mmgnn-raw-logit-v2-20260918,40,fedavg_proto,client_2,test,probabilities,0.8067705686109282,False,12,784,cuda:0,1.8.1,confirmation,False,3.8.20,0.6.1,2022.09.5,11.1,NVIDIA A100-PCIE-40GB
mmgnn-raw-logit-v2-20260918,40,fedavg_proto,client_3,val,logits,0.8044784707221608,True,12,783,cuda:0,1.8.1,confirmation,False,3.8.20,0.6.1,2022.09.5,11.1,NVIDIA A100-PCIE-40GB
mmgnn-raw-logit-v2-20260918,40,fedavg_proto,client_3,val,probabilities,0.8044784707221608,False,12,783,cuda:0,1.8.1,confirmation,False,3.8.20,0.6.1,2022.09.5,11.1,NVIDIA A100-PCIE-40GB
mmgnn-raw-logit-v2-20260918,40,fedavg_proto,client_3,test,logits,0.803564973971226,True,12,784,cuda:0,1.8.1,confirmation,False,3.8.20,0.6.1,2022.09.5,11.1,NVIDIA A100-PCIE-40GB
mmgnn-raw-logit-v2-20260918,40,fedavg_proto,client_3,test,probabilities,0.803564973971226,False,12,784,cuda:0,1.8.1,confirmation,False,3.8.20,0.6.1,2022.09.5,11.1,NVIDIA A100-PCIE-40GB
mmgnn-raw-logit-v2-20260918,41,fedavg_proto,server,val,logits,0.8091386876100061,True,12,783,cuda:0,1.8.1,confirmation,False,3.8.20,0.6.1,2022.09.5,11.1,NVIDIA A100-PCIE-40GB
mmgnn-raw-logit-v2-20260918,41,fedavg_proto,server,val,probabilities,0.8091386876100061,False,12,783,cuda:0,1.8.1,confirmation,False,3.8.20,0.6.1,2022.09.5,11.1,NVIDIA A100-PCIE-40GB
mmgnn-raw-logit-v2-20260918,41,fedavg_proto,server,test,logits,0.8060614443295587,True,12,784,cuda:0,1.8.1,confirmation,False,3.8.20,0.6.1,2022.09.5,11.1,NVIDIA A100-PCIE-40GB
mmgnn-raw-logit-v2-20260918,41,fedavg_proto,server,test,probabilities,0.8060614443295587,False,12,784,cuda:0,1.8.1,confirmation,False,3.8.20,0.6.1,2022.09.5,11.1,NVIDIA A100-PCIE-40GB
mmgnn-raw-logit-v2-20260918,41,fedavg_proto,client_0,val,logits,0.7929707510849117,True,12,783,cuda:0,1.8.1,confirmation,False,3.8.20,0.6.1,2022.09.5,11.1,NVIDIA A100-PCIE-40GB
mmgnn-raw-logit-v2-20260918,41,fedavg_proto,client_0,val,probabilities,0.7929707510849117,False,12,783,cuda:0,1.8.1,confirmation,False,3.8.20,0.6.1,2022.09.5,11.1,NVIDIA A100-PCIE-40GB
mmgnn-raw-logit-v2-20260918,41,fedavg_proto,client_0,test,logits,0.7908223057164311,True,12,784,cuda:0,1.8.1,confirmation,False,3.8.20,0.6.1,2022.09.5,11.1,NVIDIA A100-PCIE-40GB
mmgnn-raw-logit-v2-20260918,41,fedavg_proto,client_0,test,probabilities,0.7908223057164311,False,12,784,cuda:0,1.8.1,confirmation,False,3.8.20,0.6.1,2022.09.5,11.1,NVIDIA A100-PCIE-40GB
mmgnn-raw-logit-v2-20260918,41,fedavg_proto,client_1,val,logits,0.8175171333641301,True,12,783,cuda:0,1.8.1,confirmation,False,3.8.20,0.6.1,2022.09.5,11.1,NVIDIA A100-PCIE-40GB
mmgnn-raw-logit-v2-20260918,41,fedavg_proto,client_1,val,probabilities,0.8175171333641301,False,12,783,cuda:0,1.8.1,confirmation,False,3.8.20,0.6.1,2022.09.5,11.1,NVIDIA A100-PCIE-40GB
mmgnn-raw-logit-v2-20260918,41,fedavg_proto,client_1,test,logits,0.8069445013642924,True,12,784,cuda:0,1.8.1,confirmation,False,3.8.20,0.6.1,2022.09.5,11.1,NVIDIA A100-PCIE-40GB
mmgnn-raw-logit-v2-20260918,41,fedavg_proto,client_1,test,probabilities,0.8069445013642924,False,12,784,cuda:0,1.8.1,confirmation,False,3.8.20,0.6.1,2022.09.5,11.1,NVIDIA A100-PCIE-40GB
mmgnn-raw-logit-v2-20260918,41,fedavg_proto,client_2,val,logits,0.7968817055668218,True,12,783,cuda:0,1.8.1,confirmation,False,3.8.20,0.6.1,2022.09.5,11.1,NVIDIA A100-PCIE-40GB
mmgnn-raw-logit-v2-20260918,41,fedavg_proto,client_2,val,probabilities,0.7968817055668218,False,12,783,cuda:0,1.8.1,confirmation,False,3.8.20,0.6.1,2022.09.5,11.1,NVIDIA A100-PCIE-40GB
mmgnn-raw-logit-v2-20260918,41,fedavg_proto,client_2,test,logits,0.8018207317981133,True,12,784,cuda:0,1.8.1,confirmation,False,3.8.20,0.6.1,2022.09.5,11.1,NVIDIA A100-PCIE-40GB
mmgnn-raw-logit-v2-20260918,41,fedavg_proto,client_2,test,probabilities,0.8018207317981133,False,12,784,cuda:0,1.8.1,confirmation,False,3.8.20,0.6.1,2022.09.5,11.1,NVIDIA A100-PCIE-40GB
mmgnn-raw-logit-v2-20260918,41,fedavg_proto,client_3,val,logits,0.8065047997168774,True,12,783,cuda:0,1.8.1,confirmation,False,3.8.20,0.6.1,2022.09.5,11.1,NVIDIA A100-PCIE-40GB
mmgnn-raw-logit-v2-20260918,41,fedavg_proto,client_3,val,probabilities,0.8065047997168774,False,12,783,cuda:0,1.8.1,confirmation,False,3.8.20,0.6.1,2022.09.5,11.1,NVIDIA A100-PCIE-40GB
mmgnn-raw-logit-v2-20260918,41,fedavg_proto,client_3,test,logits,0.8082019194304665,True,12,784,cuda:0,1.8.1,confirmation,False,3.8.20,0.6.1,2022.09.5,11.1,NVIDIA A100-PCIE-40GB
mmgnn-raw-logit-v2-20260918,41,fedavg_proto,client_3,test,probabilities,0.8082019194304665,False,12,784,cuda:0,1.8.1,confirmation,False,3.8.20,0.6.1,2022.09.5,11.1,NVIDIA A100-PCIE-40GB
mmgnn-raw-logit-v2-20260918,42,fedavg_proto,server,val,logits,0.8118697808447749,True,12,783,cuda:0,1.8.1,confirmation,False,3.8.20,0.6.1,2022.09.5,11.1,NVIDIA A100-PCIE-40GB
mmgnn-raw-logit-v2-20260918,42,fedavg_proto,server,val,probabilities,0.8118697808447749,False,12,783,cuda:0,1.8.1,confirmation,False,3.8.20,0.6.1,2022.09.5,11.1,NVIDIA A100-PCIE-40GB
mmgnn-raw-logit-v2-20260918,42,fedavg_proto,server,test,logits,0.8100836746054917,True,12,784,cuda:0,1.8.1,confirmation,False,3.8.20,0.6.1,2022.09.5,11.1,NVIDIA A100-PCIE-40GB
mmgnn-raw-logit-v2-20260918,42,fedavg_proto,server,test,probabilities,0.8100836746054917,False,12,784,cuda:0,1.8.1,confirmation,False,3.8.20,0.6.1,2022.09.5,11.1,NVIDIA A100-PCIE-40GB
mmgnn-raw-logit-v2-20260918,42,fedavg_proto,client_0,val,logits,0.8020157214393739,True,12,783,cuda:0,1.8.1,confirmation,False,3.8.20,0.6.1,2022.09.5,11.1,NVIDIA A100-PCIE-40GB
mmgnn-raw-logit-v2-20260918,42,fedavg_proto,client_0,val,probabilities,0.8020157214393739,False,12,783,cuda:0,1.8.1,confirmation,False,3.8.20,0.6.1,2022.09.5,11.1,NVIDIA A100-PCIE-40GB
mmgnn-raw-logit-v2-20260918,42,fedavg_proto,client_0,test,logits,0.8026747226760108,True,12,784,cuda:0,1.8.1,confirmation,False,3.8.20,0.6.1,2022.09.5,11.1,NVIDIA A100-PCIE-40GB
mmgnn-raw-logit-v2-20260918,42,fedavg_proto,client_0,test,probabilities,0.8026747226760108,False,12,784,cuda:0,1.8.1,confirmation,False,3.8.20,0.6.1,2022.09.5,11.1,NVIDIA A100-PCIE-40GB
mmgnn-raw-logit-v2-20260918,42,fedavg_proto,client_1,val,logits,0.815442142986385,True,12,783,cuda:0,1.8.1,confirmation,False,3.8.20,0.6.1,2022.09.5,11.1,NVIDIA A100-PCIE-40GB
mmgnn-raw-logit-v2-20260918,42,fedavg_proto,client_1,val,probabilities,0.815442142986385,False,12,783,cuda:0,1.8.1,confirmation,False,3.8.20,0.6.1,2022.09.5,11.1,NVIDIA A100-PCIE-40GB
mmgnn-raw-logit-v2-20260918,42,fedavg_proto,client_1,test,logits,0.8036063550924718,True,12,784,cuda:0,1.8.1,confirmation,False,3.8.20,0.6.1,2022.09.5,11.1,NVIDIA A100-PCIE-40GB
mmgnn-raw-logit-v2-20260918,42,fedavg_proto,client_1,test,probabilities,0.8036063550924718,False,12,784,cuda:0,1.8.1,confirmation,False,3.8.20,0.6.1,2022.09.5,11.1,NVIDIA A100-PCIE-40GB
mmgnn-raw-logit-v2-20260918,42,fedavg_proto,client_2,val,logits,0.8046809643548102,True,12,783,cuda:0,1.8.1,confirmation,False,3.8.20,0.6.1,2022.09.5,11.1,NVIDIA A100-PCIE-40GB
mmgnn-raw-logit-v2-20260918,42,fedavg_proto,client_2,val,probabilities,0.8046809643548102,False,12,783,cuda:0,1.8.1,confirmation,False,3.8.20,0.6.1,2022.09.5,11.1,NVIDIA A100-PCIE-40GB
mmgnn-raw-logit-v2-20260918,42,fedavg_proto,client_2,test,logits,0.810025530982907,True,12,784,cuda:0,1.8.1,confirmation,False,3.8.20,0.6.1,2022.09.5,11.1,NVIDIA A100-PCIE-40GB
mmgnn-raw-logit-v2-20260918,42,fedavg_proto,client_2,test,probabilities,0.810025530982907,False,12,784,cuda:0,1.8.1,confirmation,False,3.8.20,0.6.1,2022.09.5,11.1,NVIDIA A100-PCIE-40GB
mmgnn-raw-logit-v2-20260918,42,fedavg_proto,client_3,val,logits,0.8047985608864799,True,12,783,cuda:0,1.8.1,confirmation,False,3.8.20,0.6.1,2022.09.5,11.1,NVIDIA A100-PCIE-40GB
mmgnn-raw-logit-v2-20260918,42,fedavg_proto,client_3,val,probabilities,0.8047985608864799,False,12,783,cuda:0,1.8.1,confirmation,False,3.8.20,0.6.1,2022.09.5,11.1,NVIDIA A100-PCIE-40GB
mmgnn-raw-logit-v2-20260918,42,fedavg_proto,client_3,test,logits,0.8029034859179277,True,12,784,cuda:0,1.8.1,confirmation,False,3.8.20,0.6.1,2022.09.5,11.1,NVIDIA A100-PCIE-40GB
mmgnn-raw-logit-v2-20260918,42,fedavg_proto,client_3,test,probabilities,0.8029034859179277,False,12,784,cuda:0,1.8.1,confirmation,False,3.8.20,0.6.1,2022.09.5,11.1,NVIDIA A100-PCIE-40GB
mmgnn-raw-logit-v2-20260918,43,fedavg_proto,server,val,logits,0.8087575097860878,True,12,783,cuda:0,1.8.1,confirmation,False,3.8.20,0.6.1,2022.09.5,11.1,NVIDIA A100-PCIE-40GB
mmgnn-raw-logit-v2-20260918,43,fedavg_proto,server,val,probabilities,0.8087575097860878,False,12,783,cuda:0,1.8.1,confirmation,False,3.8.20,0.6.1,2022.09.5,11.1,NVIDIA A100-PCIE-40GB
mmgnn-raw-logit-v2-20260918,43,fedavg_proto,server,test,logits,0.8056161931057454,True,12,784,cuda:0,1.8.1,confirmation,False,3.8.20,0.6.1,2022.09.5,11.1,NVIDIA A100-PCIE-40GB
mmgnn-raw-logit-v2-20260918,43,fedavg_proto,server,test,probabilities,0.8056161931057454,False,12,784,cuda:0,1.8.1,confirmation,False,3.8.20,0.6.1,2022.09.5,11.1,NVIDIA A100-PCIE-40GB
mmgnn-raw-logit-v2-20260918,43,fedavg_proto,client_0,val,logits,0.7954981274572067,True,12,783,cuda:0,1.8.1,confirmation,False,3.8.20,0.6.1,2022.09.5,11.1,NVIDIA A100-PCIE-40GB
mmgnn-raw-logit-v2-20260918,43,fedavg_proto,client_0,val,probabilities,0.7954981274572067,False,12,783,cuda:0,1.8.1,confirmation,False,3.8.20,0.6.1,2022.09.5,11.1,NVIDIA A100-PCIE-40GB
mmgnn-raw-logit-v2-20260918,43,fedavg_proto,client_0,test,logits,0.7926676563407441,True,12,784,cuda:0,1.8.1,confirmation,False,3.8.20,0.6.1,2022.09.5,11.1,NVIDIA A100-PCIE-40GB
mmgnn-raw-logit-v2-20260918,43,fedavg_proto,client_0,test,probabilities,0.7926676563407441,False,12,784,cuda:0,1.8.1,confirmation,False,3.8.20,0.6.1,2022.09.5,11.1,NVIDIA A100-PCIE-40GB
mmgnn-raw-logit-v2-20260918,43,fedavg_proto,client_1,val,logits,0.8181292143520742,True,12,783,cuda:0,1.8.1,confirmation,False,3.8.20,0.6.1,2022.09.5,11.1,NVIDIA A100-PCIE-40GB
mmgnn-raw-logit-v2-20260918,43,fedavg_proto,client_1,val,probabilities,0.8181292143520742,False,12,783,cuda:0,1.8.1,confirmation,False,3.8.20,0.6.1,2022.09.5,11.1,NVIDIA A100-PCIE-40GB
mmgnn-raw-logit-v2-20260918,43,fedavg_proto,client_1,test,logits,0.8090393473508836,True,12,784,cuda:0,1.8.1,confirmation,False,3.8.20,0.6.1,2022.09.5,11.1,NVIDIA A100-PCIE-40GB
mmgnn-raw-logit-v2-20260918,43,fedavg_proto,client_1,test,probabilities,0.8090393473508836,False,12,784,cuda:0,1.8.1,confirmation,False,3.8.20,0.6.1,2022.09.5,11.1,NVIDIA A100-PCIE-40GB
mmgnn-raw-logit-v2-20260918,43,fedavg_proto,client_2,val,logits,0.7981717184657103,True,12,783,cuda:0,1.8.1,confirmation,False,3.8.20,0.6.1,2022.09.5,11.1,NVIDIA A100-PCIE-40GB
mmgnn-raw-logit-v2-20260918,43,fedavg_proto,client_2,val,probabilities,0.7981717184657103,False,12,783,cuda:0,1.8.1,confirmation,False,3.8.20,0.6.1,2022.09.5,11.1,NVIDIA A100-PCIE-40GB
mmgnn-raw-logit-v2-20260918,43,fedavg_proto,client_2,test,logits,0.8024024663080888,True,12,784,cuda:0,1.8.1,confirmation,False,3.8.20,0.6.1,2022.09.5,11.1,NVIDIA A100-PCIE-40GB
mmgnn-raw-logit-v2-20260918,43,fedavg_proto,client_2,test,probabilities,0.8024024663080888,False,12,784,cuda:0,1.8.1,confirmation,False,3.8.20,0.6.1,2022.09.5,11.1,NVIDIA A100-PCIE-40GB
mmgnn-raw-logit-v2-20260918,43,fedavg_proto,client_3,val,logits,0.8021046852007895,True,12,783,cuda:0,1.8.1,confirmation,False,3.8.20,0.6.1,2022.09.5,11.1,NVIDIA A100-PCIE-40GB
mmgnn-raw-logit-v2-20260918,43,fedavg_proto,client_3,val,probabilities,0.8021046852007895,False,12,783,cuda:0,1.8.1,confirmation,False,3.8.20,0.6.1,2022.09.5,11.1,NVIDIA A100-PCIE-40GB
mmgnn-raw-logit-v2-20260918,43,fedavg_proto,client_3,test,logits,0.7990928949918489,True,12,784,cuda:0,1.8.1,confirmation,False,3.8.20,0.6.1,2022.09.5,11.1,NVIDIA A100-PCIE-40GB
mmgnn-raw-logit-v2-20260918,43,fedavg_proto,client_3,test,probabilities,0.7990928949918489,False,12,784,cuda:0,1.8.1,confirmation,False,3.8.20,0.6.1,2022.09.5,11.1,NVIDIA A100-PCIE-40GB
mmgnn-raw-logit-v2-20260918,44,fedavg_proto,server,val,logits,0.8081319692805367,True,12,783,cuda:0,1.8.1,confirmation,False,3.8.20,0.6.1,2022.09.5,11.1,NVIDIA A100-PCIE-40GB
mmgnn-raw-logit-v2-20260918,44,fedavg_proto,server,val,probabilities,0.8081319692805367,False,12,783,cuda:0,1.8.1,confirmation,False,3.8.20,0.6.1,2022.09.5,11.1,NVIDIA A100-PCIE-40GB
mmgnn-raw-logit-v2-20260918,44,fedavg_proto,server,test,logits,0.8053380728224405,True,12,784,cuda:0,1.8.1,confirmation,False,3.8.20,0.6.1,2022.09.5,11.1,NVIDIA A100-PCIE-40GB
mmgnn-raw-logit-v2-20260918,44,fedavg_proto,server,test,probabilities,0.8053380728224405,False,12,784,cuda:0,1.8.1,confirmation,False,3.8.20,0.6.1,2022.09.5,11.1,NVIDIA A100-PCIE-40GB
mmgnn-raw-logit-v2-20260918,44,fedavg_proto,client_0,val,logits,0.8009121653368424,True,12,783,cuda:0,1.8.1,confirmation,False,3.8.20,0.6.1,2022.09.5,11.1,NVIDIA A100-PCIE-40GB
mmgnn-raw-logit-v2-20260918,44,fedavg_proto,client_0,val,probabilities,0.8009121653368424,False,12,783,cuda:0,1.8.1,confirmation,False,3.8.20,0.6.1,2022.09.5,11.1,NVIDIA A100-PCIE-40GB
mmgnn-raw-logit-v2-20260918,44,fedavg_proto,client_0,test,logits,0.8007201725408567,True,12,784,cuda:0,1.8.1,confirmation,False,3.8.20,0.6.1,2022.09.5,11.1,NVIDIA A100-PCIE-40GB
mmgnn-raw-logit-v2-20260918,44,fedavg_proto,client_0,test,probabilities,0.8007201725408567,False,12,784,cuda:0,1.8.1,confirmation,False,3.8.20,0.6.1,2022.09.5,11.1,NVIDIA A100-PCIE-40GB
mmgnn-raw-logit-v2-20260918,44,fedavg_proto,client_1,val,logits,0.8132712064002131,True,12,783,cuda:0,1.8.1,confirmation,False,3.8.20,0.6.1,2022.09.5,11.1,NVIDIA A100-PCIE-40GB
mmgnn-raw-logit-v2-20260918,44,fedavg_proto,client_1,val,probabilities,0.8132712064002131,False,12,783,cuda:0,1.8.1,confirmation,False,3.8.20,0.6.1,2022.09.5,11.1,NVIDIA A100-PCIE-40GB
mmgnn-raw-logit-v2-20260918,44,fedavg_proto,client_1,test,logits,0.8035361038358894,True,12,784,cuda:0,1.8.1,confirmation,False,3.8.20,0.6.1,2022.09.5,11.1,NVIDIA A100-PCIE-40GB
mmgnn-raw-logit-v2-20260918,44,fedavg_proto,client_1,test,probabilities,0.8035361038358894,False,12,784,cuda:0,1.8.1,confirmation,False,3.8.20,0.6.1,2022.09.5,11.1,NVIDIA A100-PCIE-40GB
mmgnn-raw-logit-v2-20260918,44,fedavg_proto,client_2,val,logits,0.8018339830241991,True,12,783,cuda:0,1.8.1,confirmation,False,3.8.20,0.6.1,2022.09.5,11.1,NVIDIA A100-PCIE-40GB
mmgnn-raw-logit-v2-20260918,44,fedavg_proto,client_2,val,probabilities,0.8018339830241991,False,12,783,cuda:0,1.8.1,confirmation,False,3.8.20,0.6.1,2022.09.5,11.1,NVIDIA A100-PCIE-40GB
mmgnn-raw-logit-v2-20260918,44,fedavg_proto,client_2,test,logits,0.8067619748529702,True,12,784,cuda:0,1.8.1,confirmation,False,3.8.20,0.6.1,2022.09.5,11.1,NVIDIA A100-PCIE-40GB
mmgnn-raw-logit-v2-20260918,44,fedavg_proto,client_2,test,probabilities,0.8067619748529702,False,12,784,cuda:0,1.8.1,confirmation,False,3.8.20,0.6.1,2022.09.5,11.1,NVIDIA A100-PCIE-40GB
mmgnn-raw-logit-v2-20260918,44,fedavg_proto,client_3,val,logits,0.7961392068190444,True,12,783,cuda:0,1.8.1,confirmation,False,3.8.20,0.6.1,2022.09.5,11.1,NVIDIA A100-PCIE-40GB
mmgnn-raw-logit-v2-20260918,44,fedavg_proto,client_3,val,probabilities,0.7961392068190444,False,12,783,cuda:0,1.8.1,confirmation,False,3.8.20,0.6.1,2022.09.5,11.1,NVIDIA A100-PCIE-40GB
mmgnn-raw-logit-v2-20260918,44,fedavg_proto,client_3,test,logits,0.7926263305230075,True,12,784,cuda:0,1.8.1,confirmation,False,3.8.20,0.6.1,2022.09.5,11.1,NVIDIA A100-PCIE-40GB
mmgnn-raw-logit-v2-20260918,44,fedavg_proto,client_3,test,probabilities,0.7926263305230075,False,12,784,cuda:0,1.8.1,confirmation,False,3.8.20,0.6.1,2022.09.5,11.1,NVIDIA A100-PCIE-40GB
mmgnn-raw-logit-v2-20260918,45,fedavg_proto,server,val,logits,0.8084783707014572,True,12,783,cuda:0,1.8.1,confirmation,False,3.8.20,0.6.1,2022.09.5,11.1,NVIDIA A100-PCIE-40GB
mmgnn-raw-logit-v2-20260918,45,fedavg_proto,server,val,probabilities,0.8084783707014572,False,12,783,cuda:0,1.8.1,confirmation,False,3.8.20,0.6.1,2022.09.5,11.1,NVIDIA A100-PCIE-40GB
mmgnn-raw-logit-v2-20260918,45,fedavg_proto,server,test,logits,0.8067517397482907,True,12,784,cuda:0,1.8.1,confirmation,False,3.8.20,0.6.1,2022.09.5,11.1,NVIDIA A100-PCIE-40GB
mmgnn-raw-logit-v2-20260918,45,fedavg_proto,server,test,probabilities,0.8067517397482907,False,12,784,cuda:0,1.8.1,confirmation,False,3.8.20,0.6.1,2022.09.5,11.1,NVIDIA A100-PCIE-40GB
mmgnn-raw-logit-v2-20260918,45,fedavg_proto,client_0,val,logits,0.7957638914449472,True,12,783,cuda:0,1.8.1,confirmation,False,3.8.20,0.6.1,2022.09.5,11.1,NVIDIA A100-PCIE-40GB
mmgnn-raw-logit-v2-20260918,45,fedavg_proto,client_0,val,probabilities,0.7957638914449472,False,12,783,cuda:0,1.8.1,confirmation,False,3.8.20,0.6.1,2022.09.5,11.1,NVIDIA A100-PCIE-40GB
mmgnn-raw-logit-v2-20260918,45,fedavg_proto,client_0,test,logits,0.7940992031268782,True,12,784,cuda:0,1.8.1,confirmation,False,3.8.20,0.6.1,2022.09.5,11.1,NVIDIA A100-PCIE-40GB
mmgnn-raw-logit-v2-20260918,45,fedavg_proto,client_0,test,probabilities,0.7940992031268782,False,12,784,cuda:0,1.8.1,confirmation,False,3.8.20,0.6.1,2022.09.5,11.1,NVIDIA A100-PCIE-40GB
mmgnn-raw-logit-v2-20260918,45,fedavg_proto,client_1,val,logits,0.8157228172059234,True,12,783,cuda:0,1.8.1,confirmation,False,3.8.20,0.6.1,2022.09.5,11.1,NVIDIA A100-PCIE-40GB
mmgnn-raw-logit-v2-20260918,45,fedavg_proto,client_1,val,probabilities,0.8157228172059234,False,12,783,cuda:0,1.8.1,confirmation,False,3.8.20,0.6.1,2022.09.5,11.1,NVIDIA A100-PCIE-40GB
mmgnn-raw-logit-v2-20260918,45,fedavg_proto,client_1,test,logits,0.8064279900150056,True,12,784,cuda:0,1.8.1,confirmation,False,3.8.20,0.6.1,2022.09.5,11.1,NVIDIA A100-PCIE-40GB
mmgnn-raw-logit-v2-20260918,45,fedavg_proto,client_1,test,probabilities,0.8064279900150056,False,12,784,cuda:0,1.8.1,confirmation,False,3.8.20,0.6.1,2022.09.5,11.1,NVIDIA A100-PCIE-40GB
mmgnn-raw-logit-v2-20260918,45,fedavg_proto,client_2,val,logits,0.8012437346942353,True,12,783,cuda:0,1.8.1,confirmation,False,3.8.20,0.6.1,2022.09.5,11.1,NVIDIA A100-PCIE-40GB
mmgnn-raw-logit-v2-20260918,45,fedavg_proto,client_2,val,probabilities,0.8012437346942353,False,12,783,cuda:0,1.8.1,confirmation,False,3.8.20,0.6.1,2022.09.5,11.1,NVIDIA A100-PCIE-40GB
mmgnn-raw-logit-v2-20260918,45,fedavg_proto,client_2,test,logits,0.8077550155040335,True,12,784,cuda:0,1.8.1,confirmation,False,3.8.20,0.6.1,2022.09.5,11.1,NVIDIA A100-PCIE-40GB
mmgnn-raw-logit-v2-20260918,45,fedavg_proto,client_2,test,probabilities,0.8077550155040335,False,12,784,cuda:0,1.8.1,confirmation,False,3.8.20,0.6.1,2022.09.5,11.1,NVIDIA A100-PCIE-40GB
mmgnn-raw-logit-v2-20260918,45,fedavg_proto,client_3,val,logits,0.8014973190265091,True,12,783,cuda:0,1.8.1,confirmation,False,3.8.20,0.6.1,2022.09.5,11.1,NVIDIA A100-PCIE-40GB
mmgnn-raw-logit-v2-20260918,45,fedavg_proto,client_3,val,probabilities,0.8014973190265091,False,12,783,cuda:0,1.8.1,confirmation,False,3.8.20,0.6.1,2022.09.5,11.1,NVIDIA A100-PCIE-40GB
mmgnn-raw-logit-v2-20260918,45,fedavg_proto,client_3,test,logits,0.8016515799074465,True,12,784,cuda:0,1.8.1,confirmation,False,3.8.20,0.6.1,2022.09.5,11.1,NVIDIA A100-PCIE-40GB
mmgnn-raw-logit-v2-20260918,45,fedavg_proto,client_3,test,probabilities,0.8016515799074465,False,12,784,cuda:0,1.8.1,confirmation,False,3.8.20,0.6.1,2022.09.5,11.1,NVIDIA A100-PCIE-40GB
mmgnn-raw-logit-v2-20260918,46,fedavg_proto,server,val,logits,0.8072059614358852,True,12,783,cuda:0,1.8.1,confirmation,False,3.8.20,0.6.1,2022.09.5,11.1,NVIDIA A100-PCIE-40GB
mmgnn-raw-logit-v2-20260918,46,fedavg_proto,server,val,probabilities,0.8072059614358852,False,12,783,cuda:0,1.8.1,confirmation,False,3.8.20,0.6.1,2022.09.5,11.1,NVIDIA A100-PCIE-40GB
mmgnn-raw-logit-v2-20260918,46,fedavg_proto,server,test,logits,0.8049500894288845,True,12,784,cuda:0,1.8.1,confirmation,False,3.8.20,0.6.1,2022.09.5,11.1,NVIDIA A100-PCIE-40GB
mmgnn-raw-logit-v2-20260918,46,fedavg_proto,server,test,probabilities,0.8049500894288845,False,12,784,cuda:0,1.8.1,confirmation,False,3.8.20,0.6.1,2022.09.5,11.1,NVIDIA A100-PCIE-40GB
mmgnn-raw-logit-v2-20260918,46,fedavg_proto,client_0,val,logits,0.7946890935897142,True,12,783,cuda:0,1.8.1,confirmation,False,3.8.20,0.6.1,2022.09.5,11.1,NVIDIA A100-PCIE-40GB
mmgnn-raw-logit-v2-20260918,46,fedavg_proto,client_0,val,probabilities,0.7946890935897142,False,12,783,cuda:0,1.8.1,confirmation,False,3.8.20,0.6.1,2022.09.5,11.1,NVIDIA A100-PCIE-40GB
mmgnn-raw-logit-v2-20260918,46,fedavg_proto,client_0,test,logits,0.7922452930071592,True,12,784,cuda:0,1.8.1,confirmation,False,3.8.20,0.6.1,2022.09.5,11.1,NVIDIA A100-PCIE-40GB
mmgnn-raw-logit-v2-20260918,46,fedavg_proto,client_0,test,probabilities,0.7922452930071592,False,12,784,cuda:0,1.8.1,confirmation,False,3.8.20,0.6.1,2022.09.5,11.1,NVIDIA A100-PCIE-40GB
mmgnn-raw-logit-v2-20260918,46,fedavg_proto,client_1,val,logits,0.8160412026740579,True,12,783,cuda:0,1.8.1,confirmation,False,3.8.20,0.6.1,2022.09.5,11.1,NVIDIA A100-PCIE-40GB
mmgnn-raw-logit-v2-20260918,46,fedavg_proto,client_1,val,probabilities,0.8160412026740579,False,12,783,cuda:0,1.8.1,confirmation,False,3.8.20,0.6.1,2022.09.5,11.1,NVIDIA A100-PCIE-40GB
mmgnn-raw-logit-v2-20260918,46,fedavg_proto,client_1,test,logits,0.8085567305186411,True,12,784,cuda:0,1.8.1,confirmation,False,3.8.20,0.6.1,2022.09.5,11.1,NVIDIA A100-PCIE-40GB
mmgnn-raw-logit-v2-20260918,46,fedavg_proto,client_1,test,probabilities,0.8085567305186411,False,12,784,cuda:0,1.8.1,confirmation,False,3.8.20,0.6.1,2022.09.5,11.1,NVIDIA A100-PCIE-40GB
mmgnn-raw-logit-v2-20260918,46,fedavg_proto,client_2,val,logits,0.8002931921760204,True,12,783,cuda:0,1.8.1,confirmation,False,3.8.20,0.6.1,2022.09.5,11.1,NVIDIA A100-PCIE-40GB
mmgnn-raw-logit-v2-20260918,46,fedavg_proto,client_2,val,probabilities,0.8002931921760204,False,12,783,cuda:0,1.8.1,confirmation,False,3.8.20,0.6.1,2022.09.5,11.1,NVIDIA A100-PCIE-40GB
mmgnn-raw-logit-v2-20260918,46,fedavg_proto,client_2,test,logits,0.8044937474843882,True,12,784,cuda:0,1.8.1,confirmation,False,3.8.20,0.6.1,2022.09.5,11.1,NVIDIA A100-PCIE-40GB
mmgnn-raw-logit-v2-20260918,46,fedavg_proto,client_2,test,probabilities,0.8044937474843882,False,12,784,cuda:0,1.8.1,confirmation,False,3.8.20,0.6.1,2022.09.5,11.1,NVIDIA A100-PCIE-40GB
mmgnn-raw-logit-v2-20260918,46,fedavg_proto,client_3,val,logits,0.7970210106527413,True,12,783,cuda:0,1.8.1,confirmation,False,3.8.20,0.6.1,2022.09.5,11.1,NVIDIA A100-PCIE-40GB
mmgnn-raw-logit-v2-20260918,46,fedavg_proto,client_3,val,probabilities,0.7970210106527413,False,12,783,cuda:0,1.8.1,confirmation,False,3.8.20,0.6.1,2022.09.5,11.1,NVIDIA A100-PCIE-40GB
mmgnn-raw-logit-v2-20260918,46,fedavg_proto,client_3,test,logits,0.7951297793926905,True,12,784,cuda:0,1.8.1,confirmation,False,3.8.20,0.6.1,2022.09.5,11.1,NVIDIA A100-PCIE-40GB
mmgnn-raw-logit-v2-20260918,46,fedavg_proto,client_3,test,probabilities,0.7951297793926905,False,12,784,cuda:0,1.8.1,confirmation,False,3.8.20,0.6.1,2022.09.5,11.1,NVIDIA A100-PCIE-40GB
mmgnn-raw-logit-v2-20260918,47,fedavg_proto,server,val,logits,0.8107209037437179,True,12,783,cuda:0,1.8.1,confirmation,False,3.8.20,0.6.1,2022.09.5,11.1,NVIDIA A100-PCIE-40GB
mmgnn-raw-logit-v2-20260918,47,fedavg_proto,server,val,probabilities,0.8107209037437179,False,12,783,cuda:0,1.8.1,confirmation,False,3.8.20,0.6.1,2022.09.5,11.1,NVIDIA A100-PCIE-40GB
mmgnn-raw-logit-v2-20260918,47,fedavg_proto,server,test,logits,0.8087231366513894,True,12,784,cuda:0,1.8.1,confirmation,False,3.8.20,0.6.1,2022.09.5,11.1,NVIDIA A100-PCIE-40GB
mmgnn-raw-logit-v2-20260918,47,fedavg_proto,server,test,probabilities,0.8087231366513894,False,12,784,cuda:0,1.8.1,confirmation,False,3.8.20,0.6.1,2022.09.5,11.1,NVIDIA A100-PCIE-40GB
mmgnn-raw-logit-v2-20260918,47,fedavg_proto,client_0,val,logits,0.8063677112001165,True,12,783,cuda:0,1.8.1,confirmation,False,3.8.20,0.6.1,2022.09.5,11.1,NVIDIA A100-PCIE-40GB
mmgnn-raw-logit-v2-20260918,47,fedavg_proto,client_0,val,probabilities,0.8063677112001165,False,12,783,cuda:0,1.8.1,confirmation,False,3.8.20,0.6.1,2022.09.5,11.1,NVIDIA A100-PCIE-40GB
mmgnn-raw-logit-v2-20260918,47,fedavg_proto,client_0,test,logits,0.8041186797667604,True,12,784,cuda:0,1.8.1,confirmation,False,3.8.20,0.6.1,2022.09.5,11.1,NVIDIA A100-PCIE-40GB
mmgnn-raw-logit-v2-20260918,47,fedavg_proto,client_0,test,probabilities,0.8041186797667604,False,12,784,cuda:0,1.8.1,confirmation,False,3.8.20,0.6.1,2022.09.5,11.1,NVIDIA A100-PCIE-40GB
mmgnn-raw-logit-v2-20260918,47,fedavg_proto,client_1,val,logits,0.814867501751214,True,12,783,cuda:0,1.8.1,confirmation,False,3.8.20,0.6.1,2022.09.5,11.1,NVIDIA A100-PCIE-40GB
mmgnn-raw-logit-v2-20260918,47,fedavg_proto,client_1,val,probabilities,0.814867501751214,False,12,783,cuda:0,1.8.1,confirmation,False,3.8.20,0.6.1,2022.09.5,11.1,NVIDIA A100-PCIE-40GB
mmgnn-raw-logit-v2-20260918,47,fedavg_proto,client_1,test,logits,0.8049732467819615,True,12,784,cuda:0,1.8.1,confirmation,False,3.8.20,0.6.1,2022.09.5,11.1,NVIDIA A100-PCIE-40GB
mmgnn-raw-logit-v2-20260918,47,fedavg_proto,client_1,test,probabilities,0.8049732467819615,False,12,784,cuda:0,1.8.1,confirmation,False,3.8.20,0.6.1,2022.09.5,11.1,NVIDIA A100-PCIE-40GB
mmgnn-raw-logit-v2-20260918,47,fedavg_proto,client_2,val,logits,0.8025093248370441,True,12,783,cuda:0,1.8.1,confirmation,False,3.8.20,0.6.1,2022.09.5,11.1,NVIDIA A100-PCIE-40GB
mmgnn-raw-logit-v2-20260918,47,fedavg_proto,client_2,val,probabilities,0.8025093248370441,False,12,783,cuda:0,1.8.1,confirmation,False,3.8.20,0.6.1,2022.09.5,11.1,NVIDIA A100-PCIE-40GB
mmgnn-raw-logit-v2-20260918,47,fedavg_proto,client_2,test,logits,0.8057742450037577,True,12,784,cuda:0,1.8.1,confirmation,False,3.8.20,0.6.1,2022.09.5,11.1,NVIDIA A100-PCIE-40GB
mmgnn-raw-logit-v2-20260918,47,fedavg_proto,client_2,test,probabilities,0.8057742450037577,False,12,784,cuda:0,1.8.1,confirmation,False,3.8.20,0.6.1,2022.09.5,11.1,NVIDIA A100-PCIE-40GB
mmgnn-raw-logit-v2-20260918,47,fedavg_proto,client_3,val,logits,0.800228017370499,True,12,783,cuda:0,1.8.1,confirmation,False,3.8.20,0.6.1,2022.09.5,11.1,NVIDIA A100-PCIE-40GB
mmgnn-raw-logit-v2-20260918,47,fedavg_proto,client_3,val,probabilities,0.800228017370499,False,12,783,cuda:0,1.8.1,confirmation,False,3.8.20,0.6.1,2022.09.5,11.1,NVIDIA A100-PCIE-40GB
mmgnn-raw-logit-v2-20260918,47,fedavg_proto,client_3,test,logits,0.8011888514047508,True,12,784,cuda:0,1.8.1,confirmation,False,3.8.20,0.6.1,2022.09.5,11.1,NVIDIA A100-PCIE-40GB
mmgnn-raw-logit-v2-20260918,47,fedavg_proto,client_3,test,probabilities,0.8011888514047508,False,12,784,cuda:0,1.8.1,confirmation,False,3.8.20,0.6.1,2022.09.5,11.1,NVIDIA A100-PCIE-40GB
mmgnn-raw-logit-v2-20260918,48,fedavg_proto,server,val,logits,0.8079500955761572,True,12,783,cuda:0,1.8.1,confirmation,False,3.8.20,0.6.1,2022.09.5,11.1,NVIDIA A100-PCIE-40GB
mmgnn-raw-logit-v2-20260918,48,fedavg_proto,server,val,probabilities,0.8079500955761572,False,12,783,cuda:0,1.8.1,confirmation,False,3.8.20,0.6.1,2022.09.5,11.1,NVIDIA A100-PCIE-40GB
mmgnn-raw-logit-v2-20260918,48,fedavg_proto,server,test,logits,0.8061669867440675,True,12,784,cuda:0,1.8.1,confirmation,False,3.8.20,0.6.1,2022.09.5,11.1,NVIDIA A100-PCIE-40GB
mmgnn-raw-logit-v2-20260918,48,fedavg_proto,server,test,probabilities,0.8061669867440675,False,12,784,cuda:0,1.8.1,confirmation,False,3.8.20,0.6.1,2022.09.5,11.1,NVIDIA A100-PCIE-40GB
mmgnn-raw-logit-v2-20260918,48,fedavg_proto,client_0,val,logits,0.797466607917143,True,12,783,cuda:0,1.8.1,confirmation,False,3.8.20,0.6.1,2022.09.5,11.1,NVIDIA A100-PCIE-40GB
mmgnn-raw-logit-v2-20260918,48,fedavg_proto,client_0,val,probabilities,0.797466607917143,False,12,783,cuda:0,1.8.1,confirmation,False,3.8.20,0.6.1,2022.09.5,11.1,NVIDIA A100-PCIE-40GB
mmgnn-raw-logit-v2-20260918,48,fedavg_proto,client_0,test,logits,0.7948769771188124,True,12,784,cuda:0,1.8.1,confirmation,False,3.8.20,0.6.1,2022.09.5,11.1,NVIDIA A100-PCIE-40GB
mmgnn-raw-logit-v2-20260918,48,fedavg_proto,client_0,test,probabilities,0.7948769771188124,False,12,784,cuda:0,1.8.1,confirmation,False,3.8.20,0.6.1,2022.09.5,11.1,NVIDIA A100-PCIE-40GB
mmgnn-raw-logit-v2-20260918,48,fedavg_proto,client_1,val,logits,0.8172440423507586,True,12,783,cuda:0,1.8.1,confirmation,False,3.8.20,0.6.1,2022.09.5,11.1,NVIDIA A100-PCIE-40GB
mmgnn-raw-logit-v2-20260918,48,fedavg_proto,client_1,val,probabilities,0.8172440423507586,False,12,783,cuda:0,1.8.1,confirmation,False,3.8.20,0.6.1,2022.09.5,11.1,NVIDIA A100-PCIE-40GB
mmgnn-raw-logit-v2-20260918,48,fedavg_proto,client_1,test,logits,0.8097706961009892,True,12,784,cuda:0,1.8.1,confirmation,False,3.8.20,0.6.1,2022.09.5,11.1,NVIDIA A100-PCIE-40GB
mmgnn-raw-logit-v2-20260918,48,fedavg_proto,client_1,test,probabilities,0.8097706961009892,False,12,784,cuda:0,1.8.1,confirmation,False,3.8.20,0.6.1,2022.09.5,11.1,NVIDIA A100-PCIE-40GB
mmgnn-raw-logit-v2-20260918,48,fedavg_proto,client_2,val,logits,0.8015994309936433,True,12,783,cuda:0,1.8.1,confirmation,False,3.8.20,0.6.1,2022.09.5,11.1,NVIDIA A100-PCIE-40GB
mmgnn-raw-logit-v2-20260918,48,fedavg_proto,client_2,val,probabilities,0.8015994309936433,False,12,783,cuda:0,1.8.1,confirmation,False,3.8.20,0.6.1,2022.09.5,11.1,NVIDIA A100-PCIE-40GB
mmgnn-raw-logit-v2-20260918,48,fedavg_proto,client_2,test,logits,0.8060718349577748,True,12,784,cuda:0,1.8.1,confirmation,False,3.8.20,0.6.1,2022.09.5,11.1,NVIDIA A100-PCIE-40GB
mmgnn-raw-logit-v2-20260918,48,fedavg_proto,client_2,test,probabilities,0.8060718349577748,False,12,784,cuda:0,1.8.1,confirmation,False,3.8.20,0.6.1,2022.09.5,11.1,NVIDIA A100-PCIE-40GB
mmgnn-raw-logit-v2-20260918,48,fedavg_proto,client_3,val,logits,0.7962665818441123,True,12,783,cuda:0,1.8.1,confirmation,False,3.8.20,0.6.1,2022.09.5,11.1,NVIDIA A100-PCIE-40GB
mmgnn-raw-logit-v2-20260918,48,fedavg_proto,client_3,val,probabilities,0.7962665818441123,False,12,783,cuda:0,1.8.1,confirmation,False,3.8.20,0.6.1,2022.09.5,11.1,NVIDIA A100-PCIE-40GB
mmgnn-raw-logit-v2-20260918,48,fedavg_proto,client_3,test,logits,0.7951491407844727,True,12,784,cuda:0,1.8.1,confirmation,False,3.8.20,0.6.1,2022.09.5,11.1,NVIDIA A100-PCIE-40GB
mmgnn-raw-logit-v2-20260918,48,fedavg_proto,client_3,test,probabilities,0.7951491407844727,False,12,784,cuda:0,1.8.1,confirmation,False,3.8.20,0.6.1,2022.09.5,11.1,NVIDIA A100-PCIE-40GB
mmgnn-raw-logit-v2-20260918,49,fedavg_proto,server,val,logits,0.8074062920971286,True,12,783,cuda:0,1.8.1,confirmation,False,3.8.20,0.6.1,2022.09.5,11.1,NVIDIA A100-PCIE-40GB
mmgnn-raw-logit-v2-20260918,49,fedavg_proto,server,val,probabilities,0.8074062920971286,False,12,783,cuda:0,1.8.1,confirmation,False,3.8.20,0.6.1,2022.09.5,11.1,NVIDIA A100-PCIE-40GB
mmgnn-raw-logit-v2-20260918,49,fedavg_proto,server,test,logits,0.8067636113551774,True,12,784,cuda:0,1.8.1,confirmation,False,3.8.20,0.6.1,2022.09.5,11.1,NVIDIA A100-PCIE-40GB
mmgnn-raw-logit-v2-20260918,49,fedavg_proto,server,test,probabilities,0.8067636113551774,False,12,784,cuda:0,1.8.1,confirmation,False,3.8.20,0.6.1,2022.09.5,11.1,NVIDIA A100-PCIE-40GB
mmgnn-raw-logit-v2-20260918,49,fedavg_proto,client_0,val,logits,0.8008073306458381,True,12,783,cuda:0,1.8.1,confirmation,False,3.8.20,0.6.1,2022.09.5,11.1,NVIDIA A100-PCIE-40GB
mmgnn-raw-logit-v2-20260918,49,fedavg_proto,client_0,val,probabilities,0.8008073306458381,False,12,783,cuda:0,1.8.1,confirmation,False,3.8.20,0.6.1,2022.09.5,11.1,NVIDIA A100-PCIE-40GB
mmgnn-raw-logit-v2-20260918,49,fedavg_proto,client_0,test,logits,0.8002767382113807,True,12,784,cuda:0,1.8.1,confirmation,False,3.8.20,0.6.1,2022.09.5,11.1,NVIDIA A100-PCIE-40GB
mmgnn-raw-logit-v2-20260918,49,fedavg_proto,client_0,test,probabilities,0.8002767382113807,False,12,784,cuda:0,1.8.1,confirmation,False,3.8.20,0.6.1,2022.09.5,11.1,NVIDIA A100-PCIE-40GB
mmgnn-raw-logit-v2-20260918,49,fedavg_proto,client_1,val,logits,0.8132179767732074,True,12,783,cuda:0,1.8.1,confirmation,False,3.8.20,0.6.1,2022.09.5,11.1,NVIDIA A100-PCIE-40GB
mmgnn-raw-logit-v2-20260918,49,fedavg_proto,client_1,val,probabilities,0.8132179767732074,False,12,783,cuda:0,1.8.1,confirmation,False,3.8.20,0.6.1,2022.09.5,11.1,NVIDIA A100-PCIE-40GB
mmgnn-raw-logit-v2-20260918,49,fedavg_proto,client_1,test,logits,0.8023646929122861,True,12,784,cuda:0,1.8.1,confirmation,False,3.8.20,0.6.1,2022.09.5,11.1,NVIDIA A100-PCIE-40GB
mmgnn-raw-logit-v2-20260918,49,fedavg_proto,client_1,test,probabilities,0.8023646929122861,False,12,784,cuda:0,1.8.1,confirmation,False,3.8.20,0.6.1,2022.09.5,11.1,NVIDIA A100-PCIE-40GB
mmgnn-raw-logit-v2-20260918,49,fedavg_proto,client_2,val,logits,0.7979838216832417,True,12,783,cuda:0,1.8.1,confirmation,False,3.8.20,0.6.1,2022.09.5,11.1,NVIDIA A100-PCIE-40GB
mmgnn-raw-logit-v2-20260918,49,fedavg_proto,client_2,val,probabilities,0.7979838216832417,False,12,783,cuda:0,1.8.1,confirmation,False,3.8.20,0.6.1,2022.09.5,11.1,NVIDIA A100-PCIE-40GB
mmgnn-raw-logit-v2-20260918,49,fedavg_proto,client_2,test,logits,0.8046778381291957,True,12,784,cuda:0,1.8.1,confirmation,False,3.8.20,0.6.1,2022.09.5,11.1,NVIDIA A100-PCIE-40GB
mmgnn-raw-logit-v2-20260918,49,fedavg_proto,client_2,test,probabilities,0.8046778381291957,False,12,784,cuda:0,1.8.1,confirmation,False,3.8.20,0.6.1,2022.09.5,11.1,NVIDIA A100-PCIE-40GB
mmgnn-raw-logit-v2-20260918,49,fedavg_proto,client_3,val,logits,0.8006414708858768,True,12,783,cuda:0,1.8.1,confirmation,False,3.8.20,0.6.1,2022.09.5,11.1,NVIDIA A100-PCIE-40GB
mmgnn-raw-logit-v2-20260918,49,fedavg_proto,client_3,val,probabilities,0.8006414708858768,False,12,783,cuda:0,1.8.1,confirmation,False,3.8.20,0.6.1,2022.09.5,11.1,NVIDIA A100-PCIE-40GB
mmgnn-raw-logit-v2-20260918,49,fedavg_proto,client_3,test,logits,0.8038509042756092,True,12,784,cuda:0,1.8.1,confirmation,False,3.8.20,0.6.1,2022.09.5,11.1,NVIDIA A100-PCIE-40GB
mmgnn-raw-logit-v2-20260918,49,fedavg_proto,client_3,test,probabilities,0.8038509042756092,False,12,784,cuda:0,1.8.1,confirmation,False,3.8.20,0.6.1,2022.09.5,11.1,NVIDIA A100-PCIE-40GB
