protocol,round,method,model_scope,split,score_kind,auc,primary,valid_tasks,molecules,device,torch,stage,test_selection,python,dgl,rdkit,cuda_runtime,device_name
mmgnn-raw-logit-v2-20260918,0,fedavg_proto,server,val,logits,0.9134484325306679,True,1,204,cuda:0,1.8.1,confirmation,False,3.8.20,0.6.1,2022.09.5,11.1,NVIDIA A100-PCIE-40GB
mmgnn-raw-logit-v2-20260918,0,fedavg_proto,server,val,probabilities,0.9134484325306679,False,1,204,cuda:0,1.8.1,confirmation,False,3.8.20,0.6.1,2022.09.5,11.1,NVIDIA A100-PCIE-40GB
mmgnn-raw-logit-v2-20260918,0,fedavg_proto,server,test,logits,0.880295978040339,True,1,204,cuda:0,1.8.1,confirmation,False,3.8.20,0.6.1,2022.09.5,11.1,NVIDIA A100-PCIE-40GB
mmgnn-raw-logit-v2-20260918,0,fedavg_proto,server,test,probabilities,0.880295978040339,False,1,204,cuda:0,1.8.1,confirmation,False,3.8.20,0.6.1,2022.09.5,11.1,NVIDIA A100-PCIE-40GB
mmgnn-raw-logit-v2-20260918,0,fedavg_proto,client_0,val,logits,0.9194684234438891,True,1,204,cuda:0,1.8.1,confirmation,False,3.8.20,0.6.1,2022.09.5,11.1,NVIDIA A100-PCIE-40GB
mmgnn-raw-logit-v2-20260918,0,fedavg_proto,client_0,val,probabilities,0.9194684234438891,False,1,204,cuda:0,1.8.1,confirmation,False,3.8.20,0.6.1,2022.09.5,11.1,NVIDIA A100-PCIE-40GB
mmgnn-raw-logit-v2-20260918,0,fedavg_proto,client_0,test,logits,0.9010621792576681,True,1,204,cuda:0,1.8.1,confirmation,False,3.8.20,0.6.1,2022.09.5,11.1,NVIDIA A100-PCIE-40GB
mmgnn-raw-logit-v2-20260918,0,fedavg_proto,client_0,test,probabilities,0.9010621792576681,False,1,204,cuda:0,1.8.1,confirmation,False,3.8.20,0.6.1,2022.09.5,11.1,NVIDIA A100-PCIE-40GB
mmgnn-raw-logit-v2-20260918,0,fedavg_proto,client_1,val,logits,0.904815992730577,True,1,204,cuda:0,1.8.1,confirmation,False,3.8.20,0.6.1,2022.09.5,11.1,NVIDIA A100-PCIE-40GB
mmgnn-raw-logit-v2-20260918,0,fedavg_proto,client_1,val,probabilities,0.904815992730577,False,1,204,cuda:0,1.8.1,confirmation,False,3.8.20,0.6.1,2022.09.5,11.1,NVIDIA A100-PCIE-40GB
mmgnn-raw-logit-v2-20260918,0,fedavg_proto,client_1,test,logits,0.869674185463659,True,1,204,cuda:0,1.8.1,confirmation,False,3.8.20,0.6.1,2022.09.5,11.1,NVIDIA A100-PCIE-40GB
mmgnn-raw-logit-v2-20260918,0,fedavg_proto,client_1,test,probabilities,0.869674185463659,False,1,204,cuda:0,1.8.1,confirmation,False,3.8.20,0.6.1,2022.09.5,11.1,NVIDIA A100-PCIE-40GB
mmgnn-raw-logit-v2-20260918,0,fedavg_proto,client_2,val,logits,0.9083371194911404,True,1,204,cuda:0,1.8.1,confirmation,False,3.8.20,0.6.1,2022.09.5,11.1,NVIDIA A100-PCIE-40GB
mmgnn-raw-logit-v2-20260918,0,fedavg_proto,client_2,val,probabilities,0.9083371194911404,False,1,204,cuda:0,1.8.1,confirmation,False,3.8.20,0.6.1,2022.09.5,11.1,NVIDIA A100-PCIE-40GB
mmgnn-raw-logit-v2-20260918,0,fedavg_proto,client_2,test,logits,0.8475951784222462,True,1,204,cuda:0,1.8.1,confirmation,False,3.8.20,0.6.1,2022.09.5,11.1,NVIDIA A100-PCIE-40GB
mmgnn-raw-logit-v2-20260918,0,fedavg_proto,client_2,test,probabilities,0.8475951784222462,False,1,204,cuda:0,1.8.1,confirmation,False,3.8.20,0.6.1,2022.09.5,11.1,NVIDIA A100-PCIE-40GB
mmgnn-raw-logit-v2-20260918,0,fedavg_proto,client_3,val,logits,0.9094729668332576,True,1,204,cuda:0,1.8.1,confirmation,False,3.8.20,0.6.1,2022.09.5,11.1,NVIDIA A100-PCIE-40GB
mmgnn-raw-logit-v2-20260918,0,fedavg_proto,client_3,val,probabilities,0.9094729668332576,False,1,204,cuda:0,1.8.1,confirmation,False,3.8.20,0.6.1,2022.09.5,11.1,NVIDIA A100-PCIE-40GB
mmgnn-raw-logit-v2-20260918,0,fedavg_proto,client_3,test,logits,0.8786251342642322,True,1,204,cuda:0,1.8.1,confirmation,False,3.8.20,0.6.1,2022.09.5,11.1,NVIDIA A100-PCIE-40GB
mmgnn-raw-logit-v2-20260918,0,fedavg_proto,client_3,test,probabilities,0.8786251342642322,False,1,204,cuda:0,1.8.1,confirmation,False,3.8.20,0.6.1,2022.09.5,11.1,NVIDIA A100-PCIE-40GB
mmgnn-raw-logit-v2-20260918,1,fedavg_proto,server,val,logits,0.9570649704679691,True,1,204,cuda:0,1.8.1,confirmation,False,3.8.20,0.6.1,2022.09.5,11.1,NVIDIA A100-PCIE-40GB
mmgnn-raw-logit-v2-20260918,1,fedavg_proto,server,val,probabilities,0.9570649704679691,False,1,204,cuda:0,1.8.1,confirmation,False,3.8.20,0.6.1,2022.09.5,11.1,NVIDIA A100-PCIE-40GB
mmgnn-raw-logit-v2-20260918,1,fedavg_proto,server,test,logits,0.9546485260770975,True,1,204,cuda:0,1.8.1,confirmation,False,3.8.20,0.6.1,2022.09.5,11.1,NVIDIA A100-PCIE-40GB
mmgnn-raw-logit-v2-20260918,1,fedavg_proto,server,test,probabilities,0.9546485260770975,False,1,204,cuda:0,1.8.1,confirmation,False,3.8.20,0.6.1,2022.09.5,11.1,NVIDIA A100-PCIE-40GB
mmgnn-raw-logit-v2-20260918,1,fedavg_proto,client_0,val,logits,0.9254884143571104,True,1,204,cuda:0,1.8.1,confirmation,False,3.8.20,0.6.1,2022.09.5,11.1,NVIDIA A100-PCIE-40GB
mmgnn-raw-logit-v2-20260918,1,fedavg_proto,client_0,val,probabilities,0.9254884143571104,False,1,204,cuda:0,1.8.1,confirmation,False,3.8.20,0.6.1,2022.09.5,11.1,NVIDIA A100-PCIE-40GB
mmgnn-raw-logit-v2-20260918,1,fedavg_proto,client_0,test,logits,0.9005847953216375,True,1,204,cuda:0,1.8.1,confirmation,False,3.8.20,0.6.1,2022.09.5,11.1,NVIDIA A100-PCIE-40GB
mmgnn-raw-logit-v2-20260918,1,fedavg_proto,client_0,test,probabilities,0.9005847953216374,False,1,204,cuda:0,1.8.1,confirmation,False,3.8.20,0.6.1,2022.09.5,11.1,NVIDIA A100-PCIE-40GB
mmgnn-raw-logit-v2-20260918,1,fedavg_proto,client_1,val,logits,0.9369604725124943,True,1,204,cuda:0,1.8.1,confirmation,False,3.8.20,0.6.1,2022.09.5,11.1,NVIDIA A100-PCIE-40GB
mmgnn-raw-logit-v2-20260918,1,fedavg_proto,client_1,val,probabilities,0.9369604725124943,False,1,204,cuda:0,1.8.1,confirmation,False,3.8.20,0.6.1,2022.09.5,11.1,NVIDIA A100-PCIE-40GB
mmgnn-raw-logit-v2-20260918,1,fedavg_proto,client_1,test,logits,0.9067907864900346,True,1,204,cuda:0,1.8.1,confirmation,False,3.8.20,0.6.1,2022.09.5,11.1,NVIDIA A100-PCIE-40GB
mmgnn-raw-logit-v2-20260918,1,fedavg_proto,client_1,test,probabilities,0.9067907864900346,False,1,204,cuda:0,1.8.1,confirmation,False,3.8.20,0.6.1,2022.09.5,11.1,NVIDIA A100-PCIE-40GB
mmgnn-raw-logit-v2-20260918,1,fedavg_proto,client_2,val,logits,0.9320763289413903,True,1,204,cuda:0,1.8.1,confirmation,False,3.8.20,0.6.1,2022.09.5,11.1,NVIDIA A100-PCIE-40GB
mmgnn-raw-logit-v2-20260918,1,fedavg_proto,client_2,val,probabilities,0.9320763289413903,False,1,204,cuda:0,1.8.1,confirmation,False,3.8.20,0.6.1,2022.09.5,11.1,NVIDIA A100-PCIE-40GB
mmgnn-raw-logit-v2-20260918,1,fedavg_proto,client_2,test,logits,0.9270796037713331,True,1,204,cuda:0,1.8.1,confirmation,False,3.8.20,0.6.1,2022.09.5,11.1,NVIDIA A100-PCIE-40GB
mmgnn-raw-logit-v2-20260918,1,fedavg_proto,client_2,test,probabilities,0.927079603771333,False,1,204,cuda:0,1.8.1,confirmation,False,3.8.20,0.6.1,2022.09.5,11.1,NVIDIA A100-PCIE-40GB
mmgnn-raw-logit-v2-20260918,1,fedavg_proto,client_3,val,logits,0.9379827351203999,True,1,204,cuda:0,1.8.1,confirmation,False,3.8.20,0.6.1,2022.09.5,11.1,NVIDIA A100-PCIE-40GB
mmgnn-raw-logit-v2-20260918,1,fedavg_proto,client_3,val,probabilities,0.9379827351203999,False,1,204,cuda:0,1.8.1,confirmation,False,3.8.20,0.6.1,2022.09.5,11.1,NVIDIA A100-PCIE-40GB
mmgnn-raw-logit-v2-20260918,1,fedavg_proto,client_3,test,logits,0.9359112065878984,True,1,204,cuda:0,1.8.1,confirmation,False,3.8.20,0.6.1,2022.09.5,11.1,NVIDIA A100-PCIE-40GB
mmgnn-raw-logit-v2-20260918,1,fedavg_proto,client_3,test,probabilities,0.9359112065878984,False,1,204,cuda:0,1.8.1,confirmation,False,3.8.20,0.6.1,2022.09.5,11.1,NVIDIA A100-PCIE-40GB
mmgnn-raw-logit-v2-20260918,2,fedavg_proto,server,val,logits,0.9606996819627442,True,1,204,cuda:0,1.8.1,confirmation,False,3.8.20,0.6.1,2022.09.5,11.1,NVIDIA A100-PCIE-40GB
mmgnn-raw-logit-v2-20260918,2,fedavg_proto,server,val,probabilities,0.9606996819627442,False,1,204,cuda:0,1.8.1,confirmation,False,3.8.20,0.6.1,2022.09.5,11.1,NVIDIA A100-PCIE-40GB
mmgnn-raw-logit-v2-20260918,2,fedavg_proto,server,test,logits,0.946891037116601,True,1,204,cuda:0,1.8.1,confirmation,False,3.8.20,0.6.1,2022.09.5,11.1,NVIDIA A100-PCIE-40GB
mmgnn-raw-logit-v2-20260918,2,fedavg_proto,server,test,probabilities,0.946891037116601,False,1,204,cuda:0,1.8.1,confirmation,False,3.8.20,0.6.1,2022.09.5,11.1,NVIDIA A100-PCIE-40GB
mmgnn-raw-logit-v2-20260918,2,fedavg_proto,client_0,val,logits,0.9394593366651522,True,1,204,cuda:0,1.8.1,confirmation,False,3.8.20,0.6.1,2022.09.5,11.1,NVIDIA A100-PCIE-40GB
mmgnn-raw-logit-v2-20260918,2,fedavg_proto,client_0,val,probabilities,0.9394593366651522,False,1,204,cuda:0,1.8.1,confirmation,False,3.8.20,0.6.1,2022.09.5,11.1,NVIDIA A100-PCIE-40GB
mmgnn-raw-logit-v2-20260918,2,fedavg_proto,client_0,test,logits,0.9232605322830888,True,1,204,cuda:0,1.8.1,confirmation,False,3.8.20,0.6.1,2022.09.5,11.1,NVIDIA A100-PCIE-40GB
mmgnn-raw-logit-v2-20260918,2,fedavg_proto,client_0,test,probabilities,0.9233202052750925,False,1,204,cuda:0,1.8.1,confirmation,False,3.8.20,0.6.1,2022.09.5,11.1,NVIDIA A100-PCIE-40GB
mmgnn-raw-logit-v2-20260918,2,fedavg_proto,client_1,val,logits,0.9345751930940481,True,1,204,cuda:0,1.8.1,confirmation,False,3.8.20,0.6.1,2022.09.5,11.1,NVIDIA A100-PCIE-40GB
mmgnn-raw-logit-v2-20260918,2,fedavg_proto,client_1,val,probabilities,0.9345751930940481,False,1,204,cuda:0,1.8.1,confirmation,False,3.8.20,0.6.1,2022.09.5,11.1,NVIDIA A100-PCIE-40GB
mmgnn-raw-logit-v2-20260918,2,fedavg_proto,client_1,test,logits,0.8825635517364842,True,1,204,cuda:0,1.8.1,confirmation,False,3.8.20,0.6.1,2022.09.5,11.1,NVIDIA A100-PCIE-40GB
mmgnn-raw-logit-v2-20260918,2,fedavg_proto,client_1,test,probabilities,0.883577992600549,False,1,204,cuda:0,1.8.1,confirmation,False,3.8.20,0.6.1,2022.09.5,11.1,NVIDIA A100-PCIE-40GB
mmgnn-raw-logit-v2-20260918,2,fedavg_proto,client_2,val,logits,0.9344616083598364,True,1,204,cuda:0,1.8.1,confirmation,False,3.8.20,0.6.1,2022.09.5,11.1,NVIDIA A100-PCIE-40GB
mmgnn-raw-logit-v2-20260918,2,fedavg_proto,client_2,val,probabilities,0.9344616083598364,False,1,204,cuda:0,1.8.1,confirmation,False,3.8.20,0.6.1,2022.09.5,11.1,NVIDIA A100-PCIE-40GB
mmgnn-raw-logit-v2-20260918,2,fedavg_proto,client_2,test,logits,0.934001670843776,True,1,204,cuda:0,1.8.1,confirmation,False,3.8.20,0.6.1,2022.09.5,11.1,NVIDIA A100-PCIE-40GB
mmgnn-raw-logit-v2-20260918,2,fedavg_proto,client_2,test,probabilities,0.9340016708437762,False,1,204,cuda:0,1.8.1,confirmation,False,3.8.20,0.6.1,2022.09.5,11.1,NVIDIA A100-PCIE-40GB
mmgnn-raw-logit-v2-20260918,2,fedavg_proto,client_3,val,logits,0.9380963198546115,True,1,204,cuda:0,1.8.1,confirmation,False,3.8.20,0.6.1,2022.09.5,11.1,NVIDIA A100-PCIE-40GB
mmgnn-raw-logit-v2-20260918,2,fedavg_proto,client_3,val,probabilities,0.9379827351203998,False,1,204,cuda:0,1.8.1,confirmation,False,3.8.20,0.6.1,2022.09.5,11.1,NVIDIA A100-PCIE-40GB
mmgnn-raw-logit-v2-20260918,2,fedavg_proto,client_3,test,logits,0.9324501730516768,True,1,204,cuda:0,1.8.1,confirmation,False,3.8.20,0.6.1,2022.09.5,11.1,NVIDIA A100-PCIE-40GB
mmgnn-raw-logit-v2-20260918,2,fedavg_proto,client_3,test,probabilities,0.9324501730516768,False,1,204,cuda:0,1.8.1,confirmation,False,3.8.20,0.6.1,2022.09.5,11.1,NVIDIA A100-PCIE-40GB
mmgnn-raw-logit-v2-20260918,3,fedavg_proto,server,val,logits,0.9554747841890051,True,1,204,cuda:0,1.8.1,confirmation,False,3.8.20,0.6.1,2022.09.5,11.1,NVIDIA A100-PCIE-40GB
mmgnn-raw-logit-v2-20260918,3,fedavg_proto,server,val,probabilities,0.9554747841890051,False,1,204,cuda:0,1.8.1,confirmation,False,3.8.20,0.6.1,2022.09.5,11.1,NVIDIA A100-PCIE-40GB
mmgnn-raw-logit-v2-20260918,3,fedavg_proto,server,test,logits,0.9491586108127461,True,1,204,cuda:0,1.8.1,confirmation,False,3.8.20,0.6.1,2022.09.5,11.1,NVIDIA A100-PCIE-40GB
mmgnn-raw-logit-v2-20260918,3,fedavg_proto,server,test,probabilities,0.9491586108127461,False,1,204,cuda:0,1.8.1,confirmation,False,3.8.20,0.6.1,2022.09.5,11.1,NVIDIA A100-PCIE-40GB
mmgnn-raw-logit-v2-20260918,3,fedavg_proto,client_0,val,logits,0.942412539754657,True,1,204,cuda:0,1.8.1,confirmation,False,3.8.20,0.6.1,2022.09.5,11.1,NVIDIA A100-PCIE-40GB
mmgnn-raw-logit-v2-20260918,3,fedavg_proto,client_0,val,probabilities,0.9418446160835984,False,1,204,cuda:0,1.8.1,confirmation,False,3.8.20,0.6.1,2022.09.5,11.1,NVIDIA A100-PCIE-40GB
mmgnn-raw-logit-v2-20260918,3,fedavg_proto,client_0,test,logits,0.9324501730516768,True,1,204,cuda:0,1.8.1,confirmation,False,3.8.20,0.6.1,2022.09.5,11.1,NVIDIA A100-PCIE-40GB
mmgnn-raw-logit-v2-20260918,3,fedavg_proto,client_0,test,probabilities,0.932330827067669,False,1,204,cuda:0,1.8.1,confirmation,False,3.8.20,0.6.1,2022.09.5,11.1,NVIDIA A100-PCIE-40GB
mmgnn-raw-logit-v2-20260918,3,fedavg_proto,client_1,val,logits,0.9386642435256702,True,1,204,cuda:0,1.8.1,confirmation,False,3.8.20,0.6.1,2022.09.5,11.1,NVIDIA A100-PCIE-40GB
mmgnn-raw-logit-v2-20260918,3,fedavg_proto,client_1,val,probabilities,0.9386642435256702,False,1,204,cuda:0,1.8.1,confirmation,False,3.8.20,0.6.1,2022.09.5,11.1,NVIDIA A100-PCIE-40GB
mmgnn-raw-logit-v2-20260918,3,fedavg_proto,client_1,test,logits,0.9113259338823247,True,1,204,cuda:0,1.8.1,confirmation,False,3.8.20,0.6.1,2022.09.5,11.1,NVIDIA A100-PCIE-40GB
mmgnn-raw-logit-v2-20260918,3,fedavg_proto,client_1,test,probabilities,0.9110872419143095,False,1,204,cuda:0,1.8.1,confirmation,False,3.8.20,0.6.1,2022.09.5,11.1,NVIDIA A100-PCIE-40GB
mmgnn-raw-logit-v2-20260918,3,fedavg_proto,client_2,val,logits,0.9385506587914583,True,1,204,cuda:0,1.8.1,confirmation,False,3.8.20,0.6.1,2022.09.5,11.1,NVIDIA A100-PCIE-40GB
mmgnn-raw-logit-v2-20260918,3,fedavg_proto,client_2,val,probabilities,0.9386074511585643,False,1,204,cuda:0,1.8.1,confirmation,False,3.8.20,0.6.1,2022.09.5,11.1,NVIDIA A100-PCIE-40GB
mmgnn-raw-logit-v2-20260918,3,fedavg_proto,client_2,test,logits,0.9392528941401121,True,1,204,cuda:0,1.8.1,confirmation,False,3.8.20,0.6.1,2022.09.5,11.1,NVIDIA A100-PCIE-40GB
mmgnn-raw-logit-v2-20260918,3,fedavg_proto,client_2,test,probabilities,0.9392528941401121,False,1,204,cuda:0,1.8.1,confirmation,False,3.8.20,0.6.1,2022.09.5,11.1,NVIDIA A100-PCIE-40GB
mmgnn-raw-logit-v2-20260918,3,fedavg_proto,client_3,val,logits,0.9345751930940482,True,1,204,cuda:0,1.8.1,confirmation,False,3.8.20,0.6.1,2022.09.5,11.1,NVIDIA A100-PCIE-40GB
mmgnn-raw-logit-v2-20260918,3,fedavg_proto,client_3,val,probabilities,0.9345751930940482,False,1,204,cuda:0,1.8.1,confirmation,False,3.8.20,0.6.1,2022.09.5,11.1,NVIDIA A100-PCIE-40GB
mmgnn-raw-logit-v2-20260918,3,fedavg_proto,client_3,test,logits,0.9170545411146914,True,1,204,cuda:0,1.8.1,confirmation,False,3.8.20,0.6.1,2022.09.5,11.1,NVIDIA A100-PCIE-40GB
mmgnn-raw-logit-v2-20260918,3,fedavg_proto,client_3,test,probabilities,0.9170545411146914,False,1,204,cuda:0,1.8.1,confirmation,False,3.8.20,0.6.1,2022.09.5,11.1,NVIDIA A100-PCIE-40GB
mmgnn-raw-logit-v2-20260918,4,fedavg_proto,server,val,logits,0.9471830985915493,True,1,204,cuda:0,1.8.1,confirmation,False,3.8.20,0.6.1,2022.09.5,11.1,NVIDIA A100-PCIE-40GB
mmgnn-raw-logit-v2-20260918,4,fedavg_proto,server,val,probabilities,0.9472398909586552,False,1,204,cuda:0,1.8.1,confirmation,False,3.8.20,0.6.1,2022.09.5,11.1,NVIDIA A100-PCIE-40GB
mmgnn-raw-logit-v2-20260918,4,fedavg_proto,server,test,logits,0.9471297290846162,True,1,204,cuda:0,1.8.1,confirmation,False,3.8.20,0.6.1,2022.09.5,11.1,NVIDIA A100-PCIE-40GB
mmgnn-raw-logit-v2-20260918,4,fedavg_proto,server,test,probabilities,0.9471297290846163,False,1,204,cuda:0,1.8.1,confirmation,False,3.8.20,0.6.1,2022.09.5,11.1,NVIDIA A100-PCIE-40GB
mmgnn-raw-logit-v2-20260918,4,fedavg_proto,client_0,val,logits,0.9249204906860518,True,1,204,cuda:0,1.8.1,confirmation,False,3.8.20,0.6.1,2022.09.5,11.1,NVIDIA A100-PCIE-40GB
mmgnn-raw-logit-v2-20260918,4,fedavg_proto,client_0,val,probabilities,0.9246933212176285,False,1,204,cuda:0,1.8.1,confirmation,False,3.8.20,0.6.1,2022.09.5,11.1,NVIDIA A100-PCIE-40GB
mmgnn-raw-logit-v2-20260918,4,fedavg_proto,client_0,test,logits,0.9372240124119824,True,1,204,cuda:0,1.8.1,confirmation,False,3.8.20,0.6.1,2022.09.5,11.1,NVIDIA A100-PCIE-40GB
mmgnn-raw-logit-v2-20260918,4,fedavg_proto,client_0,test,probabilities,0.9372240124119824,False,1,204,cuda:0,1.8.1,confirmation,False,3.8.20,0.6.1,2022.09.5,11.1,NVIDIA A100-PCIE-40GB
mmgnn-raw-logit-v2-20260918,4,fedavg_proto,client_1,val,logits,0.935824625170377,True,1,204,cuda:0,1.8.1,confirmation,False,3.8.20,0.6.1,2022.09.5,11.1,NVIDIA A100-PCIE-40GB
mmgnn-raw-logit-v2-20260918,4,fedavg_proto,client_1,val,probabilities,0.935824625170377,False,1,204,cuda:0,1.8.1,confirmation,False,3.8.20,0.6.1,2022.09.5,11.1,NVIDIA A100-PCIE-40GB
mmgnn-raw-logit-v2-20260918,4,fedavg_proto,client_1,test,logits,0.9174125790667144,True,1,204,cuda:0,1.8.1,confirmation,False,3.8.20,0.6.1,2022.09.5,11.1,NVIDIA A100-PCIE-40GB
mmgnn-raw-logit-v2-20260918,4,fedavg_proto,client_1,test,probabilities,0.9173529060747107,False,1,204,cuda:0,1.8.1,confirmation,False,3.8.20,0.6.1,2022.09.5,11.1,NVIDIA A100-PCIE-40GB
mmgnn-raw-logit-v2-20260918,4,fedavg_proto,client_2,val,logits,0.9402544298046343,True,1,204,cuda:0,1.8.1,confirmation,False,3.8.20,0.6.1,2022.09.5,11.1,NVIDIA A100-PCIE-40GB
mmgnn-raw-logit-v2-20260918,4,fedavg_proto,client_2,val,probabilities,0.9402544298046343,False,1,204,cuda:0,1.8.1,confirmation,False,3.8.20,0.6.1,2022.09.5,11.1,NVIDIA A100-PCIE-40GB
mmgnn-raw-logit-v2-20260918,4,fedavg_proto,client_2,test,logits,0.9328082110036997,True,1,204,cuda:0,1.8.1,confirmation,False,3.8.20,0.6.1,2022.09.5,11.1,NVIDIA A100-PCIE-40GB
mmgnn-raw-logit-v2-20260918,4,fedavg_proto,client_2,test,probabilities,0.9328082110036997,False,1,204,cuda:0,1.8.1,confirmation,False,3.8.20,0.6.1,2022.09.5,11.1,NVIDIA A100-PCIE-40GB
mmgnn-raw-logit-v2-20260918,4,fedavg_proto,client_3,val,logits,0.9320763289413904,True,1,204,cuda:0,1.8.1,confirmation,False,3.8.20,0.6.1,2022.09.5,11.1,NVIDIA A100-PCIE-40GB
mmgnn-raw-logit-v2-20260918,4,fedavg_proto,client_3,val,probabilities,0.932189913675602,False,1,204,cuda:0,1.8.1,confirmation,False,3.8.20,0.6.1,2022.09.5,11.1,NVIDIA A100-PCIE-40GB
mmgnn-raw-logit-v2-20260918,4,fedavg_proto,client_3,test,logits,0.9344790547798066,True,1,204,cuda:0,1.8.1,confirmation,False,3.8.20,0.6.1,2022.09.5,11.1,NVIDIA A100-PCIE-40GB
mmgnn-raw-logit-v2-20260918,4,fedavg_proto,client_3,test,probabilities,0.9345387277718105,False,1,204,cuda:0,1.8.1,confirmation,False,3.8.20,0.6.1,2022.09.5,11.1,NVIDIA A100-PCIE-40GB
mmgnn-raw-logit-v2-20260918,5,fedavg_proto,server,val,logits,0.9482053611994549,True,1,204,cuda:0,1.8.1,confirmation,False,3.8.20,0.6.1,2022.09.5,11.1,NVIDIA A100-PCIE-40GB
mmgnn-raw-logit-v2-20260918,5,fedavg_proto,server,val,probabilities,0.9482621535665606,False,1,204,cuda:0,1.8.1,confirmation,False,3.8.20,0.6.1,2022.09.5,11.1,NVIDIA A100-PCIE-40GB
mmgnn-raw-logit-v2-20260918,5,fedavg_proto,server,test,logits,0.9468910371166009,True,1,204,cuda:0,1.8.1,confirmation,False,3.8.20,0.6.1,2022.09.5,11.1,NVIDIA A100-PCIE-40GB
mmgnn-raw-logit-v2-20260918,5,fedavg_proto,server,test,probabilities,0.9469507101086048,False,1,204,cuda:0,1.8.1,confirmation,False,3.8.20,0.6.1,2022.09.5,11.1,NVIDIA A100-PCIE-40GB
mmgnn-raw-logit-v2-20260918,5,fedavg_proto,client_0,val,logits,0.94195820081781,True,1,204,cuda:0,1.8.1,confirmation,False,3.8.20,0.6.1,2022.09.5,11.1,NVIDIA A100-PCIE-40GB
mmgnn-raw-logit-v2-20260918,5,fedavg_proto,client_0,val,probabilities,0.9417310313493866,False,1,204,cuda:0,1.8.1,confirmation,False,3.8.20,0.6.1,2022.09.5,11.1,NVIDIA A100-PCIE-40GB
mmgnn-raw-logit-v2-20260918,5,fedavg_proto,client_0,test,logits,0.9355531686358753,True,1,204,cuda:0,1.8.1,confirmation,False,3.8.20,0.6.1,2022.09.5,11.1,NVIDIA A100-PCIE-40GB
mmgnn-raw-logit-v2-20260918,5,fedavg_proto,client_0,test,probabilities,0.9355531686358753,False,1,204,cuda:0,1.8.1,confirmation,False,3.8.20,0.6.1,2022.09.5,11.1,NVIDIA A100-PCIE-40GB
mmgnn-raw-logit-v2-20260918,5,fedavg_proto,client_1,val,logits,0.9359382099045889,True,1,204,cuda:0,1.8.1,confirmation,False,3.8.20,0.6.1,2022.09.5,11.1,NVIDIA A100-PCIE-40GB
mmgnn-raw-logit-v2-20260918,5,fedavg_proto,client_1,val,probabilities,0.9358246251703771,False,1,204,cuda:0,1.8.1,confirmation,False,3.8.20,0.6.1,2022.09.5,11.1,NVIDIA A100-PCIE-40GB
mmgnn-raw-logit-v2-20260918,5,fedavg_proto,client_1,test,logits,0.9218283804749969,True,1,204,cuda:0,1.8.1,confirmation,False,3.8.20,0.6.1,2022.09.5,11.1,NVIDIA A100-PCIE-40GB
mmgnn-raw-logit-v2-20260918,5,fedavg_proto,client_1,test,probabilities,0.9218283804749969,False,1,204,cuda:0,1.8.1,confirmation,False,3.8.20,0.6.1,2022.09.5,11.1,NVIDIA A100-PCIE-40GB
mmgnn-raw-logit-v2-20260918,5,fedavg_proto,client_2,val,logits,0.9295774647887325,True,1,204,cuda:0,1.8.1,confirmation,False,3.8.20,0.6.1,2022.09.5,11.1,NVIDIA A100-PCIE-40GB
mmgnn-raw-logit-v2-20260918,5,fedavg_proto,client_2,val,probabilities,0.9307133121308495,False,1,204,cuda:0,1.8.1,confirmation,False,3.8.20,0.6.1,2022.09.5,11.1,NVIDIA A100-PCIE-40GB
mmgnn-raw-logit-v2-20260918,5,fedavg_proto,client_2,test,logits,0.93531447666786,True,1,204,cuda:0,1.8.1,confirmation,False,3.8.20,0.6.1,2022.09.5,11.1,NVIDIA A100-PCIE-40GB
mmgnn-raw-logit-v2-20260918,5,fedavg_proto,client_2,test,probabilities,0.9353144766678602,False,1,204,cuda:0,1.8.1,confirmation,False,3.8.20,0.6.1,2022.09.5,11.1,NVIDIA A100-PCIE-40GB
mmgnn-raw-logit-v2-20260918,5,fedavg_proto,client_3,val,logits,0.9404815992730577,True,1,204,cuda:0,1.8.1,confirmation,False,3.8.20,0.6.1,2022.09.5,11.1,NVIDIA A100-PCIE-40GB
mmgnn-raw-logit-v2-20260918,5,fedavg_proto,client_3,val,probabilities,0.9405383916401636,False,1,204,cuda:0,1.8.1,confirmation,False,3.8.20,0.6.1,2022.09.5,11.1,NVIDIA A100-PCIE-40GB
mmgnn-raw-logit-v2-20260918,5,fedavg_proto,client_3,test,logits,0.946891037116601,True,1,204,cuda:0,1.8.1,confirmation,False,3.8.20,0.6.1,2022.09.5,11.1,NVIDIA A100-PCIE-40GB
mmgnn-raw-logit-v2-20260918,5,fedavg_proto,client_3,test,probabilities,0.9468910371166009,False,1,204,cuda:0,1.8.1,confirmation,False,3.8.20,0.6.1,2022.09.5,11.1,NVIDIA A100-PCIE-40GB
mmgnn-raw-logit-v2-20260918,6,fedavg_proto,server,val,logits,0.9471830985915494,True,1,204,cuda:0,1.8.1,confirmation,False,3.8.20,0.6.1,2022.09.5,11.1,NVIDIA A100-PCIE-40GB
mmgnn-raw-logit-v2-20260918,6,fedavg_proto,server,val,probabilities,0.9471830985915494,False,1,204,cuda:0,1.8.1,confirmation,False,3.8.20,0.6.1,2022.09.5,11.1,NVIDIA A100-PCIE-40GB
mmgnn-raw-logit-v2-20260918,6,fedavg_proto,server,test,logits,0.9445041174364482,True,1,204,cuda:0,1.8.1,confirmation,False,3.8.20,0.6.1,2022.09.5,11.1,NVIDIA A100-PCIE-40GB
mmgnn-raw-logit-v2-20260918,6,fedavg_proto,server,test,probabilities,0.9445041174364482,False,1,204,cuda:0,1.8.1,confirmation,False,3.8.20,0.6.1,2022.09.5,11.1,NVIDIA A100-PCIE-40GB
mmgnn-raw-logit-v2-20260918,6,fedavg_proto,client_0,val,logits,0.9359382099045889,True,1,204,cuda:0,1.8.1,confirmation,False,3.8.20,0.6.1,2022.09.5,11.1,NVIDIA A100-PCIE-40GB
mmgnn-raw-logit-v2-20260918,6,fedavg_proto,client_0,val,probabilities,0.9357678328032712,False,1,204,cuda:0,1.8.1,confirmation,False,3.8.20,0.6.1,2022.09.5,11.1,NVIDIA A100-PCIE-40GB
mmgnn-raw-logit-v2-20260918,6,fedavg_proto,client_0,test,logits,0.9341210168277838,True,1,204,cuda:0,1.8.1,confirmation,False,3.8.20,0.6.1,2022.09.5,11.1,NVIDIA A100-PCIE-40GB
mmgnn-raw-logit-v2-20260918,6,fedavg_proto,client_0,test,probabilities,0.9340016708437762,False,1,204,cuda:0,1.8.1,confirmation,False,3.8.20,0.6.1,2022.09.5,11.1,NVIDIA A100-PCIE-40GB
mmgnn-raw-logit-v2-20260918,6,fedavg_proto,client_1,val,logits,0.9325306678782372,True,1,204,cuda:0,1.8.1,confirmation,False,3.8.20,0.6.1,2022.09.5,11.1,NVIDIA A100-PCIE-40GB
mmgnn-raw-logit-v2-20260918,6,fedavg_proto,client_1,val,probabilities,0.9324738755111314,False,1,204,cuda:0,1.8.1,confirmation,False,3.8.20,0.6.1,2022.09.5,11.1,NVIDIA A100-PCIE-40GB
mmgnn-raw-logit-v2-20260918,6,fedavg_proto,client_1,test,logits,0.9170545411146915,True,1,204,cuda:0,1.8.1,confirmation,False,3.8.20,0.6.1,2022.09.5,11.1,NVIDIA A100-PCIE-40GB
mmgnn-raw-logit-v2-20260918,6,fedavg_proto,client_1,test,probabilities,0.9170545411146915,False,1,204,cuda:0,1.8.1,confirmation,False,3.8.20,0.6.1,2022.09.5,11.1,NVIDIA A100-PCIE-40GB
mmgnn-raw-logit-v2-20260918,6,fedavg_proto,client_2,val,logits,0.9379827351203999,True,1,204,cuda:0,1.8.1,confirmation,False,3.8.20,0.6.1,2022.09.5,11.1,NVIDIA A100-PCIE-40GB
mmgnn-raw-logit-v2-20260918,6,fedavg_proto,client_2,val,probabilities,0.9379827351203999,False,1,204,cuda:0,1.8.1,confirmation,False,3.8.20,0.6.1,2022.09.5,11.1,NVIDIA A100-PCIE-40GB
mmgnn-raw-logit-v2-20260918,6,fedavg_proto,client_2,test,logits,0.9348370927318296,True,1,204,cuda:0,1.8.1,confirmation,False,3.8.20,0.6.1,2022.09.5,11.1,NVIDIA A100-PCIE-40GB
mmgnn-raw-logit-v2-20260918,6,fedavg_proto,client_2,test,probabilities,0.9348370927318296,False,1,204,cuda:0,1.8.1,confirmation,False,3.8.20,0.6.1,2022.09.5,11.1,NVIDIA A100-PCIE-40GB
mmgnn-raw-logit-v2-20260918,6,fedavg_proto,client_3,val,logits,0.9350295320308951,True,1,204,cuda:0,1.8.1,confirmation,False,3.8.20,0.6.1,2022.09.5,11.1,NVIDIA A100-PCIE-40GB
mmgnn-raw-logit-v2-20260918,6,fedavg_proto,client_3,val,probabilities,0.9356542480690595,False,1,204,cuda:0,1.8.1,confirmation,False,3.8.20,0.6.1,2022.09.5,11.1,NVIDIA A100-PCIE-40GB
mmgnn-raw-logit-v2-20260918,6,fedavg_proto,client_3,test,logits,0.938298126268051,True,1,204,cuda:0,1.8.1,confirmation,False,3.8.20,0.6.1,2022.09.5,11.1,NVIDIA A100-PCIE-40GB
mmgnn-raw-logit-v2-20260918,6,fedavg_proto,client_3,test,probabilities,0.9382981262680511,False,1,204,cuda:0,1.8.1,confirmation,False,3.8.20,0.6.1,2022.09.5,11.1,NVIDIA A100-PCIE-40GB
mmgnn-raw-logit-v2-20260918,7,fedavg_proto,server,val,logits,0.9484325306678784,True,1,204,cuda:0,1.8.1,confirmation,False,3.8.20,0.6.1,2022.09.5,11.1,NVIDIA A100-PCIE-40GB
mmgnn-raw-logit-v2-20260918,7,fedavg_proto,server,val,probabilities,0.9484325306678782,False,1,204,cuda:0,1.8.1,confirmation,False,3.8.20,0.6.1,2022.09.5,11.1,NVIDIA A100-PCIE-40GB
mmgnn-raw-logit-v2-20260918,7,fedavg_proto,server,test,logits,0.9509488005728608,True,1,204,cuda:0,1.8.1,confirmation,False,3.8.20,0.6.1,2022.09.5,11.1,NVIDIA A100-PCIE-40GB
mmgnn-raw-logit-v2-20260918,7,fedavg_proto,server,test,probabilities,0.9509488005728607,False,1,204,cuda:0,1.8.1,confirmation,False,3.8.20,0.6.1,2022.09.5,11.1,NVIDIA A100-PCIE-40GB
mmgnn-raw-logit-v2-20260918,7,fedavg_proto,client_0,val,logits,0.9369604725124944,True,1,204,cuda:0,1.8.1,confirmation,False,3.8.20,0.6.1,2022.09.5,11.1,NVIDIA A100-PCIE-40GB
mmgnn-raw-logit-v2-20260918,7,fedavg_proto,client_0,val,probabilities,0.9368468877782827,False,1,204,cuda:0,1.8.1,confirmation,False,3.8.20,0.6.1,2022.09.5,11.1,NVIDIA A100-PCIE-40GB
mmgnn-raw-logit-v2-20260918,7,fedavg_proto,client_0,test,logits,0.9363885905239289,True,1,204,cuda:0,1.8.1,confirmation,False,3.8.20,0.6.1,2022.09.5,11.1,NVIDIA A100-PCIE-40GB
mmgnn-raw-logit-v2-20260918,7,fedavg_proto,client_0,test,probabilities,0.9363885905239289,False,1,204,cuda:0,1.8.1,confirmation,False,3.8.20,0.6.1,2022.09.5,11.1,NVIDIA A100-PCIE-40GB
mmgnn-raw-logit-v2-20260918,7,fedavg_proto,client_1,val,logits,0.9374148114493412,True,1,204,cuda:0,1.8.1,confirmation,False,3.8.20,0.6.1,2022.09.5,11.1,NVIDIA A100-PCIE-40GB
mmgnn-raw-logit-v2-20260918,7,fedavg_proto,client_1,val,probabilities,0.9373012267151295,False,1,204,cuda:0,1.8.1,confirmation,False,3.8.20,0.6.1,2022.09.5,11.1,NVIDIA A100-PCIE-40GB
mmgnn-raw-logit-v2-20260918,7,fedavg_proto,client_1,test,logits,0.9297052154195011,True,1,204,cuda:0,1.8.1,confirmation,False,3.8.20,0.6.1,2022.09.5,11.1,NVIDIA A100-PCIE-40GB
mmgnn-raw-logit-v2-20260918,7,fedavg_proto,client_1,test,probabilities,0.9297052154195011,False,1,204,cuda:0,1.8.1,confirmation,False,3.8.20,0.6.1,2022.09.5,11.1,NVIDIA A100-PCIE-40GB
mmgnn-raw-logit-v2-20260918,7,fedavg_proto,client_2,val,logits,0.9418446160835984,True,1,204,cuda:0,1.8.1,confirmation,False,3.8.20,0.6.1,2022.09.5,11.1,NVIDIA A100-PCIE-40GB
mmgnn-raw-logit-v2-20260918,7,fedavg_proto,client_2,val,probabilities,0.9420149931849159,False,1,204,cuda:0,1.8.1,confirmation,False,3.8.20,0.6.1,2022.09.5,11.1,NVIDIA A100-PCIE-40GB
mmgnn-raw-logit-v2-20260918,7,fedavg_proto,client_2,test,logits,0.9349564387158372,True,1,204,cuda:0,1.8.1,confirmation,False,3.8.20,0.6.1,2022.09.5,11.1,NVIDIA A100-PCIE-40GB
mmgnn-raw-logit-v2-20260918,7,fedavg_proto,client_2,test,probabilities,0.9349564387158372,False,1,204,cuda:0,1.8.1,confirmation,False,3.8.20,0.6.1,2022.09.5,11.1,NVIDIA A100-PCIE-40GB
mmgnn-raw-logit-v2-20260918,7,fedavg_proto,client_3,val,logits,0.9376419809177646,True,1,204,cuda:0,1.8.1,confirmation,False,3.8.20,0.6.1,2022.09.5,11.1,NVIDIA A100-PCIE-40GB
mmgnn-raw-logit-v2-20260918,7,fedavg_proto,client_3,val,probabilities,0.9373580190822354,False,1,204,cuda:0,1.8.1,confirmation,False,3.8.20,0.6.1,2022.09.5,11.1,NVIDIA A100-PCIE-40GB
mmgnn-raw-logit-v2-20260918,7,fedavg_proto,client_3,test,logits,0.9419978517722878,True,1,204,cuda:0,1.8.1,confirmation,False,3.8.20,0.6.1,2022.09.5,11.1,NVIDIA A100-PCIE-40GB
mmgnn-raw-logit-v2-20260918,7,fedavg_proto,client_3,test,probabilities,0.9419978517722878,False,1,204,cuda:0,1.8.1,confirmation,False,3.8.20,0.6.1,2022.09.5,11.1,NVIDIA A100-PCIE-40GB
mmgnn-raw-logit-v2-20260918,8,fedavg_proto,server,val,logits,0.9469559291231259,True,1,204,cuda:0,1.8.1,confirmation,False,3.8.20,0.6.1,2022.09.5,11.1,NVIDIA A100-PCIE-40GB
mmgnn-raw-logit-v2-20260918,8,fedavg_proto,server,val,probabilities,0.9467287596547024,False,1,204,cuda:0,1.8.1,confirmation,False,3.8.20,0.6.1,2022.09.5,11.1,NVIDIA A100-PCIE-40GB
mmgnn-raw-logit-v2-20260918,8,fedavg_proto,server,test,logits,0.9501133786848072,True,1,204,cuda:0,1.8.1,confirmation,False,3.8.20,0.6.1,2022.09.5,11.1,NVIDIA A100-PCIE-40GB
mmgnn-raw-logit-v2-20260918,8,fedavg_proto,server,test,probabilities,0.9501133786848073,False,1,204,cuda:0,1.8.1,confirmation,False,3.8.20,0.6.1,2022.09.5,11.1,NVIDIA A100-PCIE-40GB
mmgnn-raw-logit-v2-20260918,8,fedavg_proto,client_0,val,logits,0.9340072694229896,True,1,204,cuda:0,1.8.1,confirmation,False,3.8.20,0.6.1,2022.09.5,11.1,NVIDIA A100-PCIE-40GB
mmgnn-raw-logit-v2-20260918,8,fedavg_proto,client_0,val,probabilities,0.933836892321672,False,1,204,cuda:0,1.8.1,confirmation,False,3.8.20,0.6.1,2022.09.5,11.1,NVIDIA A100-PCIE-40GB
mmgnn-raw-logit-v2-20260918,8,fedavg_proto,client_0,test,logits,0.9324501730516768,True,1,204,cuda:0,1.8.1,confirmation,False,3.8.20,0.6.1,2022.09.5,11.1,NVIDIA A100-PCIE-40GB
mmgnn-raw-logit-v2-20260918,8,fedavg_proto,client_0,test,probabilities,0.9325098460436805,False,1,204,cuda:0,1.8.1,confirmation,False,3.8.20,0.6.1,2022.09.5,11.1,NVIDIA A100-PCIE-40GB
mmgnn-raw-logit-v2-20260918,8,fedavg_proto,client_1,val,logits,0.9388914129940936,True,1,204,cuda:0,1.8.1,confirmation,False,3.8.20,0.6.1,2022.09.5,11.1,NVIDIA A100-PCIE-40GB
mmgnn-raw-logit-v2-20260918,8,fedavg_proto,client_1,val,probabilities,0.9388346206269877,False,1,204,cuda:0,1.8.1,confirmation,False,3.8.20,0.6.1,2022.09.5,11.1,NVIDIA A100-PCIE-40GB
mmgnn-raw-logit-v2-20260918,8,fedavg_proto,client_1,test,logits,0.9262441818832796,True,1,204,cuda:0,1.8.1,confirmation,False,3.8.20,0.6.1,2022.09.5,11.1,NVIDIA A100-PCIE-40GB
mmgnn-raw-logit-v2-20260918,8,fedavg_proto,client_1,test,probabilities,0.9263038548752834,False,1,204,cuda:0,1.8.1,confirmation,False,3.8.20,0.6.1,2022.09.5,11.1,NVIDIA A100-PCIE-40GB
mmgnn-raw-logit-v2-20260918,8,fedavg_proto,client_2,val,logits,0.9446842344388914,True,1,204,cuda:0,1.8.1,confirmation,False,3.8.20,0.6.1,2022.09.5,11.1,NVIDIA A100-PCIE-40GB
mmgnn-raw-logit-v2-20260918,8,fedavg_proto,client_2,val,probabilities,0.944797819173103,False,1,204,cuda:0,1.8.1,confirmation,False,3.8.20,0.6.1,2022.09.5,11.1,NVIDIA A100-PCIE-40GB
mmgnn-raw-logit-v2-20260918,8,fedavg_proto,client_2,test,logits,0.9366272824919442,True,1,204,cuda:0,1.8.1,confirmation,False,3.8.20,0.6.1,2022.09.5,11.1,NVIDIA A100-PCIE-40GB
mmgnn-raw-logit-v2-20260918,8,fedavg_proto,client_2,test,probabilities,0.9366272824919442,False,1,204,cuda:0,1.8.1,confirmation,False,3.8.20,0.6.1,2022.09.5,11.1,NVIDIA A100-PCIE-40GB
mmgnn-raw-logit-v2-20260918,8,fedavg_proto,client_3,val,logits,0.9380963198546115,True,1,204,cuda:0,1.8.1,confirmation,False,3.8.20,0.6.1,2022.09.5,11.1,NVIDIA A100-PCIE-40GB
mmgnn-raw-logit-v2-20260918,8,fedavg_proto,client_3,val,probabilities,0.9373012267151295,False,1,204,cuda:0,1.8.1,confirmation,False,3.8.20,0.6.1,2022.09.5,11.1,NVIDIA A100-PCIE-40GB
mmgnn-raw-logit-v2-20260918,8,fedavg_proto,client_3,test,logits,0.9421171977562955,True,1,204,cuda:0,1.8.1,confirmation,False,3.8.20,0.6.1,2022.09.5,11.1,NVIDIA A100-PCIE-40GB
mmgnn-raw-logit-v2-20260918,8,fedavg_proto,client_3,test,probabilities,0.9421171977562955,False,1,204,cuda:0,1.8.1,confirmation,False,3.8.20,0.6.1,2022.09.5,11.1,NVIDIA A100-PCIE-40GB
mmgnn-raw-logit-v2-20260918,9,fedavg_proto,server,val,logits,0.94525215810995,True,1,204,cuda:0,1.8.1,confirmation,False,3.8.20,0.6.1,2022.09.5,11.1,NVIDIA A100-PCIE-40GB
mmgnn-raw-logit-v2-20260918,9,fedavg_proto,server,val,probabilities,0.9455361199454794,False,1,204,cuda:0,1.8.1,confirmation,False,3.8.20,0.6.1,2022.09.5,11.1,NVIDIA A100-PCIE-40GB
mmgnn-raw-logit-v2-20260918,9,fedavg_proto,server,test,logits,0.9519035684449217,True,1,204,cuda:0,1.8.1,confirmation,False,3.8.20,0.6.1,2022.09.5,11.1,NVIDIA A100-PCIE-40GB
mmgnn-raw-logit-v2-20260918,9,fedavg_proto,server,test,probabilities,0.9519035684449217,False,1,204,cuda:0,1.8.1,confirmation,False,3.8.20,0.6.1,2022.09.5,11.1,NVIDIA A100-PCIE-40GB
mmgnn-raw-logit-v2-20260918,9,fedavg_proto,client_0,val,logits,0.9288959563834621,True,1,204,cuda:0,1.8.1,confirmation,False,3.8.20,0.6.1,2022.09.5,11.1,NVIDIA A100-PCIE-40GB
mmgnn-raw-logit-v2-20260918,9,fedavg_proto,client_0,val,probabilities,0.9288391640163564,False,1,204,cuda:0,1.8.1,confirmation,False,3.8.20,0.6.1,2022.09.5,11.1,NVIDIA A100-PCIE-40GB
mmgnn-raw-logit-v2-20260918,9,fedavg_proto,client_0,test,logits,0.9366272824919442,True,1,204,cuda:0,1.8.1,confirmation,False,3.8.20,0.6.1,2022.09.5,11.1,NVIDIA A100-PCIE-40GB
mmgnn-raw-logit-v2-20260918,9,fedavg_proto,client_0,test,probabilities,0.936686955483948,False,1,204,cuda:0,1.8.1,confirmation,False,3.8.20,0.6.1,2022.09.5,11.1,NVIDIA A100-PCIE-40GB
mmgnn-raw-logit-v2-20260918,9,fedavg_proto,client_1,val,logits,0.9328714220808724,True,1,204,cuda:0,1.8.1,confirmation,False,3.8.20,0.6.1,2022.09.5,11.1,NVIDIA A100-PCIE-40GB
mmgnn-raw-logit-v2-20260918,9,fedavg_proto,client_1,val,probabilities,0.9327578373466606,False,1,204,cuda:0,1.8.1,confirmation,False,3.8.20,0.6.1,2022.09.5,11.1,NVIDIA A100-PCIE-40GB
mmgnn-raw-logit-v2-20260918,9,fedavg_proto,client_1,test,logits,0.9374627043799975,True,1,204,cuda:0,1.8.1,confirmation,False,3.8.20,0.6.1,2022.09.5,11.1,NVIDIA A100-PCIE-40GB
mmgnn-raw-logit-v2-20260918,9,fedavg_proto,client_1,test,probabilities,0.9374627043799975,False,1,204,cuda:0,1.8.1,confirmation,False,3.8.20,0.6.1,2022.09.5,11.1,NVIDIA A100-PCIE-40GB
mmgnn-raw-logit-v2-20260918,9,fedavg_proto,client_2,val,logits,0.9460472512494321,True,1,204,cuda:0,1.8.1,confirmation,False,3.8.20,0.6.1,2022.09.5,11.1,NVIDIA A100-PCIE-40GB
mmgnn-raw-logit-v2-20260918,9,fedavg_proto,client_2,val,probabilities,0.9461608359836438,False,1,204,cuda:0,1.8.1,confirmation,False,3.8.20,0.6.1,2022.09.5,11.1,NVIDIA A100-PCIE-40GB
mmgnn-raw-logit-v2-20260918,9,fedavg_proto,client_2,test,logits,0.9431913116123642,True,1,204,cuda:0,1.8.1,confirmation,False,3.8.20,0.6.1,2022.09.5,11.1,NVIDIA A100-PCIE-40GB
mmgnn-raw-logit-v2-20260918,9,fedavg_proto,client_2,test,probabilities,0.9431913116123644,False,1,204,cuda:0,1.8.1,confirmation,False,3.8.20,0.6.1,2022.09.5,11.1,NVIDIA A100-PCIE-40GB
mmgnn-raw-logit-v2-20260918,9,fedavg_proto,client_3,val,logits,0.9390049977283054,True,1,204,cuda:0,1.8.1,confirmation,False,3.8.20,0.6.1,2022.09.5,11.1,NVIDIA A100-PCIE-40GB
mmgnn-raw-logit-v2-20260918,9,fedavg_proto,client_3,val,probabilities,0.9396297137664698,False,1,204,cuda:0,1.8.1,confirmation,False,3.8.20,0.6.1,2022.09.5,11.1,NVIDIA A100-PCIE-40GB
mmgnn-raw-logit-v2-20260918,9,fedavg_proto,client_3,test,logits,0.9418785057882803,True,1,204,cuda:0,1.8.1,confirmation,False,3.8.20,0.6.1,2022.09.5,11.1,NVIDIA A100-PCIE-40GB
mmgnn-raw-logit-v2-20260918,9,fedavg_proto,client_3,test,probabilities,0.9418785057882803,False,1,204,cuda:0,1.8.1,confirmation,False,3.8.20,0.6.1,2022.09.5,11.1,NVIDIA A100-PCIE-40GB
mmgnn-raw-logit-v2-20260918,10,fedavg_proto,server,val,logits,0.9449114039073149,True,1,204,cuda:0,1.8.1,confirmation,False,3.8.20,0.6.1,2022.09.5,11.1,NVIDIA A100-PCIE-40GB
mmgnn-raw-logit-v2-20260918,10,fedavg_proto,server,val,probabilities,0.9449114039073149,False,1,204,cuda:0,1.8.1,confirmation,False,3.8.20,0.6.1,2022.09.5,11.1,NVIDIA A100-PCIE-40GB
mmgnn-raw-logit-v2-20260918,10,fedavg_proto,server,test,logits,0.9488005728607232,True,1,204,cuda:0,1.8.1,confirmation,False,3.8.20,0.6.1,2022.09.5,11.1,NVIDIA A100-PCIE-40GB
mmgnn-raw-logit-v2-20260918,10,fedavg_proto,server,test,probabilities,0.9488602458527271,False,1,204,cuda:0,1.8.1,confirmation,False,3.8.20,0.6.1,2022.09.5,11.1,NVIDIA A100-PCIE-40GB
mmgnn-raw-logit-v2-20260918,10,fedavg_proto,client_0,val,logits,0.9365061335756475,True,1,204,cuda:0,1.8.1,confirmation,False,3.8.20,0.6.1,2022.09.5,11.1,NVIDIA A100-PCIE-40GB
mmgnn-raw-logit-v2-20260918,10,fedavg_proto,client_0,val,probabilities,0.93633575647433,False,1,204,cuda:0,1.8.1,confirmation,False,3.8.20,0.6.1,2022.09.5,11.1,NVIDIA A100-PCIE-40GB
mmgnn-raw-logit-v2-20260918,10,fedavg_proto,client_0,test,logits,0.9459362692445399,True,1,204,cuda:0,1.8.1,confirmation,False,3.8.20,0.6.1,2022.09.5,11.1,NVIDIA A100-PCIE-40GB
mmgnn-raw-logit-v2-20260918,10,fedavg_proto,client_0,test,probabilities,0.9459362692445398,False,1,204,cuda:0,1.8.1,confirmation,False,3.8.20,0.6.1,2022.09.5,11.1,NVIDIA A100-PCIE-40GB
mmgnn-raw-logit-v2-20260918,10,fedavg_proto,client_1,val,logits,0.9365061335756475,True,1,204,cuda:0,1.8.1,confirmation,False,3.8.20,0.6.1,2022.09.5,11.1,NVIDIA A100-PCIE-40GB
mmgnn-raw-logit-v2-20260918,10,fedavg_proto,client_1,val,probabilities,0.936676510676965,False,1,204,cuda:0,1.8.1,confirmation,False,3.8.20,0.6.1,2022.09.5,11.1,NVIDIA A100-PCIE-40GB
mmgnn-raw-logit-v2-20260918,10,fedavg_proto,client_1,test,logits,0.9392528941401121,True,1,204,cuda:0,1.8.1,confirmation,False,3.8.20,0.6.1,2022.09.5,11.1,NVIDIA A100-PCIE-40GB
mmgnn-raw-logit-v2-20260918,10,fedavg_proto,client_1,test,probabilities,0.9392528941401121,False,1,204,cuda:0,1.8.1,confirmation,False,3.8.20,0.6.1,2022.09.5,11.1,NVIDIA A100-PCIE-40GB
mmgnn-raw-logit-v2-20260918,10,fedavg_proto,client_2,val,logits,0.941163107678328,True,1,204,cuda:0,1.8.1,confirmation,False,3.8.20,0.6.1,2022.09.5,11.1,NVIDIA A100-PCIE-40GB
mmgnn-raw-logit-v2-20260918,10,fedavg_proto,client_2,val,probabilities,0.9412199000454339,False,1,204,cuda:0,1.8.1,confirmation,False,3.8.20,0.6.1,2022.09.5,11.1,NVIDIA A100-PCIE-40GB
mmgnn-raw-logit-v2-20260918,10,fedavg_proto,client_2,test,logits,0.9394915861081274,True,1,204,cuda:0,1.8.1,confirmation,False,3.8.20,0.6.1,2022.09.5,11.1,NVIDIA A100-PCIE-40GB
mmgnn-raw-logit-v2-20260918,10,fedavg_proto,client_2,test,probabilities,0.9394915861081274,False,1,204,cuda:0,1.8.1,confirmation,False,3.8.20,0.6.1,2022.09.5,11.1,NVIDIA A100-PCIE-40GB
mmgnn-raw-logit-v2-20260918,10,fedavg_proto,client_3,val,logits,0.9390049977283055,True,1,204,cuda:0,1.8.1,confirmation,False,3.8.20,0.6.1,2022.09.5,11.1,NVIDIA A100-PCIE-40GB
mmgnn-raw-logit-v2-20260918,10,fedavg_proto,client_3,val,probabilities,0.9384938664243526,False,1,204,cuda:0,1.8.1,confirmation,False,3.8.20,0.6.1,2022.09.5,11.1,NVIDIA A100-PCIE-40GB
mmgnn-raw-logit-v2-20260918,10,fedavg_proto,client_3,test,logits,0.934001670843776,True,1,204,cuda:0,1.8.1,confirmation,False,3.8.20,0.6.1,2022.09.5,11.1,NVIDIA A100-PCIE-40GB
mmgnn-raw-logit-v2-20260918,10,fedavg_proto,client_3,test,probabilities,0.9346580737558181,False,1,204,cuda:0,1.8.1,confirmation,False,3.8.20,0.6.1,2022.09.5,11.1,NVIDIA A100-PCIE-40GB
mmgnn-raw-logit-v2-20260918,11,fedavg_proto,server,val,logits,0.9449114039073149,True,1,204,cuda:0,1.8.1,confirmation,False,3.8.20,0.6.1,2022.09.5,11.1,NVIDIA A100-PCIE-40GB
mmgnn-raw-logit-v2-20260918,11,fedavg_proto,server,val,probabilities,0.9449681962744207,False,1,204,cuda:0,1.8.1,confirmation,False,3.8.20,0.6.1,2022.09.5,11.1,NVIDIA A100-PCIE-40GB
mmgnn-raw-logit-v2-20260918,11,fedavg_proto,server,test,logits,0.9556032939491585,True,1,204,cuda:0,1.8.1,confirmation,False,3.8.20,0.6.1,2022.09.5,11.1,NVIDIA A100-PCIE-40GB
mmgnn-raw-logit-v2-20260918,11,fedavg_proto,server,test,probabilities,0.9556032939491585,False,1,204,cuda:0,1.8.1,confirmation,False,3.8.20,0.6.1,2022.09.5,11.1,NVIDIA A100-PCIE-40GB
mmgnn-raw-logit-v2-20260918,11,fedavg_proto,client_0,val,logits,0.940368014538846,True,1,204,cuda:0,1.8.1,confirmation,False,3.8.20,0.6.1,2022.09.5,11.1,NVIDIA A100-PCIE-40GB
mmgnn-raw-logit-v2-20260918,11,fedavg_proto,client_0,val,probabilities,0.94031122217174,False,1,204,cuda:0,1.8.1,confirmation,False,3.8.20,0.6.1,2022.09.5,11.1,NVIDIA A100-PCIE-40GB
mmgnn-raw-logit-v2-20260918,11,fedavg_proto,client_0,test,logits,0.9480844969566774,True,1,204,cuda:0,1.8.1,confirmation,False,3.8.20,0.6.1,2022.09.5,11.1,NVIDIA A100-PCIE-40GB
mmgnn-raw-logit-v2-20260918,11,fedavg_proto,client_0,test,probabilities,0.9480844969566774,False,1,204,cuda:0,1.8.1,confirmation,False,3.8.20,0.6.1,2022.09.5,11.1,NVIDIA A100-PCIE-40GB
mmgnn-raw-logit-v2-20260918,11,fedavg_proto,client_1,val,logits,0.9318491594729669,True,1,204,cuda:0,1.8.1,confirmation,False,3.8.20,0.6.1,2022.09.5,11.1,NVIDIA A100-PCIE-40GB
mmgnn-raw-logit-v2-20260918,11,fedavg_proto,client_1,val,probabilities,0.9319059518400727,False,1,204,cuda:0,1.8.1,confirmation,False,3.8.20,0.6.1,2022.09.5,11.1,NVIDIA A100-PCIE-40GB
mmgnn-raw-logit-v2-20260918,11,fedavg_proto,client_1,test,logits,0.9299439073875164,True,1,204,cuda:0,1.8.1,confirmation,False,3.8.20,0.6.1,2022.09.5,11.1,NVIDIA A100-PCIE-40GB
mmgnn-raw-logit-v2-20260918,11,fedavg_proto,client_1,test,probabilities,0.9298842343955125,False,1,204,cuda:0,1.8.1,confirmation,False,3.8.20,0.6.1,2022.09.5,11.1,NVIDIA A100-PCIE-40GB
mmgnn-raw-logit-v2-20260918,11,fedavg_proto,client_2,val,logits,0.9458200817810086,True,1,204,cuda:0,1.8.1,confirmation,False,3.8.20,0.6.1,2022.09.5,11.1,NVIDIA A100-PCIE-40GB
mmgnn-raw-logit-v2-20260918,11,fedavg_proto,client_2,val,probabilities,0.9457632894139028,False,1,204,cuda:0,1.8.1,confirmation,False,3.8.20,0.6.1,2022.09.5,11.1,NVIDIA A100-PCIE-40GB
mmgnn-raw-logit-v2-20260918,11,fedavg_proto,client_2,test,logits,0.9422365437403031,True,1,204,cuda:0,1.8.1,confirmation,False,3.8.20,0.6.1,2022.09.5,11.1,NVIDIA A100-PCIE-40GB
mmgnn-raw-logit-v2-20260918,11,fedavg_proto,client_2,test,probabilities,0.9422962167323069,False,1,204,cuda:0,1.8.1,confirmation,False,3.8.20,0.6.1,2022.09.5,11.1,NVIDIA A100-PCIE-40GB
mmgnn-raw-logit-v2-20260918,11,fedavg_proto,client_3,val,logits,0.9407087687414811,True,1,204,cuda:0,1.8.1,confirmation,False,3.8.20,0.6.1,2022.09.5,11.1,NVIDIA A100-PCIE-40GB
mmgnn-raw-logit-v2-20260918,11,fedavg_proto,client_3,val,probabilities,0.9407087687414812,False,1,204,cuda:0,1.8.1,confirmation,False,3.8.20,0.6.1,2022.09.5,11.1,NVIDIA A100-PCIE-40GB
mmgnn-raw-logit-v2-20260918,11,fedavg_proto,client_3,test,logits,0.958109559613319,True,1,204,cuda:0,1.8.1,confirmation,False,3.8.20,0.6.1,2022.09.5,11.1,NVIDIA A100-PCIE-40GB
mmgnn-raw-logit-v2-20260918,11,fedavg_proto,client_3,test,probabilities,0.9580498866213152,False,1,204,cuda:0,1.8.1,confirmation,False,3.8.20,0.6.1,2022.09.5,11.1,NVIDIA A100-PCIE-40GB
mmgnn-raw-logit-v2-20260918,12,fedavg_proto,server,val,logits,0.9468423443889141,True,1,204,cuda:0,1.8.1,confirmation,False,3.8.20,0.6.1,2022.09.5,11.1,NVIDIA A100-PCIE-40GB
mmgnn-raw-logit-v2-20260918,12,fedavg_proto,server,val,probabilities,0.9468423443889141,False,1,204,cuda:0,1.8.1,confirmation,False,3.8.20,0.6.1,2022.09.5,11.1,NVIDIA A100-PCIE-40GB
mmgnn-raw-logit-v2-20260918,12,fedavg_proto,server,test,logits,0.9540517961570593,True,1,204,cuda:0,1.8.1,confirmation,False,3.8.20,0.6.1,2022.09.5,11.1,NVIDIA A100-PCIE-40GB
mmgnn-raw-logit-v2-20260918,12,fedavg_proto,server,test,probabilities,0.9540517961570594,False,1,204,cuda:0,1.8.1,confirmation,False,3.8.20,0.6.1,2022.09.5,11.1,NVIDIA A100-PCIE-40GB
mmgnn-raw-logit-v2-20260918,12,fedavg_proto,client_0,val,logits,0.9394593366651522,True,1,204,cuda:0,1.8.1,confirmation,False,3.8.20,0.6.1,2022.09.5,11.1,NVIDIA A100-PCIE-40GB
mmgnn-raw-logit-v2-20260918,12,fedavg_proto,client_0,val,probabilities,0.9396297137664698,False,1,204,cuda:0,1.8.1,confirmation,False,3.8.20,0.6.1,2022.09.5,11.1,NVIDIA A100-PCIE-40GB
mmgnn-raw-logit-v2-20260918,12,fedavg_proto,client_0,test,logits,0.9361498985559136,True,1,204,cuda:0,1.8.1,confirmation,False,3.8.20,0.6.1,2022.09.5,11.1,NVIDIA A100-PCIE-40GB
mmgnn-raw-logit-v2-20260918,12,fedavg_proto,client_0,test,probabilities,0.9362095715479175,False,1,204,cuda:0,1.8.1,confirmation,False,3.8.20,0.6.1,2022.09.5,11.1,NVIDIA A100-PCIE-40GB
mmgnn-raw-logit-v2-20260918,12,fedavg_proto,client_1,val,logits,0.9241253975465696,True,1,204,cuda:0,1.8.1,confirmation,False,3.8.20,0.6.1,2022.09.5,11.1,NVIDIA A100-PCIE-40GB
mmgnn-raw-logit-v2-20260918,12,fedavg_proto,client_1,val,probabilities,0.9242957746478873,False,1,204,cuda:0,1.8.1,confirmation,False,3.8.20,0.6.1,2022.09.5,11.1,NVIDIA A100-PCIE-40GB
mmgnn-raw-logit-v2-20260918,12,fedavg_proto,client_1,test,logits,0.9184866929227832,True,1,204,cuda:0,1.8.1,confirmation,False,3.8.20,0.6.1,2022.09.5,11.1,NVIDIA A100-PCIE-40GB
mmgnn-raw-logit-v2-20260918,12,fedavg_proto,client_1,test,probabilities,0.9186657118987945,False,1,204,cuda:0,1.8.1,confirmation,False,3.8.20,0.6.1,2022.09.5,11.1,NVIDIA A100-PCIE-40GB
mmgnn-raw-logit-v2-20260918,12,fedavg_proto,client_2,val,logits,0.9517264879600181,True,1,204,cuda:0,1.8.1,confirmation,False,3.8.20,0.6.1,2022.09.5,11.1,NVIDIA A100-PCIE-40GB
mmgnn-raw-logit-v2-20260918,12,fedavg_proto,client_2,val,probabilities,0.9515561108587006,False,1,204,cuda:0,1.8.1,confirmation,False,3.8.20,0.6.1,2022.09.5,11.1,NVIDIA A100-PCIE-40GB
mmgnn-raw-logit-v2-20260918,12,fedavg_proto,client_2,test,logits,0.9486812268767155,True,1,204,cuda:0,1.8.1,confirmation,False,3.8.20,0.6.1,2022.09.5,11.1,NVIDIA A100-PCIE-40GB
mmgnn-raw-logit-v2-20260918,12,fedavg_proto,client_2,test,probabilities,0.9486812268767155,False,1,204,cuda:0,1.8.1,confirmation,False,3.8.20,0.6.1,2022.09.5,11.1,NVIDIA A100-PCIE-40GB
mmgnn-raw-logit-v2-20260918,12,fedavg_proto,client_3,val,logits,0.9233303044070876,True,1,204,cuda:0,1.8.1,confirmation,False,3.8.20,0.6.1,2022.09.5,11.1,NVIDIA A100-PCIE-40GB
mmgnn-raw-logit-v2-20260918,12,fedavg_proto,client_3,val,probabilities,0.9242389822807815,False,1,204,cuda:0,1.8.1,confirmation,False,3.8.20,0.6.1,2022.09.5,11.1,NVIDIA A100-PCIE-40GB
mmgnn-raw-logit-v2-20260918,12,fedavg_proto,client_3,test,logits,0.9511874925408761,True,1,204,cuda:0,1.8.1,confirmation,False,3.8.20,0.6.1,2022.09.5,11.1,NVIDIA A100-PCIE-40GB
mmgnn-raw-logit-v2-20260918,12,fedavg_proto,client_3,test,probabilities,0.9511874925408761,False,1,204,cuda:0,1.8.1,confirmation,False,3.8.20,0.6.1,2022.09.5,11.1,NVIDIA A100-PCIE-40GB
mmgnn-raw-logit-v2-20260918,13,fedavg_proto,server,val,logits,0.9437755565651975,True,1,204,cuda:0,1.8.1,confirmation,False,3.8.20,0.6.1,2022.09.5,11.1,NVIDIA A100-PCIE-40GB
mmgnn-raw-logit-v2-20260918,13,fedavg_proto,server,val,probabilities,0.944002726033621,False,1,204,cuda:0,1.8.1,confirmation,False,3.8.20,0.6.1,2022.09.5,11.1,NVIDIA A100-PCIE-40GB
mmgnn-raw-logit-v2-20260918,13,fedavg_proto,server,test,logits,0.9497553407327843,True,1,204,cuda:0,1.8.1,confirmation,False,3.8.20,0.6.1,2022.09.5,11.1,NVIDIA A100-PCIE-40GB
mmgnn-raw-logit-v2-20260918,13,fedavg_proto,server,test,probabilities,0.9498150137247882,False,1,204,cuda:0,1.8.1,confirmation,False,3.8.20,0.6.1,2022.09.5,11.1,NVIDIA A100-PCIE-40GB
mmgnn-raw-logit-v2-20260918,13,fedavg_proto,client_0,val,logits,0.9357110404361654,True,1,204,cuda:0,1.8.1,confirmation,False,3.8.20,0.6.1,2022.09.5,11.1,NVIDIA A100-PCIE-40GB
mmgnn-raw-logit-v2-20260918,13,fedavg_proto,client_0,val,probabilities,0.9357110404361654,False,1,204,cuda:0,1.8.1,confirmation,False,3.8.20,0.6.1,2022.09.5,11.1,NVIDIA A100-PCIE-40GB
mmgnn-raw-logit-v2-20260918,13,fedavg_proto,client_0,test,logits,0.9348370927318295,True,1,204,cuda:0,1.8.1,confirmation,False,3.8.20,0.6.1,2022.09.5,11.1,NVIDIA A100-PCIE-40GB
mmgnn-raw-logit-v2-20260918,13,fedavg_proto,client_0,test,probabilities,0.9348967657238334,False,1,204,cuda:0,1.8.1,confirmation,False,3.8.20,0.6.1,2022.09.5,11.1,NVIDIA A100-PCIE-40GB
mmgnn-raw-logit-v2-20260918,13,fedavg_proto,client_1,val,logits,0.9253748296228986,True,1,204,cuda:0,1.8.1,confirmation,False,3.8.20,0.6.1,2022.09.5,11.1,NVIDIA A100-PCIE-40GB
mmgnn-raw-logit-v2-20260918,13,fedavg_proto,client_1,val,probabilities,0.9249772830531576,False,1,204,cuda:0,1.8.1,confirmation,False,3.8.20,0.6.1,2022.09.5,11.1,NVIDIA A100-PCIE-40GB
mmgnn-raw-logit-v2-20260918,13,fedavg_proto,client_1,test,logits,0.9435493495643872,True,1,204,cuda:0,1.8.1,confirmation,False,3.8.20,0.6.1,2022.09.5,11.1,NVIDIA A100-PCIE-40GB
mmgnn-raw-logit-v2-20260918,13,fedavg_proto,client_1,test,probabilities,0.9435493495643872,False,1,204,cuda:0,1.8.1,confirmation,False,3.8.20,0.6.1,2022.09.5,11.1,NVIDIA A100-PCIE-40GB
mmgnn-raw-logit-v2-20260918,13,fedavg_proto,client_2,val,logits,0.9443434802362562,True,1,204,cuda:0,1.8.1,confirmation,False,3.8.20,0.6.1,2022.09.5,11.1,NVIDIA A100-PCIE-40GB
mmgnn-raw-logit-v2-20260918,13,fedavg_proto,client_2,val,probabilities,0.9443434802362561,False,1,204,cuda:0,1.8.1,confirmation,False,3.8.20,0.6.1,2022.09.5,11.1,NVIDIA A100-PCIE-40GB
mmgnn-raw-logit-v2-20260918,13,fedavg_proto,client_2,test,logits,0.9325695190356844,True,1,204,cuda:0,1.8.1,confirmation,False,3.8.20,0.6.1,2022.09.5,11.1,NVIDIA A100-PCIE-40GB
mmgnn-raw-logit-v2-20260918,13,fedavg_proto,client_2,test,probabilities,0.9326291920276883,False,1,204,cuda:0,1.8.1,confirmation,False,3.8.20,0.6.1,2022.09.5,11.1,NVIDIA A100-PCIE-40GB
mmgnn-raw-logit-v2-20260918,13,fedavg_proto,client_3,val,logits,0.9373012267151294,True,1,204,cuda:0,1.8.1,confirmation,False,3.8.20,0.6.1,2022.09.5,11.1,NVIDIA A100-PCIE-40GB
mmgnn-raw-logit-v2-20260918,13,fedavg_proto,client_3,val,probabilities,0.9371308496138119,False,1,204,cuda:0,1.8.1,confirmation,False,3.8.20,0.6.1,2022.09.5,11.1,NVIDIA A100-PCIE-40GB
mmgnn-raw-logit-v2-20260918,13,fedavg_proto,client_3,test,logits,0.9451008473564865,True,1,204,cuda:0,1.8.1,confirmation,False,3.8.20,0.6.1,2022.09.5,11.1,NVIDIA A100-PCIE-40GB
mmgnn-raw-logit-v2-20260918,13,fedavg_proto,client_3,test,probabilities,0.9451008473564864,False,1,204,cuda:0,1.8.1,confirmation,False,3.8.20,0.6.1,2022.09.5,11.1,NVIDIA A100-PCIE-40GB
mmgnn-raw-logit-v2-20260918,14,fedavg_proto,server,val,logits,0.942412539754657,True,1,204,cuda:0,1.8.1,confirmation,False,3.8.20,0.6.1,2022.09.5,11.1,NVIDIA A100-PCIE-40GB
mmgnn-raw-logit-v2-20260918,14,fedavg_proto,server,val,probabilities,0.9425261244888687,False,1,204,cuda:0,1.8.1,confirmation,False,3.8.20,0.6.1,2022.09.5,11.1,NVIDIA A100-PCIE-40GB
mmgnn-raw-logit-v2-20260918,14,fedavg_proto,server,test,logits,0.9468910371166009,True,1,204,cuda:0,1.8.1,confirmation,False,3.8.20,0.6.1,2022.09.5,11.1,NVIDIA A100-PCIE-40GB
mmgnn-raw-logit-v2-20260918,14,fedavg_proto,server,test,probabilities,0.9469507101086048,False,1,204,cuda:0,1.8.1,confirmation,False,3.8.20,0.6.1,2022.09.5,11.1,NVIDIA A100-PCIE-40GB
mmgnn-raw-logit-v2-20260918,14,fedavg_proto,client_0,val,logits,0.9387778282598819,True,1,204,cuda:0,1.8.1,confirmation,False,3.8.20,0.6.1,2022.09.5,11.1,NVIDIA A100-PCIE-40GB
mmgnn-raw-logit-v2-20260918,14,fedavg_proto,client_0,val,probabilities,0.938721035892776,False,1,204,cuda:0,1.8.1,confirmation,False,3.8.20,0.6.1,2022.09.5,11.1,NVIDIA A100-PCIE-40GB
mmgnn-raw-logit-v2-20260918,14,fedavg_proto,client_0,test,logits,0.9356725146198831,True,1,204,cuda:0,1.8.1,confirmation,False,3.8.20,0.6.1,2022.09.5,11.1,NVIDIA A100-PCIE-40GB
mmgnn-raw-logit-v2-20260918,14,fedavg_proto,client_0,test,probabilities,0.9356128416278792,False,1,204,cuda:0,1.8.1,confirmation,False,3.8.20,0.6.1,2022.09.5,11.1,NVIDIA A100-PCIE-40GB
mmgnn-raw-logit-v2-20260918,14,fedavg_proto,client_1,val,logits,0.926510676965016,True,1,204,cuda:0,1.8.1,confirmation,False,3.8.20,0.6.1,2022.09.5,11.1,NVIDIA A100-PCIE-40GB
mmgnn-raw-logit-v2-20260918,14,fedavg_proto,client_1,val,probabilities,0.9264538845979101,False,1,204,cuda:0,1.8.1,confirmation,False,3.8.20,0.6.1,2022.09.5,11.1,NVIDIA A100-PCIE-40GB
mmgnn-raw-logit-v2-20260918,14,fedavg_proto,client_1,test,logits,0.9304212913235469,True,1,204,cuda:0,1.8.1,confirmation,False,3.8.20,0.6.1,2022.09.5,11.1,NVIDIA A100-PCIE-40GB
mmgnn-raw-logit-v2-20260918,14,fedavg_proto,client_1,test,probabilities,0.9303616183315431,False,1,204,cuda:0,1.8.1,confirmation,False,3.8.20,0.6.1,2022.09.5,11.1,NVIDIA A100-PCIE-40GB
mmgnn-raw-logit-v2-20260918,14,fedavg_proto,client_2,val,logits,0.9411631076783281,True,1,204,cuda:0,1.8.1,confirmation,False,3.8.20,0.6.1,2022.09.5,11.1,NVIDIA A100-PCIE-40GB
mmgnn-raw-logit-v2-20260918,14,fedavg_proto,client_2,val,probabilities,0.9411063153112222,False,1,204,cuda:0,1.8.1,confirmation,False,3.8.20,0.6.1,2022.09.5,11.1,NVIDIA A100-PCIE-40GB
mmgnn-raw-logit-v2-20260918,14,fedavg_proto,client_2,test,logits,0.9355531686358753,True,1,204,cuda:0,1.8.1,confirmation,False,3.8.20,0.6.1,2022.09.5,11.1,NVIDIA A100-PCIE-40GB
mmgnn-raw-logit-v2-20260918,14,fedavg_proto,client_2,test,probabilities,0.9354934956438715,False,1,204,cuda:0,1.8.1,confirmation,False,3.8.20,0.6.1,2022.09.5,11.1,NVIDIA A100-PCIE-40GB
mmgnn-raw-logit-v2-20260918,14,fedavg_proto,client_3,val,logits,0.9359382099045889,True,1,204,cuda:0,1.8.1,confirmation,False,3.8.20,0.6.1,2022.09.5,11.1,NVIDIA A100-PCIE-40GB
mmgnn-raw-logit-v2-20260918,14,fedavg_proto,client_3,val,probabilities,0.9363925488414357,False,1,204,cuda:0,1.8.1,confirmation,False,3.8.20,0.6.1,2022.09.5,11.1,NVIDIA A100-PCIE-40GB
mmgnn-raw-logit-v2-20260918,14,fedavg_proto,client_3,test,logits,0.9441460794844253,True,1,204,cuda:0,1.8.1,confirmation,False,3.8.20,0.6.1,2022.09.5,11.1,NVIDIA A100-PCIE-40GB
mmgnn-raw-logit-v2-20260918,14,fedavg_proto,client_3,test,probabilities,0.9440864064924216,False,1,204,cuda:0,1.8.1,confirmation,False,3.8.20,0.6.1,2022.09.5,11.1,NVIDIA A100-PCIE-40GB
mmgnn-raw-logit-v2-20260918,15,fedavg_proto,server,val,logits,0.9409359382099046,True,1,204,cuda:0,1.8.1,confirmation,False,3.8.20,0.6.1,2022.09.5,11.1,NVIDIA A100-PCIE-40GB
mmgnn-raw-logit-v2-20260918,15,fedavg_proto,server,val,probabilities,0.9408791458427987,False,1,204,cuda:0,1.8.1,confirmation,False,3.8.20,0.6.1,2022.09.5,11.1,NVIDIA A100-PCIE-40GB
mmgnn-raw-logit-v2-20260918,15,fedavg_proto,server,test,logits,0.948203842940685,True,1,204,cuda:0,1.8.1,confirmation,False,3.8.20,0.6.1,2022.09.5,11.1,NVIDIA A100-PCIE-40GB
mmgnn-raw-logit-v2-20260918,15,fedavg_proto,server,test,probabilities,0.948203842940685,False,1,204,cuda:0,1.8.1,confirmation,False,3.8.20,0.6.1,2022.09.5,11.1,NVIDIA A100-PCIE-40GB
mmgnn-raw-logit-v2-20260918,15,fedavg_proto,client_0,val,logits,0.9416174466151749,True,1,204,cuda:0,1.8.1,confirmation,False,3.8.20,0.6.1,2022.09.5,11.1,NVIDIA A100-PCIE-40GB
mmgnn-raw-logit-v2-20260918,15,fedavg_proto,client_0,val,probabilities,0.9416742389822808,False,1,204,cuda:0,1.8.1,confirmation,False,3.8.20,0.6.1,2022.09.5,11.1,NVIDIA A100-PCIE-40GB
mmgnn-raw-logit-v2-20260918,15,fedavg_proto,client_0,test,logits,0.9489199188447308,True,1,204,cuda:0,1.8.1,confirmation,False,3.8.20,0.6.1,2022.09.5,11.1,NVIDIA A100-PCIE-40GB
mmgnn-raw-logit-v2-20260918,15,fedavg_proto,client_0,test,probabilities,0.9489199188447308,False,1,204,cuda:0,1.8.1,confirmation,False,3.8.20,0.6.1,2022.09.5,11.1,NVIDIA A100-PCIE-40GB
mmgnn-raw-logit-v2-20260918,15,fedavg_proto,client_1,val,logits,0.9184461608359836,True,1,204,cuda:0,1.8.1,confirmation,False,3.8.20,0.6.1,2022.09.5,11.1,NVIDIA A100-PCIE-40GB
mmgnn-raw-logit-v2-20260918,15,fedavg_proto,client_1,val,probabilities,0.9181621990004544,False,1,204,cuda:0,1.8.1,confirmation,False,3.8.20,0.6.1,2022.09.5,11.1,NVIDIA A100-PCIE-40GB
mmgnn-raw-logit-v2-20260918,15,fedavg_proto,client_1,test,logits,0.9359112065878982,True,1,204,cuda:0,1.8.1,confirmation,False,3.8.20,0.6.1,2022.09.5,11.1,NVIDIA A100-PCIE-40GB
mmgnn-raw-logit-v2-20260918,15,fedavg_proto,client_1,test,probabilities,0.9359112065878984,False,1,204,cuda:0,1.8.1,confirmation,False,3.8.20,0.6.1,2022.09.5,11.1,NVIDIA A100-PCIE-40GB
mmgnn-raw-logit-v2-20260918,15,fedavg_proto,client_2,val,logits,0.9418446160835983,True,1,204,cuda:0,1.8.1,confirmation,False,3.8.20,0.6.1,2022.09.5,11.1,NVIDIA A100-PCIE-40GB
mmgnn-raw-logit-v2-20260918,15,fedavg_proto,client_2,val,probabilities,0.9417310313493865,False,1,204,cuda:0,1.8.1,confirmation,False,3.8.20,0.6.1,2022.09.5,11.1,NVIDIA A100-PCIE-40GB
mmgnn-raw-logit-v2-20260918,15,fedavg_proto,client_2,test,logits,0.9234992242511039,True,1,204,cuda:0,1.8.1,confirmation,False,3.8.20,0.6.1,2022.09.5,11.1,NVIDIA A100-PCIE-40GB
mmgnn-raw-logit-v2-20260918,15,fedavg_proto,client_2,test,probabilities,0.923499224251104,False,1,204,cuda:0,1.8.1,confirmation,False,3.8.20,0.6.1,2022.09.5,11.1,NVIDIA A100-PCIE-40GB
mmgnn-raw-logit-v2-20260918,15,fedavg_proto,client_3,val,logits,0.9352567014993185,True,1,204,cuda:0,1.8.1,confirmation,False,3.8.20,0.6.1,2022.09.5,11.1,NVIDIA A100-PCIE-40GB
mmgnn-raw-logit-v2-20260918,15,fedavg_proto,client_3,val,probabilities,0.9351431167651068,False,1,204,cuda:0,1.8.1,confirmation,False,3.8.20,0.6.1,2022.09.5,11.1,NVIDIA A100-PCIE-40GB
mmgnn-raw-logit-v2-20260918,15,fedavg_proto,client_3,test,logits,0.9539324501730516,True,1,204,cuda:0,1.8.1,confirmation,False,3.8.20,0.6.1,2022.09.5,11.1,NVIDIA A100-PCIE-40GB
mmgnn-raw-logit-v2-20260918,15,fedavg_proto,client_3,test,probabilities,0.9539324501730516,False,1,204,cuda:0,1.8.1,confirmation,False,3.8.20,0.6.1,2022.09.5,11.1,NVIDIA A100-PCIE-40GB
mmgnn-raw-logit-v2-20260918,16,fedavg_proto,server,val,logits,0.9417310313493867,True,1,204,cuda:0,1.8.1,confirmation,False,3.8.20,0.6.1,2022.09.5,11.1,NVIDIA A100-PCIE-40GB
mmgnn-raw-logit-v2-20260918,16,fedavg_proto,server,val,probabilities,0.9417310313493867,False,1,204,cuda:0,1.8.1,confirmation,False,3.8.20,0.6.1,2022.09.5,11.1,NVIDIA A100-PCIE-40GB
mmgnn-raw-logit-v2-20260918,16,fedavg_proto,server,test,logits,0.9521422604129371,True,1,204,cuda:0,1.8.1,confirmation,False,3.8.20,0.6.1,2022.09.5,11.1,NVIDIA A100-PCIE-40GB
mmgnn-raw-logit-v2-20260918,16,fedavg_proto,server,test,probabilities,0.9521422604129371,False,1,204,cuda:0,1.8.1,confirmation,False,3.8.20,0.6.1,2022.09.5,11.1,NVIDIA A100-PCIE-40GB
mmgnn-raw-logit-v2-20260918,16,fedavg_proto,client_0,val,logits,0.916628805088596,True,1,204,cuda:0,1.8.1,confirmation,False,3.8.20,0.6.1,2022.09.5,11.1,NVIDIA A100-PCIE-40GB
mmgnn-raw-logit-v2-20260918,16,fedavg_proto,client_0,val,probabilities,0.9165152203543844,False,1,204,cuda:0,1.8.1,confirmation,False,3.8.20,0.6.1,2022.09.5,11.1,NVIDIA A100-PCIE-40GB
mmgnn-raw-logit-v2-20260918,16,fedavg_proto,client_0,test,logits,0.9365079365079365,True,1,204,cuda:0,1.8.1,confirmation,False,3.8.20,0.6.1,2022.09.5,11.1,NVIDIA A100-PCIE-40GB
mmgnn-raw-logit-v2-20260918,16,fedavg_proto,client_0,test,probabilities,0.9365079365079365,False,1,204,cuda:0,1.8.1,confirmation,False,3.8.20,0.6.1,2022.09.5,11.1,NVIDIA A100-PCIE-40GB
mmgnn-raw-logit-v2-20260918,16,fedavg_proto,client_1,val,logits,0.9321899136756019,True,1,204,cuda:0,1.8.1,confirmation,False,3.8.20,0.6.1,2022.09.5,11.1,NVIDIA A100-PCIE-40GB
mmgnn-raw-logit-v2-20260918,16,fedavg_proto,client_1,val,probabilities,0.9319627442071785,False,1,204,cuda:0,1.8.1,confirmation,False,3.8.20,0.6.1,2022.09.5,11.1,NVIDIA A100-PCIE-40GB
mmgnn-raw-logit-v2-20260918,16,fedavg_proto,client_1,test,logits,0.9456975772765246,True,1,204,cuda:0,1.8.1,confirmation,False,3.8.20,0.6.1,2022.09.5,11.1,NVIDIA A100-PCIE-40GB
mmgnn-raw-logit-v2-20260918,16,fedavg_proto,client_1,test,probabilities,0.9456975772765246,False,1,204,cuda:0,1.8.1,confirmation,False,3.8.20,0.6.1,2022.09.5,11.1,NVIDIA A100-PCIE-40GB
mmgnn-raw-logit-v2-20260918,16,fedavg_proto,client_2,val,logits,0.9496819627442072,True,1,204,cuda:0,1.8.1,confirmation,False,3.8.20,0.6.1,2022.09.5,11.1,NVIDIA A100-PCIE-40GB
mmgnn-raw-logit-v2-20260918,16,fedavg_proto,client_2,val,probabilities,0.9496819627442072,False,1,204,cuda:0,1.8.1,confirmation,False,3.8.20,0.6.1,2022.09.5,11.1,NVIDIA A100-PCIE-40GB
mmgnn-raw-logit-v2-20260918,16,fedavg_proto,client_2,test,logits,0.9356725146198831,True,1,204,cuda:0,1.8.1,confirmation,False,3.8.20,0.6.1,2022.09.5,11.1,NVIDIA A100-PCIE-40GB
mmgnn-raw-logit-v2-20260918,16,fedavg_proto,client_2,test,probabilities,0.9357321876118869,False,1,204,cuda:0,1.8.1,confirmation,False,3.8.20,0.6.1,2022.09.5,11.1,NVIDIA A100-PCIE-40GB
mmgnn-raw-logit-v2-20260918,16,fedavg_proto,client_3,val,logits,0.9302589731940027,True,1,204,cuda:0,1.8.1,confirmation,False,3.8.20,0.6.1,2022.09.5,11.1,NVIDIA A100-PCIE-40GB
mmgnn-raw-logit-v2-20260918,16,fedavg_proto,client_3,val,probabilities,0.9303157655611086,False,1,204,cuda:0,1.8.1,confirmation,False,3.8.20,0.6.1,2022.09.5,11.1,NVIDIA A100-PCIE-40GB
mmgnn-raw-logit-v2-20260918,16,fedavg_proto,client_3,test,logits,0.9485618808927081,True,1,204,cuda:0,1.8.1,confirmation,False,3.8.20,0.6.1,2022.09.5,11.1,NVIDIA A100-PCIE-40GB
mmgnn-raw-logit-v2-20260918,16,fedavg_proto,client_3,test,probabilities,0.9485022079007042,False,1,204,cuda:0,1.8.1,confirmation,False,3.8.20,0.6.1,2022.09.5,11.1,NVIDIA A100-PCIE-40GB
mmgnn-raw-logit-v2-20260918,17,fedavg_proto,server,val,logits,0.9396865061335756,True,1,204,cuda:0,1.8.1,confirmation,False,3.8.20,0.6.1,2022.09.5,11.1,NVIDIA A100-PCIE-40GB
mmgnn-raw-logit-v2-20260918,17,fedavg_proto,server,val,probabilities,0.9399136756019991,False,1,204,cuda:0,1.8.1,confirmation,False,3.8.20,0.6.1,2022.09.5,11.1,NVIDIA A100-PCIE-40GB
mmgnn-raw-logit-v2-20260918,17,fedavg_proto,server,test,logits,0.949516648764769,True,1,204,cuda:0,1.8.1,confirmation,False,3.8.20,0.6.1,2022.09.5,11.1,NVIDIA A100-PCIE-40GB
mmgnn-raw-logit-v2-20260918,17,fedavg_proto,server,test,probabilities,0.949516648764769,False,1,204,cuda:0,1.8.1,confirmation,False,3.8.20,0.6.1,2022.09.5,11.1,NVIDIA A100-PCIE-40GB
mmgnn-raw-logit-v2-20260918,17,fedavg_proto,client_0,val,logits,0.9553611994547933,True,1,204,cuda:0,1.8.1,confirmation,False,3.8.20,0.6.1,2022.09.5,11.1,NVIDIA A100-PCIE-40GB
mmgnn-raw-logit-v2-20260918,17,fedavg_proto,client_0,val,probabilities,0.9553044070876875,False,1,204,cuda:0,1.8.1,confirmation,False,3.8.20,0.6.1,2022.09.5,11.1,NVIDIA A100-PCIE-40GB
mmgnn-raw-logit-v2-20260918,17,fedavg_proto,client_0,test,logits,0.950829454588853,True,1,204,cuda:0,1.8.1,confirmation,False,3.8.20,0.6.1,2022.09.5,11.1,NVIDIA A100-PCIE-40GB
mmgnn-raw-logit-v2-20260918,17,fedavg_proto,client_0,test,probabilities,0.9508294545888532,False,1,204,cuda:0,1.8.1,confirmation,False,3.8.20,0.6.1,2022.09.5,11.1,NVIDIA A100-PCIE-40GB
mmgnn-raw-logit-v2-20260918,17,fedavg_proto,client_1,val,logits,0.9131076783280327,True,1,204,cuda:0,1.8.1,confirmation,False,3.8.20,0.6.1,2022.09.5,11.1,NVIDIA A100-PCIE-40GB
mmgnn-raw-logit-v2-20260918,17,fedavg_proto,client_1,val,probabilities,0.9132212630622445,False,1,204,cuda:0,1.8.1,confirmation,False,3.8.20,0.6.1,2022.09.5,11.1,NVIDIA A100-PCIE-40GB
mmgnn-raw-logit-v2-20260918,17,fedavg_proto,client_1,test,logits,0.9344790547798065,True,1,204,cuda:0,1.8.1,confirmation,False,3.8.20,0.6.1,2022.09.5,11.1,NVIDIA A100-PCIE-40GB
mmgnn-raw-logit-v2-20260918,17,fedavg_proto,client_1,test,probabilities,0.9344790547798065,False,1,204,cuda:0,1.8.1,confirmation,False,3.8.20,0.6.1,2022.09.5,11.1,NVIDIA A100-PCIE-40GB
mmgnn-raw-logit-v2-20260918,17,fedavg_proto,client_2,val,logits,0.9320763289413904,True,1,204,cuda:0,1.8.1,confirmation,False,3.8.20,0.6.1,2022.09.5,11.1,NVIDIA A100-PCIE-40GB
mmgnn-raw-logit-v2-20260918,17,fedavg_proto,client_2,val,probabilities,0.9321331213084961,False,1,204,cuda:0,1.8.1,confirmation,False,3.8.20,0.6.1,2022.09.5,11.1,NVIDIA A100-PCIE-40GB
mmgnn-raw-logit-v2-20260918,17,fedavg_proto,client_2,test,logits,0.9406850459482039,True,1,204,cuda:0,1.8.1,confirmation,False,3.8.20,0.6.1,2022.09.5,11.1,NVIDIA A100-PCIE-40GB
mmgnn-raw-logit-v2-20260918,17,fedavg_proto,client_2,test,probabilities,0.9406850459482038,False,1,204,cuda:0,1.8.1,confirmation,False,3.8.20,0.6.1,2022.09.5,11.1,NVIDIA A100-PCIE-40GB
mmgnn-raw-logit-v2-20260918,17,fedavg_proto,client_3,val,logits,0.9371876419809178,True,1,204,cuda:0,1.8.1,confirmation,False,3.8.20,0.6.1,2022.09.5,11.1,NVIDIA A100-PCIE-40GB
mmgnn-raw-logit-v2-20260918,17,fedavg_proto,client_3,val,probabilities,0.9373012267151296,False,1,204,cuda:0,1.8.1,confirmation,False,3.8.20,0.6.1,2022.09.5,11.1,NVIDIA A100-PCIE-40GB
mmgnn-raw-logit-v2-20260918,17,fedavg_proto,client_3,test,logits,0.9530970282849983,True,1,204,cuda:0,1.8.1,confirmation,False,3.8.20,0.6.1,2022.09.5,11.1,NVIDIA A100-PCIE-40GB
mmgnn-raw-logit-v2-20260918,17,fedavg_proto,client_3,test,probabilities,0.9530970282849983,False,1,204,cuda:0,1.8.1,confirmation,False,3.8.20,0.6.1,2022.09.5,11.1,NVIDIA A100-PCIE-40GB
mmgnn-raw-logit-v2-20260918,18,fedavg_proto,server,val,logits,0.9478646069968197,True,1,204,cuda:0,1.8.1,confirmation,False,3.8.20,0.6.1,2022.09.5,11.1,NVIDIA A100-PCIE-40GB
mmgnn-raw-logit-v2-20260918,18,fedavg_proto,server,val,probabilities,0.9478646069968196,False,1,204,cuda:0,1.8.1,confirmation,False,3.8.20,0.6.1,2022.09.5,11.1,NVIDIA A100-PCIE-40GB
mmgnn-raw-logit-v2-20260918,18,fedavg_proto,server,test,logits,0.9540517961570594,True,1,204,cuda:0,1.8.1,confirmation,False,3.8.20,0.6.1,2022.09.5,11.1,NVIDIA A100-PCIE-40GB
mmgnn-raw-logit-v2-20260918,18,fedavg_proto,server,test,probabilities,0.9540517961570592,False,1,204,cuda:0,1.8.1,confirmation,False,3.8.20,0.6.1,2022.09.5,11.1,NVIDIA A100-PCIE-40GB
mmgnn-raw-logit-v2-20260918,18,fedavg_proto,client_0,val,logits,0.9336665152203544,True,1,204,cuda:0,1.8.1,confirmation,False,3.8.20,0.6.1,2022.09.5,11.1,NVIDIA A100-PCIE-40GB
mmgnn-raw-logit-v2-20260918,18,fedavg_proto,client_0,val,probabilities,0.9336665152203544,False,1,204,cuda:0,1.8.1,confirmation,False,3.8.20,0.6.1,2022.09.5,11.1,NVIDIA A100-PCIE-40GB
mmgnn-raw-logit-v2-20260918,18,fedavg_proto,client_0,test,logits,0.94390738751641,True,1,204,cuda:0,1.8.1,confirmation,False,3.8.20,0.6.1,2022.09.5,11.1,NVIDIA A100-PCIE-40GB
mmgnn-raw-logit-v2-20260918,18,fedavg_proto,client_0,test,probabilities,0.943967060508414,False,1,204,cuda:0,1.8.1,confirmation,False,3.8.20,0.6.1,2022.09.5,11.1,NVIDIA A100-PCIE-40GB
mmgnn-raw-logit-v2-20260918,18,fedavg_proto,client_1,val,logits,0.9146978646069969,True,1,204,cuda:0,1.8.1,confirmation,False,3.8.20,0.6.1,2022.09.5,11.1,NVIDIA A100-PCIE-40GB
mmgnn-raw-logit-v2-20260918,18,fedavg_proto,client_1,val,probabilities,0.9145274875056792,False,1,204,cuda:0,1.8.1,confirmation,False,3.8.20,0.6.1,2022.09.5,11.1,NVIDIA A100-PCIE-40GB
mmgnn-raw-logit-v2-20260918,18,fedavg_proto,client_1,test,logits,0.9113259338823249,True,1,204,cuda:0,1.8.1,confirmation,False,3.8.20,0.6.1,2022.09.5,11.1,NVIDIA A100-PCIE-40GB
mmgnn-raw-logit-v2-20260918,18,fedavg_proto,client_1,test,probabilities,0.9113856068743287,False,1,204,cuda:0,1.8.1,confirmation,False,3.8.20,0.6.1,2022.09.5,11.1,NVIDIA A100-PCIE-40GB
mmgnn-raw-logit-v2-20260918,18,fedavg_proto,client_2,val,logits,0.9459336665152203,True,1,204,cuda:0,1.8.1,confirmation,False,3.8.20,0.6.1,2022.09.5,11.1,NVIDIA A100-PCIE-40GB
mmgnn-raw-logit-v2-20260918,18,fedavg_proto,client_2,val,probabilities,0.9459904588823261,False,1,204,cuda:0,1.8.1,confirmation,False,3.8.20,0.6.1,2022.09.5,11.1,NVIDIA A100-PCIE-40GB
mmgnn-raw-logit-v2-20260918,18,fedavg_proto,client_2,test,logits,0.9417591598042726,True,1,204,cuda:0,1.8.1,confirmation,False,3.8.20,0.6.1,2022.09.5,11.1,NVIDIA A100-PCIE-40GB
mmgnn-raw-logit-v2-20260918,18,fedavg_proto,client_2,test,probabilities,0.9417591598042726,False,1,204,cuda:0,1.8.1,confirmation,False,3.8.20,0.6.1,2022.09.5,11.1,NVIDIA A100-PCIE-40GB
mmgnn-raw-logit-v2-20260918,18,fedavg_proto,client_3,val,logits,0.9399136756019991,True,1,204,cuda:0,1.8.1,confirmation,False,3.8.20,0.6.1,2022.09.5,11.1,NVIDIA A100-PCIE-40GB
mmgnn-raw-logit-v2-20260918,18,fedavg_proto,client_3,val,probabilities,0.9401408450704225,False,1,204,cuda:0,1.8.1,confirmation,False,3.8.20,0.6.1,2022.09.5,11.1,NVIDIA A100-PCIE-40GB
mmgnn-raw-logit-v2-20260918,18,fedavg_proto,client_3,test,logits,0.9526196443489676,True,1,204,cuda:0,1.8.1,confirmation,False,3.8.20,0.6.1,2022.09.5,11.1,NVIDIA A100-PCIE-40GB
mmgnn-raw-logit-v2-20260918,18,fedavg_proto,client_3,test,probabilities,0.9526196443489675,False,1,204,cuda:0,1.8.1,confirmation,False,3.8.20,0.6.1,2022.09.5,11.1,NVIDIA A100-PCIE-40GB
mmgnn-raw-logit-v2-20260918,19,fedavg_proto,server,val,logits,0.9394593366651521,True,1,204,cuda:0,1.8.1,confirmation,False,3.8.20,0.6.1,2022.09.5,11.1,NVIDIA A100-PCIE-40GB
mmgnn-raw-logit-v2-20260918,19,fedavg_proto,server,val,probabilities,0.9392321671967288,False,1,204,cuda:0,1.8.1,confirmation,False,3.8.20,0.6.1,2022.09.5,11.1,NVIDIA A100-PCIE-40GB
mmgnn-raw-logit-v2-20260918,19,fedavg_proto,server,test,logits,0.9477264590046545,True,1,204,cuda:0,1.8.1,confirmation,False,3.8.20,0.6.1,2022.09.5,11.1,NVIDIA A100-PCIE-40GB
mmgnn-raw-logit-v2-20260918,19,fedavg_proto,server,test,probabilities,0.9477264590046546,False,1,204,cuda:0,1.8.1,confirmation,False,3.8.20,0.6.1,2022.09.5,11.1,NVIDIA A100-PCIE-40GB
mmgnn-raw-logit-v2-20260918,19,fedavg_proto,client_0,val,logits,0.9215129486597001,True,1,204,cuda:0,1.8.1,confirmation,False,3.8.20,0.6.1,2022.09.5,11.1,NVIDIA A100-PCIE-40GB
mmgnn-raw-logit-v2-20260918,19,fedavg_proto,client_0,val,probabilities,0.9213425715583826,False,1,204,cuda:0,1.8.1,confirmation,False,3.8.20,0.6.1,2022.09.5,11.1,NVIDIA A100-PCIE-40GB
mmgnn-raw-logit-v2-20260918,19,fedavg_proto,client_0,test,logits,0.9207542666189283,True,1,204,cuda:0,1.8.1,confirmation,False,3.8.20,0.6.1,2022.09.5,11.1,NVIDIA A100-PCIE-40GB
mmgnn-raw-logit-v2-20260918,19,fedavg_proto,client_0,test,probabilities,0.9207542666189283,False,1,204,cuda:0,1.8.1,confirmation,False,3.8.20,0.6.1,2022.09.5,11.1,NVIDIA A100-PCIE-40GB
mmgnn-raw-logit-v2-20260918,19,fedavg_proto,client_1,val,logits,0.9036801453884598,True,1,204,cuda:0,1.8.1,confirmation,False,3.8.20,0.6.1,2022.09.5,11.1,NVIDIA A100-PCIE-40GB
mmgnn-raw-logit-v2-20260918,19,fedavg_proto,client_1,val,probabilities,0.9039073148568832,False,1,204,cuda:0,1.8.1,confirmation,False,3.8.20,0.6.1,2022.09.5,11.1,NVIDIA A100-PCIE-40GB
mmgnn-raw-logit-v2-20260918,19,fedavg_proto,client_1,test,logits,0.9254087599952261,True,1,204,cuda:0,1.8.1,confirmation,False,3.8.20,0.6.1,2022.09.5,11.1,NVIDIA A100-PCIE-40GB
mmgnn-raw-logit-v2-20260918,19,fedavg_proto,client_1,test,probabilities,0.9251700680272108,False,1,204,cuda:0,1.8.1,confirmation,False,3.8.20,0.6.1,2022.09.5,11.1,NVIDIA A100-PCIE-40GB
mmgnn-raw-logit-v2-20260918,19,fedavg_proto,client_2,val,logits,0.9525215810995002,True,1,204,cuda:0,1.8.1,confirmation,False,3.8.20,0.6.1,2022.09.5,11.1,NVIDIA A100-PCIE-40GB
mmgnn-raw-logit-v2-20260918,19,fedavg_proto,client_2,val,probabilities,0.9522944116310769,False,1,204,cuda:0,1.8.1,confirmation,False,3.8.20,0.6.1,2022.09.5,11.1,NVIDIA A100-PCIE-40GB
mmgnn-raw-logit-v2-20260918,19,fedavg_proto,client_2,test,logits,0.9392528941401123,True,1,204,cuda:0,1.8.1,confirmation,False,3.8.20,0.6.1,2022.09.5,11.1,NVIDIA A100-PCIE-40GB
mmgnn-raw-logit-v2-20260918,19,fedavg_proto,client_2,test,probabilities,0.9391932211481083,False,1,204,cuda:0,1.8.1,confirmation,False,3.8.20,0.6.1,2022.09.5,11.1,NVIDIA A100-PCIE-40GB
mmgnn-raw-logit-v2-20260918,19,fedavg_proto,client_3,val,logits,0.9352567014993184,True,1,204,cuda:0,1.8.1,confirmation,False,3.8.20,0.6.1,2022.09.5,11.1,NVIDIA A100-PCIE-40GB
mmgnn-raw-logit-v2-20260918,19,fedavg_proto,client_3,val,probabilities,0.9353134938664244,False,1,204,cuda:0,1.8.1,confirmation,False,3.8.20,0.6.1,2022.09.5,11.1,NVIDIA A100-PCIE-40GB
mmgnn-raw-logit-v2-20260918,19,fedavg_proto,client_3,test,logits,0.9508294545888532,True,1,204,cuda:0,1.8.1,confirmation,False,3.8.20,0.6.1,2022.09.5,11.1,NVIDIA A100-PCIE-40GB
mmgnn-raw-logit-v2-20260918,19,fedavg_proto,client_3,test,probabilities,0.950829454588853,False,1,204,cuda:0,1.8.1,confirmation,False,3.8.20,0.6.1,2022.09.5,11.1,NVIDIA A100-PCIE-40GB
mmgnn-raw-logit-v2-20260918,20,fedavg_proto,server,val,logits,0.9471830985915494,True,1,204,cuda:0,1.8.1,confirmation,False,3.8.20,0.6.1,2022.09.5,11.1,NVIDIA A100-PCIE-40GB
mmgnn-raw-logit-v2-20260918,20,fedavg_proto,server,val,probabilities,0.9476374375283962,False,1,204,cuda:0,1.8.1,confirmation,False,3.8.20,0.6.1,2022.09.5,11.1,NVIDIA A100-PCIE-40GB
mmgnn-raw-logit-v2-20260918,20,fedavg_proto,server,test,logits,0.9486812268767156,True,1,204,cuda:0,1.8.1,confirmation,False,3.8.20,0.6.1,2022.09.5,11.1,NVIDIA A100-PCIE-40GB
mmgnn-raw-logit-v2-20260918,20,fedavg_proto,server,test,probabilities,0.9487408998687193,False,1,204,cuda:0,1.8.1,confirmation,False,3.8.20,0.6.1,2022.09.5,11.1,NVIDIA A100-PCIE-40GB
mmgnn-raw-logit-v2-20260918,20,fedavg_proto,client_0,val,logits,0.9409359382099046,True,1,204,cuda:0,1.8.1,confirmation,False,3.8.20,0.6.1,2022.09.5,11.1,NVIDIA A100-PCIE-40GB
mmgnn-raw-logit-v2-20260918,20,fedavg_proto,client_0,val,probabilities,0.9411631076783281,False,1,204,cuda:0,1.8.1,confirmation,False,3.8.20,0.6.1,2022.09.5,11.1,NVIDIA A100-PCIE-40GB
mmgnn-raw-logit-v2-20260918,20,fedavg_proto,client_0,test,logits,0.9313760591956081,True,1,204,cuda:0,1.8.1,confirmation,False,3.8.20,0.6.1,2022.09.5,11.1,NVIDIA A100-PCIE-40GB
mmgnn-raw-logit-v2-20260918,20,fedavg_proto,client_0,test,probabilities,0.9315550781716195,False,1,204,cuda:0,1.8.1,confirmation,False,3.8.20,0.6.1,2022.09.5,11.1,NVIDIA A100-PCIE-40GB
mmgnn-raw-logit-v2-20260918,20,fedavg_proto,client_1,val,logits,0.9212857791912767,True,1,204,cuda:0,1.8.1,confirmation,False,3.8.20,0.6.1,2022.09.5,11.1,NVIDIA A100-PCIE-40GB
mmgnn-raw-logit-v2-20260918,20,fedavg_proto,client_1,val,probabilities,0.9210018173557474,False,1,204,cuda:0,1.8.1,confirmation,False,3.8.20,0.6.1,2022.09.5,11.1,NVIDIA A100-PCIE-40GB
mmgnn-raw-logit-v2-20260918,20,fedavg_proto,client_1,test,logits,0.9110872419143096,True,1,204,cuda:0,1.8.1,confirmation,False,3.8.20,0.6.1,2022.09.5,11.1,NVIDIA A100-PCIE-40GB
mmgnn-raw-logit-v2-20260918,20,fedavg_proto,client_1,test,probabilities,0.9110275689223057,False,1,204,cuda:0,1.8.1,confirmation,False,3.8.20,0.6.1,2022.09.5,11.1,NVIDIA A100-PCIE-40GB
mmgnn-raw-logit-v2-20260918,20,fedavg_proto,client_2,val,logits,0.9387778282598819,True,1,204,cuda:0,1.8.1,confirmation,False,3.8.20,0.6.1,2022.09.5,11.1,NVIDIA A100-PCIE-40GB
mmgnn-raw-logit-v2-20260918,20,fedavg_proto,client_2,val,probabilities,0.9386642435256701,False,1,204,cuda:0,1.8.1,confirmation,False,3.8.20,0.6.1,2022.09.5,11.1,NVIDIA A100-PCIE-40GB
mmgnn-raw-logit-v2-20260918,20,fedavg_proto,client_2,test,logits,0.9377013963480128,True,1,204,cuda:0,1.8.1,confirmation,False,3.8.20,0.6.1,2022.09.5,11.1,NVIDIA A100-PCIE-40GB
mmgnn-raw-logit-v2-20260918,20,fedavg_proto,client_2,test,probabilities,0.937641723356009,False,1,204,cuda:0,1.8.1,confirmation,False,3.8.20,0.6.1,2022.09.5,11.1,NVIDIA A100-PCIE-40GB
mmgnn-raw-logit-v2-20260918,20,fedavg_proto,client_3,val,logits,0.9384370740572466,True,1,204,cuda:0,1.8.1,confirmation,False,3.8.20,0.6.1,2022.09.5,11.1,NVIDIA A100-PCIE-40GB
mmgnn-raw-logit-v2-20260918,20,fedavg_proto,client_3,val,probabilities,0.9379259427532941,False,1,204,cuda:0,1.8.1,confirmation,False,3.8.20,0.6.1,2022.09.5,11.1,NVIDIA A100-PCIE-40GB
mmgnn-raw-logit-v2-20260918,20,fedavg_proto,client_3,test,logits,0.9448621553884712,True,1,204,cuda:0,1.8.1,confirmation,False,3.8.20,0.6.1,2022.09.5,11.1,NVIDIA A100-PCIE-40GB
mmgnn-raw-logit-v2-20260918,20,fedavg_proto,client_3,test,probabilities,0.9448621553884712,False,1,204,cuda:0,1.8.1,confirmation,False,3.8.20,0.6.1,2022.09.5,11.1,NVIDIA A100-PCIE-40GB
mmgnn-raw-logit-v2-20260918,21,fedavg_proto,server,val,logits,0.9429804634257156,True,1,204,cuda:0,1.8.1,confirmation,False,3.8.20,0.6.1,2022.09.5,11.1,NVIDIA A100-PCIE-40GB
mmgnn-raw-logit-v2-20260918,21,fedavg_proto,server,val,probabilities,0.9429236710586097,False,1,204,cuda:0,1.8.1,confirmation,False,3.8.20,0.6.1,2022.09.5,11.1,NVIDIA A100-PCIE-40GB
mmgnn-raw-logit-v2-20260918,21,fedavg_proto,server,test,logits,0.9402076620121732,True,1,204,cuda:0,1.8.1,confirmation,False,3.8.20,0.6.1,2022.09.5,11.1,NVIDIA A100-PCIE-40GB
mmgnn-raw-logit-v2-20260918,21,fedavg_proto,server,test,probabilities,0.9402076620121734,False,1,204,cuda:0,1.8.1,confirmation,False,3.8.20,0.6.1,2022.09.5,11.1,NVIDIA A100-PCIE-40GB
mmgnn-raw-logit-v2-20260918,21,fedavg_proto,client_0,val,logits,0.9426397092230805,True,1,204,cuda:0,1.8.1,confirmation,False,3.8.20,0.6.1,2022.09.5,11.1,NVIDIA A100-PCIE-40GB
mmgnn-raw-logit-v2-20260918,21,fedavg_proto,client_0,val,probabilities,0.9427532939572922,False,1,204,cuda:0,1.8.1,confirmation,False,3.8.20,0.6.1,2022.09.5,11.1,NVIDIA A100-PCIE-40GB
mmgnn-raw-logit-v2-20260918,21,fedavg_proto,client_0,test,logits,0.935672514619883,True,1,204,cuda:0,1.8.1,confirmation,False,3.8.20,0.6.1,2022.09.5,11.1,NVIDIA A100-PCIE-40GB
mmgnn-raw-logit-v2-20260918,21,fedavg_proto,client_0,test,probabilities,0.93531447666786,False,1,204,cuda:0,1.8.1,confirmation,False,3.8.20,0.6.1,2022.09.5,11.1,NVIDIA A100-PCIE-40GB
mmgnn-raw-logit-v2-20260918,21,fedavg_proto,client_1,val,logits,0.9265106769650159,True,1,204,cuda:0,1.8.1,confirmation,False,3.8.20,0.6.1,2022.09.5,11.1,NVIDIA A100-PCIE-40GB
mmgnn-raw-logit-v2-20260918,21,fedavg_proto,client_1,val,probabilities,0.9263970922308042,False,1,204,cuda:0,1.8.1,confirmation,False,3.8.20,0.6.1,2022.09.5,11.1,NVIDIA A100-PCIE-40GB
mmgnn-raw-logit-v2-20260918,21,fedavg_proto,client_1,test,logits,0.9224251103950352,True,1,204,cuda:0,1.8.1,confirmation,False,3.8.20,0.6.1,2022.09.5,11.1,NVIDIA A100-PCIE-40GB
mmgnn-raw-logit-v2-20260918,21,fedavg_proto,client_1,test,probabilities,0.9224251103950352,False,1,204,cuda:0,1.8.1,confirmation,False,3.8.20,0.6.1,2022.09.5,11.1,NVIDIA A100-PCIE-40GB
mmgnn-raw-logit-v2-20260918,21,fedavg_proto,client_2,val,logits,0.943207632894139,True,1,204,cuda:0,1.8.1,confirmation,False,3.8.20,0.6.1,2022.09.5,11.1,NVIDIA A100-PCIE-40GB
mmgnn-raw-logit-v2-20260918,21,fedavg_proto,client_2,val,probabilities,0.9430372557928214,False,1,204,cuda:0,1.8.1,confirmation,False,3.8.20,0.6.1,2022.09.5,11.1,NVIDIA A100-PCIE-40GB
mmgnn-raw-logit-v2-20260918,21,fedavg_proto,client_2,test,logits,0.9252894140112184,True,1,204,cuda:0,1.8.1,confirmation,False,3.8.20,0.6.1,2022.09.5,11.1,NVIDIA A100-PCIE-40GB
mmgnn-raw-logit-v2-20260918,21,fedavg_proto,client_2,test,probabilities,0.9255877789712377,False,1,204,cuda:0,1.8.1,confirmation,False,3.8.20,0.6.1,2022.09.5,11.1,NVIDIA A100-PCIE-40GB
mmgnn-raw-logit-v2-20260918,21,fedavg_proto,client_3,val,logits,0.9358246251703771,True,1,204,cuda:0,1.8.1,confirmation,False,3.8.20,0.6.1,2022.09.5,11.1,NVIDIA A100-PCIE-40GB
mmgnn-raw-logit-v2-20260918,21,fedavg_proto,client_3,val,probabilities,0.9359950022716947,False,1,204,cuda:0,1.8.1,confirmation,False,3.8.20,0.6.1,2022.09.5,11.1,NVIDIA A100-PCIE-40GB
mmgnn-raw-logit-v2-20260918,21,fedavg_proto,client_3,test,logits,0.9440267335004177,True,1,204,cuda:0,1.8.1,confirmation,False,3.8.20,0.6.1,2022.09.5,11.1,NVIDIA A100-PCIE-40GB
mmgnn-raw-logit-v2-20260918,21,fedavg_proto,client_3,test,probabilities,0.9440267335004177,False,1,204,cuda:0,1.8.1,confirmation,False,3.8.20,0.6.1,2022.09.5,11.1,NVIDIA A100-PCIE-40GB
mmgnn-raw-logit-v2-20260918,22,fedavg_proto,server,val,logits,0.9442298955020445,True,1,204,cuda:0,1.8.1,confirmation,False,3.8.20,0.6.1,2022.09.5,11.1,NVIDIA A100-PCIE-40GB
mmgnn-raw-logit-v2-20260918,22,fedavg_proto,server,val,probabilities,0.9444002726033621,False,1,204,cuda:0,1.8.1,confirmation,False,3.8.20,0.6.1,2022.09.5,11.1,NVIDIA A100-PCIE-40GB
mmgnn-raw-logit-v2-20260918,22,fedavg_proto,server,test,logits,0.9409237379162192,True,1,204,cuda:0,1.8.1,confirmation,False,3.8.20,0.6.1,2022.09.5,11.1,NVIDIA A100-PCIE-40GB
mmgnn-raw-logit-v2-20260918,22,fedavg_proto,server,test,probabilities,0.9408640649242153,False,1,204,cuda:0,1.8.1,confirmation,False,3.8.20,0.6.1,2022.09.5,11.1,NVIDIA A100-PCIE-40GB
mmgnn-raw-logit-v2-20260918,22,fedavg_proto,client_0,val,logits,0.9371876419809178,True,1,204,cuda:0,1.8.1,confirmation,False,3.8.20,0.6.1,2022.09.5,11.1,NVIDIA A100-PCIE-40GB
mmgnn-raw-logit-v2-20260918,22,fedavg_proto,client_0,val,probabilities,0.9373012267151295,False,1,204,cuda:0,1.8.1,confirmation,False,3.8.20,0.6.1,2022.09.5,11.1,NVIDIA A100-PCIE-40GB
mmgnn-raw-logit-v2-20260918,22,fedavg_proto,client_0,test,logits,0.9308986752595775,True,1,204,cuda:0,1.8.1,confirmation,False,3.8.20,0.6.1,2022.09.5,11.1,NVIDIA A100-PCIE-40GB
mmgnn-raw-logit-v2-20260918,22,fedavg_proto,client_0,test,probabilities,0.9308390022675737,False,1,204,cuda:0,1.8.1,confirmation,False,3.8.20,0.6.1,2022.09.5,11.1,NVIDIA A100-PCIE-40GB
mmgnn-raw-logit-v2-20260918,22,fedavg_proto,client_1,val,logits,0.932189913675602,True,1,204,cuda:0,1.8.1,confirmation,False,3.8.20,0.6.1,2022.09.5,11.1,NVIDIA A100-PCIE-40GB
mmgnn-raw-logit-v2-20260918,22,fedavg_proto,client_1,val,probabilities,0.9320763289413904,False,1,204,cuda:0,1.8.1,confirmation,False,3.8.20,0.6.1,2022.09.5,11.1,NVIDIA A100-PCIE-40GB
mmgnn-raw-logit-v2-20260918,22,fedavg_proto,client_1,test,logits,0.9192027688268289,True,1,204,cuda:0,1.8.1,confirmation,False,3.8.20,0.6.1,2022.09.5,11.1,NVIDIA A100-PCIE-40GB
mmgnn-raw-logit-v2-20260918,22,fedavg_proto,client_1,test,probabilities,0.9192027688268289,False,1,204,cuda:0,1.8.1,confirmation,False,3.8.20,0.6.1,2022.09.5,11.1,NVIDIA A100-PCIE-40GB
mmgnn-raw-logit-v2-20260918,22,fedavg_proto,client_2,val,logits,0.9305997273966379,True,1,204,cuda:0,1.8.1,confirmation,False,3.8.20,0.6.1,2022.09.5,11.1,NVIDIA A100-PCIE-40GB
mmgnn-raw-logit-v2-20260918,22,fedavg_proto,client_2,val,probabilities,0.9305429350295321,False,1,204,cuda:0,1.8.1,confirmation,False,3.8.20,0.6.1,2022.09.5,11.1,NVIDIA A100-PCIE-40GB
mmgnn-raw-logit-v2-20260918,22,fedavg_proto,client_2,test,logits,0.9332855949397303,True,1,204,cuda:0,1.8.1,confirmation,False,3.8.20,0.6.1,2022.09.5,11.1,NVIDIA A100-PCIE-40GB
mmgnn-raw-logit-v2-20260918,22,fedavg_proto,client_2,test,probabilities,0.9332259219477264,False,1,204,cuda:0,1.8.1,confirmation,False,3.8.20,0.6.1,2022.09.5,11.1,NVIDIA A100-PCIE-40GB
mmgnn-raw-logit-v2-20260918,22,fedavg_proto,client_3,val,logits,0.9426397092230805,True,1,204,cuda:0,1.8.1,confirmation,False,3.8.20,0.6.1,2022.09.5,11.1,NVIDIA A100-PCIE-40GB
mmgnn-raw-logit-v2-20260918,22,fedavg_proto,client_3,val,probabilities,0.9425829168559745,False,1,204,cuda:0,1.8.1,confirmation,False,3.8.20,0.6.1,2022.09.5,11.1,NVIDIA A100-PCIE-40GB
mmgnn-raw-logit-v2-20260918,22,fedavg_proto,client_3,test,logits,0.9482038429406849,True,1,204,cuda:0,1.8.1,confirmation,False,3.8.20,0.6.1,2022.09.5,11.1,NVIDIA A100-PCIE-40GB
mmgnn-raw-logit-v2-20260918,22,fedavg_proto,client_3,test,probabilities,0.948203842940685,False,1,204,cuda:0,1.8.1,confirmation,False,3.8.20,0.6.1,2022.09.5,11.1,NVIDIA A100-PCIE-40GB
mmgnn-raw-logit-v2-20260918,23,fedavg_proto,server,val,logits,0.943661971830986,True,1,204,cuda:0,1.8.1,confirmation,False,3.8.20,0.6.1,2022.09.5,11.1,NVIDIA A100-PCIE-40GB
mmgnn-raw-logit-v2-20260918,23,fedavg_proto,server,val,probabilities,0.9438323489323036,False,1,204,cuda:0,1.8.1,confirmation,False,3.8.20,0.6.1,2022.09.5,11.1,NVIDIA A100-PCIE-40GB
mmgnn-raw-logit-v2-20260918,23,fedavg_proto,server,test,logits,0.9425945816923261,True,1,204,cuda:0,1.8.1,confirmation,False,3.8.20,0.6.1,2022.09.5,11.1,NVIDIA A100-PCIE-40GB
mmgnn-raw-logit-v2-20260918,23,fedavg_proto,server,test,probabilities,0.9426542546843298,False,1,204,cuda:0,1.8.1,confirmation,False,3.8.20,0.6.1,2022.09.5,11.1,NVIDIA A100-PCIE-40GB
mmgnn-raw-logit-v2-20260918,23,fedavg_proto,client_0,val,logits,0.9510449795547479,True,1,204,cuda:0,1.8.1,confirmation,False,3.8.20,0.6.1,2022.09.5,11.1,NVIDIA A100-PCIE-40GB
mmgnn-raw-logit-v2-20260918,23,fedavg_proto,client_0,val,probabilities,0.9509313948205361,False,1,204,cuda:0,1.8.1,confirmation,False,3.8.20,0.6.1,2022.09.5,11.1,NVIDIA A100-PCIE-40GB
mmgnn-raw-logit-v2-20260918,23,fedavg_proto,client_0,test,logits,0.9466523451485858,True,1,204,cuda:0,1.8.1,confirmation,False,3.8.20,0.6.1,2022.09.5,11.1,NVIDIA A100-PCIE-40GB
mmgnn-raw-logit-v2-20260918,23,fedavg_proto,client_0,test,probabilities,0.9466523451485858,False,1,204,cuda:0,1.8.1,confirmation,False,3.8.20,0.6.1,2022.09.5,11.1,NVIDIA A100-PCIE-40GB
mmgnn-raw-logit-v2-20260918,23,fedavg_proto,client_1,val,logits,0.9244661517492049,True,1,204,cuda:0,1.8.1,confirmation,False,3.8.20,0.6.1,2022.09.5,11.1,NVIDIA A100-PCIE-40GB
mmgnn-raw-logit-v2-20260918,23,fedavg_proto,client_1,val,probabilities,0.9246933212176283,False,1,204,cuda:0,1.8.1,confirmation,False,3.8.20,0.6.1,2022.09.5,11.1,NVIDIA A100-PCIE-40GB
mmgnn-raw-logit-v2-20260918,23,fedavg_proto,client_1,test,logits,0.8984365676095,True,1,204,cuda:0,1.8.1,confirmation,False,3.8.20,0.6.1,2022.09.5,11.1,NVIDIA A100-PCIE-40GB
mmgnn-raw-logit-v2-20260918,23,fedavg_proto,client_1,test,probabilities,0.8984365676095,False,1,204,cuda:0,1.8.1,confirmation,False,3.8.20,0.6.1,2022.09.5,11.1,NVIDIA A100-PCIE-40GB
mmgnn-raw-logit-v2-20260918,23,fedavg_proto,client_2,val,logits,0.9382099045888233,True,1,204,cuda:0,1.8.1,confirmation,False,3.8.20,0.6.1,2022.09.5,11.1,NVIDIA A100-PCIE-40GB
mmgnn-raw-logit-v2-20260918,23,fedavg_proto,client_2,val,probabilities,0.9380963198546115,False,1,204,cuda:0,1.8.1,confirmation,False,3.8.20,0.6.1,2022.09.5,11.1,NVIDIA A100-PCIE-40GB
mmgnn-raw-logit-v2-20260918,23,fedavg_proto,client_2,test,logits,0.928392409595417,True,1,204,cuda:0,1.8.1,confirmation,False,3.8.20,0.6.1,2022.09.5,11.1,NVIDIA A100-PCIE-40GB
mmgnn-raw-logit-v2-20260918,23,fedavg_proto,client_2,test,probabilities,0.9279150256593867,False,1,204,cuda:0,1.8.1,confirmation,False,3.8.20,0.6.1,2022.09.5,11.1,NVIDIA A100-PCIE-40GB
mmgnn-raw-logit-v2-20260918,23,fedavg_proto,client_3,val,logits,0.9325306678782372,True,1,204,cuda:0,1.8.1,confirmation,False,3.8.20,0.6.1,2022.09.5,11.1,NVIDIA A100-PCIE-40GB
mmgnn-raw-logit-v2-20260918,23,fedavg_proto,client_3,val,probabilities,0.9327010449795547,False,1,204,cuda:0,1.8.1,confirmation,False,3.8.20,0.6.1,2022.09.5,11.1,NVIDIA A100-PCIE-40GB
mmgnn-raw-logit-v2-20260918,23,fedavg_proto,client_3,test,logits,0.9410430839002267,True,1,204,cuda:0,1.8.1,confirmation,False,3.8.20,0.6.1,2022.09.5,11.1,NVIDIA A100-PCIE-40GB
mmgnn-raw-logit-v2-20260918,23,fedavg_proto,client_3,test,probabilities,0.9411624298842344,False,1,204,cuda:0,1.8.1,confirmation,False,3.8.20,0.6.1,2022.09.5,11.1,NVIDIA A100-PCIE-40GB
mmgnn-raw-logit-v2-20260918,24,fedavg_proto,server,val,logits,0.9421853702862336,True,1,204,cuda:0,1.8.1,confirmation,False,3.8.20,0.6.1,2022.09.5,11.1,NVIDIA A100-PCIE-40GB
mmgnn-raw-logit-v2-20260918,24,fedavg_proto,server,val,probabilities,0.9420717855520219,False,1,204,cuda:0,1.8.1,confirmation,False,3.8.20,0.6.1,2022.09.5,11.1,NVIDIA A100-PCIE-40GB
mmgnn-raw-logit-v2-20260918,24,fedavg_proto,server,test,logits,0.9408043919322114,True,1,204,cuda:0,1.8.1,confirmation,False,3.8.20,0.6.1,2022.09.5,11.1,NVIDIA A100-PCIE-40GB
mmgnn-raw-logit-v2-20260918,24,fedavg_proto,server,test,probabilities,0.9408043919322115,False,1,204,cuda:0,1.8.1,confirmation,False,3.8.20,0.6.1,2022.09.5,11.1,NVIDIA A100-PCIE-40GB
mmgnn-raw-logit-v2-20260918,24,fedavg_proto,client_0,val,logits,0.9215129486597002,True,1,204,cuda:0,1.8.1,confirmation,False,3.8.20,0.6.1,2022.09.5,11.1,NVIDIA A100-PCIE-40GB
mmgnn-raw-logit-v2-20260918,24,fedavg_proto,client_0,val,probabilities,0.9213425715583826,False,1,204,cuda:0,1.8.1,confirmation,False,3.8.20,0.6.1,2022.09.5,11.1,NVIDIA A100-PCIE-40GB
mmgnn-raw-logit-v2-20260918,24,fedavg_proto,client_0,test,logits,0.9424752357083185,True,1,204,cuda:0,1.8.1,confirmation,False,3.8.20,0.6.1,2022.09.5,11.1,NVIDIA A100-PCIE-40GB
mmgnn-raw-logit-v2-20260918,24,fedavg_proto,client_0,test,probabilities,0.9425945816923261,False,1,204,cuda:0,1.8.1,confirmation,False,3.8.20,0.6.1,2022.09.5,11.1,NVIDIA A100-PCIE-40GB
mmgnn-raw-logit-v2-20260918,24,fedavg_proto,client_1,val,logits,0.9249204906860519,True,1,204,cuda:0,1.8.1,confirmation,False,3.8.20,0.6.1,2022.09.5,11.1,NVIDIA A100-PCIE-40GB
mmgnn-raw-logit-v2-20260918,24,fedavg_proto,client_1,val,probabilities,0.9255452067242164,False,1,204,cuda:0,1.8.1,confirmation,False,3.8.20,0.6.1,2022.09.5,11.1,NVIDIA A100-PCIE-40GB
mmgnn-raw-logit-v2-20260918,24,fedavg_proto,client_1,test,logits,0.9186060389067908,True,1,204,cuda:0,1.8.1,confirmation,False,3.8.20,0.6.1,2022.09.5,11.1,NVIDIA A100-PCIE-40GB
mmgnn-raw-logit-v2-20260918,24,fedavg_proto,client_1,test,probabilities,0.9190834228428213,False,1,204,cuda:0,1.8.1,confirmation,False,3.8.20,0.6.1,2022.09.5,11.1,NVIDIA A100-PCIE-40GB
mmgnn-raw-logit-v2-20260918,24,fedavg_proto,client_2,val,logits,0.9412766924125399,True,1,204,cuda:0,1.8.1,confirmation,False,3.8.20,0.6.1,2022.09.5,11.1,NVIDIA A100-PCIE-40GB
mmgnn-raw-logit-v2-20260918,24,fedavg_proto,client_2,val,probabilities,0.9412766924125399,False,1,204,cuda:0,1.8.1,confirmation,False,3.8.20,0.6.1,2022.09.5,11.1,NVIDIA A100-PCIE-40GB
mmgnn-raw-logit-v2-20260918,24,fedavg_proto,client_2,test,logits,0.9334049409237379,True,1,204,cuda:0,1.8.1,confirmation,False,3.8.20,0.6.1,2022.09.5,11.1,NVIDIA A100-PCIE-40GB
mmgnn-raw-logit-v2-20260918,24,fedavg_proto,client_2,test,probabilities,0.9335839598997494,False,1,204,cuda:0,1.8.1,confirmation,False,3.8.20,0.6.1,2022.09.5,11.1,NVIDIA A100-PCIE-40GB
mmgnn-raw-logit-v2-20260918,24,fedavg_proto,client_3,val,logits,0.935824625170377,True,1,204,cuda:0,1.8.1,confirmation,False,3.8.20,0.6.1,2022.09.5,11.1,NVIDIA A100-PCIE-40GB
mmgnn-raw-logit-v2-20260918,24,fedavg_proto,client_3,val,probabilities,0.9361653793730123,False,1,204,cuda:0,1.8.1,confirmation,False,3.8.20,0.6.1,2022.09.5,11.1,NVIDIA A100-PCIE-40GB
mmgnn-raw-logit-v2-20260918,24,fedavg_proto,client_3,test,logits,0.9491586108127462,True,1,204,cuda:0,1.8.1,confirmation,False,3.8.20,0.6.1,2022.09.5,11.1,NVIDIA A100-PCIE-40GB
mmgnn-raw-logit-v2-20260918,24,fedavg_proto,client_3,test,probabilities,0.9491586108127462,False,1,204,cuda:0,1.8.1,confirmation,False,3.8.20,0.6.1,2022.09.5,11.1,NVIDIA A100-PCIE-40GB
mmgnn-raw-logit-v2-20260918,25,fedavg_proto,server,val,logits,0.9351431167651068,True,1,204,cuda:0,1.8.1,confirmation,False,3.8.20,0.6.1,2022.09.5,11.1,NVIDIA A100-PCIE-40GB
mmgnn-raw-logit-v2-20260918,25,fedavg_proto,server,val,probabilities,0.935483870967742,False,1,204,cuda:0,1.8.1,confirmation,False,3.8.20,0.6.1,2022.09.5,11.1,NVIDIA A100-PCIE-40GB
mmgnn-raw-logit-v2-20260918,25,fedavg_proto,server,test,logits,0.9406850459482038,True,1,204,cuda:0,1.8.1,confirmation,False,3.8.20,0.6.1,2022.09.5,11.1,NVIDIA A100-PCIE-40GB
mmgnn-raw-logit-v2-20260918,25,fedavg_proto,server,test,probabilities,0.9404463539801885,False,1,204,cuda:0,1.8.1,confirmation,False,3.8.20,0.6.1,2022.09.5,11.1,NVIDIA A100-PCIE-40GB
mmgnn-raw-logit-v2-20260918,25,fedavg_proto,client_0,val,logits,0.942412539754657,True,1,204,cuda:0,1.8.1,confirmation,False,3.8.20,0.6.1,2022.09.5,11.1,NVIDIA A100-PCIE-40GB
mmgnn-raw-logit-v2-20260918,25,fedavg_proto,client_0,val,probabilities,0.942412539754657,False,1,204,cuda:0,1.8.1,confirmation,False,3.8.20,0.6.1,2022.09.5,11.1,NVIDIA A100-PCIE-40GB
mmgnn-raw-logit-v2-20260918,25,fedavg_proto,client_0,test,logits,0.9404463539801885,True,1,204,cuda:0,1.8.1,confirmation,False,3.8.20,0.6.1,2022.09.5,11.1,NVIDIA A100-PCIE-40GB
mmgnn-raw-logit-v2-20260918,25,fedavg_proto,client_0,test,probabilities,0.9404463539801886,False,1,204,cuda:0,1.8.1,confirmation,False,3.8.20,0.6.1,2022.09.5,11.1,NVIDIA A100-PCIE-40GB
mmgnn-raw-logit-v2-20260918,25,fedavg_proto,client_1,val,logits,0.9070876874148115,True,1,204,cuda:0,1.8.1,confirmation,False,3.8.20,0.6.1,2022.09.5,11.1,NVIDIA A100-PCIE-40GB
mmgnn-raw-logit-v2-20260918,25,fedavg_proto,client_1,val,probabilities,0.9065765561108587,False,1,204,cuda:0,1.8.1,confirmation,False,3.8.20,0.6.1,2022.09.5,11.1,NVIDIA A100-PCIE-40GB
mmgnn-raw-logit-v2-20260918,25,fedavg_proto,client_1,test,logits,0.9266022198353026,True,1,204,cuda:0,1.8.1,confirmation,False,3.8.20,0.6.1,2022.09.5,11.1,NVIDIA A100-PCIE-40GB
mmgnn-raw-logit-v2-20260918,25,fedavg_proto,client_1,test,probabilities,0.9261845088912757,False,1,204,cuda:0,1.8.1,confirmation,False,3.8.20,0.6.1,2022.09.5,11.1,NVIDIA A100-PCIE-40GB
mmgnn-raw-logit-v2-20260918,25,fedavg_proto,client_2,val,logits,0.941617446615175,True,1,204,cuda:0,1.8.1,confirmation,False,3.8.20,0.6.1,2022.09.5,11.1,NVIDIA A100-PCIE-40GB
mmgnn-raw-logit-v2-20260918,25,fedavg_proto,client_2,val,probabilities,0.9418446160835984,False,1,204,cuda:0,1.8.1,confirmation,False,3.8.20,0.6.1,2022.09.5,11.1,NVIDIA A100-PCIE-40GB
mmgnn-raw-logit-v2-20260918,25,fedavg_proto,client_2,test,logits,0.926124835899272,True,1,204,cuda:0,1.8.1,confirmation,False,3.8.20,0.6.1,2022.09.5,11.1,NVIDIA A100-PCIE-40GB
mmgnn-raw-logit-v2-20260918,25,fedavg_proto,client_2,test,probabilities,0.9261845088912759,False,1,204,cuda:0,1.8.1,confirmation,False,3.8.20,0.6.1,2022.09.5,11.1,NVIDIA A100-PCIE-40GB
mmgnn-raw-logit-v2-20260918,25,fedavg_proto,client_3,val,logits,0.9393457519309405,True,1,204,cuda:0,1.8.1,confirmation,False,3.8.20,0.6.1,2022.09.5,11.1,NVIDIA A100-PCIE-40GB
mmgnn-raw-logit-v2-20260918,25,fedavg_proto,client_3,val,probabilities,0.9392889595638346,False,1,204,cuda:0,1.8.1,confirmation,False,3.8.20,0.6.1,2022.09.5,11.1,NVIDIA A100-PCIE-40GB
mmgnn-raw-logit-v2-20260918,25,fedavg_proto,client_3,test,logits,0.9390142021720969,True,1,204,cuda:0,1.8.1,confirmation,False,3.8.20,0.6.1,2022.09.5,11.1,NVIDIA A100-PCIE-40GB
mmgnn-raw-logit-v2-20260918,25,fedavg_proto,client_3,test,probabilities,0.9391932211481083,False,1,204,cuda:0,1.8.1,confirmation,False,3.8.20,0.6.1,2022.09.5,11.1,NVIDIA A100-PCIE-40GB
mmgnn-raw-logit-v2-20260918,26,fedavg_proto,server,val,logits,0.9412766924125399,True,1,204,cuda:0,1.8.1,confirmation,False,3.8.20,0.6.1,2022.09.5,11.1,NVIDIA A100-PCIE-40GB
mmgnn-raw-logit-v2-20260918,26,fedavg_proto,server,val,probabilities,0.9410495229441164,False,1,204,cuda:0,1.8.1,confirmation,False,3.8.20,0.6.1,2022.09.5,11.1,NVIDIA A100-PCIE-40GB
mmgnn-raw-logit-v2-20260918,26,fedavg_proto,server,test,logits,0.9415204678362573,True,1,204,cuda:0,1.8.1,confirmation,False,3.8.20,0.6.1,2022.09.5,11.1,NVIDIA A100-PCIE-40GB
mmgnn-raw-logit-v2-20260918,26,fedavg_proto,server,test,probabilities,0.9414607948442534,False,1,204,cuda:0,1.8.1,confirmation,False,3.8.20,0.6.1,2022.09.5,11.1,NVIDIA A100-PCIE-40GB
mmgnn-raw-logit-v2-20260918,26,fedavg_proto,client_0,val,logits,0.9379827351203999,True,1,204,cuda:0,1.8.1,confirmation,False,3.8.20,0.6.1,2022.09.5,11.1,NVIDIA A100-PCIE-40GB
mmgnn-raw-logit-v2-20260918,26,fedavg_proto,client_0,val,probabilities,0.9379259427532939,False,1,204,cuda:0,1.8.1,confirmation,False,3.8.20,0.6.1,2022.09.5,11.1,NVIDIA A100-PCIE-40GB
mmgnn-raw-logit-v2-20260918,26,fedavg_proto,client_0,test,logits,0.9406850459482039,True,1,204,cuda:0,1.8.1,confirmation,False,3.8.20,0.6.1,2022.09.5,11.1,NVIDIA A100-PCIE-40GB
mmgnn-raw-logit-v2-20260918,26,fedavg_proto,client_0,test,probabilities,0.9406850459482039,False,1,204,cuda:0,1.8.1,confirmation,False,3.8.20,0.6.1,2022.09.5,11.1,NVIDIA A100-PCIE-40GB
mmgnn-raw-logit-v2-20260918,26,fedavg_proto,client_1,val,logits,0.9307133121308496,True,1,204,cuda:0,1.8.1,confirmation,False,3.8.20,0.6.1,2022.09.5,11.1,NVIDIA A100-PCIE-40GB
mmgnn-raw-logit-v2-20260918,26,fedavg_proto,client_1,val,probabilities,0.9306565197637439,False,1,204,cuda:0,1.8.1,confirmation,False,3.8.20,0.6.1,2022.09.5,11.1,NVIDIA A100-PCIE-40GB
mmgnn-raw-logit-v2-20260918,26,fedavg_proto,client_1,test,logits,0.9258861439312567,True,1,204,cuda:0,1.8.1,confirmation,False,3.8.20,0.6.1,2022.09.5,11.1,NVIDIA A100-PCIE-40GB
mmgnn-raw-logit-v2-20260918,26,fedavg_proto,client_1,test,probabilities,0.926124835899272,False,1,204,cuda:0,1.8.1,confirmation,False,3.8.20,0.6.1,2022.09.5,11.1,NVIDIA A100-PCIE-40GB
mmgnn-raw-logit-v2-20260918,26,fedavg_proto,client_2,val,logits,0.9441163107678329,True,1,204,cuda:0,1.8.1,confirmation,False,3.8.20,0.6.1,2022.09.5,11.1,NVIDIA A100-PCIE-40GB
mmgnn-raw-logit-v2-20260918,26,fedavg_proto,client_2,val,probabilities,0.9441163107678328,False,1,204,cuda:0,1.8.1,confirmation,False,3.8.20,0.6.1,2022.09.5,11.1,NVIDIA A100-PCIE-40GB
mmgnn-raw-logit-v2-20260918,26,fedavg_proto,client_2,test,logits,0.9368659744599593,True,1,204,cuda:0,1.8.1,confirmation,False,3.8.20,0.6.1,2022.09.5,11.1,NVIDIA A100-PCIE-40GB
mmgnn-raw-logit-v2-20260918,26,fedavg_proto,client_2,test,probabilities,0.9366869554839479,False,1,204,cuda:0,1.8.1,confirmation,False,3.8.20,0.6.1,2022.09.5,11.1,NVIDIA A100-PCIE-40GB
mmgnn-raw-logit-v2-20260918,26,fedavg_proto,client_3,val,logits,0.935483870967742,True,1,204,cuda:0,1.8.1,confirmation,False,3.8.20,0.6.1,2022.09.5,11.1,NVIDIA A100-PCIE-40GB
mmgnn-raw-logit-v2-20260918,26,fedavg_proto,client_3,val,probabilities,0.935427078600636,False,1,204,cuda:0,1.8.1,confirmation,False,3.8.20,0.6.1,2022.09.5,11.1,NVIDIA A100-PCIE-40GB
mmgnn-raw-logit-v2-20260918,26,fedavg_proto,client_3,test,logits,0.9416398138202648,True,1,204,cuda:0,1.8.1,confirmation,False,3.8.20,0.6.1,2022.09.5,11.1,NVIDIA A100-PCIE-40GB
mmgnn-raw-logit-v2-20260918,26,fedavg_proto,client_3,test,probabilities,0.9415801408282611,False,1,204,cuda:0,1.8.1,confirmation,False,3.8.20,0.6.1,2022.09.5,11.1,NVIDIA A100-PCIE-40GB
mmgnn-raw-logit-v2-20260918,27,fedavg_proto,server,val,logits,0.9386642435256702,True,1,204,cuda:0,1.8.1,confirmation,False,3.8.20,0.6.1,2022.09.5,11.1,NVIDIA A100-PCIE-40GB
mmgnn-raw-logit-v2-20260918,27,fedavg_proto,server,val,probabilities,0.9385506587914585,False,1,204,cuda:0,1.8.1,confirmation,False,3.8.20,0.6.1,2022.09.5,11.1,NVIDIA A100-PCIE-40GB
mmgnn-raw-logit-v2-20260918,27,fedavg_proto,server,test,logits,0.9350757846998449,True,1,204,cuda:0,1.8.1,confirmation,False,3.8.20,0.6.1,2022.09.5,11.1,NVIDIA A100-PCIE-40GB
mmgnn-raw-logit-v2-20260918,27,fedavg_proto,server,test,probabilities,0.9349564387158372,False,1,204,cuda:0,1.8.1,confirmation,False,3.8.20,0.6.1,2022.09.5,11.1,NVIDIA A100-PCIE-40GB
mmgnn-raw-logit-v2-20260918,27,fedavg_proto,client_0,val,logits,0.9338936846887779,True,1,204,cuda:0,1.8.1,confirmation,False,3.8.20,0.6.1,2022.09.5,11.1,NVIDIA A100-PCIE-40GB
mmgnn-raw-logit-v2-20260918,27,fedavg_proto,client_0,val,probabilities,0.934234438891413,False,1,204,cuda:0,1.8.1,confirmation,False,3.8.20,0.6.1,2022.09.5,11.1,NVIDIA A100-PCIE-40GB
mmgnn-raw-logit-v2-20260918,27,fedavg_proto,client_0,test,logits,0.9325695190356844,True,1,204,cuda:0,1.8.1,confirmation,False,3.8.20,0.6.1,2022.09.5,11.1,NVIDIA A100-PCIE-40GB
mmgnn-raw-logit-v2-20260918,27,fedavg_proto,client_0,test,probabilities,0.9327485380116959,False,1,204,cuda:0,1.8.1,confirmation,False,3.8.20,0.6.1,2022.09.5,11.1,NVIDIA A100-PCIE-40GB
mmgnn-raw-logit-v2-20260918,27,fedavg_proto,client_1,val,logits,0.9140163562017264,True,1,204,cuda:0,1.8.1,confirmation,False,3.8.20,0.6.1,2022.09.5,11.1,NVIDIA A100-PCIE-40GB
mmgnn-raw-logit-v2-20260918,27,fedavg_proto,client_1,val,probabilities,0.9143003180372558,False,1,204,cuda:0,1.8.1,confirmation,False,3.8.20,0.6.1,2022.09.5,11.1,NVIDIA A100-PCIE-40GB
mmgnn-raw-logit-v2-20260918,27,fedavg_proto,client_1,test,logits,0.9133548156104547,True,1,204,cuda:0,1.8.1,confirmation,False,3.8.20,0.6.1,2022.09.5,11.1,NVIDIA A100-PCIE-40GB
mmgnn-raw-logit-v2-20260918,27,fedavg_proto,client_1,test,probabilities,0.9129371046664279,False,1,204,cuda:0,1.8.1,confirmation,False,3.8.20,0.6.1,2022.09.5,11.1,NVIDIA A100-PCIE-40GB
mmgnn-raw-logit-v2-20260918,27,fedavg_proto,client_2,val,logits,0.9319627442071786,True,1,204,cuda:0,1.8.1,confirmation,False,3.8.20,0.6.1,2022.09.5,11.1,NVIDIA A100-PCIE-40GB
mmgnn-raw-logit-v2-20260918,27,fedavg_proto,client_2,val,probabilities,0.9318491594729669,False,1,204,cuda:0,1.8.1,confirmation,False,3.8.20,0.6.1,2022.09.5,11.1,NVIDIA A100-PCIE-40GB
mmgnn-raw-logit-v2-20260918,27,fedavg_proto,client_2,test,logits,0.9231411862990809,True,1,204,cuda:0,1.8.1,confirmation,False,3.8.20,0.6.1,2022.09.5,11.1,NVIDIA A100-PCIE-40GB
mmgnn-raw-logit-v2-20260918,27,fedavg_proto,client_2,test,probabilities,0.9230815133070772,False,1,204,cuda:0,1.8.1,confirmation,False,3.8.20,0.6.1,2022.09.5,11.1,NVIDIA A100-PCIE-40GB
mmgnn-raw-logit-v2-20260918,27,fedavg_proto,client_3,val,logits,0.9393457519309405,True,1,204,cuda:0,1.8.1,confirmation,False,3.8.20,0.6.1,2022.09.5,11.1,NVIDIA A100-PCIE-40GB
mmgnn-raw-logit-v2-20260918,27,fedavg_proto,client_3,val,probabilities,0.9392321671967288,False,1,204,cuda:0,1.8.1,confirmation,False,3.8.20,0.6.1,2022.09.5,11.1,NVIDIA A100-PCIE-40GB
mmgnn-raw-logit-v2-20260918,27,fedavg_proto,client_3,test,logits,0.9443847714524406,True,1,204,cuda:0,1.8.1,confirmation,False,3.8.20,0.6.1,2022.09.5,11.1,NVIDIA A100-PCIE-40GB
mmgnn-raw-logit-v2-20260918,27,fedavg_proto,client_3,test,probabilities,0.9443250984604368,False,1,204,cuda:0,1.8.1,confirmation,False,3.8.20,0.6.1,2022.09.5,11.1,NVIDIA A100-PCIE-40GB
mmgnn-raw-logit-v2-20260918,28,fedavg_proto,server,val,logits,0.9459336665152204,True,1,204,cuda:0,1.8.1,confirmation,False,3.8.20,0.6.1,2022.09.5,11.1,NVIDIA A100-PCIE-40GB
mmgnn-raw-logit-v2-20260918,28,fedavg_proto,server,val,probabilities,0.9459904588823261,False,1,204,cuda:0,1.8.1,confirmation,False,3.8.20,0.6.1,2022.09.5,11.1,NVIDIA A100-PCIE-40GB
mmgnn-raw-logit-v2-20260918,28,fedavg_proto,server,test,logits,0.9396109320921351,True,1,204,cuda:0,1.8.1,confirmation,False,3.8.20,0.6.1,2022.09.5,11.1,NVIDIA A100-PCIE-40GB
mmgnn-raw-logit-v2-20260918,28,fedavg_proto,server,test,probabilities,0.9393722401241198,False,1,204,cuda:0,1.8.1,confirmation,False,3.8.20,0.6.1,2022.09.5,11.1,NVIDIA A100-PCIE-40GB
mmgnn-raw-logit-v2-20260918,28,fedavg_proto,client_0,val,logits,0.9466151749204907,True,1,204,cuda:0,1.8.1,confirmation,False,3.8.20,0.6.1,2022.09.5,11.1,NVIDIA A100-PCIE-40GB
mmgnn-raw-logit-v2-20260918,28,fedavg_proto,client_0,val,probabilities,0.9467855520218084,False,1,204,cuda:0,1.8.1,confirmation,False,3.8.20,0.6.1,2022.09.5,11.1,NVIDIA A100-PCIE-40GB
mmgnn-raw-logit-v2-20260918,28,fedavg_proto,client_0,test,logits,0.9388948561880892,True,1,204,cuda:0,1.8.1,confirmation,False,3.8.20,0.6.1,2022.09.5,11.1,NVIDIA A100-PCIE-40GB
mmgnn-raw-logit-v2-20260918,28,fedavg_proto,client_0,test,probabilities,0.9391335481561045,False,1,204,cuda:0,1.8.1,confirmation,False,3.8.20,0.6.1,2022.09.5,11.1,NVIDIA A100-PCIE-40GB
mmgnn-raw-logit-v2-20260918,28,fedavg_proto,client_1,val,logits,0.9243525670149932,True,1,204,cuda:0,1.8.1,confirmation,False,3.8.20,0.6.1,2022.09.5,11.1,NVIDIA A100-PCIE-40GB
mmgnn-raw-logit-v2-20260918,28,fedavg_proto,client_1,val,probabilities,0.924068605179464,False,1,204,cuda:0,1.8.1,confirmation,False,3.8.20,0.6.1,2022.09.5,11.1,NVIDIA A100-PCIE-40GB
mmgnn-raw-logit-v2-20260918,28,fedavg_proto,client_1,test,logits,0.9282730636114095,True,1,204,cuda:0,1.8.1,confirmation,False,3.8.20,0.6.1,2022.09.5,11.1,NVIDIA A100-PCIE-40GB
mmgnn-raw-logit-v2-20260918,28,fedavg_proto,client_1,test,probabilities,0.9285714285714285,False,1,204,cuda:0,1.8.1,confirmation,False,3.8.20,0.6.1,2022.09.5,11.1,NVIDIA A100-PCIE-40GB
mmgnn-raw-logit-v2-20260918,28,fedavg_proto,client_2,val,logits,0.946501590186279,True,1,204,cuda:0,1.8.1,confirmation,False,3.8.20,0.6.1,2022.09.5,11.1,NVIDIA A100-PCIE-40GB
mmgnn-raw-logit-v2-20260918,28,fedavg_proto,client_2,val,probabilities,0.9470695138573375,False,1,204,cuda:0,1.8.1,confirmation,False,3.8.20,0.6.1,2022.09.5,11.1,NVIDIA A100-PCIE-40GB
mmgnn-raw-logit-v2-20260918,28,fedavg_proto,client_2,test,logits,0.9279150256593865,True,1,204,cuda:0,1.8.1,confirmation,False,3.8.20,0.6.1,2022.09.5,11.1,NVIDIA A100-PCIE-40GB
mmgnn-raw-logit-v2-20260918,28,fedavg_proto,client_2,test,probabilities,0.9277956796753788,False,1,204,cuda:0,1.8.1,confirmation,False,3.8.20,0.6.1,2022.09.5,11.1,NVIDIA A100-PCIE-40GB
mmgnn-raw-logit-v2-20260918,28,fedavg_proto,client_3,val,logits,0.9438891412994095,True,1,204,cuda:0,1.8.1,confirmation,False,3.8.20,0.6.1,2022.09.5,11.1,NVIDIA A100-PCIE-40GB
mmgnn-raw-logit-v2-20260918,28,fedavg_proto,client_3,val,probabilities,0.9438891412994094,False,1,204,cuda:0,1.8.1,confirmation,False,3.8.20,0.6.1,2022.09.5,11.1,NVIDIA A100-PCIE-40GB
mmgnn-raw-logit-v2-20260918,28,fedavg_proto,client_3,test,logits,0.946891037116601,True,1,204,cuda:0,1.8.1,confirmation,False,3.8.20,0.6.1,2022.09.5,11.1,NVIDIA A100-PCIE-40GB
mmgnn-raw-logit-v2-20260918,28,fedavg_proto,client_3,test,probabilities,0.9469507101086049,False,1,204,cuda:0,1.8.1,confirmation,False,3.8.20,0.6.1,2022.09.5,11.1,NVIDIA A100-PCIE-40GB
mmgnn-raw-logit-v2-20260918,29,fedavg_proto,server,val,logits,0.9338936846887778,True,1,204,cuda:0,1.8.1,confirmation,False,3.8.20,0.6.1,2022.09.5,11.1,NVIDIA A100-PCIE-40GB
mmgnn-raw-logit-v2-20260918,29,fedavg_proto,server,val,probabilities,0.9338936846887779,False,1,204,cuda:0,1.8.1,confirmation,False,3.8.20,0.6.1,2022.09.5,11.1,NVIDIA A100-PCIE-40GB
mmgnn-raw-logit-v2-20260918,29,fedavg_proto,server,test,logits,0.9403270079961809,True,1,204,cuda:0,1.8.1,confirmation,False,3.8.20,0.6.1,2022.09.5,11.1,NVIDIA A100-PCIE-40GB
mmgnn-raw-logit-v2-20260918,29,fedavg_proto,server,test,probabilities,0.9400883160281658,False,1,204,cuda:0,1.8.1,confirmation,False,3.8.20,0.6.1,2022.09.5,11.1,NVIDIA A100-PCIE-40GB
mmgnn-raw-logit-v2-20260918,29,fedavg_proto,client_0,val,logits,0.9271921853702862,True,1,204,cuda:0,1.8.1,confirmation,False,3.8.20,0.6.1,2022.09.5,11.1,NVIDIA A100-PCIE-40GB
mmgnn-raw-logit-v2-20260918,29,fedavg_proto,client_0,val,probabilities,0.927305770104498,False,1,204,cuda:0,1.8.1,confirmation,False,3.8.20,0.6.1,2022.09.5,11.1,NVIDIA A100-PCIE-40GB
mmgnn-raw-logit-v2-20260918,29,fedavg_proto,client_0,test,logits,0.9429526196443488,True,1,204,cuda:0,1.8.1,confirmation,False,3.8.20,0.6.1,2022.09.5,11.1,NVIDIA A100-PCIE-40GB
mmgnn-raw-logit-v2-20260918,29,fedavg_proto,client_0,test,probabilities,0.942952619644349,False,1,204,cuda:0,1.8.1,confirmation,False,3.8.20,0.6.1,2022.09.5,11.1,NVIDIA A100-PCIE-40GB
mmgnn-raw-logit-v2-20260918,29,fedavg_proto,client_1,val,logits,0.9082235347569286,True,1,204,cuda:0,1.8.1,confirmation,False,3.8.20,0.6.1,2022.09.5,11.1,NVIDIA A100-PCIE-40GB
mmgnn-raw-logit-v2-20260918,29,fedavg_proto,client_1,val,probabilities,0.9077691958200819,False,1,204,cuda:0,1.8.1,confirmation,False,3.8.20,0.6.1,2022.09.5,11.1,NVIDIA A100-PCIE-40GB
mmgnn-raw-logit-v2-20260918,29,fedavg_proto,client_1,test,logits,0.9116839718343478,True,1,204,cuda:0,1.8.1,confirmation,False,3.8.20,0.6.1,2022.09.5,11.1,NVIDIA A100-PCIE-40GB
mmgnn-raw-logit-v2-20260918,29,fedavg_proto,client_1,test,probabilities,0.9114452798663325,False,1,204,cuda:0,1.8.1,confirmation,False,3.8.20,0.6.1,2022.09.5,11.1,NVIDIA A100-PCIE-40GB
mmgnn-raw-logit-v2-20260918,29,fedavg_proto,client_2,val,logits,0.9469559291231258,True,1,204,cuda:0,1.8.1,confirmation,False,3.8.20,0.6.1,2022.09.5,11.1,NVIDIA A100-PCIE-40GB
mmgnn-raw-logit-v2-20260918,29,fedavg_proto,client_2,val,probabilities,0.947296683325761,False,1,204,cuda:0,1.8.1,confirmation,False,3.8.20,0.6.1,2022.09.5,11.1,NVIDIA A100-PCIE-40GB
mmgnn-raw-logit-v2-20260918,29,fedavg_proto,client_2,test,logits,0.9257667979472491,True,1,204,cuda:0,1.8.1,confirmation,False,3.8.20,0.6.1,2022.09.5,11.1,NVIDIA A100-PCIE-40GB
mmgnn-raw-logit-v2-20260918,29,fedavg_proto,client_2,test,probabilities,0.9259458169232606,False,1,204,cuda:0,1.8.1,confirmation,False,3.8.20,0.6.1,2022.09.5,11.1,NVIDIA A100-PCIE-40GB
mmgnn-raw-logit-v2-20260918,29,fedavg_proto,client_3,val,logits,0.9404815992730576,True,1,204,cuda:0,1.8.1,confirmation,False,3.8.20,0.6.1,2022.09.5,11.1,NVIDIA A100-PCIE-40GB
mmgnn-raw-logit-v2-20260918,29,fedavg_proto,client_3,val,probabilities,0.9405383916401636,False,1,204,cuda:0,1.8.1,confirmation,False,3.8.20,0.6.1,2022.09.5,11.1,NVIDIA A100-PCIE-40GB
mmgnn-raw-logit-v2-20260918,29,fedavg_proto,client_3,test,logits,0.9499940327007995,True,1,204,cuda:0,1.8.1,confirmation,False,3.8.20,0.6.1,2022.09.5,11.1,NVIDIA A100-PCIE-40GB
mmgnn-raw-logit-v2-20260918,29,fedavg_proto,client_3,test,probabilities,0.9500537056928035,False,1,204,cuda:0,1.8.1,confirmation,False,3.8.20,0.6.1,2022.09.5,11.1,NVIDIA A100-PCIE-40GB
mmgnn-raw-logit-v2-20260918,30,fedavg_proto,server,val,logits,0.9377555656519763,True,1,204,cuda:0,1.8.1,confirmation,False,3.8.20,0.6.1,2022.09.5,11.1,NVIDIA A100-PCIE-40GB
mmgnn-raw-logit-v2-20260918,30,fedavg_proto,server,val,probabilities,0.937925942753294,False,1,204,cuda:0,1.8.1,confirmation,False,3.8.20,0.6.1,2022.09.5,11.1,NVIDIA A100-PCIE-40GB
mmgnn-raw-logit-v2-20260918,30,fedavg_proto,server,test,logits,0.9318534431316386,True,1,204,cuda:0,1.8.1,confirmation,False,3.8.20,0.6.1,2022.09.5,11.1,NVIDIA A100-PCIE-40GB
mmgnn-raw-logit-v2-20260918,30,fedavg_proto,server,test,probabilities,0.9320921350996539,False,1,204,cuda:0,1.8.1,confirmation,False,3.8.20,0.6.1,2022.09.5,11.1,NVIDIA A100-PCIE-40GB
mmgnn-raw-logit-v2-20260918,30,fedavg_proto,client_0,val,logits,0.9360517946388006,True,1,204,cuda:0,1.8.1,confirmation,False,3.8.20,0.6.1,2022.09.5,11.1,NVIDIA A100-PCIE-40GB
mmgnn-raw-logit-v2-20260918,30,fedavg_proto,client_0,val,probabilities,0.9362789641072241,False,1,204,cuda:0,1.8.1,confirmation,False,3.8.20,0.6.1,2022.09.5,11.1,NVIDIA A100-PCIE-40GB
mmgnn-raw-logit-v2-20260918,30,fedavg_proto,client_0,test,logits,0.9405656999641963,True,1,204,cuda:0,1.8.1,confirmation,False,3.8.20,0.6.1,2022.09.5,11.1,NVIDIA A100-PCIE-40GB
mmgnn-raw-logit-v2-20260918,30,fedavg_proto,client_0,test,probabilities,0.939968970044158,False,1,204,cuda:0,1.8.1,confirmation,False,3.8.20,0.6.1,2022.09.5,11.1,NVIDIA A100-PCIE-40GB
mmgnn-raw-logit-v2-20260918,30,fedavg_proto,client_1,val,logits,0.8936846887778283,True,1,204,cuda:0,1.8.1,confirmation,False,3.8.20,0.6.1,2022.09.5,11.1,NVIDIA A100-PCIE-40GB
mmgnn-raw-logit-v2-20260918,30,fedavg_proto,client_1,val,probabilities,0.8936278964107224,False,1,204,cuda:0,1.8.1,confirmation,False,3.8.20,0.6.1,2022.09.5,11.1,NVIDIA A100-PCIE-40GB
mmgnn-raw-logit-v2-20260918,30,fedavg_proto,client_1,test,logits,0.8688387635756056,True,1,204,cuda:0,1.8.1,confirmation,False,3.8.20,0.6.1,2022.09.5,11.1,NVIDIA A100-PCIE-40GB
mmgnn-raw-logit-v2-20260918,30,fedavg_proto,client_1,test,probabilities,0.86937582050364,False,1,204,cuda:0,1.8.1,confirmation,False,3.8.20,0.6.1,2022.09.5,11.1,NVIDIA A100-PCIE-40GB
mmgnn-raw-logit-v2-20260918,30,fedavg_proto,client_2,val,logits,0.9338936846887779,True,1,204,cuda:0,1.8.1,confirmation,False,3.8.20,0.6.1,2022.09.5,11.1,NVIDIA A100-PCIE-40GB
mmgnn-raw-logit-v2-20260918,30,fedavg_proto,client_2,val,probabilities,0.9344048159927306,False,1,204,cuda:0,1.8.1,confirmation,False,3.8.20,0.6.1,2022.09.5,11.1,NVIDIA A100-PCIE-40GB
mmgnn-raw-logit-v2-20260918,30,fedavg_proto,client_2,test,logits,0.9221864184270199,True,1,204,cuda:0,1.8.1,confirmation,False,3.8.20,0.6.1,2022.09.5,11.1,NVIDIA A100-PCIE-40GB
mmgnn-raw-logit-v2-20260918,30,fedavg_proto,client_2,test,probabilities,0.922126745435016,False,1,204,cuda:0,1.8.1,confirmation,False,3.8.20,0.6.1,2022.09.5,11.1,NVIDIA A100-PCIE-40GB
mmgnn-raw-logit-v2-20260918,30,fedavg_proto,client_3,val,logits,0.9422989550204451,True,1,204,cuda:0,1.8.1,confirmation,False,3.8.20,0.6.1,2022.09.5,11.1,NVIDIA A100-PCIE-40GB
mmgnn-raw-logit-v2-20260918,30,fedavg_proto,client_3,val,probabilities,0.9422421626533394,False,1,204,cuda:0,1.8.1,confirmation,False,3.8.20,0.6.1,2022.09.5,11.1,NVIDIA A100-PCIE-40GB
mmgnn-raw-logit-v2-20260918,30,fedavg_proto,client_3,test,logits,0.9429526196443491,True,1,204,cuda:0,1.8.1,confirmation,False,3.8.20,0.6.1,2022.09.5,11.1,NVIDIA A100-PCIE-40GB
mmgnn-raw-logit-v2-20260918,30,fedavg_proto,client_3,test,probabilities,0.9430122926363528,False,1,204,cuda:0,1.8.1,confirmation,False,3.8.20,0.6.1,2022.09.5,11.1,NVIDIA A100-PCIE-40GB
mmgnn-raw-logit-v2-20260918,31,fedavg_proto,server,val,logits,0.9404815992730579,True,1,204,cuda:0,1.8.1,confirmation,False,3.8.20,0.6.1,2022.09.5,11.1,NVIDIA A100-PCIE-40GB
mmgnn-raw-logit-v2-20260918,31,fedavg_proto,server,val,probabilities,0.9405383916401636,False,1,204,cuda:0,1.8.1,confirmation,False,3.8.20,0.6.1,2022.09.5,11.1,NVIDIA A100-PCIE-40GB
mmgnn-raw-logit-v2-20260918,31,fedavg_proto,server,test,logits,0.9374627043799976,True,1,204,cuda:0,1.8.1,confirmation,False,3.8.20,0.6.1,2022.09.5,11.1,NVIDIA A100-PCIE-40GB
mmgnn-raw-logit-v2-20260918,31,fedavg_proto,server,test,probabilities,0.9371643394199783,False,1,204,cuda:0,1.8.1,confirmation,False,3.8.20,0.6.1,2022.09.5,11.1,NVIDIA A100-PCIE-40GB
mmgnn-raw-logit-v2-20260918,31,fedavg_proto,client_0,val,logits,0.9425261244888686,True,1,204,cuda:0,1.8.1,confirmation,False,3.8.20,0.6.1,2022.09.5,11.1,NVIDIA A100-PCIE-40GB
mmgnn-raw-logit-v2-20260918,31,fedavg_proto,client_0,val,probabilities,0.942810086324398,False,1,204,cuda:0,1.8.1,confirmation,False,3.8.20,0.6.1,2022.09.5,11.1,NVIDIA A100-PCIE-40GB
mmgnn-raw-logit-v2-20260918,31,fedavg_proto,client_0,test,logits,0.9362692445399213,True,1,204,cuda:0,1.8.1,confirmation,False,3.8.20,0.6.1,2022.09.5,11.1,NVIDIA A100-PCIE-40GB
mmgnn-raw-logit-v2-20260918,31,fedavg_proto,client_0,test,probabilities,0.9362692445399212,False,1,204,cuda:0,1.8.1,confirmation,False,3.8.20,0.6.1,2022.09.5,11.1,NVIDIA A100-PCIE-40GB
mmgnn-raw-logit-v2-20260918,31,fedavg_proto,client_1,val,logits,0.9267378464334394,True,1,204,cuda:0,1.8.1,confirmation,False,3.8.20,0.6.1,2022.09.5,11.1,NVIDIA A100-PCIE-40GB
mmgnn-raw-logit-v2-20260918,31,fedavg_proto,client_1,val,probabilities,0.9267378464334394,False,1,204,cuda:0,1.8.1,confirmation,False,3.8.20,0.6.1,2022.09.5,11.1,NVIDIA A100-PCIE-40GB
mmgnn-raw-logit-v2-20260918,31,fedavg_proto,client_1,test,logits,0.9285117555794247,True,1,204,cuda:0,1.8.1,confirmation,False,3.8.20,0.6.1,2022.09.5,11.1,NVIDIA A100-PCIE-40GB
mmgnn-raw-logit-v2-20260918,31,fedavg_proto,client_1,test,probabilities,0.928094044635398,False,1,204,cuda:0,1.8.1,confirmation,False,3.8.20,0.6.1,2022.09.5,11.1,NVIDIA A100-PCIE-40GB
mmgnn-raw-logit-v2-20260918,31,fedavg_proto,client_2,val,logits,0.9409359382099046,True,1,204,cuda:0,1.8.1,confirmation,False,3.8.20,0.6.1,2022.09.5,11.1,NVIDIA A100-PCIE-40GB
mmgnn-raw-logit-v2-20260918,31,fedavg_proto,client_2,val,probabilities,0.9415606542480691,False,1,204,cuda:0,1.8.1,confirmation,False,3.8.20,0.6.1,2022.09.5,11.1,NVIDIA A100-PCIE-40GB
mmgnn-raw-logit-v2-20260918,31,fedavg_proto,client_2,test,logits,0.9312567132116004,True,1,204,cuda:0,1.8.1,confirmation,False,3.8.20,0.6.1,2022.09.5,11.1,NVIDIA A100-PCIE-40GB
mmgnn-raw-logit-v2-20260918,31,fedavg_proto,client_2,test,probabilities,0.9312567132116004,False,1,204,cuda:0,1.8.1,confirmation,False,3.8.20,0.6.1,2022.09.5,11.1,NVIDIA A100-PCIE-40GB
mmgnn-raw-logit-v2-20260918,31,fedavg_proto,client_3,val,logits,0.9377555656519765,True,1,204,cuda:0,1.8.1,confirmation,False,3.8.20,0.6.1,2022.09.5,11.1,NVIDIA A100-PCIE-40GB
mmgnn-raw-logit-v2-20260918,31,fedavg_proto,client_3,val,probabilities,0.9378123580190824,False,1,204,cuda:0,1.8.1,confirmation,False,3.8.20,0.6.1,2022.09.5,11.1,NVIDIA A100-PCIE-40GB
mmgnn-raw-logit-v2-20260918,31,fedavg_proto,client_3,test,logits,0.9421171977562954,True,1,204,cuda:0,1.8.1,confirmation,False,3.8.20,0.6.1,2022.09.5,11.1,NVIDIA A100-PCIE-40GB
mmgnn-raw-logit-v2-20260918,31,fedavg_proto,client_3,test,probabilities,0.9419978517722878,False,1,204,cuda:0,1.8.1,confirmation,False,3.8.20,0.6.1,2022.09.5,11.1,NVIDIA A100-PCIE-40GB
mmgnn-raw-logit-v2-20260918,32,fedavg_proto,server,val,logits,0.9399136756019991,True,1,204,cuda:0,1.8.1,confirmation,False,3.8.20,0.6.1,2022.09.5,11.1,NVIDIA A100-PCIE-40GB
mmgnn-raw-logit-v2-20260918,32,fedavg_proto,server,val,probabilities,0.9398568832348931,False,1,204,cuda:0,1.8.1,confirmation,False,3.8.20,0.6.1,2022.09.5,11.1,NVIDIA A100-PCIE-40GB
mmgnn-raw-logit-v2-20260918,32,fedavg_proto,server,test,logits,0.9277956796753788,True,1,204,cuda:0,1.8.1,confirmation,False,3.8.20,0.6.1,2022.09.5,11.1,NVIDIA A100-PCIE-40GB
mmgnn-raw-logit-v2-20260918,32,fedavg_proto,server,test,probabilities,0.9275569877073636,False,1,204,cuda:0,1.8.1,confirmation,False,3.8.20,0.6.1,2022.09.5,11.1,NVIDIA A100-PCIE-40GB
mmgnn-raw-logit-v2-20260918,32,fedavg_proto,client_0,val,logits,0.9418446160835983,True,1,204,cuda:0,1.8.1,confirmation,False,3.8.20,0.6.1,2022.09.5,11.1,NVIDIA A100-PCIE-40GB
mmgnn-raw-logit-v2-20260918,32,fedavg_proto,client_0,val,probabilities,0.9421285779191277,False,1,204,cuda:0,1.8.1,confirmation,False,3.8.20,0.6.1,2022.09.5,11.1,NVIDIA A100-PCIE-40GB
mmgnn-raw-logit-v2-20260918,32,fedavg_proto,client_0,test,logits,0.9387755102040816,True,1,204,cuda:0,1.8.1,confirmation,False,3.8.20,0.6.1,2022.09.5,11.1,NVIDIA A100-PCIE-40GB
mmgnn-raw-logit-v2-20260918,32,fedavg_proto,client_0,test,probabilities,0.9388351831960855,False,1,204,cuda:0,1.8.1,confirmation,False,3.8.20,0.6.1,2022.09.5,11.1,NVIDIA A100-PCIE-40GB
mmgnn-raw-logit-v2-20260918,32,fedavg_proto,client_1,val,logits,0.9192412539754656,True,1,204,cuda:0,1.8.1,confirmation,False,3.8.20,0.6.1,2022.09.5,11.1,NVIDIA A100-PCIE-40GB
mmgnn-raw-logit-v2-20260918,32,fedavg_proto,client_1,val,probabilities,0.9195820081781009,False,1,204,cuda:0,1.8.1,confirmation,False,3.8.20,0.6.1,2022.09.5,11.1,NVIDIA A100-PCIE-40GB
mmgnn-raw-logit-v2-20260918,32,fedavg_proto,client_1,test,logits,0.9183673469387755,True,1,204,cuda:0,1.8.1,confirmation,False,3.8.20,0.6.1,2022.09.5,11.1,NVIDIA A100-PCIE-40GB
mmgnn-raw-logit-v2-20260918,32,fedavg_proto,client_1,test,probabilities,0.9177706170187374,False,1,204,cuda:0,1.8.1,confirmation,False,3.8.20,0.6.1,2022.09.5,11.1,NVIDIA A100-PCIE-40GB
mmgnn-raw-logit-v2-20260918,32,fedavg_proto,client_2,val,logits,0.9382099045888233,True,1,204,cuda:0,1.8.1,confirmation,False,3.8.20,0.6.1,2022.09.5,11.1,NVIDIA A100-PCIE-40GB
mmgnn-raw-logit-v2-20260918,32,fedavg_proto,client_2,val,probabilities,0.9382666969559292,False,1,204,cuda:0,1.8.1,confirmation,False,3.8.20,0.6.1,2022.09.5,11.1,NVIDIA A100-PCIE-40GB
mmgnn-raw-logit-v2-20260918,32,fedavg_proto,client_2,test,logits,0.9220670724430123,True,1,204,cuda:0,1.8.1,confirmation,False,3.8.20,0.6.1,2022.09.5,11.1,NVIDIA A100-PCIE-40GB
mmgnn-raw-logit-v2-20260918,32,fedavg_proto,client_2,test,probabilities,0.9219477264590047,False,1,204,cuda:0,1.8.1,confirmation,False,3.8.20,0.6.1,2022.09.5,11.1,NVIDIA A100-PCIE-40GB
mmgnn-raw-logit-v2-20260918,32,fedavg_proto,client_3,val,logits,0.9398000908677874,True,1,204,cuda:0,1.8.1,confirmation,False,3.8.20,0.6.1,2022.09.5,11.1,NVIDIA A100-PCIE-40GB
mmgnn-raw-logit-v2-20260918,32,fedavg_proto,client_3,val,probabilities,0.939970467969105,False,1,204,cuda:0,1.8.1,confirmation,False,3.8.20,0.6.1,2022.09.5,11.1,NVIDIA A100-PCIE-40GB
mmgnn-raw-logit-v2-20260918,32,fedavg_proto,client_3,test,logits,0.9384174722520588,True,1,204,cuda:0,1.8.1,confirmation,False,3.8.20,0.6.1,2022.09.5,11.1,NVIDIA A100-PCIE-40GB
mmgnn-raw-logit-v2-20260918,32,fedavg_proto,client_3,test,probabilities,0.9384174722520587,False,1,204,cuda:0,1.8.1,confirmation,False,3.8.20,0.6.1,2022.09.5,11.1,NVIDIA A100-PCIE-40GB
mmgnn-raw-logit-v2-20260918,33,fedavg_proto,server,val,logits,0.926056338028169,True,1,204,cuda:0,1.8.1,confirmation,False,3.8.20,0.6.1,2022.09.5,11.1,NVIDIA A100-PCIE-40GB
mmgnn-raw-logit-v2-20260918,33,fedavg_proto,server,val,probabilities,0.9263970922308041,False,1,204,cuda:0,1.8.1,confirmation,False,3.8.20,0.6.1,2022.09.5,11.1,NVIDIA A100-PCIE-40GB
mmgnn-raw-logit-v2-20260918,33,fedavg_proto,server,test,logits,0.9334049409237379,True,1,204,cuda:0,1.8.1,confirmation,False,3.8.20,0.6.1,2022.09.5,11.1,NVIDIA A100-PCIE-40GB
mmgnn-raw-logit-v2-20260918,33,fedavg_proto,server,test,probabilities,0.9328678839957034,False,1,204,cuda:0,1.8.1,confirmation,False,3.8.20,0.6.1,2022.09.5,11.1,NVIDIA A100-PCIE-40GB
mmgnn-raw-logit-v2-20260918,33,fedavg_proto,client_0,val,logits,0.9200363471149478,True,1,204,cuda:0,1.8.1,confirmation,False,3.8.20,0.6.1,2022.09.5,11.1,NVIDIA A100-PCIE-40GB
mmgnn-raw-logit-v2-20260918,33,fedavg_proto,client_0,val,probabilities,0.9202635165833712,False,1,204,cuda:0,1.8.1,confirmation,False,3.8.20,0.6.1,2022.09.5,11.1,NVIDIA A100-PCIE-40GB
mmgnn-raw-logit-v2-20260918,33,fedavg_proto,client_0,test,logits,0.9342403628117915,True,1,204,cuda:0,1.8.1,confirmation,False,3.8.20,0.6.1,2022.09.5,11.1,NVIDIA A100-PCIE-40GB
mmgnn-raw-logit-v2-20260918,33,fedavg_proto,client_0,test,probabilities,0.933703305883757,False,1,204,cuda:0,1.8.1,confirmation,False,3.8.20,0.6.1,2022.09.5,11.1,NVIDIA A100-PCIE-40GB
mmgnn-raw-logit-v2-20260918,33,fedavg_proto,client_1,val,logits,0.9097001363016811,True,1,204,cuda:0,1.8.1,confirmation,False,3.8.20,0.6.1,2022.09.5,11.1,NVIDIA A100-PCIE-40GB
mmgnn-raw-logit-v2-20260918,33,fedavg_proto,client_1,val,probabilities,0.909700136301681,False,1,204,cuda:0,1.8.1,confirmation,False,3.8.20,0.6.1,2022.09.5,11.1,NVIDIA A100-PCIE-40GB
mmgnn-raw-logit-v2-20260918,33,fedavg_proto,client_1,test,logits,0.9258861439312568,True,1,204,cuda:0,1.8.1,confirmation,False,3.8.20,0.6.1,2022.09.5,11.1,NVIDIA A100-PCIE-40GB
mmgnn-raw-logit-v2-20260918,33,fedavg_proto,client_1,test,probabilities,0.9266022198353024,False,1,204,cuda:0,1.8.1,confirmation,False,3.8.20,0.6.1,2022.09.5,11.1,NVIDIA A100-PCIE-40GB
mmgnn-raw-logit-v2-20260918,33,fedavg_proto,client_2,val,logits,0.9310540663334848,True,1,204,cuda:0,1.8.1,confirmation,False,3.8.20,0.6.1,2022.09.5,11.1,NVIDIA A100-PCIE-40GB
mmgnn-raw-logit-v2-20260918,33,fedavg_proto,client_2,val,probabilities,0.9315651976374375,False,1,204,cuda:0,1.8.1,confirmation,False,3.8.20,0.6.1,2022.09.5,11.1,NVIDIA A100-PCIE-40GB
mmgnn-raw-logit-v2-20260918,33,fedavg_proto,client_2,test,logits,0.9015395631936984,True,1,204,cuda:0,1.8.1,confirmation,False,3.8.20,0.6.1,2022.09.5,11.1,NVIDIA A100-PCIE-40GB
mmgnn-raw-logit-v2-20260918,33,fedavg_proto,client_2,test,probabilities,0.9015395631936984,False,1,204,cuda:0,1.8.1,confirmation,False,3.8.20,0.6.1,2022.09.5,11.1,NVIDIA A100-PCIE-40GB
mmgnn-raw-logit-v2-20260918,33,fedavg_proto,client_3,val,logits,0.9400272603362108,True,1,204,cuda:0,1.8.1,confirmation,False,3.8.20,0.6.1,2022.09.5,11.1,NVIDIA A100-PCIE-40GB
mmgnn-raw-logit-v2-20260918,33,fedavg_proto,client_3,val,probabilities,0.9404248069059518,False,1,204,cuda:0,1.8.1,confirmation,False,3.8.20,0.6.1,2022.09.5,11.1,NVIDIA A100-PCIE-40GB
mmgnn-raw-logit-v2-20260918,33,fedavg_proto,client_3,test,logits,0.9343597087957991,True,1,204,cuda:0,1.8.1,confirmation,False,3.8.20,0.6.1,2022.09.5,11.1,NVIDIA A100-PCIE-40GB
mmgnn-raw-logit-v2-20260918,33,fedavg_proto,client_3,test,probabilities,0.9346580737558181,False,1,204,cuda:0,1.8.1,confirmation,False,3.8.20,0.6.1,2022.09.5,11.1,NVIDIA A100-PCIE-40GB
mmgnn-raw-logit-v2-20260918,34,fedavg_proto,server,val,logits,0.9379827351203999,True,1,204,cuda:0,1.8.1,confirmation,False,3.8.20,0.6.1,2022.09.5,11.1,NVIDIA A100-PCIE-40GB
mmgnn-raw-logit-v2-20260918,34,fedavg_proto,server,val,probabilities,0.9383802816901409,False,1,204,cuda:0,1.8.1,confirmation,False,3.8.20,0.6.1,2022.09.5,11.1,NVIDIA A100-PCIE-40GB
mmgnn-raw-logit-v2-20260918,34,fedavg_proto,server,test,logits,0.9303019453395394,True,1,204,cuda:0,1.8.1,confirmation,False,3.8.20,0.6.1,2022.09.5,11.1,NVIDIA A100-PCIE-40GB
mmgnn-raw-logit-v2-20260918,34,fedavg_proto,server,test,probabilities,0.9301825993555316,False,1,204,cuda:0,1.8.1,confirmation,False,3.8.20,0.6.1,2022.09.5,11.1,NVIDIA A100-PCIE-40GB
mmgnn-raw-logit-v2-20260918,34,fedavg_proto,client_0,val,logits,0.93139482053612,True,1,204,cuda:0,1.8.1,confirmation,False,3.8.20,0.6.1,2022.09.5,11.1,NVIDIA A100-PCIE-40GB
mmgnn-raw-logit-v2-20260918,34,fedavg_proto,client_0,val,probabilities,0.9319059518400727,False,1,204,cuda:0,1.8.1,confirmation,False,3.8.20,0.6.1,2022.09.5,11.1,NVIDIA A100-PCIE-40GB
mmgnn-raw-logit-v2-20260918,34,fedavg_proto,client_0,test,logits,0.9351951306838525,True,1,204,cuda:0,1.8.1,confirmation,False,3.8.20,0.6.1,2022.09.5,11.1,NVIDIA A100-PCIE-40GB
mmgnn-raw-logit-v2-20260918,34,fedavg_proto,client_0,test,probabilities,0.9355531686358755,False,1,204,cuda:0,1.8.1,confirmation,False,3.8.20,0.6.1,2022.09.5,11.1,NVIDIA A100-PCIE-40GB
mmgnn-raw-logit-v2-20260918,34,fedavg_proto,client_1,val,logits,0.9124261699227624,True,1,204,cuda:0,1.8.1,confirmation,False,3.8.20,0.6.1,2022.09.5,11.1,NVIDIA A100-PCIE-40GB
mmgnn-raw-logit-v2-20260918,34,fedavg_proto,client_1,val,probabilities,0.9129940935938209,False,1,204,cuda:0,1.8.1,confirmation,False,3.8.20,0.6.1,2022.09.5,11.1,NVIDIA A100-PCIE-40GB
mmgnn-raw-logit-v2-20260918,34,fedavg_proto,client_1,test,logits,0.9176512710347298,True,1,204,cuda:0,1.8.1,confirmation,False,3.8.20,0.6.1,2022.09.5,11.1,NVIDIA A100-PCIE-40GB
mmgnn-raw-logit-v2-20260918,34,fedavg_proto,client_1,test,probabilities,0.9172932330827068,False,1,204,cuda:0,1.8.1,confirmation,False,3.8.20,0.6.1,2022.09.5,11.1,NVIDIA A100-PCIE-40GB
mmgnn-raw-logit-v2-20260918,34,fedavg_proto,client_2,val,logits,0.9303725579282145,True,1,204,cuda:0,1.8.1,confirmation,False,3.8.20,0.6.1,2022.09.5,11.1,NVIDIA A100-PCIE-40GB
mmgnn-raw-logit-v2-20260918,34,fedavg_proto,client_2,val,probabilities,0.9311108587005907,False,1,204,cuda:0,1.8.1,confirmation,False,3.8.20,0.6.1,2022.09.5,11.1,NVIDIA A100-PCIE-40GB
mmgnn-raw-logit-v2-20260918,34,fedavg_proto,client_2,test,logits,0.9245733381071726,True,1,204,cuda:0,1.8.1,confirmation,False,3.8.20,0.6.1,2022.09.5,11.1,NVIDIA A100-PCIE-40GB
mmgnn-raw-logit-v2-20260918,34,fedavg_proto,client_2,test,probabilities,0.9242749731471535,False,1,204,cuda:0,1.8.1,confirmation,False,3.8.20,0.6.1,2022.09.5,11.1,NVIDIA A100-PCIE-40GB
mmgnn-raw-logit-v2-20260918,34,fedavg_proto,client_3,val,logits,0.9379827351203998,True,1,204,cuda:0,1.8.1,confirmation,False,3.8.20,0.6.1,2022.09.5,11.1,NVIDIA A100-PCIE-40GB
mmgnn-raw-logit-v2-20260918,34,fedavg_proto,client_3,val,probabilities,0.9382666969559291,False,1,204,cuda:0,1.8.1,confirmation,False,3.8.20,0.6.1,2022.09.5,11.1,NVIDIA A100-PCIE-40GB
mmgnn-raw-logit-v2-20260918,34,fedavg_proto,client_3,test,logits,0.9350757846998449,True,1,204,cuda:0,1.8.1,confirmation,False,3.8.20,0.6.1,2022.09.5,11.1,NVIDIA A100-PCIE-40GB
mmgnn-raw-logit-v2-20260918,34,fedavg_proto,client_3,test,probabilities,0.9350757846998449,False,1,204,cuda:0,1.8.1,confirmation,False,3.8.20,0.6.1,2022.09.5,11.1,NVIDIA A100-PCIE-40GB
mmgnn-raw-logit-v2-20260918,35,fedavg_proto,server,val,logits,0.9390049977283054,True,1,204,cuda:0,1.8.1,confirmation,False,3.8.20,0.6.1,2022.09.5,11.1,NVIDIA A100-PCIE-40GB
mmgnn-raw-logit-v2-20260918,35,fedavg_proto,server,val,probabilities,0.9392889595638346,False,1,204,cuda:0,1.8.1,confirmation,False,3.8.20,0.6.1,2022.09.5,11.1,NVIDIA A100-PCIE-40GB
mmgnn-raw-logit-v2-20260918,35,fedavg_proto,server,test,logits,0.9287504475474401,True,1,204,cuda:0,1.8.1,confirmation,False,3.8.20,0.6.1,2022.09.5,11.1,NVIDIA A100-PCIE-40GB
mmgnn-raw-logit-v2-20260918,35,fedavg_proto,server,test,probabilities,0.9286311015634324,False,1,204,cuda:0,1.8.1,confirmation,False,3.8.20,0.6.1,2022.09.5,11.1,NVIDIA A100-PCIE-40GB
mmgnn-raw-logit-v2-20260918,35,fedavg_proto,client_0,val,logits,0.9405951840072694,True,1,204,cuda:0,1.8.1,confirmation,False,3.8.20,0.6.1,2022.09.5,11.1,NVIDIA A100-PCIE-40GB
mmgnn-raw-logit-v2-20260918,35,fedavg_proto,client_0,val,probabilities,0.9409927305770104,False,1,204,cuda:0,1.8.1,confirmation,False,3.8.20,0.6.1,2022.09.5,11.1,NVIDIA A100-PCIE-40GB
mmgnn-raw-logit-v2-20260918,35,fedavg_proto,client_0,test,logits,0.9343597087957991,True,1,204,cuda:0,1.8.1,confirmation,False,3.8.20,0.6.1,2022.09.5,11.1,NVIDIA A100-PCIE-40GB
mmgnn-raw-logit-v2-20260918,35,fedavg_proto,client_0,test,probabilities,0.9343000358037953,False,1,204,cuda:0,1.8.1,confirmation,False,3.8.20,0.6.1,2022.09.5,11.1,NVIDIA A100-PCIE-40GB
mmgnn-raw-logit-v2-20260918,35,fedavg_proto,client_1,val,logits,0.930940481599273,True,1,204,cuda:0,1.8.1,confirmation,False,3.8.20,0.6.1,2022.09.5,11.1,NVIDIA A100-PCIE-40GB
mmgnn-raw-logit-v2-20260918,35,fedavg_proto,client_1,val,probabilities,0.9315084052703317,False,1,204,cuda:0,1.8.1,confirmation,False,3.8.20,0.6.1,2022.09.5,11.1,NVIDIA A100-PCIE-40GB
mmgnn-raw-logit-v2-20260918,35,fedavg_proto,client_1,test,logits,0.925766797947249,True,1,204,cuda:0,1.8.1,confirmation,False,3.8.20,0.6.1,2022.09.5,11.1,NVIDIA A100-PCIE-40GB
mmgnn-raw-logit-v2-20260918,35,fedavg_proto,client_1,test,probabilities,0.9266618928273064,False,1,204,cuda:0,1.8.1,confirmation,False,3.8.20,0.6.1,2022.09.5,11.1,NVIDIA A100-PCIE-40GB
mmgnn-raw-logit-v2-20260918,35,fedavg_proto,client_2,val,logits,0.9332121762835075,True,1,204,cuda:0,1.8.1,confirmation,False,3.8.20,0.6.1,2022.09.5,11.1,NVIDIA A100-PCIE-40GB
mmgnn-raw-logit-v2-20260918,35,fedavg_proto,client_2,val,probabilities,0.9337233075874602,False,1,204,cuda:0,1.8.1,confirmation,False,3.8.20,0.6.1,2022.09.5,11.1,NVIDIA A100-PCIE-40GB
mmgnn-raw-logit-v2-20260918,35,fedavg_proto,client_2,test,logits,0.9174125790667144,True,1,204,cuda:0,1.8.1,confirmation,False,3.8.20,0.6.1,2022.09.5,11.1,NVIDIA A100-PCIE-40GB
mmgnn-raw-logit-v2-20260918,35,fedavg_proto,client_2,test,probabilities,0.9169351951306839,False,1,204,cuda:0,1.8.1,confirmation,False,3.8.20,0.6.1,2022.09.5,11.1,NVIDIA A100-PCIE-40GB
mmgnn-raw-logit-v2-20260918,35,fedavg_proto,client_3,val,logits,0.9391185824625171,True,1,204,cuda:0,1.8.1,confirmation,False,3.8.20,0.6.1,2022.09.5,11.1,NVIDIA A100-PCIE-40GB
mmgnn-raw-logit-v2-20260918,35,fedavg_proto,client_3,val,probabilities,0.9391753748296229,False,1,204,cuda:0,1.8.1,confirmation,False,3.8.20,0.6.1,2022.09.5,11.1,NVIDIA A100-PCIE-40GB
mmgnn-raw-logit-v2-20260918,35,fedavg_proto,client_3,test,logits,0.9368659744599594,True,1,204,cuda:0,1.8.1,confirmation,False,3.8.20,0.6.1,2022.09.5,11.1,NVIDIA A100-PCIE-40GB
mmgnn-raw-logit-v2-20260918,35,fedavg_proto,client_3,test,probabilities,0.9368063014679556,False,1,204,cuda:0,1.8.1,confirmation,False,3.8.20,0.6.1,2022.09.5,11.1,NVIDIA A100-PCIE-40GB
mmgnn-raw-logit-v2-20260918,36,fedavg_proto,server,val,logits,0.9404815992730576,True,1,204,cuda:0,1.8.1,confirmation,False,3.8.20,0.6.1,2022.09.5,11.1,NVIDIA A100-PCIE-40GB
mmgnn-raw-logit-v2-20260918,36,fedavg_proto,server,val,probabilities,0.9412766924125399,False,1,204,cuda:0,1.8.1,confirmation,False,3.8.20,0.6.1,2022.09.5,11.1,NVIDIA A100-PCIE-40GB
mmgnn-raw-logit-v2-20260918,36,fedavg_proto,server,test,logits,0.931018021243585,True,1,204,cuda:0,1.8.1,confirmation,False,3.8.20,0.6.1,2022.09.5,11.1,NVIDIA A100-PCIE-40GB
mmgnn-raw-logit-v2-20260918,36,fedavg_proto,server,test,probabilities,0.931018021243585,False,1,204,cuda:0,1.8.1,confirmation,False,3.8.20,0.6.1,2022.09.5,11.1,NVIDIA A100-PCIE-40GB
mmgnn-raw-logit-v2-20260918,36,fedavg_proto,client_0,val,logits,0.9441163107678329,True,1,204,cuda:0,1.8.1,confirmation,False,3.8.20,0.6.1,2022.09.5,11.1,NVIDIA A100-PCIE-40GB
mmgnn-raw-logit-v2-20260918,36,fedavg_proto,client_0,val,probabilities,0.944854611540209,False,1,204,cuda:0,1.8.1,confirmation,False,3.8.20,0.6.1,2022.09.5,11.1,NVIDIA A100-PCIE-40GB
mmgnn-raw-logit-v2-20260918,36,fedavg_proto,client_0,test,logits,0.9335242869077455,True,1,204,cuda:0,1.8.1,confirmation,False,3.8.20,0.6.1,2022.09.5,11.1,NVIDIA A100-PCIE-40GB
mmgnn-raw-logit-v2-20260918,36,fedavg_proto,client_0,test,probabilities,0.9332855949397303,False,1,204,cuda:0,1.8.1,confirmation,False,3.8.20,0.6.1,2022.09.5,11.1,NVIDIA A100-PCIE-40GB
mmgnn-raw-logit-v2-20260918,36,fedavg_proto,client_1,val,logits,0.9249204906860519,True,1,204,cuda:0,1.8.1,confirmation,False,3.8.20,0.6.1,2022.09.5,11.1,NVIDIA A100-PCIE-40GB
mmgnn-raw-logit-v2-20260918,36,fedavg_proto,client_1,val,probabilities,0.9236710586097229,False,1,204,cuda:0,1.8.1,confirmation,False,3.8.20,0.6.1,2022.09.5,11.1,NVIDIA A100-PCIE-40GB
mmgnn-raw-logit-v2-20260918,36,fedavg_proto,client_1,test,logits,0.9230218403150734,True,1,204,cuda:0,1.8.1,confirmation,False,3.8.20,0.6.1,2022.09.5,11.1,NVIDIA A100-PCIE-40GB
mmgnn-raw-logit-v2-20260918,36,fedavg_proto,client_1,test,probabilities,0.9219477264590047,False,1,204,cuda:0,1.8.1,confirmation,False,3.8.20,0.6.1,2022.09.5,11.1,NVIDIA A100-PCIE-40GB
mmgnn-raw-logit-v2-20260918,36,fedavg_proto,client_2,val,logits,0.9285552021808269,True,1,204,cuda:0,1.8.1,confirmation,False,3.8.20,0.6.1,2022.09.5,11.1,NVIDIA A100-PCIE-40GB
mmgnn-raw-logit-v2-20260918,36,fedavg_proto,client_2,val,probabilities,0.928895956383462,False,1,204,cuda:0,1.8.1,confirmation,False,3.8.20,0.6.1,2022.09.5,11.1,NVIDIA A100-PCIE-40GB
mmgnn-raw-logit-v2-20260918,36,fedavg_proto,client_2,test,logits,0.9157417352906075,True,1,204,cuda:0,1.8.1,confirmation,False,3.8.20,0.6.1,2022.09.5,11.1,NVIDIA A100-PCIE-40GB
mmgnn-raw-logit-v2-20260918,36,fedavg_proto,client_2,test,probabilities,0.9160401002506265,False,1,204,cuda:0,1.8.1,confirmation,False,3.8.20,0.6.1,2022.09.5,11.1,NVIDIA A100-PCIE-40GB
mmgnn-raw-logit-v2-20260918,36,fedavg_proto,client_3,val,logits,0.9430940481599274,True,1,204,cuda:0,1.8.1,confirmation,False,3.8.20,0.6.1,2022.09.5,11.1,NVIDIA A100-PCIE-40GB
mmgnn-raw-logit-v2-20260918,36,fedavg_proto,client_3,val,probabilities,0.9438323489323036,False,1,204,cuda:0,1.8.1,confirmation,False,3.8.20,0.6.1,2022.09.5,11.1,NVIDIA A100-PCIE-40GB
mmgnn-raw-logit-v2-20260918,36,fedavg_proto,client_3,test,logits,0.9350757846998449,True,1,204,cuda:0,1.8.1,confirmation,False,3.8.20,0.6.1,2022.09.5,11.1,NVIDIA A100-PCIE-40GB
mmgnn-raw-logit-v2-20260918,36,fedavg_proto,client_3,test,probabilities,0.935016111707841,False,1,204,cuda:0,1.8.1,confirmation,False,3.8.20,0.6.1,2022.09.5,11.1,NVIDIA A100-PCIE-40GB
mmgnn-raw-logit-v2-20260918,37,fedavg_proto,server,val,logits,0.9361653793730124,True,1,204,cuda:0,1.8.1,confirmation,False,3.8.20,0.6.1,2022.09.5,11.1,NVIDIA A100-PCIE-40GB
mmgnn-raw-logit-v2-20260918,37,fedavg_proto,server,val,probabilities,0.9367900954111769,False,1,204,cuda:0,1.8.1,confirmation,False,3.8.20,0.6.1,2022.09.5,11.1,NVIDIA A100-PCIE-40GB
mmgnn-raw-logit-v2-20260918,37,fedavg_proto,server,test,logits,0.9289891395154554,True,1,204,cuda:0,1.8.1,confirmation,False,3.8.20,0.6.1,2022.09.5,11.1,NVIDIA A100-PCIE-40GB
mmgnn-raw-logit-v2-20260918,37,fedavg_proto,server,test,probabilities,0.9288697935314477,False,1,204,cuda:0,1.8.1,confirmation,False,3.8.20,0.6.1,2022.09.5,11.1,NVIDIA A100-PCIE-40GB
mmgnn-raw-logit-v2-20260918,37,fedavg_proto,client_0,val,logits,0.9458200817810086,True,1,204,cuda:0,1.8.1,confirmation,False,3.8.20,0.6.1,2022.09.5,11.1,NVIDIA A100-PCIE-40GB
mmgnn-raw-logit-v2-20260918,37,fedavg_proto,client_0,val,probabilities,0.946501590186279,False,1,204,cuda:0,1.8.1,confirmation,False,3.8.20,0.6.1,2022.09.5,11.1,NVIDIA A100-PCIE-40GB
mmgnn-raw-logit-v2-20260918,37,fedavg_proto,client_0,test,logits,0.9319727891156462,True,1,204,cuda:0,1.8.1,confirmation,False,3.8.20,0.6.1,2022.09.5,11.1,NVIDIA A100-PCIE-40GB
mmgnn-raw-logit-v2-20260918,37,fedavg_proto,client_0,test,probabilities,0.9323905000596729,False,1,204,cuda:0,1.8.1,confirmation,False,3.8.20,0.6.1,2022.09.5,11.1,NVIDIA A100-PCIE-40GB
mmgnn-raw-logit-v2-20260918,37,fedavg_proto,client_1,val,logits,0.9196955929123126,True,1,204,cuda:0,1.8.1,confirmation,False,3.8.20,0.6.1,2022.09.5,11.1,NVIDIA A100-PCIE-40GB
mmgnn-raw-logit-v2-20260918,37,fedavg_proto,client_1,val,probabilities,0.9196955929123126,False,1,204,cuda:0,1.8.1,confirmation,False,3.8.20,0.6.1,2022.09.5,11.1,NVIDIA A100-PCIE-40GB
mmgnn-raw-logit-v2-20260918,37,fedavg_proto,client_1,test,logits,0.9196801527628594,True,1,204,cuda:0,1.8.1,confirmation,False,3.8.20,0.6.1,2022.09.5,11.1,NVIDIA A100-PCIE-40GB
mmgnn-raw-logit-v2-20260918,37,fedavg_proto,client_1,test,probabilities,0.9200978637068863,False,1,204,cuda:0,1.8.1,confirmation,False,3.8.20,0.6.1,2022.09.5,11.1,NVIDIA A100-PCIE-40GB
mmgnn-raw-logit-v2-20260918,37,fedavg_proto,client_2,val,logits,0.9263970922308041,True,1,204,cuda:0,1.8.1,confirmation,False,3.8.20,0.6.1,2022.09.5,11.1,NVIDIA A100-PCIE-40GB
mmgnn-raw-logit-v2-20260918,37,fedavg_proto,client_2,val,probabilities,0.9266242616992276,False,1,204,cuda:0,1.8.1,confirmation,False,3.8.20,0.6.1,2022.09.5,11.1,NVIDIA A100-PCIE-40GB
mmgnn-raw-logit-v2-20260918,37,fedavg_proto,client_2,test,logits,0.9165771571786608,True,1,204,cuda:0,1.8.1,confirmation,False,3.8.20,0.6.1,2022.09.5,11.1,NVIDIA A100-PCIE-40GB
mmgnn-raw-logit-v2-20260918,37,fedavg_proto,client_2,test,probabilities,0.9162787922186418,False,1,204,cuda:0,1.8.1,confirmation,False,3.8.20,0.6.1,2022.09.5,11.1,NVIDIA A100-PCIE-40GB
mmgnn-raw-logit-v2-20260918,37,fedavg_proto,client_3,val,logits,0.9369604725124943,True,1,204,cuda:0,1.8.1,confirmation,False,3.8.20,0.6.1,2022.09.5,11.1,NVIDIA A100-PCIE-40GB
mmgnn-raw-logit-v2-20260918,37,fedavg_proto,client_3,val,probabilities,0.9375851885506589,False,1,204,cuda:0,1.8.1,confirmation,False,3.8.20,0.6.1,2022.09.5,11.1,NVIDIA A100-PCIE-40GB
mmgnn-raw-logit-v2-20260918,37,fedavg_proto,client_3,test,logits,0.9378207423320204,True,1,204,cuda:0,1.8.1,confirmation,False,3.8.20,0.6.1,2022.09.5,11.1,NVIDIA A100-PCIE-40GB
mmgnn-raw-logit-v2-20260918,37,fedavg_proto,client_3,test,probabilities,0.9375820503640051,False,1,204,cuda:0,1.8.1,confirmation,False,3.8.20,0.6.1,2022.09.5,11.1,NVIDIA A100-PCIE-40GB
mmgnn-raw-logit-v2-20260918,38,fedavg_proto,server,val,logits,0.9368468877782825,True,1,204,cuda:0,1.8.1,confirmation,False,3.8.20,0.6.1,2022.09.5,11.1,NVIDIA A100-PCIE-40GB
mmgnn-raw-logit-v2-20260918,38,fedavg_proto,server,val,probabilities,0.937925942753294,False,1,204,cuda:0,1.8.1,confirmation,False,3.8.20,0.6.1,2022.09.5,11.1,NVIDIA A100-PCIE-40GB
mmgnn-raw-logit-v2-20260918,38,fedavg_proto,server,test,logits,0.9255281059792339,True,1,204,cuda:0,1.8.1,confirmation,False,3.8.20,0.6.1,2022.09.5,11.1,NVIDIA A100-PCIE-40GB
mmgnn-raw-logit-v2-20260918,38,fedavg_proto,server,test,probabilities,0.9261248358992721,False,1,204,cuda:0,1.8.1,confirmation,False,3.8.20,0.6.1,2022.09.5,11.1,NVIDIA A100-PCIE-40GB
mmgnn-raw-logit-v2-20260918,38,fedavg_proto,client_0,val,logits,0.936278964107224,True,1,204,cuda:0,1.8.1,confirmation,False,3.8.20,0.6.1,2022.09.5,11.1,NVIDIA A100-PCIE-40GB
mmgnn-raw-logit-v2-20260918,38,fedavg_proto,client_0,val,probabilities,0.9369604725124944,False,1,204,cuda:0,1.8.1,confirmation,False,3.8.20,0.6.1,2022.09.5,11.1,NVIDIA A100-PCIE-40GB
mmgnn-raw-logit-v2-20260918,38,fedavg_proto,client_0,test,logits,0.92875044754744,True,1,204,cuda:0,1.8.1,confirmation,False,3.8.20,0.6.1,2022.09.5,11.1,NVIDIA A100-PCIE-40GB
mmgnn-raw-logit-v2-20260918,38,fedavg_proto,client_0,test,probabilities,0.929705215419501,False,1,204,cuda:0,1.8.1,confirmation,False,3.8.20,0.6.1,2022.09.5,11.1,NVIDIA A100-PCIE-40GB
mmgnn-raw-logit-v2-20260918,38,fedavg_proto,client_1,val,logits,0.924011812812358,True,1,204,cuda:0,1.8.1,confirmation,False,3.8.20,0.6.1,2022.09.5,11.1,NVIDIA A100-PCIE-40GB
mmgnn-raw-logit-v2-20260918,38,fedavg_proto,client_1,val,probabilities,0.9223648341662881,False,1,204,cuda:0,1.8.1,confirmation,False,3.8.20,0.6.1,2022.09.5,11.1,NVIDIA A100-PCIE-40GB
mmgnn-raw-logit-v2-20260918,38,fedavg_proto,client_1,test,logits,0.9231411862990812,True,1,204,cuda:0,1.8.1,confirmation,False,3.8.20,0.6.1,2022.09.5,11.1,NVIDIA A100-PCIE-40GB
mmgnn-raw-logit-v2-20260918,38,fedavg_proto,client_1,test,probabilities,0.9240959541711421,False,1,204,cuda:0,1.8.1,confirmation,False,3.8.20,0.6.1,2022.09.5,11.1,NVIDIA A100-PCIE-40GB
mmgnn-raw-logit-v2-20260918,38,fedavg_proto,client_2,val,logits,0.9284416174466151,True,1,204,cuda:0,1.8.1,confirmation,False,3.8.20,0.6.1,2022.09.5,11.1,NVIDIA A100-PCIE-40GB
mmgnn-raw-logit-v2-20260918,38,fedavg_proto,client_2,val,probabilities,0.9286687869150387,False,1,204,cuda:0,1.8.1,confirmation,False,3.8.20,0.6.1,2022.09.5,11.1,NVIDIA A100-PCIE-40GB
mmgnn-raw-logit-v2-20260918,38,fedavg_proto,client_2,test,logits,0.9151450053705693,True,1,204,cuda:0,1.8.1,confirmation,False,3.8.20,0.6.1,2022.09.5,11.1,NVIDIA A100-PCIE-40GB
mmgnn-raw-logit-v2-20260918,38,fedavg_proto,client_2,test,probabilities,0.9153240243465808,False,1,204,cuda:0,1.8.1,confirmation,False,3.8.20,0.6.1,2022.09.5,11.1,NVIDIA A100-PCIE-40GB
mmgnn-raw-logit-v2-20260918,38,fedavg_proto,client_3,val,logits,0.9385506587914584,True,1,204,cuda:0,1.8.1,confirmation,False,3.8.20,0.6.1,2022.09.5,11.1,NVIDIA A100-PCIE-40GB
mmgnn-raw-logit-v2-20260918,38,fedavg_proto,client_3,val,probabilities,0.9392889595638346,False,1,204,cuda:0,1.8.1,confirmation,False,3.8.20,0.6.1,2022.09.5,11.1,NVIDIA A100-PCIE-40GB
mmgnn-raw-logit-v2-20260918,38,fedavg_proto,client_3,test,logits,0.9301825993555317,True,1,204,cuda:0,1.8.1,confirmation,False,3.8.20,0.6.1,2022.09.5,11.1,NVIDIA A100-PCIE-40GB
mmgnn-raw-logit-v2-20260918,38,fedavg_proto,client_3,test,probabilities,0.9293471774674782,False,1,204,cuda:0,1.8.1,confirmation,False,3.8.20,0.6.1,2022.09.5,11.1,NVIDIA A100-PCIE-40GB
mmgnn-raw-logit-v2-20260918,39,fedavg_proto,server,val,logits,0.936619718309859,True,1,204,cuda:0,1.8.1,confirmation,False,3.8.20,0.6.1,2022.09.5,11.1,NVIDIA A100-PCIE-40GB
mmgnn-raw-logit-v2-20260918,39,fedavg_proto,server,val,probabilities,0.9369036801453885,False,1,204,cuda:0,1.8.1,confirmation,False,3.8.20,0.6.1,2022.09.5,11.1,NVIDIA A100-PCIE-40GB
mmgnn-raw-logit-v2-20260918,39,fedavg_proto,server,test,logits,0.920515574650913,True,1,204,cuda:0,1.8.1,confirmation,False,3.8.20,0.6.1,2022.09.5,11.1,NVIDIA A100-PCIE-40GB
mmgnn-raw-logit-v2-20260918,39,fedavg_proto,server,test,probabilities,0.9206945936269245,False,1,204,cuda:0,1.8.1,confirmation,False,3.8.20,0.6.1,2022.09.5,11.1,NVIDIA A100-PCIE-40GB
mmgnn-raw-logit-v2-20260918,39,fedavg_proto,client_0,val,logits,0.9438891412994095,True,1,204,cuda:0,1.8.1,confirmation,False,3.8.20,0.6.1,2022.09.5,11.1,NVIDIA A100-PCIE-40GB
mmgnn-raw-logit-v2-20260918,39,fedavg_proto,client_0,val,probabilities,0.9447978191731032,False,1,204,cuda:0,1.8.1,confirmation,False,3.8.20,0.6.1,2022.09.5,11.1,NVIDIA A100-PCIE-40GB
mmgnn-raw-logit-v2-20260918,39,fedavg_proto,client_0,test,logits,0.9307793292755698,True,1,204,cuda:0,1.8.1,confirmation,False,3.8.20,0.6.1,2022.09.5,11.1,NVIDIA A100-PCIE-40GB
mmgnn-raw-logit-v2-20260918,39,fedavg_proto,client_0,test,probabilities,0.9303616183315432,False,1,204,cuda:0,1.8.1,confirmation,False,3.8.20,0.6.1,2022.09.5,11.1,NVIDIA A100-PCIE-40GB
mmgnn-raw-logit-v2-20260918,39,fedavg_proto,client_1,val,logits,0.8980009086778739,True,1,204,cuda:0,1.8.1,confirmation,False,3.8.20,0.6.1,2022.09.5,11.1,NVIDIA A100-PCIE-40GB
mmgnn-raw-logit-v2-20260918,39,fedavg_proto,client_1,val,probabilities,0.8992503407542026,False,1,204,cuda:0,1.8.1,confirmation,False,3.8.20,0.6.1,2022.09.5,11.1,NVIDIA A100-PCIE-40GB
mmgnn-raw-logit-v2-20260918,39,fedavg_proto,client_1,test,logits,0.9076262083780882,True,1,204,cuda:0,1.8.1,confirmation,False,3.8.20,0.6.1,2022.09.5,11.1,NVIDIA A100-PCIE-40GB
mmgnn-raw-logit-v2-20260918,39,fedavg_proto,client_1,test,probabilities,0.9075068623940805,False,1,204,cuda:0,1.8.1,confirmation,False,3.8.20,0.6.1,2022.09.5,11.1,NVIDIA A100-PCIE-40GB
mmgnn-raw-logit-v2-20260918,39,fedavg_proto,client_2,val,logits,0.9307133121308496,True,1,204,cuda:0,1.8.1,confirmation,False,3.8.20,0.6.1,2022.09.5,11.1,NVIDIA A100-PCIE-40GB
mmgnn-raw-logit-v2-20260918,39,fedavg_proto,client_2,val,probabilities,0.9319627442071786,False,1,204,cuda:0,1.8.1,confirmation,False,3.8.20,0.6.1,2022.09.5,11.1,NVIDIA A100-PCIE-40GB
mmgnn-raw-logit-v2-20260918,39,fedavg_proto,client_2,test,logits,0.9139515455304928,True,1,204,cuda:0,1.8.1,confirmation,False,3.8.20,0.6.1,2022.09.5,11.1,NVIDIA A100-PCIE-40GB
mmgnn-raw-logit-v2-20260918,39,fedavg_proto,client_2,test,probabilities,0.9138321995464854,False,1,204,cuda:0,1.8.1,confirmation,False,3.8.20,0.6.1,2022.09.5,11.1,NVIDIA A100-PCIE-40GB
mmgnn-raw-logit-v2-20260918,39,fedavg_proto,client_3,val,logits,0.9416174466151749,True,1,204,cuda:0,1.8.1,confirmation,False,3.8.20,0.6.1,2022.09.5,11.1,NVIDIA A100-PCIE-40GB
mmgnn-raw-logit-v2-20260918,39,fedavg_proto,client_3,val,probabilities,0.9422989550204454,False,1,204,cuda:0,1.8.1,confirmation,False,3.8.20,0.6.1,2022.09.5,11.1,NVIDIA A100-PCIE-40GB
mmgnn-raw-logit-v2-20260918,39,fedavg_proto,client_3,test,logits,0.9338823248597684,True,1,204,cuda:0,1.8.1,confirmation,False,3.8.20,0.6.1,2022.09.5,11.1,NVIDIA A100-PCIE-40GB
mmgnn-raw-logit-v2-20260918,39,fedavg_proto,client_3,test,probabilities,0.9335242869077456,False,1,204,cuda:0,1.8.1,confirmation,False,3.8.20,0.6.1,2022.09.5,11.1,NVIDIA A100-PCIE-40GB
mmgnn-raw-logit-v2-20260918,40,fedavg_proto,server,val,logits,0.9367333030440709,True,1,204,cuda:0,1.8.1,confirmation,False,3.8.20,0.6.1,2022.09.5,11.1,NVIDIA A100-PCIE-40GB
mmgnn-raw-logit-v2-20260918,40,fedavg_proto,server,val,probabilities,0.9371308496138119,False,1,204,cuda:0,1.8.1,confirmation,False,3.8.20,0.6.1,2022.09.5,11.1,NVIDIA A100-PCIE-40GB
mmgnn-raw-logit-v2-20260918,40,fedavg_proto,server,test,logits,0.9268409118033178,True,1,204,cuda:0,1.8.1,confirmation,False,3.8.20,0.6.1,2022.09.5,11.1,NVIDIA A100-PCIE-40GB
mmgnn-raw-logit-v2-20260918,40,fedavg_proto,server,test,probabilities,0.9267215658193101,False,1,204,cuda:0,1.8.1,confirmation,False,3.8.20,0.6.1,2022.09.5,11.1,NVIDIA A100-PCIE-40GB
mmgnn-raw-logit-v2-20260918,40,fedavg_proto,client_0,val,logits,0.9440027260336211,True,1,204,cuda:0,1.8.1,confirmation,False,3.8.20,0.6.1,2022.09.5,11.1,NVIDIA A100-PCIE-40GB
mmgnn-raw-logit-v2-20260918,40,fedavg_proto,client_0,val,probabilities,0.9446274420717856,False,1,204,cuda:0,1.8.1,confirmation,False,3.8.20,0.6.1,2022.09.5,11.1,NVIDIA A100-PCIE-40GB
mmgnn-raw-logit-v2-20260918,40,fedavg_proto,client_0,test,logits,0.9289891395154553,True,1,204,cuda:0,1.8.1,confirmation,False,3.8.20,0.6.1,2022.09.5,11.1,NVIDIA A100-PCIE-40GB
mmgnn-raw-logit-v2-20260918,40,fedavg_proto,client_0,test,probabilities,0.9294068504594819,False,1,204,cuda:0,1.8.1,confirmation,False,3.8.20,0.6.1,2022.09.5,11.1,NVIDIA A100-PCIE-40GB
mmgnn-raw-logit-v2-20260918,40,fedavg_proto,client_1,val,logits,0.925715583825534,True,1,204,cuda:0,1.8.1,confirmation,False,3.8.20,0.6.1,2022.09.5,11.1,NVIDIA A100-PCIE-40GB
mmgnn-raw-logit-v2-20260918,40,fedavg_proto,client_1,val,probabilities,0.9271353930031803,False,1,204,cuda:0,1.8.1,confirmation,False,3.8.20,0.6.1,2022.09.5,11.1,NVIDIA A100-PCIE-40GB
mmgnn-raw-logit-v2-20260918,40,fedavg_proto,client_1,test,logits,0.9213509965389665,True,1,204,cuda:0,1.8.1,confirmation,False,3.8.20,0.6.1,2022.09.5,11.1,NVIDIA A100-PCIE-40GB
mmgnn-raw-logit-v2-20260918,40,fedavg_proto,client_1,test,probabilities,0.9208139396109319,False,1,204,cuda:0,1.8.1,confirmation,False,3.8.20,0.6.1,2022.09.5,11.1,NVIDIA A100-PCIE-40GB
mmgnn-raw-logit-v2-20260918,40,fedavg_proto,client_2,val,logits,0.9267378464334393,True,1,204,cuda:0,1.8.1,confirmation,False,3.8.20,0.6.1,2022.09.5,11.1,NVIDIA A100-PCIE-40GB
mmgnn-raw-logit-v2-20260918,40,fedavg_proto,client_2,val,probabilities,0.926851431167651,False,1,204,cuda:0,1.8.1,confirmation,False,3.8.20,0.6.1,2022.09.5,11.1,NVIDIA A100-PCIE-40GB
mmgnn-raw-logit-v2-20260918,40,fedavg_proto,client_2,test,logits,0.9144289294665235,True,1,204,cuda:0,1.8.1,confirmation,False,3.8.20,0.6.1,2022.09.5,11.1,NVIDIA A100-PCIE-40GB
mmgnn-raw-logit-v2-20260918,40,fedavg_proto,client_2,test,probabilities,0.9144886024585273,False,1,204,cuda:0,1.8.1,confirmation,False,3.8.20,0.6.1,2022.09.5,11.1,NVIDIA A100-PCIE-40GB
mmgnn-raw-logit-v2-20260918,40,fedavg_proto,client_3,val,logits,0.9387778282598819,True,1,204,cuda:0,1.8.1,confirmation,False,3.8.20,0.6.1,2022.09.5,11.1,NVIDIA A100-PCIE-40GB
mmgnn-raw-logit-v2-20260918,40,fedavg_proto,client_3,val,probabilities,0.9397432985006814,False,1,204,cuda:0,1.8.1,confirmation,False,3.8.20,0.6.1,2022.09.5,11.1,NVIDIA A100-PCIE-40GB
mmgnn-raw-logit-v2-20260918,40,fedavg_proto,client_3,test,logits,0.9368659744599593,True,1,204,cuda:0,1.8.1,confirmation,False,3.8.20,0.6.1,2022.09.5,11.1,NVIDIA A100-PCIE-40GB
mmgnn-raw-logit-v2-20260918,40,fedavg_proto,client_3,test,probabilities,0.936985320443967,False,1,204,cuda:0,1.8.1,confirmation,False,3.8.20,0.6.1,2022.09.5,11.1,NVIDIA A100-PCIE-40GB
mmgnn-raw-logit-v2-20260918,41,fedavg_proto,server,val,logits,0.9362789641072241,True,1,204,cuda:0,1.8.1,confirmation,False,3.8.20,0.6.1,2022.09.5,11.1,NVIDIA A100-PCIE-40GB
mmgnn-raw-logit-v2-20260918,41,fedavg_proto,server,val,probabilities,0.9368468877782826,False,1,204,cuda:0,1.8.1,confirmation,False,3.8.20,0.6.1,2022.09.5,11.1,NVIDIA A100-PCIE-40GB
mmgnn-raw-logit-v2-20260918,41,fedavg_proto,server,test,logits,0.9255281059792337,True,1,204,cuda:0,1.8.1,confirmation,False,3.8.20,0.6.1,2022.09.5,11.1,NVIDIA A100-PCIE-40GB
mmgnn-raw-logit-v2-20260918,41,fedavg_proto,server,test,probabilities,0.9255281059792337,False,1,204,cuda:0,1.8.1,confirmation,False,3.8.20,0.6.1,2022.09.5,11.1,NVIDIA A100-PCIE-40GB
mmgnn-raw-logit-v2-20260918,41,fedavg_proto,client_0,val,logits,0.9443434802362562,True,1,204,cuda:0,1.8.1,confirmation,False,3.8.20,0.6.1,2022.09.5,11.1,NVIDIA A100-PCIE-40GB
mmgnn-raw-logit-v2-20260918,41,fedavg_proto,client_0,val,probabilities,0.9453089504770559,False,1,204,cuda:0,1.8.1,confirmation,False,3.8.20,0.6.1,2022.09.5,11.1,NVIDIA A100-PCIE-40GB
mmgnn-raw-logit-v2-20260918,41,fedavg_proto,client_0,test,logits,0.9282730636114095,True,1,204,cuda:0,1.8.1,confirmation,False,3.8.20,0.6.1,2022.09.5,11.1,NVIDIA A100-PCIE-40GB
mmgnn-raw-logit-v2-20260918,41,fedavg_proto,client_0,test,probabilities,0.9280343716433942,False,1,204,cuda:0,1.8.1,confirmation,False,3.8.20,0.6.1,2022.09.5,11.1,NVIDIA A100-PCIE-40GB
mmgnn-raw-logit-v2-20260918,41,fedavg_proto,client_1,val,logits,0.9203771013175829,True,1,204,cuda:0,1.8.1,confirmation,False,3.8.20,0.6.1,2022.09.5,11.1,NVIDIA A100-PCIE-40GB
mmgnn-raw-logit-v2-20260918,41,fedavg_proto,client_1,val,probabilities,0.9202067242162654,False,1,204,cuda:0,1.8.1,confirmation,False,3.8.20,0.6.1,2022.09.5,11.1,NVIDIA A100-PCIE-40GB
mmgnn-raw-logit-v2-20260918,41,fedavg_proto,client_1,test,logits,0.9219477264590047,True,1,204,cuda:0,1.8.1,confirmation,False,3.8.20,0.6.1,2022.09.5,11.1,NVIDIA A100-PCIE-40GB
mmgnn-raw-logit-v2-20260918,41,fedavg_proto,client_1,test,probabilities,0.9233202052750925,False,1,204,cuda:0,1.8.1,confirmation,False,3.8.20,0.6.1,2022.09.5,11.1,NVIDIA A100-PCIE-40GB
mmgnn-raw-logit-v2-20260918,41,fedavg_proto,client_2,val,logits,0.9244661517492049,True,1,204,cuda:0,1.8.1,confirmation,False,3.8.20,0.6.1,2022.09.5,11.1,NVIDIA A100-PCIE-40GB
mmgnn-raw-logit-v2-20260918,41,fedavg_proto,client_2,val,probabilities,0.9256019990913221,False,1,204,cuda:0,1.8.1,confirmation,False,3.8.20,0.6.1,2022.09.5,11.1,NVIDIA A100-PCIE-40GB
mmgnn-raw-logit-v2-20260918,41,fedavg_proto,client_2,test,logits,0.9125193937224013,True,1,204,cuda:0,1.8.1,confirmation,False,3.8.20,0.6.1,2022.09.5,11.1,NVIDIA A100-PCIE-40GB
mmgnn-raw-logit-v2-20260918,41,fedavg_proto,client_2,test,probabilities,0.9123403747463897,False,1,204,cuda:0,1.8.1,confirmation,False,3.8.20,0.6.1,2022.09.5,11.1,NVIDIA A100-PCIE-40GB
mmgnn-raw-logit-v2-20260918,41,fedavg_proto,client_3,val,logits,0.9407087687414811,True,1,204,cuda:0,1.8.1,confirmation,False,3.8.20,0.6.1,2022.09.5,11.1,NVIDIA A100-PCIE-40GB
mmgnn-raw-logit-v2-20260918,41,fedavg_proto,client_3,val,probabilities,0.9412199000454339,False,1,204,cuda:0,1.8.1,confirmation,False,3.8.20,0.6.1,2022.09.5,11.1,NVIDIA A100-PCIE-40GB
mmgnn-raw-logit-v2-20260918,41,fedavg_proto,client_3,test,logits,0.9319727891156463,True,1,204,cuda:0,1.8.1,confirmation,False,3.8.20,0.6.1,2022.09.5,11.1,NVIDIA A100-PCIE-40GB
mmgnn-raw-logit-v2-20260918,41,fedavg_proto,client_3,test,probabilities,0.9323308270676692,False,1,204,cuda:0,1.8.1,confirmation,False,3.8.20,0.6.1,2022.09.5,11.1,NVIDIA A100-PCIE-40GB
mmgnn-raw-logit-v2-20260918,42,fedavg_proto,server,val,logits,0.9321899136756021,True,1,204,cuda:0,1.8.1,confirmation,False,3.8.20,0.6.1,2022.09.5,11.1,NVIDIA A100-PCIE-40GB
mmgnn-raw-logit-v2-20260918,42,fedavg_proto,server,val,probabilities,0.9324170831440254,False,1,204,cuda:0,1.8.1,confirmation,False,3.8.20,0.6.1,2022.09.5,11.1,NVIDIA A100-PCIE-40GB
mmgnn-raw-logit-v2-20260918,42,fedavg_proto,server,test,logits,0.9312567132116004,True,1,204,cuda:0,1.8.1,confirmation,False,3.8.20,0.6.1,2022.09.5,11.1,NVIDIA A100-PCIE-40GB
mmgnn-raw-logit-v2-20260918,42,fedavg_proto,server,test,probabilities,0.930063253371524,False,1,204,cuda:0,1.8.1,confirmation,False,3.8.20,0.6.1,2022.09.5,11.1,NVIDIA A100-PCIE-40GB
mmgnn-raw-logit-v2-20260918,42,fedavg_proto,client_0,val,logits,0.9401408450704225,True,1,204,cuda:0,1.8.1,confirmation,False,3.8.20,0.6.1,2022.09.5,11.1,NVIDIA A100-PCIE-40GB
mmgnn-raw-logit-v2-20260918,42,fedavg_proto,client_0,val,probabilities,0.9411063153112222,False,1,204,cuda:0,1.8.1,confirmation,False,3.8.20,0.6.1,2022.09.5,11.1,NVIDIA A100-PCIE-40GB
mmgnn-raw-logit-v2-20260918,42,fedavg_proto,client_0,test,logits,0.9299439073875165,True,1,204,cuda:0,1.8.1,confirmation,False,3.8.20,0.6.1,2022.09.5,11.1,NVIDIA A100-PCIE-40GB
mmgnn-raw-logit-v2-20260918,42,fedavg_proto,client_0,test,probabilities,0.9290488125074591,False,1,204,cuda:0,1.8.1,confirmation,False,3.8.20,0.6.1,2022.09.5,11.1,NVIDIA A100-PCIE-40GB
mmgnn-raw-logit-v2-20260918,42,fedavg_proto,client_1,val,logits,0.9062925942753294,True,1,204,cuda:0,1.8.1,confirmation,False,3.8.20,0.6.1,2022.09.5,11.1,NVIDIA A100-PCIE-40GB
mmgnn-raw-logit-v2-20260918,42,fedavg_proto,client_1,val,probabilities,0.9060654248069059,False,1,204,cuda:0,1.8.1,confirmation,False,3.8.20,0.6.1,2022.09.5,11.1,NVIDIA A100-PCIE-40GB
mmgnn-raw-logit-v2-20260918,42,fedavg_proto,client_1,test,logits,0.9239766081871345,True,1,204,cuda:0,1.8.1,confirmation,False,3.8.20,0.6.1,2022.09.5,11.1,NVIDIA A100-PCIE-40GB
mmgnn-raw-logit-v2-20260918,42,fedavg_proto,client_1,test,probabilities,0.9235588972431078,False,1,204,cuda:0,1.8.1,confirmation,False,3.8.20,0.6.1,2022.09.5,11.1,NVIDIA A100-PCIE-40GB
mmgnn-raw-logit-v2-20260918,42,fedavg_proto,client_2,val,logits,0.9258291685597456,True,1,204,cuda:0,1.8.1,confirmation,False,3.8.20,0.6.1,2022.09.5,11.1,NVIDIA A100-PCIE-40GB
mmgnn-raw-logit-v2-20260918,42,fedavg_proto,client_2,val,probabilities,0.9262267151294866,False,1,204,cuda:0,1.8.1,confirmation,False,3.8.20,0.6.1,2022.09.5,11.1,NVIDIA A100-PCIE-40GB
mmgnn-raw-logit-v2-20260918,42,fedavg_proto,client_2,test,logits,0.9134741615944624,True,1,204,cuda:0,1.8.1,confirmation,False,3.8.20,0.6.1,2022.09.5,11.1,NVIDIA A100-PCIE-40GB
mmgnn-raw-logit-v2-20260918,42,fedavg_proto,client_2,test,probabilities,0.9134741615944624,False,1,204,cuda:0,1.8.1,confirmation,False,3.8.20,0.6.1,2022.09.5,11.1,NVIDIA A100-PCIE-40GB
mmgnn-raw-logit-v2-20260918,42,fedavg_proto,client_3,val,logits,0.9404815992730577,True,1,204,cuda:0,1.8.1,confirmation,False,3.8.20,0.6.1,2022.09.5,11.1,NVIDIA A100-PCIE-40GB
mmgnn-raw-logit-v2-20260918,42,fedavg_proto,client_3,val,probabilities,0.9413902771467515,False,1,204,cuda:0,1.8.1,confirmation,False,3.8.20,0.6.1,2022.09.5,11.1,NVIDIA A100-PCIE-40GB
mmgnn-raw-logit-v2-20260918,42,fedavg_proto,client_3,test,logits,0.9400883160281657,True,1,204,cuda:0,1.8.1,confirmation,False,3.8.20,0.6.1,2022.09.5,11.1,NVIDIA A100-PCIE-40GB
mmgnn-raw-logit-v2-20260918,42,fedavg_proto,client_3,test,probabilities,0.9399092970521542,False,1,204,cuda:0,1.8.1,confirmation,False,3.8.20,0.6.1,2022.09.5,11.1,NVIDIA A100-PCIE-40GB
mmgnn-raw-logit-v2-20260918,43,fedavg_proto,server,val,logits,0.9335529304861427,True,1,204,cuda:0,1.8.1,confirmation,False,3.8.20,0.6.1,2022.09.5,11.1,NVIDIA A100-PCIE-40GB
mmgnn-raw-logit-v2-20260918,43,fedavg_proto,server,val,probabilities,0.9337800999545661,False,1,204,cuda:0,1.8.1,confirmation,False,3.8.20,0.6.1,2022.09.5,11.1,NVIDIA A100-PCIE-40GB
mmgnn-raw-logit-v2-20260918,43,fedavg_proto,server,test,logits,0.9270796037713331,True,1,204,cuda:0,1.8.1,confirmation,False,3.8.20,0.6.1,2022.09.5,11.1,NVIDIA A100-PCIE-40GB
mmgnn-raw-logit-v2-20260918,43,fedavg_proto,server,test,probabilities,0.9274973147153598,False,1,204,cuda:0,1.8.1,confirmation,False,3.8.20,0.6.1,2022.09.5,11.1,NVIDIA A100-PCIE-40GB
mmgnn-raw-logit-v2-20260918,43,fedavg_proto,client_0,val,logits,0.9270786006360745,True,1,204,cuda:0,1.8.1,confirmation,False,3.8.20,0.6.1,2022.09.5,11.1,NVIDIA A100-PCIE-40GB
mmgnn-raw-logit-v2-20260918,43,fedavg_proto,client_0,val,probabilities,0.9273625624716039,False,1,204,cuda:0,1.8.1,confirmation,False,3.8.20,0.6.1,2022.09.5,11.1,NVIDIA A100-PCIE-40GB
mmgnn-raw-logit-v2-20260918,43,fedavg_proto,client_0,test,logits,0.9341210168277838,True,1,204,cuda:0,1.8.1,confirmation,False,3.8.20,0.6.1,2022.09.5,11.1,NVIDIA A100-PCIE-40GB
mmgnn-raw-logit-v2-20260918,43,fedavg_proto,client_0,test,probabilities,0.9336436328917532,False,1,204,cuda:0,1.8.1,confirmation,False,3.8.20,0.6.1,2022.09.5,11.1,NVIDIA A100-PCIE-40GB
mmgnn-raw-logit-v2-20260918,43,fedavg_proto,client_1,val,logits,0.9206042707860064,True,1,204,cuda:0,1.8.1,confirmation,False,3.8.20,0.6.1,2022.09.5,11.1,NVIDIA A100-PCIE-40GB
mmgnn-raw-logit-v2-20260918,43,fedavg_proto,client_1,val,probabilities,0.9213425715583826,False,1,204,cuda:0,1.8.1,confirmation,False,3.8.20,0.6.1,2022.09.5,11.1,NVIDIA A100-PCIE-40GB
mmgnn-raw-logit-v2-20260918,43,fedavg_proto,client_1,test,logits,0.9219477264590046,True,1,204,cuda:0,1.8.1,confirmation,False,3.8.20,0.6.1,2022.09.5,11.1,NVIDIA A100-PCIE-40GB
mmgnn-raw-logit-v2-20260918,43,fedavg_proto,client_1,test,probabilities,0.9217687074829932,False,1,204,cuda:0,1.8.1,confirmation,False,3.8.20,0.6.1,2022.09.5,11.1,NVIDIA A100-PCIE-40GB
mmgnn-raw-logit-v2-20260918,43,fedavg_proto,client_2,val,logits,0.934234438891413,True,1,204,cuda:0,1.8.1,confirmation,False,3.8.20,0.6.1,2022.09.5,11.1,NVIDIA A100-PCIE-40GB
mmgnn-raw-logit-v2-20260918,43,fedavg_proto,client_2,val,probabilities,0.9352567014993185,False,1,204,cuda:0,1.8.1,confirmation,False,3.8.20,0.6.1,2022.09.5,11.1,NVIDIA A100-PCIE-40GB
mmgnn-raw-logit-v2-20260918,43,fedavg_proto,client_2,test,logits,0.9165771571786608,True,1,204,cuda:0,1.8.1,confirmation,False,3.8.20,0.6.1,2022.09.5,11.1,NVIDIA A100-PCIE-40GB
mmgnn-raw-logit-v2-20260918,43,fedavg_proto,client_2,test,probabilities,0.9165174841866571,False,1,204,cuda:0,1.8.1,confirmation,False,3.8.20,0.6.1,2022.09.5,11.1,NVIDIA A100-PCIE-40GB
mmgnn-raw-logit-v2-20260918,43,fedavg_proto,client_3,val,logits,0.9384370740572467,True,1,204,cuda:0,1.8.1,confirmation,False,3.8.20,0.6.1,2022.09.5,11.1,NVIDIA A100-PCIE-40GB
mmgnn-raw-logit-v2-20260918,43,fedavg_proto,client_3,val,probabilities,0.9387778282598819,False,1,204,cuda:0,1.8.1,confirmation,False,3.8.20,0.6.1,2022.09.5,11.1,NVIDIA A100-PCIE-40GB
mmgnn-raw-logit-v2-20260918,43,fedavg_proto,client_3,test,logits,0.9341210168277837,True,1,204,cuda:0,1.8.1,confirmation,False,3.8.20,0.6.1,2022.09.5,11.1,NVIDIA A100-PCIE-40GB
mmgnn-raw-logit-v2-20260918,43,fedavg_proto,client_3,test,probabilities,0.9341210168277837,False,1,204,cuda:0,1.8.1,confirmation,False,3.8.20,0.6.1,2022.09.5,11.1,NVIDIA A100-PCIE-40GB
mmgnn-raw-logit-v2-20260918,44,fedavg_proto,server,val,logits,0.9374148114493411,True,1,204,cuda:0,1.8.1,confirmation,False,3.8.20,0.6.1,2022.09.5,11.1,NVIDIA A100-PCIE-40GB
mmgnn-raw-logit-v2-20260918,44,fedavg_proto,server,val,probabilities,0.9380395274875057,False,1,204,cuda:0,1.8.1,confirmation,False,3.8.20,0.6.1,2022.09.5,11.1,NVIDIA A100-PCIE-40GB
mmgnn-raw-logit-v2-20260918,44,fedavg_proto,server,test,logits,0.9250507220432033,True,1,204,cuda:0,1.8.1,confirmation,False,3.8.20,0.6.1,2022.09.5,11.1,NVIDIA A100-PCIE-40GB
mmgnn-raw-logit-v2-20260918,44,fedavg_proto,server,test,probabilities,0.9235588972431078,False,1,204,cuda:0,1.8.1,confirmation,False,3.8.20,0.6.1,2022.09.5,11.1,NVIDIA A100-PCIE-40GB
mmgnn-raw-logit-v2-20260918,44,fedavg_proto,client_0,val,logits,0.9410495229441163,True,1,204,cuda:0,1.8.1,confirmation,False,3.8.20,0.6.1,2022.09.5,11.1,NVIDIA A100-PCIE-40GB
mmgnn-raw-logit-v2-20260918,44,fedavg_proto,client_0,val,probabilities,0.9421285779191276,False,1,204,cuda:0,1.8.1,confirmation,False,3.8.20,0.6.1,2022.09.5,11.1,NVIDIA A100-PCIE-40GB
mmgnn-raw-logit-v2-20260918,44,fedavg_proto,client_0,test,logits,0.9301825993555317,True,1,204,cuda:0,1.8.1,confirmation,False,3.8.20,0.6.1,2022.09.5,11.1,NVIDIA A100-PCIE-40GB
mmgnn-raw-logit-v2-20260918,44,fedavg_proto,client_0,test,probabilities,0.9304809643155507,False,1,204,cuda:0,1.8.1,confirmation,False,3.8.20,0.6.1,2022.09.5,11.1,NVIDIA A100-PCIE-40GB
mmgnn-raw-logit-v2-20260918,44,fedavg_proto,client_1,val,logits,0.924466151749205,True,1,204,cuda:0,1.8.1,confirmation,False,3.8.20,0.6.1,2022.09.5,11.1,NVIDIA A100-PCIE-40GB
mmgnn-raw-logit-v2-20260918,44,fedavg_proto,client_1,val,probabilities,0.9251476601544752,False,1,204,cuda:0,1.8.1,confirmation,False,3.8.20,0.6.1,2022.09.5,11.1,NVIDIA A100-PCIE-40GB
mmgnn-raw-logit-v2-20260918,44,fedavg_proto,client_1,test,logits,0.920515574650913,True,1,204,cuda:0,1.8.1,confirmation,False,3.8.20,0.6.1,2022.09.5,11.1,NVIDIA A100-PCIE-40GB
mmgnn-raw-logit-v2-20260918,44,fedavg_proto,client_1,test,probabilities,0.9202768826828976,False,1,204,cuda:0,1.8.1,confirmation,False,3.8.20,0.6.1,2022.09.5,11.1,NVIDIA A100-PCIE-40GB
mmgnn-raw-logit-v2-20260918,44,fedavg_proto,client_2,val,logits,0.9251476601544752,True,1,204,cuda:0,1.8.1,confirmation,False,3.8.20,0.6.1,2022.09.5,11.1,NVIDIA A100-PCIE-40GB
mmgnn-raw-logit-v2-20260918,44,fedavg_proto,client_2,val,probabilities,0.9258859609268515,False,1,204,cuda:0,1.8.1,confirmation,False,3.8.20,0.6.1,2022.09.5,11.1,NVIDIA A100-PCIE-40GB
mmgnn-raw-logit-v2-20260918,44,fedavg_proto,client_2,test,logits,0.9172932330827067,True,1,204,cuda:0,1.8.1,confirmation,False,3.8.20,0.6.1,2022.09.5,11.1,NVIDIA A100-PCIE-40GB
mmgnn-raw-logit-v2-20260918,44,fedavg_proto,client_2,test,probabilities,0.915920754266619,False,1,204,cuda:0,1.8.1,confirmation,False,3.8.20,0.6.1,2022.09.5,11.1,NVIDIA A100-PCIE-40GB
mmgnn-raw-logit-v2-20260918,44,fedavg_proto,client_3,val,logits,0.9377555656519764,True,1,204,cuda:0,1.8.1,confirmation,False,3.8.20,0.6.1,2022.09.5,11.1,NVIDIA A100-PCIE-40GB
mmgnn-raw-logit-v2-20260918,44,fedavg_proto,client_3,val,probabilities,0.9381531122217175,False,1,204,cuda:0,1.8.1,confirmation,False,3.8.20,0.6.1,2022.09.5,11.1,NVIDIA A100-PCIE-40GB
mmgnn-raw-logit-v2-20260918,44,fedavg_proto,client_3,test,logits,0.9273182957393484,True,1,204,cuda:0,1.8.1,confirmation,False,3.8.20,0.6.1,2022.09.5,11.1,NVIDIA A100-PCIE-40GB
mmgnn-raw-logit-v2-20260918,44,fedavg_proto,client_3,test,probabilities,0.9274973147153598,False,1,204,cuda:0,1.8.1,confirmation,False,3.8.20,0.6.1,2022.09.5,11.1,NVIDIA A100-PCIE-40GB
mmgnn-raw-logit-v2-20260918,45,fedavg_proto,server,val,logits,0.9304861426624261,True,1,204,cuda:0,1.8.1,confirmation,False,3.8.20,0.6.1,2022.09.5,11.1,NVIDIA A100-PCIE-40GB
mmgnn-raw-logit-v2-20260918,45,fedavg_proto,server,val,probabilities,0.9307701044979555,False,1,204,cuda:0,1.8.1,confirmation,False,3.8.20,0.6.1,2022.09.5,11.1,NVIDIA A100-PCIE-40GB
mmgnn-raw-logit-v2-20260918,45,fedavg_proto,server,test,logits,0.925766797947249,True,1,204,cuda:0,1.8.1,confirmation,False,3.8.20,0.6.1,2022.09.5,11.1,NVIDIA A100-PCIE-40GB
mmgnn-raw-logit-v2-20260918,45,fedavg_proto,server,test,probabilities,0.9268409118033178,False,1,204,cuda:0,1.8.1,confirmation,False,3.8.20,0.6.1,2022.09.5,11.1,NVIDIA A100-PCIE-40GB
mmgnn-raw-logit-v2-20260918,45,fedavg_proto,client_0,val,logits,0.943207632894139,True,1,204,cuda:0,1.8.1,confirmation,False,3.8.20,0.6.1,2022.09.5,11.1,NVIDIA A100-PCIE-40GB
mmgnn-raw-logit-v2-20260918,45,fedavg_proto,client_0,val,probabilities,0.944059518400727,False,1,204,cuda:0,1.8.1,confirmation,False,3.8.20,0.6.1,2022.09.5,11.1,NVIDIA A100-PCIE-40GB
mmgnn-raw-logit-v2-20260918,45,fedavg_proto,client_0,test,logits,0.9286311015634323,True,1,204,cuda:0,1.8.1,confirmation,False,3.8.20,0.6.1,2022.09.5,11.1,NVIDIA A100-PCIE-40GB
mmgnn-raw-logit-v2-20260918,45,fedavg_proto,client_0,test,probabilities,0.9298842343955125,False,1,204,cuda:0,1.8.1,confirmation,False,3.8.20,0.6.1,2022.09.5,11.1,NVIDIA A100-PCIE-40GB
mmgnn-raw-logit-v2-20260918,45,fedavg_proto,client_1,val,logits,0.910154475238528,True,1,204,cuda:0,1.8.1,confirmation,False,3.8.20,0.6.1,2022.09.5,11.1,NVIDIA A100-PCIE-40GB
mmgnn-raw-logit-v2-20260918,45,fedavg_proto,client_1,val,probabilities,0.9106656065424806,False,1,204,cuda:0,1.8.1,confirmation,False,3.8.20,0.6.1,2022.09.5,11.1,NVIDIA A100-PCIE-40GB
mmgnn-raw-logit-v2-20260918,45,fedavg_proto,client_1,test,logits,0.9223057644110275,True,1,204,cuda:0,1.8.1,confirmation,False,3.8.20,0.6.1,2022.09.5,11.1,NVIDIA A100-PCIE-40GB
mmgnn-raw-logit-v2-20260918,45,fedavg_proto,client_1,test,probabilities,0.9232008592910849,False,1,204,cuda:0,1.8.1,confirmation,False,3.8.20,0.6.1,2022.09.5,11.1,NVIDIA A100-PCIE-40GB
mmgnn-raw-logit-v2-20260918,45,fedavg_proto,client_2,val,logits,0.919922762380736,True,1,204,cuda:0,1.8.1,confirmation,False,3.8.20,0.6.1,2022.09.5,11.1,NVIDIA A100-PCIE-40GB
mmgnn-raw-logit-v2-20260918,45,fedavg_proto,client_2,val,probabilities,0.9201499318491594,False,1,204,cuda:0,1.8.1,confirmation,False,3.8.20,0.6.1,2022.09.5,11.1,NVIDIA A100-PCIE-40GB
mmgnn-raw-logit-v2-20260918,45,fedavg_proto,client_2,test,logits,0.9174125790667144,True,1,204,cuda:0,1.8.1,confirmation,False,3.8.20,0.6.1,2022.09.5,11.1,NVIDIA A100-PCIE-40GB
mmgnn-raw-logit-v2-20260918,45,fedavg_proto,client_2,test,probabilities,0.9177706170187373,False,1,204,cuda:0,1.8.1,confirmation,False,3.8.20,0.6.1,2022.09.5,11.1,NVIDIA A100-PCIE-40GB
mmgnn-raw-logit-v2-20260918,45,fedavg_proto,client_3,val,logits,0.9395729213993639,True,1,204,cuda:0,1.8.1,confirmation,False,3.8.20,0.6.1,2022.09.5,11.1,NVIDIA A100-PCIE-40GB
mmgnn-raw-logit-v2-20260918,45,fedavg_proto,client_3,val,probabilities,0.9401976374375285,False,1,204,cuda:0,1.8.1,confirmation,False,3.8.20,0.6.1,2022.09.5,11.1,NVIDIA A100-PCIE-40GB
mmgnn-raw-logit-v2-20260918,45,fedavg_proto,client_3,test,logits,0.9350757846998448,True,1,204,cuda:0,1.8.1,confirmation,False,3.8.20,0.6.1,2022.09.5,11.1,NVIDIA A100-PCIE-40GB
mmgnn-raw-logit-v2-20260918,45,fedavg_proto,client_3,test,probabilities,0.9350757846998449,False,1,204,cuda:0,1.8.1,confirmation,False,3.8.20,0.6.1,2022.09.5,11.1,NVIDIA A100-PCIE-40GB
mmgnn-raw-logit-v2-20260918,46,fedavg_proto,server,val,logits,0.9396865061335756,True,1,204,cuda:0,1.8.1,confirmation,False,3.8.20,0.6.1,2022.09.5,11.1,NVIDIA A100-PCIE-40GB
mmgnn-raw-logit-v2-20260918,46,fedavg_proto,server,val,probabilities,0.940765561108587,False,1,204,cuda:0,1.8.1,confirmation,False,3.8.20,0.6.1,2022.09.5,11.1,NVIDIA A100-PCIE-40GB
mmgnn-raw-logit-v2-20260918,46,fedavg_proto,server,test,logits,0.9251700680272108,True,1,204,cuda:0,1.8.1,confirmation,False,3.8.20,0.6.1,2022.09.5,11.1,NVIDIA A100-PCIE-40GB
mmgnn-raw-logit-v2-20260918,46,fedavg_proto,server,test,probabilities,0.9255877789712377,False,1,204,cuda:0,1.8.1,confirmation,False,3.8.20,0.6.1,2022.09.5,11.1,NVIDIA A100-PCIE-40GB
mmgnn-raw-logit-v2-20260918,46,fedavg_proto,client_0,val,logits,0.9376419809177647,True,1,204,cuda:0,1.8.1,confirmation,False,3.8.20,0.6.1,2022.09.5,11.1,NVIDIA A100-PCIE-40GB
mmgnn-raw-logit-v2-20260918,46,fedavg_proto,client_0,val,probabilities,0.938721035892776,False,1,204,cuda:0,1.8.1,confirmation,False,3.8.20,0.6.1,2022.09.5,11.1,NVIDIA A100-PCIE-40GB
mmgnn-raw-logit-v2-20260918,46,fedavg_proto,client_0,test,logits,0.9299439073875164,True,1,204,cuda:0,1.8.1,confirmation,False,3.8.20,0.6.1,2022.09.5,11.1,NVIDIA A100-PCIE-40GB
mmgnn-raw-logit-v2-20260918,46,fedavg_proto,client_0,test,probabilities,0.9291681584914667,False,1,204,cuda:0,1.8.1,confirmation,False,3.8.20,0.6.1,2022.09.5,11.1,NVIDIA A100-PCIE-40GB
mmgnn-raw-logit-v2-20260918,46,fedavg_proto,client_1,val,logits,0.9196955929123125,True,1,204,cuda:0,1.8.1,confirmation,False,3.8.20,0.6.1,2022.09.5,11.1,NVIDIA A100-PCIE-40GB
mmgnn-raw-logit-v2-20260918,46,fedavg_proto,client_1,val,probabilities,0.9199795547478419,False,1,204,cuda:0,1.8.1,confirmation,False,3.8.20,0.6.1,2022.09.5,11.1,NVIDIA A100-PCIE-40GB
mmgnn-raw-logit-v2-20260918,46,fedavg_proto,client_1,test,logits,0.9193221148108366,True,1,204,cuda:0,1.8.1,confirmation,False,3.8.20,0.6.1,2022.09.5,11.1,NVIDIA A100-PCIE-40GB
mmgnn-raw-logit-v2-20260918,46,fedavg_proto,client_1,test,probabilities,0.9214106695309703,False,1,204,cuda:0,1.8.1,confirmation,False,3.8.20,0.6.1,2022.09.5,11.1,NVIDIA A100-PCIE-40GB
mmgnn-raw-logit-v2-20260918,46,fedavg_proto,client_2,val,logits,0.9336665152203544,True,1,204,cuda:0,1.8.1,confirmation,False,3.8.20,0.6.1,2022.09.5,11.1,NVIDIA A100-PCIE-40GB
mmgnn-raw-logit-v2-20260918,46,fedavg_proto,client_2,val,probabilities,0.9348023625624717,False,1,204,cuda:0,1.8.1,confirmation,False,3.8.20,0.6.1,2022.09.5,11.1,NVIDIA A100-PCIE-40GB
mmgnn-raw-logit-v2-20260918,46,fedavg_proto,client_2,test,logits,0.9124000477383937,True,1,204,cuda:0,1.8.1,confirmation,False,3.8.20,0.6.1,2022.09.5,11.1,NVIDIA A100-PCIE-40GB
mmgnn-raw-logit-v2-20260918,46,fedavg_proto,client_2,test,probabilities,0.9122210287623821,False,1,204,cuda:0,1.8.1,confirmation,False,3.8.20,0.6.1,2022.09.5,11.1,NVIDIA A100-PCIE-40GB
mmgnn-raw-logit-v2-20260918,46,fedavg_proto,client_3,val,logits,0.9404815992730576,True,1,204,cuda:0,1.8.1,confirmation,False,3.8.20,0.6.1,2022.09.5,11.1,NVIDIA A100-PCIE-40GB
mmgnn-raw-logit-v2-20260918,46,fedavg_proto,client_3,val,probabilities,0.9409359382099046,False,1,204,cuda:0,1.8.1,confirmation,False,3.8.20,0.6.1,2022.09.5,11.1,NVIDIA A100-PCIE-40GB
mmgnn-raw-logit-v2-20260918,46,fedavg_proto,client_3,test,logits,0.9354338226518677,True,1,204,cuda:0,1.8.1,confirmation,False,3.8.20,0.6.1,2022.09.5,11.1,NVIDIA A100-PCIE-40GB
mmgnn-raw-logit-v2-20260918,46,fedavg_proto,client_3,test,probabilities,0.9352548036758563,False,1,204,cuda:0,1.8.1,confirmation,False,3.8.20,0.6.1,2022.09.5,11.1,NVIDIA A100-PCIE-40GB
mmgnn-raw-logit-v2-20260918,47,fedavg_proto,server,val,logits,0.9402544298046343,True,1,204,cuda:0,1.8.1,confirmation,False,3.8.20,0.6.1,2022.09.5,11.1,NVIDIA A100-PCIE-40GB
mmgnn-raw-logit-v2-20260918,47,fedavg_proto,server,val,probabilities,0.9408791458427987,False,1,204,cuda:0,1.8.1,confirmation,False,3.8.20,0.6.1,2022.09.5,11.1,NVIDIA A100-PCIE-40GB
mmgnn-raw-logit-v2-20260918,47,fedavg_proto,server,test,logits,0.9246926840911803,True,1,204,cuda:0,1.8.1,confirmation,False,3.8.20,0.6.1,2022.09.5,11.1,NVIDIA A100-PCIE-40GB
mmgnn-raw-logit-v2-20260918,47,fedavg_proto,server,test,probabilities,0.9239169351951306,False,1,204,cuda:0,1.8.1,confirmation,False,3.8.20,0.6.1,2022.09.5,11.1,NVIDIA A100-PCIE-40GB
mmgnn-raw-logit-v2-20260918,47,fedavg_proto,client_0,val,logits,0.9402544298046344,True,1,204,cuda:0,1.8.1,confirmation,False,3.8.20,0.6.1,2022.09.5,11.1,NVIDIA A100-PCIE-40GB
mmgnn-raw-logit-v2-20260918,47,fedavg_proto,client_0,val,probabilities,0.9417878237164924,False,1,204,cuda:0,1.8.1,confirmation,False,3.8.20,0.6.1,2022.09.5,11.1,NVIDIA A100-PCIE-40GB
mmgnn-raw-logit-v2-20260918,47,fedavg_proto,client_0,test,logits,0.927437641723356,True,1,204,cuda:0,1.8.1,confirmation,False,3.8.20,0.6.1,2022.09.5,11.1,NVIDIA A100-PCIE-40GB
mmgnn-raw-logit-v2-20260918,47,fedavg_proto,client_0,test,probabilities,0.9251700680272108,False,1,204,cuda:0,1.8.1,confirmation,False,3.8.20,0.6.1,2022.09.5,11.1,NVIDIA A100-PCIE-40GB
mmgnn-raw-logit-v2-20260918,47,fedavg_proto,client_1,val,logits,0.9242389822807815,True,1,204,cuda:0,1.8.1,confirmation,False,3.8.20,0.6.1,2022.09.5,11.1,NVIDIA A100-PCIE-40GB
mmgnn-raw-logit-v2-20260918,47,fedavg_proto,client_1,val,probabilities,0.9275329395729214,False,1,204,cuda:0,1.8.1,confirmation,False,3.8.20,0.6.1,2022.09.5,11.1,NVIDIA A100-PCIE-40GB
mmgnn-raw-logit-v2-20260918,47,fedavg_proto,client_1,test,logits,0.9212316505549588,True,1,204,cuda:0,1.8.1,confirmation,False,3.8.20,0.6.1,2022.09.5,11.1,NVIDIA A100-PCIE-40GB
mmgnn-raw-logit-v2-20260918,47,fedavg_proto,client_1,test,probabilities,0.9176512710347297,False,1,204,cuda:0,1.8.1,confirmation,False,3.8.20,0.6.1,2022.09.5,11.1,NVIDIA A100-PCIE-40GB
mmgnn-raw-logit-v2-20260918,47,fedavg_proto,client_2,val,logits,0.9265106769650159,True,1,204,cuda:0,1.8.1,confirmation,False,3.8.20,0.6.1,2022.09.5,11.1,NVIDIA A100-PCIE-40GB
mmgnn-raw-logit-v2-20260918,47,fedavg_proto,client_2,val,probabilities,0.9273625624716038,False,1,204,cuda:0,1.8.1,confirmation,False,3.8.20,0.6.1,2022.09.5,11.1,NVIDIA A100-PCIE-40GB
mmgnn-raw-logit-v2-20260918,47,fedavg_proto,client_2,test,logits,0.9153836973385845,True,1,204,cuda:0,1.8.1,confirmation,False,3.8.20,0.6.1,2022.09.5,11.1,NVIDIA A100-PCIE-40GB
mmgnn-raw-logit-v2-20260918,47,fedavg_proto,client_2,test,probabilities,0.9145482754505311,False,1,204,cuda:0,1.8.1,confirmation,False,3.8.20,0.6.1,2022.09.5,11.1,NVIDIA A100-PCIE-40GB
mmgnn-raw-logit-v2-20260918,47,fedavg_proto,client_3,val,logits,0.9394593366651522,True,1,204,cuda:0,1.8.1,confirmation,False,3.8.20,0.6.1,2022.09.5,11.1,NVIDIA A100-PCIE-40GB
mmgnn-raw-logit-v2-20260918,47,fedavg_proto,client_3,val,probabilities,0.9402544298046343,False,1,204,cuda:0,1.8.1,confirmation,False,3.8.20,0.6.1,2022.09.5,11.1,NVIDIA A100-PCIE-40GB
mmgnn-raw-logit-v2-20260918,47,fedavg_proto,client_3,test,logits,0.9328082110036996,True,1,204,cuda:0,1.8.1,confirmation,False,3.8.20,0.6.1,2022.09.5,11.1,NVIDIA A100-PCIE-40GB
mmgnn-raw-logit-v2-20260918,47,fedavg_proto,client_3,test,probabilities,0.93203246210765,False,1,204,cuda:0,1.8.1,confirmation,False,3.8.20,0.6.1,2022.09.5,11.1,NVIDIA A100-PCIE-40GB
mmgnn-raw-logit-v2-20260918,48,fedavg_proto,server,val,logits,0.9217401181281236,True,1,204,cuda:0,1.8.1,confirmation,False,3.8.20,0.6.1,2022.09.5,11.1,NVIDIA A100-PCIE-40GB
mmgnn-raw-logit-v2-20260918,48,fedavg_proto,server,val,probabilities,0.9236142662426171,False,1,204,cuda:0,1.8.1,confirmation,False,3.8.20,0.6.1,2022.09.5,11.1,NVIDIA A100-PCIE-40GB
mmgnn-raw-logit-v2-20260918,48,fedavg_proto,server,test,logits,0.9255281059792339,True,1,204,cuda:0,1.8.1,confirmation,False,3.8.20,0.6.1,2022.09.5,11.1,NVIDIA A100-PCIE-40GB
mmgnn-raw-logit-v2-20260918,48,fedavg_proto,server,test,probabilities,0.9261845088912758,False,1,204,cuda:0,1.8.1,confirmation,False,3.8.20,0.6.1,2022.09.5,11.1,NVIDIA A100-PCIE-40GB
mmgnn-raw-logit-v2-20260918,48,fedavg_proto,client_0,val,logits,0.9415038618809632,True,1,204,cuda:0,1.8.1,confirmation,False,3.8.20,0.6.1,2022.09.5,11.1,NVIDIA A100-PCIE-40GB
mmgnn-raw-logit-v2-20260918,48,fedavg_proto,client_0,val,probabilities,0.9422421626533395,False,1,204,cuda:0,1.8.1,confirmation,False,3.8.20,0.6.1,2022.09.5,11.1,NVIDIA A100-PCIE-40GB
mmgnn-raw-logit-v2-20260918,48,fedavg_proto,client_0,test,logits,0.9262441818832796,True,1,204,cuda:0,1.8.1,confirmation,False,3.8.20,0.6.1,2022.09.5,11.1,NVIDIA A100-PCIE-40GB
mmgnn-raw-logit-v2-20260918,48,fedavg_proto,client_0,test,probabilities,0.9269005847953217,False,1,204,cuda:0,1.8.1,confirmation,False,3.8.20,0.6.1,2022.09.5,11.1,NVIDIA A100-PCIE-40GB
mmgnn-raw-logit-v2-20260918,48,fedavg_proto,client_1,val,logits,0.8906179009541119,True,1,204,cuda:0,1.8.1,confirmation,False,3.8.20,0.6.1,2022.09.5,11.1,NVIDIA A100-PCIE-40GB
mmgnn-raw-logit-v2-20260918,48,fedavg_proto,client_1,val,probabilities,0.8931167651067697,False,1,204,cuda:0,1.8.1,confirmation,False,3.8.20,0.6.1,2022.09.5,11.1,NVIDIA A100-PCIE-40GB
mmgnn-raw-logit-v2-20260918,48,fedavg_proto,client_1,test,logits,0.9194414607948442,True,1,204,cuda:0,1.8.1,confirmation,False,3.8.20,0.6.1,2022.09.5,11.1,NVIDIA A100-PCIE-40GB
mmgnn-raw-logit-v2-20260918,48,fedavg_proto,client_1,test,probabilities,0.9182480009547679,False,1,204,cuda:0,1.8.1,confirmation,False,3.8.20,0.6.1,2022.09.5,11.1,NVIDIA A100-PCIE-40GB
mmgnn-raw-logit-v2-20260918,48,fedavg_proto,client_2,val,logits,0.92480690595184,True,1,204,cuda:0,1.8.1,confirmation,False,3.8.20,0.6.1,2022.09.5,11.1,NVIDIA A100-PCIE-40GB
mmgnn-raw-logit-v2-20260918,48,fedavg_proto,client_2,val,probabilities,0.9262267151294866,False,1,204,cuda:0,1.8.1,confirmation,False,3.8.20,0.6.1,2022.09.5,11.1,NVIDIA A100-PCIE-40GB
mmgnn-raw-logit-v2-20260918,48,fedavg_proto,client_2,test,logits,0.9138321995464852,True,1,204,cuda:0,1.8.1,confirmation,False,3.8.20,0.6.1,2022.09.5,11.1,NVIDIA A100-PCIE-40GB
mmgnn-raw-logit-v2-20260918,48,fedavg_proto,client_2,test,probabilities,0.9128177586824203,False,1,204,cuda:0,1.8.1,confirmation,False,3.8.20,0.6.1,2022.09.5,11.1,NVIDIA A100-PCIE-40GB
mmgnn-raw-logit-v2-20260918,48,fedavg_proto,client_3,val,logits,0.9310540663334848,True,1,204,cuda:0,1.8.1,confirmation,False,3.8.20,0.6.1,2022.09.5,11.1,NVIDIA A100-PCIE-40GB
mmgnn-raw-logit-v2-20260918,48,fedavg_proto,client_3,val,probabilities,0.9313948205361199,False,1,204,cuda:0,1.8.1,confirmation,False,3.8.20,0.6.1,2022.09.5,11.1,NVIDIA A100-PCIE-40GB
mmgnn-raw-logit-v2-20260918,48,fedavg_proto,client_3,test,logits,0.9356725146198831,True,1,204,cuda:0,1.8.1,confirmation,False,3.8.20,0.6.1,2022.09.5,11.1,NVIDIA A100-PCIE-40GB
mmgnn-raw-logit-v2-20260918,48,fedavg_proto,client_3,test,probabilities,0.9345984007638142,False,1,204,cuda:0,1.8.1,confirmation,False,3.8.20,0.6.1,2022.09.5,11.1,NVIDIA A100-PCIE-40GB
mmgnn-raw-logit-v2-20260918,49,fedavg_proto,server,val,logits,0.9415038618809632,True,1,204,cuda:0,1.8.1,confirmation,False,3.8.20,0.6.1,2022.09.5,11.1,NVIDIA A100-PCIE-40GB
mmgnn-raw-logit-v2-20260918,49,fedavg_proto,server,val,probabilities,0.942014993184916,False,1,204,cuda:0,1.8.1,confirmation,False,3.8.20,0.6.1,2022.09.5,11.1,NVIDIA A100-PCIE-40GB
mmgnn-raw-logit-v2-20260918,49,fedavg_proto,server,test,logits,0.9262441818832796,True,1,204,cuda:0,1.8.1,confirmation,False,3.8.20,0.6.1,2022.09.5,11.1,NVIDIA A100-PCIE-40GB
mmgnn-raw-logit-v2-20260918,49,fedavg_proto,server,test,probabilities,0.9258861439312567,False,1,204,cuda:0,1.8.1,confirmation,False,3.8.20,0.6.1,2022.09.5,11.1,NVIDIA A100-PCIE-40GB
mmgnn-raw-logit-v2-20260918,49,fedavg_proto,client_0,val,logits,0.9375283961835531,True,1,204,cuda:0,1.8.1,confirmation,False,3.8.20,0.6.1,2022.09.5,11.1,NVIDIA A100-PCIE-40GB
mmgnn-raw-logit-v2-20260918,49,fedavg_proto,client_0,val,probabilities,0.9383802816901409,False,1,204,cuda:0,1.8.1,confirmation,False,3.8.20,0.6.1,2022.09.5,11.1,NVIDIA A100-PCIE-40GB
mmgnn-raw-logit-v2-20260918,49,fedavg_proto,client_0,test,logits,0.929466523451486,True,1,204,cuda:0,1.8.1,confirmation,False,3.8.20,0.6.1,2022.09.5,11.1,NVIDIA A100-PCIE-40GB
mmgnn-raw-logit-v2-20260918,49,fedavg_proto,client_0,test,probabilities,0.9295261964434897,False,1,204,cuda:0,1.8.1,confirmation,False,3.8.20,0.6.1,2022.09.5,11.1,NVIDIA A100-PCIE-40GB
mmgnn-raw-logit-v2-20260918,49,fedavg_proto,client_1,val,logits,0.9249204906860519,True,1,204,cuda:0,1.8.1,confirmation,False,3.8.20,0.6.1,2022.09.5,11.1,NVIDIA A100-PCIE-40GB
mmgnn-raw-logit-v2-20260918,49,fedavg_proto,client_1,val,probabilities,0.9258291685597456,False,1,204,cuda:0,1.8.1,confirmation,False,3.8.20,0.6.1,2022.09.5,11.1,NVIDIA A100-PCIE-40GB
mmgnn-raw-logit-v2-20260918,49,fedavg_proto,client_1,test,logits,0.9193221148108366,True,1,204,cuda:0,1.8.1,confirmation,False,3.8.20,0.6.1,2022.09.5,11.1,NVIDIA A100-PCIE-40GB
mmgnn-raw-logit-v2-20260918,49,fedavg_proto,client_1,test,probabilities,0.9188447308748061,False,1,204,cuda:0,1.8.1,confirmation,False,3.8.20,0.6.1,2022.09.5,11.1,NVIDIA A100-PCIE-40GB
mmgnn-raw-logit-v2-20260918,49,fedavg_proto,client_2,val,logits,0.9357110404361654,True,1,204,cuda:0,1.8.1,confirmation,False,3.8.20,0.6.1,2022.09.5,11.1,NVIDIA A100-PCIE-40GB
mmgnn-raw-logit-v2-20260918,49,fedavg_proto,client_2,val,probabilities,0.9353134938664244,False,1,204,cuda:0,1.8.1,confirmation,False,3.8.20,0.6.1,2022.09.5,11.1,NVIDIA A100-PCIE-40GB
mmgnn-raw-logit-v2-20260918,49,fedavg_proto,client_2,test,logits,0.918248000954768,True,1,204,cuda:0,1.8.1,confirmation,False,3.8.20,0.6.1,2022.09.5,11.1,NVIDIA A100-PCIE-40GB
mmgnn-raw-logit-v2-20260918,49,fedavg_proto,client_2,test,probabilities,0.9189640768588136,False,1,204,cuda:0,1.8.1,confirmation,False,3.8.20,0.6.1,2022.09.5,11.1,NVIDIA A100-PCIE-40GB
mmgnn-raw-logit-v2-20260918,49,fedavg_proto,client_3,val,logits,0.9430940481599273,True,1,204,cuda:0,1.8.1,confirmation,False,3.8.20,0.6.1,2022.09.5,11.1,NVIDIA A100-PCIE-40GB
mmgnn-raw-logit-v2-20260918,49,fedavg_proto,client_3,val,probabilities,0.9433212176283506,False,1,204,cuda:0,1.8.1,confirmation,False,3.8.20,0.6.1,2022.09.5,11.1,NVIDIA A100-PCIE-40GB
mmgnn-raw-logit-v2-20260918,49,fedavg_proto,client_3,test,logits,0.9349564387158372,True,1,204,cuda:0,1.8.1,confirmation,False,3.8.20,0.6.1,2022.09.5,11.1,NVIDIA A100-PCIE-40GB
mmgnn-raw-logit-v2-20260918,49,fedavg_proto,client_3,test,probabilities,0.934359708795799,False,1,204,cuda:0,1.8.1,confirmation,False,3.8.20,0.6.1,2022.09.5,11.1,NVIDIA A100-PCIE-40GB
