dataset,method,alpha,seed,round,local_steps,local_k,global_k,lambda_proto,split,model_scope,task,positives,negatives,observed_n,eligible,auc
Tox21,fedavg_proto,0.5,1,0,200,16,16,0.1,val,server,0,31,696,727,True,0.3087226548016314
Tox21,fedavg_proto,0.5,1,0,200,16,16,0.1,val,server,1,23,652,675,True,0.47716057615364094
Tox21,fedavg_proto,0.5,1,0,200,16,16,0.1,val,server,2,74,567,641,True,0.31399256399256403
Tox21,fedavg_proto,0.5,1,0,200,16,16,0.1,val,server,3,19,546,565,True,0.2780026990553306
Tox21,fedavg_proto,0.5,1,0,200,16,16,0.1,val,server,4,82,541,623,True,0.40146972634236505
Tox21,fedavg_proto,0.5,1,0,200,16,16,0.1,val,server,5,30,657,687,True,0.3837899543378995
Tox21,fedavg_proto,0.5,1,0,200,16,16,0.1,val,server,6,21,612,633,True,0.4964207905384376
Tox21,fedavg_proto,0.5,1,0,200,16,16,0.1,val,server,7,96,492,588,True,0.41985306571815717
Tox21,fedavg_proto,0.5,1,0,200,16,16,0.1,val,server,8,30,677,707,True,0.3856474643032988
Tox21,fedavg_proto,0.5,1,0,200,16,16,0.1,val,server,9,45,603,648,True,0.4926662981389349
Tox21,fedavg_proto,0.5,1,0,200,16,16,0.1,val,server,10,92,495,587,True,0.33960254721124283
Tox21,fedavg_proto,0.5,1,0,200,16,16,0.1,val,server,11,42,636,678,True,0.38570679844264755
Tox21,fedavg_proto,0.5,1,0,200,16,16,0.1,val,client_0,0,31,696,727,True,0.3638070077864294
Tox21,fedavg_proto,0.5,1,0,200,16,16,0.1,val,client_0,1,23,652,675,True,0.45555481461723124
Tox21,fedavg_proto,0.5,1,0,200,16,16,0.1,val,client_0,2,74,567,641,True,0.28113828113828115
Tox21,fedavg_proto,0.5,1,0,200,16,16,0.1,val,client_0,3,19,546,565,True,0.2894736842105263
Tox21,fedavg_proto,0.5,1,0,200,16,16,0.1,val,client_0,4,82,541,623,True,0.38511563951129346
Tox21,fedavg_proto,0.5,1,0,200,16,16,0.1,val,client_0,5,30,657,687,True,0.40885337392186705
Tox21,fedavg_proto,0.5,1,0,200,16,16,0.1,val,client_0,6,21,612,633,True,0.4958372237784002
Tox21,fedavg_proto,0.5,1,0,200,16,16,0.1,val,client_0,7,96,492,588,True,0.4720528455284553
Tox21,fedavg_proto,0.5,1,0,200,16,16,0.1,val,client_0,8,30,677,707,True,0.3635401280157558
Tox21,fedavg_proto,0.5,1,0,200,16,16,0.1,val,client_0,9,45,603,648,True,0.48844665561083467
Tox21,fedavg_proto,0.5,1,0,200,16,16,0.1,val,client_0,10,92,495,587,True,0.3344312692138779
Tox21,fedavg_proto,0.5,1,0,200,16,16,0.1,val,client_0,11,42,636,678,True,0.3989405510631926
Tox21,fedavg_proto,0.5,1,0,200,16,16,0.1,val,client_1,0,31,696,727,True,0.3915461624026696
Tox21,fedavg_proto,0.5,1,0,200,16,16,0.1,val,client_1,1,23,652,675,True,0.4728927714057082
Tox21,fedavg_proto,0.5,1,0,200,16,16,0.1,val,client_1,2,74,567,641,True,0.34128175794842464
Tox21,fedavg_proto,0.5,1,0,200,16,16,0.1,val,client_1,3,19,546,565,True,0.2606516290726817
Tox21,fedavg_proto,0.5,1,0,200,16,16,0.1,val,client_1,4,82,541,623,True,0.3718723231594607
Tox21,fedavg_proto,0.5,1,0,200,16,16,0.1,val,client_1,5,30,657,687,True,0.37696600710299344
Tox21,fedavg_proto,0.5,1,0,200,16,16,0.1,val,client_1,6,21,612,633,True,0.49805477746654214
Tox21,fedavg_proto,0.5,1,0,200,16,16,0.1,val,client_1,7,96,492,588,True,0.4044503726287263
Tox21,fedavg_proto,0.5,1,0,200,16,16,0.1,val,client_1,8,30,677,707,True,0.372821270310192
Tox21,fedavg_proto,0.5,1,0,200,16,16,0.1,val,client_1,9,45,603,648,True,0.4922056384742952
Tox21,fedavg_proto,0.5,1,0,200,16,16,0.1,val,client_1,10,92,495,587,True,0.31910408432147563
Tox21,fedavg_proto,0.5,1,0,200,16,16,0.1,val,client_1,11,42,636,678,True,0.36485474693021863
Tox21,fedavg_proto,0.5,1,0,200,16,16,0.1,val,client_2,0,31,696,727,True,0.39645902855024107
Tox21,fedavg_proto,0.5,1,0,200,16,16,0.1,val,client_2,1,23,652,675,True,0.4766937850093358
Tox21,fedavg_proto,0.5,1,0,200,16,16,0.1,val,client_2,2,74,567,641,True,0.34533342866676203
Tox21,fedavg_proto,0.5,1,0,200,16,16,0.1,val,client_2,3,19,546,565,True,0.2624831309041835
Tox21,fedavg_proto,0.5,1,0,200,16,16,0.1,val,client_2,4,82,541,623,True,0.368693927235021
Tox21,fedavg_proto,0.5,1,0,200,16,16,0.1,val,client_2,5,30,657,687,True,0.3857940131912735
Tox21,fedavg_proto,0.5,1,0,200,16,16,0.1,val,client_2,6,21,612,633,True,0.5010893246187363
Tox21,fedavg_proto,0.5,1,0,200,16,16,0.1,val,client_2,7,96,492,588,True,0.3910060975609756
Tox21,fedavg_proto,0.5,1,0,200,16,16,0.1,val,client_2,8,30,677,707,True,0.3595027080256032
Tox21,fedavg_proto,0.5,1,0,200,16,16,0.1,val,client_2,9,45,603,648,True,0.4908605122535471
Tox21,fedavg_proto,0.5,1,0,200,16,16,0.1,val,client_2,10,92,495,587,True,0.3273935002195872
Tox21,fedavg_proto,0.5,1,0,200,16,16,0.1,val,client_2,11,42,636,678,True,0.3539233303384247
Tox21,fedavg_proto,0.5,1,0,200,16,16,0.1,val,client_3,0,31,696,727,True,0.3852428624397478
Tox21,fedavg_proto,0.5,1,0,200,16,16,0.1,val,client_3,1,23,652,675,True,0.47739397172579356
Tox21,fedavg_proto,0.5,1,0,200,16,16,0.1,val,client_3,2,74,567,641,True,0.34490442823776163
Tox21,fedavg_proto,0.5,1,0,200,16,16,0.1,val,client_3,3,19,546,565,True,0.25428957007904374
Tox21,fedavg_proto,0.5,1,0,200,16,16,0.1,val,client_3,4,82,541,623,True,0.3720864704025968
Tox21,fedavg_proto,0.5,1,0,200,16,16,0.1,val,client_3,5,30,657,687,True,0.37929984779299847
Tox21,fedavg_proto,0.5,1,0,200,16,16,0.1,val,client_3,6,21,612,633,True,0.49875505757858696
Tox21,fedavg_proto,0.5,1,0,200,16,16,0.1,val,client_3,7,96,492,588,True,0.39809874661246614
Tox21,fedavg_proto,0.5,1,0,200,16,16,0.1,val,client_3,8,30,677,707,True,0.3731659281142294
Tox21,fedavg_proto,0.5,1,0,200,16,16,0.1,val,client_3,9,45,603,648,True,0.493477059148701
Tox21,fedavg_proto,0.5,1,0,200,16,16,0.1,val,client_3,10,92,495,587,True,0.3221014492753623
Tox21,fedavg_proto,0.5,1,0,200,16,16,0.1,val,client_3,11,42,636,678,True,0.3628706199460916
Tox21,fedavg_proto,0.5,1,0,200,16,16,0.1,test,server,0,32,693,725,True,0.20188492063492064
Tox21,fedavg_proto,0.5,1,0,200,16,16,0.1,test,server,1,33,646,679,True,0.36706069987803736
Tox21,fedavg_proto,0.5,1,0,200,16,16,0.1,test,server,2,77,572,649,True,0.2979406956679684
Tox21,fedavg_proto,0.5,1,0,200,16,16,0.1,test,server,3,38,538,576,True,0.30632459401291323
Tox21,fedavg_proto,0.5,1,0,200,16,16,0.1,test,server,4,80,531,611,True,0.3496351224105462
Tox21,fedavg_proto,0.5,1,0,200,16,16,0.1,test,server,5,34,647,681,True,0.4036048731702882
Tox21,fedavg_proto,0.5,1,0,200,16,16,0.1,test,server,6,21,617,638,True,0.4463996295438758
Tox21,fedavg_proto,0.5,1,0,200,16,16,0.1,test,server,7,95,494,589,True,0.35008523332623054
Tox21,fedavg_proto,0.5,1,0,200,16,16,0.1,test,server,8,32,670,702,True,0.4479477611940298
Tox21,fedavg_proto,0.5,1,0,200,16,16,0.1,test,server,9,36,621,657,True,0.48456790123456794
Tox21,fedavg_proto,0.5,1,0,200,16,16,0.1,test,server,10,93,485,578,True,0.34414144773306726
Tox21,fedavg_proto,0.5,1,0,200,16,16,0.1,test,server,11,48,624,672,True,0.38611778846153844
Tox21,fedavg_proto,0.5,1,0,200,16,16,0.1,test,client_0,0,32,693,725,True,0.2500225468975469
Tox21,fedavg_proto,0.5,1,0,200,16,16,0.1,test,client_0,1,33,646,679,True,0.351698095506145
Tox21,fedavg_proto,0.5,1,0,200,16,16,0.1,test,client_0,2,77,572,649,True,0.2746003996003996
Tox21,fedavg_proto,0.5,1,0,200,16,16,0.1,test,client_0,3,38,538,576,True,0.32097436900802195
Tox21,fedavg_proto,0.5,1,0,200,16,16,0.1,test,client_0,4,80,531,611,True,0.32914312617702446
Tox21,fedavg_proto,0.5,1,0,200,16,16,0.1,test,client_0,5,34,647,681,True,0.4241749249931812
Tox21,fedavg_proto,0.5,1,0,200,16,16,0.1,test,client_0,6,21,617,638,True,0.4414602145558385
Tox21,fedavg_proto,0.5,1,0,200,16,16,0.1,test,client_0,7,95,494,589,True,0.40339867888344344
Tox21,fedavg_proto,0.5,1,0,200,16,16,0.1,test,client_0,8,32,670,702,True,0.4386194029850747
Tox21,fedavg_proto,0.5,1,0,200,16,16,0.1,test,client_0,9,36,621,657,True,0.47790302379674365
Tox21,fedavg_proto,0.5,1,0,200,16,16,0.1,test,client_0,10,93,485,578,True,0.3572331227136681
Tox21,fedavg_proto,0.5,1,0,200,16,16,0.1,test,client_0,11,48,624,672,True,0.4021768162393162
Tox21,fedavg_proto,0.5,1,0,200,16,16,0.1,test,client_1,0,32,693,725,True,0.27475649350649345
Tox21,fedavg_proto,0.5,1,0,200,16,16,0.1,test,client_1,1,33,646,679,True,0.3608218406980017
Tox21,fedavg_proto,0.5,1,0,200,16,16,0.1,test,client_1,2,77,572,649,True,0.3186245572609209
Tox21,fedavg_proto,0.5,1,0,200,16,16,0.1,test,client_1,3,38,538,576,True,0.3166210135002935
Tox21,fedavg_proto,0.5,1,0,200,16,16,0.1,test,client_1,4,80,531,611,True,0.32431732580037664
Tox21,fedavg_proto,0.5,1,0,200,16,16,0.1,test,client_1,5,34,647,681,True,0.4053095735975997
Tox21,fedavg_proto,0.5,1,0,200,16,16,0.1,test,client_1,6,21,617,638,True,0.4370996372617118
Tox21,fedavg_proto,0.5,1,0,200,16,16,0.1,test,client_1,7,95,494,589,True,0.350767099936075
Tox21,fedavg_proto,0.5,1,0,200,16,16,0.1,test,client_1,8,32,670,702,True,0.43255597014925373
Tox21,fedavg_proto,0.5,1,0,200,16,16,0.1,test,client_1,9,36,621,657,True,0.4748389694041868
Tox21,fedavg_proto,0.5,1,0,200,16,16,0.1,test,client_1,10,93,485,578,True,0.346535860769316
Tox21,fedavg_proto,0.5,1,0,200,16,16,0.1,test,client_1,11,48,624,672,True,0.3878872863247863
Tox21,fedavg_proto,0.5,1,0,200,16,16,0.1,test,client_2,0,32,693,725,True,0.27962662337662336
Tox21,fedavg_proto,0.5,1,0,200,16,16,0.1,test,client_2,1,33,646,679,True,0.3637301810676424
Tox21,fedavg_proto,0.5,1,0,200,16,16,0.1,test,client_2,2,77,572,649,True,0.3230633003360276
Tox21,fedavg_proto,0.5,1,0,200,16,16,0.1,test,client_2,3,38,538,576,True,0.3192134611621992
Tox21,fedavg_proto,0.5,1,0,200,16,16,0.1,test,client_2,4,80,531,611,True,0.31842043314500945
Tox21,fedavg_proto,0.5,1,0,200,16,16,0.1,test,client_2,5,34,647,681,True,0.4143558505318665
Tox21,fedavg_proto,0.5,1,0,200,16,16,0.1,test,client_2,6,21,617,638,True,0.44539631087443077
Tox21,fedavg_proto,0.5,1,0,200,16,16,0.1,test,client_2,7,95,494,589,True,0.34941402088216494
Tox21,fedavg_proto,0.5,1,0,200,16,16,0.1,test,client_2,8,32,670,702,True,0.42206156716417914
Tox21,fedavg_proto,0.5,1,0,200,16,16,0.1,test,client_2,9,36,621,657,True,0.4832707103238504
Tox21,fedavg_proto,0.5,1,0,200,16,16,0.1,test,client_2,10,93,485,578,True,0.3535971621771422
Tox21,fedavg_proto,0.5,1,0,200,16,16,0.1,test,client_2,11,48,624,672,True,0.3838641826923077
Tox21,fedavg_proto,0.5,1,0,200,16,16,0.1,test,client_3,0,32,693,725,True,0.26785714285714285
Tox21,fedavg_proto,0.5,1,0,200,16,16,0.1,test,client_3,1,33,646,679,True,0.36180692372642836
Tox21,fedavg_proto,0.5,1,0,200,16,16,0.1,test,client_3,2,77,572,649,True,0.3211447643265825
Tox21,fedavg_proto,0.5,1,0,200,16,16,0.1,test,client_3,3,38,538,576,True,0.3208031696341225
Tox21,fedavg_proto,0.5,1,0,200,16,16,0.1,test,client_3,4,80,531,611,True,0.32304613935969867
Tox21,fedavg_proto,0.5,1,0,200,16,16,0.1,test,client_3,5,34,647,681,True,0.4056277843440313
Tox21,fedavg_proto,0.5,1,0,200,16,16,0.1,test,client_3,6,21,617,638,True,0.4471714131357567
Tox21,fedavg_proto,0.5,1,0,200,16,16,0.1,test,client_3,7,95,494,589,True,0.3523545706371191
Tox21,fedavg_proto,0.5,1,0,200,16,16,0.1,test,client_3,8,32,670,702,True,0.43271921641791045
Tox21,fedavg_proto,0.5,1,0,200,16,16,0.1,test,client_3,9,36,621,657,True,0.4721551261406334
Tox21,fedavg_proto,0.5,1,0,200,16,16,0.1,test,client_3,10,93,485,578,True,0.35477219820419026
Tox21,fedavg_proto,0.5,1,0,200,16,16,0.1,test,client_3,11,48,624,672,True,0.3887887286324786
Tox21,fedavg_proto,0.5,1,1,200,16,16,0.1,val,server,0,31,696,727,True,0.6815211345939933
Tox21,fedavg_proto,0.5,1,1,200,16,16,0.1,val,server,1,23,652,675,True,0.3916377700720192
Tox21,fedavg_proto,0.5,1,1,200,16,16,0.1,val,server,2,74,567,641,True,0.7579960913294247
Tox21,fedavg_proto,0.5,1,1,200,16,16,0.1,val,server,3,19,546,565,True,0.6870059764796607
Tox21,fedavg_proto,0.5,1,1,200,16,16,0.1,val,server,4,82,541,623,True,0.537926603850142
Tox21,fedavg_proto,0.5,1,1,200,16,16,0.1,val,server,5,30,657,687,True,0.5790461694571284
Tox21,fedavg_proto,0.5,1,1,200,16,16,0.1,val,server,6,21,612,633,True,0.45669934640522875
Tox21,fedavg_proto,0.5,1,1,200,16,16,0.1,val,server,7,96,492,588,True,0.634400406504065
Tox21,fedavg_proto,0.5,1,1,200,16,16,0.1,val,server,8,30,677,707,True,0.31649433776464797
Tox21,fedavg_proto,0.5,1,1,200,16,16,0.1,val,server,9,45,603,648,True,0.4871568085498434
Tox21,fedavg_proto,0.5,1,1,200,16,16,0.1,val,server,10,92,495,587,True,0.7056324110671937
Tox21,fedavg_proto,0.5,1,1,200,16,16,0.1,val,server,11,42,636,678,True,0.668837975441749
Tox21,fedavg_proto,0.5,1,1,200,16,16,0.1,val,client_0,0,31,696,727,True,0.21384872080088985
Tox21,fedavg_proto,0.5,1,1,200,16,16,0.1,val,client_0,1,23,652,675,True,0.3332221925846892
Tox21,fedavg_proto,0.5,1,1,200,16,16,0.1,val,client_0,2,74,567,641,True,0.7642404309070977
Tox21,fedavg_proto,0.5,1,1,200,16,16,0.1,val,client_0,3,19,546,565,True,0.6827646038172354
Tox21,fedavg_proto,0.5,1,1,200,16,16,0.1,val,client_0,4,82,541,623,True,0.568538388711059
Tox21,fedavg_proto,0.5,1,1,200,16,16,0.1,val,client_0,5,30,657,687,True,0.5504566210045663
Tox21,fedavg_proto,0.5,1,1,200,16,16,0.1,val,client_0,6,21,612,633,True,0.47549019607843135
Tox21,fedavg_proto,0.5,1,1,200,16,16,0.1,val,client_0,7,96,492,588,True,0.6296578590785908
Tox21,fedavg_proto,0.5,1,1,200,16,16,0.1,val,client_0,8,30,677,707,True,0.3967503692762186
Tox21,fedavg_proto,0.5,1,1,200,16,16,0.1,val,client_0,9,45,603,648,True,0.524304403906394
Tox21,fedavg_proto,0.5,1,1,200,16,16,0.1,val,client_0,10,92,495,587,True,0.7038866930171278
Tox21,fedavg_proto,0.5,1,1,200,16,16,0.1,val,client_0,11,42,636,678,True,0.6494459418987721
Tox21,fedavg_proto,0.5,1,1,200,16,16,0.1,val,client_1,0,31,696,727,True,0.37685391175380056
Tox21,fedavg_proto,0.5,1,1,200,16,16,0.1,val,client_1,1,23,652,675,True,0.3536609762603361
Tox21,fedavg_proto,0.5,1,1,200,16,16,0.1,val,client_1,2,74,567,641,True,0.766290099623433
Tox21,fedavg_proto,0.5,1,1,200,16,16,0.1,val,client_1,3,19,546,565,True,0.642664353190669
Tox21,fedavg_proto,0.5,1,1,200,16,16,0.1,val,client_1,4,82,541,623,True,0.47119156034443893
Tox21,fedavg_proto,0.5,1,1,200,16,16,0.1,val,client_1,5,30,657,687,True,0.5550481988838153
Tox21,fedavg_proto,0.5,1,1,200,16,16,0.1,val,client_1,6,21,612,633,True,0.47175536881419233
Tox21,fedavg_proto,0.5,1,1,200,16,16,0.1,val,client_1,7,96,492,588,True,0.6298484078590786
Tox21,fedavg_proto,0.5,1,1,200,16,16,0.1,val,client_1,8,30,677,707,True,0.5721073362875431
Tox21,fedavg_proto,0.5,1,1,200,16,16,0.1,val,client_1,9,45,603,648,True,0.5464897733554449
Tox21,fedavg_proto,0.5,1,1,200,16,16,0.1,val,client_1,10,92,495,587,True,0.6741106719367589
Tox21,fedavg_proto,0.5,1,1,200,16,16,0.1,val,client_1,11,42,636,678,True,0.6544624138963762
Tox21,fedavg_proto,0.5,1,1,200,16,16,0.1,val,client_2,0,31,696,727,True,0.6653689284390063
Tox21,fedavg_proto,0.5,1,1,200,16,16,0.1,val,client_2,1,23,652,675,True,0.4440517471325687
Tox21,fedavg_proto,0.5,1,1,200,16,16,0.1,val,client_2,2,74,567,641,True,0.7533605033605034
Tox21,fedavg_proto,0.5,1,1,200,16,16,0.1,val,client_2,3,19,546,565,True,0.6936572199730094
Tox21,fedavg_proto,0.5,1,1,200,16,16,0.1,val,client_2,4,82,541,623,True,0.5519701546368514
Tox21,fedavg_proto,0.5,1,1,200,16,16,0.1,val,client_2,5,30,657,687,True,0.6247336377473365
Tox21,fedavg_proto,0.5,1,1,200,16,16,0.1,val,client_2,6,21,612,633,True,0.4864612511671335
Tox21,fedavg_proto,0.5,1,1,200,16,16,0.1,val,client_2,7,96,492,588,True,0.6408790650406504
Tox21,fedavg_proto,0.5,1,1,200,16,16,0.1,val,client_2,8,30,677,707,True,0.2901033973412112
Tox21,fedavg_proto,0.5,1,1,200,16,16,0.1,val,client_2,9,45,603,648,True,0.47119955776672195
Tox21,fedavg_proto,0.5,1,1,200,16,16,0.1,val,client_2,10,92,495,587,True,0.716820377689943
Tox21,fedavg_proto,0.5,1,1,200,16,16,0.1,val,client_2,11,42,636,678,True,0.6891659179395029
Tox21,fedavg_proto,0.5,1,1,200,16,16,0.1,val,client_3,0,31,696,727,True,0.7045791620318873
Tox21,fedavg_proto,0.5,1,1,200,16,16,0.1,val,client_3,1,23,652,675,True,0.460256068284876
Tox21,fedavg_proto,0.5,1,1,200,16,16,0.1,val,client_3,2,74,567,641,True,0.740609657276324
Tox21,fedavg_proto,0.5,1,1,200,16,16,0.1,val,client_3,3,19,546,565,True,0.6851262772315404
Tox21,fedavg_proto,0.5,1,1,200,16,16,0.1,val,client_3,4,82,541,623,True,0.5432352012984085
Tox21,fedavg_proto,0.5,1,1,200,16,16,0.1,val,client_3,5,30,657,687,True,0.6275494672754948
Tox21,fedavg_proto,0.5,1,1,200,16,16,0.1,val,client_3,6,21,612,633,True,0.4275988173046997
Tox21,fedavg_proto,0.5,1,1,200,16,16,0.1,val,client_3,7,96,492,588,True,0.6348661924119241
Tox21,fedavg_proto,0.5,1,1,200,16,16,0.1,val,client_3,8,30,677,707,True,0.3561792220580995
Tox21,fedavg_proto,0.5,1,1,200,16,16,0.1,val,client_3,9,45,603,648,True,0.48975492905841167
Tox21,fedavg_proto,0.5,1,1,200,16,16,0.1,val,client_3,10,92,495,587,True,0.7072244180939833
Tox21,fedavg_proto,0.5,1,1,200,16,16,0.1,val,client_3,11,42,636,678,True,0.682240191674154
Tox21,fedavg_proto,0.5,1,1,200,16,16,0.1,test,server,0,32,693,725,True,0.7258748196248197
Tox21,fedavg_proto,0.5,1,1,200,16,16,0.1,test,server,1,33,646,679,True,0.4800637958532695
Tox21,fedavg_proto,0.5,1,1,200,16,16,0.1,test,server,2,77,572,649,True,0.7670057215511761
Tox21,fedavg_proto,0.5,1,1,200,16,16,0.1,test,server,3,38,538,576,True,0.5818333007239288
Tox21,fedavg_proto,0.5,1,1,200,16,16,0.1,test,server,4,80,531,611,True,0.5772128060263654
Tox21,fedavg_proto,0.5,1,1,200,16,16,0.1,test,server,5,34,647,681,True,0.5480498227111555
Tox21,fedavg_proto,0.5,1,1,200,16,16,0.1,test,server,6,21,617,638,True,0.6280003087134367
Tox21,fedavg_proto,0.5,1,1,200,16,16,0.1,test,server,7,95,494,589,True,0.5993287875559344
Tox21,fedavg_proto,0.5,1,1,200,16,16,0.1,test,server,8,32,670,702,True,0.43460820895522384
Tox21,fedavg_proto,0.5,1,1,200,16,16,0.1,test,server,9,36,621,657,True,0.5114734299516908
Tox21,fedavg_proto,0.5,1,1,200,16,16,0.1,test,server,10,93,485,578,True,0.6811661678306175
Tox21,fedavg_proto,0.5,1,1,200,16,16,0.1,test,server,11,48,624,672,True,0.6139322916666666
Tox21,fedavg_proto,0.5,1,1,200,16,16,0.1,test,client_0,0,32,693,725,True,0.28578192640692635
Tox21,fedavg_proto,0.5,1,1,200,16,16,0.1,test,client_0,1,33,646,679,True,0.42086499671638994
Tox21,fedavg_proto,0.5,1,1,200,16,16,0.1,test,client_0,2,77,572,649,True,0.7670057215511761
Tox21,fedavg_proto,0.5,1,1,200,16,16,0.1,test,client_0,3,38,538,576,True,0.5595773821170026
Tox21,fedavg_proto,0.5,1,1,200,16,16,0.1,test,client_0,4,80,531,611,True,0.6086393596986818
Tox21,fedavg_proto,0.5,1,1,200,16,16,0.1,test,client_0,5,34,647,681,True,0.5222292935721429
Tox21,fedavg_proto,0.5,1,1,200,16,16,0.1,test,client_0,6,21,617,638,True,0.6449795477348151
Tox21,fedavg_proto,0.5,1,1,200,16,16,0.1,test,client_0,7,95,494,589,True,0.5965693586192201
Tox21,fedavg_proto,0.5,1,1,200,16,16,0.1,test,client_0,8,32,670,702,True,0.5147388059701493
Tox21,fedavg_proto,0.5,1,1,200,16,16,0.1,test,client_0,9,36,621,657,True,0.4700304168903203
Tox21,fedavg_proto,0.5,1,1,200,16,16,0.1,test,client_0,10,93,485,578,True,0.6866090233898681
Tox21,fedavg_proto,0.5,1,1,200,16,16,0.1,test,client_0,11,48,624,672,True,0.5931991185897436
Tox21,fedavg_proto,0.5,1,1,200,16,16,0.1,test,client_1,0,32,693,725,True,0.3859577922077922
Tox21,fedavg_proto,0.5,1,1,200,16,16,0.1,test,client_1,1,33,646,679,True,0.42987147011914817
Tox21,fedavg_proto,0.5,1,1,200,16,16,0.1,test,client_1,2,77,572,649,True,0.76741440377804
Tox21,fedavg_proto,0.5,1,1,200,16,16,0.1,test,client_1,3,38,538,576,True,0.5592349833692036
Tox21,fedavg_proto,0.5,1,1,200,16,16,0.1,test,client_1,4,80,531,611,True,0.47123352165725046
Tox21,fedavg_proto,0.5,1,1,200,16,16,0.1,test,client_1,5,34,647,681,True,0.5135012273843077
Tox21,fedavg_proto,0.5,1,1,200,16,16,0.1,test,client_1,6,21,617,638,True,0.6484139847186849
Tox21,fedavg_proto,0.5,1,1,200,16,16,0.1,test,client_1,7,95,494,589,True,0.5893458342211805
Tox21,fedavg_proto,0.5,1,1,200,16,16,0.1,test,client_1,8,32,670,702,True,0.637313432835821
Tox21,fedavg_proto,0.5,1,1,200,16,16,0.1,test,client_1,9,36,621,657,True,0.4962426194310252
Tox21,fedavg_proto,0.5,1,1,200,16,16,0.1,test,client_1,10,93,485,578,True,0.6588626538077818
Tox21,fedavg_proto,0.5,1,1,200,16,16,0.1,test,client_1,11,48,624,672,True,0.5941172542735043
Tox21,fedavg_proto,0.5,1,1,200,16,16,0.1,test,client_2,0,32,693,725,True,0.6727994227994227
Tox21,fedavg_proto,0.5,1,1,200,16,16,0.1,test,client_2,1,33,646,679,True,0.5310535697532601
Tox21,fedavg_proto,0.5,1,1,200,16,16,0.1,test,client_2,2,77,572,649,True,0.7665516301879938
Tox21,fedavg_proto,0.5,1,1,200,16,16,0.1,test,client_2,3,38,538,576,True,0.6150459792604187
Tox21,fedavg_proto,0.5,1,1,200,16,16,0.1,test,client_2,4,80,531,611,True,0.5879237288135594
Tox21,fedavg_proto,0.5,1,1,200,16,16,0.1,test,client_2,5,34,647,681,True,0.5796890626420583
Tox21,fedavg_proto,0.5,1,1,200,16,16,0.1,test,client_2,6,21,617,638,True,0.4484062668827661
Tox21,fedavg_proto,0.5,1,1,200,16,16,0.1,test,client_2,7,95,494,589,True,0.6076496910291924
Tox21,fedavg_proto,0.5,1,1,200,16,16,0.1,test,client_2,8,32,670,702,True,0.3709888059701492
Tox21,fedavg_proto,0.5,1,1,200,16,16,0.1,test,client_2,9,36,621,657,True,0.5536992306315978
Tox21,fedavg_proto,0.5,1,1,200,16,16,0.1,test,client_2,10,93,485,578,True,0.6961090788160957
Tox21,fedavg_proto,0.5,1,1,200,16,16,0.1,test,client_2,11,48,624,672,True,0.6419437767094017
Tox21,fedavg_proto,0.5,1,1,200,16,16,0.1,test,client_3,0,32,693,725,True,0.7123466810966811
Tox21,fedavg_proto,0.5,1,1,200,16,16,0.1,test,client_3,1,33,646,679,True,0.5459236326109391
Tox21,fedavg_proto,0.5,1,1,200,16,16,0.1,test,client_3,2,77,572,649,True,0.7548247207338117
Tox21,fedavg_proto,0.5,1,1,200,16,16,0.1,test,client_3,3,38,538,576,True,0.601570142829192
Tox21,fedavg_proto,0.5,1,1,200,16,16,0.1,test,client_3,4,80,531,611,True,0.5815207156308851
Tox21,fedavg_proto,0.5,1,1,200,16,16,0.1,test,client_3,5,34,647,681,True,0.5759159923629421
Tox21,fedavg_proto,0.5,1,1,200,16,16,0.1,test,client_3,6,21,617,638,True,0.45176352550744775
Tox21,fedavg_proto,0.5,1,1,200,16,16,0.1,test,client_3,7,95,494,589,True,0.6023865331344556
Tox21,fedavg_proto,0.5,1,1,200,16,16,0.1,test,client_3,8,32,670,702,True,0.4784281716417911
Tox21,fedavg_proto,0.5,1,1,200,16,16,0.1,test,client_3,9,36,621,657,True,0.562958489890857
Tox21,fedavg_proto,0.5,1,1,200,16,16,0.1,test,client_3,10,93,485,578,True,0.6758009089901341
Tox21,fedavg_proto,0.5,1,1,200,16,16,0.1,test,client_3,11,48,624,672,True,0.6304086538461537
Tox21,fedavg_proto,0.5,1,2,200,16,16,0.1,val,server,0,31,696,727,True,0.4078142380422692
Tox21,fedavg_proto,0.5,1,2,200,16,16,0.1,val,server,1,23,652,675,True,0.42011202987463325
Tox21,fedavg_proto,0.5,1,2,200,16,16,0.1,val,server,2,74,567,641,True,0.7751799418466084
Tox21,fedavg_proto,0.5,1,2,200,16,16,0.1,val,server,3,19,546,565,True,0.6772700983227299
Tox21,fedavg_proto,0.5,1,2,200,16,16,0.1,val,server,4,82,541,623,True,0.5711870519814256
Tox21,fedavg_proto,0.5,1,2,200,16,16,0.1,val,server,5,30,657,687,True,0.5921359715880264
Tox21,fedavg_proto,0.5,1,2,200,16,16,0.1,val,server,6,21,612,633,True,0.4888733271086213
Tox21,fedavg_proto,0.5,1,2,200,16,16,0.1,val,server,7,96,492,588,True,0.6458121612466124
Tox21,fedavg_proto,0.5,1,2,200,16,16,0.1,val,server,8,30,677,707,True,0.6736090595765633
Tox21,fedavg_proto,0.5,1,2,200,16,16,0.1,val,server,9,45,603,648,True,0.5648793071678644
Tox21,fedavg_proto,0.5,1,2,200,16,16,0.1,val,server,10,92,495,587,True,0.7256038647342995
Tox21,fedavg_proto,0.5,1,2,200,16,16,0.1,val,server,11,42,636,678,True,0.68523510032944
Tox21,fedavg_proto,0.5,1,2,200,16,16,0.1,val,client_0,0,31,696,727,True,0.3046903967371153
Tox21,fedavg_proto,0.5,1,2,200,16,16,0.1,val,client_0,1,23,652,675,True,0.35769538543611634
Tox21,fedavg_proto,0.5,1,2,200,16,16,0.1,val,client_0,2,74,567,641,True,0.7794937794937795
Tox21,fedavg_proto,0.5,1,2,200,16,16,0.1,val,client_0,3,19,546,565,True,0.6606901870059765
Tox21,fedavg_proto,0.5,1,2,200,16,16,0.1,val,client_0,4,82,541,623,True,0.5627564131463866
Tox21,fedavg_proto,0.5,1,2,200,16,16,0.1,val,client_0,5,30,657,687,True,0.5597666159309995
Tox21,fedavg_proto,0.5,1,2,200,16,16,0.1,val,client_0,6,21,612,633,True,0.5015561780267662
Tox21,fedavg_proto,0.5,1,2,200,16,16,0.1,val,client_0,7,96,492,588,True,0.6451769986449865
Tox21,fedavg_proto,0.5,1,2,200,16,16,0.1,val,client_0,8,30,677,707,True,0.6927621861152141
Tox21,fedavg_proto,0.5,1,2,200,16,16,0.1,val,client_0,9,45,603,648,True,0.570075548185001
Tox21,fedavg_proto,0.5,1,2,200,16,16,0.1,val,client_0,10,92,495,587,True,0.711747913921827
Tox21,fedavg_proto,0.5,1,2,200,16,16,0.1,val,client_0,11,42,636,678,True,0.6640086852351003
Tox21,fedavg_proto,0.5,1,2,200,16,16,0.1,val,client_1,0,31,696,727,True,0.4295745272525028
Tox21,fedavg_proto,0.5,1,2,200,16,16,0.1,val,client_1,1,23,652,675,True,0.4287810082688717
Tox21,fedavg_proto,0.5,1,2,200,16,16,0.1,val,client_1,2,74,567,641,True,0.7705086038419372
Tox21,fedavg_proto,0.5,1,2,200,16,16,0.1,val,client_1,3,19,546,565,True,0.6476768845189897
Tox21,fedavg_proto,0.5,1,2,200,16,16,0.1,val,client_1,4,82,541,623,True,0.5630945403723908
Tox21,fedavg_proto,0.5,1,2,200,16,16,0.1,val,client_1,5,30,657,687,True,0.5871131405377981
Tox21,fedavg_proto,0.5,1,2,200,16,16,0.1,val,client_1,6,21,612,633,True,0.4882508558979147
Tox21,fedavg_proto,0.5,1,2,200,16,16,0.1,val,client_1,7,96,492,588,True,0.6522061314363143
Tox21,fedavg_proto,0.5,1,2,200,16,16,0.1,val,client_1,8,30,677,707,True,0.6783357951747908
Tox21,fedavg_proto,0.5,1,2,200,16,16,0.1,val,client_1,9,45,603,648,True,0.5582089552238806
Tox21,fedavg_proto,0.5,1,2,200,16,16,0.1,val,client_1,10,92,495,587,True,0.7168752744839701
Tox21,fedavg_proto,0.5,1,2,200,16,16,0.1,val,client_1,11,42,636,678,True,0.6844863731656184
Tox21,fedavg_proto,0.5,1,2,200,16,16,0.1,val,client_2,0,31,696,727,True,0.4314516129032258
Tox21,fedavg_proto,0.5,1,2,200,16,16,0.1,val,client_2,1,23,652,675,True,0.4813950386769806
Tox21,fedavg_proto,0.5,1,2,200,16,16,0.1,val,client_2,2,74,567,641,True,0.770222603555937
Tox21,fedavg_proto,0.5,1,2,200,16,16,0.1,val,client_2,3,19,546,565,True,0.7036822826296509
Tox21,fedavg_proto,0.5,1,2,200,16,16,0.1,val,client_2,4,82,541,623,True,0.5768901311933636
Tox21,fedavg_proto,0.5,1,2,200,16,16,0.1,val,client_2,5,30,657,687,True,0.625925925925926
Tox21,fedavg_proto,0.5,1,2,200,16,16,0.1,val,client_2,6,21,612,633,True,0.48109243697479
Tox21,fedavg_proto,0.5,1,2,200,16,16,0.1,val,client_2,7,96,492,588,True,0.6471036585365854
Tox21,fedavg_proto,0.5,1,2,200,16,16,0.1,val,client_2,8,30,677,707,True,0.6447562776957164
Tox21,fedavg_proto,0.5,1,2,200,16,16,0.1,val,client_2,9,45,603,648,True,0.551354339414041
Tox21,fedavg_proto,0.5,1,2,200,16,16,0.1,val,client_2,10,92,495,587,True,0.7337066315327185
Tox21,fedavg_proto,0.5,1,2,200,16,16,0.1,val,client_2,11,42,636,678,True,0.6967280622941
Tox21,fedavg_proto,0.5,1,2,200,16,16,0.1,val,client_3,0,31,696,727,True,0.47246941045606233
Tox21,fedavg_proto,0.5,1,2,200,16,16,0.1,val,client_3,1,23,652,675,True,0.4813283542277941
Tox21,fedavg_proto,0.5,1,2,200,16,16,0.1,val,client_3,2,74,567,641,True,0.7710091043424377
Tox21,fedavg_proto,0.5,1,2,200,16,16,0.1,val,client_3,3,19,546,565,True,0.6911509543088491
Tox21,fedavg_proto,0.5,1,2,200,16,16,0.1,val,client_3,4,82,541,623,True,0.5771155493440332
Tox21,fedavg_proto,0.5,1,2,200,16,16,0.1,val,client_3,5,30,657,687,True,0.6247590055809235
Tox21,fedavg_proto,0.5,1,2,200,16,16,0.1,val,client_3,6,21,612,633,True,0.4936974789915966
Tox21,fedavg_proto,0.5,1,2,200,16,16,0.1,val,client_3,7,96,492,588,True,0.6484375
Tox21,fedavg_proto,0.5,1,2,200,16,16,0.1,val,client_3,8,30,677,707,True,0.6737567700640079
Tox21,fedavg_proto,0.5,1,2,200,16,16,0.1,val,client_3,9,45,603,648,True,0.5638105767459001
Tox21,fedavg_proto,0.5,1,2,200,16,16,0.1,val,client_3,10,92,495,587,True,0.7328722002635046
Tox21,fedavg_proto,0.5,1,2,200,16,16,0.1,val,client_3,11,42,636,678,True,0.7031296795447739
Tox21,fedavg_proto,0.5,1,2,200,16,16,0.1,test,server,0,32,693,725,True,0.4555375180375181
Tox21,fedavg_proto,0.5,1,2,200,16,16,0.1,test,server,1,33,646,679,True,0.5107890045970541
Tox21,fedavg_proto,0.5,1,2,200,16,16,0.1,test,server,2,77,572,649,True,0.7764167650531286
Tox21,fedavg_proto,0.5,1,2,200,16,16,0.1,test,server,3,38,538,576,True,0.5959694775973391
Tox21,fedavg_proto,0.5,1,2,200,16,16,0.1,test,server,4,80,531,611,True,0.6161252354048964
Tox21,fedavg_proto,0.5,1,2,200,16,16,0.1,test,server,5,34,647,681,True,0.5467769797254296
Tox21,fedavg_proto,0.5,1,2,200,16,16,0.1,test,server,6,21,617,638,True,0.6392683491548968
Tox21,fedavg_proto,0.5,1,2,200,16,16,0.1,test,server,7,95,494,589,True,0.6276795226933731
Tox21,fedavg_proto,0.5,1,2,200,16,16,0.1,test,server,8,32,670,702,True,0.6766557835820896
Tox21,fedavg_proto,0.5,1,2,200,16,16,0.1,test,server,9,36,621,657,True,0.49660046519949896
Tox21,fedavg_proto,0.5,1,2,200,16,16,0.1,test,server,10,93,485,578,True,0.712515242212615
Tox21,fedavg_proto,0.5,1,2,200,16,16,0.1,test,server,11,48,624,672,True,0.6200253739316239
Tox21,fedavg_proto,0.5,1,2,200,16,16,0.1,test,client_0,0,32,693,725,True,0.30073051948051943
Tox21,fedavg_proto,0.5,1,2,200,16,16,0.1,test,client_0,1,33,646,679,True,0.4534665540857491
Tox21,fedavg_proto,0.5,1,2,200,16,16,0.1,test,client_0,2,77,572,649,True,0.7732494777949324
Tox21,fedavg_proto,0.5,1,2,200,16,16,0.1,test,client_0,3,38,538,576,True,0.569311289375856
Tox21,fedavg_proto,0.5,1,2,200,16,16,0.1,test,client_0,4,80,531,611,True,0.6089924670433146
Tox21,fedavg_proto,0.5,1,2,200,16,16,0.1,test,client_0,5,34,647,681,True,0.5290480952813892
Tox21,fedavg_proto,0.5,1,2,200,16,16,0.1,test,client_0,6,21,617,638,True,0.6432044454734892
Tox21,fedavg_proto,0.5,1,2,200,16,16,0.1,test,client_0,7,95,494,589,True,0.618836565096953
Tox21,fedavg_proto,0.5,1,2,200,16,16,0.1,test,client_0,8,32,670,702,True,0.6724813432835821
Tox21,fedavg_proto,0.5,1,2,200,16,16,0.1,test,client_0,9,36,621,657,True,0.49615315798890675
Tox21,fedavg_proto,0.5,1,2,200,16,16,0.1,test,client_0,10,93,485,578,True,0.7018734064959539
Tox21,fedavg_proto,0.5,1,2,200,16,16,0.1,test,client_0,11,48,624,672,True,0.600093482905983
Tox21,fedavg_proto,0.5,1,2,200,16,16,0.1,test,client_1,0,32,693,725,True,0.45558261183261184
Tox21,fedavg_proto,0.5,1,2,200,16,16,0.1,test,client_1,1,33,646,679,True,0.5063326766113143
Tox21,fedavg_proto,0.5,1,2,200,16,16,0.1,test,client_1,2,77,572,649,True,0.7626237398964671
Tox21,fedavg_proto,0.5,1,2,200,16,16,0.1,test,client_1,3,38,538,576,True,0.5752788104089219
Tox21,fedavg_proto,0.5,1,2,200,16,16,0.1,test,client_1,4,80,531,611,True,0.5977165725047081
Tox21,fedavg_proto,0.5,1,2,200,16,16,0.1,test,client_1,5,34,647,681,True,0.5376397854350395
Tox21,fedavg_proto,0.5,1,2,200,16,16,0.1,test,client_1,6,21,617,638,True,0.6225978235702709
Tox21,fedavg_proto,0.5,1,2,200,16,16,0.1,test,client_1,7,95,494,589,True,0.6222245898146175
Tox21,fedavg_proto,0.5,1,2,200,16,16,0.1,test,client_1,8,32,670,702,True,0.6728544776119403
Tox21,fedavg_proto,0.5,1,2,200,16,16,0.1,test,client_1,9,36,621,657,True,0.4946770441939524
Tox21,fedavg_proto,0.5,1,2,200,16,16,0.1,test,client_1,10,93,485,578,True,0.704999445737723
Tox21,fedavg_proto,0.5,1,2,200,16,16,0.1,test,client_1,11,48,624,672,True,0.6082064636752137
Tox21,fedavg_proto,0.5,1,2,200,16,16,0.1,test,client_2,0,32,693,725,True,0.5075983044733046
Tox21,fedavg_proto,0.5,1,2,200,16,16,0.1,test,client_2,1,33,646,679,True,0.5658598367576695
Tox21,fedavg_proto,0.5,1,2,200,16,16,0.1,test,client_2,2,77,572,649,True,0.7776087548814821
Tox21,fedavg_proto,0.5,1,2,200,16,16,0.1,test,client_2,3,38,538,576,True,0.6265407943650948
Tox21,fedavg_proto,0.5,1,2,200,16,16,0.1,test,client_2,4,80,531,611,True,0.6190677966101694
Tox21,fedavg_proto,0.5,1,2,200,16,16,0.1,test,client_2,5,34,647,681,True,0.5759841803800345
Tox21,fedavg_proto,0.5,1,2,200,16,16,0.1,test,client_2,6,21,617,638,True,0.6402716678243421
Tox21,fedavg_proto,0.5,1,2,200,16,16,0.1,test,client_2,7,95,494,589,True,0.6272959727253355
Tox21,fedavg_proto,0.5,1,2,200,16,16,0.1,test,client_2,8,32,670,702,True,0.6595149253731343
Tox21,fedavg_proto,0.5,1,2,200,16,16,0.1,test,client_2,9,36,621,657,True,0.4975398103417427
Tox21,fedavg_proto,0.5,1,2,200,16,16,0.1,test,client_2,10,93,485,578,True,0.7217825074825407
Tox21,fedavg_proto,0.5,1,2,200,16,16,0.1,test,client_2,11,48,624,672,True,0.6349492521367521
Tox21,fedavg_proto,0.5,1,2,200,16,16,0.1,test,client_3,0,32,693,725,True,0.5144751082251082
Tox21,fedavg_proto,0.5,1,2,200,16,16,0.1,test,client_3,1,33,646,679,True,0.5662585608406042
Tox21,fedavg_proto,0.5,1,2,200,16,16,0.1,test,client_3,2,77,572,649,True,0.7719553174098629
Tox21,fedavg_proto,0.5,1,2,200,16,16,0.1,test,client_3,3,38,538,576,True,0.6196439053022891
Tox21,fedavg_proto,0.5,1,2,200,16,16,0.1,test,client_3,4,80,531,611,True,0.6220338983050846
Tox21,fedavg_proto,0.5,1,2,200,16,16,0.1,test,client_3,5,34,647,681,True,0.5657787071551958
Tox21,fedavg_proto,0.5,1,2,200,16,16,0.1,test,client_3,6,21,617,638,True,0.6302384811298911
Tox21,fedavg_proto,0.5,1,2,200,16,16,0.1,test,client_3,7,95,494,589,True,0.6284466226294481
Tox21,fedavg_proto,0.5,1,2,200,16,16,0.1,test,client_3,8,32,670,702,True,0.6802705223880596
Tox21,fedavg_proto,0.5,1,2,200,16,16,0.1,test,client_3,9,36,621,657,True,0.4842995169082126
Tox21,fedavg_proto,0.5,1,2,200,16,16,0.1,test,client_3,10,93,485,578,True,0.7173040682851125
Tox21,fedavg_proto,0.5,1,2,200,16,16,0.1,test,client_3,11,48,624,672,True,0.6335136217948718
Tox21,fedavg_proto,0.5,1,3,200,16,16,0.1,val,server,0,31,696,727,True,0.525074156470152
Tox21,fedavg_proto,0.5,1,3,200,16,16,0.1,val,server,1,23,652,675,True,0.527874099759936
Tox21,fedavg_proto,0.5,1,3,200,16,16,0.1,val,server,2,74,567,641,True,0.763739930406597
Tox21,fedavg_proto,0.5,1,3,200,16,16,0.1,val,server,3,19,546,565,True,0.7124542124542124
Tox21,fedavg_proto,0.5,1,3,200,16,16,0.1,val,server,4,82,541,623,True,0.6078851269104188
Tox21,fedavg_proto,0.5,1,3,200,16,16,0.1,val,server,5,30,657,687,True,0.6462201927955353
Tox21,fedavg_proto,0.5,1,3,200,16,16,0.1,val,server,6,21,612,633,True,0.5030345471521942
Tox21,fedavg_proto,0.5,1,3,200,16,16,0.1,val,server,7,96,492,588,True,0.6483739837398373
Tox21,fedavg_proto,0.5,1,3,200,16,16,0.1,val,server,8,30,677,707,True,0.6949778434268833
Tox21,fedavg_proto,0.5,1,3,200,16,16,0.1,val,server,9,45,603,648,True,0.5534918002579694
Tox21,fedavg_proto,0.5,1,3,200,16,16,0.1,val,server,10,92,495,587,True,0.7423364075537989
Tox21,fedavg_proto,0.5,1,3,200,16,16,0.1,val,server,11,42,636,678,True,0.706199460916442
Tox21,fedavg_proto,0.5,1,3,200,16,16,0.1,val,client_0,0,31,696,727,True,0.41722284019280687
Tox21,fedavg_proto,0.5,1,3,200,16,16,0.1,val,client_0,1,23,652,675,True,0.4093758335556148
Tox21,fedavg_proto,0.5,1,3,200,16,16,0.1,val,client_0,2,74,567,641,True,0.7780876114209447
Tox21,fedavg_proto,0.5,1,3,200,16,16,0.1,val,client_0,3,19,546,565,True,0.7041642567958357
Tox21,fedavg_proto,0.5,1,3,200,16,16,0.1,val,client_0,4,82,541,623,True,0.5814435778368874
Tox21,fedavg_proto,0.5,1,3,200,16,16,0.1,val,client_0,5,30,657,687,True,0.5876204972095382
Tox21,fedavg_proto,0.5,1,3,200,16,16,0.1,val,client_0,6,21,612,633,True,0.49408652349828824
Tox21,fedavg_proto,0.5,1,3,200,16,16,0.1,val,client_0,7,96,492,588,True,0.6446900406504065
Tox21,fedavg_proto,0.5,1,3,200,16,16,0.1,val,client_0,8,30,677,707,True,0.6971935007385525
Tox21,fedavg_proto,0.5,1,3,200,16,16,0.1,val,client_0,9,45,603,648,True,0.5629998157361341
Tox21,fedavg_proto,0.5,1,3,200,16,16,0.1,val,client_0,10,92,495,587,True,0.7377470355731226
Tox21,fedavg_proto,0.5,1,3,200,16,16,0.1,val,client_0,11,42,636,678,True,0.6799191374663073
Tox21,fedavg_proto,0.5,1,3,200,16,16,0.1,val,client_1,0,31,696,727,True,0.5124212087504635
Tox21,fedavg_proto,0.5,1,3,200,16,16,0.1,val,client_1,1,23,652,675,True,0.515870898906375
Tox21,fedavg_proto,0.5,1,3,200,16,16,0.1,val,client_1,2,74,567,641,True,0.7579007579007578
Tox21,fedavg_proto,0.5,1,3,200,16,16,0.1,val,client_1,3,19,546,565,True,0.7053209947946789
Tox21,fedavg_proto,0.5,1,3,200,16,16,0.1,val,client_1,4,82,541,623,True,0.6040755601641045
Tox21,fedavg_proto,0.5,1,3,200,16,16,0.1,val,client_1,5,30,657,687,True,0.6378488077118214
Tox21,fedavg_proto,0.5,1,3,200,16,16,0.1,val,client_1,6,21,612,633,True,0.4954870837223778
Tox21,fedavg_proto,0.5,1,3,200,16,16,0.1,val,client_1,7,96,492,588,True,0.6469977981029811
Tox21,fedavg_proto,0.5,1,3,200,16,16,0.1,val,client_1,8,30,677,707,True,0.6881831610044313
Tox21,fedavg_proto,0.5,1,3,200,16,16,0.1,val,client_1,9,45,603,648,True,0.5618573797678275
Tox21,fedavg_proto,0.5,1,3,200,16,16,0.1,val,client_1,10,92,495,587,True,0.7370882740447958
Tox21,fedavg_proto,0.5,1,3,200,16,16,0.1,val,client_1,11,42,636,678,True,0.6995732255166217
Tox21,fedavg_proto,0.5,1,3,200,16,16,0.1,val,client_2,0,31,696,727,True,0.6014553207267335
Tox21,fedavg_proto,0.5,1,3,200,16,16,0.1,val,client_2,1,23,652,675,True,0.6056281675113364
Tox21,fedavg_proto,0.5,1,3,200,16,16,0.1,val,client_2,2,74,567,641,True,0.7553505886839219
Tox21,fedavg_proto,0.5,1,3,200,16,16,0.1,val,client_2,3,19,546,565,True,0.7338538654328128
Tox21,fedavg_proto,0.5,1,3,200,16,16,0.1,val,client_2,4,82,541,623,True,0.6260763716694469
Tox21,fedavg_proto,0.5,1,3,200,16,16,0.1,val,client_2,5,30,657,687,True,0.6828006088280061
Tox21,fedavg_proto,0.5,1,3,200,16,16,0.1,val,client_2,6,21,612,633,True,0.5030345471521942
Tox21,fedavg_proto,0.5,1,3,200,16,16,0.1,val,client_2,7,96,492,588,True,0.6519944105691057
Tox21,fedavg_proto,0.5,1,3,200,16,16,0.1,val,client_2,8,30,677,707,True,0.6935007385524372
Tox21,fedavg_proto,0.5,1,3,200,16,16,0.1,val,client_2,9,45,603,648,True,0.5509121061359867
Tox21,fedavg_proto,0.5,1,3,200,16,16,0.1,val,client_2,10,92,495,587,True,0.7470575318401405
Tox21,fedavg_proto,0.5,1,3,200,16,16,0.1,val,client_2,11,42,636,678,True,0.7220350404312668
Tox21,fedavg_proto,0.5,1,3,200,16,16,0.1,val,client_3,0,31,696,727,True,0.6263440860215054
Tox21,fedavg_proto,0.5,1,3,200,16,16,0.1,val,client_3,1,23,652,675,True,0.6226993865030674
Tox21,fedavg_proto,0.5,1,3,200,16,16,0.1,val,client_3,2,74,567,641,True,0.746413079746413
Tox21,fedavg_proto,0.5,1,3,200,16,16,0.1,val,client_3,3,19,546,565,True,0.7294197031039136
Tox21,fedavg_proto,0.5,1,3,200,16,16,0.1,val,client_3,4,82,541,623,True,0.6263017898201163
Tox21,fedavg_proto,0.5,1,3,200,16,16,0.1,val,client_3,5,30,657,687,True,0.6905631659056317
Tox21,fedavg_proto,0.5,1,3,200,16,16,0.1,val,client_3,6,21,612,633,True,0.508948023653906
Tox21,fedavg_proto,0.5,1,3,200,16,16,0.1,val,client_3,7,96,492,588,True,0.6534976287262872
Tox21,fedavg_proto,0.5,1,3,200,16,16,0.1,val,client_3,8,30,677,707,True,0.6954702117183653
Tox21,fedavg_proto,0.5,1,3,200,16,16,0.1,val,client_3,9,45,603,648,True,0.5543025612677355
Tox21,fedavg_proto,0.5,1,3,200,16,16,0.1,val,client_3,10,92,495,587,True,0.7483311374615723
Tox21,fedavg_proto,0.5,1,3,200,16,16,0.1,val,client_3,11,42,636,678,True,0.7268643306379156
Tox21,fedavg_proto,0.5,1,3,200,16,16,0.1,test,server,0,32,693,725,True,0.553481240981241
Tox21,fedavg_proto,0.5,1,3,200,16,16,0.1,test,server,1,33,646,679,True,0.6067642367951965
Tox21,fedavg_proto,0.5,1,3,200,16,16,0.1,test,server,2,77,572,649,True,0.7656207428934702
Tox21,fedavg_proto,0.5,1,3,200,16,16,0.1,test,server,3,38,538,576,True,0.6266386225787517
Tox21,fedavg_proto,0.5,1,3,200,16,16,0.1,test,server,4,80,531,611,True,0.6399717514124295
Tox21,fedavg_proto,0.5,1,3,200,16,16,0.1,test,server,5,34,647,681,True,0.5773706700609146
Tox21,fedavg_proto,0.5,1,3,200,16,16,0.1,test,server,6,21,617,638,True,0.64034884618353
Tox21,fedavg_proto,0.5,1,3,200,16,16,0.1,test,server,7,95,494,589,True,0.6430215214148732
Tox21,fedavg_proto,0.5,1,3,200,16,16,0.1,test,server,8,32,670,702,True,0.6627798507462687
Tox21,fedavg_proto,0.5,1,3,200,16,16,0.1,test,server,9,36,621,657,True,0.49096439434603684
Tox21,fedavg_proto,0.5,1,3,200,16,16,0.1,test,server,10,93,485,578,True,0.7261944352067398
Tox21,fedavg_proto,0.5,1,3,200,16,16,0.1,test,server,11,48,624,672,True,0.6369858440170939
Tox21,fedavg_proto,0.5,1,3,200,16,16,0.1,test,client_0,0,32,693,725,True,0.45413961038961037
Tox21,fedavg_proto,0.5,1,3,200,16,16,0.1,test,client_0,1,33,646,679,True,0.5006098133033118
Tox21,fedavg_proto,0.5,1,3,200,16,16,0.1,test,client_0,2,77,572,649,True,0.7794705294705294
Tox21,fedavg_proto,0.5,1,3,200,16,16,0.1,test,client_0,3,38,538,576,True,0.604578360399139
Tox21,fedavg_proto,0.5,1,3,200,16,16,0.1,test,client_0,4,80,531,611,True,0.6236581920903954
Tox21,fedavg_proto,0.5,1,3,200,16,16,0.1,test,client_0,5,34,647,681,True,0.5525047731611965
Tox21,fedavg_proto,0.5,1,3,200,16,16,0.1,test,client_0,6,21,617,638,True,0.6494558925677238
Tox21,fedavg_proto,0.5,1,3,200,16,16,0.1,test,client_0,7,95,494,589,True,0.6240997229916898
Tox21,fedavg_proto,0.5,1,3,200,16,16,0.1,test,client_0,8,32,670,702,True,0.6611473880597015
Tox21,fedavg_proto,0.5,1,3,200,16,16,0.1,test,client_0,9,36,621,657,True,0.4860440150295223
Tox21,fedavg_proto,0.5,1,3,200,16,16,0.1,test,client_0,10,93,485,578,True,0.7262166056978162
Tox21,fedavg_proto,0.5,1,3,200,16,16,0.1,test,client_0,11,48,624,672,True,0.614750267094017
Tox21,fedavg_proto,0.5,1,3,200,16,16,0.1,test,client_1,0,32,693,725,True,0.5397727272727273
Tox21,fedavg_proto,0.5,1,3,200,16,16,0.1,test,client_1,1,33,646,679,True,0.5909559996247302
Tox21,fedavg_proto,0.5,1,3,200,16,16,0.1,test,client_1,2,77,572,649,True,0.7598991917173735
Tox21,fedavg_proto,0.5,1,3,200,16,16,0.1,test,client_1,3,38,538,576,True,0.6172960281745254
Tox21,fedavg_proto,0.5,1,3,200,16,16,0.1,test,client_1,4,80,531,611,True,0.6318032015065912
Tox21,fedavg_proto,0.5,1,3,200,16,16,0.1,test,client_1,5,34,647,681,True,0.5700972815710519
Tox21,fedavg_proto,0.5,1,3,200,16,16,0.1,test,client_1,6,21,617,638,True,0.6331712587790383
Tox21,fedavg_proto,0.5,1,3,200,16,16,0.1,test,client_1,7,95,494,589,True,0.6369486469209461
Tox21,fedavg_proto,0.5,1,3,200,16,16,0.1,test,client_1,8,32,670,702,True,0.6650652985074628
Tox21,fedavg_proto,0.5,1,3,200,16,16,0.1,test,client_1,9,36,621,657,True,0.49584004294149214
Tox21,fedavg_proto,0.5,1,3,200,16,16,0.1,test,client_1,10,93,485,578,True,0.7241104090455602
Tox21,fedavg_proto,0.5,1,3,200,16,16,0.1,test,client_1,11,48,624,672,True,0.6271367521367521
Tox21,fedavg_proto,0.5,1,3,200,16,16,0.1,test,client_2,0,32,693,725,True,0.6482683982683982
Tox21,fedavg_proto,0.5,1,3,200,16,16,0.1,test,client_2,1,33,646,679,True,0.6816305469556243
Tox21,fedavg_proto,0.5,1,3,200,16,16,0.1,test,client_2,2,77,572,649,True,0.7495232040686587
Tox21,fedavg_proto,0.5,1,3,200,16,16,0.1,test,client_2,3,38,538,576,True,0.6477695167286245
Tox21,fedavg_proto,0.5,1,3,200,16,16,0.1,test,client_2,4,80,531,611,True,0.6544256120527306
Tox21,fedavg_proto,0.5,1,3,200,16,16,0.1,test,client_2,5,34,647,681,True,0.6108737157923447
Tox21,fedavg_proto,0.5,1,3,200,16,16,0.1,test,client_2,6,21,617,638,True,0.6344832908852358
Tox21,fedavg_proto,0.5,1,3,200,16,16,0.1,test,client_2,7,95,494,589,True,0.6478372043468996
Tox21,fedavg_proto,0.5,1,3,200,16,16,0.1,test,client_2,8,32,670,702,True,0.6666977611940298
Tox21,fedavg_proto,0.5,1,3,200,16,16,0.1,test,client_2,9,36,621,657,True,0.48783324387189125
Tox21,fedavg_proto,0.5,1,3,200,16,16,0.1,test,client_2,10,93,485,578,True,0.7307615563684735
Tox21,fedavg_proto,0.5,1,3,200,16,16,0.1,test,client_2,11,48,624,672,True,0.6541466346153846
Tox21,fedavg_proto,0.5,1,3,200,16,16,0.1,test,client_3,0,32,693,725,True,0.682224025974026
Tox21,fedavg_proto,0.5,1,3,200,16,16,0.1,test,client_3,1,33,646,679,True,0.6957969790787129
Tox21,fedavg_proto,0.5,1,3,200,16,16,0.1,test,client_3,2,77,572,649,True,0.737217328126419
Tox21,fedavg_proto,0.5,1,3,200,16,16,0.1,test,client_3,3,38,538,576,True,0.6598513011152416
Tox21,fedavg_proto,0.5,1,3,200,16,16,0.1,test,client_3,4,80,531,611,True,0.6629001883239172
Tox21,fedavg_proto,0.5,1,3,200,16,16,0.1,test,client_3,5,34,647,681,True,0.6156923356668789
Tox21,fedavg_proto,0.5,1,3,200,16,16,0.1,test,client_3,6,21,617,638,True,0.6237554989580922
Tox21,fedavg_proto,0.5,1,3,200,16,16,0.1,test,client_3,7,95,494,589,True,0.6447048796079267
Tox21,fedavg_proto,0.5,1,3,200,16,16,0.1,test,client_3,8,32,670,702,True,0.6571361940298507
Tox21,fedavg_proto,0.5,1,3,200,16,16,0.1,test,client_3,9,36,621,657,True,0.4888173197351941
Tox21,fedavg_proto,0.5,1,3,200,16,16,0.1,test,client_3,10,93,485,578,True,0.7258175368584414
Tox21,fedavg_proto,0.5,1,3,200,16,16,0.1,test,client_3,11,48,624,672,True,0.655048076923077
Tox21,fedavg_proto,0.5,1,4,200,16,16,0.1,val,server,0,31,696,727,True,0.657304412309974
Tox21,fedavg_proto,0.5,1,4,200,16,16,0.1,val,server,1,23,652,675,True,0.6549079754601228
Tox21,fedavg_proto,0.5,1,4,200,16,16,0.1,val,server,2,74,567,641,True,0.7492492492492493
Tox21,fedavg_proto,0.5,1,4,200,16,16,0.1,val,server,3,19,546,565,True,0.7401195295932138
Tox21,fedavg_proto,0.5,1,4,200,16,16,0.1,val,server,4,82,541,623,True,0.6378882827645281
Tox21,fedavg_proto,0.5,1,4,200,16,16,0.1,val,server,5,30,657,687,True,0.7046169457128361
Tox21,fedavg_proto,0.5,1,4,200,16,16,0.1,val,server,6,21,612,633,True,0.5236539060068471
Tox21,fedavg_proto,0.5,1,4,200,16,16,0.1,val,server,7,96,492,588,True,0.6558689024390243
Tox21,fedavg_proto,0.5,1,4,200,16,16,0.1,val,server,8,30,677,707,True,0.6981290004923683
Tox21,fedavg_proto,0.5,1,4,200,16,16,0.1,val,server,9,45,603,648,True,0.5430256126773539
Tox21,fedavg_proto,0.5,1,4,200,16,16,0.1,val,server,10,92,495,587,True,0.7578392621870882
Tox21,fedavg_proto,0.5,1,4,200,16,16,0.1,val,server,11,42,636,678,True,0.7323674752920036
Tox21,fedavg_proto,0.5,1,4,200,16,16,0.1,val,client_0,0,31,696,727,True,0.6236559139784946
Tox21,fedavg_proto,0.5,1,4,200,16,16,0.1,val,client_0,1,23,652,675,True,0.6120298746332355
Tox21,fedavg_proto,0.5,1,4,200,16,16,0.1,val,client_0,2,74,567,641,True,0.7600934267600934
Tox21,fedavg_proto,0.5,1,4,200,16,16,0.1,val,client_0,3,19,546,565,True,0.7233468286099864
Tox21,fedavg_proto,0.5,1,4,200,16,16,0.1,val,client_0,4,82,541,623,True,0.6329290834497994
Tox21,fedavg_proto,0.5,1,4,200,16,16,0.1,val,client_0,5,30,657,687,True,0.6829020801623541
Tox21,fedavg_proto,0.5,1,4,200,16,16,0.1,val,client_0,6,21,612,633,True,0.5245098039215685
Tox21,fedavg_proto,0.5,1,4,200,16,16,0.1,val,client_0,7,96,492,588,True,0.6545562330623307
Tox21,fedavg_proto,0.5,1,4,200,16,16,0.1,val,client_0,8,30,677,707,True,0.7104382077794191
Tox21,fedavg_proto,0.5,1,4,200,16,16,0.1,val,client_0,9,45,603,648,True,0.5421411461212455
Tox21,fedavg_proto,0.5,1,4,200,16,16,0.1,val,client_0,10,92,495,587,True,0.748572683355292
Tox21,fedavg_proto,0.5,1,4,200,16,16,0.1,val,client_0,11,42,636,678,True,0.724618149146451
Tox21,fedavg_proto,0.5,1,4,200,16,16,0.1,val,client_1,0,31,696,727,True,0.6476640711902113
Tox21,fedavg_proto,0.5,1,4,200,16,16,0.1,val,client_1,1,23,652,675,True,0.6426380368098159
Tox21,fedavg_proto,0.5,1,4,200,16,16,0.1,val,client_1,2,74,567,641,True,0.7424329090995758
Tox21,fedavg_proto,0.5,1,4,200,16,16,0.1,val,client_1,3,19,546,565,True,0.742914979757085
Tox21,fedavg_proto,0.5,1,4,200,16,16,0.1,val,client_1,4,82,541,623,True,0.6375726973535909
Tox21,fedavg_proto,0.5,1,4,200,16,16,0.1,val,client_1,5,30,657,687,True,0.7025875190258752
Tox21,fedavg_proto,0.5,1,4,200,16,16,0.1,val,client_1,6,21,612,633,True,0.5067693744164332
Tox21,fedavg_proto,0.5,1,4,200,16,16,0.1,val,client_1,7,96,492,588,True,0.6497925135501356
Tox21,fedavg_proto,0.5,1,4,200,16,16,0.1,val,client_1,8,30,677,707,True,0.6882323978335795
Tox21,fedavg_proto,0.5,1,4,200,16,16,0.1,val,client_1,9,45,603,648,True,0.5479638842822923
Tox21,fedavg_proto,0.5,1,4,200,16,16,0.1,val,client_1,10,92,495,587,True,0.7590250329380764
Tox21,fedavg_proto,0.5,1,4,200,16,16,0.1,val,client_1,11,42,636,678,True,0.7225591494459418
Tox21,fedavg_proto,0.5,1,4,200,16,16,0.1,val,client_2,0,31,696,727,True,0.7083796811271783
Tox21,fedavg_proto,0.5,1,4,200,16,16,0.1,val,client_2,1,23,652,675,True,0.7151240330754869
Tox21,fedavg_proto,0.5,1,4,200,16,16,0.1,val,client_2,2,74,567,641,True,0.7463177463177463
Tox21,fedavg_proto,0.5,1,4,200,16,16,0.1,val,client_2,3,19,546,565,True,0.7514941199151726
Tox21,fedavg_proto,0.5,1,4,200,16,16,0.1,val,client_2,4,82,541,623,True,0.642464271223119
Tox21,fedavg_proto,0.5,1,4,200,16,16,0.1,val,client_2,5,30,657,687,True,0.7133434804667682
Tox21,fedavg_proto,0.5,1,4,200,16,16,0.1,val,client_2,6,21,612,633,True,0.5438842203548085
Tox21,fedavg_proto,0.5,1,4,200,16,16,0.1,val,client_2,7,96,492,588,True,0.6650999322493225
Tox21,fedavg_proto,0.5,1,4,200,16,16,0.1,val,client_2,8,30,677,707,True,0.6869522402757263
Tox21,fedavg_proto,0.5,1,4,200,16,16,0.1,val,client_2,9,45,603,648,True,0.537939929979731
Tox21,fedavg_proto,0.5,1,4,200,16,16,0.1,val,client_2,10,92,495,587,True,0.7650636802810716
Tox21,fedavg_proto,0.5,1,4,200,16,16,0.1,val,client_2,11,42,636,678,True,0.7498876909254267
Tox21,fedavg_proto,0.5,1,4,200,16,16,0.1,val,client_3,0,31,696,727,True,0.6617538005190953
Tox21,fedavg_proto,0.5,1,4,200,16,16,0.1,val,client_3,1,23,652,675,True,0.661042944785276
Tox21,fedavg_proto,0.5,1,4,200,16,16,0.1,val,client_3,2,74,567,641,True,0.7423137423137424
Tox21,fedavg_proto,0.5,1,4,200,16,16,0.1,val,client_3,3,19,546,565,True,0.7407942934258724
Tox21,fedavg_proto,0.5,1,4,200,16,16,0.1,val,client_3,4,82,541,623,True,0.6370542356070511
Tox21,fedavg_proto,0.5,1,4,200,16,16,0.1,val,client_3,5,30,657,687,True,0.7063419583967528
Tox21,fedavg_proto,0.5,1,4,200,16,16,0.1,val,client_3,6,21,612,633,True,0.5178182384064737
Tox21,fedavg_proto,0.5,1,4,200,16,16,0.1,val,client_3,7,96,492,588,True,0.6526295731707318
Tox21,fedavg_proto,0.5,1,4,200,16,16,0.1,val,client_3,8,30,677,707,True,0.6945839487936978
Tox21,fedavg_proto,0.5,1,4,200,16,16,0.1,val,client_3,9,45,603,648,True,0.5456421595725078
Tox21,fedavg_proto,0.5,1,4,200,16,16,0.1,val,client_3,10,92,495,587,True,0.7621870882740448
Tox21,fedavg_proto,0.5,1,4,200,16,16,0.1,val,client_3,11,42,636,678,True,0.7312443845462714
Tox21,fedavg_proto,0.5,1,4,200,16,16,0.1,test,server,0,32,693,725,True,0.7093253968253967
Tox21,fedavg_proto,0.5,1,4,200,16,16,0.1,test,server,1,33,646,679,True,0.72928980204522
Tox21,fedavg_proto,0.5,1,4,200,16,16,0.1,test,server,2,77,572,649,True,0.7450276995731542
Tox21,fedavg_proto,0.5,1,4,200,16,16,0.1,test,server,3,38,538,576,True,0.6675308158873018
Tox21,fedavg_proto,0.5,1,4,200,16,16,0.1,test,server,4,80,531,611,True,0.6620056497175142
Tox21,fedavg_proto,0.5,1,4,200,16,16,0.1,test,server,5,34,647,681,True,0.6389217201563779
Tox21,fedavg_proto,0.5,1,4,200,16,16,0.1,test,server,6,21,617,638,True,0.6379563170486995
Tox21,fedavg_proto,0.5,1,4,200,16,16,0.1,test,server,7,95,494,589,True,0.6560409119965906
Tox21,fedavg_proto,0.5,1,4,200,16,16,0.1,test,server,8,32,670,702,True,0.6572294776119403
Tox21,fedavg_proto,0.5,1,4,200,16,16,0.1,test,server,9,36,621,657,True,0.5014761137949544
Tox21,fedavg_proto,0.5,1,4,200,16,16,0.1,test,server,10,93,485,578,True,0.7403170380223922
Tox21,fedavg_proto,0.5,1,4,200,16,16,0.1,test,server,11,48,624,672,True,0.667434561965812
Tox21,fedavg_proto,0.5,1,4,200,16,16,0.1,test,client_0,0,32,693,725,True,0.6540404040404041
Tox21,fedavg_proto,0.5,1,4,200,16,16,0.1,test,client_0,1,33,646,679,True,0.6821465428276574
Tox21,fedavg_proto,0.5,1,4,200,16,16,0.1,test,client_0,2,77,572,649,True,0.7596494414676233
Tox21,fedavg_proto,0.5,1,4,200,16,16,0.1,test,client_0,3,38,538,576,True,0.6453727254940326
Tox21,fedavg_proto,0.5,1,4,200,16,16,0.1,test,client_0,4,80,531,611,True,0.6557203389830509
Tox21,fedavg_proto,0.5,1,4,200,16,16,0.1,test,client_0,5,34,647,681,True,0.6174197654332212
Tox21,fedavg_proto,0.5,1,4,200,16,16,0.1,test,client_0,6,21,617,638,True,0.6424326618816083
Tox21,fedavg_proto,0.5,1,4,200,16,16,0.1,test,client_0,7,95,494,589,True,0.6527807372682719
Tox21,fedavg_proto,0.5,1,4,200,16,16,0.1,test,client_0,8,32,670,702,True,0.6607742537313432
Tox21,fedavg_proto,0.5,1,4,200,16,16,0.1,test,client_0,9,36,621,657,True,0.4990159241366971
Tox21,fedavg_proto,0.5,1,4,200,16,16,0.1,test,client_0,10,93,485,578,True,0.7360603037357277
Tox21,fedavg_proto,0.5,1,4,200,16,16,0.1,test,client_0,11,48,624,672,True,0.6532451923076923
Tox21,fedavg_proto,0.5,1,4,200,16,16,0.1,test,client_1,0,32,693,725,True,0.6974206349206351
Tox21,fedavg_proto,0.5,1,4,200,16,16,0.1,test,client_1,1,33,646,679,True,0.7182193451543297
Tox21,fedavg_proto,0.5,1,4,200,16,16,0.1,test,client_1,2,77,572,649,True,0.7434837889383343
Tox21,fedavg_proto,0.5,1,4,200,16,16,0.1,test,client_1,3,38,538,576,True,0.6635687732342007
Tox21,fedavg_proto,0.5,1,4,200,16,16,0.1,test,client_1,4,80,531,611,True,0.6587099811676084
Tox21,fedavg_proto,0.5,1,4,200,16,16,0.1,test,client_1,5,34,647,681,True,0.6328757159741795
Tox21,fedavg_proto,0.5,1,4,200,16,16,0.1,test,client_1,6,21,617,638,True,0.6322451184687813
Tox21,fedavg_proto,0.5,1,4,200,16,16,0.1,test,client_1,7,95,494,589,True,0.6465587044534413
Tox21,fedavg_proto,0.5,1,4,200,16,16,0.1,test,client_1,8,32,670,702,True,0.6586753731343283
Tox21,fedavg_proto,0.5,1,4,200,16,16,0.1,test,client_1,9,36,621,657,True,0.4960189658257291
Tox21,fedavg_proto,0.5,1,4,200,16,16,0.1,test,client_1,10,93,485,578,True,0.739186342977497
Tox21,fedavg_proto,0.5,1,4,200,16,16,0.1,test,client_1,11,48,624,672,True,0.6596888354700855
Tox21,fedavg_proto,0.5,1,4,200,16,16,0.1,test,client_2,0,32,693,725,True,0.7723214285714286
Tox21,fedavg_proto,0.5,1,4,200,16,16,0.1,test,client_2,1,33,646,679,True,0.7896144103574444
Tox21,fedavg_proto,0.5,1,4,200,16,16,0.1,test,client_2,2,77,572,649,True,0.7347425301970756
Tox21,fedavg_proto,0.5,1,4,200,16,16,0.1,test,client_2,3,38,538,576,True,0.6981999608687146
Tox21,fedavg_proto,0.5,1,4,200,16,16,0.1,test,client_2,4,80,531,611,True,0.6605225988700565
Tox21,fedavg_proto,0.5,1,4,200,16,16,0.1,test,client_2,5,34,647,681,True,0.6736066915174107
Tox21,fedavg_proto,0.5,1,4,200,16,16,0.1,test,client_2,6,21,617,638,True,0.6378019603303233
Tox21,fedavg_proto,0.5,1,4,200,16,16,0.1,test,client_2,7,95,494,589,True,0.6735776688685275
Tox21,fedavg_proto,0.5,1,4,200,16,16,0.1,test,client_2,8,32,670,702,True,0.639179104477612
Tox21,fedavg_proto,0.5,1,4,200,16,16,0.1,test,client_2,9,36,621,657,True,0.5115405260332797
Tox21,fedavg_proto,0.5,1,4,200,16,16,0.1,test,client_2,10,93,485,578,True,0.742711451058641
Tox21,fedavg_proto,0.5,1,4,200,16,16,0.1,test,client_2,11,48,624,672,True,0.7010884081196581
Tox21,fedavg_proto,0.5,1,4,200,16,16,0.1,test,client_3,0,32,693,725,True,0.7210948773448773
Tox21,fedavg_proto,0.5,1,4,200,16,16,0.1,test,client_3,1,33,646,679,True,0.7329017731494512
Tox21,fedavg_proto,0.5,1,4,200,16,16,0.1,test,client_3,2,77,572,649,True,0.7371492144219416
Tox21,fedavg_proto,0.5,1,4,200,16,16,0.1,test,client_3,3,38,538,576,True,0.6736939933476814
Tox21,fedavg_proto,0.5,1,4,200,16,16,0.1,test,client_3,4,80,531,611,True,0.663512241054614
Tox21,fedavg_proto,0.5,1,4,200,16,16,0.1,test,client_3,5,34,647,681,True,0.6368760796436039
Tox21,fedavg_proto,0.5,1,4,200,16,16,0.1,test,client_3,6,21,617,638,True,0.6333256154974145
Tox21,fedavg_proto,0.5,1,4,200,16,16,0.1,test,client_3,7,95,494,589,True,0.6548263370978054
Tox21,fedavg_proto,0.5,1,4,200,16,16,0.1,test,client_3,8,32,670,702,True,0.6539179104477612
Tox21,fedavg_proto,0.5,1,4,200,16,16,0.1,test,client_3,9,36,621,657,True,0.49946323134728937
Tox21,fedavg_proto,0.5,1,4,200,16,16,0.1,test,client_3,10,93,485,578,True,0.7368806119055538
Tox21,fedavg_proto,0.5,1,4,200,16,16,0.1,test,client_3,11,48,624,672,True,0.66796875
Tox21,fedavg_proto,0.5,1,5,200,16,16,0.1,val,server,0,31,696,727,True,0.706942899517983
Tox21,fedavg_proto,0.5,1,5,200,16,16,0.1,val,server,1,23,652,675,True,0.7111229661242998
Tox21,fedavg_proto,0.5,1,5,200,16,16,0.1,val,server,2,74,567,641,True,0.7497259163925832
Tox21,fedavg_proto,0.5,1,5,200,16,16,0.1,val,server,3,19,546,565,True,0.7479275110854058
Tox21,fedavg_proto,0.5,1,5,200,16,16,0.1,val,server,4,82,541,623,True,0.6478743068391867
Tox21,fedavg_proto,0.5,1,5,200,16,16,0.1,val,server,5,30,657,687,True,0.7161339421613394
Tox21,fedavg_proto,0.5,1,5,200,16,16,0.1,val,server,6,21,612,633,True,0.5510426392779334
Tox21,fedavg_proto,0.5,1,5,200,16,16,0.1,val,server,7,96,492,588,True,0.6649093834688347
Tox21,fedavg_proto,0.5,1,5,200,16,16,0.1,val,server,8,30,677,707,True,0.701477104874446
Tox21,fedavg_proto,0.5,1,5,200,16,16,0.1,val,server,9,45,603,648,True,0.5326331306430809
Tox21,fedavg_proto,0.5,1,5,200,16,16,0.1,val,server,10,92,495,587,True,0.7710144927536232
Tox21,fedavg_proto,0.5,1,5,200,16,16,0.1,val,server,11,42,636,678,True,0.7492138364779874
Tox21,fedavg_proto,0.5,1,5,200,16,16,0.1,val,client_0,0,31,696,727,True,0.7011957730812014
Tox21,fedavg_proto,0.5,1,5,200,16,16,0.1,val,client_0,1,23,652,675,True,0.6992531341691117
Tox21,fedavg_proto,0.5,1,5,200,16,16,0.1,val,client_0,2,74,567,641,True,0.7538490871824206
Tox21,fedavg_proto,0.5,1,5,200,16,16,0.1,val,client_0,3,19,546,565,True,0.7278773857721226
Tox21,fedavg_proto,0.5,1,5,200,16,16,0.1,val,client_0,4,82,541,623,True,0.647265677832379
Tox21,fedavg_proto,0.5,1,5,200,16,16,0.1,val,client_0,5,30,657,687,True,0.7101978691019787
Tox21,fedavg_proto,0.5,1,5,200,16,16,0.1,val,client_0,6,21,612,633,True,0.5511204481792717
Tox21,fedavg_proto,0.5,1,5,200,16,16,0.1,val,client_0,7,96,492,588,True,0.6647823509485095
Tox21,fedavg_proto,0.5,1,5,200,16,16,0.1,val,client_0,8,30,677,707,True,0.7155588380108321
Tox21,fedavg_proto,0.5,1,5,200,16,16,0.1,val,client_0,9,45,603,648,True,0.5304588170259812
Tox21,fedavg_proto,0.5,1,5,200,16,16,0.1,val,client_0,10,92,495,587,True,0.7659639877031181
Tox21,fedavg_proto,0.5,1,5,200,16,16,0.1,val,client_0,11,42,636,678,True,0.7518343815513626
Tox21,fedavg_proto,0.5,1,5,200,16,16,0.1,val,client_1,0,31,696,727,True,0.6760289210233593
Tox21,fedavg_proto,0.5,1,5,200,16,16,0.1,val,client_1,1,23,652,675,True,0.6808482261936517
Tox21,fedavg_proto,0.5,1,5,200,16,16,0.1,val,client_1,2,74,567,641,True,0.7477477477477477
Tox21,fedavg_proto,0.5,1,5,200,16,16,0.1,val,client_1,3,19,546,565,True,0.7472527472527473
Tox21,fedavg_proto,0.5,1,5,200,16,16,0.1,val,client_1,4,82,541,623,True,0.6458230016680944
Tox21,fedavg_proto,0.5,1,5,200,16,16,0.1,val,client_1,5,30,657,687,True,0.717300862506342
Tox21,fedavg_proto,0.5,1,5,200,16,16,0.1,val,client_1,6,21,612,633,True,0.5340802987861811
Tox21,fedavg_proto,0.5,1,5,200,16,16,0.1,val,client_1,7,96,492,588,True,0.6570968834688347
Tox21,fedavg_proto,0.5,1,5,200,16,16,0.1,val,client_1,8,30,677,707,True,0.6971442639094042
Tox21,fedavg_proto,0.5,1,5,200,16,16,0.1,val,client_1,9,45,603,648,True,0.5425833793992998
Tox21,fedavg_proto,0.5,1,5,200,16,16,0.1,val,client_1,10,92,495,587,True,0.7675889328063241
Tox21,fedavg_proto,0.5,1,5,200,16,16,0.1,val,client_1,11,42,636,678,True,0.737533692722372
Tox21,fedavg_proto,0.5,1,5,200,16,16,0.1,val,client_2,0,31,696,727,True,0.7420281794586577
Tox21,fedavg_proto,0.5,1,5,200,16,16,0.1,val,client_2,1,23,652,675,True,0.7516004267804748
Tox21,fedavg_proto,0.5,1,5,200,16,16,0.1,val,client_2,2,74,567,641,True,0.7448639115305783
Tox21,fedavg_proto,0.5,1,5,200,16,16,0.1,val,client_2,3,19,546,565,True,0.7481203007518797
Tox21,fedavg_proto,0.5,1,5,200,16,16,0.1,val,client_2,4,82,541,623,True,0.6471529687570443
Tox21,fedavg_proto,0.5,1,5,200,16,16,0.1,val,client_2,5,30,657,687,True,0.712937595129376
Tox21,fedavg_proto,0.5,1,5,200,16,16,0.1,val,client_2,6,21,612,633,True,0.5630252100840336
Tox21,fedavg_proto,0.5,1,5,200,16,16,0.1,val,client_2,7,96,492,588,True,0.6692073170731707
Tox21,fedavg_proto,0.5,1,5,200,16,16,0.1,val,client_2,8,30,677,707,True,0.6880354505169868
Tox21,fedavg_proto,0.5,1,5,200,16,16,0.1,val,client_2,9,45,603,648,True,0.5252257232356734
Tox21,fedavg_proto,0.5,1,5,200,16,16,0.1,val,client_2,10,92,495,587,True,0.7720245937637242
Tox21,fedavg_proto,0.5,1,5,200,16,16,0.1,val,client_2,11,42,636,678,True,0.757936507936508
Tox21,fedavg_proto,0.5,1,5,200,16,16,0.1,val,client_3,0,31,696,727,True,0.703466814979607
Tox21,fedavg_proto,0.5,1,5,200,16,16,0.1,val,client_3,1,23,652,675,True,0.7077220592157909
Tox21,fedavg_proto,0.5,1,5,200,16,16,0.1,val,client_3,2,74,567,641,True,0.7492254158920826
Tox21,fedavg_proto,0.5,1,5,200,16,16,0.1,val,client_3,3,19,546,565,True,0.7474455369192211
Tox21,fedavg_proto,0.5,1,5,200,16,16,0.1,val,client_3,4,82,541,623,True,0.647975745006988
Tox21,fedavg_proto,0.5,1,5,200,16,16,0.1,val,client_3,5,30,657,687,True,0.7158295281582953
Tox21,fedavg_proto,0.5,1,5,200,16,16,0.1,val,client_3,6,21,612,633,True,0.5480080921257392
Tox21,fedavg_proto,0.5,1,5,200,16,16,0.1,val,client_3,7,96,492,588,True,0.662771002710027
Tox21,fedavg_proto,0.5,1,5,200,16,16,0.1,val,client_3,8,30,677,707,True,0.6987690792712948
Tox21,fedavg_proto,0.5,1,5,200,16,16,0.1,val,client_3,9,45,603,648,True,0.5322646029113691
Tox21,fedavg_proto,0.5,1,5,200,16,16,0.1,val,client_3,10,92,495,587,True,0.7728151075977163
Tox21,fedavg_proto,0.5,1,5,200,16,16,0.1,val,client_3,11,42,636,678,True,0.7448337825696316
Tox21,fedavg_proto,0.5,1,5,200,16,16,0.1,test,server,0,32,693,725,True,0.7589285714285714
Tox21,fedavg_proto,0.5,1,5,200,16,16,0.1,test,server,1,33,646,679,True,0.7874097007223944
Tox21,fedavg_proto,0.5,1,5,200,16,16,0.1,test,server,2,77,572,649,True,0.745413677231859
Tox21,fedavg_proto,0.5,1,5,200,16,16,0.1,test,server,3,38,538,576,True,0.6936998630405008
Tox21,fedavg_proto,0.5,1,5,200,16,16,0.1,test,server,4,80,531,611,True,0.6640536723163843
Tox21,fedavg_proto,0.5,1,5,200,16,16,0.1,test,server,5,34,647,681,True,0.6744249477225202
Tox21,fedavg_proto,0.5,1,5,200,16,16,0.1,test,server,6,21,617,638,True,0.6449795477348151
Tox21,fedavg_proto,0.5,1,5,200,16,16,0.1,test,server,7,95,494,589,True,0.6772213935648839
Tox21,fedavg_proto,0.5,1,5,200,16,16,0.1,test,server,8,32,670,702,True,0.6497201492537313
Tox21,fedavg_proto,0.5,1,5,200,16,16,0.1,test,server,9,36,621,657,True,0.5166398282340312
Tox21,fedavg_proto,0.5,1,5,200,16,16,0.1,test,server,10,93,485,578,True,0.7490965524886376
Tox21,fedavg_proto,0.5,1,5,200,16,16,0.1,test,server,11,48,624,672,True,0.6962473290598289
Tox21,fedavg_proto,0.5,1,5,200,16,16,0.1,test,client_0,0,32,693,725,True,0.7389971139971141
Tox21,fedavg_proto,0.5,1,5,200,16,16,0.1,test,client_0,1,33,646,679,True,0.7773712355755699
Tox21,fedavg_proto,0.5,1,5,200,16,16,0.1,test,client_0,2,77,572,649,True,0.7513622740895468
Tox21,fedavg_proto,0.5,1,5,200,16,16,0.1,test,client_0,3,38,538,576,True,0.6885149677166894
Tox21,fedavg_proto,0.5,1,5,200,16,16,0.1,test,client_0,4,80,531,611,True,0.6682438794726931
Tox21,fedavg_proto,0.5,1,5,200,16,16,0.1,test,client_0,5,34,647,681,True,0.6729702700245477
Tox21,fedavg_proto,0.5,1,5,200,16,16,0.1,test,client_0,6,21,617,638,True,0.6440534074245582
Tox21,fedavg_proto,0.5,1,5,200,16,16,0.1,test,client_0,7,95,494,589,True,0.6794161517153208
Tox21,fedavg_proto,0.5,1,5,200,16,16,0.1,test,client_0,8,32,670,702,True,0.6528451492537314
Tox21,fedavg_proto,0.5,1,5,200,16,16,0.1,test,client_0,9,36,621,657,True,0.5145374843442476
Tox21,fedavg_proto,0.5,1,5,200,16,16,0.1,test,client_0,10,93,485,578,True,0.7455492739164173
Tox21,fedavg_proto,0.5,1,5,200,16,16,0.1,test,client_0,11,48,624,672,True,0.6921407585470085
Tox21,fedavg_proto,0.5,1,5,200,16,16,0.1,test,client_1,0,32,693,725,True,0.7291215728715729
Tox21,fedavg_proto,0.5,1,5,200,16,16,0.1,test,client_1,1,33,646,679,True,0.7513368983957219
Tox21,fedavg_proto,0.5,1,5,200,16,16,0.1,test,client_1,2,77,572,649,True,0.7475024975024974
Tox21,fedavg_proto,0.5,1,5,200,16,16,0.1,test,client_1,3,38,538,576,True,0.6728135394247701
Tox21,fedavg_proto,0.5,1,5,200,16,16,0.1,test,client_1,4,80,531,611,True,0.6602871939736347
Tox21,fedavg_proto,0.5,1,5,200,16,16,0.1,test,client_1,5,34,647,681,True,0.6503318483498499
Tox21,fedavg_proto,0.5,1,5,200,16,16,0.1,test,client_1,6,21,617,638,True,0.6369529983792546
Tox21,fedavg_proto,0.5,1,5,200,16,16,0.1,test,client_1,7,95,494,589,True,0.6626038781163435
Tox21,fedavg_proto,0.5,1,5,200,16,16,0.1,test,client_1,8,32,670,702,True,0.6594682835820896
Tox21,fedavg_proto,0.5,1,5,200,16,16,0.1,test,client_1,9,36,621,657,True,0.5058597244587583
Tox21,fedavg_proto,0.5,1,5,200,16,16,0.1,test,client_1,10,93,485,578,True,0.7492074049440195
Tox21,fedavg_proto,0.5,1,5,200,16,16,0.1,test,client_1,11,48,624,672,True,0.678218482905983
Tox21,fedavg_proto,0.5,1,5,200,16,16,0.1,test,client_2,0,32,693,725,True,0.7977994227994226
Tox21,fedavg_proto,0.5,1,5,200,16,16,0.1,test,client_2,1,33,646,679,True,0.8253588516746412
Tox21,fedavg_proto,0.5,1,5,200,16,16,0.1,test,client_2,2,77,572,649,True,0.7380573971483062
Tox21,fedavg_proto,0.5,1,5,200,16,16,0.1,test,client_2,3,38,538,576,True,0.7137546468401486
Tox21,fedavg_proto,0.5,1,5,200,16,16,0.1,test,client_2,4,80,531,611,True,0.6590866290018832
Tox21,fedavg_proto,0.5,1,5,200,16,16,0.1,test,client_2,5,34,647,681,True,0.6991090099099918
Tox21,fedavg_proto,0.5,1,5,200,16,16,0.1,test,client_2,6,21,617,638,True,0.6408890946978467
Tox21,fedavg_proto,0.5,1,5,200,16,16,0.1,test,client_2,7,95,494,589,True,0.6883656509695292
Tox21,fedavg_proto,0.5,1,5,200,16,16,0.1,test,client_2,8,32,670,702,True,0.636054104477612
Tox21,fedavg_proto,0.5,1,5,200,16,16,0.1,test,client_2,9,36,621,657,True,0.5236625514403292
Tox21,fedavg_proto,0.5,1,5,200,16,16,0.1,test,client_2,10,93,485,578,True,0.7456601263717991
Tox21,fedavg_proto,0.5,1,5,200,16,16,0.1,test,client_2,11,48,624,672,True,0.7204861111111112
Tox21,fedavg_proto,0.5,1,5,200,16,16,0.1,test,client_3,0,32,693,725,True,0.7610028860028861
Tox21,fedavg_proto,0.5,1,5,200,16,16,0.1,test,client_3,1,33,646,679,True,0.7897551365043625
Tox21,fedavg_proto,0.5,1,5,200,16,16,0.1,test,client_3,2,77,572,649,True,0.743801652892562
Tox21,fedavg_proto,0.5,1,5,200,16,16,0.1,test,client_3,3,38,538,576,True,0.6956564273136372
Tox21,fedavg_proto,0.5,1,5,200,16,16,0.1,test,client_3,4,80,531,611,True,0.6599105461393597
Tox21,fedavg_proto,0.5,1,5,200,16,16,0.1,test,client_3,5,34,647,681,True,0.6753795799618147
Tox21,fedavg_proto,0.5,1,5,200,16,16,0.1,test,client_3,6,21,617,638,True,0.6507679246739214
Tox21,fedavg_proto,0.5,1,5,200,16,16,0.1,test,client_3,7,95,494,589,True,0.6771148519070956
Tox21,fedavg_proto,0.5,1,5,200,16,16,0.1,test,client_3,8,32,670,702,True,0.6509794776119403
Tox21,fedavg_proto,0.5,1,5,200,16,16,0.1,test,client_3,9,36,621,657,True,0.516416174628735
Tox21,fedavg_proto,0.5,1,5,200,16,16,0.1,test,client_3,10,93,485,578,True,0.7492295754350959
Tox21,fedavg_proto,0.5,1,5,200,16,16,0.1,test,client_3,11,48,624,672,True,0.6949452457264956
Tox21,fedavg_proto,0.5,1,6,200,16,16,0.1,val,server,0,31,696,727,True,0.721588802373007
Tox21,fedavg_proto,0.5,1,6,200,16,16,0.1,val,server,1,23,652,675,True,0.7253934382502001
Tox21,fedavg_proto,0.5,1,6,200,16,16,0.1,val,server,2,74,567,641,True,0.7492730826064159
Tox21,fedavg_proto,0.5,1,6,200,16,16,0.1,val,server,3,19,546,565,True,0.7448428764218238
Tox21,fedavg_proto,0.5,1,6,200,16,16,0.1,val,server,4,82,541,623,True,0.6555836075920833
Tox21,fedavg_proto,0.5,1,6,200,16,16,0.1,val,server,5,30,657,687,True,0.7263825469304921
Tox21,fedavg_proto,0.5,1,6,200,16,16,0.1,val,server,6,21,612,633,True,0.56411453470277
Tox21,fedavg_proto,0.5,1,6,200,16,16,0.1,val,server,7,96,492,588,True,0.6660950203252033
Tox21,fedavg_proto,0.5,1,6,200,16,16,0.1,val,server,8,30,677,707,True,0.7146233382570162
Tox21,fedavg_proto,0.5,1,6,200,16,16,0.1,val,server,9,45,603,648,True,0.5342915054357841
Tox21,fedavg_proto,0.5,1,6,200,16,16,0.1,val,server,10,92,495,587,True,0.77832674571805
Tox21,fedavg_proto,0.5,1,6,200,16,16,0.1,val,server,11,42,636,678,True,0.7542303084755915
Tox21,fedavg_proto,0.5,1,6,200,16,16,0.1,val,client_0,0,31,696,727,True,0.7061086392287728
Tox21,fedavg_proto,0.5,1,6,200,16,16,0.1,val,client_0,1,23,652,675,True,0.6971859162443319
Tox21,fedavg_proto,0.5,1,6,200,16,16,0.1,val,client_0,2,74,567,641,True,0.7599980933314266
Tox21,fedavg_proto,0.5,1,6,200,16,16,0.1,val,client_0,3,19,546,565,True,0.7251783304414883
Tox21,fedavg_proto,0.5,1,6,200,16,16,0.1,val,client_0,4,82,541,623,True,0.6500383210856138
Tox21,fedavg_proto,0.5,1,6,200,16,16,0.1,val,client_0,5,30,657,687,True,0.7067985794013192
Tox21,fedavg_proto,0.5,1,6,200,16,16,0.1,val,client_0,6,21,612,633,True,0.5614690320572673
Tox21,fedavg_proto,0.5,1,6,200,16,16,0.1,val,client_0,7,96,492,588,True,0.6638931233062331
Tox21,fedavg_proto,0.5,1,6,200,16,16,0.1,val,client_0,8,30,677,707,True,0.7256031511570655
Tox21,fedavg_proto,0.5,1,6,200,16,16,0.1,val,client_0,9,45,603,648,True,0.524525520545421
Tox21,fedavg_proto,0.5,1,6,200,16,16,0.1,val,client_0,10,92,495,587,True,0.7757356170399649
Tox21,fedavg_proto,0.5,1,6,200,16,16,0.1,val,client_0,11,42,636,678,True,0.7453953279424977
Tox21,fedavg_proto,0.5,1,6,200,16,16,0.1,val,client_1,0,31,696,727,True,0.7084260289210234
Tox21,fedavg_proto,0.5,1,6,200,16,16,0.1,val,client_1,1,23,652,675,True,0.7159242464657243
Tox21,fedavg_proto,0.5,1,6,200,16,16,0.1,val,client_1,2,74,567,641,True,0.7440774107440775
Tox21,fedavg_proto,0.5,1,6,200,16,16,0.1,val,client_1,3,19,546,565,True,0.7463851937536148
Tox21,fedavg_proto,0.5,1,6,200,16,16,0.1,val,client_1,4,82,541,623,True,0.6546368513592715
Tox21,fedavg_proto,0.5,1,6,200,16,16,0.1,val,client_1,5,30,657,687,True,0.7288685946220193
Tox21,fedavg_proto,0.5,1,6,200,16,16,0.1,val,client_1,6,21,612,633,True,0.5546218487394958
Tox21,fedavg_proto,0.5,1,6,200,16,16,0.1,val,client_1,7,96,492,588,True,0.6613313008130082
Tox21,fedavg_proto,0.5,1,6,200,16,16,0.1,val,client_1,8,30,677,707,True,0.7063515509601181
Tox21,fedavg_proto,0.5,1,6,200,16,16,0.1,val,client_1,9,45,603,648,True,0.5430993182236963
Tox21,fedavg_proto,0.5,1,6,200,16,16,0.1,val,client_1,10,92,495,587,True,0.7753403601229688
Tox21,fedavg_proto,0.5,1,6,200,16,16,0.1,val,client_1,11,42,636,678,True,0.7499625636418089
Tox21,fedavg_proto,0.5,1,6,200,16,16,0.1,val,client_2,0,31,696,727,True,0.7480070448646644
Tox21,fedavg_proto,0.5,1,6,200,16,16,0.1,val,client_2,1,23,652,675,True,0.7612696719125099
Tox21,fedavg_proto,0.5,1,6,200,16,16,0.1,val,client_2,2,74,567,641,True,0.7451260784594118
Tox21,fedavg_proto,0.5,1,6,200,16,16,0.1,val,client_2,3,19,546,565,True,0.7446500867553498
Tox21,fedavg_proto,0.5,1,6,200,16,16,0.1,val,client_2,4,82,541,623,True,0.65398313872233
Tox21,fedavg_proto,0.5,1,6,200,16,16,0.1,val,client_2,5,30,657,687,True,0.7256215119228818
Tox21,fedavg_proto,0.5,1,6,200,16,16,0.1,val,client_2,6,21,612,633,True,0.586212262682851
Tox21,fedavg_proto,0.5,1,6,200,16,16,0.1,val,client_2,7,96,492,588,True,0.671070460704607
Tox21,fedavg_proto,0.5,1,6,200,16,16,0.1,val,client_2,8,30,677,707,True,0.7106351550960118
Tox21,fedavg_proto,0.5,1,6,200,16,16,0.1,val,client_2,9,45,603,648,True,0.531453841901603
Tox21,fedavg_proto,0.5,1,6,200,16,16,0.1,val,client_2,10,92,495,587,True,0.7747694334650856
Tox21,fedavg_proto,0.5,1,6,200,16,16,0.1,val,client_2,11,42,636,678,True,0.7653489068583409
Tox21,fedavg_proto,0.5,1,6,200,16,16,0.1,val,client_3,0,31,696,727,True,0.7120875046347794
Tox21,fedavg_proto,0.5,1,6,200,16,16,0.1,val,client_3,1,23,652,675,True,0.7202587356628434
Tox21,fedavg_proto,0.5,1,6,200,16,16,0.1,val,client_3,2,74,567,641,True,0.7422899089565757
Tox21,fedavg_proto,0.5,1,6,200,16,16,0.1,val,client_3,3,19,546,565,True,0.7389627915943705
Tox21,fedavg_proto,0.5,1,6,200,16,16,0.1,val,client_3,4,82,541,623,True,0.6537351787565935
Tox21,fedavg_proto,0.5,1,6,200,16,16,0.1,val,client_3,5,30,657,687,True,0.7272450532724505
Tox21,fedavg_proto,0.5,1,6,200,16,16,0.1,val,client_3,6,21,612,633,True,0.5561002178649237
Tox21,fedavg_proto,0.5,1,6,200,16,16,0.1,val,client_3,7,96,492,588,True,0.6615853658536586
Tox21,fedavg_proto,0.5,1,6,200,16,16,0.1,val,client_3,8,30,677,707,True,0.7156573116691285
Tox21,fedavg_proto,0.5,1,6,200,16,16,0.1,val,client_3,9,45,603,648,True,0.5400405380504882
Tox21,fedavg_proto,0.5,1,6,200,16,16,0.1,val,client_3,10,92,495,587,True,0.7749451032059728
Tox21,fedavg_proto,0.5,1,6,200,16,16,0.1,val,client_3,11,42,636,678,True,0.7541179994010183
Tox21,fedavg_proto,0.5,1,6,200,16,16,0.1,test,server,0,32,693,725,True,0.7725468975468975
Tox21,fedavg_proto,0.5,1,6,200,16,16,0.1,test,server,1,33,646,679,True,0.7999343277981049
Tox21,fedavg_proto,0.5,1,6,200,16,16,0.1,test,server,2,77,572,649,True,0.7492280446825901
Tox21,fedavg_proto,0.5,1,6,200,16,16,0.1,test,server,3,38,538,576,True,0.6964390530228919
Tox21,fedavg_proto,0.5,1,6,200,16,16,0.1,test,server,4,80,531,611,True,0.6704331450094162
Tox21,fedavg_proto,0.5,1,6,200,16,16,0.1,test,server,5,34,647,681,True,0.6818347122465679
Tox21,fedavg_proto,0.5,1,6,200,16,16,0.1,test,server,6,21,617,638,True,0.6442849425021224
Tox21,fedavg_proto,0.5,1,6,200,16,16,0.1,test,server,7,95,494,589,True,0.6864905177924568
Tox21,fedavg_proto,0.5,1,6,200,16,16,0.1,test,server,8,32,670,702,True,0.651259328358209
Tox21,fedavg_proto,0.5,1,6,200,16,16,0.1,test,server,9,36,621,657,True,0.5248702809089282
Tox21,fedavg_proto,0.5,1,6,200,16,16,0.1,test,server,10,93,485,578,True,0.7531315818645383
Tox21,fedavg_proto,0.5,1,6,200,16,16,0.1,test,server,11,48,624,672,True,0.6996861645299145
Tox21,fedavg_proto,0.5,1,6,200,16,16,0.1,test,client_0,0,32,693,725,True,0.7346230158730158
Tox21,fedavg_proto,0.5,1,6,200,16,16,0.1,test,client_0,1,33,646,679,True,0.7813115676892767
Tox21,fedavg_proto,0.5,1,6,200,16,16,0.1,test,client_0,2,77,572,649,True,0.7669149032785397
Tox21,fedavg_proto,0.5,1,6,200,16,16,0.1,test,client_0,3,38,538,576,True,0.6917432987673646
Tox21,fedavg_proto,0.5,1,6,200,16,16,0.1,test,client_0,4,80,531,611,True,0.6667608286252353
Tox21,fedavg_proto,0.5,1,6,200,16,16,0.1,test,client_0,5,34,647,681,True,0.6864260387307937
Tox21,fedavg_proto,0.5,1,6,200,16,16,0.1,test,client_0,6,21,617,638,True,0.6545496642741374
Tox21,fedavg_proto,0.5,1,6,200,16,16,0.1,test,client_0,7,95,494,589,True,0.6851054762412103
Tox21,fedavg_proto,0.5,1,6,200,16,16,0.1,test,client_0,8,32,670,702,True,0.6586287313432837
Tox21,fedavg_proto,0.5,1,6,200,16,16,0.1,test,client_0,9,36,621,657,True,0.526838432635534
Tox21,fedavg_proto,0.5,1,6,200,16,16,0.1,test,client_0,10,93,485,578,True,0.7504489524442967
Tox21,fedavg_proto,0.5,1,6,200,16,16,0.1,test,client_0,11,48,624,672,True,0.692875267094017
Tox21,fedavg_proto,0.5,1,6,200,16,16,0.1,test,client_1,0,32,693,725,True,0.7718704906204906
Tox21,fedavg_proto,0.5,1,6,200,16,16,0.1,test,client_1,1,33,646,679,True,0.7864246176939675
Tox21,fedavg_proto,0.5,1,6,200,16,16,0.1,test,client_1,2,77,572,649,True,0.7436654254836073
Tox21,fedavg_proto,0.5,1,6,200,16,16,0.1,test,client_1,3,38,538,576,True,0.6924280962629623
Tox21,fedavg_proto,0.5,1,6,200,16,16,0.1,test,client_1,4,80,531,611,True,0.6676553672316384
Tox21,fedavg_proto,0.5,1,6,200,16,16,0.1,test,client_1,5,34,647,681,True,0.6656514228566234
Tox21,fedavg_proto,0.5,1,6,200,16,16,0.1,test,client_1,6,21,617,638,True,0.6347148259628
Tox21,fedavg_proto,0.5,1,6,200,16,16,0.1,test,client_1,7,95,494,589,True,0.6760494353292137
Tox21,fedavg_proto,0.5,1,6,200,16,16,0.1,test,client_1,8,32,670,702,True,0.652938432835821
Tox21,fedavg_proto,0.5,1,6,200,16,16,0.1,test,client_1,9,36,621,657,True,0.5192342100554661
Tox21,fedavg_proto,0.5,1,6,200,16,16,0.1,test,client_1,10,93,485,578,True,0.751003214721206
Tox21,fedavg_proto,0.5,1,6,200,16,16,0.1,test,client_1,11,48,624,672,True,0.692341079059829
Tox21,fedavg_proto,0.5,1,6,200,16,16,0.1,test,client_2,0,32,693,725,True,0.800414862914863
Tox21,fedavg_proto,0.5,1,6,200,16,16,0.1,test,client_2,1,33,646,679,True,0.8273290177314946
Tox21,fedavg_proto,0.5,1,6,200,16,16,0.1,test,client_2,2,77,572,649,True,0.7386704204886022
Tox21,fedavg_proto,0.5,1,6,200,16,16,0.1,test,client_2,3,38,538,576,True,0.7109665427509294
Tox21,fedavg_proto,0.5,1,6,200,16,16,0.1,test,client_2,4,80,531,611,True,0.6662429378531074
Tox21,fedavg_proto,0.5,1,6,200,16,16,0.1,test,client_2,5,34,647,681,True,0.7029729975452313
Tox21,fedavg_proto,0.5,1,6,200,16,16,0.1,test,client_2,6,21,617,638,True,0.6384965655630161
Tox21,fedavg_proto,0.5,1,6,200,16,16,0.1,test,client_2,7,95,494,589,True,0.6993820583848285
Tox21,fedavg_proto,0.5,1,6,200,16,16,0.1,test,client_2,8,32,670,702,True,0.6386194029850747
Tox21,fedavg_proto,0.5,1,6,200,16,16,0.1,test,client_2,9,36,621,657,True,0.5335033100733584
Tox21,fedavg_proto,0.5,1,6,200,16,16,0.1,test,client_2,10,93,485,578,True,0.7499168606584636
Tox21,fedavg_proto,0.5,1,6,200,16,16,0.1,test,client_2,11,48,624,672,True,0.7214543269230769
Tox21,fedavg_proto,0.5,1,6,200,16,16,0.1,test,client_3,0,32,693,725,True,0.7780032467532467
Tox21,fedavg_proto,0.5,1,6,200,16,16,0.1,test,client_3,1,33,646,679,True,0.789567501641805
Tox21,fedavg_proto,0.5,1,6,200,16,16,0.1,test,client_3,2,77,572,649,True,0.738806647897557
Tox21,fedavg_proto,0.5,1,6,200,16,16,0.1,test,client_3,3,38,538,576,True,0.6955585990999804
Tox21,fedavg_proto,0.5,1,6,200,16,16,0.1,test,client_3,4,80,531,611,True,0.6691619585687383
Tox21,fedavg_proto,0.5,1,6,200,16,16,0.1,test,client_3,5,34,647,681,True,0.6686516956086916
Tox21,fedavg_proto,0.5,1,6,200,16,16,0.1,test,client_3,6,21,617,638,True,0.6372617118160068
Tox21,fedavg_proto,0.5,1,6,200,16,16,0.1,test,client_3,7,95,494,589,True,0.6790326017472832
Tox21,fedavg_proto,0.5,1,6,200,16,16,0.1,test,client_3,8,32,670,702,True,0.6492537313432836
Tox21,fedavg_proto,0.5,1,6,200,16,16,0.1,test,client_3,9,36,621,657,True,0.5200840937555914
Tox21,fedavg_proto,0.5,1,6,200,16,16,0.1,test,client_3,10,93,485,578,True,0.74865314266711
Tox21,fedavg_proto,0.5,1,6,200,16,16,0.1,test,client_3,11,48,624,672,True,0.6934428418803418
Tox21,fedavg_proto,0.5,1,7,200,16,16,0.1,val,server,0,31,696,727,True,0.7389692250648869
Tox21,fedavg_proto,0.5,1,7,200,16,16,0.1,val,server,1,23,652,675,True,0.7417978127500667
Tox21,fedavg_proto,0.5,1,7,200,16,16,0.1,val,server,2,74,567,641,True,0.7533009199675867
Tox21,fedavg_proto,0.5,1,7,200,16,16,0.1,val,server,3,19,546,565,True,0.7373240794293425
Tox21,fedavg_proto,0.5,1,7,200,16,16,0.1,val,server,4,82,541,623,True,0.6595058834137325
Tox21,fedavg_proto,0.5,1,7,200,16,16,0.1,val,server,5,30,657,687,True,0.7311009639776763
Tox21,fedavg_proto,0.5,1,7,200,16,16,0.1,val,server,6,21,612,633,True,0.5790538437597261
Tox21,fedavg_proto,0.5,1,7,200,16,16,0.1,val,server,7,96,492,588,True,0.6695672425474255
Tox21,fedavg_proto,0.5,1,7,200,16,16,0.1,val,server,8,30,677,707,True,0.7238306253077301
Tox21,fedavg_proto,0.5,1,7,200,16,16,0.1,val,server,9,45,603,648,True,0.532854247282108
Tox21,fedavg_proto,0.5,1,7,200,16,16,0.1,val,server,10,92,495,587,True,0.7857048748353097
Tox21,fedavg_proto,0.5,1,7,200,16,16,0.1,val,server,11,42,636,678,True,0.7571503444144954
Tox21,fedavg_proto,0.5,1,7,200,16,16,0.1,val,client_0,0,31,696,727,True,0.7166295884315907
Tox21,fedavg_proto,0.5,1,7,200,16,16,0.1,val,client_0,1,23,652,675,True,0.7094558548946386
Tox21,fedavg_proto,0.5,1,7,200,16,16,0.1,val,client_0,2,74,567,641,True,0.7591400924734257
Tox21,fedavg_proto,0.5,1,7,200,16,16,0.1,val,client_0,3,19,546,565,True,0.7220936957779063
Tox21,fedavg_proto,0.5,1,7,200,16,16,0.1,val,client_0,4,82,541,623,True,0.6577025382083765
Tox21,fedavg_proto,0.5,1,7,200,16,16,0.1,val,client_0,5,30,657,687,True,0.7222222222222223
Tox21,fedavg_proto,0.5,1,7,200,16,16,0.1,val,client_0,6,21,612,633,True,0.574307500778089
Tox21,fedavg_proto,0.5,1,7,200,16,16,0.1,val,client_0,7,96,492,588,True,0.662453421409214
Tox21,fedavg_proto,0.5,1,7,200,16,16,0.1,val,client_0,8,30,677,707,True,0.7372230428360413
Tox21,fedavg_proto,0.5,1,7,200,16,16,0.1,val,client_0,9,45,603,648,True,0.5290584116454764
Tox21,fedavg_proto,0.5,1,7,200,16,16,0.1,val,client_0,10,92,495,587,True,0.7791831357048749
Tox21,fedavg_proto,0.5,1,7,200,16,16,0.1,val,client_0,11,42,636,678,True,0.7455825097334532
Tox21,fedavg_proto,0.5,1,7,200,16,16,0.1,val,client_1,0,31,696,727,True,0.7297460140897293
Tox21,fedavg_proto,0.5,1,7,200,16,16,0.1,val,client_1,1,23,652,675,True,0.7350626833822352
Tox21,fedavg_proto,0.5,1,7,200,16,16,0.1,val,client_1,2,74,567,641,True,0.7510605843939178
Tox21,fedavg_proto,0.5,1,7,200,16,16,0.1,val,client_1,3,19,546,565,True,0.743011374590322
Tox21,fedavg_proto,0.5,1,7,200,16,16,0.1,val,client_1,4,82,541,623,True,0.6615571885848248
Tox21,fedavg_proto,0.5,1,7,200,16,16,0.1,val,client_1,5,30,657,687,True,0.7336884830035515
Tox21,fedavg_proto,0.5,1,7,200,16,16,0.1,val,client_1,6,21,612,633,True,0.5642701525054467
Tox21,fedavg_proto,0.5,1,7,200,16,16,0.1,val,client_1,7,96,492,588,True,0.666433773712737
Tox21,fedavg_proto,0.5,1,7,200,16,16,0.1,val,client_1,8,30,677,707,True,0.7149187592319054
Tox21,fedavg_proto,0.5,1,7,200,16,16,0.1,val,client_1,9,45,603,648,True,0.5388612493090105
Tox21,fedavg_proto,0.5,1,7,200,16,16,0.1,val,client_1,10,92,495,587,True,0.785638998682477
Tox21,fedavg_proto,0.5,1,7,200,16,16,0.1,val,client_1,11,42,636,678,True,0.7509359089547769
Tox21,fedavg_proto,0.5,1,7,200,16,16,0.1,val,client_2,0,31,696,727,True,0.760428253615128
Tox21,fedavg_proto,0.5,1,7,200,16,16,0.1,val,client_2,1,23,652,675,True,0.7773406241664444
Tox21,fedavg_proto,0.5,1,7,200,16,16,0.1,val,client_2,2,74,567,641,True,0.7387625720959053
Tox21,fedavg_proto,0.5,1,7,200,16,16,0.1,val,client_2,3,19,546,565,True,0.7388663967611335
Tox21,fedavg_proto,0.5,1,7,200,16,16,0.1,val,client_2,4,82,541,623,True,0.653532302420991
Tox21,fedavg_proto,0.5,1,7,200,16,16,0.1,val,client_2,5,30,657,687,True,0.7260781329274479
Tox21,fedavg_proto,0.5,1,7,200,16,16,0.1,val,client_2,6,21,612,633,True,0.6091658885776532
Tox21,fedavg_proto,0.5,1,7,200,16,16,0.1,val,client_2,7,96,492,588,True,0.6753472222222223
Tox21,fedavg_proto,0.5,1,7,200,16,16,0.1,val,client_2,8,30,677,707,True,0.7191531265386509
Tox21,fedavg_proto,0.5,1,7,200,16,16,0.1,val,client_2,9,45,603,648,True,0.531453841901603
Tox21,fedavg_proto,0.5,1,7,200,16,16,0.1,val,client_2,10,92,495,587,True,0.7758014931927975
Tox21,fedavg_proto,0.5,1,7,200,16,16,0.1,val,client_2,11,42,636,678,True,0.7701407607067985
Tox21,fedavg_proto,0.5,1,7,200,16,16,0.1,val,client_3,0,31,696,727,True,0.7322487949573601
Tox21,fedavg_proto,0.5,1,7,200,16,16,0.1,val,client_3,1,23,652,675,True,0.7373966391037611
Tox21,fedavg_proto,0.5,1,7,200,16,16,0.1,val,client_3,2,74,567,641,True,0.7471757471757471
Tox21,fedavg_proto,0.5,1,7,200,16,16,0.1,val,client_3,3,19,546,565,True,0.7367457104299209
Tox21,fedavg_proto,0.5,1,7,200,16,16,0.1,val,client_3,4,82,541,623,True,0.6589874216671927
Tox21,fedavg_proto,0.5,1,7,200,16,16,0.1,val,client_3,5,30,657,687,True,0.7289700659563673
Tox21,fedavg_proto,0.5,1,7,200,16,16,0.1,val,client_3,6,21,612,633,True,0.566604419545596
Tox21,fedavg_proto,0.5,1,7,200,16,16,0.1,val,client_3,7,96,492,588,True,0.6654598577235772
Tox21,fedavg_proto,0.5,1,7,200,16,16,0.1,val,client_3,8,30,677,707,True,0.7176760216642049
Tox21,fedavg_proto,0.5,1,7,200,16,16,0.1,val,client_3,9,45,603,648,True,0.5347337387138382
Tox21,fedavg_proto,0.5,1,7,200,16,16,0.1,val,client_3,10,92,495,587,True,0.7871102327624067
Tox21,fedavg_proto,0.5,1,7,200,16,16,0.1,val,client_3,11,42,636,678,True,0.7508984725965858
Tox21,fedavg_proto,0.5,1,7,200,16,16,0.1,test,server,0,32,693,725,True,0.778183621933622
Tox21,fedavg_proto,0.5,1,7,200,16,16,0.1,test,server,1,33,646,679,True,0.8176658223097852
Tox21,fedavg_proto,0.5,1,7,200,16,16,0.1,test,server,2,77,572,649,True,0.7569248932885297
Tox21,fedavg_proto,0.5,1,7,200,16,16,0.1,test,server,3,38,538,576,True,0.7020641753081588
Tox21,fedavg_proto,0.5,1,7,200,16,16,0.1,test,server,4,80,531,611,True,0.6722693032015066
Tox21,fedavg_proto,0.5,1,7,200,16,16,0.1,test,server,5,34,647,681,True,0.6982452950268206
Tox21,fedavg_proto,0.5,1,7,200,16,16,0.1,test,server,6,21,617,638,True,0.6474492552288338
Tox21,fedavg_proto,0.5,1,7,200,16,16,0.1,test,server,7,95,494,589,True,0.6982101001491583
Tox21,fedavg_proto,0.5,1,7,200,16,16,0.1,test,server,8,32,670,702,True,0.6547574626865672
Tox21,fedavg_proto,0.5,1,7,200,16,16,0.1,test,server,9,36,621,657,True,0.5348005009840758
Tox21,fedavg_proto,0.5,1,7,200,16,16,0.1,test,server,10,93,485,578,True,0.757809555481654
Tox21,fedavg_proto,0.5,1,7,200,16,16,0.1,test,server,11,48,624,672,True,0.7065304487179488
Tox21,fedavg_proto,0.5,1,7,200,16,16,0.1,test,client_0,0,32,693,725,True,0.7443181818181819
Tox21,fedavg_proto,0.5,1,7,200,16,16,0.1,test,client_0,1,33,646,679,True,0.7848297213622292
Tox21,fedavg_proto,0.5,1,7,200,16,16,0.1,test,client_0,2,77,572,649,True,0.7678230860049042
Tox21,fedavg_proto,0.5,1,7,200,16,16,0.1,test,client_0,3,38,538,576,True,0.6856290354138133
Tox21,fedavg_proto,0.5,1,7,200,16,16,0.1,test,client_0,4,80,531,611,True,0.6732815442561204
Tox21,fedavg_proto,0.5,1,7,200,16,16,0.1,test,client_0,5,34,647,681,True,0.6819256296026912
Tox21,fedavg_proto,0.5,1,7,200,16,16,0.1,test,client_0,6,21,617,638,True,0.6509222813922976
Tox21,fedavg_proto,0.5,1,7,200,16,16,0.1,test,client_0,7,95,494,589,True,0.6904112507990624
Tox21,fedavg_proto,0.5,1,7,200,16,16,0.1,test,client_0,8,32,670,702,True,0.6590951492537314
Tox21,fedavg_proto,0.5,1,7,200,16,16,0.1,test,client_0,9,36,621,657,True,0.5309089282519234
Tox21,fedavg_proto,0.5,1,7,200,16,16,0.1,test,client_0,10,93,485,578,True,0.7562132801241548
Tox21,fedavg_proto,0.5,1,7,200,16,16,0.1,test,client_0,11,48,624,672,True,0.6872329059829061
Tox21,fedavg_proto,0.5,1,7,200,16,16,0.1,test,client_1,0,32,693,725,True,0.779491341991342
Tox21,fedavg_proto,0.5,1,7,200,16,16,0.1,test,client_1,1,33,646,679,True,0.811239328267192
Tox21,fedavg_proto,0.5,1,7,200,16,16,0.1,test,client_1,2,77,572,649,True,0.7574243937880302
Tox21,fedavg_proto,0.5,1,7,200,16,16,0.1,test,client_1,3,38,538,576,True,0.6981510467618861
Tox21,fedavg_proto,0.5,1,7,200,16,16,0.1,test,client_1,4,80,531,611,True,0.671563088512241
Tox21,fedavg_proto,0.5,1,7,200,16,16,0.1,test,client_1,5,34,647,681,True,0.68715337757978
Tox21,fedavg_proto,0.5,1,7,200,16,16,0.1,test,client_1,6,21,617,638,True,0.6479123253839623
Tox21,fedavg_proto,0.5,1,7,200,16,16,0.1,test,client_1,7,95,494,589,True,0.6907948007670999
Tox21,fedavg_proto,0.5,1,7,200,16,16,0.1,test,client_1,8,32,670,702,True,0.6620802238805971
Tox21,fedavg_proto,0.5,1,7,200,16,16,0.1,test,client_1,9,36,621,657,True,0.5305063517623904
Tox21,fedavg_proto,0.5,1,7,200,16,16,0.1,test,client_1,10,93,485,578,True,0.7580534308834942
Tox21,fedavg_proto,0.5,1,7,200,16,16,0.1,test,client_1,11,48,624,672,True,0.7012219551282052
Tox21,fedavg_proto,0.5,1,7,200,16,16,0.1,test,client_2,0,32,693,725,True,0.8030303030303031
Tox21,fedavg_proto,0.5,1,7,200,16,16,0.1,test,client_2,1,33,646,679,True,0.8412139975607467
Tox21,fedavg_proto,0.5,1,7,200,16,16,0.1,test,client_2,2,77,572,649,True,0.7395558986468077
Tox21,fedavg_proto,0.5,1,7,200,16,16,0.1,test,client_2,3,38,538,576,True,0.7140970455879475
Tox21,fedavg_proto,0.5,1,7,200,16,16,0.1,test,client_2,4,80,531,611,True,0.6638653483992467
Tox21,fedavg_proto,0.5,1,7,200,16,16,0.1,test,client_2,5,34,647,681,True,0.7211110100918265
Tox21,fedavg_proto,0.5,1,7,200,16,16,0.1,test,client_2,6,21,617,638,True,0.6405803812610944
Tox21,fedavg_proto,0.5,1,7,200,16,16,0.1,test,client_2,7,95,494,589,True,0.7111655657362029
Tox21,fedavg_proto,0.5,1,7,200,16,16,0.1,test,client_2,8,32,670,702,True,0.644589552238806
Tox21,fedavg_proto,0.5,1,7,200,16,16,0.1,test,client_2,9,36,621,657,True,0.5458937198067633
Tox21,fedavg_proto,0.5,1,7,200,16,16,0.1,test,client_2,10,93,485,578,True,0.7471677197649927
Tox21,fedavg_proto,0.5,1,7,200,16,16,0.1,test,client_2,11,48,624,672,True,0.7336738782051282
Tox21,fedavg_proto,0.5,1,7,200,16,16,0.1,test,client_3,0,32,693,725,True,0.7841360028860029
Tox21,fedavg_proto,0.5,1,7,200,16,16,0.1,test,client_3,1,33,646,679,True,0.8141007599211934
Tox21,fedavg_proto,0.5,1,7,200,16,16,0.1,test,client_3,2,77,572,649,True,0.7507946598855689
Tox21,fedavg_proto,0.5,1,7,200,16,16,0.1,test,client_3,3,38,538,576,True,0.7019174329876736
Tox21,fedavg_proto,0.5,1,7,200,16,16,0.1,test,client_3,4,80,531,611,True,0.6664548022598871
Tox21,fedavg_proto,0.5,1,7,200,16,16,0.1,test,client_3,5,34,647,681,True,0.6896081461951087
Tox21,fedavg_proto,0.5,1,7,200,16,16,0.1,test,client_3,6,21,617,638,True,0.6483753955390908
Tox21,fedavg_proto,0.5,1,7,200,16,16,0.1,test,client_3,7,95,494,589,True,0.69196675900277
Tox21,fedavg_proto,0.5,1,7,200,16,16,0.1,test,client_3,8,32,670,702,True,0.6520988805970149
Tox21,fedavg_proto,0.5,1,7,200,16,16,0.1,test,client_3,9,36,621,657,True,0.5334585793522992
Tox21,fedavg_proto,0.5,1,7,200,16,16,0.1,test,client_3,10,93,485,578,True,0.7576321915530428
Tox21,fedavg_proto,0.5,1,7,200,16,16,0.1,test,client_3,11,48,624,672,True,0.6998530982905983
Tox21,fedavg_proto,0.5,1,8,200,16,16,0.1,val,server,0,31,696,727,True,0.750046347793845
Tox21,fedavg_proto,0.5,1,8,200,16,16,0.1,val,server,1,23,652,675,True,0.7526006935182716
Tox21,fedavg_proto,0.5,1,8,200,16,16,0.1,val,server,2,74,567,641,True,0.7536822536822537
Tox21,fedavg_proto,0.5,1,8,200,16,16,0.1,val,server,3,19,546,565,True,0.728841334104492
Tox21,fedavg_proto,0.5,1,8,200,16,16,0.1,val,server,4,82,541,623,True,0.6631125738244443
Tox21,fedavg_proto,0.5,1,8,200,16,16,0.1,val,server,5,30,657,687,True,0.7355657026889904
Tox21,fedavg_proto,0.5,1,8,200,16,16,0.1,val,server,6,21,612,633,True,0.5942265795206972
Tox21,fedavg_proto,0.5,1,8,200,16,16,0.1,val,server,7,96,492,588,True,0.6743733062330624
Tox21,fedavg_proto,0.5,1,8,200,16,16,0.1,val,server,8,30,677,707,True,0.7351550960118168
Tox21,fedavg_proto,0.5,1,8,200,16,16,0.1,val,server,9,45,603,648,True,0.534070388796757
Tox21,fedavg_proto,0.5,1,8,200,16,16,0.1,val,server,10,92,495,587,True,0.7938735177865612
Tox21,fedavg_proto,0.5,1,8,200,16,16,0.1,val,server,11,42,636,678,True,0.7567011081162025
Tox21,fedavg_proto,0.5,1,8,200,16,16,0.1,val,client_0,0,31,696,727,True,0.7453188728216537
Tox21,fedavg_proto,0.5,1,8,200,16,16,0.1,val,client_0,1,23,652,675,True,0.7391304347826088
Tox21,fedavg_proto,0.5,1,8,200,16,16,0.1,val,client_0,2,74,567,641,True,0.7563992563992563
Tox21,fedavg_proto,0.5,1,8,200,16,16,0.1,val,client_0,3,19,546,565,True,0.7253711201079622
Tox21,fedavg_proto,0.5,1,8,200,16,16,0.1,val,client_0,4,82,541,623,True,0.6636310355709842
Tox21,fedavg_proto,0.5,1,8,200,16,16,0.1,val,client_0,5,30,657,687,True,0.7296296296296296
Tox21,fedavg_proto,0.5,1,8,200,16,16,0.1,val,client_0,6,21,612,633,True,0.5836445689386865
Tox21,fedavg_proto,0.5,1,8,200,16,16,0.1,val,client_0,7,96,492,588,True,0.6712610094850948
Tox21,fedavg_proto,0.5,1,8,200,16,16,0.1,val,client_0,8,30,677,707,True,0.7389463318562285
Tox21,fedavg_proto,0.5,1,8,200,16,16,0.1,val,client_0,9,45,603,648,True,0.5250414593698176
Tox21,fedavg_proto,0.5,1,8,200,16,16,0.1,val,client_0,10,92,495,587,True,0.7889108476064998
Tox21,fedavg_proto,0.5,1,8,200,16,16,0.1,val,client_0,11,42,636,678,True,0.7523584905660378
Tox21,fedavg_proto,0.5,1,8,200,16,16,0.1,val,client_1,0,31,696,727,True,0.7422599184278829
Tox21,fedavg_proto,0.5,1,8,200,16,16,0.1,val,client_1,1,23,652,675,True,0.7433982395305414
Tox21,fedavg_proto,0.5,1,8,200,16,16,0.1,val,client_1,2,74,567,641,True,0.7532770866104199
Tox21,fedavg_proto,0.5,1,8,200,16,16,0.1,val,client_1,3,19,546,565,True,0.7330827067669172
Tox21,fedavg_proto,0.5,1,8,200,16,16,0.1,val,client_1,4,82,541,623,True,0.6665614715296875
Tox21,fedavg_proto,0.5,1,8,200,16,16,0.1,val,client_1,5,30,657,687,True,0.7383561643835617
Tox21,fedavg_proto,0.5,1,8,200,16,16,0.1,val,client_1,6,21,612,633,True,0.5791316526610644
Tox21,fedavg_proto,0.5,1,8,200,16,16,0.1,val,client_1,7,96,492,588,True,0.6715362466124661
Tox21,fedavg_proto,0.5,1,8,200,16,16,0.1,val,client_1,8,30,677,707,True,0.7262432299359921
Tox21,fedavg_proto,0.5,1,8,200,16,16,0.1,val,client_1,9,45,603,648,True,0.5403353602358577
Tox21,fedavg_proto,0.5,1,8,200,16,16,0.1,val,client_1,10,92,495,587,True,0.7960474308300396
Tox21,fedavg_proto,0.5,1,8,200,16,16,0.1,val,client_1,11,42,636,678,True,0.7489892183288409
Tox21,fedavg_proto,0.5,1,8,200,16,16,0.1,val,client_2,0,31,696,727,True,0.7602428624397478
Tox21,fedavg_proto,0.5,1,8,200,16,16,0.1,val,client_2,1,23,652,675,True,0.7745398773006135
Tox21,fedavg_proto,0.5,1,8,200,16,16,0.1,val,client_2,2,74,567,641,True,0.750274083607417
Tox21,fedavg_proto,0.5,1,8,200,16,16,0.1,val,client_2,3,19,546,565,True,0.7408906882591093
Tox21,fedavg_proto,0.5,1,8,200,16,16,0.1,val,client_2,4,82,541,623,True,0.663653577386051
Tox21,fedavg_proto,0.5,1,8,200,16,16,0.1,val,client_2,5,30,657,687,True,0.7376966007102993
Tox21,fedavg_proto,0.5,1,8,200,16,16,0.1,val,client_2,6,21,612,633,True,0.6187363834422659
Tox21,fedavg_proto,0.5,1,8,200,16,16,0.1,val,client_2,7,96,492,588,True,0.6802803184281843
Tox21,fedavg_proto,0.5,1,8,200,16,16,0.1,val,client_2,8,30,677,707,True,0.7414574101427869
Tox21,fedavg_proto,0.5,1,8,200,16,16,0.1,val,client_2,9,45,603,648,True,0.5424728210797862
Tox21,fedavg_proto,0.5,1,8,200,16,16,0.1,val,client_2,10,92,495,587,True,0.7800614844093104
Tox21,fedavg_proto,0.5,1,8,200,16,16,0.1,val,client_2,11,42,636,678,True,0.7741464510332434
Tox21,fedavg_proto,0.5,1,8,200,16,16,0.1,val,client_3,0,31,696,727,True,0.7452261772339637
Tox21,fedavg_proto,0.5,1,8,200,16,16,0.1,val,client_3,1,23,652,675,True,0.7481328354227794
Tox21,fedavg_proto,0.5,1,8,200,16,16,0.1,val,client_3,2,74,567,641,True,0.7461509128175796
Tox21,fedavg_proto,0.5,1,8,200,16,16,0.1,val,client_3,3,19,546,565,True,0.7272508193560825
Tox21,fedavg_proto,0.5,1,8,200,16,16,0.1,val,client_3,4,82,541,623,True,0.6626842793381724
Tox21,fedavg_proto,0.5,1,8,200,16,16,0.1,val,client_3,5,30,657,687,True,0.737037037037037
Tox21,fedavg_proto,0.5,1,8,200,16,16,0.1,val,client_3,6,21,612,633,True,0.5848895113600996
Tox21,fedavg_proto,0.5,1,8,200,16,16,0.1,val,client_3,7,96,492,588,True,0.6709857723577235
Tox21,fedavg_proto,0.5,1,8,200,16,16,0.1,val,client_3,8,30,677,707,True,0.7317577548005909
Tox21,fedavg_proto,0.5,1,8,200,16,16,0.1,val,client_3,9,45,603,648,True,0.5379030772065598
Tox21,fedavg_proto,0.5,1,8,200,16,16,0.1,val,client_3,10,92,495,587,True,0.7986605182257356
Tox21,fedavg_proto,0.5,1,8,200,16,16,0.1,val,client_3,11,42,636,678,True,0.7511979634621144
Tox21,fedavg_proto,0.5,1,8,200,16,16,0.1,test,server,0,32,693,725,True,0.778814935064935
Tox21,fedavg_proto,0.5,1,8,200,16,16,0.1,test,server,1,33,646,679,True,0.8248428558026081
Tox21,fedavg_proto,0.5,1,8,200,16,16,0.1,test,server,2,77,572,649,True,0.7650758332576514
Tox21,fedavg_proto,0.5,1,8,200,16,16,0.1,test,server,3,38,538,576,True,0.7048522793973783
Tox21,fedavg_proto,0.5,1,8,200,16,16,0.1,test,server,4,80,531,611,True,0.6754001883239171
Tox21,fedavg_proto,0.5,1,8,200,16,16,0.1,test,server,5,34,647,681,True,0.7092917537957997
Tox21,fedavg_proto,0.5,1,8,200,16,16,0.1,test,server,6,21,617,638,True,0.651385351547426
Tox21,fedavg_proto,0.5,1,8,200,16,16,0.1,test,server,7,95,494,589,True,0.7073939910505007
Tox21,fedavg_proto,0.5,1,8,200,16,16,0.1,test,server,8,32,670,702,True,0.6620335820895523
Tox21,fedavg_proto,0.5,1,8,200,16,16,0.1,test,server,9,36,621,657,True,0.5445965288960458
Tox21,fedavg_proto,0.5,1,8,200,16,16,0.1,test,server,10,93,485,578,True,0.760514355392972
Tox21,fedavg_proto,0.5,1,8,200,16,16,0.1,test,server,11,48,624,672,True,0.7095352564102564
Tox21,fedavg_proto,0.5,1,8,200,16,16,0.1,test,client_0,0,32,693,725,True,0.767180735930736
Tox21,fedavg_proto,0.5,1,8,200,16,16,0.1,test,client_0,1,33,646,679,True,0.8143353034993902
Tox21,fedavg_proto,0.5,1,8,200,16,16,0.1,test,client_0,2,77,572,649,True,0.7700481336844973
Tox21,fedavg_proto,0.5,1,8,200,16,16,0.1,test,client_0,3,38,538,576,True,0.7013304637057328
Tox21,fedavg_proto,0.5,1,8,200,16,16,0.1,test,client_0,4,80,531,611,True,0.6773775894538606
Tox21,fedavg_proto,0.5,1,8,200,16,16,0.1,test,client_0,5,34,647,681,True,0.7103145740521866
Tox21,fedavg_proto,0.5,1,8,200,16,16,0.1,test,client_0,6,21,617,638,True,0.6534691672455043
Tox21,fedavg_proto,0.5,1,8,200,16,16,0.1,test,client_0,7,95,494,589,True,0.7047730662689111
Tox21,fedavg_proto,0.5,1,8,200,16,16,0.1,test,client_0,8,32,670,702,True,0.6604477611940299
Tox21,fedavg_proto,0.5,1,8,200,16,16,0.1,test,client_0,9,36,621,657,True,0.5433440687063875
Tox21,fedavg_proto,0.5,1,8,200,16,16,0.1,test,client_0,10,93,485,578,True,0.7566566899456824
Tox21,fedavg_proto,0.5,1,8,200,16,16,0.1,test,client_0,11,48,624,672,True,0.7070980235042735
Tox21,fedavg_proto,0.5,1,8,200,16,16,0.1,test,client_1,0,32,693,725,True,0.7754779942279942
Tox21,fedavg_proto,0.5,1,8,200,16,16,0.1,test,client_1,1,33,646,679,True,0.8207148888263439
Tox21,fedavg_proto,0.5,1,8,200,16,16,0.1,test,client_1,2,77,572,649,True,0.7697302697302697
Tox21,fedavg_proto,0.5,1,8,200,16,16,0.1,test,client_1,3,38,538,576,True,0.7002543533555077
Tox21,fedavg_proto,0.5,1,8,200,16,16,0.1,test,client_1,4,80,531,611,True,0.6742702448210922
Tox21,fedavg_proto,0.5,1,8,200,16,16,0.1,test,client_1,5,34,647,681,True,0.7014728611691972
Tox21,fedavg_proto,0.5,1,8,200,16,16,0.1,test,client_1,6,21,617,638,True,0.6534691672455043
Tox21,fedavg_proto,0.5,1,8,200,16,16,0.1,test,client_1,7,95,494,589,True,0.7014063498828041
Tox21,fedavg_proto,0.5,1,8,200,16,16,0.1,test,client_1,8,32,670,702,True,0.6698694029850746
Tox21,fedavg_proto,0.5,1,8,200,16,16,0.1,test,client_1,9,36,621,657,True,0.5437019144748614
Tox21,fedavg_proto,0.5,1,8,200,16,16,0.1,test,client_1,10,93,485,578,True,0.7640616339651923
Tox21,fedavg_proto,0.5,1,8,200,16,16,0.1,test,client_1,11,48,624,672,True,0.7021567841880341
Tox21,fedavg_proto,0.5,1,8,200,16,16,0.1,test,client_2,0,32,693,725,True,0.7939213564213564
Tox21,fedavg_proto,0.5,1,8,200,16,16,0.1,test,client_2,1,33,646,679,True,0.8345998686555962
Tox21,fedavg_proto,0.5,1,8,200,16,16,0.1,test,client_2,2,77,572,649,True,0.7494777949323403
Tox21,fedavg_proto,0.5,1,8,200,16,16,0.1,test,client_2,3,38,538,576,True,0.697906476227744
Tox21,fedavg_proto,0.5,1,8,200,16,16,0.1,test,client_2,4,80,531,611,True,0.6756120527306967
Tox21,fedavg_proto,0.5,1,8,200,16,16,0.1,test,client_2,5,34,647,681,True,0.7127011546504228
Tox21,fedavg_proto,0.5,1,8,200,16,16,0.1,test,client_2,6,21,617,638,True,0.6523886702168713
Tox21,fedavg_proto,0.5,1,8,200,16,16,0.1,test,client_2,7,95,494,589,True,0.7186660984444917
Tox21,fedavg_proto,0.5,1,8,200,16,16,0.1,test,client_2,8,32,670,702,True,0.6602611940298508
Tox21,fedavg_proto,0.5,1,8,200,16,16,0.1,test,client_2,9,36,621,657,True,0.5479066022544282
Tox21,fedavg_proto,0.5,1,8,200,16,16,0.1,test,client_2,10,93,485,578,True,0.7523112736947124
Tox21,fedavg_proto,0.5,1,8,200,16,16,0.1,test,client_2,11,48,624,672,True,0.7273303952991452
Tox21,fedavg_proto,0.5,1,8,200,16,16,0.1,test,client_3,0,32,693,725,True,0.7825577200577201
Tox21,fedavg_proto,0.5,1,8,200,16,16,0.1,test,client_3,1,33,646,679,True,0.8209494324045408
Tox21,fedavg_proto,0.5,1,8,200,16,16,0.1,test,client_3,2,77,572,649,True,0.7617155571701025
Tox21,fedavg_proto,0.5,1,8,200,16,16,0.1,test,client_3,3,38,538,576,True,0.7084230091958521
Tox21,fedavg_proto,0.5,1,8,200,16,16,0.1,test,client_3,4,80,531,611,True,0.6709510357815441
Tox21,fedavg_proto,0.5,1,8,200,16,16,0.1,test,client_3,5,34,647,681,True,0.7008818983543958
Tox21,fedavg_proto,0.5,1,8,200,16,16,0.1,test,client_3,6,21,617,638,True,0.6546268426333256
Tox21,fedavg_proto,0.5,1,8,200,16,16,0.1,test,client_3,7,95,494,589,True,0.7003835499680375
Tox21,fedavg_proto,0.5,1,8,200,16,16,0.1,test,client_3,8,32,670,702,True,0.6636194029850745
Tox21,fedavg_proto,0.5,1,8,200,16,16,0.1,test,client_3,9,36,621,657,True,0.5445517981749866
Tox21,fedavg_proto,0.5,1,8,200,16,16,0.1,test,client_3,10,93,485,578,True,0.7610686176698813
Tox21,fedavg_proto,0.5,1,8,200,16,16,0.1,test,client_3,11,48,624,672,True,0.7000534188034189
Tox21,fedavg_proto,0.5,1,9,200,16,16,0.1,val,server,0,31,696,727,True,0.757508342602892
Tox21,fedavg_proto,0.5,1,9,200,16,16,0.1,val,server,1,23,652,675,True,0.7579354494531875
Tox21,fedavg_proto,0.5,1,9,200,16,16,0.1,val,server,2,74,567,641,True,0.7576147576147575
Tox21,fedavg_proto,0.5,1,9,200,16,16,0.1,val,server,3,19,546,565,True,0.7231540389435127
Tox21,fedavg_proto,0.5,1,9,200,16,16,0.1,val,server,4,82,541,623,True,0.6691312384473198
Tox21,fedavg_proto,0.5,1,9,200,16,16,0.1,val,server,5,30,657,687,True,0.7447995941146626
Tox21,fedavg_proto,0.5,1,9,200,16,16,0.1,val,server,6,21,612,633,True,0.615079365079365
Tox21,fedavg_proto,0.5,1,9,200,16,16,0.1,val,server,7,96,492,588,True,0.6792852303523035
Tox21,fedavg_proto,0.5,1,9,200,16,16,0.1,val,server,8,30,677,707,True,0.7487936976858691
Tox21,fedavg_proto,0.5,1,9,200,16,16,0.1,val,server,9,45,603,648,True,0.5392666298138935
Tox21,fedavg_proto,0.5,1,9,200,16,16,0.1,val,server,10,92,495,587,True,0.7993192797540624
Tox21,fedavg_proto,0.5,1,9,200,16,16,0.1,val,server,11,42,636,678,True,0.7615303983228512
Tox21,fedavg_proto,0.5,1,9,200,16,16,0.1,val,client_0,0,31,696,727,True,0.7606599925843529
Tox21,fedavg_proto,0.5,1,9,200,16,16,0.1,val,client_0,1,23,652,675,True,0.7482662043211523
Tox21,fedavg_proto,0.5,1,9,200,16,16,0.1,val,client_0,2,74,567,641,True,0.7564230897564231
Tox21,fedavg_proto,0.5,1,9,200,16,16,0.1,val,client_0,3,19,546,565,True,0.7168883747831116
Tox21,fedavg_proto,0.5,1,9,200,16,16,0.1,val,client_0,4,82,541,623,True,0.6684775258103783
Tox21,fedavg_proto,0.5,1,9,200,16,16,0.1,val,client_0,5,30,657,687,True,0.7396752917300863
Tox21,fedavg_proto,0.5,1,9,200,16,16,0.1,val,client_0,6,21,612,633,True,0.6135231870525988
Tox21,fedavg_proto,0.5,1,9,200,16,16,0.1,val,client_0,7,96,492,588,True,0.6769986449864498
Tox21,fedavg_proto,0.5,1,9,200,16,16,0.1,val,client_0,8,30,677,707,True,0.7539635647464303
Tox21,fedavg_proto,0.5,1,9,200,16,16,0.1,val,client_0,9,45,603,648,True,0.5270683618942326
Tox21,fedavg_proto,0.5,1,9,200,16,16,0.1,val,client_0,10,92,495,587,True,0.7944883618796662
Tox21,fedavg_proto,0.5,1,9,200,16,16,0.1,val,client_0,11,42,636,678,True,0.7573749625636418
Tox21,fedavg_proto,0.5,1,9,200,16,16,0.1,val,client_1,0,31,696,727,True,0.753754171301446
Tox21,fedavg_proto,0.5,1,9,200,16,16,0.1,val,client_1,1,23,652,675,True,0.7528674313150173
Tox21,fedavg_proto,0.5,1,9,200,16,16,0.1,val,client_1,2,74,567,641,True,0.754206587539921
Tox21,fedavg_proto,0.5,1,9,200,16,16,0.1,val,client_1,3,19,546,565,True,0.7329863119336804
Tox21,fedavg_proto,0.5,1,9,200,16,16,0.1,val,client_1,4,82,541,623,True,0.671655921734818
Tox21,fedavg_proto,0.5,1,9,200,16,16,0.1,val,client_1,5,30,657,687,True,0.7514967021816337
Tox21,fedavg_proto,0.5,1,9,200,16,16,0.1,val,client_1,6,21,612,633,True,0.6058979147214442
Tox21,fedavg_proto,0.5,1,9,200,16,16,0.1,val,client_1,7,96,492,588,True,0.6766175474254742
Tox21,fedavg_proto,0.5,1,9,200,16,16,0.1,val,client_1,8,30,677,707,True,0.7405711472181192
Tox21,fedavg_proto,0.5,1,9,200,16,16,0.1,val,client_1,9,45,603,648,True,0.5464160678091026
Tox21,fedavg_proto,0.5,1,9,200,16,16,0.1,val,client_1,10,92,495,587,True,0.7998023715415019
Tox21,fedavg_proto,0.5,1,9,200,16,16,0.1,val,client_1,11,42,636,678,True,0.7557651991614256
Tox21,fedavg_proto,0.5,1,9,200,16,16,0.1,val,client_2,0,31,696,727,True,0.7640433815350389
Tox21,fedavg_proto,0.5,1,9,200,16,16,0.1,val,client_2,1,23,652,675,True,0.7758735662843426
Tox21,fedavg_proto,0.5,1,9,200,16,16,0.1,val,client_2,2,74,567,641,True,0.7597359264025931
Tox21,fedavg_proto,0.5,1,9,200,16,16,0.1,val,client_2,3,19,546,565,True,0.7328899171004434
Tox21,fedavg_proto,0.5,1,9,200,16,16,0.1,val,client_2,4,82,541,623,True,0.665885217077679
Tox21,fedavg_proto,0.5,1,9,200,16,16,0.1,val,client_2,5,30,657,687,True,0.7427701674277017
Tox21,fedavg_proto,0.5,1,9,200,16,16,0.1,val,client_2,6,21,612,633,True,0.627995642701525
Tox21,fedavg_proto,0.5,1,9,200,16,16,0.1,val,client_2,7,96,492,588,True,0.6858062330623307
Tox21,fedavg_proto,0.5,1,9,200,16,16,0.1,val,client_2,8,30,677,707,True,0.7467749876907928
Tox21,fedavg_proto,0.5,1,9,200,16,16,0.1,val,client_2,9,45,603,648,True,0.542841348811498
Tox21,fedavg_proto,0.5,1,9,200,16,16,0.1,val,client_2,10,92,495,587,True,0.7932586736934563
Tox21,fedavg_proto,0.5,1,9,200,16,16,0.1,val,client_2,11,42,636,678,True,0.7712264150943396
Tox21,fedavg_proto,0.5,1,9,200,16,16,0.1,val,client_3,0,31,696,727,True,0.7493047830923248
Tox21,fedavg_proto,0.5,1,9,200,16,16,0.1,val,client_3,1,23,652,675,True,0.7525340090690852
Tox21,fedavg_proto,0.5,1,9,200,16,16,0.1,val,client_3,2,74,567,641,True,0.749273082606416
Tox21,fedavg_proto,0.5,1,9,200,16,16,0.1,val,client_3,3,19,546,565,True,0.7237324079429343
Tox21,fedavg_proto,0.5,1,9,200,16,16,0.1,val,client_3,4,82,541,623,True,0.6689509039267842
Tox21,fedavg_proto,0.5,1,9,200,16,16,0.1,val,client_3,5,30,657,687,True,0.7449518011161846
Tox21,fedavg_proto,0.5,1,9,200,16,16,0.1,val,client_3,6,21,612,633,True,0.6006069094304389
Tox21,fedavg_proto,0.5,1,9,200,16,16,0.1,val,client_3,7,96,492,588,True,0.673145325203252
Tox21,fedavg_proto,0.5,1,9,200,16,16,0.1,val,client_3,8,30,677,707,True,0.7418020679468242
Tox21,fedavg_proto,0.5,1,9,200,16,16,0.1,val,client_3,9,45,603,648,True,0.5449419568822553
Tox21,fedavg_proto,0.5,1,9,200,16,16,0.1,val,client_3,10,92,495,587,True,0.8028326745718048
Tox21,fedavg_proto,0.5,1,9,200,16,16,0.1,val,client_3,11,42,636,678,True,0.7573000898472596
Tox21,fedavg_proto,0.5,1,9,200,16,16,0.1,test,server,0,32,693,725,True,0.777507215007215
Tox21,fedavg_proto,0.5,1,9,200,16,16,0.1,test,server,1,33,646,679,True,0.8265315695656253
Tox21,fedavg_proto,0.5,1,9,200,16,16,0.1,test,server,2,77,572,649,True,0.7702524747979294
Tox21,fedavg_proto,0.5,1,9,200,16,16,0.1,test,server,3,38,538,576,True,0.7011837213852475
Tox21,fedavg_proto,0.5,1,9,200,16,16,0.1,test,server,4,80,531,611,True,0.6795433145009416
Tox21,fedavg_proto,0.5,1,9,200,16,16,0.1,test,server,5,34,647,681,True,0.7130193653968542
Tox21,fedavg_proto,0.5,1,9,200,16,16,0.1,test,server,6,21,617,638,True,0.6547040209925137
Tox21,fedavg_proto,0.5,1,9,200,16,16,0.1,test,server,7,95,494,589,True,0.714574898785425
Tox21,fedavg_proto,0.5,1,9,200,16,16,0.1,test,server,8,32,670,702,True,0.6715018656716418
Tox21,fedavg_proto,0.5,1,9,200,16,16,0.1,test,server,9,36,621,657,True,0.5531848273394167
Tox21,fedavg_proto,0.5,1,9,200,16,16,0.1,test,server,10,93,485,578,True,0.7600044340982153
Tox21,fedavg_proto,0.5,1,9,200,16,16,0.1,test,server,11,48,624,672,True,0.7104366987179487
Tox21,fedavg_proto,0.5,1,9,200,16,16,0.1,test,client_0,0,32,693,725,True,0.7704725829725829
Tox21,fedavg_proto,0.5,1,9,200,16,16,0.1,test,client_0,1,33,646,679,True,0.8201988929543109
Tox21,fedavg_proto,0.5,1,9,200,16,16,0.1,test,client_0,2,77,572,649,True,0.7684134047770412
Tox21,fedavg_proto,0.5,1,9,200,16,16,0.1,test,client_0,3,38,538,576,True,0.6997652122872237
Tox21,fedavg_proto,0.5,1,9,200,16,16,0.1,test,client_0,4,80,531,611,True,0.6806732580037665
Tox21,fedavg_proto,0.5,1,9,200,16,16,0.1,test,client_0,5,34,647,681,True,0.7177016092372035
Tox21,fedavg_proto,0.5,1,9,200,16,16,0.1,test,client_0,6,21,617,638,True,0.6560932314578992
Tox21,fedavg_proto,0.5,1,9,200,16,16,0.1,test,client_0,7,95,494,589,True,0.7152993820583847
Tox21,fedavg_proto,0.5,1,9,200,16,16,0.1,test,client_0,8,32,670,702,True,0.6718283582089553
Tox21,fedavg_proto,0.5,1,9,200,16,16,0.1,test,client_0,9,36,621,657,True,0.5543478260869565
Tox21,fedavg_proto,0.5,1,9,200,16,16,0.1,test,client_0,10,93,485,578,True,0.7552599490078705
Tox21,fedavg_proto,0.5,1,9,200,16,16,0.1,test,client_0,11,48,624,672,True,0.7119391025641025
Tox21,fedavg_proto,0.5,1,9,200,16,16,0.1,test,client_1,0,32,693,725,True,0.7845418470418472
Tox21,fedavg_proto,0.5,1,9,200,16,16,0.1,test,client_1,1,33,646,679,True,0.8279388310348063
Tox21,fedavg_proto,0.5,1,9,200,16,16,0.1,test,client_1,2,77,572,649,True,0.7737262737262738
Tox21,fedavg_proto,0.5,1,9,200,16,16,0.1,test,client_1,3,38,538,576,True,0.6978086480140873
Tox21,fedavg_proto,0.5,1,9,200,16,16,0.1,test,client_1,4,80,531,611,True,0.6809557438794727
Tox21,fedavg_proto,0.5,1,9,200,16,16,0.1,test,client_1,5,34,647,681,True,0.70847349759069
Tox21,fedavg_proto,0.5,1,9,200,16,16,0.1,test,client_1,6,21,617,638,True,0.6523886702168712
Tox21,fedavg_proto,0.5,1,9,200,16,16,0.1,test,client_1,7,95,494,589,True,0.7122522906456424
Tox21,fedavg_proto,0.5,1,9,200,16,16,0.1,test,client_1,8,32,670,702,True,0.6798507462686567
Tox21,fedavg_proto,0.5,1,9,200,16,16,0.1,test,client_1,9,36,621,657,True,0.5581499373769905
Tox21,fedavg_proto,0.5,1,9,200,16,16,0.1,test,client_1,10,93,485,578,True,0.7598492406606806
Tox21,fedavg_proto,0.5,1,9,200,16,16,0.1,test,client_1,11,48,624,672,True,0.7053952991452991
Tox21,fedavg_proto,0.5,1,9,200,16,16,0.1,test,client_2,0,32,693,725,True,0.7826479076479076
Tox21,fedavg_proto,0.5,1,9,200,16,16,0.1,test,client_2,1,33,646,679,True,0.8377896613190731
Tox21,fedavg_proto,0.5,1,9,200,16,16,0.1,test,client_2,2,77,572,649,True,0.7651439469621287
Tox21,fedavg_proto,0.5,1,9,200,16,16,0.1,test,client_2,3,38,538,576,True,0.6972705928389747
Tox21,fedavg_proto,0.5,1,9,200,16,16,0.1,test,client_2,4,80,531,611,True,0.6779425612052731
Tox21,fedavg_proto,0.5,1,9,200,16,16,0.1,test,client_2,5,34,647,681,True,0.7217474315846895
Tox21,fedavg_proto,0.5,1,9,200,16,16,0.1,test,client_2,6,21,617,638,True,0.658717295670294
Tox21,fedavg_proto,0.5,1,9,200,16,16,0.1,test,client_2,7,95,494,589,True,0.7224802897933092
Tox21,fedavg_proto,0.5,1,9,200,16,16,0.1,test,client_2,8,32,670,702,True,0.6725746268656717
Tox21,fedavg_proto,0.5,1,9,200,16,16,0.1,test,client_2,9,36,621,657,True,0.5555555555555555
Tox21,fedavg_proto,0.5,1,9,200,16,16,0.1,test,client_2,10,93,485,578,True,0.7576765325351956
Tox21,fedavg_proto,0.5,1,9,200,16,16,0.1,test,client_2,11,48,624,672,True,0.7242922008547009
Tox21,fedavg_proto,0.5,1,9,200,16,16,0.1,test,client_3,0,32,693,725,True,0.7875631313131313
Tox21,fedavg_proto,0.5,1,9,200,16,16,0.1,test,client_3,1,33,646,679,True,0.8201519842386715
Tox21,fedavg_proto,0.5,1,9,200,16,16,0.1,test,client_3,2,77,572,649,True,0.7650531286894924
Tox21,fedavg_proto,0.5,1,9,200,16,16,0.1,test,client_3,3,38,538,576,True,0.7050479358246919
Tox21,fedavg_proto,0.5,1,9,200,16,16,0.1,test,client_3,4,80,531,611,True,0.6808615819209038
Tox21,fedavg_proto,0.5,1,9,200,16,16,0.1,test,client_3,5,34,647,681,True,0.699836348758978
Tox21,fedavg_proto,0.5,1,9,200,16,16,0.1,test,client_3,6,21,617,638,True,0.6498417843636645
Tox21,fedavg_proto,0.5,1,9,200,16,16,0.1,test,client_3,7,95,494,589,True,0.7065842744513104
Tox21,fedavg_proto,0.5,1,9,200,16,16,0.1,test,client_3,8,32,670,702,True,0.6681902985074627
Tox21,fedavg_proto,0.5,1,9,200,16,16,0.1,test,client_3,9,36,621,657,True,0.5493827160493827
Tox21,fedavg_proto,0.5,1,9,200,16,16,0.1,test,client_3,10,93,485,578,True,0.7589845915087019
Tox21,fedavg_proto,0.5,1,9,200,16,16,0.1,test,client_3,11,48,624,672,True,0.7003872863247863
Tox21,fedavg_proto,0.5,1,10,200,16,16,0.1,val,server,0,31,696,727,True,0.7624212087504635
Tox21,fedavg_proto,0.5,1,10,200,16,16,0.1,val,server,1,23,652,675,True,0.7566684449186449
Tox21,fedavg_proto,0.5,1,10,200,16,16,0.1,val,server,2,74,567,641,True,0.759592926259593
Tox21,fedavg_proto,0.5,1,10,200,16,16,0.1,val,server,3,19,546,565,True,0.7316367842683632
Tox21,fedavg_proto,0.5,1,10,200,16,16,0.1,val,server,4,82,541,623,True,0.6757585320770029
Tox21,fedavg_proto,0.5,1,10,200,16,16,0.1,val,server,5,30,657,687,True,0.752156265854896
Tox21,fedavg_proto,0.5,1,10,200,16,16,0.1,val,server,6,21,612,633,True,0.6256613756613756
Tox21,fedavg_proto,0.5,1,10,200,16,16,0.1,val,server,7,96,492,588,True,0.6850652100271003
Tox21,fedavg_proto,0.5,1,10,200,16,16,0.1,val,server,8,30,677,707,True,0.7537173806006894
Tox21,fedavg_proto,0.5,1,10,200,16,16,0.1,val,server,9,45,603,648,True,0.5459369817578773
Tox21,fedavg_proto,0.5,1,10,200,16,16,0.1,val,server,10,92,495,587,True,0.804457619675011
Tox21,fedavg_proto,0.5,1,10,200,16,16,0.1,val,server,11,42,636,678,True,0.7662099430967355
Tox21,fedavg_proto,0.5,1,10,200,16,16,0.1,val,client_0,0,31,696,727,True,0.7699295513533555
Tox21,fedavg_proto,0.5,1,10,200,16,16,0.1,val,client_0,1,23,652,675,True,0.756668444918645
Tox21,fedavg_proto,0.5,1,10,200,16,16,0.1,val,client_0,2,74,567,641,True,0.757042757042757
Tox21,fedavg_proto,0.5,1,10,200,16,16,0.1,val,client_0,3,19,546,565,True,0.7212261422787739
Tox21,fedavg_proto,0.5,1,10,200,16,16,0.1,val,client_0,4,82,541,623,True,0.6777647536179614
Tox21,fedavg_proto,0.5,1,10,200,16,16,0.1,val,client_0,5,30,657,687,True,0.7475900558092341
Tox21,fedavg_proto,0.5,1,10,200,16,16,0.1,val,client_0,6,21,612,633,True,0.6216153127917834
Tox21,fedavg_proto,0.5,1,10,200,16,16,0.1,val,client_0,7,96,492,588,True,0.6796239837398375
Tox21,fedavg_proto,0.5,1,10,200,16,16,0.1,val,client_0,8,30,677,707,True,0.753175775480059
Tox21,fedavg_proto,0.5,1,10,200,16,16,0.1,val,client_0,9,45,603,648,True,0.5338492721577299
Tox21,fedavg_proto,0.5,1,10,200,16,16,0.1,val,client_0,10,92,495,587,True,0.7981554677206851
Tox21,fedavg_proto,0.5,1,10,200,16,16,0.1,val,client_0,11,42,636,678,True,0.7586852351003294
Tox21,fedavg_proto,0.5,1,10,200,16,16,0.1,val,client_1,0,31,696,727,True,0.7564423433444569
Tox21,fedavg_proto,0.5,1,10,200,16,16,0.1,val,client_1,1,23,652,675,True,0.743464923979728
Tox21,fedavg_proto,0.5,1,10,200,16,16,0.1,val,client_1,2,74,567,641,True,0.7568997568997571
Tox21,fedavg_proto,0.5,1,10,200,16,16,0.1,val,client_1,3,19,546,565,True,0.7330827067669172
Tox21,fedavg_proto,0.5,1,10,200,16,16,0.1,val,client_1,4,82,541,623,True,0.6742707722825841
Tox21,fedavg_proto,0.5,1,10,200,16,16,0.1,val,client_1,5,30,657,687,True,0.7555555555555555
Tox21,fedavg_proto,0.5,1,10,200,16,16,0.1,val,client_1,6,21,612,633,True,0.6127450980392157
Tox21,fedavg_proto,0.5,1,10,200,16,16,0.1,val,client_1,7,96,492,588,True,0.6795181233062331
Tox21,fedavg_proto,0.5,1,10,200,16,16,0.1,val,client_1,8,30,677,707,True,0.7485967503692762
Tox21,fedavg_proto,0.5,1,10,200,16,16,0.1,val,client_1,9,45,603,648,True,0.5465634789017875
Tox21,fedavg_proto,0.5,1,10,200,16,16,0.1,val,client_1,10,92,495,587,True,0.8067193675889328
Tox21,fedavg_proto,0.5,1,10,200,16,16,0.1,val,client_1,11,42,636,678,True,0.7570754716981133
Tox21,fedavg_proto,0.5,1,10,200,16,16,0.1,val,client_2,0,31,696,727,True,0.7690952910641452
Tox21,fedavg_proto,0.5,1,10,200,16,16,0.1,val,client_2,1,23,652,675,True,0.7729394505201388
Tox21,fedavg_proto,0.5,1,10,200,16,16,0.1,val,client_2,2,74,567,641,True,0.7594975928309262
Tox21,fedavg_proto,0.5,1,10,200,16,16,0.1,val,client_2,3,19,546,565,True,0.7425294004241373
Tox21,fedavg_proto,0.5,1,10,200,16,16,0.1,val,client_2,4,82,541,623,True,0.672061674406023
Tox21,fedavg_proto,0.5,1,10,200,16,16,0.1,val,client_2,5,30,657,687,True,0.7459665144596651
Tox21,fedavg_proto,0.5,1,10,200,16,16,0.1,val,client_2,6,21,612,633,True,0.6364768129474012
Tox21,fedavg_proto,0.5,1,10,200,16,16,0.1,val,client_2,7,96,492,588,True,0.6898077574525745
Tox21,fedavg_proto,0.5,1,10,200,16,16,0.1,val,client_2,8,30,677,707,True,0.75096011816839
Tox21,fedavg_proto,0.5,1,10,200,16,16,0.1,val,client_2,9,45,603,648,True,0.550948958909158
Tox21,fedavg_proto,0.5,1,10,200,16,16,0.1,val,client_2,10,92,495,587,True,0.7989459815546771
Tox21,fedavg_proto,0.5,1,10,200,16,16,0.1,val,client_2,11,42,636,678,True,0.7787136867325546
Tox21,fedavg_proto,0.5,1,10,200,16,16,0.1,val,client_3,0,31,696,727,True,0.7472191323692992
Tox21,fedavg_proto,0.5,1,10,200,16,16,0.1,val,client_3,1,23,652,675,True,0.7431315017337956
Tox21,fedavg_proto,0.5,1,10,200,16,16,0.1,val,client_3,2,74,567,641,True,0.7524190857524192
Tox21,fedavg_proto,0.5,1,10,200,16,16,0.1,val,client_3,3,19,546,565,True,0.736842105263158
Tox21,fedavg_proto,0.5,1,10,200,16,16,0.1,val,client_3,4,82,541,623,True,0.6780577972138316
Tox21,fedavg_proto,0.5,1,10,200,16,16,0.1,val,client_3,5,30,657,687,True,0.7584474885844749
Tox21,fedavg_proto,0.5,1,10,200,16,16,0.1,val,client_3,6,21,612,633,True,0.6201369436663554
Tox21,fedavg_proto,0.5,1,10,200,16,16,0.1,val,client_3,7,96,492,588,True,0.6789888211382114
Tox21,fedavg_proto,0.5,1,10,200,16,16,0.1,val,client_3,8,30,677,707,True,0.7534219596258
Tox21,fedavg_proto,0.5,1,10,200,16,16,0.1,val,client_3,9,45,603,648,True,0.5559240832872674
Tox21,fedavg_proto,0.5,1,10,200,16,16,0.1,val,client_3,10,92,495,587,True,0.8089152393500221
Tox21,fedavg_proto,0.5,1,10,200,16,16,0.1,val,client_3,11,42,636,678,True,0.7693920335429769
Tox21,fedavg_proto,0.5,1,10,200,16,16,0.1,test,server,0,32,693,725,True,0.7844065656565656
Tox21,fedavg_proto,0.5,1,10,200,16,16,0.1,test,server,1,33,646,679,True,0.8324420677361853
Tox21,fedavg_proto,0.5,1,10,200,16,16,0.1,test,server,2,77,572,649,True,0.7729316138407047
Tox21,fedavg_proto,0.5,1,10,200,16,16,0.1,test,server,3,38,538,576,True,0.7012326354920759
Tox21,fedavg_proto,0.5,1,10,200,16,16,0.1,test,server,4,80,531,611,True,0.6869585687382297
Tox21,fedavg_proto,0.5,1,10,200,16,16,0.1,test,server,5,34,647,681,True,0.7157468860805527
Tox21,fedavg_proto,0.5,1,10,200,16,16,0.1,test,server,6,21,617,638,True,0.6603380412132437
Tox21,fedavg_proto,0.5,1,10,200,16,16,0.1,test,server,7,95,494,589,True,0.7234178563818453
Tox21,fedavg_proto,0.5,1,10,200,16,16,0.1,test,server,8,32,670,702,True,0.6804570895522388
Tox21,fedavg_proto,0.5,1,10,200,16,16,0.1,test,server,9,36,621,657,True,0.5623098944354983
Tox21,fedavg_proto,0.5,1,10,200,16,16,0.1,test,server,10,93,485,578,True,0.7615341979824853
Tox21,fedavg_proto,0.5,1,10,200,16,16,0.1,test,server,11,48,624,672,True,0.7139423076923076
Tox21,fedavg_proto,0.5,1,10,200,16,16,0.1,test,client_0,0,32,693,725,True,0.7839105339105339
Tox21,fedavg_proto,0.5,1,10,200,16,16,0.1,test,client_0,1,33,646,679,True,0.8318322544328737
Tox21,fedavg_proto,0.5,1,10,200,16,16,0.1,test,client_0,2,77,572,649,True,0.7722050676596132
Tox21,fedavg_proto,0.5,1,10,200,16,16,0.1,test,client_0,3,38,538,576,True,0.7013793778125611
Tox21,fedavg_proto,0.5,1,10,200,16,16,0.1,test,client_0,4,80,531,611,True,0.6880885122410547
Tox21,fedavg_proto,0.5,1,10,200,16,16,0.1,test,client_0,5,34,647,681,True,0.719519956359669
Tox21,fedavg_proto,0.5,1,10,200,16,16,0.1,test,client_0,6,21,617,638,True,0.6582542255151655
Tox21,fedavg_proto,0.5,1,10,200,16,16,0.1,test,client_0,7,95,494,589,True,0.7232686980609417
Tox21,fedavg_proto,0.5,1,10,200,16,16,0.1,test,client_0,8,32,670,702,True,0.6766791044776119
Tox21,fedavg_proto,0.5,1,10,200,16,16,0.1,test,client_0,9,36,621,657,True,0.5603417427088925
Tox21,fedavg_proto,0.5,1,10,200,16,16,0.1,test,client_0,10,93,485,578,True,0.7568562243653697
Tox21,fedavg_proto,0.5,1,10,200,16,16,0.1,test,client_0,11,48,624,672,True,0.7134081196581197
Tox21,fedavg_proto,0.5,1,10,200,16,16,0.1,test,client_1,0,32,693,725,True,0.7749819624819624
Tox21,fedavg_proto,0.5,1,10,200,16,16,0.1,test,client_1,1,33,646,679,True,0.825077399380805
Tox21,fedavg_proto,0.5,1,10,200,16,16,0.1,test,client_1,2,77,572,649,True,0.7774498229043684
Tox21,fedavg_proto,0.5,1,10,200,16,16,0.1,test,client_1,3,38,538,576,True,0.6961455683819213
Tox21,fedavg_proto,0.5,1,10,200,16,16,0.1,test,client_1,4,80,531,611,True,0.6850047080979283
Tox21,fedavg_proto,0.5,1,10,200,16,16,0.1,test,client_1,5,34,647,681,True,0.7124738612601146
Tox21,fedavg_proto,0.5,1,10,200,16,16,0.1,test,client_1,6,21,617,638,True,0.6561704098170873
Tox21,fedavg_proto,0.5,1,10,200,16,16,0.1,test,client_1,7,95,494,589,True,0.7174515235457064
Tox21,fedavg_proto,0.5,1,10,200,16,16,0.1,test,client_1,8,32,670,702,True,0.6922574626865672
Tox21,fedavg_proto,0.5,1,10,200,16,16,0.1,test,client_1,9,36,621,657,True,0.5675433887994273
Tox21,fedavg_proto,0.5,1,10,200,16,16,0.1,test,client_1,10,93,485,578,True,0.7630639618667553
Tox21,fedavg_proto,0.5,1,10,200,16,16,0.1,test,client_1,11,48,624,672,True,0.7022569444444445
Tox21,fedavg_proto,0.5,1,10,200,16,16,0.1,test,client_2,0,32,693,725,True,0.7930194805194806
Tox21,fedavg_proto,0.5,1,10,200,16,16,0.1,test,client_2,1,33,646,679,True,0.8449197860962567
Tox21,fedavg_proto,0.5,1,10,200,16,16,0.1,test,client_2,2,77,572,649,True,0.7644628099173554
Tox21,fedavg_proto,0.5,1,10,200,16,16,0.1,test,client_2,3,38,538,576,True,0.6996673840735668
Tox21,fedavg_proto,0.5,1,10,200,16,16,0.1,test,client_2,4,80,531,611,True,0.6837099811676083
Tox21,fedavg_proto,0.5,1,10,200,16,16,0.1,test,client_2,5,34,647,681,True,0.7203382125647786
Tox21,fedavg_proto,0.5,1,10,200,16,16,0.1,test,client_2,6,21,617,638,True,0.6636567106583313
Tox21,fedavg_proto,0.5,1,10,200,16,16,0.1,test,client_2,7,95,494,589,True,0.7309823140848072
Tox21,fedavg_proto,0.5,1,10,200,16,16,0.1,test,client_2,8,32,670,702,True,0.6781716417910448
Tox21,fedavg_proto,0.5,1,10,200,16,16,0.1,test,client_2,9,36,621,657,True,0.5645016997674003
Tox21,fedavg_proto,0.5,1,10,200,16,16,0.1,test,client_2,10,93,485,578,True,0.7585411816871743
Tox21,fedavg_proto,0.5,1,10,200,16,16,0.1,test,client_2,11,48,624,672,True,0.7304019764957264
Tox21,fedavg_proto,0.5,1,10,200,16,16,0.1,test,client_3,0,32,693,725,True,0.7930194805194806
Tox21,fedavg_proto,0.5,1,10,200,16,16,0.1,test,client_3,1,33,646,679,True,0.8226381461675579
Tox21,fedavg_proto,0.5,1,10,200,16,16,0.1,test,client_3,2,77,572,649,True,0.765779674870584
Tox21,fedavg_proto,0.5,1,10,200,16,16,0.1,test,client_3,3,38,538,576,True,0.7066131872432009
Tox21,fedavg_proto,0.5,1,10,200,16,16,0.1,test,client_3,4,80,531,611,True,0.6870998116760828
Tox21,fedavg_proto,0.5,1,10,200,16,16,0.1,test,client_3,5,34,647,681,True,0.7034275843258478
Tox21,fedavg_proto,0.5,1,10,200,16,16,0.1,test,client_3,6,21,617,638,True,0.6593347225437987
Tox21,fedavg_proto,0.5,1,10,200,16,16,0.1,test,client_3,7,95,494,589,True,0.7198593650117195
Tox21,fedavg_proto,0.5,1,10,200,16,16,0.1,test,client_3,8,32,670,702,True,0.6854477611940298
Tox21,fedavg_proto,0.5,1,10,200,16,16,0.1,test,client_3,9,36,621,657,True,0.5678117731257828
Tox21,fedavg_proto,0.5,1,10,200,16,16,0.1,test,client_3,10,93,485,578,True,0.760691719321583
Tox21,fedavg_proto,0.5,1,10,200,16,16,0.1,test,client_3,11,48,624,672,True,0.7077657585470085
Tox21,fedavg_proto,0.5,1,11,200,16,16,0.1,val,server,0,31,696,727,True,0.7685854653318501
Tox21,fedavg_proto,0.5,1,11,200,16,16,0.1,val,server,1,23,652,675,True,0.7568018138170178
Tox21,fedavg_proto,0.5,1,11,200,16,16,0.1,val,server,2,74,567,641,True,0.7557319223985891
Tox21,fedavg_proto,0.5,1,11,200,16,16,0.1,val,server,3,19,546,565,True,0.7401195295932138
Tox21,fedavg_proto,0.5,1,11,200,16,16,0.1,val,server,4,82,541,623,True,0.6829268292682926
Tox21,fedavg_proto,0.5,1,11,200,16,16,0.1,val,server,5,30,657,687,True,0.7605276509386099
Tox21,fedavg_proto,0.5,1,11,200,16,16,0.1,val,server,6,21,612,633,True,0.6417678182384065
Tox21,fedavg_proto,0.5,1,11,200,16,16,0.1,val,server,7,96,492,588,True,0.690845189701897
Tox21,fedavg_proto,0.5,1,11,200,16,16,0.1,val,server,8,30,677,707,True,0.7540128015755785
Tox21,fedavg_proto,0.5,1,11,200,16,16,0.1,val,server,9,45,603,648,True,0.5473005343652109
Tox21,fedavg_proto,0.5,1,11,200,16,16,0.1,val,server,10,92,495,587,True,0.8139877031181378
Tox21,fedavg_proto,0.5,1,11,200,16,16,0.1,val,server,11,42,636,678,True,0.7723495058400718
Tox21,fedavg_proto,0.5,1,11,200,16,16,0.1,val,client_0,0,31,696,727,True,0.7815628476084538
Tox21,fedavg_proto,0.5,1,11,200,16,16,0.1,val,client_0,1,23,652,675,True,0.7608028807682048
Tox21,fedavg_proto,0.5,1,11,200,16,16,0.1,val,client_0,2,74,567,641,True,0.756423089756423
Tox21,fedavg_proto,0.5,1,11,200,16,16,0.1,val,client_0,3,19,546,565,True,0.725660304607673
Tox21,fedavg_proto,0.5,1,11,200,16,16,0.1,val,client_0,4,82,541,623,True,0.678779135295974
Tox21,fedavg_proto,0.5,1,11,200,16,16,0.1,val,client_0,5,30,657,687,True,0.7493658041603248
Tox21,fedavg_proto,0.5,1,11,200,16,16,0.1,val,client_0,6,21,612,633,True,0.6474478680361033
Tox21,fedavg_proto,0.5,1,11,200,16,16,0.1,val,client_0,7,96,492,588,True,0.689871273712737
Tox21,fedavg_proto,0.5,1,11,200,16,16,0.1,val,client_0,8,30,677,707,True,0.7593796159527326
Tox21,fedavg_proto,0.5,1,11,200,16,16,0.1,val,client_0,9,45,603,648,True,0.5352865303114059
Tox21,fedavg_proto,0.5,1,11,200,16,16,0.1,val,client_0,10,92,495,587,True,0.80566534914361
Tox21,fedavg_proto,0.5,1,11,200,16,16,0.1,val,client_0,11,42,636,678,True,0.7685684336627733
Tox21,fedavg_proto,0.5,1,11,200,16,16,0.1,val,client_1,0,31,696,727,True,0.7559325176121616
Tox21,fedavg_proto,0.5,1,11,200,16,16,0.1,val,client_1,1,23,652,675,True,0.7349959989330488
Tox21,fedavg_proto,0.5,1,11,200,16,16,0.1,val,client_1,2,74,567,641,True,0.7541589208255874
Tox21,fedavg_proto,0.5,1,11,200,16,16,0.1,val,client_1,3,19,546,565,True,0.7521688837478311
Tox21,fedavg_proto,0.5,1,11,200,16,16,0.1,val,client_1,4,82,541,623,True,0.6839186691312383
Tox21,fedavg_proto,0.5,1,11,200,16,16,0.1,val,client_1,5,30,657,687,True,0.7660071029934044
Tox21,fedavg_proto,0.5,1,11,200,16,16,0.1,val,client_1,6,21,612,633,True,0.6337535014005602
Tox21,fedavg_proto,0.5,1,11,200,16,16,0.1,val,client_1,7,96,492,588,True,0.6871400745257453
Tox21,fedavg_proto,0.5,1,11,200,16,16,0.1,val,client_1,8,30,677,707,True,0.7446085672082717
Tox21,fedavg_proto,0.5,1,11,200,16,16,0.1,val,client_1,9,45,603,648,True,0.5563294637921504
Tox21,fedavg_proto,0.5,1,11,200,16,16,0.1,val,client_1,10,92,495,587,True,0.8156346069389547
Tox21,fedavg_proto,0.5,1,11,200,16,16,0.1,val,client_1,11,42,636,678,True,0.7690925426774483
Tox21,fedavg_proto,0.5,1,11,200,16,16,0.1,val,client_2,0,31,696,727,True,0.7700222469410457
Tox21,fedavg_proto,0.5,1,11,200,16,16,0.1,val,client_2,1,23,652,675,True,0.7616030941584423
Tox21,fedavg_proto,0.5,1,11,200,16,16,0.1,val,client_2,2,74,567,641,True,0.7587587587587589
Tox21,fedavg_proto,0.5,1,11,200,16,16,0.1,val,client_2,3,19,546,565,True,0.7391555812608444
Tox21,fedavg_proto,0.5,1,11,200,16,16,0.1,val,client_2,4,82,541,623,True,0.6807853568369325
Tox21,fedavg_proto,0.5,1,11,200,16,16,0.1,val,client_2,5,30,657,687,True,0.7555555555555555
Tox21,fedavg_proto,0.5,1,11,200,16,16,0.1,val,client_2,6,21,612,633,True,0.6451136009959539
Tox21,fedavg_proto,0.5,1,11,200,16,16,0.1,val,client_2,7,96,492,588,True,0.6927930216802167
Tox21,fedavg_proto,0.5,1,11,200,16,16,0.1,val,client_2,8,30,677,707,True,0.7580994583948794
Tox21,fedavg_proto,0.5,1,11,200,16,16,0.1,val,client_2,9,45,603,648,True,0.5514280449603832
Tox21,fedavg_proto,0.5,1,11,200,16,16,0.1,val,client_2,10,92,495,587,True,0.8071146245059289
Tox21,fedavg_proto,0.5,1,11,200,16,16,0.1,val,client_2,11,42,636,678,True,0.7803608864929619
Tox21,fedavg_proto,0.5,1,11,200,16,16,0.1,val,client_3,0,31,696,727,True,0.760752688172043
Tox21,fedavg_proto,0.5,1,11,200,16,16,0.1,val,client_3,1,23,652,675,True,0.7545345425446787
Tox21,fedavg_proto,0.5,1,11,200,16,16,0.1,val,client_3,2,74,567,641,True,0.7303970637303971
Tox21,fedavg_proto,0.5,1,11,200,16,16,0.1,val,client_3,3,19,546,565,True,0.7516869095816464
Tox21,fedavg_proto,0.5,1,11,200,16,16,0.1,val,client_3,4,82,541,623,True,0.6845723817681799
Tox21,fedavg_proto,0.5,1,11,200,16,16,0.1,val,client_3,5,30,657,687,True,0.769152714358194
Tox21,fedavg_proto,0.5,1,11,200,16,16,0.1,val,client_3,6,21,612,633,True,0.6489262371615312
Tox21,fedavg_proto,0.5,1,11,200,16,16,0.1,val,client_3,7,96,492,588,True,0.6828844850948509
Tox21,fedavg_proto,0.5,1,11,200,16,16,0.1,val,client_3,8,30,677,707,True,0.7421467257508616
Tox21,fedavg_proto,0.5,1,11,200,16,16,0.1,val,client_3,9,45,603,648,True,0.5582089552238806
Tox21,fedavg_proto,0.5,1,11,200,16,16,0.1,val,client_3,10,92,495,587,True,0.8192358366271411
Tox21,fedavg_proto,0.5,1,11,200,16,16,0.1,val,client_3,11,42,636,678,True,0.7698412698412698
Tox21,fedavg_proto,0.5,1,11,200,16,16,0.1,test,server,0,32,693,725,True,0.7867514430014431
Tox21,fedavg_proto,0.5,1,11,200,16,16,0.1,test,server,1,33,646,679,True,0.8441692466460269
Tox21,fedavg_proto,0.5,1,11,200,16,16,0.1,test,server,2,77,572,649,True,0.7722050676596132
Tox21,fedavg_proto,0.5,1,11,200,16,16,0.1,test,server,3,38,538,576,True,0.7113578556055565
Tox21,fedavg_proto,0.5,1,11,200,16,16,0.1,test,server,4,80,531,611,True,0.6873116760828624
Tox21,fedavg_proto,0.5,1,11,200,16,16,0.1,test,server,5,34,647,681,True,0.7228838985362306
Tox21,fedavg_proto,0.5,1,11,200,16,16,0.1,test,server,6,21,617,638,True,0.6746932160222273
Tox21,fedavg_proto,0.5,1,11,200,16,16,0.1,test,server,7,95,494,589,True,0.735073513743874
Tox21,fedavg_proto,0.5,1,11,200,16,16,0.1,test,server,8,32,670,702,True,0.6946361940298508
Tox21,fedavg_proto,0.5,1,11,200,16,16,0.1,test,server,9,36,621,657,True,0.5899534800500984
Tox21,fedavg_proto,0.5,1,11,200,16,16,0.1,test,server,10,93,485,578,True,0.7647932601707128
Tox21,fedavg_proto,0.5,1,11,200,16,16,0.1,test,server,11,48,624,672,True,0.7210536858974359
Tox21,fedavg_proto,0.5,1,11,200,16,16,0.1,test,client_0,0,32,693,725,True,0.782332251082251
Tox21,fedavg_proto,0.5,1,11,200,16,16,0.1,test,client_0,1,33,646,679,True,0.8451543296744536
Tox21,fedavg_proto,0.5,1,11,200,16,16,0.1,test,client_0,2,77,572,649,True,0.7713422940695669
Tox21,fedavg_proto,0.5,1,11,200,16,16,0.1,test,client_0,3,38,538,576,True,0.7052435922520054
Tox21,fedavg_proto,0.5,1,11,200,16,16,0.1,test,client_0,4,80,531,611,True,0.6893126177024483
Tox21,fedavg_proto,0.5,1,11,200,16,16,0.1,test,client_0,5,34,647,681,True,0.7311573779434494
Tox21,fedavg_proto,0.5,1,11,200,16,16,0.1,test,client_0,6,21,617,638,True,0.6759280697692366
Tox21,fedavg_proto,0.5,1,11,200,16,16,0.1,test,client_0,7,95,494,589,True,0.734775197102067
Tox21,fedavg_proto,0.5,1,11,200,16,16,0.1,test,client_0,8,32,670,702,True,0.6915111940298508
Tox21,fedavg_proto,0.5,1,11,200,16,16,0.1,test,client_0,9,36,621,657,True,0.5819466809804975
Tox21,fedavg_proto,0.5,1,11,200,16,16,0.1,test,client_0,10,93,485,578,True,0.7546170047666554
Tox21,fedavg_proto,0.5,1,11,200,16,16,0.1,test,client_0,11,48,624,672,True,0.723457532051282
Tox21,fedavg_proto,0.5,1,11,200,16,16,0.1,test,client_1,0,32,693,725,True,0.7841810966810967
Tox21,fedavg_proto,0.5,1,11,200,16,16,0.1,test,client_1,1,33,646,679,True,0.837132939300122
Tox21,fedavg_proto,0.5,1,11,200,16,16,0.1,test,client_1,2,77,572,649,True,0.7721142493869766
Tox21,fedavg_proto,0.5,1,11,200,16,16,0.1,test,client_1,3,38,538,576,True,0.712238309528468
Tox21,fedavg_proto,0.5,1,11,200,16,16,0.1,test,client_1,4,80,531,611,True,0.6852401129943503
Tox21,fedavg_proto,0.5,1,11,200,16,16,0.1,test,client_1,5,34,647,681,True,0.7145195017728884
Tox21,fedavg_proto,0.5,1,11,200,16,16,0.1,test,client_1,6,21,617,638,True,0.672532221964961
Tox21,fedavg_proto,0.5,1,11,200,16,16,0.1,test,client_1,7,95,494,589,True,0.731877264010228
Tox21,fedavg_proto,0.5,1,11,200,16,16,0.1,test,client_1,8,32,670,702,True,0.701865671641791
Tox21,fedavg_proto,0.5,1,11,200,16,16,0.1,test,client_1,9,36,621,657,True,0.5999284308463052
Tox21,fedavg_proto,0.5,1,11,200,16,16,0.1,test,client_1,10,93,485,578,True,0.7665225584746702
Tox21,fedavg_proto,0.5,1,11,200,16,16,0.1,test,client_1,11,48,624,672,True,0.7138421474358975
Tox21,fedavg_proto,0.5,1,11,200,16,16,0.1,test,client_2,0,32,693,725,True,0.7846771284271283
Tox21,fedavg_proto,0.5,1,11,200,16,16,0.1,test,client_2,1,33,646,679,True,0.8494230227976358
Tox21,fedavg_proto,0.5,1,11,200,16,16,0.1,test,client_2,2,77,572,649,True,0.7684588139133592
Tox21,fedavg_proto,0.5,1,11,200,16,16,0.1,test,client_2,3,38,538,576,True,0.6995206417530816
Tox21,fedavg_proto,0.5,1,11,200,16,16,0.1,test,client_2,4,80,531,611,True,0.687382297551789
Tox21,fedavg_proto,0.5,1,11,200,16,16,0.1,test,client_2,5,34,647,681,True,0.7233839439949086
Tox21,fedavg_proto,0.5,1,11,200,16,16,0.1,test,client_2,6,21,617,638,True,0.6831828355329166
Tox21,fedavg_proto,0.5,1,11,200,16,16,0.1,test,client_2,7,95,494,589,True,0.7379075218410399
Tox21,fedavg_proto,0.5,1,11,200,16,16,0.1,test,client_2,8,32,670,702,True,0.6965018656716417
Tox21,fedavg_proto,0.5,1,11,200,16,16,0.1,test,client_2,9,36,621,657,True,0.5802469135802469
Tox21,fedavg_proto,0.5,1,11,200,16,16,0.1,test,client_2,10,93,485,578,True,0.7662565125817538
Tox21,fedavg_proto,0.5,1,11,200,16,16,0.1,test,client_2,11,48,624,672,True,0.7285657051282052
Tox21,fedavg_proto,0.5,1,11,200,16,16,0.1,test,client_3,0,32,693,725,True,0.8047438672438673
Tox21,fedavg_proto,0.5,1,11,200,16,16,0.1,test,client_3,1,33,646,679,True,0.8359602214091377
Tox21,fedavg_proto,0.5,1,11,200,16,16,0.1,test,client_3,2,77,572,649,True,0.7601489419671237
Tox21,fedavg_proto,0.5,1,11,200,16,16,0.1,test,client_3,3,38,538,576,True,0.7283799647818431
Tox21,fedavg_proto,0.5,1,11,200,16,16,0.1,test,client_3,4,80,531,611,True,0.6862288135593221
Tox21,fedavg_proto,0.5,1,11,200,16,16,0.1,test,client_3,5,34,647,681,True,0.7116556050550049
Tox21,fedavg_proto,0.5,1,11,200,16,16,0.1,test,client_3,6,21,617,638,True,0.6654318129196573
Tox21,fedavg_proto,0.5,1,11,200,16,16,0.1,test,client_3,7,95,494,589,True,0.7307479224376731
Tox21,fedavg_proto,0.5,1,11,200,16,16,0.1,test,client_3,8,32,670,702,True,0.6883395522388059
Tox21,fedavg_proto,0.5,1,11,200,16,16,0.1,test,client_3,9,36,621,657,True,0.6108874575058151
Tox21,fedavg_proto,0.5,1,11,200,16,16,0.1,test,client_3,10,93,485,578,True,0.7646380667331782
Tox21,fedavg_proto,0.5,1,11,200,16,16,0.1,test,client_3,11,48,624,672,True,0.7090678418803419
Tox21,fedavg_proto,0.5,1,12,200,16,16,0.1,val,server,0,31,696,727,True,0.76793659621802
Tox21,fedavg_proto,0.5,1,12,200,16,16,0.1,val,server,1,23,652,675,True,0.7424646572419312
Tox21,fedavg_proto,0.5,1,12,200,16,16,0.1,val,server,2,74,567,641,True,0.7563992563992565
Tox21,fedavg_proto,0.5,1,12,200,16,16,0.1,val,server,3,19,546,565,True,0.7497590129169077
Tox21,fedavg_proto,0.5,1,12,200,16,16,0.1,val,server,4,82,541,623,True,0.6906812136513232
Tox21,fedavg_proto,0.5,1,12,200,16,16,0.1,val,server,5,30,657,687,True,0.7704211060375444
Tox21,fedavg_proto,0.5,1,12,200,16,16,0.1,val,server,6,21,612,633,True,0.6493152816682227
Tox21,fedavg_proto,0.5,1,12,200,16,16,0.1,val,server,7,96,492,588,True,0.6931317750677506
Tox21,fedavg_proto,0.5,1,12,200,16,16,0.1,val,server,8,30,677,707,True,0.7498276710979813
Tox21,fedavg_proto,0.5,1,12,200,16,16,0.1,val,server,9,45,603,648,True,0.5508752533628156
Tox21,fedavg_proto,0.5,1,12,200,16,16,0.1,val,server,10,92,495,587,True,0.8234079929732102
Tox21,fedavg_proto,0.5,1,12,200,16,16,0.1,val,server,11,42,636,678,True,0.7716756513926326
Tox21,fedavg_proto,0.5,1,12,200,16,16,0.1,val,client_0,0,31,696,727,True,0.7760938079347423
Tox21,fedavg_proto,0.5,1,12,200,16,16,0.1,val,client_0,1,23,652,675,True,0.7460656174979995
Tox21,fedavg_proto,0.5,1,12,200,16,16,0.1,val,client_0,2,74,567,641,True,0.7515372515372516
Tox21,fedavg_proto,0.5,1,12,200,16,16,0.1,val,client_0,3,19,546,565,True,0.7391555812608445
Tox21,fedavg_proto,0.5,1,12,200,16,16,0.1,val,client_0,4,82,541,623,True,0.6949867003291105
Tox21,fedavg_proto,0.5,1,12,200,16,16,0.1,val,client_0,5,30,657,687,True,0.7684424150177575
Tox21,fedavg_proto,0.5,1,12,200,16,16,0.1,val,client_0,6,21,612,633,True,0.6595860566448801
Tox21,fedavg_proto,0.5,1,12,200,16,16,0.1,val,client_0,7,96,492,588,True,0.6904005758807588
Tox21,fedavg_proto,0.5,1,12,200,16,16,0.1,val,client_0,8,30,677,707,True,0.7540128015755785
Tox21,fedavg_proto,0.5,1,12,200,16,16,0.1,val,client_0,9,45,603,648,True,0.544057490326147
Tox21,fedavg_proto,0.5,1,12,200,16,16,0.1,val,client_0,10,92,495,587,True,0.8119894598155468
Tox21,fedavg_proto,0.5,1,12,200,16,16,0.1,val,client_0,11,42,636,678,True,0.7649371069182389
Tox21,fedavg_proto,0.5,1,12,200,16,16,0.1,val,client_1,0,31,696,727,True,0.757137560252132
Tox21,fedavg_proto,0.5,1,12,200,16,16,0.1,val,client_1,1,23,652,675,True,0.7281275006668445
Tox21,fedavg_proto,0.5,1,12,200,16,16,0.1,val,client_1,2,74,567,641,True,0.7597597597597598
Tox21,fedavg_proto,0.5,1,12,200,16,16,0.1,val,client_1,3,19,546,565,True,0.7486986697513013
Tox21,fedavg_proto,0.5,1,12,200,16,16,0.1,val,client_1,4,82,541,623,True,0.6874126504666156
Tox21,fedavg_proto,0.5,1,12,200,16,16,0.1,val,client_1,5,30,657,687,True,0.767275494672755
Tox21,fedavg_proto,0.5,1,12,200,16,16,0.1,val,client_1,6,21,612,633,True,0.6225490196078431
Tox21,fedavg_proto,0.5,1,12,200,16,16,0.1,val,client_1,7,96,492,588,True,0.6868013211382114
Tox21,fedavg_proto,0.5,1,12,200,16,16,0.1,val,client_1,8,30,677,707,True,0.7410635155096013
Tox21,fedavg_proto,0.5,1,12,200,16,16,0.1,val,client_1,9,45,603,648,True,0.5503961673115902
Tox21,fedavg_proto,0.5,1,12,200,16,16,0.1,val,client_1,10,92,495,587,True,0.8292709705753184
Tox21,fedavg_proto,0.5,1,12,200,16,16,0.1,val,client_1,11,42,636,678,True,0.7609688529499851
Tox21,fedavg_proto,0.5,1,12,200,16,16,0.1,val,client_2,0,31,696,727,True,0.7702076381164256
Tox21,fedavg_proto,0.5,1,12,200,16,16,0.1,val,client_2,1,23,652,675,True,0.7533342224593225
Tox21,fedavg_proto,0.5,1,12,200,16,16,0.1,val,client_2,2,74,567,641,True,0.7364745698079032
Tox21,fedavg_proto,0.5,1,12,200,16,16,0.1,val,client_2,3,19,546,565,True,0.7570850202429149
Tox21,fedavg_proto,0.5,1,12,200,16,16,0.1,val,client_2,4,82,541,623,True,0.6883819485144943
Tox21,fedavg_proto,0.5,1,12,200,16,16,0.1,val,client_2,5,30,657,687,True,0.76519533231862
Tox21,fedavg_proto,0.5,1,12,200,16,16,0.1,val,client_2,6,21,612,633,True,0.6723467164643635
Tox21,fedavg_proto,0.5,1,12,200,16,16,0.1,val,client_2,7,96,492,588,True,0.698191903794038
Tox21,fedavg_proto,0.5,1,12,200,16,16,0.1,val,client_2,8,30,677,707,True,0.7504185130477597
Tox21,fedavg_proto,0.5,1,12,200,16,16,0.1,val,client_2,9,45,603,648,True,0.5635526073337018
Tox21,fedavg_proto,0.5,1,12,200,16,16,0.1,val,client_2,10,92,495,587,True,0.8144049187527449
Tox21,fedavg_proto,0.5,1,12,200,16,16,0.1,val,client_2,11,42,636,678,True,0.7845163222521714
Tox21,fedavg_proto,0.5,1,12,200,16,16,0.1,val,client_3,0,31,696,727,True,0.7566740823136819
Tox21,fedavg_proto,0.5,1,12,200,16,16,0.1,val,client_3,1,23,652,675,True,0.7376633769005069
Tox21,fedavg_proto,0.5,1,12,200,16,16,0.1,val,client_3,2,74,567,641,True,0.7582820916154249
Tox21,fedavg_proto,0.5,1,12,200,16,16,0.1,val,client_3,3,19,546,565,True,0.7519760940813572
Tox21,fedavg_proto,0.5,1,12,200,16,16,0.1,val,client_3,4,82,541,623,True,0.6868491050899419
Tox21,fedavg_proto,0.5,1,12,200,16,16,0.1,val,client_3,5,30,657,687,True,0.7699137493658041
Tox21,fedavg_proto,0.5,1,12,200,16,16,0.1,val,client_3,6,21,612,633,True,0.6394335511982571
Tox21,fedavg_proto,0.5,1,12,200,16,16,0.1,val,client_3,7,96,492,588,True,0.6903370596205962
Tox21,fedavg_proto,0.5,1,12,200,16,16,0.1,val,client_3,8,30,677,707,True,0.7471688823239784
Tox21,fedavg_proto,0.5,1,12,200,16,16,0.1,val,client_3,9,45,603,648,True,0.5537497696701676
Tox21,fedavg_proto,0.5,1,12,200,16,16,0.1,val,client_3,10,92,495,587,True,0.828129117259552
Tox21,fedavg_proto,0.5,1,12,200,16,16,0.1,val,client_3,11,42,636,678,True,0.7711515423779575
Tox21,fedavg_proto,0.5,1,12,200,16,16,0.1,test,server,0,32,693,725,True,0.7785443722943722
Tox21,fedavg_proto,0.5,1,12,200,16,16,0.1,test,server,1,33,646,679,True,0.8436532507739938
Tox21,fedavg_proto,0.5,1,12,200,16,16,0.1,test,server,2,77,572,649,True,0.7764735264735264
Tox21,fedavg_proto,0.5,1,12,200,16,16,0.1,test,server,3,38,538,576,True,0.7205537076892976
Tox21,fedavg_proto,0.5,1,12,200,16,16,0.1,test,server,4,80,531,611,True,0.6894774011299434
Tox21,fedavg_proto,0.5,1,12,200,16,16,0.1,test,server,5,34,647,681,True,0.7290662787526139
Tox21,fedavg_proto,0.5,1,12,200,16,16,0.1,test,server,6,21,617,638,True,0.6794782742918886
Tox21,fedavg_proto,0.5,1,12,200,16,16,0.1,test,server,7,95,494,589,True,0.7440656296611976
Tox21,fedavg_proto,0.5,1,12,200,16,16,0.1,test,server,8,32,670,702,True,0.7013992537313432
Tox21,fedavg_proto,0.5,1,12,200,16,16,0.1,test,server,9,36,621,657,True,0.6149132224011451
Tox21,fedavg_proto,0.5,1,12,200,16,16,0.1,test,server,10,93,485,578,True,0.7725972730295976
Tox21,fedavg_proto,0.5,1,12,200,16,16,0.1,test,server,11,48,624,672,True,0.7184495192307692
Tox21,fedavg_proto,0.5,1,12,200,16,16,0.1,test,client_0,0,32,693,725,True,0.7788600288600288
Tox21,fedavg_proto,0.5,1,12,200,16,16,0.1,test,client_0,1,33,646,679,True,0.8476404916033399
Tox21,fedavg_proto,0.5,1,12,200,16,16,0.1,test,client_0,2,77,572,649,True,0.7685950413223142
Tox21,fedavg_proto,0.5,1,12,200,16,16,0.1,test,client_0,3,38,538,576,True,0.7139503032674623
Tox21,fedavg_proto,0.5,1,12,200,16,16,0.1,test,client_0,4,80,531,611,True,0.687641242937853
Tox21,fedavg_proto,0.5,1,12,200,16,16,0.1,test,client_0,5,34,647,681,True,0.7270660969179017
Tox21,fedavg_proto,0.5,1,12,200,16,16,0.1,test,client_0,6,21,617,638,True,0.6881222505209539
Tox21,fedavg_proto,0.5,1,12,200,16,16,0.1,test,client_0,7,95,494,589,True,0.7459620711698274
Tox21,fedavg_proto,0.5,1,12,200,16,16,0.1,test,client_0,8,32,670,702,True,0.7024720149253731
Tox21,fedavg_proto,0.5,1,12,200,16,16,0.1,test,client_0,9,36,621,657,True,0.6132134550008946
Tox21,fedavg_proto,0.5,1,12,200,16,16,0.1,test,client_0,10,93,485,578,True,0.7588072275800909
Tox21,fedavg_proto,0.5,1,12,200,16,16,0.1,test,client_0,11,48,624,672,True,0.715244391025641
Tox21,fedavg_proto,0.5,1,12,200,16,16,0.1,test,client_1,0,32,693,725,True,0.7668650793650793
Tox21,fedavg_proto,0.5,1,12,200,16,16,0.1,test,client_1,1,33,646,679,True,0.8267192044281827
Tox21,fedavg_proto,0.5,1,12,200,16,16,0.1,test,client_1,2,77,572,649,True,0.7886658795749705
Tox21,fedavg_proto,0.5,1,12,200,16,16,0.1,test,client_1,3,38,538,576,True,0.71248288006261
Tox21,fedavg_proto,0.5,1,12,200,16,16,0.1,test,client_1,4,80,531,611,True,0.6910546139359699
Tox21,fedavg_proto,0.5,1,12,200,16,16,0.1,test,client_1,5,34,647,681,True,0.7285207746158742
Tox21,fedavg_proto,0.5,1,12,200,16,16,0.1,test,client_1,6,21,617,638,True,0.6633479972215791
Tox21,fedavg_proto,0.5,1,12,200,16,16,0.1,test,client_1,7,95,494,589,True,0.7297890475175793
Tox21,fedavg_proto,0.5,1,12,200,16,16,0.1,test,client_1,8,32,670,702,True,0.695429104477612
Tox21,fedavg_proto,0.5,1,12,200,16,16,0.1,test,client_1,9,36,621,657,True,0.5989443549830022
Tox21,fedavg_proto,0.5,1,12,200,16,16,0.1,test,client_1,10,93,485,578,True,0.7775634630307061
Tox21,fedavg_proto,0.5,1,12,200,16,16,0.1,test,client_1,11,48,624,672,True,0.7073985042735043
Tox21,fedavg_proto,0.5,1,12,200,16,16,0.1,test,client_2,0,32,693,725,True,0.7896374458874459
Tox21,fedavg_proto,0.5,1,12,200,16,16,0.1,test,client_2,1,33,646,679,True,0.8646683553804297
Tox21,fedavg_proto,0.5,1,12,200,16,16,0.1,test,client_2,2,77,572,649,True,0.752997002997003
Tox21,fedavg_proto,0.5,1,12,200,16,16,0.1,test,client_2,3,38,538,576,True,0.7180590882410487
Tox21,fedavg_proto,0.5,1,12,200,16,16,0.1,test,client_2,4,80,531,611,True,0.6787429378531072
Tox21,fedavg_proto,0.5,1,12,200,16,16,0.1,test,client_2,5,34,647,681,True,0.72092917537958
Tox21,fedavg_proto,0.5,1,12,200,16,16,0.1,test,client_2,6,21,617,638,True,0.7003936096318591
Tox21,fedavg_proto,0.5,1,12,200,16,16,0.1,test,client_2,7,95,494,589,True,0.7493927125506074
Tox21,fedavg_proto,0.5,1,12,200,16,16,0.1,test,client_2,8,32,670,702,True,0.7115671641791044
Tox21,fedavg_proto,0.5,1,12,200,16,16,0.1,test,client_2,9,36,621,657,True,0.6370549293254607
Tox21,fedavg_proto,0.5,1,12,200,16,16,0.1,test,client_2,10,93,485,578,True,0.7635295421793593
Tox21,fedavg_proto,0.5,1,12,200,16,16,0.1,test,client_2,11,48,624,672,True,0.7324385683760684
Tox21,fedavg_proto,0.5,1,12,200,16,16,0.1,test,client_3,0,32,693,725,True,0.7845869408369409
Tox21,fedavg_proto,0.5,1,12,200,16,16,0.1,test,client_3,1,33,646,679,True,0.829439909935266
Tox21,fedavg_proto,0.5,1,12,200,16,16,0.1,test,client_3,2,77,572,649,True,0.7795159386068476
Tox21,fedavg_proto,0.5,1,12,200,16,16,0.1,test,client_3,3,38,538,576,True,0.7279397378203873
Tox21,fedavg_proto,0.5,1,12,200,16,16,0.1,test,client_3,4,80,531,611,True,0.6912664783427495
Tox21,fedavg_proto,0.5,1,12,200,16,16,0.1,test,client_3,5,34,647,681,True,0.721429220838258
Tox21,fedavg_proto,0.5,1,12,200,16,16,0.1,test,client_3,6,21,617,638,True,0.6656633479972216
Tox21,fedavg_proto,0.5,1,12,200,16,16,0.1,test,client_3,7,95,494,589,True,0.7387385467717877
Tox21,fedavg_proto,0.5,1,12,200,16,16,0.1,test,client_3,8,32,670,702,True,0.693143656716418
Tox21,fedavg_proto,0.5,1,12,200,16,16,0.1,test,client_3,9,36,621,657,True,0.6047146179996422
Tox21,fedavg_proto,0.5,1,12,200,16,16,0.1,test,client_3,10,93,485,578,True,0.7784724531648376
Tox21,fedavg_proto,0.5,1,12,200,16,16,0.1,test,client_3,11,48,624,672,True,0.7132745726495726
Tox21,fedavg_proto,0.5,1,13,200,16,16,0.1,val,server,0,31,696,727,True,0.76784390063033
Tox21,fedavg_proto,0.5,1,13,200,16,16,0.1,val,server,1,23,652,675,True,0.7425980261403041
Tox21,fedavg_proto,0.5,1,13,200,16,16,0.1,val,server,2,74,567,641,True,0.7596405929739263
Tox21,fedavg_proto,0.5,1,13,200,16,16,0.1,val,server,3,19,546,565,True,0.7492770387507229
Tox21,fedavg_proto,0.5,1,13,200,16,16,0.1,val,server,4,82,541,623,True,0.6881114467336911
Tox21,fedavg_proto,0.5,1,13,200,16,16,0.1,val,server,5,30,657,687,True,0.7707762557077626
Tox21,fedavg_proto,0.5,1,13,200,16,16,0.1,val,server,6,21,612,633,True,0.6522720199190788
Tox21,fedavg_proto,0.5,1,13,200,16,16,0.1,val,server,7,96,492,588,True,0.6944656165311653
Tox21,fedavg_proto,0.5,1,13,200,16,16,0.1,val,server,8,30,677,707,True,0.754357459379616
Tox21,fedavg_proto,0.5,1,13,200,16,16,0.1,val,server,9,45,603,648,True,0.5520176893311222
Tox21,fedavg_proto,0.5,1,13,200,16,16,0.1,val,server,10,92,495,587,True,0.8265700483091787
Tox21,fedavg_proto,0.5,1,13,200,16,16,0.1,val,server,11,42,636,678,True,0.775868523510033
Tox21,fedavg_proto,0.5,1,13,200,16,16,0.1,val,client_0,0,31,696,727,True,0.7765109380793475
Tox21,fedavg_proto,0.5,1,13,200,16,16,0.1,val,client_0,1,23,652,675,True,0.7495998933048813
Tox21,fedavg_proto,0.5,1,13,200,16,16,0.1,val,client_0,2,74,567,641,True,0.7604747604747605
Tox21,fedavg_proto,0.5,1,13,200,16,16,0.1,val,client_0,3,19,546,565,True,0.7378060535955273
Tox21,fedavg_proto,0.5,1,13,200,16,16,0.1,val,client_0,4,82,541,623,True,0.6843244218024436
Tox21,fedavg_proto,0.5,1,13,200,16,16,0.1,val,client_0,5,30,657,687,True,0.76103500761035
Tox21,fedavg_proto,0.5,1,13,200,16,16,0.1,val,client_0,6,21,612,633,True,0.6630874572051043
Tox21,fedavg_proto,0.5,1,13,200,16,16,0.1,val,client_0,7,96,492,588,True,0.6947408536585366
Tox21,fedavg_proto,0.5,1,13,200,16,16,0.1,val,client_0,8,30,677,707,True,0.7621861152141801
Tox21,fedavg_proto,0.5,1,13,200,16,16,0.1,val,client_0,9,45,603,648,True,0.5483324120140041
Tox21,fedavg_proto,0.5,1,13,200,16,16,0.1,val,client_0,10,92,495,587,True,0.8152173913043479
Tox21,fedavg_proto,0.5,1,13,200,16,16,0.1,val,client_0,11,42,636,678,True,0.7784516322252171
Tox21,fedavg_proto,0.5,1,13,200,16,16,0.1,val,client_1,0,31,696,727,True,0.7539859102706712
Tox21,fedavg_proto,0.5,1,13,200,16,16,0.1,val,client_1,1,23,652,675,True,0.7192584689250467
Tox21,fedavg_proto,0.5,1,13,200,16,16,0.1,val,client_1,2,74,567,641,True,0.7691739358406026
Tox21,fedavg_proto,0.5,1,13,200,16,16,0.1,val,client_1,3,19,546,565,True,0.756988625409678
Tox21,fedavg_proto,0.5,1,13,200,16,16,0.1,val,client_1,4,82,541,623,True,0.6928452278977503
Tox21,fedavg_proto,0.5,1,13,200,16,16,0.1,val,client_1,5,30,657,687,True,0.7751902587519026
Tox21,fedavg_proto,0.5,1,13,200,16,16,0.1,val,client_1,6,21,612,633,True,0.6283068783068784
Tox21,fedavg_proto,0.5,1,13,200,16,16,0.1,val,client_1,7,96,492,588,True,0.6883680555555554
Tox21,fedavg_proto,0.5,1,13,200,16,16,0.1,val,client_1,8,30,677,707,True,0.7428852781880847
Tox21,fedavg_proto,0.5,1,13,200,16,16,0.1,val,client_1,9,45,603,648,True,0.5611940298507463
Tox21,fedavg_proto,0.5,1,13,200,16,16,0.1,val,client_1,10,92,495,587,True,0.8324549846288976
Tox21,fedavg_proto,0.5,1,13,200,16,16,0.1,val,client_1,11,42,636,678,True,0.7640386343216531
Tox21,fedavg_proto,0.5,1,13,200,16,16,0.1,val,client_2,0,31,696,727,True,0.7762791991101223
Tox21,fedavg_proto,0.5,1,13,200,16,16,0.1,val,client_2,1,23,652,675,True,0.7564683915710856
Tox21,fedavg_proto,0.5,1,13,200,16,16,0.1,val,client_2,2,74,567,641,True,0.7469135802469136
Tox21,fedavg_proto,0.5,1,13,200,16,16,0.1,val,client_2,3,19,546,565,True,0.7469635627530364
Tox21,fedavg_proto,0.5,1,13,200,16,16,0.1,val,client_2,4,82,541,623,True,0.6831973310490961
Tox21,fedavg_proto,0.5,1,13,200,16,16,0.1,val,client_2,5,30,657,687,True,0.7667174023338408
Tox21,fedavg_proto,0.5,1,13,200,16,16,0.1,val,client_2,6,21,612,633,True,0.6620759414877062
Tox21,fedavg_proto,0.5,1,13,200,16,16,0.1,val,client_2,7,96,492,588,True,0.6953336720867208
Tox21,fedavg_proto,0.5,1,13,200,16,16,0.1,val,client_2,8,30,677,707,True,0.7550467749876907
Tox21,fedavg_proto,0.5,1,13,200,16,16,0.1,val,client_2,9,45,603,648,True,0.548295559240833
Tox21,fedavg_proto,0.5,1,13,200,16,16,0.1,val,client_2,10,92,495,587,True,0.8263504611330698
Tox21,fedavg_proto,0.5,1,13,200,16,16,0.1,val,client_2,11,42,636,678,True,0.7757187780772686
Tox21,fedavg_proto,0.5,1,13,200,16,16,0.1,val,client_3,0,31,696,727,True,0.7558861698183167
Tox21,fedavg_proto,0.5,1,13,200,16,16,0.1,val,client_3,1,23,652,675,True,0.737530008002134
Tox21,fedavg_proto,0.5,1,13,200,16,16,0.1,val,client_3,2,74,567,641,True,0.7528242528242528
Tox21,fedavg_proto,0.5,1,13,200,16,16,0.1,val,client_3,3,19,546,565,True,0.756988625409678
Tox21,fedavg_proto,0.5,1,13,200,16,16,0.1,val,client_3,4,82,541,623,True,0.6879761958432893
Tox21,fedavg_proto,0.5,1,13,200,16,16,0.1,val,client_3,5,30,657,687,True,0.7711314053779807
Tox21,fedavg_proto,0.5,1,13,200,16,16,0.1,val,client_3,6,21,612,633,True,0.635932150638033
Tox21,fedavg_proto,0.5,1,13,200,16,16,0.1,val,client_3,7,96,492,588,True,0.6884739159891599
Tox21,fedavg_proto,0.5,1,13,200,16,16,0.1,val,client_3,8,30,677,707,True,0.7467749876907928
Tox21,fedavg_proto,0.5,1,13,200,16,16,0.1,val,client_3,9,45,603,648,True,0.5583195135433942
Tox21,fedavg_proto,0.5,1,13,200,16,16,0.1,val,client_3,10,92,495,587,True,0.8322573561703996
Tox21,fedavg_proto,0.5,1,13,200,16,16,0.1,val,client_3,11,42,636,678,True,0.7741464510332435
Tox21,fedavg_proto,0.5,1,13,200,16,16,0.1,test,server,0,32,693,725,True,0.7771013708513708
Tox21,fedavg_proto,0.5,1,13,200,16,16,0.1,test,server,1,33,646,679,True,0.8478750351815368
Tox21,fedavg_proto,0.5,1,13,200,16,16,0.1,test,server,2,77,572,649,True,0.7789029152665516
Tox21,fedavg_proto,0.5,1,13,200,16,16,0.1,test,server,3,38,538,576,True,0.719037370377617
Tox21,fedavg_proto,0.5,1,13,200,16,16,0.1,test,server,4,80,531,611,True,0.6900659133709981
Tox21,fedavg_proto,0.5,1,13,200,16,16,0.1,test,server,5,34,647,681,True,0.734384944085826
Tox21,fedavg_proto,0.5,1,13,200,16,16,0.1,test,server,6,21,617,638,True,0.6839546191247974
Tox21,fedavg_proto,0.5,1,13,200,16,16,0.1,test,server,7,95,494,589,True,0.7473044960579585
Tox21,fedavg_proto,0.5,1,13,200,16,16,0.1,test,server,8,32,670,702,True,0.7122667910447761
Tox21,fedavg_proto,0.5,1,13,200,16,16,0.1,test,server,9,36,621,657,True,0.6236804437287529
Tox21,fedavg_proto,0.5,1,13,200,16,16,0.1,test,server,10,93,485,578,True,0.7766988138787274
Tox21,fedavg_proto,0.5,1,13,200,16,16,0.1,test,server,11,48,624,672,True,0.7213541666666666
Tox21,fedavg_proto,0.5,1,13,200,16,16,0.1,test,client_0,0,32,693,725,True,0.7746663059163059
Tox21,fedavg_proto,0.5,1,13,200,16,16,0.1,test,client_0,1,33,646,679,True,0.8586171310629516
Tox21,fedavg_proto,0.5,1,13,200,16,16,0.1,test,client_0,2,77,572,649,True,0.7763600036327307
Tox21,fedavg_proto,0.5,1,13,200,16,16,0.1,test,client_0,3,38,538,576,True,0.7136568186264919
Tox21,fedavg_proto,0.5,1,13,200,16,16,0.1,test,client_0,4,80,531,611,True,0.6873116760828625
Tox21,fedavg_proto,0.5,1,13,200,16,16,0.1,test,client_0,5,34,647,681,True,0.7365215019547231
Tox21,fedavg_proto,0.5,1,13,200,16,16,0.1,test,client_0,6,21,617,638,True,0.7031720305626301
Tox21,fedavg_proto,0.5,1,13,200,16,16,0.1,test,client_0,7,95,494,589,True,0.7520136373321968
Tox21,fedavg_proto,0.5,1,13,200,16,16,0.1,test,client_0,8,32,670,702,True,0.7252798507462687
Tox21,fedavg_proto,0.5,1,13,200,16,16,0.1,test,client_0,9,36,621,657,True,0.6263642869923063
Tox21,fedavg_proto,0.5,1,13,200,16,16,0.1,test,client_0,10,93,485,578,True,0.7627314045006097
Tox21,fedavg_proto,0.5,1,13,200,16,16,0.1,test,client_0,11,48,624,672,True,0.7321380876068377
Tox21,fedavg_proto,0.5,1,13,200,16,16,0.1,test,client_1,0,32,693,725,True,0.7643849206349207
Tox21,fedavg_proto,0.5,1,13,200,16,16,0.1,test,client_1,1,33,646,679,True,0.8311286236982831
Tox21,fedavg_proto,0.5,1,13,200,16,16,0.1,test,client_1,2,77,572,649,True,0.7884842430296976
Tox21,fedavg_proto,0.5,1,13,200,16,16,0.1,test,client_1,3,38,538,576,True,0.7118959107806692
Tox21,fedavg_proto,0.5,1,13,200,16,16,0.1,test,client_1,4,80,531,611,True,0.6931026365348398
Tox21,fedavg_proto,0.5,1,13,200,16,16,0.1,test,client_1,5,34,647,681,True,0.728157105191381
Tox21,fedavg_proto,0.5,1,13,200,16,16,0.1,test,client_1,6,21,617,638,True,0.6709886547811993
Tox21,fedavg_proto,0.5,1,13,200,16,16,0.1,test,client_1,7,95,494,589,True,0.7365224802897933
Tox21,fedavg_proto,0.5,1,13,200,16,16,0.1,test,client_1,8,32,670,702,True,0.7054104477611941
Tox21,fedavg_proto,0.5,1,13,200,16,16,0.1,test,client_1,9,36,621,657,True,0.6149132224011451
Tox21,fedavg_proto,0.5,1,13,200,16,16,0.1,test,client_1,10,93,485,578,True,0.7845249972286887
Tox21,fedavg_proto,0.5,1,13,200,16,16,0.1,test,client_1,11,48,624,672,True,0.7074986645299145
Tox21,fedavg_proto,0.5,1,13,200,16,16,0.1,test,client_2,0,32,693,725,True,0.7752525252525252
Tox21,fedavg_proto,0.5,1,13,200,16,16,0.1,test,client_2,1,33,646,679,True,0.8531288113331457
Tox21,fedavg_proto,0.5,1,13,200,16,16,0.1,test,client_2,2,77,572,649,True,0.7679366088456997
Tox21,fedavg_proto,0.5,1,13,200,16,16,0.1,test,client_2,3,38,538,576,True,0.7135589904128351
Tox21,fedavg_proto,0.5,1,13,200,16,16,0.1,test,client_2,4,80,531,611,True,0.6852636534839924
Tox21,fedavg_proto,0.5,1,13,200,16,16,0.1,test,client_2,5,34,647,681,True,0.7419310846440585
Tox21,fedavg_proto,0.5,1,13,200,16,16,0.1,test,client_2,6,21,617,638,True,0.6805587713205217
Tox21,fedavg_proto,0.5,1,13,200,16,16,0.1,test,client_2,7,95,494,589,True,0.7433837630513531
Tox21,fedavg_proto,0.5,1,13,200,16,16,0.1,test,client_2,8,32,670,702,True,0.7078824626865671
Tox21,fedavg_proto,0.5,1,13,200,16,16,0.1,test,client_2,9,36,621,657,True,0.6284219001610307
Tox21,fedavg_proto,0.5,1,13,200,16,16,0.1,test,client_2,10,93,485,578,True,0.7736171156191111
Tox21,fedavg_proto,0.5,1,13,200,16,16,0.1,test,client_2,11,48,624,672,True,0.7232905982905983
Tox21,fedavg_proto,0.5,1,13,200,16,16,0.1,test,client_3,0,32,693,725,True,0.7953643578643579
Tox21,fedavg_proto,0.5,1,13,200,16,16,0.1,test,client_3,1,33,646,679,True,0.834693686086875
Tox21,fedavg_proto,0.5,1,13,200,16,16,0.1,test,client_3,2,77,572,649,True,0.7730224321133412
Tox21,fedavg_proto,0.5,1,13,200,16,16,0.1,test,client_3,3,38,538,576,True,0.7322441792212874
Tox21,fedavg_proto,0.5,1,13,200,16,16,0.1,test,client_3,4,80,531,611,True,0.6939500941619585
Tox21,fedavg_proto,0.5,1,13,200,16,16,0.1,test,client_3,5,34,647,681,True,0.7214746795163197
Tox21,fedavg_proto,0.5,1,13,200,16,16,0.1,test,client_3,6,21,617,638,True,0.6662807748707263
Tox21,fedavg_proto,0.5,1,13,200,16,16,0.1,test,client_3,7,95,494,589,True,0.7431067547411038
Tox21,fedavg_proto,0.5,1,13,200,16,16,0.1,test,client_3,8,32,670,702,True,0.6949160447761193
Tox21,fedavg_proto,0.5,1,13,200,16,16,0.1,test,client_3,9,36,621,657,True,0.6174181427804616
Tox21,fedavg_proto,0.5,1,13,200,16,16,0.1,test,client_3,10,93,485,578,True,0.7831282562908768
Tox21,fedavg_proto,0.5,1,13,200,16,16,0.1,test,client_3,11,48,624,672,True,0.7142094017094016
Tox21,fedavg_proto,0.5,1,14,200,16,16,0.1,val,server,0,31,696,727,True,0.7675658138672599
Tox21,fedavg_proto,0.5,1,14,200,16,16,0.1,val,server,1,23,652,675,True,0.7357962123232862
Tox21,fedavg_proto,0.5,1,14,200,16,16,0.1,val,server,2,74,567,641,True,0.761356594689928
Tox21,fedavg_proto,0.5,1,14,200,16,16,0.1,val,server,3,19,546,565,True,0.7513977250819355
Tox21,fedavg_proto,0.5,1,14,200,16,16,0.1,val,server,4,82,541,623,True,0.6912898426581309
Tox21,fedavg_proto,0.5,1,14,200,16,16,0.1,val,server,5,30,657,687,True,0.7752917300862506
Tox21,fedavg_proto,0.5,1,14,200,16,16,0.1,val,server,6,21,612,633,True,0.6446467475879241
Tox21,fedavg_proto,0.5,1,14,200,16,16,0.1,val,server,7,96,492,588,True,0.6909298780487806
Tox21,fedavg_proto,0.5,1,14,200,16,16,0.1,val,server,8,30,677,707,True,0.7547021171836533
Tox21,fedavg_proto,0.5,1,14,200,16,16,0.1,val,server,9,45,603,648,True,0.5530495669799151
Tox21,fedavg_proto,0.5,1,14,200,16,16,0.1,val,server,10,92,495,587,True,0.8305884936319717
Tox21,fedavg_proto,0.5,1,14,200,16,16,0.1,val,server,11,42,636,678,True,0.7730607966457023
Tox21,fedavg_proto,0.5,1,14,200,16,16,0.1,val,client_0,0,31,696,727,True,0.7744716351501669
Tox21,fedavg_proto,0.5,1,14,200,16,16,0.1,val,client_0,1,23,652,675,True,0.7404641237663376
Tox21,fedavg_proto,0.5,1,14,200,16,16,0.1,val,client_0,2,74,567,641,True,0.7698651031984364
Tox21,fedavg_proto,0.5,1,14,200,16,16,0.1,val,client_0,3,19,546,565,True,0.7391555812608444
Tox21,fedavg_proto,0.5,1,14,200,16,16,0.1,val,client_0,4,82,541,623,True,0.6931833551237545
Tox21,fedavg_proto,0.5,1,14,200,16,16,0.1,val,client_0,5,30,657,687,True,0.7683916793505836
Tox21,fedavg_proto,0.5,1,14,200,16,16,0.1,val,client_0,6,21,612,633,True,0.6456582633053222
Tox21,fedavg_proto,0.5,1,14,200,16,16,0.1,val,client_0,7,96,492,588,True,0.6876905487804879
Tox21,fedavg_proto,0.5,1,14,200,16,16,0.1,val,client_0,8,30,677,707,True,0.762383062530773
Tox21,fedavg_proto,0.5,1,14,200,16,16,0.1,val,client_0,9,45,603,648,True,0.547079417726184
Tox21,fedavg_proto,0.5,1,14,200,16,16,0.1,val,client_0,10,92,495,587,True,0.8199824330259112
Tox21,fedavg_proto,0.5,1,14,200,16,16,0.1,val,client_0,11,42,636,678,True,0.7707397424378556
Tox21,fedavg_proto,0.5,1,14,200,16,16,0.1,val,client_1,0,31,696,727,True,0.764228772710419
Tox21,fedavg_proto,0.5,1,14,200,16,16,0.1,val,client_1,1,23,652,675,True,0.7318618298212857
Tox21,fedavg_proto,0.5,1,14,200,16,16,0.1,val,client_1,2,74,567,641,True,0.7536584203250871
Tox21,fedavg_proto,0.5,1,14,200,16,16,0.1,val,client_1,3,19,546,565,True,0.7547715442452284
Tox21,fedavg_proto,0.5,1,14,200,16,16,0.1,val,client_1,4,82,541,623,True,0.6928001442676165
Tox21,fedavg_proto,0.5,1,14,200,16,16,0.1,val,client_1,5,30,657,687,True,0.7775748351090818
Tox21,fedavg_proto,0.5,1,14,200,16,16,0.1,val,client_1,6,21,612,633,True,0.6367880485527545
Tox21,fedavg_proto,0.5,1,14,200,16,16,0.1,val,client_1,7,96,492,588,True,0.6874153116531165
Tox21,fedavg_proto,0.5,1,14,200,16,16,0.1,val,client_1,8,30,677,707,True,0.7453471196454948
Tox21,fedavg_proto,0.5,1,14,200,16,16,0.1,val,client_1,9,45,603,648,True,0.5640685461580984
Tox21,fedavg_proto,0.5,1,14,200,16,16,0.1,val,client_1,10,92,495,587,True,0.831576635924462
Tox21,fedavg_proto,0.5,1,14,200,16,16,0.1,val,client_1,11,42,636,678,True,0.773435160227613
Tox21,fedavg_proto,0.5,1,14,200,16,16,0.1,val,client_2,0,31,696,727,True,0.7721078976640713
Tox21,fedavg_proto,0.5,1,14,200,16,16,0.1,val,client_2,1,23,652,675,True,0.744798612963457
Tox21,fedavg_proto,0.5,1,14,200,16,16,0.1,val,client_2,2,74,567,641,True,0.7523237523237523
Tox21,fedavg_proto,0.5,1,14,200,16,16,0.1,val,client_2,3,19,546,565,True,0.7517833044148833
Tox21,fedavg_proto,0.5,1,14,200,16,16,0.1,val,client_2,4,82,541,623,True,0.6835354582751002
Tox21,fedavg_proto,0.5,1,14,200,16,16,0.1,val,client_2,5,30,657,687,True,0.7688483003551496
Tox21,fedavg_proto,0.5,1,14,200,16,16,0.1,val,client_2,6,21,612,633,True,0.6571739807033925
Tox21,fedavg_proto,0.5,1,14,200,16,16,0.1,val,client_2,7,96,492,588,True,0.6966251693766938
Tox21,fedavg_proto,0.5,1,14,200,16,16,0.1,val,client_2,8,30,677,707,True,0.760955194485475
Tox21,fedavg_proto,0.5,1,14,200,16,16,0.1,val,client_2,9,45,603,648,True,0.5552238805970149
Tox21,fedavg_proto,0.5,1,14,200,16,16,0.1,val,client_2,10,92,495,587,True,0.8290513833992095
Tox21,fedavg_proto,0.5,1,14,200,16,16,0.1,val,client_2,11,42,636,678,True,0.779424977538185
Tox21,fedavg_proto,0.5,1,14,200,16,16,0.1,val,client_3,0,31,696,727,True,0.7541713014460512
Tox21,fedavg_proto,0.5,1,14,200,16,16,0.1,val,client_3,1,23,652,675,True,0.7239263803680982
Tox21,fedavg_proto,0.5,1,14,200,16,16,0.1,val,client_3,2,74,567,641,True,0.7512989179655847
Tox21,fedavg_proto,0.5,1,14,200,16,16,0.1,val,client_3,3,19,546,565,True,0.7566994409099672
Tox21,fedavg_proto,0.5,1,14,200,16,16,0.1,val,client_3,4,82,541,623,True,0.6948289076236418
Tox21,fedavg_proto,0.5,1,14,200,16,16,0.1,val,client_3,5,30,657,687,True,0.7766615930999494
Tox21,fedavg_proto,0.5,1,14,200,16,16,0.1,val,client_3,6,21,612,633,True,0.6313414254590726
Tox21,fedavg_proto,0.5,1,14,200,16,16,0.1,val,client_3,7,96,492,588,True,0.6830962059620597
Tox21,fedavg_proto,0.5,1,14,200,16,16,0.1,val,client_3,8,30,677,707,True,0.7425898572131955
Tox21,fedavg_proto,0.5,1,14,200,16,16,0.1,val,client_3,9,45,603,648,True,0.5555187027823844
Tox21,fedavg_proto,0.5,1,14,200,16,16,0.1,val,client_3,10,92,495,587,True,0.8337505489679403
Tox21,fedavg_proto,0.5,1,14,200,16,16,0.1,val,client_3,11,42,636,678,True,0.7621293800539083
Tox21,fedavg_proto,0.5,1,14,200,16,16,0.1,test,server,0,32,693,725,True,0.7744859307359307
Tox21,fedavg_proto,0.5,1,14,200,16,16,0.1,test,server,1,33,646,679,True,0.8467961347218314
Tox21,fedavg_proto,0.5,1,14,200,16,16,0.1,test,server,2,77,572,649,True,0.780583053310326
Tox21,fedavg_proto,0.5,1,14,200,16,16,0.1,test,server,3,38,538,576,True,0.7185971434161611
Tox21,fedavg_proto,0.5,1,14,200,16,16,0.1,test,server,4,80,531,611,True,0.6952919020715631
Tox21,fedavg_proto,0.5,1,14,200,16,16,0.1,test,server,5,34,647,681,True,0.7387035185016819
Tox21,fedavg_proto,0.5,1,14,200,16,16,0.1,test,server,6,21,617,638,True,0.6850351161534305
Tox21,fedavg_proto,0.5,1,14,200,16,16,0.1,test,server,7,95,494,589,True,0.7476241210313233
Tox21,fedavg_proto,0.5,1,14,200,16,16,0.1,test,server,8,32,670,702,True,0.7153451492537313
Tox21,fedavg_proto,0.5,1,14,200,16,16,0.1,test,server,9,36,621,657,True,0.6284666308820898
Tox21,fedavg_proto,0.5,1,14,200,16,16,0.1,test,server,10,93,485,578,True,0.7819310497727524
Tox21,fedavg_proto,0.5,1,14,200,16,16,0.1,test,server,11,48,624,672,True,0.718349358974359
Tox21,fedavg_proto,0.5,1,14,200,16,16,0.1,test,client_0,0,32,693,725,True,0.7716901154401155
Tox21,fedavg_proto,0.5,1,14,200,16,16,0.1,test,client_0,1,33,646,679,True,0.8489539356412421
Tox21,fedavg_proto,0.5,1,14,200,16,16,0.1,test,client_0,2,77,572,649,True,0.7803333030605757
Tox21,fedavg_proto,0.5,1,14,200,16,16,0.1,test,client_0,3,38,538,576,True,0.7065153590295441
Tox21,fedavg_proto,0.5,1,14,200,16,16,0.1,test,client_0,4,80,531,611,True,0.6953625235404896
Tox21,fedavg_proto,0.5,1,14,200,16,16,0.1,test,client_0,5,34,647,681,True,0.7397490680970997
Tox21,fedavg_proto,0.5,1,14,200,16,16,0.1,test,client_0,6,21,617,638,True,0.7004707879910472
Tox21,fedavg_proto,0.5,1,14,200,16,16,0.1,test,client_0,7,95,494,589,True,0.7484977626251864
Tox21,fedavg_proto,0.5,1,14,200,16,16,0.1,test,client_0,8,32,670,702,True,0.721688432835821
Tox21,fedavg_proto,0.5,1,14,200,16,16,0.1,test,client_0,9,36,621,657,True,0.6170155662909286
Tox21,fedavg_proto,0.5,1,14,200,16,16,0.1,test,client_0,10,93,485,578,True,0.7682296862875513
Tox21,fedavg_proto,0.5,1,14,200,16,16,0.1,test,client_0,11,48,624,672,True,0.7227564102564102
Tox21,fedavg_proto,0.5,1,14,200,16,16,0.1,test,client_1,0,32,693,725,True,0.7783639971139971
Tox21,fedavg_proto,0.5,1,14,200,16,16,0.1,test,client_1,1,33,646,679,True,0.8523313631672765
Tox21,fedavg_proto,0.5,1,14,200,16,16,0.1,test,client_1,2,77,572,649,True,0.7745436381800018
Tox21,fedavg_proto,0.5,1,14,200,16,16,0.1,test,client_1,3,38,538,576,True,0.7110154568577578
Tox21,fedavg_proto,0.5,1,14,200,16,16,0.1,test,client_1,4,80,531,611,True,0.6933145009416196
Tox21,fedavg_proto,0.5,1,14,200,16,16,0.1,test,client_1,5,34,647,681,True,0.7341576506955177
Tox21,fedavg_proto,0.5,1,14,200,16,16,0.1,test,client_1,6,21,617,638,True,0.687273288569885
Tox21,fedavg_proto,0.5,1,14,200,16,16,0.1,test,client_1,7,95,494,589,True,0.7423183464734711
Tox21,fedavg_proto,0.5,1,14,200,16,16,0.1,test,client_1,8,32,670,702,True,0.7215018656716418
Tox21,fedavg_proto,0.5,1,14,200,16,16,0.1,test,client_1,9,36,621,657,True,0.6386205045625335
Tox21,fedavg_proto,0.5,1,14,200,16,16,0.1,test,client_1,10,93,485,578,True,0.7792927613346635
Tox21,fedavg_proto,0.5,1,14,200,16,16,0.1,test,client_1,11,48,624,672,True,0.7171808226495727
Tox21,fedavg_proto,0.5,1,14,200,16,16,0.1,test,client_2,0,32,693,725,True,0.7688041125541125
Tox21,fedavg_proto,0.5,1,14,200,16,16,0.1,test,client_2,1,33,646,679,True,0.8496106576601933
Tox21,fedavg_proto,0.5,1,14,200,16,16,0.1,test,client_2,2,77,572,649,True,0.7728635001362274
Tox21,fedavg_proto,0.5,1,14,200,16,16,0.1,test,client_2,3,38,538,576,True,0.7145372725494032
Tox21,fedavg_proto,0.5,1,14,200,16,16,0.1,test,client_2,4,80,531,611,True,0.6890065913370997
Tox21,fedavg_proto,0.5,1,14,200,16,16,0.1,test,client_2,5,34,647,681,True,0.7411582871170107
Tox21,fedavg_proto,0.5,1,14,200,16,16,0.1,test,client_2,6,21,617,638,True,0.6868102184147565
Tox21,fedavg_proto,0.5,1,14,200,16,16,0.1,test,client_2,7,95,494,589,True,0.7480929043255913
Tox21,fedavg_proto,0.5,1,14,200,16,16,0.1,test,client_2,8,32,670,702,True,0.7208022388059702
Tox21,fedavg_proto,0.5,1,14,200,16,16,0.1,test,client_2,9,36,621,657,True,0.6353551619252102
Tox21,fedavg_proto,0.5,1,14,200,16,16,0.1,test,client_2,10,93,485,578,True,0.7781398957986919
Tox21,fedavg_proto,0.5,1,14,200,16,16,0.1,test,client_2,11,48,624,672,True,0.7217214209401709
Tox21,fedavg_proto,0.5,1,14,200,16,16,0.1,test,client_3,0,32,693,725,True,0.78125
Tox21,fedavg_proto,0.5,1,14,200,16,16,0.1,test,client_3,1,33,646,679,True,0.825593395252838
Tox21,fedavg_proto,0.5,1,14,200,16,16,0.1,test,client_3,2,77,572,649,True,0.7773135954954137
Tox21,fedavg_proto,0.5,1,14,200,16,16,0.1,test,client_3,3,38,538,576,True,0.730043044414009
Tox21,fedavg_proto,0.5,1,14,200,16,16,0.1,test,client_3,4,80,531,611,True,0.6952212806026364
Tox21,fedavg_proto,0.5,1,14,200,16,16,0.1,test,client_3,5,34,647,681,True,0.7260660060005454
Tox21,fedavg_proto,0.5,1,14,200,16,16,0.1,test,client_3,6,21,617,638,True,0.6637338890175195
Tox21,fedavg_proto,0.5,1,14,200,16,16,0.1,test,client_3,7,95,494,589,True,0.7379288301725975
Tox21,fedavg_proto,0.5,1,14,200,16,16,0.1,test,client_3,8,32,670,702,True,0.6965951492537313
Tox21,fedavg_proto,0.5,1,14,200,16,16,0.1,test,client_3,9,36,621,657,True,0.6239488280551083
Tox21,fedavg_proto,0.5,1,14,200,16,16,0.1,test,client_3,10,93,485,578,True,0.7901784724531649
Tox21,fedavg_proto,0.5,1,14,200,16,16,0.1,test,client_3,11,48,624,672,True,0.7003538995726496
Tox21,fedavg_proto,0.5,1,15,200,16,16,0.1,val,server,0,31,696,727,True,0.7675658138672597
Tox21,fedavg_proto,0.5,1,15,200,16,16,0.1,val,server,1,23,652,675,True,0.73666311016271
Tox21,fedavg_proto,0.5,1,15,200,16,16,0.1,val,server,2,74,567,641,True,0.7618332618332618
Tox21,fedavg_proto,0.5,1,15,200,16,16,0.1,val,server,3,19,546,565,True,0.7557354925775978
Tox21,fedavg_proto,0.5,1,15,200,16,16,0.1,val,server,4,82,541,623,True,0.6909517154321266
Tox21,fedavg_proto,0.5,1,15,200,16,16,0.1,val,server,5,30,657,687,True,0.774074074074074
Tox21,fedavg_proto,0.5,1,15,200,16,16,0.1,val,server,6,21,612,633,True,0.6437130407718644
Tox21,fedavg_proto,0.5,1,15,200,16,16,0.1,val,server,7,96,492,588,True,0.6897865853658536
Tox21,fedavg_proto,0.5,1,15,200,16,16,0.1,val,server,8,30,677,707,True,0.754111275233875
Tox21,fedavg_proto,0.5,1,15,200,16,16,0.1,val,server,9,45,603,648,True,0.5552975861433573
Tox21,fedavg_proto,0.5,1,15,200,16,16,0.1,val,server,10,92,495,587,True,0.8340579710144927
Tox21,fedavg_proto,0.5,1,15,200,16,16,0.1,val,server,11,42,636,678,True,0.7736597783767595
Tox21,fedavg_proto,0.5,1,15,200,16,16,0.1,val,client_0,0,31,696,727,True,0.7748424175009269
Tox21,fedavg_proto,0.5,1,15,200,16,16,0.1,val,client_0,1,23,652,675,True,0.7387303280874901
Tox21,fedavg_proto,0.5,1,15,200,16,16,0.1,val,client_0,2,74,567,641,True,0.7702702702702703
Tox21,fedavg_proto,0.5,1,15,200,16,16,0.1,val,client_0,3,19,546,565,True,0.7413726624252941
Tox21,fedavg_proto,0.5,1,15,200,16,16,0.1,val,client_0,4,82,541,623,True,0.6921915152608089
Tox21,fedavg_proto,0.5,1,15,200,16,16,0.1,val,client_0,5,30,657,687,True,0.7688483003551497
Tox21,fedavg_proto,0.5,1,15,200,16,16,0.1,val,client_0,6,21,612,633,True,0.6483037659508247
Tox21,fedavg_proto,0.5,1,15,200,16,16,0.1,val,client_0,7,96,492,588,True,0.6878175813008129
Tox21,fedavg_proto,0.5,1,15,200,16,16,0.1,val,client_0,8,30,677,707,True,0.7622845888724766
Tox21,fedavg_proto,0.5,1,15,200,16,16,0.1,val,client_0,9,45,603,648,True,0.549953934033536
Tox21,fedavg_proto,0.5,1,15,200,16,16,0.1,val,client_0,10,92,495,587,True,0.8245498462889767
Tox21,fedavg_proto,0.5,1,15,200,16,16,0.1,val,client_0,11,42,636,678,True,0.7724243785564541
Tox21,fedavg_proto,0.5,1,15,200,16,16,0.1,val,client_1,0,31,696,727,True,0.7609380793474231
Tox21,fedavg_proto,0.5,1,15,200,16,16,0.1,val,client_1,1,23,652,675,True,0.7246599093091491
Tox21,fedavg_proto,0.5,1,15,200,16,16,0.1,val,client_1,2,74,567,641,True,0.7592592592592593
Tox21,fedavg_proto,0.5,1,15,200,16,16,0.1,val,client_1,3,19,546,565,True,0.7517833044148834
Tox21,fedavg_proto,0.5,1,15,200,16,16,0.1,val,client_1,4,82,541,623,True,0.6965420855687301
Tox21,fedavg_proto,0.5,1,15,200,16,16,0.1,val,client_1,5,30,657,687,True,0.7833587011669203
Tox21,fedavg_proto,0.5,1,15,200,16,16,0.1,val,client_1,6,21,612,633,True,0.6260504201680671
Tox21,fedavg_proto,0.5,1,15,200,16,16,0.1,val,client_1,7,96,492,588,True,0.683519647696477
Tox21,fedavg_proto,0.5,1,15,200,16,16,0.1,val,client_1,8,30,677,707,True,0.7456917774495323
Tox21,fedavg_proto,0.5,1,15,200,16,16,0.1,val,client_1,9,45,603,648,True,0.5648056016215219
Tox21,fedavg_proto,0.5,1,15,200,16,16,0.1,val,client_1,10,92,495,587,True,0.836824769433465
Tox21,fedavg_proto,0.5,1,15,200,16,16,0.1,val,client_1,11,42,636,678,True,0.7655735250074873
Tox21,fedavg_proto,0.5,1,15,200,16,16,0.1,val,client_2,0,31,696,727,True,0.7723859844271412
Tox21,fedavg_proto,0.5,1,15,200,16,16,0.1,val,client_2,1,23,652,675,True,0.745398773006135
Tox21,fedavg_proto,0.5,1,15,200,16,16,0.1,val,client_2,2,74,567,641,True,0.7523237523237524
Tox21,fedavg_proto,0.5,1,15,200,16,16,0.1,val,client_2,3,19,546,565,True,0.7524580682475419
Tox21,fedavg_proto,0.5,1,15,200,16,16,0.1,val,client_2,4,82,541,623,True,0.6843920472476445
Tox21,fedavg_proto,0.5,1,15,200,16,16,0.1,val,client_2,5,30,657,687,True,0.7661593099949263
Tox21,fedavg_proto,0.5,1,15,200,16,16,0.1,val,client_2,6,21,612,633,True,0.656318082788671
Tox21,fedavg_proto,0.5,1,15,200,16,16,0.1,val,client_2,7,96,492,588,True,0.6946985094850948
Tox21,fedavg_proto,0.5,1,15,200,16,16,0.1,val,client_2,8,30,677,707,True,0.7573609059576564
Tox21,fedavg_proto,0.5,1,15,200,16,16,0.1,val,client_2,9,45,603,648,True,0.554228855721393
Tox21,fedavg_proto,0.5,1,15,200,16,16,0.1,val,client_2,10,92,495,587,True,0.8300175669740888
Tox21,fedavg_proto,0.5,1,15,200,16,16,0.1,val,client_2,11,42,636,678,True,0.780884995507637
Tox21,fedavg_proto,0.5,1,15,200,16,16,0.1,val,client_3,0,31,696,727,True,0.7588524286243975
Tox21,fedavg_proto,0.5,1,15,200,16,16,0.1,val,client_3,1,23,652,675,True,0.7348626300346759
Tox21,fedavg_proto,0.5,1,15,200,16,16,0.1,val,client_3,2,74,567,641,True,0.7480575813909148
Tox21,fedavg_proto,0.5,1,15,200,16,16,0.1,val,client_3,3,19,546,565,True,0.7692307692307692
Tox21,fedavg_proto,0.5,1,15,200,16,16,0.1,val,client_3,4,82,541,623,True,0.690320544610252
Tox21,fedavg_proto,0.5,1,15,200,16,16,0.1,val,client_3,5,30,657,687,True,0.7700659563673263
Tox21,fedavg_proto,0.5,1,15,200,16,16,0.1,val,client_3,6,21,612,633,True,0.6349984438219731
Tox21,fedavg_proto,0.5,1,15,200,16,16,0.1,val,client_3,7,96,492,588,True,0.68701304200542
Tox21,fedavg_proto,0.5,1,15,200,16,16,0.1,val,client_3,8,30,677,707,True,0.7428852781880847
Tox21,fedavg_proto,0.5,1,15,200,16,16,0.1,val,client_3,9,45,603,648,True,0.5573613414409434
Tox21,fedavg_proto,0.5,1,15,200,16,16,0.1,val,client_3,10,92,495,587,True,0.8352437417654809
Tox21,fedavg_proto,0.5,1,15,200,16,16,0.1,val,client_3,11,42,636,678,True,0.7715633423180592
Tox21,fedavg_proto,0.5,1,15,200,16,16,0.1,test,server,0,32,693,725,True,0.7776424963924964
Tox21,fedavg_proto,0.5,1,15,200,16,16,0.1,test,server,1,33,646,679,True,0.8468899521531101
Tox21,fedavg_proto,0.5,1,15,200,16,16,0.1,test,server,2,77,572,649,True,0.78278539642176
Tox21,fedavg_proto,0.5,1,15,200,16,16,0.1,test,server,3,38,538,576,True,0.7226570142829191
Tox21,fedavg_proto,0.5,1,15,200,16,16,0.1,test,server,4,80,531,611,True,0.6953389830508475
Tox21,fedavg_proto,0.5,1,15,200,16,16,0.1,test,server,5,34,647,681,True,0.7441131011910174
Tox21,fedavg_proto,0.5,1,15,200,16,16,0.1,test,server,6,21,617,638,True,0.6822566952226596
Tox21,fedavg_proto,0.5,1,15,200,16,16,0.1,test,server,7,95,494,589,True,0.7487321542723205
Tox21,fedavg_proto,0.5,1,15,200,16,16,0.1,test,server,8,32,670,702,True,0.7160914179104477
Tox21,fedavg_proto,0.5,1,15,200,16,16,0.1,test,server,9,36,621,657,True,0.6347289318303813
Tox21,fedavg_proto,0.5,1,15,200,16,16,0.1,test,server,10,93,485,578,True,0.7857665447289657
Tox21,fedavg_proto,0.5,1,15,200,16,16,0.1,test,server,11,48,624,672,True,0.7211204594017094
Tox21,fedavg_proto,0.5,1,15,200,16,16,0.1,test,client_0,0,32,693,725,True,0.7759289321789323
Tox21,fedavg_proto,0.5,1,15,200,16,16,0.1,test,client_0,1,33,646,679,True,0.8526597241767521
Tox21,fedavg_proto,0.5,1,15,200,16,16,0.1,test,client_0,2,77,572,649,True,0.7827172827172827
Tox21,fedavg_proto,0.5,1,15,200,16,16,0.1,test,client_0,3,38,538,576,True,0.7134611621991782
Tox21,fedavg_proto,0.5,1,15,200,16,16,0.1,test,client_0,4,80,531,611,True,0.696704331450094
Tox21,fedavg_proto,0.5,1,15,200,16,16,0.1,test,client_0,5,34,647,681,True,0.7437039730884627
Tox21,fedavg_proto,0.5,1,15,200,16,16,0.1,test,client_0,6,21,617,638,True,0.7014741066604925
Tox21,fedavg_proto,0.5,1,15,200,16,16,0.1,test,client_0,7,95,494,589,True,0.7532708288940976
Tox21,fedavg_proto,0.5,1,15,200,16,16,0.1,test,client_0,8,32,670,702,True,0.7269123134328358
Tox21,fedavg_proto,0.5,1,15,200,16,16,0.1,test,client_0,9,36,621,657,True,0.6290481302558598
Tox21,fedavg_proto,0.5,1,15,200,16,16,0.1,test,client_0,10,93,485,578,True,0.7741492074049441
Tox21,fedavg_proto,0.5,1,15,200,16,16,0.1,test,client_0,11,48,624,672,True,0.726028311965812
Tox21,fedavg_proto,0.5,1,15,200,16,16,0.1,test,client_1,0,32,693,725,True,0.765422077922078
Tox21,fedavg_proto,0.5,1,15,200,16,16,0.1,test,client_1,1,33,646,679,True,0.8387278356318605
Tox21,fedavg_proto,0.5,1,15,200,16,16,0.1,test,client_1,2,77,572,649,True,0.782989737535192
Tox21,fedavg_proto,0.5,1,15,200,16,16,0.1,test,client_1,3,38,538,576,True,0.7072490706319703
Tox21,fedavg_proto,0.5,1,15,200,16,16,0.1,test,client_1,4,80,531,611,True,0.6976224105461395
Tox21,fedavg_proto,0.5,1,15,200,16,16,0.1,test,client_1,5,34,647,681,True,0.7432039276297846
Tox21,fedavg_proto,0.5,1,15,200,16,16,0.1,test,client_1,6,21,617,638,True,0.6746932160222273
Tox21,fedavg_proto,0.5,1,15,200,16,16,0.1,test,client_1,7,95,494,589,True,0.7374174302152141
Tox21,fedavg_proto,0.5,1,15,200,16,16,0.1,test,client_1,8,32,670,702,True,0.7157182835820896
Tox21,fedavg_proto,0.5,1,15,200,16,16,0.1,test,client_1,9,36,621,657,True,0.6341027017355519
Tox21,fedavg_proto,0.5,1,15,200,16,16,0.1,test,client_1,10,93,485,578,True,0.7908214166943798
Tox21,fedavg_proto,0.5,1,15,200,16,16,0.1,test,client_1,11,48,624,672,True,0.7102029914529915
Tox21,fedavg_proto,0.5,1,15,200,16,16,0.1,test,client_2,0,32,693,725,True,0.7741702741702743
Tox21,fedavg_proto,0.5,1,15,200,16,16,0.1,test,client_2,1,33,646,679,True,0.8525189980298341
Tox21,fedavg_proto,0.5,1,15,200,16,16,0.1,test,client_2,2,77,572,649,True,0.7748160929979111
Tox21,fedavg_proto,0.5,1,15,200,16,16,0.1,test,client_2,3,38,538,576,True,0.7161025239679124
Tox21,fedavg_proto,0.5,1,15,200,16,16,0.1,test,client_2,4,80,531,611,True,0.6899011299435028
Tox21,fedavg_proto,0.5,1,15,200,16,16,0.1,test,client_2,5,34,647,681,True,0.745931448313483
Tox21,fedavg_proto,0.5,1,15,200,16,16,0.1,test,client_2,6,21,617,638,True,0.6815620899899668
Tox21,fedavg_proto,0.5,1,15,200,16,16,0.1,test,client_2,7,95,494,589,True,0.7487321542723205
Tox21,fedavg_proto,0.5,1,15,200,16,16,0.1,test,client_2,8,32,670,702,True,0.7169776119402986
Tox21,fedavg_proto,0.5,1,15,200,16,16,0.1,test,client_2,9,36,621,657,True,0.6382626587940597
Tox21,fedavg_proto,0.5,1,15,200,16,16,0.1,test,client_2,10,93,485,578,True,0.7791819088792816
Tox21,fedavg_proto,0.5,1,15,200,16,16,0.1,test,client_2,11,48,624,672,True,0.7263621794871795
Tox21,fedavg_proto,0.5,1,15,200,16,16,0.1,test,client_3,0,32,693,725,True,0.7939664502164502
Tox21,fedavg_proto,0.5,1,15,200,16,16,0.1,test,client_3,1,33,646,679,True,0.8326297025987429
Tox21,fedavg_proto,0.5,1,15,200,16,16,0.1,test,client_3,2,77,572,649,True,0.7763145944964127
Tox21,fedavg_proto,0.5,1,15,200,16,16,0.1,test,client_3,3,38,538,576,True,0.7452064175308157
Tox21,fedavg_proto,0.5,1,15,200,16,16,0.1,test,client_3,4,80,531,611,True,0.695009416195857
Tox21,fedavg_proto,0.5,1,15,200,16,16,0.1,test,client_3,5,34,647,681,True,0.7296572415674153
Tox21,fedavg_proto,0.5,1,15,200,16,16,0.1,test,client_3,6,21,617,638,True,0.654163772478197
Tox21,fedavg_proto,0.5,1,15,200,16,16,0.1,test,client_3,7,95,494,589,True,0.7450671212444065
Tox21,fedavg_proto,0.5,1,15,200,16,16,0.1,test,client_3,8,32,670,702,True,0.6971548507462687
Tox21,fedavg_proto,0.5,1,15,200,16,16,0.1,test,client_3,9,36,621,657,True,0.6353998926462694
Tox21,fedavg_proto,0.5,1,15,200,16,16,0.1,test,client_3,10,93,485,578,True,0.7912869970069837
Tox21,fedavg_proto,0.5,1,15,200,16,16,0.1,test,client_3,11,48,624,672,True,0.7111044337606837
Tox21,fedavg_proto,0.5,1,16,200,16,16,0.1,val,server,0,31,696,727,True,0.7614479050797183
Tox21,fedavg_proto,0.5,1,16,200,16,16,0.1,val,server,1,23,652,675,True,0.72746065617498
Tox21,fedavg_proto,0.5,1,16,200,16,16,0.1,val,server,2,74,567,641,True,0.7664330997664331
Tox21,fedavg_proto,0.5,1,16,200,16,16,0.1,val,server,3,19,546,565,True,0.7539039907460959
Tox21,fedavg_proto,0.5,1,16,200,16,16,0.1,val,server,4,82,541,623,True,0.6933636896442902
Tox21,fedavg_proto,0.5,1,16,200,16,16,0.1,val,server,5,30,657,687,True,0.7785895484525621
Tox21,fedavg_proto,0.5,1,16,200,16,16,0.1,val,server,6,21,612,633,True,0.6392001244942421
Tox21,fedavg_proto,0.5,1,16,200,16,16,0.1,val,server,7,96,492,588,True,0.6886221205962058
Tox21,fedavg_proto,0.5,1,16,200,16,16,0.1,val,server,8,30,677,707,True,0.7562776957163959
Tox21,fedavg_proto,0.5,1,16,200,16,16,0.1,val,server,9,45,603,648,True,0.5603464160678091
Tox21,fedavg_proto,0.5,1,16,200,16,16,0.1,val,server,10,92,495,587,True,0.8364514712340799
Tox21,fedavg_proto,0.5,1,16,200,16,16,0.1,val,server,11,42,636,678,True,0.7703279424977537
Tox21,fedavg_proto,0.5,1,16,200,16,16,0.1,val,client_0,0,31,696,727,True,0.7749351130886171
Tox21,fedavg_proto,0.5,1,16,200,16,16,0.1,val,client_0,1,23,652,675,True,0.7379967991464391
Tox21,fedavg_proto,0.5,1,16,200,16,16,0.1,val,client_0,2,74,567,641,True,0.7703894370561037
Tox21,fedavg_proto,0.5,1,16,200,16,16,0.1,val,client_0,3,19,546,565,True,0.7400231347599768
Tox21,fedavg_proto,0.5,1,16,200,16,16,0.1,val,client_0,4,82,541,623,True,0.6876831522474189
Tox21,fedavg_proto,0.5,1,16,200,16,16,0.1,val,client_0,5,30,657,687,True,0.765246067985794
Tox21,fedavg_proto,0.5,1,16,200,16,16,0.1,val,client_0,6,21,612,633,True,0.6571739807033925
Tox21,fedavg_proto,0.5,1,16,200,16,16,0.1,val,client_0,7,96,492,588,True,0.6941056910569104
Tox21,fedavg_proto,0.5,1,16,200,16,16,0.1,val,client_0,8,30,677,707,True,0.7671590349581486
Tox21,fedavg_proto,0.5,1,16,200,16,16,0.1,val,client_0,9,45,603,648,True,0.5496222590749954
Tox21,fedavg_proto,0.5,1,16,200,16,16,0.1,val,client_0,10,92,495,587,True,0.825911286780852
Tox21,fedavg_proto,0.5,1,16,200,16,16,0.1,val,client_0,11,42,636,678,True,0.7670709793351302
Tox21,fedavg_proto,0.5,1,16,200,16,16,0.1,val,client_1,0,31,696,727,True,0.757137560252132
Tox21,fedavg_proto,0.5,1,16,200,16,16,0.1,val,client_1,1,23,652,675,True,0.721392371299013
Tox21,fedavg_proto,0.5,1,16,200,16,16,0.1,val,client_1,2,74,567,641,True,0.7571857571857572
Tox21,fedavg_proto,0.5,1,16,200,16,16,0.1,val,client_1,3,19,546,565,True,0.758627337574706
Tox21,fedavg_proto,0.5,1,16,200,16,16,0.1,val,client_1,4,82,541,623,True,0.6989991434110274
Tox21,fedavg_proto,0.5,1,16,200,16,16,0.1,val,client_1,5,30,657,687,True,0.7838153221714865
Tox21,fedavg_proto,0.5,1,16,200,16,16,0.1,val,client_1,6,21,612,633,True,0.6253501400560225
Tox21,fedavg_proto,0.5,1,16,200,16,16,0.1,val,client_1,7,96,492,588,True,0.6796663279132792
Tox21,fedavg_proto,0.5,1,16,200,16,16,0.1,val,client_1,8,30,677,707,True,0.7490891186607583
Tox21,fedavg_proto,0.5,1,16,200,16,16,0.1,val,client_1,9,45,603,648,True,0.5720287451630736
Tox21,fedavg_proto,0.5,1,16,200,16,16,0.1,val,client_1,10,92,495,587,True,0.8369784804567414
Tox21,fedavg_proto,0.5,1,16,200,16,16,0.1,val,client_1,11,42,636,678,True,0.769429469901168
Tox21,fedavg_proto,0.5,1,16,200,16,16,0.1,val,client_2,0,31,696,727,True,0.7619113830181683
Tox21,fedavg_proto,0.5,1,16,200,16,16,0.1,val,client_2,1,23,652,675,True,0.728794345158709
Tox21,fedavg_proto,0.5,1,16,200,16,16,0.1,val,client_2,2,74,567,641,True,0.7689117689117689
Tox21,fedavg_proto,0.5,1,16,200,16,16,0.1,val,client_2,3,19,546,565,True,0.7506265664160402
Tox21,fedavg_proto,0.5,1,16,200,16,16,0.1,val,client_2,4,82,541,623,True,0.6893737883774401
Tox21,fedavg_proto,0.5,1,16,200,16,16,0.1,val,client_2,5,30,657,687,True,0.7777777777777778
Tox21,fedavg_proto,0.5,1,16,200,16,16,0.1,val,client_2,6,21,612,633,True,0.6455026455026456
Tox21,fedavg_proto,0.5,1,16,200,16,16,0.1,val,client_2,7,96,492,588,True,0.6936610772357724
Tox21,fedavg_proto,0.5,1,16,200,16,16,0.1,val,client_2,8,30,677,707,True,0.7612998522895126
Tox21,fedavg_proto,0.5,1,16,200,16,16,0.1,val,client_2,9,45,603,648,True,0.5659111848166574
Tox21,fedavg_proto,0.5,1,16,200,16,16,0.1,val,client_2,10,92,495,587,True,0.8355292050944225
Tox21,fedavg_proto,0.5,1,16,200,16,16,0.1,val,client_2,11,42,636,678,True,0.7802485774183887
Tox21,fedavg_proto,0.5,1,16,200,16,16,0.1,val,client_3,0,31,696,727,True,0.7493047830923248
Tox21,fedavg_proto,0.5,1,16,200,16,16,0.1,val,client_3,1,23,652,675,True,0.7193918378234196
Tox21,fedavg_proto,0.5,1,16,200,16,16,0.1,val,client_3,2,74,567,641,True,0.7513465846799181
Tox21,fedavg_proto,0.5,1,16,200,16,16,0.1,val,client_3,3,19,546,565,True,0.7639290534027375
Tox21,fedavg_proto,0.5,1,16,200,16,16,0.1,val,client_3,4,82,541,623,True,0.6978720526576799
Tox21,fedavg_proto,0.5,1,16,200,16,16,0.1,val,client_3,5,30,657,687,True,0.7762049720953831
Tox21,fedavg_proto,0.5,1,16,200,16,16,0.1,val,client_3,6,21,612,633,True,0.6266728913787737
Tox21,fedavg_proto,0.5,1,16,200,16,16,0.1,val,client_3,7,96,492,588,True,0.6792640582655826
Tox21,fedavg_proto,0.5,1,16,200,16,16,0.1,val,client_3,8,30,677,707,True,0.7383062530773017
Tox21,fedavg_proto,0.5,1,16,200,16,16,0.1,val,client_3,9,45,603,648,True,0.5578035747189976
Tox21,fedavg_proto,0.5,1,16,200,16,16,0.1,val,client_3,10,92,495,587,True,0.8381642512077294
Tox21,fedavg_proto,0.5,1,16,200,16,16,0.1,val,client_3,11,42,636,678,True,0.7571503444144952
Tox21,fedavg_proto,0.5,1,16,200,16,16,0.1,test,server,0,32,693,725,True,0.7698412698412699
Tox21,fedavg_proto,0.5,1,16,200,16,16,0.1,test,server,1,33,646,679,True,0.8430903461863214
Tox21,fedavg_proto,0.5,1,16,200,16,16,0.1,test,server,2,77,572,649,True,0.7874625374625374
Tox21,fedavg_proto,0.5,1,16,200,16,16,0.1,test,server,3,38,538,576,True,0.7193797691254158
Tox21,fedavg_proto,0.5,1,16,200,16,16,0.1,test,server,4,80,531,611,True,0.6969868173258004
Tox21,fedavg_proto,0.5,1,16,200,16,16,0.1,test,server,5,34,647,681,True,0.7464314937721611
Tox21,fedavg_proto,0.5,1,16,200,16,16,0.1,test,server,6,21,617,638,True,0.6886624990352704
Tox21,fedavg_proto,0.5,1,16,200,16,16,0.1,test,server,7,95,494,589,True,0.7487960792669933
Tox21,fedavg_proto,0.5,1,16,200,16,16,0.1,test,server,8,32,670,702,True,0.7232742537313434
Tox21,fedavg_proto,0.5,1,16,200,16,16,0.1,test,server,9,36,621,657,True,0.6382179280730005
Tox21,fedavg_proto,0.5,1,16,200,16,16,0.1,test,server,10,93,485,578,True,0.7924842035251081
Tox21,fedavg_proto,0.5,1,16,200,16,16,0.1,test,server,11,48,624,672,True,0.7176816239316239
Tox21,fedavg_proto,0.5,1,16,200,16,16,0.1,test,client_0,0,32,693,725,True,0.7601911976911977
Tox21,fedavg_proto,0.5,1,16,200,16,16,0.1,test,client_0,1,33,646,679,True,0.8452950558213715
Tox21,fedavg_proto,0.5,1,16,200,16,16,0.1,test,client_0,2,77,572,649,True,0.7872809009172647
Tox21,fedavg_proto,0.5,1,16,200,16,16,0.1,test,client_0,3,38,538,576,True,0.7080806104480533
Tox21,fedavg_proto,0.5,1,16,200,16,16,0.1,test,client_0,4,80,531,611,True,0.691831450094162
Tox21,fedavg_proto,0.5,1,16,200,16,16,0.1,test,client_0,5,34,647,681,True,0.75165924174925
Tox21,fedavg_proto,0.5,1,16,200,16,16,0.1,test,client_0,6,21,617,638,True,0.7041753492320753
Tox21,fedavg_proto,0.5,1,16,200,16,16,0.1,test,client_0,7,95,494,589,True,0.75288727892606
Tox21,fedavg_proto,0.5,1,16,200,16,16,0.1,test,client_0,8,32,670,702,True,0.7335820895522388
Tox21,fedavg_proto,0.5,1,16,200,16,16,0.1,test,client_0,9,36,621,657,True,0.6396716765074253
Tox21,fedavg_proto,0.5,1,16,200,16,16,0.1,test,client_0,10,93,485,578,True,0.7738609910209512
Tox21,fedavg_proto,0.5,1,16,200,16,16,0.1,test,client_0,11,48,624,672,True,0.7266626602564102
Tox21,fedavg_proto,0.5,1,16,200,16,16,0.1,test,client_1,0,32,693,725,True,0.7659181096681096
Tox21,fedavg_proto,0.5,1,16,200,16,16,0.1,test,client_1,1,33,646,679,True,0.8447321512336993
Tox21,fedavg_proto,0.5,1,16,200,16,16,0.1,test,client_1,2,77,572,649,True,0.7792434837889384
Tox21,fedavg_proto,0.5,1,16,200,16,16,0.1,test,client_1,3,38,538,576,True,0.7048522793973782
Tox21,fedavg_proto,0.5,1,16,200,16,16,0.1,test,client_1,4,80,531,611,True,0.700494350282486
Tox21,fedavg_proto,0.5,1,16,200,16,16,0.1,test,client_1,5,34,647,681,True,0.7406582416583326
Tox21,fedavg_proto,0.5,1,16,200,16,16,0.1,test,client_1,6,21,617,638,True,0.6897429960639037
Tox21,fedavg_proto,0.5,1,16,200,16,16,0.1,test,client_1,7,95,494,589,True,0.7407628382697635
Tox21,fedavg_proto,0.5,1,16,200,16,16,0.1,test,client_1,8,32,670,702,True,0.7301305970149254
Tox21,fedavg_proto,0.5,1,16,200,16,16,0.1,test,client_1,9,36,621,657,True,0.6466273036321346
Tox21,fedavg_proto,0.5,1,16,200,16,16,0.1,test,client_1,10,93,485,578,True,0.7944352067398293
Tox21,fedavg_proto,0.5,1,16,200,16,16,0.1,test,client_1,11,48,624,672,True,0.7093015491452992
Tox21,fedavg_proto,0.5,1,16,200,16,16,0.1,test,client_2,0,32,693,725,True,0.7657828282828284
Tox21,fedavg_proto,0.5,1,16,200,16,16,0.1,test,client_2,1,33,646,679,True,0.8515808237170467
Tox21,fedavg_proto,0.5,1,16,200,16,16,0.1,test,client_2,2,77,572,649,True,0.7841022613749886
Tox21,fedavg_proto,0.5,1,16,200,16,16,0.1,test,client_2,3,38,538,576,True,0.7085697515163374
Tox21,fedavg_proto,0.5,1,16,200,16,16,0.1,test,client_2,4,80,531,611,True,0.6973870056497176
Tox21,fedavg_proto,0.5,1,16,200,16,16,0.1,test,client_2,5,34,647,681,True,0.7436130557323393
Tox21,fedavg_proto,0.5,1,16,200,16,16,0.1,test,client_2,6,21,617,638,True,0.6999305394767308
Tox21,fedavg_proto,0.5,1,16,200,16,16,0.1,test,client_2,7,95,494,589,True,0.7508416790965267
Tox21,fedavg_proto,0.5,1,16,200,16,16,0.1,test,client_2,8,32,670,702,True,0.728544776119403
Tox21,fedavg_proto,0.5,1,16,200,16,16,0.1,test,client_2,9,36,621,657,True,0.6343263553408481
Tox21,fedavg_proto,0.5,1,16,200,16,16,0.1,test,client_2,10,93,485,578,True,0.792417692051879
Tox21,fedavg_proto,0.5,1,16,200,16,16,0.1,test,client_2,11,48,624,672,True,0.726161858974359
Tox21,fedavg_proto,0.5,1,16,200,16,16,0.1,test,client_3,0,32,693,725,True,0.7798520923520923
Tox21,fedavg_proto,0.5,1,16,200,16,16,0.1,test,client_3,1,33,646,679,True,0.823013415892673
Tox21,fedavg_proto,0.5,1,16,200,16,16,0.1,test,client_3,2,77,572,649,True,0.7816728725819635
Tox21,fedavg_proto,0.5,1,16,200,16,16,0.1,test,client_3,3,38,538,576,True,0.7375269027587557
Tox21,fedavg_proto,0.5,1,16,200,16,16,0.1,test,client_3,4,80,531,611,True,0.6966101694915254
Tox21,fedavg_proto,0.5,1,16,200,16,16,0.1,test,client_3,5,34,647,681,True,0.732748431675607
Tox21,fedavg_proto,0.5,1,16,200,16,16,0.1,test,client_3,6,21,617,638,True,0.664196959172648
Tox21,fedavg_proto,0.5,1,16,200,16,16,0.1,test,client_3,7,95,494,589,True,0.7377583635201364
Tox21,fedavg_proto,0.5,1,16,200,16,16,0.1,test,client_3,8,32,670,702,True,0.7028917910447761
Tox21,fedavg_proto,0.5,1,16,200,16,16,0.1,test,client_3,9,36,621,657,True,0.6358024691358025
Tox21,fedavg_proto,0.5,1,16,200,16,16,0.1,test,client_3,10,93,485,578,True,0.7947234231238222
Tox21,fedavg_proto,0.5,1,16,200,16,16,0.1,test,client_3,11,48,624,672,True,0.6999198717948718
Tox21,fedavg_proto,0.5,1,17,200,16,16,0.1,val,server,0,31,696,727,True,0.7614942528735632
Tox21,fedavg_proto,0.5,1,17,200,16,16,0.1,val,server,1,23,652,675,True,0.7327954121098961
Tox21,fedavg_proto,0.5,1,17,200,16,16,0.1,val,server,2,74,567,641,True,0.7682682682682683
Tox21,fedavg_proto,0.5,1,17,200,16,16,0.1,val,server,3,19,546,565,True,0.7564102564102565
Tox21,fedavg_proto,0.5,1,17,200,16,16,0.1,val,server,4,82,541,623,True,0.6927550606374825
Tox21,fedavg_proto,0.5,1,17,200,16,16,0.1,val,server,5,30,657,687,True,0.7822425164890918
Tox21,fedavg_proto,0.5,1,17,200,16,16,0.1,val,server,6,21,612,633,True,0.6391223155929038
Tox21,fedavg_proto,0.5,1,17,200,16,16,0.1,val,server,7,96,492,588,True,0.6880504742547425
Tox21,fedavg_proto,0.5,1,17,200,16,16,0.1,val,server,8,30,677,707,True,0.7615460364352535
Tox21,fedavg_proto,0.5,1,17,200,16,16,0.1,val,server,9,45,603,648,True,0.5704440759167128
Tox21,fedavg_proto,0.5,1,17,200,16,16,0.1,val,server,10,92,495,587,True,0.8343873517786561
Tox21,fedavg_proto,0.5,1,17,200,16,16,0.1,val,server,11,42,636,678,True,0.7806229410002996
Tox21,fedavg_proto,0.5,1,17,200,16,16,0.1,val,client_0,0,31,696,727,True,0.7741472005932517
Tox21,fedavg_proto,0.5,1,17,200,16,16,0.1,val,client_0,1,23,652,675,True,0.7379301146972526
Tox21,fedavg_proto,0.5,1,17,200,16,16,0.1,val,client_0,2,74,567,641,True,0.7748224414891082
Tox21,fedavg_proto,0.5,1,17,200,16,16,0.1,val,client_0,3,19,546,565,True,0.7432041642567958
Tox21,fedavg_proto,0.5,1,17,200,16,16,0.1,val,client_0,4,82,541,623,True,0.6882917812542266
Tox21,fedavg_proto,0.5,1,17,200,16,16,0.1,val,client_0,5,30,657,687,True,0.7715880263825469
Tox21,fedavg_proto,0.5,1,17,200,16,16,0.1,val,client_0,6,21,612,633,True,0.6448023653906007
Tox21,fedavg_proto,0.5,1,17,200,16,16,0.1,val,client_0,7,96,492,588,True,0.6901888550135501
Tox21,fedavg_proto,0.5,1,17,200,16,16,0.1,val,client_0,8,30,677,707,True,0.7714918759231905
Tox21,fedavg_proto,0.5,1,17,200,16,16,0.1,val,client_0,9,45,603,648,True,0.5587617468214483
Tox21,fedavg_proto,0.5,1,17,200,16,16,0.1,val,client_0,10,92,495,587,True,0.8265920070267896
Tox21,fedavg_proto,0.5,1,17,200,16,16,0.1,val,client_0,11,42,636,678,True,0.7762054507337526
Tox21,fedavg_proto,0.5,1,17,200,16,16,0.1,val,client_1,0,31,696,727,True,0.7418891360771227
Tox21,fedavg_proto,0.5,1,17,200,16,16,0.1,val,client_1,1,23,652,675,True,0.7100560149373166
Tox21,fedavg_proto,0.5,1,17,200,16,16,0.1,val,client_1,2,74,567,641,True,0.7662185995519328
Tox21,fedavg_proto,0.5,1,17,200,16,16,0.1,val,client_1,3,19,546,565,True,0.7703875072296125
Tox21,fedavg_proto,0.5,1,17,200,16,16,0.1,val,client_1,4,82,541,623,True,0.6882917812542265
Tox21,fedavg_proto,0.5,1,17,200,16,16,0.1,val,client_1,5,30,657,687,True,0.7755454084221207
Tox21,fedavg_proto,0.5,1,17,200,16,16,0.1,val,client_1,6,21,612,633,True,0.6223934018051664
Tox21,fedavg_proto,0.5,1,17,200,16,16,0.1,val,client_1,7,96,492,588,True,0.6788406165311653
Tox21,fedavg_proto,0.5,1,17,200,16,16,0.1,val,client_1,8,30,677,707,True,0.7527326440177253
Tox21,fedavg_proto,0.5,1,17,200,16,16,0.1,val,client_1,9,45,603,648,True,0.5909710705730606
Tox21,fedavg_proto,0.5,1,17,200,16,16,0.1,val,client_1,10,92,495,587,True,0.8243522178304786
Tox21,fedavg_proto,0.5,1,17,200,16,16,0.1,val,client_1,11,42,636,678,True,0.783393231506439
Tox21,fedavg_proto,0.5,1,17,200,16,16,0.1,val,client_2,0,31,696,727,True,0.7616796440489433
Tox21,fedavg_proto,0.5,1,17,200,16,16,0.1,val,client_2,1,23,652,675,True,0.7371299013070153
Tox21,fedavg_proto,0.5,1,17,200,16,16,0.1,val,client_2,2,74,567,641,True,0.7467229133895801
Tox21,fedavg_proto,0.5,1,17,200,16,16,0.1,val,client_2,3,19,546,565,True,0.7640254482359746
Tox21,fedavg_proto,0.5,1,17,200,16,16,0.1,val,client_2,4,82,541,623,True,0.6902529191650512
Tox21,fedavg_proto,0.5,1,17,200,16,16,0.1,val,client_2,5,30,657,687,True,0.7806697108066971
Tox21,fedavg_proto,0.5,1,17,200,16,16,0.1,val,client_2,6,21,612,633,True,0.6500155617802676
Tox21,fedavg_proto,0.5,1,17,200,16,16,0.1,val,client_2,7,96,492,588,True,0.6933434959349594
Tox21,fedavg_proto,0.5,1,17,200,16,16,0.1,val,client_2,8,30,677,707,True,0.7550960118168389
Tox21,fedavg_proto,0.5,1,17,200,16,16,0.1,val,client_2,9,45,603,648,True,0.576414225170444
Tox21,fedavg_proto,0.5,1,17,200,16,16,0.1,val,client_2,10,92,495,587,True,0.8304347826086956
Tox21,fedavg_proto,0.5,1,17,200,16,16,0.1,val,client_2,11,42,636,678,True,0.7885220125786162
Tox21,fedavg_proto,0.5,1,17,200,16,16,0.1,val,client_3,0,31,696,727,True,0.7512513904338154
Tox21,fedavg_proto,0.5,1,17,200,16,16,0.1,val,client_3,1,23,652,675,True,0.7288610296078954
Tox21,fedavg_proto,0.5,1,17,200,16,16,0.1,val,client_3,2,74,567,641,True,0.7563277563277564
Tox21,fedavg_proto,0.5,1,17,200,16,16,0.1,val,client_3,3,19,546,565,True,0.7608444187391555
Tox21,fedavg_proto,0.5,1,17,200,16,16,0.1,val,client_3,4,82,541,623,True,0.6963166674180604
Tox21,fedavg_proto,0.5,1,17,200,16,16,0.1,val,client_3,5,30,657,687,True,0.7795535261288686
Tox21,fedavg_proto,0.5,1,17,200,16,16,0.1,val,client_3,6,21,612,633,True,0.631730469965764
Tox21,fedavg_proto,0.5,1,17,200,16,16,0.1,val,client_3,7,96,492,588,True,0.6837101964769647
Tox21,fedavg_proto,0.5,1,17,200,16,16,0.1,val,client_3,8,30,677,707,True,0.7451994091580503
Tox21,fedavg_proto,0.5,1,17,200,16,16,0.1,val,client_3,9,45,603,648,True,0.561525704809287
Tox21,fedavg_proto,0.5,1,17,200,16,16,0.1,val,client_3,10,92,495,587,True,0.8398111550285462
Tox21,fedavg_proto,0.5,1,17,200,16,16,0.1,val,client_3,11,42,636,678,True,0.765386343216532
Tox21,fedavg_proto,0.5,1,17,200,16,16,0.1,test,server,0,32,693,725,True,0.7743957431457431
Tox21,fedavg_proto,0.5,1,17,200,16,16,0.1,test,server,1,33,646,679,True,0.8550989773899991
Tox21,fedavg_proto,0.5,1,17,200,16,16,0.1,test,server,2,77,572,649,True,0.7817636908545998
Tox21,fedavg_proto,0.5,1,17,200,16,16,0.1,test,server,3,38,538,576,True,0.7179612600273919
Tox21,fedavg_proto,0.5,1,17,200,16,16,0.1,test,server,4,80,531,611,True,0.6966572504708098
Tox21,fedavg_proto,0.5,1,17,200,16,16,0.1,test,server,5,34,647,681,True,0.7437039730884626
Tox21,fedavg_proto,0.5,1,17,200,16,16,0.1,test,server,6,21,617,638,True,0.7077255537547271
Tox21,fedavg_proto,0.5,1,17,200,16,16,0.1,test,server,7,95,494,589,True,0.7536756871936928
Tox21,fedavg_proto,0.5,1,17,200,16,16,0.1,test,server,8,32,670,702,True,0.7351212686567165
Tox21,fedavg_proto,0.5,1,17,200,16,16,0.1,test,server,9,36,621,657,True,0.6454643048845947
Tox21,fedavg_proto,0.5,1,17,200,16,16,0.1,test,server,10,93,485,578,True,0.7946790821416694
Tox21,fedavg_proto,0.5,1,17,200,16,16,0.1,test,server,11,48,624,672,True,0.7277644230769231
Tox21,fedavg_proto,0.5,1,17,200,16,16,0.1,test,client_0,0,32,693,725,True,0.7704274891774893
Tox21,fedavg_proto,0.5,1,17,200,16,16,0.1,test,client_0,1,33,646,679,True,0.8572098695937705
Tox21,fedavg_proto,0.5,1,17,200,16,16,0.1,test,client_0,2,77,572,649,True,0.78278539642176
Tox21,fedavg_proto,0.5,1,17,200,16,16,0.1,test,client_0,3,38,538,576,True,0.7021130894149874
Tox21,fedavg_proto,0.5,1,17,200,16,16,0.1,test,client_0,4,80,531,611,True,0.6964453860640301
Tox21,fedavg_proto,0.5,1,17,200,16,16,0.1,test,client_0,5,34,647,681,True,0.7474770433675788
Tox21,fedavg_proto,0.5,1,17,200,16,16,0.1,test,client_0,6,21,617,638,True,0.7196110210696921
Tox21,fedavg_proto,0.5,1,17,200,16,16,0.1,test,client_0,7,95,494,589,True,0.7550394204133816
Tox21,fedavg_proto,0.5,1,17,200,16,16,0.1,test,client_0,8,32,670,702,True,0.7437966417910448
Tox21,fedavg_proto,0.5,1,17,200,16,16,0.1,test,client_0,9,36,621,657,True,0.6363392377885132
Tox21,fedavg_proto,0.5,1,17,200,16,16,0.1,test,client_0,10,93,485,578,True,0.7795366367365036
Tox21,fedavg_proto,0.5,1,17,200,16,16,0.1,test,client_0,11,48,624,672,True,0.7303685897435898
Tox21,fedavg_proto,0.5,1,17,200,16,16,0.1,test,client_1,0,32,693,725,True,0.7705627705627704
Tox21,fedavg_proto,0.5,1,17,200,16,16,0.1,test,client_1,1,33,646,679,True,0.8436063420583544
Tox21,fedavg_proto,0.5,1,17,200,16,16,0.1,test,client_1,2,77,572,649,True,0.7699573154118609
Tox21,fedavg_proto,0.5,1,17,200,16,16,0.1,test,client_1,3,38,538,576,True,0.7021620035218157
Tox21,fedavg_proto,0.5,1,17,200,16,16,0.1,test,client_1,4,80,531,611,True,0.6937146892655368
Tox21,fedavg_proto,0.5,1,17,200,16,16,0.1,test,client_1,5,34,647,681,True,0.7247022456586963
Tox21,fedavg_proto,0.5,1,17,200,16,16,0.1,test,client_1,6,21,617,638,True,0.7127421471019526
Tox21,fedavg_proto,0.5,1,17,200,16,16,0.1,test,client_1,7,95,494,589,True,0.7412103132324739
Tox21,fedavg_proto,0.5,1,17,200,16,16,0.1,test,client_1,8,32,670,702,True,0.7416511194029851
Tox21,fedavg_proto,0.5,1,17,200,16,16,0.1,test,client_1,9,36,621,657,True,0.6479692252639112
Tox21,fedavg_proto,0.5,1,17,200,16,16,0.1,test,client_1,10,93,485,578,True,0.7890921183904224
Tox21,fedavg_proto,0.5,1,17,200,16,16,0.1,test,client_1,11,48,624,672,True,0.7225560897435896
Tox21,fedavg_proto,0.5,1,17,200,16,16,0.1,test,client_2,0,32,693,725,True,0.7822420634920634
Tox21,fedavg_proto,0.5,1,17,200,16,16,0.1,test,client_2,1,33,646,679,True,0.8642461769396754
Tox21,fedavg_proto,0.5,1,17,200,16,16,0.1,test,client_2,2,77,572,649,True,0.7642584688039233
Tox21,fedavg_proto,0.5,1,17,200,16,16,0.1,test,client_2,3,38,538,576,True,0.7228037566034043
Tox21,fedavg_proto,0.5,1,17,200,16,16,0.1,test,client_2,4,80,531,611,True,0.6847222222222222
Tox21,fedavg_proto,0.5,1,17,200,16,16,0.1,test,client_2,5,34,647,681,True,0.737430675515956
Tox21,fedavg_proto,0.5,1,17,200,16,16,0.1,test,client_2,6,21,617,638,True,0.709500656016053
Tox21,fedavg_proto,0.5,1,17,200,16,16,0.1,test,client_2,7,95,494,589,True,0.7573194118900491
Tox21,fedavg_proto,0.5,1,17,200,16,16,0.1,test,client_2,8,32,670,702,True,0.7300839552238806
Tox21,fedavg_proto,0.5,1,17,200,16,16,0.1,test,client_2,9,36,621,657,True,0.6633565933082841
Tox21,fedavg_proto,0.5,1,17,200,16,16,0.1,test,client_2,10,93,485,578,True,0.792772419909101
Tox21,fedavg_proto,0.5,1,17,200,16,16,0.1,test,client_2,11,48,624,672,True,0.7325387286324786
Tox21,fedavg_proto,0.5,1,17,200,16,16,0.1,test,client_3,0,32,693,725,True,0.7775974025974026
Tox21,fedavg_proto,0.5,1,17,200,16,16,0.1,test,client_3,1,33,646,679,True,0.8297213622291021
Tox21,fedavg_proto,0.5,1,17,200,16,16,0.1,test,client_3,2,77,572,649,True,0.7832394877849423
Tox21,fedavg_proto,0.5,1,17,200,16,16,0.1,test,client_3,3,38,538,576,True,0.7344453140285657
Tox21,fedavg_proto,0.5,1,17,200,16,16,0.1,test,client_3,4,80,531,611,True,0.6967278719397363
Tox21,fedavg_proto,0.5,1,17,200,16,16,0.1,test,client_3,5,34,647,681,True,0.7370215474134013
Tox21,fedavg_proto,0.5,1,17,200,16,16,0.1,test,client_3,6,21,617,638,True,0.677240101875434
Tox21,fedavg_proto,0.5,1,17,200,16,16,0.1,test,client_3,7,95,494,589,True,0.7422757298103558
Tox21,fedavg_proto,0.5,1,17,200,16,16,0.1,test,client_3,8,32,670,702,True,0.7111940298507463
Tox21,fedavg_proto,0.5,1,17,200,16,16,0.1,test,client_3,9,36,621,657,True,0.6431383073895152
Tox21,fedavg_proto,0.5,1,17,200,16,16,0.1,test,client_3,10,93,485,578,True,0.8014854229021173
Tox21,fedavg_proto,0.5,1,17,200,16,16,0.1,test,client_3,11,48,624,672,True,0.7063969017094016
Tox21,fedavg_proto,0.5,1,18,200,16,16,0.1,val,server,0,31,696,727,True,0.7620967741935485
Tox21,fedavg_proto,0.5,1,18,200,16,16,0.1,val,server,1,23,652,675,True,0.7299279807948786
Tox21,fedavg_proto,0.5,1,18,200,16,16,0.1,val,server,2,74,567,641,True,0.7691262691262691
Tox21,fedavg_proto,0.5,1,18,200,16,16,0.1,val,server,3,19,546,565,True,0.7590129169076537
Tox21,fedavg_proto,0.5,1,18,200,16,16,0.1,val,server,4,82,541,623,True,0.6976691763220775
Tox21,fedavg_proto,0.5,1,18,200,16,16,0.1,val,server,5,30,657,687,True,0.7837138508371385
Tox21,fedavg_proto,0.5,1,18,200,16,16,0.1,val,server,6,21,612,633,True,0.6378773731714908
Tox21,fedavg_proto,0.5,1,18,200,16,16,0.1,val,server,7,96,492,588,True,0.687648204607046
Tox21,fedavg_proto,0.5,1,18,200,16,16,0.1,val,server,8,30,677,707,True,0.7606105366814377
Tox21,fedavg_proto,0.5,1,18,200,16,16,0.1,val,server,9,45,603,648,True,0.5687857011240096
Tox21,fedavg_proto,0.5,1,18,200,16,16,0.1,val,server,10,92,495,587,True,0.8389547650417216
Tox21,fedavg_proto,0.5,1,18,200,16,16,0.1,val,server,11,42,636,678,True,0.776430068882899
Tox21,fedavg_proto,0.5,1,18,200,16,16,0.1,val,client_0,0,31,696,727,True,0.7686781609195402
Tox21,fedavg_proto,0.5,1,18,200,16,16,0.1,val,client_0,1,23,652,675,True,0.7310616164310483
Tox21,fedavg_proto,0.5,1,18,200,16,16,0.1,val,client_0,2,74,567,641,True,0.778063778063778
Tox21,fedavg_proto,0.5,1,18,200,16,16,0.1,val,client_0,3,19,546,565,True,0.7468671679197995
Tox21,fedavg_proto,0.5,1,18,200,16,16,0.1,val,client_0,4,82,541,623,True,0.6943104458771021
Tox21,fedavg_proto,0.5,1,18,200,16,16,0.1,val,client_0,5,30,657,687,True,0.7757483510908169
Tox21,fedavg_proto,0.5,1,18,200,16,16,0.1,val,client_0,6,21,612,633,True,0.6483037659508247
Tox21,fedavg_proto,0.5,1,18,200,16,16,0.1,val,client_0,7,96,492,588,True,0.689596036585366
Tox21,fedavg_proto,0.5,1,18,200,16,16,0.1,val,client_0,8,30,677,707,True,0.7654849827671099
Tox21,fedavg_proto,0.5,1,18,200,16,16,0.1,val,client_0,9,45,603,648,True,0.5532706836189423
Tox21,fedavg_proto,0.5,1,18,200,16,16,0.1,val,client_0,10,92,495,587,True,0.8302371541501977
Tox21,fedavg_proto,0.5,1,18,200,16,16,0.1,val,client_0,11,42,636,678,True,0.7714510332434861
Tox21,fedavg_proto,0.5,1,18,200,16,16,0.1,val,client_1,0,31,696,727,True,0.7469410456062292
Tox21,fedavg_proto,0.5,1,18,200,16,16,0.1,val,client_1,1,23,652,675,True,0.7085889570552146
Tox21,fedavg_proto,0.5,1,18,200,16,16,0.1,val,client_1,2,74,567,641,True,0.7722722722722722
Tox21,fedavg_proto,0.5,1,18,200,16,16,0.1,val,client_1,3,19,546,565,True,0.7640254482359745
Tox21,fedavg_proto,0.5,1,18,200,16,16,0.1,val,client_1,4,82,541,623,True,0.7008926558766512
Tox21,fedavg_proto,0.5,1,18,200,16,16,0.1,val,client_1,5,30,657,687,True,0.7856418061897513
Tox21,fedavg_proto,0.5,1,18,200,16,16,0.1,val,client_1,6,21,612,633,True,0.6221599751011515
Tox21,fedavg_proto,0.5,1,18,200,16,16,0.1,val,client_1,7,96,492,588,True,0.6797086720867209
Tox21,fedavg_proto,0.5,1,18,200,16,16,0.1,val,client_1,8,30,677,707,True,0.7542097488921713
Tox21,fedavg_proto,0.5,1,18,200,16,16,0.1,val,client_1,9,45,603,648,True,0.5888704625023033
Tox21,fedavg_proto,0.5,1,18,200,16,16,0.1,val,client_1,10,92,495,587,True,0.8344093104962671
Tox21,fedavg_proto,0.5,1,18,200,16,16,0.1,val,client_1,11,42,636,678,True,0.7694294699011679
Tox21,fedavg_proto,0.5,1,18,200,16,16,0.1,val,client_2,0,31,696,727,True,0.7687708565072303
Tox21,fedavg_proto,0.5,1,18,200,16,16,0.1,val,client_2,1,23,652,675,True,0.7413977060549479
Tox21,fedavg_proto,0.5,1,18,200,16,16,0.1,val,client_2,2,74,567,641,True,0.7433624100290767
Tox21,fedavg_proto,0.5,1,18,200,16,16,0.1,val,client_2,3,19,546,565,True,0.7633506844033159
Tox21,fedavg_proto,0.5,1,18,200,16,16,0.1,val,client_2,4,82,541,623,True,0.6875929849871512
Tox21,fedavg_proto,0.5,1,18,200,16,16,0.1,val,client_2,5,30,657,687,True,0.7791476407914764
Tox21,fedavg_proto,0.5,1,18,200,16,16,0.1,val,client_2,6,21,612,633,True,0.6481481481481481
Tox21,fedavg_proto,0.5,1,18,200,16,16,0.1,val,client_2,7,96,492,588,True,0.6931529471544715
Tox21,fedavg_proto,0.5,1,18,200,16,16,0.1,val,client_2,8,30,677,707,True,0.7633677991137371
Tox21,fedavg_proto,0.5,1,18,200,16,16,0.1,val,client_2,9,45,603,648,True,0.5857011240095817
Tox21,fedavg_proto,0.5,1,18,200,16,16,0.1,val,client_2,10,92,495,587,True,0.8276021080368906
Tox21,fedavg_proto,0.5,1,18,200,16,16,0.1,val,client_2,11,42,636,678,True,0.7979559748427674
Tox21,fedavg_proto,0.5,1,18,200,16,16,0.1,val,client_3,0,31,696,727,True,0.7438357434186132
Tox21,fedavg_proto,0.5,1,18,200,16,16,0.1,val,client_3,1,23,652,675,True,0.7163243531608429
Tox21,fedavg_proto,0.5,1,18,200,16,16,0.1,val,client_3,2,74,567,641,True,0.7506792506792507
Tox21,fedavg_proto,0.5,1,18,200,16,16,0.1,val,client_3,3,19,546,565,True,0.7635434740697898
Tox21,fedavg_proto,0.5,1,18,200,16,16,0.1,val,client_3,4,82,541,623,True,0.6998782741986385
Tox21,fedavg_proto,0.5,1,18,200,16,16,0.1,val,client_3,5,30,657,687,True,0.7754439370877727
Tox21,fedavg_proto,0.5,1,18,200,16,16,0.1,val,client_3,6,21,612,633,True,0.621537503890445
Tox21,fedavg_proto,0.5,1,18,200,16,16,0.1,val,client_3,7,96,492,588,True,0.6742886178861788
Tox21,fedavg_proto,0.5,1,18,200,16,16,0.1,val,client_3,8,30,677,707,True,0.7419497784342688
Tox21,fedavg_proto,0.5,1,18,200,16,16,0.1,val,client_3,9,45,603,648,True,0.5569191081628893
Tox21,fedavg_proto,0.5,1,18,200,16,16,0.1,val,client_3,10,92,495,587,True,0.8423583662714097
Tox21,fedavg_proto,0.5,1,18,200,16,16,0.1,val,client_3,11,42,636,678,True,0.7578616352201257
Tox21,fedavg_proto,0.5,1,18,200,16,16,0.1,test,server,0,32,693,725,True,0.7755681818181818
Tox21,fedavg_proto,0.5,1,18,200,16,16,0.1,test,server,1,33,646,679,True,0.8518153672952435
Tox21,fedavg_proto,0.5,1,18,200,16,16,0.1,test,server,2,77,572,649,True,0.786963036963037
Tox21,fedavg_proto,0.5,1,18,200,16,16,0.1,test,server,3,38,538,576,True,0.7235374682058305
Tox21,fedavg_proto,0.5,1,18,200,16,16,0.1,test,server,4,80,531,611,True,0.6997175141242937
Tox21,fedavg_proto,0.5,1,18,200,16,16,0.1,test,server,5,34,647,681,True,0.7467042458405311
Tox21,fedavg_proto,0.5,1,18,200,16,16,0.1,test,server,6,21,617,638,True,0.7037894574361349
Tox21,fedavg_proto,0.5,1,18,200,16,16,0.1,test,server,7,95,494,589,True,0.7525676539526954
Tox21,fedavg_proto,0.5,1,18,200,16,16,0.1,test,server,8,32,670,702,True,0.7341884328358209
Tox21,fedavg_proto,0.5,1,18,200,16,16,0.1,test,server,9,36,621,657,True,0.6470746108427268
Tox21,fedavg_proto,0.5,1,18,200,16,16,0.1,test,server,10,93,485,578,True,0.7986032590621882
Tox21,fedavg_proto,0.5,1,18,200,16,16,0.1,test,server,11,48,624,672,True,0.725761217948718
Tox21,fedavg_proto,0.5,1,18,200,16,16,0.1,test,client_0,0,32,693,725,True,0.7715097402597403
Tox21,fedavg_proto,0.5,1,18,200,16,16,0.1,test,client_0,1,33,646,679,True,0.8518153672952435
Tox21,fedavg_proto,0.5,1,18,200,16,16,0.1,test,client_0,2,77,572,649,True,0.7894605394605394
Tox21,fedavg_proto,0.5,1,18,200,16,16,0.1,test,client_0,3,38,538,576,True,0.716542750929368
Tox21,fedavg_proto,0.5,1,18,200,16,16,0.1,test,client_0,4,80,531,611,True,0.695668549905838
Tox21,fedavg_proto,0.5,1,18,200,16,16,0.1,test,client_0,5,34,647,681,True,0.7505227747977088
Tox21,fedavg_proto,0.5,1,18,200,16,16,0.1,test,client_0,6,21,617,638,True,0.7117388284325075
Tox21,fedavg_proto,0.5,1,18,200,16,16,0.1,test,client_0,7,95,494,589,True,0.755188578734285
Tox21,fedavg_proto,0.5,1,18,200,16,16,0.1,test,client_0,8,32,670,702,True,0.7337686567164179
Tox21,fedavg_proto,0.5,1,18,200,16,16,0.1,test,client_0,9,36,621,657,True,0.6414385399892646
Tox21,fedavg_proto,0.5,1,18,200,16,16,0.1,test,client_0,10,93,485,578,True,0.7890477774082696
Tox21,fedavg_proto,0.5,1,18,200,16,16,0.1,test,client_0,11,48,624,672,True,0.7294337606837606
Tox21,fedavg_proto,0.5,1,18,200,16,16,0.1,test,client_1,0,32,693,725,True,0.761634199134199
Tox21,fedavg_proto,0.5,1,18,200,16,16,0.1,test,client_1,1,33,646,679,True,0.8381649310441879
Tox21,fedavg_proto,0.5,1,18,200,16,16,0.1,test,client_1,2,77,572,649,True,0.7859413313958769
Tox21,fedavg_proto,0.5,1,18,200,16,16,0.1,test,client_1,3,38,538,576,True,0.7057816474271179
Tox21,fedavg_proto,0.5,1,18,200,16,16,0.1,test,client_1,4,80,531,611,True,0.6987523540489642
Tox21,fedavg_proto,0.5,1,18,200,16,16,0.1,test,client_1,5,34,647,681,True,0.7363396672424766
Tox21,fedavg_proto,0.5,1,18,200,16,16,0.1,test,client_1,6,21,617,638,True,0.7040209925136992
Tox21,fedavg_proto,0.5,1,18,200,16,16,0.1,test,client_1,7,95,494,589,True,0.7422118048156829
Tox21,fedavg_proto,0.5,1,18,200,16,16,0.1,test,client_1,8,32,670,702,True,0.7414645522388059
Tox21,fedavg_proto,0.5,1,18,200,16,16,0.1,test,client_1,9,36,621,657,True,0.6479692252639112
Tox21,fedavg_proto,0.5,1,18,200,16,16,0.1,test,client_1,10,93,485,578,True,0.7996231016517016
Tox21,fedavg_proto,0.5,1,18,200,16,16,0.1,test,client_1,11,48,624,672,True,0.7134415064102564
Tox21,fedavg_proto,0.5,1,18,200,16,16,0.1,test,client_2,0,32,693,725,True,0.7886904761904762
Tox21,fedavg_proto,0.5,1,18,200,16,16,0.1,test,client_2,1,33,646,679,True,0.8710948494230228
Tox21,fedavg_proto,0.5,1,18,200,16,16,0.1,test,client_2,2,77,572,649,True,0.7587412587412588
Tox21,fedavg_proto,0.5,1,18,200,16,16,0.1,test,client_2,3,38,538,576,True,0.7152709841518294
Tox21,fedavg_proto,0.5,1,18,200,16,16,0.1,test,client_2,4,80,531,611,True,0.6898305084745764
Tox21,fedavg_proto,0.5,1,18,200,16,16,0.1,test,client_2,5,34,647,681,True,0.7428402582052914
Tox21,fedavg_proto,0.5,1,18,200,16,16,0.1,test,client_2,6,21,617,638,True,0.7172184919348614
Tox21,fedavg_proto,0.5,1,18,200,16,16,0.1,test,client_2,7,95,494,589,True,0.7558917536756872
Tox21,fedavg_proto,0.5,1,18,200,16,16,0.1,test,client_2,8,32,670,702,True,0.7422108208955225
Tox21,fedavg_proto,0.5,1,18,200,16,16,0.1,test,client_2,9,36,621,657,True,0.6621935945607443
Tox21,fedavg_proto,0.5,1,18,200,16,16,0.1,test,client_2,10,93,485,578,True,0.787540184015076
Tox21,fedavg_proto,0.5,1,18,200,16,16,0.1,test,client_2,11,48,624,672,True,0.7368456196581196
Tox21,fedavg_proto,0.5,1,18,200,16,16,0.1,test,client_3,0,32,693,725,True,0.773989898989899
Tox21,fedavg_proto,0.5,1,18,200,16,16,0.1,test,client_3,1,33,646,679,True,0.8193076273571631
Tox21,fedavg_proto,0.5,1,18,200,16,16,0.1,test,client_3,2,77,572,649,True,0.7820815548088276
Tox21,fedavg_proto,0.5,1,18,200,16,16,0.1,test,client_3,3,38,538,576,True,0.7410976325572295
Tox21,fedavg_proto,0.5,1,18,200,16,16,0.1,test,client_3,4,80,531,611,True,0.7008003766478343
Tox21,fedavg_proto,0.5,1,18,200,16,16,0.1,test,client_3,5,34,647,681,True,0.7398854441312848
Tox21,fedavg_proto,0.5,1,18,200,16,16,0.1,test,client_3,6,21,617,638,True,0.6713745465771398
Tox21,fedavg_proto,0.5,1,18,200,16,16,0.1,test,client_3,7,95,494,589,True,0.7361176219901981
Tox21,fedavg_proto,0.5,1,18,200,16,16,0.1,test,client_3,8,32,670,702,True,0.7043843283582089
Tox21,fedavg_proto,0.5,1,18,200,16,16,0.1,test,client_3,9,36,621,657,True,0.6420200393630344
Tox21,fedavg_proto,0.5,1,18,200,16,16,0.1,test,client_3,10,93,485,578,True,0.801640616339652
Tox21,fedavg_proto,0.5,1,18,200,16,16,0.1,test,client_3,11,48,624,672,True,0.7021901709401709
Tox21,fedavg_proto,0.5,1,19,200,16,16,0.1,val,server,0,31,696,727,True,0.7619113830181683
Tox21,fedavg_proto,0.5,1,19,200,16,16,0.1,val,server,1,23,652,675,True,0.7291277674046412
Tox21,fedavg_proto,0.5,1,19,200,16,16,0.1,val,server,2,74,567,641,True,0.7723437723437723
Tox21,fedavg_proto,0.5,1,19,200,16,16,0.1,val,server,3,19,546,565,True,0.7580489685752844
Tox21,fedavg_proto,0.5,1,19,200,16,16,0.1,val,server,4,82,541,623,True,0.6998782741986384
Tox21,fedavg_proto,0.5,1,19,200,16,16,0.1,val,server,5,30,657,687,True,0.7860476915271435
Tox21,fedavg_proto,0.5,1,19,200,16,16,0.1,val,server,6,21,612,633,True,0.6337535014005602
Tox21,fedavg_proto,0.5,1,19,200,16,16,0.1,val,server,7,96,492,588,True,0.6875635162601627
Tox21,fedavg_proto,0.5,1,19,200,16,16,0.1,val,server,8,30,677,707,True,0.7613490891186607
Tox21,fedavg_proto,0.5,1,19,200,16,16,0.1,val,server,9,45,603,648,True,0.5705914870093974
Tox21,fedavg_proto,0.5,1,19,200,16,16,0.1,val,server,10,92,495,587,True,0.8413921826965306
Tox21,fedavg_proto,0.5,1,19,200,16,16,0.1,val,server,11,42,636,678,True,0.773472596585804
Tox21,fedavg_proto,0.5,1,19,200,16,16,0.1,val,client_0,0,31,696,727,True,0.7702539859102707
Tox21,fedavg_proto,0.5,1,19,200,16,16,0.1,val,client_0,1,23,652,675,True,0.7296612429981328
Tox21,fedavg_proto,0.5,1,19,200,16,16,0.1,val,client_0,2,74,567,641,True,0.7640974307640975
Tox21,fedavg_proto,0.5,1,19,200,16,16,0.1,val,client_0,3,19,546,565,True,0.7407942934258723
Tox21,fedavg_proto,0.5,1,19,200,16,16,0.1,val,client_0,4,82,541,623,True,0.6975790090618097
Tox21,fedavg_proto,0.5,1,19,200,16,16,0.1,val,client_0,5,30,657,687,True,0.7757483510908169
Tox21,fedavg_proto,0.5,1,19,200,16,16,0.1,val,client_0,6,21,612,633,True,0.6430905695611577
Tox21,fedavg_proto,0.5,1,19,200,16,16,0.1,val,client_0,7,96,492,588,True,0.6821646341463417
Tox21,fedavg_proto,0.5,1,19,200,16,16,0.1,val,client_0,8,30,677,707,True,0.7635155096011816
Tox21,fedavg_proto,0.5,1,19,200,16,16,0.1,val,client_0,9,45,603,648,True,0.5515386032798968
Tox21,fedavg_proto,0.5,1,19,200,16,16,0.1,val,client_0,10,92,495,587,True,0.8312252964426878
Tox21,fedavg_proto,0.5,1,19,200,16,16,0.1,val,client_0,11,42,636,678,True,0.7582359988020365
Tox21,fedavg_proto,0.5,1,19,200,16,16,0.1,val,client_1,0,31,696,727,True,0.753661475713756
Tox21,fedavg_proto,0.5,1,19,200,16,16,0.1,val,client_1,1,23,652,675,True,0.7213256868498267
Tox21,fedavg_proto,0.5,1,19,200,16,16,0.1,val,client_1,2,74,567,641,True,0.7669097669097669
Tox21,fedavg_proto,0.5,1,19,200,16,16,0.1,val,client_1,3,19,546,565,True,0.7651821862348179
Tox21,fedavg_proto,0.5,1,19,200,16,16,0.1,val,client_1,4,82,541,623,True,0.6878634867679545
Tox21,fedavg_proto,0.5,1,19,200,16,16,0.1,val,client_1,5,30,657,687,True,0.7810248604769153
Tox21,fedavg_proto,0.5,1,19,200,16,16,0.1,val,client_1,6,21,612,633,True,0.6245720510426392
Tox21,fedavg_proto,0.5,1,19,200,16,16,0.1,val,client_1,7,96,492,588,True,0.6821858062330624
Tox21,fedavg_proto,0.5,1,19,200,16,16,0.1,val,client_1,8,30,677,707,True,0.7630231413096996
Tox21,fedavg_proto,0.5,1,19,200,16,16,0.1,val,client_1,9,45,603,648,True,0.5992629445365764
Tox21,fedavg_proto,0.5,1,19,200,16,16,0.1,val,client_1,10,92,495,587,True,0.8277777777777778
Tox21,fedavg_proto,0.5,1,19,200,16,16,0.1,val,client_1,11,42,636,678,True,0.7897199760407307
Tox21,fedavg_proto,0.5,1,19,200,16,16,0.1,val,client_2,0,31,696,727,True,0.756905821282907
Tox21,fedavg_proto,0.5,1,19,200,16,16,0.1,val,client_2,1,23,652,675,True,0.7270605494798613
Tox21,fedavg_proto,0.5,1,19,200,16,16,0.1,val,client_2,2,74,567,641,True,0.7679346012679347
Tox21,fedavg_proto,0.5,1,19,200,16,16,0.1,val,client_2,3,19,546,565,True,0.7630614999036052
Tox21,fedavg_proto,0.5,1,19,200,16,16,0.1,val,client_2,4,82,541,623,True,0.6961814165276587
Tox21,fedavg_proto,0.5,1,19,200,16,16,0.1,val,client_2,5,30,657,687,True,0.7889903602232369
Tox21,fedavg_proto,0.5,1,19,200,16,16,0.1,val,client_2,6,21,612,633,True,0.6442577030812324
Tox21,fedavg_proto,0.5,1,19,200,16,16,0.1,val,client_2,7,96,492,588,True,0.6913533197831978
Tox21,fedavg_proto,0.5,1,19,200,16,16,0.1,val,client_2,8,30,677,707,True,0.7616937469226982
Tox21,fedavg_proto,0.5,1,19,200,16,16,0.1,val,client_2,9,45,603,648,True,0.5713653952459923
Tox21,fedavg_proto,0.5,1,19,200,16,16,0.1,val,client_2,10,92,495,587,True,0.8398331137461572
Tox21,fedavg_proto,0.5,1,19,200,16,16,0.1,val,client_2,11,42,636,678,True,0.7754941599281221
Tox21,fedavg_proto,0.5,1,19,200,16,16,0.1,val,client_3,0,31,696,727,True,0.7492120875046346
Tox21,fedavg_proto,0.5,1,19,200,16,16,0.1,val,client_3,1,23,652,675,True,0.7202587356628435
Tox21,fedavg_proto,0.5,1,19,200,16,16,0.1,val,client_3,2,74,567,641,True,0.768053768053768
Tox21,fedavg_proto,0.5,1,19,200,16,16,0.1,val,client_3,3,19,546,565,True,0.7602660497397339
Tox21,fedavg_proto,0.5,1,19,200,16,16,0.1,val,client_3,4,82,541,623,True,0.7005319868355802
Tox21,fedavg_proto,0.5,1,19,200,16,16,0.1,val,client_3,5,30,657,687,True,0.7787924911212581
Tox21,fedavg_proto,0.5,1,19,200,16,16,0.1,val,client_3,6,21,612,633,True,0.6139122315592903
Tox21,fedavg_proto,0.5,1,19,200,16,16,0.1,val,client_3,7,96,492,588,True,0.6815929878048781
Tox21,fedavg_proto,0.5,1,19,200,16,16,0.1,val,client_3,8,30,677,707,True,0.7478581979320531
Tox21,fedavg_proto,0.5,1,19,200,16,16,0.1,val,client_3,9,45,603,648,True,0.5647687488483508
Tox21,fedavg_proto,0.5,1,19,200,16,16,0.1,val,client_3,10,92,495,587,True,0.8457619675010978
Tox21,fedavg_proto,0.5,1,19,200,16,16,0.1,val,client_3,11,42,636,678,True,0.7676699610661875
Tox21,fedavg_proto,0.5,1,19,200,16,16,0.1,test,server,0,32,693,725,True,0.7760642135642136
Tox21,fedavg_proto,0.5,1,19,200,16,16,0.1,test,server,1,33,646,679,True,0.8489539356412421
Tox21,fedavg_proto,0.5,1,19,200,16,16,0.1,test,server,2,77,572,649,True,0.7901870856416311
Tox21,fedavg_proto,0.5,1,19,200,16,16,0.1,test,server,3,38,538,576,True,0.7201623948346703
Tox21,fedavg_proto,0.5,1,19,200,16,16,0.1,test,server,4,80,531,611,True,0.7020715630885122
Tox21,fedavg_proto,0.5,1,19,200,16,16,0.1,test,server,5,34,647,681,True,0.7488862623874897
Tox21,fedavg_proto,0.5,1,19,200,16,16,0.1,test,server,6,21,617,638,True,0.7051014895423323
Tox21,fedavg_proto,0.5,1,19,200,16,16,0.1,test,server,7,95,494,589,True,0.7509908374174301
Tox21,fedavg_proto,0.5,1,19,200,16,16,0.1,test,server,8,32,670,702,True,0.7351679104477612
Tox21,fedavg_proto,0.5,1,19,200,16,16,0.1,test,server,9,36,621,657,True,0.6467614957953123
Tox21,fedavg_proto,0.5,1,19,200,16,16,0.1,test,server,10,93,485,578,True,0.8013967409378118
Tox21,fedavg_proto,0.5,1,19,200,16,16,0.1,test,server,11,48,624,672,True,0.7238247863247864
Tox21,fedavg_proto,0.5,1,19,200,16,16,0.1,test,client_0,0,32,693,725,True,0.7729978354978354
Tox21,fedavg_proto,0.5,1,19,200,16,16,0.1,test,client_0,1,33,646,679,True,0.8459048691246833
Tox21,fedavg_proto,0.5,1,19,200,16,16,0.1,test,client_0,2,77,572,649,True,0.7830805558078285
Tox21,fedavg_proto,0.5,1,19,200,16,16,0.1,test,client_0,3,38,538,576,True,0.7155155546859715
Tox21,fedavg_proto,0.5,1,19,200,16,16,0.1,test,client_0,4,80,531,611,True,0.697316384180791
Tox21,fedavg_proto,0.5,1,19,200,16,16,0.1,test,client_0,5,34,647,681,True,0.7543413037548867
Tox21,fedavg_proto,0.5,1,19,200,16,16,0.1,test,client_0,6,21,617,638,True,0.7091147642201128
Tox21,fedavg_proto,0.5,1,19,200,16,16,0.1,test,client_0,7,95,494,589,True,0.7499254208395484
Tox21,fedavg_proto,0.5,1,19,200,16,16,0.1,test,client_0,8,32,670,702,True,0.7303171641791044
Tox21,fedavg_proto,0.5,1,19,200,16,16,0.1,test,client_0,9,36,621,657,True,0.6458221506530685
Tox21,fedavg_proto,0.5,1,19,200,16,16,0.1,test,client_0,10,93,485,578,True,0.7848132136126815
Tox21,fedavg_proto,0.5,1,19,200,16,16,0.1,test,client_0,11,48,624,672,True,0.7163461538461539
Tox21,fedavg_proto,0.5,1,19,200,16,16,0.1,test,client_1,0,32,693,725,True,0.7776875901875901
Tox21,fedavg_proto,0.5,1,19,200,16,16,0.1,test,client_1,1,33,646,679,True,0.8542546205084905
Tox21,fedavg_proto,0.5,1,19,200,16,16,0.1,test,client_1,2,77,572,649,True,0.773204068658614
Tox21,fedavg_proto,0.5,1,19,200,16,16,0.1,test,client_1,3,38,538,576,True,0.6982977890823714
Tox21,fedavg_proto,0.5,1,19,200,16,16,0.1,test,client_1,4,80,531,611,True,0.6951741996233521
Tox21,fedavg_proto,0.5,1,19,200,16,16,0.1,test,client_1,5,34,647,681,True,0.7373852168378944
Tox21,fedavg_proto,0.5,1,19,200,16,16,0.1,test,client_1,6,21,617,638,True,0.7187620591186231
Tox21,fedavg_proto,0.5,1,19,200,16,16,0.1,test,client_1,7,95,494,589,True,0.7463669294694225
Tox21,fedavg_proto,0.5,1,19,200,16,16,0.1,test,client_1,8,32,670,702,True,0.755830223880597
Tox21,fedavg_proto,0.5,1,19,200,16,16,0.1,test,client_1,9,36,621,657,True,0.657541599570585
Tox21,fedavg_proto,0.5,1,19,200,16,16,0.1,test,client_1,10,93,485,578,True,0.7899789380334774
Tox21,fedavg_proto,0.5,1,19,200,16,16,0.1,test,client_1,11,48,624,672,True,0.733840811965812
Tox21,fedavg_proto,0.5,1,19,200,16,16,0.1,test,client_2,0,32,693,725,True,0.7633928571428571
Tox21,fedavg_proto,0.5,1,19,200,16,16,0.1,test,client_2,1,33,646,679,True,0.8449197860962567
Tox21,fedavg_proto,0.5,1,19,200,16,16,0.1,test,client_2,2,77,572,649,True,0.7884161293252202
Tox21,fedavg_proto,0.5,1,19,200,16,16,0.1,test,client_2,3,38,538,576,True,0.7135589904128352
Tox21,fedavg_proto,0.5,1,19,200,16,16,0.1,test,client_2,4,80,531,611,True,0.69795197740113
Tox21,fedavg_proto,0.5,1,19,200,16,16,0.1,test,client_2,5,34,647,681,True,0.7562505682334757
Tox21,fedavg_proto,0.5,1,19,200,16,16,0.1,test,client_2,6,21,617,638,True,0.7047155977463919
Tox21,fedavg_proto,0.5,1,19,200,16,16,0.1,test,client_2,7,95,494,589,True,0.7490730875772428
Tox21,fedavg_proto,0.5,1,19,200,16,16,0.1,test,client_2,8,32,670,702,True,0.7365671641791045
Tox21,fedavg_proto,0.5,1,19,200,16,16,0.1,test,client_2,9,36,621,657,True,0.6534263732331366
Tox21,fedavg_proto,0.5,1,19,200,16,16,0.1,test,client_2,10,93,485,578,True,0.8054317703137124
Tox21,fedavg_proto,0.5,1,19,200,16,16,0.1,test,client_2,11,48,624,672,True,0.7199185363247863
Tox21,fedavg_proto,0.5,1,19,200,16,16,0.1,test,client_3,0,32,693,725,True,0.7868416305916307
Tox21,fedavg_proto,0.5,1,19,200,16,16,0.1,test,client_3,1,33,646,679,True,0.8292053663570692
Tox21,fedavg_proto,0.5,1,19,200,16,16,0.1,test,client_3,2,77,572,649,True,0.789392425756062
Tox21,fedavg_proto,0.5,1,19,200,16,16,0.1,test,client_3,3,38,538,576,True,0.7334670318919977
Tox21,fedavg_proto,0.5,1,19,200,16,16,0.1,test,client_3,4,80,531,611,True,0.7067090395480226
Tox21,fedavg_proto,0.5,1,19,200,16,16,0.1,test,client_3,5,34,647,681,True,0.7387489771797436
Tox21,fedavg_proto,0.5,1,19,200,16,16,0.1,test,client_3,6,21,617,638,True,0.6723778652465848
Tox21,fedavg_proto,0.5,1,19,200,16,16,0.1,test,client_3,7,95,494,589,True,0.740315363307053
Tox21,fedavg_proto,0.5,1,19,200,16,16,0.1,test,client_3,8,32,670,702,True,0.7083488805970148
Tox21,fedavg_proto,0.5,1,19,200,16,16,0.1,test,client_3,9,36,621,657,True,0.630703166935051
Tox21,fedavg_proto,0.5,1,19,200,16,16,0.1,test,client_3,10,93,485,578,True,0.8034142556257622
Tox21,fedavg_proto,0.5,1,19,200,16,16,0.1,test,client_3,11,48,624,672,True,0.7127737713675214
Tox21,fedavg_proto,0.5,1,20,200,16,16,0.1,val,server,0,31,696,727,True,0.7652947719688542
Tox21,fedavg_proto,0.5,1,20,200,16,16,0.1,val,server,1,23,652,675,True,0.7323953054147773
Tox21,fedavg_proto,0.5,1,20,200,16,16,0.1,val,server,2,74,567,641,True,0.780375613708947
Tox21,fedavg_proto,0.5,1,20,200,16,16,0.1,val,server,3,19,546,565,True,0.7598804704067862
Tox21,fedavg_proto,0.5,1,20,200,16,16,0.1,val,server,4,82,541,623,True,0.6982552635138181
Tox21,fedavg_proto,0.5,1,20,200,16,16,0.1,val,server,5,30,657,687,True,0.7875697615423644
Tox21,fedavg_proto,0.5,1,20,200,16,16,0.1,val,server,6,21,612,633,True,0.638655462184874
Tox21,fedavg_proto,0.5,1,20,200,16,16,0.1,val,server,7,96,492,588,True,0.6936822493224932
Tox21,fedavg_proto,0.5,1,20,200,16,16,0.1,val,server,8,30,677,707,True,0.7663220088626292
Tox21,fedavg_proto,0.5,1,20,200,16,16,0.1,val,server,9,45,603,648,True,0.578846508199742
Tox21,fedavg_proto,0.5,1,20,200,16,16,0.1,val,server,10,92,495,587,True,0.8408651734738691
Tox21,fedavg_proto,0.5,1,20,200,16,16,0.1,val,server,11,42,636,678,True,0.77541928721174
Tox21,fedavg_proto,0.5,1,20,200,16,16,0.1,val,client_0,0,31,696,727,True,0.7766499814608824
Tox21,fedavg_proto,0.5,1,20,200,16,16,0.1,val,client_0,1,23,652,675,True,0.7359962656708455
Tox21,fedavg_proto,0.5,1,20,200,16,16,0.1,val,client_0,2,74,567,641,True,0.7883121216454549
Tox21,fedavg_proto,0.5,1,20,200,16,16,0.1,val,client_0,3,19,546,565,True,0.7572778099093889
Tox21,fedavg_proto,0.5,1,20,200,16,16,0.1,val,client_0,4,82,541,623,True,0.6965420855687299
Tox21,fedavg_proto,0.5,1,20,200,16,16,0.1,val,client_0,5,30,657,687,True,0.7787417554540843
Tox21,fedavg_proto,0.5,1,20,200,16,16,0.1,val,client_0,6,21,612,633,True,0.6441798941798941
Tox21,fedavg_proto,0.5,1,20,200,16,16,0.1,val,client_0,7,96,492,588,True,0.6920519986449865
Tox21,fedavg_proto,0.5,1,20,200,16,16,0.1,val,client_0,8,30,677,707,True,0.7719842442146725
Tox21,fedavg_proto,0.5,1,20,200,16,16,0.1,val,client_0,9,45,603,648,True,0.5704440759167126
Tox21,fedavg_proto,0.5,1,20,200,16,16,0.1,val,client_0,10,92,495,587,True,0.8317303469477383
Tox21,fedavg_proto,0.5,1,20,200,16,16,0.1,val,client_0,11,42,636,678,True,0.7751197963462115
Tox21,fedavg_proto,0.5,1,20,200,16,16,0.1,val,client_1,0,31,696,727,True,0.7635799035965888
Tox21,fedavg_proto,0.5,1,20,200,16,16,0.1,val,client_1,1,23,652,675,True,0.7299946652440651
Tox21,fedavg_proto,0.5,1,20,200,16,16,0.1,val,client_1,2,74,567,641,True,0.7616902616902617
Tox21,fedavg_proto,0.5,1,20,200,16,16,0.1,val,client_1,3,19,546,565,True,0.7596876807403123
Tox21,fedavg_proto,0.5,1,20,200,16,16,0.1,val,client_1,4,82,541,623,True,0.7025382083765384
Tox21,fedavg_proto,0.5,1,20,200,16,16,0.1,val,client_1,5,30,657,687,True,0.7958904109589041
Tox21,fedavg_proto,0.5,1,20,200,16,16,0.1,val,client_1,6,21,612,633,True,0.6259726112667289
Tox21,fedavg_proto,0.5,1,20,200,16,16,0.1,val,client_1,7,96,492,588,True,0.684789972899729
Tox21,fedavg_proto,0.5,1,20,200,16,16,0.1,val,client_1,8,30,677,707,True,0.7571639586410635
Tox21,fedavg_proto,0.5,1,20,200,16,16,0.1,val,client_1,9,45,603,648,True,0.5921503593145384
Tox21,fedavg_proto,0.5,1,20,200,16,16,0.1,val,client_1,10,92,495,587,True,0.8413482652613087
Tox21,fedavg_proto,0.5,1,20,200,16,16,0.1,val,client_1,11,42,636,678,True,0.7692797244684038
Tox21,fedavg_proto,0.5,1,20,200,16,16,0.1,val,client_2,0,31,696,727,True,0.7662217278457546
Tox21,fedavg_proto,0.5,1,20,200,16,16,0.1,val,client_2,1,23,652,675,True,0.7403974393171513
Tox21,fedavg_proto,0.5,1,20,200,16,16,0.1,val,client_2,2,74,567,641,True,0.7749416082749415
Tox21,fedavg_proto,0.5,1,20,200,16,16,0.1,val,client_2,3,19,546,565,True,0.7642182379024485
Tox21,fedavg_proto,0.5,1,20,200,16,16,0.1,val,client_2,4,82,541,623,True,0.6921689734457418
Tox21,fedavg_proto,0.5,1,20,200,16,16,0.1,val,client_2,5,30,657,687,True,0.7894977168949773
Tox21,fedavg_proto,0.5,1,20,200,16,16,0.1,val,client_2,6,21,612,633,True,0.657563025210084
Tox21,fedavg_proto,0.5,1,20,200,16,16,0.1,val,client_2,7,96,492,588,True,0.6996739498644987
Tox21,fedavg_proto,0.5,1,20,200,16,16,0.1,val,client_2,8,30,677,707,True,0.7658296405711472
Tox21,fedavg_proto,0.5,1,20,200,16,16,0.1,val,client_2,9,45,603,648,True,0.5828634604754007
Tox21,fedavg_proto,0.5,1,20,200,16,16,0.1,val,client_2,10,92,495,587,True,0.8337944664031619
Tox21,fedavg_proto,0.5,1,20,200,16,16,0.1,val,client_2,11,42,636,678,True,0.7836927223719676
Tox21,fedavg_proto,0.5,1,20,200,16,16,0.1,val,client_3,0,31,696,727,True,0.7520856507230256
Tox21,fedavg_proto,0.5,1,20,200,16,16,0.1,val,client_3,1,23,652,675,True,0.7221259002400641
Tox21,fedavg_proto,0.5,1,20,200,16,16,0.1,val,client_3,2,74,567,641,True,0.7714381047714381
Tox21,fedavg_proto,0.5,1,20,200,16,16,0.1,val,client_3,3,19,546,565,True,0.7603624445729709
Tox21,fedavg_proto,0.5,1,20,200,16,16,0.1,val,client_3,4,82,541,623,True,0.6926536224696812
Tox21,fedavg_proto,0.5,1,20,200,16,16,0.1,val,client_3,5,30,657,687,True,0.7783866057838661
Tox21,fedavg_proto,0.5,1,20,200,16,16,0.1,val,client_3,6,21,612,633,True,0.6190476190476191
Tox21,fedavg_proto,0.5,1,20,200,16,16,0.1,val,client_3,7,96,492,588,True,0.6871189024390243
Tox21,fedavg_proto,0.5,1,20,200,16,16,0.1,val,client_3,8,30,677,707,True,0.755588380108321
Tox21,fedavg_proto,0.5,1,20,200,16,16,0.1,val,client_3,9,45,603,648,True,0.5702598120508567
Tox21,fedavg_proto,0.5,1,20,200,16,16,0.1,val,client_3,10,92,495,587,True,0.850812472551603
Tox21,fedavg_proto,0.5,1,20,200,16,16,0.1,val,client_3,11,42,636,678,True,0.7706274333632823
Tox21,fedavg_proto,0.5,1,20,200,16,16,0.1,test,server,0,32,693,725,True,0.777056277056277
Tox21,fedavg_proto,0.5,1,20,200,16,16,0.1,test,server,1,33,646,679,True,0.854582981517966
Tox21,fedavg_proto,0.5,1,20,200,16,16,0.1,test,server,2,77,572,649,True,0.7948642266824085
Tox21,fedavg_proto,0.5,1,20,200,16,16,0.1,test,server,3,38,538,576,True,0.7163470945020545
Tox21,fedavg_proto,0.5,1,20,200,16,16,0.1,test,server,4,80,531,611,True,0.7009887005649718
Tox21,fedavg_proto,0.5,1,20,200,16,16,0.1,test,server,5,34,647,681,True,0.7531593781252841
Tox21,fedavg_proto,0.5,1,20,200,16,16,0.1,test,server,6,21,617,638,True,0.7091919425793008
Tox21,fedavg_proto,0.5,1,20,200,16,16,0.1,test,server,7,95,494,589,True,0.7526528872789261
Tox21,fedavg_proto,0.5,1,20,200,16,16,0.1,test,server,8,32,670,702,True,0.7440298507462686
Tox21,fedavg_proto,0.5,1,20,200,16,16,0.1,test,server,9,36,621,657,True,0.6522633744855968
Tox21,fedavg_proto,0.5,1,20,200,16,16,0.1,test,server,10,93,485,578,True,0.8033034031703803
Tox21,fedavg_proto,0.5,1,20,200,16,16,0.1,test,server,11,48,624,672,True,0.7306022970085471
Tox21,fedavg_proto,0.5,1,20,200,16,16,0.1,test,client_0,0,32,693,725,True,0.7827380952380952
Tox21,fedavg_proto,0.5,1,20,200,16,16,0.1,test,client_0,1,33,646,679,True,0.85650623885918
Tox21,fedavg_proto,0.5,1,20,200,16,16,0.1,test,client_0,2,77,572,649,True,0.7947734084097721
Tox21,fedavg_proto,0.5,1,20,200,16,16,0.1,test,client_0,3,38,538,576,True,0.7081784386617099
Tox21,fedavg_proto,0.5,1,20,200,16,16,0.1,test,client_0,4,80,531,611,True,0.701789077212806
Tox21,fedavg_proto,0.5,1,20,200,16,16,0.1,test,client_0,5,34,647,681,True,0.7478861714701336
Tox21,fedavg_proto,0.5,1,20,200,16,16,0.1,test,client_0,6,21,617,638,True,0.7165238867021687
Tox21,fedavg_proto,0.5,1,20,200,16,16,0.1,test,client_0,7,95,494,589,True,0.7578095035158746
Tox21,fedavg_proto,0.5,1,20,200,16,16,0.1,test,client_0,8,32,670,702,True,0.7469216417910448
Tox21,fedavg_proto,0.5,1,20,200,16,16,0.1,test,client_0,9,36,621,657,True,0.6444354983002326
Tox21,fedavg_proto,0.5,1,20,200,16,16,0.1,test,client_0,10,93,485,578,True,0.7915530428999002
Tox21,fedavg_proto,0.5,1,20,200,16,16,0.1,test,client_0,11,48,624,672,True,0.7328058226495726
Tox21,fedavg_proto,0.5,1,20,200,16,16,0.1,test,client_1,0,32,693,725,True,0.7743957431457432
Tox21,fedavg_proto,0.5,1,20,200,16,16,0.1,test,client_1,1,33,646,679,True,0.853926259499015
Tox21,fedavg_proto,0.5,1,20,200,16,16,0.1,test,client_1,2,77,572,649,True,0.7868268095540822
Tox21,fedavg_proto,0.5,1,20,200,16,16,0.1,test,client_1,3,38,538,576,True,0.707102328311485
Tox21,fedavg_proto,0.5,1,20,200,16,16,0.1,test,client_1,4,80,531,611,True,0.7028248587570622
Tox21,fedavg_proto,0.5,1,20,200,16,16,0.1,test,client_1,5,34,647,681,True,0.7555686880625512
Tox21,fedavg_proto,0.5,1,20,200,16,16,0.1,test,client_1,6,21,617,638,True,0.7098865478119936
Tox21,fedavg_proto,0.5,1,20,200,16,16,0.1,test,client_1,7,95,494,589,True,0.7444704879607926
Tox21,fedavg_proto,0.5,1,20,200,16,16,0.1,test,client_1,8,32,670,702,True,0.7491138059701492
Tox21,fedavg_proto,0.5,1,20,200,16,16,0.1,test,client_1,9,36,621,657,True,0.660538557881553
Tox21,fedavg_proto,0.5,1,20,200,16,16,0.1,test,client_1,10,93,485,578,True,0.8033477441525328
Tox21,fedavg_proto,0.5,1,20,200,16,16,0.1,test,client_1,11,48,624,672,True,0.7234909188034189
Tox21,fedavg_proto,0.5,1,20,200,16,16,0.1,test,client_2,0,32,693,725,True,0.772231240981241
Tox21,fedavg_proto,0.5,1,20,200,16,16,0.1,test,client_2,1,33,646,679,True,0.8647152640960691
Tox21,fedavg_proto,0.5,1,20,200,16,16,0.1,test,client_2,2,77,572,649,True,0.7883480156207429
Tox21,fedavg_proto,0.5,1,20,200,16,16,0.1,test,client_2,3,38,538,576,True,0.7125807082762668
Tox21,fedavg_proto,0.5,1,20,200,16,16,0.1,test,client_2,4,80,531,611,True,0.6891242937853106
Tox21,fedavg_proto,0.5,1,20,200,16,16,0.1,test,client_2,5,34,647,681,True,0.754932266569688
Tox21,fedavg_proto,0.5,1,20,200,16,16,0.1,test,client_2,6,21,617,638,True,0.7181446322451185
Tox21,fedavg_proto,0.5,1,20,200,16,16,0.1,test,client_2,7,95,494,589,True,0.7595994033667164
Tox21,fedavg_proto,0.5,1,20,200,16,16,0.1,test,client_2,8,32,670,702,True,0.7469682835820896
Tox21,fedavg_proto,0.5,1,20,200,16,16,0.1,test,client_2,9,36,621,657,True,0.6628645553766326
Tox21,fedavg_proto,0.5,1,20,200,16,16,0.1,test,client_2,10,93,485,578,True,0.8010198425895133
Tox21,fedavg_proto,0.5,1,20,200,16,16,0.1,test,client_2,11,48,624,672,True,0.7378806089743589
Tox21,fedavg_proto,0.5,1,20,200,16,16,0.1,test,client_3,0,32,693,725,True,0.7803030303030304
Tox21,fedavg_proto,0.5,1,20,200,16,16,0.1,test,client_3,1,33,646,679,True,0.8305657191106108
Tox21,fedavg_proto,0.5,1,20,200,16,16,0.1,test,client_3,2,77,572,649,True,0.793184088638634
Tox21,fedavg_proto,0.5,1,20,200,16,16,0.1,test,client_3,3,38,538,576,True,0.7325865779690863
Tox21,fedavg_proto,0.5,1,20,200,16,16,0.1,test,client_3,4,80,531,611,True,0.7058615819209039
Tox21,fedavg_proto,0.5,1,20,200,16,16,0.1,test,client_3,5,34,647,681,True,0.7460678243476679
Tox21,fedavg_proto,0.5,1,20,200,16,16,0.1,test,client_3,6,21,617,638,True,0.6850351161534306
Tox21,fedavg_proto,0.5,1,20,200,16,16,0.1,test,client_3,7,95,494,589,True,0.7442574046452163
Tox21,fedavg_proto,0.5,1,20,200,16,16,0.1,test,client_3,8,32,670,702,True,0.7269123134328358
Tox21,fedavg_proto,0.5,1,20,200,16,16,0.1,test,client_3,9,36,621,657,True,0.64631418858472
Tox21,fedavg_proto,0.5,1,20,200,16,16,0.1,test,client_3,10,93,485,578,True,0.8100875734397517
Tox21,fedavg_proto,0.5,1,20,200,16,16,0.1,test,client_3,11,48,624,672,True,0.7221888354700855
Tox21,fedavg_proto,0.5,1,21,200,16,16,0.1,val,server,0,31,696,727,True,0.7684000741564702
Tox21,fedavg_proto,0.5,1,21,200,16,16,0.1,val,server,1,23,652,675,True,0.7369965324086424
Tox21,fedavg_proto,0.5,1,21,200,16,16,0.1,val,server,2,74,567,641,True,0.7758711092044426
Tox21,fedavg_proto,0.5,1,21,200,16,16,0.1,val,server,3,19,546,565,True,0.7630614999036051
Tox21,fedavg_proto,0.5,1,21,200,16,16,0.1,val,server,4,82,541,623,True,0.7044768044722961
Tox21,fedavg_proto,0.5,1,21,200,16,16,0.1,val,server,5,30,657,687,True,0.7923389142567224
Tox21,fedavg_proto,0.5,1,21,200,16,16,0.1,val,server,6,21,612,633,True,0.6338313103018985
Tox21,fedavg_proto,0.5,1,21,200,16,16,0.1,val,server,7,96,492,588,True,0.6883680555555556
Tox21,fedavg_proto,0.5,1,21,200,16,16,0.1,val,server,8,30,677,707,True,0.762629246676514
Tox21,fedavg_proto,0.5,1,21,200,16,16,0.1,val,server,9,45,603,648,True,0.5766353418094711
Tox21,fedavg_proto,0.5,1,21,200,16,16,0.1,val,server,10,92,495,587,True,0.8437856829161178
Tox21,fedavg_proto,0.5,1,21,200,16,16,0.1,val,server,11,42,636,678,True,0.7735474693021863
Tox21,fedavg_proto,0.5,1,21,200,16,16,0.1,val,client_0,0,31,696,727,True,0.7789673711531331
Tox21,fedavg_proto,0.5,1,21,200,16,16,0.1,val,client_0,1,23,652,675,True,0.7442651373699654
Tox21,fedavg_proto,0.5,1,21,200,16,16,0.1,val,client_0,2,74,567,641,True,0.7657180990514324
Tox21,fedavg_proto,0.5,1,21,200,16,16,0.1,val,client_0,3,19,546,565,True,0.7524580682475419
Tox21,fedavg_proto,0.5,1,21,200,16,16,0.1,val,client_0,4,82,541,623,True,0.7017267030341283
Tox21,fedavg_proto,0.5,1,21,200,16,16,0.1,val,client_0,5,30,657,687,True,0.7781329274479959
Tox21,fedavg_proto,0.5,1,21,200,16,16,0.1,val,client_0,6,21,612,633,True,0.6459694989106755
Tox21,fedavg_proto,0.5,1,21,200,16,16,0.1,val,client_0,7,96,492,588,True,0.6850016937669376
Tox21,fedavg_proto,0.5,1,21,200,16,16,0.1,val,client_0,8,30,677,707,True,0.7638601674052191
Tox21,fedavg_proto,0.5,1,21,200,16,16,0.1,val,client_0,9,45,603,648,True,0.5593145384190161
Tox21,fedavg_proto,0.5,1,21,200,16,16,0.1,val,client_0,10,92,495,587,True,0.8359683794466403
Tox21,fedavg_proto,0.5,1,21,200,16,16,0.1,val,client_0,11,42,636,678,True,0.7640011979634621
Tox21,fedavg_proto,0.5,1,21,200,16,16,0.1,val,client_1,0,31,696,727,True,0.7588060808305525
Tox21,fedavg_proto,0.5,1,21,200,16,16,0.1,val,client_1,1,23,652,675,True,0.7267938116831155
Tox21,fedavg_proto,0.5,1,21,200,16,16,0.1,val,client_1,2,74,567,641,True,0.7682444349111015
Tox21,fedavg_proto,0.5,1,21,200,16,16,0.1,val,client_1,3,19,546,565,True,0.7730865625602468
Tox21,fedavg_proto,0.5,1,21,200,16,16,0.1,val,client_1,4,82,541,623,True,0.7023127902258689
Tox21,fedavg_proto,0.5,1,21,200,16,16,0.1,val,client_1,5,30,657,687,True,0.7931506849315069
Tox21,fedavg_proto,0.5,1,21,200,16,16,0.1,val,client_1,6,21,612,633,True,0.6240273887332711
Tox21,fedavg_proto,0.5,1,21,200,16,16,0.1,val,client_1,7,96,492,588,True,0.6836890243902439
Tox21,fedavg_proto,0.5,1,21,200,16,16,0.1,val,client_1,8,30,677,707,True,0.7580502215657312
Tox21,fedavg_proto,0.5,1,21,200,16,16,0.1,val,client_1,9,45,603,648,True,0.6063386769854432
Tox21,fedavg_proto,0.5,1,21,200,16,16,0.1,val,client_1,10,92,495,587,True,0.8371102327624066
Tox21,fedavg_proto,0.5,1,21,200,16,16,0.1,val,client_1,11,42,636,678,True,0.776841868823001
Tox21,fedavg_proto,0.5,1,21,200,16,16,0.1,val,client_2,0,31,696,727,True,0.7634872080088988
Tox21,fedavg_proto,0.5,1,21,200,16,16,0.1,val,client_2,1,23,652,675,True,0.7308615630834889
Tox21,fedavg_proto,0.5,1,21,200,16,16,0.1,val,client_2,2,74,567,641,True,0.772367605700939
Tox21,fedavg_proto,0.5,1,21,200,16,16,0.1,val,client_2,3,19,546,565,True,0.7639290534027376
Tox21,fedavg_proto,0.5,1,21,200,16,16,0.1,val,client_2,4,82,541,623,True,0.6986610161850232
Tox21,fedavg_proto,0.5,1,21,200,16,16,0.1,val,client_2,5,30,657,687,True,0.7937595129375952
Tox21,fedavg_proto,0.5,1,21,200,16,16,0.1,val,client_2,6,21,612,633,True,0.6451136009959539
Tox21,fedavg_proto,0.5,1,21,200,16,16,0.1,val,client_2,7,96,492,588,True,0.6877328929539295
Tox21,fedavg_proto,0.5,1,21,200,16,16,0.1,val,client_2,8,30,677,707,True,0.7647464303298868
Tox21,fedavg_proto,0.5,1,21,200,16,16,0.1,val,client_2,9,45,603,648,True,0.56786438179473
Tox21,fedavg_proto,0.5,1,21,200,16,16,0.1,val,client_2,10,92,495,587,True,0.8406236275801492
Tox21,fedavg_proto,0.5,1,21,200,16,16,0.1,val,client_2,11,42,636,678,True,0.7741838873914346
Tox21,fedavg_proto,0.5,1,21,200,16,16,0.1,val,client_3,0,31,696,727,True,0.7580181683351872
Tox21,fedavg_proto,0.5,1,21,200,16,16,0.1,val,client_3,1,23,652,675,True,0.726860496132302
Tox21,fedavg_proto,0.5,1,21,200,16,16,0.1,val,client_3,2,74,567,641,True,0.7745602745602745
Tox21,fedavg_proto,0.5,1,21,200,16,16,0.1,val,client_3,3,19,546,565,True,0.7610372084056295
Tox21,fedavg_proto,0.5,1,21,200,16,16,0.1,val,client_3,4,82,541,623,True,0.7010504485821197
Tox21,fedavg_proto,0.5,1,21,200,16,16,0.1,val,client_3,5,30,657,687,True,0.7839675291730086
Tox21,fedavg_proto,0.5,1,21,200,16,16,0.1,val,client_3,6,21,612,633,True,0.6145347027699969
Tox21,fedavg_proto,0.5,1,21,200,16,16,0.1,val,client_3,7,96,492,588,True,0.6846417682926829
Tox21,fedavg_proto,0.5,1,21,200,16,16,0.1,val,client_3,8,30,677,707,True,0.753618906942393
Tox21,fedavg_proto,0.5,1,21,200,16,16,0.1,val,client_3,9,45,603,648,True,0.5744241754192002
Tox21,fedavg_proto,0.5,1,21,200,16,16,0.1,val,client_3,10,92,495,587,True,0.8510540184453229
Tox21,fedavg_proto,0.5,1,21,200,16,16,0.1,val,client_3,11,42,636,678,True,0.7702156334231806
Tox21,fedavg_proto,0.5,1,21,200,16,16,0.1,test,server,0,32,693,725,True,0.7844065656565656
Tox21,fedavg_proto,0.5,1,21,200,16,16,0.1,test,server,1,33,646,679,True,0.8559433342715076
Tox21,fedavg_proto,0.5,1,21,200,16,16,0.1,test,server,2,77,572,649,True,0.7922077922077921
Tox21,fedavg_proto,0.5,1,21,200,16,16,0.1,test,server,3,38,538,576,True,0.7187927998434748
Tox21,fedavg_proto,0.5,1,21,200,16,16,0.1,test,server,4,80,531,611,True,0.7033662900188324
Tox21,fedavg_proto,0.5,1,21,200,16,16,0.1,test,server,5,34,647,681,True,0.7535230475497772
Tox21,fedavg_proto,0.5,1,21,200,16,16,0.1,test,server,6,21,617,638,True,0.710272439607934
Tox21,fedavg_proto,0.5,1,21,200,16,16,0.1,test,server,7,95,494,589,True,0.7505007457916044
Tox21,fedavg_proto,0.5,1,21,200,16,16,0.1,test,server,8,32,670,702,True,0.7410914179104479
Tox21,fedavg_proto,0.5,1,21,200,16,16,0.1,test,server,9,36,621,657,True,0.6548577563070317
Tox21,fedavg_proto,0.5,1,21,200,16,16,0.1,test,server,10,93,485,578,True,0.807515796474892
Tox21,fedavg_proto,0.5,1,21,200,16,16,0.1,test,server,11,48,624,672,True,0.7255608974358976
Tox21,fedavg_proto,0.5,1,21,200,16,16,0.1,test,client_0,0,32,693,725,True,0.7921176046176047
Tox21,fedavg_proto,0.5,1,21,200,16,16,0.1,test,client_0,1,33,646,679,True,0.8594145792288207
Tox21,fedavg_proto,0.5,1,21,200,16,16,0.1,test,client_0,2,77,572,649,True,0.7846925801471256
Tox21,fedavg_proto,0.5,1,21,200,16,16,0.1,test,client_0,3,38,538,576,True,0.7198199960868714
Tox21,fedavg_proto,0.5,1,21,200,16,16,0.1,test,client_0,4,80,531,611,True,0.7004001883239173
Tox21,fedavg_proto,0.5,1,21,200,16,16,0.1,test,client_0,5,34,647,681,True,0.7578870806436949
Tox21,fedavg_proto,0.5,1,21,200,16,16,0.1,test,client_0,6,21,617,638,True,0.7097321910936174
Tox21,fedavg_proto,0.5,1,21,200,16,16,0.1,test,client_0,7,95,494,589,True,0.7520562539953122
Tox21,fedavg_proto,0.5,1,21,200,16,16,0.1,test,client_0,8,32,670,702,True,0.7340485074626866
Tox21,fedavg_proto,0.5,1,21,200,16,16,0.1,test,client_0,9,36,621,657,True,0.6555734478439793
Tox21,fedavg_proto,0.5,1,21,200,16,16,0.1,test,client_0,10,93,485,578,True,0.7898459150870192
Tox21,fedavg_proto,0.5,1,21,200,16,16,0.1,test,client_0,11,48,624,672,True,0.7237246260683761
Tox21,fedavg_proto,0.5,1,21,200,16,16,0.1,test,client_1,0,32,693,725,True,0.7827380952380952
Tox21,fedavg_proto,0.5,1,21,200,16,16,0.1,test,client_1,1,33,646,679,True,0.859696031522657
Tox21,fedavg_proto,0.5,1,21,200,16,16,0.1,test,client_1,2,77,572,649,True,0.7839206248297157
Tox21,fedavg_proto,0.5,1,21,200,16,16,0.1,test,client_1,3,38,538,576,True,0.7039229113676384
Tox21,fedavg_proto,0.5,1,21,200,16,16,0.1,test,client_1,4,80,531,611,True,0.697834274952919
Tox21,fedavg_proto,0.5,1,21,200,16,16,0.1,test,client_1,5,34,647,681,True,0.74529502682062
Tox21,fedavg_proto,0.5,1,21,200,16,16,0.1,test,client_1,6,21,617,638,True,0.72331558231072
Tox21,fedavg_proto,0.5,1,21,200,16,16,0.1,test,client_1,7,95,494,589,True,0.7457276795226933
Tox21,fedavg_proto,0.5,1,21,200,16,16,0.1,test,client_1,8,32,670,702,True,0.7620335820895522
Tox21,fedavg_proto,0.5,1,21,200,16,16,0.1,test,client_1,9,36,621,657,True,0.672526391125425
Tox21,fedavg_proto,0.5,1,21,200,16,16,0.1,test,client_1,10,93,485,578,True,0.806584635849684
Tox21,fedavg_proto,0.5,1,21,200,16,16,0.1,test,client_1,11,48,624,672,True,0.7281316773504273
Tox21,fedavg_proto,0.5,1,21,200,16,16,0.1,test,client_2,0,32,693,725,True,0.767812049062049
Tox21,fedavg_proto,0.5,1,21,200,16,16,0.1,test,client_2,1,33,646,679,True,0.8546298902336055
Tox21,fedavg_proto,0.5,1,21,200,16,16,0.1,test,client_2,2,77,572,649,True,0.7915493597311779
Tox21,fedavg_proto,0.5,1,21,200,16,16,0.1,test,client_2,3,38,538,576,True,0.7131676775582079
Tox21,fedavg_proto,0.5,1,21,200,16,16,0.1,test,client_2,4,80,531,611,True,0.7008003766478341
Tox21,fedavg_proto,0.5,1,21,200,16,16,0.1,test,client_2,5,34,647,681,True,0.7582052913901265
Tox21,fedavg_proto,0.5,1,21,200,16,16,0.1,test,client_2,6,21,617,638,True,0.7181446322451185
Tox21,fedavg_proto,0.5,1,21,200,16,16,0.1,test,client_2,7,95,494,589,True,0.7477945876837844
Tox21,fedavg_proto,0.5,1,21,200,16,16,0.1,test,client_2,8,32,670,702,True,0.7347014925373134
Tox21,fedavg_proto,0.5,1,21,200,16,16,0.1,test,client_2,9,36,621,657,True,0.6496242619431025
Tox21,fedavg_proto,0.5,1,21,200,16,16,0.1,test,client_2,10,93,485,578,True,0.8090233898680856
Tox21,fedavg_proto,0.5,1,21,200,16,16,0.1,test,client_2,11,48,624,672,True,0.7226228632478632
Tox21,fedavg_proto,0.5,1,21,200,16,16,0.1,test,client_3,0,32,693,725,True,0.7957702020202021
Tox21,fedavg_proto,0.5,1,21,200,16,16,0.1,test,client_3,1,33,646,679,True,0.8382118397598274
Tox21,fedavg_proto,0.5,1,21,200,16,16,0.1,test,client_3,2,77,572,649,True,0.7923667241849061
Tox21,fedavg_proto,0.5,1,21,200,16,16,0.1,test,client_3,3,38,538,576,True,0.7323420074349442
Tox21,fedavg_proto,0.5,1,21,200,16,16,0.1,test,client_3,4,80,531,611,True,0.7092514124293785
Tox21,fedavg_proto,0.5,1,21,200,16,16,0.1,test,client_3,5,34,647,681,True,0.7400218201654696
Tox21,fedavg_proto,0.5,1,21,200,16,16,0.1,test,client_3,6,21,617,638,True,0.6834915489696688
Tox21,fedavg_proto,0.5,1,21,200,16,16,0.1,test,client_3,7,95,494,589,True,0.7422331131472405
Tox21,fedavg_proto,0.5,1,21,200,16,16,0.1,test,client_3,8,32,670,702,True,0.7235541044776119
Tox21,fedavg_proto,0.5,1,21,200,16,16,0.1,test,client_3,9,36,621,657,True,0.641528001431383
Tox21,fedavg_proto,0.5,1,21,200,16,16,0.1,test,client_3,10,93,485,578,True,0.8120385766544729
Tox21,fedavg_proto,0.5,1,21,200,16,16,0.1,test,client_3,11,48,624,672,True,0.7174813034188033
Tox21,fedavg_proto,0.5,1,22,200,16,16,0.1,val,server,0,31,696,727,True,0.7760474601408972
Tox21,fedavg_proto,0.5,1,22,200,16,16,0.1,val,server,1,23,652,675,True,0.7524006401707122
Tox21,fedavg_proto,0.5,1,22,200,16,16,0.1,val,server,2,74,567,641,True,0.7696982696982697
Tox21,fedavg_proto,0.5,1,22,200,16,16,0.1,val,server,3,19,546,565,True,0.7626759205706575
Tox21,fedavg_proto,0.5,1,22,200,16,16,0.1,val,server,4,82,541,623,True,0.7036202154997521
Tox21,fedavg_proto,0.5,1,22,200,16,16,0.1,val,server,5,30,657,687,True,0.7945205479452055
Tox21,fedavg_proto,0.5,1,22,200,16,16,0.1,val,server,6,21,612,633,True,0.6406006847183318
Tox21,fedavg_proto,0.5,1,22,200,16,16,0.1,val,server,7,96,492,588,True,0.6901253387533876
Tox21,fedavg_proto,0.5,1,22,200,16,16,0.1,val,server,8,30,677,707,True,0.7639586410635155
Tox21,fedavg_proto,0.5,1,22,200,16,16,0.1,val,server,9,45,603,648,True,0.5791413303851115
Tox21,fedavg_proto,0.5,1,22,200,16,16,0.1,val,server,10,92,495,587,True,0.8431049626701801
Tox21,fedavg_proto,0.5,1,22,200,16,16,0.1,val,server,11,42,636,678,True,0.7773659778376758
Tox21,fedavg_proto,0.5,1,22,200,16,16,0.1,val,client_0,0,31,696,727,True,0.7886077122728958
Tox21,fedavg_proto,0.5,1,22,200,16,16,0.1,val,client_0,1,23,652,675,True,0.7599359829287811
Tox21,fedavg_proto,0.5,1,22,200,16,16,0.1,val,client_0,2,74,567,641,True,0.7706039372706038
Tox21,fedavg_proto,0.5,1,22,200,16,16,0.1,val,client_0,3,19,546,565,True,0.7559282822440717
Tox21,fedavg_proto,0.5,1,22,200,16,16,0.1,val,client_0,4,82,541,623,True,0.7008926558766513
Tox21,fedavg_proto,0.5,1,22,200,16,16,0.1,val,client_0,5,30,657,687,True,0.7840182648401827
Tox21,fedavg_proto,0.5,1,22,200,16,16,0.1,val,client_0,6,21,612,633,True,0.6536725801431684
Tox21,fedavg_proto,0.5,1,22,200,16,16,0.1,val,client_0,7,96,492,588,True,0.6898289295392953
Tox21,fedavg_proto,0.5,1,22,200,16,16,0.1,val,client_0,8,30,677,707,True,0.767700640078779
Tox21,fedavg_proto,0.5,1,22,200,16,16,0.1,val,client_0,9,45,603,648,True,0.5589460106873042
Tox21,fedavg_proto,0.5,1,22,200,16,16,0.1,val,client_0,10,92,495,587,True,0.8338383838383838
Tox21,fedavg_proto,0.5,1,22,200,16,16,0.1,val,client_0,11,42,636,678,True,0.7719377058999701
Tox21,fedavg_proto,0.5,1,22,200,16,16,0.1,val,client_1,0,31,696,727,True,0.7684927697441603
Tox21,fedavg_proto,0.5,1,22,200,16,16,0.1,val,client_1,1,23,652,675,True,0.7363963723659643
Tox21,fedavg_proto,0.5,1,22,200,16,16,0.1,val,client_1,2,74,567,641,True,0.7744172744172744
Tox21,fedavg_proto,0.5,1,22,200,16,16,0.1,val,client_1,3,19,546,565,True,0.7594948910738385
Tox21,fedavg_proto,0.5,1,22,200,16,16,0.1,val,client_1,4,82,541,623,True,0.7037329245750867
Tox21,fedavg_proto,0.5,1,22,200,16,16,0.1,val,client_1,5,30,657,687,True,0.8001522070015221
Tox21,fedavg_proto,0.5,1,22,200,16,16,0.1,val,client_1,6,21,612,633,True,0.6273731714908185
Tox21,fedavg_proto,0.5,1,22,200,16,16,0.1,val,client_1,7,96,492,588,True,0.684006605691057
Tox21,fedavg_proto,0.5,1,22,200,16,16,0.1,val,client_1,8,30,677,707,True,0.7652880354505169
Tox21,fedavg_proto,0.5,1,22,200,16,16,0.1,val,client_1,9,45,603,648,True,0.6023954302561269
Tox21,fedavg_proto,0.5,1,22,200,16,16,0.1,val,client_1,10,92,495,587,True,0.8397233201581028
Tox21,fedavg_proto,0.5,1,22,200,16,16,0.1,val,client_1,11,42,636,678,True,0.7738095238095237
Tox21,fedavg_proto,0.5,1,22,200,16,16,0.1,val,client_2,0,31,696,727,True,0.7777623285131628
Tox21,fedavg_proto,0.5,1,22,200,16,16,0.1,val,client_2,1,23,652,675,True,0.7564017071218991
Tox21,fedavg_proto,0.5,1,22,200,16,16,0.1,val,client_2,2,74,567,641,True,0.7660279326945993
Tox21,fedavg_proto,0.5,1,22,200,16,16,0.1,val,client_2,3,19,546,565,True,0.768074031231926
Tox21,fedavg_proto,0.5,1,22,200,16,16,0.1,val,client_2,4,82,541,623,True,0.6968802127947342
Tox21,fedavg_proto,0.5,1,22,200,16,16,0.1,val,client_2,5,30,657,687,True,0.7907661085743277
Tox21,fedavg_proto,0.5,1,22,200,16,16,0.1,val,client_2,6,21,612,633,True,0.6498599439775912
Tox21,fedavg_proto,0.5,1,22,200,16,16,0.1,val,client_2,7,96,492,588,True,0.6945503048780488
Tox21,fedavg_proto,0.5,1,22,200,16,16,0.1,val,client_2,8,30,677,707,True,0.7637124569177746
Tox21,fedavg_proto,0.5,1,22,200,16,16,0.1,val,client_2,9,45,603,648,True,0.5781094527363184
Tox21,fedavg_proto,0.5,1,22,200,16,16,0.1,val,client_2,10,92,495,587,True,0.8398440931049627
Tox21,fedavg_proto,0.5,1,22,200,16,16,0.1,val,client_2,11,42,636,678,True,0.786350703803534
Tox21,fedavg_proto,0.5,1,22,200,16,16,0.1,val,client_3,0,31,696,727,True,0.7669169447534298
Tox21,fedavg_proto,0.5,1,22,200,16,16,0.1,val,client_3,1,23,652,675,True,0.7502667377967458
Tox21,fedavg_proto,0.5,1,22,200,16,16,0.1,val,client_3,2,74,567,641,True,0.7484627484627484
Tox21,fedavg_proto,0.5,1,22,200,16,16,0.1,val,client_3,3,19,546,565,True,0.7651821862348178
Tox21,fedavg_proto,0.5,1,22,200,16,16,0.1,val,client_3,4,82,541,623,True,0.7016816194039943
Tox21,fedavg_proto,0.5,1,22,200,16,16,0.1,val,client_3,5,30,657,687,True,0.7888888888888889
Tox21,fedavg_proto,0.5,1,22,200,16,16,0.1,val,client_3,6,21,612,633,True,0.623249299719888
Tox21,fedavg_proto,0.5,1,22,200,16,16,0.1,val,client_3,7,96,492,588,True,0.6823551829268293
Tox21,fedavg_proto,0.5,1,22,200,16,16,0.1,val,client_3,8,30,677,707,True,0.7481043820777942
Tox21,fedavg_proto,0.5,1,22,200,16,16,0.1,val,client_3,9,45,603,648,True,0.5758614335728763
Tox21,fedavg_proto,0.5,1,22,200,16,16,0.1,val,client_3,10,92,495,587,True,0.850592885375494
Tox21,fedavg_proto,0.5,1,22,200,16,16,0.1,val,client_3,11,42,636,678,True,0.7677448337825696
Tox21,fedavg_proto,0.5,1,22,200,16,16,0.1,test,server,0,32,693,725,True,0.7960182178932178
Tox21,fedavg_proto,0.5,1,22,200,16,16,0.1,test,server,1,33,646,679,True,0.8692654095130876
Tox21,fedavg_proto,0.5,1,22,200,16,16,0.1,test,server,2,77,572,649,True,0.7893697211879029
Tox21,fedavg_proto,0.5,1,22,200,16,16,0.1,test,server,3,38,538,576,True,0.7199178243005283
Tox21,fedavg_proto,0.5,1,22,200,16,16,0.1,test,server,4,80,531,611,True,0.6999764595103578
Tox21,fedavg_proto,0.5,1,22,200,16,16,0.1,test,server,5,34,647,681,True,0.7590690062732975
Tox21,fedavg_proto,0.5,1,22,200,16,16,0.1,test,server,6,21,617,638,True,0.7176043837308018
Tox21,fedavg_proto,0.5,1,22,200,16,16,0.1,test,server,7,95,494,589,True,0.7537609205199233
Tox21,fedavg_proto,0.5,1,22,200,16,16,0.1,test,server,8,32,670,702,True,0.7479011194029851
Tox21,fedavg_proto,0.5,1,22,200,16,16,0.1,test,server,9,36,621,657,True,0.6670245124351404
Tox21,fedavg_proto,0.5,1,22,200,16,16,0.1,test,server,10,93,485,578,True,0.8064516129032258
Tox21,fedavg_proto,0.5,1,22,200,16,16,0.1,test,server,11,48,624,672,True,0.731937767094017
Tox21,fedavg_proto,0.5,1,22,200,16,16,0.1,test,client_0,0,32,693,725,True,0.793786075036075
Tox21,fedavg_proto,0.5,1,22,200,16,16,0.1,test,client_0,1,33,646,679,True,0.8748475466741721
Tox21,fedavg_proto,0.5,1,22,200,16,16,0.1,test,client_0,2,77,572,649,True,0.7849196258287168
Tox21,fedavg_proto,0.5,1,22,200,16,16,0.1,test,client_0,3,38,538,576,True,0.7197221678732146
Tox21,fedavg_proto,0.5,1,22,200,16,16,0.1,test,client_0,4,80,531,611,True,0.6964924670433146
Tox21,fedavg_proto,0.5,1,22,200,16,16,0.1,test,client_0,5,34,647,681,True,0.7604782252932084
Tox21,fedavg_proto,0.5,1,22,200,16,16,0.1,test,client_0,6,21,617,638,True,0.7258624681639267
Tox21,fedavg_proto,0.5,1,22,200,16,16,0.1,test,client_0,7,95,494,589,True,0.7554229703814191
Tox21,fedavg_proto,0.5,1,22,200,16,16,0.1,test,client_0,8,32,670,702,True,0.7467817164179104
Tox21,fedavg_proto,0.5,1,22,200,16,16,0.1,test,client_0,9,36,621,657,True,0.6656825908033637
Tox21,fedavg_proto,0.5,1,22,200,16,16,0.1,test,client_0,10,93,485,578,True,0.790777075712227
Tox21,fedavg_proto,0.5,1,22,200,16,16,0.1,test,client_0,11,48,624,672,True,0.7326055021367521
Tox21,fedavg_proto,0.5,1,22,200,16,16,0.1,test,client_1,0,32,693,725,True,0.7806186868686869
Tox21,fedavg_proto,0.5,1,22,200,16,16,0.1,test,client_1,1,33,646,679,True,0.8657472558401351
Tox21,fedavg_proto,0.5,1,22,200,16,16,0.1,test,client_1,2,77,572,649,True,0.7916401780038144
Tox21,fedavg_proto,0.5,1,22,200,16,16,0.1,test,client_1,3,38,538,576,True,0.6966347094502053
Tox21,fedavg_proto,0.5,1,22,200,16,16,0.1,test,client_1,4,80,531,611,True,0.7020009416195857
Tox21,fedavg_proto,0.5,1,22,200,16,16,0.1,test,client_1,5,34,647,681,True,0.7560687335212292
Tox21,fedavg_proto,0.5,1,22,200,16,16,0.1,test,client_1,6,21,617,638,True,0.729644207764143
Tox21,fedavg_proto,0.5,1,22,200,16,16,0.1,test,client_1,7,95,494,589,True,0.7445344129554655
Tox21,fedavg_proto,0.5,1,22,200,16,16,0.1,test,client_1,8,32,670,702,True,0.7658582089552238
Tox21,fedavg_proto,0.5,1,22,200,16,16,0.1,test,client_1,9,36,621,657,True,0.6676954732510288
Tox21,fedavg_proto,0.5,1,22,200,16,16,0.1,test,client_1,10,93,485,578,True,0.8091785833056201
Tox21,fedavg_proto,0.5,1,22,200,16,16,0.1,test,client_1,11,48,624,672,True,0.7292000534188033
Tox21,fedavg_proto,0.5,1,22,200,16,16,0.1,test,client_2,0,32,693,725,True,0.7949585137085138
Tox21,fedavg_proto,0.5,1,22,200,16,16,0.1,test,client_2,1,33,646,679,True,0.8722206585983676
Tox21,fedavg_proto,0.5,1,22,200,16,16,0.1,test,client_2,2,77,572,649,True,0.7838979202615566
Tox21,fedavg_proto,0.5,1,22,200,16,16,0.1,test,client_2,3,38,538,576,True,0.713069849344551
Tox21,fedavg_proto,0.5,1,22,200,16,16,0.1,test,client_2,4,80,531,611,True,0.6939736346516008
Tox21,fedavg_proto,0.5,1,22,200,16,16,0.1,test,client_2,5,34,647,681,True,0.7568415310482771
Tox21,fedavg_proto,0.5,1,22,200,16,16,0.1,test,client_2,6,21,617,638,True,0.7128193254611407
Tox21,fedavg_proto,0.5,1,22,200,16,16,0.1,test,client_2,7,95,494,589,True,0.7546132537822289
Tox21,fedavg_proto,0.5,1,22,200,16,16,0.1,test,client_2,8,32,670,702,True,0.7390391791044777
Tox21,fedavg_proto,0.5,1,22,200,16,16,0.1,test,client_2,9,36,621,657,True,0.6641170155662909
Tox21,fedavg_proto,0.5,1,22,200,16,16,0.1,test,client_2,10,93,485,578,True,0.8042567342866644
Tox21,fedavg_proto,0.5,1,22,200,16,16,0.1,test,client_2,11,48,624,672,True,0.7319377670940171
Tox21,fedavg_proto,0.5,1,22,200,16,16,0.1,test,client_3,0,32,693,725,True,0.8097492784992785
Tox21,fedavg_proto,0.5,1,22,200,16,16,0.1,test,client_3,1,33,646,679,True,0.8520499108734403
Tox21,fedavg_proto,0.5,1,22,200,16,16,0.1,test,client_3,2,77,572,649,True,0.777563345745164
Tox21,fedavg_proto,0.5,1,22,200,16,16,0.1,test,client_3,3,38,538,576,True,0.741978086480141
Tox21,fedavg_proto,0.5,1,22,200,16,16,0.1,test,client_3,4,80,531,611,True,0.7021892655367232
Tox21,fedavg_proto,0.5,1,22,200,16,16,0.1,test,client_3,5,34,647,681,True,0.7453404854986817
Tox21,fedavg_proto,0.5,1,22,200,16,16,0.1,test,client_3,6,21,617,638,True,0.6943736976151886
Tox21,fedavg_proto,0.5,1,22,200,16,16,0.1,test,client_3,7,95,494,589,True,0.7458768378435968
Tox21,fedavg_proto,0.5,1,22,200,16,16,0.1,test,client_3,8,32,670,702,True,0.7313432835820896
Tox21,fedavg_proto,0.5,1,22,200,16,16,0.1,test,client_3,9,36,621,657,True,0.6690373948828056
Tox21,fedavg_proto,0.5,1,22,200,16,16,0.1,test,client_3,10,93,485,578,True,0.8124376454938476
Tox21,fedavg_proto,0.5,1,22,200,16,16,0.1,test,client_3,11,48,624,672,True,0.7204861111111112
Tox21,fedavg_proto,0.5,1,23,200,16,16,0.1,val,server,0,31,696,727,True,0.7769280682239526
Tox21,fedavg_proto,0.5,1,23,200,16,16,0.1,val,server,1,23,652,675,True,0.7527340624166444
Tox21,fedavg_proto,0.5,1,23,200,16,16,0.1,val,server,2,74,567,641,True,0.7817817817817818
Tox21,fedavg_proto,0.5,1,23,200,16,16,0.1,val,server,3,19,546,565,True,0.7618083670715249
Tox21,fedavg_proto,0.5,1,23,200,16,16,0.1,val,server,4,82,541,623,True,0.7047473062530996
Tox21,fedavg_proto,0.5,1,23,200,16,16,0.1,val,server,5,30,657,687,True,0.7953323186199899
Tox21,fedavg_proto,0.5,1,23,200,16,16,0.1,val,server,6,21,612,633,True,0.6378773731714907
Tox21,fedavg_proto,0.5,1,23,200,16,16,0.1,val,server,7,96,492,588,True,0.6907393292682926
Tox21,fedavg_proto,0.5,1,23,200,16,16,0.1,val,server,8,30,677,707,True,0.7641063515509601
Tox21,fedavg_proto,0.5,1,23,200,16,16,0.1,val,server,9,45,603,648,True,0.5838953381241938
Tox21,fedavg_proto,0.5,1,23,200,16,16,0.1,val,server,10,92,495,587,True,0.8447957839262187
Tox21,fedavg_proto,0.5,1,23,200,16,16,0.1,val,server,11,42,636,678,True,0.773397723869422
Tox21,fedavg_proto,0.5,1,23,200,16,16,0.1,val,client_0,0,31,696,727,True,0.7852706711160549
Tox21,fedavg_proto,0.5,1,23,200,16,16,0.1,val,client_0,1,23,652,675,True,0.7531341691117631
Tox21,fedavg_proto,0.5,1,23,200,16,16,0.1,val,client_0,2,74,567,641,True,0.7708899375566042
Tox21,fedavg_proto,0.5,1,23,200,16,16,0.1,val,client_0,3,19,546,565,True,0.7449392712550608
Tox21,fedavg_proto,0.5,1,23,200,16,16,0.1,val,client_0,4,82,541,623,True,0.6982327216987512
Tox21,fedavg_proto,0.5,1,23,200,16,16,0.1,val,client_0,5,30,657,687,True,0.778234398782344
Tox21,fedavg_proto,0.5,1,23,200,16,16,0.1,val,client_0,6,21,612,633,True,0.6467475879240585
Tox21,fedavg_proto,0.5,1,23,200,16,16,0.1,val,client_0,7,96,492,588,True,0.6848323170731706
Tox21,fedavg_proto,0.5,1,23,200,16,16,0.1,val,client_0,8,30,677,707,True,0.7656819300837026
Tox21,fedavg_proto,0.5,1,23,200,16,16,0.1,val,client_0,9,45,603,648,True,0.5580615441311959
Tox21,fedavg_proto,0.5,1,23,200,16,16,0.1,val,client_0,10,92,495,587,True,0.8329819938515591
Tox21,fedavg_proto,0.5,1,23,200,16,16,0.1,val,client_0,11,42,636,678,True,0.7510856543875412
Tox21,fedavg_proto,0.5,1,23,200,16,16,0.1,val,client_1,0,31,696,727,True,0.7721078976640712
Tox21,fedavg_proto,0.5,1,23,200,16,16,0.1,val,client_1,1,23,652,675,True,0.7457321952520672
Tox21,fedavg_proto,0.5,1,23,200,16,16,0.1,val,client_1,2,74,567,641,True,0.7624052624052624
Tox21,fedavg_proto,0.5,1,23,200,16,16,0.1,val,client_1,3,19,546,565,True,0.7636398689030267
Tox21,fedavg_proto,0.5,1,23,200,16,16,0.1,val,client_1,4,82,541,623,True,0.7118930616293224
Tox21,fedavg_proto,0.5,1,23,200,16,16,0.1,val,client_1,5,30,657,687,True,0.804464738711314
Tox21,fedavg_proto,0.5,1,23,200,16,16,0.1,val,client_1,6,21,612,633,True,0.6251945222533458
Tox21,fedavg_proto,0.5,1,23,200,16,16,0.1,val,client_1,7,96,492,588,True,0.682228150406504
Tox21,fedavg_proto,0.5,1,23,200,16,16,0.1,val,client_1,8,30,677,707,True,0.7517479074347612
Tox21,fedavg_proto,0.5,1,23,200,16,16,0.1,val,client_1,9,45,603,648,True,0.5970886309194766
Tox21,fedavg_proto,0.5,1,23,200,16,16,0.1,val,client_1,10,92,495,587,True,0.8434343434343435
Tox21,fedavg_proto,0.5,1,23,200,16,16,0.1,val,client_1,11,42,636,678,True,0.7655735250074873
Tox21,fedavg_proto,0.5,1,23,200,16,16,0.1,val,client_2,0,31,696,727,True,0.775444938820912
Tox21,fedavg_proto,0.5,1,23,200,16,16,0.1,val,client_2,1,23,652,675,True,0.7504001066951186
Tox21,fedavg_proto,0.5,1,23,200,16,16,0.1,val,client_2,2,74,567,641,True,0.803088803088803
Tox21,fedavg_proto,0.5,1,23,200,16,16,0.1,val,client_2,3,19,546,565,True,0.7678812415654521
Tox21,fedavg_proto,0.5,1,23,200,16,16,0.1,val,client_2,4,82,541,623,True,0.692980478788152
Tox21,fedavg_proto,0.5,1,23,200,16,16,0.1,val,client_2,5,30,657,687,True,0.7965499746321665
Tox21,fedavg_proto,0.5,1,23,200,16,16,0.1,val,client_2,6,21,612,633,True,0.6451914098972923
Tox21,fedavg_proto,0.5,1,23,200,16,16,0.1,val,client_2,7,96,492,588,True,0.6974508807588077
Tox21,fedavg_proto,0.5,1,23,200,16,16,0.1,val,client_2,8,30,677,707,True,0.7738552437223044
Tox21,fedavg_proto,0.5,1,23,200,16,16,0.1,val,client_2,9,45,603,648,True,0.597973097475585
Tox21,fedavg_proto,0.5,1,23,200,16,16,0.1,val,client_2,10,92,495,587,True,0.8314888010540185
Tox21,fedavg_proto,0.5,1,23,200,16,16,0.1,val,client_2,11,42,636,678,True,0.7826445043426176
Tox21,fedavg_proto,0.5,1,23,200,16,16,0.1,val,client_3,0,31,696,727,True,0.7691416388579904
Tox21,fedavg_proto,0.5,1,23,200,16,16,0.1,val,client_3,1,23,652,675,True,0.7514003734329154
Tox21,fedavg_proto,0.5,1,23,200,16,16,0.1,val,client_3,2,74,567,641,True,0.7604747604747605
Tox21,fedavg_proto,0.5,1,23,200,16,16,0.1,val,client_3,3,19,546,565,True,0.764700212068633
Tox21,fedavg_proto,0.5,1,23,200,16,16,0.1,val,client_3,4,82,541,623,True,0.7013660339930571
Tox21,fedavg_proto,0.5,1,23,200,16,16,0.1,val,client_3,5,30,657,687,True,0.7865550481988839
Tox21,fedavg_proto,0.5,1,23,200,16,16,0.1,val,client_3,6,21,612,633,True,0.6140678493619669
Tox21,fedavg_proto,0.5,1,23,200,16,16,0.1,val,client_3,7,96,492,588,True,0.6826515921409213
Tox21,fedavg_proto,0.5,1,23,200,16,16,0.1,val,client_3,8,30,677,707,True,0.7491383554899064
Tox21,fedavg_proto,0.5,1,23,200,16,16,0.1,val,client_3,9,45,603,648,True,0.5719550396167312
Tox21,fedavg_proto,0.5,1,23,200,16,16,0.1,val,client_3,10,92,495,587,True,0.8556214317083882
Tox21,fedavg_proto,0.5,1,23,200,16,16,0.1,val,client_3,11,42,636,678,True,0.7737720874513326
Tox21,fedavg_proto,0.5,1,23,200,16,16,0.1,test,server,0,32,693,725,True,0.8001443001443002
Tox21,fedavg_proto,0.5,1,23,200,16,16,0.1,test,server,1,33,646,679,True,0.869593770522563
Tox21,fedavg_proto,0.5,1,23,200,16,16,0.1,test,server,2,77,572,649,True,0.7996094814276632
Tox21,fedavg_proto,0.5,1,23,200,16,16,0.1,test,server,3,38,538,576,True,0.7176677753864215
Tox21,fedavg_proto,0.5,1,23,200,16,16,0.1,test,server,4,80,531,611,True,0.7012476459510358
Tox21,fedavg_proto,0.5,1,23,200,16,16,0.1,test,server,5,34,647,681,True,0.7598418038003455
Tox21,fedavg_proto,0.5,1,23,200,16,16,0.1,test,server,6,21,617,638,True,0.7190707725553754
Tox21,fedavg_proto,0.5,1,23,200,16,16,0.1,test,server,7,95,494,589,True,0.7531003622416366
Tox21,fedavg_proto,0.5,1,23,200,16,16,0.1,test,server,8,32,670,702,True,0.751445895522388
Tox21,fedavg_proto,0.5,1,23,200,16,16,0.1,test,server,9,36,621,657,True,0.6637591697978171
Tox21,fedavg_proto,0.5,1,23,200,16,16,0.1,test,server,10,93,485,578,True,0.80869083250194
Tox21,fedavg_proto,0.5,1,23,200,16,16,0.1,test,server,11,48,624,672,True,0.7318376068376068
Tox21,fedavg_proto,0.5,1,23,200,16,16,0.1,test,client_0,0,32,693,725,True,0.7986111111111112
Tox21,fedavg_proto,0.5,1,23,200,16,16,0.1,test,client_0,1,33,646,679,True,0.8626981893235763
Tox21,fedavg_proto,0.5,1,23,200,16,16,0.1,test,client_0,2,77,572,649,True,0.7907774044137681
Tox21,fedavg_proto,0.5,1,23,200,16,16,0.1,test,client_0,3,38,538,576,True,0.7155644687927999
Tox21,fedavg_proto,0.5,1,23,200,16,16,0.1,test,client_0,4,80,531,611,True,0.6980696798493409
Tox21,fedavg_proto,0.5,1,23,200,16,16,0.1,test,client_0,5,34,647,681,True,0.766387853441222
Tox21,fedavg_proto,0.5,1,23,200,16,16,0.1,test,client_0,6,21,617,638,True,0.7160608165470402
Tox21,fedavg_proto,0.5,1,23,200,16,16,0.1,test,client_0,7,95,494,589,True,0.7506285957809503
Tox21,fedavg_proto,0.5,1,23,200,16,16,0.1,test,client_0,8,32,670,702,True,0.7368470149253731
Tox21,fedavg_proto,0.5,1,23,200,16,16,0.1,test,client_0,9,36,621,657,True,0.6608964036500269
Tox21,fedavg_proto,0.5,1,23,200,16,16,0.1,test,client_0,10,93,485,578,True,0.7888925839707349
Tox21,fedavg_proto,0.5,1,23,200,16,16,0.1,test,client_0,11,48,624,672,True,0.7234909188034189
Tox21,fedavg_proto,0.5,1,23,200,16,16,0.1,test,client_1,0,32,693,725,True,0.7981150793650794
Tox21,fedavg_proto,0.5,1,23,200,16,16,0.1,test,client_1,1,33,646,679,True,0.8679988741908247
Tox21,fedavg_proto,0.5,1,23,200,16,16,0.1,test,client_1,2,77,572,649,True,0.7870311506675143
Tox21,fedavg_proto,0.5,1,23,200,16,16,0.1,test,client_1,3,38,538,576,True,0.709254549011935
Tox21,fedavg_proto,0.5,1,23,200,16,16,0.1,test,client_1,4,80,531,611,True,0.7007297551789077
Tox21,fedavg_proto,0.5,1,23,200,16,16,0.1,test,client_1,5,34,647,681,True,0.7615692335666879
Tox21,fedavg_proto,0.5,1,23,200,16,16,0.1,test,client_1,6,21,617,638,True,0.7203828046615729
Tox21,fedavg_proto,0.5,1,23,200,16,16,0.1,test,client_1,7,95,494,589,True,0.7422331131472406
Tox21,fedavg_proto,0.5,1,23,200,16,16,0.1,test,client_1,8,32,670,702,True,0.7594216417910448
Tox21,fedavg_proto,0.5,1,23,200,16,16,0.1,test,client_1,9,36,621,657,True,0.6786992306315978
Tox21,fedavg_proto,0.5,1,23,200,16,16,0.1,test,client_1,10,93,485,578,True,0.8090012193770092
Tox21,fedavg_proto,0.5,1,23,200,16,16,0.1,test,client_1,11,48,624,672,True,0.7238247863247862
Tox21,fedavg_proto,0.5,1,23,200,16,16,0.1,test,client_2,0,32,693,725,True,0.777958152958153
Tox21,fedavg_proto,0.5,1,23,200,16,16,0.1,test,client_2,1,33,646,679,True,0.8716108452950558
Tox21,fedavg_proto,0.5,1,23,200,16,16,0.1,test,client_2,2,77,572,649,True,0.8021296884933249
Tox21,fedavg_proto,0.5,1,23,200,16,16,0.1,test,client_2,3,38,538,576,True,0.6916943846605361
Tox21,fedavg_proto,0.5,1,23,200,16,16,0.1,test,client_2,4,80,531,611,True,0.6937853107344634
Tox21,fedavg_proto,0.5,1,23,200,16,16,0.1,test,client_2,5,34,647,681,True,0.7519774524956815
Tox21,fedavg_proto,0.5,1,23,200,16,16,0.1,test,client_2,6,21,617,638,True,0.738828432507525
Tox21,fedavg_proto,0.5,1,23,200,16,16,0.1,test,client_2,7,95,494,589,True,0.7521201789899852
Tox21,fedavg_proto,0.5,1,23,200,16,16,0.1,test,client_2,8,32,670,702,True,0.7626399253731343
Tox21,fedavg_proto,0.5,1,23,200,16,16,0.1,test,client_2,9,36,621,657,True,0.653113258185722
Tox21,fedavg_proto,0.5,1,23,200,16,16,0.1,test,client_2,10,93,485,578,True,0.8073606030373572
Tox21,fedavg_proto,0.5,1,23,200,16,16,0.1,test,client_2,11,48,624,672,True,0.734107905982906
Tox21,fedavg_proto,0.5,1,23,200,16,16,0.1,test,client_3,0,32,693,725,True,0.8258477633477633
Tox21,fedavg_proto,0.5,1,23,200,16,16,0.1,test,client_3,1,33,646,679,True,0.8545829815179661
Tox21,fedavg_proto,0.5,1,23,200,16,16,0.1,test,client_3,2,77,572,649,True,0.7871446735083099
Tox21,fedavg_proto,0.5,1,23,200,16,16,0.1,test,client_3,3,38,538,576,True,0.7410487184504011
Tox21,fedavg_proto,0.5,1,23,200,16,16,0.1,test,client_3,4,80,531,611,True,0.7082391713747647
Tox21,fedavg_proto,0.5,1,23,200,16,16,0.1,test,client_3,5,34,647,681,True,0.7431130102736612
Tox21,fedavg_proto,0.5,1,23,200,16,16,0.1,test,client_3,6,21,617,638,True,0.6907463147333488
Tox21,fedavg_proto,0.5,1,23,200,16,16,0.1,test,client_3,7,95,494,589,True,0.7443213296398892
Tox21,fedavg_proto,0.5,1,23,200,16,16,0.1,test,client_3,8,32,670,702,True,0.729384328358209
Tox21,fedavg_proto,0.5,1,23,200,16,16,0.1,test,client_3,9,36,621,657,True,0.6586151368760064
Tox21,fedavg_proto,0.5,1,23,200,16,16,0.1,test,client_3,10,93,485,578,True,0.811927724199091
Tox21,fedavg_proto,0.5,1,23,200,16,16,0.1,test,client_3,11,48,624,672,True,0.7251268696581197
Tox21,fedavg_proto,0.5,1,24,200,16,16,0.1,val,server,0,31,696,727,True,0.7843900630329995
Tox21,fedavg_proto,0.5,1,24,200,16,16,0.1,val,server,1,23,652,675,True,0.7622032542011203
Tox21,fedavg_proto,0.5,1,24,200,16,16,0.1,val,server,2,74,567,641,True,0.7905047905047906
Tox21,fedavg_proto,0.5,1,24,200,16,16,0.1,val,server,3,19,546,565,True,0.7655677655677655
Tox21,fedavg_proto,0.5,1,24,200,16,16,0.1,val,server,4,82,541,623,True,0.7016139939587935
Tox21,fedavg_proto,0.5,1,24,200,16,16,0.1,val,server,5,30,657,687,True,0.7945712836123796
Tox21,fedavg_proto,0.5,1,24,200,16,16,0.1,val,server,6,21,612,633,True,0.6405228758169934
Tox21,fedavg_proto,0.5,1,24,200,16,16,0.1,val,server,7,96,492,588,True,0.6958629742547426
Tox21,fedavg_proto,0.5,1,24,200,16,16,0.1,val,server,8,30,677,707,True,0.7713441654357459
Tox21,fedavg_proto,0.5,1,24,200,16,16,0.1,val,server,9,45,603,648,True,0.5923346231803943
Tox21,fedavg_proto,0.5,1,24,200,16,16,0.1,val,server,10,92,495,587,True,0.8436978480456742
Tox21,fedavg_proto,0.5,1,24,200,16,16,0.1,val,server,11,42,636,678,True,0.7817460317460317
Tox21,fedavg_proto,0.5,1,24,200,16,16,0.1,val,client_0,0,31,696,727,True,0.7989432703003336
Tox21,fedavg_proto,0.5,1,24,200,16,16,0.1,val,client_0,1,23,652,675,True,0.7622032542011203
Tox21,fedavg_proto,0.5,1,24,200,16,16,0.1,val,client_0,2,74,567,641,True,0.8136708136708137
Tox21,fedavg_proto,0.5,1,24,200,16,16,0.1,val,client_0,3,19,546,565,True,0.7593021014073645
Tox21,fedavg_proto,0.5,1,24,200,16,16,0.1,val,client_0,4,82,541,623,True,0.6886975339254318
Tox21,fedavg_proto,0.5,1,24,200,16,16,0.1,val,client_0,5,30,657,687,True,0.7822425164890918
Tox21,fedavg_proto,0.5,1,24,200,16,16,0.1,val,client_0,6,21,612,633,True,0.6545284780578898
Tox21,fedavg_proto,0.5,1,24,200,16,16,0.1,val,client_0,7,96,492,588,True,0.6999491869918699
Tox21,fedavg_proto,0.5,1,24,200,16,16,0.1,val,client_0,8,30,677,707,True,0.7892663712456918
Tox21,fedavg_proto,0.5,1,24,200,16,16,0.1,val,client_0,9,45,603,648,True,0.5767090473558134
Tox21,fedavg_proto,0.5,1,24,200,16,16,0.1,val,client_0,10,92,495,587,True,0.8312033377250768
Tox21,fedavg_proto,0.5,1,24,200,16,16,0.1,val,client_0,11,42,636,678,True,0.7812219227313567
Tox21,fedavg_proto,0.5,1,24,200,16,16,0.1,val,client_1,0,31,696,727,True,0.778550241008528
Tox21,fedavg_proto,0.5,1,24,200,16,16,0.1,val,client_1,1,23,652,675,True,0.7518671645772206
Tox21,fedavg_proto,0.5,1,24,200,16,16,0.1,val,client_1,2,74,567,641,True,0.7718194384861051
Tox21,fedavg_proto,0.5,1,24,200,16,16,0.1,val,client_1,3,19,546,565,True,0.7566994409099672
Tox21,fedavg_proto,0.5,1,24,200,16,16,0.1,val,client_1,4,82,541,623,True,0.7123213561155943
Tox21,fedavg_proto,0.5,1,24,200,16,16,0.1,val,client_1,5,30,657,687,True,0.8058853373921868
Tox21,fedavg_proto,0.5,1,24,200,16,16,0.1,val,client_1,6,21,612,633,True,0.6171802054154996
Tox21,fedavg_proto,0.5,1,24,200,16,16,0.1,val,client_1,7,96,492,588,True,0.682079945799458
Tox21,fedavg_proto,0.5,1,24,200,16,16,0.1,val,client_1,8,30,677,707,True,0.7476612506154604
Tox21,fedavg_proto,0.5,1,24,200,16,16,0.1,val,client_1,9,45,603,648,True,0.6006264971439101
Tox21,fedavg_proto,0.5,1,24,200,16,16,0.1,val,client_1,10,92,495,587,True,0.843939393939394
Tox21,fedavg_proto,0.5,1,24,200,16,16,0.1,val,client_1,11,42,636,678,True,0.7591719077568135
Tox21,fedavg_proto,0.5,1,24,200,16,16,0.1,val,client_2,0,31,696,727,True,0.7798016314423434
Tox21,fedavg_proto,0.5,1,24,200,16,16,0.1,val,client_2,1,23,652,675,True,0.7637369965324086
Tox21,fedavg_proto,0.5,1,24,200,16,16,0.1,val,client_2,2,74,567,641,True,0.7861909528576194
Tox21,fedavg_proto,0.5,1,24,200,16,16,0.1,val,client_2,3,19,546,565,True,0.7752072488914594
Tox21,fedavg_proto,0.5,1,24,200,16,16,0.1,val,client_2,4,82,541,623,True,0.6956178711509851
Tox21,fedavg_proto,0.5,1,24,200,16,16,0.1,val,client_2,5,30,657,687,True,0.7904616945712837
Tox21,fedavg_proto,0.5,1,24,200,16,16,0.1,val,client_2,6,21,612,633,True,0.6452692187986305
Tox21,fedavg_proto,0.5,1,24,200,16,16,0.1,val,client_2,7,96,492,588,True,0.6963711043360433
Tox21,fedavg_proto,0.5,1,24,200,16,16,0.1,val,client_2,8,30,677,707,True,0.7726735598227474
Tox21,fedavg_proto,0.5,1,24,200,16,16,0.1,val,client_2,9,45,603,648,True,0.5938455868804128
Tox21,fedavg_proto,0.5,1,24,200,16,16,0.1,val,client_2,10,92,495,587,True,0.8420948616600791
Tox21,fedavg_proto,0.5,1,24,200,16,16,0.1,val,client_2,11,42,636,678,True,0.8010257562144354
Tox21,fedavg_proto,0.5,1,24,200,16,16,0.1,val,client_3,0,31,696,727,True,0.7710418984056359
Tox21,fedavg_proto,0.5,1,24,200,16,16,0.1,val,client_3,1,23,652,675,True,0.759935982928781
Tox21,fedavg_proto,0.5,1,24,200,16,16,0.1,val,client_3,2,74,567,641,True,0.757972257972258
Tox21,fedavg_proto,0.5,1,24,200,16,16,0.1,val,client_3,3,19,546,565,True,0.7702911123963756
Tox21,fedavg_proto,0.5,1,24,200,16,16,0.1,val,client_3,4,82,541,623,True,0.6990216852260944
Tox21,fedavg_proto,0.5,1,24,200,16,16,0.1,val,client_3,5,30,657,687,True,0.7845763571790969
Tox21,fedavg_proto,0.5,1,24,200,16,16,0.1,val,client_3,6,21,612,633,True,0.6238717709305943
Tox21,fedavg_proto,0.5,1,24,200,16,16,0.1,val,client_3,7,96,492,588,True,0.6880716463414633
Tox21,fedavg_proto,0.5,1,24,200,16,16,0.1,val,client_3,8,30,677,707,True,0.7479074347612014
Tox21,fedavg_proto,0.5,1,24,200,16,16,0.1,val,client_3,9,45,603,648,True,0.5836005159388244
Tox21,fedavg_proto,0.5,1,24,200,16,16,0.1,val,client_3,10,92,495,587,True,0.8521739130434783
Tox21,fedavg_proto,0.5,1,24,200,16,16,0.1,val,client_3,11,42,636,678,True,0.7695417789757412
Tox21,fedavg_proto,0.5,1,24,200,16,16,0.1,test,server,0,32,693,725,True,0.8073142135642136
Tox21,fedavg_proto,0.5,1,24,200,16,16,0.1,test,server,1,33,646,679,True,0.8784595177784034
Tox21,fedavg_proto,0.5,1,24,200,16,16,0.1,test,server,2,77,572,649,True,0.8045363727181909
Tox21,fedavg_proto,0.5,1,24,200,16,16,0.1,test,server,3,38,538,576,True,0.71463510076306
Tox21,fedavg_proto,0.5,1,24,200,16,16,0.1,test,server,4,80,531,611,True,0.6991525423728813
Tox21,fedavg_proto,0.5,1,24,200,16,16,0.1,test,server,5,34,647,681,True,0.760160014546777
Tox21,fedavg_proto,0.5,1,24,200,16,16,0.1,test,server,6,21,617,638,True,0.7280234622211932
Tox21,fedavg_proto,0.5,1,24,200,16,16,0.1,test,server,7,95,494,589,True,0.7568293202642233
Tox21,fedavg_proto,0.5,1,24,200,16,16,0.1,test,server,8,32,670,702,True,0.7630597014925373
Tox21,fedavg_proto,0.5,1,24,200,16,16,0.1,test,server,9,36,621,657,True,0.6698872785829307
Tox21,fedavg_proto,0.5,1,24,200,16,16,0.1,test,server,10,93,485,578,True,0.809045560359162
Tox21,fedavg_proto,0.5,1,24,200,16,16,0.1,test,server,11,48,624,672,True,0.7417868589743589
Tox21,fedavg_proto,0.5,1,24,200,16,16,0.1,test,client_0,0,32,693,725,True,0.7890963203463204
Tox21,fedavg_proto,0.5,1,24,200,16,16,0.1,test,client_0,1,33,646,679,True,0.877146073740501
Tox21,fedavg_proto,0.5,1,24,200,16,16,0.1,test,client_0,2,77,572,649,True,0.8151394060484969
Tox21,fedavg_proto,0.5,1,24,200,16,16,0.1,test,client_0,3,38,538,576,True,0.6961944824887497
Tox21,fedavg_proto,0.5,1,24,200,16,16,0.1,test,client_0,4,80,531,611,True,0.6938794726930321
Tox21,fedavg_proto,0.5,1,24,200,16,16,0.1,test,client_0,5,34,647,681,True,0.7527502500227294
Tox21,fedavg_proto,0.5,1,24,200,16,16,0.1,test,client_0,6,21,617,638,True,0.7456973064752643
Tox21,fedavg_proto,0.5,1,24,200,16,16,0.1,test,client_0,7,95,494,589,True,0.7628169614319198
Tox21,fedavg_proto,0.5,1,24,200,16,16,0.1,test,client_0,8,32,670,702,True,0.7723880597014925
Tox21,fedavg_proto,0.5,1,24,200,16,16,0.1,test,client_0,9,36,621,657,True,0.6620146716765075
Tox21,fedavg_proto,0.5,1,24,200,16,16,0.1,test,client_0,10,93,485,578,True,0.7966079148653142
Tox21,fedavg_proto,0.5,1,24,200,16,16,0.1,test,client_0,11,48,624,672,True,0.7447248931623931
Tox21,fedavg_proto,0.5,1,24,200,16,16,0.1,test,client_1,0,32,693,725,True,0.8014520202020201
Tox21,fedavg_proto,0.5,1,24,200,16,16,0.1,test,client_1,1,33,646,679,True,0.8687494136410545
Tox21,fedavg_proto,0.5,1,24,200,16,16,0.1,test,client_1,2,77,572,649,True,0.7937517028426119
Tox21,fedavg_proto,0.5,1,24,200,16,16,0.1,test,client_1,3,38,538,576,True,0.6995206417530815
Tox21,fedavg_proto,0.5,1,24,200,16,16,0.1,test,client_1,4,80,531,611,True,0.7062617702448211
Tox21,fedavg_proto,0.5,1,24,200,16,16,0.1,test,client_1,5,34,647,681,True,0.7657514319483589
Tox21,fedavg_proto,0.5,1,24,200,16,16,0.1,test,client_1,6,21,617,638,True,0.7173728486532376
Tox21,fedavg_proto,0.5,1,24,200,16,16,0.1,test,client_1,7,95,494,589,True,0.7351587470701044
Tox21,fedavg_proto,0.5,1,24,200,16,16,0.1,test,client_1,8,32,670,702,True,0.7553638059701492
Tox21,fedavg_proto,0.5,1,24,200,16,16,0.1,test,client_1,9,36,621,657,True,0.6652800143138307
Tox21,fedavg_proto,0.5,1,24,200,16,16,0.1,test,client_1,10,93,485,578,True,0.8082474226804124
Tox21,fedavg_proto,0.5,1,24,200,16,16,0.1,test,client_1,11,48,624,672,True,0.7231236645299145
Tox21,fedavg_proto,0.5,1,24,200,16,16,0.1,test,client_2,0,32,693,725,True,0.8170544733044733
Tox21,fedavg_proto,0.5,1,24,200,16,16,0.1,test,client_2,1,33,646,679,True,0.8828220283328643
Tox21,fedavg_proto,0.5,1,24,200,16,16,0.1,test,client_2,2,77,572,649,True,0.7969076378167288
Tox21,fedavg_proto,0.5,1,24,200,16,16,0.1,test,client_2,3,38,538,576,True,0.7128741929172373
Tox21,fedavg_proto,0.5,1,24,200,16,16,0.1,test,client_2,4,80,531,611,True,0.6955979284369115
Tox21,fedavg_proto,0.5,1,24,200,16,16,0.1,test,client_2,5,34,647,681,True,0.7520683698518046
Tox21,fedavg_proto,0.5,1,24,200,16,16,0.1,test,client_2,6,21,617,638,True,0.7384425407115844
Tox21,fedavg_proto,0.5,1,24,200,16,16,0.1,test,client_2,7,95,494,589,True,0.7551672704027276
Tox21,fedavg_proto,0.5,1,24,200,16,16,0.1,test,client_2,8,32,670,702,True,0.764598880597015
Tox21,fedavg_proto,0.5,1,24,200,16,16,0.1,test,client_2,9,36,621,657,True,0.6697530864197531
Tox21,fedavg_proto,0.5,1,24,200,16,16,0.1,test,client_2,10,93,485,578,True,0.8060968850460037
Tox21,fedavg_proto,0.5,1,24,200,16,16,0.1,test,client_2,11,48,624,672,True,0.7464943910256411
Tox21,fedavg_proto,0.5,1,24,200,16,16,0.1,test,client_3,0,32,693,725,True,0.8239989177489178
Tox21,fedavg_proto,0.5,1,24,200,16,16,0.1,test,client_3,1,33,646,679,True,0.8534102636269819
Tox21,fedavg_proto,0.5,1,24,200,16,16,0.1,test,client_3,2,77,572,649,True,0.7866905821451274
Tox21,fedavg_proto,0.5,1,24,200,16,16,0.1,test,client_3,3,38,538,576,True,0.7477499510858933
Tox21,fedavg_proto,0.5,1,24,200,16,16,0.1,test,client_3,4,80,531,611,True,0.6944915254237287
Tox21,fedavg_proto,0.5,1,24,200,16,16,0.1,test,client_3,5,34,647,681,True,0.7477497954359488
Tox21,fedavg_proto,0.5,1,24,200,16,16,0.1,test,client_3,6,21,617,638,True,0.7032492089218183
Tox21,fedavg_proto,0.5,1,24,200,16,16,0.1,test,client_3,7,95,494,589,True,0.7513317707223525
Tox21,fedavg_proto,0.5,1,24,200,16,16,0.1,test,client_3,8,32,670,702,True,0.7396455223880597
Tox21,fedavg_proto,0.5,1,24,200,16,16,0.1,test,client_3,9,36,621,657,True,0.6782519234210055
Tox21,fedavg_proto,0.5,1,24,200,16,16,0.1,test,client_3,10,93,485,578,True,0.8154971732623878
Tox21,fedavg_proto,0.5,1,24,200,16,16,0.1,test,client_3,11,48,624,672,True,0.73046875
Tox21,fedavg_proto,0.5,1,25,200,16,16,0.1,val,server,0,31,696,727,True,0.7841583240637746
Tox21,fedavg_proto,0.5,1,25,200,16,16,0.1,val,server,1,23,652,675,True,0.7627367297946119
Tox21,fedavg_proto,0.5,1,25,200,16,16,0.1,val,server,2,74,567,641,True,0.7921016254349588
Tox21,fedavg_proto,0.5,1,25,200,16,16,0.1,val,server,3,19,546,565,True,0.7626759205706574
Tox21,fedavg_proto,0.5,1,25,200,16,16,0.1,val,server,4,82,541,623,True,0.7081511203282089
Tox21,fedavg_proto,0.5,1,25,200,16,16,0.1,val,server,5,30,657,687,True,0.8026889903602232
Tox21,fedavg_proto,0.5,1,25,200,16,16,0.1,val,server,6,21,612,633,True,0.6357765328353564
Tox21,fedavg_proto,0.5,1,25,200,16,16,0.1,val,server,7,96,492,588,True,0.6925601287262872
Tox21,fedavg_proto,0.5,1,25,200,16,16,0.1,val,server,8,30,677,707,True,0.7717380600689315
Tox21,fedavg_proto,0.5,1,25,200,16,16,0.1,val,server,9,45,603,648,True,0.5897549290584116
Tox21,fedavg_proto,0.5,1,25,200,16,16,0.1,val,server,10,92,495,587,True,0.8468599033816425
Tox21,fedavg_proto,0.5,1,25,200,16,16,0.1,val,server,11,42,636,678,True,0.7739592692422881
Tox21,fedavg_proto,0.5,1,25,200,16,16,0.1,val,client_0,0,31,696,727,True,0.7917130144605117
Tox21,fedavg_proto,0.5,1,25,200,16,16,0.1,val,client_0,1,23,652,675,True,0.7650040010669512
Tox21,fedavg_proto,0.5,1,25,200,16,16,0.1,val,client_0,2,74,567,641,True,0.7672434339101006
Tox21,fedavg_proto,0.5,1,25,200,16,16,0.1,val,client_0,3,19,546,565,True,0.7438789280894544
Tox21,fedavg_proto,0.5,1,25,200,16,16,0.1,val,client_0,4,82,541,623,True,0.7087372075199495
Tox21,fedavg_proto,0.5,1,25,200,16,16,0.1,val,client_0,5,30,657,687,True,0.7886859462201927
Tox21,fedavg_proto,0.5,1,25,200,16,16,0.1,val,client_0,6,21,612,633,True,0.6495487083722378
Tox21,fedavg_proto,0.5,1,25,200,16,16,0.1,val,client_0,7,96,492,588,True,0.6810425135501355
Tox21,fedavg_proto,0.5,1,25,200,16,16,0.1,val,client_0,8,30,677,707,True,0.7617922205809946
Tox21,fedavg_proto,0.5,1,25,200,16,16,0.1,val,client_0,9,45,603,648,True,0.5626312880044224
Tox21,fedavg_proto,0.5,1,25,200,16,16,0.1,val,client_0,10,92,495,587,True,0.8259552042160737
Tox21,fedavg_proto,0.5,1,25,200,16,16,0.1,val,client_0,11,42,636,678,True,0.7433737646001797
Tox21,fedavg_proto,0.5,1,25,200,16,16,0.1,val,client_1,0,31,696,727,True,0.7796625880608082
Tox21,fedavg_proto,0.5,1,25,200,16,16,0.1,val,client_1,1,23,652,675,True,0.7572686049613231
Tox21,fedavg_proto,0.5,1,25,200,16,16,0.1,val,client_1,2,74,567,641,True,0.7845941179274513
Tox21,fedavg_proto,0.5,1,25,200,16,16,0.1,val,client_1,3,19,546,565,True,0.766338924233661
Tox21,fedavg_proto,0.5,1,25,200,16,16,0.1,val,client_1,4,82,541,623,True,0.7052432261845725
Tox21,fedavg_proto,0.5,1,25,200,16,16,0.1,val,client_1,5,30,657,687,True,0.8065449010654491
Tox21,fedavg_proto,0.5,1,25,200,16,16,0.1,val,client_1,6,21,612,633,True,0.627995642701525
Tox21,fedavg_proto,0.5,1,25,200,16,16,0.1,val,client_1,7,96,492,588,True,0.6877540650406505
Tox21,fedavg_proto,0.5,1,25,200,16,16,0.1,val,client_1,8,30,677,707,True,0.7612013786312163
Tox21,fedavg_proto,0.5,1,25,200,16,16,0.1,val,client_1,9,45,603,648,True,0.6138566427123641
Tox21,fedavg_proto,0.5,1,25,200,16,16,0.1,val,client_1,10,92,495,587,True,0.8437856829161178
Tox21,fedavg_proto,0.5,1,25,200,16,16,0.1,val,client_1,11,42,636,678,True,0.7712264150943396
Tox21,fedavg_proto,0.5,1,25,200,16,16,0.1,val,client_2,0,31,696,727,True,0.7829069336299592
Tox21,fedavg_proto,0.5,1,25,200,16,16,0.1,val,client_2,1,23,652,675,True,0.7601360362763404
Tox21,fedavg_proto,0.5,1,25,200,16,16,0.1,val,client_2,2,74,567,641,True,0.7997997997997998
Tox21,fedavg_proto,0.5,1,25,200,16,16,0.1,val,client_2,3,19,546,565,True,0.7807017543859649
Tox21,fedavg_proto,0.5,1,25,200,16,16,0.1,val,client_2,4,82,541,623,True,0.7024931247464046
Tox21,fedavg_proto,0.5,1,25,200,16,16,0.1,val,client_2,5,30,657,687,True,0.8026889903602231
Tox21,fedavg_proto,0.5,1,25,200,16,16,0.1,val,client_2,6,21,612,633,True,0.6353874883286649
Tox21,fedavg_proto,0.5,1,25,200,16,16,0.1,val,client_2,7,96,492,588,True,0.689871273712737
Tox21,fedavg_proto,0.5,1,25,200,16,16,0.1,val,client_2,8,30,677,707,True,0.7765632693254554
Tox21,fedavg_proto,0.5,1,25,200,16,16,0.1,val,client_2,9,45,603,648,True,0.5826423438363737
Tox21,fedavg_proto,0.5,1,25,200,16,16,0.1,val,client_2,10,92,495,587,True,0.8440272288098375
Tox21,fedavg_proto,0.5,1,25,200,16,16,0.1,val,client_2,11,42,636,678,True,0.7816711590296497
Tox21,fedavg_proto,0.5,1,25,200,16,16,0.1,val,client_3,0,31,696,727,True,0.7777159807193178
Tox21,fedavg_proto,0.5,1,25,200,16,16,0.1,val,client_3,1,23,652,675,True,0.7558682315284075
Tox21,fedavg_proto,0.5,1,25,200,16,16,0.1,val,client_3,2,74,567,641,True,0.7917441250774584
Tox21,fedavg_proto,0.5,1,25,200,16,16,0.1,val,client_3,3,19,546,565,True,0.7662425294004241
Tox21,fedavg_proto,0.5,1,25,200,16,16,0.1,val,client_3,4,82,541,623,True,0.699630314232902
Tox21,fedavg_proto,0.5,1,25,200,16,16,0.1,val,client_3,5,30,657,687,True,0.793150684931507
Tox21,fedavg_proto,0.5,1,25,200,16,16,0.1,val,client_3,6,21,612,633,True,0.6196700902583255
Tox21,fedavg_proto,0.5,1,25,200,16,16,0.1,val,client_3,7,96,492,588,True,0.694042174796748
Tox21,fedavg_proto,0.5,1,25,200,16,16,0.1,val,client_3,8,30,677,707,True,0.764795667159035
Tox21,fedavg_proto,0.5,1,25,200,16,16,0.1,val,client_3,9,45,603,648,True,0.592482034273079
Tox21,fedavg_proto,0.5,1,25,200,16,16,0.1,val,client_3,10,92,495,587,True,0.8547650417215634
Tox21,fedavg_proto,0.5,1,25,200,16,16,0.1,val,client_3,11,42,636,678,True,0.7793501048218029
Tox21,fedavg_proto,0.5,1,25,200,16,16,0.1,test,server,0,32,693,725,True,0.8096139971139971
Tox21,fedavg_proto,0.5,1,25,200,16,16,0.1,test,server,1,33,646,679,True,0.8776151608968946
Tox21,fedavg_proto,0.5,1,25,200,16,16,0.1,test,server,2,77,572,649,True,0.8059213513758967
Tox21,fedavg_proto,0.5,1,25,200,16,16,0.1,test,server,3,38,538,576,True,0.7097926041870475
Tox21,fedavg_proto,0.5,1,25,200,16,16,0.1,test,server,4,80,531,611,True,0.7037193973634651
Tox21,fedavg_proto,0.5,1,25,200,16,16,0.1,test,server,5,34,647,681,True,0.763069369942722
Tox21,fedavg_proto,0.5,1,25,200,16,16,0.1,test,server,6,21,617,638,True,0.7314964883846569
Tox21,fedavg_proto,0.5,1,25,200,16,16,0.1,test,server,7,95,494,589,True,0.7513317707223525
Tox21,fedavg_proto,0.5,1,25,200,16,16,0.1,test,server,8,32,670,702,True,0.7589085820895523
Tox21,fedavg_proto,0.5,1,25,200,16,16,0.1,test,server,9,36,621,657,True,0.6685006262300949
Tox21,fedavg_proto,0.5,1,25,200,16,16,0.1,test,server,10,93,485,578,True,0.8118168717437091
Tox21,fedavg_proto,0.5,1,25,200,16,16,0.1,test,server,11,48,624,672,True,0.7312700320512822
Tox21,fedavg_proto,0.5,1,25,200,16,16,0.1,test,client_0,0,32,693,725,True,0.8095238095238095
Tox21,fedavg_proto,0.5,1,25,200,16,16,0.1,test,client_0,1,33,646,679,True,0.8771929824561404
Tox21,fedavg_proto,0.5,1,25,200,16,16,0.1,test,client_0,2,77,572,649,True,0.7862364907819452
Tox21,fedavg_proto,0.5,1,25,200,16,16,0.1,test,client_0,3,38,538,576,True,0.7059773038544316
Tox21,fedavg_proto,0.5,1,25,200,16,16,0.1,test,client_0,4,80,531,611,True,0.6967984934086628
Tox21,fedavg_proto,0.5,1,25,200,16,16,0.1,test,client_0,5,34,647,681,True,0.7654332212019274
Tox21,fedavg_proto,0.5,1,25,200,16,16,0.1,test,client_0,6,21,617,638,True,0.7341205525970518
Tox21,fedavg_proto,0.5,1,25,200,16,16,0.1,test,client_0,7,95,494,589,True,0.7496910291924141
Tox21,fedavg_proto,0.5,1,25,200,16,16,0.1,test,client_0,8,32,670,702,True,0.7486473880597014
Tox21,fedavg_proto,0.5,1,25,200,16,16,0.1,test,client_0,9,36,621,657,True,0.676149579531222
Tox21,fedavg_proto,0.5,1,25,200,16,16,0.1,test,client_0,10,93,485,578,True,0.7851457709788273
Tox21,fedavg_proto,0.5,1,25,200,16,16,0.1,test,client_0,11,48,624,672,True,0.7185496794871794
Tox21,fedavg_proto,0.5,1,25,200,16,16,0.1,test,client_1,0,32,693,725,True,0.8000541125541125
Tox21,fedavg_proto,0.5,1,25,200,16,16,0.1,test,client_1,1,33,646,679,True,0.8757857209869594
Tox21,fedavg_proto,0.5,1,25,200,16,16,0.1,test,client_1,2,77,572,649,True,0.8031513940604849
Tox21,fedavg_proto,0.5,1,25,200,16,16,0.1,test,client_1,3,38,538,576,True,0.7015261201330464
Tox21,fedavg_proto,0.5,1,25,200,16,16,0.1,test,client_1,4,80,531,611,True,0.7004943502824859
Tox21,fedavg_proto,0.5,1,25,200,16,16,0.1,test,client_1,5,34,647,681,True,0.767387944358578
Tox21,fedavg_proto,0.5,1,25,200,16,16,0.1,test,client_1,6,21,617,638,True,0.7328856988500424
Tox21,fedavg_proto,0.5,1,25,200,16,16,0.1,test,client_1,7,95,494,589,True,0.7424675047943746
Tox21,fedavg_proto,0.5,1,25,200,16,16,0.1,test,client_1,8,32,670,702,True,0.7720149253731344
Tox21,fedavg_proto,0.5,1,25,200,16,16,0.1,test,client_1,9,36,621,657,True,0.6766863481839327
Tox21,fedavg_proto,0.5,1,25,200,16,16,0.1,test,client_1,10,93,485,578,True,0.8143443077264161
Tox21,fedavg_proto,0.5,1,25,200,16,16,0.1,test,client_1,11,48,624,672,True,0.7340411324786325
Tox21,fedavg_proto,0.5,1,25,200,16,16,0.1,test,client_2,0,32,693,725,True,0.8021284271284271
Tox21,fedavg_proto,0.5,1,25,200,16,16,0.1,test,client_2,1,33,646,679,True,0.8777089783281733
Tox21,fedavg_proto,0.5,1,25,200,16,16,0.1,test,client_2,2,77,572,649,True,0.8093043320316048
Tox21,fedavg_proto,0.5,1,25,200,16,16,0.1,test,client_2,3,38,538,576,True,0.7011348072784191
Tox21,fedavg_proto,0.5,1,25,200,16,16,0.1,test,client_2,4,80,531,611,True,0.703060263653484
Tox21,fedavg_proto,0.5,1,25,200,16,16,0.1,test,client_2,5,34,647,681,True,0.7538867169742703
Tox21,fedavg_proto,0.5,1,25,200,16,16,0.1,test,client_2,6,21,617,638,True,0.7401404646137223
Tox21,fedavg_proto,0.5,1,25,200,16,16,0.1,test,client_2,7,95,494,589,True,0.7465160877903261
Tox21,fedavg_proto,0.5,1,25,200,16,16,0.1,test,client_2,8,32,670,702,True,0.7534048507462686
Tox21,fedavg_proto,0.5,1,25,200,16,16,0.1,test,client_2,9,36,621,657,True,0.6530237967436034
Tox21,fedavg_proto,0.5,1,25,200,16,16,0.1,test,client_2,10,93,485,578,True,0.8147212060747147
Tox21,fedavg_proto,0.5,1,25,200,16,16,0.1,test,client_2,11,48,624,672,True,0.722389155982906
Tox21,fedavg_proto,0.5,1,25,200,16,16,0.1,test,client_3,0,32,693,725,True,0.8262085137085137
Tox21,fedavg_proto,0.5,1,25,200,16,16,0.1,test,client_3,1,33,646,679,True,0.8664039778590863
Tox21,fedavg_proto,0.5,1,25,200,16,16,0.1,test,client_3,2,77,572,649,True,0.8050585777858505
Tox21,fedavg_proto,0.5,1,25,200,16,16,0.1,test,client_3,3,38,538,576,True,0.7277440813930738
Tox21,fedavg_proto,0.5,1,25,200,16,16,0.1,test,client_3,4,80,531,611,True,0.7044491525423728
Tox21,fedavg_proto,0.5,1,25,200,16,16,0.1,test,client_3,5,34,647,681,True,0.7477497954359488
Tox21,fedavg_proto,0.5,1,25,200,16,16,0.1,test,client_3,6,21,617,638,True,0.7134367523346453
Tox21,fedavg_proto,0.5,1,25,200,16,16,0.1,test,client_3,7,95,494,589,True,0.7506712124440655
Tox21,fedavg_proto,0.5,1,25,200,16,16,0.1,test,client_3,8,32,670,702,True,0.753964552238806
Tox21,fedavg_proto,0.5,1,25,200,16,16,0.1,test,client_3,9,36,621,657,True,0.6644301306137056
Tox21,fedavg_proto,0.5,1,25,200,16,16,0.1,test,client_3,10,93,485,578,True,0.8175590289324909
Tox21,fedavg_proto,0.5,1,25,200,16,16,0.1,test,client_3,11,48,624,672,True,0.7393162393162394
Tox21,fedavg_proto,0.5,1,26,200,16,16,0.1,val,server,0,31,696,727,True,0.781887282165369
Tox21,fedavg_proto,0.5,1,26,200,16,16,0.1,val,server,1,23,652,675,True,0.7638703654307816
Tox21,fedavg_proto,0.5,1,26,200,16,16,0.1,val,server,2,74,567,641,True,0.7919824586491253
Tox21,fedavg_proto,0.5,1,26,200,16,16,0.1,val,server,3,19,546,565,True,0.7718334297281665
Tox21,fedavg_proto,0.5,1,26,200,16,16,0.1,val,server,4,82,541,623,True,0.7069113204995265
Tox21,fedavg_proto,0.5,1,26,200,16,16,0.1,val,server,5,30,657,687,True,0.8002029426686961
Tox21,fedavg_proto,0.5,1,26,200,16,16,0.1,val,server,6,21,612,633,True,0.6378773731714907
Tox21,fedavg_proto,0.5,1,26,200,16,16,0.1,val,server,7,96,492,588,True,0.6944656165311652
Tox21,fedavg_proto,0.5,1,26,200,16,16,0.1,val,server,8,30,677,707,True,0.7734613490891187
Tox21,fedavg_proto,0.5,1,26,200,16,16,0.1,val,server,9,45,603,648,True,0.594103556292611
Tox21,fedavg_proto,0.5,1,26,200,16,16,0.1,val,server,10,92,495,587,True,0.8496925779534475
Tox21,fedavg_proto,0.5,1,26,200,16,16,0.1,val,server,11,42,636,678,True,0.7805106319257262
Tox21,fedavg_proto,0.5,1,26,200,16,16,0.1,val,client_0,0,31,696,727,True,0.7885613644790508
Tox21,fedavg_proto,0.5,1,26,200,16,16,0.1,val,client_0,1,23,652,675,True,0.762469991997866
Tox21,fedavg_proto,0.5,1,26,200,16,16,0.1,val,client_0,2,74,567,641,True,0.7784689451356118
Tox21,fedavg_proto,0.5,1,26,200,16,16,0.1,val,client_0,3,19,546,565,True,0.7605552342394448
Tox21,fedavg_proto,0.5,1,26,200,16,16,0.1,val,client_0,4,82,541,623,True,0.7065957350885893
Tox21,fedavg_proto,0.5,1,26,200,16,16,0.1,val,client_0,5,30,657,687,True,0.7883307965499746
Tox21,fedavg_proto,0.5,1,26,200,16,16,0.1,val,client_0,6,21,612,633,True,0.6513383131030189
Tox21,fedavg_proto,0.5,1,26,200,16,16,0.1,val,client_0,7,96,492,588,True,0.6875846883468835
Tox21,fedavg_proto,0.5,1,26,200,16,16,0.1,val,client_0,8,30,677,707,True,0.7683407188577056
Tox21,fedavg_proto,0.5,1,26,200,16,16,0.1,val,client_0,9,45,603,648,True,0.5719550396167312
Tox21,fedavg_proto,0.5,1,26,200,16,16,0.1,val,client_0,10,92,495,587,True,0.8367808519982433
Tox21,fedavg_proto,0.5,1,26,200,16,16,0.1,val,client_0,11,42,636,678,True,0.7625037436358191
Tox21,fedavg_proto,0.5,1,26,200,16,16,0.1,val,client_1,0,31,696,727,True,0.7867538005190953
Tox21,fedavg_proto,0.5,1,26,200,16,16,0.1,val,client_1,1,23,652,675,True,0.7596025606828487
Tox21,fedavg_proto,0.5,1,26,200,16,16,0.1,val,client_1,2,74,567,641,True,0.7893369560036226
Tox21,fedavg_proto,0.5,1,26,200,16,16,0.1,val,client_1,3,19,546,565,True,0.771158665895508
Tox21,fedavg_proto,0.5,1,26,200,16,16,0.1,val,client_1,4,82,541,623,True,0.7029439610477437
Tox21,fedavg_proto,0.5,1,26,200,16,16,0.1,val,client_1,5,30,657,687,True,0.801877219685439
Tox21,fedavg_proto,0.5,1,26,200,16,16,0.1,val,client_1,6,21,612,633,True,0.6212262682850918
Tox21,fedavg_proto,0.5,1,26,200,16,16,0.1,val,client_1,7,96,492,588,True,0.6891514227642277
Tox21,fedavg_proto,0.5,1,26,200,16,16,0.1,val,client_1,8,30,677,707,True,0.7685869030034466
Tox21,fedavg_proto,0.5,1,26,200,16,16,0.1,val,client_1,9,45,603,648,True,0.6210797862539157
Tox21,fedavg_proto,0.5,1,26,200,16,16,0.1,val,client_1,10,92,495,587,True,0.8436539306104524
Tox21,fedavg_proto,0.5,1,26,200,16,16,0.1,val,client_1,11,42,636,678,True,0.7784141958670261
Tox21,fedavg_proto,0.5,1,26,200,16,16,0.1,val,client_2,0,31,696,727,True,0.7771134593993326
Tox21,fedavg_proto,0.5,1,26,200,16,16,0.1,val,client_2,1,23,652,675,True,0.7700720192051215
Tox21,fedavg_proto,0.5,1,26,200,16,16,0.1,val,client_2,2,74,567,641,True,0.7909099575766242
Tox21,fedavg_proto,0.5,1,26,200,16,16,0.1,val,client_2,3,19,546,565,True,0.7789666473877
Tox21,fedavg_proto,0.5,1,26,200,16,16,0.1,val,client_2,4,82,541,623,True,0.6978945944727468
Tox21,fedavg_proto,0.5,1,26,200,16,16,0.1,val,client_2,5,30,657,687,True,0.79558599695586
Tox21,fedavg_proto,0.5,1,26,200,16,16,0.1,val,client_2,6,21,612,633,True,0.6525054466230936
Tox21,fedavg_proto,0.5,1,26,200,16,16,0.1,val,client_2,7,96,492,588,True,0.6953548441734416
Tox21,fedavg_proto,0.5,1,26,200,16,16,0.1,val,client_2,8,30,677,707,True,0.7770556376169374
Tox21,fedavg_proto,0.5,1,26,200,16,16,0.1,val,client_2,9,45,603,648,True,0.5984521835268104
Tox21,fedavg_proto,0.5,1,26,200,16,16,0.1,val,client_2,10,92,495,587,True,0.8421607378129118
Tox21,fedavg_proto,0.5,1,26,200,16,16,0.1,val,client_2,11,42,636,678,True,0.7954477388439652
Tox21,fedavg_proto,0.5,1,26,200,16,16,0.1,val,client_3,0,31,696,727,True,0.7762328513162773
Tox21,fedavg_proto,0.5,1,26,200,16,16,0.1,val,client_3,1,23,652,675,True,0.7607361963190185
Tox21,fedavg_proto,0.5,1,26,200,16,16,0.1,val,client_3,2,74,567,641,True,0.7871919538586205
Tox21,fedavg_proto,0.5,1,26,200,16,16,0.1,val,client_3,3,19,546,565,True,0.7630614999036051
Tox21,fedavg_proto,0.5,1,26,200,16,16,0.1,val,client_3,4,82,541,623,True,0.7031919210134799
Tox21,fedavg_proto,0.5,1,26,200,16,16,0.1,val,client_3,5,30,657,687,True,0.7922881785895486
Tox21,fedavg_proto,0.5,1,26,200,16,16,0.1,val,client_3,6,21,612,633,True,0.6197478991596639
Tox21,fedavg_proto,0.5,1,26,200,16,16,0.1,val,client_3,7,96,492,588,True,0.6913533197831978
Tox21,fedavg_proto,0.5,1,26,200,16,16,0.1,val,client_3,8,30,677,707,True,0.760167405219104
Tox21,fedavg_proto,0.5,1,26,200,16,16,0.1,val,client_3,9,45,603,648,True,0.5844112769485903
Tox21,fedavg_proto,0.5,1,26,200,16,16,0.1,val,client_3,10,92,495,587,True,0.8581686429512515
Tox21,fedavg_proto,0.5,1,26,200,16,16,0.1,val,client_3,11,42,636,678,True,0.7726489967056005
Tox21,fedavg_proto,0.5,1,26,200,16,16,0.1,test,server,0,32,693,725,True,0.826118326118326
Tox21,fedavg_proto,0.5,1,26,200,16,16,0.1,test,server,1,33,646,679,True,0.8806642274134535
Tox21,fedavg_proto,0.5,1,26,200,16,16,0.1,test,server,2,77,572,649,True,0.8088956498047407
Tox21,fedavg_proto,0.5,1,26,200,16,16,0.1,test,server,3,38,538,576,True,0.7230972412443748
Tox21,fedavg_proto,0.5,1,26,200,16,16,0.1,test,server,4,80,531,611,True,0.6992937853107344
Tox21,fedavg_proto,0.5,1,26,200,16,16,0.1,test,server,5,34,647,681,True,0.7602963905809619
Tox21,fedavg_proto,0.5,1,26,200,16,16,0.1,test,server,6,21,617,638,True,0.7330400555684187
Tox21,fedavg_proto,0.5,1,26,200,16,16,0.1,test,server,7,95,494,589,True,0.7560835286597059
Tox21,fedavg_proto,0.5,1,26,200,16,16,0.1,test,server,8,32,670,702,True,0.7672108208955224
Tox21,fedavg_proto,0.5,1,26,200,16,16,0.1,test,server,9,36,621,657,True,0.6822776883163356
Tox21,fedavg_proto,0.5,1,26,200,16,16,0.1,test,server,10,93,485,578,True,0.8138343864316595
Tox21,fedavg_proto,0.5,1,26,200,16,16,0.1,test,server,11,48,624,672,True,0.740451388888889
Tox21,fedavg_proto,0.5,1,26,200,16,16,0.1,test,client_0,0,32,693,725,True,0.8253968253968255
Tox21,fedavg_proto,0.5,1,26,200,16,16,0.1,test,client_0,1,33,646,679,True,0.8785064264940426
Tox21,fedavg_proto,0.5,1,26,200,16,16,0.1,test,client_0,2,77,572,649,True,0.7966124784306604
Tox21,fedavg_proto,0.5,1,26,200,16,16,0.1,test,client_0,3,38,538,576,True,0.7236352964194874
Tox21,fedavg_proto,0.5,1,26,200,16,16,0.1,test,client_0,4,80,531,611,True,0.6941854990583805
Tox21,fedavg_proto,0.5,1,26,200,16,16,0.1,test,client_0,5,34,647,681,True,0.7605236839712701
Tox21,fedavg_proto,0.5,1,26,200,16,16,0.1,test,client_0,6,21,617,638,True,0.734352087674616
Tox21,fedavg_proto,0.5,1,26,200,16,16,0.1,test,client_0,7,95,494,589,True,0.7590666950777754
Tox21,fedavg_proto,0.5,1,26,200,16,16,0.1,test,client_0,8,32,670,702,True,0.7525652985074627
Tox21,fedavg_proto,0.5,1,26,200,16,16,0.1,test,client_0,9,36,621,657,True,0.6830828412954018
Tox21,fedavg_proto,0.5,1,26,200,16,16,0.1,test,client_0,10,93,485,578,True,0.792129475667886
Tox21,fedavg_proto,0.5,1,26,200,16,16,0.1,test,client_0,11,48,624,672,True,0.7316706730769231
Tox21,fedavg_proto,0.5,1,26,200,16,16,0.1,test,client_1,0,32,693,725,True,0.8121843434343434
Tox21,fedavg_proto,0.5,1,26,200,16,16,0.1,test,client_1,1,33,646,679,True,0.8806642274134535
Tox21,fedavg_proto,0.5,1,26,200,16,16,0.1,test,client_1,2,77,572,649,True,0.8042185087639633
Tox21,fedavg_proto,0.5,1,26,200,16,16,0.1,test,client_1,3,38,538,576,True,0.69956955585991
Tox21,fedavg_proto,0.5,1,26,200,16,16,0.1,test,client_1,4,80,531,611,True,0.6999764595103579
Tox21,fedavg_proto,0.5,1,26,200,16,16,0.1,test,client_1,5,34,647,681,True,0.7592053823074825
Tox21,fedavg_proto,0.5,1,26,200,16,16,0.1,test,client_1,6,21,617,638,True,0.7458516631936405
Tox21,fedavg_proto,0.5,1,26,200,16,16,0.1,test,client_1,7,95,494,589,True,0.7439164713402941
Tox21,fedavg_proto,0.5,1,26,200,16,16,0.1,test,client_1,8,32,670,702,True,0.791884328358209
Tox21,fedavg_proto,0.5,1,26,200,16,16,0.1,test,client_1,9,36,621,657,True,0.6874664519592055
Tox21,fedavg_proto,0.5,1,26,200,16,16,0.1,test,client_1,10,93,485,578,True,0.81456601263718
Tox21,fedavg_proto,0.5,1,26,200,16,16,0.1,test,client_1,11,48,624,672,True,0.7390825320512822
Tox21,fedavg_proto,0.5,1,26,200,16,16,0.1,test,client_2,0,32,693,725,True,0.8222853535353535
Tox21,fedavg_proto,0.5,1,26,200,16,16,0.1,test,client_2,1,33,646,679,True,0.8786471526409606
Tox21,fedavg_proto,0.5,1,26,200,16,16,0.1,test,client_2,2,77,572,649,True,0.8060575787848516
Tox21,fedavg_proto,0.5,1,26,200,16,16,0.1,test,client_2,3,38,538,576,True,0.7188417139503032
Tox21,fedavg_proto,0.5,1,26,200,16,16,0.1,test,client_2,4,80,531,611,True,0.6906544256120527
Tox21,fedavg_proto,0.5,1,26,200,16,16,0.1,test,client_2,5,34,647,681,True,0.7562051095554142
Tox21,fedavg_proto,0.5,1,26,200,16,16,0.1,test,client_2,6,21,617,638,True,0.739908929536158
Tox21,fedavg_proto,0.5,1,26,200,16,16,0.1,test,client_2,7,95,494,589,True,0.7523971873002343
Tox21,fedavg_proto,0.5,1,26,200,16,16,0.1,test,client_2,8,32,670,702,True,0.7684235074626866
Tox21,fedavg_proto,0.5,1,26,200,16,16,0.1,test,client_2,9,36,621,657,True,0.6830828412954016
Tox21,fedavg_proto,0.5,1,26,200,16,16,0.1,test,client_2,10,93,485,578,True,0.8105309832612793
Tox21,fedavg_proto,0.5,1,26,200,16,16,0.1,test,client_2,11,48,624,672,True,0.7437232905982907
Tox21,fedavg_proto,0.5,1,26,200,16,16,0.1,test,client_3,0,32,693,725,True,0.8323863636363638
Tox21,fedavg_proto,0.5,1,26,200,16,16,0.1,test,client_3,1,33,646,679,True,0.8579604090440005
Tox21,fedavg_proto,0.5,1,26,200,16,16,0.1,test,client_3,2,77,572,649,True,0.8062165107619652
Tox21,fedavg_proto,0.5,1,26,200,16,16,0.1,test,client_3,3,38,538,576,True,0.7369888475836431
Tox21,fedavg_proto,0.5,1,26,200,16,16,0.1,test,client_3,4,80,531,611,True,0.7047316384180791
Tox21,fedavg_proto,0.5,1,26,200,16,16,0.1,test,client_3,5,34,647,681,True,0.7518410764614964
Tox21,fedavg_proto,0.5,1,26,200,16,16,0.1,test,client_3,6,21,617,638,True,0.7030176738442541
Tox21,fedavg_proto,0.5,1,26,200,16,16,0.1,test,client_3,7,95,494,589,True,0.7454293628808865
Tox21,fedavg_proto,0.5,1,26,200,16,16,0.1,test,client_3,8,32,670,702,True,0.7444029850746269
Tox21,fedavg_proto,0.5,1,26,200,16,16,0.1,test,client_3,9,36,621,657,True,0.6679191268563249
Tox21,fedavg_proto,0.5,1,26,200,16,16,0.1,test,client_3,10,93,485,578,True,0.8146546946014855
Tox21,fedavg_proto,0.5,1,26,200,16,16,0.1,test,client_3,11,48,624,672,True,0.7323717948717948
Tox21,fedavg_proto,0.5,1,27,200,16,16,0.1,val,server,0,31,696,727,True,0.7836484983314794
Tox21,fedavg_proto,0.5,1,27,200,16,16,0.1,val,server,1,23,652,675,True,0.7682048546279008
Tox21,fedavg_proto,0.5,1,27,200,16,16,0.1,val,server,2,74,567,641,True,0.7971781305114639
Tox21,fedavg_proto,0.5,1,27,200,16,16,0.1,val,server,3,19,546,565,True,0.7704839020628494
Tox21,fedavg_proto,0.5,1,27,200,16,16,0.1,val,server,4,82,541,623,True,0.7028537937874757
Tox21,fedavg_proto,0.5,1,27,200,16,16,0.1,val,server,5,30,657,687,True,0.799949264332826
Tox21,fedavg_proto,0.5,1,27,200,16,16,0.1,val,server,6,21,612,633,True,0.6424680983504513
Tox21,fedavg_proto,0.5,1,27,200,16,16,0.1,val,server,7,96,492,588,True,0.6978954945799458
Tox21,fedavg_proto,0.5,1,27,200,16,16,0.1,val,server,8,30,677,707,True,0.7741506646971935
Tox21,fedavg_proto,0.5,1,27,200,16,16,0.1,val,server,9,45,603,648,True,0.5971991892389902
Tox21,fedavg_proto,0.5,1,27,200,16,16,0.1,val,server,10,92,495,587,True,0.8507905138339921
Tox21,fedavg_proto,0.5,1,27,200,16,16,0.1,val,server,11,42,636,678,True,0.7787136867325546
Tox21,fedavg_proto,0.5,1,27,200,16,16,0.1,val,client_0,0,31,696,727,True,0.7901835372636262
Tox21,fedavg_proto,0.5,1,27,200,16,16,0.1,val,client_0,1,23,652,675,True,0.7683382235262737
Tox21,fedavg_proto,0.5,1,27,200,16,16,0.1,val,client_0,2,74,567,641,True,0.7858334525001193
Tox21,fedavg_proto,0.5,1,27,200,16,16,0.1,val,client_0,3,19,546,565,True,0.7572778099093888
Tox21,fedavg_proto,0.5,1,27,200,16,16,0.1,val,client_0,4,82,541,623,True,0.6984806816644876
Tox21,fedavg_proto,0.5,1,27,200,16,16,0.1,val,client_0,5,30,657,687,True,0.7871638762049722
Tox21,fedavg_proto,0.5,1,27,200,16,16,0.1,val,client_0,6,21,612,633,True,0.6562402738873326
Tox21,fedavg_proto,0.5,1,27,200,16,16,0.1,val,client_0,7,96,492,588,True,0.6916285569105691
Tox21,fedavg_proto,0.5,1,27,200,16,16,0.1,val,client_0,8,30,677,707,True,0.7707533234859676
Tox21,fedavg_proto,0.5,1,27,200,16,16,0.1,val,client_0,9,45,603,648,True,0.5680486456605859
Tox21,fedavg_proto,0.5,1,27,200,16,16,0.1,val,client_0,10,92,495,587,True,0.8352217830478701
Tox21,fedavg_proto,0.5,1,27,200,16,16,0.1,val,client_0,11,42,636,678,True,0.7561021263851452
Tox21,fedavg_proto,0.5,1,27,200,16,16,0.1,val,client_1,0,31,696,727,True,0.7866147571375602
Tox21,fedavg_proto,0.5,1,27,200,16,16,0.1,val,client_1,1,23,652,675,True,0.7600693518271538
Tox21,fedavg_proto,0.5,1,27,200,16,16,0.1,val,client_1,2,74,567,641,True,0.7950807950807952
Tox21,fedavg_proto,0.5,1,27,200,16,16,0.1,val,client_1,3,19,546,565,True,0.7669172932330826
Tox21,fedavg_proto,0.5,1,27,200,16,16,0.1,val,client_1,4,82,541,623,True,0.7041837608764258
Tox21,fedavg_proto,0.5,1,27,200,16,16,0.1,val,client_1,5,30,657,687,True,0.8098934550989346
Tox21,fedavg_proto,0.5,1,27,200,16,16,0.1,val,client_1,6,21,612,633,True,0.619514472455649
Tox21,fedavg_proto,0.5,1,27,200,16,16,0.1,val,client_1,7,96,492,588,True,0.6883257113821137
Tox21,fedavg_proto,0.5,1,27,200,16,16,0.1,val,client_1,8,30,677,707,True,0.7656326932545543
Tox21,fedavg_proto,0.5,1,27,200,16,16,0.1,val,client_1,9,45,603,648,True,0.6196793808734107
Tox21,fedavg_proto,0.5,1,27,200,16,16,0.1,val,client_1,10,92,495,587,True,0.8467940272288098
Tox21,fedavg_proto,0.5,1,27,200,16,16,0.1,val,client_1,11,42,636,678,True,0.7714510332434861
Tox21,fedavg_proto,0.5,1,27,200,16,16,0.1,val,client_2,0,31,696,727,True,0.7816091954022989
Tox21,fedavg_proto,0.5,1,27,200,16,16,0.1,val,client_2,1,23,652,675,True,0.771339023739664
Tox21,fedavg_proto,0.5,1,27,200,16,16,0.1,val,client_2,2,74,567,641,True,0.7954859621526289
Tox21,fedavg_proto,0.5,1,27,200,16,16,0.1,val,client_2,3,19,546,565,True,0.7703875072296125
Tox21,fedavg_proto,0.5,1,27,200,16,16,0.1,val,client_2,4,82,541,623,True,0.6934763987196249
Tox21,fedavg_proto,0.5,1,27,200,16,16,0.1,val,client_2,5,30,657,687,True,0.7911719939117199
Tox21,fedavg_proto,0.5,1,27,200,16,16,0.1,val,client_2,6,21,612,633,True,0.6579520697167756
Tox21,fedavg_proto,0.5,1,27,200,16,16,0.1,val,client_2,7,96,492,588,True,0.7013888888888888
Tox21,fedavg_proto,0.5,1,27,200,16,16,0.1,val,client_2,8,30,677,707,True,0.7760216642048251
Tox21,fedavg_proto,0.5,1,27,200,16,16,0.1,val,client_2,9,45,603,648,True,0.5972728947853326
Tox21,fedavg_proto,0.5,1,27,200,16,16,0.1,val,client_2,10,92,495,587,True,0.84310496267018
Tox21,fedavg_proto,0.5,1,27,200,16,16,0.1,val,client_2,11,42,636,678,True,0.7888963761605272
Tox21,fedavg_proto,0.5,1,27,200,16,16,0.1,val,client_3,0,31,696,727,True,0.7742862439747867
Tox21,fedavg_proto,0.5,1,27,200,16,16,0.1,val,client_3,1,23,652,675,True,0.7632702053881035
Tox21,fedavg_proto,0.5,1,27,200,16,16,0.1,val,client_3,2,74,567,641,True,0.7917917917917917
Tox21,fedavg_proto,0.5,1,27,200,16,16,0.1,val,client_3,3,19,546,565,True,0.7735685367264314
Tox21,fedavg_proto,0.5,1,27,200,16,16,0.1,val,client_3,4,82,541,623,True,0.702290248410802
Tox21,fedavg_proto,0.5,1,27,200,16,16,0.1,val,client_3,5,30,657,687,True,0.7973110096397767
Tox21,fedavg_proto,0.5,1,27,200,16,16,0.1,val,client_3,6,21,612,633,True,0.6218487394957983
Tox21,fedavg_proto,0.5,1,27,200,16,16,0.1,val,client_3,7,96,492,588,True,0.6928141937669376
Tox21,fedavg_proto,0.5,1,27,200,16,16,0.1,val,client_3,8,30,677,707,True,0.7651403249630723
Tox21,fedavg_proto,0.5,1,27,200,16,16,0.1,val,client_3,9,45,603,648,True,0.5943246729316382
Tox21,fedavg_proto,0.5,1,27,200,16,16,0.1,val,client_3,10,92,495,587,True,0.8592446201141853
Tox21,fedavg_proto,0.5,1,27,200,16,16,0.1,val,client_3,11,42,636,678,True,0.7796495956873316
Tox21,fedavg_proto,0.5,1,27,200,16,16,0.1,test,server,0,32,693,725,True,0.8252615440115441
Tox21,fedavg_proto,0.5,1,27,200,16,16,0.1,test,server,1,33,646,679,True,0.8823060324608313
Tox21,fedavg_proto,0.5,1,27,200,16,16,0.1,test,server,2,77,572,649,True,0.8133003360276087
Tox21,fedavg_proto,0.5,1,27,200,16,16,0.1,test,server,3,38,538,576,True,0.7218743885736646
Tox21,fedavg_proto,0.5,1,27,200,16,16,0.1,test,server,4,80,531,611,True,0.6982580037664784
Tox21,fedavg_proto,0.5,1,27,200,16,16,0.1,test,server,5,34,647,681,True,0.7663423947631602
Tox21,fedavg_proto,0.5,1,27,200,16,16,0.1,test,server,6,21,617,638,True,0.7328856988500424
Tox21,fedavg_proto,0.5,1,27,200,16,16,0.1,test,server,7,95,494,589,True,0.7554229703814193
Tox21,fedavg_proto,0.5,1,27,200,16,16,0.1,test,server,8,32,670,702,True,0.7671641791044775
Tox21,fedavg_proto,0.5,1,27,200,16,16,0.1,test,server,9,36,621,657,True,0.6828591876901056
Tox21,fedavg_proto,0.5,1,27,200,16,16,0.1,test,server,10,93,485,578,True,0.8138565569227358
Tox21,fedavg_proto,0.5,1,27,200,16,16,0.1,test,server,11,48,624,672,True,0.743656517094017
Tox21,fedavg_proto,0.5,1,27,200,16,16,0.1,test,client_0,0,32,693,725,True,0.817550505050505
Tox21,fedavg_proto,0.5,1,27,200,16,16,0.1,test,client_0,1,33,646,679,True,0.8810394971385683
Tox21,fedavg_proto,0.5,1,27,200,16,16,0.1,test,client_0,2,77,572,649,True,0.7986785941331396
Tox21,fedavg_proto,0.5,1,27,200,16,16,0.1,test,client_0,3,38,538,576,True,0.7182547446683624
Tox21,fedavg_proto,0.5,1,27,200,16,16,0.1,test,client_0,4,80,531,611,True,0.6955037664783427
Tox21,fedavg_proto,0.5,1,27,200,16,16,0.1,test,client_0,5,34,647,681,True,0.7728884444040367
Tox21,fedavg_proto,0.5,1,27,200,16,16,0.1,test,client_0,6,21,617,638,True,0.7371305086053871
Tox21,fedavg_proto,0.5,1,27,200,16,16,0.1,test,client_0,7,95,494,589,True,0.7527381206051565
Tox21,fedavg_proto,0.5,1,27,200,16,16,0.1,test,client_0,8,32,670,702,True,0.7555037313432835
Tox21,fedavg_proto,0.5,1,27,200,16,16,0.1,test,client_0,9,36,621,657,True,0.6854535695115405
Tox21,fedavg_proto,0.5,1,27,200,16,16,0.1,test,client_0,10,93,485,578,True,0.7911096330783727
Tox21,fedavg_proto,0.5,1,27,200,16,16,0.1,test,client_0,11,48,624,672,True,0.7307692307692307
Tox21,fedavg_proto,0.5,1,27,200,16,16,0.1,test,client_1,0,32,693,725,True,0.8115530303030304
Tox21,fedavg_proto,0.5,1,27,200,16,16,0.1,test,client_1,1,33,646,679,True,0.8791162397973544
Tox21,fedavg_proto,0.5,1,27,200,16,16,0.1,test,client_1,2,77,572,649,True,0.8131641086186541
Tox21,fedavg_proto,0.5,1,27,200,16,16,0.1,test,client_1,3,38,538,576,True,0.7067599295636862
Tox21,fedavg_proto,0.5,1,27,200,16,16,0.1,test,client_1,4,80,531,611,True,0.7059322033898305
Tox21,fedavg_proto,0.5,1,27,200,16,16,0.1,test,client_1,5,34,647,681,True,0.7748886262387489
Tox21,fedavg_proto,0.5,1,27,200,16,16,0.1,test,client_1,6,21,617,638,True,0.7331172339276066
Tox21,fedavg_proto,0.5,1,27,200,16,16,0.1,test,client_1,7,95,494,589,True,0.7381845301512892
Tox21,fedavg_proto,0.5,1,27,200,16,16,0.1,test,client_1,8,32,670,702,True,0.7736940298507463
Tox21,fedavg_proto,0.5,1,27,200,16,16,0.1,test,client_1,9,36,621,657,True,0.674762927178386
Tox21,fedavg_proto,0.5,1,27,200,16,16,0.1,test,client_1,10,93,485,578,True,0.8171156191109633
Tox21,fedavg_proto,0.5,1,27,200,16,16,0.1,test,client_1,11,48,624,672,True,0.7424545940170941
Tox21,fedavg_proto,0.5,1,27,200,16,16,0.1,test,client_2,0,32,693,725,True,0.8223755411255411
Tox21,fedavg_proto,0.5,1,27,200,16,16,0.1,test,client_2,1,33,646,679,True,0.8836663852143729
Tox21,fedavg_proto,0.5,1,27,200,16,16,0.1,test,client_2,2,77,572,649,True,0.809349741167923
Tox21,fedavg_proto,0.5,1,27,200,16,16,0.1,test,client_2,3,38,538,576,True,0.7164938368225396
Tox21,fedavg_proto,0.5,1,27,200,16,16,0.1,test,client_2,4,80,531,611,True,0.6888888888888888
Tox21,fedavg_proto,0.5,1,27,200,16,16,0.1,test,client_2,5,34,647,681,True,0.7624784071279207
Tox21,fedavg_proto,0.5,1,27,200,16,16,0.1,test,client_2,6,21,617,638,True,0.7420699235934244
Tox21,fedavg_proto,0.5,1,27,200,16,16,0.1,test,client_2,7,95,494,589,True,0.7568719369273386
Tox21,fedavg_proto,0.5,1,27,200,16,16,0.1,test,client_2,8,32,670,702,True,0.7687966417910447
Tox21,fedavg_proto,0.5,1,27,200,16,16,0.1,test,client_2,9,36,621,657,True,0.6794149221685454
Tox21,fedavg_proto,0.5,1,27,200,16,16,0.1,test,client_2,10,93,485,578,True,0.8070280456712116
Tox21,fedavg_proto,0.5,1,27,200,16,16,0.1,test,client_2,11,48,624,672,True,0.7504340277777778
Tox21,fedavg_proto,0.5,1,27,200,16,16,0.1,test,client_3,0,32,693,725,True,0.8386093073593074
Tox21,fedavg_proto,0.5,1,27,200,16,16,0.1,test,client_3,1,33,646,679,True,0.8657941645557745
Tox21,fedavg_proto,0.5,1,27,200,16,16,0.1,test,client_3,2,77,572,649,True,0.8104395604395604
Tox21,fedavg_proto,0.5,1,27,200,16,16,0.1,test,client_3,3,38,538,576,True,0.737331246331442
Tox21,fedavg_proto,0.5,1,27,200,16,16,0.1,test,client_3,4,80,531,611,True,0.7010593220338982
Tox21,fedavg_proto,0.5,1,27,200,16,16,0.1,test,client_3,5,34,647,681,True,0.7450222747522501
Tox21,fedavg_proto,0.5,1,27,200,16,16,0.1,test,client_3,6,21,617,638,True,0.7132052172570812
Tox21,fedavg_proto,0.5,1,27,200,16,16,0.1,test,client_3,7,95,494,589,True,0.749520562539953
Tox21,fedavg_proto,0.5,1,27,200,16,16,0.1,test,client_3,8,32,670,702,True,0.757695895522388
Tox21,fedavg_proto,0.5,1,27,200,16,16,0.1,test,client_3,9,36,621,657,True,0.676954732510288
Tox21,fedavg_proto,0.5,1,27,200,16,16,0.1,test,client_3,10,93,485,578,True,0.821682740272697
Tox21,fedavg_proto,0.5,1,27,200,16,16,0.1,test,client_3,11,48,624,672,True,0.7418870192307693
Tox21,fedavg_proto,0.5,1,28,200,16,16,0.1,val,server,0,31,696,727,True,0.7861049314052652
Tox21,fedavg_proto,0.5,1,28,200,16,16,0.1,val,server,1,23,652,675,True,0.7678047479327821
Tox21,fedavg_proto,0.5,1,28,200,16,16,0.1,val,server,2,74,567,641,True,0.8070689737356403
Tox21,fedavg_proto,0.5,1,28,200,16,16,0.1,val,server,3,19,546,565,True,0.77424330055909
Tox21,fedavg_proto,0.5,1,28,200,16,16,0.1,val,server,4,82,541,623,True,0.7033271719038816
Tox21,fedavg_proto,0.5,1,28,200,16,16,0.1,val,server,5,30,657,687,True,0.8057838660578387
Tox21,fedavg_proto,0.5,1,28,200,16,16,0.1,val,server,6,21,612,633,True,0.6398225957049487
Tox21,fedavg_proto,0.5,1,28,200,16,16,0.1,val,server,7,96,492,588,True,0.697704945799458
Tox21,fedavg_proto,0.5,1,28,200,16,16,0.1,val,server,8,30,677,707,True,0.7801575578532742
Tox21,fedavg_proto,0.5,1,28,200,16,16,0.1,val,server,9,45,603,648,True,0.6043854800073706
Tox21,fedavg_proto,0.5,1,28,200,16,16,0.1,val,server,10,92,495,587,True,0.8529644268774704
Tox21,fedavg_proto,0.5,1,28,200,16,16,0.1,val,server,11,42,636,678,True,0.781820904462414
Tox21,fedavg_proto,0.5,1,28,200,16,16,0.1,val,client_0,0,31,696,727,True,0.7938450129773822
Tox21,fedavg_proto,0.5,1,28,200,16,16,0.1,val,client_0,1,23,652,675,True,0.7676046945852227
Tox21,fedavg_proto,0.5,1,28,200,16,16,0.1,val,client_0,2,74,567,641,True,0.8141951475284808
Tox21,fedavg_proto,0.5,1,28,200,16,16,0.1,val,client_0,3,19,546,565,True,0.7789666473876999
Tox21,fedavg_proto,0.5,1,28,200,16,16,0.1,val,client_0,4,82,541,623,True,0.7001487759794418
Tox21,fedavg_proto,0.5,1,28,200,16,16,0.1,val,client_0,5,30,657,687,True,0.7949264332825977
Tox21,fedavg_proto,0.5,1,28,200,16,16,0.1,val,client_0,6,21,612,633,True,0.6489262371615312
Tox21,fedavg_proto,0.5,1,28,200,16,16,0.1,val,client_0,7,96,492,588,True,0.6980225271002709
Tox21,fedavg_proto,0.5,1,28,200,16,16,0.1,val,client_0,8,30,677,707,True,0.7850812407680946
Tox21,fedavg_proto,0.5,1,28,200,16,16,0.1,val,client_0,9,45,603,648,True,0.5876543209876544
Tox21,fedavg_proto,0.5,1,28,200,16,16,0.1,val,client_0,10,92,495,587,True,0.8444883618796664
Tox21,fedavg_proto,0.5,1,28,200,16,16,0.1,val,client_0,11,42,636,678,True,0.7800988319856245
Tox21,fedavg_proto,0.5,1,28,200,16,16,0.1,val,client_1,0,31,696,727,True,0.789071190211346
Tox21,fedavg_proto,0.5,1,28,200,16,16,0.1,val,client_1,1,23,652,675,True,0.7608028807682049
Tox21,fedavg_proto,0.5,1,28,200,16,16,0.1,val,client_1,2,74,567,641,True,0.792625959292626
Tox21,fedavg_proto,0.5,1,28,200,16,16,0.1,val,client_1,3,19,546,565,True,0.7616155774050511
Tox21,fedavg_proto,0.5,1,28,200,16,16,0.1,val,client_1,4,82,541,623,True,0.7119832288895902
Tox21,fedavg_proto,0.5,1,28,200,16,16,0.1,val,client_1,5,30,657,687,True,0.81273465246068
Tox21,fedavg_proto,0.5,1,28,200,16,16,0.1,val,client_1,6,21,612,633,True,0.624260815437286
Tox21,fedavg_proto,0.5,1,28,200,16,16,0.1,val,client_1,7,96,492,588,True,0.6886432926829269
Tox21,fedavg_proto,0.5,1,28,200,16,16,0.1,val,client_1,8,30,677,707,True,0.7580502215657312
Tox21,fedavg_proto,0.5,1,28,200,16,16,0.1,val,client_1,9,45,603,648,True,0.6207112585222038
Tox21,fedavg_proto,0.5,1,28,200,16,16,0.1,val,client_1,10,92,495,587,True,0.8474088713219148
Tox21,fedavg_proto,0.5,1,28,200,16,16,0.1,val,client_1,11,42,636,678,True,0.7613432165318957
Tox21,fedavg_proto,0.5,1,28,200,16,16,0.1,val,client_2,0,31,696,727,True,0.7815164998146089
Tox21,fedavg_proto,0.5,1,28,200,16,16,0.1,val,client_2,1,23,652,675,True,0.7636703120832222
Tox21,fedavg_proto,0.5,1,28,200,16,16,0.1,val,client_2,2,74,567,641,True,0.8087611420944755
Tox21,fedavg_proto,0.5,1,28,200,16,16,0.1,val,client_2,3,19,546,565,True,0.7877385772122614
Tox21,fedavg_proto,0.5,1,28,200,16,16,0.1,val,client_2,4,82,541,623,True,0.699224561561697
Tox21,fedavg_proto,0.5,1,28,200,16,16,0.1,val,client_2,5,30,657,687,True,0.8044647387113141
Tox21,fedavg_proto,0.5,1,28,200,16,16,0.1,val,client_2,6,21,612,633,True,0.6406784936196701
Tox21,fedavg_proto,0.5,1,28,200,16,16,0.1,val,client_2,7,96,492,588,True,0.6930259146341464
Tox21,fedavg_proto,0.5,1,28,200,16,16,0.1,val,client_2,8,30,677,707,True,0.7806991629739045
Tox21,fedavg_proto,0.5,1,28,200,16,16,0.1,val,client_2,9,45,603,648,True,0.59063939561452
Tox21,fedavg_proto,0.5,1,28,200,16,16,0.1,val,client_2,10,92,495,587,True,0.8489020641194553
Tox21,fedavg_proto,0.5,1,28,200,16,16,0.1,val,client_2,11,42,636,678,True,0.7856019766397124
Tox21,fedavg_proto,0.5,1,28,200,16,16,0.1,val,client_3,0,31,696,727,True,0.7826288468668892
Tox21,fedavg_proto,0.5,1,28,200,16,16,0.1,val,client_3,1,23,652,675,True,0.7712723392904774
Tox21,fedavg_proto,0.5,1,28,200,16,16,0.1,val,client_3,2,74,567,641,True,0.7882882882882882
Tox21,fedavg_proto,0.5,1,28,200,16,16,0.1,val,client_3,3,19,546,565,True,0.7652785810680548
Tox21,fedavg_proto,0.5,1,28,200,16,16,0.1,val,client_3,4,82,541,623,True,0.6923493079662775
Tox21,fedavg_proto,0.5,1,28,200,16,16,0.1,val,client_3,5,30,657,687,True,0.7950279046169457
Tox21,fedavg_proto,0.5,1,28,200,16,16,0.1,val,client_3,6,21,612,633,True,0.6292405851229381
Tox21,fedavg_proto,0.5,1,28,200,16,16,0.1,val,client_3,7,96,492,588,True,0.7005208333333334
Tox21,fedavg_proto,0.5,1,28,200,16,16,0.1,val,client_3,8,30,677,707,True,0.7718857705563762
Tox21,fedavg_proto,0.5,1,28,200,16,16,0.1,val,client_3,9,45,603,648,True,0.6054173576561636
Tox21,fedavg_proto,0.5,1,28,200,16,16,0.1,val,client_3,10,92,495,587,True,0.8571805006587615
Tox21,fedavg_proto,0.5,1,28,200,16,16,0.1,val,client_3,11,42,636,678,True,0.785377358490566
Tox21,fedavg_proto,0.5,1,28,200,16,16,0.1,test,server,0,32,693,725,True,0.8261634199134199
Tox21,fedavg_proto,0.5,1,28,200,16,16,0.1,test,server,1,33,646,679,True,0.8843231072333241
Tox21,fedavg_proto,0.5,1,28,200,16,16,0.1,test,server,2,77,572,649,True,0.8201798201798202
Tox21,fedavg_proto,0.5,1,28,200,16,16,0.1,test,server,3,38,538,576,True,0.7191351985912737
Tox21,fedavg_proto,0.5,1,28,200,16,16,0.1,test,server,4,80,531,611,True,0.6995527306967986
Tox21,fedavg_proto,0.5,1,28,200,16,16,0.1,test,server,5,34,647,681,True,0.7631148286207837
Tox21,fedavg_proto,0.5,1,28,200,16,16,0.1,test,server,6,21,617,638,True,0.7405263564096627
Tox21,fedavg_proto,0.5,1,28,200,16,16,0.1,test,server,7,95,494,589,True,0.757085020242915
Tox21,fedavg_proto,0.5,1,28,200,16,16,0.1,test,server,8,32,670,702,True,0.7783582089552238
Tox21,fedavg_proto,0.5,1,28,200,16,16,0.1,test,server,9,36,621,657,True,0.6820093039899804
Tox21,fedavg_proto,0.5,1,28,200,16,16,0.1,test,server,10,93,485,578,True,0.8207515796474892
Tox21,fedavg_proto,0.5,1,28,200,16,16,0.1,test,server,11,48,624,672,True,0.746360844017094
Tox21,fedavg_proto,0.5,1,28,200,16,16,0.1,test,client_0,0,32,693,725,True,0.8183621933621934
Tox21,fedavg_proto,0.5,1,28,200,16,16,0.1,test,client_0,1,33,646,679,True,0.8811802232854864
Tox21,fedavg_proto,0.5,1,28,200,16,16,0.1,test,client_0,2,77,572,649,True,0.822949777495232
Tox21,fedavg_proto,0.5,1,28,200,16,16,0.1,test,client_0,3,38,538,576,True,0.7183525728820191
Tox21,fedavg_proto,0.5,1,28,200,16,16,0.1,test,client_0,4,80,531,611,True,0.6935734463276836
Tox21,fedavg_proto,0.5,1,28,200,16,16,0.1,test,client_0,5,34,647,681,True,0.7557505227747977
Tox21,fedavg_proto,0.5,1,28,200,16,16,0.1,test,client_0,6,21,617,638,True,0.7486300841244116
Tox21,fedavg_proto,0.5,1,28,200,16,16,0.1,test,client_0,7,95,494,589,True,0.7664819944598337
Tox21,fedavg_proto,0.5,1,28,200,16,16,0.1,test,client_0,8,32,670,702,True,0.7765858208955224
Tox21,fedavg_proto,0.5,1,28,200,16,16,0.1,test,client_0,9,36,621,657,True,0.6806226516371444
Tox21,fedavg_proto,0.5,1,28,200,16,16,0.1,test,client_0,10,93,485,578,True,0.8142334552710342
Tox21,fedavg_proto,0.5,1,28,200,16,16,0.1,test,client_0,11,48,624,672,True,0.7439569978632479
Tox21,fedavg_proto,0.5,1,28,200,16,16,0.1,test,client_1,0,32,693,725,True,0.8229617604617605
Tox21,fedavg_proto,0.5,1,28,200,16,16,0.1,test,client_1,1,33,646,679,True,0.8818838540200769
Tox21,fedavg_proto,0.5,1,28,200,16,16,0.1,test,client_1,2,77,572,649,True,0.8095313777131958
Tox21,fedavg_proto,0.5,1,28,200,16,16,0.1,test,client_1,3,38,538,576,True,0.7017217765603599
Tox21,fedavg_proto,0.5,1,28,200,16,16,0.1,test,client_1,4,80,531,611,True,0.7016242937853108
Tox21,fedavg_proto,0.5,1,28,200,16,16,0.1,test,client_1,5,34,647,681,True,0.7722065642331121
Tox21,fedavg_proto,0.5,1,28,200,16,16,0.1,test,client_1,6,21,617,638,True,0.7405263564096627
Tox21,fedavg_proto,0.5,1,28,200,16,16,0.1,test,client_1,7,95,494,589,True,0.741849563179203
Tox21,fedavg_proto,0.5,1,28,200,16,16,0.1,test,client_1,8,32,670,702,True,0.7791511194029852
Tox21,fedavg_proto,0.5,1,28,200,16,16,0.1,test,client_1,9,36,621,657,True,0.6833959563428161
Tox21,fedavg_proto,0.5,1,28,200,16,16,0.1,test,client_1,10,93,485,578,True,0.814920740494402
Tox21,fedavg_proto,0.5,1,28,200,16,16,0.1,test,client_1,11,48,624,672,True,0.7370125534188033
Tox21,fedavg_proto,0.5,1,28,200,16,16,0.1,test,client_2,0,32,693,725,True,0.8201659451659451
Tox21,fedavg_proto,0.5,1,28,200,16,16,0.1,test,client_2,1,33,646,679,True,0.8830565719110611
Tox21,fedavg_proto,0.5,1,28,200,16,16,0.1,test,client_2,2,77,572,649,True,0.8196349105440014
Tox21,fedavg_proto,0.5,1,28,200,16,16,0.1,test,client_2,3,38,538,576,True,0.7176677753864215
Tox21,fedavg_proto,0.5,1,28,200,16,16,0.1,test,client_2,4,80,531,611,True,0.7009887005649719
Tox21,fedavg_proto,0.5,1,28,200,16,16,0.1,test,client_2,5,34,647,681,True,0.7581598327120648
Tox21,fedavg_proto,0.5,1,28,200,16,16,0.1,test,client_2,6,21,617,638,True,0.7365902600910705
Tox21,fedavg_proto,0.5,1,28,200,16,16,0.1,test,client_2,7,95,494,589,True,0.7482633709780524
Tox21,fedavg_proto,0.5,1,28,200,16,16,0.1,test,client_2,8,32,670,702,True,0.7629664179104478
Tox21,fedavg_proto,0.5,1,28,200,16,16,0.1,test,client_2,9,36,621,657,True,0.663535516192521
Tox21,fedavg_proto,0.5,1,28,200,16,16,0.1,test,client_2,10,93,485,578,True,0.8223035140228356
Tox21,fedavg_proto,0.5,1,28,200,16,16,0.1,test,client_2,11,48,624,672,True,0.7347422542735043
Tox21,fedavg_proto,0.5,1,28,200,16,16,0.1,test,client_3,0,32,693,725,True,0.8347763347763347
Tox21,fedavg_proto,0.5,1,28,200,16,16,0.1,test,client_3,1,33,646,679,True,0.8722206585983676
Tox21,fedavg_proto,0.5,1,28,200,16,16,0.1,test,client_3,2,77,572,649,True,0.8089410589410588
Tox21,fedavg_proto,0.5,1,28,200,16,16,0.1,test,client_3,3,38,538,576,True,0.7374779886519272
Tox21,fedavg_proto,0.5,1,28,200,16,16,0.1,test,client_3,4,80,531,611,True,0.6951977401129943
Tox21,fedavg_proto,0.5,1,28,200,16,16,0.1,test,client_3,5,34,647,681,True,0.7556596054186745
Tox21,fedavg_proto,0.5,1,28,200,16,16,0.1,test,client_3,6,21,617,638,True,0.733348769005171
Tox21,fedavg_proto,0.5,1,28,200,16,16,0.1,test,client_3,7,95,494,589,True,0.7575751118687406
Tox21,fedavg_proto,0.5,1,28,200,16,16,0.1,test,client_3,8,32,670,702,True,0.7835820895522388
Tox21,fedavg_proto,0.5,1,28,200,16,16,0.1,test,client_3,9,36,621,657,True,0.6996332080873144
Tox21,fedavg_proto,0.5,1,28,200,16,16,0.1,test,client_3,10,93,485,578,True,0.8193548387096775
Tox21,fedavg_proto,0.5,1,28,200,16,16,0.1,test,client_3,11,48,624,672,True,0.7583133012820513
Tox21,fedavg_proto,0.5,1,29,200,16,16,0.1,val,server,0,31,696,727,True,0.785826844642195
Tox21,fedavg_proto,0.5,1,29,200,16,16,0.1,val,server,1,23,652,675,True,0.7700053347559349
Tox21,fedavg_proto,0.5,1,29,200,16,16,0.1,val,server,2,74,567,641,True,0.8081891415224748
Tox21,fedavg_proto,0.5,1,29,200,16,16,0.1,val,server,3,19,546,565,True,0.771158665895508
Tox21,fedavg_proto,0.5,1,29,200,16,16,0.1,val,server,4,82,541,623,True,0.7041612190613589
Tox21,fedavg_proto,0.5,1,29,200,16,16,0.1,val,server,5,30,657,687,True,0.8072552004058852
Tox21,fedavg_proto,0.5,1,29,200,16,16,0.1,val,server,6,21,612,633,True,0.638422035480859
Tox21,fedavg_proto,0.5,1,29,200,16,16,0.1,val,server,7,96,492,588,True,0.6991023035230353
Tox21,fedavg_proto,0.5,1,29,200,16,16,0.1,val,server,8,30,677,707,True,0.7789758739537175
Tox21,fedavg_proto,0.5,1,29,200,16,16,0.1,val,server,9,45,603,648,True,0.6035010134512622
Tox21,fedavg_proto,0.5,1,29,200,16,16,0.1,val,server,10,92,495,587,True,0.853249890206412
Tox21,fedavg_proto,0.5,1,29,200,16,16,0.1,val,server,11,42,636,678,True,0.7760557053009883
Tox21,fedavg_proto,0.5,1,29,200,16,16,0.1,val,client_0,0,31,696,727,True,0.7948646644419726
Tox21,fedavg_proto,0.5,1,29,200,16,16,0.1,val,client_0,1,23,652,675,True,0.7744065084022407
Tox21,fedavg_proto,0.5,1,29,200,16,16,0.1,val,client_0,2,74,567,641,True,0.8020878020878021
Tox21,fedavg_proto,0.5,1,29,200,16,16,0.1,val,client_0,3,19,546,565,True,0.76479660690187
Tox21,fedavg_proto,0.5,1,29,200,16,16,0.1,val,client_0,4,82,541,623,True,0.7002614850547766
Tox21,fedavg_proto,0.5,1,29,200,16,16,0.1,val,client_0,5,30,657,687,True,0.7982242516489091
Tox21,fedavg_proto,0.5,1,29,200,16,16,0.1,val,client_0,6,21,612,633,True,0.6595082477435419
Tox21,fedavg_proto,0.5,1,29,200,16,16,0.1,val,client_0,7,96,492,588,True,0.7011559959349594
Tox21,fedavg_proto,0.5,1,29,200,16,16,0.1,val,client_0,8,30,677,707,True,0.7853274249138356
Tox21,fedavg_proto,0.5,1,29,200,16,16,0.1,val,client_0,9,45,603,648,True,0.588391376451078
Tox21,fedavg_proto,0.5,1,29,200,16,16,0.1,val,client_0,10,92,495,587,True,0.8447299077733862
Tox21,fedavg_proto,0.5,1,29,200,16,16,0.1,val,client_0,11,42,636,678,True,0.7710766696615753
Tox21,fedavg_proto,0.5,1,29,200,16,16,0.1,val,client_1,0,31,696,727,True,0.7903225806451613
Tox21,fedavg_proto,0.5,1,29,200,16,16,0.1,val,client_1,1,23,652,675,True,0.7636703120832221
Tox21,fedavg_proto,0.5,1,29,200,16,16,0.1,val,client_1,2,74,567,641,True,0.793555460222127
Tox21,fedavg_proto,0.5,1,29,200,16,16,0.1,val,client_1,3,19,546,565,True,0.7786774628879891
Tox21,fedavg_proto,0.5,1,29,200,16,16,0.1,val,client_1,4,82,541,623,True,0.7037329245750867
Tox21,fedavg_proto,0.5,1,29,200,16,16,0.1,val,client_1,5,30,657,687,True,0.8084221207508879
Tox21,fedavg_proto,0.5,1,29,200,16,16,0.1,val,client_1,6,21,612,633,True,0.6216931216931216
Tox21,fedavg_proto,0.5,1,29,200,16,16,0.1,val,client_1,7,96,492,588,True,0.692284891598916
Tox21,fedavg_proto,0.5,1,29,200,16,16,0.1,val,client_1,8,30,677,707,True,0.770359428852782
Tox21,fedavg_proto,0.5,1,29,200,16,16,0.1,val,client_1,9,45,603,648,True,0.6318039432467293
Tox21,fedavg_proto,0.5,1,29,200,16,16,0.1,val,client_1,10,92,495,587,True,0.8491436100131752
Tox21,fedavg_proto,0.5,1,29,200,16,16,0.1,val,client_1,11,42,636,678,True,0.7781895777178794
Tox21,fedavg_proto,0.5,1,29,200,16,16,0.1,val,client_2,0,31,696,727,True,0.782211716722284
Tox21,fedavg_proto,0.5,1,29,200,16,16,0.1,val,client_2,1,23,652,675,True,0.7694718591624433
Tox21,fedavg_proto,0.5,1,29,200,16,16,0.1,val,client_2,2,74,567,641,True,0.8174603174603174
Tox21,fedavg_proto,0.5,1,29,200,16,16,0.1,val,client_2,3,19,546,565,True,0.7786774628879891
Tox21,fedavg_proto,0.5,1,29,200,16,16,0.1,val,client_2,4,82,541,623,True,0.6977142599522114
Tox21,fedavg_proto,0.5,1,29,200,16,16,0.1,val,client_2,5,30,657,687,True,0.8045662100456621
Tox21,fedavg_proto,0.5,1,29,200,16,16,0.1,val,client_2,6,21,612,633,True,0.6428571428571428
Tox21,fedavg_proto,0.5,1,29,200,16,16,0.1,val,client_2,7,96,492,588,True,0.6997586382113821
Tox21,fedavg_proto,0.5,1,29,200,16,16,0.1,val,client_2,8,30,677,707,True,0.77863121614968
Tox21,fedavg_proto,0.5,1,29,200,16,16,0.1,val,client_2,9,45,603,648,True,0.5976045697438732
Tox21,fedavg_proto,0.5,1,29,200,16,16,0.1,val,client_2,10,92,495,587,True,0.8476284584980237
Tox21,fedavg_proto,0.5,1,29,200,16,16,0.1,val,client_2,11,42,636,678,True,0.7781521413596886
Tox21,fedavg_proto,0.5,1,29,200,16,16,0.1,val,client_3,0,31,696,727,True,0.7743789395624768
Tox21,fedavg_proto,0.5,1,29,200,16,16,0.1,val,client_3,1,23,652,675,True,0.7649373166177647
Tox21,fedavg_proto,0.5,1,29,200,16,16,0.1,val,client_3,2,74,567,641,True,0.7953906287239619
Tox21,fedavg_proto,0.5,1,29,200,16,16,0.1,val,client_3,3,19,546,565,True,0.7555427029111239
Tox21,fedavg_proto,0.5,1,29,200,16,16,0.1,val,client_3,4,82,541,623,True,0.7026283756368062
Tox21,fedavg_proto,0.5,1,29,200,16,16,0.1,val,client_3,5,30,657,687,True,0.7901065449010655
Tox21,fedavg_proto,0.5,1,29,200,16,16,0.1,val,client_3,6,21,612,633,True,0.6174136321195144
Tox21,fedavg_proto,0.5,1,29,200,16,16,0.1,val,client_3,7,96,492,588,True,0.6897018970189703
Tox21,fedavg_proto,0.5,1,29,200,16,16,0.1,val,client_3,8,30,677,707,True,0.7598227474150665
Tox21,fedavg_proto,0.5,1,29,200,16,16,0.1,val,client_3,9,45,603,648,True,0.5922977704072231
Tox21,fedavg_proto,0.5,1,29,200,16,16,0.1,val,client_3,10,92,495,587,True,0.8566534914361001
Tox21,fedavg_proto,0.5,1,29,200,16,16,0.1,val,client_3,11,42,636,678,True,0.763888888888889
Tox21,fedavg_proto,0.5,1,29,200,16,16,0.1,test,server,0,32,693,725,True,0.8295905483405484
Tox21,fedavg_proto,0.5,1,29,200,16,16,0.1,test,server,1,33,646,679,True,0.8853550989773901
Tox21,fedavg_proto,0.5,1,29,200,16,16,0.1,test,server,2,77,572,649,True,0.8216556171101624
Tox21,fedavg_proto,0.5,1,29,200,16,16,0.1,test,server,3,38,538,576,True,0.7202113089414988
Tox21,fedavg_proto,0.5,1,29,200,16,16,0.1,test,server,4,80,531,611,True,0.7018126177024483
Tox21,fedavg_proto,0.5,1,29,200,16,16,0.1,test,server,5,34,647,681,True,0.7706609691790163
Tox21,fedavg_proto,0.5,1,29,200,16,16,0.1,test,server,6,21,617,638,True,0.7338890175194875
Tox21,fedavg_proto,0.5,1,29,200,16,16,0.1,test,server,7,95,494,589,True,0.7546558704453441
Tox21,fedavg_proto,0.5,1,29,200,16,16,0.1,test,server,8,32,670,702,True,0.7730876865671642
Tox21,fedavg_proto,0.5,1,29,200,16,16,0.1,test,server,9,36,621,657,True,0.6817409196636249
Tox21,fedavg_proto,0.5,1,29,200,16,16,0.1,test,server,10,93,485,578,True,0.818623212504157
Tox21,fedavg_proto,0.5,1,29,200,16,16,0.1,test,server,11,48,624,672,True,0.744624732905983
Tox21,fedavg_proto,0.5,1,29,200,16,16,0.1,test,client_0,0,32,693,725,True,0.819760101010101
Tox21,fedavg_proto,0.5,1,29,200,16,16,0.1,test,client_0,1,33,646,679,True,0.8865278168683741
Tox21,fedavg_proto,0.5,1,29,200,16,16,0.1,test,client_0,2,77,572,649,True,0.8129370629370629
Tox21,fedavg_proto,0.5,1,29,200,16,16,0.1,test,client_0,3,38,538,576,True,0.7144394443357465
Tox21,fedavg_proto,0.5,1,29,200,16,16,0.1,test,client_0,4,80,531,611,True,0.6940207156308851
Tox21,fedavg_proto,0.5,1,29,200,16,16,0.1,test,client_0,5,34,647,681,True,0.7719338121647422
Tox21,fedavg_proto,0.5,1,29,200,16,16,0.1,test,client_0,6,21,617,638,True,0.7521031102878752
Tox21,fedavg_proto,0.5,1,29,200,16,16,0.1,test,client_0,7,95,494,589,True,0.7633070530577456
Tox21,fedavg_proto,0.5,1,29,200,16,16,0.1,test,client_0,8,32,670,702,True,0.7814365671641791
Tox21,fedavg_proto,0.5,1,29,200,16,16,0.1,test,client_0,9,36,621,657,True,0.6996332080873143
Tox21,fedavg_proto,0.5,1,29,200,16,16,0.1,test,client_0,10,93,485,578,True,0.803635960536526
Tox21,fedavg_proto,0.5,1,29,200,16,16,0.1,test,client_0,11,48,624,672,True,0.7438568376068376
Tox21,fedavg_proto,0.5,1,29,200,16,16,0.1,test,client_1,0,32,693,725,True,0.8199404761904763
Tox21,fedavg_proto,0.5,1,29,200,16,16,0.1,test,client_1,1,33,646,679,True,0.885871094849423
Tox21,fedavg_proto,0.5,1,29,200,16,16,0.1,test,client_1,2,77,572,649,True,0.8106211969848334
Tox21,fedavg_proto,0.5,1,29,200,16,16,0.1,test,client_1,3,38,538,576,True,0.7084230091958522
Tox21,fedavg_proto,0.5,1,29,200,16,16,0.1,test,client_1,4,80,531,611,True,0.6945856873822975
Tox21,fedavg_proto,0.5,1,29,200,16,16,0.1,test,client_1,5,34,647,681,True,0.7625238658059823
Tox21,fedavg_proto,0.5,1,29,200,16,16,0.1,test,client_1,6,21,617,638,True,0.7439222042139384
Tox21,fedavg_proto,0.5,1,29,200,16,16,0.1,test,client_1,7,95,494,589,True,0.748923929256339
Tox21,fedavg_proto,0.5,1,29,200,16,16,0.1,test,client_1,8,32,670,702,True,0.7938899253731344
Tox21,fedavg_proto,0.5,1,29,200,16,16,0.1,test,client_1,9,36,621,657,True,0.6980676328502415
Tox21,fedavg_proto,0.5,1,29,200,16,16,0.1,test,client_1,10,93,485,578,True,0.8205077042456491
Tox21,fedavg_proto,0.5,1,29,200,16,16,0.1,test,client_1,11,48,624,672,True,0.753639155982906
Tox21,fedavg_proto,0.5,1,29,200,16,16,0.1,test,client_2,0,32,693,725,True,0.82747113997114
Tox21,fedavg_proto,0.5,1,29,200,16,16,0.1,test,client_2,1,33,646,679,True,0.8827751196172249
Tox21,fedavg_proto,0.5,1,29,200,16,16,0.1,test,client_2,2,77,572,649,True,0.8262192353101445
Tox21,fedavg_proto,0.5,1,29,200,16,16,0.1,test,client_2,3,38,538,576,True,0.7143416161220897
Tox21,fedavg_proto,0.5,1,29,200,16,16,0.1,test,client_2,4,80,531,611,True,0.7023540489642184
Tox21,fedavg_proto,0.5,1,29,200,16,16,0.1,test,client_2,5,34,647,681,True,0.7637512501136466
Tox21,fedavg_proto,0.5,1,29,200,16,16,0.1,test,client_2,6,21,617,638,True,0.727791927143629
Tox21,fedavg_proto,0.5,1,29,200,16,16,0.1,test,client_2,7,95,494,589,True,0.7525037289580225
Tox21,fedavg_proto,0.5,1,29,200,16,16,0.1,test,client_2,8,32,670,702,True,0.7652518656716418
Tox21,fedavg_proto,0.5,1,29,200,16,16,0.1,test,client_2,9,36,621,657,True,0.6628645553766327
Tox21,fedavg_proto,0.5,1,29,200,16,16,0.1,test,client_2,10,93,485,578,True,0.8183128256290877
Tox21,fedavg_proto,0.5,1,29,200,16,16,0.1,test,client_2,11,48,624,672,True,0.7375133547008547
Tox21,fedavg_proto,0.5,1,29,200,16,16,0.1,test,client_3,0,32,693,725,True,0.8398719336219336
Tox21,fedavg_proto,0.5,1,29,200,16,16,0.1,test,client_3,1,33,646,679,True,0.8596960315226568
Tox21,fedavg_proto,0.5,1,29,200,16,16,0.1,test,client_3,2,77,572,649,True,0.8134138588684043
Tox21,fedavg_proto,0.5,1,29,200,16,16,0.1,test,client_3,3,38,538,576,True,0.7335648601056544
Tox21,fedavg_proto,0.5,1,29,200,16,16,0.1,test,client_3,4,80,531,611,True,0.7067325800376648
Tox21,fedavg_proto,0.5,1,29,200,16,16,0.1,test,client_3,5,34,647,681,True,0.7604327666151468
Tox21,fedavg_proto,0.5,1,29,200,16,16,0.1,test,client_3,6,21,617,638,True,0.7111985799181909
Tox21,fedavg_proto,0.5,1,29,200,16,16,0.1,test,client_3,7,95,494,589,True,0.7414660132111657
Tox21,fedavg_proto,0.5,1,29,200,16,16,0.1,test,client_3,8,32,670,702,True,0.7546175373134327
Tox21,fedavg_proto,0.5,1,29,200,16,16,0.1,test,client_3,9,36,621,657,True,0.6672034353193773
Tox21,fedavg_proto,0.5,1,29,200,16,16,0.1,test,client_3,10,93,485,578,True,0.8113734619221816
Tox21,fedavg_proto,0.5,1,29,200,16,16,0.1,test,client_3,11,48,624,672,True,0.7403846153846154
Tox21,fedavg_proto,0.5,1,30,200,16,16,0.1,val,server,0,31,696,727,True,0.785641453466815
Tox21,fedavg_proto,0.5,1,30,200,16,16,0.1,val,server,1,23,652,675,True,0.7711389703921047
Tox21,fedavg_proto,0.5,1,30,200,16,16,0.1,val,server,2,74,567,641,True,0.8048048048048048
Tox21,fedavg_proto,0.5,1,30,200,16,16,0.1,val,server,3,19,546,565,True,0.7763639868903027
Tox21,fedavg_proto,0.5,1,30,200,16,16,0.1,val,server,4,82,541,623,True,0.7067535277940579
Tox21,fedavg_proto,0.5,1,30,200,16,16,0.1,val,server,5,30,657,687,True,0.8091831557584983
Tox21,fedavg_proto,0.5,1,30,200,16,16,0.1,val,server,6,21,612,633,True,0.6364768129474012
Tox21,fedavg_proto,0.5,1,30,200,16,16,0.1,val,server,7,96,492,588,True,0.6981495596205962
Tox21,fedavg_proto,0.5,1,30,200,16,16,0.1,val,server,8,30,677,707,True,0.7763663220088627
Tox21,fedavg_proto,0.5,1,30,200,16,16,0.1,val,server,9,45,603,648,True,0.6032061912658928
Tox21,fedavg_proto,0.5,1,30,200,16,16,0.1,val,server,10,92,495,587,True,0.8582564778216952
Tox21,fedavg_proto,0.5,1,30,200,16,16,0.1,val,server,11,42,636,678,True,0.7781147050014975
Tox21,fedavg_proto,0.5,1,30,200,16,16,0.1,val,client_0,0,31,696,727,True,0.7884223210975158
Tox21,fedavg_proto,0.5,1,30,200,16,16,0.1,val,client_0,1,23,652,675,True,0.7697385969591891
Tox21,fedavg_proto,0.5,1,30,200,16,16,0.1,val,client_0,2,74,567,641,True,0.7841412841412841
Tox21,fedavg_proto,0.5,1,30,200,16,16,0.1,val,client_0,3,19,546,565,True,0.7619047619047619
Tox21,fedavg_proto,0.5,1,30,200,16,16,0.1,val,client_0,4,82,541,623,True,0.7033947973490826
Tox21,fedavg_proto,0.5,1,30,200,16,16,0.1,val,client_0,5,30,657,687,True,0.7901065449010655
Tox21,fedavg_proto,0.5,1,30,200,16,16,0.1,val,client_0,6,21,612,633,True,0.6491596638655461
Tox21,fedavg_proto,0.5,1,30,200,16,16,0.1,val,client_0,7,96,492,588,True,0.6885162601626016
Tox21,fedavg_proto,0.5,1,30,200,16,16,0.1,val,client_0,8,30,677,707,True,0.7688823239783358
Tox21,fedavg_proto,0.5,1,30,200,16,16,0.1,val,client_0,9,45,603,648,True,0.5702598120508569
Tox21,fedavg_proto,0.5,1,30,200,16,16,0.1,val,client_0,10,92,495,587,True,0.840689503732982
Tox21,fedavg_proto,0.5,1,30,200,16,16,0.1,val,client_0,11,42,636,678,True,0.7523959269242289
Tox21,fedavg_proto,0.5,1,30,200,16,16,0.1,val,client_1,0,31,696,727,True,0.7889321468298108
Tox21,fedavg_proto,0.5,1,30,200,16,16,0.1,val,client_1,1,23,652,675,True,0.7605361429714591
Tox21,fedavg_proto,0.5,1,30,200,16,16,0.1,val,client_1,2,74,567,641,True,0.803493970160637
Tox21,fedavg_proto,0.5,1,30,200,16,16,0.1,val,client_1,3,19,546,565,True,0.7879313668787353
Tox21,fedavg_proto,0.5,1,30,200,16,16,0.1,val,client_1,4,82,541,623,True,0.7024931247464046
Tox21,fedavg_proto,0.5,1,30,200,16,16,0.1,val,client_1,5,30,657,687,True,0.8086757990867581
Tox21,fedavg_proto,0.5,1,30,200,16,16,0.1,val,client_1,6,21,612,633,True,0.6156240273887333
Tox21,fedavg_proto,0.5,1,30,200,16,16,0.1,val,client_1,7,96,492,588,True,0.69213668699187
Tox21,fedavg_proto,0.5,1,30,200,16,16,0.1,val,client_1,8,30,677,707,True,0.769670113244707
Tox21,fedavg_proto,0.5,1,30,200,16,16,0.1,val,client_1,9,45,603,648,True,0.6331306430808918
Tox21,fedavg_proto,0.5,1,30,200,16,16,0.1,val,client_1,10,92,495,587,True,0.8539745278875713
Tox21,fedavg_proto,0.5,1,30,200,16,16,0.1,val,client_1,11,42,636,678,True,0.7753069781371668
Tox21,fedavg_proto,0.5,1,30,200,16,16,0.1,val,client_2,0,31,696,727,True,0.7848535409714498
Tox21,fedavg_proto,0.5,1,30,200,16,16,0.1,val,client_2,1,23,652,675,True,0.7738730328087491
Tox21,fedavg_proto,0.5,1,30,200,16,16,0.1,val,client_2,2,74,567,641,True,0.8084036417369751
Tox21,fedavg_proto,0.5,1,30,200,16,16,0.1,val,client_2,3,19,546,565,True,0.7832080200501254
Tox21,fedavg_proto,0.5,1,30,200,16,16,0.1,val,client_2,4,82,541,623,True,0.6988864343356926
Tox21,fedavg_proto,0.5,1,30,200,16,16,0.1,val,client_2,5,30,657,687,True,0.8031456113647893
Tox21,fedavg_proto,0.5,1,30,200,16,16,0.1,val,client_2,6,21,612,633,True,0.6447245564892624
Tox21,fedavg_proto,0.5,1,30,200,16,16,0.1,val,client_2,7,96,492,588,True,0.7013253726287263
Tox21,fedavg_proto,0.5,1,30,200,16,16,0.1,val,client_2,8,30,677,707,True,0.7785327424913835
Tox21,fedavg_proto,0.5,1,30,200,16,16,0.1,val,client_2,9,45,603,648,True,0.5994472084024323
Tox21,fedavg_proto,0.5,1,30,200,16,16,0.1,val,client_2,10,92,495,587,True,0.854040404040404
Tox21,fedavg_proto,0.5,1,30,200,16,16,0.1,val,client_2,11,42,636,678,True,0.787436358191075
Tox21,fedavg_proto,0.5,1,30,200,16,16,0.1,val,client_3,0,31,696,727,True,0.7797552836484984
Tox21,fedavg_proto,0.5,1,30,200,16,16,0.1,val,client_3,1,23,652,675,True,0.7704054414510536
Tox21,fedavg_proto,0.5,1,30,200,16,16,0.1,val,client_3,2,74,567,641,True,0.7945087945087945
Tox21,fedavg_proto,0.5,1,30,200,16,16,0.1,val,client_3,3,19,546,565,True,0.771062271062271
Tox21,fedavg_proto,0.5,1,30,200,16,16,0.1,val,client_3,4,82,541,623,True,0.7028763356025427
Tox21,fedavg_proto,0.5,1,30,200,16,16,0.1,val,client_3,5,30,657,687,True,0.8011669203450025
Tox21,fedavg_proto,0.5,1,30,200,16,16,0.1,val,client_3,6,21,612,633,True,0.6264394646747588
Tox21,fedavg_proto,0.5,1,30,200,16,16,0.1,val,client_3,7,96,492,588,True,0.6963075880758808
Tox21,fedavg_proto,0.5,1,30,200,16,16,0.1,val,client_3,8,30,677,707,True,0.7679960610536681
Tox21,fedavg_proto,0.5,1,30,200,16,16,0.1,val,client_3,9,45,603,648,True,0.6014004053805049
Tox21,fedavg_proto,0.5,1,30,200,16,16,0.1,val,client_3,10,92,495,587,True,0.8644268774703557
Tox21,fedavg_proto,0.5,1,30,200,16,16,0.1,val,client_3,11,42,636,678,True,0.7787511230907458
Tox21,fedavg_proto,0.5,1,30,200,16,16,0.1,test,server,0,32,693,725,True,0.8345959595959596
Tox21,fedavg_proto,0.5,1,30,200,16,16,0.1,test,server,1,33,646,679,True,0.8867154517309317
Tox21,fedavg_proto,0.5,1,30,200,16,16,0.1,test,server,2,77,572,649,True,0.8192716374534557
Tox21,fedavg_proto,0.5,1,30,200,16,16,0.1,test,server,3,38,538,576,True,0.7290158481706124
Tox21,fedavg_proto,0.5,1,30,200,16,16,0.1,test,server,4,80,531,611,True,0.7015065913370998
Tox21,fedavg_proto,0.5,1,30,200,16,16,0.1,test,server,5,34,647,681,True,0.771842894808619
Tox21,fedavg_proto,0.5,1,30,200,16,16,0.1,test,server,6,21,617,638,True,0.7347379794705564
Tox21,fedavg_proto,0.5,1,30,200,16,16,0.1,test,server,7,95,494,589,True,0.7546345621137864
Tox21,fedavg_proto,0.5,1,30,200,16,16,0.1,test,server,8,32,670,702,True,0.7750466417910449
Tox21,fedavg_proto,0.5,1,30,200,16,16,0.1,test,server,9,36,621,657,True,0.6891662193594561
Tox21,fedavg_proto,0.5,1,30,200,16,16,0.1,test,server,10,93,485,578,True,0.8217492517459262
Tox21,fedavg_proto,0.5,1,30,200,16,16,0.1,test,server,11,48,624,672,True,0.7462272970085471
Tox21,fedavg_proto,0.5,1,30,200,16,16,0.1,test,client_0,0,32,693,725,True,0.8275162337662338
Tox21,fedavg_proto,0.5,1,30,200,16,16,0.1,test,client_0,1,33,646,679,True,0.8855896425555869
Tox21,fedavg_proto,0.5,1,30,200,16,16,0.1,test,client_0,2,77,572,649,True,0.8040822813550086
Tox21,fedavg_proto,0.5,1,30,200,16,16,0.1,test,client_0,3,38,538,576,True,0.7242711798082566
Tox21,fedavg_proto,0.5,1,30,200,16,16,0.1,test,client_0,4,80,531,611,True,0.6977636534839925
Tox21,fedavg_proto,0.5,1,30,200,16,16,0.1,test,client_0,5,34,647,681,True,0.7783889444494954
Tox21,fedavg_proto,0.5,1,30,200,16,16,0.1,test,client_0,6,21,617,638,True,0.7318052018214092
Tox21,fedavg_proto,0.5,1,30,200,16,16,0.1,test,client_0,7,95,494,589,True,0.751651395695717
Tox21,fedavg_proto,0.5,1,30,200,16,16,0.1,test,client_0,8,32,670,702,True,0.7597481343283582
Tox21,fedavg_proto,0.5,1,30,200,16,16,0.1,test,client_0,9,36,621,657,True,0.6897029880121668
Tox21,fedavg_proto,0.5,1,30,200,16,16,0.1,test,client_0,10,93,485,578,True,0.7965635738831615
Tox21,fedavg_proto,0.5,1,30,200,16,16,0.1,test,client_0,11,48,624,672,True,0.7327724358974359
Tox21,fedavg_proto,0.5,1,30,200,16,16,0.1,test,client_1,0,32,693,725,True,0.8305826118326118
Tox21,fedavg_proto,0.5,1,30,200,16,16,0.1,test,client_1,1,33,646,679,True,0.8836194764987335
Tox21,fedavg_proto,0.5,1,30,200,16,16,0.1,test,client_1,2,77,572,649,True,0.8202025247479793
Tox21,fedavg_proto,0.5,1,30,200,16,16,0.1,test,client_1,3,38,538,576,True,0.7137546468401488
Tox21,fedavg_proto,0.5,1,30,200,16,16,0.1,test,client_1,4,80,531,611,True,0.6976694915254237
Tox21,fedavg_proto,0.5,1,30,200,16,16,0.1,test,client_1,5,34,647,681,True,0.7607509773615783
Tox21,fedavg_proto,0.5,1,30,200,16,16,0.1,test,client_1,6,21,617,638,True,0.7429960639036813
Tox21,fedavg_proto,0.5,1,30,200,16,16,0.1,test,client_1,7,95,494,589,True,0.7479224376731302
Tox21,fedavg_proto,0.5,1,30,200,16,16,0.1,test,client_1,8,32,670,702,True,0.7936567164179105
Tox21,fedavg_proto,0.5,1,30,200,16,16,0.1,test,client_1,9,36,621,657,True,0.6943997137233853
Tox21,fedavg_proto,0.5,1,30,200,16,16,0.1,test,client_1,10,93,485,578,True,0.8266489302738056
Tox21,fedavg_proto,0.5,1,30,200,16,16,0.1,test,client_1,11,48,624,672,True,0.7526375534188033
Tox21,fedavg_proto,0.5,1,30,200,16,16,0.1,test,client_2,0,32,693,725,True,0.8293650793650794
Tox21,fedavg_proto,0.5,1,30,200,16,16,0.1,test,client_2,1,33,646,679,True,0.8895768833849329
Tox21,fedavg_proto,0.5,1,30,200,16,16,0.1,test,client_2,2,77,572,649,True,0.8185223867042049
Tox21,fedavg_proto,0.5,1,30,200,16,16,0.1,test,client_2,3,38,538,576,True,0.7239287810604579
Tox21,fedavg_proto,0.5,1,30,200,16,16,0.1,test,client_2,4,80,531,611,True,0.7002354048964218
Tox21,fedavg_proto,0.5,1,30,200,16,16,0.1,test,client_2,5,34,647,681,True,0.7696608782616601
Tox21,fedavg_proto,0.5,1,30,200,16,16,0.1,test,client_2,6,21,617,638,True,0.7357412981400016
Tox21,fedavg_proto,0.5,1,30,200,16,16,0.1,test,client_2,7,95,494,589,True,0.7519070956744087
Tox21,fedavg_proto,0.5,1,30,200,16,16,0.1,test,client_2,8,32,670,702,True,0.7713152985074627
Tox21,fedavg_proto,0.5,1,30,200,16,16,0.1,test,client_2,9,36,621,657,True,0.6746734657362676
Tox21,fedavg_proto,0.5,1,30,200,16,16,0.1,test,client_2,10,93,485,578,True,0.8189335993792263
Tox21,fedavg_proto,0.5,1,30,200,16,16,0.1,test,client_2,11,48,624,672,True,0.7446581196581197
Tox21,fedavg_proto,0.5,1,30,200,16,16,0.1,test,client_3,0,32,693,725,True,0.8369408369408369
Tox21,fedavg_proto,0.5,1,30,200,16,16,0.1,test,client_3,1,33,646,679,True,0.874847546674172
Tox21,fedavg_proto,0.5,1,30,200,16,16,0.1,test,client_3,2,77,572,649,True,0.8127100172554719
Tox21,fedavg_proto,0.5,1,30,200,16,16,0.1,test,client_3,3,38,538,576,True,0.7390432400704363
Tox21,fedavg_proto,0.5,1,30,200,16,16,0.1,test,client_3,4,80,531,611,True,0.6987523540489643
Tox21,fedavg_proto,0.5,1,30,200,16,16,0.1,test,client_3,5,34,647,681,True,0.7547049731793799
Tox21,fedavg_proto,0.5,1,30,200,16,16,0.1,test,client_3,6,21,617,638,True,0.738905610866713
Tox21,fedavg_proto,0.5,1,30,200,16,16,0.1,test,client_3,7,95,494,589,True,0.7506072874493928
Tox21,fedavg_proto,0.5,1,30,200,16,16,0.1,test,client_3,8,32,670,702,True,0.7750932835820895
Tox21,fedavg_proto,0.5,1,30,200,16,16,0.1,test,client_3,9,36,621,657,True,0.6977545178028269
Tox21,fedavg_proto,0.5,1,30,200,16,16,0.1,test,client_3,10,93,485,578,True,0.825673428666445
Tox21,fedavg_proto,0.5,1,30,200,16,16,0.1,test,client_3,11,48,624,672,True,0.7526709401709402
Tox21,fedavg_proto,0.5,1,31,200,16,16,0.1,val,server,0,31,696,727,True,0.7873099740452355
Tox21,fedavg_proto,0.5,1,31,200,16,16,0.1,val,server,1,23,652,675,True,0.7735396105628167
Tox21,fedavg_proto,0.5,1,31,200,16,16,0.1,val,server,2,74,567,641,True,0.8084989751656418
Tox21,fedavg_proto,0.5,1,31,200,16,16,0.1,val,server,3,19,546,565,True,0.7862926547137072
Tox21,fedavg_proto,0.5,1,31,200,16,16,0.1,val,server,4,82,541,623,True,0.7020422884450656
Tox21,fedavg_proto,0.5,1,31,200,16,16,0.1,val,server,5,30,657,687,True,0.808726534753932
Tox21,fedavg_proto,0.5,1,31,200,16,16,0.1,val,server,6,21,612,633,True,0.6422346716464364
Tox21,fedavg_proto,0.5,1,31,200,16,16,0.1,val,server,7,96,492,588,True,0.701854674796748
Tox21,fedavg_proto,0.5,1,31,200,16,16,0.1,val,server,8,30,677,707,True,0.784441161989168
Tox21,fedavg_proto,0.5,1,31,200,16,16,0.1,val,server,9,45,603,648,True,0.6086972544683987
Tox21,fedavg_proto,0.5,1,31,200,16,16,0.1,val,server,10,92,495,587,True,0.8606280193236714
Tox21,fedavg_proto,0.5,1,31,200,16,16,0.1,val,server,11,42,636,678,True,0.7854522312069482
Tox21,fedavg_proto,0.5,1,31,200,16,16,0.1,val,client_0,0,31,696,727,True,0.7854560622914349
Tox21,fedavg_proto,0.5,1,31,200,16,16,0.1,val,client_0,1,23,652,675,True,0.7720725526807148
Tox21,fedavg_proto,0.5,1,31,200,16,16,0.1,val,client_0,2,74,567,641,True,0.8052338052338053
Tox21,fedavg_proto,0.5,1,31,200,16,16,0.1,val,client_0,3,19,546,565,True,0.7861962598804704
Tox21,fedavg_proto,0.5,1,31,200,16,16,0.1,val,client_0,4,82,541,623,True,0.6979847617330147
Tox21,fedavg_proto,0.5,1,31,200,16,16,0.1,val,client_0,5,30,657,687,True,0.7960426179604263
Tox21,fedavg_proto,0.5,1,31,200,16,16,0.1,val,client_0,6,21,612,633,True,0.6551509492685963
Tox21,fedavg_proto,0.5,1,31,200,16,16,0.1,val,client_0,7,96,492,588,True,0.7026380420054201
Tox21,fedavg_proto,0.5,1,31,200,16,16,0.1,val,client_0,8,30,677,707,True,0.7870507139340226
Tox21,fedavg_proto,0.5,1,31,200,16,16,0.1,val,client_0,9,45,603,648,True,0.5885387875437627
Tox21,fedavg_proto,0.5,1,31,200,16,16,0.1,val,client_0,10,92,495,587,True,0.8510540184453228
Tox21,fedavg_proto,0.5,1,31,200,16,16,0.1,val,client_0,11,42,636,678,True,0.7858265947888589
Tox21,fedavg_proto,0.5,1,31,200,16,16,0.1,val,client_1,0,31,696,727,True,0.7952354467927326
Tox21,fedavg_proto,0.5,1,31,200,16,16,0.1,val,client_1,1,23,652,675,True,0.7726060282742065
Tox21,fedavg_proto,0.5,1,31,200,16,16,0.1,val,client_1,2,74,567,641,True,0.7991324657991326
Tox21,fedavg_proto,0.5,1,31,200,16,16,0.1,val,client_1,3,19,546,565,True,0.7893772893772893
Tox21,fedavg_proto,0.5,1,31,200,16,16,0.1,val,client_1,4,82,541,623,True,0.7041612190613589
Tox21,fedavg_proto,0.5,1,31,200,16,16,0.1,val,client_1,5,30,657,687,True,0.8139015728056824
Tox21,fedavg_proto,0.5,1,31,200,16,16,0.1,val,client_1,6,21,612,633,True,0.6234827264239029
Tox21,fedavg_proto,0.5,1,31,200,16,16,0.1,val,client_1,7,96,492,588,True,0.6892149390243903
Tox21,fedavg_proto,0.5,1,31,200,16,16,0.1,val,client_1,8,30,677,707,True,0.771836533727228
Tox21,fedavg_proto,0.5,1,31,200,16,16,0.1,val,client_1,9,45,603,648,True,0.6308089183711074
Tox21,fedavg_proto,0.5,1,31,200,16,16,0.1,val,client_1,10,92,495,587,True,0.8551602986385595
Tox21,fedavg_proto,0.5,1,31,200,16,16,0.1,val,client_1,11,42,636,678,True,0.7754567235699311
Tox21,fedavg_proto,0.5,1,31,200,16,16,0.1,val,client_2,0,31,696,727,True,0.7867538005190953
Tox21,fedavg_proto,0.5,1,31,200,16,16,0.1,val,client_2,1,23,652,675,True,0.7746065617498
Tox21,fedavg_proto,0.5,1,31,200,16,16,0.1,val,client_2,2,74,567,641,True,0.8159588159588158
Tox21,fedavg_proto,0.5,1,31,200,16,16,0.1,val,client_2,3,19,546,565,True,0.7861962598804705
Tox21,fedavg_proto,0.5,1,31,200,16,16,0.1,val,client_2,4,82,541,623,True,0.6956178711509851
Tox21,fedavg_proto,0.5,1,31,200,16,16,0.1,val,client_2,5,30,657,687,True,0.8055301877219685
Tox21,fedavg_proto,0.5,1,31,200,16,16,0.1,val,client_2,6,21,612,633,True,0.6498599439775911
Tox21,fedavg_proto,0.5,1,31,200,16,16,0.1,val,client_2,7,96,492,588,True,0.7050093157181572
Tox21,fedavg_proto,0.5,1,31,200,16,16,0.1,val,client_2,8,30,677,707,True,0.7852781880846874
Tox21,fedavg_proto,0.5,1,31,200,16,16,0.1,val,client_2,9,45,603,648,True,0.6039063939561453
Tox21,fedavg_proto,0.5,1,31,200,16,16,0.1,val,client_2,10,92,495,587,True,0.8564778216952129
Tox21,fedavg_proto,0.5,1,31,200,16,16,0.1,val,client_2,11,42,636,678,True,0.7930518119197364
Tox21,fedavg_proto,0.5,1,31,200,16,16,0.1,val,client_3,0,31,696,727,True,0.7784575454208379
Tox21,fedavg_proto,0.5,1,31,200,16,16,0.1,val,client_3,1,23,652,675,True,0.7741397706054949
Tox21,fedavg_proto,0.5,1,31,200,16,16,0.1,val,client_3,2,74,567,641,True,0.7971781305114639
Tox21,fedavg_proto,0.5,1,31,200,16,16,0.1,val,client_3,3,19,546,565,True,0.7749180643917486
Tox21,fedavg_proto,0.5,1,31,200,16,16,0.1,val,client_3,4,82,541,623,True,0.6987737252603579
Tox21,fedavg_proto,0.5,1,31,200,16,16,0.1,val,client_3,5,30,657,687,True,0.8046169457128362
Tox21,fedavg_proto,0.5,1,31,200,16,16,0.1,val,client_3,6,21,612,633,True,0.6266728913787738
Tox21,fedavg_proto,0.5,1,31,200,16,16,0.1,val,client_3,7,96,492,588,True,0.7005420054200541
Tox21,fedavg_proto,0.5,1,31,200,16,16,0.1,val,client_3,8,30,677,707,True,0.776218611521418
Tox21,fedavg_proto,0.5,1,31,200,16,16,0.1,val,client_3,9,45,603,648,True,0.6054173576561637
Tox21,fedavg_proto,0.5,1,31,200,16,16,0.1,val,client_3,10,92,495,587,True,0.8672156346069388
Tox21,fedavg_proto,0.5,1,31,200,16,16,0.1,val,client_3,11,42,636,678,True,0.7776280323450134
Tox21,fedavg_proto,0.5,1,31,200,16,16,0.1,test,server,0,32,693,725,True,0.8332882395382396
Tox21,fedavg_proto,0.5,1,31,200,16,16,0.1,test,server,1,33,646,679,True,0.8880288957688339
Tox21,fedavg_proto,0.5,1,31,200,16,16,0.1,test,server,2,77,572,649,True,0.8232676414494596
Tox21,fedavg_proto,0.5,1,31,200,16,16,0.1,test,server,3,38,538,576,True,0.7342496576012523
Tox21,fedavg_proto,0.5,1,31,200,16,16,0.1,test,server,4,80,531,611,True,0.6996233521657251
Tox21,fedavg_proto,0.5,1,31,200,16,16,0.1,test,server,5,34,647,681,True,0.772479316301482
Tox21,fedavg_proto,0.5,1,31,200,16,16,0.1,test,server,6,21,617,638,True,0.7436134907771861
Tox21,fedavg_proto,0.5,1,31,200,16,16,0.1,test,server,7,95,494,589,True,0.7592158533986788
Tox21,fedavg_proto,0.5,1,31,200,16,16,0.1,test,server,8,32,670,702,True,0.7864738805970148
Tox21,fedavg_proto,0.5,1,31,200,16,16,0.1,test,server,9,36,621,657,True,0.6961889425657541
Tox21,fedavg_proto,0.5,1,31,200,16,16,0.1,test,server,10,93,485,578,True,0.8265602483095001
Tox21,fedavg_proto,0.5,1,31,200,16,16,0.1,test,server,11,48,624,672,True,0.7533386752136751
Tox21,fedavg_proto,0.5,1,31,200,16,16,0.1,test,client_0,0,32,693,725,True,0.8271554834054833
Tox21,fedavg_proto,0.5,1,31,200,16,16,0.1,test,client_0,1,33,646,679,True,0.8814147668636831
Tox21,fedavg_proto,0.5,1,31,200,16,16,0.1,test,client_0,2,77,572,649,True,0.8197711379529562
Tox21,fedavg_proto,0.5,1,31,200,16,16,0.1,test,client_0,3,38,538,576,True,0.7372334181177851
Tox21,fedavg_proto,0.5,1,31,200,16,16,0.1,test,client_0,4,80,531,611,True,0.6918549905838041
Tox21,fedavg_proto,0.5,1,31,200,16,16,0.1,test,client_0,5,34,647,681,True,0.7665696881534685
Tox21,fedavg_proto,0.5,1,31,200,16,16,0.1,test,client_0,6,21,617,638,True,0.7396002160994056
Tox21,fedavg_proto,0.5,1,31,200,16,16,0.1,test,client_0,7,95,494,589,True,0.768250585979118
Tox21,fedavg_proto,0.5,1,31,200,16,16,0.1,test,client_0,8,32,670,702,True,0.7763059701492537
Tox21,fedavg_proto,0.5,1,31,200,16,16,0.1,test,client_0,9,36,621,657,True,0.7004383610663804
Tox21,fedavg_proto,0.5,1,31,200,16,16,0.1,test,client_0,10,93,485,578,True,0.8141226028156524
Tox21,fedavg_proto,0.5,1,31,200,16,16,0.1,test,client_0,11,48,624,672,True,0.7481637286324787
Tox21,fedavg_proto,0.5,1,31,200,16,16,0.1,test,client_1,0,32,693,725,True,0.8308531746031748
Tox21,fedavg_proto,0.5,1,31,200,16,16,0.1,test,client_1,1,33,646,679,True,0.8878412609062764
Tox21,fedavg_proto,0.5,1,31,200,16,16,0.1,test,client_1,2,77,572,649,True,0.8171147034783397
Tox21,fedavg_proto,0.5,1,31,200,16,16,0.1,test,client_1,3,38,538,576,True,0.7176677753864213
Tox21,fedavg_proto,0.5,1,31,200,16,16,0.1,test,client_1,4,80,531,611,True,0.6993644067796609
Tox21,fedavg_proto,0.5,1,31,200,16,16,0.1,test,client_1,5,34,647,681,True,0.771070097281571
Tox21,fedavg_proto,0.5,1,31,200,16,16,0.1,test,client_1,6,21,617,638,True,0.7517943968511229
Tox21,fedavg_proto,0.5,1,31,200,16,16,0.1,test,client_1,7,95,494,589,True,0.7477945876837844
Tox21,fedavg_proto,0.5,1,31,200,16,16,0.1,test,client_1,8,32,670,702,True,0.8012126865671642
Tox21,fedavg_proto,0.5,1,31,200,16,16,0.1,test,client_1,9,36,621,657,True,0.7012435140454464
Tox21,fedavg_proto,0.5,1,31,200,16,16,0.1,test,client_1,10,93,485,578,True,0.8285777629974503
Tox21,fedavg_proto,0.5,1,31,200,16,16,0.1,test,client_1,11,48,624,672,True,0.7535389957264957
Tox21,fedavg_proto,0.5,1,31,200,16,16,0.1,test,client_2,0,32,693,725,True,0.8305375180375181
Tox21,fedavg_proto,0.5,1,31,200,16,16,0.1,test,client_2,1,33,646,679,True,0.8909372361384745
Tox21,fedavg_proto,0.5,1,31,200,16,16,0.1,test,client_2,2,77,572,649,True,0.822359458723095
Tox21,fedavg_proto,0.5,1,31,200,16,16,0.1,test,client_2,3,38,538,576,True,0.7253962042653102
Tox21,fedavg_proto,0.5,1,31,200,16,16,0.1,test,client_2,4,80,531,611,True,0.6987052730696799
Tox21,fedavg_proto,0.5,1,31,200,16,16,0.1,test,client_2,5,34,647,681,True,0.7702063823983999
Tox21,fedavg_proto,0.5,1,31,200,16,16,0.1,test,client_2,6,21,617,638,True,0.7505595431041137
Tox21,fedavg_proto,0.5,1,31,200,16,16,0.1,test,client_2,7,95,494,589,True,0.7581078201576816
Tox21,fedavg_proto,0.5,1,31,200,16,16,0.1,test,client_2,8,32,670,702,True,0.782509328358209
Tox21,fedavg_proto,0.5,1,31,200,16,16,0.1,test,client_2,9,36,621,657,True,0.6808463052424405
Tox21,fedavg_proto,0.5,1,31,200,16,16,0.1,test,client_2,10,93,485,578,True,0.8188227469238444
Tox21,fedavg_proto,0.5,1,31,200,16,16,0.1,test,client_2,11,48,624,672,True,0.7517361111111112
Tox21,fedavg_proto,0.5,1,31,200,16,16,0.1,test,client_3,0,32,693,725,True,0.8361291486291486
Tox21,fedavg_proto,0.5,1,31,200,16,16,0.1,test,client_3,1,33,646,679,True,0.8785064264940426
Tox21,fedavg_proto,0.5,1,31,200,16,16,0.1,test,client_3,2,77,572,649,True,0.8166379075469984
Tox21,fedavg_proto,0.5,1,31,200,16,16,0.1,test,client_3,3,38,538,576,True,0.7493641166112307
Tox21,fedavg_proto,0.5,1,31,200,16,16,0.1,test,client_3,4,80,531,611,True,0.6993408662900188
Tox21,fedavg_proto,0.5,1,31,200,16,16,0.1,test,client_3,5,34,647,681,True,0.770433675788708
Tox21,fedavg_proto,0.5,1,31,200,16,16,0.1,test,client_3,6,21,617,638,True,0.736127189935942
Tox21,fedavg_proto,0.5,1,31,200,16,16,0.1,test,client_3,7,95,494,589,True,0.7486895376092053
Tox21,fedavg_proto,0.5,1,31,200,16,16,0.1,test,client_3,8,32,670,702,True,0.7790111940298509
Tox21,fedavg_proto,0.5,1,31,200,16,16,0.1,test,client_3,9,36,621,657,True,0.6943102522812667
Tox21,fedavg_proto,0.5,1,31,200,16,16,0.1,test,client_3,10,93,485,578,True,0.8264937368362709
Tox21,fedavg_proto,0.5,1,31,200,16,16,0.1,test,client_3,11,48,624,672,True,0.7580462072649572
Tox21,fedavg_proto,0.5,1,32,200,16,16,0.1,val,server,0,31,696,727,True,0.7887467556544309
Tox21,fedavg_proto,0.5,1,32,200,16,16,0.1,val,server,1,23,652,675,True,0.7722059215790879
Tox21,fedavg_proto,0.5,1,32,200,16,16,0.1,val,server,2,74,567,641,True,0.8107631440964774
Tox21,fedavg_proto,0.5,1,32,200,16,16,0.1,val,server,3,19,546,565,True,0.7914979757085019
Tox21,fedavg_proto,0.5,1,32,200,16,16,0.1,val,server,4,82,541,623,True,0.7049276407736351
Tox21,fedavg_proto,0.5,1,32,200,16,16,0.1,val,server,5,30,657,687,True,0.8105530187721969
Tox21,fedavg_proto,0.5,1,32,200,16,16,0.1,val,server,6,21,612,633,True,0.6420790538437596
Tox21,fedavg_proto,0.5,1,32,200,16,16,0.1,val,server,7,96,492,588,True,0.7039083672086721
Tox21,fedavg_proto,0.5,1,32,200,16,16,0.1,val,server,8,30,677,707,True,0.7830132939438701
Tox21,fedavg_proto,0.5,1,32,200,16,16,0.1,val,server,9,45,603,648,True,0.612235120692832
Tox21,fedavg_proto,0.5,1,32,200,16,16,0.1,val,server,10,92,495,587,True,0.8626701800614844
Tox21,fedavg_proto,0.5,1,32,200,16,16,0.1,val,server,11,42,636,678,True,0.7851527403414196
Tox21,fedavg_proto,0.5,1,32,200,16,16,0.1,val,client_0,0,31,696,727,True,0.793010752688172
Tox21,fedavg_proto,0.5,1,32,200,16,16,0.1,val,client_0,1,23,652,675,True,0.7746065617497999
Tox21,fedavg_proto,0.5,1,32,200,16,16,0.1,val,client_0,2,74,567,641,True,0.8049001382334716
Tox21,fedavg_proto,0.5,1,32,200,16,16,0.1,val,client_0,3,19,546,565,True,0.792943898207056
Tox21,fedavg_proto,0.5,1,32,200,16,16,0.1,val,client_0,4,82,541,623,True,0.7035075064244174
Tox21,fedavg_proto,0.5,1,32,200,16,16,0.1,val,client_0,5,30,657,687,True,0.8030948756976155
Tox21,fedavg_proto,0.5,1,32,200,16,16,0.1,val,client_0,6,21,612,633,True,0.6604419545596016
Tox21,fedavg_proto,0.5,1,32,200,16,16,0.1,val,client_0,7,96,492,588,True,0.7020663956639567
Tox21,fedavg_proto,0.5,1,32,200,16,16,0.1,val,client_0,8,30,677,707,True,0.7821762678483506
Tox21,fedavg_proto,0.5,1,32,200,16,16,0.1,val,client_0,9,45,603,648,True,0.591855537129169
Tox21,fedavg_proto,0.5,1,32,200,16,16,0.1,val,client_0,10,92,495,587,True,0.8514492753623188
Tox21,fedavg_proto,0.5,1,32,200,16,16,0.1,val,client_0,11,42,636,678,True,0.7752695417789758
Tox21,fedavg_proto,0.5,1,32,200,16,16,0.1,val,client_1,0,31,696,727,True,0.7965795328142381
Tox21,fedavg_proto,0.5,1,32,200,16,16,0.1,val,client_1,1,23,652,675,True,0.7697385969591891
Tox21,fedavg_proto,0.5,1,32,200,16,16,0.1,val,client_1,2,74,567,641,True,0.8058058058058057
Tox21,fedavg_proto,0.5,1,32,200,16,16,0.1,val,client_1,3,19,546,565,True,0.7955465587044535
Tox21,fedavg_proto,0.5,1,32,200,16,16,0.1,val,client_1,4,82,541,623,True,0.7001487759794418
Tox21,fedavg_proto,0.5,1,32,200,16,16,0.1,val,client_1,5,30,657,687,True,0.8111111111111111
Tox21,fedavg_proto,0.5,1,32,200,16,16,0.1,val,client_1,6,21,612,633,True,0.622549019607843
Tox21,fedavg_proto,0.5,1,32,200,16,16,0.1,val,client_1,7,96,492,588,True,0.6934070121951219
Tox21,fedavg_proto,0.5,1,32,200,16,16,0.1,val,client_1,8,30,677,707,True,0.777449532250123
Tox21,fedavg_proto,0.5,1,32,200,16,16,0.1,val,client_1,9,45,603,648,True,0.6398378477980469
Tox21,fedavg_proto,0.5,1,32,200,16,16,0.1,val,client_1,10,92,495,587,True,0.8562582345191041
Tox21,fedavg_proto,0.5,1,32,200,16,16,0.1,val,client_1,11,42,636,678,True,0.7831686133572926
Tox21,fedavg_proto,0.5,1,32,200,16,16,0.1,val,client_2,0,31,696,727,True,0.7898127549128661
Tox21,fedavg_proto,0.5,1,32,200,16,16,0.1,val,client_2,1,23,652,675,True,0.7758068818351561
Tox21,fedavg_proto,0.5,1,32,200,16,16,0.1,val,client_2,2,74,567,641,True,0.8184136517469851
Tox21,fedavg_proto,0.5,1,32,200,16,16,0.1,val,client_2,3,19,546,565,True,0.7939078465394255
Tox21,fedavg_proto,0.5,1,32,200,16,16,0.1,val,client_2,4,82,541,623,True,0.6982101798836843
Tox21,fedavg_proto,0.5,1,32,200,16,16,0.1,val,client_2,5,30,657,687,True,0.8079147640791475
Tox21,fedavg_proto,0.5,1,32,200,16,16,0.1,val,client_2,6,21,612,633,True,0.6514161220043573
Tox21,fedavg_proto,0.5,1,32,200,16,16,0.1,val,client_2,7,96,492,588,True,0.7062372967479675
Tox21,fedavg_proto,0.5,1,32,200,16,16,0.1,val,client_2,8,30,677,707,True,0.7857705563761694
Tox21,fedavg_proto,0.5,1,32,200,16,16,0.1,val,client_2,9,45,603,648,True,0.6082550211903446
Tox21,fedavg_proto,0.5,1,32,200,16,16,0.1,val,client_2,10,92,495,587,True,0.8561045234958278
Tox21,fedavg_proto,0.5,1,32,200,16,16,0.1,val,client_2,11,42,636,678,True,0.7942123390236598
Tox21,fedavg_proto,0.5,1,32,200,16,16,0.1,val,client_3,0,31,696,727,True,0.7718761586948462
Tox21,fedavg_proto,0.5,1,32,200,16,16,0.1,val,client_3,1,23,652,675,True,0.7669378500933582
Tox21,fedavg_proto,0.5,1,32,200,16,16,0.1,val,client_3,2,74,567,641,True,0.7971066304399639
Tox21,fedavg_proto,0.5,1,32,200,16,16,0.1,val,client_3,3,19,546,565,True,0.7798342008868324
Tox21,fedavg_proto,0.5,1,32,200,16,16,0.1,val,client_3,4,82,541,623,True,0.7020648302601326
Tox21,fedavg_proto,0.5,1,32,200,16,16,0.1,val,client_3,5,30,657,687,True,0.7963977676306443
Tox21,fedavg_proto,0.5,1,32,200,16,16,0.1,val,client_3,6,21,612,633,True,0.62869592281357
Tox21,fedavg_proto,0.5,1,32,200,16,16,0.1,val,client_3,7,96,492,588,True,0.6974932249322494
Tox21,fedavg_proto,0.5,1,32,200,16,16,0.1,val,client_3,8,30,677,707,True,0.7657311669128508
Tox21,fedavg_proto,0.5,1,32,200,16,16,0.1,val,client_3,9,45,603,648,True,0.5993366500829187
Tox21,fedavg_proto,0.5,1,32,200,16,16,0.1,val,client_3,10,92,495,587,True,0.8689064558629775
Tox21,fedavg_proto,0.5,1,32,200,16,16,0.1,val,client_3,11,42,636,678,True,0.7736597783767595
Tox21,fedavg_proto,0.5,1,32,200,16,16,0.1,test,server,0,32,693,725,True,0.83626443001443
Tox21,fedavg_proto,0.5,1,32,200,16,16,0.1,test,server,1,33,646,679,True,0.8867154517309316
Tox21,fedavg_proto,0.5,1,32,200,16,16,0.1,test,server,2,77,572,649,True,0.8262646444464626
Tox21,fedavg_proto,0.5,1,32,200,16,16,0.1,test,server,3,38,538,576,True,0.7409019761299158
Tox21,fedavg_proto,0.5,1,32,200,16,16,0.1,test,server,4,80,531,611,True,0.6981403013182674
Tox21,fedavg_proto,0.5,1,32,200,16,16,0.1,test,server,5,34,647,681,True,0.7713428493499408
Tox21,fedavg_proto,0.5,1,32,200,16,16,0.1,test,server,6,21,617,638,True,0.7415296750791078
Tox21,fedavg_proto,0.5,1,32,200,16,16,0.1,test,server,7,95,494,589,True,0.760792669933944
Tox21,fedavg_proto,0.5,1,32,200,16,16,0.1,test,server,8,32,670,702,True,0.7885261194029851
Tox21,fedavg_proto,0.5,1,32,200,16,16,0.1,test,server,9,36,621,657,True,0.6991859008767222
Tox21,fedavg_proto,0.5,1,32,200,16,16,0.1,test,server,10,93,485,578,True,0.8274470679525552
Tox21,fedavg_proto,0.5,1,32,200,16,16,0.1,test,server,11,48,624,672,True,0.7565438034188033
Tox21,fedavg_proto,0.5,1,32,200,16,16,0.1,test,client_0,0,32,693,725,True,0.8327020202020202
Tox21,fedavg_proto,0.5,1,32,200,16,16,0.1,test,client_0,1,33,646,679,True,0.886903086593489
Tox21,fedavg_proto,0.5,1,32,200,16,16,0.1,test,client_0,2,77,572,649,True,0.8196576151121606
Tox21,fedavg_proto,0.5,1,32,200,16,16,0.1,test,client_0,3,38,538,576,True,0.7376736450792408
Tox21,fedavg_proto,0.5,1,32,200,16,16,0.1,test,client_0,4,80,531,611,True,0.6944444444444444
Tox21,fedavg_proto,0.5,1,32,200,16,16,0.1,test,client_0,5,34,647,681,True,0.7728884444040367
Tox21,fedavg_proto,0.5,1,32,200,16,16,0.1,test,client_0,6,21,617,638,True,0.7393686810218415
Tox21,fedavg_proto,0.5,1,32,200,16,16,0.1,test,client_0,7,95,494,589,True,0.7627956531003623
Tox21,fedavg_proto,0.5,1,32,200,16,16,0.1,test,client_0,8,32,670,702,True,0.7743936567164178
Tox21,fedavg_proto,0.5,1,32,200,16,16,0.1,test,client_0,9,36,621,657,True,0.6974414027554124
Tox21,fedavg_proto,0.5,1,32,200,16,16,0.1,test,client_0,10,93,485,578,True,0.8117060192883272
Tox21,fedavg_proto,0.5,1,32,200,16,16,0.1,test,client_0,11,48,624,672,True,0.7476629273504274
Tox21,fedavg_proto,0.5,1,32,200,16,16,0.1,test,client_1,0,32,693,725,True,0.829455266955267
Tox21,fedavg_proto,0.5,1,32,200,16,16,0.1,test,client_1,1,33,646,679,True,0.8878412609062765
Tox21,fedavg_proto,0.5,1,32,200,16,16,0.1,test,client_1,2,77,572,649,True,0.8216102079738443
Tox21,fedavg_proto,0.5,1,32,200,16,16,0.1,test,client_1,3,38,538,576,True,0.7214830757190372
Tox21,fedavg_proto,0.5,1,32,200,16,16,0.1,test,client_1,4,80,531,611,True,0.6937382297551787
Tox21,fedavg_proto,0.5,1,32,200,16,16,0.1,test,client_1,5,34,647,681,True,0.7671606509682698
Tox21,fedavg_proto,0.5,1,32,200,16,16,0.1,test,client_1,6,21,617,638,True,0.7600524812842478
Tox21,fedavg_proto,0.5,1,32,200,16,16,0.1,test,client_1,7,95,494,589,True,0.755018112081824
Tox21,fedavg_proto,0.5,1,32,200,16,16,0.1,test,client_1,8,32,670,702,True,0.8152518656716418
Tox21,fedavg_proto,0.5,1,32,200,16,16,0.1,test,client_1,9,36,621,657,True,0.7138575773841473
Tox21,fedavg_proto,0.5,1,32,200,16,16,0.1,test,client_1,10,93,485,578,True,0.825850792595056
Tox21,fedavg_proto,0.5,1,32,200,16,16,0.1,test,client_1,11,48,624,672,True,0.7671941773504274
Tox21,fedavg_proto,0.5,1,32,200,16,16,0.1,test,client_2,0,32,693,725,True,0.8335137085137084
Tox21,fedavg_proto,0.5,1,32,200,16,16,0.1,test,client_2,1,33,646,679,True,0.8889201613659818
Tox21,fedavg_proto,0.5,1,32,200,16,16,0.1,test,client_2,2,77,572,649,True,0.8268322586504404
Tox21,fedavg_proto,0.5,1,32,200,16,16,0.1,test,client_2,3,38,538,576,True,0.7308256701232635
Tox21,fedavg_proto,0.5,1,32,200,16,16,0.1,test,client_2,4,80,531,611,True,0.6975047080979284
Tox21,fedavg_proto,0.5,1,32,200,16,16,0.1,test,client_2,5,34,647,681,True,0.7692517501591053
Tox21,fedavg_proto,0.5,1,32,200,16,16,0.1,test,client_2,6,21,617,638,True,0.74909315427954
Tox21,fedavg_proto,0.5,1,32,200,16,16,0.1,test,client_2,7,95,494,589,True,0.758683145109738
Tox21,fedavg_proto,0.5,1,32,200,16,16,0.1,test,client_2,8,32,670,702,True,0.787313432835821
Tox21,fedavg_proto,0.5,1,32,200,16,16,0.1,test,client_2,9,36,621,657,True,0.6819198425478619
Tox21,fedavg_proto,0.5,1,32,200,16,16,0.1,test,client_2,10,93,485,578,True,0.821217159960093
Tox21,fedavg_proto,0.5,1,32,200,16,16,0.1,test,client_2,11,48,624,672,True,0.7527043269230769
Tox21,fedavg_proto,0.5,1,32,200,16,16,0.1,test,client_3,0,32,693,725,True,0.8381583694083695
Tox21,fedavg_proto,0.5,1,32,200,16,16,0.1,test,client_3,1,33,646,679,True,0.8649498076742659
Tox21,fedavg_proto,0.5,1,32,200,16,16,0.1,test,client_3,2,77,572,649,True,0.8165697938425209
Tox21,fedavg_proto,0.5,1,32,200,16,16,0.1,test,client_3,3,38,538,576,True,0.7581686558403444
Tox21,fedavg_proto,0.5,1,32,200,16,16,0.1,test,client_3,4,80,531,611,True,0.69515065913371
Tox21,fedavg_proto,0.5,1,32,200,16,16,0.1,test,client_3,5,34,647,681,True,0.7586144194926812
Tox21,fedavg_proto,0.5,1,32,200,16,16,0.1,test,client_3,6,21,617,638,True,0.7326541637724782
Tox21,fedavg_proto,0.5,1,32,200,16,16,0.1,test,client_3,7,95,494,589,True,0.751417004048583
Tox21,fedavg_proto,0.5,1,32,200,16,16,0.1,test,client_3,8,32,670,702,True,0.7743003731343283
Tox21,fedavg_proto,0.5,1,32,200,16,16,0.1,test,client_3,9,36,621,657,True,0.6980229021291823
Tox21,fedavg_proto,0.5,1,32,200,16,16,0.1,test,client_3,10,93,485,578,True,0.8270258286221039
Tox21,fedavg_proto,0.5,1,32,200,16,16,0.1,test,client_3,11,48,624,672,True,0.7542735042735043
Tox21,fedavg_proto,0.5,1,33,200,16,16,0.1,val,server,0,31,696,727,True,0.7896273637374861
Tox21,fedavg_proto,0.5,1,33,200,16,16,0.1,val,server,1,23,652,675,True,0.7746065617498
Tox21,fedavg_proto,0.5,1,33,200,16,16,0.1,val,server,2,74,567,641,True,0.8081891415224748
Tox21,fedavg_proto,0.5,1,33,200,16,16,0.1,val,server,3,19,546,565,True,0.7913051860420282
Tox21,fedavg_proto,0.5,1,33,200,16,16,0.1,val,server,4,82,541,623,True,0.7064830260132544
Tox21,fedavg_proto,0.5,1,33,200,16,16,0.1,val,server,5,30,657,687,True,0.8100456621004566
Tox21,fedavg_proto,0.5,1,33,200,16,16,0.1,val,server,6,21,612,633,True,0.639900404606287
Tox21,fedavg_proto,0.5,1,33,200,16,16,0.1,val,server,7,96,492,588,True,0.7039930555555555
Tox21,fedavg_proto,0.5,1,33,200,16,16,0.1,val,server,8,30,677,707,True,0.7799113737075332
Tox21,fedavg_proto,0.5,1,33,200,16,16,0.1,val,server,9,45,603,648,True,0.6087709600147411
Tox21,fedavg_proto,0.5,1,33,200,16,16,0.1,val,server,10,92,495,587,True,0.8660298638559507
Tox21,fedavg_proto,0.5,1,33,200,16,16,0.1,val,server,11,42,636,678,True,0.7815962863132675
Tox21,fedavg_proto,0.5,1,33,200,16,16,0.1,val,client_0,0,31,696,727,True,0.7876807563959957
Tox21,fedavg_proto,0.5,1,33,200,16,16,0.1,val,client_0,1,23,652,675,True,0.773873032808749
Tox21,fedavg_proto,0.5,1,33,200,16,16,0.1,val,client_0,2,74,567,641,True,0.7966061299394632
Tox21,fedavg_proto,0.5,1,33,200,16,16,0.1,val,client_0,3,19,546,565,True,0.7761711972238288
Tox21,fedavg_proto,0.5,1,33,200,16,16,0.1,val,client_0,4,82,541,623,True,0.7064830260132547
Tox21,fedavg_proto,0.5,1,33,200,16,16,0.1,val,client_0,5,30,657,687,True,0.7983764586504312
Tox21,fedavg_proto,0.5,1,33,200,16,16,0.1,val,client_0,6,21,612,633,True,0.6546840958605664
Tox21,fedavg_proto,0.5,1,33,200,16,16,0.1,val,client_0,7,96,492,588,True,0.697853150406504
Tox21,fedavg_proto,0.5,1,33,200,16,16,0.1,val,client_0,8,30,677,707,True,0.7753815854258985
Tox21,fedavg_proto,0.5,1,33,200,16,16,0.1,val,client_0,9,45,603,648,True,0.584521835268104
Tox21,fedavg_proto,0.5,1,33,200,16,16,0.1,val,client_0,10,92,495,587,True,0.8518006148440931
Tox21,fedavg_proto,0.5,1,33,200,16,16,0.1,val,client_0,11,42,636,678,True,0.7691299790356394
Tox21,fedavg_proto,0.5,1,33,200,16,16,0.1,val,client_1,0,31,696,727,True,0.80316091954023
Tox21,fedavg_proto,0.5,1,33,200,16,16,0.1,val,client_1,1,23,652,675,True,0.7784075753534276
Tox21,fedavg_proto,0.5,1,33,200,16,16,0.1,val,client_1,2,74,567,641,True,0.8000619667286334
Tox21,fedavg_proto,0.5,1,33,200,16,16,0.1,val,client_1,3,19,546,565,True,0.7904376325428957
Tox21,fedavg_proto,0.5,1,33,200,16,16,0.1,val,client_1,4,82,541,623,True,0.7042739281366935
Tox21,fedavg_proto,0.5,1,33,200,16,16,0.1,val,client_1,5,30,657,687,True,0.8133942161339422
Tox21,fedavg_proto,0.5,1,33,200,16,16,0.1,val,client_1,6,21,612,633,True,0.6262060379707438
Tox21,fedavg_proto,0.5,1,33,200,16,16,0.1,val,client_1,7,96,492,588,True,0.6986365176151761
Tox21,fedavg_proto,0.5,1,33,200,16,16,0.1,val,client_1,8,30,677,707,True,0.7758739537173805
Tox21,fedavg_proto,0.5,1,33,200,16,16,0.1,val,client_1,9,45,603,648,True,0.6395430256126774
Tox21,fedavg_proto,0.5,1,33,200,16,16,0.1,val,client_1,10,92,495,587,True,0.8571365832235397
Tox21,fedavg_proto,0.5,1,33,200,16,16,0.1,val,client_1,11,42,636,678,True,0.7773659778376758
Tox21,fedavg_proto,0.5,1,33,200,16,16,0.1,val,client_2,0,31,696,727,True,0.7914812754912867
Tox21,fedavg_proto,0.5,1,33,200,16,16,0.1,val,client_2,1,23,652,675,True,0.775206721792478
Tox21,fedavg_proto,0.5,1,33,200,16,16,0.1,val,client_2,2,74,567,641,True,0.816959816959817
Tox21,fedavg_proto,0.5,1,33,200,16,16,0.1,val,client_2,3,19,546,565,True,0.8027761711972238
Tox21,fedavg_proto,0.5,1,33,200,16,16,0.1,val,client_2,4,82,541,623,True,0.7022451647806681
Tox21,fedavg_proto,0.5,1,33,200,16,16,0.1,val,client_2,5,30,657,687,True,0.8062404870624049
Tox21,fedavg_proto,0.5,1,33,200,16,16,0.1,val,client_2,6,21,612,633,True,0.6475256769374417
Tox21,fedavg_proto,0.5,1,33,200,16,16,0.1,val,client_2,7,96,492,588,True,0.7066183943089431
Tox21,fedavg_proto,0.5,1,33,200,16,16,0.1,val,client_2,8,30,677,707,True,0.7773018217626785
Tox21,fedavg_proto,0.5,1,33,200,16,16,0.1,val,client_2,9,45,603,648,True,0.6094343099318223
Tox21,fedavg_proto,0.5,1,33,200,16,16,0.1,val,client_2,10,92,495,587,True,0.8608476064997803
Tox21,fedavg_proto,0.5,1,33,200,16,16,0.1,val,client_2,11,42,636,678,True,0.7880727762803234
Tox21,fedavg_proto,0.5,1,33,200,16,16,0.1,val,client_3,0,31,696,727,True,0.7765572858731924
Tox21,fedavg_proto,0.5,1,33,200,16,16,0.1,val,client_3,1,23,652,675,True,0.7719391837823419
Tox21,fedavg_proto,0.5,1,33,200,16,16,0.1,val,client_3,2,74,567,641,True,0.8020878020878021
Tox21,fedavg_proto,0.5,1,33,200,16,16,0.1,val,client_3,3,19,546,565,True,0.7791594370541739
Tox21,fedavg_proto,0.5,1,33,200,16,16,0.1,val,client_3,4,82,541,623,True,0.6976466345070105
Tox21,fedavg_proto,0.5,1,33,200,16,16,0.1,val,client_3,5,30,657,687,True,0.8015220700152207
Tox21,fedavg_proto,0.5,1,33,200,16,16,0.1,val,client_3,6,21,612,633,True,0.6254279489573606
Tox21,fedavg_proto,0.5,1,33,200,16,16,0.1,val,client_3,7,96,492,588,True,0.7009866192411923
Tox21,fedavg_proto,0.5,1,33,200,16,16,0.1,val,client_3,8,30,677,707,True,0.7720334810438207
Tox21,fedavg_proto,0.5,1,33,200,16,16,0.1,val,client_3,9,45,603,648,True,0.5998894416804865
Tox21,fedavg_proto,0.5,1,33,200,16,16,0.1,val,client_3,10,92,495,587,True,0.8737593324549846
Tox21,fedavg_proto,0.5,1,33,200,16,16,0.1,val,client_3,11,42,636,678,True,0.779874213836478
Tox21,fedavg_proto,0.5,1,33,200,16,16,0.1,test,server,0,32,693,725,True,0.8350018037518038
Tox21,fedavg_proto,0.5,1,33,200,16,16,0.1,test,server,1,33,646,679,True,0.8910310535697532
Tox21,fedavg_proto,0.5,1,33,200,16,16,0.1,test,server,2,77,572,649,True,0.8242893470166197
Tox21,fedavg_proto,0.5,1,33,200,16,16,0.1,test,server,3,38,538,576,True,0.7422715711211113
Tox21,fedavg_proto,0.5,1,33,200,16,16,0.1,test,server,4,80,531,611,True,0.6987052730696799
Tox21,fedavg_proto,0.5,1,33,200,16,16,0.1,test,server,5,34,647,681,True,0.7779798163469406
Tox21,fedavg_proto,0.5,1,33,200,16,16,0.1,test,server,6,21,617,638,True,0.7473952303774022
Tox21,fedavg_proto,0.5,1,33,200,16,16,0.1,test,server,7,95,494,589,True,0.760451736629022
Tox21,fedavg_proto,0.5,1,33,200,16,16,0.1,test,server,8,32,670,702,True,0.7891324626865671
Tox21,fedavg_proto,0.5,1,33,200,16,16,0.1,test,server,9,36,621,657,True,0.7038378958668814
Tox21,fedavg_proto,0.5,1,33,200,16,16,0.1,test,server,10,93,485,578,True,0.8275800908990134
Tox21,fedavg_proto,0.5,1,33,200,16,16,0.1,test,server,11,48,624,672,True,0.7576455662393162
Tox21,fedavg_proto,0.5,1,33,200,16,16,0.1,test,client_0,0,32,693,725,True,0.8290494227994228
Tox21,fedavg_proto,0.5,1,33,200,16,16,0.1,test,client_0,1,33,646,679,True,0.8892485223754574
Tox21,fedavg_proto,0.5,1,33,200,16,16,0.1,test,client_0,2,77,572,649,True,0.8153210425937699
Tox21,fedavg_proto,0.5,1,33,200,16,16,0.1,test,client_0,3,38,538,576,True,0.740559577382117
Tox21,fedavg_proto,0.5,1,33,200,16,16,0.1,test,client_0,4,80,531,611,True,0.6957862523540489
Tox21,fedavg_proto,0.5,1,33,200,16,16,0.1,test,client_0,5,34,647,681,True,0.776661514683153
Tox21,fedavg_proto,0.5,1,33,200,16,16,0.1,test,client_0,6,21,617,638,True,0.738905610866713
Tox21,fedavg_proto,0.5,1,33,200,16,16,0.1,test,client_0,7,95,494,589,True,0.7629874280843809
Tox21,fedavg_proto,0.5,1,33,200,16,16,0.1,test,client_0,8,32,670,702,True,0.779384328358209
Tox21,fedavg_proto,0.5,1,33,200,16,16,0.1,test,client_0,9,36,621,657,True,0.7031669350509929
Tox21,fedavg_proto,0.5,1,33,200,16,16,0.1,test,client_0,10,93,485,578,True,0.8054539408047888
Tox21,fedavg_proto,0.5,1,33,200,16,16,0.1,test,client_0,11,48,624,672,True,0.7448250534188033
Tox21,fedavg_proto,0.5,1,33,200,16,16,0.1,test,client_1,0,32,693,725,True,0.8253968253968254
Tox21,fedavg_proto,0.5,1,33,200,16,16,0.1,test,client_1,1,33,646,679,True,0.8913594145792288
Tox21,fedavg_proto,0.5,1,33,200,16,16,0.1,test,client_1,2,77,572,649,True,0.8149577695032241
Tox21,fedavg_proto,0.5,1,33,200,16,16,0.1,test,client_1,3,38,538,576,True,0.718694971629818
Tox21,fedavg_proto,0.5,1,33,200,16,16,0.1,test,client_1,4,80,531,611,True,0.6920197740112993
Tox21,fedavg_proto,0.5,1,33,200,16,16,0.1,test,client_1,5,34,647,681,True,0.7716610600963724
Tox21,fedavg_proto,0.5,1,33,200,16,16,0.1,test,client_1,6,21,617,638,True,0.7638342208844638
Tox21,fedavg_proto,0.5,1,33,200,16,16,0.1,test,client_1,7,95,494,589,True,0.7532069038994246
Tox21,fedavg_proto,0.5,1,33,200,16,16,0.1,test,client_1,8,32,670,702,True,0.8152518656716419
Tox21,fedavg_proto,0.5,1,33,200,16,16,0.1,test,client_1,9,36,621,657,True,0.718777956700662
Tox21,fedavg_proto,0.5,1,33,200,16,16,0.1,test,client_1,10,93,485,578,True,0.8261611794701252
Tox21,fedavg_proto,0.5,1,33,200,16,16,0.1,test,client_1,11,48,624,672,True,0.767094017094017
Tox21,fedavg_proto,0.5,1,33,200,16,16,0.1,test,client_2,0,32,693,725,True,0.8352723665223665
Tox21,fedavg_proto,0.5,1,33,200,16,16,0.1,test,client_2,1,33,646,679,True,0.8919692278825405
Tox21,fedavg_proto,0.5,1,33,200,16,16,0.1,test,client_2,2,77,572,649,True,0.828353464717101
Tox21,fedavg_proto,0.5,1,33,200,16,16,0.1,test,client_2,3,38,538,576,True,0.7374779886519272
Tox21,fedavg_proto,0.5,1,33,200,16,16,0.1,test,client_2,4,80,531,611,True,0.6953860640301317
Tox21,fedavg_proto,0.5,1,33,200,16,16,0.1,test,client_2,5,34,647,681,True,0.7730248204382216
Tox21,fedavg_proto,0.5,1,33,200,16,16,0.1,test,client_2,6,21,617,638,True,0.7506367214633016
Tox21,fedavg_proto,0.5,1,33,200,16,16,0.1,test,client_2,7,95,494,589,True,0.7573407202216067
Tox21,fedavg_proto,0.5,1,33,200,16,16,0.1,test,client_2,8,32,670,702,True,0.7840018656716418
Tox21,fedavg_proto,0.5,1,33,200,16,16,0.1,test,client_2,9,36,621,657,True,0.688763642869923
Tox21,fedavg_proto,0.5,1,33,200,16,16,0.1,test,client_2,10,93,485,578,True,0.8249861434430772
Tox21,fedavg_proto,0.5,1,33,200,16,16,0.1,test,client_2,11,48,624,672,True,0.7553084935897436
Tox21,fedavg_proto,0.5,1,33,200,16,16,0.1,test,client_3,0,32,693,725,True,0.8347763347763347
Tox21,fedavg_proto,0.5,1,33,200,16,16,0.1,test,client_3,1,33,646,679,True,0.8753166338305657
Tox21,fedavg_proto,0.5,1,33,200,16,16,0.1,test,client_3,2,77,572,649,True,0.8200208882027062
Tox21,fedavg_proto,0.5,1,33,200,16,16,0.1,test,client_3,3,38,538,576,True,0.7583153981608296
Tox21,fedavg_proto,0.5,1,33,200,16,16,0.1,test,client_3,4,80,531,611,True,0.7014595103578154
Tox21,fedavg_proto,0.5,1,33,200,16,16,0.1,test,client_3,5,34,647,681,True,0.7713428493499409
Tox21,fedavg_proto,0.5,1,33,200,16,16,0.1,test,client_3,6,21,617,638,True,0.7360500115767539
Tox21,fedavg_proto,0.5,1,33,200,16,16,0.1,test,client_3,7,95,494,589,True,0.7510121457489879
Tox21,fedavg_proto,0.5,1,33,200,16,16,0.1,test,client_3,8,32,670,702,True,0.77392723880597
Tox21,fedavg_proto,0.5,1,33,200,16,16,0.1,test,client_3,9,36,621,657,True,0.6964573268921096
Tox21,fedavg_proto,0.5,1,33,200,16,16,0.1,test,client_3,10,93,485,578,True,0.8337656579093228
Tox21,fedavg_proto,0.5,1,33,200,16,16,0.1,test,client_3,11,48,624,672,True,0.7631543803418803
Tox21,fedavg_proto,0.5,1,34,200,16,16,0.1,val,server,0,31,696,727,True,0.7951427512050426
Tox21,fedavg_proto,0.5,1,34,200,16,16,0.1,val,server,1,23,652,675,True,0.7781408375566818
Tox21,fedavg_proto,0.5,1,34,200,16,16,0.1,val,server,2,74,567,641,True,0.8134563134563134
Tox21,fedavg_proto,0.5,1,34,200,16,16,0.1,val,server,3,19,546,565,True,0.7950645845382688
Tox21,fedavg_proto,0.5,1,34,200,16,16,0.1,val,server,4,82,541,623,True,0.7030341283080114
Tox21,fedavg_proto,0.5,1,34,200,16,16,0.1,val,server,5,30,657,687,True,0.8129375951293759
Tox21,fedavg_proto,0.5,1,34,200,16,16,0.1,val,server,6,21,612,633,True,0.6427793339558044
Tox21,fedavg_proto,0.5,1,34,200,16,16,0.1,val,server,7,96,492,588,True,0.7058985433604336
Tox21,fedavg_proto,0.5,1,34,200,16,16,0.1,val,server,8,30,677,707,True,0.7860167405219104
Tox21,fedavg_proto,0.5,1,34,200,16,16,0.1,val,server,9,45,603,648,True,0.6139672010318777
Tox21,fedavg_proto,0.5,1,34,200,16,16,0.1,val,server,10,92,495,587,True,0.8672595520421608
Tox21,fedavg_proto,0.5,1,34,200,16,16,0.1,val,server,11,42,636,678,True,0.7858640311470501
Tox21,fedavg_proto,0.5,1,34,200,16,16,0.1,val,client_0,0,31,696,727,True,0.7919911012235819
Tox21,fedavg_proto,0.5,1,34,200,16,16,0.1,val,client_0,1,23,652,675,True,0.7739397172579354
Tox21,fedavg_proto,0.5,1,34,200,16,16,0.1,val,client_0,2,74,567,641,True,0.8158873158873159
Tox21,fedavg_proto,0.5,1,34,200,16,16,0.1,val,client_0,3,19,546,565,True,0.804029304029304
Tox21,fedavg_proto,0.5,1,34,200,16,16,0.1,val,client_0,4,82,541,623,True,0.7007799468013165
Tox21,fedavg_proto,0.5,1,34,200,16,16,0.1,val,client_0,5,30,657,687,True,0.806494165398275
Tox21,fedavg_proto,0.5,1,34,200,16,16,0.1,val,client_0,6,21,612,633,True,0.6526610644257703
Tox21,fedavg_proto,0.5,1,34,200,16,16,0.1,val,client_0,7,96,492,588,True,0.7051575203252033
Tox21,fedavg_proto,0.5,1,34,200,16,16,0.1,val,client_0,8,30,677,707,True,0.7913835548990645
Tox21,fedavg_proto,0.5,1,34,200,16,16,0.1,val,client_0,9,45,603,648,True,0.6003316749585406
Tox21,fedavg_proto,0.5,1,34,200,16,16,0.1,val,client_0,10,92,495,587,True,0.860320597277119
Tox21,fedavg_proto,0.5,1,34,200,16,16,0.1,val,client_0,11,42,636,678,True,0.7806603773584904
Tox21,fedavg_proto,0.5,1,34,200,16,16,0.1,val,client_1,0,31,696,727,True,0.807332220986281
Tox21,fedavg_proto,0.5,1,34,200,16,16,0.1,val,client_1,1,23,652,675,True,0.78174179781275
Tox21,fedavg_proto,0.5,1,34,200,16,16,0.1,val,client_1,2,74,567,641,True,0.810262643595977
Tox21,fedavg_proto,0.5,1,34,200,16,16,0.1,val,client_1,3,19,546,565,True,0.7969924812030075
Tox21,fedavg_proto,0.5,1,34,200,16,16,0.1,val,client_1,4,82,541,623,True,0.7031242955682792
Tox21,fedavg_proto,0.5,1,34,200,16,16,0.1,val,client_1,5,30,657,687,True,0.8141552511415525
Tox21,fedavg_proto,0.5,1,34,200,16,16,0.1,val,client_1,6,21,612,633,True,0.624027388733271
Tox21,fedavg_proto,0.5,1,34,200,16,16,0.1,val,client_1,7,96,492,588,True,0.6984247967479674
Tox21,fedavg_proto,0.5,1,34,200,16,16,0.1,val,client_1,8,30,677,707,True,0.7807976366322008
Tox21,fedavg_proto,0.5,1,34,200,16,16,0.1,val,client_1,9,45,603,648,True,0.6401326699834162
Tox21,fedavg_proto,0.5,1,34,200,16,16,0.1,val,client_1,10,92,495,587,True,0.8586078173034694
Tox21,fedavg_proto,0.5,1,34,200,16,16,0.1,val,client_1,11,42,636,678,True,0.7841793950284516
Tox21,fedavg_proto,0.5,1,34,200,16,16,0.1,val,client_2,0,31,696,727,True,0.7913422321097516
Tox21,fedavg_proto,0.5,1,34,200,16,16,0.1,val,client_2,1,23,652,675,True,0.775940250733529
Tox21,fedavg_proto,0.5,1,34,200,16,16,0.1,val,client_2,2,74,567,641,True,0.8129558129558129
Tox21,fedavg_proto,0.5,1,34,200,16,16,0.1,val,client_2,3,19,546,565,True,0.8057644110275688
Tox21,fedavg_proto,0.5,1,34,200,16,16,0.1,val,client_2,4,82,541,623,True,0.7005094450205132
Tox21,fedavg_proto,0.5,1,34,200,16,16,0.1,val,client_2,5,30,657,687,True,0.8141552511415526
Tox21,fedavg_proto,0.5,1,34,200,16,16,0.1,val,client_2,6,21,612,633,True,0.6428571428571429
Tox21,fedavg_proto,0.5,1,34,200,16,16,0.1,val,client_2,7,96,492,588,True,0.6999491869918698
Tox21,fedavg_proto,0.5,1,34,200,16,16,0.1,val,client_2,8,30,677,707,True,0.7829148202855737
Tox21,fedavg_proto,0.5,1,34,200,16,16,0.1,val,client_2,9,45,603,648,True,0.6008107610097659
Tox21,fedavg_proto,0.5,1,34,200,16,16,0.1,val,client_2,10,92,495,587,True,0.8591348265261309
Tox21,fedavg_proto,0.5,1,34,200,16,16,0.1,val,client_2,11,42,636,678,True,0.7790131775980832
Tox21,fedavg_proto,0.5,1,34,200,16,16,0.1,val,client_3,0,31,696,727,True,0.7782258064516129
Tox21,fedavg_proto,0.5,1,34,200,16,16,0.1,val,client_3,1,23,652,675,True,0.7786743131501733
Tox21,fedavg_proto,0.5,1,34,200,16,16,0.1,val,client_3,2,74,567,641,True,0.7819009485676153
Tox21,fedavg_proto,0.5,1,34,200,16,16,0.1,val,client_3,3,19,546,565,True,0.7669172932330827
Tox21,fedavg_proto,0.5,1,34,200,16,16,0.1,val,client_3,4,82,541,623,True,0.6914476353635994
Tox21,fedavg_proto,0.5,1,34,200,16,16,0.1,val,client_3,5,30,657,687,True,0.7941146626078134
Tox21,fedavg_proto,0.5,1,34,200,16,16,0.1,val,client_3,6,21,612,633,True,0.631963896669779
Tox21,fedavg_proto,0.5,1,34,200,16,16,0.1,val,client_3,7,96,492,588,True,0.7024051490514904
Tox21,fedavg_proto,0.5,1,34,200,16,16,0.1,val,client_3,8,30,677,707,True,0.7703594288527819
Tox21,fedavg_proto,0.5,1,34,200,16,16,0.1,val,client_3,9,45,603,648,True,0.6035747189976045
Tox21,fedavg_proto,0.5,1,34,200,16,16,0.1,val,client_3,10,92,495,587,True,0.8702898550724638
Tox21,fedavg_proto,0.5,1,34,200,16,16,0.1,val,client_3,11,42,636,678,True,0.7792752321054208
Tox21,fedavg_proto,0.5,1,34,200,16,16,0.1,test,server,0,32,693,725,True,0.830988455988456
Tox21,fedavg_proto,0.5,1,34,200,16,16,0.1,test,server,1,33,646,679,True,0.8943146636645088
Tox21,fedavg_proto,0.5,1,34,200,16,16,0.1,test,server,2,77,572,649,True,0.8260148941967124
Tox21,fedavg_proto,0.5,1,34,200,16,16,0.1,test,server,3,38,538,576,True,0.7406084914889454
Tox21,fedavg_proto,0.5,1,34,200,16,16,0.1,test,server,4,80,531,611,True,0.7001412429378531
Tox21,fedavg_proto,0.5,1,34,200,16,16,0.1,test,server,5,34,647,681,True,0.7764342212928449
Tox21,fedavg_proto,0.5,1,34,200,16,16,0.1,test,server,6,21,617,638,True,0.7558076715289033
Tox21,fedavg_proto,0.5,1,34,200,16,16,0.1,test,server,7,95,494,589,True,0.761751544854038
Tox21,fedavg_proto,0.5,1,34,200,16,16,0.1,test,server,8,32,670,702,True,0.7989272388059702
Tox21,fedavg_proto,0.5,1,34,200,16,16,0.1,test,server,9,36,621,657,True,0.7056271247092503
Tox21,fedavg_proto,0.5,1,34,200,16,16,0.1,test,server,10,93,485,578,True,0.8303070613014077
Tox21,fedavg_proto,0.5,1,34,200,16,16,0.1,test,server,11,48,624,672,True,0.7630208333333334
Tox21,fedavg_proto,0.5,1,34,200,16,16,0.1,test,client_0,0,32,693,725,True,0.8240891053391053
Tox21,fedavg_proto,0.5,1,34,200,16,16,0.1,test,client_0,1,33,646,679,True,0.8870907214560466
Tox21,fedavg_proto,0.5,1,34,200,16,16,0.1,test,client_0,2,77,572,649,True,0.8286713286713286
Tox21,fedavg_proto,0.5,1,34,200,16,16,0.1,test,client_0,3,38,538,576,True,0.7363529641948737
Tox21,fedavg_proto,0.5,1,34,200,16,16,0.1,test,client_0,4,80,531,611,True,0.6970103578154426
Tox21,fedavg_proto,0.5,1,34,200,16,16,0.1,test,client_0,5,34,647,681,True,0.7654786798799891
Tox21,fedavg_proto,0.5,1,34,200,16,16,0.1,test,client_0,6,21,617,638,True,0.7590491626148028
Tox21,fedavg_proto,0.5,1,34,200,16,16,0.1,test,client_0,7,95,494,589,True,0.7679522693373109
Tox21,fedavg_proto,0.5,1,34,200,16,16,0.1,test,client_0,8,32,670,702,True,0.7898320895522388
Tox21,fedavg_proto,0.5,1,34,200,16,16,0.1,test,client_0,9,36,621,657,True,0.6996332080873144
Tox21,fedavg_proto,0.5,1,34,200,16,16,0.1,test,client_0,10,93,485,578,True,0.8217935927280788
Tox21,fedavg_proto,0.5,1,34,200,16,16,0.1,test,client_0,11,48,624,672,True,0.750133547008547
Tox21,fedavg_proto,0.5,1,34,200,16,16,0.1,test,client_1,0,32,693,725,True,0.8260281385281385
Tox21,fedavg_proto,0.5,1,34,200,16,16,0.1,test,client_1,1,33,646,679,True,0.8984895393564125
Tox21,fedavg_proto,0.5,1,34,200,16,16,0.1,test,client_1,2,77,572,649,True,0.8228816637907548
Tox21,fedavg_proto,0.5,1,34,200,16,16,0.1,test,client_1,3,38,538,576,True,0.7180590882410487
Tox21,fedavg_proto,0.5,1,34,200,16,16,0.1,test,client_1,4,80,531,611,True,0.694138418079096
Tox21,fedavg_proto,0.5,1,34,200,16,16,0.1,test,client_1,5,34,647,681,True,0.7766160560050914
Tox21,fedavg_proto,0.5,1,34,200,16,16,0.1,test,client_1,6,21,617,638,True,0.7717835918808366
Tox21,fedavg_proto,0.5,1,34,200,16,16,0.1,test,client_1,7,95,494,589,True,0.7548476454293629
Tox21,fedavg_proto,0.5,1,34,200,16,16,0.1,test,client_1,8,32,670,702,True,0.8253731343283582
Tox21,fedavg_proto,0.5,1,34,200,16,16,0.1,test,client_1,9,36,621,657,True,0.7194041867954912
Tox21,fedavg_proto,0.5,1,34,200,16,16,0.1,test,client_1,10,93,485,578,True,0.8299079924620331
Tox21,fedavg_proto,0.5,1,34,200,16,16,0.1,test,client_1,11,48,624,672,True,0.7745726495726496
Tox21,fedavg_proto,0.5,1,34,200,16,16,0.1,test,client_2,0,32,693,725,True,0.8216991341991342
Tox21,fedavg_proto,0.5,1,34,200,16,16,0.1,test,client_2,1,33,646,679,True,0.8885448916408669
Tox21,fedavg_proto,0.5,1,34,200,16,16,0.1,test,client_2,2,77,572,649,True,0.8189991826355463
Tox21,fedavg_proto,0.5,1,34,200,16,16,0.1,test,client_2,3,38,538,576,True,0.7321463510076306
Tox21,fedavg_proto,0.5,1,34,200,16,16,0.1,test,client_2,4,80,531,611,True,0.7036723163841809
Tox21,fedavg_proto,0.5,1,34,200,16,16,0.1,test,client_2,5,34,647,681,True,0.7714337667060642
Tox21,fedavg_proto,0.5,1,34,200,16,16,0.1,test,client_2,6,21,617,638,True,0.7450798796017597
Tox21,fedavg_proto,0.5,1,34,200,16,16,0.1,test,client_2,7,95,494,589,True,0.752184103984658
Tox21,fedavg_proto,0.5,1,34,200,16,16,0.1,test,client_2,8,32,670,702,True,0.7715485074626867
Tox21,fedavg_proto,0.5,1,34,200,16,16,0.1,test,client_2,9,36,621,657,True,0.6797280372159599
Tox21,fedavg_proto,0.5,1,34,200,16,16,0.1,test,client_2,10,93,485,578,True,0.8307948121050881
Tox21,fedavg_proto,0.5,1,34,200,16,16,0.1,test,client_2,11,48,624,672,True,0.7369791666666667
Tox21,fedavg_proto,0.5,1,34,200,16,16,0.1,test,client_3,0,32,693,725,True,0.836309523809524
Tox21,fedavg_proto,0.5,1,34,200,16,16,0.1,test,client_3,1,33,646,679,True,0.8765831691528285
Tox21,fedavg_proto,0.5,1,34,200,16,16,0.1,test,client_3,2,77,572,649,True,0.8060575787848515
Tox21,fedavg_proto,0.5,1,34,200,16,16,0.1,test,client_3,3,38,538,576,True,0.7613480727841909
Tox21,fedavg_proto,0.5,1,34,200,16,16,0.1,test,client_3,4,80,531,611,True,0.6946798493408662
Tox21,fedavg_proto,0.5,1,34,200,16,16,0.1,test,client_3,5,34,647,681,True,0.7713428493499408
Tox21,fedavg_proto,0.5,1,34,200,16,16,0.1,test,client_3,6,21,617,638,True,0.750019294589797
Tox21,fedavg_proto,0.5,1,34,200,16,16,0.1,test,client_3,7,95,494,589,True,0.7555934370338803
Tox21,fedavg_proto,0.5,1,34,200,16,16,0.1,test,client_3,8,32,670,702,True,0.7962686567164179
Tox21,fedavg_proto,0.5,1,34,200,16,16,0.1,test,client_3,9,36,621,657,True,0.717570227232063
Tox21,fedavg_proto,0.5,1,34,200,16,16,0.1,test,client_3,10,93,485,578,True,0.8272918745150205
Tox21,fedavg_proto,0.5,1,34,200,16,16,0.1,test,client_3,11,48,624,672,True,0.7724358974358974
Tox21,fedavg_proto,0.5,1,35,200,16,16,0.1,val,server,0,31,696,727,True,0.7972284019280682
Tox21,fedavg_proto,0.5,1,35,200,16,16,0.1,val,server,1,23,652,675,True,0.7808748999733263
Tox21,fedavg_proto,0.5,1,35,200,16,16,0.1,val,server,2,74,567,641,True,0.811263644596978
Tox21,fedavg_proto,0.5,1,35,200,16,16,0.1,val,server,3,19,546,565,True,0.7872566030460768
Tox21,fedavg_proto,0.5,1,35,200,16,16,0.1,val,server,4,82,541,623,True,0.7065731932735224
Tox21,fedavg_proto,0.5,1,35,200,16,16,0.1,val,server,5,30,657,687,True,0.8119228817858954
Tox21,fedavg_proto,0.5,1,35,200,16,16,0.1,val,server,6,21,612,633,True,0.642390289449113
Tox21,fedavg_proto,0.5,1,35,200,16,16,0.1,val,server,7,96,492,588,True,0.7037813346883469
Tox21,fedavg_proto,0.5,1,35,200,16,16,0.1,val,server,8,30,677,707,True,0.7841457410142787
Tox21,fedavg_proto,0.5,1,35,200,16,16,0.1,val,server,9,45,603,648,True,0.6132669983416252
Tox21,fedavg_proto,0.5,1,35,200,16,16,0.1,val,server,10,92,495,587,True,0.8660957400087835
Tox21,fedavg_proto,0.5,1,35,200,16,16,0.1,val,server,11,42,636,678,True,0.7765798143156634
Tox21,fedavg_proto,0.5,1,35,200,16,16,0.1,val,client_0,0,31,696,727,True,0.7960697070819429
Tox21,fedavg_proto,0.5,1,35,200,16,16,0.1,val,client_0,1,23,652,675,True,0.7827420645505468
Tox21,fedavg_proto,0.5,1,35,200,16,16,0.1,val,client_0,2,74,567,641,True,0.8068306401639735
Tox21,fedavg_proto,0.5,1,35,200,16,16,0.1,val,client_0,3,19,546,565,True,0.7818584923848081
Tox21,fedavg_proto,0.5,1,35,200,16,16,0.1,val,client_0,4,82,541,623,True,0.6956629547811191
Tox21,fedavg_proto,0.5,1,35,200,16,16,0.1,val,client_0,5,30,657,687,True,0.79583967529173
Tox21,fedavg_proto,0.5,1,35,200,16,16,0.1,val,client_0,6,21,612,633,True,0.6578742608154373
Tox21,fedavg_proto,0.5,1,35,200,16,16,0.1,val,client_0,7,96,492,588,True,0.7042682926829269
Tox21,fedavg_proto,0.5,1,35,200,16,16,0.1,val,client_0,8,30,677,707,True,0.7935499753815854
Tox21,fedavg_proto,0.5,1,35,200,16,16,0.1,val,client_0,9,45,603,648,True,0.5969412198267919
Tox21,fedavg_proto,0.5,1,35,200,16,16,0.1,val,client_0,10,92,495,587,True,0.8585858585858586
Tox21,fedavg_proto,0.5,1,35,200,16,16,0.1,val,client_0,11,42,636,678,True,0.7806229410002995
Tox21,fedavg_proto,0.5,1,35,200,16,16,0.1,val,client_1,0,31,696,727,True,0.8058027437893955
Tox21,fedavg_proto,0.5,1,35,200,16,16,0.1,val,client_1,1,23,652,675,True,0.7804081088290211
Tox21,fedavg_proto,0.5,1,35,200,16,16,0.1,val,client_1,2,74,567,641,True,0.807402640735974
Tox21,fedavg_proto,0.5,1,35,200,16,16,0.1,val,client_1,3,19,546,565,True,0.7975708502024292
Tox21,fedavg_proto,0.5,1,35,200,16,16,0.1,val,client_1,4,82,541,623,True,0.705355935259907
Tox21,fedavg_proto,0.5,1,35,200,16,16,0.1,val,client_1,5,30,657,687,True,0.8166412988330797
Tox21,fedavg_proto,0.5,1,35,200,16,16,0.1,val,client_1,6,21,612,633,True,0.6213040771864301
Tox21,fedavg_proto,0.5,1,35,200,16,16,0.1,val,client_1,7,96,492,588,True,0.6956512533875339
Tox21,fedavg_proto,0.5,1,35,200,16,16,0.1,val,client_1,8,30,677,707,True,0.7760216642048252
Tox21,fedavg_proto,0.5,1,35,200,16,16,0.1,val,client_1,9,45,603,648,True,0.6359314538419016
Tox21,fedavg_proto,0.5,1,35,200,16,16,0.1,val,client_1,10,92,495,587,True,0.8651075977162934
Tox21,fedavg_proto,0.5,1,35,200,16,16,0.1,val,client_1,11,42,636,678,True,0.7759433962264151
Tox21,fedavg_proto,0.5,1,35,200,16,16,0.1,val,client_2,0,31,696,727,True,0.792686318131257
Tox21,fedavg_proto,0.5,1,35,200,16,16,0.1,val,client_2,1,23,652,675,True,0.7764737263270206
Tox21,fedavg_proto,0.5,1,35,200,16,16,0.1,val,client_2,2,74,567,641,True,0.8173173173173173
Tox21,fedavg_proto,0.5,1,35,200,16,16,0.1,val,client_2,3,19,546,565,True,0.7976672450356661
Tox21,fedavg_proto,0.5,1,35,200,16,16,0.1,val,client_2,4,82,541,623,True,0.709345836526757
Tox21,fedavg_proto,0.5,1,35,200,16,16,0.1,val,client_2,5,30,657,687,True,0.81298833079655
Tox21,fedavg_proto,0.5,1,35,200,16,16,0.1,val,client_2,6,21,612,633,True,0.6457360722066604
Tox21,fedavg_proto,0.5,1,35,200,16,16,0.1,val,client_2,7,96,492,588,True,0.7006266937669376
Tox21,fedavg_proto,0.5,1,35,200,16,16,0.1,val,client_2,8,30,677,707,True,0.7766617429837519
Tox21,fedavg_proto,0.5,1,35,200,16,16,0.1,val,client_2,9,45,603,648,True,0.6006264971439101
Tox21,fedavg_proto,0.5,1,35,200,16,16,0.1,val,client_2,10,92,495,587,True,0.8600570926657883
Tox21,fedavg_proto,0.5,1,35,200,16,16,0.1,val,client_2,11,42,636,678,True,0.776954177897574
Tox21,fedavg_proto,0.5,1,35,200,16,16,0.1,val,client_3,0,31,696,727,True,0.771134593993326
Tox21,fedavg_proto,0.5,1,35,200,16,16,0.1,val,client_3,1,23,652,675,True,0.7705388103494265
Tox21,fedavg_proto,0.5,1,35,200,16,16,0.1,val,client_3,2,74,567,641,True,0.797940797940798
Tox21,fedavg_proto,0.5,1,35,200,16,16,0.1,val,client_3,3,19,546,565,True,0.7565066512434933
Tox21,fedavg_proto,0.5,1,35,200,16,16,0.1,val,client_3,4,82,541,623,True,0.6987962670754249
Tox21,fedavg_proto,0.5,1,35,200,16,16,0.1,val,client_3,5,30,657,687,True,0.7891933028919329
Tox21,fedavg_proto,0.5,1,35,200,16,16,0.1,val,client_3,6,21,612,633,True,0.6252723311546841
Tox21,fedavg_proto,0.5,1,35,200,16,16,0.1,val,client_3,7,96,492,588,True,0.6976202574525745
Tox21,fedavg_proto,0.5,1,35,200,16,16,0.1,val,client_3,8,30,677,707,True,0.7677498769079272
Tox21,fedavg_proto,0.5,1,35,200,16,16,0.1,val,client_3,9,45,603,648,True,0.6095448682513359
Tox21,fedavg_proto,0.5,1,35,200,16,16,0.1,val,client_3,10,92,495,587,True,0.8660737812911725
Tox21,fedavg_proto,0.5,1,35,200,16,16,0.1,val,client_3,11,42,636,678,True,0.7641883797544174
Tox21,fedavg_proto,0.5,1,35,200,16,16,0.1,test,server,0,32,693,725,True,0.829861111111111
Tox21,fedavg_proto,0.5,1,35,200,16,16,0.1,test,server,1,33,646,679,True,0.8953466554085749
Tox21,fedavg_proto,0.5,1,35,200,16,16,0.1,test,server,2,77,572,649,True,0.8253110525837798
Tox21,fedavg_proto,0.5,1,35,200,16,16,0.1,test,server,3,38,538,576,True,0.7370377616904715
Tox21,fedavg_proto,0.5,1,35,200,16,16,0.1,test,server,4,80,531,611,True,0.703060263653484
Tox21,fedavg_proto,0.5,1,35,200,16,16,0.1,test,server,5,34,647,681,True,0.7820256386944267
Tox21,fedavg_proto,0.5,1,35,200,16,16,0.1,test,server,6,21,617,638,True,0.7497105811530447
Tox21,fedavg_proto,0.5,1,35,200,16,16,0.1,test,server,7,95,494,589,True,0.7574472618793948
Tox21,fedavg_proto,0.5,1,35,200,16,16,0.1,test,server,8,32,670,702,True,0.7947294776119402
Tox21,fedavg_proto,0.5,1,35,200,16,16,0.1,test,server,9,36,621,657,True,0.6963678654499911
Tox21,fedavg_proto,0.5,1,35,200,16,16,0.1,test,server,10,93,485,578,True,0.8255847467021395
Tox21,fedavg_proto,0.5,1,35,200,16,16,0.1,test,server,11,48,624,672,True,0.7565104166666667
Tox21,fedavg_proto,0.5,1,35,200,16,16,0.1,test,client_0,0,32,693,725,True,0.8225108225108225
Tox21,fedavg_proto,0.5,1,35,200,16,16,0.1,test,client_0,1,33,646,679,True,0.8875128998968008
Tox21,fedavg_proto,0.5,1,35,200,16,16,0.1,test,client_0,2,77,572,649,True,0.822722731813641
Tox21,fedavg_proto,0.5,1,35,200,16,16,0.1,test,client_0,3,38,538,576,True,0.736010565447075
Tox21,fedavg_proto,0.5,1,35,200,16,16,0.1,test,client_0,4,80,531,611,True,0.6943738229755179
Tox21,fedavg_proto,0.5,1,35,200,16,16,0.1,test,client_0,5,34,647,681,True,0.7712973906718792
Tox21,fedavg_proto,0.5,1,35,200,16,16,0.1,test,client_0,6,21,617,638,True,0.7507138998224897
Tox21,fedavg_proto,0.5,1,35,200,16,16,0.1,test,client_0,7,95,494,589,True,0.7641593863200511
Tox21,fedavg_proto,0.5,1,35,200,16,16,0.1,test,client_0,8,32,670,702,True,0.7956623134328358
Tox21,fedavg_proto,0.5,1,35,200,16,16,0.1,test,client_0,9,36,621,657,True,0.7066112005725532
Tox21,fedavg_proto,0.5,1,35,200,16,16,0.1,test,client_0,10,93,485,578,True,0.815630196208846
Tox21,fedavg_proto,0.5,1,35,200,16,16,0.1,test,client_0,11,48,624,672,True,0.7573784722222222
Tox21,fedavg_proto,0.5,1,35,200,16,16,0.1,test,client_1,0,32,693,725,True,0.82747113997114
Tox21,fedavg_proto,0.5,1,35,200,16,16,0.1,test,client_1,1,33,646,679,True,0.8959564687118866
Tox21,fedavg_proto,0.5,1,35,200,16,16,0.1,test,client_1,2,77,572,649,True,0.8223821632912542
Tox21,fedavg_proto,0.5,1,35,200,16,16,0.1,test,client_1,3,38,538,576,True,0.7231950694580317
Tox21,fedavg_proto,0.5,1,35,200,16,16,0.1,test,client_1,4,80,531,611,True,0.6982580037664784
Tox21,fedavg_proto,0.5,1,35,200,16,16,0.1,test,client_1,5,34,647,681,True,0.777934357668879
Tox21,fedavg_proto,0.5,1,35,200,16,16,0.1,test,client_1,6,21,617,638,True,0.7710118082889557
Tox21,fedavg_proto,0.5,1,35,200,16,16,0.1,test,client_1,7,95,494,589,True,0.7525889622842532
Tox21,fedavg_proto,0.5,1,35,200,16,16,0.1,test,client_1,8,32,670,702,True,0.8176772388059701
Tox21,fedavg_proto,0.5,1,35,200,16,16,0.1,test,client_1,9,36,621,657,True,0.720567185543031
Tox21,fedavg_proto,0.5,1,35,200,16,16,0.1,test,client_1,10,93,485,578,True,0.836603480767099
Tox21,fedavg_proto,0.5,1,35,200,16,16,0.1,test,client_1,11,48,624,672,True,0.7673277243589743
Tox21,fedavg_proto,0.5,1,35,200,16,16,0.1,test,client_2,0,32,693,725,True,0.8285984848484849
Tox21,fedavg_proto,0.5,1,35,200,16,16,0.1,test,client_2,1,33,646,679,True,0.8940332113706727
Tox21,fedavg_proto,0.5,1,35,200,16,16,0.1,test,client_2,2,77,572,649,True,0.8246980292434838
Tox21,fedavg_proto,0.5,1,35,200,16,16,0.1,test,client_2,3,38,538,576,True,0.7293093328115828
Tox21,fedavg_proto,0.5,1,35,200,16,16,0.1,test,client_2,4,80,531,611,True,0.7050376647834276
Tox21,fedavg_proto,0.5,1,35,200,16,16,0.1,test,client_2,5,34,647,681,True,0.7750250022729338
Tox21,fedavg_proto,0.5,1,35,200,16,16,0.1,test,client_2,6,21,617,638,True,0.7453114146793239
Tox21,fedavg_proto,0.5,1,35,200,16,16,0.1,test,client_2,7,95,494,589,True,0.7542723204773066
Tox21,fedavg_proto,0.5,1,35,200,16,16,0.1,test,client_2,8,32,670,702,True,0.7734141791044776
Tox21,fedavg_proto,0.5,1,35,200,16,16,0.1,test,client_2,9,36,621,657,True,0.6744498121309715
Tox21,fedavg_proto,0.5,1,35,200,16,16,0.1,test,client_2,10,93,485,578,True,0.8271366810774858
Tox21,fedavg_proto,0.5,1,35,200,16,16,0.1,test,client_2,11,48,624,672,True,0.7352096688034188
Tox21,fedavg_proto,0.5,1,35,200,16,16,0.1,test,client_3,0,32,693,725,True,0.8374368686868686
Tox21,fedavg_proto,0.5,1,35,200,16,16,0.1,test,client_3,1,33,646,679,True,0.8715170278637772
Tox21,fedavg_proto,0.5,1,35,200,16,16,0.1,test,client_3,2,77,572,649,True,0.8145036781400418
Tox21,fedavg_proto,0.5,1,35,200,16,16,0.1,test,client_3,3,38,538,576,True,0.7437879084327921
Tox21,fedavg_proto,0.5,1,35,200,16,16,0.1,test,client_3,4,80,531,611,True,0.6985875706214688
Tox21,fedavg_proto,0.5,1,35,200,16,16,0.1,test,client_3,5,34,647,681,True,0.7782071097372488
Tox21,fedavg_proto,0.5,1,35,200,16,16,0.1,test,client_3,6,21,617,638,True,0.7389827892259011
Tox21,fedavg_proto,0.5,1,35,200,16,16,0.1,test,client_3,7,95,494,589,True,0.747517579373535
Tox21,fedavg_proto,0.5,1,35,200,16,16,0.1,test,client_3,8,32,670,702,True,0.7924906716417911
Tox21,fedavg_proto,0.5,1,35,200,16,16,0.1,test,client_3,9,36,621,657,True,0.6960547504025765
Tox21,fedavg_proto,0.5,1,35,200,16,16,0.1,test,client_3,10,93,485,578,True,0.8251413368806119
Tox21,fedavg_proto,0.5,1,35,200,16,16,0.1,test,client_3,11,48,624,672,True,0.758346688034188
Tox21,fedavg_proto,0.5,1,36,200,16,16,0.1,val,server,0,31,696,727,True,0.7954208379681127
Tox21,fedavg_proto,0.5,1,36,200,16,16,0.1,val,server,1,23,652,675,True,0.7816751133635637
Tox21,fedavg_proto,0.5,1,36,200,16,16,0.1,val,server,2,74,567,641,True,0.8097383097383098
Tox21,fedavg_proto,0.5,1,36,200,16,16,0.1,val,server,3,19,546,565,True,0.7960285328706381
Tox21,fedavg_proto,0.5,1,36,200,16,16,0.1,val,server,4,82,541,623,True,0.7032370046436138
Tox21,fedavg_proto,0.5,1,36,200,16,16,0.1,val,server,5,30,657,687,True,0.8085235920852359
Tox21,fedavg_proto,0.5,1,36,200,16,16,0.1,val,server,6,21,612,633,True,0.6454248366013071
Tox21,fedavg_proto,0.5,1,36,200,16,16,0.1,val,server,7,96,492,588,True,0.7061949525745257
Tox21,fedavg_proto,0.5,1,36,200,16,16,0.1,val,server,8,30,677,707,True,0.7836041358936485
Tox21,fedavg_proto,0.5,1,36,200,16,16,0.1,val,server,9,45,603,648,True,0.6170628339782569
Tox21,fedavg_proto,0.5,1,36,200,16,16,0.1,val,server,10,92,495,587,True,0.8696969696969696
Tox21,fedavg_proto,0.5,1,36,200,16,16,0.1,val,server,11,42,636,678,True,0.7820455226115604
Tox21,fedavg_proto,0.5,1,36,200,16,16,0.1,val,client_0,0,31,696,727,True,0.7958379681127178
Tox21,fedavg_proto,0.5,1,36,200,16,16,0.1,val,client_0,1,23,652,675,True,0.7849426513736997
Tox21,fedavg_proto,0.5,1,36,200,16,16,0.1,val,client_0,2,74,567,641,True,0.8043996377329711
Tox21,fedavg_proto,0.5,1,36,200,16,16,0.1,val,client_0,3,19,546,565,True,0.7924619240408715
Tox21,fedavg_proto,0.5,1,36,200,16,16,0.1,val,client_0,4,82,541,623,True,0.6985032234795546
Tox21,fedavg_proto,0.5,1,36,200,16,16,0.1,val,client_0,5,30,657,687,True,0.7979705733130391
Tox21,fedavg_proto,0.5,1,36,200,16,16,0.1,val,client_0,6,21,612,633,True,0.6572517896047307
Tox21,fedavg_proto,0.5,1,36,200,16,16,0.1,val,client_0,7,96,492,588,True,0.7029344512195123
Tox21,fedavg_proto,0.5,1,36,200,16,16,0.1,val,client_0,8,30,677,707,True,0.787149187592319
Tox21,fedavg_proto,0.5,1,36,200,16,16,0.1,val,client_0,9,45,603,648,True,0.5931085314169892
Tox21,fedavg_proto,0.5,1,36,200,16,16,0.1,val,client_0,10,92,495,587,True,0.8594202898550725
Tox21,fedavg_proto,0.5,1,36,200,16,16,0.1,val,client_0,11,42,636,678,True,0.7775905959868223
Tox21,fedavg_proto,0.5,1,36,200,16,16,0.1,val,client_1,0,31,696,727,True,0.8013997033741194
Tox21,fedavg_proto,0.5,1,36,200,16,16,0.1,val,client_1,1,23,652,675,True,0.7734062416644438
Tox21,fedavg_proto,0.5,1,36,200,16,16,0.1,val,client_1,2,74,567,641,True,0.7994661327994662
Tox21,fedavg_proto,0.5,1,36,200,16,16,0.1,val,client_1,3,19,546,565,True,0.7867746288798921
Tox21,fedavg_proto,0.5,1,36,200,16,16,0.1,val,client_1,4,82,541,623,True,0.705829313376313
Tox21,fedavg_proto,0.5,1,36,200,16,16,0.1,val,client_1,5,30,657,687,True,0.8059360730593608
Tox21,fedavg_proto,0.5,1,36,200,16,16,0.1,val,client_1,6,21,612,633,True,0.6256613756613756
Tox21,fedavg_proto,0.5,1,36,200,16,16,0.1,val,client_1,7,96,492,588,True,0.7015582655826559
Tox21,fedavg_proto,0.5,1,36,200,16,16,0.1,val,client_1,8,30,677,707,True,0.7726735598227474
Tox21,fedavg_proto,0.5,1,36,200,16,16,0.1,val,client_1,9,45,603,648,True,0.6382900313248572
Tox21,fedavg_proto,0.5,1,36,200,16,16,0.1,val,client_1,10,92,495,587,True,0.8647342995169081
Tox21,fedavg_proto,0.5,1,36,200,16,16,0.1,val,client_1,11,42,636,678,True,0.7749326145552561
Tox21,fedavg_proto,0.5,1,36,200,16,16,0.1,val,client_2,0,31,696,727,True,0.7942157953281423
Tox21,fedavg_proto,0.5,1,36,200,16,16,0.1,val,client_2,1,23,652,675,True,0.7840090690850894
Tox21,fedavg_proto,0.5,1,36,200,16,16,0.1,val,client_2,2,74,567,641,True,0.811644978311645
Tox21,fedavg_proto,0.5,1,36,200,16,16,0.1,val,client_2,3,19,546,565,True,0.7999807210333525
Tox21,fedavg_proto,0.5,1,36,200,16,16,0.1,val,client_2,4,82,541,623,True,0.6977368017672783
Tox21,fedavg_proto,0.5,1,36,200,16,16,0.1,val,client_2,5,30,657,687,True,0.8081177067478438
Tox21,fedavg_proto,0.5,1,36,200,16,16,0.1,val,client_2,6,21,612,633,True,0.6529723000311236
Tox21,fedavg_proto,0.5,1,36,200,16,16,0.1,val,client_2,7,96,492,588,True,0.7071265243902439
Tox21,fedavg_proto,0.5,1,36,200,16,16,0.1,val,client_2,8,30,677,707,True,0.7823239783357953
Tox21,fedavg_proto,0.5,1,36,200,16,16,0.1,val,client_2,9,45,603,648,True,0.6142620232172471
Tox21,fedavg_proto,0.5,1,36,200,16,16,0.1,val,client_2,10,92,495,587,True,0.8646903820816864
Tox21,fedavg_proto,0.5,1,36,200,16,16,0.1,val,client_2,11,42,636,678,True,0.787810721772986
Tox21,fedavg_proto,0.5,1,36,200,16,16,0.1,val,client_3,0,31,696,727,True,0.7853633667037448
Tox21,fedavg_proto,0.5,1,36,200,16,16,0.1,val,client_3,1,23,652,675,True,0.7760736196319019
Tox21,fedavg_proto,0.5,1,36,200,16,16,0.1,val,client_3,2,74,567,641,True,0.8056866390199723
Tox21,fedavg_proto,0.5,1,36,200,16,16,0.1,val,client_3,3,19,546,565,True,0.783593599383073
Tox21,fedavg_proto,0.5,1,36,200,16,16,0.1,val,client_3,4,82,541,623,True,0.6965646273837969
Tox21,fedavg_proto,0.5,1,36,200,16,16,0.1,val,client_3,5,30,657,687,True,0.7997970573313039
Tox21,fedavg_proto,0.5,1,36,200,16,16,0.1,val,client_3,6,21,612,633,True,0.6273731714908185
Tox21,fedavg_proto,0.5,1,36,200,16,16,0.1,val,client_3,7,96,492,588,True,0.7024051490514905
Tox21,fedavg_proto,0.5,1,36,200,16,16,0.1,val,client_3,8,30,677,707,True,0.7731166912850813
Tox21,fedavg_proto,0.5,1,36,200,16,16,0.1,val,client_3,9,45,603,648,True,0.6111663902708678
Tox21,fedavg_proto,0.5,1,36,200,16,16,0.1,val,client_3,10,92,495,587,True,0.8780412823891085
Tox21,fedavg_proto,0.5,1,36,200,16,16,0.1,val,client_3,11,42,636,678,True,0.781858340820605
Tox21,fedavg_proto,0.5,1,36,200,16,16,0.1,test,server,0,32,693,725,True,0.8351370851370852
Tox21,fedavg_proto,0.5,1,36,200,16,16,0.1,test,server,1,33,646,679,True,0.8957219251336899
Tox21,fedavg_proto,0.5,1,36,200,16,16,0.1,test,server,2,77,572,649,True,0.8262873490146218
Tox21,fedavg_proto,0.5,1,36,200,16,16,0.1,test,server,3,38,538,576,True,0.7494130307180591
Tox21,fedavg_proto,0.5,1,36,200,16,16,0.1,test,server,4,80,531,611,True,0.7009180790960452
Tox21,fedavg_proto,0.5,1,36,200,16,16,0.1,test,server,5,34,647,681,True,0.7846167833439402
Tox21,fedavg_proto,0.5,1,36,200,16,16,0.1,test,server,6,21,617,638,True,0.749170332638728
Tox21,fedavg_proto,0.5,1,36,200,16,16,0.1,test,server,7,95,494,589,True,0.7601108033240997
Tox21,fedavg_proto,0.5,1,36,200,16,16,0.1,test,server,8,32,670,702,True,0.798740671641791
Tox21,fedavg_proto,0.5,1,36,200,16,16,0.1,test,server,9,36,621,657,True,0.7055376632671319
Tox21,fedavg_proto,0.5,1,36,200,16,16,0.1,test,server,10,93,485,578,True,0.8268706351845694
Tox21,fedavg_proto,0.5,1,36,200,16,16,0.1,test,server,11,48,624,672,True,0.7668269230769231
Tox21,fedavg_proto,0.5,1,36,200,16,16,0.1,test,client_0,0,32,693,725,True,0.8266594516594515
Tox21,fedavg_proto,0.5,1,36,200,16,16,0.1,test,client_0,1,33,646,679,True,0.8924852237545736
Tox21,fedavg_proto,0.5,1,36,200,16,16,0.1,test,client_0,2,77,572,649,True,0.8233130505857779
Tox21,fedavg_proto,0.5,1,36,200,16,16,0.1,test,client_0,3,38,538,576,True,0.7431520250440228
Tox21,fedavg_proto,0.5,1,36,200,16,16,0.1,test,client_0,4,80,531,611,True,0.6986346516007533
Tox21,fedavg_proto,0.5,1,36,200,16,16,0.1,test,client_0,5,34,647,681,True,0.7797981634694062
Tox21,fedavg_proto,0.5,1,36,200,16,16,0.1,test,client_0,6,21,617,638,True,0.7496334027938566
Tox21,fedavg_proto,0.5,1,36,200,16,16,0.1,test,client_0,7,95,494,589,True,0.7622416364798636
Tox21,fedavg_proto,0.5,1,36,200,16,16,0.1,test,client_0,8,32,670,702,True,0.7899253731343283
Tox21,fedavg_proto,0.5,1,36,200,16,16,0.1,test,client_0,9,36,621,657,True,0.7017355519770978
Tox21,fedavg_proto,0.5,1,36,200,16,16,0.1,test,client_0,10,93,485,578,True,0.8086243210287107
Tox21,fedavg_proto,0.5,1,36,200,16,16,0.1,test,client_0,11,48,624,672,True,0.7565771901709402
Tox21,fedavg_proto,0.5,1,36,200,16,16,0.1,test,client_1,0,32,693,725,True,0.831664862914863
Tox21,fedavg_proto,0.5,1,36,200,16,16,0.1,test,client_1,1,33,646,679,True,0.8892485223754574
Tox21,fedavg_proto,0.5,1,36,200,16,16,0.1,test,client_1,2,77,572,649,True,0.8155934974116792
Tox21,fedavg_proto,0.5,1,36,200,16,16,0.1,test,client_1,3,38,538,576,True,0.7322441792212874
Tox21,fedavg_proto,0.5,1,36,200,16,16,0.1,test,client_1,4,80,531,611,True,0.6962806026365349
Tox21,fedavg_proto,0.5,1,36,200,16,16,0.1,test,client_1,5,34,647,681,True,0.7879352668424402
Tox21,fedavg_proto,0.5,1,36,200,16,16,0.1,test,client_1,6,21,617,638,True,0.7563479200432199
Tox21,fedavg_proto,0.5,1,36,200,16,16,0.1,test,client_1,7,95,494,589,True,0.7512465373961219
Tox21,fedavg_proto,0.5,1,36,200,16,16,0.1,test,client_1,8,32,670,702,True,0.8095149253731343
Tox21,fedavg_proto,0.5,1,36,200,16,16,0.1,test,client_1,9,36,621,657,True,0.7108606190731795
Tox21,fedavg_proto,0.5,1,36,200,16,16,0.1,test,client_1,10,93,485,578,True,0.8272253630417914
Tox21,fedavg_proto,0.5,1,36,200,16,16,0.1,test,client_1,11,48,624,672,True,0.7672943376068376
Tox21,fedavg_proto,0.5,1,36,200,16,16,0.1,test,client_2,0,32,693,725,True,0.8266594516594518
Tox21,fedavg_proto,0.5,1,36,200,16,16,0.1,test,client_2,1,33,646,679,True,0.8942677549488695
Tox21,fedavg_proto,0.5,1,36,200,16,16,0.1,test,client_2,2,77,572,649,True,0.8214285714285715
Tox21,fedavg_proto,0.5,1,36,200,16,16,0.1,test,client_2,3,38,538,576,True,0.7442281353942477
Tox21,fedavg_proto,0.5,1,36,200,16,16,0.1,test,client_2,4,80,531,611,True,0.6973634651600754
Tox21,fedavg_proto,0.5,1,36,200,16,16,0.1,test,client_2,5,34,647,681,True,0.7813892172015637
Tox21,fedavg_proto,0.5,1,36,200,16,16,0.1,test,client_2,6,21,617,638,True,0.7534151423940728
Tox21,fedavg_proto,0.5,1,36,200,16,16,0.1,test,client_2,7,95,494,589,True,0.7578521201789901
Tox21,fedavg_proto,0.5,1,36,200,16,16,0.1,test,client_2,8,32,670,702,True,0.795009328358209
Tox21,fedavg_proto,0.5,1,36,200,16,16,0.1,test,client_2,9,36,621,657,True,0.6910001789228842
Tox21,fedavg_proto,0.5,1,36,200,16,16,0.1,test,client_2,10,93,485,578,True,0.8248309500055426
Tox21,fedavg_proto,0.5,1,36,200,16,16,0.1,test,client_2,11,48,624,672,True,0.7569444444444444
Tox21,fedavg_proto,0.5,1,36,200,16,16,0.1,test,client_3,0,32,693,725,True,0.8351370851370851
Tox21,fedavg_proto,0.5,1,36,200,16,16,0.1,test,client_3,1,33,646,679,True,0.8825874847546675
Tox21,fedavg_proto,0.5,1,36,200,16,16,0.1,test,client_3,2,77,572,649,True,0.8235400962673689
Tox21,fedavg_proto,0.5,1,36,200,16,16,0.1,test,client_3,3,38,538,576,True,0.7590491097632558
Tox21,fedavg_proto,0.5,1,36,200,16,16,0.1,test,client_3,4,80,531,611,True,0.7004708097928437
Tox21,fedavg_proto,0.5,1,36,200,16,16,0.1,test,client_3,5,34,647,681,True,0.7719792708428038
Tox21,fedavg_proto,0.5,1,36,200,16,16,0.1,test,client_3,6,21,617,638,True,0.7341977309562397
Tox21,fedavg_proto,0.5,1,36,200,16,16,0.1,test,client_3,7,95,494,589,True,0.7473897293841892
Tox21,fedavg_proto,0.5,1,36,200,16,16,0.1,test,client_3,8,32,670,702,True,0.7855410447761194
Tox21,fedavg_proto,0.5,1,36,200,16,16,0.1,test,client_3,9,36,621,657,True,0.7010198604401503
Tox21,fedavg_proto,0.5,1,36,200,16,16,0.1,test,client_3,10,93,485,578,True,0.8281121826848465
Tox21,fedavg_proto,0.5,1,36,200,16,16,0.1,test,client_3,11,48,624,672,True,0.7682291666666667
Tox21,fedavg_proto,0.5,1,37,200,16,16,0.1,val,server,0,31,696,727,True,0.7939840563589173
Tox21,fedavg_proto,0.5,1,37,200,16,16,0.1,val,server,1,23,652,675,True,0.7811416377700721
Tox21,fedavg_proto,0.5,1,37,200,16,16,0.1,val,server,2,74,567,641,True,0.8088088088088087
Tox21,fedavg_proto,0.5,1,37,200,16,16,0.1,val,server,3,19,546,565,True,0.8019086176980913
Tox21,fedavg_proto,0.5,1,37,200,16,16,0.1,val,server,4,82,541,623,True,0.7043415535818944
Tox21,fedavg_proto,0.5,1,37,200,16,16,0.1,val,server,5,30,657,687,True,0.8118721461187215
Tox21,fedavg_proto,0.5,1,37,200,16,16,0.1,val,server,6,21,612,633,True,0.6437130407718643
Tox21,fedavg_proto,0.5,1,37,200,16,16,0.1,val,server,7,96,492,588,True,0.7028074186991871
Tox21,fedavg_proto,0.5,1,37,200,16,16,0.1,val,server,8,30,677,707,True,0.7836041358936485
Tox21,fedavg_proto,0.5,1,37,200,16,16,0.1,val,server,9,45,603,648,True,0.613819789939193
Tox21,fedavg_proto,0.5,1,37,200,16,16,0.1,val,server,10,92,495,587,True,0.873078612209047
Tox21,fedavg_proto,0.5,1,37,200,16,16,0.1,val,server,11,42,636,678,True,0.7800988319856245
Tox21,fedavg_proto,0.5,1,37,200,16,16,0.1,val,client_0,0,31,696,727,True,0.7878661475713756
Tox21,fedavg_proto,0.5,1,37,200,16,16,0.1,val,client_0,1,23,652,675,True,0.7814083755668177
Tox21,fedavg_proto,0.5,1,37,200,16,16,0.1,val,client_0,2,74,567,641,True,0.7990609657276324
Tox21,fedavg_proto,0.5,1,37,200,16,16,0.1,val,client_0,3,19,546,565,True,0.794775400038558
Tox21,fedavg_proto,0.5,1,37,200,16,16,0.1,val,client_0,4,82,541,623,True,0.7014562012533249
Tox21,fedavg_proto,0.5,1,37,200,16,16,0.1,val,client_0,5,30,657,687,True,0.7985286656519534
Tox21,fedavg_proto,0.5,1,37,200,16,16,0.1,val,client_0,6,21,612,633,True,0.66051976346094
Tox21,fedavg_proto,0.5,1,37,200,16,16,0.1,val,client_0,7,96,492,588,True,0.6981707317073169
Tox21,fedavg_proto,0.5,1,37,200,16,16,0.1,val,client_0,8,30,677,707,True,0.7839980305268341
Tox21,fedavg_proto,0.5,1,37,200,16,16,0.1,val,client_0,9,45,603,648,True,0.5929611203243044
Tox21,fedavg_proto,0.5,1,37,200,16,16,0.1,val,client_0,10,92,495,587,True,0.8651075977162934
Tox21,fedavg_proto,0.5,1,37,200,16,16,0.1,val,client_0,11,42,636,678,True,0.7800239592692423
Tox21,fedavg_proto,0.5,1,37,200,16,16,0.1,val,client_1,0,31,696,727,True,0.8087226548016315
Tox21,fedavg_proto,0.5,1,37,200,16,16,0.1,val,client_1,1,23,652,675,True,0.7848759669245131
Tox21,fedavg_proto,0.5,1,37,200,16,16,0.1,val,client_1,2,74,567,641,True,0.804566471233138
Tox21,fedavg_proto,0.5,1,37,200,16,16,0.1,val,client_1,3,19,546,565,True,0.7982456140350878
Tox21,fedavg_proto,0.5,1,37,200,16,16,0.1,val,client_1,4,82,541,623,True,0.7096614219376944
Tox21,fedavg_proto,0.5,1,37,200,16,16,0.1,val,client_1,5,30,657,687,True,0.811009639776763
Tox21,fedavg_proto,0.5,1,37,200,16,16,0.1,val,client_1,6,21,612,633,True,0.6200591347650171
Tox21,fedavg_proto,0.5,1,37,200,16,16,0.1,val,client_1,7,96,492,588,True,0.7002879403794038
Tox21,fedavg_proto,0.5,1,37,200,16,16,0.1,val,client_1,8,30,677,707,True,0.7732644017725259
Tox21,fedavg_proto,0.5,1,37,200,16,16,0.1,val,client_1,9,45,603,648,True,0.639285056200479
Tox21,fedavg_proto,0.5,1,37,200,16,16,0.1,val,client_1,10,92,495,587,True,0.8669960474308301
Tox21,fedavg_proto,0.5,1,37,200,16,16,0.1,val,client_1,11,42,636,678,True,0.7757187780772686
Tox21,fedavg_proto,0.5,1,37,200,16,16,0.1,val,client_2,0,31,696,727,True,0.7918057100482017
Tox21,fedavg_proto,0.5,1,37,200,16,16,0.1,val,client_2,1,23,652,675,True,0.7828754334489196
Tox21,fedavg_proto,0.5,1,37,200,16,16,0.1,val,client_2,2,74,567,641,True,0.8078316411649745
Tox21,fedavg_proto,0.5,1,37,200,16,16,0.1,val,client_2,3,19,546,565,True,0.8000771158665895
Tox21,fedavg_proto,0.5,1,37,200,16,16,0.1,val,client_2,4,82,541,623,True,0.7020648302601326
Tox21,fedavg_proto,0.5,1,37,200,16,16,0.1,val,client_2,5,30,657,687,True,0.808777270421106
Tox21,fedavg_proto,0.5,1,37,200,16,16,0.1,val,client_2,6,21,612,633,True,0.6467475879240585
Tox21,fedavg_proto,0.5,1,37,200,16,16,0.1,val,client_2,7,96,492,588,True,0.7015370934959348
Tox21,fedavg_proto,0.5,1,37,200,16,16,0.1,val,client_2,8,30,677,707,True,0.7832102412604628
Tox21,fedavg_proto,0.5,1,37,200,16,16,0.1,val,client_2,9,45,603,648,True,0.6079970517781463
Tox21,fedavg_proto,0.5,1,37,200,16,16,0.1,val,client_2,10,92,495,587,True,0.8667105841018885
Tox21,fedavg_proto,0.5,1,37,200,16,16,0.1,val,client_2,11,42,636,678,True,0.7799865229110512
Tox21,fedavg_proto,0.5,1,37,200,16,16,0.1,val,client_3,0,31,696,727,True,0.7861512791991101
Tox21,fedavg_proto,0.5,1,37,200,16,16,0.1,val,client_3,1,23,652,675,True,0.7770072019205121
Tox21,fedavg_proto,0.5,1,37,200,16,16,0.1,val,client_3,2,74,567,641,True,0.8073073073073073
Tox21,fedavg_proto,0.5,1,37,200,16,16,0.1,val,client_3,3,19,546,565,True,0.7979564295353769
Tox21,fedavg_proto,0.5,1,37,200,16,16,0.1,val,client_3,4,82,541,623,True,0.6967449619043325
Tox21,fedavg_proto,0.5,1,37,200,16,16,0.1,val,client_3,5,30,657,687,True,0.8105530187721969
Tox21,fedavg_proto,0.5,1,37,200,16,16,0.1,val,client_3,6,21,612,633,True,0.6317304699657641
Tox21,fedavg_proto,0.5,1,37,200,16,16,0.1,val,client_3,7,96,492,588,True,0.7017064701897018
Tox21,fedavg_proto,0.5,1,37,200,16,16,0.1,val,client_3,8,30,677,707,True,0.7793205317577548
Tox21,fedavg_proto,0.5,1,37,200,16,16,0.1,val,client_3,9,45,603,648,True,0.6109084208586696
Tox21,fedavg_proto,0.5,1,37,200,16,16,0.1,val,client_3,10,92,495,587,True,0.8803249890206412
Tox21,fedavg_proto,0.5,1,37,200,16,16,0.1,val,client_3,11,42,636,678,True,0.7779649595687331
Tox21,fedavg_proto,0.5,1,37,200,16,16,0.1,test,server,0,32,693,725,True,0.8332882395382395
Tox21,fedavg_proto,0.5,1,37,200,16,16,0.1,test,server,1,33,646,679,True,0.8957688338493294
Tox21,fedavg_proto,0.5,1,37,200,16,16,0.1,test,server,2,77,572,649,True,0.8261965307419852
Tox21,fedavg_proto,0.5,1,37,200,16,16,0.1,test,server,3,38,538,576,True,0.7526902758755625
Tox21,fedavg_proto,0.5,1,37,200,16,16,0.1,test,server,4,80,531,611,True,0.7024246704331449
Tox21,fedavg_proto,0.5,1,37,200,16,16,0.1,test,server,5,34,647,681,True,0.7812528411673788
Tox21,fedavg_proto,0.5,1,37,200,16,16,0.1,test,server,6,21,617,638,True,0.750019294589797
Tox21,fedavg_proto,0.5,1,37,200,16,16,0.1,test,server,7,95,494,589,True,0.758747070104411
Tox21,fedavg_proto,0.5,1,37,200,16,16,0.1,test,server,8,32,670,702,True,0.7988805970149254
Tox21,fedavg_proto,0.5,1,37,200,16,16,0.1,test,server,9,36,621,657,True,0.7056718554303095
Tox21,fedavg_proto,0.5,1,37,200,16,16,0.1,test,server,10,93,485,578,True,0.8324575989358164
Tox21,fedavg_proto,0.5,1,37,200,16,16,0.1,test,server,11,48,624,672,True,0.7630876068376069
Tox21,fedavg_proto,0.5,1,37,200,16,16,0.1,test,client_0,0,32,693,725,True,0.8304924242424242
Tox21,fedavg_proto,0.5,1,37,200,16,16,0.1,test,client_0,1,33,646,679,True,0.889576883384933
Tox21,fedavg_proto,0.5,1,37,200,16,16,0.1,test,client_0,2,77,572,649,True,0.8203614567250931
Tox21,fedavg_proto,0.5,1,37,200,16,16,0.1,test,client_0,3,38,538,576,True,0.7545490119350421
Tox21,fedavg_proto,0.5,1,37,200,16,16,0.1,test,client_0,4,80,531,611,True,0.6973870056497176
Tox21,fedavg_proto,0.5,1,37,200,16,16,0.1,test,client_0,5,34,647,681,True,0.7766160560050914
Tox21,fedavg_proto,0.5,1,37,200,16,16,0.1,test,client_0,6,21,617,638,True,0.7449255228833834
Tox21,fedavg_proto,0.5,1,37,200,16,16,0.1,test,client_0,7,95,494,589,True,0.761154911570424
Tox21,fedavg_proto,0.5,1,37,200,16,16,0.1,test,client_0,8,32,670,702,True,0.7899720149253732
Tox21,fedavg_proto,0.5,1,37,200,16,16,0.1,test,client_0,9,36,621,657,True,0.7054482018250133
Tox21,fedavg_proto,0.5,1,37,200,16,16,0.1,test,client_0,10,93,485,578,True,0.8164948453608248
Tox21,fedavg_proto,0.5,1,37,200,16,16,0.1,test,client_0,11,48,624,672,True,0.7566105769230769
Tox21,fedavg_proto,0.5,1,37,200,16,16,0.1,test,client_1,0,32,693,725,True,0.8289592352092352
Tox21,fedavg_proto,0.5,1,37,200,16,16,0.1,test,client_1,1,33,646,679,True,0.8959564687118867
Tox21,fedavg_proto,0.5,1,37,200,16,16,0.1,test,client_1,2,77,572,649,True,0.8217464353827989
Tox21,fedavg_proto,0.5,1,37,200,16,16,0.1,test,client_1,3,38,538,576,True,0.7334670318919976
Tox21,fedavg_proto,0.5,1,37,200,16,16,0.1,test,client_1,4,80,531,611,True,0.6985640301318269
Tox21,fedavg_proto,0.5,1,37,200,16,16,0.1,test,client_1,5,34,647,681,True,0.7883443949449951
Tox21,fedavg_proto,0.5,1,37,200,16,16,0.1,test,client_1,6,21,617,638,True,0.758277379022922
Tox21,fedavg_proto,0.5,1,37,200,16,16,0.1,test,client_1,7,95,494,589,True,0.754719795440017
Tox21,fedavg_proto,0.5,1,37,200,16,16,0.1,test,client_1,8,32,670,702,True,0.8124067164179105
Tox21,fedavg_proto,0.5,1,37,200,16,16,0.1,test,client_1,9,36,621,657,True,0.7219985686169261
Tox21,fedavg_proto,0.5,1,37,200,16,16,0.1,test,client_1,10,93,485,578,True,0.8346081365702249
Tox21,fedavg_proto,0.5,1,37,200,16,16,0.1,test,client_1,11,48,624,672,True,0.7714676816239316
Tox21,fedavg_proto,0.5,1,37,200,16,16,0.1,test,client_2,0,32,693,725,True,0.8262085137085137
Tox21,fedavg_proto,0.5,1,37,200,16,16,0.1,test,client_2,1,33,646,679,True,0.8927666760484098
Tox21,fedavg_proto,0.5,1,37,200,16,16,0.1,test,client_2,2,77,572,649,True,0.8194759785668876
Tox21,fedavg_proto,0.5,1,37,200,16,16,0.1,test,client_2,3,38,538,576,True,0.7423693993347681
Tox21,fedavg_proto,0.5,1,37,200,16,16,0.1,test,client_2,4,80,531,611,True,0.7048022598870055
Tox21,fedavg_proto,0.5,1,37,200,16,16,0.1,test,client_2,5,34,647,681,True,0.7827984362214746
Tox21,fedavg_proto,0.5,1,37,200,16,16,0.1,test,client_2,6,21,617,638,True,0.7474724087365902
Tox21,fedavg_proto,0.5,1,37,200,16,16,0.1,test,client_2,7,95,494,589,True,0.7529725122522906
Tox21,fedavg_proto,0.5,1,37,200,16,16,0.1,test,client_2,8,32,670,702,True,0.7816697761194029
Tox21,fedavg_proto,0.5,1,37,200,16,16,0.1,test,client_2,9,36,621,657,True,0.6849615315798889
Tox21,fedavg_proto,0.5,1,37,200,16,16,0.1,test,client_2,10,93,485,578,True,0.8305065957210952
Tox21,fedavg_proto,0.5,1,37,200,16,16,0.1,test,client_2,11,48,624,672,True,0.7487646901709402
Tox21,fedavg_proto,0.5,1,37,200,16,16,0.1,test,client_3,0,32,693,725,True,0.8318452380952381
Tox21,fedavg_proto,0.5,1,37,200,16,16,0.1,test,client_3,1,33,646,679,True,0.8885448916408669
Tox21,fedavg_proto,0.5,1,37,200,16,16,0.1,test,client_3,2,77,572,649,True,0.8267187358096448
Tox21,fedavg_proto,0.5,1,37,200,16,16,0.1,test,client_3,3,38,538,576,True,0.7606632752885932
Tox21,fedavg_proto,0.5,1,37,200,16,16,0.1,test,client_3,4,80,531,611,True,0.7017419962335216
Tox21,fedavg_proto,0.5,1,37,200,16,16,0.1,test,client_3,5,34,647,681,True,0.7725247749795435
Tox21,fedavg_proto,0.5,1,37,200,16,16,0.1,test,client_3,6,21,617,638,True,0.7502508296673612
Tox21,fedavg_proto,0.5,1,37,200,16,16,0.1,test,client_3,7,95,494,589,True,0.7518431706797357
Tox21,fedavg_proto,0.5,1,37,200,16,16,0.1,test,client_3,8,32,670,702,True,0.795195895522388
Tox21,fedavg_proto,0.5,1,37,200,16,16,0.1,test,client_3,9,36,621,657,True,0.7075505457147969
Tox21,fedavg_proto,0.5,1,37,200,16,16,0.1,test,client_3,10,93,485,578,True,0.837312936481543
Tox21,fedavg_proto,0.5,1,37,200,16,16,0.1,test,client_3,11,48,624,672,True,0.7683293269230769
Tox21,fedavg_proto,0.5,1,38,200,16,16,0.1,val,server,0,31,696,727,True,0.7964868372265481
Tox21,fedavg_proto,0.5,1,38,200,16,16,0.1,val,server,1,23,652,675,True,0.7823419578554281
Tox21,fedavg_proto,0.5,1,38,200,16,16,0.1,val,server,2,74,567,641,True,0.819724486391153
Tox21,fedavg_proto,0.5,1,38,200,16,16,0.1,val,server,3,19,546,565,True,0.8115481010217853
Tox21,fedavg_proto,0.5,1,38,200,16,16,0.1,val,server,4,82,541,623,True,0.7013434921779901
Tox21,fedavg_proto,0.5,1,38,200,16,16,0.1,val,server,5,30,657,687,True,0.8168949771689499
Tox21,fedavg_proto,0.5,1,38,200,16,16,0.1,val,server,6,21,612,633,True,0.6415343915343915
Tox21,fedavg_proto,0.5,1,38,200,16,16,0.1,val,server,7,96,492,588,True,0.7059832317073171
Tox21,fedavg_proto,0.5,1,38,200,16,16,0.1,val,server,8,30,677,707,True,0.7855736090595766
Tox21,fedavg_proto,0.5,1,38,200,16,16,0.1,val,server,9,45,603,648,True,0.6205269946563479
Tox21,fedavg_proto,0.5,1,38,200,16,16,0.1,val,server,10,92,495,587,True,0.8742424242424243
Tox21,fedavg_proto,0.5,1,38,200,16,16,0.1,val,server,11,42,636,678,True,0.7804731955675351
Tox21,fedavg_proto,0.5,1,38,200,16,16,0.1,val,client_0,0,31,696,727,True,0.7997775305895439
Tox21,fedavg_proto,0.5,1,38,200,16,16,0.1,val,client_0,1,23,652,675,True,0.7818084822619366
Tox21,fedavg_proto,0.5,1,38,200,16,16,0.1,val,client_0,2,74,567,641,True,0.8154583154583155
Tox21,fedavg_proto,0.5,1,38,200,16,16,0.1,val,client_0,3,19,546,565,True,0.8085598611914401
Tox21,fedavg_proto,0.5,1,38,200,16,16,0.1,val,client_0,4,82,541,623,True,0.704071051801091
Tox21,fedavg_proto,0.5,1,38,200,16,16,0.1,val,client_0,5,30,657,687,True,0.8079147640791478
Tox21,fedavg_proto,0.5,1,38,200,16,16,0.1,val,client_0,6,21,612,633,True,0.6504824151882975
Tox21,fedavg_proto,0.5,1,38,200,16,16,0.1,val,client_0,7,96,492,588,True,0.7039930555555554
Tox21,fedavg_proto,0.5,1,38,200,16,16,0.1,val,client_0,8,30,677,707,True,0.7862136878385032
Tox21,fedavg_proto,0.5,1,38,200,16,16,0.1,val,client_0,9,45,603,648,True,0.6082918739635158
Tox21,fedavg_proto,0.5,1,38,200,16,16,0.1,val,client_0,10,92,495,587,True,0.8660079051383399
Tox21,fedavg_proto,0.5,1,38,200,16,16,0.1,val,client_0,11,42,636,678,True,0.7741464510332434
Tox21,fedavg_proto,0.5,1,38,200,16,16,0.1,val,client_1,0,31,696,727,True,0.8080274378939563
Tox21,fedavg_proto,0.5,1,38,200,16,16,0.1,val,client_1,1,23,652,675,True,0.7848092824753268
Tox21,fedavg_proto,0.5,1,38,200,16,16,0.1,val,client_1,2,74,567,641,True,0.813027313027313
Tox21,fedavg_proto,0.5,1,38,200,16,16,0.1,val,client_1,3,19,546,565,True,0.8019086176980914
Tox21,fedavg_proto,0.5,1,38,200,16,16,0.1,val,client_1,4,82,541,623,True,0.6989991434110274
Tox21,fedavg_proto,0.5,1,38,200,16,16,0.1,val,client_1,5,30,657,687,True,0.8127346524606799
Tox21,fedavg_proto,0.5,1,38,200,16,16,0.1,val,client_1,6,21,612,633,True,0.6230936819172113
Tox21,fedavg_proto,0.5,1,38,200,16,16,0.1,val,client_1,7,96,492,588,True,0.7027227303523035
Tox21,fedavg_proto,0.5,1,38,200,16,16,0.1,val,client_1,8,30,677,707,True,0.7809945839487937
Tox21,fedavg_proto,0.5,1,38,200,16,16,0.1,val,client_1,9,45,603,648,True,0.6462502303298323
Tox21,fedavg_proto,0.5,1,38,200,16,16,0.1,val,client_1,10,92,495,587,True,0.8685990338164251
Tox21,fedavg_proto,0.5,1,38,200,16,16,0.1,val,client_1,11,42,636,678,True,0.7825696316262354
Tox21,fedavg_proto,0.5,1,38,200,16,16,0.1,val,client_2,0,31,696,727,True,0.7903225806451613
Tox21,fedavg_proto,0.5,1,38,200,16,16,0.1,val,client_2,1,23,652,675,True,0.7809415844225126
Tox21,fedavg_proto,0.5,1,38,200,16,16,0.1,val,client_2,2,74,567,641,True,0.8194384861051528
Tox21,fedavg_proto,0.5,1,38,200,16,16,0.1,val,client_2,3,19,546,565,True,0.821283979178716
Tox21,fedavg_proto,0.5,1,38,200,16,16,0.1,val,client_2,4,82,541,623,True,0.6990667688562283
Tox21,fedavg_proto,0.5,1,38,200,16,16,0.1,val,client_2,5,30,657,687,True,0.8144089294774227
Tox21,fedavg_proto,0.5,1,38,200,16,16,0.1,val,client_2,6,21,612,633,True,0.6447245564892623
Tox21,fedavg_proto,0.5,1,38,200,16,16,0.1,val,client_2,7,96,492,588,True,0.6994622289972899
Tox21,fedavg_proto,0.5,1,38,200,16,16,0.1,val,client_2,8,30,677,707,True,0.7828163466272773
Tox21,fedavg_proto,0.5,1,38,200,16,16,0.1,val,client_2,9,45,603,648,True,0.6089552238805971
Tox21,fedavg_proto,0.5,1,38,200,16,16,0.1,val,client_2,10,92,495,587,True,0.8652173913043478
Tox21,fedavg_proto,0.5,1,38,200,16,16,0.1,val,client_2,11,42,636,678,True,0.7831311769991015
Tox21,fedavg_proto,0.5,1,38,200,16,16,0.1,val,client_3,0,31,696,727,True,0.7873563218390804
Tox21,fedavg_proto,0.5,1,38,200,16,16,0.1,val,client_3,1,23,652,675,True,0.7782075220058683
Tox21,fedavg_proto,0.5,1,38,200,16,16,0.1,val,client_3,2,74,567,641,True,0.8095953095953097
Tox21,fedavg_proto,0.5,1,38,200,16,16,0.1,val,client_3,3,19,546,565,True,0.8044148833622518
Tox21,fedavg_proto,0.5,1,38,200,16,16,0.1,val,client_3,4,82,541,623,True,0.6929128533429512
Tox21,fedavg_proto,0.5,1,38,200,16,16,0.1,val,client_3,5,30,657,687,True,0.810958904109589
Tox21,fedavg_proto,0.5,1,38,200,16,16,0.1,val,client_3,6,21,612,633,True,0.630485527544351
Tox21,fedavg_proto,0.5,1,38,200,16,16,0.1,val,client_3,7,96,492,588,True,0.7017699864498644
Tox21,fedavg_proto,0.5,1,38,200,16,16,0.1,val,client_3,8,30,677,707,True,0.7726243229935992
Tox21,fedavg_proto,0.5,1,38,200,16,16,0.1,val,client_3,9,45,603,648,True,0.6045328911000554
Tox21,fedavg_proto,0.5,1,38,200,16,16,0.1,val,client_3,10,92,495,587,True,0.8765480895915678
Tox21,fedavg_proto,0.5,1,38,200,16,16,0.1,val,client_3,11,42,636,678,True,0.7720500149745433
Tox21,fedavg_proto,0.5,1,38,200,16,16,0.1,test,server,0,32,693,725,True,0.8322510822510822
Tox21,fedavg_proto,0.5,1,38,200,16,16,0.1,test,server,1,33,646,679,True,0.8950652031147387
Tox21,fedavg_proto,0.5,1,38,200,16,16,0.1,test,server,2,77,572,649,True,0.831509399691218
Tox21,fedavg_proto,0.5,1,38,200,16,16,0.1,test,server,3,38,538,576,True,0.7480923498336921
Tox21,fedavg_proto,0.5,1,38,200,16,16,0.1,test,server,4,80,531,611,True,0.7046139359698681
Tox21,fedavg_proto,0.5,1,38,200,16,16,0.1,test,server,5,34,647,681,True,0.7792981180107282
Tox21,fedavg_proto,0.5,1,38,200,16,16,0.1,test,server,6,21,617,638,True,0.7523346453654396
Tox21,fedavg_proto,0.5,1,38,200,16,16,0.1,test,server,7,95,494,589,True,0.7586831451097379
Tox21,fedavg_proto,0.5,1,38,200,16,16,0.1,test,server,8,32,670,702,True,0.7972481343283582
Tox21,fedavg_proto,0.5,1,38,200,16,16,0.1,test,server,9,36,621,657,True,0.6999015924136698
Tox21,fedavg_proto,0.5,1,38,200,16,16,0.1,test,server,10,93,485,578,True,0.837955880722758
Tox21,fedavg_proto,0.5,1,38,200,16,16,0.1,test,server,11,48,624,672,True,0.7604166666666666
Tox21,fedavg_proto,0.5,1,38,200,16,16,0.1,test,client_0,0,32,693,725,True,0.8234126984126984
Tox21,fedavg_proto,0.5,1,38,200,16,16,0.1,test,client_0,1,33,646,679,True,0.8884510742095882
Tox21,fedavg_proto,0.5,1,38,200,16,16,0.1,test,client_0,2,77,572,649,True,0.8292843520116248
Tox21,fedavg_proto,0.5,1,38,200,16,16,0.1,test,client_0,3,38,538,576,True,0.7357659949129328
Tox21,fedavg_proto,0.5,1,38,200,16,16,0.1,test,client_0,4,80,531,611,True,0.7047551789077213
Tox21,fedavg_proto,0.5,1,38,200,16,16,0.1,test,client_0,5,34,647,681,True,0.7737067006091463
Tox21,fedavg_proto,0.5,1,38,200,16,16,0.1,test,client_0,6,21,617,638,True,0.7494018677162924
Tox21,fedavg_proto,0.5,1,38,200,16,16,0.1,test,client_0,7,95,494,589,True,0.761623694864692
Tox21,fedavg_proto,0.5,1,38,200,16,16,0.1,test,client_0,8,32,670,702,True,0.7875932835820896
Tox21,fedavg_proto,0.5,1,38,200,16,16,0.1,test,client_0,9,36,621,657,True,0.6911343710860619
Tox21,fedavg_proto,0.5,1,38,200,16,16,0.1,test,client_0,10,93,485,578,True,0.8241880057643278
Tox21,fedavg_proto,0.5,1,38,200,16,16,0.1,test,client_0,11,48,624,672,True,0.7445579594017094
Tox21,fedavg_proto,0.5,1,38,200,16,16,0.1,test,client_1,0,32,693,725,True,0.8285984848484848
Tox21,fedavg_proto,0.5,1,38,200,16,16,0.1,test,client_1,1,33,646,679,True,0.9005066141289052
Tox21,fedavg_proto,0.5,1,38,200,16,16,0.1,test,client_1,2,77,572,649,True,0.8254926891290526
Tox21,fedavg_proto,0.5,1,38,200,16,16,0.1,test,client_1,3,38,538,576,True,0.7347387986695362
Tox21,fedavg_proto,0.5,1,38,200,16,16,0.1,test,client_1,4,80,531,611,True,0.6967043314500942
Tox21,fedavg_proto,0.5,1,38,200,16,16,0.1,test,client_1,5,34,647,681,True,0.784662242022002
Tox21,fedavg_proto,0.5,1,38,200,16,16,0.1,test,client_1,6,21,617,638,True,0.7681562089989967
Tox21,fedavg_proto,0.5,1,38,200,16,16,0.1,test,client_1,7,95,494,589,True,0.7586618367781803
Tox21,fedavg_proto,0.5,1,38,200,16,16,0.1,test,client_1,8,32,670,702,True,0.8303638059701492
Tox21,fedavg_proto,0.5,1,38,200,16,16,0.1,test,client_1,9,36,621,657,True,0.7302290212918232
Tox21,fedavg_proto,0.5,1,38,200,16,16,0.1,test,client_1,10,93,485,578,True,0.8354949562132802
Tox21,fedavg_proto,0.5,1,38,200,16,16,0.1,test,client_1,11,48,624,672,True,0.7828191773504274
Tox21,fedavg_proto,0.5,1,38,200,16,16,0.1,test,client_2,0,32,693,725,True,0.8247204184704184
Tox21,fedavg_proto,0.5,1,38,200,16,16,0.1,test,client_2,1,33,646,679,True,0.8908903274228351
Tox21,fedavg_proto,0.5,1,38,200,16,16,0.1,test,client_2,2,77,572,649,True,0.8304876941240578
Tox21,fedavg_proto,0.5,1,38,200,16,16,0.1,test,client_2,3,38,538,576,True,0.7430541968303659
Tox21,fedavg_proto,0.5,1,38,200,16,16,0.1,test,client_2,4,80,531,611,True,0.698234463276836
Tox21,fedavg_proto,0.5,1,38,200,16,16,0.1,test,client_2,5,34,647,681,True,0.7686153286662425
Tox21,fedavg_proto,0.5,1,38,200,16,16,0.1,test,client_2,6,21,617,638,True,0.743536312417998
Tox21,fedavg_proto,0.5,1,38,200,16,16,0.1,test,client_2,7,95,494,589,True,0.7539953121670574
Tox21,fedavg_proto,0.5,1,38,200,16,16,0.1,test,client_2,8,32,670,702,True,0.7814832089552238
Tox21,fedavg_proto,0.5,1,38,200,16,16,0.1,test,client_2,9,36,621,657,True,0.6837985328323493
Tox21,fedavg_proto,0.5,1,38,200,16,16,0.1,test,client_2,10,93,485,578,True,0.8381997561245982
Tox21,fedavg_proto,0.5,1,38,200,16,16,0.1,test,client_2,11,48,624,672,True,0.7449919871794872
Tox21,fedavg_proto,0.5,1,38,200,16,16,0.1,test,client_3,0,32,693,725,True,0.833198051948052
Tox21,fedavg_proto,0.5,1,38,200,16,16,0.1,test,client_3,1,33,646,679,True,0.8891547049441787
Tox21,fedavg_proto,0.5,1,38,200,16,16,0.1,test,client_3,2,77,572,649,True,0.8218826627917536
Tox21,fedavg_proto,0.5,1,38,200,16,16,0.1,test,client_3,3,38,538,576,True,0.7582664840540012
Tox21,fedavg_proto,0.5,1,38,200,16,16,0.1,test,client_3,4,80,531,611,True,0.7093220338983051
Tox21,fedavg_proto,0.5,1,38,200,16,16,0.1,test,client_3,5,34,647,681,True,0.7774797708882626
Tox21,fedavg_proto,0.5,1,38,200,16,16,0.1,test,client_3,6,21,617,638,True,0.738056648915644
Tox21,fedavg_proto,0.5,1,38,200,16,16,0.1,test,client_3,7,95,494,589,True,0.7397613466865545
Tox21,fedavg_proto,0.5,1,38,200,16,16,0.1,test,client_3,8,32,670,702,True,0.7769589552238806
Tox21,fedavg_proto,0.5,1,38,200,16,16,0.1,test,client_3,9,36,621,657,True,0.6935050993022008
Tox21,fedavg_proto,0.5,1,38,200,16,16,0.1,test,client_3,10,93,485,578,True,0.8347411595166832
Tox21,fedavg_proto,0.5,1,38,200,16,16,0.1,test,client_3,11,48,624,672,True,0.7587139423076924
Tox21,fedavg_proto,0.5,1,39,200,16,16,0.1,val,server,0,31,696,727,True,0.7964868372265481
Tox21,fedavg_proto,0.5,1,39,200,16,16,0.1,val,server,1,23,652,675,True,0.786476393704988
Tox21,fedavg_proto,0.5,1,39,200,16,16,0.1,val,server,2,74,567,641,True,0.8164593164593165
Tox21,fedavg_proto,0.5,1,39,200,16,16,0.1,val,server,3,19,546,565,True,0.80258338153075
Tox21,fedavg_proto,0.5,1,39,200,16,16,0.1,val,server,4,82,541,623,True,0.7009151976917181
Tox21,fedavg_proto,0.5,1,39,200,16,16,0.1,val,server,5,30,657,687,True,0.8096905124302386
Tox21,fedavg_proto,0.5,1,39,200,16,16,0.1,val,server,6,21,612,633,True,0.6455026455026455
Tox21,fedavg_proto,0.5,1,39,200,16,16,0.1,val,server,7,96,492,588,True,0.7076981707317074
Tox21,fedavg_proto,0.5,1,39,200,16,16,0.1,val,server,8,30,677,707,True,0.7879369768586904
Tox21,fedavg_proto,0.5,1,39,200,16,16,0.1,val,server,9,45,603,648,True,0.6186475032246177
Tox21,fedavg_proto,0.5,1,39,200,16,16,0.1,val,server,10,92,495,587,True,0.8742424242424243
Tox21,fedavg_proto,0.5,1,39,200,16,16,0.1,val,server,11,42,636,678,True,0.7841045223120695
Tox21,fedavg_proto,0.5,1,39,200,16,16,0.1,val,client_0,0,31,696,727,True,0.796069707081943
Tox21,fedavg_proto,0.5,1,39,200,16,16,0.1,val,client_0,1,23,652,675,True,0.7880768204854628
Tox21,fedavg_proto,0.5,1,39,200,16,16,0.1,val,client_0,2,74,567,641,True,0.8179846513179848
Tox21,fedavg_proto,0.5,1,39,200,16,16,0.1,val,client_0,3,19,546,565,True,0.8022941970310391
Tox21,fedavg_proto,0.5,1,39,200,16,16,0.1,val,client_0,4,82,541,623,True,0.6955502457057843
Tox21,fedavg_proto,0.5,1,39,200,16,16,0.1,val,client_0,5,30,657,687,True,0.7963470319634703
Tox21,fedavg_proto,0.5,1,39,200,16,16,0.1,val,client_0,6,21,612,633,True,0.6576408341114224
Tox21,fedavg_proto,0.5,1,39,200,16,16,0.1,val,client_0,7,96,492,588,True,0.7108316395663956
Tox21,fedavg_proto,0.5,1,39,200,16,16,0.1,val,client_0,8,30,677,707,True,0.7877892663712458
Tox21,fedavg_proto,0.5,1,39,200,16,16,0.1,val,client_0,9,45,603,648,True,0.6052330937903078
Tox21,fedavg_proto,0.5,1,39,200,16,16,0.1,val,client_0,10,92,495,587,True,0.8636363636363636
Tox21,fedavg_proto,0.5,1,39,200,16,16,0.1,val,client_0,11,42,636,678,True,0.7831311769991015
Tox21,fedavg_proto,0.5,1,39,200,16,16,0.1,val,client_1,0,31,696,727,True,0.8048757879124954
Tox21,fedavg_proto,0.5,1,39,200,16,16,0.1,val,client_1,1,23,652,675,True,0.7808748999733263
Tox21,fedavg_proto,0.5,1,39,200,16,16,0.1,val,client_1,2,74,567,641,True,0.8116688116688117
Tox21,fedavg_proto,0.5,1,39,200,16,16,0.1,val,client_1,3,19,546,565,True,0.8031617505301716
Tox21,fedavg_proto,0.5,1,39,200,16,16,0.1,val,client_1,4,82,541,623,True,0.706798611424192
Tox21,fedavg_proto,0.5,1,39,200,16,16,0.1,val,client_1,5,30,657,687,True,0.8136986301369864
Tox21,fedavg_proto,0.5,1,39,200,16,16,0.1,val,client_1,6,21,612,633,True,0.616557734204793
Tox21,fedavg_proto,0.5,1,39,200,16,16,0.1,val,client_1,7,96,492,588,True,0.7006478658536586
Tox21,fedavg_proto,0.5,1,39,200,16,16,0.1,val,client_1,8,30,677,707,True,0.773067454455933
Tox21,fedavg_proto,0.5,1,39,200,16,16,0.1,val,client_1,9,45,603,648,True,0.6414593698175788
Tox21,fedavg_proto,0.5,1,39,200,16,16,0.1,val,client_1,10,92,495,587,True,0.8739789196310935
Tox21,fedavg_proto,0.5,1,39,200,16,16,0.1,val,client_1,11,42,636,678,True,0.7765049415992811
Tox21,fedavg_proto,0.5,1,39,200,16,16,0.1,val,client_2,0,31,696,727,True,0.7956989247311828
Tox21,fedavg_proto,0.5,1,39,200,16,16,0.1,val,client_2,1,23,652,675,True,0.7914777273939718
Tox21,fedavg_proto,0.5,1,39,200,16,16,0.1,val,client_2,2,74,567,641,True,0.8120024786691454
Tox21,fedavg_proto,0.5,1,39,200,16,16,0.1,val,client_2,3,19,546,565,True,0.8093310198573357
Tox21,fedavg_proto,0.5,1,39,200,16,16,0.1,val,client_2,4,82,541,623,True,0.6946485731031062
Tox21,fedavg_proto,0.5,1,39,200,16,16,0.1,val,client_2,5,30,657,687,True,0.80416032470827
Tox21,fedavg_proto,0.5,1,39,200,16,16,0.1,val,client_2,6,21,612,633,True,0.6566293183940243
Tox21,fedavg_proto,0.5,1,39,200,16,16,0.1,val,client_2,7,96,492,588,True,0.7096248306233062
Tox21,fedavg_proto,0.5,1,39,200,16,16,0.1,val,client_2,8,30,677,707,True,0.7880354505169866
Tox21,fedavg_proto,0.5,1,39,200,16,16,0.1,val,client_2,9,45,603,648,True,0.6161783674221486
Tox21,fedavg_proto,0.5,1,39,200,16,16,0.1,val,client_2,10,92,495,587,True,0.8696969696969699
Tox21,fedavg_proto,0.5,1,39,200,16,16,0.1,val,client_2,11,42,636,678,True,0.7953354297693921
Tox21,fedavg_proto,0.5,1,39,200,16,16,0.1,val,client_3,0,31,696,727,True,0.7779940674823879
Tox21,fedavg_proto,0.5,1,39,200,16,16,0.1,val,client_3,1,23,652,675,True,0.7774739930648172
Tox21,fedavg_proto,0.5,1,39,200,16,16,0.1,val,client_3,2,74,567,641,True,0.8103103103103103
Tox21,fedavg_proto,0.5,1,39,200,16,16,0.1,val,client_3,3,19,546,565,True,0.7699055330634278
Tox21,fedavg_proto,0.5,1,39,200,16,16,0.1,val,client_3,4,82,541,623,True,0.6962490419728598
Tox21,fedavg_proto,0.5,1,39,200,16,16,0.1,val,client_3,5,30,657,687,True,0.7947234906139016
Tox21,fedavg_proto,0.5,1,39,200,16,16,0.1,val,client_3,6,21,612,633,True,0.62776221599751
Tox21,fedavg_proto,0.5,1,39,200,16,16,0.1,val,client_3,7,96,492,588,True,0.702172256097561
Tox21,fedavg_proto,0.5,1,39,200,16,16,0.1,val,client_3,8,30,677,707,True,0.7787789266371247
Tox21,fedavg_proto,0.5,1,39,200,16,16,0.1,val,client_3,9,45,603,648,True,0.6122719734660031
Tox21,fedavg_proto,0.5,1,39,200,16,16,0.1,val,client_3,10,92,495,587,True,0.8752086078173035
Tox21,fedavg_proto,0.5,1,39,200,16,16,0.1,val,client_3,11,42,636,678,True,0.7745956873315364
Tox21,fedavg_proto,0.5,1,39,200,16,16,0.1,test,server,0,32,693,725,True,0.8326118326118326
Tox21,fedavg_proto,0.5,1,39,200,16,16,0.1,test,server,1,33,646,679,True,0.899709165963036
Tox21,fedavg_proto,0.5,1,39,200,16,16,0.1,test,server,2,77,572,649,True,0.8307828535101262
Tox21,fedavg_proto,0.5,1,39,200,16,16,0.1,test,server,3,38,538,576,True,0.7586088828017999
Tox21,fedavg_proto,0.5,1,39,200,16,16,0.1,test,server,4,80,531,611,True,0.7051318267419963
Tox21,fedavg_proto,0.5,1,39,200,16,16,0.1,test,server,5,34,647,681,True,0.7878898081643786
Tox21,fedavg_proto,0.5,1,39,200,16,16,0.1,test,server,6,21,617,638,True,0.7521031102878752
Tox21,fedavg_proto,0.5,1,39,200,16,16,0.1,test,server,7,95,494,589,True,0.7627104197741317
Tox21,fedavg_proto,0.5,1,39,200,16,16,0.1,test,server,8,32,670,702,True,0.8069496268656716
Tox21,fedavg_proto,0.5,1,39,200,16,16,0.1,test,server,9,36,621,657,True,0.7071479692252639
Tox21,fedavg_proto,0.5,1,39,200,16,16,0.1,test,server,10,93,485,578,True,0.8287994679082142
Tox21,fedavg_proto,0.5,1,39,200,16,16,0.1,test,server,11,48,624,672,True,0.7718015491452992
Tox21,fedavg_proto,0.5,1,39,200,16,16,0.1,test,client_0,0,32,693,725,True,0.8255321067821068
Tox21,fedavg_proto,0.5,1,39,200,16,16,0.1,test,client_0,1,33,646,679,True,0.898301904493855
Tox21,fedavg_proto,0.5,1,39,200,16,16,0.1,test,client_0,2,77,572,649,True,0.8323040595767868
Tox21,fedavg_proto,0.5,1,39,200,16,16,0.1,test,client_0,3,38,538,576,True,0.7511739385638818
Tox21,fedavg_proto,0.5,1,39,200,16,16,0.1,test,client_0,4,80,531,611,True,0.7049435028248587
Tox21,fedavg_proto,0.5,1,39,200,16,16,0.1,test,client_0,5,34,647,681,True,0.7817074279479953
Tox21,fedavg_proto,0.5,1,39,200,16,16,0.1,test,client_0,6,21,617,638,True,0.7542641043451417
Tox21,fedavg_proto,0.5,1,39,200,16,16,0.1,test,client_0,7,95,494,589,True,0.7670999360750054
Tox21,fedavg_proto,0.5,1,39,200,16,16,0.1,test,client_0,8,32,670,702,True,0.8026119402985075
Tox21,fedavg_proto,0.5,1,39,200,16,16,0.1,test,client_0,9,36,621,657,True,0.6972177491501164
Tox21,fedavg_proto,0.5,1,39,200,16,16,0.1,test,client_0,10,93,485,578,True,0.8168274027269703
Tox21,fedavg_proto,0.5,1,39,200,16,16,0.1,test,client_0,11,48,624,672,True,0.765357905982906
Tox21,fedavg_proto,0.5,1,39,200,16,16,0.1,test,client_1,0,32,693,725,True,0.8335137085137087
Tox21,fedavg_proto,0.5,1,39,200,16,16,0.1,test,client_1,1,33,646,679,True,0.8982549957782157
Tox21,fedavg_proto,0.5,1,39,200,16,16,0.1,test,client_1,2,77,572,649,True,0.8268776677867586
Tox21,fedavg_proto,0.5,1,39,200,16,16,0.1,test,client_1,3,38,538,576,True,0.7425650557620818
Tox21,fedavg_proto,0.5,1,39,200,16,16,0.1,test,client_1,4,80,531,611,True,0.6988229755178907
Tox21,fedavg_proto,0.5,1,39,200,16,16,0.1,test,client_1,5,34,647,681,True,0.7880716428766251
Tox21,fedavg_proto,0.5,1,39,200,16,16,0.1,test,client_1,6,21,617,638,True,0.7578914872269815
Tox21,fedavg_proto,0.5,1,39,200,16,16,0.1,test,client_1,7,95,494,589,True,0.7558065203494565
Tox21,fedavg_proto,0.5,1,39,200,16,16,0.1,test,client_1,8,32,670,702,True,0.8197761194029851
Tox21,fedavg_proto,0.5,1,39,200,16,16,0.1,test,client_1,9,36,621,657,True,0.7285739846126319
Tox21,fedavg_proto,0.5,1,39,200,16,16,0.1,test,client_1,10,93,485,578,True,0.8413479658574439
Tox21,fedavg_proto,0.5,1,39,200,16,16,0.1,test,client_1,11,48,624,672,True,0.7758079594017093
Tox21,fedavg_proto,0.5,1,39,200,16,16,0.1,test,client_2,0,32,693,725,True,0.8267947330447332
Tox21,fedavg_proto,0.5,1,39,200,16,16,0.1,test,client_2,1,33,646,679,True,0.8996153485317572
Tox21,fedavg_proto,0.5,1,39,200,16,16,0.1,test,client_2,2,77,572,649,True,0.8272863500136227
Tox21,fedavg_proto,0.5,1,39,200,16,16,0.1,test,client_2,3,38,538,576,True,0.7556740363920956
Tox21,fedavg_proto,0.5,1,39,200,16,16,0.1,test,client_2,4,80,531,611,True,0.6961393596986818
Tox21,fedavg_proto,0.5,1,39,200,16,16,0.1,test,client_2,5,34,647,681,True,0.787844349486317
Tox21,fedavg_proto,0.5,1,39,200,16,16,0.1,test,client_2,6,21,617,638,True,0.7588176275372386
Tox21,fedavg_proto,0.5,1,39,200,16,16,0.1,test,client_2,7,95,494,589,True,0.7604943532921371
Tox21,fedavg_proto,0.5,1,39,200,16,16,0.1,test,client_2,8,32,670,702,True,0.8047574626865671
Tox21,fedavg_proto,0.5,1,39,200,16,16,0.1,test,client_2,9,36,621,657,True,0.7014224369296833
Tox21,fedavg_proto,0.5,1,39,200,16,16,0.1,test,client_2,10,93,485,578,True,0.824853120496619
Tox21,fedavg_proto,0.5,1,39,200,16,16,0.1,test,client_2,11,48,624,672,True,0.7743723290598291
Tox21,fedavg_proto,0.5,1,39,200,16,16,0.1,test,client_3,0,32,693,725,True,0.8350018037518038
Tox21,fedavg_proto,0.5,1,39,200,16,16,0.1,test,client_3,1,33,646,679,True,0.8783187916314852
Tox21,fedavg_proto,0.5,1,39,200,16,16,0.1,test,client_3,2,77,572,649,True,0.8260375987648715
Tox21,fedavg_proto,0.5,1,39,200,16,16,0.1,test,client_3,3,38,538,576,True,0.7553805517511251
Tox21,fedavg_proto,0.5,1,39,200,16,16,0.1,test,client_3,4,80,531,611,True,0.7075800376647834
Tox21,fedavg_proto,0.5,1,39,200,16,16,0.1,test,client_3,5,34,647,681,True,0.7750250022729339
Tox21,fedavg_proto,0.5,1,39,200,16,16,0.1,test,client_3,6,21,617,638,True,0.7297985644825191
Tox21,fedavg_proto,0.5,1,39,200,16,16,0.1,test,client_3,7,95,494,589,True,0.7435968463669294
Tox21,fedavg_proto,0.5,1,39,200,16,16,0.1,test,client_3,8,32,670,702,True,0.7867537313432836
Tox21,fedavg_proto,0.5,1,39,200,16,16,0.1,test,client_3,9,36,621,657,True,0.6901055645016998
Tox21,fedavg_proto,0.5,1,39,200,16,16,0.1,test,client_3,10,93,485,578,True,0.8246314155858553
Tox21,fedavg_proto,0.5,1,39,200,16,16,0.1,test,client_3,11,48,624,672,True,0.763221153846154
Tox21,fedavg_proto,0.5,1,40,200,16,16,0.1,val,server,0,31,696,727,True,0.7926863181312569
Tox21,fedavg_proto,0.5,1,40,200,16,16,0.1,val,server,1,23,652,675,True,0.7840757535342757
Tox21,fedavg_proto,0.5,1,40,200,16,16,0.1,val,server,2,74,567,641,True,0.817031317031317
Tox21,fedavg_proto,0.5,1,40,200,16,16,0.1,val,server,3,19,546,565,True,0.8026797763639869
Tox21,fedavg_proto,0.5,1,40,200,16,16,0.1,val,server,4,82,541,623,True,0.70585185519138
Tox21,fedavg_proto,0.5,1,40,200,16,16,0.1,val,server,5,30,657,687,True,0.8127853881278541
Tox21,fedavg_proto,0.5,1,40,200,16,16,0.1,val,server,6,21,612,633,True,0.6437908496732025
Tox21,fedavg_proto,0.5,1,40,200,16,16,0.1,val,server,7,96,492,588,True,0.7064701897018971
Tox21,fedavg_proto,0.5,1,40,200,16,16,0.1,val,server,8,30,677,707,True,0.7838010832102413
Tox21,fedavg_proto,0.5,1,40,200,16,16,0.1,val,server,9,45,603,648,True,0.6173945089367975
Tox21,fedavg_proto,0.5,1,40,200,16,16,0.1,val,server,10,92,495,587,True,0.8747255160298638
Tox21,fedavg_proto,0.5,1,40,200,16,16,0.1,val,server,11,42,636,678,True,0.77785265049416
Tox21,fedavg_proto,0.5,1,40,200,16,16,0.1,val,client_0,0,31,696,727,True,0.7836484983314793
Tox21,fedavg_proto,0.5,1,40,200,16,16,0.1,val,client_0,1,23,652,675,True,0.7815417444651908
Tox21,fedavg_proto,0.5,1,40,200,16,16,0.1,val,client_0,2,74,567,641,True,0.7994661327994661
Tox21,fedavg_proto,0.5,1,40,200,16,16,0.1,val,client_0,3,19,546,565,True,0.7823404665509928
Tox21,fedavg_proto,0.5,1,40,200,16,16,0.1,val,client_0,4,82,541,623,True,0.7034849646093503
Tox21,fedavg_proto,0.5,1,40,200,16,16,0.1,val,client_0,5,30,657,687,True,0.7885844748858448
Tox21,fedavg_proto,0.5,1,40,200,16,16,0.1,val,client_0,6,21,612,633,True,0.6528166822284469
Tox21,fedavg_proto,0.5,1,40,200,16,16,0.1,val,client_0,7,96,492,588,True,0.6949737466124661
Tox21,fedavg_proto,0.5,1,40,200,16,16,0.1,val,client_0,8,30,677,707,True,0.7738552437223043
Tox21,fedavg_proto,0.5,1,40,200,16,16,0.1,val,client_0,9,45,603,648,True,0.5801732080339046
Tox21,fedavg_proto,0.5,1,40,200,16,16,0.1,val,client_0,10,92,495,587,True,0.8614185331576635
Tox21,fedavg_proto,0.5,1,40,200,16,16,0.1,val,client_0,11,42,636,678,True,0.7580862533692723
Tox21,fedavg_proto,0.5,1,40,200,16,16,0.1,val,client_1,0,31,696,727,True,0.8083055246570263
Tox21,fedavg_proto,0.5,1,40,200,16,16,0.1,val,client_1,1,23,652,675,True,0.7826753801013604
Tox21,fedavg_proto,0.5,1,40,200,16,16,0.1,val,client_1,2,74,567,641,True,0.8207016540349875
Tox21,fedavg_proto,0.5,1,40,200,16,16,0.1,val,client_1,3,19,546,565,True,0.8038365143628301
Tox21,fedavg_proto,0.5,1,40,200,16,16,0.1,val,client_1,4,82,541,623,True,0.7020197466299988
Tox21,fedavg_proto,0.5,1,40,200,16,16,0.1,val,client_1,5,30,657,687,True,0.8144596651445967
Tox21,fedavg_proto,0.5,1,40,200,16,16,0.1,val,client_1,6,21,612,633,True,0.620292561469032
Tox21,fedavg_proto,0.5,1,40,200,16,16,0.1,val,client_1,7,96,492,588,True,0.7052633807588076
Tox21,fedavg_proto,0.5,1,40,200,16,16,0.1,val,client_1,8,30,677,707,True,0.7824224519940916
Tox21,fedavg_proto,0.5,1,40,200,16,16,0.1,val,client_1,9,45,603,648,True,0.6455131748664088
Tox21,fedavg_proto,0.5,1,40,200,16,16,0.1,val,client_1,10,92,495,587,True,0.8689284145805884
Tox21,fedavg_proto,0.5,1,40,200,16,16,0.1,val,client_1,11,42,636,678,True,0.7763177598083258
Tox21,fedavg_proto,0.5,1,40,200,16,16,0.1,val,client_2,0,31,696,727,True,0.7988042269187986
Tox21,fedavg_proto,0.5,1,40,200,16,16,0.1,val,client_2,1,23,652,675,True,0.7899439850626834
Tox21,fedavg_proto,0.5,1,40,200,16,16,0.1,val,client_2,2,74,567,641,True,0.8235854902521569
Tox21,fedavg_proto,0.5,1,40,200,16,16,0.1,val,client_2,3,19,546,565,True,0.8186813186813187
Tox21,fedavg_proto,0.5,1,40,200,16,16,0.1,val,client_2,4,82,541,623,True,0.7012984085478564
Tox21,fedavg_proto,0.5,1,40,200,16,16,0.1,val,client_2,5,30,657,687,True,0.81714865550482
Tox21,fedavg_proto,0.5,1,40,200,16,16,0.1,val,client_2,6,21,612,633,True,0.6449579831932774
Tox21,fedavg_proto,0.5,1,40,200,16,16,0.1,val,client_2,7,96,492,588,True,0.7047764227642276
Tox21,fedavg_proto,0.5,1,40,200,16,16,0.1,val,client_2,8,30,677,707,True,0.7853274249138357
Tox21,fedavg_proto,0.5,1,40,200,16,16,0.1,val,client_2,9,45,603,648,True,0.6180210060807075
Tox21,fedavg_proto,0.5,1,40,200,16,16,0.1,val,client_2,10,92,495,587,True,0.8670399648660518
Tox21,fedavg_proto,0.5,1,40,200,16,16,0.1,val,client_2,11,42,636,678,True,0.785826594788859
Tox21,fedavg_proto,0.5,1,40,200,16,16,0.1,val,client_3,0,31,696,727,True,0.7765572858731925
Tox21,fedavg_proto,0.5,1,40,200,16,16,0.1,val,client_3,1,23,652,675,True,0.7853427580688183
Tox21,fedavg_proto,0.5,1,40,200,16,16,0.1,val,client_3,2,74,567,641,True,0.8030411363744697
Tox21,fedavg_proto,0.5,1,40,200,16,16,0.1,val,client_3,3,19,546,565,True,0.7756892230576441
Tox21,fedavg_proto,0.5,1,40,200,16,16,0.1,val,client_3,4,82,541,623,True,0.6971957982056716
Tox21,fedavg_proto,0.5,1,40,200,16,16,0.1,val,client_3,5,30,657,687,True,0.7978183663115169
Tox21,fedavg_proto,0.5,1,40,200,16,16,0.1,val,client_3,6,21,612,633,True,0.6366324307500777
Tox21,fedavg_proto,0.5,1,40,200,16,16,0.1,val,client_3,7,96,492,588,True,0.7052845528455285
Tox21,fedavg_proto,0.5,1,40,200,16,16,0.1,val,client_3,8,30,677,707,True,0.7763663220088626
Tox21,fedavg_proto,0.5,1,40,200,16,16,0.1,val,client_3,9,45,603,648,True,0.6124930901050304
Tox21,fedavg_proto,0.5,1,40,200,16,16,0.1,val,client_3,10,92,495,587,True,0.8796223100570927
Tox21,fedavg_proto,0.5,1,40,200,16,16,0.1,val,client_3,11,42,636,678,True,0.7749700509134471
Tox21,fedavg_proto,0.5,1,40,200,16,16,0.1,test,server,0,32,693,725,True,0.8326118326118327
Tox21,fedavg_proto,0.5,1,40,200,16,16,0.1,test,server,1,33,646,679,True,0.8966131907308378
Tox21,fedavg_proto,0.5,1,40,200,16,16,0.1,test,server,2,77,572,649,True,0.8300563073290347
Tox21,fedavg_proto,0.5,1,40,200,16,16,0.1,test,server,3,38,538,576,True,0.7566034044218353
Tox21,fedavg_proto,0.5,1,40,200,16,16,0.1,test,server,4,80,531,611,True,0.7085687382297552
Tox21,fedavg_proto,0.5,1,40,200,16,16,0.1,test,server,5,34,647,681,True,0.7882534775888717
Tox21,fedavg_proto,0.5,1,40,200,16,16,0.1,test,server,6,21,617,638,True,0.7419155668750482
Tox21,fedavg_proto,0.5,1,40,200,16,16,0.1,test,server,7,95,494,589,True,0.7562326869806094
Tox21,fedavg_proto,0.5,1,40,200,16,16,0.1,test,server,8,32,670,702,True,0.7963619402985074
Tox21,fedavg_proto,0.5,1,40,200,16,16,0.1,test,server,9,36,621,657,True,0.697173018429057
Tox21,fedavg_proto,0.5,1,40,200,16,16,0.1,test,server,10,93,485,578,True,0.8276466023722426
Tox21,fedavg_proto,0.5,1,40,200,16,16,0.1,test,server,11,48,624,672,True,0.7625868055555556
Tox21,fedavg_proto,0.5,1,40,200,16,16,0.1,test,client_0,0,32,693,725,True,0.8329725829725829
Tox21,fedavg_proto,0.5,1,40,200,16,16,0.1,test,client_0,1,33,646,679,True,0.8880288957688339
Tox21,fedavg_proto,0.5,1,40,200,16,16,0.1,test,client_0,2,77,572,649,True,0.8182499318862955
Tox21,fedavg_proto,0.5,1,40,200,16,16,0.1,test,client_0,3,38,538,576,True,0.742956368616709
Tox21,fedavg_proto,0.5,1,40,200,16,16,0.1,test,client_0,4,80,531,611,True,0.7076741996233522
Tox21,fedavg_proto,0.5,1,40,200,16,16,0.1,test,client_0,5,34,647,681,True,0.7815255932357487
Tox21,fedavg_proto,0.5,1,40,200,16,16,0.1,test,client_0,6,21,617,638,True,0.7255537547271744
Tox21,fedavg_proto,0.5,1,40,200,16,16,0.1,test,client_0,7,95,494,589,True,0.7470701044108246
Tox21,fedavg_proto,0.5,1,40,200,16,16,0.1,test,client_0,8,32,670,702,True,0.7652052238805971
Tox21,fedavg_proto,0.5,1,40,200,16,16,0.1,test,client_0,9,36,621,657,True,0.6791465378421899
Tox21,fedavg_proto,0.5,1,40,200,16,16,0.1,test,client_0,10,93,485,578,True,0.806518124376455
Tox21,fedavg_proto,0.5,1,40,200,16,16,0.1,test,client_0,11,48,624,672,True,0.7423544337606838
Tox21,fedavg_proto,0.5,1,40,200,16,16,0.1,test,client_1,0,32,693,725,True,0.8258477633477633
Tox21,fedavg_proto,0.5,1,40,200,16,16,0.1,test,client_1,1,33,646,679,True,0.8990524439440848
Tox21,fedavg_proto,0.5,1,40,200,16,16,0.1,test,client_1,2,77,572,649,True,0.8285578058305332
Tox21,fedavg_proto,0.5,1,40,200,16,16,0.1,test,client_1,3,38,538,576,True,0.7361573077675602
Tox21,fedavg_proto,0.5,1,40,200,16,16,0.1,test,client_1,4,80,531,611,True,0.7036723163841807
Tox21,fedavg_proto,0.5,1,40,200,16,16,0.1,test,client_1,5,34,647,681,True,0.7910719156286935
Tox21,fedavg_proto,0.5,1,40,200,16,16,0.1,test,client_1,6,21,617,638,True,0.7507138998224898
Tox21,fedavg_proto,0.5,1,40,200,16,16,0.1,test,client_1,7,95,494,589,True,0.7521627956531004
Tox21,fedavg_proto,0.5,1,40,200,16,16,0.1,test,client_1,8,32,670,702,True,0.8213152985074628
Tox21,fedavg_proto,0.5,1,40,200,16,16,0.1,test,client_1,9,36,621,657,True,0.7127393093576668
Tox21,fedavg_proto,0.5,1,40,200,16,16,0.1,test,client_1,10,93,485,578,True,0.8365591397849463
Tox21,fedavg_proto,0.5,1,40,200,16,16,0.1,test,client_1,11,48,624,672,True,0.7759748931623932
Tox21,fedavg_proto,0.5,1,40,200,16,16,0.1,test,client_2,0,32,693,725,True,0.8259830447330447
Tox21,fedavg_proto,0.5,1,40,200,16,16,0.1,test,client_2,1,33,646,679,True,0.8958157425649687
Tox21,fedavg_proto,0.5,1,40,200,16,16,0.1,test,client_2,2,77,572,649,True,0.8306239215330125
Tox21,fedavg_proto,0.5,1,40,200,16,16,0.1,test,client_2,3,38,538,576,True,0.7431520250440226
Tox21,fedavg_proto,0.5,1,40,200,16,16,0.1,test,client_2,4,80,531,611,True,0.709180790960452
Tox21,fedavg_proto,0.5,1,40,200,16,16,0.1,test,client_2,5,34,647,681,True,0.7813892172015638
Tox21,fedavg_proto,0.5,1,40,200,16,16,0.1,test,client_2,6,21,617,638,True,0.7468549818630855
Tox21,fedavg_proto,0.5,1,40,200,16,16,0.1,test,client_2,7,95,494,589,True,0.7594502450458129
Tox21,fedavg_proto,0.5,1,40,200,16,16,0.1,test,client_2,8,32,670,702,True,0.790018656716418
Tox21,fedavg_proto,0.5,1,40,200,16,16,0.1,test,client_2,9,36,621,657,True,0.6835748792270531
Tox21,fedavg_proto,0.5,1,40,200,16,16,0.1,test,client_2,10,93,485,578,True,0.8325906218822746
Tox21,fedavg_proto,0.5,1,40,200,16,16,0.1,test,client_2,11,48,624,672,True,0.752403846153846
Tox21,fedavg_proto,0.5,1,40,200,16,16,0.1,test,client_3,0,32,693,725,True,0.826794733044733
Tox21,fedavg_proto,0.5,1,40,200,16,16,0.1,test,client_3,1,33,646,679,True,0.8850736466835538
Tox21,fedavg_proto,0.5,1,40,200,16,16,0.1,test,client_3,2,77,572,649,True,0.8209971846335483
Tox21,fedavg_proto,0.5,1,40,200,16,16,0.1,test,client_3,3,38,538,576,True,0.7650166307963217
Tox21,fedavg_proto,0.5,1,40,200,16,16,0.1,test,client_3,4,80,531,611,True,0.7037429378531074
Tox21,fedavg_proto,0.5,1,40,200,16,16,0.1,test,client_3,5,34,647,681,True,0.7808891717428856
Tox21,fedavg_proto,0.5,1,40,200,16,16,0.1,test,client_3,6,21,617,638,True,0.7393686810218415
Tox21,fedavg_proto,0.5,1,40,200,16,16,0.1,test,client_3,7,95,494,589,True,0.74557852120179
Tox21,fedavg_proto,0.5,1,40,200,16,16,0.1,test,client_3,8,32,670,702,True,0.7952425373134329
Tox21,fedavg_proto,0.5,1,40,200,16,16,0.1,test,client_3,9,36,621,657,True,0.7056271247092503
Tox21,fedavg_proto,0.5,1,40,200,16,16,0.1,test,client_3,10,93,485,578,True,0.8278683072830063
Tox21,fedavg_proto,0.5,1,40,200,16,16,0.1,test,client_3,11,48,624,672,True,0.7721354166666667
Tox21,fedavg_proto,0.5,1,41,200,16,16,0.1,val,server,0,31,696,727,True,0.7972747497219133
Tox21,fedavg_proto,0.5,1,41,200,16,16,0.1,val,server,1,23,652,675,True,0.7900106695118698
Tox21,fedavg_proto,0.5,1,41,200,16,16,0.1,val,server,2,74,567,641,True,0.8149339816006482
Tox21,fedavg_proto,0.5,1,41,200,16,16,0.1,val,server,3,19,546,565,True,0.8075959128590707
Tox21,fedavg_proto,0.5,1,41,200,16,16,0.1,val,server,4,82,541,623,True,0.7000360669041071
Tox21,fedavg_proto,0.5,1,41,200,16,16,0.1,val,server,5,30,657,687,True,0.8083206494165398
Tox21,fedavg_proto,0.5,1,41,200,16,16,0.1,val,server,6,21,612,633,True,0.6455026455026455
Tox21,fedavg_proto,0.5,1,41,200,16,16,0.1,val,server,7,96,492,588,True,0.7089473238482384
Tox21,fedavg_proto,0.5,1,41,200,16,16,0.1,val,server,8,30,677,707,True,0.7878877400295421
Tox21,fedavg_proto,0.5,1,41,200,16,16,0.1,val,server,9,45,603,648,True,0.6212271973466004
Tox21,fedavg_proto,0.5,1,41,200,16,16,0.1,val,server,10,92,495,587,True,0.8799956082564778
Tox21,fedavg_proto,0.5,1,41,200,16,16,0.1,val,server,11,42,636,678,True,0.7900943396226415
Tox21,fedavg_proto,0.5,1,41,200,16,16,0.1,val,client_0,0,31,696,727,True,0.7911568409343716
Tox21,fedavg_proto,0.5,1,41,200,16,16,0.1,val,client_0,1,23,652,675,True,0.7937449986663111
Tox21,fedavg_proto,0.5,1,41,200,16,16,0.1,val,client_0,2,74,567,641,True,0.8065923065923065
Tox21,fedavg_proto,0.5,1,41,200,16,16,0.1,val,client_0,3,19,546,565,True,0.8032581453634086
Tox21,fedavg_proto,0.5,1,41,200,16,16,0.1,val,client_0,4,82,541,623,True,0.6963842928632613
Tox21,fedavg_proto,0.5,1,41,200,16,16,0.1,val,client_0,5,30,657,687,True,0.797513952308473
Tox21,fedavg_proto,0.5,1,41,200,16,16,0.1,val,client_0,6,21,612,633,True,0.6615312791783381
Tox21,fedavg_proto,0.5,1,41,200,16,16,0.1,val,client_0,7,96,492,588,True,0.708079268292683
Tox21,fedavg_proto,0.5,1,41,200,16,16,0.1,val,client_0,8,30,677,707,True,0.7899064500246183
Tox21,fedavg_proto,0.5,1,41,200,16,16,0.1,val,client_0,9,45,603,648,True,0.5991523862170628
Tox21,fedavg_proto,0.5,1,41,200,16,16,0.1,val,client_0,10,92,495,587,True,0.8704216073781291
Tox21,fedavg_proto,0.5,1,41,200,16,16,0.1,val,client_0,11,42,636,678,True,0.787810721772986
Tox21,fedavg_proto,0.5,1,41,200,16,16,0.1,val,client_1,0,31,696,727,True,0.8048294401186503
Tox21,fedavg_proto,0.5,1,41,200,16,16,0.1,val,client_1,1,23,652,675,True,0.7855428114163777
Tox21,fedavg_proto,0.5,1,41,200,16,16,0.1,val,client_1,2,74,567,641,True,0.8097144763811431
Tox21,fedavg_proto,0.5,1,41,200,16,16,0.1,val,client_1,3,19,546,565,True,0.8108733371891267
Tox21,fedavg_proto,0.5,1,41,200,16,16,0.1,val,client_1,4,82,541,623,True,0.689914791939047
Tox21,fedavg_proto,0.5,1,41,200,16,16,0.1,val,client_1,5,30,657,687,True,0.8027397260273972
Tox21,fedavg_proto,0.5,1,41,200,16,16,0.1,val,client_1,6,21,612,633,True,0.6179582944288826
Tox21,fedavg_proto,0.5,1,41,200,16,16,0.1,val,client_1,7,96,492,588,True,0.7029344512195123
Tox21,fedavg_proto,0.5,1,41,200,16,16,0.1,val,client_1,8,30,677,707,True,0.7799113737075332
Tox21,fedavg_proto,0.5,1,41,200,16,16,0.1,val,client_1,9,45,603,648,True,0.6510042380689147
Tox21,fedavg_proto,0.5,1,41,200,16,16,0.1,val,client_1,10,92,495,587,True,0.8715195432586735
Tox21,fedavg_proto,0.5,1,41,200,16,16,0.1,val,client_1,11,42,636,678,True,0.7891209943096736
Tox21,fedavg_proto,0.5,1,41,200,16,16,0.1,val,client_2,0,31,696,727,True,0.796162402669633
Tox21,fedavg_proto,0.5,1,41,200,16,16,0.1,val,client_2,1,23,652,675,True,0.7942117898106162
Tox21,fedavg_proto,0.5,1,41,200,16,16,0.1,val,client_2,2,74,567,641,True,0.8131464798131465
Tox21,fedavg_proto,0.5,1,41,200,16,16,0.1,val,client_2,3,19,546,565,True,0.8031617505301715
Tox21,fedavg_proto,0.5,1,41,200,16,16,0.1,val,client_2,4,82,541,623,True,0.7006897795410487
Tox21,fedavg_proto,0.5,1,41,200,16,16,0.1,val,client_2,5,30,657,687,True,0.804312531709792
Tox21,fedavg_proto,0.5,1,41,200,16,16,0.1,val,client_2,6,21,612,633,True,0.6497821350762527
Tox21,fedavg_proto,0.5,1,41,200,16,16,0.1,val,client_2,7,96,492,588,True,0.7058138550135502
Tox21,fedavg_proto,0.5,1,41,200,16,16,0.1,val,client_2,8,30,677,707,True,0.7863613983259478
Tox21,fedavg_proto,0.5,1,41,200,16,16,0.1,val,client_2,9,45,603,648,True,0.6124562373318592
Tox21,fedavg_proto,0.5,1,41,200,16,16,0.1,val,client_2,10,92,495,587,True,0.8711462450592886
Tox21,fedavg_proto,0.5,1,41,200,16,16,0.1,val,client_2,11,42,636,678,True,0.795747229709494
Tox21,fedavg_proto,0.5,1,41,200,16,16,0.1,val,client_3,0,31,696,727,True,0.7861976269929551
Tox21,fedavg_proto,0.5,1,41,200,16,16,0.1,val,client_3,1,23,652,675,True,0.783675646839157
Tox21,fedavg_proto,0.5,1,41,200,16,16,0.1,val,client_3,2,74,567,641,True,0.8120263120263121
Tox21,fedavg_proto,0.5,1,41,200,16,16,0.1,val,client_3,3,19,546,565,True,0.7936186620397147
Tox21,fedavg_proto,0.5,1,41,200,16,16,0.1,val,client_3,4,82,541,623,True,0.6981200126234164
Tox21,fedavg_proto,0.5,1,41,200,16,16,0.1,val,client_3,5,30,657,687,True,0.8070015220700152
Tox21,fedavg_proto,0.5,1,41,200,16,16,0.1,val,client_3,6,21,612,633,True,0.6312636165577342
Tox21,fedavg_proto,0.5,1,41,200,16,16,0.1,val,client_3,7,96,492,588,True,0.7057079945799458
Tox21,fedavg_proto,0.5,1,41,200,16,16,0.1,val,client_3,8,30,677,707,True,0.7767602166420483
Tox21,fedavg_proto,0.5,1,41,200,16,16,0.1,val,client_3,9,45,603,648,True,0.6182052699465634
Tox21,fedavg_proto,0.5,1,41,200,16,16,0.1,val,client_3,10,92,495,587,True,0.8846508563899869
Tox21,fedavg_proto,0.5,1,41,200,16,16,0.1,val,client_3,11,42,636,678,True,0.7780772686433064
Tox21,fedavg_proto,0.5,1,41,200,16,16,0.1,test,server,0,32,693,725,True,0.8328823953823954
Tox21,fedavg_proto,0.5,1,41,200,16,16,0.1,test,server,1,33,646,679,True,0.9004597054132658
Tox21,fedavg_proto,0.5,1,41,200,16,16,0.1,test,server,2,77,572,649,True,0.8338479702116065
Tox21,fedavg_proto,0.5,1,41,200,16,16,0.1,test,server,3,38,538,576,True,0.7633535511641558
Tox21,fedavg_proto,0.5,1,41,200,16,16,0.1,test,server,4,80,531,611,True,0.7029896421845574
Tox21,fedavg_proto,0.5,1,41,200,16,16,0.1,test,server,5,34,647,681,True,0.7869351759250841
Tox21,fedavg_proto,0.5,1,41,200,16,16,0.1,test,server,6,21,617,638,True,0.7625221887782666
Tox21,fedavg_proto,0.5,1,41,200,16,16,0.1,test,server,7,95,494,589,True,0.7648838695930107
Tox21,fedavg_proto,0.5,1,41,200,16,16,0.1,test,server,8,32,670,702,True,0.8202425373134328
Tox21,fedavg_proto,0.5,1,41,200,16,16,0.1,test,server,9,36,621,657,True,0.7233404902487028
Tox21,fedavg_proto,0.5,1,41,200,16,16,0.1,test,server,10,93,485,578,True,0.8357388316151202
Tox21,fedavg_proto,0.5,1,41,200,16,16,0.1,test,server,11,48,624,672,True,0.7855902777777778
Tox21,fedavg_proto,0.5,1,41,200,16,16,0.1,test,client_0,0,32,693,725,True,0.827245670995671
Tox21,fedavg_proto,0.5,1,41,200,16,16,0.1,test,client_0,1,33,646,679,True,0.8975982737592645
Tox21,fedavg_proto,0.5,1,41,200,16,16,0.1,test,client_0,2,77,572,649,True,0.8273544637181002
Tox21,fedavg_proto,0.5,1,41,200,16,16,0.1,test,client_0,3,38,538,576,True,0.7611035022500489
Tox21,fedavg_proto,0.5,1,41,200,16,16,0.1,test,client_0,4,80,531,611,True,0.7009180790960453
Tox21,fedavg_proto,0.5,1,41,200,16,16,0.1,test,client_0,5,34,647,681,True,0.7857532502954814
Tox21,fedavg_proto,0.5,1,41,200,16,16,0.1,test,client_0,6,21,617,638,True,0.7571968819942888
Tox21,fedavg_proto,0.5,1,41,200,16,16,0.1,test,client_0,7,95,494,589,True,0.7656509695290858
Tox21,fedavg_proto,0.5,1,41,200,16,16,0.1,test,client_0,8,32,670,702,True,0.8040111940298508
Tox21,fedavg_proto,0.5,1,41,200,16,16,0.1,test,client_0,9,36,621,657,True,0.7141259617105027
Tox21,fedavg_proto,0.5,1,41,200,16,16,0.1,test,client_0,10,93,485,578,True,0.8180024387540183
Tox21,fedavg_proto,0.5,1,41,200,16,16,0.1,test,client_0,11,48,624,672,True,0.7753071581196581
Tox21,fedavg_proto,0.5,1,41,200,16,16,0.1,test,client_1,0,32,693,725,True,0.8300414862914863
Tox21,fedavg_proto,0.5,1,41,200,16,16,0.1,test,client_1,1,33,646,679,True,0.8985833567876912
Tox21,fedavg_proto,0.5,1,41,200,16,16,0.1,test,client_1,2,77,572,649,True,0.8247888475161202
Tox21,fedavg_proto,0.5,1,41,200,16,16,0.1,test,client_1,3,38,538,576,True,0.7374290745450988
Tox21,fedavg_proto,0.5,1,41,200,16,16,0.1,test,client_1,4,80,531,611,True,0.692231638418079
Tox21,fedavg_proto,0.5,1,41,200,16,16,0.1,test,client_1,5,34,647,681,True,0.7784798618056186
Tox21,fedavg_proto,0.5,1,41,200,16,16,0.1,test,client_1,6,21,617,638,True,0.7720923053175889
Tox21,fedavg_proto,0.5,1,41,200,16,16,0.1,test,client_1,7,95,494,589,True,0.7561474536543789
Tox21,fedavg_proto,0.5,1,41,200,16,16,0.1,test,client_1,8,32,670,702,True,0.8477611940298508
Tox21,fedavg_proto,0.5,1,41,200,16,16,0.1,test,client_1,9,36,621,657,True,0.7475398103417427
Tox21,fedavg_proto,0.5,1,41,200,16,16,0.1,test,client_1,10,93,485,578,True,0.8354062742489747
Tox21,fedavg_proto,0.5,1,41,200,16,16,0.1,test,client_1,11,48,624,672,True,0.80211672008547
Tox21,fedavg_proto,0.5,1,41,200,16,16,0.1,test,client_2,0,32,693,725,True,0.8280573593073594
Tox21,fedavg_proto,0.5,1,41,200,16,16,0.1,test,client_2,1,33,646,679,True,0.8984426306407731
Tox21,fedavg_proto,0.5,1,41,200,16,16,0.1,test,client_2,2,77,572,649,True,0.8296476251021706
Tox21,fedavg_proto,0.5,1,41,200,16,16,0.1,test,client_2,3,38,538,576,True,0.7566034044218353
Tox21,fedavg_proto,0.5,1,41,200,16,16,0.1,test,client_2,4,80,531,611,True,0.7070386064030132
Tox21,fedavg_proto,0.5,1,41,200,16,16,0.1,test,client_2,5,34,647,681,True,0.7882080189108102
Tox21,fedavg_proto,0.5,1,41,200,16,16,0.1,test,client_2,6,21,617,638,True,0.7425329937485529
Tox21,fedavg_proto,0.5,1,41,200,16,16,0.1,test,client_2,7,95,494,589,True,0.7578095035158747
Tox21,fedavg_proto,0.5,1,41,200,16,16,0.1,test,client_2,8,32,670,702,True,0.7898320895522388
Tox21,fedavg_proto,0.5,1,41,200,16,16,0.1,test,client_2,9,36,621,657,True,0.6908659867597067
Tox21,fedavg_proto,0.5,1,41,200,16,16,0.1,test,client_2,10,93,485,578,True,0.8232790156301962
Tox21,fedavg_proto,0.5,1,41,200,16,16,0.1,test,client_2,11,48,624,672,True,0.7689302884615384
Tox21,fedavg_proto,0.5,1,41,200,16,16,0.1,test,client_3,0,32,693,725,True,0.8244047619047619
Tox21,fedavg_proto,0.5,1,41,200,16,16,0.1,test,client_3,1,33,646,679,True,0.8913594145792287
Tox21,fedavg_proto,0.5,1,41,200,16,16,0.1,test,client_3,2,77,572,649,True,0.8309644900553992
Tox21,fedavg_proto,0.5,1,41,200,16,16,0.1,test,client_3,3,38,538,576,True,0.7686851888084524
Tox21,fedavg_proto,0.5,1,41,200,16,16,0.1,test,client_3,4,80,531,611,True,0.7002589453860641
Tox21,fedavg_proto,0.5,1,41,200,16,16,0.1,test,client_3,5,34,647,681,True,0.7813437585235021
Tox21,fedavg_proto,0.5,1,41,200,16,16,0.1,test,client_3,6,21,617,638,True,0.752797715520568
Tox21,fedavg_proto,0.5,1,41,200,16,16,0.1,test,client_3,7,95,494,589,True,0.7552738120605158
Tox21,fedavg_proto,0.5,1,41,200,16,16,0.1,test,client_3,8,32,670,702,True,0.8043376865671642
Tox21,fedavg_proto,0.5,1,41,200,16,16,0.1,test,client_3,9,36,621,657,True,0.7207013777062086
Tox21,fedavg_proto,0.5,1,41,200,16,16,0.1,test,client_3,10,93,485,578,True,0.8402837822857777
Tox21,fedavg_proto,0.5,1,41,200,16,16,0.1,test,client_3,11,48,624,672,True,0.7761752136752137
Tox21,fedavg_proto,0.5,1,42,200,16,16,0.1,val,server,0,31,696,727,True,0.7960233592880979
Tox21,fedavg_proto,0.5,1,42,200,16,16,0.1,val,server,1,23,652,675,True,0.7898773006134969
Tox21,fedavg_proto,0.5,1,42,200,16,16,0.1,val,server,2,74,567,641,True,0.8187473187473188
Tox21,fedavg_proto,0.5,1,42,200,16,16,0.1,val,server,3,19,546,565,True,0.819741661846925
Tox21,fedavg_proto,0.5,1,42,200,16,16,0.1,val,server,4,82,541,623,True,0.7001487759794418
Tox21,fedavg_proto,0.5,1,42,200,16,16,0.1,val,server,5,30,657,687,True,0.8118214104515475
Tox21,fedavg_proto,0.5,1,42,200,16,16,0.1,val,server,6,21,612,633,True,0.644880174291939
Tox21,fedavg_proto,0.5,1,42,200,16,16,0.1,val,server,7,96,492,588,True,0.7084603658536586
Tox21,fedavg_proto,0.5,1,42,200,16,16,0.1,val,server,8,30,677,707,True,0.7884785819793205
Tox21,fedavg_proto,0.5,1,42,200,16,16,0.1,val,server,9,45,603,648,True,0.627049935507647
Tox21,fedavg_proto,0.5,1,42,200,16,16,0.1,val,server,10,92,495,587,True,0.8802151954325869
Tox21,fedavg_proto,0.5,1,42,200,16,16,0.1,val,server,11,42,636,678,True,0.7851527403414197
Tox21,fedavg_proto,0.5,1,42,200,16,16,0.1,val,client_0,0,31,696,727,True,0.7949110122358175
Tox21,fedavg_proto,0.5,1,42,200,16,16,0.1,val,client_0,1,23,652,675,True,0.7910109362496666
Tox21,fedavg_proto,0.5,1,42,200,16,16,0.1,val,client_0,2,74,567,641,True,0.8156728156728157
Tox21,fedavg_proto,0.5,1,42,200,16,16,0.1,val,client_0,3,19,546,565,True,0.8262001156737998
Tox21,fedavg_proto,0.5,1,42,200,16,16,0.1,val,client_0,4,82,541,623,True,0.6957531220413868
Tox21,fedavg_proto,0.5,1,42,200,16,16,0.1,val,client_0,5,30,657,687,True,0.8067985794013193
Tox21,fedavg_proto,0.5,1,42,200,16,16,0.1,val,client_0,6,21,612,633,True,0.656318082788671
Tox21,fedavg_proto,0.5,1,42,200,16,16,0.1,val,client_0,7,96,492,588,True,0.7068936314363145
Tox21,fedavg_proto,0.5,1,42,200,16,16,0.1,val,client_0,8,30,677,707,True,0.7870014771048746
Tox21,fedavg_proto,0.5,1,42,200,16,16,0.1,val,client_0,9,45,603,648,True,0.6119402985074627
Tox21,fedavg_proto,0.5,1,42,200,16,16,0.1,val,client_0,10,92,495,587,True,0.87044356609574
Tox21,fedavg_proto,0.5,1,42,200,16,16,0.1,val,client_0,11,42,636,678,True,0.77541928721174
Tox21,fedavg_proto,0.5,1,42,200,16,16,0.1,val,client_1,0,31,696,727,True,0.8048294401186504
Tox21,fedavg_proto,0.5,1,42,200,16,16,0.1,val,client_1,1,23,652,675,True,0.7894771939183782
Tox21,fedavg_proto,0.5,1,42,200,16,16,0.1,val,client_1,2,74,567,641,True,0.81340864674198
Tox21,fedavg_proto,0.5,1,42,200,16,16,0.1,val,client_1,3,19,546,565,True,0.8181993445151339
Tox21,fedavg_proto,0.5,1,42,200,16,16,0.1,val,client_1,4,82,541,623,True,0.6979396781028809
Tox21,fedavg_proto,0.5,1,42,200,16,16,0.1,val,client_1,5,30,657,687,True,0.8040588533739219
Tox21,fedavg_proto,0.5,1,42,200,16,16,0.1,val,client_1,6,21,612,633,True,0.6238717709305944
Tox21,fedavg_proto,0.5,1,42,200,16,16,0.1,val,client_1,7,96,492,588,True,0.7052633807588078
Tox21,fedavg_proto,0.5,1,42,200,16,16,0.1,val,client_1,8,30,677,707,True,0.7780403741999016
Tox21,fedavg_proto,0.5,1,42,200,16,16,0.1,val,client_1,9,45,603,648,True,0.6558319513543394
Tox21,fedavg_proto,0.5,1,42,200,16,16,0.1,val,client_1,10,92,495,587,True,0.8720245937637241
Tox21,fedavg_proto,0.5,1,42,200,16,16,0.1,val,client_1,11,42,636,678,True,0.7849655585504642
Tox21,fedavg_proto,0.5,1,42,200,16,16,0.1,val,client_2,0,31,696,727,True,0.7940767519466072
Tox21,fedavg_proto,0.5,1,42,200,16,16,0.1,val,client_2,1,23,652,675,True,0.7908775673512938
Tox21,fedavg_proto,0.5,1,42,200,16,16,0.1,val,client_2,2,74,567,641,True,0.815196148529482
Tox21,fedavg_proto,0.5,1,42,200,16,16,0.1,val,client_2,3,19,546,565,True,0.8082706766917294
Tox21,fedavg_proto,0.5,1,42,200,16,16,0.1,val,client_2,4,82,541,623,True,0.69920201974663
Tox21,fedavg_proto,0.5,1,42,200,16,16,0.1,val,client_2,5,30,657,687,True,0.810705225773719
Tox21,fedavg_proto,0.5,1,42,200,16,16,0.1,val,client_2,6,21,612,633,True,0.6497821350762527
Tox21,fedavg_proto,0.5,1,42,200,16,16,0.1,val,client_2,7,96,492,588,True,0.7067454268292682
Tox21,fedavg_proto,0.5,1,42,200,16,16,0.1,val,client_2,8,30,677,707,True,0.7889709502708026
Tox21,fedavg_proto,0.5,1,42,200,16,16,0.1,val,client_2,9,45,603,648,True,0.6173576561636263
Tox21,fedavg_proto,0.5,1,42,200,16,16,0.1,val,client_2,10,92,495,587,True,0.8738252086078173
Tox21,fedavg_proto,0.5,1,42,200,16,16,0.1,val,client_2,11,42,636,678,True,0.7895702306079666
Tox21,fedavg_proto,0.5,1,42,200,16,16,0.1,val,client_3,0,31,696,727,True,0.7844827586206896
Tox21,fedavg_proto,0.5,1,42,200,16,16,0.1,val,client_3,1,23,652,675,True,0.7844091757802081
Tox21,fedavg_proto,0.5,1,42,200,16,16,0.1,val,client_3,2,74,567,641,True,0.8104294770961435
Tox21,fedavg_proto,0.5,1,42,200,16,16,0.1,val,client_3,3,19,546,565,True,0.7994987468671679
Tox21,fedavg_proto,0.5,1,42,200,16,16,0.1,val,client_3,4,82,541,623,True,0.6957080384112528
Tox21,fedavg_proto,0.5,1,42,200,16,16,0.1,val,client_3,5,30,657,687,True,0.8046169457128362
Tox21,fedavg_proto,0.5,1,42,200,16,16,0.1,val,client_3,6,21,612,633,True,0.6279956427015251
Tox21,fedavg_proto,0.5,1,42,200,16,16,0.1,val,client_3,7,96,492,588,True,0.7059832317073171
Tox21,fedavg_proto,0.5,1,42,200,16,16,0.1,val,client_3,8,30,677,707,True,0.7751846381093057
Tox21,fedavg_proto,0.5,1,42,200,16,16,0.1,val,client_3,9,45,603,648,True,0.6228118665929611
Tox21,fedavg_proto,0.5,1,42,200,16,16,0.1,val,client_3,10,92,495,587,True,0.8851339481774263
Tox21,fedavg_proto,0.5,1,42,200,16,16,0.1,val,client_3,11,42,636,678,True,0.7772536687631029
Tox21,fedavg_proto,0.5,1,42,200,16,16,0.1,test,server,0,32,693,725,True,0.827696608946609
Tox21,fedavg_proto,0.5,1,42,200,16,16,0.1,test,server,1,33,646,679,True,0.9003658879819871
Tox21,fedavg_proto,0.5,1,42,200,16,16,0.1,test,server,2,77,572,649,True,0.8348469712106076
Tox21,fedavg_proto,0.5,1,42,200,16,16,0.1,test,server,3,38,538,576,True,0.7607121893954216
Tox21,fedavg_proto,0.5,1,42,200,16,16,0.1,test,server,4,80,531,611,True,0.7034839924670433
Tox21,fedavg_proto,0.5,1,42,200,16,16,0.1,test,server,5,34,647,681,True,0.7859805436857896
Tox21,fedavg_proto,0.5,1,42,200,16,16,0.1,test,server,6,21,617,638,True,0.7661495716601064
Tox21,fedavg_proto,0.5,1,42,200,16,16,0.1,test,server,7,95,494,589,True,0.7632005113999574
Tox21,fedavg_proto,0.5,1,42,200,16,16,0.1,test,server,8,32,670,702,True,0.819589552238806
Tox21,fedavg_proto,0.5,1,42,200,16,16,0.1,test,server,9,36,621,657,True,0.7239667203435319
Tox21,fedavg_proto,0.5,1,42,200,16,16,0.1,test,server,10,93,485,578,True,0.8410819199645272
Tox21,fedavg_proto,0.5,1,42,200,16,16,0.1,test,server,11,48,624,672,True,0.7784455128205128
Tox21,fedavg_proto,0.5,1,42,200,16,16,0.1,test,client_0,0,32,693,725,True,0.8166486291486292
Tox21,fedavg_proto,0.5,1,42,200,16,16,0.1,test,client_0,1,33,646,679,True,0.8932826719204429
Tox21,fedavg_proto,0.5,1,42,200,16,16,0.1,test,client_0,2,77,572,649,True,0.833121424030515
Tox21,fedavg_proto,0.5,1,42,200,16,16,0.1,test,client_0,3,38,538,576,True,0.7454999021717863
Tox21,fedavg_proto,0.5,1,42,200,16,16,0.1,test,client_0,4,80,531,611,True,0.7034839924670432
Tox21,fedavg_proto,0.5,1,42,200,16,16,0.1,test,client_0,5,34,647,681,True,0.7720247295208655
Tox21,fedavg_proto,0.5,1,42,200,16,16,0.1,test,client_0,6,21,617,638,True,0.7649147179130972
Tox21,fedavg_proto,0.5,1,42,200,16,16,0.1,test,client_0,7,95,494,589,True,0.7589601534199871
Tox21,fedavg_proto,0.5,1,42,200,16,16,0.1,test,client_0,8,32,670,702,True,0.7987873134328359
Tox21,fedavg_proto,0.5,1,42,200,16,16,0.1,test,client_0,9,36,621,657,True,0.710950080515298
Tox21,fedavg_proto,0.5,1,42,200,16,16,0.1,test,client_0,10,93,485,578,True,0.8317924842035251
Tox21,fedavg_proto,0.5,1,42,200,16,16,0.1,test,client_0,11,48,624,672,True,0.7600160256410257
Tox21,fedavg_proto,0.5,1,42,200,16,16,0.1,test,client_1,0,32,693,725,True,0.8291847041847042
Tox21,fedavg_proto,0.5,1,42,200,16,16,0.1,test,client_1,1,33,646,679,True,0.9029458673421522
Tox21,fedavg_proto,0.5,1,42,200,16,16,0.1,test,client_1,2,77,572,649,True,0.8276496231041686
Tox21,fedavg_proto,0.5,1,42,200,16,16,0.1,test,client_1,3,38,538,576,True,0.7455488162786147
Tox21,fedavg_proto,0.5,1,42,200,16,16,0.1,test,client_1,4,80,531,611,True,0.6936911487758946
Tox21,fedavg_proto,0.5,1,42,200,16,16,0.1,test,client_1,5,34,647,681,True,0.78848077097918
Tox21,fedavg_proto,0.5,1,42,200,16,16,0.1,test,client_1,6,21,617,638,True,0.77487072624836
Tox21,fedavg_proto,0.5,1,42,200,16,16,0.1,test,client_1,7,95,494,589,True,0.7613893032175582
Tox21,fedavg_proto,0.5,1,42,200,16,16,0.1,test,client_1,8,32,670,702,True,0.8499533582089552
Tox21,fedavg_proto,0.5,1,42,200,16,16,0.1,test,client_1,9,36,621,657,True,0.7473608874575058
Tox21,fedavg_proto,0.5,1,42,200,16,16,0.1,test,client_1,10,93,485,578,True,0.8370912315707794
Tox21,fedavg_proto,0.5,1,42,200,16,16,0.1,test,client_1,11,48,624,672,True,0.8021167200854701
Tox21,fedavg_proto,0.5,1,42,200,16,16,0.1,test,client_2,0,32,693,725,True,0.8240891053391053
Tox21,fedavg_proto,0.5,1,42,200,16,16,0.1,test,client_2,1,33,646,679,True,0.8958157425649685
Tox21,fedavg_proto,0.5,1,42,200,16,16,0.1,test,client_2,2,77,572,649,True,0.8300563073290346
Tox21,fedavg_proto,0.5,1,42,200,16,16,0.1,test,client_2,3,38,538,576,True,0.7544511837213853
Tox21,fedavg_proto,0.5,1,42,200,16,16,0.1,test,client_2,4,80,531,611,True,0.7044962335216574
Tox21,fedavg_proto,0.5,1,42,200,16,16,0.1,test,client_2,5,34,647,681,True,0.7859805436857896
Tox21,fedavg_proto,0.5,1,42,200,16,16,0.1,test,client_2,6,21,617,638,True,0.7519487535694991
Tox21,fedavg_proto,0.5,1,42,200,16,16,0.1,test,client_2,7,95,494,589,True,0.7572767952269337
Tox21,fedavg_proto,0.5,1,42,200,16,16,0.1,test,client_2,8,32,670,702,True,0.7989738805970149
Tox21,fedavg_proto,0.5,1,42,200,16,16,0.1,test,client_2,9,36,621,657,True,0.6916264090177133
Tox21,fedavg_proto,0.5,1,42,200,16,16,0.1,test,client_2,10,93,485,578,True,0.8321915530428999
Tox21,fedavg_proto,0.5,1,42,200,16,16,0.1,test,client_2,11,48,624,672,True,0.7606503739316239
Tox21,fedavg_proto,0.5,1,42,200,16,16,0.1,test,client_3,0,32,693,725,True,0.8243145743145743
Tox21,fedavg_proto,0.5,1,42,200,16,16,0.1,test,client_3,1,33,646,679,True,0.8921099540294587
Tox21,fedavg_proto,0.5,1,42,200,16,16,0.1,test,client_3,2,77,572,649,True,0.8288983743529197
Tox21,fedavg_proto,0.5,1,42,200,16,16,0.1,test,client_3,3,38,538,576,True,0.7682449618469968
Tox21,fedavg_proto,0.5,1,42,200,16,16,0.1,test,client_3,4,80,531,611,True,0.697434086629002
Tox21,fedavg_proto,0.5,1,42,200,16,16,0.1,test,client_3,5,34,647,681,True,0.784162196563324
Tox21,fedavg_proto,0.5,1,42,200,16,16,0.1,test,client_3,6,21,617,638,True,0.7552674230145867
Tox21,fedavg_proto,0.5,1,42,200,16,16,0.1,test,client_3,7,95,494,589,True,0.7566588536117622
Tox21,fedavg_proto,0.5,1,42,200,16,16,0.1,test,client_3,8,32,670,702,True,0.8117537313432835
Tox21,fedavg_proto,0.5,1,42,200,16,16,0.1,test,client_3,9,36,621,657,True,0.7322866344605475
Tox21,fedavg_proto,0.5,1,42,200,16,16,0.1,test,client_3,10,93,485,578,True,0.8439862542955325
Tox21,fedavg_proto,0.5,1,42,200,16,16,0.1,test,client_3,11,48,624,672,True,0.7772769764957265
Tox21,fedavg_proto,0.5,1,43,200,16,16,0.1,val,server,0,31,696,727,True,0.7897200593251762
Tox21,fedavg_proto,0.5,1,43,200,16,16,0.1,val,server,1,23,652,675,True,0.7913443584955988
Tox21,fedavg_proto,0.5,1,43,200,16,16,0.1,val,server,2,74,567,641,True,0.8127889794556462
Tox21,fedavg_proto,0.5,1,43,200,16,16,0.1,val,server,3,19,546,565,True,0.822826296510507
Tox21,fedavg_proto,0.5,1,43,200,16,16,0.1,val,server,4,82,541,623,True,0.6999458996438392
Tox21,fedavg_proto,0.5,1,43,200,16,16,0.1,val,server,5,30,657,687,True,0.8097412480974125
Tox21,fedavg_proto,0.5,1,43,200,16,16,0.1,val,server,6,21,612,633,True,0.6420790538437597
Tox21,fedavg_proto,0.5,1,43,200,16,16,0.1,val,server,7,96,492,588,True,0.706957147696477
Tox21,fedavg_proto,0.5,1,43,200,16,16,0.1,val,server,8,30,677,707,True,0.7847365829640571
Tox21,fedavg_proto,0.5,1,43,200,16,16,0.1,val,server,9,45,603,648,True,0.6208586696148886
Tox21,fedavg_proto,0.5,1,43,200,16,16,0.1,val,server,10,92,495,587,True,0.882411067193676
Tox21,fedavg_proto,0.5,1,43,200,16,16,0.1,val,server,11,42,636,678,True,0.7829065588499552
Tox21,fedavg_proto,0.5,1,43,200,16,16,0.1,val,client_0,0,31,696,727,True,0.7791527623285132
Tox21,fedavg_proto,0.5,1,43,200,16,16,0.1,val,client_0,1,23,652,675,True,0.7938116831154977
Tox21,fedavg_proto,0.5,1,43,200,16,16,0.1,val,client_0,2,74,567,641,True,0.8032794699461366
Tox21,fedavg_proto,0.5,1,43,200,16,16,0.1,val,client_0,3,19,546,565,True,0.8195488721804511
Tox21,fedavg_proto,0.5,1,43,200,16,16,0.1,val,client_0,4,82,541,623,True,0.6936116496100266
Tox21,fedavg_proto,0.5,1,43,200,16,16,0.1,val,client_0,5,30,657,687,True,0.7899543378995435
Tox21,fedavg_proto,0.5,1,43,200,16,16,0.1,val,client_0,6,21,612,633,True,0.6572517896047307
Tox21,fedavg_proto,0.5,1,43,200,16,16,0.1,val,client_0,7,96,492,588,True,0.7049881436314364
Tox21,fedavg_proto,0.5,1,43,200,16,16,0.1,val,client_0,8,30,677,707,True,0.782274741506647
Tox21,fedavg_proto,0.5,1,43,200,16,16,0.1,val,client_0,9,45,603,648,True,0.6023585774829555
Tox21,fedavg_proto,0.5,1,43,200,16,16,0.1,val,client_0,10,92,495,587,True,0.8715854194115065
Tox21,fedavg_proto,0.5,1,43,200,16,16,0.1,val,client_0,11,42,636,678,True,0.7751946690625936
Tox21,fedavg_proto,0.5,1,43,200,16,16,0.1,val,client_1,0,31,696,727,True,0.796579532814238
Tox21,fedavg_proto,0.5,1,43,200,16,16,0.1,val,client_1,1,23,652,675,True,0.7883435582822086
Tox21,fedavg_proto,0.5,1,43,200,16,16,0.1,val,client_1,2,74,567,641,True,0.8154583154583155
Tox21,fedavg_proto,0.5,1,43,200,16,16,0.1,val,client_1,3,19,546,565,True,0.8324657798342009
Tox21,fedavg_proto,0.5,1,43,200,16,16,0.1,val,client_1,4,82,541,623,True,0.6940174022812317
Tox21,fedavg_proto,0.5,1,43,200,16,16,0.1,val,client_1,5,30,657,687,True,0.8065449010654491
Tox21,fedavg_proto,0.5,1,43,200,16,16,0.1,val,client_1,6,21,612,633,True,0.6194366635543106
Tox21,fedavg_proto,0.5,1,43,200,16,16,0.1,val,client_1,7,96,492,588,True,0.7050728319783197
Tox21,fedavg_proto,0.5,1,43,200,16,16,0.1,val,client_1,8,30,677,707,True,0.7778434268833087
Tox21,fedavg_proto,0.5,1,43,200,16,16,0.1,val,client_1,9,45,603,648,True,0.6461396720103187
Tox21,fedavg_proto,0.5,1,43,200,16,16,0.1,val,client_1,10,92,495,587,True,0.875691699604743
Tox21,fedavg_proto,0.5,1,43,200,16,16,0.1,val,client_1,11,42,636,678,True,0.7808475591494459
Tox21,fedavg_proto,0.5,1,43,200,16,16,0.1,val,client_2,0,31,696,727,True,0.7944011865035225
Tox21,fedavg_proto,0.5,1,43,200,16,16,0.1,val,client_2,1,23,652,675,True,0.7954787943451588
Tox21,fedavg_proto,0.5,1,43,200,16,16,0.1,val,client_2,2,74,567,641,True,0.812574479241146
Tox21,fedavg_proto,0.5,1,43,200,16,16,0.1,val,client_2,3,19,546,565,True,0.8220551378446115
Tox21,fedavg_proto,0.5,1,43,200,16,16,0.1,val,client_2,4,82,541,623,True,0.6971281727604708
Tox21,fedavg_proto,0.5,1,43,200,16,16,0.1,val,client_2,5,30,657,687,True,0.8106544901065449
Tox21,fedavg_proto,0.5,1,43,200,16,16,0.1,val,client_2,6,21,612,633,True,0.6543728602552131
Tox21,fedavg_proto,0.5,1,43,200,16,16,0.1,val,client_2,7,96,492,588,True,0.7049034552845528
Tox21,fedavg_proto,0.5,1,43,200,16,16,0.1,val,client_2,8,30,677,707,True,0.7894140817331363
Tox21,fedavg_proto,0.5,1,43,200,16,16,0.1,val,client_2,9,45,603,648,True,0.6202690252441496
Tox21,fedavg_proto,0.5,1,43,200,16,16,0.1,val,client_2,10,92,495,587,True,0.8751427316644707
Tox21,fedavg_proto,0.5,1,43,200,16,16,0.1,val,client_2,11,42,636,678,True,0.7962339023659778
Tox21,fedavg_proto,0.5,1,43,200,16,16,0.1,val,client_3,0,31,696,727,True,0.7725713756025213
Tox21,fedavg_proto,0.5,1,43,200,16,16,0.1,val,client_3,1,23,652,675,True,0.7800746865830889
Tox21,fedavg_proto,0.5,1,43,200,16,16,0.1,val,client_3,2,74,567,641,True,0.8022784689451357
Tox21,fedavg_proto,0.5,1,43,200,16,16,0.1,val,client_3,3,19,546,565,True,0.7919799498746868
Tox21,fedavg_proto,0.5,1,43,200,16,16,0.1,val,client_3,4,82,541,623,True,0.6994950633425004
Tox21,fedavg_proto,0.5,1,43,200,16,16,0.1,val,client_3,5,30,657,687,True,0.7984779299847793
Tox21,fedavg_proto,0.5,1,43,200,16,16,0.1,val,client_3,6,21,612,633,True,0.6249610955493309
Tox21,fedavg_proto,0.5,1,43,200,16,16,0.1,val,client_3,7,96,492,588,True,0.6990387872628728
Tox21,fedavg_proto,0.5,1,43,200,16,16,0.1,val,client_3,8,30,677,707,True,0.7667651403249631
Tox21,fedavg_proto,0.5,1,43,200,16,16,0.1,val,client_3,9,45,603,648,True,0.606301824212272
Tox21,fedavg_proto,0.5,1,43,200,16,16,0.1,val,client_3,10,92,495,587,True,0.885441370223979
Tox21,fedavg_proto,0.5,1,43,200,16,16,0.1,val,client_3,11,42,636,678,True,0.7701407607067984
Tox21,fedavg_proto,0.5,1,43,200,16,16,0.1,test,server,0,32,693,725,True,0.8297258297258296
Tox21,fedavg_proto,0.5,1,43,200,16,16,0.1,test,server,1,33,646,679,True,0.9013509710104137
Tox21,fedavg_proto,0.5,1,43,200,16,16,0.1,test,server,2,77,572,649,True,0.8314866951230587
Tox21,fedavg_proto,0.5,1,43,200,16,16,0.1,test,server,3,38,538,576,True,0.7721580903932695
Tox21,fedavg_proto,0.5,1,43,200,16,16,0.1,test,server,4,80,531,611,True,0.7069679849340865
Tox21,fedavg_proto,0.5,1,43,200,16,16,0.1,test,server,5,34,647,681,True,0.7909809982725702
Tox21,fedavg_proto,0.5,1,43,200,16,16,0.1,test,server,6,21,617,638,True,0.7621362969823261
Tox21,fedavg_proto,0.5,1,43,200,16,16,0.1,test,server,7,95,494,589,True,0.7632431280630727
Tox21,fedavg_proto,0.5,1,43,200,16,16,0.1,test,server,8,32,670,702,True,0.8146455223880597
Tox21,fedavg_proto,0.5,1,43,200,16,16,0.1,test,server,9,36,621,657,True,0.7236536052961173
Tox21,fedavg_proto,0.5,1,43,200,16,16,0.1,test,server,10,93,485,578,True,0.8416140117503602
Tox21,fedavg_proto,0.5,1,43,200,16,16,0.1,test,server,11,48,624,672,True,0.7819177350427351
Tox21,fedavg_proto,0.5,1,43,200,16,16,0.1,test,client_0,0,32,693,725,True,0.829861111111111
Tox21,fedavg_proto,0.5,1,43,200,16,16,0.1,test,client_0,1,33,646,679,True,0.8975982737592645
Tox21,fedavg_proto,0.5,1,43,200,16,16,0.1,test,client_0,2,77,572,649,True,0.8220642993370266
Tox21,fedavg_proto,0.5,1,43,200,16,16,0.1,test,client_0,3,38,538,576,True,0.7640383486597533
Tox21,fedavg_proto,0.5,1,43,200,16,16,0.1,test,client_0,4,80,531,611,True,0.708027306967985
Tox21,fedavg_proto,0.5,1,43,200,16,16,0.1,test,client_0,5,34,647,681,True,0.7883898536230567
Tox21,fedavg_proto,0.5,1,43,200,16,16,0.1,test,client_0,6,21,617,638,True,0.7527205371613799
Tox21,fedavg_proto,0.5,1,43,200,16,16,0.1,test,client_0,7,95,494,589,True,0.7559343703388025
Tox21,fedavg_proto,0.5,1,43,200,16,16,0.1,test,client_0,8,32,670,702,True,0.792910447761194
Tox21,fedavg_proto,0.5,1,43,200,16,16,0.1,test,client_0,9,36,621,657,True,0.7090266595097513
Tox21,fedavg_proto,0.5,1,43,200,16,16,0.1,test,client_0,10,93,485,578,True,0.8210176255404058
Tox21,fedavg_proto,0.5,1,43,200,16,16,0.1,test,client_0,11,48,624,672,True,0.7715678418803419
Tox21,fedavg_proto,0.5,1,43,200,16,16,0.1,test,client_1,0,32,693,725,True,0.8269751082251081
Tox21,fedavg_proto,0.5,1,43,200,16,16,0.1,test,client_1,1,33,646,679,True,0.9020546017450043
Tox21,fedavg_proto,0.5,1,43,200,16,16,0.1,test,client_1,2,77,572,649,True,0.8290573063300335
Tox21,fedavg_proto,0.5,1,43,200,16,16,0.1,test,client_1,3,38,538,576,True,0.7503423987477988
Tox21,fedavg_proto,0.5,1,43,200,16,16,0.1,test,client_1,4,80,531,611,True,0.6923493408662901
Tox21,fedavg_proto,0.5,1,43,200,16,16,0.1,test,client_1,5,34,647,681,True,0.7839803618510774
Tox21,fedavg_proto,0.5,1,43,200,16,16,0.1,test,client_1,6,21,617,638,True,0.7709346299297677
Tox21,fedavg_proto,0.5,1,43,200,16,16,0.1,test,client_1,7,95,494,589,True,0.7578521201789901
Tox21,fedavg_proto,0.5,1,43,200,16,16,0.1,test,client_1,8,32,670,702,True,0.8451026119402985
Tox21,fedavg_proto,0.5,1,43,200,16,16,0.1,test,client_1,9,36,621,657,True,0.7440060833780641
Tox21,fedavg_proto,0.5,1,43,200,16,16,0.1,test,client_1,10,93,485,578,True,0.8486642279126483
Tox21,fedavg_proto,0.5,1,43,200,16,16,0.1,test,client_1,11,48,624,672,True,0.8012152777777778
Tox21,fedavg_proto,0.5,1,43,200,16,16,0.1,test,client_2,0,32,693,725,True,0.8223304473304474
Tox21,fedavg_proto,0.5,1,43,200,16,16,0.1,test,client_2,1,33,646,679,True,0.9001313444037903
Tox21,fedavg_proto,0.5,1,43,200,16,16,0.1,test,client_2,2,77,572,649,True,0.8254699845608938
Tox21,fedavg_proto,0.5,1,43,200,16,16,0.1,test,client_2,3,38,538,576,True,0.7630111524163568
Tox21,fedavg_proto,0.5,1,43,200,16,16,0.1,test,client_2,4,80,531,611,True,0.7040960451977402
Tox21,fedavg_proto,0.5,1,43,200,16,16,0.1,test,client_2,5,34,647,681,True,0.7886171470133648
Tox21,fedavg_proto,0.5,1,43,200,16,16,0.1,test,client_2,6,21,617,638,True,0.7626765454966428
Tox21,fedavg_proto,0.5,1,43,200,16,16,0.1,test,client_2,7,95,494,589,True,0.7607926699339441
Tox21,fedavg_proto,0.5,1,43,200,16,16,0.1,test,client_2,8,32,670,702,True,0.8111940298507463
Tox21,fedavg_proto,0.5,1,43,200,16,16,0.1,test,client_2,9,36,621,657,True,0.7016460905349794
Tox21,fedavg_proto,0.5,1,43,200,16,16,0.1,test,client_2,10,93,485,578,True,0.8349850349185235
Tox21,fedavg_proto,0.5,1,43,200,16,16,0.1,test,client_2,11,48,624,672,True,0.7669270833333334
Tox21,fedavg_proto,0.5,1,43,200,16,16,0.1,test,client_3,0,32,693,725,True,0.8296807359307359
Tox21,fedavg_proto,0.5,1,43,200,16,16,0.1,test,client_3,1,33,646,679,True,0.8791631485129936
Tox21,fedavg_proto,0.5,1,43,200,16,16,0.1,test,client_3,2,77,572,649,True,0.8254018708564163
Tox21,fedavg_proto,0.5,1,43,200,16,16,0.1,test,client_3,3,38,538,576,True,0.7733320289571513
Tox21,fedavg_proto,0.5,1,43,200,16,16,0.1,test,client_3,4,80,531,611,True,0.70280131826742
Tox21,fedavg_proto,0.5,1,43,200,16,16,0.1,test,client_3,5,34,647,681,True,0.7796617874352214
Tox21,fedavg_proto,0.5,1,43,200,16,16,0.1,test,client_3,6,21,617,638,True,0.7385968974299606
Tox21,fedavg_proto,0.5,1,43,200,16,16,0.1,test,client_3,7,95,494,589,True,0.7465800127849989
Tox21,fedavg_proto,0.5,1,43,200,16,16,0.1,test,client_3,8,32,670,702,True,0.7898787313432837
Tox21,fedavg_proto,0.5,1,43,200,16,16,0.1,test,client_3,9,36,621,657,True,0.7198067632850242
Tox21,fedavg_proto,0.5,1,43,200,16,16,0.1,test,client_3,10,93,485,578,True,0.8377563463030706
Tox21,fedavg_proto,0.5,1,43,200,16,16,0.1,test,client_3,11,48,624,672,True,0.7689302884615384
Tox21,fedavg_proto,0.5,1,44,200,16,16,0.1,val,server,0,31,696,727,True,0.7936132740081572
Tox21,fedavg_proto,0.5,1,44,200,16,16,0.1,val,server,1,23,652,675,True,0.7937449986663111
Tox21,fedavg_proto,0.5,1,44,200,16,16,0.1,val,server,2,74,567,641,True,0.8144811478144811
Tox21,fedavg_proto,0.5,1,44,200,16,16,0.1,val,server,3,19,546,565,True,0.8159822633506844
Tox21,fedavg_proto,0.5,1,44,200,16,16,0.1,val,server,4,82,541,623,True,0.7042513863216266
Tox21,fedavg_proto,0.5,1,44,200,16,16,0.1,val,server,5,30,657,687,True,0.8126331811263318
Tox21,fedavg_proto,0.5,1,44,200,16,16,0.1,val,server,6,21,612,633,True,0.6452692187986305
Tox21,fedavg_proto,0.5,1,44,200,16,16,0.1,val,server,7,96,492,588,True,0.7065972222222223
Tox21,fedavg_proto,0.5,1,44,200,16,16,0.1,val,server,8,30,677,707,True,0.7877892663712457
Tox21,fedavg_proto,0.5,1,44,200,16,16,0.1,val,server,9,45,603,648,True,0.6208955223880597
Tox21,fedavg_proto,0.5,1,44,200,16,16,0.1,val,server,10,92,495,587,True,0.8828941589811155
Tox21,fedavg_proto,0.5,1,44,200,16,16,0.1,val,server,11,42,636,678,True,0.7842917041030248
Tox21,fedavg_proto,0.5,1,44,200,16,16,0.1,val,client_0,0,31,696,727,True,0.7791991101223581
Tox21,fedavg_proto,0.5,1,44,200,16,16,0.1,val,client_0,1,23,652,675,True,0.787076553747666
Tox21,fedavg_proto,0.5,1,44,200,16,16,0.1,val,client_0,2,74,567,641,True,0.8044949711616378
Tox21,fedavg_proto,0.5,1,44,200,16,16,0.1,val,client_0,3,19,546,565,True,0.8140543666859457
Tox21,fedavg_proto,0.5,1,44,200,16,16,0.1,val,client_0,4,82,541,623,True,0.7025382083765386
Tox21,fedavg_proto,0.5,1,44,200,16,16,0.1,val,client_0,5,30,657,687,True,0.7994419076610858
Tox21,fedavg_proto,0.5,1,44,200,16,16,0.1,val,client_0,6,21,612,633,True,0.6554621848739496
Tox21,fedavg_proto,0.5,1,44,200,16,16,0.1,val,client_0,7,96,492,588,True,0.698805894308943
Tox21,fedavg_proto,0.5,1,44,200,16,16,0.1,val,client_0,8,30,677,707,True,0.7822255046774987
Tox21,fedavg_proto,0.5,1,44,200,16,16,0.1,val,client_0,9,45,603,648,True,0.5952459922609177
Tox21,fedavg_proto,0.5,1,44,200,16,16,0.1,val,client_0,10,92,495,587,True,0.8745498462889767
Tox21,fedavg_proto,0.5,1,44,200,16,16,0.1,val,client_0,11,42,636,678,True,0.7732854147948488
Tox21,fedavg_proto,0.5,1,44,200,16,16,0.1,val,client_1,0,31,696,727,True,0.8031145717463849
Tox21,fedavg_proto,0.5,1,44,200,16,16,0.1,val,client_1,1,23,652,675,True,0.7876100293411576
Tox21,fedavg_proto,0.5,1,44,200,16,16,0.1,val,client_1,2,74,567,641,True,0.8173411506744841
Tox21,fedavg_proto,0.5,1,44,200,16,16,0.1,val,client_1,3,19,546,565,True,0.8269712743396953
Tox21,fedavg_proto,0.5,1,44,200,16,16,0.1,val,client_1,4,82,541,623,True,0.7033271719038816
Tox21,fedavg_proto,0.5,1,44,200,16,16,0.1,val,client_1,5,30,657,687,True,0.8119228817858956
Tox21,fedavg_proto,0.5,1,44,200,16,16,0.1,val,client_1,6,21,612,633,True,0.6205259881730469
Tox21,fedavg_proto,0.5,1,44,200,16,16,0.1,val,client_1,7,96,492,588,True,0.7042047764227641
Tox21,fedavg_proto,0.5,1,44,200,16,16,0.1,val,client_1,8,30,677,707,True,0.7780403741999015
Tox21,fedavg_proto,0.5,1,44,200,16,16,0.1,val,client_1,9,45,603,648,True,0.6527363184079602
Tox21,fedavg_proto,0.5,1,44,200,16,16,0.1,val,client_1,10,92,495,587,True,0.875494071146245
Tox21,fedavg_proto,0.5,1,44,200,16,16,0.1,val,client_1,11,42,636,678,True,0.7783393231506439
Tox21,fedavg_proto,0.5,1,44,200,16,16,0.1,val,client_2,0,31,696,727,True,0.7947719688542825
Tox21,fedavg_proto,0.5,1,44,200,16,16,0.1,val,client_2,1,23,652,675,True,0.8036142971459056
Tox21,fedavg_proto,0.5,1,44,200,16,16,0.1,val,client_2,2,74,567,641,True,0.8094284760951428
Tox21,fedavg_proto,0.5,1,44,200,16,16,0.1,val,client_2,3,19,546,565,True,0.8081742818584924
Tox21,fedavg_proto,0.5,1,44,200,16,16,0.1,val,client_2,4,82,541,623,True,0.6936116496100266
Tox21,fedavg_proto,0.5,1,44,200,16,16,0.1,val,client_2,5,30,657,687,True,0.8079147640791476
Tox21,fedavg_proto,0.5,1,44,200,16,16,0.1,val,client_2,6,21,612,633,True,0.6658885776532835
Tox21,fedavg_proto,0.5,1,44,200,16,16,0.1,val,client_2,7,96,492,588,True,0.7087356029810298
Tox21,fedavg_proto,0.5,1,44,200,16,16,0.1,val,client_2,8,30,677,707,True,0.7903495814869522
Tox21,fedavg_proto,0.5,1,44,200,16,16,0.1,val,client_2,9,45,603,648,True,0.6178367422148516
Tox21,fedavg_proto,0.5,1,44,200,16,16,0.1,val,client_2,10,92,495,587,True,0.8763065436978481
Tox21,fedavg_proto,0.5,1,44,200,16,16,0.1,val,client_2,11,42,636,678,True,0.80083857442348
Tox21,fedavg_proto,0.5,1,44,200,16,16,0.1,val,client_3,0,31,696,727,True,0.7851779755283648
Tox21,fedavg_proto,0.5,1,44,200,16,16,0.1,val,client_3,1,23,652,675,True,0.7869431848492932
Tox21,fedavg_proto,0.5,1,44,200,16,16,0.1,val,client_3,2,74,567,641,True,0.8124314790981458
Tox21,fedavg_proto,0.5,1,44,200,16,16,0.1,val,client_3,3,19,546,565,True,0.7910160015423173
Tox21,fedavg_proto,0.5,1,44,200,16,16,0.1,val,client_3,4,82,541,623,True,0.7015463685135929
Tox21,fedavg_proto,0.5,1,44,200,16,16,0.1,val,client_3,5,30,657,687,True,0.8095383054287165
Tox21,fedavg_proto,0.5,1,44,200,16,16,0.1,val,client_3,6,21,612,633,True,0.6311079987550576
Tox21,fedavg_proto,0.5,1,44,200,16,16,0.1,val,client_3,7,96,492,588,True,0.7027650745257452
Tox21,fedavg_proto,0.5,1,44,200,16,16,0.1,val,client_3,8,30,677,707,True,0.779369768586903
Tox21,fedavg_proto,0.5,1,44,200,16,16,0.1,val,client_3,9,45,603,648,True,0.6163626312880044
Tox21,fedavg_proto,0.5,1,44,200,16,16,0.1,val,client_3,10,92,495,587,True,0.8850680720245938
Tox21,fedavg_proto,0.5,1,44,200,16,16,0.1,val,client_3,11,42,636,678,True,0.7756064690026954
Tox21,fedavg_proto,0.5,1,44,200,16,16,0.1,test,server,0,32,693,725,True,0.8280122655122655
Tox21,fedavg_proto,0.5,1,44,200,16,16,0.1,test,server,1,33,646,679,True,0.9007880664227413
Tox21,fedavg_proto,0.5,1,44,200,16,16,0.1,test,server,2,77,572,649,True,0.8326673326673326
Tox21,fedavg_proto,0.5,1,44,200,16,16,0.1,test,server,3,38,538,576,True,0.7701526120133046
Tox21,fedavg_proto,0.5,1,44,200,16,16,0.1,test,server,4,80,531,611,True,0.7079566854990584
Tox21,fedavg_proto,0.5,1,44,200,16,16,0.1,test,server,5,34,647,681,True,0.7910719156286935
Tox21,fedavg_proto,0.5,1,44,200,16,16,0.1,test,server,6,21,617,638,True,0.7630624372925832
Tox21,fedavg_proto,0.5,1,44,200,16,16,0.1,test,server,7,95,494,589,True,0.762987428084381
Tox21,fedavg_proto,0.5,1,44,200,16,16,0.1,test,server,8,32,670,702,True,0.8193097014925372
Tox21,fedavg_proto,0.5,1,44,200,16,16,0.1,test,server,9,36,621,657,True,0.7228037215959922
Tox21,fedavg_proto,0.5,1,44,200,16,16,0.1,test,server,10,93,485,578,True,0.8385544839818202
Tox21,fedavg_proto,0.5,1,44,200,16,16,0.1,test,server,11,48,624,672,True,0.7787126068376069
Tox21,fedavg_proto,0.5,1,44,200,16,16,0.1,test,client_0,0,32,693,725,True,0.8295905483405484
Tox21,fedavg_proto,0.5,1,44,200,16,16,0.1,test,client_0,1,33,646,679,True,0.8946899333896238
Tox21,fedavg_proto,0.5,1,44,200,16,16,0.1,test,client_0,2,77,572,649,True,0.8274452819907365
Tox21,fedavg_proto,0.5,1,44,200,16,16,0.1,test,client_0,3,38,538,576,True,0.7630111524163569
Tox21,fedavg_proto,0.5,1,44,200,16,16,0.1,test,client_0,4,80,531,611,True,0.711228813559322
Tox21,fedavg_proto,0.5,1,44,200,16,16,0.1,test,client_0,5,34,647,681,True,0.7863442131102828
Tox21,fedavg_proto,0.5,1,44,200,16,16,0.1,test,client_0,6,21,617,638,True,0.7411437832831674
Tox21,fedavg_proto,0.5,1,44,200,16,16,0.1,test,client_0,7,95,494,589,True,0.757319411890049
Tox21,fedavg_proto,0.5,1,44,200,16,16,0.1,test,client_0,8,32,670,702,True,0.784794776119403
Tox21,fedavg_proto,0.5,1,44,200,16,16,0.1,test,client_0,9,36,621,657,True,0.7028090892825192
Tox21,fedavg_proto,0.5,1,44,200,16,16,0.1,test,client_0,10,93,485,578,True,0.8249639729520009
Tox21,fedavg_proto,0.5,1,44,200,16,16,0.1,test,client_0,11,48,624,672,True,0.7589142628205128
Tox21,fedavg_proto,0.5,1,44,200,16,16,0.1,test,client_1,0,32,693,725,True,0.8267045454545455
Tox21,fedavg_proto,0.5,1,44,200,16,16,0.1,test,client_1,1,33,646,679,True,0.9035087719298246
Tox21,fedavg_proto,0.5,1,44,200,16,16,0.1,test,client_1,2,77,572,649,True,0.8296249205340114
Tox21,fedavg_proto,0.5,1,44,200,16,16,0.1,test,client_1,3,38,538,576,True,0.7530326746233614
Tox21,fedavg_proto,0.5,1,44,200,16,16,0.1,test,client_1,4,80,531,611,True,0.6984934086629002
Tox21,fedavg_proto,0.5,1,44,200,16,16,0.1,test,client_1,5,34,647,681,True,0.7914355850531867
Tox21,fedavg_proto,0.5,1,44,200,16,16,0.1,test,client_1,6,21,617,638,True,0.7743304777340434
Tox21,fedavg_proto,0.5,1,44,200,16,16,0.1,test,client_1,7,95,494,589,True,0.7603665033027914
Tox21,fedavg_proto,0.5,1,44,200,16,16,0.1,test,client_1,8,32,670,702,True,0.8473414179104478
Tox21,fedavg_proto,0.5,1,44,200,16,16,0.1,test,client_1,9,36,621,657,True,0.7454821971730183
Tox21,fedavg_proto,0.5,1,44,200,16,16,0.1,test,client_1,10,93,485,578,True,0.8402172708125486
Tox21,fedavg_proto,0.5,1,44,200,16,16,0.1,test,client_1,11,48,624,672,True,0.7954393696581196
Tox21,fedavg_proto,0.5,1,44,200,16,16,0.1,test,client_2,0,32,693,725,True,0.8223304473304474
Tox21,fedavg_proto,0.5,1,44,200,16,16,0.1,test,client_2,1,33,646,679,True,0.8982080870625763
Tox21,fedavg_proto,0.5,1,44,200,16,16,0.1,test,client_2,2,77,572,649,True,0.8248342566524385
Tox21,fedavg_proto,0.5,1,44,200,16,16,0.1,test,client_2,3,38,538,576,True,0.7592936802973977
Tox21,fedavg_proto,0.5,1,44,200,16,16,0.1,test,client_2,4,80,531,611,True,0.7032250470809793
Tox21,fedavg_proto,0.5,1,44,200,16,16,0.1,test,client_2,5,34,647,681,True,0.7893899445404127
Tox21,fedavg_proto,0.5,1,44,200,16,16,0.1,test,client_2,6,21,617,638,True,0.7598209462066836
Tox21,fedavg_proto,0.5,1,44,200,16,16,0.1,test,client_2,7,95,494,589,True,0.7591732367355635
Tox21,fedavg_proto,0.5,1,44,200,16,16,0.1,test,client_2,8,32,670,702,True,0.8057369402985075
Tox21,fedavg_proto,0.5,1,44,200,16,16,0.1,test,client_2,9,36,621,657,True,0.7012882447665056
Tox21,fedavg_proto,0.5,1,44,200,16,16,0.1,test,client_2,10,93,485,578,True,0.8295976055869638
Tox21,fedavg_proto,0.5,1,44,200,16,16,0.1,test,client_2,11,48,624,672,True,0.7706997863247863
Tox21,fedavg_proto,0.5,1,44,200,16,16,0.1,test,client_3,0,32,693,725,True,0.8247204184704184
Tox21,fedavg_proto,0.5,1,44,200,16,16,0.1,test,client_3,1,33,646,679,True,0.8935172154986396
Tox21,fedavg_proto,0.5,1,44,200,16,16,0.1,test,client_3,2,77,572,649,True,0.82914812460267
Tox21,fedavg_proto,0.5,1,44,200,16,16,0.1,test,client_3,3,38,538,576,True,0.7715711211113285
Tox21,fedavg_proto,0.5,1,44,200,16,16,0.1,test,client_3,4,80,531,611,True,0.7028954802259886
Tox21,fedavg_proto,0.5,1,44,200,16,16,0.1,test,client_3,5,34,647,681,True,0.7836621511046458
Tox21,fedavg_proto,0.5,1,44,200,16,16,0.1,test,client_3,6,21,617,638,True,0.7510226132592421
Tox21,fedavg_proto,0.5,1,44,200,16,16,0.1,test,client_3,7,95,494,589,True,0.7526955039420413
Tox21,fedavg_proto,0.5,1,44,200,16,16,0.1,test,client_3,8,32,670,702,True,0.8055037313432836
Tox21,fedavg_proto,0.5,1,44,200,16,16,0.1,test,client_3,9,36,621,657,True,0.7266505636070854
Tox21,fedavg_proto,0.5,1,44,200,16,16,0.1,test,client_3,10,93,485,578,True,0.8383106085799801
Tox21,fedavg_proto,0.5,1,44,200,16,16,0.1,test,client_3,11,48,624,672,True,0.7771100427350427
Tox21,fedavg_proto,0.5,1,45,200,16,16,0.1,val,server,0,31,696,727,True,0.7969966629588432
Tox21,fedavg_proto,0.5,1,45,200,16,16,0.1,val,server,1,23,652,675,True,0.79507868765004
Tox21,fedavg_proto,0.5,1,45,200,16,16,0.1,val,server,2,74,567,641,True,0.8164831498164833
Tox21,fedavg_proto,0.5,1,45,200,16,16,0.1,val,server,3,19,546,565,True,0.8131868131868132
Tox21,fedavg_proto,0.5,1,45,200,16,16,0.1,val,server,4,82,541,623,True,0.7067986114241919
Tox21,fedavg_proto,0.5,1,45,200,16,16,0.1,val,server,5,30,657,687,True,0.8161846778285134
Tox21,fedavg_proto,0.5,1,45,200,16,16,0.1,val,server,6,21,612,633,True,0.6417678182384066
Tox21,fedavg_proto,0.5,1,45,200,16,16,0.1,val,server,7,96,492,588,True,0.7082909891598916
Tox21,fedavg_proto,0.5,1,45,200,16,16,0.1,val,server,8,30,677,707,True,0.790054160512063
Tox21,fedavg_proto,0.5,1,45,200,16,16,0.1,val,server,9,45,603,648,True,0.6275658743320435
Tox21,fedavg_proto,0.5,1,45,200,16,16,0.1,val,server,10,92,495,587,True,0.8813131313131313
Tox21,fedavg_proto,0.5,1,45,200,16,16,0.1,val,server,11,42,636,678,True,0.7820829589697514
Tox21,fedavg_proto,0.5,1,45,200,16,16,0.1,val,client_0,0,31,696,727,True,0.7912031887282166
Tox21,fedavg_proto,0.5,1,45,200,16,16,0.1,val,client_0,1,23,652,675,True,0.7949453187516671
Tox21,fedavg_proto,0.5,1,45,200,16,16,0.1,val,client_0,2,74,567,641,True,0.8027313027313028
Tox21,fedavg_proto,0.5,1,45,200,16,16,0.1,val,client_0,3,19,546,565,True,0.8000771158665896
Tox21,fedavg_proto,0.5,1,45,200,16,16,0.1,val,client_0,4,82,541,623,True,0.703620215499752
Tox21,fedavg_proto,0.5,1,45,200,16,16,0.1,val,client_0,5,30,657,687,True,0.8022323693556571
Tox21,fedavg_proto,0.5,1,45,200,16,16,0.1,val,client_0,6,21,612,633,True,0.6560846560846562
Tox21,fedavg_proto,0.5,1,45,200,16,16,0.1,val,client_0,7,96,492,588,True,0.7008595867208672
Tox21,fedavg_proto,0.5,1,45,200,16,16,0.1,val,client_0,8,30,677,707,True,0.7969965534219595
Tox21,fedavg_proto,0.5,1,45,200,16,16,0.1,val,client_0,9,45,603,648,True,0.6112032430440391
Tox21,fedavg_proto,0.5,1,45,200,16,16,0.1,val,client_0,10,92,495,587,True,0.8746376811594202
Tox21,fedavg_proto,0.5,1,45,200,16,16,0.1,val,client_0,11,42,636,678,True,0.7818583408206049
Tox21,fedavg_proto,0.5,1,45,200,16,16,0.1,val,client_1,0,31,696,727,True,0.8059881349647756
Tox21,fedavg_proto,0.5,1,45,200,16,16,0.1,val,client_1,1,23,652,675,True,0.7892771405708189
Tox21,fedavg_proto,0.5,1,45,200,16,16,0.1,val,client_1,2,74,567,641,True,0.8236093236093236
Tox21,fedavg_proto,0.5,1,45,200,16,16,0.1,val,client_1,3,19,546,565,True,0.8280316175053017
Tox21,fedavg_proto,0.5,1,45,200,16,16,0.1,val,client_1,4,82,541,623,True,0.6958883729317885
Tox21,fedavg_proto,0.5,1,45,200,16,16,0.1,val,client_1,5,30,657,687,True,0.8124809741248098
Tox21,fedavg_proto,0.5,1,45,200,16,16,0.1,val,client_1,6,21,612,633,True,0.6222377840024899
Tox21,fedavg_proto,0.5,1,45,200,16,16,0.1,val,client_1,7,96,492,588,True,0.7074864498644986
Tox21,fedavg_proto,0.5,1,45,200,16,16,0.1,val,client_1,8,30,677,707,True,0.7834071885770557
Tox21,fedavg_proto,0.5,1,45,200,16,16,0.1,val,client_1,9,45,603,648,True,0.6557950985811682
Tox21,fedavg_proto,0.5,1,45,200,16,16,0.1,val,client_1,10,92,495,587,True,0.8729907773386033
Tox21,fedavg_proto,0.5,1,45,200,16,16,0.1,val,client_1,11,42,636,678,True,0.7786388140161724
Tox21,fedavg_proto,0.5,1,45,200,16,16,0.1,val,client_2,0,31,696,727,True,0.7949573600296626
Tox21,fedavg_proto,0.5,1,45,200,16,16,0.1,val,client_2,1,23,652,675,True,0.7958789010402775
Tox21,fedavg_proto,0.5,1,45,200,16,16,0.1,val,client_2,2,74,567,641,True,0.8169359836026503
Tox21,fedavg_proto,0.5,1,45,200,16,16,0.1,val,client_2,3,19,546,565,True,0.8187777135145556
Tox21,fedavg_proto,0.5,1,45,200,16,16,0.1,val,client_2,4,82,541,623,True,0.7044993462873631
Tox21,fedavg_proto,0.5,1,45,200,16,16,0.1,val,client_2,5,30,657,687,True,0.8184677828513444
Tox21,fedavg_proto,0.5,1,45,200,16,16,0.1,val,client_2,6,21,612,633,True,0.6441798941798942
Tox21,fedavg_proto,0.5,1,45,200,16,16,0.1,val,client_2,7,96,492,588,True,0.7011136517615176
Tox21,fedavg_proto,0.5,1,45,200,16,16,0.1,val,client_2,8,30,677,707,True,0.7869522402757263
Tox21,fedavg_proto,0.5,1,45,200,16,16,0.1,val,client_2,9,45,603,648,True,0.6063018242122719
Tox21,fedavg_proto,0.5,1,45,200,16,16,0.1,val,client_2,10,92,495,587,True,0.8711901624945103
Tox21,fedavg_proto,0.5,1,45,200,16,16,0.1,val,client_2,11,42,636,678,True,0.778863432165319
Tox21,fedavg_proto,0.5,1,45,200,16,16,0.1,val,client_3,0,31,696,727,True,0.771876158694846
Tox21,fedavg_proto,0.5,1,45,200,16,16,0.1,val,client_3,1,23,652,675,True,0.78380901573753
Tox21,fedavg_proto,0.5,1,45,200,16,16,0.1,val,client_3,2,74,567,641,True,0.8078316411649745
Tox21,fedavg_proto,0.5,1,45,200,16,16,0.1,val,client_3,3,19,546,565,True,0.7797378060535954
Tox21,fedavg_proto,0.5,1,45,200,16,16,0.1,val,client_3,4,82,541,623,True,0.703665299129886
Tox21,fedavg_proto,0.5,1,45,200,16,16,0.1,val,client_3,5,30,657,687,True,0.8008117706747844
Tox21,fedavg_proto,0.5,1,45,200,16,16,0.1,val,client_3,6,21,612,633,True,0.6272953625894803
Tox21,fedavg_proto,0.5,1,45,200,16,16,0.1,val,client_3,7,96,492,588,True,0.7075287940379404
Tox21,fedavg_proto,0.5,1,45,200,16,16,0.1,val,client_3,8,30,677,707,True,0.7771541112752339
Tox21,fedavg_proto,0.5,1,45,200,16,16,0.1,val,client_3,9,45,603,648,True,0.629482218536945
Tox21,fedavg_proto,0.5,1,45,200,16,16,0.1,val,client_3,10,92,495,587,True,0.882806324110672
Tox21,fedavg_proto,0.5,1,45,200,16,16,0.1,val,client_3,11,42,636,678,True,0.7719751422581612
Tox21,fedavg_proto,0.5,1,45,200,16,16,0.1,test,server,0,32,693,725,True,0.824134199134199
Tox21,fedavg_proto,0.5,1,45,200,16,16,0.1,test,server,1,33,646,679,True,0.9018669668824467
Tox21,fedavg_proto,0.5,1,45,200,16,16,0.1,test,server,2,77,572,649,True,0.8339160839160839
Tox21,fedavg_proto,0.5,1,45,200,16,16,0.1,test,server,3,38,538,576,True,0.7671199373899433
Tox21,fedavg_proto,0.5,1,45,200,16,16,0.1,test,server,4,80,531,611,True,0.7090866290018834
Tox21,fedavg_proto,0.5,1,45,200,16,16,0.1,test,server,5,34,647,681,True,0.7928448040730977
Tox21,fedavg_proto,0.5,1,45,200,16,16,0.1,test,server,6,21,617,638,True,0.7669985336111754
Tox21,fedavg_proto,0.5,1,45,200,16,16,0.1,test,server,7,95,494,589,True,0.7638184530151289
Tox21,fedavg_proto,0.5,1,45,200,16,16,0.1,test,server,8,32,670,702,True,0.8243470149253732
Tox21,fedavg_proto,0.5,1,45,200,16,16,0.1,test,server,9,36,621,657,True,0.7260243335122561
Tox21,fedavg_proto,0.5,1,45,200,16,16,0.1,test,server,10,93,485,578,True,0.8364039463474117
Tox21,fedavg_proto,0.5,1,45,200,16,16,0.1,test,server,11,48,624,672,True,0.7795806623931624
Tox21,fedavg_proto,0.5,1,45,200,16,16,0.1,test,client_0,0,32,693,725,True,0.8251713564213563
Tox21,fedavg_proto,0.5,1,45,200,16,16,0.1,test,client_0,1,33,646,679,True,0.8989117177971667
Tox21,fedavg_proto,0.5,1,45,200,16,16,0.1,test,client_0,2,77,572,649,True,0.8260148941967124
Tox21,fedavg_proto,0.5,1,45,200,16,16,0.1,test,client_0,3,38,538,576,True,0.7572882019174331
Tox21,fedavg_proto,0.5,1,45,200,16,16,0.1,test,client_0,4,80,531,611,True,0.7089453860640301
Tox21,fedavg_proto,0.5,1,45,200,16,16,0.1,test,client_0,5,34,647,681,True,0.7852532048368033
Tox21,fedavg_proto,0.5,1,45,200,16,16,0.1,test,client_0,6,21,617,638,True,0.7680790306398086
Tox21,fedavg_proto,0.5,1,45,200,16,16,0.1,test,client_0,7,95,494,589,True,0.7626251864479011
Tox21,fedavg_proto,0.5,1,45,200,16,16,0.1,test,client_0,8,32,670,702,True,0.8192164179104477
Tox21,fedavg_proto,0.5,1,45,200,16,16,0.1,test,client_0,9,36,621,657,True,0.7238772589014135
Tox21,fedavg_proto,0.5,1,45,200,16,16,0.1,test,client_0,10,93,485,578,True,0.8184458485755459
Tox21,fedavg_proto,0.5,1,45,200,16,16,0.1,test,client_0,11,48,624,672,True,0.7693643162393162
Tox21,fedavg_proto,0.5,1,45,200,16,16,0.1,test,client_1,0,32,693,725,True,0.8263437950937951
Tox21,fedavg_proto,0.5,1,45,200,16,16,0.1,test,client_1,1,33,646,679,True,0.9043062200956938
Tox21,fedavg_proto,0.5,1,45,200,16,16,0.1,test,client_1,2,77,572,649,True,0.8358686767777677
Tox21,fedavg_proto,0.5,1,45,200,16,16,0.1,test,client_1,3,38,538,576,True,0.7482880062610057
Tox21,fedavg_proto,0.5,1,45,200,16,16,0.1,test,client_1,4,80,531,611,True,0.6962335216572505
Tox21,fedavg_proto,0.5,1,45,200,16,16,0.1,test,client_1,5,34,647,681,True,0.7866624238567141
Tox21,fedavg_proto,0.5,1,45,200,16,16,0.1,test,client_1,6,21,617,638,True,0.7724010187543413
Tox21,fedavg_proto,0.5,1,45,200,16,16,0.1,test,client_1,7,95,494,589,True,0.7615597698700192
Tox21,fedavg_proto,0.5,1,45,200,16,16,0.1,test,client_1,8,32,670,702,True,0.8479477611940299
Tox21,fedavg_proto,0.5,1,45,200,16,16,0.1,test,client_1,9,36,621,657,True,0.7487028090892826
Tox21,fedavg_proto,0.5,1,45,200,16,16,0.1,test,client_1,10,93,485,578,True,0.8432767985810886
Tox21,fedavg_proto,0.5,1,45,200,16,16,0.1,test,client_1,11,48,624,672,True,0.7997796474358975
Tox21,fedavg_proto,0.5,1,45,200,16,16,0.1,test,client_2,0,32,693,725,True,0.8166035353535354
Tox21,fedavg_proto,0.5,1,45,200,16,16,0.1,test,client_2,1,33,646,679,True,0.8959095599962472
Tox21,fedavg_proto,0.5,1,45,200,16,16,0.1,test,client_2,2,77,572,649,True,0.8325765143946962
Tox21,fedavg_proto,0.5,1,45,200,16,16,0.1,test,client_2,3,38,538,576,True,0.7539131285462727
Tox21,fedavg_proto,0.5,1,45,200,16,16,0.1,test,client_2,4,80,531,611,True,0.7123822975517892
Tox21,fedavg_proto,0.5,1,45,200,16,16,0.1,test,client_2,5,34,647,681,True,0.7881625602327484
Tox21,fedavg_proto,0.5,1,45,200,16,16,0.1,test,client_2,6,21,617,638,True,0.7456973064752643
Tox21,fedavg_proto,0.5,1,45,200,16,16,0.1,test,client_2,7,95,494,589,True,0.7532708288940977
Tox21,fedavg_proto,0.5,1,45,200,16,16,0.1,test,client_2,8,32,670,702,True,0.7878264925373134
Tox21,fedavg_proto,0.5,1,45,200,16,16,0.1,test,client_2,9,36,621,657,True,0.6832170334585794
Tox21,fedavg_proto,0.5,1,45,200,16,16,0.1,test,client_2,10,93,485,578,True,0.8329231792484203
Tox21,fedavg_proto,0.5,1,45,200,16,16,0.1,test,client_2,11,48,624,672,True,0.7505008012820513
Tox21,fedavg_proto,0.5,1,45,200,16,16,0.1,test,client_3,0,32,693,725,True,0.8206619769119768
Tox21,fedavg_proto,0.5,1,45,200,16,16,0.1,test,client_3,1,33,646,679,True,0.88239984989211
Tox21,fedavg_proto,0.5,1,45,200,16,16,0.1,test,client_3,2,77,572,649,True,0.826718735809645
Tox21,fedavg_proto,0.5,1,45,200,16,16,0.1,test,client_3,3,38,538,576,True,0.771277636470358
Tox21,fedavg_proto,0.5,1,45,200,16,16,0.1,test,client_3,4,80,531,611,True,0.7020715630885123
Tox21,fedavg_proto,0.5,1,45,200,16,16,0.1,test,client_3,5,34,647,681,True,0.7851168288026183
Tox21,fedavg_proto,0.5,1,45,200,16,16,0.1,test,client_3,6,21,617,638,True,0.7455429497568881
Tox21,fedavg_proto,0.5,1,45,200,16,16,0.1,test,client_3,7,95,494,589,True,0.7523119539740039
Tox21,fedavg_proto,0.5,1,45,200,16,16,0.1,test,client_3,8,32,670,702,True,0.8062966417910448
Tox21,fedavg_proto,0.5,1,45,200,16,16,0.1,test,client_3,9,36,621,657,True,0.727187332259796
Tox21,fedavg_proto,0.5,1,45,200,16,16,0.1,test,client_3,10,93,485,578,True,0.8372907659904667
Tox21,fedavg_proto,0.5,1,45,200,16,16,0.1,test,client_3,11,48,624,672,True,0.7774105235042735
Tox21,fedavg_proto,0.5,1,46,200,16,16,0.1,val,server,0,31,696,727,True,0.7949573600296627
Tox21,fedavg_proto,0.5,1,46,200,16,16,0.1,val,server,1,23,652,675,True,0.7976793811683116
Tox21,fedavg_proto,0.5,1,46,200,16,16,0.1,val,server,2,74,567,641,True,0.8162448162448164
Tox21,fedavg_proto,0.5,1,46,200,16,16,0.1,val,server,3,19,546,565,True,0.8157894736842105
Tox21,fedavg_proto,0.5,1,46,200,16,16,0.1,val,server,4,82,541,623,True,0.7051079752941707
Tox21,fedavg_proto,0.5,1,46,200,16,16,0.1,val,server,5,30,657,687,True,0.8143074581430746
Tox21,fedavg_proto,0.5,1,46,200,16,16,0.1,val,server,6,21,612,633,True,0.6456582633053222
Tox21,fedavg_proto,0.5,1,46,200,16,16,0.1,val,server,7,96,492,588,True,0.7083968495934959
Tox21,fedavg_proto,0.5,1,46,200,16,16,0.1,val,server,8,30,677,707,True,0.7912358444116199
Tox21,fedavg_proto,0.5,1,46,200,16,16,0.1,val,server,9,45,603,648,True,0.6241754192002948
Tox21,fedavg_proto,0.5,1,46,200,16,16,0.1,val,server,10,92,495,587,True,0.8828282828282827
Tox21,fedavg_proto,0.5,1,46,200,16,16,0.1,val,server,11,42,636,678,True,0.7877732854147949
Tox21,fedavg_proto,0.5,1,46,200,16,16,0.1,val,client_0,0,31,696,727,True,0.7854097144975899
Tox21,fedavg_proto,0.5,1,46,200,16,16,0.1,val,client_0,1,23,652,675,True,0.7976126967191252
Tox21,fedavg_proto,0.5,1,46,200,16,16,0.1,val,client_0,2,74,567,641,True,0.8092854759521427
Tox21,fedavg_proto,0.5,1,46,200,16,16,0.1,val,client_0,3,19,546,565,True,0.8254289570079043
Tox21,fedavg_proto,0.5,1,46,200,16,16,0.1,val,client_0,4,82,541,623,True,0.6937919841305621
Tox21,fedavg_proto,0.5,1,46,200,16,16,0.1,val,client_0,5,30,657,687,True,0.7990867579908677
Tox21,fedavg_proto,0.5,1,46,200,16,16,0.1,val,client_0,6,21,612,633,True,0.6672113289760349
Tox21,fedavg_proto,0.5,1,46,200,16,16,0.1,val,client_0,7,96,492,588,True,0.7075076219512196
Tox21,fedavg_proto,0.5,1,46,200,16,16,0.1,val,client_0,8,30,677,707,True,0.7829640571147218
Tox21,fedavg_proto,0.5,1,46,200,16,16,0.1,val,client_0,9,45,603,648,True,0.6014004053805049
Tox21,fedavg_proto,0.5,1,46,200,16,16,0.1,val,client_0,10,92,495,587,True,0.8764822134387351
Tox21,fedavg_proto,0.5,1,46,200,16,16,0.1,val,client_0,11,42,636,678,True,0.7854147948487572
Tox21,fedavg_proto,0.5,1,46,200,16,16,0.1,val,client_1,0,31,696,727,True,0.806729699666296
Tox21,fedavg_proto,0.5,1,46,200,16,16,0.1,val,client_1,1,23,652,675,True,0.789743931715124
Tox21,fedavg_proto,0.5,1,46,200,16,16,0.1,val,client_1,2,74,567,641,True,0.8122169788836455
Tox21,fedavg_proto,0.5,1,46,200,16,16,0.1,val,client_1,3,19,546,565,True,0.8223443223443223
Tox21,fedavg_proto,0.5,1,46,200,16,16,0.1,val,client_1,4,82,541,623,True,0.7008250304314505
Tox21,fedavg_proto,0.5,1,46,200,16,16,0.1,val,client_1,5,30,657,687,True,0.8041603247082699
Tox21,fedavg_proto,0.5,1,46,200,16,16,0.1,val,client_1,6,21,612,633,True,0.6265172735760971
Tox21,fedavg_proto,0.5,1,46,200,16,16,0.1,val,client_1,7,96,492,588,True,0.7086297425474255
Tox21,fedavg_proto,0.5,1,46,200,16,16,0.1,val,client_1,8,30,677,707,True,0.7824224519940916
Tox21,fedavg_proto,0.5,1,46,200,16,16,0.1,val,client_1,9,45,603,648,True,0.6546526626128617
Tox21,fedavg_proto,0.5,1,46,200,16,16,0.1,val,client_1,10,92,495,587,True,0.8732981993851557
Tox21,fedavg_proto,0.5,1,46,200,16,16,0.1,val,client_1,11,42,636,678,True,0.783842467804732
Tox21,fedavg_proto,0.5,1,46,200,16,16,0.1,val,client_2,0,31,696,727,True,0.7951890989988877
Tox21,fedavg_proto,0.5,1,46,200,16,16,0.1,val,client_2,1,23,652,675,True,0.7982795412109897
Tox21,fedavg_proto,0.5,1,46,200,16,16,0.1,val,client_2,2,74,567,641,True,0.8145526478859813
Tox21,fedavg_proto,0.5,1,46,200,16,16,0.1,val,client_2,3,19,546,565,True,0.8163678426836322
Tox21,fedavg_proto,0.5,1,46,200,16,16,0.1,val,client_2,4,82,541,623,True,0.70452188810243
Tox21,fedavg_proto,0.5,1,46,200,16,16,0.1,val,client_2,5,30,657,687,True,0.8183663115169965
Tox21,fedavg_proto,0.5,1,46,200,16,16,0.1,val,client_2,6,21,612,633,True,0.6455804544039838
Tox21,fedavg_proto,0.5,1,46,200,16,16,0.1,val,client_2,7,96,492,588,True,0.6959053184281843
Tox21,fedavg_proto,0.5,1,46,200,16,16,0.1,val,client_2,8,30,677,707,True,0.7904972919743969
Tox21,fedavg_proto,0.5,1,46,200,16,16,0.1,val,client_2,9,45,603,648,True,0.6105030403537867
Tox21,fedavg_proto,0.5,1,46,200,16,16,0.1,val,client_2,10,92,495,587,True,0.8727931488801054
Tox21,fedavg_proto,0.5,1,46,200,16,16,0.1,val,client_2,11,42,636,678,True,0.7861260856543876
Tox21,fedavg_proto,0.5,1,46,200,16,16,0.1,val,client_3,0,31,696,727,True,0.7806822395253985
Tox21,fedavg_proto,0.5,1,46,200,16,16,0.1,val,client_3,1,23,652,675,True,0.7874766604427847
Tox21,fedavg_proto,0.5,1,46,200,16,16,0.1,val,client_3,2,74,567,641,True,0.8054006387339722
Tox21,fedavg_proto,0.5,1,46,200,16,16,0.1,val,client_3,3,19,546,565,True,0.7825332562174667
Tox21,fedavg_proto,0.5,1,46,200,16,16,0.1,val,client_3,4,82,541,623,True,0.7020648302601326
Tox21,fedavg_proto,0.5,1,46,200,16,16,0.1,val,client_3,5,30,657,687,True,0.8049213597158803
Tox21,fedavg_proto,0.5,1,46,200,16,16,0.1,val,client_3,6,21,612,633,True,0.6336756924992218
Tox21,fedavg_proto,0.5,1,46,200,16,16,0.1,val,client_3,7,96,492,588,True,0.7057291666666667
Tox21,fedavg_proto,0.5,1,46,200,16,16,0.1,val,client_3,8,30,677,707,True,0.7852781880846873
Tox21,fedavg_proto,0.5,1,46,200,16,16,0.1,val,client_3,9,45,603,648,True,0.6164363368343468
Tox21,fedavg_proto,0.5,1,46,200,16,16,0.1,val,client_3,10,92,495,587,True,0.8862318840579709
Tox21,fedavg_proto,0.5,1,46,200,16,16,0.1,val,client_3,11,42,636,678,True,0.777927523210542
Tox21,fedavg_proto,0.5,1,46,200,16,16,0.1,test,server,0,32,693,725,True,0.824585137085137
Tox21,fedavg_proto,0.5,1,46,200,16,16,0.1,test,server,1,33,646,679,True,0.9047753072520874
Tox21,fedavg_proto,0.5,1,46,200,16,16,0.1,test,server,2,77,572,649,True,0.8358913813459269
Tox21,fedavg_proto,0.5,1,46,200,16,16,0.1,test,server,3,38,538,576,True,0.7711798082567012
Tox21,fedavg_proto,0.5,1,46,200,16,16,0.1,test,server,4,80,531,611,True,0.7103813559322033
Tox21,fedavg_proto,0.5,1,46,200,16,16,0.1,test,server,5,34,647,681,True,0.796845167742522
Tox21,fedavg_proto,0.5,1,46,200,16,16,0.1,test,server,6,21,617,638,True,0.7732499807054102
Tox21,fedavg_proto,0.5,1,46,200,16,16,0.1,test,server,7,95,494,589,True,0.7658853611762199
Tox21,fedavg_proto,0.5,1,46,200,16,16,0.1,test,server,8,32,670,702,True,0.8280783582089553
Tox21,fedavg_proto,0.5,1,46,200,16,16,0.1,test,server,9,36,621,657,True,0.7253981034174272
Tox21,fedavg_proto,0.5,1,46,200,16,16,0.1,test,server,10,93,485,578,True,0.8392861101873407
Tox21,fedavg_proto,0.5,1,46,200,16,16,0.1,test,server,11,48,624,672,True,0.7863581730769231
Tox21,fedavg_proto,0.5,1,46,200,16,16,0.1,test,client_0,0,32,693,725,True,0.8239087301587302
Tox21,fedavg_proto,0.5,1,46,200,16,16,0.1,test,client_0,1,33,646,679,True,0.9007411577071021
Tox21,fedavg_proto,0.5,1,46,200,16,16,0.1,test,client_0,2,77,572,649,True,0.826741440377804
Tox21,fedavg_proto,0.5,1,46,200,16,16,0.1,test,client_0,3,38,538,576,True,0.7687341029152808
Tox21,fedavg_proto,0.5,1,46,200,16,16,0.1,test,client_0,4,80,531,611,True,0.7067796610169492
Tox21,fedavg_proto,0.5,1,46,200,16,16,0.1,test,client_0,5,34,647,681,True,0.7914355850531867
Tox21,fedavg_proto,0.5,1,46,200,16,16,0.1,test,client_0,6,21,617,638,True,0.7704715597746392
Tox21,fedavg_proto,0.5,1,46,200,16,16,0.1,test,client_0,7,95,494,589,True,0.7645855529512039
Tox21,fedavg_proto,0.5,1,46,200,16,16,0.1,test,client_0,8,32,670,702,True,0.8073694029850746
Tox21,fedavg_proto,0.5,1,46,200,16,16,0.1,test,client_0,9,36,621,657,True,0.7200304168903202
Tox21,fedavg_proto,0.5,1,46,200,16,16,0.1,test,client_0,10,93,485,578,True,0.8305065957210952
Tox21,fedavg_proto,0.5,1,46,200,16,16,0.1,test,client_0,11,48,624,672,True,0.7800814636752137
Tox21,fedavg_proto,0.5,1,46,200,16,16,0.1,test,client_1,0,32,693,725,True,0.8244047619047619
Tox21,fedavg_proto,0.5,1,46,200,16,16,0.1,test,client_1,1,33,646,679,True,0.9047753072520874
Tox21,fedavg_proto,0.5,1,46,200,16,16,0.1,test,client_1,2,77,572,649,True,0.8282399418763055
Tox21,fedavg_proto,0.5,1,46,200,16,16,0.1,test,client_1,3,38,538,576,True,0.7560653492467228
Tox21,fedavg_proto,0.5,1,46,200,16,16,0.1,test,client_1,4,80,531,611,True,0.6957862523540489
Tox21,fedavg_proto,0.5,1,46,200,16,16,0.1,test,client_1,5,34,647,681,True,0.7915719610873716
Tox21,fedavg_proto,0.5,1,46,200,16,16,0.1,test,client_1,6,21,617,638,True,0.7793470710812688
Tox21,fedavg_proto,0.5,1,46,200,16,16,0.1,test,client_1,7,95,494,589,True,0.7660984444917963
Tox21,fedavg_proto,0.5,1,46,200,16,16,0.1,test,client_1,8,32,670,702,True,0.8562033582089552
Tox21,fedavg_proto,0.5,1,46,200,16,16,0.1,test,client_1,9,36,621,657,True,0.7502236536052961
Tox21,fedavg_proto,0.5,1,46,200,16,16,0.1,test,client_1,10,93,485,578,True,0.8369803791153975
Tox21,fedavg_proto,0.5,1,46,200,16,16,0.1,test,client_1,11,48,624,672,True,0.8010149572649573
Tox21,fedavg_proto,0.5,1,46,200,16,16,0.1,test,client_2,0,32,693,725,True,0.8168290043290044
Tox21,fedavg_proto,0.5,1,46,200,16,16,0.1,test,client_2,1,33,646,679,True,0.8996153485317572
Tox21,fedavg_proto,0.5,1,46,200,16,16,0.1,test,client_2,2,77,572,649,True,0.8304876941240577
Tox21,fedavg_proto,0.5,1,46,200,16,16,0.1,test,client_2,3,38,538,576,True,0.7546957542555273
Tox21,fedavg_proto,0.5,1,46,200,16,16,0.1,test,client_2,4,80,531,611,True,0.7093926553672317
Tox21,fedavg_proto,0.5,1,46,200,16,16,0.1,test,client_2,5,34,647,681,True,0.7862532957541595
Tox21,fedavg_proto,0.5,1,46,200,16,16,0.1,test,client_2,6,21,617,638,True,0.7591263409739909
Tox21,fedavg_proto,0.5,1,46,200,16,16,0.1,test,client_2,7,95,494,589,True,0.7580438951630087
Tox21,fedavg_proto,0.5,1,46,200,16,16,0.1,test,client_2,8,32,670,702,True,0.8055970149253731
Tox21,fedavg_proto,0.5,1,46,200,16,16,0.1,test,client_2,9,36,621,657,True,0.6955179817498659
Tox21,fedavg_proto,0.5,1,46,200,16,16,0.1,test,client_2,10,93,485,578,True,0.8367143332224809
Tox21,fedavg_proto,0.5,1,46,200,16,16,0.1,test,client_2,11,48,624,672,True,0.7564436431623932
Tox21,fedavg_proto,0.5,1,46,200,16,16,0.1,test,client_3,0,32,693,725,True,0.8300414862914863
Tox21,fedavg_proto,0.5,1,46,200,16,16,0.1,test,client_3,1,33,646,679,True,0.8927197673327704
Tox21,fedavg_proto,0.5,1,46,200,16,16,0.1,test,client_3,2,77,572,649,True,0.8267868495141223
Tox21,fedavg_proto,0.5,1,46,200,16,16,0.1,test,client_3,3,38,538,576,True,0.7758755625122286
Tox21,fedavg_proto,0.5,1,46,200,16,16,0.1,test,client_3,4,80,531,611,True,0.7067090395480226
Tox21,fedavg_proto,0.5,1,46,200,16,16,0.1,test,client_3,5,34,647,681,True,0.7922083825802345
Tox21,fedavg_proto,0.5,1,46,200,16,16,0.1,test,client_3,6,21,617,638,True,0.7506367214633016
Tox21,fedavg_proto,0.5,1,46,200,16,16,0.1,test,client_3,7,95,494,589,True,0.7552311953974005
Tox21,fedavg_proto,0.5,1,46,200,16,16,0.1,test,client_3,8,32,670,702,True,0.8136194029850746
Tox21,fedavg_proto,0.5,1,46,200,16,16,0.1,test,client_3,9,36,621,657,True,0.7210144927536232
Tox21,fedavg_proto,0.5,1,46,200,16,16,0.1,test,client_3,10,93,485,578,True,0.8369360381332447
Tox21,fedavg_proto,0.5,1,46,200,16,16,0.1,test,client_3,11,48,624,672,True,0.7841212606837606
Tox21,fedavg_proto,0.5,1,47,200,16,16,0.1,val,server,0,31,696,727,True,0.7903689284390062
Tox21,fedavg_proto,0.5,1,47,200,16,16,0.1,val,server,1,23,652,675,True,0.7979461189650574
Tox21,fedavg_proto,0.5,1,47,200,16,16,0.1,val,server,2,74,567,641,True,0.8148624815291482
Tox21,fedavg_proto,0.5,1,47,200,16,16,0.1,val,server,3,19,546,565,True,0.8167534220165799
Tox21,fedavg_proto,0.5,1,47,200,16,16,0.1,val,server,4,82,541,623,True,0.7050403498489698
Tox21,fedavg_proto,0.5,1,47,200,16,16,0.1,val,server,5,30,657,687,True,0.8110603754439372
Tox21,fedavg_proto,0.5,1,47,200,16,16,0.1,val,server,6,21,612,633,True,0.6444133208839091
Tox21,fedavg_proto,0.5,1,47,200,16,16,0.1,val,server,7,96,492,588,True,0.7072959010840109
Tox21,fedavg_proto,0.5,1,47,200,16,16,0.1,val,server,8,30,677,707,True,0.7878877400295421
Tox21,fedavg_proto,0.5,1,47,200,16,16,0.1,val,server,9,45,603,648,True,0.6262760272710521
Tox21,fedavg_proto,0.5,1,47,200,16,16,0.1,val,server,10,92,495,587,True,0.8847386912604303
Tox21,fedavg_proto,0.5,1,47,200,16,16,0.1,val,server,11,42,636,678,True,0.7838799041629231
Tox21,fedavg_proto,0.5,1,47,200,16,16,0.1,val,client_0,0,31,696,727,True,0.7946329254727476
Tox21,fedavg_proto,0.5,1,47,200,16,16,0.1,val,client_0,1,23,652,675,True,0.8048146172312617
Tox21,fedavg_proto,0.5,1,47,200,16,16,0.1,val,client_0,2,74,567,641,True,0.8096906430239763
Tox21,fedavg_proto,0.5,1,47,200,16,16,0.1,val,client_0,3,19,546,565,True,0.8158858685174475
Tox21,fedavg_proto,0.5,1,47,200,16,16,0.1,val,client_0,4,82,541,623,True,0.6945358640277715
Tox21,fedavg_proto,0.5,1,47,200,16,16,0.1,val,client_0,5,30,657,687,True,0.7979705733130391
Tox21,fedavg_proto,0.5,1,47,200,16,16,0.1,val,client_0,6,21,612,633,True,0.6713352007469654
Tox21,fedavg_proto,0.5,1,47,200,16,16,0.1,val,client_0,7,96,492,588,True,0.7084603658536588
Tox21,fedavg_proto,0.5,1,47,200,16,16,0.1,val,client_0,8,30,677,707,True,0.7941900541605121
Tox21,fedavg_proto,0.5,1,47,200,16,16,0.1,val,client_0,9,45,603,648,True,0.6102450709415883
Tox21,fedavg_proto,0.5,1,47,200,16,16,0.1,val,client_0,10,92,495,587,True,0.8790733421168204
Tox21,fedavg_proto,0.5,1,47,200,16,16,0.1,val,client_0,11,42,636,678,True,0.7954103024857742
Tox21,fedavg_proto,0.5,1,47,200,16,16,0.1,val,client_1,0,31,696,727,True,0.8039488320355951
Tox21,fedavg_proto,0.5,1,47,200,16,16,0.1,val,client_1,1,23,652,675,True,0.7855428114163777
Tox21,fedavg_proto,0.5,1,47,200,16,16,0.1,val,client_1,2,74,567,641,True,0.8212736546069881
Tox21,fedavg_proto,0.5,1,47,200,16,16,0.1,val,client_1,3,19,546,565,True,0.8214767688451898
Tox21,fedavg_proto,0.5,1,47,200,16,16,0.1,val,client_1,4,82,541,623,True,0.7068211532392588
Tox21,fedavg_proto,0.5,1,47,200,16,16,0.1,val,client_1,5,30,657,687,True,0.8133942161339422
Tox21,fedavg_proto,0.5,1,47,200,16,16,0.1,val,client_1,6,21,612,633,True,0.6161686896981015
Tox21,fedavg_proto,0.5,1,47,200,16,16,0.1,val,client_1,7,96,492,588,True,0.7054962737127372
Tox21,fedavg_proto,0.5,1,47,200,16,16,0.1,val,client_1,8,30,677,707,True,0.7779911373707533
Tox21,fedavg_proto,0.5,1,47,200,16,16,0.1,val,client_1,9,45,603,648,True,0.6521098212640501
Tox21,fedavg_proto,0.5,1,47,200,16,16,0.1,val,client_1,10,92,495,587,True,0.8796442687747035
Tox21,fedavg_proto,0.5,1,47,200,16,16,0.1,val,client_1,11,42,636,678,True,0.7747454327643006
Tox21,fedavg_proto,0.5,1,47,200,16,16,0.1,val,client_2,0,31,696,727,True,0.7900908416759362
Tox21,fedavg_proto,0.5,1,47,200,16,16,0.1,val,client_2,1,23,652,675,True,0.8008802347292613
Tox21,fedavg_proto,0.5,1,47,200,16,16,0.1,val,client_2,2,74,567,641,True,0.8117164783831452
Tox21,fedavg_proto,0.5,1,47,200,16,16,0.1,val,client_2,3,19,546,565,True,0.8011374590321958
Tox21,fedavg_proto,0.5,1,47,200,16,16,0.1,val,client_2,4,82,541,623,True,0.7031017537532123
Tox21,fedavg_proto,0.5,1,47,200,16,16,0.1,val,client_2,5,30,657,687,True,0.8058346017250128
Tox21,fedavg_proto,0.5,1,47,200,16,16,0.1,val,client_2,6,21,612,633,True,0.6492374727668845
Tox21,fedavg_proto,0.5,1,47,200,16,16,0.1,val,client_2,7,96,492,588,True,0.7024686653116532
Tox21,fedavg_proto,0.5,1,47,200,16,16,0.1,val,client_2,8,30,677,707,True,0.7887247661250615
Tox21,fedavg_proto,0.5,1,47,200,16,16,0.1,val,client_2,9,45,603,648,True,0.611387506909895
Tox21,fedavg_proto,0.5,1,47,200,16,16,0.1,val,client_2,10,92,495,587,True,0.8753184014053578
Tox21,fedavg_proto,0.5,1,47,200,16,16,0.1,val,client_2,11,42,636,678,True,0.7900943396226415
Tox21,fedavg_proto,0.5,1,47,200,16,16,0.1,val,client_3,0,31,696,727,True,0.7696051167964406
Tox21,fedavg_proto,0.5,1,47,200,16,16,0.1,val,client_3,1,23,652,675,True,0.7852760736196319
Tox21,fedavg_proto,0.5,1,47,200,16,16,0.1,val,client_3,2,74,567,641,True,0.8059011392344725
Tox21,fedavg_proto,0.5,1,47,200,16,16,0.1,val,client_3,3,19,546,565,True,0.7942934258723732
Tox21,fedavg_proto,0.5,1,47,200,16,16,0.1,val,client_3,4,82,541,623,True,0.702718542897074
Tox21,fedavg_proto,0.5,1,47,200,16,16,0.1,val,client_3,5,30,657,687,True,0.8003044140030442
Tox21,fedavg_proto,0.5,1,47,200,16,16,0.1,val,client_3,6,21,612,633,True,0.6254279489573606
Tox21,fedavg_proto,0.5,1,47,200,16,16,0.1,val,client_3,7,96,492,588,True,0.699631605691057
Tox21,fedavg_proto,0.5,1,47,200,16,16,0.1,val,client_3,8,30,677,707,True,0.7709010339734121
Tox21,fedavg_proto,0.5,1,47,200,16,16,0.1,val,client_3,9,45,603,648,True,0.6175787728026534
Tox21,fedavg_proto,0.5,1,47,200,16,16,0.1,val,client_3,10,92,495,587,True,0.8846728151075978
Tox21,fedavg_proto,0.5,1,47,200,16,16,0.1,val,client_3,11,42,636,678,True,0.7675202156334232
Tox21,fedavg_proto,0.5,1,47,200,16,16,0.1,test,server,0,32,693,725,True,0.8265241702741702
Tox21,fedavg_proto,0.5,1,47,200,16,16,0.1,test,server,1,33,646,679,True,0.9032273196359883
Tox21,fedavg_proto,0.5,1,47,200,16,16,0.1,test,server,2,77,572,649,True,0.8346426300971757
Tox21,fedavg_proto,0.5,1,47,200,16,16,0.1,test,server,3,38,538,576,True,0.7758755625122286
Tox21,fedavg_proto,0.5,1,47,200,16,16,0.1,test,server,4,80,531,611,True,0.7097928436911488
Tox21,fedavg_proto,0.5,1,47,200,16,16,0.1,test,server,5,34,647,681,True,0.7977543413037549
Tox21,fedavg_proto,0.5,1,47,200,16,16,0.1,test,server,6,21,617,638,True,0.7678474955622443
Tox21,fedavg_proto,0.5,1,47,200,16,16,0.1,test,server,7,95,494,589,True,0.7632644363946304
Tox21,fedavg_proto,0.5,1,47,200,16,16,0.1,test,server,8,32,670,702,True,0.825186567164179
Tox21,fedavg_proto,0.5,1,47,200,16,16,0.1,test,server,9,36,621,657,True,0.7286634460547504
Tox21,fedavg_proto,0.5,1,47,200,16,16,0.1,test,server,10,93,485,578,True,0.8417470346968186
Tox21,fedavg_proto,0.5,1,47,200,16,16,0.1,test,server,11,48,624,672,True,0.7876936431623932
Tox21,fedavg_proto,0.5,1,47,200,16,16,0.1,test,client_0,0,32,693,725,True,0.8223755411255411
Tox21,fedavg_proto,0.5,1,47,200,16,16,0.1,test,client_0,1,33,646,679,True,0.8990524439440848
Tox21,fedavg_proto,0.5,1,47,200,16,16,0.1,test,client_0,2,77,572,649,True,0.8291027154663517
Tox21,fedavg_proto,0.5,1,47,200,16,16,0.1,test,client_0,3,38,538,576,True,0.771033065936216
Tox21,fedavg_proto,0.5,1,47,200,16,16,0.1,test,client_0,4,80,531,611,True,0.7018596986817326
Tox21,fedavg_proto,0.5,1,47,200,16,16,0.1,test,client_0,5,34,647,681,True,0.7905264114919538
Tox21,fedavg_proto,0.5,1,47,200,16,16,0.1,test,client_0,6,21,617,638,True,0.7912325383962338
Tox21,fedavg_proto,0.5,1,47,200,16,16,0.1,test,client_0,7,95,494,589,True,0.7689537609205198
Tox21,fedavg_proto,0.5,1,47,200,16,16,0.1,test,client_0,8,32,670,702,True,0.8339552238805971
Tox21,fedavg_proto,0.5,1,47,200,16,16,0.1,test,client_0,9,36,621,657,True,0.7406512792986224
Tox21,fedavg_proto,0.5,1,47,200,16,16,0.1,test,client_0,10,93,485,578,True,0.8300188449174147
Tox21,fedavg_proto,0.5,1,47,200,16,16,0.1,test,client_0,11,48,624,672,True,0.7933026175213675
Tox21,fedavg_proto,0.5,1,47,200,16,16,0.1,test,client_1,0,32,693,725,True,0.8252164502164502
Tox21,fedavg_proto,0.5,1,47,200,16,16,0.1,test,client_1,1,33,646,679,True,0.9028989586265129
Tox21,fedavg_proto,0.5,1,47,200,16,16,0.1,test,client_1,2,77,572,649,True,0.8311234220325129
Tox21,fedavg_proto,0.5,1,47,200,16,16,0.1,test,client_1,3,38,538,576,True,0.7579729994130308
Tox21,fedavg_proto,0.5,1,47,200,16,16,0.1,test,client_1,4,80,531,611,True,0.7024011299435027
Tox21,fedavg_proto,0.5,1,47,200,16,16,0.1,test,client_1,5,34,647,681,True,0.7984362214746795
Tox21,fedavg_proto,0.5,1,47,200,16,16,0.1,test,client_1,6,21,617,638,True,0.7727869105502817
Tox21,fedavg_proto,0.5,1,47,200,16,16,0.1,test,client_1,7,95,494,589,True,0.7617089281909226
Tox21,fedavg_proto,0.5,1,47,200,16,16,0.1,test,client_1,8,32,670,702,True,0.8420708955223881
Tox21,fedavg_proto,0.5,1,47,200,16,16,0.1,test,client_1,9,36,621,657,True,0.7397566648774379
Tox21,fedavg_proto,0.5,1,47,200,16,16,0.1,test,client_1,10,93,485,578,True,0.8483316705465026
Tox21,fedavg_proto,0.5,1,47,200,16,16,0.1,test,client_1,11,48,624,672,True,0.7961071047008547
Tox21,fedavg_proto,0.5,1,47,200,16,16,0.1,test,client_2,0,32,693,725,True,0.8230068542568542
Tox21,fedavg_proto,0.5,1,47,200,16,16,0.1,test,client_2,1,33,646,679,True,0.8971291866028708
Tox21,fedavg_proto,0.5,1,47,200,16,16,0.1,test,client_2,2,77,572,649,True,0.8272863500136227
Tox21,fedavg_proto,0.5,1,47,200,16,16,0.1,test,client_2,3,38,538,576,True,0.7640872627665819
Tox21,fedavg_proto,0.5,1,47,200,16,16,0.1,test,client_2,4,80,531,611,True,0.7118879472693032
Tox21,fedavg_proto,0.5,1,47,200,16,16,0.1,test,client_2,5,34,647,681,True,0.7944358578052549
Tox21,fedavg_proto,0.5,1,47,200,16,16,0.1,test,client_2,6,21,617,638,True,0.7402176429729104
Tox21,fedavg_proto,0.5,1,47,200,16,16,0.1,test,client_2,7,95,494,589,True,0.7518005540166205
Tox21,fedavg_proto,0.5,1,47,200,16,16,0.1,test,client_2,8,32,670,702,True,0.7885727611940299
Tox21,fedavg_proto,0.5,1,47,200,16,16,0.1,test,client_2,9,36,621,657,True,0.6842458400429415
Tox21,fedavg_proto,0.5,1,47,200,16,16,0.1,test,client_2,10,93,485,578,True,0.830728300631859
Tox21,fedavg_proto,0.5,1,47,200,16,16,0.1,test,client_2,11,48,624,672,True,0.7628872863247863
Tox21,fedavg_proto,0.5,1,47,200,16,16,0.1,test,client_3,0,32,693,725,True,0.8222853535353535
Tox21,fedavg_proto,0.5,1,47,200,16,16,0.1,test,client_3,1,33,646,679,True,0.8773337086030585
Tox21,fedavg_proto,0.5,1,47,200,16,16,0.1,test,client_3,2,77,572,649,True,0.8296476251021706
Tox21,fedavg_proto,0.5,1,47,200,16,16,0.1,test,client_3,3,38,538,576,True,0.773429857170808
Tox21,fedavg_proto,0.5,1,47,200,16,16,0.1,test,client_3,4,80,531,611,True,0.7068502824858757
Tox21,fedavg_proto,0.5,1,47,200,16,16,0.1,test,client_3,5,34,647,681,True,0.7831621056459678
Tox21,fedavg_proto,0.5,1,47,200,16,16,0.1,test,client_3,6,21,617,638,True,0.7372848653237631
Tox21,fedavg_proto,0.5,1,47,200,16,16,0.1,test,client_3,7,95,494,589,True,0.7484338376305136
Tox21,fedavg_proto,0.5,1,47,200,16,16,0.1,test,client_3,8,32,670,702,True,0.789179104477612
Tox21,fedavg_proto,0.5,1,47,200,16,16,0.1,test,client_3,9,36,621,657,True,0.7185543030953659
Tox21,fedavg_proto,0.5,1,47,200,16,16,0.1,test,client_3,10,93,485,578,True,0.8399068839374793
Tox21,fedavg_proto,0.5,1,47,200,16,16,0.1,test,client_3,11,48,624,672,True,0.7720018696581197
Tox21,fedavg_proto,0.5,1,48,200,16,16,0.1,val,server,0,31,696,727,True,0.7868928439006303
Tox21,fedavg_proto,0.5,1,48,200,16,16,0.1,val,server,1,23,652,675,True,0.7961456388370233
Tox21,fedavg_proto,0.5,1,48,200,16,16,0.1,val,server,2,74,567,641,True,0.8162924829591496
Tox21,fedavg_proto,0.5,1,48,200,16,16,0.1,val,server,3,19,546,565,True,0.8248505880084828
Tox21,fedavg_proto,0.5,1,48,200,16,16,0.1,val,server,4,82,541,623,True,0.7039583427257562
Tox21,fedavg_proto,0.5,1,48,200,16,16,0.1,val,server,5,30,657,687,True,0.813089802130898
Tox21,fedavg_proto,0.5,1,48,200,16,16,0.1,val,server,6,21,612,633,True,0.6448023653906007
Tox21,fedavg_proto,0.5,1,48,200,16,16,0.1,val,server,7,96,492,588,True,0.7084391937669378
Tox21,fedavg_proto,0.5,1,48,200,16,16,0.1,val,server,8,30,677,707,True,0.7877892663712457
Tox21,fedavg_proto,0.5,1,48,200,16,16,0.1,val,server,9,45,603,648,True,0.6241017136539524
Tox21,fedavg_proto,0.5,1,48,200,16,16,0.1,val,server,10,92,495,587,True,0.8859025032938076
Tox21,fedavg_proto,0.5,1,48,200,16,16,0.1,val,server,11,42,636,678,True,0.7844788858939802
Tox21,fedavg_proto,0.5,1,48,200,16,16,0.1,val,client_0,0,31,696,727,True,0.7806822395253986
Tox21,fedavg_proto,0.5,1,48,200,16,16,0.1,val,client_0,1,23,652,675,True,0.7970792211256336
Tox21,fedavg_proto,0.5,1,48,200,16,16,0.1,val,client_0,2,74,567,641,True,0.8048524715191382
Tox21,fedavg_proto,0.5,1,48,200,16,16,0.1,val,client_0,3,19,546,565,True,0.8159822633506844
Tox21,fedavg_proto,0.5,1,48,200,16,16,0.1,val,client_0,4,82,541,623,True,0.6957982056715207
Tox21,fedavg_proto,0.5,1,48,200,16,16,0.1,val,client_0,5,30,657,687,True,0.7983257229832574
Tox21,fedavg_proto,0.5,1,48,200,16,16,0.1,val,client_0,6,21,612,633,True,0.6588857765328353
Tox21,fedavg_proto,0.5,1,48,200,16,16,0.1,val,client_0,7,96,492,588,True,0.7027439024390243
Tox21,fedavg_proto,0.5,1,48,200,16,16,0.1,val,client_0,8,30,677,707,True,0.7873953717380601
Tox21,fedavg_proto,0.5,1,48,200,16,16,0.1,val,client_0,9,45,603,648,True,0.6028376635341809
Tox21,fedavg_proto,0.5,1,48,200,16,16,0.1,val,client_0,10,92,495,587,True,0.8779754062362758
Tox21,fedavg_proto,0.5,1,48,200,16,16,0.1,val,client_0,11,42,636,678,True,0.7842542677448339
Tox21,fedavg_proto,0.5,1,48,200,16,16,0.1,val,client_1,0,31,696,727,True,0.7954208379681127
Tox21,fedavg_proto,0.5,1,48,200,16,16,0.1,val,client_1,1,23,652,675,True,0.787076553747666
Tox21,fedavg_proto,0.5,1,48,200,16,16,0.1,val,client_1,2,74,567,641,True,0.8224653224653224
Tox21,fedavg_proto,0.5,1,48,200,16,16,0.1,val,client_1,3,19,546,565,True,0.8278388278388278
Tox21,fedavg_proto,0.5,1,48,200,16,16,0.1,val,client_1,4,82,541,623,True,0.702357873856003
Tox21,fedavg_proto,0.5,1,48,200,16,16,0.1,val,client_1,5,30,657,687,True,0.8114662607813292
Tox21,fedavg_proto,0.5,1,48,200,16,16,0.1,val,client_1,6,21,612,633,True,0.6129785247432307
Tox21,fedavg_proto,0.5,1,48,200,16,16,0.1,val,client_1,7,96,492,588,True,0.7037813346883468
Tox21,fedavg_proto,0.5,1,48,200,16,16,0.1,val,client_1,8,30,677,707,True,0.7770064007877893
Tox21,fedavg_proto,0.5,1,48,200,16,16,0.1,val,client_1,9,45,603,648,True,0.6483508384005896
Tox21,fedavg_proto,0.5,1,48,200,16,16,0.1,val,client_1,10,92,495,587,True,0.8821256038647343
Tox21,fedavg_proto,0.5,1,48,200,16,16,0.1,val,client_1,11,42,636,678,True,0.7727613057801737
Tox21,fedavg_proto,0.5,1,48,200,16,16,0.1,val,client_2,0,31,696,727,True,0.7915739710789766
Tox21,fedavg_proto,0.5,1,48,200,16,16,0.1,val,client_2,1,23,652,675,True,0.8017471325686849
Tox21,fedavg_proto,0.5,1,48,200,16,16,0.1,val,client_2,2,74,567,641,True,0.8121454788121455
Tox21,fedavg_proto,0.5,1,48,200,16,16,0.1,val,client_2,3,19,546,565,True,0.8220551378446115
Tox21,fedavg_proto,0.5,1,48,200,16,16,0.1,val,client_2,4,82,541,623,True,0.708083494883008
Tox21,fedavg_proto,0.5,1,48,200,16,16,0.1,val,client_2,5,30,657,687,True,0.8146118721461189
Tox21,fedavg_proto,0.5,1,48,200,16,16,0.1,val,client_2,6,21,612,633,True,0.6511826953003423
Tox21,fedavg_proto,0.5,1,48,200,16,16,0.1,val,client_2,7,96,492,588,True,0.7023628048780489
Tox21,fedavg_proto,0.5,1,48,200,16,16,0.1,val,client_2,8,30,677,707,True,0.7840472673559823
Tox21,fedavg_proto,0.5,1,48,200,16,16,0.1,val,client_2,9,45,603,648,True,0.6138934954855354
Tox21,fedavg_proto,0.5,1,48,200,16,16,0.1,val,client_2,10,92,495,587,True,0.8752086078173034
Tox21,fedavg_proto,0.5,1,48,200,16,16,0.1,val,client_2,11,42,636,678,True,0.7856768493560947
Tox21,fedavg_proto,0.5,1,48,200,16,16,0.1,val,client_3,0,31,696,727,True,0.7856878012606601
Tox21,fedavg_proto,0.5,1,48,200,16,16,0.1,val,client_3,1,23,652,675,True,0.7909442518004801
Tox21,fedavg_proto,0.5,1,48,200,16,16,0.1,val,client_3,2,74,567,641,True,0.815267648600982
Tox21,fedavg_proto,0.5,1,48,200,16,16,0.1,val,client_3,3,19,546,565,True,0.8046076730287256
Tox21,fedavg_proto,0.5,1,48,200,16,16,0.1,val,client_3,4,82,541,623,True,0.6952572021099137
Tox21,fedavg_proto,0.5,1,48,200,16,16,0.1,val,client_3,5,30,657,687,True,0.8064434297311011
Tox21,fedavg_proto,0.5,1,48,200,16,16,0.1,val,client_3,6,21,612,633,True,0.6353874883286648
Tox21,fedavg_proto,0.5,1,48,200,16,16,0.1,val,client_3,7,96,492,588,True,0.7140497967479675
Tox21,fedavg_proto,0.5,1,48,200,16,16,0.1,val,client_3,8,30,677,707,True,0.7858197932053177
Tox21,fedavg_proto,0.5,1,48,200,16,16,0.1,val,client_3,9,45,603,648,True,0.6282660770222959
Tox21,fedavg_proto,0.5,1,48,200,16,16,0.1,val,client_3,10,92,495,587,True,0.8900087834870443
Tox21,fedavg_proto,0.5,1,48,200,16,16,0.1,val,client_3,11,42,636,678,True,0.7845911949685535
Tox21,fedavg_proto,0.5,1,48,200,16,16,0.1,test,server,0,32,693,725,True,0.825261544011544
Tox21,fedavg_proto,0.5,1,48,200,16,16,0.1,test,server,1,33,646,679,True,0.903180410920349
Tox21,fedavg_proto,0.5,1,48,200,16,16,0.1,test,server,2,77,572,649,True,0.8360503133230405
Tox21,fedavg_proto,0.5,1,48,200,16,16,0.1,test,server,3,38,538,576,True,0.7776853844648797
Tox21,fedavg_proto,0.5,1,48,200,16,16,0.1,test,server,4,80,531,611,True,0.7086629001883239
Tox21,fedavg_proto,0.5,1,48,200,16,16,0.1,test,server,5,34,647,681,True,0.7966178743522139
Tox21,fedavg_proto,0.5,1,48,200,16,16,0.1,test,server,6,21,617,638,True,0.7686964575133133
Tox21,fedavg_proto,0.5,1,48,200,16,16,0.1,test,server,7,95,494,589,True,0.7633070530577457
Tox21,fedavg_proto,0.5,1,48,200,16,16,0.1,test,server,8,32,670,702,True,0.8239272388059702
Tox21,fedavg_proto,0.5,1,48,200,16,16,0.1,test,server,9,36,621,657,True,0.7320629808552513
Tox21,fedavg_proto,0.5,1,48,200,16,16,0.1,test,server,10,93,485,578,True,0.8438088903669216
Tox21,fedavg_proto,0.5,1,48,200,16,16,0.1,test,server,11,48,624,672,True,0.7905982905982906
Tox21,fedavg_proto,0.5,1,48,200,16,16,0.1,test,client_0,0,32,693,725,True,0.8235479797979797
Tox21,fedavg_proto,0.5,1,48,200,16,16,0.1,test,client_0,1,33,646,679,True,0.8975044563279857
Tox21,fedavg_proto,0.5,1,48,200,16,16,0.1,test,client_0,2,77,572,649,True,0.8296930342384887
Tox21,fedavg_proto,0.5,1,48,200,16,16,0.1,test,client_0,3,38,538,576,True,0.7768049305419682
Tox21,fedavg_proto,0.5,1,48,200,16,16,0.1,test,client_0,4,80,531,611,True,0.7076271186440678
Tox21,fedavg_proto,0.5,1,48,200,16,16,0.1,test,client_0,5,34,647,681,True,0.7880716428766252
Tox21,fedavg_proto,0.5,1,48,200,16,16,0.1,test,client_0,6,21,617,638,True,0.7686192791541252
Tox21,fedavg_proto,0.5,1,48,200,16,16,0.1,test,client_0,7,95,494,589,True,0.7644790112934157
Tox21,fedavg_proto,0.5,1,48,200,16,16,0.1,test,client_0,8,32,670,702,True,0.8105410447761194
Tox21,fedavg_proto,0.5,1,48,200,16,16,0.1,test,client_0,9,36,621,657,True,0.7270531400966184
Tox21,fedavg_proto,0.5,1,48,200,16,16,0.1,test,client_0,10,93,485,578,True,0.8289324908546725
Tox21,fedavg_proto,0.5,1,48,200,16,16,0.1,test,client_0,11,48,624,672,True,0.7853565705128205
Tox21,fedavg_proto,0.5,1,48,200,16,16,0.1,test,client_1,0,32,693,725,True,0.8297258297258298
Tox21,fedavg_proto,0.5,1,48,200,16,16,0.1,test,client_1,1,33,646,679,True,0.9033211370672671
Tox21,fedavg_proto,0.5,1,48,200,16,16,0.1,test,client_1,2,77,572,649,True,0.8381164290255199
Tox21,fedavg_proto,0.5,1,48,200,16,16,0.1,test,client_1,3,38,538,576,True,0.7636959499119546
Tox21,fedavg_proto,0.5,1,48,200,16,16,0.1,test,client_1,4,80,531,611,True,0.6962335216572505
Tox21,fedavg_proto,0.5,1,48,200,16,16,0.1,test,client_1,5,34,647,681,True,0.795572324756796
Tox21,fedavg_proto,0.5,1,48,200,16,16,0.1,test,client_1,6,21,617,638,True,0.7679246739214324
Tox21,fedavg_proto,0.5,1,48,200,16,16,0.1,test,client_1,7,95,494,589,True,0.7591306200724484
Tox21,fedavg_proto,0.5,1,48,200,16,16,0.1,test,client_1,8,32,670,702,True,0.8415578358208956
Tox21,fedavg_proto,0.5,1,48,200,16,16,0.1,test,client_1,9,36,621,657,True,0.749597423510467
Tox21,fedavg_proto,0.5,1,48,200,16,16,0.1,test,client_1,10,93,485,578,True,0.8518124376454939
Tox21,fedavg_proto,0.5,1,48,200,16,16,0.1,test,client_1,11,48,624,672,True,0.8040531517094017
Tox21,fedavg_proto,0.5,1,48,200,16,16,0.1,test,client_2,0,32,693,725,True,0.8222402597402597
Tox21,fedavg_proto,0.5,1,48,200,16,16,0.1,test,client_2,1,33,646,679,True,0.8986302655033306
Tox21,fedavg_proto,0.5,1,48,200,16,16,0.1,test,client_2,2,77,572,649,True,0.8266506221051675
Tox21,fedavg_proto,0.5,1,48,200,16,16,0.1,test,client_2,3,38,538,576,True,0.7614459009978478
Tox21,fedavg_proto,0.5,1,48,200,16,16,0.1,test,client_2,4,80,531,611,True,0.7131591337099812
Tox21,fedavg_proto,0.5,1,48,200,16,16,0.1,test,client_2,5,34,647,681,True,0.7895717792526593
Tox21,fedavg_proto,0.5,1,48,200,16,16,0.1,test,client_2,6,21,617,638,True,0.7414524967199196
Tox21,fedavg_proto,0.5,1,48,200,16,16,0.1,test,client_2,7,95,494,589,True,0.7530151289154059
Tox21,fedavg_proto,0.5,1,48,200,16,16,0.1,test,client_2,8,32,670,702,True,0.7867537313432835
Tox21,fedavg_proto,0.5,1,48,200,16,16,0.1,test,client_2,9,36,621,657,True,0.6871086061907318
Tox21,fedavg_proto,0.5,1,48,200,16,16,0.1,test,client_2,10,93,485,578,True,0.8352954217935927
Tox21,fedavg_proto,0.5,1,48,200,16,16,0.1,test,client_2,11,48,624,672,True,0.7546741452991452
Tox21,fedavg_proto,0.5,1,48,200,16,16,0.1,test,client_3,0,32,693,725,True,0.8229166666666666
Tox21,fedavg_proto,0.5,1,48,200,16,16,0.1,test,client_3,1,33,646,679,True,0.9019607843137255
Tox21,fedavg_proto,0.5,1,48,200,16,16,0.1,test,client_3,2,77,572,649,True,0.8330533103260376
Tox21,fedavg_proto,0.5,1,48,200,16,16,0.1,test,client_3,3,38,538,576,True,0.7806202308745842
Tox21,fedavg_proto,0.5,1,48,200,16,16,0.1,test,client_3,4,80,531,611,True,0.6998352165725047
Tox21,fedavg_proto,0.5,1,48,200,16,16,0.1,test,client_3,5,34,647,681,True,0.7942994817710701
Tox21,fedavg_proto,0.5,1,48,200,16,16,0.1,test,client_3,6,21,617,638,True,0.7577371305086054
Tox21,fedavg_proto,0.5,1,48,200,16,16,0.1,test,client_3,7,95,494,589,True,0.761687619859365
Tox21,fedavg_proto,0.5,1,48,200,16,16,0.1,test,client_3,8,32,670,702,True,0.8213152985074627
Tox21,fedavg_proto,0.5,1,48,200,16,16,0.1,test,client_3,9,36,621,657,True,0.7429772767937018
Tox21,fedavg_proto,0.5,1,48,200,16,16,0.1,test,client_3,10,93,485,578,True,0.8483095000554263
Tox21,fedavg_proto,0.5,1,48,200,16,16,0.1,test,client_3,11,48,624,672,True,0.7958733974358974
Tox21,fedavg_proto,0.5,1,49,200,16,16,0.1,val,server,0,31,696,727,True,0.7877734519836856
Tox21,fedavg_proto,0.5,1,49,200,16,16,0.1,val,server,1,23,652,675,True,0.7988130168044811
Tox21,fedavg_proto,0.5,1,49,200,16,16,0.1,val,server,2,74,567,641,True,0.8147433147433147
Tox21,fedavg_proto,0.5,1,49,200,16,16,0.1,val,server,3,19,546,565,True,0.8167534220165799
Tox21,fedavg_proto,0.5,1,49,200,16,16,0.1,val,server,4,82,541,623,True,0.7062576078625851
Tox21,fedavg_proto,0.5,1,49,200,16,16,0.1,val,server,5,30,657,687,True,0.8114155251141553
Tox21,fedavg_proto,0.5,1,49,200,16,16,0.1,val,server,6,21,612,633,True,0.649081854964208
Tox21,fedavg_proto,0.5,1,49,200,16,16,0.1,val,server,7,96,492,588,True,0.7072535569105691
Tox21,fedavg_proto,0.5,1,49,200,16,16,0.1,val,server,8,30,677,707,True,0.7877400295420975
Tox21,fedavg_proto,0.5,1,49,200,16,16,0.1,val,server,9,45,603,648,True,0.6259443523125116
Tox21,fedavg_proto,0.5,1,49,200,16,16,0.1,val,server,10,92,495,587,True,0.8859464207290294
Tox21,fedavg_proto,0.5,1,49,200,16,16,0.1,val,server,11,42,636,678,True,0.7829439952081462
Tox21,fedavg_proto,0.5,1,49,200,16,16,0.1,val,client_0,0,31,696,727,True,0.7797089358546533
Tox21,fedavg_proto,0.5,1,49,200,16,16,0.1,val,client_0,1,23,652,675,True,0.7944118431581755
Tox21,fedavg_proto,0.5,1,49,200,16,16,0.1,val,client_0,2,74,567,641,True,0.8084513084513084
Tox21,fedavg_proto,0.5,1,49,200,16,16,0.1,val,client_0,3,19,546,565,True,0.818295739348371
Tox21,fedavg_proto,0.5,1,49,200,16,16,0.1,val,client_0,4,82,541,623,True,0.7032820882737478
Tox21,fedavg_proto,0.5,1,49,200,16,16,0.1,val,client_0,5,30,657,687,True,0.8015728056823948
Tox21,fedavg_proto,0.5,1,49,200,16,16,0.1,val,client_0,6,21,612,633,True,0.6623093681917211
Tox21,fedavg_proto,0.5,1,49,200,16,16,0.1,val,client_0,7,96,492,588,True,0.7002032520325204
Tox21,fedavg_proto,0.5,1,49,200,16,16,0.1,val,client_0,8,30,677,707,True,0.7863613983259479
Tox21,fedavg_proto,0.5,1,49,200,16,16,0.1,val,client_0,9,45,603,648,True,0.607149437995209
Tox21,fedavg_proto,0.5,1,49,200,16,16,0.1,val,client_0,10,92,495,587,True,0.8796881862099253
Tox21,fedavg_proto,0.5,1,49,200,16,16,0.1,val,client_0,11,42,636,678,True,0.7786762503743635
Tox21,fedavg_proto,0.5,1,49,200,16,16,0.1,val,client_1,0,31,696,727,True,0.8011679644048942
Tox21,fedavg_proto,0.5,1,49,200,16,16,0.1,val,client_1,1,23,652,675,True,0.7860096025606829
Tox21,fedavg_proto,0.5,1,49,200,16,16,0.1,val,client_1,2,74,567,641,True,0.8136946470279803
Tox21,fedavg_proto,0.5,1,49,200,16,16,0.1,val,client_1,3,19,546,565,True,0.8143435511856564
Tox21,fedavg_proto,0.5,1,49,200,16,16,0.1,val,client_1,4,82,541,623,True,0.7083990802939453
Tox21,fedavg_proto,0.5,1,49,200,16,16,0.1,val,client_1,5,30,657,687,True,0.8118721461187215
Tox21,fedavg_proto,0.5,1,49,200,16,16,0.1,val,client_1,6,21,612,633,True,0.6197478991596639
Tox21,fedavg_proto,0.5,1,49,200,16,16,0.1,val,client_1,7,96,492,588,True,0.7050304878048781
Tox21,fedavg_proto,0.5,1,49,200,16,16,0.1,val,client_1,8,30,677,707,True,0.7804529788281634
Tox21,fedavg_proto,0.5,1,49,200,16,16,0.1,val,client_1,9,45,603,648,True,0.6459922609176341
Tox21,fedavg_proto,0.5,1,49,200,16,16,0.1,val,client_1,10,92,495,587,True,0.8811374615722442
Tox21,fedavg_proto,0.5,1,49,200,16,16,0.1,val,client_1,11,42,636,678,True,0.7730982330038934
Tox21,fedavg_proto,0.5,1,49,200,16,16,0.1,val,client_2,0,31,696,727,True,0.7887004078605858
Tox21,fedavg_proto,0.5,1,49,200,16,16,0.1,val,client_2,1,23,652,675,True,0.8036142971459056
Tox21,fedavg_proto,0.5,1,49,200,16,16,0.1,val,client_2,2,74,567,641,True,0.8151008151008151
Tox21,fedavg_proto,0.5,1,49,200,16,16,0.1,val,client_2,3,19,546,565,True,0.804125698862541
Tox21,fedavg_proto,0.5,1,49,200,16,16,0.1,val,client_2,4,82,541,623,True,0.6996077724178351
Tox21,fedavg_proto,0.5,1,49,200,16,16,0.1,val,client_2,5,30,657,687,True,0.8040081177067477
Tox21,fedavg_proto,0.5,1,49,200,16,16,0.1,val,client_2,6,21,612,633,True,0.6581076875194523
Tox21,fedavg_proto,0.5,1,49,200,16,16,0.1,val,client_2,7,96,492,588,True,0.7071688685636855
Tox21,fedavg_proto,0.5,1,49,200,16,16,0.1,val,client_2,8,30,677,707,True,0.7930083702609552
Tox21,fedavg_proto,0.5,1,49,200,16,16,0.1,val,client_2,9,45,603,648,True,0.6202690252441496
Tox21,fedavg_proto,0.5,1,49,200,16,16,0.1,val,client_2,10,92,495,587,True,0.8764163372859025
Tox21,fedavg_proto,0.5,1,49,200,16,16,0.1,val,client_2,11,42,636,678,True,0.7942123390236597
Tox21,fedavg_proto,0.5,1,49,200,16,16,0.1,val,client_3,0,31,696,727,True,0.7836021505376345
Tox21,fedavg_proto,0.5,1,49,200,16,16,0.1,val,client_3,1,23,652,675,True,0.7958789010402775
Tox21,fedavg_proto,0.5,1,49,200,16,16,0.1,val,client_3,2,74,567,641,True,0.8096668096668097
Tox21,fedavg_proto,0.5,1,49,200,16,16,0.1,val,client_3,3,19,546,565,True,0.7859070753807597
Tox21,fedavg_proto,0.5,1,49,200,16,16,0.1,val,client_3,4,82,541,623,True,0.7030792119381452
Tox21,fedavg_proto,0.5,1,49,200,16,16,0.1,val,client_3,5,30,657,687,True,0.8075596144089295
Tox21,fedavg_proto,0.5,1,49,200,16,16,0.1,val,client_3,6,21,612,633,True,0.6353096794273264
Tox21,fedavg_proto,0.5,1,49,200,16,16,0.1,val,client_3,7,96,492,588,True,0.707444105691057
Tox21,fedavg_proto,0.5,1,49,200,16,16,0.1,val,client_3,8,30,677,707,True,0.7770556376169375
Tox21,fedavg_proto,0.5,1,49,200,16,16,0.1,val,client_3,9,45,603,648,True,0.6241017136539524
Tox21,fedavg_proto,0.5,1,49,200,16,16,0.1,val,client_3,10,92,495,587,True,0.8901185770750988
Tox21,fedavg_proto,0.5,1,49,200,16,16,0.1,val,client_3,11,42,636,678,True,0.776841868823001
Tox21,fedavg_proto,0.5,1,49,200,16,16,0.1,test,server,0,32,693,725,True,0.8251262626262627
Tox21,fedavg_proto,0.5,1,49,200,16,16,0.1,test,server,1,33,646,679,True,0.9028520499108734
Tox21,fedavg_proto,0.5,1,49,200,16,16,0.1,test,server,2,77,572,649,True,0.8336209245300155
Tox21,fedavg_proto,0.5,1,49,200,16,16,0.1,test,server,3,38,538,576,True,0.7767560164351398
Tox21,fedavg_proto,0.5,1,49,200,16,16,0.1,test,server,4,80,531,611,True,0.7098870056497175
Tox21,fedavg_proto,0.5,1,49,200,16,16,0.1,test,server,5,34,647,681,True,0.7985271388308027
Tox21,fedavg_proto,0.5,1,49,200,16,16,0.1,test,server,6,21,617,638,True,0.7700856679786988
Tox21,fedavg_proto,0.5,1,49,200,16,16,0.1,test,server,7,95,494,589,True,0.7618367781802684
Tox21,fedavg_proto,0.5,1,49,200,16,16,0.1,test,server,8,32,670,702,True,0.8236940298507462
Tox21,fedavg_proto,0.5,1,49,200,16,16,0.1,test,server,9,36,621,657,True,0.7266505636070854
Tox21,fedavg_proto,0.5,1,49,200,16,16,0.1,test,server,10,93,485,578,True,0.8413479658574438
Tox21,fedavg_proto,0.5,1,49,200,16,16,0.1,test,server,11,48,624,672,True,0.7874599358974359
Tox21,fedavg_proto,0.5,1,49,200,16,16,0.1,test,client_0,0,32,693,725,True,0.8260281385281385
Tox21,fedavg_proto,0.5,1,49,200,16,16,0.1,test,client_0,1,33,646,679,True,0.8965662820151985
Tox21,fedavg_proto,0.5,1,49,200,16,16,0.1,test,client_0,2,77,572,649,True,0.8314639905548996
Tox21,fedavg_proto,0.5,1,49,200,16,16,0.1,test,client_0,3,38,538,576,True,0.7708863236157307
Tox21,fedavg_proto,0.5,1,49,200,16,16,0.1,test,client_0,4,80,531,611,True,0.7121704331450095
Tox21,fedavg_proto,0.5,1,49,200,16,16,0.1,test,client_0,5,34,647,681,True,0.7938448949904536
Tox21,fedavg_proto,0.5,1,49,200,16,16,0.1,test,client_0,6,21,617,638,True,0.7710889866481438
Tox21,fedavg_proto,0.5,1,49,200,16,16,0.1,test,client_0,7,95,494,589,True,0.7613040698913275
Tox21,fedavg_proto,0.5,1,49,200,16,16,0.1,test,client_0,8,32,670,702,True,0.8119869402985075
Tox21,fedavg_proto,0.5,1,49,200,16,16,0.1,test,client_0,9,36,621,657,True,0.7132313472893183
Tox21,fedavg_proto,0.5,1,49,200,16,16,0.1,test,client_0,10,93,485,578,True,0.8326127923733511
Tox21,fedavg_proto,0.5,1,49,200,16,16,0.1,test,client_0,11,48,624,672,True,0.7728031517094017
Tox21,fedavg_proto,0.5,1,49,200,16,16,0.1,test,client_1,0,32,693,725,True,0.8238185425685426
Tox21,fedavg_proto,0.5,1,49,200,16,16,0.1,test,client_1,1,33,646,679,True,0.9013978797260532
Tox21,fedavg_proto,0.5,1,49,200,16,16,0.1,test,client_1,2,77,572,649,True,0.8325084006902189
Tox21,fedavg_proto,0.5,1,49,200,16,16,0.1,test,client_1,3,38,538,576,True,0.7650166307963217
Tox21,fedavg_proto,0.5,1,49,200,16,16,0.1,test,client_1,4,80,531,611,True,0.7030131826741997
Tox21,fedavg_proto,0.5,1,49,200,16,16,0.1,test,client_1,5,34,647,681,True,0.8020729157196108
Tox21,fedavg_proto,0.5,1,49,200,16,16,0.1,test,client_1,6,21,617,638,True,0.7723238403951532
Tox21,fedavg_proto,0.5,1,49,200,16,16,0.1,test,client_1,7,95,494,589,True,0.7632431280630726
Tox21,fedavg_proto,0.5,1,49,200,16,16,0.1,test,client_1,8,32,670,702,True,0.8449160447761194
Tox21,fedavg_proto,0.5,1,49,200,16,16,0.1,test,client_1,9,36,621,657,True,0.7462426194310252
Tox21,fedavg_proto,0.5,1,49,200,16,16,0.1,test,client_1,10,93,485,578,True,0.8426781953220264
Tox21,fedavg_proto,0.5,1,49,200,16,16,0.1,test,client_1,11,48,624,672,True,0.7978098290598291
Tox21,fedavg_proto,0.5,1,49,200,16,16,0.1,test,client_2,0,32,693,725,True,0.8214285714285714
Tox21,fedavg_proto,0.5,1,49,200,16,16,0.1,test,client_2,1,33,646,679,True,0.8953466554085748
Tox21,fedavg_proto,0.5,1,49,200,16,16,0.1,test,client_2,2,77,572,649,True,0.8240850059031877
Tox21,fedavg_proto,0.5,1,49,200,16,16,0.1,test,client_2,3,38,538,576,True,0.7616904715319898
Tox21,fedavg_proto,0.5,1,49,200,16,16,0.1,test,client_2,4,80,531,611,True,0.7108757062146893
Tox21,fedavg_proto,0.5,1,49,200,16,16,0.1,test,client_2,5,34,647,681,True,0.7903445767797072
Tox21,fedavg_proto,0.5,1,49,200,16,16,0.1,test,client_2,6,21,617,638,True,0.7477039438141545
Tox21,fedavg_proto,0.5,1,49,200,16,16,0.1,test,client_2,7,95,494,589,True,0.7533986788834435
Tox21,fedavg_proto,0.5,1,49,200,16,16,0.1,test,client_2,8,32,670,702,True,0.7930970149253731
Tox21,fedavg_proto,0.5,1,49,200,16,16,0.1,test,client_2,9,36,621,657,True,0.6876006441223833
Tox21,fedavg_proto,0.5,1,49,200,16,16,0.1,test,client_2,10,93,485,578,True,0.8287329564349851
Tox21,fedavg_proto,0.5,1,49,200,16,16,0.1,test,client_2,11,48,624,672,True,0.7700988247863247
Tox21,fedavg_proto,0.5,1,49,200,16,16,0.1,test,client_3,0,32,693,725,True,0.8214285714285713
Tox21,fedavg_proto,0.5,1,49,200,16,16,0.1,test,client_3,1,33,646,679,True,0.9012102448634957
Tox21,fedavg_proto,0.5,1,49,200,16,16,0.1,test,client_3,2,77,572,649,True,0.8308509672146036
Tox21,fedavg_proto,0.5,1,49,200,16,16,0.1,test,client_3,3,38,538,576,True,0.77797886910585
Tox21,fedavg_proto,0.5,1,49,200,16,16,0.1,test,client_3,4,80,531,611,True,0.7028719397363464
Tox21,fedavg_proto,0.5,1,49,200,16,16,0.1,test,client_3,5,34,647,681,True,0.7946631511955633
Tox21,fedavg_proto,0.5,1,49,200,16,16,0.1,test,client_3,6,21,617,638,True,0.7601296596434359
Tox21,fedavg_proto,0.5,1,49,200,16,16,0.1,test,client_3,7,95,494,589,True,0.7552311953974002
Tox21,fedavg_proto,0.5,1,49,200,16,16,0.1,test,client_3,8,32,670,702,True,0.8152518656716418
Tox21,fedavg_proto,0.5,1,49,200,16,16,0.1,test,client_3,9,36,621,657,True,0.7352388620504563
Tox21,fedavg_proto,0.5,1,49,200,16,16,0.1,test,client_3,10,93,485,578,True,0.844296641170602
Tox21,fedavg_proto,0.5,1,49,200,16,16,0.1,test,client_3,11,48,624,672,True,0.7850894764957265
