dataset,method,alpha,seed,round,local_steps,local_k,global_k,lambda_proto,split,model_scope,task,positives,negatives,observed_n,eligible,auc
Tox21,avg,0.5,1,0,200,16,16,0.0,val,server,0,31,696,727,True,0.4367816091954023
Tox21,avg,0.5,1,0,200,16,16,0.0,val,server,1,23,652,675,True,0.5776206988530275
Tox21,avg,0.5,1,0,200,16,16,0.0,val,server,2,74,567,641,True,0.3864102197435531
Tox21,avg,0.5,1,0,200,16,16,0.0,val,server,3,19,546,565,True,0.35810680547522655
Tox21,avg,0.5,1,0,200,16,16,0.0,val,server,4,82,541,623,True,0.45375546639015374
Tox21,avg,0.5,1,0,200,16,16,0.0,val,server,5,30,657,687,True,0.44545915778792494
Tox21,avg,0.5,1,0,200,16,16,0.0,val,server,6,21,612,633,True,0.4651416122004357
Tox21,avg,0.5,1,0,200,16,16,0.0,val,server,7,96,492,588,True,0.4117547425474255
Tox21,avg,0.5,1,0,200,16,16,0.0,val,server,8,30,677,707,True,0.34586410635155096
Tox21,avg,0.5,1,0,200,16,16,0.0,val,server,9,45,603,648,True,0.5114980652294084
Tox21,avg,0.5,1,0,200,16,16,0.0,val,server,10,92,495,587,True,0.540985946420729
Tox21,avg,0.5,1,0,200,16,16,0.0,val,server,11,42,636,678,True,0.3608490566037736
Tox21,avg,0.5,1,0,200,16,16,0.0,val,client_0,0,31,696,727,True,0.40197441601779754
Tox21,avg,0.5,1,0,200,16,16,0.0,val,client_0,1,23,652,675,True,0.4765604161109629
Tox21,avg,0.5,1,0,200,16,16,0.0,val,client_0,2,74,567,641,True,0.3216311549644883
Tox21,avg,0.5,1,0,200,16,16,0.0,val,client_0,3,19,546,565,True,0.2676884518989782
Tox21,avg,0.5,1,0,200,16,16,0.0,val,client_0,4,82,541,623,True,0.366676434786529
Tox21,avg,0.5,1,0,200,16,16,0.0,val,client_0,5,30,657,687,True,0.38614916286149165
Tox21,avg,0.5,1,0,200,16,16,0.0,val,client_0,6,21,612,633,True,0.5008948023653906
Tox21,avg,0.5,1,0,200,16,16,0.0,val,client_0,7,96,492,588,True,0.42288067411924113
Tox21,avg,0.5,1,0,200,16,16,0.0,val,client_0,8,30,677,707,True,0.38370260955194485
Tox21,avg,0.5,1,0,200,16,16,0.0,val,client_0,9,45,603,648,True,0.49718076285240465
Tox21,avg,0.5,1,0,200,16,16,0.0,val,client_0,10,92,495,587,True,0.32745937637241984
Tox21,avg,0.5,1,0,200,16,16,0.0,val,client_0,11,42,636,678,True,0.3562443845462713
Tox21,avg,0.5,1,0,200,16,16,0.0,val,client_1,0,31,696,727,True,0.3894373377827215
Tox21,avg,0.5,1,0,200,16,16,0.0,val,client_1,1,23,652,675,True,0.4686249666577754
Tox21,avg,0.5,1,0,200,16,16,0.0,val,client_1,2,74,567,641,True,0.3588826922160256
Tox21,avg,0.5,1,0,200,16,16,0.0,val,client_1,3,19,546,565,True,0.2547715442452284
Tox21,avg,0.5,1,0,200,16,16,0.0,val,client_1,4,82,541,623,True,0.36808529822821334
Tox21,avg,0.5,1,0,200,16,16,0.0,val,client_1,5,30,657,687,True,0.3743784880771182
Tox21,avg,0.5,1,0,200,16,16,0.0,val,client_1,6,21,612,633,True,0.5054077186430128
Tox21,avg,0.5,1,0,200,16,16,0.0,val,client_1,7,96,492,588,True,0.4120299796747967
Tox21,avg,0.5,1,0,200,16,16,0.0,val,client_1,8,30,677,707,True,0.37548005908419496
Tox21,avg,0.5,1,0,200,16,16,0.0,val,client_1,9,45,603,648,True,0.501842638658559
Tox21,avg,0.5,1,0,200,16,16,0.0,val,client_1,10,92,495,587,True,0.3290953008344313
Tox21,avg,0.5,1,0,200,16,16,0.0,val,client_1,11,42,636,678,True,0.3533243486073675
Tox21,avg,0.5,1,0,200,16,16,0.0,val,client_2,0,31,696,727,True,0.40352706711160546
Tox21,avg,0.5,1,0,200,16,16,0.0,val,client_2,1,23,652,675,True,0.4632568684982662
Tox21,avg,0.5,1,0,200,16,16,0.0,val,client_2,2,74,567,641,True,0.3500643500643501
Tox21,avg,0.5,1,0,200,16,16,0.0,val,client_2,3,19,546,565,True,0.24609600925390396
Tox21,avg,0.5,1,0,200,16,16,0.0,val,client_2,4,82,541,623,True,0.36474910959830487
Tox21,avg,0.5,1,0,200,16,16,0.0,val,client_2,5,30,657,687,True,0.36626078132927453
Tox21,avg,0.5,1,0,200,16,16,0.0,val,client_2,6,21,612,633,True,0.5066526610644257
Tox21,avg,0.5,1,0,200,16,16,0.0,val,client_2,7,96,492,588,True,0.3953252032520325
Tox21,avg,0.5,1,0,200,16,16,0.0,val,client_2,8,30,677,707,True,0.3927621861152142
Tox21,avg,0.5,1,0,200,16,16,0.0,val,client_2,9,45,603,648,True,0.4916528468767275
Tox21,avg,0.5,1,0,200,16,16,0.0,val,client_2,10,92,495,587,True,0.3465744400527009
Tox21,avg,0.5,1,0,200,16,16,0.0,val,client_2,11,42,636,678,True,0.3209980533093741
Tox21,avg,0.5,1,0,200,16,16,0.0,val,client_3,0,31,696,727,True,0.31808490915832405
Tox21,avg,0.5,1,0,200,16,16,0.0,val,client_3,1,23,652,675,True,0.3915710856228327
Tox21,avg,0.5,1,0,200,16,16,0.0,val,client_3,2,74,567,641,True,0.7604270937604272
Tox21,avg,0.5,1,0,200,16,16,0.0,val,client_3,3,19,546,565,True,0.3208020050125313
Tox21,avg,0.5,1,0,200,16,16,0.0,val,client_3,4,82,541,623,True,0.5245029529777738
Tox21,avg,0.5,1,0,200,16,16,0.0,val,client_3,5,30,657,687,True,0.45218163368848296
Tox21,avg,0.5,1,0,200,16,16,0.0,val,client_3,6,21,612,633,True,0.47502334267040147
Tox21,avg,0.5,1,0,200,16,16,0.0,val,client_3,7,96,492,588,True,0.6142445799457996
Tox21,avg,0.5,1,0,200,16,16,0.0,val,client_3,8,30,677,707,True,0.2741999015263417
Tox21,avg,0.5,1,0,200,16,16,0.0,val,client_3,9,45,603,648,True,0.5355444997236042
Tox21,avg,0.5,1,0,200,16,16,0.0,val,client_3,10,92,495,587,True,0.6824330259112869
Tox21,avg,0.5,1,0,200,16,16,0.0,val,client_3,11,42,636,678,True,0.3185646900269542
Tox21,avg,0.5,1,0,200,16,16,0.0,test,server,0,32,693,725,True,0.3571879509379509
Tox21,avg,0.5,1,0,200,16,16,0.0,test,server,1,33,646,679,True,0.4470869687587954
Tox21,avg,0.5,1,0,200,16,16,0.0,test,server,2,77,572,649,True,0.3611502134229407
Tox21,avg,0.5,1,0,200,16,16,0.0,test,server,3,38,538,576,True,0.3459205634905107
Tox21,avg,0.5,1,0,200,16,16,0.0,test,server,4,80,531,611,True,0.42015065913370997
Tox21,avg,0.5,1,0,200,16,16,0.0,test,server,5,34,647,681,True,0.45863260296390584
Tox21,avg,0.5,1,0,200,16,16,0.0,test,server,6,21,617,638,True,0.39862622520645213
Tox21,avg,0.5,1,0,200,16,16,0.0,test,server,7,95,494,589,True,0.3611122949073088
Tox21,avg,0.5,1,0,200,16,16,0.0,test,server,8,32,670,702,True,0.4020522388059701
Tox21,avg,0.5,1,0,200,16,16,0.0,test,server,9,36,621,657,True,0.46803989980318483
Tox21,avg,0.5,1,0,200,16,16,0.0,test,server,10,93,485,578,True,0.5339430218379337
Tox21,avg,0.5,1,0,200,16,16,0.0,test,server,11,48,624,672,True,0.3651676014957265
Tox21,avg,0.5,1,0,200,16,16,0.0,test,client_0,0,32,693,725,True,0.28386544011544007
Tox21,avg,0.5,1,0,200,16,16,0.0,test,client_0,1,33,646,679,True,0.36361290927854395
Tox21,avg,0.5,1,0,200,16,16,0.0,test,client_0,2,77,572,649,True,0.3003360276087549
Tox21,avg,0.5,1,0,200,16,16,0.0,test,client_0,3,38,538,576,True,0.328751711993739
Tox21,avg,0.5,1,0,200,16,16,0.0,test,client_0,4,80,531,611,True,0.3177142184557439
Tox21,avg,0.5,1,0,200,16,16,0.0,test,client_0,5,34,647,681,True,0.4134921356486953
Tox21,avg,0.5,1,0,200,16,16,0.0,test,client_0,6,21,617,638,True,0.4408813768619278
Tox21,avg,0.5,1,0,200,16,16,0.0,test,client_0,7,95,494,589,True,0.3748135520988707
Tox21,avg,0.5,1,0,200,16,16,0.0,test,client_0,8,32,670,702,True,0.4402052238805971
Tox21,avg,0.5,1,0,200,16,16,0.0,test,client_0,9,36,621,657,True,0.4652889604580426
Tox21,avg,0.5,1,0,200,16,16,0.0,test,client_0,10,93,485,578,True,0.3604256734286664
Tox21,avg,0.5,1,0,200,16,16,0.0,test,client_0,11,48,624,672,True,0.38868856837606836
Tox21,avg,0.5,1,0,200,16,16,0.0,test,client_1,0,32,693,725,True,0.26794733044733043
Tox21,avg,0.5,1,0,200,16,16,0.0,test,client_1,1,33,646,679,True,0.355990242987147
Tox21,avg,0.5,1,0,200,16,16,0.0,test,client_1,2,77,572,649,True,0.3317932067932068
Tox21,avg,0.5,1,0,200,16,16,0.0,test,client_1,3,38,538,576,True,0.32586577969086283
Tox21,avg,0.5,1,0,200,16,16,0.0,test,client_1,4,80,531,611,True,0.32128060263653485
Tox21,avg,0.5,1,0,200,16,16,0.0,test,client_1,5,34,647,681,True,0.4004909537230657
Tox21,avg,0.5,1,0,200,16,16,0.0,test,client_1,6,21,617,638,True,0.464073473797947
Tox21,avg,0.5,1,0,200,16,16,0.0,test,client_1,7,95,494,589,True,0.36947581504368204
Tox21,avg,0.5,1,0,200,16,16,0.0,test,client_1,8,32,670,702,True,0.43215951492537313
Tox21,avg,0.5,1,0,200,16,16,0.0,test,client_1,9,36,621,657,True,0.4581320450885668
Tox21,avg,0.5,1,0,200,16,16,0.0,test,client_1,10,93,485,578,True,0.36037024720097544
Tox21,avg,0.5,1,0,200,16,16,0.0,test,client_1,11,48,624,672,True,0.3767361111111111
Tox21,avg,0.5,1,0,200,16,16,0.0,test,client_2,0,32,693,725,True,0.28787878787878785
Tox21,avg,0.5,1,0,200,16,16,0.0,test,client_2,1,33,646,679,True,0.3504550145417019
Tox21,avg,0.5,1,0,200,16,16,0.0,test,client_2,2,77,572,649,True,0.3294659885568976
Tox21,avg,0.5,1,0,200,16,16,0.0,test,client_2,3,38,538,576,True,0.31412639405204457
Tox21,avg,0.5,1,0,200,16,16,0.0,test,client_2,4,80,531,611,True,0.3143596986817326
Tox21,avg,0.5,1,0,200,16,16,0.0,test,client_2,5,34,647,681,True,0.39339939994544953
Tox21,avg,0.5,1,0,200,16,16,0.0,test,client_2,6,21,617,638,True,0.4587095778343752
Tox21,avg,0.5,1,0,200,16,16,0.0,test,client_2,7,95,494,589,True,0.3531216705731941
Tox21,avg,0.5,1,0,200,16,16,0.0,test,client_2,8,32,670,702,True,0.4409981343283582
Tox21,avg,0.5,1,0,200,16,16,0.0,test,client_2,9,36,621,657,True,0.4713499731615674
Tox21,avg,0.5,1,0,200,16,16,0.0,test,client_2,10,93,485,578,True,0.37543509588737395
Tox21,avg,0.5,1,0,200,16,16,0.0,test,client_2,11,48,624,672,True,0.3667701655982906
Tox21,avg,0.5,1,0,200,16,16,0.0,test,client_3,0,32,693,725,True,0.20833333333333331
Tox21,avg,0.5,1,0,200,16,16,0.0,test,client_3,1,33,646,679,True,0.3215123369922132
Tox21,avg,0.5,1,0,200,16,16,0.0,test,client_3,2,77,572,649,True,0.7533148669512306
Tox21,avg,0.5,1,0,200,16,16,0.0,test,client_3,3,38,538,576,True,0.2958569751516337
Tox21,avg,0.5,1,0,200,16,16,0.0,test,client_3,4,80,531,611,True,0.5475400188323918
Tox21,avg,0.5,1,0,200,16,16,0.0,test,client_3,5,34,647,681,True,0.42767524320392764
Tox21,avg,0.5,1,0,200,16,16,0.0,test,client_3,6,21,617,638,True,0.3478428648606931
Tox21,avg,0.5,1,0,200,16,16,0.0,test,client_3,7,95,494,589,True,0.5688472192627317
Tox21,avg,0.5,1,0,200,16,16,0.0,test,client_3,8,32,670,702,True,0.3595615671641791
Tox21,avg,0.5,1,0,200,16,16,0.0,test,client_3,9,36,621,657,True,0.45238414743245664
Tox21,avg,0.5,1,0,200,16,16,0.0,test,client_3,10,93,485,578,True,0.657931493182574
Tox21,avg,0.5,1,0,200,16,16,0.0,test,client_3,11,48,624,672,True,0.36348157051282054
Tox21,avg,0.5,1,1,200,16,16,0.0,val,server,0,31,696,727,True,0.2149147200593252
Tox21,avg,0.5,1,1,200,16,16,0.0,val,server,1,23,652,675,True,0.3022806081621766
Tox21,avg,0.5,1,1,200,16,16,0.0,val,server,2,74,567,641,True,0.7790886124219458
Tox21,avg,0.5,1,1,200,16,16,0.0,val,server,3,19,546,565,True,0.6370734528629266
Tox21,avg,0.5,1,1,200,16,16,0.0,val,server,4,82,541,623,True,0.5493214913664849
Tox21,avg,0.5,1,1,200,16,16,0.0,val,server,5,30,657,687,True,0.5377980720446474
Tox21,avg,0.5,1,1,200,16,16,0.0,val,server,6,21,612,633,True,0.44872393401805166
Tox21,avg,0.5,1,1,200,16,16,0.0,val,server,7,96,492,588,True,0.6102218834688347
Tox21,avg,0.5,1,1,200,16,16,0.0,val,server,8,30,677,707,True,0.6722796651895618
Tox21,avg,0.5,1,1,200,16,16,0.0,val,server,9,45,603,648,True,0.5666850930532522
Tox21,avg,0.5,1,1,200,16,16,0.0,val,server,10,92,495,587,True,0.6814009661835749
Tox21,avg,0.5,1,1,200,16,16,0.0,val,server,11,42,636,678,True,0.6221548367774783
Tox21,avg,0.5,1,1,200,16,16,0.0,val,client_0,0,31,696,727,True,0.3178763440860215
Tox21,avg,0.5,1,1,200,16,16,0.0,val,client_0,1,23,652,675,True,0.5846559082421978
Tox21,avg,0.5,1,1,200,16,16,0.0,val,client_0,2,74,567,641,True,0.3271843271843272
Tox21,avg,0.5,1,1,200,16,16,0.0,val,client_0,3,19,546,565,True,0.3156930788509736
Tox21,avg,0.5,1,1,200,16,16,0.0,val,client_0,4,82,541,623,True,0.6425093548532529
Tox21,avg,0.5,1,1,200,16,16,0.0,val,client_0,5,30,657,687,True,0.5526889903602232
Tox21,avg,0.5,1,1,200,16,16,0.0,val,client_0,6,21,612,633,True,0.5118269530034236
Tox21,avg,0.5,1,1,200,16,16,0.0,val,client_0,7,96,492,588,True,0.5901401592140921
Tox21,avg,0.5,1,1,200,16,16,0.0,val,client_0,8,30,677,707,True,0.32395371738060075
Tox21,avg,0.5,1,1,200,16,16,0.0,val,client_0,9,45,603,648,True,0.47628524046434495
Tox21,avg,0.5,1,1,200,16,16,0.0,val,client_0,10,92,495,587,True,0.6776899429073343
Tox21,avg,0.5,1,1,200,16,16,0.0,val,client_0,11,42,636,678,True,0.39364330637915546
Tox21,avg,0.5,1,1,200,16,16,0.0,val,client_1,0,31,696,727,True,0.3350945494994438
Tox21,avg,0.5,1,1,200,16,16,0.0,val,client_1,1,23,652,675,True,0.3078154174446519
Tox21,avg,0.5,1,1,200,16,16,0.0,val,client_1,2,74,567,641,True,0.788550455217122
Tox21,avg,0.5,1,1,200,16,16,0.0,val,client_1,3,19,546,565,True,0.6628108733371891
Tox21,avg,0.5,1,1,200,16,16,0.0,val,client_1,4,82,541,623,True,0.5548442360578874
Tox21,avg,0.5,1,1,200,16,16,0.0,val,client_1,5,30,657,687,True,0.5329274479959412
Tox21,avg,0.5,1,1,200,16,16,0.0,val,client_1,6,21,612,633,True,0.4938530967942733
Tox21,avg,0.5,1,1,200,16,16,0.0,val,client_1,7,96,492,588,True,0.6352684620596205
Tox21,avg,0.5,1,1,200,16,16,0.0,val,client_1,8,30,677,707,True,0.6830625307730182
Tox21,avg,0.5,1,1,200,16,16,0.0,val,client_1,9,45,603,648,True,0.5645107794361526
Tox21,avg,0.5,1,1,200,16,16,0.0,val,client_1,10,92,495,587,True,0.7049407114624505
Tox21,avg,0.5,1,1,200,16,16,0.0,val,client_1,11,42,636,678,True,0.6495208146151542
Tox21,avg,0.5,1,1,200,16,16,0.0,val,client_2,0,31,696,727,True,0.389460511679644
Tox21,avg,0.5,1,1,200,16,16,0.0,val,client_2,1,23,652,675,True,0.3532942117898106
Tox21,avg,0.5,1,1,200,16,16,0.0,val,client_2,2,74,567,641,True,0.7860479527146194
Tox21,avg,0.5,1,1,200,16,16,0.0,val,client_2,3,19,546,565,True,0.6688837478311163
Tox21,avg,0.5,1,1,200,16,16,0.0,val,client_2,4,82,541,623,True,0.5606149407150264
Tox21,avg,0.5,1,1,200,16,16,0.0,val,client_2,5,30,657,687,True,0.5528665651953324
Tox21,avg,0.5,1,1,200,16,16,0.0,val,client_2,6,21,612,633,True,0.4936974789915966
Tox21,avg,0.5,1,1,200,16,16,0.0,val,client_2,7,96,492,588,True,0.6392699864498645
Tox21,avg,0.5,1,1,200,16,16,0.0,val,client_2,8,30,677,707,True,0.6945839487936978
Tox21,avg,0.5,1,1,200,16,16,0.0,val,client_2,9,45,603,648,True,0.5554265708494565
Tox21,avg,0.5,1,1,200,16,16,0.0,val,client_2,10,92,495,587,True,0.7005270092226614
Tox21,avg,0.5,1,1,200,16,16,0.0,val,client_2,11,42,636,678,True,0.6649445941898773
Tox21,avg,0.5,1,1,200,16,16,0.0,val,client_3,0,31,696,727,True,0.3388950685947349
Tox21,avg,0.5,1,1,200,16,16,0.0,val,client_3,1,23,652,675,True,0.29727927447319286
Tox21,avg,0.5,1,1,200,16,16,0.0,val,client_3,2,74,567,641,True,0.7591400924734258
Tox21,avg,0.5,1,1,200,16,16,0.0,val,client_3,3,19,546,565,True,0.5920570657412763
Tox21,avg,0.5,1,1,200,16,16,0.0,val,client_3,4,82,541,623,True,0.5228010459402191
Tox21,avg,0.5,1,1,200,16,16,0.0,val,client_3,5,30,657,687,True,0.5292744799594115
Tox21,avg,0.5,1,1,200,16,16,0.0,val,client_3,6,21,612,633,True,0.5043572984749456
Tox21,avg,0.5,1,1,200,16,16,0.0,val,client_3,7,96,492,588,True,0.6092903116531165
Tox21,avg,0.5,1,1,200,16,16,0.0,val,client_3,8,30,677,707,True,0.6967011324470704
Tox21,avg,0.5,1,1,200,16,16,0.0,val,client_3,9,45,603,648,True,0.5603832688409802
Tox21,avg,0.5,1,1,200,16,16,0.0,val,client_3,10,92,495,587,True,0.6435002195871762
Tox21,avg,0.5,1,1,200,16,16,0.0,val,client_3,11,42,636,678,True,0.63892632524708
Tox21,avg,0.5,1,1,200,16,16,0.0,test,server,0,32,693,725,True,0.2683982683982684
Tox21,avg,0.5,1,1,200,16,16,0.0,test,server,1,33,646,679,True,0.394455389811427
Tox21,avg,0.5,1,1,200,16,16,0.0,test,server,2,77,572,649,True,0.7704795204795205
Tox21,avg,0.5,1,1,200,16,16,0.0,test,server,3,38,538,576,True,0.5291038935629035
Tox21,avg,0.5,1,1,200,16,16,0.0,test,server,4,80,531,611,True,0.5836393596986817
Tox21,avg,0.5,1,1,200,16,16,0.0,test,server,5,34,647,681,True,0.5025456859714519
Tox21,avg,0.5,1,1,200,16,16,0.0,test,server,6,21,617,638,True,0.6417380566489157
Tox21,avg,0.5,1,1,200,16,16,0.0,test,server,7,95,494,589,True,0.5871723844023014
Tox21,avg,0.5,1,1,200,16,16,0.0,test,server,8,32,670,702,True,0.6657182835820895
Tox21,avg,0.5,1,1,200,16,16,0.0,test,server,9,36,621,657,True,0.4929772767937019
Tox21,avg,0.5,1,1,200,16,16,0.0,test,server,10,93,485,578,True,0.6705908435871856
Tox21,avg,0.5,1,1,200,16,16,0.0,test,server,11,48,624,672,True,0.5758547008547008
Tox21,avg,0.5,1,1,200,16,16,0.0,test,client_0,0,32,693,725,True,0.2160894660894661
Tox21,avg,0.5,1,1,200,16,16,0.0,test,client_0,1,33,646,679,True,0.49108734402852056
Tox21,avg,0.5,1,1,200,16,16,0.0,test,client_0,2,77,572,649,True,0.3073176823176823
Tox21,avg,0.5,1,1,200,16,16,0.0,test,client_0,3,38,538,576,True,0.37952455488162784
Tox21,avg,0.5,1,1,200,16,16,0.0,test,client_0,4,80,531,611,True,0.6766360640301319
Tox21,avg,0.5,1,1,200,16,16,0.0,test,client_0,5,34,647,681,True,0.5718474406764251
Tox21,avg,0.5,1,1,200,16,16,0.0,test,client_0,6,21,617,638,True,0.43127267114301154
Tox21,avg,0.5,1,1,200,16,16,0.0,test,client_0,7,95,494,589,True,0.5158001278499894
Tox21,avg,0.5,1,1,200,16,16,0.0,test,client_0,8,32,670,702,True,0.4121968283582089
Tox21,avg,0.5,1,1,200,16,16,0.0,test,client_0,9,36,621,657,True,0.5498747539810342
Tox21,avg,0.5,1,1,200,16,16,0.0,test,client_0,10,93,485,578,True,0.6307948121050881
Tox21,avg,0.5,1,1,200,16,16,0.0,test,client_0,11,48,624,672,True,0.4166499732905983
Tox21,avg,0.5,1,1,200,16,16,0.0,test,client_1,0,32,693,725,True,0.31561147186147187
Tox21,avg,0.5,1,1,200,16,16,0.0,test,client_1,1,33,646,679,True,0.4038840416549395
Tox21,avg,0.5,1,1,200,16,16,0.0,test,client_1,2,77,572,649,True,0.7663472890745618
Tox21,avg,0.5,1,1,200,16,16,0.0,test,client_1,3,38,538,576,True,0.5549305419683036
Tox21,avg,0.5,1,1,200,16,16,0.0,test,client_1,4,80,531,611,True,0.5823446327683616
Tox21,avg,0.5,1,1,200,16,16,0.0,test,client_1,5,34,647,681,True,0.5085916901536502
Tox21,avg,0.5,1,1,200,16,16,0.0,test,client_1,6,21,617,638,True,0.6388824573589565
Tox21,avg,0.5,1,1,200,16,16,0.0,test,client_1,7,95,494,589,True,0.6038994246750479
Tox21,avg,0.5,1,1,200,16,16,0.0,test,client_1,8,32,670,702,True,0.6670242537313433
Tox21,avg,0.5,1,1,200,16,16,0.0,test,client_1,9,36,621,657,True,0.49418500626230094
Tox21,avg,0.5,1,1,200,16,16,0.0,test,client_1,10,93,485,578,True,0.6875734397516905
Tox21,avg,0.5,1,1,200,16,16,0.0,test,client_1,11,48,624,672,True,0.5947682959401709
Tox21,avg,0.5,1,1,200,16,16,0.0,test,client_2,0,32,693,725,True,0.3913239538239538
Tox21,avg,0.5,1,1,200,16,16,0.0,test,client_2,1,33,646,679,True,0.43596960315226574
Tox21,avg,0.5,1,1,200,16,16,0.0,test,client_2,2,77,572,649,True,0.7690037235491781
Tox21,avg,0.5,1,1,200,16,16,0.0,test,client_2,3,38,538,576,True,0.562023087458423
Tox21,avg,0.5,1,1,200,16,16,0.0,test,client_2,4,80,531,611,True,0.5941148775894539
Tox21,avg,0.5,1,1,200,16,16,0.0,test,client_2,5,34,647,681,True,0.5188198927175197
Tox21,avg,0.5,1,1,200,16,16,0.0,test,client_2,6,21,617,638,True,0.6174268735046693
Tox21,avg,0.5,1,1,200,16,16,0.0,test,client_2,7,95,494,589,True,0.6085872576177286
Tox21,avg,0.5,1,1,200,16,16,0.0,test,client_2,8,32,670,702,True,0.6441231343283582
Tox21,avg,0.5,1,1,200,16,16,0.0,test,client_2,9,36,621,657,True,0.4769189479334407
Tox21,avg,0.5,1,1,200,16,16,0.0,test,client_2,10,93,485,578,True,0.6941580756013745
Tox21,avg,0.5,1,1,200,16,16,0.0,test,client_2,11,48,624,672,True,0.5946180555555555
Tox21,avg,0.5,1,1,200,16,16,0.0,test,client_3,0,32,693,725,True,0.32778679653679654
Tox21,avg,0.5,1,1,200,16,16,0.0,test,client_3,1,33,646,679,True,0.34520123839009287
Tox21,avg,0.5,1,1,200,16,16,0.0,test,client_3,2,77,572,649,True,0.7275224775224775
Tox21,avg,0.5,1,1,200,16,16,0.0,test,client_3,3,38,538,576,True,0.47571414595969475
Tox21,avg,0.5,1,1,200,16,16,0.0,test,client_3,4,80,531,611,True,0.536723163841808
Tox21,avg,0.5,1,1,200,16,16,0.0,test,client_3,5,34,647,681,True,0.480316392399309
Tox21,avg,0.5,1,1,200,16,16,0.0,test,client_3,6,21,617,638,True,0.6267654549664273
Tox21,avg,0.5,1,1,200,16,16,0.0,test,client_3,7,95,494,589,True,0.5507138291071809
Tox21,avg,0.5,1,1,200,16,16,0.0,test,client_3,8,32,670,702,True,0.639365671641791
Tox21,avg,0.5,1,1,200,16,16,0.0,test,client_3,9,36,621,657,True,0.4880121667561281
Tox21,avg,0.5,1,1,200,16,16,0.0,test,client_3,10,93,485,578,True,0.6331005431770313
Tox21,avg,0.5,1,1,200,16,16,0.0,test,client_3,11,48,624,672,True,0.546607905982906
Tox21,avg,0.5,1,2,200,16,16,0.0,val,server,0,31,696,727,True,0.3708750463477939
Tox21,avg,0.5,1,2,200,16,16,0.0,val,server,1,23,652,675,True,0.3571619098426247
Tox21,avg,0.5,1,2,200,16,16,0.0,val,server,2,74,567,641,True,0.781924781924782
Tox21,avg,0.5,1,2,200,16,16,0.0,val,server,3,19,546,565,True,0.6742818584923849
Tox21,avg,0.5,1,2,200,16,16,0.0,val,server,4,82,541,623,True,0.5552725305441595
Tox21,avg,0.5,1,2,200,16,16,0.0,val,server,5,30,657,687,True,0.5513191273465247
Tox21,avg,0.5,1,2,200,16,16,0.0,val,server,6,21,612,633,True,0.4894179894179894
Tox21,avg,0.5,1,2,200,16,16,0.0,val,server,7,96,492,588,True,0.639037093495935
Tox21,avg,0.5,1,2,200,16,16,0.0,val,server,8,30,677,707,True,0.685918266863614
Tox21,avg,0.5,1,2,200,16,16,0.0,val,server,9,45,603,648,True,0.5712548369264786
Tox21,avg,0.5,1,2,200,16,16,0.0,val,server,10,92,495,587,True,0.7135046113306983
Tox21,avg,0.5,1,2,200,16,16,0.0,val,server,11,42,636,678,True,0.6617999401018269
Tox21,avg,0.5,1,2,200,16,16,0.0,val,client_0,0,31,696,727,True,0.3655450500556174
Tox21,avg,0.5,1,2,200,16,16,0.0,val,client_0,1,23,652,675,True,0.3477594025073353
Tox21,avg,0.5,1,2,200,16,16,0.0,val,client_0,2,74,567,641,True,0.8012298012298014
Tox21,avg,0.5,1,2,200,16,16,0.0,val,client_0,3,19,546,565,True,0.710140736456526
Tox21,avg,0.5,1,2,200,16,16,0.0,val,client_0,4,82,541,623,True,0.5502907894143636
Tox21,avg,0.5,1,2,200,16,16,0.0,val,client_0,5,30,657,687,True,0.5338406900050736
Tox21,avg,0.5,1,2,200,16,16,0.0,val,client_0,6,21,612,633,True,0.47440087145969495
Tox21,avg,0.5,1,2,200,16,16,0.0,val,client_0,7,96,492,588,True,0.6351837737127372
Tox21,avg,0.5,1,2,200,16,16,0.0,val,client_0,8,30,677,707,True,0.6553914327917282
Tox21,avg,0.5,1,2,200,16,16,0.0,val,client_0,9,45,603,648,True,0.5824949327436889
Tox21,avg,0.5,1,2,200,16,16,0.0,val,client_0,10,92,495,587,True,0.7093104962670179
Tox21,avg,0.5,1,2,200,16,16,0.0,val,client_0,11,42,636,678,True,0.66782719377059
Tox21,avg,0.5,1,2,200,16,16,0.0,val,client_1,0,31,696,727,True,0.3941879866518353
Tox21,avg,0.5,1,2,200,16,16,0.0,val,client_1,1,23,652,675,True,0.37276607095225395
Tox21,avg,0.5,1,2,200,16,16,0.0,val,client_1,2,74,567,641,True,0.7851899518566186
Tox21,avg,0.5,1,2,200,16,16,0.0,val,client_1,3,19,546,565,True,0.7226720647773279
Tox21,avg,0.5,1,2,200,16,16,0.0,val,client_1,4,82,541,623,True,0.5692935395158019
Tox21,avg,0.5,1,2,200,16,16,0.0,val,client_1,5,30,657,687,True,0.5491121258244546
Tox21,avg,0.5,1,2,200,16,16,0.0,val,client_1,6,21,612,633,True,0.46654217242452534
Tox21,avg,0.5,1,2,200,16,16,0.0,val,client_1,7,96,492,588,True,0.6403921070460704
Tox21,avg,0.5,1,2,200,16,16,0.0,val,client_1,8,30,677,707,True,0.6863613983259478
Tox21,avg,0.5,1,2,200,16,16,0.0,val,client_1,9,45,603,648,True,0.5736871199557766
Tox21,avg,0.5,1,2,200,16,16,0.0,val,client_1,10,92,495,587,True,0.7202239789196312
Tox21,avg,0.5,1,2,200,16,16,0.0,val,client_1,11,42,636,678,True,0.6652440850554058
Tox21,avg,0.5,1,2,200,16,16,0.0,val,client_2,0,31,696,727,True,0.45620133481646274
Tox21,avg,0.5,1,2,200,16,16,0.0,val,client_2,1,23,652,675,True,0.42658042144571884
Tox21,avg,0.5,1,2,200,16,16,0.0,val,client_2,2,74,567,641,True,0.7789217789217789
Tox21,avg,0.5,1,2,200,16,16,0.0,val,client_2,3,19,546,565,True,0.6616541353383458
Tox21,avg,0.5,1,2,200,16,16,0.0,val,client_2,4,82,541,623,True,0.574545782426401
Tox21,avg,0.5,1,2,200,16,16,0.0,val,client_2,5,30,657,687,True,0.5777270421106038
Tox21,avg,0.5,1,2,200,16,16,0.0,val,client_2,6,21,612,633,True,0.5047463429816371
Tox21,avg,0.5,1,2,200,16,16,0.0,val,client_2,7,96,492,588,True,0.6521214430894309
Tox21,avg,0.5,1,2,200,16,16,0.0,val,client_2,8,30,677,707,True,0.7064007877892664
Tox21,avg,0.5,1,2,200,16,16,0.0,val,client_2,9,45,603,648,True,0.5588723051409619
Tox21,avg,0.5,1,2,200,16,16,0.0,val,client_2,10,92,495,587,True,0.7181159420289855
Tox21,avg,0.5,1,2,200,16,16,0.0,val,client_2,11,42,636,678,True,0.6751647199760407
Tox21,avg,0.5,1,2,200,16,16,0.0,val,client_3,0,31,696,727,True,0.44345569150908415
Tox21,avg,0.5,1,2,200,16,16,0.0,val,client_3,1,23,652,675,True,0.40050680181381704
Tox21,avg,0.5,1,2,200,16,16,0.0,val,client_3,2,74,567,641,True,0.7855951189284522
Tox21,avg,0.5,1,2,200,16,16,0.0,val,client_3,3,19,546,565,True,0.631482552535184
Tox21,avg,0.5,1,2,200,16,16,0.0,val,client_3,4,82,541,623,True,0.5722916009197061
Tox21,avg,0.5,1,2,200,16,16,0.0,val,client_3,5,30,657,687,True,0.5732115677321157
Tox21,avg,0.5,1,2,200,16,16,0.0,val,client_3,6,21,612,633,True,0.4934640522875817
Tox21,avg,0.5,1,2,200,16,16,0.0,val,client_3,7,96,492,588,True,0.6336805555555556
Tox21,avg,0.5,1,2,200,16,16,0.0,val,client_3,8,30,677,707,True,0.702658788774003
Tox21,avg,0.5,1,2,200,16,16,0.0,val,client_3,9,45,603,648,True,0.5543025612677354
Tox21,avg,0.5,1,2,200,16,16,0.0,val,client_3,10,92,495,587,True,0.7037329819938516
Tox21,avg,0.5,1,2,200,16,16,0.0,val,client_3,11,42,636,678,True,0.678796046720575
Tox21,avg,0.5,1,2,200,16,16,0.0,test,server,0,32,693,725,True,0.38356782106782106
Tox21,avg,0.5,1,2,200,16,16,0.0,test,server,1,33,646,679,True,0.4453982549957782
Tox21,avg,0.5,1,2,200,16,16,0.0,test,server,2,77,572,649,True,0.7652347652347652
Tox21,avg,0.5,1,2,200,16,16,0.0,test,server,3,38,538,576,True,0.5738113872040697
Tox21,avg,0.5,1,2,200,16,16,0.0,test,server,4,80,531,611,True,0.5901600753295668
Tox21,avg,0.5,1,2,200,16,16,0.0,test,server,5,34,647,681,True,0.5275706882443858
Tox21,avg,0.5,1,2,200,16,16,0.0,test,server,6,21,617,638,True,0.6376476036119473
Tox21,avg,0.5,1,2,200,16,16,0.0,test,server,7,95,494,589,True,0.6155550820370764
Tox21,avg,0.5,1,2,200,16,16,0.0,test,server,8,32,670,702,True,0.6592350746268657
Tox21,avg,0.5,1,2,200,16,16,0.0,test,server,9,36,621,657,True,0.502818035426731
Tox21,avg,0.5,1,2,200,16,16,0.0,test,server,10,93,485,578,True,0.6986586852898793
Tox21,avg,0.5,1,2,200,16,16,0.0,test,server,11,48,624,672,True,0.5987246260683761
Tox21,avg,0.5,1,2,200,16,16,0.0,test,client_0,0,32,693,725,True,0.35290404040404044
Tox21,avg,0.5,1,2,200,16,16,0.0,test,client_0,1,33,646,679,True,0.4584388779435219
Tox21,avg,0.5,1,2,200,16,16,0.0,test,client_0,2,77,572,649,True,0.7639406048496957
Tox21,avg,0.5,1,2,200,16,16,0.0,test,client_0,3,38,538,576,True,0.6149970651535902
Tox21,avg,0.5,1,2,200,16,16,0.0,test,client_0,4,80,531,611,True,0.5785781544256121
Tox21,avg,0.5,1,2,200,16,16,0.0,test,client_0,5,34,647,681,True,0.566278752613874
Tox21,avg,0.5,1,2,200,16,16,0.0,test,client_0,6,21,617,638,True,0.6503048545187928
Tox21,avg,0.5,1,2,200,16,16,0.0,test,client_0,7,95,494,589,True,0.6337950138504155
Tox21,avg,0.5,1,2,200,16,16,0.0,test,client_0,8,32,670,702,True,0.6840485074626865
Tox21,avg,0.5,1,2,200,16,16,0.0,test,client_0,9,36,621,657,True,0.5325192342100554
Tox21,avg,0.5,1,2,200,16,16,0.0,test,client_0,10,93,485,578,True,0.6906994789934596
Tox21,avg,0.5,1,2,200,16,16,0.0,test,client_0,11,48,624,672,True,0.6502737713675214
Tox21,avg,0.5,1,2,200,16,16,0.0,test,client_1,0,32,693,725,True,0.3950667388167388
Tox21,avg,0.5,1,2,200,16,16,0.0,test,client_1,1,33,646,679,True,0.4613941270288019
Tox21,avg,0.5,1,2,200,16,16,0.0,test,client_1,2,77,572,649,True,0.7678911997093816
Tox21,avg,0.5,1,2,200,16,16,0.0,test,client_1,3,38,538,576,True,0.5844746624926629
Tox21,avg,0.5,1,2,200,16,16,0.0,test,client_1,4,80,531,611,True,0.5926553672316384
Tox21,avg,0.5,1,2,200,16,16,0.0,test,client_1,5,34,647,681,True,0.5287753432130193
Tox21,avg,0.5,1,2,200,16,16,0.0,test,client_1,6,21,617,638,True,0.6533148105271283
Tox21,avg,0.5,1,2,200,16,16,0.0,test,client_1,7,95,494,589,True,0.6099509908374174
Tox21,avg,0.5,1,2,200,16,16,0.0,test,client_1,8,32,670,702,True,0.6722481343283582
Tox21,avg,0.5,1,2,200,16,16,0.0,test,client_1,9,36,621,657,True,0.4916800858829845
Tox21,avg,0.5,1,2,200,16,16,0.0,test,client_1,10,93,485,578,True,0.7007870524332113
Tox21,avg,0.5,1,2,200,16,16,0.0,test,client_1,11,48,624,672,True,0.6161858974358975
Tox21,avg,0.5,1,2,200,16,16,0.0,test,client_2,0,32,693,725,True,0.4607683982683983
Tox21,avg,0.5,1,2,200,16,16,0.0,test,client_2,1,33,646,679,True,0.49648184632704756
Tox21,avg,0.5,1,2,200,16,16,0.0,test,client_2,2,77,572,649,True,0.7527472527472527
Tox21,avg,0.5,1,2,200,16,16,0.0,test,client_2,3,38,538,576,True,0.5722461357855605
Tox21,avg,0.5,1,2,200,16,16,0.0,test,client_2,4,80,531,611,True,0.6168079096045198
Tox21,avg,0.5,1,2,200,16,16,0.0,test,client_2,5,34,647,681,True,0.5431857441585598
Tox21,avg,0.5,1,2,200,16,16,0.0,test,client_2,6,21,617,638,True,0.6276915952766844
Tox21,avg,0.5,1,2,200,16,16,0.0,test,client_2,7,95,494,589,True,0.6199445983379501
Tox21,avg,0.5,1,2,200,16,16,0.0,test,client_2,8,32,670,702,True,0.6451026119402985
Tox21,avg,0.5,1,2,200,16,16,0.0,test,client_2,9,36,621,657,True,0.468777956700662
Tox21,avg,0.5,1,2,200,16,16,0.0,test,client_2,10,93,485,578,True,0.7030041015408492
Tox21,avg,0.5,1,2,200,16,16,0.0,test,client_2,11,48,624,672,True,0.606670673076923
Tox21,avg,0.5,1,2,200,16,16,0.0,test,client_3,0,32,693,725,True,0.4346139971139971
Tox21,avg,0.5,1,2,200,16,16,0.0,test,client_3,1,33,646,679,True,0.47293367107608597
Tox21,avg,0.5,1,2,200,16,16,0.0,test,client_3,2,77,572,649,True,0.765189356098447
Tox21,avg,0.5,1,2,200,16,16,0.0,test,client_3,3,38,538,576,True,0.5509195852083741
Tox21,avg,0.5,1,2,200,16,16,0.0,test,client_3,4,80,531,611,True,0.593761770244821
Tox21,avg,0.5,1,2,200,16,16,0.0,test,client_3,5,34,647,681,True,0.5415037730702791
Tox21,avg,0.5,1,2,200,16,16,0.0,test,client_3,6,21,617,638,True,0.6208998996681331
Tox21,avg,0.5,1,2,200,16,16,0.0,test,client_3,7,95,494,589,True,0.5900703174941402
Tox21,avg,0.5,1,2,200,16,16,0.0,test,client_3,8,32,670,702,True,0.6405783582089553
Tox21,avg,0.5,1,2,200,16,16,0.0,test,client_3,9,36,621,657,True,0.4698514940060834
Tox21,avg,0.5,1,2,200,16,16,0.0,test,client_3,10,93,485,578,True,0.6852233676975944
Tox21,avg,0.5,1,2,200,16,16,0.0,test,client_3,11,48,624,672,True,0.6051682692307693
Tox21,avg,0.5,1,3,200,16,16,0.0,val,server,0,31,696,727,True,0.3980812013348165
Tox21,avg,0.5,1,3,200,16,16,0.0,val,server,1,23,652,675,True,0.3883035476126967
Tox21,avg,0.5,1,3,200,16,16,0.0,val,server,2,74,567,641,True,0.7851422851422851
Tox21,avg,0.5,1,3,200,16,16,0.0,val,server,3,19,546,565,True,0.6873915558126085
Tox21,avg,0.5,1,3,200,16,16,0.0,val,server,4,82,541,623,True,0.5605247734547586
Tox21,avg,0.5,1,3,200,16,16,0.0,val,server,5,30,657,687,True,0.5622019279553526
Tox21,avg,0.5,1,3,200,16,16,0.0,val,server,6,21,612,633,True,0.4915966386554622
Tox21,avg,0.5,1,3,200,16,16,0.0,val,server,7,96,492,588,True,0.6493690718157181
Tox21,avg,0.5,1,3,200,16,16,0.0,val,server,8,30,677,707,True,0.6994091580502216
Tox21,avg,0.5,1,3,200,16,16,0.0,val,server,9,45,603,648,True,0.5787359498802285
Tox21,avg,0.5,1,3,200,16,16,0.0,val,server,10,92,495,587,True,0.7366930171277997
Tox21,avg,0.5,1,3,200,16,16,0.0,val,server,11,42,636,678,True,0.6804806828391734
Tox21,avg,0.5,1,3,200,16,16,0.0,val,client_0,0,31,696,727,True,0.35845383759733035
Tox21,avg,0.5,1,3,200,16,16,0.0,val,client_0,1,23,652,675,True,0.3616297679381168
Tox21,avg,0.5,1,3,200,16,16,0.0,val,client_0,2,74,567,641,True,0.8072834739501407
Tox21,avg,0.5,1,3,200,16,16,0.0,val,client_0,3,19,546,565,True,0.7217081164449586
Tox21,avg,0.5,1,3,200,16,16,0.0,val,client_0,4,82,541,623,True,0.5467742662639196
Tox21,avg,0.5,1,3,200,16,16,0.0,val,client_0,5,30,657,687,True,0.5108066971080669
Tox21,avg,0.5,1,3,200,16,16,0.0,val,client_0,6,21,612,633,True,0.4648303765950825
Tox21,avg,0.5,1,3,200,16,16,0.0,val,client_0,7,96,492,588,True,0.6472306910569104
Tox21,avg,0.5,1,3,200,16,16,0.0,val,client_0,8,30,677,707,True,0.6722796651895618
Tox21,avg,0.5,1,3,200,16,16,0.0,val,client_0,9,45,603,648,True,0.5894969596462134
Tox21,avg,0.5,1,3,200,16,16,0.0,val,client_0,10,92,495,587,True,0.7162933684672815
Tox21,avg,0.5,1,3,200,16,16,0.0,val,client_0,11,42,636,678,True,0.6866576819407008
Tox21,avg,0.5,1,3,200,16,16,0.0,val,client_1,0,31,696,727,True,0.4007230255839822
Tox21,avg,0.5,1,3,200,16,16,0.0,val,client_1,1,23,652,675,True,0.36976527073886367
Tox21,avg,0.5,1,3,200,16,16,0.0,val,client_1,2,74,567,641,True,0.7819486152819487
Tox21,avg,0.5,1,3,200,16,16,0.0,val,client_1,3,19,546,565,True,0.694331983805668
Tox21,avg,0.5,1,3,200,16,16,0.0,val,client_1,4,82,541,623,True,0.5618547405437087
Tox21,avg,0.5,1,3,200,16,16,0.0,val,client_1,5,30,657,687,True,0.5510908168442415
Tox21,avg,0.5,1,3,200,16,16,0.0,val,client_1,6,21,612,633,True,0.49136321195144717
Tox21,avg,0.5,1,3,200,16,16,0.0,val,client_1,7,96,492,588,True,0.6499407181571817
Tox21,avg,0.5,1,3,200,16,16,0.0,val,client_1,8,30,677,707,True,0.6963564746430331
Tox21,avg,0.5,1,3,200,16,16,0.0,val,client_1,9,45,603,648,True,0.5750138197899393
Tox21,avg,0.5,1,3,200,16,16,0.0,val,client_1,10,92,495,587,True,0.7421168203776899
Tox21,avg,0.5,1,3,200,16,16,0.0,val,client_1,11,42,636,678,True,0.6638963761605271
Tox21,avg,0.5,1,3,200,16,16,0.0,val,client_2,0,31,696,727,True,0.5709121245828699
Tox21,avg,0.5,1,3,200,16,16,0.0,val,client_2,1,23,652,675,True,0.5487463323552947
Tox21,avg,0.5,1,3,200,16,16,0.0,val,client_2,2,74,567,641,True,0.764907764907765
Tox21,avg,0.5,1,3,200,16,16,0.0,val,client_2,3,19,546,565,True,0.6898978214767688
Tox21,avg,0.5,1,3,200,16,16,0.0,val,client_2,4,82,541,623,True,0.610004057526712
Tox21,avg,0.5,1,3,200,16,16,0.0,val,client_2,5,30,657,687,True,0.632623033992897
Tox21,avg,0.5,1,3,200,16,16,0.0,val,client_2,6,21,612,633,True,0.5033457827575474
Tox21,avg,0.5,1,3,200,16,16,0.0,val,client_2,7,96,492,588,True,0.6580496273712737
Tox21,avg,0.5,1,3,200,16,16,0.0,val,client_2,8,30,677,707,True,0.698522895125554
Tox21,avg,0.5,1,3,200,16,16,0.0,val,client_2,9,45,603,648,True,0.559719918923899
Tox21,avg,0.5,1,3,200,16,16,0.0,val,client_2,10,92,495,587,True,0.7363636363636363
Tox21,avg,0.5,1,3,200,16,16,0.0,val,client_2,11,42,636,678,True,0.7090446241389637
Tox21,avg,0.5,1,3,200,16,16,0.0,val,client_3,0,31,696,727,True,0.5173340748980348
Tox21,avg,0.5,1,3,200,16,16,0.0,val,client_3,1,23,652,675,True,0.5022005868231528
Tox21,avg,0.5,1,3,200,16,16,0.0,val,client_3,2,74,567,641,True,0.7763954430621098
Tox21,avg,0.5,1,3,200,16,16,0.0,val,client_3,3,19,546,565,True,0.6602082128397917
Tox21,avg,0.5,1,3,200,16,16,0.0,val,client_3,4,82,541,623,True,0.6102520174924484
Tox21,avg,0.5,1,3,200,16,16,0.0,val,client_3,5,30,657,687,True,0.6233891425672248
Tox21,avg,0.5,1,3,200,16,16,0.0,val,client_3,6,21,612,633,True,0.49922191098661683
Tox21,avg,0.5,1,3,200,16,16,0.0,val,client_3,7,96,492,588,True,0.6365387872628726
Tox21,avg,0.5,1,3,200,16,16,0.0,val,client_3,8,30,677,707,True,0.7096504185130478
Tox21,avg,0.5,1,3,200,16,16,0.0,val,client_3,9,45,603,648,True,0.5640685461580984
Tox21,avg,0.5,1,3,200,16,16,0.0,val,client_3,10,92,495,587,True,0.7408212560386473
Tox21,avg,0.5,1,3,200,16,16,0.0,val,client_3,11,42,636,678,True,0.7047768793051812
Tox21,avg,0.5,1,3,200,16,16,0.0,test,server,0,32,693,725,True,0.4184253246753247
Tox21,avg,0.5,1,3,200,16,16,0.0,test,server,1,33,646,679,True,0.4726522187822497
Tox21,avg,0.5,1,3,200,16,16,0.0,test,server,2,77,572,649,True,0.7681409499591318
Tox21,avg,0.5,1,3,200,16,16,0.0,test,server,3,38,538,576,True,0.5934259440422618
Tox21,avg,0.5,1,3,200,16,16,0.0,test,server,4,80,531,611,True,0.6052730696798493
Tox21,avg,0.5,1,3,200,16,16,0.0,test,server,5,34,647,681,True,0.5476861532866624
Tox21,avg,0.5,1,3,200,16,16,0.0,test,server,6,21,617,638,True,0.6455969746083198
Tox21,avg,0.5,1,3,200,16,16,0.0,test,server,7,95,494,589,True,0.6285957809503516
Tox21,avg,0.5,1,3,200,16,16,0.0,test,server,8,32,670,702,True,0.6569962686567165
Tox21,avg,0.5,1,3,200,16,16,0.0,test,server,9,36,621,657,True,0.5073805689747719
Tox21,avg,0.5,1,3,200,16,16,0.0,test,server,10,93,485,578,True,0.7166832945349739
Tox21,avg,0.5,1,3,200,16,16,0.0,test,server,11,48,624,672,True,0.6150507478632479
Tox21,avg,0.5,1,3,200,16,16,0.0,test,client_0,0,32,693,725,True,0.3225559163059163
Tox21,avg,0.5,1,3,200,16,16,0.0,test,client_0,1,33,646,679,True,0.45665634674922595
Tox21,avg,0.5,1,3,200,16,16,0.0,test,client_0,2,77,572,649,True,0.7592861683770774
Tox21,avg,0.5,1,3,200,16,16,0.0,test,client_0,3,38,538,576,True,0.6123067892780278
Tox21,avg,0.5,1,3,200,16,16,0.0,test,client_0,4,80,531,611,True,0.5760593220338983
Tox21,avg,0.5,1,3,200,16,16,0.0,test,client_0,5,34,647,681,True,0.5434130375488682
Tox21,avg,0.5,1,3,200,16,16,0.0,test,client_0,6,21,617,638,True,0.6432044454734892
Tox21,avg,0.5,1,3,200,16,16,0.0,test,client_0,7,95,494,589,True,0.6357979970168336
Tox21,avg,0.5,1,3,200,16,16,0.0,test,client_0,8,32,670,702,True,0.6670242537313432
Tox21,avg,0.5,1,3,200,16,16,0.0,test,client_0,9,36,621,657,True,0.5213812846663088
Tox21,avg,0.5,1,3,200,16,16,0.0,test,client_0,10,93,485,578,True,0.6995233344418579
Tox21,avg,0.5,1,3,200,16,16,0.0,test,client_0,11,48,624,672,True,0.6479700854700855
Tox21,avg,0.5,1,3,200,16,16,0.0,test,client_1,0,32,693,725,True,0.4016504329004329
Tox21,avg,0.5,1,3,200,16,16,0.0,test,client_1,1,33,646,679,True,0.45660943803358667
Tox21,avg,0.5,1,3,200,16,16,0.0,test,client_1,2,77,572,649,True,0.760217055671601
Tox21,avg,0.5,1,3,200,16,16,0.0,test,client_1,3,38,538,576,True,0.5988064957933869
Tox21,avg,0.5,1,3,200,16,16,0.0,test,client_1,4,80,531,611,True,0.5927730696798492
Tox21,avg,0.5,1,3,200,16,16,0.0,test,client_1,5,34,647,681,True,0.5445040458223475
Tox21,avg,0.5,1,3,200,16,16,0.0,test,client_1,6,21,617,638,True,0.6513853515474262
Tox21,avg,0.5,1,3,200,16,16,0.0,test,client_1,7,95,494,589,True,0.6210100149158321
Tox21,avg,0.5,1,3,200,16,16,0.0,test,client_1,8,32,670,702,True,0.6510960820895523
Tox21,avg,0.5,1,3,200,16,16,0.0,test,client_1,9,36,621,657,True,0.5018339595634281
Tox21,avg,0.5,1,3,200,16,16,0.0,test,client_1,10,93,485,578,True,0.7104755570335882
Tox21,avg,0.5,1,3,200,16,16,0.0,test,client_1,11,48,624,672,True,0.610443376068376
Tox21,avg,0.5,1,3,200,16,16,0.0,test,client_2,0,32,693,725,True,0.5958243145743145
Tox21,avg,0.5,1,3,200,16,16,0.0,test,client_2,1,33,646,679,True,0.6066235106482785
Tox21,avg,0.5,1,3,200,16,16,0.0,test,client_2,2,77,572,649,True,0.7436881300517665
Tox21,avg,0.5,1,3,200,16,16,0.0,test,client_2,3,38,538,576,True,0.6105458814322051
Tox21,avg,0.5,1,3,200,16,16,0.0,test,client_2,4,80,531,611,True,0.6376177024482109
Tox21,avg,0.5,1,3,200,16,16,0.0,test,client_2,5,34,647,681,True,0.5664605873261206
Tox21,avg,0.5,1,3,200,16,16,0.0,test,client_2,6,21,617,638,True,0.6137994906228293
Tox21,avg,0.5,1,3,200,16,16,0.0,test,client_2,7,95,494,589,True,0.6387811634349031
Tox21,avg,0.5,1,3,200,16,16,0.0,test,client_2,8,32,670,702,True,0.6407182835820895
Tox21,avg,0.5,1,3,200,16,16,0.0,test,client_2,9,36,621,657,True,0.4752191805331902
Tox21,avg,0.5,1,3,200,16,16,0.0,test,client_2,10,93,485,578,True,0.7192994124819865
Tox21,avg,0.5,1,3,200,16,16,0.0,test,client_2,11,48,624,672,True,0.6328792735042735
Tox21,avg,0.5,1,3,200,16,16,0.0,test,client_3,0,32,693,725,True,0.547979797979798
Tox21,avg,0.5,1,3,200,16,16,0.0,test,client_3,1,33,646,679,True,0.5879069331081714
Tox21,avg,0.5,1,3,200,16,16,0.0,test,client_3,2,77,572,649,True,0.7690718372536555
Tox21,avg,0.5,1,3,200,16,16,0.0,test,client_3,3,38,538,576,True,0.6052142437879084
Tox21,avg,0.5,1,3,200,16,16,0.0,test,client_3,4,80,531,611,True,0.642984934086629
Tox21,avg,0.5,1,3,200,16,16,0.0,test,client_3,5,34,647,681,True,0.5849622692972087
Tox21,avg,0.5,1,3,200,16,16,0.0,test,client_3,6,21,617,638,True,0.6362583931465617
Tox21,avg,0.5,1,3,200,16,16,0.0,test,client_3,7,95,494,589,True,0.6177711485190709
Tox21,avg,0.5,1,3,200,16,16,0.0,test,client_3,8,32,670,702,True,0.6569962686567165
Tox21,avg,0.5,1,3,200,16,16,0.0,test,client_3,9,36,621,657,True,0.46904634102701737
Tox21,avg,0.5,1,3,200,16,16,0.0,test,client_3,10,93,485,578,True,0.7155747699811551
Tox21,avg,0.5,1,3,200,16,16,0.0,test,client_3,11,48,624,672,True,0.6370526175213674
Tox21,avg,0.5,1,4,200,16,16,0.0,val,server,0,31,696,727,True,0.42899517982944013
Tox21,avg,0.5,1,4,200,16,16,0.0,val,server,1,23,652,675,True,0.41844491864497196
Tox21,avg,0.5,1,4,200,16,16,0.0,val,server,2,74,567,641,True,0.7849277849277849
Tox21,avg,0.5,1,4,200,16,16,0.0,val,server,3,19,546,565,True,0.6872951609793715
Tox21,avg,0.5,1,4,200,16,16,0.0,val,server,4,82,541,623,True,0.5763942112618908
Tox21,avg,0.5,1,4,200,16,16,0.0,val,server,5,30,657,687,True,0.5784373414510401
Tox21,avg,0.5,1,4,200,16,16,0.0,val,server,6,21,612,633,True,0.5006224712107065
Tox21,avg,0.5,1,4,200,16,16,0.0,val,server,7,96,492,588,True,0.646066226287263
Tox21,avg,0.5,1,4,200,16,16,0.0,val,server,8,30,677,707,True,0.7108321024126047
Tox21,avg,0.5,1,4,200,16,16,0.0,val,server,9,45,603,648,True,0.5670167680117929
Tox21,avg,0.5,1,4,200,16,16,0.0,val,server,10,92,495,587,True,0.754238032498902
Tox21,avg,0.5,1,4,200,16,16,0.0,val,server,11,42,636,678,True,0.7002845163222522
Tox21,avg,0.5,1,4,200,16,16,0.0,val,client_0,0,31,696,727,True,0.3532628846866889
Tox21,avg,0.5,1,4,200,16,16,0.0,val,client_0,1,23,652,675,True,0.37966791144305145
Tox21,avg,0.5,1,4,200,16,16,0.0,val,client_0,2,74,567,641,True,0.8096191429524763
Tox21,avg,0.5,1,4,200,16,16,0.0,val,client_0,3,19,546,565,True,0.7165027954501638
Tox21,avg,0.5,1,4,200,16,16,0.0,val,client_0,4,82,541,623,True,0.560772733420495
Tox21,avg,0.5,1,4,200,16,16,0.0,val,client_0,5,30,657,687,True,0.5261288685946219
Tox21,avg,0.5,1,4,200,16,16,0.0,val,client_0,6,21,612,633,True,0.4856831621537504
Tox21,avg,0.5,1,4,200,16,16,0.0,val,client_0,7,96,492,588,True,0.6472306910569106
Tox21,avg,0.5,1,4,200,16,16,0.0,val,client_0,8,30,677,707,True,0.6926144756277696
Tox21,avg,0.5,1,4,200,16,16,0.0,val,client_0,9,45,603,648,True,0.5936244702413856
Tox21,avg,0.5,1,4,200,16,16,0.0,val,client_0,10,92,495,587,True,0.7449934123847167
Tox21,avg,0.5,1,4,200,16,16,0.0,val,client_0,11,42,636,678,True,0.6853099730458221
Tox21,avg,0.5,1,4,200,16,16,0.0,val,client_1,0,31,696,727,True,0.4225991842788283
Tox21,avg,0.5,1,4,200,16,16,0.0,val,client_1,1,23,652,675,True,0.3939050413443585
Tox21,avg,0.5,1,4,200,16,16,0.0,val,client_1,2,74,567,641,True,0.766981266981267
Tox21,avg,0.5,1,4,200,16,16,0.0,val,client_1,3,19,546,565,True,0.6711008289955658
Tox21,avg,0.5,1,4,200,16,16,0.0,val,client_1,4,82,541,623,True,0.5710968847211578
Tox21,avg,0.5,1,4,200,16,16,0.0,val,client_1,5,30,657,687,True,0.5653982749873161
Tox21,avg,0.5,1,4,200,16,16,0.0,val,client_1,6,21,612,633,True,0.4934640522875817
Tox21,avg,0.5,1,4,200,16,16,0.0,val,client_1,7,96,492,588,True,0.6488609417344173
Tox21,avg,0.5,1,4,200,16,16,0.0,val,client_1,8,30,677,707,True,0.7199409158050222
Tox21,avg,0.5,1,4,200,16,16,0.0,val,client_1,9,45,603,648,True,0.5650635710337203
Tox21,avg,0.5,1,4,200,16,16,0.0,val,client_1,10,92,495,587,True,0.7791831357048749
Tox21,avg,0.5,1,4,200,16,16,0.0,val,client_1,11,42,636,678,True,0.7040655884995508
Tox21,avg,0.5,1,4,200,16,16,0.0,val,client_2,0,31,696,727,True,0.6467371153133111
Tox21,avg,0.5,1,4,200,16,16,0.0,val,client_2,1,23,652,675,True,0.6208322219258469
Tox21,avg,0.5,1,4,200,16,16,0.0,val,client_2,2,74,567,641,True,0.7543257543257542
Tox21,avg,0.5,1,4,200,16,16,0.0,val,client_2,3,19,546,565,True,0.6925968768074031
Tox21,avg,0.5,1,4,200,16,16,0.0,val,client_2,4,82,541,623,True,0.6254001172174384
Tox21,avg,0.5,1,4,200,16,16,0.0,val,client_2,5,30,657,687,True,0.6690005073566717
Tox21,avg,0.5,1,4,200,16,16,0.0,val,client_2,6,21,612,633,True,0.4989884842826019
Tox21,avg,0.5,1,4,200,16,16,0.0,val,client_2,7,96,492,588,True,0.6388253726287263
Tox21,avg,0.5,1,4,200,16,16,0.0,val,client_2,8,30,677,707,True,0.7066962087641556
Tox21,avg,0.5,1,4,200,16,16,0.0,val,client_2,9,45,603,648,True,0.5522756587433204
Tox21,avg,0.5,1,4,200,16,16,0.0,val,client_2,10,92,495,587,True,0.760737812911726
Tox21,avg,0.5,1,4,200,16,16,0.0,val,client_2,11,42,636,678,True,0.72562893081761
Tox21,avg,0.5,1,4,200,16,16,0.0,val,client_3,0,31,696,727,True,0.6604097144975899
Tox21,avg,0.5,1,4,200,16,16,0.0,val,client_3,1,23,652,675,True,0.6415044011736464
Tox21,avg,0.5,1,4,200,16,16,0.0,val,client_3,2,74,567,641,True,0.7722246055579388
Tox21,avg,0.5,1,4,200,16,16,0.0,val,client_3,3,19,546,565,True,0.6844033159822633
Tox21,avg,0.5,1,4,200,16,16,0.0,val,client_3,4,82,541,623,True,0.629502727559623
Tox21,avg,0.5,1,4,200,16,16,0.0,val,client_3,5,30,657,687,True,0.6741248097412481
Tox21,avg,0.5,1,4,200,16,16,0.0,val,client_3,6,21,612,633,True,0.5101151571739807
Tox21,avg,0.5,1,4,200,16,16,0.0,val,client_3,7,96,492,588,True,0.6449441056910569
Tox21,avg,0.5,1,4,200,16,16,0.0,val,client_3,8,30,677,707,True,0.7019694731659281
Tox21,avg,0.5,1,4,200,16,16,0.0,val,client_3,9,45,603,648,True,0.5667219458264234
Tox21,avg,0.5,1,4,200,16,16,0.0,val,client_3,10,92,495,587,True,0.7640535792709706
Tox21,avg,0.5,1,4,200,16,16,0.0,val,client_3,11,42,636,678,True,0.7336777478286912
Tox21,avg,0.5,1,4,200,16,16,0.0,test,server,0,32,693,725,True,0.45819805194805197
Tox21,avg,0.5,1,4,200,16,16,0.0,test,server,1,33,646,679,True,0.5064264940425931
Tox21,avg,0.5,1,4,200,16,16,0.0,test,server,2,77,572,649,True,0.7731132503859776
Tox21,avg,0.5,1,4,200,16,16,0.0,test,server,3,38,538,576,True,0.6195460770886324
Tox21,avg,0.5,1,4,200,16,16,0.0,test,server,4,80,531,611,True,0.6170903954802259
Tox21,avg,0.5,1,4,200,16,16,0.0,test,server,5,34,647,681,True,0.57059732702973
Tox21,avg,0.5,1,4,200,16,16,0.0,test,server,6,21,617,638,True,0.6498417843636644
Tox21,avg,0.5,1,4,200,16,16,0.0,test,server,7,95,494,589,True,0.6374600468783295
Tox21,avg,0.5,1,4,200,16,16,0.0,test,server,8,32,670,702,True,0.6577425373134328
Tox21,avg,0.5,1,4,200,16,16,0.0,test,server,9,36,621,657,True,0.5139559849704777
Tox21,avg,0.5,1,4,200,16,16,0.0,test,server,10,93,485,578,True,0.7342201529763884
Tox21,avg,0.5,1,4,200,16,16,0.0,test,server,11,48,624,672,True,0.637520032051282
Tox21,avg,0.5,1,4,200,16,16,0.0,test,client_0,0,32,693,725,True,0.33572330447330445
Tox21,avg,0.5,1,4,200,16,16,0.0,test,client_0,1,33,646,679,True,0.4796416174125153
Tox21,avg,0.5,1,4,200,16,16,0.0,test,client_0,2,77,572,649,True,0.7649623104168559
Tox21,avg,0.5,1,4,200,16,16,0.0,test,client_0,3,38,538,576,True,0.6453238113872041
Tox21,avg,0.5,1,4,200,16,16,0.0,test,client_0,4,80,531,611,True,0.5938323917137476
Tox21,avg,0.5,1,4,200,16,16,0.0,test,client_0,5,34,647,681,True,0.5757341576506956
Tox21,avg,0.5,1,4,200,16,16,0.0,test,client_0,6,21,617,638,True,0.6654318129196573
Tox21,avg,0.5,1,4,200,16,16,0.0,test,client_0,7,95,494,589,True,0.6465800127849989
Tox21,avg,0.5,1,4,200,16,16,0.0,test,client_0,8,32,670,702,True,0.675419776119403
Tox21,avg,0.5,1,4,200,16,16,0.0,test,client_0,9,36,621,657,True,0.527822508498837
Tox21,avg,0.5,1,4,200,16,16,0.0,test,client_0,10,93,485,578,True,0.7236669992240328
Tox21,avg,0.5,1,4,200,16,16,0.0,test,client_0,11,48,624,672,True,0.6470352564102564
Tox21,avg,0.5,1,4,200,16,16,0.0,test,client_1,0,32,693,725,True,0.4310064935064935
Tox21,avg,0.5,1,4,200,16,16,0.0,test,client_1,1,33,646,679,True,0.482690683929074
Tox21,avg,0.5,1,4,200,16,16,0.0,test,client_1,2,77,572,649,True,0.7478657705930434
Tox21,avg,0.5,1,4,200,16,16,0.0,test,client_1,3,38,538,576,True,0.6209645861866562
Tox21,avg,0.5,1,4,200,16,16,0.0,test,client_1,4,80,531,611,True,0.5998587570621469
Tox21,avg,0.5,1,4,200,16,16,0.0,test,client_1,5,34,647,681,True,0.5729157196108737
Tox21,avg,0.5,1,4,200,16,16,0.0,test,client_1,6,21,617,638,True,0.6494558925677241
Tox21,avg,0.5,1,4,200,16,16,0.0,test,client_1,7,95,494,589,True,0.6279991476667377
Tox21,avg,0.5,1,4,200,16,16,0.0,test,client_1,8,32,670,702,True,0.6417444029850746
Tox21,avg,0.5,1,4,200,16,16,0.0,test,client_1,9,36,621,657,True,0.5154768294864913
Tox21,avg,0.5,1,4,200,16,16,0.0,test,client_1,10,93,485,578,True,0.7356168939142002
Tox21,avg,0.5,1,4,200,16,16,0.0,test,client_1,11,48,624,672,True,0.6284054487179487
Tox21,avg,0.5,1,4,200,16,16,0.0,test,client_2,0,32,693,725,True,0.6824945887445888
Tox21,avg,0.5,1,4,200,16,16,0.0,test,client_2,1,33,646,679,True,0.6860868749413641
Tox21,avg,0.5,1,4,200,16,16,0.0,test,client_2,2,77,572,649,True,0.7457542457542458
Tox21,avg,0.5,1,4,200,16,16,0.0,test,client_2,3,38,538,576,True,0.6435629035413813
Tox21,avg,0.5,1,4,200,16,16,0.0,test,client_2,4,80,531,611,True,0.6476459510357815
Tox21,avg,0.5,1,4,200,16,16,0.0,test,client_2,5,34,647,681,True,0.6093735794163105
Tox21,avg,0.5,1,4,200,16,16,0.0,test,client_2,6,21,617,638,True,0.6263023848112989
Tox21,avg,0.5,1,4,200,16,16,0.0,test,client_2,7,95,494,589,True,0.6412529298955891
Tox21,avg,0.5,1,4,200,16,16,0.0,test,client_2,8,32,670,702,True,0.6417444029850746
Tox21,avg,0.5,1,4,200,16,16,0.0,test,client_2,9,36,621,657,True,0.48398640186079794
Tox21,avg,0.5,1,4,200,16,16,0.0,test,client_2,10,93,485,578,True,0.7337545726637845
Tox21,avg,0.5,1,4,200,16,16,0.0,test,client_2,11,48,624,672,True,0.6507411858974359
Tox21,avg,0.5,1,4,200,16,16,0.0,test,client_3,0,32,693,725,True,0.7020202020202021
Tox21,avg,0.5,1,4,200,16,16,0.0,test,client_3,1,33,646,679,True,0.7130593864339995
Tox21,avg,0.5,1,4,200,16,16,0.0,test,client_3,2,77,572,649,True,0.7604895104895105
Tox21,avg,0.5,1,4,200,16,16,0.0,test,client_3,3,38,538,576,True,0.6441987869301508
Tox21,avg,0.5,1,4,200,16,16,0.0,test,client_3,4,80,531,611,True,0.6527071563088512
Tox21,avg,0.5,1,4,200,16,16,0.0,test,client_3,5,34,647,681,True,0.6408764433130285
Tox21,avg,0.5,1,4,200,16,16,0.0,test,client_3,6,21,617,638,True,0.6424326618816084
Tox21,avg,0.5,1,4,200,16,16,0.0,test,client_3,7,95,494,589,True,0.6425314297890474
Tox21,avg,0.5,1,4,200,16,16,0.0,test,client_3,8,32,670,702,True,0.6508861940298507
Tox21,avg,0.5,1,4,200,16,16,0.0,test,client_3,9,36,621,657,True,0.4959295043836107
Tox21,avg,0.5,1,4,200,16,16,0.0,test,client_3,10,93,485,578,True,0.7309167498060083
Tox21,avg,0.5,1,4,200,16,16,0.0,test,client_3,11,48,624,672,True,0.672542735042735
Tox21,avg,0.5,1,5,200,16,16,0.0,val,server,0,31,696,727,True,0.5154801631442343
Tox21,avg,0.5,1,5,200,16,16,0.0,val,server,1,23,652,675,True,0.4815950920245399
Tox21,avg,0.5,1,5,200,16,16,0.0,val,server,2,74,567,641,True,0.7888602888602888
Tox21,avg,0.5,1,5,200,16,16,0.0,val,server,3,19,546,565,True,0.6945247734721418
Tox21,avg,0.5,1,5,200,16,16,0.0,val,server,4,82,541,623,True,0.5892881294801857
Tox21,avg,0.5,1,5,200,16,16,0.0,val,server,5,30,657,687,True,0.6073059360730594
Tox21,avg,0.5,1,5,200,16,16,0.0,val,server,6,21,612,633,True,0.5071584189231249
Tox21,avg,0.5,1,5,200,16,16,0.0,val,server,7,96,492,588,True,0.6479293699186992
Tox21,avg,0.5,1,5,200,16,16,0.0,val,server,8,30,677,707,True,0.7179222058099458
Tox21,avg,0.5,1,5,200,16,16,0.0,val,server,9,45,603,648,True,0.5628524046434494
Tox21,avg,0.5,1,5,200,16,16,0.0,val,server,10,92,495,587,True,0.7724637681159421
Tox21,avg,0.5,1,5,200,16,16,0.0,val,server,11,42,636,678,True,0.7245058400718778
Tox21,avg,0.5,1,5,200,16,16,0.0,val,client_0,0,31,696,727,True,0.34026232851316274
Tox21,avg,0.5,1,5,200,16,16,0.0,val,client_0,1,23,652,675,True,0.3736329687916778
Tox21,avg,0.5,1,5,200,16,16,0.0,val,client_0,2,74,567,641,True,0.7964869631536299
Tox21,avg,0.5,1,5,200,16,16,0.0,val,client_0,3,19,546,565,True,0.686331212647002
Tox21,avg,0.5,1,5,200,16,16,0.0,val,client_0,4,82,541,623,True,0.5609756097560975
Tox21,avg,0.5,1,5,200,16,16,0.0,val,client_0,5,30,657,687,True,0.5546423135464231
Tox21,avg,0.5,1,5,200,16,16,0.0,val,client_0,6,21,612,633,True,0.4825708061002178
Tox21,avg,0.5,1,5,200,16,16,0.0,val,client_0,7,96,492,588,True,0.6610772357723578
Tox21,avg,0.5,1,5,200,16,16,0.0,val,client_0,8,30,677,707,True,0.7097488921713442
Tox21,avg,0.5,1,5,200,16,16,0.0,val,client_0,9,45,603,648,True,0.5955408144462871
Tox21,avg,0.5,1,5,200,16,16,0.0,val,client_0,10,92,495,587,True,0.7634606938954765
Tox21,avg,0.5,1,5,200,16,16,0.0,val,client_0,11,42,636,678,True,0.7038035339922132
Tox21,avg,0.5,1,5,200,16,16,0.0,val,client_1,0,31,696,727,True,0.5006025213199852
Tox21,avg,0.5,1,5,200,16,16,0.0,val,client_1,1,23,652,675,True,0.4628567618031475
Tox21,avg,0.5,1,5,200,16,16,0.0,val,client_1,2,74,567,641,True,0.7493922493922494
Tox21,avg,0.5,1,5,200,16,16,0.0,val,client_1,3,19,546,565,True,0.6724503566608829
Tox21,avg,0.5,1,5,200,16,16,0.0,val,client_1,4,82,541,623,True,0.5892430458500519
Tox21,avg,0.5,1,5,200,16,16,0.0,val,client_1,5,30,657,687,True,0.5980213089802131
Tox21,avg,0.5,1,5,200,16,16,0.0,val,client_1,6,21,612,633,True,0.5053688141923436
Tox21,avg,0.5,1,5,200,16,16,0.0,val,client_1,7,96,492,588,True,0.635691903794038
Tox21,avg,0.5,1,5,200,16,16,0.0,val,client_1,8,30,677,707,True,0.7297390448055145
Tox21,avg,0.5,1,5,200,16,16,0.0,val,client_1,9,45,603,648,True,0.555444997236042
Tox21,avg,0.5,1,5,200,16,16,0.0,val,client_1,10,92,495,587,True,0.7877250768555116
Tox21,avg,0.5,1,5,200,16,16,0.0,val,client_1,11,42,636,678,True,0.7320305480682838
Tox21,avg,0.5,1,5,200,16,16,0.0,val,client_2,0,31,696,727,True,0.685854653318502
Tox21,avg,0.5,1,5,200,16,16,0.0,val,client_2,1,23,652,675,True,0.6647772739397173
Tox21,avg,0.5,1,5,200,16,16,0.0,val,client_2,2,74,567,641,True,0.7662900996234331
Tox21,avg,0.5,1,5,200,16,16,0.0,val,client_2,3,19,546,565,True,0.6986697513013302
Tox21,avg,0.5,1,5,200,16,16,0.0,val,client_2,4,82,541,623,True,0.627361255128263
Tox21,avg,0.5,1,5,200,16,16,0.0,val,client_2,5,30,657,687,True,0.6752917300862507
Tox21,avg,0.5,1,5,200,16,16,0.0,val,client_2,6,21,612,633,True,0.4996109554933085
Tox21,avg,0.5,1,5,200,16,16,0.0,val,client_2,7,96,492,588,True,0.6444783197831978
Tox21,avg,0.5,1,5,200,16,16,0.0,val,client_2,8,30,677,707,True,0.699507631708518
Tox21,avg,0.5,1,5,200,16,16,0.0,val,client_2,9,45,603,648,True,0.5541920029482219
Tox21,avg,0.5,1,5,200,16,16,0.0,val,client_2,10,92,495,587,True,0.7684672815107597
Tox21,avg,0.5,1,5,200,16,16,0.0,val,client_2,11,42,636,678,True,0.7337900569032644
Tox21,avg,0.5,1,5,200,16,16,0.0,val,client_3,0,31,696,727,True,0.7171394141638858
Tox21,avg,0.5,1,5,200,16,16,0.0,val,client_3,1,23,652,675,True,0.7050546812483329
Tox21,avg,0.5,1,5,200,16,16,0.0,val,client_3,2,74,567,641,True,0.7700319366986034
Tox21,avg,0.5,1,5,200,16,16,0.0,val,client_3,3,19,546,565,True,0.680354732986312
Tox21,avg,0.5,1,5,200,16,16,0.0,val,client_3,4,82,541,623,True,0.6401650060862899
Tox21,avg,0.5,1,5,200,16,16,0.0,val,client_3,5,30,657,687,True,0.6932521562658549
Tox21,avg,0.5,1,5,200,16,16,0.0,val,client_3,6,21,612,633,True,0.5354030501089325
Tox21,avg,0.5,1,5,200,16,16,0.0,val,client_3,7,96,492,588,True,0.6490938346883468
Tox21,avg,0.5,1,5,200,16,16,0.0,val,client_3,8,30,677,707,True,0.705809945839488
Tox21,avg,0.5,1,5,200,16,16,0.0,val,client_3,9,45,603,648,True,0.5686382900313249
Tox21,avg,0.5,1,5,200,16,16,0.0,val,client_3,10,92,495,587,True,0.776723759332455
Tox21,avg,0.5,1,5,200,16,16,0.0,val,client_3,11,42,636,678,True,0.7440476190476191
Tox21,avg,0.5,1,5,200,16,16,0.0,test,server,0,32,693,725,True,0.5349025974025974
Tox21,avg,0.5,1,5,200,16,16,0.0,test,server,1,33,646,679,True,0.5730837789661319
Tox21,avg,0.5,1,5,200,16,16,0.0,test,server,2,77,572,649,True,0.7701843610934519
Tox21,avg,0.5,1,5,200,16,16,0.0,test,server,3,38,538,576,True,0.6330952846801017
Tox21,avg,0.5,1,5,200,16,16,0.0,test,server,4,80,531,611,True,0.6225988700564972
Tox21,avg,0.5,1,5,200,16,16,0.0,test,server,5,34,647,681,True,0.5922356577870715
Tox21,avg,0.5,1,5,200,16,16,0.0,test,server,6,21,617,638,True,0.6523886702168712
Tox21,avg,0.5,1,5,200,16,16,0.0,test,server,7,95,494,589,True,0.6523332623055615
Tox21,avg,0.5,1,5,200,16,16,0.0,test,server,8,32,670,702,True,0.65625
Tox21,avg,0.5,1,5,200,16,16,0.0,test,server,9,36,621,657,True,0.5229915906244409
Tox21,avg,0.5,1,5,200,16,16,0.0,test,server,10,93,485,578,True,0.7423788936924953
Tox21,avg,0.5,1,5,200,16,16,0.0,test,server,11,48,624,672,True,0.6626602564102564
Tox21,avg,0.5,1,5,200,16,16,0.0,test,client_0,0,32,693,725,True,0.3486652236652236
Tox21,avg,0.5,1,5,200,16,16,0.0,test,client_0,1,33,646,679,True,0.47194858804765927
Tox21,avg,0.5,1,5,200,16,16,0.0,test,client_0,2,77,572,649,True,0.7611479429661248
Tox21,avg,0.5,1,5,200,16,16,0.0,test,client_0,3,38,538,576,True,0.6163666601447858
Tox21,avg,0.5,1,5,200,16,16,0.0,test,client_0,4,80,531,611,True,0.6140301318267419
Tox21,avg,0.5,1,5,200,16,16,0.0,test,client_0,5,34,647,681,True,0.6093735794163105
Tox21,avg,0.5,1,5,200,16,16,0.0,test,client_0,6,21,617,638,True,0.6533919888863162
Tox21,avg,0.5,1,5,200,16,16,0.0,test,client_0,7,95,494,589,True,0.654251012145749
Tox21,avg,0.5,1,5,200,16,16,0.0,test,client_0,8,32,670,702,True,0.6718283582089551
Tox21,avg,0.5,1,5,200,16,16,0.0,test,client_0,9,36,621,657,True,0.5474592950438361
Tox21,avg,0.5,1,5,200,16,16,0.0,test,client_0,10,93,485,578,True,0.744174703469682
Tox21,avg,0.5,1,5,200,16,16,0.0,test,client_0,11,48,624,672,True,0.6293736645299146
Tox21,avg,0.5,1,5,200,16,16,0.0,test,client_1,0,32,693,725,True,0.5091540404040404
Tox21,avg,0.5,1,5,200,16,16,0.0,test,client_1,1,33,646,679,True,0.5541795665634675
Tox21,avg,0.5,1,5,200,16,16,0.0,test,client_1,2,77,572,649,True,0.751589319771138
Tox21,avg,0.5,1,5,200,16,16,0.0,test,client_1,3,38,538,576,True,0.6444922715711211
Tox21,avg,0.5,1,5,200,16,16,0.0,test,client_1,4,80,531,611,True,0.6167843691148776
Tox21,avg,0.5,1,5,200,16,16,0.0,test,client_1,5,34,647,681,True,0.5921447404309482
Tox21,avg,0.5,1,5,200,16,16,0.0,test,client_1,6,21,617,638,True,0.637493246893571
Tox21,avg,0.5,1,5,200,16,16,0.0,test,client_1,7,95,494,589,True,0.6360750053270829
Tox21,avg,0.5,1,5,200,16,16,0.0,test,client_1,8,32,670,702,True,0.6376399253731343
Tox21,avg,0.5,1,5,200,16,16,0.0,test,client_1,9,36,621,657,True,0.5128824476650564
Tox21,avg,0.5,1,5,200,16,16,0.0,test,client_1,10,93,485,578,True,0.7513801130695044
Tox21,avg,0.5,1,5,200,16,16,0.0,test,client_1,11,48,624,672,True,0.6570178952991453
Tox21,avg,0.5,1,5,200,16,16,0.0,test,client_2,0,32,693,725,True,0.7241612554112555
Tox21,avg,0.5,1,5,200,16,16,0.0,test,client_2,1,33,646,679,True,0.7321512336992213
Tox21,avg,0.5,1,5,200,16,16,0.0,test,client_2,2,77,572,649,True,0.7485014985014984
Tox21,avg,0.5,1,5,200,16,16,0.0,test,client_2,3,38,538,576,True,0.6443455292506358
Tox21,avg,0.5,1,5,200,16,16,0.0,test,client_2,4,80,531,611,True,0.6457391713747646
Tox21,avg,0.5,1,5,200,16,16,0.0,test,client_2,5,34,647,681,True,0.6298299845440495
Tox21,avg,0.5,1,5,200,16,16,0.0,test,client_2,6,21,617,638,True,0.6323222968279694
Tox21,avg,0.5,1,5,200,16,16,0.0,test,client_2,7,95,494,589,True,0.6580438951630088
Tox21,avg,0.5,1,5,200,16,16,0.0,test,client_2,8,32,670,702,True,0.6359608208955223
Tox21,avg,0.5,1,5,200,16,16,0.0,test,client_2,9,36,621,657,True,0.5022365360529613
Tox21,avg,0.5,1,5,200,16,16,0.0,test,client_2,10,93,485,578,True,0.7372796807449286
Tox21,avg,0.5,1,5,200,16,16,0.0,test,client_2,11,48,624,672,True,0.6681356837606837
Tox21,avg,0.5,1,5,200,16,16,0.0,test,client_3,0,32,693,725,True,0.7657828282828283
Tox21,avg,0.5,1,5,200,16,16,0.0,test,client_3,1,33,646,679,True,0.7691153016230415
Tox21,avg,0.5,1,5,200,16,16,0.0,test,client_3,2,77,572,649,True,0.760603033330306
Tox21,avg,0.5,1,5,200,16,16,0.0,test,client_3,3,38,538,576,True,0.6541283506163177
Tox21,avg,0.5,1,5,200,16,16,0.0,test,client_3,4,80,531,611,True,0.6596280602636535
Tox21,avg,0.5,1,5,200,16,16,0.0,test,client_3,5,34,647,681,True,0.6618328938994454
Tox21,avg,0.5,1,5,200,16,16,0.0,test,client_3,6,21,617,638,True,0.6360268580689974
Tox21,avg,0.5,1,5,200,16,16,0.0,test,client_3,7,95,494,589,True,0.6536543788621351
Tox21,avg,0.5,1,5,200,16,16,0.0,test,client_3,8,32,670,702,True,0.6400186567164179
Tox21,avg,0.5,1,5,200,16,16,0.0,test,client_3,9,36,621,657,True,0.5125693326176418
Tox21,avg,0.5,1,5,200,16,16,0.0,test,client_3,10,93,485,578,True,0.7346857332889923
Tox21,avg,0.5,1,5,200,16,16,0.0,test,client_3,11,48,624,672,True,0.686965811965812
Tox21,avg,0.5,1,6,200,16,16,0.0,val,server,0,31,696,727,True,0.6312106043752317
Tox21,avg,0.5,1,6,200,16,16,0.0,val,server,1,23,652,675,True,0.5962923446252334
Tox21,avg,0.5,1,6,200,16,16,0.0,val,server,2,74,567,641,True,0.7963439630106297
Tox21,avg,0.5,1,6,200,16,16,0.0,val,server,3,19,546,565,True,0.7027183342972816
Tox21,avg,0.5,1,6,200,16,16,0.0,val,server,4,82,541,623,True,0.6067805779721382
Tox21,avg,0.5,1,6,200,16,16,0.0,val,server,5,30,657,687,True,0.6476915271435819
Tox21,avg,0.5,1,6,200,16,16,0.0,val,server,6,21,612,633,True,0.5168456271397448
Tox21,avg,0.5,1,6,200,16,16,0.0,val,server,7,96,492,588,True,0.6586847899728997
Tox21,avg,0.5,1,6,200,16,16,0.0,val,server,8,30,677,707,True,0.7235844411619892
Tox21,avg,0.5,1,6,200,16,16,0.0,val,server,9,45,603,648,True,0.5624101713653953
Tox21,avg,0.5,1,6,200,16,16,0.0,val,server,10,92,495,587,True,0.7859025032938077
Tox21,avg,0.5,1,6,200,16,16,0.0,val,server,11,42,636,678,True,0.7463686732554656
Tox21,avg,0.5,1,6,200,16,16,0.0,val,client_0,0,31,696,727,True,0.43015387467556543
Tox21,avg,0.5,1,6,200,16,16,0.0,val,client_0,1,23,652,675,True,0.4205788210189384
Tox21,avg,0.5,1,6,200,16,16,0.0,val,client_0,2,74,567,641,True,0.8099289765956432
Tox21,avg,0.5,1,6,200,16,16,0.0,val,client_0,3,19,546,565,True,0.7108155002891845
Tox21,avg,0.5,1,6,200,16,16,0.0,val,client_0,4,82,541,623,True,0.5682791578377892
Tox21,avg,0.5,1,6,200,16,16,0.0,val,client_0,5,30,657,687,True,0.5780314561136478
Tox21,avg,0.5,1,6,200,16,16,0.0,val,client_0,6,21,612,633,True,0.4903516962340492
Tox21,avg,0.5,1,6,200,16,16,0.0,val,client_0,7,96,492,588,True,0.6631521002710027
Tox21,avg,0.5,1,6,200,16,16,0.0,val,client_0,8,30,677,707,True,0.7125553914327918
Tox21,avg,0.5,1,6,200,16,16,0.0,val,client_0,9,45,603,648,True,0.5879491431730238
Tox21,avg,0.5,1,6,200,16,16,0.0,val,client_0,10,92,495,587,True,0.769433465085639
Tox21,avg,0.5,1,6,200,16,16,0.0,val,client_0,11,42,636,678,True,0.7433737646001798
Tox21,avg,0.5,1,6,200,16,16,0.0,val,client_1,0,31,696,727,True,0.6148961809417871
Tox21,avg,0.5,1,6,200,16,16,0.0,val,client_1,1,23,652,675,True,0.5850226727127235
Tox21,avg,0.5,1,6,200,16,16,0.0,val,client_1,2,74,567,641,True,0.7640974307640974
Tox21,avg,0.5,1,6,200,16,16,0.0,val,client_1,3,19,546,565,True,0.6691729323308271
Tox21,avg,0.5,1,6,200,16,16,0.0,val,client_1,4,82,541,623,True,0.6013705423560705
Tox21,avg,0.5,1,6,200,16,16,0.0,val,client_1,5,30,657,687,True,0.6460172501268392
Tox21,avg,0.5,1,6,200,16,16,0.0,val,client_1,6,21,612,633,True,0.5143168378462496
Tox21,avg,0.5,1,6,200,16,16,0.0,val,client_1,7,96,492,588,True,0.6505547086720866
Tox21,avg,0.5,1,6,200,16,16,0.0,val,client_1,8,30,677,707,True,0.7280157557853274
Tox21,avg,0.5,1,6,200,16,16,0.0,val,client_1,9,45,603,648,True,0.5598304772434126
Tox21,avg,0.5,1,6,200,16,16,0.0,val,client_1,10,92,495,587,True,0.8100131752305666
Tox21,avg,0.5,1,6,200,16,16,0.0,val,client_1,11,42,636,678,True,0.7601826894279724
Tox21,avg,0.5,1,6,200,16,16,0.0,val,client_2,0,31,696,727,True,0.7513440860215054
Tox21,avg,0.5,1,6,200,16,16,0.0,val,client_2,1,23,652,675,True,0.7447986129634568
Tox21,avg,0.5,1,6,200,16,16,0.0,val,client_2,2,74,567,641,True,0.7639544306210975
Tox21,avg,0.5,1,6,200,16,16,0.0,val,client_2,3,19,546,565,True,0.705320994794679
Tox21,avg,0.5,1,6,200,16,16,0.0,val,client_2,4,82,541,623,True,0.6374149046481223
Tox21,avg,0.5,1,6,200,16,16,0.0,val,client_2,5,30,657,687,True,0.7045154743784882
Tox21,avg,0.5,1,6,200,16,16,0.0,val,client_2,6,21,612,633,True,0.5338468720821662
Tox21,avg,0.5,1,6,200,16,16,0.0,val,client_2,7,96,492,588,True,0.6707105352303522
Tox21,avg,0.5,1,6,200,16,16,0.0,val,client_2,8,30,677,707,True,0.71698670605613
Tox21,avg,0.5,1,6,200,16,16,0.0,val,client_2,9,45,603,648,True,0.5655426570849456
Tox21,avg,0.5,1,6,200,16,16,0.0,val,client_2,10,92,495,587,True,0.7739569609134826
Tox21,avg,0.5,1,6,200,16,16,0.0,val,client_2,11,42,636,678,True,0.7528077268643307
Tox21,avg,0.5,1,6,200,16,16,0.0,val,client_3,0,31,696,727,True,0.7354931405265109
Tox21,avg,0.5,1,6,200,16,16,0.0,val,client_3,1,23,652,675,True,0.736796479061083
Tox21,avg,0.5,1,6,200,16,16,0.0,val,client_3,2,74,567,641,True,0.7838076171409505
Tox21,avg,0.5,1,6,200,16,16,0.0,val,client_3,3,19,546,565,True,0.6925004819741661
Tox21,avg,0.5,1,6,200,16,16,0.0,val,client_3,4,82,541,623,True,0.6449664126955502
Tox21,avg,0.5,1,6,200,16,16,0.0,val,client_3,5,30,657,687,True,0.7055301877219686
Tox21,avg,0.5,1,6,200,16,16,0.0,val,client_3,6,21,612,633,True,0.5510426392779335
Tox21,avg,0.5,1,6,200,16,16,0.0,val,client_3,7,96,492,588,True,0.6568004742547426
Tox21,avg,0.5,1,6,200,16,16,0.0,val,client_3,8,30,677,707,True,0.7110782865583456
Tox21,avg,0.5,1,6,200,16,16,0.0,val,client_3,9,45,603,648,True,0.574571586511885
Tox21,avg,0.5,1,6,200,16,16,0.0,val,client_3,10,92,495,587,True,0.7766139657444006
Tox21,avg,0.5,1,6,200,16,16,0.0,val,client_3,11,42,636,678,True,0.750561545372866
Tox21,avg,0.5,1,6,200,16,16,0.0,test,server,0,32,693,725,True,0.6488997113997114
Tox21,avg,0.5,1,6,200,16,16,0.0,test,server,1,33,646,679,True,0.6804578290646401
Tox21,avg,0.5,1,6,200,16,16,0.0,test,server,2,77,572,649,True,0.769366996639724
Tox21,avg,0.5,1,6,200,16,16,0.0,test,server,3,38,538,576,True,0.6461064370964585
Tox21,avg,0.5,1,6,200,16,16,0.0,test,server,4,80,531,611,True,0.6347222222222223
Tox21,avg,0.5,1,6,200,16,16,0.0,test,server,5,34,647,681,True,0.6326029639058096
Tox21,avg,0.5,1,6,200,16,16,0.0,test,server,6,21,617,638,True,0.6552442695068302
Tox21,avg,0.5,1,6,200,16,16,0.0,test,server,7,95,494,589,True,0.6711698274025143
Tox21,avg,0.5,1,6,200,16,16,0.0,test,server,8,32,670,702,True,0.657276119402985
Tox21,avg,0.5,1,6,200,16,16,0.0,test,server,9,36,621,657,True,0.5352478081946681
Tox21,avg,0.5,1,6,200,16,16,0.0,test,server,10,93,485,578,True,0.7480988803902007
Tox21,avg,0.5,1,6,200,16,16,0.0,test,server,11,48,624,672,True,0.6838942307692307
Tox21,avg,0.5,1,6,200,16,16,0.0,test,client_0,0,32,693,725,True,0.46108405483405485
Tox21,avg,0.5,1,6,200,16,16,0.0,test,client_0,1,33,646,679,True,0.527957594521062
Tox21,avg,0.5,1,6,200,16,16,0.0,test,client_0,2,77,572,649,True,0.7766551630187994
Tox21,avg,0.5,1,6,200,16,16,0.0,test,client_0,3,38,538,576,True,0.6642046566229701
Tox21,avg,0.5,1,6,200,16,16,0.0,test,client_0,4,80,531,611,True,0.6166666666666667
Tox21,avg,0.5,1,6,200,16,16,0.0,test,client_0,5,34,647,681,True,0.6440130920992817
Tox21,avg,0.5,1,6,200,16,16,0.0,test,client_0,6,21,617,638,True,0.647526433588022
Tox21,avg,0.5,1,6,200,16,16,0.0,test,client_0,7,95,494,589,True,0.661687619859365
Tox21,avg,0.5,1,6,200,16,16,0.0,test,client_0,8,32,670,702,True,0.6735541044776119
Tox21,avg,0.5,1,6,200,16,16,0.0,test,client_0,9,36,621,657,True,0.5360082304526749
Tox21,avg,0.5,1,6,200,16,16,0.0,test,client_0,10,93,485,578,True,0.7518013523999554
Tox21,avg,0.5,1,6,200,16,16,0.0,test,client_0,11,48,624,672,True,0.6862980769230769
Tox21,avg,0.5,1,6,200,16,16,0.0,test,client_1,0,32,693,725,True,0.6321248196248197
Tox21,avg,0.5,1,6,200,16,16,0.0,test,client_1,1,33,646,679,True,0.6698564593301435
Tox21,avg,0.5,1,6,200,16,16,0.0,test,client_1,2,77,572,649,True,0.7528834801562074
Tox21,avg,0.5,1,6,200,16,16,0.0,test,client_1,3,38,538,576,True,0.6620035218156916
Tox21,avg,0.5,1,6,200,16,16,0.0,test,client_1,4,80,531,611,True,0.6325094161958569
Tox21,avg,0.5,1,6,200,16,16,0.0,test,client_1,5,34,647,681,True,0.6299663605782344
Tox21,avg,0.5,1,6,200,16,16,0.0,test,client_1,6,21,617,638,True,0.6431272671143011
Tox21,avg,0.5,1,6,200,16,16,0.0,test,client_1,7,95,494,589,True,0.6598764116769658
Tox21,avg,0.5,1,6,200,16,16,0.0,test,client_1,8,32,670,702,True,0.6373600746268657
Tox21,avg,0.5,1,6,200,16,16,0.0,test,client_1,9,36,621,657,True,0.5299695831096798
Tox21,avg,0.5,1,6,200,16,16,0.0,test,client_1,10,93,485,578,True,0.7588072275800909
Tox21,avg,0.5,1,6,200,16,16,0.0,test,client_1,11,48,624,672,True,0.6863982371794872
Tox21,avg,0.5,1,6,200,16,16,0.0,test,client_2,0,32,693,725,True,0.7998286435786435
Tox21,avg,0.5,1,6,200,16,16,0.0,test,client_2,1,33,646,679,True,0.7912093066891829
Tox21,avg,0.5,1,6,200,16,16,0.0,test,client_2,2,77,572,649,True,0.7320860957224593
Tox21,avg,0.5,1,6,200,16,16,0.0,test,client_2,3,38,538,576,True,0.6595578164742713
Tox21,avg,0.5,1,6,200,16,16,0.0,test,client_2,4,80,531,611,True,0.6591572504708099
Tox21,avg,0.5,1,6,200,16,16,0.0,test,client_2,5,34,647,681,True,0.6407855259569052
Tox21,avg,0.5,1,6,200,16,16,0.0,test,client_2,6,21,617,638,True,0.6171953384271051
Tox21,avg,0.5,1,6,200,16,16,0.0,test,client_2,7,95,494,589,True,0.6876411676965695
Tox21,avg,0.5,1,6,200,16,16,0.0,test,client_2,8,32,670,702,True,0.6328824626865671
Tox21,avg,0.5,1,6,200,16,16,0.0,test,client_2,9,36,621,657,True,0.5220969762032563
Tox21,avg,0.5,1,6,200,16,16,0.0,test,client_2,10,93,485,578,True,0.7333333333333333
Tox21,avg,0.5,1,6,200,16,16,0.0,test,client_2,11,48,624,672,True,0.6786191239316239
Tox21,avg,0.5,1,6,200,16,16,0.0,test,client_3,0,32,693,725,True,0.7853084415584415
Tox21,avg,0.5,1,6,200,16,16,0.0,test,client_3,1,33,646,679,True,0.7964161741251524
Tox21,avg,0.5,1,6,200,16,16,0.0,test,client_3,2,77,572,649,True,0.7715920443193169
Tox21,avg,0.5,1,6,200,16,16,0.0,test,client_3,3,38,538,576,True,0.6532478966934063
Tox21,avg,0.5,1,6,200,16,16,0.0,test,client_3,4,80,531,611,True,0.6640772128060264
Tox21,avg,0.5,1,6,200,16,16,0.0,test,client_3,5,34,647,681,True,0.6688335303209383
Tox21,avg,0.5,1,6,200,16,16,0.0,test,client_3,6,21,617,638,True,0.6371845334568187
Tox21,avg,0.5,1,6,200,16,16,0.0,test,client_3,7,95,494,589,True,0.6680161943319838
Tox21,avg,0.5,1,6,200,16,16,0.0,test,client_3,8,32,670,702,True,0.6465485074626866
Tox21,avg,0.5,1,6,200,16,16,0.0,test,client_3,9,36,621,657,True,0.5237967436035069
Tox21,avg,0.5,1,6,200,16,16,0.0,test,client_3,10,93,485,578,True,0.7344196873960758
Tox21,avg,0.5,1,6,200,16,16,0.0,test,client_3,11,48,624,672,True,0.6948450854700855
Tox21,avg,0.5,1,7,200,16,16,0.0,val,server,0,31,696,727,True,0.7182981090100111
Tox21,avg,0.5,1,7,200,16,16,0.0,val,server,1,23,652,675,True,0.6931181648439584
Tox21,avg,0.5,1,7,200,16,16,0.0,val,server,2,74,567,641,True,0.8034224700891368
Tox21,avg,0.5,1,7,200,16,16,0.0,val,server,3,19,546,565,True,0.7124542124542125
Tox21,avg,0.5,1,7,200,16,16,0.0,val,server,4,82,541,623,True,0.6240476083134213
Tox21,avg,0.5,1,7,200,16,16,0.0,val,server,5,30,657,687,True,0.6859969558599696
Tox21,avg,0.5,1,7,200,16,16,0.0,val,server,6,21,612,633,True,0.5331465919701214
Tox21,avg,0.5,1,7,200,16,16,0.0,val,server,7,96,492,588,True,0.6695672425474255
Tox21,avg,0.5,1,7,200,16,16,0.0,val,server,8,30,677,707,True,0.7268340718857705
Tox21,avg,0.5,1,7,200,16,16,0.0,val,server,9,45,603,648,True,0.5595356550580431
Tox21,avg,0.5,1,7,200,16,16,0.0,val,server,10,92,495,587,True,0.7898111550285463
Tox21,avg,0.5,1,7,200,16,16,0.0,val,server,11,42,636,678,True,0.757000598981731
Tox21,avg,0.5,1,7,200,16,16,0.0,val,client_0,0,31,696,727,True,0.5242862439747868
Tox21,avg,0.5,1,7,200,16,16,0.0,val,client_0,1,23,652,675,True,0.4879301146972526
Tox21,avg,0.5,1,7,200,16,16,0.0,val,client_0,2,74,567,641,True,0.8099289765956432
Tox21,avg,0.5,1,7,200,16,16,0.0,val,client_0,3,19,546,565,True,0.6920185078079815
Tox21,avg,0.5,1,7,200,16,16,0.0,val,client_0,4,82,541,623,True,0.5800234434876697
Tox21,avg,0.5,1,7,200,16,16,0.0,val,client_0,5,30,657,687,True,0.5986808726534754
Tox21,avg,0.5,1,7,200,16,16,0.0,val,client_0,6,21,612,633,True,0.5019452225334577
Tox21,avg,0.5,1,7,200,16,16,0.0,val,client_0,7,96,492,588,True,0.6665396341463414
Tox21,avg,0.5,1,7,200,16,16,0.0,val,client_0,8,30,677,707,True,0.7142786804529788
Tox21,avg,0.5,1,7,200,16,16,0.0,val,client_0,9,45,603,648,True,0.5915975677169707
Tox21,avg,0.5,1,7,200,16,16,0.0,val,client_0,10,92,495,587,True,0.7764822134387352
Tox21,avg,0.5,1,7,200,16,16,0.0,val,client_0,11,42,636,678,True,0.7273884396525906
Tox21,avg,0.5,1,7,200,16,16,0.0,val,client_1,0,31,696,727,True,0.675009269558769
Tox21,avg,0.5,1,7,200,16,16,0.0,val,client_1,1,23,652,675,True,0.6427047212590024
Tox21,avg,0.5,1,7,200,16,16,0.0,val,client_1,2,74,567,641,True,0.7731779398446066
Tox21,avg,0.5,1,7,200,16,16,0.0,val,client_1,3,19,546,565,True,0.6800655484866012
Tox21,avg,0.5,1,7,200,16,16,0.0,val,client_1,4,82,541,623,True,0.6143320860195663
Tox21,avg,0.5,1,7,200,16,16,0.0,val,client_1,5,30,657,687,True,0.6781329274479959
Tox21,avg,0.5,1,7,200,16,16,0.0,val,client_1,6,21,612,633,True,0.5455182072829132
Tox21,avg,0.5,1,7,200,16,16,0.0,val,client_1,7,96,492,588,True,0.6603997289972899
Tox21,avg,0.5,1,7,200,16,16,0.0,val,client_1,8,30,677,707,True,0.7451009354997538
Tox21,avg,0.5,1,7,200,16,16,0.0,val,client_1,9,45,603,648,True,0.5600884466556109
Tox21,avg,0.5,1,7,200,16,16,0.0,val,client_1,10,92,495,587,True,0.8169301712779973
Tox21,avg,0.5,1,7,200,16,16,0.0,val,client_1,11,42,636,678,True,0.7635893980233603
Tox21,avg,0.5,1,7,200,16,16,0.0,val,client_2,0,31,696,727,True,0.7759084167593622
Tox21,avg,0.5,1,7,200,16,16,0.0,val,client_2,1,23,652,675,True,0.7754067751400374
Tox21,avg,0.5,1,7,200,16,16,0.0,val,client_2,2,74,567,641,True,0.7868344535011201
Tox21,avg,0.5,1,7,200,16,16,0.0,val,client_2,3,19,546,565,True,0.7134181607865817
Tox21,avg,0.5,1,7,200,16,16,0.0,val,client_2,4,82,541,623,True,0.6465443397502367
Tox21,avg,0.5,1,7,200,16,16,0.0,val,client_2,5,30,657,687,True,0.7136986301369863
Tox21,avg,0.5,1,7,200,16,16,0.0,val,client_2,6,21,612,633,True,0.5476190476190477
Tox21,avg,0.5,1,7,200,16,16,0.0,val,client_2,7,96,492,588,True,0.6682969173441734
Tox21,avg,0.5,1,7,200,16,16,0.0,val,client_2,8,30,677,707,True,0.7213195470211718
Tox21,avg,0.5,1,7,200,16,16,0.0,val,client_2,9,45,603,648,True,0.5646581905288373
Tox21,avg,0.5,1,7,200,16,16,0.0,val,client_2,10,92,495,587,True,0.7877031181379007
Tox21,avg,0.5,1,7,200,16,16,0.0,val,client_2,11,42,636,678,True,0.7628406708595388
Tox21,avg,0.5,1,7,200,16,16,0.0,val,client_3,0,31,696,727,True,0.7576010381905821
Tox21,avg,0.5,1,7,200,16,16,0.0,val,client_3,1,23,652,675,True,0.7637369965324087
Tox21,avg,0.5,1,7,200,16,16,0.0,val,client_3,2,74,567,641,True,0.7983221316554651
Tox21,avg,0.5,1,7,200,16,16,0.0,val,client_3,3,19,546,565,True,0.7039714671293619
Tox21,avg,0.5,1,7,200,16,16,0.0,val,client_3,4,82,541,623,True,0.6531265497497858
Tox21,avg,0.5,1,7,200,16,16,0.0,val,client_3,5,30,657,687,True,0.7183155758498224
Tox21,avg,0.5,1,7,200,16,16,0.0,val,client_3,6,21,612,633,True,0.5640367258014317
Tox21,avg,0.5,1,7,200,16,16,0.0,val,client_3,7,96,492,588,True,0.661056063685637
Tox21,avg,0.5,1,7,200,16,16,0.0,val,client_3,8,30,677,707,True,0.7170359428852782
Tox21,avg,0.5,1,7,200,16,16,0.0,val,client_3,9,45,603,648,True,0.5726552423069836
Tox21,avg,0.5,1,7,200,16,16,0.0,val,client_3,10,92,495,587,True,0.7846728151075977
Tox21,avg,0.5,1,7,200,16,16,0.0,val,client_3,11,42,636,678,True,0.75
Tox21,avg,0.5,1,7,200,16,16,0.0,test,server,0,32,693,725,True,0.7413870851370852
Tox21,avg,0.5,1,7,200,16,16,0.0,test,server,1,33,646,679,True,0.7713669199737311
Tox21,avg,0.5,1,7,200,16,16,0.0,test,server,2,77,572,649,True,0.7708882027063844
Tox21,avg,0.5,1,7,200,16,16,0.0,test,server,3,38,538,576,True,0.6599980434357269
Tox21,avg,0.5,1,7,200,16,16,0.0,test,server,4,80,531,611,True,0.6446327683615819
Tox21,avg,0.5,1,7,200,16,16,0.0,test,server,5,34,647,681,True,0.6698790799163561
Tox21,avg,0.5,1,7,200,16,16,0.0,test,server,6,21,617,638,True,0.657713977000849
Tox21,avg,0.5,1,7,200,16,16,0.0,test,server,7,95,494,589,True,0.6849989345834222
Tox21,avg,0.5,1,7,200,16,16,0.0,test,server,8,32,670,702,True,0.6589085820895522
Tox21,avg,0.5,1,7,200,16,16,0.0,test,server,9,36,621,657,True,0.5412864555376633
Tox21,avg,0.5,1,7,200,16,16,0.0,test,server,10,93,485,578,True,0.7543731293648154
Tox21,avg,0.5,1,7,200,16,16,0.0,test,server,11,48,624,672,True,0.6967147435897436
Tox21,avg,0.5,1,7,200,16,16,0.0,test,client_0,0,32,693,725,True,0.5399531024531025
Tox21,avg,0.5,1,7,200,16,16,0.0,test,client_0,1,33,646,679,True,0.5701754385964912
Tox21,avg,0.5,1,7,200,16,16,0.0,test,client_0,2,77,572,649,True,0.7720234311143402
Tox21,avg,0.5,1,7,200,16,16,0.0,test,client_0,3,38,538,576,True,0.6400900019565643
Tox21,avg,0.5,1,7,200,16,16,0.0,test,client_0,4,80,531,611,True,0.6206450094161958
Tox21,avg,0.5,1,7,200,16,16,0.0,test,client_0,5,34,647,681,True,0.6478770797345212
Tox21,avg,0.5,1,7,200,16,16,0.0,test,client_0,6,21,617,638,True,0.6526973836536235
Tox21,avg,0.5,1,7,200,16,16,0.0,test,client_0,7,95,494,589,True,0.670658427445131
Tox21,avg,0.5,1,7,200,16,16,0.0,test,client_0,8,32,670,702,True,0.675839552238806
Tox21,avg,0.5,1,7,200,16,16,0.0,test,client_0,9,36,621,657,True,0.5521112900339954
Tox21,avg,0.5,1,7,200,16,16,0.0,test,client_0,10,93,485,578,True,0.7562132801241548
Tox21,avg,0.5,1,7,200,16,16,0.0,test,client_0,11,48,624,672,True,0.6708733974358975
Tox21,avg,0.5,1,7,200,16,16,0.0,test,client_1,0,32,693,725,True,0.6904310966810967
Tox21,avg,0.5,1,7,200,16,16,0.0,test,client_1,1,33,646,679,True,0.7252087437845952
Tox21,avg,0.5,1,7,200,16,16,0.0,test,client_1,2,77,572,649,True,0.7639406048496957
Tox21,avg,0.5,1,7,200,16,16,0.0,test,client_1,3,38,538,576,True,0.6643024848366269
Tox21,avg,0.5,1,7,200,16,16,0.0,test,client_1,4,80,531,611,True,0.6413135593220339
Tox21,avg,0.5,1,7,200,16,16,0.0,test,client_1,5,34,647,681,True,0.6511501045549596
Tox21,avg,0.5,1,7,200,16,16,0.0,test,client_1,6,21,617,638,True,0.649455892567724
Tox21,avg,0.5,1,7,200,16,16,0.0,test,client_1,7,95,494,589,True,0.6705945024504582
Tox21,avg,0.5,1,7,200,16,16,0.0,test,client_1,8,32,670,702,True,0.6496268656716417
Tox21,avg,0.5,1,7,200,16,16,0.0,test,client_1,9,36,621,657,True,0.5390946502057614
Tox21,avg,0.5,1,7,200,16,16,0.0,test,client_1,10,93,485,578,True,0.7659461257066844
Tox21,avg,0.5,1,7,200,16,16,0.0,test,client_1,11,48,624,672,True,0.6922743055555555
Tox21,avg,0.5,1,7,200,16,16,0.0,test,client_2,0,32,693,725,True,0.8240440115440115
Tox21,avg,0.5,1,7,200,16,16,0.0,test,client_2,1,33,646,679,True,0.8175250961628671
Tox21,avg,0.5,1,7,200,16,16,0.0,test,client_2,2,77,572,649,True,0.7506357279084552
Tox21,avg,0.5,1,7,200,16,16,0.0,test,client_2,3,38,538,576,True,0.6652318528663667
Tox21,avg,0.5,1,7,200,16,16,0.0,test,client_2,4,80,531,611,True,0.6604990583804142
Tox21,avg,0.5,1,7,200,16,16,0.0,test,client_2,5,34,647,681,True,0.6620601872897536
Tox21,avg,0.5,1,7,200,16,16,0.0,test,client_2,6,21,617,638,True,0.6273828818399321
Tox21,avg,0.5,1,7,200,16,16,0.0,test,client_2,7,95,494,589,True,0.691434050713829
Tox21,avg,0.5,1,7,200,16,16,0.0,test,client_2,8,32,670,702,True,0.6312966417910447
Tox21,avg,0.5,1,7,200,16,16,0.0,test,client_2,9,36,621,657,True,0.5284040078726069
Tox21,avg,0.5,1,7,200,16,16,0.0,test,client_2,10,93,485,578,True,0.748121050881277
Tox21,avg,0.5,1,7,200,16,16,0.0,test,client_2,11,48,624,672,True,0.6891359508547008
Tox21,avg,0.5,1,7,200,16,16,0.0,test,client_3,0,32,693,725,True,0.8085768398268399
Tox21,avg,0.5,1,7,200,16,16,0.0,test,client_3,1,33,646,679,True,0.8249835819495263
Tox21,avg,0.5,1,7,200,16,16,0.0,test,client_3,2,77,572,649,True,0.7807646898555991
Tox21,avg,0.5,1,7,200,16,16,0.0,test,client_3,3,38,538,576,True,0.6563294854235961
Tox21,avg,0.5,1,7,200,16,16,0.0,test,client_3,4,80,531,611,True,0.6677966101694917
Tox21,avg,0.5,1,7,200,16,16,0.0,test,client_3,5,34,647,681,True,0.6835621420129102
Tox21,avg,0.5,1,7,200,16,16,0.0,test,client_3,6,21,617,638,True,0.6391139924365208
Tox21,avg,0.5,1,7,200,16,16,0.0,test,client_3,7,95,494,589,True,0.6789473684210526
Tox21,avg,0.5,1,7,200,16,16,0.0,test,client_3,8,32,670,702,True,0.6483908582089553
Tox21,avg,0.5,1,7,200,16,16,0.0,test,client_3,9,36,621,657,True,0.5297906602254427
Tox21,avg,0.5,1,7,200,16,16,0.0,test,client_3,10,93,485,578,True,0.7431326903890921
Tox21,avg,0.5,1,7,200,16,16,0.0,test,client_3,11,48,624,672,True,0.6979500534188033
Tox21,avg,0.5,1,8,200,16,16,0.0,val,server,0,31,696,727,True,0.7733592880978865
Tox21,avg,0.5,1,8,200,16,16,0.0,val,server,1,23,652,675,True,0.7720058682315284
Tox21,avg,0.5,1,8,200,16,16,0.0,val,server,2,74,567,641,True,0.8082368082368083
Tox21,avg,0.5,1,8,200,16,16,0.0,val,server,3,19,546,565,True,0.7200694042799305
Tox21,avg,0.5,1,8,200,16,16,0.0,val,server,4,82,541,623,True,0.6483026013254588
Tox21,avg,0.5,1,8,200,16,16,0.0,val,server,5,30,657,687,True,0.712886859462202
Tox21,avg,0.5,1,8,200,16,16,0.0,val,server,6,21,612,633,True,0.559134765017118
Tox21,avg,0.5,1,8,200,16,16,0.0,val,server,7,96,492,588,True,0.678099593495935
Tox21,avg,0.5,1,8,200,16,16,0.0,val,server,8,30,677,707,True,0.7307237813884786
Tox21,avg,0.5,1,8,200,16,16,0.0,val,server,9,45,603,648,True,0.5700018426386586
Tox21,avg,0.5,1,8,200,16,16,0.0,val,server,10,92,495,587,True,0.807487922705314
Tox21,avg,0.5,1,8,200,16,16,0.0,val,server,11,42,636,678,True,0.7741838873914345
Tox21,avg,0.5,1,8,200,16,16,0.0,val,client_0,0,31,696,727,True,0.7686318131256952
Tox21,avg,0.5,1,8,200,16,16,0.0,val,client_0,1,23,652,675,True,0.7546679114430515
Tox21,avg,0.5,1,8,200,16,16,0.0,val,client_0,2,74,567,641,True,0.8205586538919872
Tox21,avg,0.5,1,8,200,16,16,0.0,val,client_0,3,19,546,565,True,0.7156352419510313
Tox21,avg,0.5,1,8,200,16,16,0.0,val,client_0,4,82,541,623,True,0.6178486091700104
Tox21,avg,0.5,1,8,200,16,16,0.0,val,client_0,5,30,657,687,True,0.6885844748858447
Tox21,avg,0.5,1,8,200,16,16,0.0,val,client_0,6,21,612,633,True,0.5259881730469965
Tox21,avg,0.5,1,8,200,16,16,0.0,val,client_0,7,96,492,588,True,0.6879446138211383
Tox21,avg,0.5,1,8,200,16,16,0.0,val,client_0,8,30,677,707,True,0.7257016248153618
Tox21,avg,0.5,1,8,200,16,16,0.0,val,client_0,9,45,603,648,True,0.5873226460291137
Tox21,avg,0.5,1,8,200,16,16,0.0,val,client_0,10,92,495,587,True,0.7930610452349582
Tox21,avg,0.5,1,8,200,16,16,0.0,val,client_0,11,42,636,678,True,0.7875486672656483
Tox21,avg,0.5,1,8,200,16,16,0.0,val,client_1,0,31,696,727,True,0.7457360029662587
Tox21,avg,0.5,1,8,200,16,16,0.0,val,client_1,1,23,652,675,True,0.7313283542277941
Tox21,avg,0.5,1,8,200,16,16,0.0,val,client_1,2,74,567,641,True,0.7752037752037751
Tox21,avg,0.5,1,8,200,16,16,0.0,val,client_1,3,19,546,565,True,0.6810294968189704
Tox21,avg,0.5,1,8,200,16,16,0.0,val,client_1,4,82,541,623,True,0.630426941977368
Tox21,avg,0.5,1,8,200,16,16,0.0,val,client_1,5,30,657,687,True,0.6931506849315069
Tox21,avg,0.5,1,8,200,16,16,0.0,val,client_1,6,21,612,633,True,0.5560224089635855
Tox21,avg,0.5,1,8,200,16,16,0.0,val,client_1,7,96,492,588,True,0.6641895325203252
Tox21,avg,0.5,1,8,200,16,16,0.0,val,client_1,8,30,677,707,True,0.7396356474643033
Tox21,avg,0.5,1,8,200,16,16,0.0,val,client_1,9,45,603,648,True,0.5662797125483692
Tox21,avg,0.5,1,8,200,16,16,0.0,val,client_1,10,92,495,587,True,0.8261308739569608
Tox21,avg,0.5,1,8,200,16,16,0.0,val,client_1,11,42,636,678,True,0.7670335429769393
Tox21,avg,0.5,1,8,200,16,16,0.0,val,client_2,0,31,696,727,True,0.7794308490915832
Tox21,avg,0.5,1,8,200,16,16,0.0,val,client_2,1,23,652,675,True,0.7890104027740731
Tox21,avg,0.5,1,8,200,16,16,0.0,val,client_2,2,74,567,641,True,0.7963201296534631
Tox21,avg,0.5,1,8,200,16,16,0.0,val,client_2,3,19,546,565,True,0.7260458839406208
Tox21,avg,0.5,1,8,200,16,16,0.0,val,client_2,4,82,541,623,True,0.6595509670438663
Tox21,avg,0.5,1,8,200,16,16,0.0,val,client_2,5,30,657,687,True,0.7208016235413495
Tox21,avg,0.5,1,8,200,16,16,0.0,val,client_2,6,21,612,633,True,0.5637254901960784
Tox21,avg,0.5,1,8,200,16,16,0.0,val,client_2,7,96,492,588,True,0.6711974932249323
Tox21,avg,0.5,1,8,200,16,16,0.0,val,client_2,8,30,677,707,True,0.7292466765140325
Tox21,avg,0.5,1,8,200,16,16,0.0,val,client_2,9,45,603,648,True,0.5698175787728026
Tox21,avg,0.5,1,8,200,16,16,0.0,val,client_2,10,92,495,587,True,0.7964426877470356
Tox21,avg,0.5,1,8,200,16,16,0.0,val,client_2,11,42,636,678,True,0.7672207247678946
Tox21,avg,0.5,1,8,200,16,16,0.0,val,client_3,0,31,696,727,True,0.7695124212087504
Tox21,avg,0.5,1,8,200,16,16,0.0,val,client_3,1,23,652,675,True,0.7924779941317684
Tox21,avg,0.5,1,8,200,16,16,0.0,val,client_3,2,74,567,641,True,0.802016302016302
Tox21,avg,0.5,1,8,200,16,16,0.0,val,client_3,3,19,546,565,True,0.7108155002891845
Tox21,avg,0.5,1,8,200,16,16,0.0,val,client_3,4,82,541,623,True,0.6696947838239935
Tox21,avg,0.5,1,8,200,16,16,0.0,val,client_3,5,30,657,687,True,0.7220700152207001
Tox21,avg,0.5,1,8,200,16,16,0.0,val,client_3,6,21,612,633,True,0.5732959850606909
Tox21,avg,0.5,1,8,200,16,16,0.0,val,client_3,7,96,492,588,True,0.6656080623306233
Tox21,avg,0.5,1,8,200,16,16,0.0,val,client_3,8,30,677,707,True,0.7216149679960611
Tox21,avg,0.5,1,8,200,16,16,0.0,val,client_3,9,45,603,648,True,0.5796204164363368
Tox21,avg,0.5,1,8,200,16,16,0.0,val,client_3,10,92,495,587,True,0.7970136144049188
Tox21,avg,0.5,1,8,200,16,16,0.0,val,client_3,11,42,636,678,True,0.754941599281222
Tox21,avg,0.5,1,8,200,16,16,0.0,test,server,0,32,693,725,True,0.8223755411255411
Tox21,avg,0.5,1,8,200,16,16,0.0,test,server,1,33,646,679,True,0.8332395159020546
Tox21,avg,0.5,1,8,200,16,16,0.0,test,server,2,77,572,649,True,0.7753837072018891
Tox21,avg,0.5,1,8,200,16,16,0.0,test,server,3,38,538,576,True,0.6915476423400508
Tox21,avg,0.5,1,8,200,16,16,0.0,test,server,4,80,531,611,True,0.6648775894538606
Tox21,avg,0.5,1,8,200,16,16,0.0,test,server,5,34,647,681,True,0.694381307391581
Tox21,avg,0.5,1,8,200,16,16,0.0,test,server,6,21,617,638,True,0.6506135679555453
Tox21,avg,0.5,1,8,200,16,16,0.0,test,server,7,95,494,589,True,0.7052631578947368
Tox21,avg,0.5,1,8,200,16,16,0.0,test,server,8,32,670,702,True,0.6569496268656716
Tox21,avg,0.5,1,8,200,16,16,0.0,test,server,9,36,621,657,True,0.5517087135444624
Tox21,avg,0.5,1,8,200,16,16,0.0,test,server,10,93,485,578,True,0.7645272142777961
Tox21,avg,0.5,1,8,200,16,16,0.0,test,server,11,48,624,672,True,0.7196180555555556
Tox21,avg,0.5,1,8,200,16,16,0.0,test,client_0,0,32,693,725,True,0.8120039682539683
Tox21,avg,0.5,1,8,200,16,16,0.0,test,client_0,1,33,646,679,True,0.8240923163523782
Tox21,avg,0.5,1,8,200,16,16,0.0,test,client_0,2,77,572,649,True,0.7785396421760058
Tox21,avg,0.5,1,8,200,16,16,0.0,test,client_0,3,38,538,576,True,0.6954118567794951
Tox21,avg,0.5,1,8,200,16,16,0.0,test,client_0,4,80,531,611,True,0.6570621468926553
Tox21,avg,0.5,1,8,200,16,16,0.0,test,client_0,5,34,647,681,True,0.7193835803254842
Tox21,avg,0.5,1,8,200,16,16,0.0,test,client_0,6,21,617,638,True,0.6185845488924905
Tox21,avg,0.5,1,8,200,16,16,0.0,test,client_0,7,95,494,589,True,0.6997443000213082
Tox21,avg,0.5,1,8,200,16,16,0.0,test,client_0,8,32,670,702,True,0.6787779850746268
Tox21,avg,0.5,1,8,200,16,16,0.0,test,client_0,9,36,621,657,True,0.5611021649668992
Tox21,avg,0.5,1,8,200,16,16,0.0,test,client_0,10,93,485,578,True,0.7712892140560913
Tox21,avg,0.5,1,8,200,16,16,0.0,test,client_0,11,48,624,672,True,0.7437900641025641
Tox21,avg,0.5,1,8,200,16,16,0.0,test,client_1,0,32,693,725,True,0.7776424963924964
Tox21,avg,0.5,1,8,200,16,16,0.0,test,client_1,1,33,646,679,True,0.8049066516558776
Tox21,avg,0.5,1,8,200,16,16,0.0,test,client_1,2,77,572,649,True,0.7650531286894924
Tox21,avg,0.5,1,8,200,16,16,0.0,test,client_1,3,38,538,576,True,0.6836235570338486
Tox21,avg,0.5,1,8,200,16,16,0.0,test,client_1,4,80,531,611,True,0.6544962335216572
Tox21,avg,0.5,1,8,200,16,16,0.0,test,client_1,5,34,647,681,True,0.6893353941267388
Tox21,avg,0.5,1,8,200,16,16,0.0,test,client_1,6,21,617,638,True,0.6484525738982789
Tox21,avg,0.5,1,8,200,16,16,0.0,test,client_1,7,95,494,589,True,0.6868740677604943
Tox21,avg,0.5,1,8,200,16,16,0.0,test,client_1,8,32,670,702,True,0.6426305970149254
Tox21,avg,0.5,1,8,200,16,16,0.0,test,client_1,9,36,621,657,True,0.548443370907139
Tox21,avg,0.5,1,8,200,16,16,0.0,test,client_1,10,93,485,578,True,0.7716882828954662
Tox21,avg,0.5,1,8,200,16,16,0.0,test,client_1,11,48,624,672,True,0.6979166666666667
Tox21,avg,0.5,1,8,200,16,16,0.0,test,client_2,0,32,693,725,True,0.8349116161616161
Tox21,avg,0.5,1,8,200,16,16,0.0,test,client_2,1,33,646,679,True,0.8285955530537574
Tox21,avg,0.5,1,8,200,16,16,0.0,test,client_2,2,77,572,649,True,0.7635546271909908
Tox21,avg,0.5,1,8,200,16,16,0.0,test,client_2,3,38,538,576,True,0.678536489923694
Tox21,avg,0.5,1,8,200,16,16,0.0,test,client_2,4,80,531,611,True,0.6676318267419963
Tox21,avg,0.5,1,8,200,16,16,0.0,test,client_2,5,34,647,681,True,0.67497045185926
Tox21,avg,0.5,1,8,200,16,16,0.0,test,client_2,6,21,617,638,True,0.6380334954078877
Tox21,avg,0.5,1,8,200,16,16,0.0,test,client_2,7,95,494,589,True,0.7045812912848923
Tox21,avg,0.5,1,8,200,16,16,0.0,test,client_2,8,32,670,702,True,0.6440764925373135
Tox21,avg,0.5,1,8,200,16,16,0.0,test,client_2,9,36,621,657,True,0.5367239219896225
Tox21,avg,0.5,1,8,200,16,16,0.0,test,client_2,10,93,485,578,True,0.7577652144995011
Tox21,avg,0.5,1,8,200,16,16,0.0,test,client_2,11,48,624,672,True,0.7024572649572651
Tox21,avg,0.5,1,8,200,16,16,0.0,test,client_3,0,32,693,725,True,0.8292748917748917
Tox21,avg,0.5,1,8,200,16,16,0.0,test,client_3,1,33,646,679,True,0.8368983957219251
Tox21,avg,0.5,1,8,200,16,16,0.0,test,client_3,2,77,572,649,True,0.7856915811461267
Tox21,avg,0.5,1,8,200,16,16,0.0,test,client_3,3,38,538,576,True,0.6707102328311485
Tox21,avg,0.5,1,8,200,16,16,0.0,test,client_3,4,80,531,611,True,0.6773540489642184
Tox21,avg,0.5,1,8,200,16,16,0.0,test,client_3,5,34,647,681,True,0.6946540594599508
Tox21,avg,0.5,1,8,200,16,16,0.0,test,client_3,6,21,617,638,True,0.642046770085668
Tox21,avg,0.5,1,8,200,16,16,0.0,test,client_3,7,95,494,589,True,0.6920093756658853
Tox21,avg,0.5,1,8,200,16,16,0.0,test,client_3,8,32,670,702,True,0.6562966417910447
Tox21,avg,0.5,1,8,200,16,16,0.0,test,client_3,9,36,621,657,True,0.5363660762211487
Tox21,avg,0.5,1,8,200,16,16,0.0,test,client_3,10,93,485,578,True,0.753109411373462
Tox21,avg,0.5,1,8,200,16,16,0.0,test,client_3,11,48,624,672,True,0.7059294871794871
Tox21,avg,0.5,1,9,200,16,16,0.0,val,server,0,31,696,727,True,0.7687245087133853
Tox21,avg,0.5,1,9,200,16,16,0.0,val,server,1,23,652,675,True,0.7886769805281408
Tox21,avg,0.5,1,9,200,16,16,0.0,val,server,2,74,567,641,True,0.808022308022308
Tox21,avg,0.5,1,9,200,16,16,0.0,val,server,3,19,546,565,True,0.7294197031039137
Tox21,avg,0.5,1,9,200,16,16,0.0,val,server,4,82,541,623,True,0.6593255488931969
Tox21,avg,0.5,1,9,200,16,16,0.0,val,server,5,30,657,687,True,0.7123287671232877
Tox21,avg,0.5,1,9,200,16,16,0.0,val,server,6,21,612,633,True,0.5664488017429193
Tox21,avg,0.5,1,9,200,16,16,0.0,val,server,7,96,492,588,True,0.6817200203252033
Tox21,avg,0.5,1,9,200,16,16,0.0,val,server,8,30,677,707,True,0.7260462826193993
Tox21,avg,0.5,1,9,200,16,16,0.0,val,server,9,45,603,648,True,0.5843744241754192
Tox21,avg,0.5,1,9,200,16,16,0.0,val,server,10,92,495,587,True,0.8205094422485727
Tox21,avg,0.5,1,9,200,16,16,0.0,val,server,11,42,636,678,True,0.7695792153339324
Tox21,avg,0.5,1,9,200,16,16,0.0,val,client_0,0,31,696,727,True,0.7459213941416389
Tox21,avg,0.5,1,9,200,16,16,0.0,val,client_0,1,23,652,675,True,0.7647372632702054
Tox21,avg,0.5,1,9,200,16,16,0.0,val,client_0,2,74,567,641,True,0.8059964726631393
Tox21,avg,0.5,1,9,200,16,16,0.0,val,client_0,3,19,546,565,True,0.7082128397917872
Tox21,avg,0.5,1,9,200,16,16,0.0,val,client_0,4,82,541,623,True,0.6311257382444434
Tox21,avg,0.5,1,9,200,16,16,0.0,val,client_0,5,30,657,687,True,0.6604769152714358
Tox21,avg,0.5,1,9,200,16,16,0.0,val,client_0,6,21,612,633,True,0.5261437908496731
Tox21,avg,0.5,1,9,200,16,16,0.0,val,client_0,7,96,492,588,True,0.6902523712737128
Tox21,avg,0.5,1,9,200,16,16,0.0,val,client_0,8,30,677,707,True,0.6857705563761693
Tox21,avg,0.5,1,9,200,16,16,0.0,val,client_0,9,45,603,648,True,0.6151096370001842
Tox21,avg,0.5,1,9,200,16,16,0.0,val,client_0,10,92,495,587,True,0.8138779095300834
Tox21,avg,0.5,1,9,200,16,16,0.0,val,client_0,11,42,636,678,True,0.7444594189877208
Tox21,avg,0.5,1,9,200,16,16,0.0,val,client_1,0,31,696,727,True,0.7721078976640712
Tox21,avg,0.5,1,9,200,16,16,0.0,val,client_1,1,23,652,675,True,0.76333688983729
Tox21,avg,0.5,1,9,200,16,16,0.0,val,client_1,2,74,567,641,True,0.7772534439201106
Tox21,avg,0.5,1,9,200,16,16,0.0,val,client_1,3,19,546,565,True,0.6933680354732987
Tox21,avg,0.5,1,9,200,16,16,0.0,val,client_1,4,82,541,623,True,0.6471980523871782
Tox21,avg,0.5,1,9,200,16,16,0.0,val,client_1,5,30,657,687,True,0.7032470826991376
Tox21,avg,0.5,1,9,200,16,16,0.0,val,client_1,6,21,612,633,True,0.5675381263616558
Tox21,avg,0.5,1,9,200,16,16,0.0,val,client_1,7,96,492,588,True,0.6689744241192412
Tox21,avg,0.5,1,9,200,16,16,0.0,val,client_1,8,30,677,707,True,0.7419005416051206
Tox21,avg,0.5,1,9,200,16,16,0.0,val,client_1,9,45,603,648,True,0.5681592039800994
Tox21,avg,0.5,1,9,200,16,16,0.0,val,client_1,10,92,495,587,True,0.8285024154589372
Tox21,avg,0.5,1,9,200,16,16,0.0,val,client_1,11,42,636,678,True,0.7637017070979335
Tox21,avg,0.5,1,9,200,16,16,0.0,val,client_2,0,31,696,727,True,0.7812384130515387
Tox21,avg,0.5,1,9,200,16,16,0.0,val,client_2,1,23,652,675,True,0.7982795412109895
Tox21,avg,0.5,1,9,200,16,16,0.0,val,client_2,2,74,567,641,True,0.8057581390914724
Tox21,avg,0.5,1,9,200,16,16,0.0,val,client_2,3,19,546,565,True,0.7284557547715442
Tox21,avg,0.5,1,9,200,16,16,0.0,val,client_2,4,82,541,623,True,0.6683422749199766
Tox21,avg,0.5,1,9,200,16,16,0.0,val,client_2,5,30,657,687,True,0.7343987823439878
Tox21,avg,0.5,1,9,200,16,16,0.0,val,client_2,6,21,612,633,True,0.5769530034235917
Tox21,avg,0.5,1,9,200,16,16,0.0,val,client_2,7,96,492,588,True,0.6711763211382114
Tox21,avg,0.5,1,9,200,16,16,0.0,val,client_2,8,30,677,707,True,0.7427868045297883
Tox21,avg,0.5,1,9,200,16,16,0.0,val,client_2,9,45,603,648,True,0.5693016399484061
Tox21,avg,0.5,1,9,200,16,16,0.0,val,client_2,10,92,495,587,True,0.7980676328502416
Tox21,avg,0.5,1,9,200,16,16,0.0,val,client_2,11,42,636,678,True,0.7675950883498053
Tox21,avg,0.5,1,9,200,16,16,0.0,val,client_3,0,31,696,727,True,0.771598071931776
Tox21,avg,0.5,1,9,200,16,16,0.0,val,client_3,1,23,652,675,True,0.8083488930381435
Tox21,avg,0.5,1,9,200,16,16,0.0,val,client_3,2,74,567,641,True,0.8123838123838123
Tox21,avg,0.5,1,9,200,16,16,0.0,val,client_3,3,19,546,565,True,0.7283593599383072
Tox21,avg,0.5,1,9,200,16,16,0.0,val,client_3,4,82,541,623,True,0.6697398674541273
Tox21,avg,0.5,1,9,200,16,16,0.0,val,client_3,5,30,657,687,True,0.7201927955352612
Tox21,avg,0.5,1,9,200,16,16,0.0,val,client_3,6,21,612,633,True,0.5729069405539995
Tox21,avg,0.5,1,9,200,16,16,0.0,val,client_3,7,96,492,588,True,0.6695037262872628
Tox21,avg,0.5,1,9,200,16,16,0.0,val,client_3,8,30,677,707,True,0.7190546528803545
Tox21,avg,0.5,1,9,200,16,16,0.0,val,client_3,9,45,603,648,True,0.6033167495854064
Tox21,avg,0.5,1,9,200,16,16,0.0,val,client_3,10,92,495,587,True,0.8077733860342556
Tox21,avg,0.5,1,9,200,16,16,0.0,val,client_3,11,42,636,678,True,0.7637391434561246
Tox21,avg,0.5,1,9,200,16,16,0.0,test,server,0,32,693,725,True,0.8383387445887447
Tox21,avg,0.5,1,9,200,16,16,0.0,test,server,1,33,646,679,True,0.8356787691153017
Tox21,avg,0.5,1,9,200,16,16,0.0,test,server,2,77,572,649,True,0.773794387430751
Tox21,avg,0.5,1,9,200,16,16,0.0,test,server,3,38,538,576,True,0.704705537076893
Tox21,avg,0.5,1,9,200,16,16,0.0,test,server,4,80,531,611,True,0.666195856873823
Tox21,avg,0.5,1,9,200,16,16,0.0,test,server,5,34,647,681,True,0.6941540140012729
Tox21,avg,0.5,1,9,200,16,16,0.0,test,server,6,21,617,638,True,0.6499189627228524
Tox21,avg,0.5,1,9,200,16,16,0.0,test,server,7,95,494,589,True,0.7204133816322182
Tox21,avg,0.5,1,9,200,16,16,0.0,test,server,8,32,670,702,True,0.6621268656716418
Tox21,avg,0.5,1,9,200,16,16,0.0,test,server,9,36,621,657,True,0.5621309715512615
Tox21,avg,0.5,1,9,200,16,16,0.0,test,server,10,93,485,578,True,0.772796807449285
Tox21,avg,0.5,1,9,200,16,16,0.0,test,server,11,48,624,672,True,0.7208533653846154
Tox21,avg,0.5,1,9,200,16,16,0.0,test,client_0,0,32,693,725,True,0.834280303030303
Tox21,avg,0.5,1,9,200,16,16,0.0,test,client_0,1,33,646,679,True,0.8235294117647058
Tox21,avg,0.5,1,9,200,16,16,0.0,test,client_0,2,77,572,649,True,0.7631005358278086
Tox21,avg,0.5,1,9,200,16,16,0.0,test,client_0,3,38,538,576,True,0.7287712776364703
Tox21,avg,0.5,1,9,200,16,16,0.0,test,client_0,4,80,531,611,True,0.6632768361581922
Tox21,avg,0.5,1,9,200,16,16,0.0,test,client_0,5,34,647,681,True,0.688926266024184
Tox21,avg,0.5,1,9,200,16,16,0.0,test,client_0,6,21,617,638,True,0.5691132206529289
Tox21,avg,0.5,1,9,200,16,16,0.0,test,client_0,7,95,494,589,True,0.7362241636479864
Tox21,avg,0.5,1,9,200,16,16,0.0,test,client_0,8,32,670,702,True,0.6624067164179105
Tox21,avg,0.5,1,9,200,16,16,0.0,test,client_0,9,36,621,657,True,0.6064591161209519
Tox21,avg,0.5,1,9,200,16,16,0.0,test,client_0,10,93,485,578,True,0.7648154306617891
Tox21,avg,0.5,1,9,200,16,16,0.0,test,client_0,11,48,624,672,True,0.7186832264957265
Tox21,avg,0.5,1,9,200,16,16,0.0,test,client_1,0,32,693,725,True,0.7999188311688312
Tox21,avg,0.5,1,9,200,16,16,0.0,test,client_1,1,33,646,679,True,0.8247959470869688
Tox21,avg,0.5,1,9,200,16,16,0.0,test,client_1,2,77,572,649,True,0.771592044319317
Tox21,avg,0.5,1,9,200,16,16,0.0,test,client_1,3,38,538,576,True,0.6902758755625122
Tox21,avg,0.5,1,9,200,16,16,0.0,test,client_1,4,80,531,611,True,0.6635593220338984
Tox21,avg,0.5,1,9,200,16,16,0.0,test,client_1,5,34,647,681,True,0.6986998818074369
Tox21,avg,0.5,1,9,200,16,16,0.0,test,client_1,6,21,617,638,True,0.6573280852049086
Tox21,avg,0.5,1,9,200,16,16,0.0,test,client_1,7,95,494,589,True,0.7009375665885361
Tox21,avg,0.5,1,9,200,16,16,0.0,test,client_1,8,32,670,702,True,0.6619869402985075
Tox21,avg,0.5,1,9,200,16,16,0.0,test,client_1,9,36,621,657,True,0.5556002862766147
Tox21,avg,0.5,1,9,200,16,16,0.0,test,client_1,10,93,485,578,True,0.7744595942800133
Tox21,avg,0.5,1,9,200,16,16,0.0,test,client_1,11,48,624,672,True,0.6935096153846153
Tox21,avg,0.5,1,9,200,16,16,0.0,test,client_2,0,32,693,725,True,0.831845238095238
Tox21,avg,0.5,1,9,200,16,16,0.0,test,client_2,1,33,646,679,True,0.8319729805797917
Tox21,avg,0.5,1,9,200,16,16,0.0,test,client_2,2,77,572,649,True,0.7754291163382072
Tox21,avg,0.5,1,9,200,16,16,0.0,test,client_2,3,38,538,576,True,0.6746233613774213
Tox21,avg,0.5,1,9,200,16,16,0.0,test,client_2,4,80,531,611,True,0.6677966101694915
Tox21,avg,0.5,1,9,200,16,16,0.0,test,client_2,5,34,647,681,True,0.6789708155286844
Tox21,avg,0.5,1,9,200,16,16,0.0,test,client_2,6,21,617,638,True,0.6496102492861002
Tox21,avg,0.5,1,9,200,16,16,0.0,test,client_2,7,95,494,589,True,0.7063072661410612
Tox21,avg,0.5,1,9,200,16,16,0.0,test,client_2,8,32,670,702,True,0.661847014925373
Tox21,avg,0.5,1,9,200,16,16,0.0,test,client_2,9,36,621,657,True,0.5373948828055108
Tox21,avg,0.5,1,9,200,16,16,0.0,test,client_2,10,93,485,578,True,0.7617559028932491
Tox21,avg,0.5,1,9,200,16,16,0.0,test,client_2,11,48,624,672,True,0.699085202991453
Tox21,avg,0.5,1,9,200,16,16,0.0,test,client_3,0,32,693,725,True,0.8159722222222222
Tox21,avg,0.5,1,9,200,16,16,0.0,test,client_3,1,33,646,679,True,0.8472183131625857
Tox21,avg,0.5,1,9,200,16,16,0.0,test,client_3,2,77,572,649,True,0.779584052311325
Tox21,avg,0.5,1,9,200,16,16,0.0,test,client_3,3,38,538,576,True,0.6871453727254939
Tox21,avg,0.5,1,9,200,16,16,0.0,test,client_3,4,80,531,611,True,0.6777542372881358
Tox21,avg,0.5,1,9,200,16,16,0.0,test,client_3,5,34,647,681,True,0.7047458859896354
Tox21,avg,0.5,1,9,200,16,16,0.0,test,client_3,6,21,617,638,True,0.6682102338504283
Tox21,avg,0.5,1,9,200,16,16,0.0,test,client_3,7,95,494,589,True,0.7063924994672917
Tox21,avg,0.5,1,9,200,16,16,0.0,test,client_3,8,32,670,702,True,0.6794776119402985
Tox21,avg,0.5,1,9,200,16,16,0.0,test,client_3,9,36,621,657,True,0.5561594202898551
Tox21,avg,0.5,1,9,200,16,16,0.0,test,client_3,10,93,485,578,True,0.7553708014632524
Tox21,avg,0.5,1,9,200,16,16,0.0,test,client_3,11,48,624,672,True,0.7163795405982907
Tox21,avg,0.5,1,10,200,16,16,0.0,val,server,0,31,696,727,True,0.7689098998887652
Tox21,avg,0.5,1,10,200,16,16,0.0,val,server,1,23,652,675,True,0.7931448386236329
Tox21,avg,0.5,1,10,200,16,16,0.0,val,server,2,74,567,641,True,0.8110253110253111
Tox21,avg,0.5,1,10,200,16,16,0.0,val,server,3,19,546,565,True,0.734914208598419
Tox21,avg,0.5,1,10,200,16,16,0.0,val,server,4,82,541,623,True,0.6648708353996664
Tox21,avg,0.5,1,10,200,16,16,0.0,val,server,5,30,657,687,True,0.7199391171993912
Tox21,avg,0.5,1,10,200,16,16,0.0,val,server,6,21,612,633,True,0.5876906318082789
Tox21,avg,0.5,1,10,200,16,16,0.0,val,server,7,96,492,588,True,0.6845359078590786
Tox21,avg,0.5,1,10,200,16,16,0.0,val,server,8,30,677,707,True,0.7362383062530773
Tox21,avg,0.5,1,10,200,16,16,0.0,val,server,9,45,603,648,True,0.5934402063755297
Tox21,avg,0.5,1,10,200,16,16,0.0,val,server,10,92,495,587,True,0.8343434343434344
Tox21,avg,0.5,1,10,200,16,16,0.0,val,server,11,42,636,678,True,0.7742587601078166
Tox21,avg,0.5,1,10,200,16,16,0.0,val,client_0,0,31,696,727,True,0.7493974786800147
Tox21,avg,0.5,1,10,200,16,16,0.0,val,client_0,1,23,652,675,True,0.7740730861563083
Tox21,avg,0.5,1,10,200,16,16,0.0,val,client_0,2,74,567,641,True,0.8080699747366414
Tox21,avg,0.5,1,10,200,16,16,0.0,val,client_0,3,19,546,565,True,0.7105263157894737
Tox21,avg,0.5,1,10,200,16,16,0.0,val,client_0,4,82,541,623,True,0.6338532978675443
Tox21,avg,0.5,1,10,200,16,16,0.0,val,client_0,5,30,657,687,True,0.6623033992897008
Tox21,avg,0.5,1,10,200,16,16,0.0,val,client_0,6,21,612,633,True,0.5660597572362278
Tox21,avg,0.5,1,10,200,16,16,0.0,val,client_0,7,96,492,588,True,0.684006605691057
Tox21,avg,0.5,1,10,200,16,16,0.0,val,client_0,8,30,677,707,True,0.6835548990645003
Tox21,avg,0.5,1,10,200,16,16,0.0,val,client_0,9,45,603,648,True,0.6193108531416989
Tox21,avg,0.5,1,10,200,16,16,0.0,val,client_0,10,92,495,587,True,0.8241765480895914
Tox21,avg,0.5,1,10,200,16,16,0.0,val,client_0,11,42,636,678,True,0.745020964360587
Tox21,avg,0.5,1,10,200,16,16,0.0,val,client_1,0,31,696,727,True,0.7738227660363366
Tox21,avg,0.5,1,10,200,16,16,0.0,val,client_1,1,23,652,675,True,0.7752734062416644
Tox21,avg,0.5,1,10,200,16,16,0.0,val,client_1,2,74,567,641,True,0.7832594499261166
Tox21,avg,0.5,1,10,200,16,16,0.0,val,client_1,3,19,546,565,True,0.7076344707923656
Tox21,avg,0.5,1,10,200,16,16,0.0,val,client_1,4,82,541,623,True,0.6578152472837113
Tox21,avg,0.5,1,10,200,16,16,0.0,val,client_1,5,30,657,687,True,0.7110096397767631
Tox21,avg,0.5,1,10,200,16,16,0.0,val,client_1,6,21,612,633,True,0.5800653594771242
Tox21,avg,0.5,1,10,200,16,16,0.0,val,client_1,7,96,492,588,True,0.6717479674796747
Tox21,avg,0.5,1,10,200,16,16,0.0,val,client_1,8,30,677,707,True,0.7479074347612014
Tox21,avg,0.5,1,10,200,16,16,0.0,val,client_1,9,45,603,648,True,0.5670167680117929
Tox21,avg,0.5,1,10,200,16,16,0.0,val,client_1,10,92,495,587,True,0.832191480017567
Tox21,avg,0.5,1,10,200,16,16,0.0,val,client_1,11,42,636,678,True,0.7677073974243785
Tox21,avg,0.5,1,10,200,16,16,0.0,val,client_2,0,31,696,727,True,0.7858731924360401
Tox21,avg,0.5,1,10,200,16,16,0.0,val,client_2,1,23,652,675,True,0.8079487863430248
Tox21,avg,0.5,1,10,200,16,16,0.0,val,client_2,2,74,567,641,True,0.8043758043758044
Tox21,avg,0.5,1,10,200,16,16,0.0,val,client_2,3,19,546,565,True,0.7342394447657605
Tox21,avg,0.5,1,10,200,16,16,0.0,val,client_2,4,82,541,623,True,0.677900004508363
Tox21,avg,0.5,1,10,200,16,16,0.0,val,client_2,5,30,657,687,True,0.7360730593607306
Tox21,avg,0.5,1,10,200,16,16,0.0,val,client_2,6,21,612,633,True,0.5985838779956427
Tox21,avg,0.5,1,10,200,16,16,0.0,val,client_2,7,96,492,588,True,0.6758130081300813
Tox21,avg,0.5,1,10,200,16,16,0.0,val,client_2,8,30,677,707,True,0.7491383554899065
Tox21,avg,0.5,1,10,200,16,16,0.0,val,client_2,9,45,603,648,True,0.5855905656900682
Tox21,avg,0.5,1,10,200,16,16,0.0,val,client_2,10,92,495,587,True,0.8205314009661835
Tox21,avg,0.5,1,10,200,16,16,0.0,val,client_2,11,42,636,678,True,0.7797244684037137
Tox21,avg,0.5,1,10,200,16,16,0.0,val,client_3,0,31,696,727,True,0.7772525027808677
Tox21,avg,0.5,1,10,200,16,16,0.0,val,client_3,1,23,652,675,True,0.8084822619365165
Tox21,avg,0.5,1,10,200,16,16,0.0,val,client_3,2,74,567,641,True,0.812645979312646
Tox21,avg,0.5,1,10,200,16,16,0.0,val,client_3,3,19,546,565,True,0.7298052824368614
Tox21,avg,0.5,1,10,200,16,16,0.0,val,client_3,4,82,541,623,True,0.6807402732067986
Tox21,avg,0.5,1,10,200,16,16,0.0,val,client_3,5,30,657,687,True,0.7405885337392186
Tox21,avg,0.5,1,10,200,16,16,0.0,val,client_3,6,21,612,633,True,0.5812324929971988
Tox21,avg,0.5,1,10,200,16,16,0.0,val,client_3,7,96,492,588,True,0.6692496612466126
Tox21,avg,0.5,1,10,200,16,16,0.0,val,client_3,8,30,677,707,True,0.7315115706548498
Tox21,avg,0.5,1,10,200,16,16,0.0,val,client_3,9,45,603,648,True,0.5975677169707021
Tox21,avg,0.5,1,10,200,16,16,0.0,val,client_3,10,92,495,587,True,0.8105182257356172
Tox21,avg,0.5,1,10,200,16,16,0.0,val,client_3,11,42,636,678,True,0.7645253069781371
Tox21,avg,0.5,1,10,200,16,16,0.0,test,server,0,32,693,725,True,0.8330176767676768
Tox21,avg,0.5,1,10,200,16,16,0.0,test,server,1,33,646,679,True,0.8333802420489727
Tox21,avg,0.5,1,10,200,16,16,0.0,test,server,2,77,572,649,True,0.7819907365361911
Tox21,avg,0.5,1,10,200,16,16,0.0,test,server,3,38,538,576,True,0.7108198004304442
Tox21,avg,0.5,1,10,200,16,16,0.0,test,server,4,80,531,611,True,0.6685734463276837
Tox21,avg,0.5,1,10,200,16,16,0.0,test,server,5,34,647,681,True,0.6965178652604782
Tox21,avg,0.5,1,10,200,16,16,0.0,test,server,6,21,617,638,True,0.654086594119009
Tox21,avg,0.5,1,10,200,16,16,0.0,test,server,7,95,494,589,True,0.7264010227999147
Tox21,avg,0.5,1,10,200,16,16,0.0,test,server,8,32,670,702,True,0.6732276119402985
Tox21,avg,0.5,1,10,200,16,16,0.0,test,server,9,36,621,657,True,0.5727768831633566
Tox21,avg,0.5,1,10,200,16,16,0.0,test,server,10,93,485,578,True,0.7852122824520563
Tox21,avg,0.5,1,10,200,16,16,0.0,test,server,11,48,624,672,True,0.7235243055555555
Tox21,avg,0.5,1,10,200,16,16,0.0,test,client_0,0,32,693,725,True,0.8343704906204906
Tox21,avg,0.5,1,10,200,16,16,0.0,test,client_0,1,33,646,679,True,0.8196828970822779
Tox21,avg,0.5,1,10,200,16,16,0.0,test,client_0,2,77,572,649,True,0.7681409499591317
Tox21,avg,0.5,1,10,200,16,16,0.0,test,client_0,3,38,538,576,True,0.7318039522598317
Tox21,avg,0.5,1,10,200,16,16,0.0,test,client_0,4,80,531,611,True,0.6502589453860641
Tox21,avg,0.5,1,10,200,16,16,0.0,test,client_0,5,34,647,681,True,0.6751977452495681
Tox21,avg,0.5,1,10,200,16,16,0.0,test,client_0,6,21,617,638,True,0.5668750482364744
Tox21,avg,0.5,1,10,200,16,16,0.0,test,client_0,7,95,494,589,True,0.7430108672490944
Tox21,avg,0.5,1,10,200,16,16,0.0,test,client_0,8,32,670,702,True,0.660401119402985
Tox21,avg,0.5,1,10,200,16,16,0.0,test,client_0,9,36,621,657,True,0.6412596171050278
Tox21,avg,0.5,1,10,200,16,16,0.0,test,client_0,10,93,485,578,True,0.7681188338321694
Tox21,avg,0.5,1,10,200,16,16,0.0,test,client_0,11,48,624,672,True,0.7252270299145299
Tox21,avg,0.5,1,10,200,16,16,0.0,test,client_1,0,32,693,725,True,0.804788961038961
Tox21,avg,0.5,1,10,200,16,16,0.0,test,client_1,1,33,646,679,True,0.8313631672764801
Tox21,avg,0.5,1,10,200,16,16,0.0,test,client_1,2,77,572,649,True,0.7772227772227772
Tox21,avg,0.5,1,10,200,16,16,0.0,test,client_1,3,38,538,576,True,0.6980532185482293
Tox21,avg,0.5,1,10,200,16,16,0.0,test,client_1,4,80,531,611,True,0.6642890772128061
Tox21,avg,0.5,1,10,200,16,16,0.0,test,client_1,5,34,647,681,True,0.7080643694881352
Tox21,avg,0.5,1,10,200,16,16,0.0,test,client_1,6,21,617,638,True,0.6564791232538397
Tox21,avg,0.5,1,10,200,16,16,0.0,test,client_1,7,95,494,589,True,0.7054123162156403
Tox21,avg,0.5,1,10,200,16,16,0.0,test,client_1,8,32,670,702,True,0.6699160447761194
Tox21,avg,0.5,1,10,200,16,16,0.0,test,client_1,9,36,621,657,True,0.5637412775093934
Tox21,avg,0.5,1,10,200,16,16,0.0,test,client_1,10,93,485,578,True,0.7780068728522337
Tox21,avg,0.5,1,10,200,16,16,0.0,test,client_1,11,48,624,672,True,0.7046941773504273
Tox21,avg,0.5,1,10,200,16,16,0.0,test,client_2,0,32,693,725,True,0.8263888888888888
Tox21,avg,0.5,1,10,200,16,16,0.0,test,client_2,1,33,646,679,True,0.838164931044188
Tox21,avg,0.5,1,10,200,16,16,0.0,test,client_2,2,77,572,649,True,0.7780628462446644
Tox21,avg,0.5,1,10,200,16,16,0.0,test,client_2,3,38,538,576,True,0.6936020348268441
Tox21,avg,0.5,1,10,200,16,16,0.0,test,client_2,4,80,531,611,True,0.6729519774011299
Tox21,avg,0.5,1,10,200,16,16,0.0,test,client_2,5,34,647,681,True,0.6912901172833894
Tox21,avg,0.5,1,10,200,16,16,0.0,test,client_2,6,21,617,638,True,0.6604152195724319
Tox21,avg,0.5,1,10,200,16,16,0.0,test,client_2,7,95,494,589,True,0.7220541231621564
Tox21,avg,0.5,1,10,200,16,16,0.0,test,client_2,8,32,670,702,True,0.6740205223880598
Tox21,avg,0.5,1,10,200,16,16,0.0,test,client_2,9,36,621,657,True,0.5623993558776168
Tox21,avg,0.5,1,10,200,16,16,0.0,test,client_2,10,93,485,578,True,0.7777408269593171
Tox21,avg,0.5,1,10,200,16,16,0.0,test,client_2,11,48,624,672,True,0.7150106837606838
Tox21,avg,0.5,1,10,200,16,16,0.0,test,client_3,0,32,693,725,True,0.8164682539682541
Tox21,avg,0.5,1,10,200,16,16,0.0,test,client_3,1,33,646,679,True,0.841495449854583
Tox21,avg,0.5,1,10,200,16,16,0.0,test,client_3,2,77,572,649,True,0.7870311506675143
Tox21,avg,0.5,1,10,200,16,16,0.0,test,client_3,3,38,538,576,True,0.6707102328311485
Tox21,avg,0.5,1,10,200,16,16,0.0,test,client_3,4,80,531,611,True,0.6804613935969869
Tox21,avg,0.5,1,10,200,16,16,0.0,test,client_3,5,34,647,681,True,0.6999272661151014
Tox21,avg,0.5,1,10,200,16,16,0.0,test,client_3,6,21,617,638,True,0.6741529675079108
Tox21,avg,0.5,1,10,200,16,16,0.0,test,client_3,7,95,494,589,True,0.7044747496271042
Tox21,avg,0.5,1,10,200,16,16,0.0,test,client_3,8,32,670,702,True,0.691044776119403
Tox21,avg,0.5,1,10,200,16,16,0.0,test,client_3,9,36,621,657,True,0.5545267489711934
Tox21,avg,0.5,1,10,200,16,16,0.0,test,client_3,10,93,485,578,True,0.7667220928943578
Tox21,avg,0.5,1,10,200,16,16,0.0,test,client_3,11,48,624,672,True,0.7046941773504274
Tox21,avg,0.5,1,11,200,16,16,0.0,val,server,0,31,696,727,True,0.7728958101594364
Tox21,avg,0.5,1,11,200,16,16,0.0,val,server,1,23,652,675,True,0.7966791144305149
Tox21,avg,0.5,1,11,200,16,16,0.0,val,server,2,74,567,641,True,0.8180561513894847
Tox21,avg,0.5,1,11,200,16,16,0.0,val,server,3,19,546,565,True,0.7482166955851166
Tox21,avg,0.5,1,11,200,16,16,0.0,val,server,4,82,541,623,True,0.6772012082412876
Tox21,avg,0.5,1,11,200,16,16,0.0,val,server,5,30,657,687,True,0.7353120243531204
Tox21,avg,0.5,1,11,200,16,16,0.0,val,server,6,21,612,633,True,0.5985838779956427
Tox21,avg,0.5,1,11,200,16,16,0.0,val,server,7,96,492,588,True,0.685403963414634
Tox21,avg,0.5,1,11,200,16,16,0.0,val,server,8,30,677,707,True,0.740029542097489
Tox21,avg,0.5,1,11,200,16,16,0.0,val,server,9,45,603,648,True,0.5977151280633868
Tox21,avg,0.5,1,11,200,16,16,0.0,val,server,10,92,495,587,True,0.837220026350461
Tox21,avg,0.5,1,11,200,16,16,0.0,val,server,11,42,636,678,True,0.7715633423180592
Tox21,avg,0.5,1,11,200,16,16,0.0,val,client_0,0,31,696,727,True,0.7502317389692251
Tox21,avg,0.5,1,11,200,16,16,0.0,val,client_0,1,23,652,675,True,0.7809415844225127
Tox21,avg,0.5,1,11,200,16,16,0.0,val,client_0,2,74,567,641,True,0.8203203203203203
Tox21,avg,0.5,1,11,200,16,16,0.0,val,client_0,3,19,546,565,True,0.7305764411027569
Tox21,avg,0.5,1,11,200,16,16,0.0,val,client_0,4,82,541,623,True,0.6648708353996663
Tox21,avg,0.5,1,11,200,16,16,0.0,val,client_0,5,30,657,687,True,0.6945712836123795
Tox21,avg,0.5,1,11,200,16,16,0.0,val,client_0,6,21,612,633,True,0.5771086212262683
Tox21,avg,0.5,1,11,200,16,16,0.0,val,client_0,7,96,492,588,True,0.6866531165311652
Tox21,avg,0.5,1,11,200,16,16,0.0,val,client_0,8,30,677,707,True,0.6980797636632201
Tox21,avg,0.5,1,11,200,16,16,0.0,val,client_0,9,45,603,648,True,0.621779988944168
Tox21,avg,0.5,1,11,200,16,16,0.0,val,client_0,10,92,495,587,True,0.8324330259112868
Tox21,avg,0.5,1,11,200,16,16,0.0,val,client_0,11,42,636,678,True,0.7397798742138365
Tox21,avg,0.5,1,11,200,16,16,0.0,val,client_1,0,31,696,727,True,0.771737115313311
Tox21,avg,0.5,1,11,200,16,16,0.0,val,client_1,1,23,652,675,True,0.7806748466257669
Tox21,avg,0.5,1,11,200,16,16,0.0,val,client_1,2,74,567,641,True,0.7938176271509605
Tox21,avg,0.5,1,11,200,16,16,0.0,val,client_1,3,19,546,565,True,0.717948717948718
Tox21,avg,0.5,1,11,200,16,16,0.0,val,client_1,4,82,541,623,True,0.6643072900229926
Tox21,avg,0.5,1,11,200,16,16,0.0,val,client_1,5,30,657,687,True,0.717554540842212
Tox21,avg,0.5,1,11,200,16,16,0.0,val,client_1,6,21,612,633,True,0.5823996265172735
Tox21,avg,0.5,1,11,200,16,16,0.0,val,client_1,7,96,492,588,True,0.6788194444444444
Tox21,avg,0.5,1,11,200,16,16,0.0,val,client_1,8,30,677,707,True,0.7469226981782373
Tox21,avg,0.5,1,11,200,16,16,0.0,val,client_1,9,45,603,648,True,0.5774092500460659
Tox21,avg,0.5,1,11,200,16,16,0.0,val,client_1,10,92,495,587,True,0.8413263065436977
Tox21,avg,0.5,1,11,200,16,16,0.0,val,client_1,11,42,636,678,True,0.7683063791554356
Tox21,avg,0.5,1,11,200,16,16,0.0,val,client_2,0,31,696,727,True,0.7946329254727474
Tox21,avg,0.5,1,11,200,16,16,0.0,val,client_2,1,23,652,675,True,0.8192851427047212
Tox21,avg,0.5,1,11,200,16,16,0.0,val,client_2,2,74,567,641,True,0.814099814099814
Tox21,avg,0.5,1,11,200,16,16,0.0,val,client_2,3,19,546,565,True,0.7559282822440717
Tox21,avg,0.5,1,11,200,16,16,0.0,val,client_2,4,82,541,623,True,0.6826563274874893
Tox21,avg,0.5,1,11,200,16,16,0.0,val,client_2,5,30,657,687,True,0.7584982242516489
Tox21,avg,0.5,1,11,200,16,16,0.0,val,client_2,6,21,612,633,True,0.6076097105508871
Tox21,avg,0.5,1,11,200,16,16,0.0,val,client_2,7,96,492,588,True,0.6833926151761518
Tox21,avg,0.5,1,11,200,16,16,0.0,val,client_2,8,30,677,707,True,0.7486459871984245
Tox21,avg,0.5,1,11,200,16,16,0.0,val,client_2,9,45,603,648,True,0.5832319882071125
Tox21,avg,0.5,1,11,200,16,16,0.0,val,client_2,10,92,495,587,True,0.8148880105401844
Tox21,avg,0.5,1,11,200,16,16,0.0,val,client_2,11,42,636,678,True,0.7745208146151542
Tox21,avg,0.5,1,11,200,16,16,0.0,val,client_3,0,31,696,727,True,0.7763718946978123
Tox21,avg,0.5,1,11,200,16,16,0.0,val,client_3,1,23,652,675,True,0.805014670578821
Tox21,avg,0.5,1,11,200,16,16,0.0,val,client_3,2,74,567,641,True,0.815720482387149
Tox21,avg,0.5,1,11,200,16,16,0.0,val,client_3,3,19,546,565,True,0.743011374590322
Tox21,avg,0.5,1,11,200,16,16,0.0,val,client_3,4,82,541,623,True,0.6828366620080251
Tox21,avg,0.5,1,11,200,16,16,0.0,val,client_3,5,30,657,687,True,0.7464738711314054
Tox21,avg,0.5,1,11,200,16,16,0.0,val,client_3,6,21,612,633,True,0.5788204170557112
Tox21,avg,0.5,1,11,200,16,16,0.0,val,client_3,7,96,492,588,True,0.672510162601626
Tox21,avg,0.5,1,11,200,16,16,0.0,val,client_3,8,30,677,707,True,0.7377646479566716
Tox21,avg,0.5,1,11,200,16,16,0.0,val,client_3,9,45,603,648,True,0.6022480191634421
Tox21,avg,0.5,1,11,200,16,16,0.0,val,client_3,10,92,495,587,True,0.8212121212121213
Tox21,avg,0.5,1,11,200,16,16,0.0,val,client_3,11,42,636,678,True,0.7652365977837675
Tox21,avg,0.5,1,11,200,16,16,0.0,test,server,0,32,693,725,True,0.8245851370851371
Tox21,avg,0.5,1,11,200,16,16,0.0,test,server,1,33,646,679,True,0.8381649310441881
Tox21,avg,0.5,1,11,200,16,16,0.0,test,server,2,77,572,649,True,0.7870992643719917
Tox21,avg,0.5,1,11,200,16,16,0.0,test,server,3,38,538,576,True,0.7063197026022305
Tox21,avg,0.5,1,11,200,16,16,0.0,test,server,4,80,531,611,True,0.6688088512241055
Tox21,avg,0.5,1,11,200,16,16,0.0,test,server,5,34,647,681,True,0.7083825802345668
Tox21,avg,0.5,1,11,200,16,16,0.0,test,server,6,21,617,638,True,0.6719919734506443
Tox21,avg,0.5,1,11,200,16,16,0.0,test,server,7,95,494,589,True,0.7310036224163647
Tox21,avg,0.5,1,11,200,16,16,0.0,test,server,8,32,670,702,True,0.6985541044776119
Tox21,avg,0.5,1,11,200,16,16,0.0,test,server,9,36,621,657,True,0.5794417606011809
Tox21,avg,0.5,1,11,200,16,16,0.0,test,server,10,93,485,578,True,0.7879170823633744
Tox21,avg,0.5,1,11,200,16,16,0.0,test,server,11,48,624,672,True,0.7185162927350427
Tox21,avg,0.5,1,11,200,16,16,0.0,test,client_0,0,32,693,725,True,0.8311688311688312
Tox21,avg,0.5,1,11,200,16,16,0.0,test,client_0,1,33,646,679,True,0.8335678769115301
Tox21,avg,0.5,1,11,200,16,16,0.0,test,client_0,2,77,572,649,True,0.7796521660158023
Tox21,avg,0.5,1,11,200,16,16,0.0,test,client_0,3,38,538,576,True,0.7329778908237136
Tox21,avg,0.5,1,11,200,16,16,0.0,test,client_0,4,80,531,611,True,0.6439736346516007
Tox21,avg,0.5,1,11,200,16,16,0.0,test,client_0,5,34,647,681,True,0.7037003363942177
Tox21,avg,0.5,1,11,200,16,16,0.0,test,client_0,6,21,617,638,True,0.5939646523114919
Tox21,avg,0.5,1,11,200,16,16,0.0,test,client_0,7,95,494,589,True,0.7361815469848711
Tox21,avg,0.5,1,11,200,16,16,0.0,test,client_0,8,32,670,702,True,0.6859141791044776
Tox21,avg,0.5,1,11,200,16,16,0.0,test,client_0,9,36,621,657,True,0.6299427446770441
Tox21,avg,0.5,1,11,200,16,16,0.0,test,client_0,10,93,485,578,True,0.7812881055315375
Tox21,avg,0.5,1,11,200,16,16,0.0,test,client_0,11,48,624,672,True,0.7058293269230769
Tox21,avg,0.5,1,11,200,16,16,0.0,test,client_1,0,32,693,725,True,0.8111922799422799
Tox21,avg,0.5,1,11,200,16,16,0.0,test,client_1,1,33,646,679,True,0.8331456984707759
Tox21,avg,0.5,1,11,200,16,16,0.0,test,client_1,2,77,572,649,True,0.782581055308328
Tox21,avg,0.5,1,11,200,16,16,0.0,test,client_1,3,38,538,576,True,0.6953140285658383
Tox21,avg,0.5,1,11,200,16,16,0.0,test,client_1,4,80,531,611,True,0.6662900188323917
Tox21,avg,0.5,1,11,200,16,16,0.0,test,client_1,5,34,647,681,True,0.7054732248386217
Tox21,avg,0.5,1,11,200,16,16,0.0,test,client_1,6,21,617,638,True,0.6671297368217951
Tox21,avg,0.5,1,11,200,16,16,0.0,test,client_1,7,95,494,589,True,0.720477306626891
Tox21,avg,0.5,1,11,200,16,16,0.0,test,client_1,8,32,670,702,True,0.6847481343283582
Tox21,avg,0.5,1,11,200,16,16,0.0,test,client_1,9,36,621,657,True,0.5776972624798712
Tox21,avg,0.5,1,11,200,16,16,0.0,test,client_1,10,93,485,578,True,0.7846358496840704
Tox21,avg,0.5,1,11,200,16,16,0.0,test,client_1,11,48,624,672,True,0.6994190705128206
Tox21,avg,0.5,1,11,200,16,16,0.0,test,client_2,0,32,693,725,True,0.8143037518037519
Tox21,avg,0.5,1,11,200,16,16,0.0,test,client_2,1,33,646,679,True,0.8495168402289146
Tox21,avg,0.5,1,11,200,16,16,0.0,test,client_2,2,77,572,649,True,0.7812187812187813
Tox21,avg,0.5,1,11,200,16,16,0.0,test,client_2,3,38,538,576,True,0.689884562707885
Tox21,avg,0.5,1,11,200,16,16,0.0,test,client_2,4,80,531,611,True,0.6739877589453861
Tox21,avg,0.5,1,11,200,16,16,0.0,test,client_2,5,34,647,681,True,0.7073824893172106
Tox21,avg,0.5,1,11,200,16,16,0.0,test,client_2,6,21,617,638,True,0.6847264027166783
Tox21,avg,0.5,1,11,200,16,16,0.0,test,client_2,7,95,494,589,True,0.7290858725761773
Tox21,avg,0.5,1,11,200,16,16,0.0,test,client_2,8,32,670,702,True,0.7063432835820895
Tox21,avg,0.5,1,11,200,16,16,0.0,test,client_2,9,36,621,657,True,0.5637412775093934
Tox21,avg,0.5,1,11,200,16,16,0.0,test,client_2,10,93,485,578,True,0.77496951557477
Tox21,avg,0.5,1,11,200,16,16,0.0,test,client_2,11,48,624,672,True,0.7032919337606838
Tox21,avg,0.5,1,11,200,16,16,0.0,test,client_3,0,32,693,725,True,0.8067279942279941
Tox21,avg,0.5,1,11,200,16,16,0.0,test,client_3,1,33,646,679,True,0.8438408856365512
Tox21,avg,0.5,1,11,200,16,16,0.0,test,client_3,2,77,572,649,True,0.7865316501680137
Tox21,avg,0.5,1,11,200,16,16,0.0,test,client_3,3,38,538,576,True,0.675797299941303
Tox21,avg,0.5,1,11,200,16,16,0.0,test,client_3,4,80,531,611,True,0.6841572504708098
Tox21,avg,0.5,1,11,200,16,16,0.0,test,client_3,5,34,647,681,True,0.7092917537957996
Tox21,avg,0.5,1,11,200,16,16,0.0,test,client_3,6,21,617,638,True,0.6878907154433896
Tox21,avg,0.5,1,11,200,16,16,0.0,test,client_3,7,95,494,589,True,0.7096526741956105
Tox21,avg,0.5,1,11,200,16,16,0.0,test,client_3,8,32,670,702,True,0.7041977611940298
Tox21,avg,0.5,1,11,200,16,16,0.0,test,client_3,9,36,621,657,True,0.5663356593308284
Tox21,avg,0.5,1,11,200,16,16,0.0,test,client_3,10,93,485,578,True,0.7773639286110188
Tox21,avg,0.5,1,11,200,16,16,0.0,test,client_3,11,48,624,672,True,0.7018229166666666
Tox21,avg,0.5,1,12,200,16,16,0.0,val,server,0,31,696,727,True,0.7792918057100482
Tox21,avg,0.5,1,12,200,16,16,0.0,val,server,1,23,652,675,True,0.7955454787943451
Tox21,avg,0.5,1,12,200,16,16,0.0,val,server,2,74,567,641,True,0.8249439916106583
Tox21,avg,0.5,1,12,200,16,16,0.0,val,server,3,19,546,565,True,0.7566030460767303
Tox21,avg,0.5,1,12,200,16,16,0.0,val,server,4,82,541,623,True,0.6836030837203011
Tox21,avg,0.5,1,12,200,16,16,0.0,val,server,5,30,657,687,True,0.7406900050735667
Tox21,avg,0.5,1,12,200,16,16,0.0,val,server,6,21,612,633,True,0.6168689698101463
Tox21,avg,0.5,1,12,200,16,16,0.0,val,server,7,96,492,588,True,0.6889397018970189
Tox21,avg,0.5,1,12,200,16,16,0.0,val,server,8,30,677,707,True,0.7477597242737568
Tox21,avg,0.5,1,12,200,16,16,0.0,val,server,9,45,603,648,True,0.5995209139487746
Tox21,avg,0.5,1,12,200,16,16,0.0,val,server,10,92,495,587,True,0.8440931049626702
Tox21,avg,0.5,1,12,200,16,16,0.0,val,server,11,42,636,678,True,0.7787136867325546
Tox21,avg,0.5,1,12,200,16,16,0.0,val,client_0,0,31,696,727,True,0.7511586948461253
Tox21,avg,0.5,1,12,200,16,16,0.0,val,client_0,1,23,652,675,True,0.7802747399306482
Tox21,avg,0.5,1,12,200,16,16,0.0,val,client_0,2,74,567,641,True,0.8281853281853283
Tox21,avg,0.5,1,12,200,16,16,0.0,val,client_0,3,19,546,565,True,0.7238288027761712
Tox21,avg,0.5,1,12,200,16,16,0.0,val,client_0,4,82,541,623,True,0.6673278932419638
Tox21,avg,0.5,1,12,200,16,16,0.0,val,client_0,5,30,657,687,True,0.7258751902587519
Tox21,avg,0.5,1,12,200,16,16,0.0,val,client_0,6,21,612,633,True,0.6034858387799564
Tox21,avg,0.5,1,12,200,16,16,0.0,val,client_0,7,96,492,588,True,0.7018758468834688
Tox21,avg,0.5,1,12,200,16,16,0.0,val,client_0,8,30,677,707,True,0.7300837026095519
Tox21,avg,0.5,1,12,200,16,16,0.0,val,client_0,9,45,603,648,True,0.6274184632393587
Tox21,avg,0.5,1,12,200,16,16,0.0,val,client_0,10,92,495,587,True,0.8349582784365394
Tox21,avg,0.5,1,12,200,16,16,0.0,val,client_0,11,42,636,678,True,0.7539682539682538
Tox21,avg,0.5,1,12,200,16,16,0.0,val,client_1,0,31,696,727,True,0.771366332962551
Tox21,avg,0.5,1,12,200,16,16,0.0,val,client_1,1,23,652,675,True,0.7765404107762071
Tox21,avg,0.5,1,12,200,16,16,0.0,val,client_1,2,74,567,641,True,0.7930311263644597
Tox21,avg,0.5,1,12,200,16,16,0.0,val,client_1,3,19,546,565,True,0.7239251976094081
Tox21,avg,0.5,1,12,200,16,16,0.0,val,client_1,4,82,541,623,True,0.6682521076597088
Tox21,avg,0.5,1,12,200,16,16,0.0,val,client_1,5,30,657,687,True,0.7225773718924404
Tox21,avg,0.5,1,12,200,16,16,0.0,val,client_1,6,21,612,633,True,0.5963274198568316
Tox21,avg,0.5,1,12,200,16,16,0.0,val,client_1,7,96,492,588,True,0.6773373983739837
Tox21,avg,0.5,1,12,200,16,16,0.0,val,client_1,8,30,677,707,True,0.746381093057607
Tox21,avg,0.5,1,12,200,16,16,0.0,val,client_1,9,45,603,648,True,0.5783674221485167
Tox21,avg,0.5,1,12,200,16,16,0.0,val,client_1,10,92,495,587,True,0.8448397013614405
Tox21,avg,0.5,1,12,200,16,16,0.0,val,client_1,11,42,636,678,True,0.7710392333033842
Tox21,avg,0.5,1,12,200,16,16,0.0,val,client_2,0,31,696,727,True,0.8098813496477567
Tox21,avg,0.5,1,12,200,16,16,0.0,val,client_2,1,23,652,675,True,0.8134169111763137
Tox21,avg,0.5,1,12,200,16,16,0.0,val,client_2,2,74,567,641,True,0.8147433147433147
Tox21,avg,0.5,1,12,200,16,16,0.0,val,client_2,3,19,546,565,True,0.7482166955851166
Tox21,avg,0.5,1,12,200,16,16,0.0,val,client_2,4,82,541,623,True,0.6927099770073486
Tox21,avg,0.5,1,12,200,16,16,0.0,val,client_2,5,30,657,687,True,0.7542871638762051
Tox21,avg,0.5,1,12,200,16,16,0.0,val,client_2,6,21,612,633,True,0.612822906940554
Tox21,avg,0.5,1,12,200,16,16,0.0,val,client_2,7,96,492,588,True,0.6826939363143631
Tox21,avg,0.5,1,12,200,16,16,0.0,val,client_2,8,30,677,707,True,0.7486459871984243
Tox21,avg,0.5,1,12,200,16,16,0.0,val,client_2,9,45,603,648,True,0.5787359498802285
Tox21,avg,0.5,1,12,200,16,16,0.0,val,client_2,10,92,495,587,True,0.8298638559508125
Tox21,avg,0.5,1,12,200,16,16,0.0,val,client_2,11,42,636,678,True,0.7794998502545673
Tox21,avg,0.5,1,12,200,16,16,0.0,val,client_3,0,31,696,727,True,0.7811920652576937
Tox21,avg,0.5,1,12,200,16,16,0.0,val,client_3,1,23,652,675,True,0.8086156308348893
Tox21,avg,0.5,1,12,200,16,16,0.0,val,client_3,2,74,567,641,True,0.8284951618284953
Tox21,avg,0.5,1,12,200,16,16,0.0,val,client_3,3,19,546,565,True,0.7519760940813571
Tox21,avg,0.5,1,12,200,16,16,0.0,val,client_3,4,82,541,623,True,0.685451512555791
Tox21,avg,0.5,1,12,200,16,16,0.0,val,client_3,5,30,657,687,True,0.7531202435312024
Tox21,avg,0.5,1,12,200,16,16,0.0,val,client_3,6,21,612,633,True,0.585978835978836
Tox21,avg,0.5,1,12,200,16,16,0.0,val,client_3,7,96,492,588,True,0.678565379403794
Tox21,avg,0.5,1,12,200,16,16,0.0,val,client_3,8,30,677,707,True,0.739340226489414
Tox21,avg,0.5,1,12,200,16,16,0.0,val,client_3,9,45,603,648,True,0.6031324857195504
Tox21,avg,0.5,1,12,200,16,16,0.0,val,client_3,10,92,495,587,True,0.8305006587615283
Tox21,avg,0.5,1,12,200,16,16,0.0,val,client_3,11,42,636,678,True,0.763439652590596
Tox21,avg,0.5,1,12,200,16,16,0.0,test,server,0,32,693,725,True,0.8134469696969697
Tox21,avg,0.5,1,12,200,16,16,0.0,test,server,1,33,646,679,True,0.8447790599493386
Tox21,avg,0.5,1,12,200,16,16,0.0,test,server,2,77,572,649,True,0.7951139769321587
Tox21,avg,0.5,1,12,200,16,16,0.0,test,server,3,38,538,576,True,0.7034337702993543
Tox21,avg,0.5,1,12,200,16,16,0.0,test,server,4,80,531,611,True,0.6735640301318268
Tox21,avg,0.5,1,12,200,16,16,0.0,test,server,5,34,647,681,True,0.7212928448040732
Tox21,avg,0.5,1,12,200,16,16,0.0,test,server,6,21,617,638,True,0.6806359496797098
Tox21,avg,0.5,1,12,200,16,16,0.0,test,server,7,95,494,589,True,0.7322608139782656
Tox21,avg,0.5,1,12,200,16,16,0.0,test,server,8,32,670,702,True,0.7062966417910448
Tox21,avg,0.5,1,12,200,16,16,0.0,test,server,9,36,621,657,True,0.5916979781714081
Tox21,avg,0.5,1,12,200,16,16,0.0,test,server,10,93,485,578,True,0.7972286886154529
Tox21,avg,0.5,1,12,200,16,16,0.0,test,server,11,48,624,672,True,0.7244257478632479
Tox21,avg,0.5,1,12,200,16,16,0.0,test,client_0,0,32,693,725,True,0.8091179653679653
Tox21,avg,0.5,1,12,200,16,16,0.0,test,client_0,1,33,646,679,True,0.8399005535228445
Tox21,avg,0.5,1,12,200,16,16,0.0,test,client_0,2,77,572,649,True,0.7894151303242212
Tox21,avg,0.5,1,12,200,16,16,0.0,test,client_0,3,38,538,576,True,0.7143905302289181
Tox21,avg,0.5,1,12,200,16,16,0.0,test,client_0,4,80,531,611,True,0.6528248587570623
Tox21,avg,0.5,1,12,200,16,16,0.0,test,client_0,5,34,647,681,True,0.7184744067642513
Tox21,avg,0.5,1,12,200,16,16,0.0,test,client_0,6,21,617,638,True,0.6273828818399321
Tox21,avg,0.5,1,12,200,16,16,0.0,test,client_0,7,95,494,589,True,0.7449392712550607
Tox21,avg,0.5,1,12,200,16,16,0.0,test,client_0,8,32,670,702,True,0.7133861940298507
Tox21,avg,0.5,1,12,200,16,16,0.0,test,client_0,9,36,621,657,True,0.6360261227410986
Tox21,avg,0.5,1,12,200,16,16,0.0,test,client_0,10,93,485,578,True,0.790244983926394
Tox21,avg,0.5,1,12,200,16,16,0.0,test,client_0,11,48,624,672,True,0.7127737713675214
Tox21,avg,0.5,1,12,200,16,16,0.0,test,client_1,0,32,693,725,True,0.8017676767676768
Tox21,avg,0.5,1,12,200,16,16,0.0,test,client_1,1,33,646,679,True,0.8365700347124496
Tox21,avg,0.5,1,12,200,16,16,0.0,test,client_1,2,77,572,649,True,0.7862364907819452
Tox21,avg,0.5,1,12,200,16,16,0.0,test,client_1,3,38,538,576,True,0.6969281940911759
Tox21,avg,0.5,1,12,200,16,16,0.0,test,client_1,4,80,531,611,True,0.6631120527306968
Tox21,avg,0.5,1,12,200,16,16,0.0,test,client_1,5,34,647,681,True,0.7175652332030185
Tox21,avg,0.5,1,12,200,16,16,0.0,test,client_1,6,21,617,638,True,0.6663579532299143
Tox21,avg,0.5,1,12,200,16,16,0.0,test,client_1,7,95,494,589,True,0.7185169401235882
Tox21,avg,0.5,1,12,200,16,16,0.0,test,client_1,8,32,670,702,True,0.6881996268656715
Tox21,avg,0.5,1,12,200,16,16,0.0,test,client_1,9,36,621,657,True,0.5861960994811237
Tox21,avg,0.5,1,12,200,16,16,0.0,test,client_1,10,93,485,578,True,0.7861212725861878
Tox21,avg,0.5,1,12,200,16,16,0.0,test,client_1,11,48,624,672,True,0.7120392628205128
Tox21,avg,0.5,1,12,200,16,16,0.0,test,client_2,0,32,693,725,True,0.7975739538239538
Tox21,avg,0.5,1,12,200,16,16,0.0,test,client_2,1,33,646,679,True,0.8525659067454733
Tox21,avg,0.5,1,12,200,16,16,0.0,test,client_2,2,77,572,649,True,0.7849877395331941
Tox21,avg,0.5,1,12,200,16,16,0.0,test,client_2,3,38,538,576,True,0.6930150655449031
Tox21,avg,0.5,1,12,200,16,16,0.0,test,client_2,4,80,531,611,True,0.6770480225988701
Tox21,avg,0.5,1,12,200,16,16,0.0,test,client_2,5,34,647,681,True,0.7231111919265388
Tox21,avg,0.5,1,12,200,16,16,0.0,test,client_2,6,21,617,638,True,0.6790923824959482
Tox21,avg,0.5,1,12,200,16,16,0.0,test,client_2,7,95,494,589,True,0.7261879394843386
Tox21,avg,0.5,1,12,200,16,16,0.0,test,client_2,8,32,670,702,True,0.6957555970149254
Tox21,avg,0.5,1,12,200,16,16,0.0,test,client_2,9,36,621,657,True,0.5821703345857935
Tox21,avg,0.5,1,12,200,16,16,0.0,test,client_2,10,93,485,578,True,0.7803569449063297
Tox21,avg,0.5,1,12,200,16,16,0.0,test,client_2,11,48,624,672,True,0.7157451923076924
Tox21,avg,0.5,1,12,200,16,16,0.0,test,client_3,0,32,693,725,True,0.7928841991341992
Tox21,avg,0.5,1,12,200,16,16,0.0,test,client_3,1,33,646,679,True,0.8485786659161272
Tox21,avg,0.5,1,12,200,16,16,0.0,test,client_3,2,77,572,649,True,0.7913904277540642
Tox21,avg,0.5,1,12,200,16,16,0.0,test,client_3,3,38,538,576,True,0.6803952259831736
Tox21,avg,0.5,1,12,200,16,16,0.0,test,client_3,4,80,531,611,True,0.6843691148775894
Tox21,avg,0.5,1,12,200,16,16,0.0,test,client_3,5,34,647,681,True,0.724838621692881
Tox21,avg,0.5,1,12,200,16,16,0.0,test,client_3,6,21,617,638,True,0.6949139461295053
Tox21,avg,0.5,1,12,200,16,16,0.0,test,client_3,7,95,494,589,True,0.713040698913275
Tox21,avg,0.5,1,12,200,16,16,0.0,test,client_3,8,32,670,702,True,0.711054104477612
Tox21,avg,0.5,1,12,200,16,16,0.0,test,client_3,9,36,621,657,True,0.57546072642691
Tox21,avg,0.5,1,12,200,16,16,0.0,test,client_3,10,93,485,578,True,0.7851457709788272
Tox21,avg,0.5,1,12,200,16,16,0.0,test,client_3,11,48,624,672,True,0.7051615918803419
Tox21,avg,0.5,1,13,200,16,16,0.0,val,server,0,31,696,727,True,0.7827678902484242
Tox21,avg,0.5,1,13,200,16,16,0.0,val,server,1,23,652,675,True,0.794478527607362
Tox21,avg,0.5,1,13,200,16,16,0.0,val,server,2,74,567,641,True,0.8271366604699938
Tox21,avg,0.5,1,13,200,16,16,0.0,val,server,3,19,546,565,True,0.7628687102371314
Tox21,avg,0.5,1,13,200,16,16,0.0,val,server,4,82,541,623,True,0.6900275010143817
Tox21,avg,0.5,1,13,200,16,16,0.0,val,server,5,30,657,687,True,0.7404363267376967
Tox21,avg,0.5,1,13,200,16,16,0.0,val,server,6,21,612,633,True,0.6252723311546842
Tox21,avg,0.5,1,13,200,16,16,0.0,val,server,7,96,492,588,True,0.6899136178861789
Tox21,avg,0.5,1,13,200,16,16,0.0,val,server,8,30,677,707,True,0.7433284096504186
Tox21,avg,0.5,1,13,200,16,16,0.0,val,server,9,45,603,648,True,0.6036115717707757
Tox21,avg,0.5,1,13,200,16,16,0.0,val,server,10,92,495,587,True,0.8509881422924901
Tox21,avg,0.5,1,13,200,16,16,0.0,val,server,11,42,636,678,True,0.7761305780173705
Tox21,avg,0.5,1,13,200,16,16,0.0,val,client_0,0,31,696,727,True,0.7616796440489432
Tox21,avg,0.5,1,13,200,16,16,0.0,val,client_0,1,23,652,675,True,0.7724726593758335
Tox21,avg,0.5,1,13,200,16,16,0.0,val,client_0,2,74,567,641,True,0.8334286667620001
Tox21,avg,0.5,1,13,200,16,16,0.0,val,client_0,3,19,546,565,True,0.7400231347599768
Tox21,avg,0.5,1,13,200,16,16,0.0,val,client_0,4,82,541,623,True,0.6821378657409495
Tox21,avg,0.5,1,13,200,16,16,0.0,val,client_0,5,30,657,687,True,0.7168442415017757
Tox21,avg,0.5,1,13,200,16,16,0.0,val,client_0,6,21,612,633,True,0.6302521008403361
Tox21,avg,0.5,1,13,200,16,16,0.0,val,client_0,7,96,492,588,True,0.6880293021680217
Tox21,avg,0.5,1,13,200,16,16,0.0,val,client_0,8,30,677,707,True,0.7244214672575086
Tox21,avg,0.5,1,13,200,16,16,0.0,val,client_0,9,45,603,648,True,0.6194951170075549
Tox21,avg,0.5,1,13,200,16,16,0.0,val,client_0,10,92,495,587,True,0.8454984628897673
Tox21,avg,0.5,1,13,200,16,16,0.0,val,client_0,11,42,636,678,True,0.7651617250673854
Tox21,avg,0.5,1,13,200,16,16,0.0,val,client_1,0,31,696,727,True,0.7719225064886912
Tox21,avg,0.5,1,13,200,16,16,0.0,val,client_1,1,23,652,675,True,0.7644038410242732
Tox21,avg,0.5,1,13,200,16,16,0.0,val,client_1,2,74,567,641,True,0.8105486438819773
Tox21,avg,0.5,1,13,200,16,16,0.0,val,client_1,3,19,546,565,True,0.7298052824368613
Tox21,avg,0.5,1,13,200,16,16,0.0,val,client_1,4,82,541,623,True,0.6744060231729858
Tox21,avg,0.5,1,13,200,16,16,0.0,val,client_1,5,30,657,687,True,0.7271435819381026
Tox21,avg,0.5,1,13,200,16,16,0.0,val,client_1,6,21,612,633,True,0.582477435418612
Tox21,avg,0.5,1,13,200,16,16,0.0,val,client_1,7,96,492,588,True,0.681592987804878
Tox21,avg,0.5,1,13,200,16,16,0.0,val,client_1,8,30,677,707,True,0.7471196454948302
Tox21,avg,0.5,1,13,200,16,16,0.0,val,client_1,9,45,603,648,True,0.5827897549290584
Tox21,avg,0.5,1,13,200,16,16,0.0,val,client_1,10,92,495,587,True,0.8462889767237595
Tox21,avg,0.5,1,13,200,16,16,0.0,val,client_1,11,42,636,678,True,0.7719002695417789
Tox21,avg,0.5,1,13,200,16,16,0.0,val,client_2,0,31,696,727,True,0.8047830923248053
Tox21,avg,0.5,1,13,200,16,16,0.0,val,client_2,1,23,652,675,True,0.8256201653774341
Tox21,avg,0.5,1,13,200,16,16,0.0,val,client_2,2,74,567,641,True,0.8158158158158157
Tox21,avg,0.5,1,13,200,16,16,0.0,val,client_2,3,19,546,565,True,0.7750144592249856
Tox21,avg,0.5,1,13,200,16,16,0.0,val,client_2,4,82,541,623,True,0.6869843559803436
Tox21,avg,0.5,1,13,200,16,16,0.0,val,client_2,5,30,657,687,True,0.7618975139523085
Tox21,avg,0.5,1,13,200,16,16,0.0,val,client_2,6,21,612,633,True,0.6574074074074074
Tox21,avg,0.5,1,13,200,16,16,0.0,val,client_2,7,96,492,588,True,0.6955665650406504
Tox21,avg,0.5,1,13,200,16,16,0.0,val,client_2,8,30,677,707,True,0.7662235352043328
Tox21,avg,0.5,1,13,200,16,16,0.0,val,client_2,9,45,603,648,True,0.5981205085682697
Tox21,avg,0.5,1,13,200,16,16,0.0,val,client_2,10,92,495,587,True,0.838252086078173
Tox21,avg,0.5,1,13,200,16,16,0.0,val,client_2,11,42,636,678,True,0.7954477388439652
Tox21,avg,0.5,1,13,200,16,16,0.0,val,client_3,0,31,696,727,True,0.7661753800519094
Tox21,avg,0.5,1,13,200,16,16,0.0,val,client_3,1,23,652,675,True,0.8117497999466524
Tox21,avg,0.5,1,13,200,16,16,0.0,val,client_3,2,74,567,641,True,0.8344296677630011
Tox21,avg,0.5,1,13,200,16,16,0.0,val,client_3,3,19,546,565,True,0.7496626180836707
Tox21,avg,0.5,1,13,200,16,16,0.0,val,client_3,4,82,541,623,True,0.6868491050899418
Tox21,avg,0.5,1,13,200,16,16,0.0,val,client_3,5,30,657,687,True,0.7457128361237949
Tox21,avg,0.5,1,13,200,16,16,0.0,val,client_3,6,21,612,633,True,0.5769530034235917
Tox21,avg,0.5,1,13,200,16,16,0.0,val,client_3,7,96,492,588,True,0.6791793699186992
Tox21,avg,0.5,1,13,200,16,16,0.0,val,client_3,8,30,677,707,True,0.72959133431807
Tox21,avg,0.5,1,13,200,16,16,0.0,val,client_3,9,45,603,648,True,0.6097291321171918
Tox21,avg,0.5,1,13,200,16,16,0.0,val,client_3,10,92,495,587,True,0.8369784804567413
Tox21,avg,0.5,1,13,200,16,16,0.0,val,client_3,11,42,636,678,True,0.7599206349206349
Tox21,avg,0.5,1,13,200,16,16,0.0,test,server,0,32,693,725,True,0.8079906204906206
Tox21,avg,0.5,1,13,200,16,16,0.0,test,server,1,33,646,679,True,0.8515339150014073
Tox21,avg,0.5,1,13,200,16,16,0.0,test,server,2,77,572,649,True,0.7978158205430933
Tox21,avg,0.5,1,13,200,16,16,0.0,test,server,3,38,538,576,True,0.7088632361573077
Tox21,avg,0.5,1,13,200,16,16,0.0,test,server,4,80,531,611,True,0.6778248587570621
Tox21,avg,0.5,1,13,200,16,16,0.0,test,server,5,34,647,681,True,0.7287026093281207
Tox21,avg,0.5,1,13,200,16,16,0.0,test,server,6,21,617,638,True,0.6826425870186
Tox21,avg,0.5,1,13,200,16,16,0.0,test,server,7,95,494,589,True,0.7343916471340295
Tox21,avg,0.5,1,13,200,16,16,0.0,test,server,8,32,670,702,True,0.7146455223880597
Tox21,avg,0.5,1,13,200,16,16,0.0,test,server,9,36,621,657,True,0.6054750402576489
Tox21,avg,0.5,1,13,200,16,16,0.0,test,server,10,93,485,578,True,0.7995122491963198
Tox21,avg,0.5,1,13,200,16,16,0.0,test,server,11,48,624,672,True,0.7266626602564102
Tox21,avg,0.5,1,13,200,16,16,0.0,test,client_0,0,32,693,725,True,0.8201659451659452
Tox21,avg,0.5,1,13,200,16,16,0.0,test,client_0,1,33,646,679,True,0.8386809269162211
Tox21,avg,0.5,1,13,200,16,16,0.0,test,client_0,2,77,572,649,True,0.8073744437380802
Tox21,avg,0.5,1,13,200,16,16,0.0,test,client_0,3,38,538,576,True,0.7271081980043045
Tox21,avg,0.5,1,13,200,16,16,0.0,test,client_0,4,80,531,611,True,0.6574858757062146
Tox21,avg,0.5,1,13,200,16,16,0.0,test,client_0,5,34,647,681,True,0.7146558778070733
Tox21,avg,0.5,1,13,200,16,16,0.0,test,client_0,6,21,617,638,True,0.626456741529675
Tox21,avg,0.5,1,13,200,16,16,0.0,test,client_0,7,95,494,589,True,0.7460473044960579
Tox21,avg,0.5,1,13,200,16,16,0.0,test,client_0,8,32,670,702,True,0.7104944029850746
Tox21,avg,0.5,1,13,200,16,16,0.0,test,client_0,9,36,621,657,True,0.6435856146001073
Tox21,avg,0.5,1,13,200,16,16,0.0,test,client_0,10,93,485,578,True,0.8010641835716661
Tox21,avg,0.5,1,13,200,16,16,0.0,test,client_0,11,48,624,672,True,0.7238247863247863
Tox21,avg,0.5,1,13,200,16,16,0.0,test,client_1,0,32,693,725,True,0.7974386724386725
Tox21,avg,0.5,1,13,200,16,16,0.0,test,client_1,1,33,646,679,True,0.8360071301247772
Tox21,avg,0.5,1,13,200,16,16,0.0,test,client_1,2,77,572,649,True,0.7873263100535829
Tox21,avg,0.5,1,13,200,16,16,0.0,test,client_1,3,38,538,576,True,0.7056838192134611
Tox21,avg,0.5,1,13,200,16,16,0.0,test,client_1,4,80,531,611,True,0.6694209039548022
Tox21,avg,0.5,1,13,200,16,16,0.0,test,client_1,5,34,647,681,True,0.7338848986271479
Tox21,avg,0.5,1,13,200,16,16,0.0,test,client_1,6,21,617,638,True,0.6533148105271281
Tox21,avg,0.5,1,13,200,16,16,0.0,test,client_1,7,95,494,589,True,0.7157255486895376
Tox21,avg,0.5,1,13,200,16,16,0.0,test,client_1,8,32,670,702,True,0.697901119402985
Tox21,avg,0.5,1,13,200,16,16,0.0,test,client_1,9,36,621,657,True,0.5869117910180712
Tox21,avg,0.5,1,13,200,16,16,0.0,test,client_1,10,93,485,578,True,0.7870967741935484
Tox21,avg,0.5,1,13,200,16,16,0.0,test,client_1,11,48,624,672,True,0.7112045940170939
Tox21,avg,0.5,1,13,200,16,16,0.0,test,client_2,0,32,693,725,True,0.7999188311688312
Tox21,avg,0.5,1,13,200,16,16,0.0,test,client_2,1,33,646,679,True,0.8563186039966226
Tox21,avg,0.5,1,13,200,16,16,0.0,test,client_2,2,77,572,649,True,0.780174371083462
Tox21,avg,0.5,1,13,200,16,16,0.0,test,client_2,3,38,538,576,True,0.6933085501858736
Tox21,avg,0.5,1,13,200,16,16,0.0,test,client_2,4,80,531,611,True,0.6750706214689265
Tox21,avg,0.5,1,13,200,16,16,0.0,test,client_2,5,34,647,681,True,0.7138376216019638
Tox21,avg,0.5,1,13,200,16,16,0.0,test,client_2,6,21,617,638,True,0.7034807439993825
Tox21,avg,0.5,1,13,200,16,16,0.0,test,client_2,7,95,494,589,True,0.7450245045812913
Tox21,avg,0.5,1,13,200,16,16,0.0,test,client_2,8,32,670,702,True,0.7256529850746269
Tox21,avg,0.5,1,13,200,16,16,0.0,test,client_2,9,36,621,657,True,0.602701735551977
Tox21,avg,0.5,1,13,200,16,16,0.0,test,client_2,10,93,485,578,True,0.7865868528987917
Tox21,avg,0.5,1,13,200,16,16,0.0,test,client_2,11,48,624,672,True,0.7180154914529915
Tox21,avg,0.5,1,13,200,16,16,0.0,test,client_3,0,32,693,725,True,0.7886453823953825
Tox21,avg,0.5,1,13,200,16,16,0.0,test,client_3,1,33,646,679,True,0.8389154704944178
Tox21,avg,0.5,1,13,200,16,16,0.0,test,client_3,2,77,572,649,True,0.7947961129779312
Tox21,avg,0.5,1,13,200,16,16,0.0,test,client_3,3,38,538,576,True,0.6926726667971043
Tox21,avg,0.5,1,13,200,16,16,0.0,test,client_3,4,80,531,611,True,0.6846280602636535
Tox21,avg,0.5,1,13,200,16,16,0.0,test,client_3,5,34,647,681,True,0.7333848531684698
Tox21,avg,0.5,1,13,200,16,16,0.0,test,client_3,6,21,617,638,True,0.6849579377942425
Tox21,avg,0.5,1,13,200,16,16,0.0,test,client_3,7,95,494,589,True,0.7138930321755806
Tox21,avg,0.5,1,13,200,16,16,0.0,test,client_3,8,32,670,702,True,0.7143656716417911
Tox21,avg,0.5,1,13,200,16,16,0.0,test,client_3,9,36,621,657,True,0.5839148327071032
Tox21,avg,0.5,1,13,200,16,16,0.0,test,client_3,10,93,485,578,True,0.7895798691941027
Tox21,avg,0.5,1,13,200,16,16,0.0,test,client_3,11,48,624,672,True,0.7099692841880342
Tox21,avg,0.5,1,14,200,16,16,0.0,val,server,0,31,696,727,True,0.7839265850945495
Tox21,avg,0.5,1,14,200,16,16,0.0,val,server,1,23,652,675,True,0.7894105094691918
Tox21,avg,0.5,1,14,200,16,16,0.0,val,server,2,74,567,641,True,0.836979836979837
Tox21,avg,0.5,1,14,200,16,16,0.0,val,server,3,19,546,565,True,0.7708694813957971
Tox21,avg,0.5,1,14,200,16,16,0.0,val,server,4,82,541,623,True,0.6880212794734233
Tox21,avg,0.5,1,14,200,16,16,0.0,val,server,5,30,657,687,True,0.7530187721968544
Tox21,avg,0.5,1,14,200,16,16,0.0,val,server,6,21,612,633,True,0.6285403050108932
Tox21,avg,0.5,1,14,200,16,16,0.0,val,server,7,96,492,588,True,0.6953760162601627
Tox21,avg,0.5,1,14,200,16,16,0.0,val,server,8,30,677,707,True,0.7557853274249139
Tox21,avg,0.5,1,14,200,16,16,0.0,val,server,9,45,603,648,True,0.6057121798415331
Tox21,avg,0.5,1,14,200,16,16,0.0,val,server,10,92,495,587,True,0.8543258673693457
Tox21,avg,0.5,1,14,200,16,16,0.0,val,server,11,42,636,678,True,0.7811096136567834
Tox21,avg,0.5,1,14,200,16,16,0.0,val,client_0,0,31,696,727,True,0.7540322580645161
Tox21,avg,0.5,1,14,200,16,16,0.0,val,client_0,1,23,652,675,True,0.7715390770872232
Tox21,avg,0.5,1,14,200,16,16,0.0,val,client_0,2,74,567,641,True,0.8408646741980076
Tox21,avg,0.5,1,14,200,16,16,0.0,val,client_0,3,19,546,565,True,0.7417582417582418
Tox21,avg,0.5,1,14,200,16,16,0.0,val,client_0,4,82,541,623,True,0.6682295658446417
Tox21,avg,0.5,1,14,200,16,16,0.0,val,client_0,5,30,657,687,True,0.7324200913242009
Tox21,avg,0.5,1,14,200,16,16,0.0,val,client_0,6,21,612,633,True,0.6300186741363212
Tox21,avg,0.5,1,14,200,16,16,0.0,val,client_0,7,96,492,588,True,0.7048399390243902
Tox21,avg,0.5,1,14,200,16,16,0.0,val,client_0,8,30,677,707,True,0.7439192516001969
Tox21,avg,0.5,1,14,200,16,16,0.0,val,client_0,9,45,603,648,True,0.6213009028929426
Tox21,avg,0.5,1,14,200,16,16,0.0,val,client_0,10,92,495,587,True,0.850768555116381
Tox21,avg,0.5,1,14,200,16,16,0.0,val,client_0,11,42,636,678,True,0.7715633423180593
Tox21,avg,0.5,1,14,200,16,16,0.0,val,client_1,0,31,696,727,True,0.7679829440118651
Tox21,avg,0.5,1,14,200,16,16,0.0,val,client_1,1,23,652,675,True,0.7501333688983729
Tox21,avg,0.5,1,14,200,16,16,0.0,val,client_1,2,74,567,641,True,0.8186996520329853
Tox21,avg,0.5,1,14,200,16,16,0.0,val,client_1,3,19,546,565,True,0.7416618469250048
Tox21,avg,0.5,1,14,200,16,16,0.0,val,client_1,4,82,541,623,True,0.6760290338578062
Tox21,avg,0.5,1,14,200,16,16,0.0,val,client_1,5,30,657,687,True,0.7385591070522578
Tox21,avg,0.5,1,14,200,16,16,0.0,val,client_1,6,21,612,633,True,0.6054310613134142
Tox21,avg,0.5,1,14,200,16,16,0.0,val,client_1,7,96,492,588,True,0.6915438685636857
Tox21,avg,0.5,1,14,200,16,16,0.0,val,client_1,8,30,677,707,True,0.7557360905957656
Tox21,avg,0.5,1,14,200,16,16,0.0,val,client_1,9,45,603,648,True,0.5970149253731343
Tox21,avg,0.5,1,14,200,16,16,0.0,val,client_1,10,92,495,587,True,0.8567852437417655
Tox21,avg,0.5,1,14,200,16,16,0.0,val,client_1,11,42,636,678,True,0.7770290506139562
Tox21,avg,0.5,1,14,200,16,16,0.0,val,client_2,0,31,696,727,True,0.7991286614757137
Tox21,avg,0.5,1,14,200,16,16,0.0,val,client_2,1,23,652,675,True,0.8074153107495332
Tox21,avg,0.5,1,14,200,16,16,0.0,val,client_2,2,74,567,641,True,0.8192239858906525
Tox21,avg,0.5,1,14,200,16,16,0.0,val,client_2,3,19,546,565,True,0.7666281087333718
Tox21,avg,0.5,1,14,200,16,16,0.0,val,client_2,4,82,541,623,True,0.683310040124431
Tox21,avg,0.5,1,14,200,16,16,0.0,val,client_2,5,30,657,687,True,0.7763064434297312
Tox21,avg,0.5,1,14,200,16,16,0.0,val,client_2,6,21,612,633,True,0.6347650171179583
Tox21,avg,0.5,1,14,200,16,16,0.0,val,client_2,7,96,492,588,True,0.6945079607046071
Tox21,avg,0.5,1,14,200,16,16,0.0,val,client_2,8,30,677,707,True,0.7684391925160019
Tox21,avg,0.5,1,14,200,16,16,0.0,val,client_2,9,45,603,648,True,0.5890547263681591
Tox21,avg,0.5,1,14,200,16,16,0.0,val,client_2,10,92,495,587,True,0.8314448836187966
Tox21,avg,0.5,1,14,200,16,16,0.0,val,client_2,11,42,636,678,True,0.7772162324049117
Tox21,avg,0.5,1,14,200,16,16,0.0,val,client_3,0,31,696,727,True,0.7712272895810158
Tox21,avg,0.5,1,14,200,16,16,0.0,val,client_3,1,23,652,675,True,0.8214190450786876
Tox21,avg,0.5,1,14,200,16,16,0.0,val,client_3,2,74,567,641,True,0.8388626721960055
Tox21,avg,0.5,1,14,200,16,16,0.0,val,client_3,3,19,546,565,True,0.7615191825718142
Tox21,avg,0.5,1,14,200,16,16,0.0,val,client_3,4,82,541,623,True,0.6843695054325774
Tox21,avg,0.5,1,14,200,16,16,0.0,val,client_3,5,30,657,687,True,0.7460172501268392
Tox21,avg,0.5,1,14,200,16,16,0.0,val,client_3,6,21,612,633,True,0.5912698412698413
Tox21,avg,0.5,1,14,200,16,16,0.0,val,client_3,7,96,492,588,True,0.6882410230352304
Tox21,avg,0.5,1,14,200,16,16,0.0,val,client_3,8,30,677,707,True,0.7323485967503692
Tox21,avg,0.5,1,14,200,16,16,0.0,val,client_3,9,45,603,648,True,0.6077390823659481
Tox21,avg,0.5,1,14,200,16,16,0.0,val,client_3,10,92,495,587,True,0.8443566095740008
Tox21,avg,0.5,1,14,200,16,16,0.0,val,client_3,11,42,636,678,True,0.7665468703204552
Tox21,avg,0.5,1,14,200,16,16,0.0,test,server,0,32,693,725,True,0.8032557720057719
Tox21,avg,0.5,1,14,200,16,16,0.0,test,server,1,33,646,679,True,0.8581011351909185
Tox21,avg,0.5,1,14,200,16,16,0.0,test,server,2,77,572,649,True,0.805376441740078
Tox21,avg,0.5,1,14,200,16,16,0.0,test,server,3,38,538,576,True,0.709009978477793
Tox21,avg,0.5,1,14,200,16,16,0.0,test,server,4,80,531,611,True,0.6805320150659135
Tox21,avg,0.5,1,14,200,16,16,0.0,test,server,5,34,647,681,True,0.7342485680516411
Tox21,avg,0.5,1,14,200,16,16,0.0,test,server,6,21,617,638,True,0.6936019140233078
Tox21,avg,0.5,1,14,200,16,16,0.0,test,server,7,95,494,589,True,0.7390368634135948
Tox21,avg,0.5,1,14,200,16,16,0.0,test,server,8,32,670,702,True,0.7361007462686567
Tox21,avg,0.5,1,14,200,16,16,0.0,test,server,9,36,621,657,True,0.6159867597065665
Tox21,avg,0.5,1,14,200,16,16,0.0,test,server,10,93,485,578,True,0.8070280456712116
Tox21,avg,0.5,1,14,200,16,16,0.0,test,server,11,48,624,672,True,0.7301348824786325
Tox21,avg,0.5,1,14,200,16,16,0.0,test,client_0,0,32,693,725,True,0.8049242424242424
Tox21,avg,0.5,1,14,200,16,16,0.0,test,client_0,1,33,646,679,True,0.8465146824279951
Tox21,avg,0.5,1,14,200,16,16,0.0,test,client_0,2,77,572,649,True,0.8134819725728817
Tox21,avg,0.5,1,14,200,16,16,0.0,test,client_0,3,38,538,576,True,0.7234885540990021
Tox21,avg,0.5,1,14,200,16,16,0.0,test,client_0,4,80,531,611,True,0.6534133709981167
Tox21,avg,0.5,1,14,200,16,16,0.0,test,client_0,5,34,647,681,True,0.7162014728611692
Tox21,avg,0.5,1,14,200,16,16,0.0,test,client_0,6,21,617,638,True,0.6566334799722158
Tox21,avg,0.5,1,14,200,16,16,0.0,test,client_0,7,95,494,589,True,0.7453654378862136
Tox21,avg,0.5,1,14,200,16,16,0.0,test,client_0,8,32,670,702,True,0.7359608208955224
Tox21,avg,0.5,1,14,200,16,16,0.0,test,client_0,9,36,621,657,True,0.6549919484702094
Tox21,avg,0.5,1,14,200,16,16,0.0,test,client_0,10,93,485,578,True,0.8130140782618335
Tox21,avg,0.5,1,14,200,16,16,0.0,test,client_0,11,48,624,672,True,0.7353766025641025
Tox21,avg,0.5,1,14,200,16,16,0.0,test,client_1,0,32,693,725,True,0.7891865079365079
Tox21,avg,0.5,1,14,200,16,16,0.0,test,client_1,1,33,646,679,True,0.8336616943428088
Tox21,avg,0.5,1,14,200,16,16,0.0,test,client_1,2,77,572,649,True,0.7958178185450913
Tox21,avg,0.5,1,14,200,16,16,0.0,test,client_1,3,38,538,576,True,0.7055859909998043
Tox21,avg,0.5,1,14,200,16,16,0.0,test,client_1,4,80,531,611,True,0.6721045197740113
Tox21,avg,0.5,1,14,200,16,16,0.0,test,client_1,5,34,647,681,True,0.7300663696699701
Tox21,avg,0.5,1,14,200,16,16,0.0,test,client_1,6,21,617,638,True,0.6650459211237169
Tox21,avg,0.5,1,14,200,16,16,0.0,test,client_1,7,95,494,589,True,0.7230556147453653
Tox21,avg,0.5,1,14,200,16,16,0.0,test,client_1,8,32,670,702,True,0.7199160447761194
Tox21,avg,0.5,1,14,200,16,16,0.0,test,client_1,9,36,621,657,True,0.6006441223832528
Tox21,avg,0.5,1,14,200,16,16,0.0,test,client_1,10,93,485,578,True,0.7940139674093781
Tox21,avg,0.5,1,14,200,16,16,0.0,test,client_1,11,48,624,672,True,0.7199185363247864
Tox21,avg,0.5,1,14,200,16,16,0.0,test,client_2,0,32,693,725,True,0.795995670995671
Tox21,avg,0.5,1,14,200,16,16,0.0,test,client_2,1,33,646,679,True,0.8509710104137349
Tox21,avg,0.5,1,14,200,16,16,0.0,test,client_2,2,77,572,649,True,0.7890518572336754
Tox21,avg,0.5,1,14,200,16,16,0.0,test,client_2,3,38,538,576,True,0.6821072197221679
Tox21,avg,0.5,1,14,200,16,16,0.0,test,client_2,4,80,531,611,True,0.6782721280602637
Tox21,avg,0.5,1,14,200,16,16,0.0,test,client_2,5,34,647,681,True,0.7081552868442587
Tox21,avg,0.5,1,14,200,16,16,0.0,test,client_2,6,21,617,638,True,0.7098093694528054
Tox21,avg,0.5,1,14,200,16,16,0.0,test,client_2,7,95,494,589,True,0.736842105263158
Tox21,avg,0.5,1,14,200,16,16,0.0,test,client_2,8,32,670,702,True,0.7435634328358208
Tox21,avg,0.5,1,14,200,16,16,0.0,test,client_2,9,36,621,657,True,0.5933530148505993
Tox21,avg,0.5,1,14,200,16,16,0.0,test,client_2,10,93,485,578,True,0.7810885711118501
Tox21,avg,0.5,1,14,200,16,16,0.0,test,client_2,11,48,624,672,True,0.7036258012820513
Tox21,avg,0.5,1,14,200,16,16,0.0,test,client_3,0,32,693,725,True,0.7913059163059163
Tox21,avg,0.5,1,14,200,16,16,0.0,test,client_3,1,33,646,679,True,0.8443568815085842
Tox21,avg,0.5,1,14,200,16,16,0.0,test,client_3,2,77,572,649,True,0.7957042957042957
Tox21,avg,0.5,1,14,200,16,16,0.0,test,client_3,3,38,538,576,True,0.6990315006847974
Tox21,avg,0.5,1,14,200,16,16,0.0,test,client_3,4,80,531,611,True,0.6839218455743878
Tox21,avg,0.5,1,14,200,16,16,0.0,test,client_3,5,34,647,681,True,0.745931448313483
Tox21,avg,0.5,1,14,200,16,16,0.0,test,client_3,6,21,617,638,True,0.6914409199660415
Tox21,avg,0.5,1,14,200,16,16,0.0,test,client_3,7,95,494,589,True,0.7247389729384189
Tox21,avg,0.5,1,14,200,16,16,0.0,test,client_3,8,32,670,702,True,0.7225746268656718
Tox21,avg,0.5,1,14,200,16,16,0.0,test,client_3,9,36,621,657,True,0.5991680085882984
Tox21,avg,0.5,1,14,200,16,16,0.0,test,client_3,10,93,485,578,True,0.7939917969183017
Tox21,avg,0.5,1,14,200,16,16,0.0,test,client_3,11,48,624,672,True,0.719684829059829
Tox21,avg,0.5,1,15,200,16,16,0.0,val,server,0,31,696,727,True,0.7864757137560252
Tox21,avg,0.5,1,15,200,16,16,0.0,val,server,1,23,652,675,True,0.7881435049346494
Tox21,avg,0.5,1,15,200,16,16,0.0,val,server,2,74,567,641,True,0.8381953381953382
Tox21,avg,0.5,1,15,200,16,16,0.0,val,server,3,19,546,565,True,0.7779063042220937
Tox21,avg,0.5,1,15,200,16,16,0.0,val,server,4,82,541,623,True,0.6918759298498716
Tox21,avg,0.5,1,15,200,16,16,0.0,val,server,5,30,657,687,True,0.7532724505327244
Tox21,avg,0.5,1,15,200,16,16,0.0,val,server,6,21,612,633,True,0.6315748521630875
Tox21,avg,0.5,1,15,200,16,16,0.0,val,server,7,96,492,588,True,0.6968368902439024
Tox21,avg,0.5,1,15,200,16,16,0.0,val,server,8,30,677,707,True,0.7513047759724274
Tox21,avg,0.5,1,15,200,16,16,0.0,val,server,9,45,603,648,True,0.6093237516123089
Tox21,avg,0.5,1,15,200,16,16,0.0,val,server,10,92,495,587,True,0.8588713219148001
Tox21,avg,0.5,1,15,200,16,16,0.0,val,server,11,42,636,678,True,0.7806603773584905
Tox21,avg,0.5,1,15,200,16,16,0.0,val,client_0,0,31,696,727,True,0.7597330367074527
Tox21,avg,0.5,1,15,200,16,16,0.0,val,client_0,1,23,652,675,True,0.7671379034409176
Tox21,avg,0.5,1,15,200,16,16,0.0,val,client_0,2,74,567,641,True,0.836217169550503
Tox21,avg,0.5,1,15,200,16,16,0.0,val,client_0,3,19,546,565,True,0.7387700019278967
Tox21,avg,0.5,1,15,200,16,16,0.0,val,client_0,4,82,541,623,True,0.6899147919390469
Tox21,avg,0.5,1,15,200,16,16,0.0,val,client_0,5,30,657,687,True,0.7537290715372907
Tox21,avg,0.5,1,15,200,16,16,0.0,val,client_0,6,21,612,633,True,0.6318860877684407
Tox21,avg,0.5,1,15,200,16,16,0.0,val,client_0,7,96,492,588,True,0.7036543021680217
Tox21,avg,0.5,1,15,200,16,16,0.0,val,client_0,8,30,677,707,True,0.7399310684391925
Tox21,avg,0.5,1,15,200,16,16,0.0,val,client_0,9,45,603,648,True,0.6094711627049936
Tox21,avg,0.5,1,15,200,16,16,0.0,val,client_0,10,92,495,587,True,0.8387790953008344
Tox21,avg,0.5,1,15,200,16,16,0.0,val,client_0,11,42,636,678,True,0.7427373465109314
Tox21,avg,0.5,1,15,200,16,16,0.0,val,client_1,0,31,696,727,True,0.7763718946978124
Tox21,avg,0.5,1,15,200,16,16,0.0,val,client_1,1,23,652,675,True,0.757268604961323
Tox21,avg,0.5,1,15,200,16,16,0.0,val,client_1,2,74,567,641,True,0.8163878163878164
Tox21,avg,0.5,1,15,200,16,16,0.0,val,client_1,3,19,546,565,True,0.7518796992481203
Tox21,avg,0.5,1,15,200,16,16,0.0,val,client_1,4,82,541,623,True,0.6685000676254452
Tox21,avg,0.5,1,15,200,16,16,0.0,val,client_1,5,30,657,687,True,0.7324200913242008
Tox21,avg,0.5,1,15,200,16,16,0.0,val,client_1,6,21,612,633,True,0.6152349828820417
Tox21,avg,0.5,1,15,200,16,16,0.0,val,client_1,7,96,492,588,True,0.6901676829268292
Tox21,avg,0.5,1,15,200,16,16,0.0,val,client_1,8,30,677,707,True,0.7559330379123583
Tox21,avg,0.5,1,15,200,16,16,0.0,val,client_1,9,45,603,648,True,0.6022848719366133
Tox21,avg,0.5,1,15,200,16,16,0.0,val,client_1,10,92,495,587,True,0.8674791392182697
Tox21,avg,0.5,1,15,200,16,16,0.0,val,client_1,11,42,636,678,True,0.7815962863132674
Tox21,avg,0.5,1,15,200,16,16,0.0,val,client_2,0,31,696,727,True,0.8063125695216907
Tox21,avg,0.5,1,15,200,16,16,0.0,val,client_2,1,23,652,675,True,0.8334222459322486
Tox21,avg,0.5,1,15,200,16,16,0.0,val,client_2,2,74,567,641,True,0.8072834739501407
Tox21,avg,0.5,1,15,200,16,16,0.0,val,client_2,3,19,546,565,True,0.79313668787353
Tox21,avg,0.5,1,15,200,16,16,0.0,val,client_2,4,82,541,623,True,0.6907713809115911
Tox21,avg,0.5,1,15,200,16,16,0.0,val,client_2,5,30,657,687,True,0.7671740233384069
Tox21,avg,0.5,1,15,200,16,16,0.0,val,client_2,6,21,612,633,True,0.6530501089324618
Tox21,avg,0.5,1,15,200,16,16,0.0,val,client_2,7,96,492,588,True,0.6905911246612466
Tox21,avg,0.5,1,15,200,16,16,0.0,val,client_2,8,30,677,707,True,0.7448055145248647
Tox21,avg,0.5,1,15,200,16,16,0.0,val,client_2,9,45,603,648,True,0.591450156624286
Tox21,avg,0.5,1,15,200,16,16,0.0,val,client_2,10,92,495,587,True,0.8403381642512078
Tox21,avg,0.5,1,15,200,16,16,0.0,val,client_2,11,42,636,678,True,0.7915169212339023
Tox21,avg,0.5,1,15,200,16,16,0.0,val,client_3,0,31,696,727,True,0.7862439747868002
Tox21,avg,0.5,1,15,200,16,16,0.0,val,client_3,1,23,652,675,True,0.7993464923979728
Tox21,avg,0.5,1,15,200,16,16,0.0,val,client_3,2,74,567,641,True,0.8400781734115067
Tox21,avg,0.5,1,15,200,16,16,0.0,val,client_3,3,19,546,565,True,0.7637362637362637
Tox21,avg,0.5,1,15,200,16,16,0.0,val,client_3,4,82,541,623,True,0.6903205446102519
Tox21,avg,0.5,1,15,200,16,16,0.0,val,client_3,5,30,657,687,True,0.7564687975646879
Tox21,avg,0.5,1,15,200,16,16,0.0,val,client_3,6,21,612,633,True,0.5963274198568316
Tox21,avg,0.5,1,15,200,16,16,0.0,val,client_3,7,96,492,588,True,0.687203590785908
Tox21,avg,0.5,1,15,200,16,16,0.0,val,client_3,8,30,677,707,True,0.7462333825701625
Tox21,avg,0.5,1,15,200,16,16,0.0,val,client_3,9,45,603,648,True,0.6087709600147412
Tox21,avg,0.5,1,15,200,16,16,0.0,val,client_3,10,92,495,587,True,0.8504611330698287
Tox21,avg,0.5,1,15,200,16,16,0.0,val,client_3,11,42,636,678,True,0.7703653788559448
Tox21,avg,0.5,1,15,200,16,16,0.0,test,server,0,32,693,725,True,0.8011814574314574
Tox21,avg,0.5,1,15,200,16,16,0.0,test,server,1,33,646,679,True,0.8583356787691153
Tox21,avg,0.5,1,15,200,16,16,0.0,test,server,2,77,572,649,True,0.8052629188992825
Tox21,avg,0.5,1,15,200,16,16,0.0,test,server,3,38,538,576,True,0.7137546468401488
Tox21,avg,0.5,1,15,200,16,16,0.0,test,server,4,80,531,611,True,0.6856167608286252
Tox21,avg,0.5,1,15,200,16,16,0.0,test,server,5,34,647,681,True,0.7432493863078462
Tox21,avg,0.5,1,15,200,16,16,0.0,test,server,6,21,617,638,True,0.6892027475495871
Tox21,avg,0.5,1,15,200,16,16,0.0,test,server,7,95,494,589,True,0.7431706797357767
Tox21,avg,0.5,1,15,200,16,16,0.0,test,server,8,32,670,702,True,0.7352611940298507
Tox21,avg,0.5,1,15,200,16,16,0.0,test,server,9,36,621,657,True,0.6213991769547325
Tox21,avg,0.5,1,15,200,16,16,0.0,test,server,10,93,485,578,True,0.8107970291541957
Tox21,avg,0.5,1,15,200,16,16,0.0,test,server,11,48,624,672,True,0.7312366452991452
Tox21,avg,0.5,1,15,200,16,16,0.0,test,client_0,0,32,693,725,True,0.8002344877344878
Tox21,avg,0.5,1,15,200,16,16,0.0,test,client_0,1,33,646,679,True,0.8497513838071113
Tox21,avg,0.5,1,15,200,16,16,0.0,test,client_0,2,77,572,649,True,0.8127781309599491
Tox21,avg,0.5,1,15,200,16,16,0.0,test,client_0,3,38,538,576,True,0.6937487771473292
Tox21,avg,0.5,1,15,200,16,16,0.0,test,client_0,4,80,531,611,True,0.6680790960451978
Tox21,avg,0.5,1,15,200,16,16,0.0,test,client_0,5,34,647,681,True,0.7422492953904901
Tox21,avg,0.5,1,15,200,16,16,0.0,test,client_0,6,21,617,638,True,0.6533148105271283
Tox21,avg,0.5,1,15,200,16,16,0.0,test,client_0,7,95,494,589,True,0.745450671212444
Tox21,avg,0.5,1,15,200,16,16,0.0,test,client_0,8,32,670,702,True,0.7166511194029851
Tox21,avg,0.5,1,15,200,16,16,0.0,test,client_0,9,36,621,657,True,0.6276167471819646
Tox21,avg,0.5,1,15,200,16,16,0.0,test,client_0,10,93,485,578,True,0.7986476000443411
Tox21,avg,0.5,1,15,200,16,16,0.0,test,client_0,11,48,624,672,True,0.7049946581196581
Tox21,avg,0.5,1,15,200,16,16,0.0,test,client_1,0,32,693,725,True,0.7932449494949495
Tox21,avg,0.5,1,15,200,16,16,0.0,test,client_1,1,33,646,679,True,0.8401820058166808
Tox21,avg,0.5,1,15,200,16,16,0.0,test,client_1,2,77,572,649,True,0.7964081373172281
Tox21,avg,0.5,1,15,200,16,16,0.0,test,client_1,3,38,538,576,True,0.7208471923302681
Tox21,avg,0.5,1,15,200,16,16,0.0,test,client_1,4,80,531,611,True,0.6785310734463277
Tox21,avg,0.5,1,15,200,16,16,0.0,test,client_1,5,34,647,681,True,0.7297936176016001
Tox21,avg,0.5,1,15,200,16,16,0.0,test,client_1,6,21,617,638,True,0.6622675001929459
Tox21,avg,0.5,1,15,200,16,16,0.0,test,client_1,7,95,494,589,True,0.736415938632005
Tox21,avg,0.5,1,15,200,16,16,0.0,test,client_1,8,32,670,702,True,0.7204757462686567
Tox21,avg,0.5,1,15,200,16,16,0.0,test,client_1,9,36,621,657,True,0.6252460189658257
Tox21,avg,0.5,1,15,200,16,16,0.0,test,client_1,10,93,485,578,True,0.8047444850903447
Tox21,avg,0.5,1,15,200,16,16,0.0,test,client_1,11,48,624,672,True,0.7206530448717949
Tox21,avg,0.5,1,15,200,16,16,0.0,test,client_2,0,32,693,725,True,0.7929743867243867
Tox21,avg,0.5,1,15,200,16,16,0.0,test,client_2,1,33,646,679,True,0.8584764049160334
Tox21,avg,0.5,1,15,200,16,16,0.0,test,client_2,2,77,572,649,True,0.7755426391790028
Tox21,avg,0.5,1,15,200,16,16,0.0,test,client_2,3,38,538,576,True,0.6970749364116612
Tox21,avg,0.5,1,15,200,16,16,0.0,test,client_2,4,80,531,611,True,0.6837806026365348
Tox21,avg,0.5,1,15,200,16,16,0.0,test,client_2,5,34,647,681,True,0.7350668242567506
Tox21,avg,0.5,1,15,200,16,16,0.0,test,client_2,6,21,617,638,True,0.6938334491008721
Tox21,avg,0.5,1,15,200,16,16,0.0,test,client_2,7,95,494,589,True,0.739782655018112
Tox21,avg,0.5,1,15,200,16,16,0.0,test,client_2,8,32,670,702,True,0.7224580223880597
Tox21,avg,0.5,1,15,200,16,16,0.0,test,client_2,9,36,621,657,True,0.6093666129898013
Tox21,avg,0.5,1,15,200,16,16,0.0,test,client_2,10,93,485,578,True,0.7870967741935484
Tox21,avg,0.5,1,15,200,16,16,0.0,test,client_2,11,48,624,672,True,0.707298344017094
Tox21,avg,0.5,1,15,200,16,16,0.0,test,client_3,0,32,693,725,True,0.7897276334776336
Tox21,avg,0.5,1,15,200,16,16,0.0,test,client_3,1,33,646,679,True,0.8570222347312131
Tox21,avg,0.5,1,15,200,16,16,0.0,test,client_3,2,77,572,649,True,0.8060802833530106
Tox21,avg,0.5,1,15,200,16,16,0.0,test,client_3,3,38,538,576,True,0.6986891019369985
Tox21,avg,0.5,1,15,200,16,16,0.0,test,client_3,4,80,531,611,True,0.6940442561205273
Tox21,avg,0.5,1,15,200,16,16,0.0,test,client_3,5,34,647,681,True,0.7463405764160378
Tox21,avg,0.5,1,15,200,16,16,0.0,test,client_3,6,21,617,638,True,0.6967662267500193
Tox21,avg,0.5,1,15,200,16,16,0.0,test,client_3,7,95,494,589,True,0.7232900063924994
Tox21,avg,0.5,1,15,200,16,16,0.0,test,client_3,8,32,670,702,True,0.7278917910447761
Tox21,avg,0.5,1,15,200,16,16,0.0,test,client_3,9,36,621,657,True,0.598675970656647
Tox21,avg,0.5,1,15,200,16,16,0.0,test,client_3,10,93,485,578,True,0.8050770424564905
Tox21,avg,0.5,1,15,200,16,16,0.0,test,client_3,11,48,624,672,True,0.7200186965811965
Tox21,avg,0.5,1,16,200,16,16,0.0,val,server,0,31,696,727,True,0.7878661475713756
Tox21,avg,0.5,1,16,200,16,16,0.0,val,server,1,23,652,675,True,0.7864097092558016
Tox21,avg,0.5,1,16,200,16,16,0.0,val,server,2,74,567,641,True,0.8370751704085039
Tox21,avg,0.5,1,16,200,16,16,0.0,val,server,3,19,546,565,True,0.7741469057258532
Tox21,avg,0.5,1,16,200,16,16,0.0,val,server,4,82,541,623,True,0.696564627383797
Tox21,avg,0.5,1,16,200,16,16,0.0,val,server,5,30,657,687,True,0.7559614408929477
Tox21,avg,0.5,1,16,200,16,16,0.0,val,server,6,21,612,633,True,0.6324307500778088
Tox21,avg,0.5,1,16,200,16,16,0.0,val,server,7,96,492,588,True,0.6962440718157181
Tox21,avg,0.5,1,16,200,16,16,0.0,val,server,8,30,677,707,True,0.7530280649926145
Tox21,avg,0.5,1,16,200,16,16,0.0,val,server,9,45,603,648,True,0.6088078127879123
Tox21,avg,0.5,1,16,200,16,16,0.0,val,server,10,92,495,587,True,0.8652393500219586
Tox21,avg,0.5,1,16,200,16,16,0.0,val,server,11,42,636,678,True,0.7807352500748728
Tox21,avg,0.5,1,16,200,16,16,0.0,val,client_0,0,31,696,727,True,0.7647849462365591
Tox21,avg,0.5,1,16,200,16,16,0.0,val,client_0,1,23,652,675,True,0.7678047479327822
Tox21,avg,0.5,1,16,200,16,16,0.0,val,client_0,2,74,567,641,True,0.8351446684780018
Tox21,avg,0.5,1,16,200,16,16,0.0,val,client_0,3,19,546,565,True,0.7468671679197996
Tox21,avg,0.5,1,16,200,16,16,0.0,val,client_0,4,82,541,623,True,0.6916279698841351
Tox21,avg,0.5,1,16,200,16,16,0.0,val,client_0,5,30,657,687,True,0.7474885844748859
Tox21,avg,0.5,1,16,200,16,16,0.0,val,client_0,6,21,612,633,True,0.61531279178338
Tox21,avg,0.5,1,16,200,16,16,0.0,val,client_0,7,96,492,588,True,0.6909510501355014
Tox21,avg,0.5,1,16,200,16,16,0.0,val,client_0,8,30,677,707,True,0.7322993599212211
Tox21,avg,0.5,1,16,200,16,16,0.0,val,client_0,9,45,603,648,True,0.6200847613782937
Tox21,avg,0.5,1,16,200,16,16,0.0,val,client_0,10,92,495,587,True,0.8546991655687308
Tox21,avg,0.5,1,16,200,16,16,0.0,val,client_0,11,42,636,678,True,0.7457696915244085
Tox21,avg,0.5,1,16,200,16,16,0.0,val,client_1,0,31,696,727,True,0.7779940674823879
Tox21,avg,0.5,1,16,200,16,16,0.0,val,client_1,1,23,652,675,True,0.75920245398773
Tox21,avg,0.5,1,16,200,16,16,0.0,val,client_1,2,74,567,641,True,0.8225606558939893
Tox21,avg,0.5,1,16,200,16,16,0.0,val,client_1,3,19,546,565,True,0.7450356660882977
Tox21,avg,0.5,1,16,200,16,16,0.0,val,client_1,4,82,541,623,True,0.6819800730354809
Tox21,avg,0.5,1,16,200,16,16,0.0,val,client_1,5,30,657,687,True,0.7432775240994419
Tox21,avg,0.5,1,16,200,16,16,0.0,val,client_1,6,21,612,633,True,0.6231714908185496
Tox21,avg,0.5,1,16,200,16,16,0.0,val,client_1,7,96,492,588,True,0.6958841463414633
Tox21,avg,0.5,1,16,200,16,16,0.0,val,client_1,8,30,677,707,True,0.7548005908419498
Tox21,avg,0.5,1,16,200,16,16,0.0,val,client_1,9,45,603,648,True,0.6022480191634421
Tox21,avg,0.5,1,16,200,16,16,0.0,val,client_1,10,92,495,587,True,0.8697628458498023
Tox21,avg,0.5,1,16,200,16,16,0.0,val,client_1,11,42,636,678,True,0.7812967954477389
Tox21,avg,0.5,1,16,200,16,16,0.0,val,client_2,0,31,696,727,True,0.8045513533555803
Tox21,avg,0.5,1,16,200,16,16,0.0,val,client_2,1,23,652,675,True,0.7974126433715657
Tox21,avg,0.5,1,16,200,16,16,0.0,val,client_2,2,74,567,641,True,0.8243243243243243
Tox21,avg,0.5,1,16,200,16,16,0.0,val,client_2,3,19,546,565,True,0.7855214960478119
Tox21,avg,0.5,1,16,200,16,16,0.0,val,client_2,4,82,541,623,True,0.6923493079662775
Tox21,avg,0.5,1,16,200,16,16,0.0,val,client_2,5,30,657,687,True,0.7731100963977676
Tox21,avg,0.5,1,16,200,16,16,0.0,val,client_2,6,21,612,633,True,0.6465919701213818
Tox21,avg,0.5,1,16,200,16,16,0.0,val,client_2,7,96,492,588,True,0.6956512533875339
Tox21,avg,0.5,1,16,200,16,16,0.0,val,client_2,8,30,677,707,True,0.7671590349581487
Tox21,avg,0.5,1,16,200,16,16,0.0,val,client_2,9,45,603,648,True,0.5984521835268104
Tox21,avg,0.5,1,16,200,16,16,0.0,val,client_2,10,92,495,587,True,0.853249890206412
Tox21,avg,0.5,1,16,200,16,16,0.0,val,client_2,11,42,636,678,True,0.7889338125187181
Tox21,avg,0.5,1,16,200,16,16,0.0,val,client_3,0,31,696,727,True,0.7778086763070078
Tox21,avg,0.5,1,16,200,16,16,0.0,val,client_3,1,23,652,675,True,0.8129501200320086
Tox21,avg,0.5,1,16,200,16,16,0.0,val,client_3,2,74,567,641,True,0.8324038324038324
Tox21,avg,0.5,1,16,200,16,16,0.0,val,client_3,3,19,546,565,True,0.7500481974166184
Tox21,avg,0.5,1,16,200,16,16,0.0,val,client_3,4,82,541,623,True,0.6939046932058969
Tox21,avg,0.5,1,16,200,16,16,0.0,val,client_3,5,30,657,687,True,0.7598680872653475
Tox21,avg,0.5,1,16,200,16,16,0.0,val,client_3,6,21,612,633,True,0.6069094304388423
Tox21,avg,0.5,1,16,200,16,16,0.0,val,client_3,7,96,492,588,True,0.6848111449864498
Tox21,avg,0.5,1,16,200,16,16,0.0,val,client_3,8,30,677,707,True,0.7471688823239784
Tox21,avg,0.5,1,16,200,16,16,0.0,val,client_3,9,45,603,648,True,0.5946563478901786
Tox21,avg,0.5,1,16,200,16,16,0.0,val,client_3,10,92,495,587,True,0.8484628897672377
Tox21,avg,0.5,1,16,200,16,16,0.0,val,client_3,11,42,636,678,True,0.7653489068583408
Tox21,avg,0.5,1,16,200,16,16,0.0,test,server,0,32,693,725,True,0.8007756132756132
Tox21,avg,0.5,1,16,200,16,16,0.0,test,server,1,33,646,679,True,0.8601651186790505
Tox21,avg,0.5,1,16,200,16,16,0.0,test,server,2,77,572,649,True,0.8088275361002634
Tox21,avg,0.5,1,16,200,16,16,0.0,test,server,3,38,538,576,True,0.717618861279593
Tox21,avg,0.5,1,16,200,16,16,0.0,test,server,4,80,531,611,True,0.6905838041431261
Tox21,avg,0.5,1,16,200,16,16,0.0,test,server,5,34,647,681,True,0.7457496136012364
Tox21,avg,0.5,1,16,200,16,16,0.0,test,server,6,21,617,638,True,0.688199428880142
Tox21,avg,0.5,1,16,200,16,16,0.0,test,server,7,95,494,589,True,0.7448327295972726
Tox21,avg,0.5,1,16,200,16,16,0.0,test,server,8,32,670,702,True,0.7377332089552239
Tox21,avg,0.5,1,16,200,16,16,0.0,test,server,9,36,621,657,True,0.6238146358919305
Tox21,avg,0.5,1,16,200,16,16,0.0,test,server,10,93,485,578,True,0.8189557698703027
Tox21,avg,0.5,1,16,200,16,16,0.0,test,server,11,48,624,672,True,0.7297676282051282
Tox21,avg,0.5,1,16,200,16,16,0.0,test,client_0,0,32,693,725,True,0.8063672438672438
Tox21,avg,0.5,1,16,200,16,16,0.0,test,client_0,1,33,646,679,True,0.8506895581198988
Tox21,avg,0.5,1,16,200,16,16,0.0,test,client_0,2,77,572,649,True,0.8144809735718825
Tox21,avg,0.5,1,16,200,16,16,0.0,test,client_0,3,38,538,576,True,0.7156133828996283
Tox21,avg,0.5,1,16,200,16,16,0.0,test,client_0,4,80,531,611,True,0.6665018832391713
Tox21,avg,0.5,1,16,200,16,16,0.0,test,client_0,5,34,647,681,True,0.736794254023093
Tox21,avg,0.5,1,16,200,16,16,0.0,test,client_0,6,21,617,638,True,0.646677471636953
Tox21,avg,0.5,1,16,200,16,16,0.0,test,client_0,7,95,494,589,True,0.7470274877477093
Tox21,avg,0.5,1,16,200,16,16,0.0,test,client_0,8,32,670,702,True,0.7277518656716417
Tox21,avg,0.5,1,16,200,16,16,0.0,test,client_0,9,36,621,657,True,0.659330828412954
Tox21,avg,0.5,1,16,200,16,16,0.0,test,client_0,10,93,485,578,True,0.8160514355392973
Tox21,avg,0.5,1,16,200,16,16,0.0,test,client_0,11,48,624,672,True,0.7134415064102565
Tox21,avg,0.5,1,16,200,16,16,0.0,test,client_1,0,32,693,725,True,0.7946428571428572
Tox21,avg,0.5,1,16,200,16,16,0.0,test,client_1,1,33,646,679,True,0.8447790599493387
Tox21,avg,0.5,1,16,200,16,16,0.0,test,client_1,2,77,572,649,True,0.8055807828535101
Tox21,avg,0.5,1,16,200,16,16,0.0,test,client_1,3,38,538,576,True,0.7169340637839953
Tox21,avg,0.5,1,16,200,16,16,0.0,test,client_1,4,80,531,611,True,0.6835922787193974
Tox21,avg,0.5,1,16,200,16,16,0.0,test,client_1,5,34,647,681,True,0.737430675515956
Tox21,avg,0.5,1,16,200,16,16,0.0,test,client_1,6,21,617,638,True,0.6623446785521341
Tox21,avg,0.5,1,16,200,16,16,0.0,test,client_1,7,95,494,589,True,0.7391434050713829
Tox21,avg,0.5,1,16,200,16,16,0.0,test,client_1,8,32,670,702,True,0.7299440298507462
Tox21,avg,0.5,1,16,200,16,16,0.0,test,client_1,9,36,621,657,True,0.6153157988906781
Tox21,avg,0.5,1,16,200,16,16,0.0,test,client_1,10,93,485,578,True,0.8083361046447178
Tox21,avg,0.5,1,16,200,16,16,0.0,test,client_1,11,48,624,672,True,0.7241920405982906
Tox21,avg,0.5,1,16,200,16,16,0.0,test,client_2,0,32,693,725,True,0.803255772005772
Tox21,avg,0.5,1,16,200,16,16,0.0,test,client_2,1,33,646,679,True,0.8561778778497044
Tox21,avg,0.5,1,16,200,16,16,0.0,test,client_2,2,77,572,649,True,0.7972255017709562
Tox21,avg,0.5,1,16,200,16,16,0.0,test,client_2,3,38,538,576,True,0.695754255527294
Tox21,avg,0.5,1,16,200,16,16,0.0,test,client_2,4,80,531,611,True,0.6891478342749529
Tox21,avg,0.5,1,16,200,16,16,0.0,test,client_2,5,34,647,681,True,0.7237476134194017
Tox21,avg,0.5,1,16,200,16,16,0.0,test,client_2,6,21,617,638,True,0.7059504514934013
Tox21,avg,0.5,1,16,200,16,16,0.0,test,client_2,7,95,494,589,True,0.7375026635414448
Tox21,avg,0.5,1,16,200,16,16,0.0,test,client_2,8,32,670,702,True,0.7386660447761195
Tox21,avg,0.5,1,16,200,16,16,0.0,test,client_2,9,36,621,657,True,0.6082930756843801
Tox21,avg,0.5,1,16,200,16,16,0.0,test,client_2,10,93,485,578,True,0.8068285112515241
Tox21,avg,0.5,1,16,200,16,16,0.0,test,client_2,11,48,624,672,True,0.7142427884615385
Tox21,avg,0.5,1,16,200,16,16,0.0,test,client_3,0,32,693,725,True,0.7830988455988456
Tox21,avg,0.5,1,16,200,16,16,0.0,test,client_3,1,33,646,679,True,0.8581949526221971
Tox21,avg,0.5,1,16,200,16,16,0.0,test,client_3,2,77,572,649,True,0.8026064844246662
Tox21,avg,0.5,1,16,200,16,16,0.0,test,client_3,3,38,538,576,True,0.69311289375856
Tox21,avg,0.5,1,16,200,16,16,0.0,test,client_3,4,80,531,611,True,0.6917372881355932
Tox21,avg,0.5,1,16,200,16,16,0.0,test,client_3,5,34,647,681,True,0.7537503409400854
Tox21,avg,0.5,1,16,200,16,16,0.0,test,client_3,6,21,617,638,True,0.6857297213861233
Tox21,avg,0.5,1,16,200,16,16,0.0,test,client_3,7,95,494,589,True,0.7261666311527807
Tox21,avg,0.5,1,16,200,16,16,0.0,test,client_3,8,32,670,702,True,0.7161380597014926
Tox21,avg,0.5,1,16,200,16,16,0.0,test,client_3,9,36,621,657,True,0.5915190552871712
Tox21,avg,0.5,1,16,200,16,16,0.0,test,client_3,10,93,485,578,True,0.8007316262055204
Tox21,avg,0.5,1,16,200,16,16,0.0,test,client_3,11,48,624,672,True,0.7119724893162394
Tox21,avg,0.5,1,17,200,16,16,0.0,val,server,0,31,696,727,True,0.7879124953652206
Tox21,avg,0.5,1,17,200,16,16,0.0,val,server,1,23,652,675,True,0.7810749533208856
Tox21,avg,0.5,1,17,200,16,16,0.0,val,server,2,74,567,641,True,0.8449878449878451
Tox21,avg,0.5,1,17,200,16,16,0.0,val,server,3,19,546,565,True,0.7778099093888567
Tox21,avg,0.5,1,17,200,16,16,0.0,val,server,4,82,541,623,True,0.6955727875208513
Tox21,avg,0.5,1,17,200,16,16,0.0,val,server,5,30,657,687,True,0.7593607305936073
Tox21,avg,0.5,1,17,200,16,16,0.0,val,server,6,21,612,633,True,0.6331310301898537
Tox21,avg,0.5,1,17,200,16,16,0.0,val,server,7,96,492,588,True,0.7014524051490514
Tox21,avg,0.5,1,17,200,16,16,0.0,val,server,8,30,677,707,True,0.7559330379123584
Tox21,avg,0.5,1,17,200,16,16,0.0,val,server,9,45,603,648,True,0.6082918739635157
Tox21,avg,0.5,1,17,200,16,16,0.0,val,server,10,92,495,587,True,0.8650197628458498
Tox21,avg,0.5,1,17,200,16,16,0.0,val,server,11,42,636,678,True,0.780884995507637
Tox21,avg,0.5,1,17,200,16,16,0.0,val,client_0,0,31,696,727,True,0.7615406006674083
Tox21,avg,0.5,1,17,200,16,16,0.0,val,client_0,1,23,652,675,True,0.7705388103494265
Tox21,avg,0.5,1,17,200,16,16,0.0,val,client_0,2,74,567,641,True,0.8475141808475142
Tox21,avg,0.5,1,17,200,16,16,0.0,val,client_0,3,19,546,565,True,0.7379988432620012
Tox21,avg,0.5,1,17,200,16,16,0.0,val,client_0,4,82,541,623,True,0.6711374599882783
Tox21,avg,0.5,1,17,200,16,16,0.0,val,client_0,5,30,657,687,True,0.7500253678335871
Tox21,avg,0.5,1,17,200,16,16,0.0,val,client_0,6,21,612,633,True,0.6317304699657642
Tox21,avg,0.5,1,17,200,16,16,0.0,val,client_0,7,96,492,588,True,0.7128429878048781
Tox21,avg,0.5,1,17,200,16,16,0.0,val,client_0,8,30,677,707,True,0.7512555391432791
Tox21,avg,0.5,1,17,200,16,16,0.0,val,client_0,9,45,603,648,True,0.6274553160125299
Tox21,avg,0.5,1,17,200,16,16,0.0,val,client_0,10,92,495,587,True,0.8493851559068951
Tox21,avg,0.5,1,17,200,16,16,0.0,val,client_0,11,42,636,678,True,0.7703279424977539
Tox21,avg,0.5,1,17,200,16,16,0.0,val,client_1,0,31,696,727,True,0.7134779384501297
Tox21,avg,0.5,1,17,200,16,16,0.0,val,client_1,1,23,652,675,True,0.6759802614030408
Tox21,avg,0.5,1,17,200,16,16,0.0,val,client_1,2,74,567,641,True,0.8207969874636541
Tox21,avg,0.5,1,17,200,16,16,0.0,val,client_1,3,19,546,565,True,0.7550607287449392
Tox21,avg,0.5,1,17,200,16,16,0.0,val,client_1,4,82,541,623,True,0.6572066182769037
Tox21,avg,0.5,1,17,200,16,16,0.0,val,client_1,5,30,657,687,True,0.7291730086250634
Tox21,avg,0.5,1,17,200,16,16,0.0,val,client_1,6,21,612,633,True,0.5791316526610644
Tox21,avg,0.5,1,17,200,16,16,0.0,val,client_1,7,96,492,588,True,0.6921578590785908
Tox21,avg,0.5,1,17,200,16,16,0.0,val,client_1,8,30,677,707,True,0.7505169867060562
Tox21,avg,0.5,1,17,200,16,16,0.0,val,client_1,9,45,603,648,True,0.61466740372213
Tox21,avg,0.5,1,17,200,16,16,0.0,val,client_1,10,92,495,587,True,0.8697408871321914
Tox21,avg,0.5,1,17,200,16,16,0.0,val,client_1,11,42,636,678,True,0.7749700509134471
Tox21,avg,0.5,1,17,200,16,16,0.0,val,client_2,0,31,696,727,True,0.810483870967742
Tox21,avg,0.5,1,17,200,16,16,0.0,val,client_2,1,23,652,675,True,0.8086823152840757
Tox21,avg,0.5,1,17,200,16,16,0.0,val,client_2,2,74,567,641,True,0.8277324943991611
Tox21,avg,0.5,1,17,200,16,16,0.0,val,client_2,3,19,546,565,True,0.7924619240408715
Tox21,avg,0.5,1,17,200,16,16,0.0,val,client_2,4,82,541,623,True,0.699292187006898
Tox21,avg,0.5,1,17,200,16,16,0.0,val,client_2,5,30,657,687,True,0.7737189244038559
Tox21,avg,0.5,1,17,200,16,16,0.0,val,client_2,6,21,612,633,True,0.6482259570494864
Tox21,avg,0.5,1,17,200,16,16,0.0,val,client_2,7,96,492,588,True,0.7005843495934959
Tox21,avg,0.5,1,17,200,16,16,0.0,val,client_2,8,30,677,707,True,0.7520433284096504
Tox21,avg,0.5,1,17,200,16,16,0.0,val,client_2,9,45,603,648,True,0.5925188870462502
Tox21,avg,0.5,1,17,200,16,16,0.0,val,client_2,10,92,495,587,True,0.8541501976284586
Tox21,avg,0.5,1,17,200,16,16,0.0,val,client_2,11,42,636,678,True,0.7845163222521712
Tox21,avg,0.5,1,17,200,16,16,0.0,val,client_3,0,31,696,727,True,0.7881905821282906
Tox21,avg,0.5,1,17,200,16,16,0.0,val,client_3,1,23,652,675,True,0.7868765004001067
Tox21,avg,0.5,1,17,200,16,16,0.0,val,client_3,2,74,567,641,True,0.8396968396968397
Tox21,avg,0.5,1,17,200,16,16,0.0,val,client_3,3,19,546,565,True,0.7608444187391555
Tox21,avg,0.5,1,17,200,16,16,0.0,val,client_3,4,82,541,623,True,0.6942428204319013
Tox21,avg,0.5,1,17,200,16,16,0.0,val,client_3,5,30,657,687,True,0.758650431253171
Tox21,avg,0.5,1,17,200,16,16,0.0,val,client_3,6,21,612,633,True,0.6159352629940864
Tox21,avg,0.5,1,17,200,16,16,0.0,val,client_3,7,96,492,588,True,0.6868436653116531
Tox21,avg,0.5,1,17,200,16,16,0.0,val,client_3,8,30,677,707,True,0.7526341703594288
Tox21,avg,0.5,1,17,200,16,16,0.0,val,client_3,9,45,603,648,True,0.6047908605122535
Tox21,avg,0.5,1,17,200,16,16,0.0,val,client_3,10,92,495,587,True,0.8540843214756259
Tox21,avg,0.5,1,17,200,16,16,0.0,val,client_3,11,42,636,678,True,0.7668089248277927
Tox21,avg,0.5,1,17,200,16,16,0.0,test,server,0,32,693,725,True,0.8037968975468975
Tox21,avg,0.5,1,17,200,16,16,0.0,test,server,1,33,646,679,True,0.8655127122619383
Tox21,avg,0.5,1,17,200,16,16,0.0,test,server,2,77,572,649,True,0.8149577695032241
Tox21,avg,0.5,1,17,200,16,16,0.0,test,server,3,38,538,576,True,0.7177656036000782
Tox21,avg,0.5,1,17,200,16,16,0.0,test,server,4,80,531,611,True,0.6915254237288135
Tox21,avg,0.5,1,17,200,16,16,0.0,test,server,5,34,647,681,True,0.7539776343303937
Tox21,avg,0.5,1,17,200,16,16,0.0,test,server,6,21,617,638,True,0.6897429960639037
Tox21,avg,0.5,1,17,200,16,16,0.0,test,server,7,95,494,589,True,0.7440869379927552
Tox21,avg,0.5,1,17,200,16,16,0.0,test,server,8,32,670,702,True,0.7455690298507462
Tox21,avg,0.5,1,17,200,16,16,0.0,test,server,9,36,621,657,True,0.6256933261764179
Tox21,avg,0.5,1,17,200,16,16,0.0,test,server,10,93,485,578,True,0.818157632191553
Tox21,avg,0.5,1,17,200,16,16,0.0,test,server,11,48,624,672,True,0.7375467414529915
Tox21,avg,0.5,1,17,200,16,16,0.0,test,client_0,0,32,693,725,True,0.7944173881673882
Tox21,avg,0.5,1,17,200,16,16,0.0,test,client_0,1,33,646,679,True,0.8595083966600994
Tox21,avg,0.5,1,17,200,16,16,0.0,test,client_0,2,77,572,649,True,0.8241758241758242
Tox21,avg,0.5,1,17,200,16,16,0.0,test,client_0,3,38,538,576,True,0.715809039326942
Tox21,avg,0.5,1,17,200,16,16,0.0,test,client_0,4,80,531,611,True,0.660310734463277
Tox21,avg,0.5,1,17,200,16,16,0.0,test,client_0,5,34,647,681,True,0.7379761796526957
Tox21,avg,0.5,1,17,200,16,16,0.0,test,client_0,6,21,617,638,True,0.6646600293277765
Tox21,avg,0.5,1,17,200,16,16,0.0,test,client_0,7,95,494,589,True,0.7527807372682719
Tox21,avg,0.5,1,17,200,16,16,0.0,test,client_0,8,32,670,702,True,0.7591417910447761
Tox21,avg,0.5,1,17,200,16,16,0.0,test,client_0,9,36,621,657,True,0.6610305958132044
Tox21,avg,0.5,1,17,200,16,16,0.0,test,client_0,10,93,485,578,True,0.8079148653142667
Tox21,avg,0.5,1,17,200,16,16,0.0,test,client_0,11,48,624,672,True,0.7468282585470086
Tox21,avg,0.5,1,17,200,16,16,0.0,test,client_1,0,32,693,725,True,0.7551406926406927
Tox21,avg,0.5,1,17,200,16,16,0.0,test,client_1,1,33,646,679,True,0.8021859461487943
Tox21,avg,0.5,1,17,200,16,16,0.0,test,client_1,2,77,572,649,True,0.7972027972027972
Tox21,avg,0.5,1,17,200,16,16,0.0,test,client_1,3,38,538,576,True,0.7120426531011544
Tox21,avg,0.5,1,17,200,16,16,0.0,test,client_1,4,80,531,611,True,0.6609698681732581
Tox21,avg,0.5,1,17,200,16,16,0.0,test,client_1,5,34,647,681,True,0.7188835348668061
Tox21,avg,0.5,1,17,200,16,16,0.0,test,client_1,6,21,617,638,True,0.6612641815235007
Tox21,avg,0.5,1,17,200,16,16,0.0,test,client_1,7,95,494,589,True,0.7193905817174515
Tox21,avg,0.5,1,17,200,16,16,0.0,test,client_1,8,32,670,702,True,0.7348414179104478
Tox21,avg,0.5,1,17,200,16,16,0.0,test,client_1,9,36,621,657,True,0.6185364108069421
Tox21,avg,0.5,1,17,200,16,16,0.0,test,client_1,10,93,485,578,True,0.8049218490189558
Tox21,avg,0.5,1,17,200,16,16,0.0,test,client_1,11,48,624,672,True,0.712406517094017
Tox21,avg,0.5,1,17,200,16,16,0.0,test,client_2,0,32,693,725,True,0.8009559884559885
Tox21,avg,0.5,1,17,200,16,16,0.0,test,client_2,1,33,646,679,True,0.8642461769396753
Tox21,avg,0.5,1,17,200,16,16,0.0,test,client_2,2,77,572,649,True,0.7984288438833893
Tox21,avg,0.5,1,17,200,16,16,0.0,test,client_2,3,38,538,576,True,0.7056349051066327
Tox21,avg,0.5,1,17,200,16,16,0.0,test,client_2,4,80,531,611,True,0.690183615819209
Tox21,avg,0.5,1,17,200,16,16,0.0,test,client_2,5,34,647,681,True,0.7476588780798253
Tox21,avg,0.5,1,17,200,16,16,0.0,test,client_2,6,21,617,638,True,0.6918268117619819
Tox21,avg,0.5,1,17,200,16,16,0.0,test,client_2,7,95,494,589,True,0.7379075218410398
Tox21,avg,0.5,1,17,200,16,16,0.0,test,client_2,8,32,670,702,True,0.7262126865671642
Tox21,avg,0.5,1,17,200,16,16,0.0,test,client_2,9,36,621,657,True,0.6032385042046877
Tox21,avg,0.5,1,17,200,16,16,0.0,test,client_2,10,93,485,578,True,0.8043232457598936
Tox21,avg,0.5,1,17,200,16,16,0.0,test,client_2,11,48,624,672,True,0.718082264957265
Tox21,avg,0.5,1,17,200,16,16,0.0,test,client_3,0,32,693,725,True,0.7940566378066378
Tox21,avg,0.5,1,17,200,16,16,0.0,test,client_3,1,33,646,679,True,0.8528942677549488
Tox21,avg,0.5,1,17,200,16,16,0.0,test,client_3,2,77,572,649,True,0.8131186994823358
Tox21,avg,0.5,1,17,200,16,16,0.0,test,client_3,3,38,538,576,True,0.6956075132068089
Tox21,avg,0.5,1,17,200,16,16,0.0,test,client_3,4,80,531,611,True,0.6993644067796609
Tox21,avg,0.5,1,17,200,16,16,0.0,test,client_3,5,34,647,681,True,0.7505682334757706
Tox21,avg,0.5,1,17,200,16,16,0.0,test,client_3,6,21,617,638,True,0.6944508759743768
Tox21,avg,0.5,1,17,200,16,16,0.0,test,client_3,7,95,494,589,True,0.7225868314510973
Tox21,avg,0.5,1,17,200,16,16,0.0,test,client_3,8,32,670,702,True,0.728964552238806
Tox21,avg,0.5,1,17,200,16,16,0.0,test,client_3,9,36,621,657,True,0.5988996242619431
Tox21,avg,0.5,1,17,200,16,16,0.0,test,client_3,10,93,485,578,True,0.810930052100654
Tox21,avg,0.5,1,17,200,16,16,0.0,test,client_3,11,48,624,672,True,0.7179821047008547
Tox21,avg,0.5,1,18,200,16,16,0.0,val,server,0,31,696,727,True,0.7812847608453838
Tox21,avg,0.5,1,18,200,16,16,0.0,val,server,1,23,652,675,True,0.7806081621765805
Tox21,avg,0.5,1,18,200,16,16,0.0,val,server,2,74,567,641,True,0.8460841794175128
Tox21,avg,0.5,1,18,200,16,16,0.0,val,server,3,19,546,565,True,0.7892808945440524
Tox21,avg,0.5,1,18,200,16,16,0.0,val,server,4,82,541,623,True,0.6899373337541139
Tox21,avg,0.5,1,18,200,16,16,0.0,val,server,5,30,657,687,True,0.7563165905631659
Tox21,avg,0.5,1,18,200,16,16,0.0,val,server,6,21,612,633,True,0.6281512605042017
Tox21,avg,0.5,1,18,200,16,16,0.0,val,server,7,96,492,588,True,0.7036543021680215
Tox21,avg,0.5,1,18,200,16,16,0.0,val,server,8,30,677,707,True,0.7522895125553913
Tox21,avg,0.5,1,18,200,16,16,0.0,val,server,9,45,603,648,True,0.6178367422148516
Tox21,avg,0.5,1,18,200,16,16,0.0,val,server,10,92,495,587,True,0.8702020202020201
Tox21,avg,0.5,1,18,200,16,16,0.0,val,server,11,42,636,678,True,0.7811844863731656
Tox21,avg,0.5,1,18,200,16,16,0.0,val,client_0,0,31,696,727,True,0.7725250278086763
Tox21,avg,0.5,1,18,200,16,16,0.0,val,client_0,1,23,652,675,True,0.7773406241664444
Tox21,avg,0.5,1,18,200,16,16,0.0,val,client_0,2,74,567,641,True,0.8381000047666716
Tox21,avg,0.5,1,18,200,16,16,0.0,val,client_0,3,19,546,565,True,0.7811837285521496
Tox21,avg,0.5,1,18,200,16,16,0.0,val,client_0,4,82,541,623,True,0.6656147152968759
Tox21,avg,0.5,1,18,200,16,16,0.0,val,client_0,5,30,657,687,True,0.7332318619989853
Tox21,avg,0.5,1,18,200,16,16,0.0,val,client_0,6,21,612,633,True,0.6136788048552755
Tox21,avg,0.5,1,18,200,16,16,0.0,val,client_0,7,96,492,588,True,0.6985306571815718
Tox21,avg,0.5,1,18,200,16,16,0.0,val,client_0,8,30,677,707,True,0.729837518463811
Tox21,avg,0.5,1,18,200,16,16,0.0,val,client_0,9,45,603,648,True,0.6326147042564954
Tox21,avg,0.5,1,18,200,16,16,0.0,val,client_0,10,92,495,587,True,0.8536231884057971
Tox21,avg,0.5,1,18,200,16,16,0.0,val,client_0,11,42,636,678,True,0.7610437256663671
Tox21,avg,0.5,1,18,200,16,16,0.0,val,client_1,0,31,696,727,True,0.7730812013348165
Tox21,avg,0.5,1,18,200,16,16,0.0,val,client_1,1,23,652,675,True,0.7415310749533209
Tox21,avg,0.5,1,18,200,16,16,0.0,val,client_1,2,74,567,641,True,0.8257304923971591
Tox21,avg,0.5,1,18,200,16,16,0.0,val,client_1,3,19,546,565,True,0.7552535184114131
Tox21,avg,0.5,1,18,200,16,16,0.0,val,client_1,4,82,541,623,True,0.6732113069744374
Tox21,avg,0.5,1,18,200,16,16,0.0,val,client_1,5,30,657,687,True,0.7376966007102994
Tox21,avg,0.5,1,18,200,16,16,0.0,val,client_1,6,21,612,633,True,0.6068316215375038
Tox21,avg,0.5,1,18,200,16,16,0.0,val,client_1,7,96,492,588,True,0.6984036246612466
Tox21,avg,0.5,1,18,200,16,16,0.0,val,client_1,8,30,677,707,True,0.7461349089118662
Tox21,avg,0.5,1,18,200,16,16,0.0,val,client_1,9,45,603,648,True,0.6096922793440207
Tox21,avg,0.5,1,18,200,16,16,0.0,val,client_1,10,92,495,587,True,0.8794027228809836
Tox21,avg,0.5,1,18,200,16,16,0.0,val,client_1,11,42,636,678,True,0.7805480682839174
Tox21,avg,0.5,1,18,200,16,16,0.0,val,client_2,0,31,696,727,True,0.8004263997033741
Tox21,avg,0.5,1,18,200,16,16,0.0,val,client_2,1,23,652,675,True,0.8089490530808215
Tox21,avg,0.5,1,18,200,16,16,0.0,val,client_2,2,74,567,641,True,0.8204633204633205
Tox21,avg,0.5,1,18,200,16,16,0.0,val,client_2,3,19,546,565,True,0.7928475033738192
Tox21,avg,0.5,1,18,200,16,16,0.0,val,client_2,4,82,541,623,True,0.6932960641990893
Tox21,avg,0.5,1,18,200,16,16,0.0,val,client_2,5,30,657,687,True,0.7810248604769153
Tox21,avg,0.5,1,18,200,16,16,0.0,val,client_2,6,21,612,633,True,0.6427793339558046
Tox21,avg,0.5,1,18,200,16,16,0.0,val,client_2,7,96,492,588,True,0.6955453929539295
Tox21,avg,0.5,1,18,200,16,16,0.0,val,client_2,8,30,677,707,True,0.758493353028065
Tox21,avg,0.5,1,18,200,16,16,0.0,val,client_2,9,45,603,648,True,0.5973834531048462
Tox21,avg,0.5,1,18,200,16,16,0.0,val,client_2,10,92,495,587,True,0.8512736056214317
Tox21,avg,0.5,1,18,200,16,16,0.0,val,client_2,11,42,636,678,True,0.7832060497154837
Tox21,avg,0.5,1,18,200,16,16,0.0,val,client_3,0,31,696,727,True,0.7736373748609566
Tox21,avg,0.5,1,18,200,16,16,0.0,val,client_3,1,23,652,675,True,0.7912776740464124
Tox21,avg,0.5,1,18,200,16,16,0.0,val,client_3,2,74,567,641,True,0.8423661756995091
Tox21,avg,0.5,1,18,200,16,16,0.0,val,client_3,3,19,546,565,True,0.7528436475804897
Tox21,avg,0.5,1,18,200,16,16,0.0,val,client_3,4,82,541,623,True,0.6879311122131555
Tox21,avg,0.5,1,18,200,16,16,0.0,val,client_3,5,30,657,687,True,0.7660578386605783
Tox21,avg,0.5,1,18,200,16,16,0.0,val,client_3,6,21,612,633,True,0.6318860877684407
Tox21,avg,0.5,1,18,200,16,16,0.0,val,client_3,7,96,492,588,True,0.6926871612466126
Tox21,avg,0.5,1,18,200,16,16,0.0,val,client_3,8,30,677,707,True,0.7509108813392418
Tox21,avg,0.5,1,18,200,16,16,0.0,val,client_3,9,45,603,648,True,0.5984521835268104
Tox21,avg,0.5,1,18,200,16,16,0.0,val,client_3,10,92,495,587,True,0.8549626701800616
Tox21,avg,0.5,1,18,200,16,16,0.0,val,client_3,11,42,636,678,True,0.7657981431566335
Tox21,avg,0.5,1,18,200,16,16,0.0,test,server,0,32,693,725,True,0.8004148629148629
Tox21,avg,0.5,1,18,200,16,16,0.0,test,server,1,33,646,679,True,0.862135284735904
Tox21,avg,0.5,1,18,200,16,16,0.0,test,server,2,77,572,649,True,0.812732721823631
Tox21,avg,0.5,1,18,200,16,16,0.0,test,server,3,38,538,576,True,0.725249461944825
Tox21,avg,0.5,1,18,200,16,16,0.0,test,server,4,80,531,611,True,0.6919256120527306
Tox21,avg,0.5,1,18,200,16,16,0.0,test,server,5,34,647,681,True,0.760660060005455
Tox21,avg,0.5,1,18,200,16,16,0.0,test,server,6,21,617,638,True,0.6895114609863394
Tox21,avg,0.5,1,18,200,16,16,0.0,test,server,7,95,494,589,True,0.7470061794161518
Tox21,avg,0.5,1,18,200,16,16,0.0,test,server,8,32,670,702,True,0.7512126865671642
Tox21,avg,0.5,1,18,200,16,16,0.0,test,server,9,36,621,657,True,0.6392467346573627
Tox21,avg,0.5,1,18,200,16,16,0.0,test,server,10,93,485,578,True,0.819798248531205
Tox21,avg,0.5,1,18,200,16,16,0.0,test,server,11,48,624,672,True,0.7400173611111112
Tox21,avg,0.5,1,18,200,16,16,0.0,test,client_0,0,32,693,725,True,0.7962662337662338
Tox21,avg,0.5,1,18,200,16,16,0.0,test,client_0,1,33,646,679,True,0.8574913218876068
Tox21,avg,0.5,1,18,200,16,16,0.0,test,client_0,2,77,572,649,True,0.8180909999091817
Tox21,avg,0.5,1,18,200,16,16,0.0,test,client_0,3,38,538,576,True,0.7315593817256896
Tox21,avg,0.5,1,18,200,16,16,0.0,test,client_0,4,80,531,611,True,0.6650423728813559
Tox21,avg,0.5,1,18,200,16,16,0.0,test,client_0,5,34,647,681,True,0.7529775434130375
Tox21,avg,0.5,1,18,200,16,16,0.0,test,client_0,6,21,617,638,True,0.6427413753183607
Tox21,avg,0.5,1,18,200,16,16,0.0,test,client_0,7,95,494,589,True,0.7437886213509481
Tox21,avg,0.5,1,18,200,16,16,0.0,test,client_0,8,32,670,702,True,0.7405317164179105
Tox21,avg,0.5,1,18,200,16,16,0.0,test,client_0,9,36,621,657,True,0.6706477008409375
Tox21,avg,0.5,1,18,200,16,16,0.0,test,client_0,10,93,485,578,True,0.8206185567010309
Tox21,avg,0.5,1,18,200,16,16,0.0,test,client_0,11,48,624,672,True,0.7445579594017093
Tox21,avg,0.5,1,18,200,16,16,0.0,test,client_1,0,32,693,725,True,0.7952290764790765
Tox21,avg,0.5,1,18,200,16,16,0.0,test,client_1,1,33,646,679,True,0.8361947649873347
Tox21,avg,0.5,1,18,200,16,16,0.0,test,client_1,2,77,572,649,True,0.7976341839978204
Tox21,avg,0.5,1,18,200,16,16,0.0,test,client_1,3,38,538,576,True,0.7303854431618079
Tox21,avg,0.5,1,18,200,16,16,0.0,test,client_1,4,80,531,611,True,0.6855461393596987
Tox21,avg,0.5,1,18,200,16,16,0.0,test,client_1,5,34,647,681,True,0.7572961178288935
Tox21,avg,0.5,1,18,200,16,16,0.0,test,client_1,6,21,617,638,True,0.6455197962491318
Tox21,avg,0.5,1,18,200,16,16,0.0,test,client_1,7,95,494,589,True,0.7328574472618793
Tox21,avg,0.5,1,18,200,16,16,0.0,test,client_1,8,32,670,702,True,0.7333955223880596
Tox21,avg,0.5,1,18,200,16,16,0.0,test,client_1,9,36,621,657,True,0.6306584362139918
Tox21,avg,0.5,1,18,200,16,16,0.0,test,client_1,10,93,485,578,True,0.8122602815652368
Tox21,avg,0.5,1,18,200,16,16,0.0,test,client_1,11,48,624,672,True,0.7221554487179488
Tox21,avg,0.5,1,18,200,16,16,0.0,test,client_2,0,32,693,725,True,0.794417388167388
Tox21,avg,0.5,1,18,200,16,16,0.0,test,client_2,1,33,646,679,True,0.8577258654658035
Tox21,avg,0.5,1,18,200,16,16,0.0,test,client_2,2,77,572,649,True,0.7891880846426301
Tox21,avg,0.5,1,18,200,16,16,0.0,test,client_2,3,38,538,576,True,0.6969281940911759
Tox21,avg,0.5,1,18,200,16,16,0.0,test,client_2,4,80,531,611,True,0.6914077212806026
Tox21,avg,0.5,1,18,200,16,16,0.0,test,client_2,5,34,647,681,True,0.7358396217837985
Tox21,avg,0.5,1,18,200,16,16,0.0,test,client_2,6,21,617,638,True,0.7129736821795168
Tox21,avg,0.5,1,18,200,16,16,0.0,test,client_2,7,95,494,589,True,0.7387811634349031
Tox21,avg,0.5,1,18,200,16,16,0.0,test,client_2,8,32,670,702,True,0.7525652985074627
Tox21,avg,0.5,1,18,200,16,16,0.0,test,client_2,9,36,621,657,True,0.6135265700483091
Tox21,avg,0.5,1,18,200,16,16,0.0,test,client_2,10,93,485,578,True,0.8036359605365259
Tox21,avg,0.5,1,18,200,16,16,0.0,test,client_2,11,48,624,672,True,0.7059962606837608
Tox21,avg,0.5,1,18,200,16,16,0.0,test,client_3,0,32,693,725,True,0.792884199134199
Tox21,avg,0.5,1,18,200,16,16,0.0,test,client_3,1,33,646,679,True,0.8575382306032461
Tox21,avg,0.5,1,18,200,16,16,0.0,test,client_3,2,77,572,649,True,0.8147988375261102
Tox21,avg,0.5,1,18,200,16,16,0.0,test,client_3,3,38,538,576,True,0.6890530228918019
Tox21,avg,0.5,1,18,200,16,16,0.0,test,client_3,4,80,531,611,True,0.6962099811676082
Tox21,avg,0.5,1,18,200,16,16,0.0,test,client_3,5,34,647,681,True,0.7549322665696881
Tox21,avg,0.5,1,18,200,16,16,0.0,test,client_3,6,21,617,638,True,0.6997761827583545
Tox21,avg,0.5,1,18,200,16,16,0.0,test,client_3,7,95,494,589,True,0.7278926060089496
Tox21,avg,0.5,1,18,200,16,16,0.0,test,client_3,8,32,670,702,True,0.7254664179104477
Tox21,avg,0.5,1,18,200,16,16,0.0,test,client_3,9,36,621,657,True,0.6077115763106101
Tox21,avg,0.5,1,18,200,16,16,0.0,test,client_3,10,93,485,578,True,0.8086021505376345
Tox21,avg,0.5,1,18,200,16,16,0.0,test,client_3,11,48,624,672,True,0.7298344017094016
Tox21,avg,0.5,1,19,200,16,16,0.0,val,server,0,31,696,727,True,0.7888857990359659
Tox21,avg,0.5,1,19,200,16,16,0.0,val,server,1,23,652,675,True,0.7865430781541745
Tox21,avg,0.5,1,19,200,16,16,0.0,val,server,2,74,567,641,True,0.8416750083416751
Tox21,avg,0.5,1,19,200,16,16,0.0,val,server,3,19,546,565,True,0.7838827838827839
Tox21,avg,0.5,1,19,200,16,16,0.0,val,server,4,82,541,623,True,0.6963166674180605
Tox21,avg,0.5,1,19,200,16,16,0.0,val,server,5,30,657,687,True,0.7603754439370879
Tox21,avg,0.5,1,19,200,16,16,0.0,val,server,6,21,612,633,True,0.6435574229691876
Tox21,avg,0.5,1,19,200,16,16,0.0,val,server,7,96,492,588,True,0.7046282181571815
Tox21,avg,0.5,1,19,200,16,16,0.0,val,server,8,30,677,707,True,0.7538650910881339
Tox21,avg,0.5,1,19,200,16,16,0.0,val,server,9,45,603,648,True,0.612014004053805
Tox21,avg,0.5,1,19,200,16,16,0.0,val,server,10,92,495,587,True,0.8722002635046112
Tox21,avg,0.5,1,19,200,16,16,0.0,val,server,11,42,636,678,True,0.7826445043426175
Tox21,avg,0.5,1,19,200,16,16,0.0,val,client_0,0,31,696,727,True,0.7750741564701521
Tox21,avg,0.5,1,19,200,16,16,0.0,val,client_0,1,23,652,675,True,0.7768738330221393
Tox21,avg,0.5,1,19,200,16,16,0.0,val,client_0,2,74,567,641,True,0.8400781734115067
Tox21,avg,0.5,1,19,200,16,16,0.0,val,client_0,3,19,546,565,True,0.7465779834200887
Tox21,avg,0.5,1,19,200,16,16,0.0,val,client_0,4,82,541,623,True,0.6883368648843605
Tox21,avg,0.5,1,19,200,16,16,0.0,val,client_0,5,30,657,687,True,0.7553526128868594
Tox21,avg,0.5,1,19,200,16,16,0.0,val,client_0,6,21,612,633,True,0.6532057267351385
Tox21,avg,0.5,1,19,200,16,16,0.0,val,client_0,7,96,492,588,True,0.7018123306233062
Tox21,avg,0.5,1,19,200,16,16,0.0,val,client_0,8,30,677,707,True,0.7477597242737568
Tox21,avg,0.5,1,19,200,16,16,0.0,val,client_0,9,45,603,648,True,0.6153676064123825
Tox21,avg,0.5,1,19,200,16,16,0.0,val,client_0,10,92,495,587,True,0.8597935880544576
Tox21,avg,0.5,1,19,200,16,16,0.0,val,client_0,11,42,636,678,True,0.7695043426175502
Tox21,avg,0.5,1,19,200,16,16,0.0,val,client_1,0,31,696,727,True,0.7830459770114943
Tox21,avg,0.5,1,19,200,16,16,0.0,val,client_1,1,23,652,675,True,0.7521339023739665
Tox21,avg,0.5,1,19,200,16,16,0.0,val,client_1,2,74,567,641,True,0.8248963248963249
Tox21,avg,0.5,1,19,200,16,16,0.0,val,client_1,3,19,546,565,True,0.7267206477732794
Tox21,avg,0.5,1,19,200,16,16,0.0,val,client_1,4,82,541,623,True,0.6877958613227538
Tox21,avg,0.5,1,19,200,16,16,0.0,val,client_1,5,30,657,687,True,0.7503805175038052
Tox21,avg,0.5,1,19,200,16,16,0.0,val,client_1,6,21,612,633,True,0.6171023965141612
Tox21,avg,0.5,1,19,200,16,16,0.0,val,client_1,7,96,492,588,True,0.6987212059620597
Tox21,avg,0.5,1,19,200,16,16,0.0,val,client_1,8,30,677,707,True,0.7488921713441654
Tox21,avg,0.5,1,19,200,16,16,0.0,val,client_1,9,45,603,648,True,0.5911921872120878
Tox21,avg,0.5,1,19,200,16,16,0.0,val,client_1,10,92,495,587,True,0.8755379885814668
Tox21,avg,0.5,1,19,200,16,16,0.0,val,client_1,11,42,636,678,True,0.771451033243486
Tox21,avg,0.5,1,19,200,16,16,0.0,val,client_2,0,31,696,727,True,0.8096496106785318
Tox21,avg,0.5,1,19,200,16,16,0.0,val,client_2,1,23,652,675,True,0.8237530008002134
Tox21,avg,0.5,1,19,200,16,16,0.0,val,client_2,2,74,567,641,True,0.814409647742981
Tox21,avg,0.5,1,19,200,16,16,0.0,val,client_2,3,19,546,565,True,0.7970888760362445
Tox21,avg,0.5,1,19,200,16,16,0.0,val,client_2,4,82,541,623,True,0.6926874351922817
Tox21,avg,0.5,1,19,200,16,16,0.0,val,client_2,5,30,657,687,True,0.7823947234906139
Tox21,avg,0.5,1,19,200,16,16,0.0,val,client_2,6,21,612,633,True,0.6605197634609399
Tox21,avg,0.5,1,19,200,16,16,0.0,val,client_2,7,96,492,588,True,0.7012618563685638
Tox21,avg,0.5,1,19,200,16,16,0.0,val,client_2,8,30,677,707,True,0.7509601181683899
Tox21,avg,0.5,1,19,200,16,16,0.0,val,client_2,9,45,603,648,True,0.5977888336097291
Tox21,avg,0.5,1,19,200,16,16,0.0,val,client_2,10,92,495,587,True,0.8527448397013614
Tox21,avg,0.5,1,19,200,16,16,0.0,val,client_2,11,42,636,678,True,0.7844414495357892
Tox21,avg,0.5,1,19,200,16,16,0.0,val,client_3,0,31,696,727,True,0.7624675565443085
Tox21,avg,0.5,1,19,200,16,16,0.0,val,client_3,1,23,652,675,True,0.7901440384102427
Tox21,avg,0.5,1,19,200,16,16,0.0,val,client_3,2,74,567,641,True,0.831426664759998
Tox21,avg,0.5,1,19,200,16,16,0.0,val,client_3,3,19,546,565,True,0.7693271640640061
Tox21,avg,0.5,1,19,200,16,16,0.0,val,client_3,4,82,541,623,True,0.6812136513232045
Tox21,avg,0.5,1,19,200,16,16,0.0,val,client_3,5,30,657,687,True,0.7513952308472858
Tox21,avg,0.5,1,19,200,16,16,0.0,val,client_3,6,21,612,633,True,0.5881574852163087
Tox21,avg,0.5,1,19,200,16,16,0.0,val,client_3,7,96,492,588,True,0.6981919037940378
Tox21,avg,0.5,1,19,200,16,16,0.0,val,client_3,8,30,677,707,True,0.7341211225997046
Tox21,avg,0.5,1,19,200,16,16,0.0,val,client_3,9,45,603,648,True,0.6197530864197531
Tox21,avg,0.5,1,19,200,16,16,0.0,val,client_3,10,92,495,587,True,0.8591128678085199
Tox21,avg,0.5,1,19,200,16,16,0.0,val,client_3,11,42,636,678,True,0.7656483977238694
Tox21,avg,0.5,1,19,200,16,16,0.0,test,server,0,32,693,725,True,0.7995580808080808
Tox21,avg,0.5,1,19,200,16,16,0.0,test,server,1,33,646,679,True,0.8654658035462989
Tox21,avg,0.5,1,19,200,16,16,0.0,test,server,2,77,572,649,True,0.8153210425937699
Tox21,avg,0.5,1,19,200,16,16,0.0,test,server,3,38,538,576,True,0.7235863823126589
Tox21,avg,0.5,1,19,200,16,16,0.0,test,server,4,80,531,611,True,0.6944915254237288
Tox21,avg,0.5,1,19,200,16,16,0.0,test,server,5,34,647,681,True,0.7660696426947904
Tox21,avg,0.5,1,19,200,16,16,0.0,test,server,6,21,617,638,True,0.6901288878598442
Tox21,avg,0.5,1,19,200,16,16,0.0,test,server,7,95,494,589,True,0.7524398039633498
Tox21,avg,0.5,1,19,200,16,16,0.0,test,server,8,32,670,702,True,0.7511194029850746
Tox21,avg,0.5,1,19,200,16,16,0.0,test,server,9,36,621,657,True,0.6418411164787975
Tox21,avg,0.5,1,19,200,16,16,0.0,test,server,10,93,485,578,True,0.8219931271477663
Tox21,avg,0.5,1,19,200,16,16,0.0,test,server,11,48,624,672,True,0.7398838141025641
Tox21,avg,0.5,1,19,200,16,16,0.0,test,client_0,0,32,693,725,True,0.7949585137085137
Tox21,avg,0.5,1,19,200,16,16,0.0,test,client_0,1,33,646,679,True,0.8601182099634112
Tox21,avg,0.5,1,19,200,16,16,0.0,test,client_0,2,77,572,649,True,0.8248115520842794
Tox21,avg,0.5,1,19,200,16,16,0.0,test,client_0,3,38,538,576,True,0.7091567207982782
Tox21,avg,0.5,1,19,200,16,16,0.0,test,client_0,4,80,531,611,True,0.6663370998116761
Tox21,avg,0.5,1,19,200,16,16,0.0,test,client_0,5,34,647,681,True,0.7476588780798255
Tox21,avg,0.5,1,19,200,16,16,0.0,test,client_0,6,21,617,638,True,0.6640426024542718
Tox21,avg,0.5,1,19,200,16,16,0.0,test,client_0,7,95,494,589,True,0.7533986788834434
Tox21,avg,0.5,1,19,200,16,16,0.0,test,client_0,8,32,670,702,True,0.7448694029850746
Tox21,avg,0.5,1,19,200,16,16,0.0,test,client_0,9,36,621,657,True,0.6604490964394346
Tox21,avg,0.5,1,19,200,16,16,0.0,test,client_0,10,93,485,578,True,0.8170712781288105
Tox21,avg,0.5,1,19,200,16,16,0.0,test,client_0,11,48,624,672,True,0.7385149572649572
Tox21,avg,0.5,1,19,200,16,16,0.0,test,client_1,0,32,693,725,True,0.7992424242424242
Tox21,avg,0.5,1,19,200,16,16,0.0,test,client_1,1,33,646,679,True,0.8483910310535698
Tox21,avg,0.5,1,19,200,16,16,0.0,test,client_1,2,77,572,649,True,0.8145036781400418
Tox21,avg,0.5,1,19,200,16,16,0.0,test,client_1,3,38,538,576,True,0.7155155546859713
Tox21,avg,0.5,1,19,200,16,16,0.0,test,client_1,4,80,531,611,True,0.6888182674199623
Tox21,avg,0.5,1,19,200,16,16,0.0,test,client_1,5,34,647,681,True,0.7533866715155924
Tox21,avg,0.5,1,19,200,16,16,0.0,test,client_1,6,21,617,638,True,0.6502276761596049
Tox21,avg,0.5,1,19,200,16,16,0.0,test,client_1,7,95,494,589,True,0.7325165139569572
Tox21,avg,0.5,1,19,200,16,16,0.0,test,client_1,8,32,670,702,True,0.7272388059701492
Tox21,avg,0.5,1,19,200,16,16,0.0,test,client_1,9,36,621,657,True,0.6070853462157809
Tox21,avg,0.5,1,19,200,16,16,0.0,test,client_1,10,93,485,578,True,0.8118833832169383
Tox21,avg,0.5,1,19,200,16,16,0.0,test,client_1,11,48,624,672,True,0.7294003739316239
Tox21,avg,0.5,1,19,200,16,16,0.0,test,client_2,0,32,693,725,True,0.792027417027417
Tox21,avg,0.5,1,19,200,16,16,0.0,test,client_2,1,33,646,679,True,0.8645276292335117
Tox21,avg,0.5,1,19,200,16,16,0.0,test,client_2,2,77,572,649,True,0.7847833984197621
Tox21,avg,0.5,1,19,200,16,16,0.0,test,client_2,3,38,538,576,True,0.698982586577969
Tox21,avg,0.5,1,19,200,16,16,0.0,test,client_2,4,80,531,611,True,0.6885828625235404
Tox21,avg,0.5,1,19,200,16,16,0.0,test,client_2,5,34,647,681,True,0.7440676425129557
Tox21,avg,0.5,1,19,200,16,16,0.0,test,client_2,6,21,617,638,True,0.7085745157057961
Tox21,avg,0.5,1,19,200,16,16,0.0,test,client_2,7,95,494,589,True,0.7448327295972725
Tox21,avg,0.5,1,19,200,16,16,0.0,test,client_2,8,32,670,702,True,0.7485074626865671
Tox21,avg,0.5,1,19,200,16,16,0.0,test,client_2,9,36,621,657,True,0.6175970656646985
Tox21,avg,0.5,1,19,200,16,16,0.0,test,client_2,10,93,485,578,True,0.8053430883494068
Tox21,avg,0.5,1,19,200,16,16,0.0,test,client_2,11,48,624,672,True,0.7089009081196581
Tox21,avg,0.5,1,19,200,16,16,0.0,test,client_3,0,32,693,725,True,0.7927940115440115
Tox21,avg,0.5,1,19,200,16,16,0.0,test,client_3,1,33,646,679,True,0.8382118397598274
Tox21,avg,0.5,1,19,200,16,16,0.0,test,client_3,2,77,572,649,True,0.7920942693669966
Tox21,avg,0.5,1,19,200,16,16,0.0,test,client_3,3,38,538,576,True,0.7106730581099588
Tox21,avg,0.5,1,19,200,16,16,0.0,test,client_3,4,80,531,611,True,0.6997881355932204
Tox21,avg,0.5,1,19,200,16,16,0.0,test,client_3,5,34,647,681,True,0.7531593781252841
Tox21,avg,0.5,1,19,200,16,16,0.0,test,client_3,6,21,617,638,True,0.6802500578837694
Tox21,avg,0.5,1,19,200,16,16,0.0,test,client_3,7,95,494,589,True,0.7353718303856808
Tox21,avg,0.5,1,19,200,16,16,0.0,test,client_3,8,32,670,702,True,0.7568097014925373
Tox21,avg,0.5,1,19,200,16,16,0.0,test,client_3,9,36,621,657,True,0.628913938092682
Tox21,avg,0.5,1,19,200,16,16,0.0,test,client_3,10,93,485,578,True,0.8116173373240219
Tox21,avg,0.5,1,19,200,16,16,0.0,test,client_3,11,48,624,672,True,0.7128739316239316
Tox21,avg,0.5,1,20,200,16,16,0.0,val,server,0,31,696,727,True,0.7904616240266964
Tox21,avg,0.5,1,20,200,16,16,0.0,val,server,1,23,652,675,True,0.7850760202720726
Tox21,avg,0.5,1,20,200,16,16,0.0,val,server,2,74,567,641,True,0.8460603460603461
Tox21,avg,0.5,1,20,200,16,16,0.0,val,server,3,19,546,565,True,0.7827260458839407
Tox21,avg,0.5,1,20,200,16,16,0.0,val,server,4,82,541,623,True,0.694761282178441
Tox21,avg,0.5,1,20,200,16,16,0.0,val,server,5,30,657,687,True,0.7624556062912228
Tox21,avg,0.5,1,20,200,16,16,0.0,val,server,6,21,612,633,True,0.648615001556178
Tox21,avg,0.5,1,20,200,16,16,0.0,val,server,7,96,492,588,True,0.7071688685636855
Tox21,avg,0.5,1,20,200,16,16,0.0,val,server,8,30,677,707,True,0.7599704579025112
Tox21,avg,0.5,1,20,200,16,16,0.0,val,server,9,45,603,648,True,0.6185737976782753
Tox21,avg,0.5,1,20,200,16,16,0.0,val,server,10,92,495,587,True,0.8745937637241984
Tox21,avg,0.5,1,20,200,16,16,0.0,val,server,11,42,636,678,True,0.785826594788859
Tox21,avg,0.5,1,20,200,16,16,0.0,val,client_0,0,31,696,727,True,0.7702076381164257
Tox21,avg,0.5,1,20,200,16,16,0.0,val,client_0,1,23,652,675,True,0.7750066684449186
Tox21,avg,0.5,1,20,200,16,16,0.0,val,client_0,2,74,567,641,True,0.8465846799180132
Tox21,avg,0.5,1,20,200,16,16,0.0,val,client_0,3,19,546,565,True,0.7621939464044727
Tox21,avg,0.5,1,20,200,16,16,0.0,val,client_0,4,82,541,623,True,0.6836481673504352
Tox21,avg,0.5,1,20,200,16,16,0.0,val,client_0,5,30,657,687,True,0.745560629122273
Tox21,avg,0.5,1,20,200,16,16,0.0,val,client_0,6,21,612,633,True,0.6395113600995954
Tox21,avg,0.5,1,20,200,16,16,0.0,val,client_0,7,96,492,588,True,0.6995045731707318
Tox21,avg,0.5,1,20,200,16,16,0.0,val,client_0,8,30,677,707,True,0.7394879369768588
Tox21,avg,0.5,1,20,200,16,16,0.0,val,client_0,9,45,603,648,True,0.6295927768564585
Tox21,avg,0.5,1,20,200,16,16,0.0,val,client_0,10,92,495,587,True,0.8599472990777339
Tox21,avg,0.5,1,20,200,16,16,0.0,val,client_0,11,42,636,678,True,0.765423779574723
Tox21,avg,0.5,1,20,200,16,16,0.0,val,client_1,0,31,696,727,True,0.7721542454579162
Tox21,avg,0.5,1,20,200,16,16,0.0,val,client_1,1,23,652,675,True,0.7318618298212858
Tox21,avg,0.5,1,20,200,16,16,0.0,val,client_1,2,74,567,641,True,0.8204394871061538
Tox21,avg,0.5,1,20,200,16,16,0.0,val,client_1,3,19,546,565,True,0.7284557547715442
Tox21,avg,0.5,1,20,200,16,16,0.0,val,client_1,4,82,541,623,True,0.6819575312204139
Tox21,avg,0.5,1,20,200,16,16,0.0,val,client_1,5,30,657,687,True,0.749974632166413
Tox21,avg,0.5,1,20,200,16,16,0.0,val,client_1,6,21,612,633,True,0.6147681294740118
Tox21,avg,0.5,1,20,200,16,16,0.0,val,client_1,7,96,492,588,True,0.6999703590785908
Tox21,avg,0.5,1,20,200,16,16,0.0,val,client_1,8,30,677,707,True,0.7509601181683899
Tox21,avg,0.5,1,20,200,16,16,0.0,val,client_1,9,45,603,648,True,0.5970517781463055
Tox21,avg,0.5,1,20,200,16,16,0.0,val,client_1,10,92,495,587,True,0.8748353096179183
Tox21,avg,0.5,1,20,200,16,16,0.0,val,client_1,11,42,636,678,True,0.770440251572327
Tox21,avg,0.5,1,20,200,16,16,0.0,val,client_2,0,31,696,727,True,0.8140526510938079
Tox21,avg,0.5,1,20,200,16,16,0.0,val,client_2,1,23,652,675,True,0.8179514537209923
Tox21,avg,0.5,1,20,200,16,16,0.0,val,client_2,2,74,567,641,True,0.8212974879641546
Tox21,avg,0.5,1,20,200,16,16,0.0,val,client_2,3,19,546,565,True,0.7830152303836513
Tox21,avg,0.5,1,20,200,16,16,0.0,val,client_2,4,82,541,623,True,0.6882692394391596
Tox21,avg,0.5,1,20,200,16,16,0.0,val,client_2,5,30,657,687,True,0.7801116184677829
Tox21,avg,0.5,1,20,200,16,16,0.0,val,client_2,6,21,612,633,True,0.6711795829442888
Tox21,avg,0.5,1,20,200,16,16,0.0,val,client_2,7,96,492,588,True,0.7068089430894309
Tox21,avg,0.5,1,20,200,16,16,0.0,val,client_2,8,30,677,707,True,0.7743968488429346
Tox21,avg,0.5,1,20,200,16,16,0.0,val,client_2,9,45,603,648,True,0.6069651741293532
Tox21,avg,0.5,1,20,200,16,16,0.0,val,client_2,10,92,495,587,True,0.8594861660079052
Tox21,avg,0.5,1,20,200,16,16,0.0,val,client_2,11,42,636,678,True,0.7972446840371368
Tox21,avg,0.5,1,20,200,16,16,0.0,val,client_3,0,31,696,727,True,0.767890248424175
Tox21,avg,0.5,1,20,200,16,16,0.0,val,client_3,1,23,652,675,True,0.7925446785809549
Tox21,avg,0.5,1,20,200,16,16,0.0,val,client_3,2,74,567,641,True,0.8471805138471806
Tox21,avg,0.5,1,20,200,16,16,0.0,val,client_3,3,19,546,565,True,0.786774628879892
Tox21,avg,0.5,1,20,200,16,16,0.0,val,client_3,4,82,541,623,True,0.6829944547134935
Tox21,avg,0.5,1,20,200,16,16,0.0,val,client_3,5,30,657,687,True,0.7628614916286149
Tox21,avg,0.5,1,20,200,16,16,0.0,val,client_3,6,21,612,633,True,0.6185807656395892
Tox21,avg,0.5,1,20,200,16,16,0.0,val,client_3,7,96,492,588,True,0.6997374661246613
Tox21,avg,0.5,1,20,200,16,16,0.0,val,client_3,8,30,677,707,True,0.7474643032988676
Tox21,avg,0.5,1,20,200,16,16,0.0,val,client_3,9,45,603,648,True,0.6198267919660955
Tox21,avg,0.5,1,20,200,16,16,0.0,val,client_3,10,92,495,587,True,0.8669521299956083
Tox21,avg,0.5,1,20,200,16,16,0.0,val,client_3,11,42,636,678,True,0.772911051212938
Tox21,avg,0.5,1,20,200,16,16,0.0,test,server,0,32,693,725,True,0.8001443001443002
Tox21,avg,0.5,1,20,200,16,16,0.0,test,server,1,33,646,679,True,0.868937048503612
Tox21,avg,0.5,1,20,200,16,16,0.0,test,server,2,77,572,649,True,0.8200208882027065
Tox21,avg,0.5,1,20,200,16,16,0.0,test,server,3,38,538,576,True,0.7300919585208374
Tox21,avg,0.5,1,20,200,16,16,0.0,test,server,4,80,531,611,True,0.6961393596986817
Tox21,avg,0.5,1,20,200,16,16,0.0,test,server,5,34,647,681,True,0.769160832802982
Tox21,avg,0.5,1,20,200,16,16,0.0,test,server,6,21,617,638,True,0.6896658177047157
Tox21,avg,0.5,1,20,200,16,16,0.0,test,server,7,95,494,589,True,0.7564457702961858
Tox21,avg,0.5,1,20,200,16,16,0.0,test,server,8,32,670,702,True,0.7624067164179105
Tox21,avg,0.5,1,20,200,16,16,0.0,test,server,9,36,621,657,True,0.6491322240114511
Tox21,avg,0.5,1,20,200,16,16,0.0,test,server,10,93,485,578,True,0.8250526549163064
Tox21,avg,0.5,1,20,200,16,16,0.0,test,server,11,48,624,672,True,0.7492988782051282
Tox21,avg,0.5,1,20,200,16,16,0.0,test,client_0,0,32,693,725,True,0.7942821067821069
Tox21,avg,0.5,1,20,200,16,16,0.0,test,client_0,1,33,646,679,True,0.8497982925227507
Tox21,avg,0.5,1,20,200,16,16,0.0,test,client_0,2,77,572,649,True,0.8309644900553992
Tox21,avg,0.5,1,20,200,16,16,0.0,test,client_0,3,38,538,576,True,0.7312169829778907
Tox21,avg,0.5,1,20,200,16,16,0.0,test,client_0,4,80,531,611,True,0.6667608286252353
Tox21,avg,0.5,1,20,200,16,16,0.0,test,client_0,5,34,647,681,True,0.7485680516410582
Tox21,avg,0.5,1,20,200,16,16,0.0,test,client_0,6,21,617,638,True,0.6544724859149493
Tox21,avg,0.5,1,20,200,16,16,0.0,test,client_0,7,95,494,589,True,0.7615597698700192
Tox21,avg,0.5,1,20,200,16,16,0.0,test,client_0,8,32,670,702,True,0.7585354477611941
Tox21,avg,0.5,1,20,200,16,16,0.0,test,client_0,9,36,621,657,True,0.6911791018071212
Tox21,avg,0.5,1,20,200,16,16,0.0,test,client_0,10,93,485,578,True,0.828910320363596
Tox21,avg,0.5,1,20,200,16,16,0.0,test,client_0,11,48,624,672,True,0.7498998397435898
Tox21,avg,0.5,1,20,200,16,16,0.0,test,client_1,0,32,693,725,True,0.8001443001443
Tox21,avg,0.5,1,20,200,16,16,0.0,test,client_1,1,33,646,679,True,0.8450136035275354
Tox21,avg,0.5,1,20,200,16,16,0.0,test,client_1,2,77,572,649,True,0.8146853146853147
Tox21,avg,0.5,1,20,200,16,16,0.0,test,client_1,3,38,538,576,True,0.7150264136176874
Tox21,avg,0.5,1,20,200,16,16,0.0,test,client_1,4,80,531,611,True,0.6862758945386065
Tox21,avg,0.5,1,20,200,16,16,0.0,test,client_1,5,34,647,681,True,0.7600690971906537
Tox21,avg,0.5,1,20,200,16,16,0.0,test,client_1,6,21,617,638,True,0.6467546499961411
Tox21,avg,0.5,1,20,200,16,16,0.0,test,client_1,7,95,494,589,True,0.7254421478798211
Tox21,avg,0.5,1,20,200,16,16,0.0,test,client_1,8,32,670,702,True,0.7261660447761195
Tox21,avg,0.5,1,20,200,16,16,0.0,test,client_1,9,36,621,657,True,0.6087403828949723
Tox21,avg,0.5,1,20,200,16,16,0.0,test,client_1,10,93,485,578,True,0.809222924287773
Tox21,avg,0.5,1,20,200,16,16,0.0,test,client_1,11,48,624,672,True,0.7323050213675213
Tox21,avg,0.5,1,20,200,16,16,0.0,test,client_2,0,32,693,725,True,0.7923881673881674
Tox21,avg,0.5,1,20,200,16,16,0.0,test,client_2,1,33,646,679,True,0.8696406792382025
Tox21,avg,0.5,1,20,200,16,16,0.0,test,client_2,2,77,572,649,True,0.7955680682953411
Tox21,avg,0.5,1,20,200,16,16,0.0,test,client_2,3,38,538,576,True,0.7104774016826453
Tox21,avg,0.5,1,20,200,16,16,0.0,test,client_2,4,80,531,611,True,0.6934792843691149
Tox21,avg,0.5,1,20,200,16,16,0.0,test,client_2,5,34,647,681,True,0.7441131011910175
Tox21,avg,0.5,1,20,200,16,16,0.0,test,client_2,6,21,617,638,True,0.7155205680327236
Tox21,avg,0.5,1,20,200,16,16,0.0,test,client_2,7,95,494,589,True,0.7608352865970595
Tox21,avg,0.5,1,20,200,16,16,0.0,test,client_2,8,32,670,702,True,0.7729944029850746
Tox21,avg,0.5,1,20,200,16,16,0.0,test,client_2,9,36,621,657,True,0.6377706208624083
Tox21,avg,0.5,1,20,200,16,16,0.0,test,client_2,10,93,485,578,True,0.8077375013856557
Tox21,avg,0.5,1,20,200,16,16,0.0,test,client_2,11,48,624,672,True,0.7321714743589743
Tox21,avg,0.5,1,20,200,16,16,0.0,test,client_3,0,32,693,725,True,0.7938311688311689
Tox21,avg,0.5,1,20,200,16,16,0.0,test,client_3,1,33,646,679,True,0.8482033961910123
Tox21,avg,0.5,1,20,200,16,16,0.0,test,client_3,2,77,572,649,True,0.8071019889201707
Tox21,avg,0.5,1,20,200,16,16,0.0,test,client_3,3,38,538,576,True,0.7112600273918998
Tox21,avg,0.5,1,20,200,16,16,0.0,test,client_3,4,80,531,611,True,0.6990348399246704
Tox21,avg,0.5,1,20,200,16,16,0.0,test,client_3,5,34,647,681,True,0.7641603782162014
Tox21,avg,0.5,1,20,200,16,16,0.0,test,client_3,6,21,617,638,True,0.6970749401867716
Tox21,avg,0.5,1,20,200,16,16,0.0,test,client_3,7,95,494,589,True,0.7316854890262092
Tox21,avg,0.5,1,20,200,16,16,0.0,test,client_3,8,32,670,702,True,0.7496735074626866
Tox21,avg,0.5,1,20,200,16,16,0.0,test,client_3,9,36,621,657,True,0.6391572732152443
Tox21,avg,0.5,1,20,200,16,16,0.0,test,client_3,10,93,485,578,True,0.819975612459816
Tox21,avg,0.5,1,20,200,16,16,0.0,test,client_3,11,48,624,672,True,0.7297342414529914
Tox21,avg,0.5,1,21,200,16,16,0.0,val,server,0,31,696,727,True,0.789163885799036
Tox21,avg,0.5,1,21,200,16,16,0.0,val,server,1,23,652,675,True,0.78587623366231
Tox21,avg,0.5,1,21,200,16,16,0.0,val,server,2,74,567,641,True,0.8422708422708423
Tox21,avg,0.5,1,21,200,16,16,0.0,val,server,3,19,546,565,True,0.7795450163871217
Tox21,avg,0.5,1,21,200,16,16,0.0,val,server,4,82,541,623,True,0.7007348631711825
Tox21,avg,0.5,1,21,200,16,16,0.0,val,server,5,30,657,687,True,0.7659056316590562
Tox21,avg,0.5,1,21,200,16,16,0.0,val,server,6,21,612,633,True,0.6555399937752878
Tox21,avg,0.5,1,21,200,16,16,0.0,val,server,7,96,492,588,True,0.7063219850948509
Tox21,avg,0.5,1,21,200,16,16,0.0,val,server,8,30,677,707,True,0.7540128015755786
Tox21,avg,0.5,1,21,200,16,16,0.0,val,server,9,45,603,648,True,0.6133407038879676
Tox21,avg,0.5,1,21,200,16,16,0.0,val,server,10,92,495,587,True,0.8739130434782609
Tox21,avg,0.5,1,21,200,16,16,0.0,val,server,11,42,636,678,True,0.782869122491764
Tox21,avg,0.5,1,21,200,16,16,0.0,val,client_0,0,31,696,727,True,0.7730812013348165
Tox21,avg,0.5,1,21,200,16,16,0.0,val,client_0,1,23,652,675,True,0.7696719125100027
Tox21,avg,0.5,1,21,200,16,16,0.0,val,client_0,2,74,567,641,True,0.8375756709090043
Tox21,avg,0.5,1,21,200,16,16,0.0,val,client_0,3,19,546,565,True,0.7575669944090996
Tox21,avg,0.5,1,21,200,16,16,0.0,val,client_0,4,82,541,623,True,0.6954149948153825
Tox21,avg,0.5,1,21,200,16,16,0.0,val,client_0,5,30,657,687,True,0.7579401319127346
Tox21,avg,0.5,1,21,200,16,16,0.0,val,client_0,6,21,612,633,True,0.6457360722066605
Tox21,avg,0.5,1,21,200,16,16,0.0,val,client_0,7,96,492,588,True,0.6995257452574526
Tox21,avg,0.5,1,21,200,16,16,0.0,val,client_0,8,30,677,707,True,0.7367306745445593
Tox21,avg,0.5,1,21,200,16,16,0.0,val,client_0,9,45,603,648,True,0.6201953196978072
Tox21,avg,0.5,1,21,200,16,16,0.0,val,client_0,10,92,495,587,True,0.8522397891963109
Tox21,avg,0.5,1,21,200,16,16,0.0,val,client_0,11,42,636,678,True,0.750486672656484
Tox21,avg,0.5,1,21,200,16,16,0.0,val,client_1,0,31,696,727,True,0.7803114571746385
Tox21,avg,0.5,1,21,200,16,16,0.0,val,client_1,1,23,652,675,True,0.762603360896239
Tox21,avg,0.5,1,21,200,16,16,0.0,val,client_1,2,74,567,641,True,0.8206778206778208
Tox21,avg,0.5,1,21,200,16,16,0.0,val,client_1,3,19,546,565,True,0.7415654520917678
Tox21,avg,0.5,1,21,200,16,16,0.0,val,client_1,4,82,541,623,True,0.680109102384924
Tox21,avg,0.5,1,21,200,16,16,0.0,val,client_1,5,30,657,687,True,0.7507864028411974
Tox21,avg,0.5,1,21,200,16,16,0.0,val,client_1,6,21,612,633,True,0.6292405851229381
Tox21,avg,0.5,1,21,200,16,16,0.0,val,client_1,7,96,492,588,True,0.7051363482384823
Tox21,avg,0.5,1,21,200,16,16,0.0,val,client_1,8,30,677,707,True,0.7542589857213194
Tox21,avg,0.5,1,21,200,16,16,0.0,val,client_1,9,45,603,648,True,0.6103556292611019
Tox21,avg,0.5,1,21,200,16,16,0.0,val,client_1,10,92,495,587,True,0.8803249890206413
Tox21,avg,0.5,1,21,200,16,16,0.0,val,client_1,11,42,636,678,True,0.7827193770589996
Tox21,avg,0.5,1,21,200,16,16,0.0,val,client_2,0,31,696,727,True,0.8119206525769375
Tox21,avg,0.5,1,21,200,16,16,0.0,val,client_2,1,23,652,675,True,0.7974126433715658
Tox21,avg,0.5,1,21,200,16,16,0.0,val,client_2,2,74,567,641,True,0.8329996663329997
Tox21,avg,0.5,1,21,200,16,16,0.0,val,client_2,3,19,546,565,True,0.7935222672064777
Tox21,avg,0.5,1,21,200,16,16,0.0,val,client_2,4,82,541,623,True,0.7022226229656012
Tox21,avg,0.5,1,21,200,16,16,0.0,val,client_2,5,30,657,687,True,0.7791983764586504
Tox21,avg,0.5,1,21,200,16,16,0.0,val,client_2,6,21,612,633,True,0.6673669467787114
Tox21,avg,0.5,1,21,200,16,16,0.0,val,client_2,7,96,492,588,True,0.7043106368563686
Tox21,avg,0.5,1,21,200,16,16,0.0,val,client_2,8,30,677,707,True,0.7620876415558837
Tox21,avg,0.5,1,21,200,16,16,0.0,val,client_2,9,45,603,648,True,0.5990049751243781
Tox21,avg,0.5,1,21,200,16,16,0.0,val,client_2,10,92,495,587,True,0.8626921387790952
Tox21,avg,0.5,1,21,200,16,16,0.0,val,client_2,11,42,636,678,True,0.7873614854746931
Tox21,avg,0.5,1,21,200,16,16,0.0,val,client_3,0,31,696,727,True,0.7678439006303299
Tox21,avg,0.5,1,21,200,16,16,0.0,val,client_3,1,23,652,675,True,0.7890104027740731
Tox21,avg,0.5,1,21,200,16,16,0.0,val,client_3,2,74,567,641,True,0.8419610086276754
Tox21,avg,0.5,1,21,200,16,16,0.0,val,client_3,3,19,546,565,True,0.7682668208983998
Tox21,avg,0.5,1,21,200,16,16,0.0,val,client_3,4,82,541,623,True,0.6953699111852487
Tox21,avg,0.5,1,21,200,16,16,0.0,val,client_3,5,30,657,687,True,0.7640791476407913
Tox21,avg,0.5,1,21,200,16,16,0.0,val,client_3,6,21,612,633,True,0.6318082788671024
Tox21,avg,0.5,1,21,200,16,16,0.0,val,client_3,7,96,492,588,True,0.6955665650406503
Tox21,avg,0.5,1,21,200,16,16,0.0,val,client_3,8,30,677,707,True,0.7502215657311668
Tox21,avg,0.5,1,21,200,16,16,0.0,val,client_3,9,45,603,648,True,0.6099502487562188
Tox21,avg,0.5,1,21,200,16,16,0.0,val,client_3,10,92,495,587,True,0.8658322353974528
Tox21,avg,0.5,1,21,200,16,16,0.0,val,client_3,11,42,636,678,True,0.7668837975441749
Tox21,avg,0.5,1,21,200,16,16,0.0,test,server,0,32,693,725,True,0.7989267676767676
Tox21,avg,0.5,1,21,200,16,16,0.0,test,server,1,33,646,679,True,0.8735341026362698
Tox21,avg,0.5,1,21,200,16,16,0.0,test,server,2,77,572,649,True,0.8248569612205976
Tox21,avg,0.5,1,21,200,16,16,0.0,test,server,3,38,538,576,True,0.7263255722950499
Tox21,avg,0.5,1,21,200,16,16,0.0,test,server,4,80,531,611,True,0.6991290018832392
Tox21,avg,0.5,1,21,200,16,16,0.0,test,server,5,34,647,681,True,0.774252204745886
Tox21,avg,0.5,1,21,200,16,16,0.0,test,server,6,21,617,638,True,0.6863471482596281
Tox21,avg,0.5,1,21,200,16,16,0.0,test,server,7,95,494,589,True,0.7523545706371191
Tox21,avg,0.5,1,21,200,16,16,0.0,test,server,8,32,670,702,True,0.7470149253731343
Tox21,avg,0.5,1,21,200,16,16,0.0,test,server,9,36,621,657,True,0.6440776525317589
Tox21,avg,0.5,1,21,200,16,16,0.0,test,server,10,93,485,578,True,0.8289546613457488
Tox21,avg,0.5,1,21,200,16,16,0.0,test,server,11,48,624,672,True,0.745559561965812
Tox21,avg,0.5,1,21,200,16,16,0.0,test,client_0,0,32,693,725,True,0.7884199134199135
Tox21,avg,0.5,1,21,200,16,16,0.0,test,client_0,1,33,646,679,True,0.8504081058260625
Tox21,avg,0.5,1,21,200,16,16,0.0,test,client_0,2,77,572,649,True,0.8269003723549176
Tox21,avg,0.5,1,21,200,16,16,0.0,test,client_0,3,38,538,576,True,0.7088143220504793
Tox21,avg,0.5,1,21,200,16,16,0.0,test,client_0,4,80,531,611,True,0.6777306967984934
Tox21,avg,0.5,1,21,200,16,16,0.0,test,client_0,5,34,647,681,True,0.765615055914174
Tox21,avg,0.5,1,21,200,16,16,0.0,test,client_0,6,21,617,638,True,0.6586401173111059
Tox21,avg,0.5,1,21,200,16,16,0.0,test,client_0,7,95,494,589,True,0.755614745365438
Tox21,avg,0.5,1,21,200,16,16,0.0,test,client_0,8,32,670,702,True,0.740391791044776
Tox21,avg,0.5,1,21,200,16,16,0.0,test,client_0,9,36,621,657,True,0.6666666666666665
Tox21,avg,0.5,1,21,200,16,16,0.0,test,client_0,10,93,485,578,True,0.8229242877729742
Tox21,avg,0.5,1,21,200,16,16,0.0,test,client_0,11,48,624,672,True,0.728298611111111
Tox21,avg,0.5,1,21,200,16,16,0.0,test,client_1,0,32,693,725,True,0.7985209235209235
Tox21,avg,0.5,1,21,200,16,16,0.0,test,client_1,1,33,646,679,True,0.8556618819776713
Tox21,avg,0.5,1,21,200,16,16,0.0,test,client_1,2,77,572,649,True,0.8102352193261284
Tox21,avg,0.5,1,21,200,16,16,0.0,test,client_1,3,38,538,576,True,0.7377225591860692
Tox21,avg,0.5,1,21,200,16,16,0.0,test,client_1,4,80,531,611,True,0.6919962335216573
Tox21,avg,0.5,1,21,200,16,16,0.0,test,client_1,5,34,647,681,True,0.7744340394581326
Tox21,avg,0.5,1,21,200,16,16,0.0,test,client_1,6,21,617,638,True,0.6466002932777649
Tox21,avg,0.5,1,21,200,16,16,0.0,test,client_1,7,95,494,589,True,0.7425953547837205
Tox21,avg,0.5,1,21,200,16,16,0.0,test,client_1,8,32,670,702,True,0.7344682835820896
Tox21,avg,0.5,1,21,200,16,16,0.0,test,client_1,9,36,621,657,True,0.6439434603685811
Tox21,avg,0.5,1,21,200,16,16,0.0,test,client_1,10,93,485,578,True,0.8205077042456491
Tox21,avg,0.5,1,21,200,16,16,0.0,test,client_1,11,48,624,672,True,0.7420205662393163
Tox21,avg,0.5,1,21,200,16,16,0.0,test,client_2,0,32,693,725,True,0.7989718614718614
Tox21,avg,0.5,1,21,200,16,16,0.0,test,client_2,1,33,646,679,True,0.8734871939206305
Tox21,avg,0.5,1,21,200,16,16,0.0,test,client_2,2,77,572,649,True,0.8102125147579693
Tox21,avg,0.5,1,21,200,16,16,0.0,test,client_2,3,38,538,576,True,0.709499119546077
Tox21,avg,0.5,1,21,200,16,16,0.0,test,client_2,4,80,531,611,True,0.6963747645951036
Tox21,avg,0.5,1,21,200,16,16,0.0,test,client_2,5,34,647,681,True,0.7599781798345303
Tox21,avg,0.5,1,21,200,16,16,0.0,test,client_2,6,21,617,638,True,0.7021687118931852
Tox21,avg,0.5,1,21,200,16,16,0.0,test,client_2,7,95,494,589,True,0.7418921798423184
Tox21,avg,0.5,1,21,200,16,16,0.0,test,client_2,8,32,670,702,True,0.7399720149253731
Tox21,avg,0.5,1,21,200,16,16,0.0,test,client_2,9,36,621,657,True,0.6223385220969762
Tox21,avg,0.5,1,21,200,16,16,0.0,test,client_2,10,93,485,578,True,0.8167830617448176
Tox21,avg,0.5,1,21,200,16,16,0.0,test,client_2,11,48,624,672,True,0.7285323183760685
Tox21,avg,0.5,1,21,200,16,16,0.0,test,client_3,0,32,693,725,True,0.788961038961039
Tox21,avg,0.5,1,21,200,16,16,0.0,test,client_3,1,33,646,679,True,0.8558964255558683
Tox21,avg,0.5,1,21,200,16,16,0.0,test,client_3,2,77,572,649,True,0.816138407047498
Tox21,avg,0.5,1,21,200,16,16,0.0,test,client_3,3,38,538,576,True,0.7050479358246919
Tox21,avg,0.5,1,21,200,16,16,0.0,test,client_3,4,80,531,611,True,0.7027542372881357
Tox21,avg,0.5,1,21,200,16,16,0.0,test,client_3,5,34,647,681,True,0.7666151468315301
Tox21,avg,0.5,1,21,200,16,16,0.0,test,client_3,6,21,617,638,True,0.6939878058192482
Tox21,avg,0.5,1,21,200,16,16,0.0,test,client_3,7,95,494,589,True,0.7330279139143406
Tox21,avg,0.5,1,21,200,16,16,0.0,test,client_3,8,32,670,702,True,0.7333955223880597
Tox21,avg,0.5,1,21,200,16,16,0.0,test,client_3,9,36,621,657,True,0.6249329039184112
Tox21,avg,0.5,1,21,200,16,16,0.0,test,client_3,10,93,485,578,True,0.8210841370136348
Tox21,avg,0.5,1,21,200,16,16,0.0,test,client_3,11,48,624,672,True,0.7259281517094017
Tox21,avg,0.5,1,22,200,16,16,0.0,val,server,0,31,696,727,True,0.7829069336299592
Tox21,avg,0.5,1,22,200,16,16,0.0,val,server,1,23,652,675,True,0.7768071485729529
Tox21,avg,0.5,1,22,200,16,16,0.0,val,server,2,74,567,641,True,0.8463225129891797
Tox21,avg,0.5,1,22,200,16,16,0.0,val,server,3,19,546,565,True,0.7844611528822055
Tox21,avg,0.5,1,22,200,16,16,0.0,val,server,4,82,541,623,True,0.6908615481718589
Tox21,avg,0.5,1,22,200,16,16,0.0,val,server,5,30,657,687,True,0.7629122272957889
Tox21,avg,0.5,1,22,200,16,16,0.0,val,server,6,21,612,633,True,0.6465141612200436
Tox21,avg,0.5,1,22,200,16,16,0.0,val,server,7,96,492,588,True,0.7045011856368564
Tox21,avg,0.5,1,22,200,16,16,0.0,val,server,8,30,677,707,True,0.7627277203348104
Tox21,avg,0.5,1,22,200,16,16,0.0,val,server,9,45,603,648,True,0.6203795835636632
Tox21,avg,0.5,1,22,200,16,16,0.0,val,server,10,92,495,587,True,0.882367149758454
Tox21,avg,0.5,1,22,200,16,16,0.0,val,server,11,42,636,678,True,0.7837675950883498
Tox21,avg,0.5,1,22,200,16,16,0.0,val,client_0,0,31,696,727,True,0.771737115313311
Tox21,avg,0.5,1,22,200,16,16,0.0,val,client_0,1,23,652,675,True,0.7587356628434249
Tox21,avg,0.5,1,22,200,16,16,0.0,val,client_0,2,74,567,641,True,0.8437246770580105
Tox21,avg,0.5,1,22,200,16,16,0.0,val,client_0,3,19,546,565,True,0.7795450163871217
Tox21,avg,0.5,1,22,200,16,16,0.0,val,client_0,4,82,541,623,True,0.688990577521302
Tox21,avg,0.5,1,22,200,16,16,0.0,val,client_0,5,30,657,687,True,0.7583460172501268
Tox21,avg,0.5,1,22,200,16,16,0.0,val,client_0,6,21,612,633,True,0.6300186741363212
Tox21,avg,0.5,1,22,200,16,16,0.0,val,client_0,7,96,492,588,True,0.6975143970189702
Tox21,avg,0.5,1,22,200,16,16,0.0,val,client_0,8,30,677,707,True,0.7480059084194978
Tox21,avg,0.5,1,22,200,16,16,0.0,val,client_0,9,45,603,648,True,0.6352312511516491
Tox21,avg,0.5,1,22,200,16,16,0.0,val,client_0,10,92,495,587,True,0.8657444005270093
Tox21,avg,0.5,1,22,200,16,16,0.0,val,client_0,11,42,636,678,True,0.7658355795148248
Tox21,avg,0.5,1,22,200,16,16,0.0,val,client_1,0,31,696,727,True,0.7747033741193919
Tox21,avg,0.5,1,22,200,16,16,0.0,val,client_1,1,23,652,675,True,0.7510002667377967
Tox21,avg,0.5,1,22,200,16,16,0.0,val,client_1,2,74,567,641,True,0.8171504838171505
Tox21,avg,0.5,1,22,200,16,16,0.0,val,client_1,3,19,546,565,True,0.7270098322729902
Tox21,avg,0.5,1,22,200,16,16,0.0,val,client_1,4,82,541,623,True,0.6776520445426266
Tox21,avg,0.5,1,22,200,16,16,0.0,val,client_1,5,30,657,687,True,0.7357686453576865
Tox21,avg,0.5,1,22,200,16,16,0.0,val,client_1,6,21,612,633,True,0.5997510115157174
Tox21,avg,0.5,1,22,200,16,16,0.0,val,client_1,7,96,492,588,True,0.6881351626016259
Tox21,avg,0.5,1,22,200,16,16,0.0,val,client_1,8,30,677,707,True,0.7274741506646972
Tox21,avg,0.5,1,22,200,16,16,0.0,val,client_1,9,45,603,648,True,0.6033167495854064
Tox21,avg,0.5,1,22,200,16,16,0.0,val,client_1,10,92,495,587,True,0.8789635485287659
Tox21,avg,0.5,1,22,200,16,16,0.0,val,client_1,11,42,636,678,True,0.7693545971847859
Tox21,avg,0.5,1,22,200,16,16,0.0,val,client_2,0,31,696,727,True,0.8032536151279198
Tox21,avg,0.5,1,22,200,16,16,0.0,val,client_2,1,23,652,675,True,0.7966791144305149
Tox21,avg,0.5,1,22,200,16,16,0.0,val,client_2,2,74,567,641,True,0.8335478335478336
Tox21,avg,0.5,1,22,200,16,16,0.0,val,client_2,3,19,546,565,True,0.7889917100443417
Tox21,avg,0.5,1,22,200,16,16,0.0,val,client_2,4,82,541,623,True,0.6922816825210766
Tox21,avg,0.5,1,22,200,16,16,0.0,val,client_2,5,30,657,687,True,0.7829528158295282
Tox21,avg,0.5,1,22,200,16,16,0.0,val,client_2,6,21,612,633,True,0.6632430750077809
Tox21,avg,0.5,1,22,200,16,16,0.0,val,client_2,7,96,492,588,True,0.7011983401084012
Tox21,avg,0.5,1,22,200,16,16,0.0,val,client_2,8,30,677,707,True,0.7721811915312654
Tox21,avg,0.5,1,22,200,16,16,0.0,val,client_2,9,45,603,648,True,0.5941772618389534
Tox21,avg,0.5,1,22,200,16,16,0.0,val,client_2,10,92,495,587,True,0.8640755379885815
Tox21,avg,0.5,1,22,200,16,16,0.0,val,client_2,11,42,636,678,True,0.7869871218927823
Tox21,avg,0.5,1,22,200,16,16,0.0,val,client_3,0,31,696,727,True,0.7685854653318501
Tox21,avg,0.5,1,22,200,16,16,0.0,val,client_3,1,23,652,675,True,0.7797412643371566
Tox21,avg,0.5,1,22,200,16,16,0.0,val,client_3,2,74,567,641,True,0.8407693407693408
Tox21,avg,0.5,1,22,200,16,16,0.0,val,client_3,3,19,546,565,True,0.7775207248891459
Tox21,avg,0.5,1,22,200,16,16,0.0,val,client_3,4,82,541,623,True,0.6782381317343674
Tox21,avg,0.5,1,22,200,16,16,0.0,val,client_3,5,30,657,687,True,0.7659056316590563
Tox21,avg,0.5,1,22,200,16,16,0.0,val,client_3,6,21,612,633,True,0.6352318705259881
Tox21,avg,0.5,1,22,200,16,16,0.0,val,client_3,7,96,492,588,True,0.7016852981029811
Tox21,avg,0.5,1,22,200,16,16,0.0,val,client_3,8,30,677,707,True,0.7635155096011816
Tox21,avg,0.5,1,22,200,16,16,0.0,val,client_3,9,45,603,648,True,0.6216325778514833
Tox21,avg,0.5,1,22,200,16,16,0.0,val,client_3,10,92,495,587,True,0.8728370663153271
Tox21,avg,0.5,1,22,200,16,16,0.0,val,client_3,11,42,636,678,True,0.7814839772386942
Tox21,avg,0.5,1,22,200,16,16,0.0,test,server,0,32,693,725,True,0.7998286435786436
Tox21,avg,0.5,1,22,200,16,16,0.0,test,server,1,33,646,679,True,0.8690777746505302
Tox21,avg,0.5,1,22,200,16,16,0.0,test,server,2,77,572,649,True,0.8247661429479611
Tox21,avg,0.5,1,22,200,16,16,0.0,test,server,3,38,538,576,True,0.7365975347290158
Tox21,avg,0.5,1,22,200,16,16,0.0,test,server,4,80,531,611,True,0.7005414312617703
Tox21,avg,0.5,1,22,200,16,16,0.0,test,server,5,34,647,681,True,0.7698881716519684
Tox21,avg,0.5,1,22,200,16,16,0.0,test,server,6,21,617,638,True,0.6958400864397623
Tox21,avg,0.5,1,22,200,16,16,0.0,test,server,7,95,494,589,True,0.756019603665033
Tox21,avg,0.5,1,22,200,16,16,0.0,test,server,8,32,670,702,True,0.7732276119402985
Tox21,avg,0.5,1,22,200,16,16,0.0,test,server,9,36,621,657,True,0.6567364465915191
Tox21,avg,0.5,1,22,200,16,16,0.0,test,server,10,93,485,578,True,0.8367586742046337
Tox21,avg,0.5,1,22,200,16,16,0.0,test,server,11,48,624,672,True,0.7452590811965811
Tox21,avg,0.5,1,22,200,16,16,0.0,test,client_0,0,32,693,725,True,0.798881673881674
Tox21,avg,0.5,1,22,200,16,16,0.0,test,client_0,1,33,646,679,True,0.8503611971104231
Tox21,avg,0.5,1,22,200,16,16,0.0,test,client_0,2,77,572,649,True,0.8347107438016529
Tox21,avg,0.5,1,22,200,16,16,0.0,test,client_0,3,38,538,576,True,0.738407356681667
Tox21,avg,0.5,1,22,200,16,16,0.0,test,client_0,4,80,531,611,True,0.675117702448211
Tox21,avg,0.5,1,22,200,16,16,0.0,test,client_0,5,34,647,681,True,0.7503863987635239
Tox21,avg,0.5,1,22,200,16,16,0.0,test,client_0,6,21,617,638,True,0.6617272516786293
Tox21,avg,0.5,1,22,200,16,16,0.0,test,client_0,7,95,494,589,True,0.7615810782015768
Tox21,avg,0.5,1,22,200,16,16,0.0,test,client_0,8,32,670,702,True,0.7708955223880597
Tox21,avg,0.5,1,22,200,16,16,0.0,test,client_0,9,36,621,657,True,0.6965020576131687
Tox21,avg,0.5,1,22,200,16,16,0.0,test,client_0,10,93,485,578,True,0.8378450282673761
Tox21,avg,0.5,1,22,200,16,16,0.0,test,client_0,11,48,624,672,True,0.7431223290598291
Tox21,avg,0.5,1,22,200,16,16,0.0,test,client_1,0,32,693,725,True,0.8044282106782107
Tox21,avg,0.5,1,22,200,16,16,0.0,test,client_1,1,33,646,679,True,0.8471714044469462
Tox21,avg,0.5,1,22,200,16,16,0.0,test,client_1,2,77,572,649,True,0.8081463990554899
Tox21,avg,0.5,1,22,200,16,16,0.0,test,client_1,3,38,538,576,True,0.7355214243787909
Tox21,avg,0.5,1,22,200,16,16,0.0,test,client_1,4,80,531,611,True,0.6866525423728813
Tox21,avg,0.5,1,22,200,16,16,0.0,test,client_1,5,34,647,681,True,0.7677516137830712
Tox21,avg,0.5,1,22,200,16,16,0.0,test,client_1,6,21,617,638,True,0.6342517558076715
Tox21,avg,0.5,1,22,200,16,16,0.0,test,client_1,7,95,494,589,True,0.7277647560196037
Tox21,avg,0.5,1,22,200,16,16,0.0,test,client_1,8,32,670,702,True,0.7192164179104478
Tox21,avg,0.5,1,22,200,16,16,0.0,test,client_1,9,36,621,657,True,0.6366299874753981
Tox21,avg,0.5,1,22,200,16,16,0.0,test,client_1,10,93,485,578,True,0.820330340317038
Tox21,avg,0.5,1,22,200,16,16,0.0,test,client_1,11,48,624,672,True,0.7265625
Tox21,avg,0.5,1,22,200,16,16,0.0,test,client_2,0,32,693,725,True,0.7989718614718615
Tox21,avg,0.5,1,22,200,16,16,0.0,test,client_2,1,33,646,679,True,0.8716108452950558
Tox21,avg,0.5,1,22,200,16,16,0.0,test,client_2,2,77,572,649,True,0.8182499318862956
Tox21,avg,0.5,1,22,200,16,16,0.0,test,client_2,3,38,538,576,True,0.7134611621991783
Tox21,avg,0.5,1,22,200,16,16,0.0,test,client_2,4,80,531,611,True,0.6969397363465158
Tox21,avg,0.5,1,22,200,16,16,0.0,test,client_2,5,34,647,681,True,0.7499772706609692
Tox21,avg,0.5,1,22,200,16,16,0.0,test,client_2,6,21,617,638,True,0.7275603920660646
Tox21,avg,0.5,1,22,200,16,16,0.0,test,client_2,7,95,494,589,True,0.745748987854251
Tox21,avg,0.5,1,22,200,16,16,0.0,test,client_2,8,32,670,702,True,0.765205223880597
Tox21,avg,0.5,1,22,200,16,16,0.0,test,client_2,9,36,621,657,True,0.6261406333870102
Tox21,avg,0.5,1,22,200,16,16,0.0,test,client_2,10,93,485,578,True,0.8194213501829065
Tox21,avg,0.5,1,22,200,16,16,0.0,test,client_2,11,48,624,672,True,0.732638888888889
Tox21,avg,0.5,1,22,200,16,16,0.0,test,client_3,0,32,693,725,True,0.7870220057720059
Tox21,avg,0.5,1,22,200,16,16,0.0,test,client_3,1,33,646,679,True,0.8602589361103293
Tox21,avg,0.5,1,22,200,16,16,0.0,test,client_3,2,77,572,649,True,0.8086231949868313
Tox21,avg,0.5,1,22,200,16,16,0.0,test,client_3,3,38,538,576,True,0.711651340246527
Tox21,avg,0.5,1,22,200,16,16,0.0,test,client_3,4,80,531,611,True,0.7008709981167609
Tox21,avg,0.5,1,22,200,16,16,0.0,test,client_3,5,34,647,681,True,0.7670242749340849
Tox21,avg,0.5,1,22,200,16,16,0.0,test,client_3,6,21,617,638,True,0.7085745157057961
Tox21,avg,0.5,1,22,200,16,16,0.0,test,client_3,7,95,494,589,True,0.7452588962284254
Tox21,avg,0.5,1,22,200,16,16,0.0,test,client_3,8,32,670,702,True,0.7669776119402986
Tox21,avg,0.5,1,22,200,16,16,0.0,test,client_3,9,36,621,657,True,0.6519502594381822
Tox21,avg,0.5,1,22,200,16,16,0.0,test,client_3,10,93,485,578,True,0.8250748254073829
Tox21,avg,0.5,1,22,200,16,16,0.0,test,client_3,11,48,624,672,True,0.7398170405982907
Tox21,avg,0.5,1,23,200,16,16,0.0,val,server,0,31,696,727,True,0.7880978865406006
Tox21,avg,0.5,1,23,200,16,16,0.0,val,server,1,23,652,675,True,0.7852093891704455
Tox21,avg,0.5,1,23,200,16,16,0.0,val,server,2,74,567,641,True,0.8455598455598456
Tox21,avg,0.5,1,23,200,16,16,0.0,val,server,3,19,546,565,True,0.7859070753807595
Tox21,avg,0.5,1,23,200,16,16,0.0,val,server,4,82,541,623,True,0.6948514494387088
Tox21,avg,0.5,1,23,200,16,16,0.0,val,server,5,30,657,687,True,0.7684424150177576
Tox21,avg,0.5,1,23,200,16,16,0.0,val,server,6,21,612,633,True,0.659274821039527
Tox21,avg,0.5,1,23,200,16,16,0.0,val,server,7,96,492,588,True,0.708545054200542
Tox21,avg,0.5,1,23,200,16,16,0.0,val,server,8,30,677,707,True,0.7659281142294436
Tox21,avg,0.5,1,23,200,16,16,0.0,val,server,9,45,603,648,True,0.6185369449051041
Tox21,avg,0.5,1,23,200,16,16,0.0,val,server,10,92,495,587,True,0.8815985946420728
Tox21,avg,0.5,1,23,200,16,16,0.0,val,server,11,42,636,678,True,0.7869871218927822
Tox21,avg,0.5,1,23,200,16,16,0.0,val,client_0,0,31,696,727,True,0.7742398961809418
Tox21,avg,0.5,1,23,200,16,16,0.0,val,client_0,1,23,652,675,True,0.7728060816217658
Tox21,avg,0.5,1,23,200,16,16,0.0,val,client_0,2,74,567,641,True,0.8350016683350016
Tox21,avg,0.5,1,23,200,16,16,0.0,val,client_0,3,19,546,565,True,0.7603624445729709
Tox21,avg,0.5,1,23,200,16,16,0.0,val,client_0,4,82,541,623,True,0.6893737883774401
Tox21,avg,0.5,1,23,200,16,16,0.0,val,client_0,5,30,657,687,True,0.7547945205479452
Tox21,avg,0.5,1,23,200,16,16,0.0,val,client_0,6,21,612,633,True,0.648848428260193
Tox21,avg,0.5,1,23,200,16,16,0.0,val,client_0,7,96,492,588,True,0.7019393631436314
Tox21,avg,0.5,1,23,200,16,16,0.0,val,client_0,8,30,677,707,True,0.7564254062038405
Tox21,avg,0.5,1,23,200,16,16,0.0,val,client_0,9,45,603,648,True,0.6290768380320619
Tox21,avg,0.5,1,23,200,16,16,0.0,val,client_0,10,92,495,587,True,0.8628897672375934
Tox21,avg,0.5,1,23,200,16,16,0.0,val,client_0,11,42,636,678,True,0.7613806528900868
Tox21,avg,0.5,1,23,200,16,16,0.0,val,client_1,0,31,696,727,True,0.7847144975899146
Tox21,avg,0.5,1,23,200,16,16,0.0,val,client_1,1,23,652,675,True,0.7582688716991198
Tox21,avg,0.5,1,23,200,16,16,0.0,val,client_1,2,74,567,641,True,0.8157681491014824
Tox21,avg,0.5,1,23,200,16,16,0.0,val,client_1,3,19,546,565,True,0.728744939271255
Tox21,avg,0.5,1,23,200,16,16,0.0,val,client_1,4,82,541,623,True,0.6834903746449664
Tox21,avg,0.5,1,23,200,16,16,0.0,val,client_1,5,30,657,687,True,0.7481481481481481
Tox21,avg,0.5,1,23,200,16,16,0.0,val,client_1,6,21,612,633,True,0.6256613756613757
Tox21,avg,0.5,1,23,200,16,16,0.0,val,client_1,7,96,492,588,True,0.6965404810298103
Tox21,avg,0.5,1,23,200,16,16,0.0,val,client_1,8,30,677,707,True,0.7472673559822747
Tox21,avg,0.5,1,23,200,16,16,0.0,val,client_1,9,45,603,648,True,0.6065966463976413
Tox21,avg,0.5,1,23,200,16,16,0.0,val,client_1,10,92,495,587,True,0.8845630215195432
Tox21,avg,0.5,1,23,200,16,16,0.0,val,client_1,11,42,636,678,True,0.772911051212938
Tox21,avg,0.5,1,23,200,16,16,0.0,val,client_2,0,31,696,727,True,0.8085836114200964
Tox21,avg,0.5,1,23,200,16,16,0.0,val,client_2,1,23,652,675,True,0.8091491064283809
Tox21,avg,0.5,1,23,200,16,16,0.0,val,client_2,2,74,567,641,True,0.833595500262167
Tox21,avg,0.5,1,23,200,16,16,0.0,val,client_2,3,19,546,565,True,0.8061499903605166
Tox21,avg,0.5,1,23,200,16,16,0.0,val,client_2,4,82,541,623,True,0.6881790721788918
Tox21,avg,0.5,1,23,200,16,16,0.0,val,client_2,5,30,657,687,True,0.7832572298325723
Tox21,avg,0.5,1,23,200,16,16,0.0,val,client_2,6,21,612,633,True,0.6850295673825085
Tox21,avg,0.5,1,23,200,16,16,0.0,val,client_2,7,96,492,588,True,0.7071900406504066
Tox21,avg,0.5,1,23,200,16,16,0.0,val,client_2,8,30,677,707,True,0.7808961102904973
Tox21,avg,0.5,1,23,200,16,16,0.0,val,client_2,9,45,603,648,True,0.6028745163073521
Tox21,avg,0.5,1,23,200,16,16,0.0,val,client_2,10,92,495,587,True,0.864558629776021
Tox21,avg,0.5,1,23,200,16,16,0.0,val,client_2,11,42,636,678,True,0.8035714285714285
Tox21,avg,0.5,1,23,200,16,16,0.0,val,client_3,0,31,696,727,True,0.76802929180571
Tox21,avg,0.5,1,23,200,16,16,0.0,val,client_3,1,23,652,675,True,0.7860762870098693
Tox21,avg,0.5,1,23,200,16,16,0.0,val,client_3,2,74,567,641,True,0.8424138424138424
Tox21,avg,0.5,1,23,200,16,16,0.0,val,client_3,3,19,546,565,True,0.7745324850588009
Tox21,avg,0.5,1,23,200,16,16,0.0,val,client_3,4,82,541,623,True,0.6904557955006536
Tox21,avg,0.5,1,23,200,16,16,0.0,val,client_3,5,30,657,687,True,0.7694063926940639
Tox21,avg,0.5,1,23,200,16,16,0.0,val,client_3,6,21,612,633,True,0.6400560224089635
Tox21,avg,0.5,1,23,200,16,16,0.0,val,client_3,7,96,492,588,True,0.6993140243902438
Tox21,avg,0.5,1,23,200,16,16,0.0,val,client_3,8,30,677,707,True,0.7559822747415066
Tox21,avg,0.5,1,23,200,16,16,0.0,val,client_3,9,45,603,648,True,0.6161783674221485
Tox21,avg,0.5,1,23,200,16,16,0.0,val,client_3,10,92,495,587,True,0.8708168642951252
Tox21,avg,0.5,1,23,200,16,16,0.0,val,client_3,11,42,636,678,True,0.7693920335429769
Tox21,avg,0.5,1,23,200,16,16,0.0,test,server,0,32,693,725,True,0.799963924963925
Tox21,avg,0.5,1,23,200,16,16,0.0,test,server,1,33,646,679,True,0.8732057416267943
Tox21,avg,0.5,1,23,200,16,16,0.0,test,server,2,77,572,649,True,0.8279901916265553
Tox21,avg,0.5,1,23,200,16,16,0.0,test,server,3,38,538,576,True,0.7335159459988261
Tox21,avg,0.5,1,23,200,16,16,0.0,test,server,4,80,531,611,True,0.7002589453860639
Tox21,avg,0.5,1,23,200,16,16,0.0,test,server,5,34,647,681,True,0.7721611055550505
Tox21,avg,0.5,1,23,200,16,16,0.0,test,server,6,21,617,638,True,0.6999305394767308
Tox21,avg,0.5,1,23,200,16,16,0.0,test,server,7,95,494,589,True,0.7604943532921372
Tox21,avg,0.5,1,23,200,16,16,0.0,test,server,8,32,670,702,True,0.7715018656716418
Tox21,avg,0.5,1,23,200,16,16,0.0,test,server,9,36,621,657,True,0.6543209876543209
Tox21,avg,0.5,1,23,200,16,16,0.0,test,server,10,93,485,578,True,0.8382219266156745
Tox21,avg,0.5,1,23,200,16,16,0.0,test,server,11,48,624,672,True,0.7488314636752137
Tox21,avg,0.5,1,23,200,16,16,0.0,test,client_0,0,32,693,725,True,0.7876533189033189
Tox21,avg,0.5,1,23,200,16,16,0.0,test,client_0,1,33,646,679,True,0.8523782718829158
Tox21,avg,0.5,1,23,200,16,16,0.0,test,client_0,2,77,572,649,True,0.8315548088275362
Tox21,avg,0.5,1,23,200,16,16,0.0,test,client_0,3,38,538,576,True,0.7237820387399726
Tox21,avg,0.5,1,23,200,16,16,0.0,test,client_0,4,80,531,611,True,0.6720103578154425
Tox21,avg,0.5,1,23,200,16,16,0.0,test,client_0,5,34,647,681,True,0.7498408946267843
Tox21,avg,0.5,1,23,200,16,16,0.0,test,client_0,6,21,617,638,True,0.6631164621440148
Tox21,avg,0.5,1,23,200,16,16,0.0,test,client_0,7,95,494,589,True,0.7669081610909867
Tox21,avg,0.5,1,23,200,16,16,0.0,test,client_0,8,32,670,702,True,0.7598880597014925
Tox21,avg,0.5,1,23,200,16,16,0.0,test,client_0,9,36,621,657,True,0.6820093039899803
Tox21,avg,0.5,1,23,200,16,16,0.0,test,client_0,10,93,485,578,True,0.8290211728189779
Tox21,avg,0.5,1,23,200,16,16,0.0,test,client_0,11,48,624,672,True,0.7279981303418804
Tox21,avg,0.5,1,23,200,16,16,0.0,test,client_1,0,32,693,725,True,0.8109668109668109
Tox21,avg,0.5,1,23,200,16,16,0.0,test,client_1,1,33,646,679,True,0.8573036870250493
Tox21,avg,0.5,1,23,200,16,16,0.0,test,client_1,2,77,572,649,True,0.8165243847062029
Tox21,avg,0.5,1,23,200,16,16,0.0,test,client_1,3,38,538,576,True,0.7328800626100567
Tox21,avg,0.5,1,23,200,16,16,0.0,test,client_1,4,80,531,611,True,0.6955273069679848
Tox21,avg,0.5,1,23,200,16,16,0.0,test,client_1,5,34,647,681,True,0.7678425311391945
Tox21,avg,0.5,1,23,200,16,16,0.0,test,client_1,6,21,617,638,True,0.6543953075557614
Tox21,avg,0.5,1,23,200,16,16,0.0,test,client_1,7,95,494,589,True,0.7415725548689537
Tox21,avg,0.5,1,23,200,16,16,0.0,test,client_1,8,32,670,702,True,0.7300839552238806
Tox21,avg,0.5,1,23,200,16,16,0.0,test,client_1,9,36,621,657,True,0.6409465020576132
Tox21,avg,0.5,1,23,200,16,16,0.0,test,client_1,10,93,485,578,True,0.8262942024165836
Tox21,avg,0.5,1,23,200,16,16,0.0,test,client_1,11,48,624,672,True,0.7406517094017094
Tox21,avg,0.5,1,23,200,16,16,0.0,test,client_2,0,32,693,725,True,0.7966269841269841
Tox21,avg,0.5,1,23,200,16,16,0.0,test,client_2,1,33,646,679,True,0.8767238952997467
Tox21,avg,0.5,1,23,200,16,16,0.0,test,client_2,2,77,572,649,True,0.8145263827082009
Tox21,avg,0.5,1,23,200,16,16,0.0,test,client_2,3,38,538,576,True,0.7158090393269418
Tox21,avg,0.5,1,23,200,16,16,0.0,test,client_2,4,80,531,611,True,0.6925847457627119
Tox21,avg,0.5,1,23,200,16,16,0.0,test,client_2,5,34,647,681,True,0.7517047004273116
Tox21,avg,0.5,1,23,200,16,16,0.0,test,client_2,6,21,617,638,True,0.7365130817318823
Tox21,avg,0.5,1,23,200,16,16,0.0,test,client_2,7,95,494,589,True,0.7515022373748136
Tox21,avg,0.5,1,23,200,16,16,0.0,test,client_2,8,32,670,702,True,0.7784514925373134
Tox21,avg,0.5,1,23,200,16,16,0.0,test,client_2,9,36,621,657,True,0.6420200393630344
Tox21,avg,0.5,1,23,200,16,16,0.0,test,client_2,10,93,485,578,True,0.8243653696929387
Tox21,avg,0.5,1,23,200,16,16,0.0,test,client_2,11,48,624,672,True,0.7432892628205129
Tox21,avg,0.5,1,23,200,16,16,0.0,test,client_3,0,32,693,725,True,0.7913059163059162
Tox21,avg,0.5,1,23,200,16,16,0.0,test,client_3,1,33,646,679,True,0.8608218406980016
Tox21,avg,0.5,1,23,200,16,16,0.0,test,client_3,2,77,572,649,True,0.814776132957951
Tox21,avg,0.5,1,23,200,16,16,0.0,test,client_3,3,38,538,576,True,0.706270788495402
Tox21,avg,0.5,1,23,200,16,16,0.0,test,client_3,4,80,531,611,True,0.7020951035781544
Tox21,avg,0.5,1,23,200,16,16,0.0,test,client_3,5,34,647,681,True,0.7714337667060642
Tox21,avg,0.5,1,23,200,16,16,0.0,test,client_3,6,21,617,638,True,0.7063363432893417
Tox21,avg,0.5,1,23,200,16,16,0.0,test,client_3,7,95,494,589,True,0.7350308970807585
Tox21,avg,0.5,1,23,200,16,16,0.0,test,client_3,8,32,670,702,True,0.7452425373134329
Tox21,avg,0.5,1,23,200,16,16,0.0,test,client_3,9,36,621,657,True,0.635310431204151
Tox21,avg,0.5,1,23,200,16,16,0.0,test,client_3,10,93,485,578,True,0.8262720319255071
Tox21,avg,0.5,1,23,200,16,16,0.0,test,client_3,11,48,624,672,True,0.7293336004273504
Tox21,avg,0.5,1,24,200,16,16,0.0,val,server,0,31,696,727,True,0.7863366703744902
Tox21,avg,0.5,1,24,200,16,16,0.0,val,server,1,23,652,675,True,0.777140570818885
Tox21,avg,0.5,1,24,200,16,16,0.0,val,server,2,74,567,641,True,0.8501835168501836
Tox21,avg,0.5,1,24,200,16,16,0.0,val,server,3,19,546,565,True,0.7945826103720839
Tox21,avg,0.5,1,24,200,16,16,0.0,val,server,4,82,541,623,True,0.6924169334114783
Tox21,avg,0.5,1,24,200,16,16,0.0,val,server,5,30,657,687,True,0.7727549467275494
Tox21,avg,0.5,1,24,200,16,16,0.0,val,server,6,21,612,633,True,0.6494708994708994
Tox21,avg,0.5,1,24,200,16,16,0.0,val,server,7,96,492,588,True,0.7116150067750677
Tox21,avg,0.5,1,24,200,16,16,0.0,val,server,8,30,677,707,True,0.7671097981290005
Tox21,avg,0.5,1,24,200,16,16,0.0,val,server,9,45,603,648,True,0.6229224249124747
Tox21,avg,0.5,1,24,200,16,16,0.0,val,server,10,92,495,587,True,0.8796662274923144
Tox21,avg,0.5,1,24,200,16,16,0.0,val,server,11,42,636,678,True,0.780884995507637
Tox21,avg,0.5,1,24,200,16,16,0.0,val,client_0,0,31,696,727,True,0.7826751946607341
Tox21,avg,0.5,1,24,200,16,16,0.0,val,client_0,1,23,652,675,True,0.7692051213656975
Tox21,avg,0.5,1,24,200,16,16,0.0,val,client_0,2,74,567,641,True,0.8460603460603461
Tox21,avg,0.5,1,24,200,16,16,0.0,val,client_0,3,19,546,565,True,0.7831116252168884
Tox21,avg,0.5,1,24,200,16,16,0.0,val,client_0,4,82,541,623,True,0.6914927189937334
Tox21,avg,0.5,1,24,200,16,16,0.0,val,client_0,5,30,657,687,True,0.7816336884830035
Tox21,avg,0.5,1,24,200,16,16,0.0,val,client_0,6,21,612,633,True,0.6518051665110489
Tox21,avg,0.5,1,24,200,16,16,0.0,val,client_0,7,96,492,588,True,0.7169503726287263
Tox21,avg,0.5,1,24,200,16,16,0.0,val,client_0,8,30,677,707,True,0.7552437223042836
Tox21,avg,0.5,1,24,200,16,16,0.0,val,client_0,9,45,603,648,True,0.6259443523125116
Tox21,avg,0.5,1,24,200,16,16,0.0,val,client_0,10,92,495,587,True,0.857663592446201
Tox21,avg,0.5,1,24,200,16,16,0.0,val,client_0,11,42,636,678,True,0.7596211440551063
Tox21,avg,0.5,1,24,200,16,16,0.0,val,client_1,0,31,696,727,True,0.7872636262513905
Tox21,avg,0.5,1,24,200,16,16,0.0,val,client_1,1,23,652,675,True,0.7520672179247798
Tox21,avg,0.5,1,24,200,16,16,0.0,val,client_1,2,74,567,641,True,0.831426664759998
Tox21,avg,0.5,1,24,200,16,16,0.0,val,client_1,3,19,546,565,True,0.7362637362637362
Tox21,avg,0.5,1,24,200,16,16,0.0,val,client_1,4,82,541,623,True,0.6819124475902799
Tox21,avg,0.5,1,24,200,16,16,0.0,val,client_1,5,30,657,687,True,0.7591070522577372
Tox21,avg,0.5,1,24,200,16,16,0.0,val,client_1,6,21,612,633,True,0.6167911609088079
Tox21,avg,0.5,1,24,200,16,16,0.0,val,client_1,7,96,492,588,True,0.7045858739837398
Tox21,avg,0.5,1,24,200,16,16,0.0,val,client_1,8,30,677,707,True,0.7533727227966519
Tox21,avg,0.5,1,24,200,16,16,0.0,val,client_1,9,45,603,648,True,0.6101345126220747
Tox21,avg,0.5,1,24,200,16,16,0.0,val,client_1,10,92,495,587,True,0.8872419850680721
Tox21,avg,0.5,1,24,200,16,16,0.0,val,client_1,11,42,636,678,True,0.7698412698412699
Tox21,avg,0.5,1,24,200,16,16,0.0,val,client_2,0,31,696,727,True,0.8014923989618096
Tox21,avg,0.5,1,24,200,16,16,0.0,val,client_2,1,23,652,675,True,0.8078821018938384
Tox21,avg,0.5,1,24,200,16,16,0.0,val,client_2,2,74,567,641,True,0.8360265026931694
Tox21,avg,0.5,1,24,200,16,16,0.0,val,client_2,3,19,546,565,True,0.8070175438596492
Tox21,avg,0.5,1,24,200,16,16,0.0,val,client_2,4,82,541,623,True,0.6922816825210766
Tox21,avg,0.5,1,24,200,16,16,0.0,val,client_2,5,30,657,687,True,0.778234398782344
Tox21,avg,0.5,1,24,200,16,16,0.0,val,client_2,6,21,612,633,True,0.6699346405228757
Tox21,avg,0.5,1,24,200,16,16,0.0,val,client_2,7,96,492,588,True,0.7041200880758807
Tox21,avg,0.5,1,24,200,16,16,0.0,val,client_2,8,30,677,707,True,0.7681930083702609
Tox21,avg,0.5,1,24,200,16,16,0.0,val,client_2,9,45,603,648,True,0.6030219274000368
Tox21,avg,0.5,1,24,200,16,16,0.0,val,client_2,10,92,495,587,True,0.8666447079490557
Tox21,avg,0.5,1,24,200,16,16,0.0,val,client_2,11,42,636,678,True,0.7988918837975442
Tox21,avg,0.5,1,24,200,16,16,0.0,val,client_3,0,31,696,727,True,0.7658509454949944
Tox21,avg,0.5,1,24,200,16,16,0.0,val,client_3,1,23,652,675,True,0.7766737796745798
Tox21,avg,0.5,1,24,200,16,16,0.0,val,client_3,2,74,567,641,True,0.839601506268173
Tox21,avg,0.5,1,24,200,16,16,0.0,val,client_3,3,19,546,565,True,0.7793522267206477
Tox21,avg,0.5,1,24,200,16,16,0.0,val,client_3,4,82,541,623,True,0.6816870294396105
Tox21,avg,0.5,1,24,200,16,16,0.0,val,client_3,5,30,657,687,True,0.7644342973110096
Tox21,avg,0.5,1,24,200,16,16,0.0,val,client_3,6,21,612,633,True,0.6370992841581077
Tox21,avg,0.5,1,24,200,16,16,0.0,val,client_3,7,96,492,588,True,0.6974932249322492
Tox21,avg,0.5,1,24,200,16,16,0.0,val,client_3,8,30,677,707,True,0.7648941408173313
Tox21,avg,0.5,1,24,200,16,16,0.0,val,client_3,9,45,603,648,True,0.6201953196978073
Tox21,avg,0.5,1,24,200,16,16,0.0,val,client_3,10,92,495,587,True,0.875098814229249
Tox21,avg,0.5,1,24,200,16,16,0.0,val,client_3,11,42,636,678,True,0.7735849056603773
Tox21,avg,0.5,1,24,200,16,16,0.0,test,server,0,32,693,725,True,0.8048340548340549
Tox21,avg,0.5,1,24,200,16,16,0.0,test,server,1,33,646,679,True,0.8759733558495167
Tox21,avg,0.5,1,24,200,16,16,0.0,test,server,2,77,572,649,True,0.8315548088275362
Tox21,avg,0.5,1,24,200,16,16,0.0,test,server,3,38,538,576,True,0.7352768538446488
Tox21,avg,0.5,1,24,200,16,16,0.0,test,server,4,80,531,611,True,0.7012005649717514
Tox21,avg,0.5,1,24,200,16,16,0.0,test,server,5,34,647,681,True,0.7788435312301117
Tox21,avg,0.5,1,24,200,16,16,0.0,test,server,6,21,617,638,True,0.7000077178359188
Tox21,avg,0.5,1,24,200,16,16,0.0,test,server,7,95,494,589,True,0.7533560622203281
Tox21,avg,0.5,1,24,200,16,16,0.0,test,server,8,32,670,702,True,0.782509328358209
Tox21,avg,0.5,1,24,200,16,16,0.0,test,server,9,36,621,657,True,0.6561549472177491
Tox21,avg,0.5,1,24,200,16,16,0.0,test,server,10,93,485,578,True,0.8342090677308502
Tox21,avg,0.5,1,24,200,16,16,0.0,test,server,11,48,624,672,True,0.7521367521367521
Tox21,avg,0.5,1,24,200,16,16,0.0,test,client_0,0,32,693,725,True,0.7960858585858585
Tox21,avg,0.5,1,24,200,16,16,0.0,test,client_0,1,33,646,679,True,0.8740500985083028
Tox21,avg,0.5,1,24,200,16,16,0.0,test,client_0,2,77,572,649,True,0.8396603396603397
Tox21,avg,0.5,1,24,200,16,16,0.0,test,client_0,3,38,538,576,True,0.7228526707102327
Tox21,avg,0.5,1,24,200,16,16,0.0,test,client_0,4,80,531,611,True,0.6906544256120526
Tox21,avg,0.5,1,24,200,16,16,0.0,test,client_0,5,34,647,681,True,0.7797981634694062
Tox21,avg,0.5,1,24,200,16,16,0.0,test,client_0,6,21,617,638,True,0.6849579377942424
Tox21,avg,0.5,1,24,200,16,16,0.0,test,client_0,7,95,494,589,True,0.7562326869806093
Tox21,avg,0.5,1,24,200,16,16,0.0,test,client_0,8,32,670,702,True,0.7805037313432835
Tox21,avg,0.5,1,24,200,16,16,0.0,test,client_0,9,36,621,657,True,0.6592860976918948
Tox21,avg,0.5,1,24,200,16,16,0.0,test,client_0,10,93,485,578,True,0.82068506817426
Tox21,avg,0.5,1,24,200,16,16,0.0,test,client_0,11,48,624,672,True,0.7515357905982907
Tox21,avg,0.5,1,24,200,16,16,0.0,test,client_1,0,32,693,725,True,0.8113275613275613
Tox21,avg,0.5,1,24,200,16,16,0.0,test,client_1,1,33,646,679,True,0.8640116333614787
Tox21,avg,0.5,1,24,200,16,16,0.0,test,client_1,2,77,572,649,True,0.8266733266733266
Tox21,avg,0.5,1,24,200,16,16,0.0,test,client_1,3,38,538,576,True,0.7377714732928977
Tox21,avg,0.5,1,24,200,16,16,0.0,test,client_1,4,80,531,611,True,0.6962806026365348
Tox21,avg,0.5,1,24,200,16,16,0.0,test,client_1,5,34,647,681,True,0.771070097281571
Tox21,avg,0.5,1,24,200,16,16,0.0,test,client_1,6,21,617,638,True,0.6552442695068302
Tox21,avg,0.5,1,24,200,16,16,0.0,test,client_1,7,95,494,589,True,0.7428936714255274
Tox21,avg,0.5,1,24,200,16,16,0.0,test,client_1,8,32,670,702,True,0.7594216417910448
Tox21,avg,0.5,1,24,200,16,16,0.0,test,client_1,9,36,621,657,True,0.6405439255680802
Tox21,avg,0.5,1,24,200,16,16,0.0,test,client_1,10,93,485,578,True,0.8268484646934928
Tox21,avg,0.5,1,24,200,16,16,0.0,test,client_1,11,48,624,672,True,0.7442908653846154
Tox21,avg,0.5,1,24,200,16,16,0.0,test,client_2,0,32,693,725,True,0.7987914862914863
Tox21,avg,0.5,1,24,200,16,16,0.0,test,client_2,1,33,646,679,True,0.8761609907120744
Tox21,avg,0.5,1,24,200,16,16,0.0,test,client_2,2,77,572,649,True,0.811938061938062
Tox21,avg,0.5,1,24,200,16,16,0.0,test,client_2,3,38,538,576,True,0.7282332224613579
Tox21,avg,0.5,1,24,200,16,16,0.0,test,client_2,4,80,531,611,True,0.6938794726930321
Tox21,avg,0.5,1,24,200,16,16,0.0,test,client_2,5,34,647,681,True,0.7681607418856259
Tox21,avg,0.5,1,24,200,16,16,0.0,test,client_2,6,21,617,638,True,0.7301072779192714
Tox21,avg,0.5,1,24,200,16,16,0.0,test,client_2,7,95,494,589,True,0.7459833795013852
Tox21,avg,0.5,1,24,200,16,16,0.0,test,client_2,8,32,670,702,True,0.7665111940298508
Tox21,avg,0.5,1,24,200,16,16,0.0,test,client_2,9,36,621,657,True,0.6497137233852209
Tox21,avg,0.5,1,24,200,16,16,0.0,test,client_2,10,93,485,578,True,0.8234342090677309
Tox21,avg,0.5,1,24,200,16,16,0.0,test,client_2,11,48,624,672,True,0.7485643696581197
Tox21,avg,0.5,1,24,200,16,16,0.0,test,client_3,0,32,693,725,True,0.7909000721500721
Tox21,avg,0.5,1,24,200,16,16,0.0,test,client_3,1,33,646,679,True,0.8573975044563279
Tox21,avg,0.5,1,24,200,16,16,0.0,test,client_3,2,77,572,649,True,0.8127781309599492
Tox21,avg,0.5,1,24,200,16,16,0.0,test,client_3,3,38,538,576,True,0.7132655057718645
Tox21,avg,0.5,1,24,200,16,16,0.0,test,client_3,4,80,531,611,True,0.7005649717514124
Tox21,avg,0.5,1,24,200,16,16,0.0,test,client_3,5,34,647,681,True,0.7691608328029821
Tox21,avg,0.5,1,24,200,16,16,0.0,test,client_3,6,21,617,638,True,0.7093462992976769
Tox21,avg,0.5,1,24,200,16,16,0.0,test,client_3,7,95,494,589,True,0.7340720221606649
Tox21,avg,0.5,1,24,200,16,16,0.0,test,client_3,8,32,670,702,True,0.748973880597015
Tox21,avg,0.5,1,24,200,16,16,0.0,test,client_3,9,36,621,657,True,0.6459563428162461
Tox21,avg,0.5,1,24,200,16,16,0.0,test,client_3,10,93,485,578,True,0.8290655138011307
Tox21,avg,0.5,1,24,200,16,16,0.0,test,client_3,11,48,624,672,True,0.7294003739316239
Tox21,avg,0.5,1,25,200,16,16,0.0,val,server,0,31,696,727,True,0.7902298850574713
Tox21,avg,0.5,1,25,200,16,16,0.0,val,server,1,23,652,675,True,0.7826753801013604
Tox21,avg,0.5,1,25,200,16,16,0.0,val,server,2,74,567,641,True,0.8432718432718432
Tox21,avg,0.5,1,25,200,16,16,0.0,val,server,3,19,546,565,True,0.7911123963755543
Tox21,avg,0.5,1,25,200,16,16,0.0,val,server,4,82,541,623,True,0.6959785401920563
Tox21,avg,0.5,1,25,200,16,16,0.0,val,server,5,30,657,687,True,0.7693049213597158
Tox21,avg,0.5,1,25,200,16,16,0.0,val,server,6,21,612,633,True,0.6536725801431683
Tox21,avg,0.5,1,25,200,16,16,0.0,val,server,7,96,492,588,True,0.7100694444444444
Tox21,avg,0.5,1,25,200,16,16,0.0,val,server,8,30,677,707,True,0.763121614967996
Tox21,avg,0.5,1,25,200,16,16,0.0,val,server,9,45,603,648,True,0.6215220195319697
Tox21,avg,0.5,1,25,200,16,16,0.0,val,server,10,92,495,587,True,0.8828502415458938
Tox21,avg,0.5,1,25,200,16,16,0.0,val,server,11,42,636,678,True,0.7845911949685535
Tox21,avg,0.5,1,25,200,16,16,0.0,val,client_0,0,31,696,727,True,0.7781794586577679
Tox21,avg,0.5,1,25,200,16,16,0.0,val,client_0,1,23,652,675,True,0.7784742598026141
Tox21,avg,0.5,1,25,200,16,16,0.0,val,client_0,2,74,567,641,True,0.8407216740550074
Tox21,avg,0.5,1,25,200,16,16,0.0,val,client_0,3,19,546,565,True,0.7769423558897243
Tox21,avg,0.5,1,25,200,16,16,0.0,val,client_0,4,82,541,623,True,0.7011406158423876
Tox21,avg,0.5,1,25,200,16,16,0.0,val,client_0,5,30,657,687,True,0.7646372399797058
Tox21,avg,0.5,1,25,200,16,16,0.0,val,client_0,6,21,612,633,True,0.6544506691565515
Tox21,avg,0.5,1,25,200,16,16,0.0,val,client_0,7,96,492,588,True,0.704395325203252
Tox21,avg,0.5,1,25,200,16,16,0.0,val,client_0,8,30,677,707,True,0.748301329394387
Tox21,avg,0.5,1,25,200,16,16,0.0,val,client_0,9,45,603,648,True,0.6357471899760457
Tox21,avg,0.5,1,25,200,16,16,0.0,val,client_0,10,92,495,587,True,0.8638998682476943
Tox21,avg,0.5,1,25,200,16,16,0.0,val,client_0,11,42,636,678,True,0.7655735250074872
Tox21,avg,0.5,1,25,200,16,16,0.0,val,client_1,0,31,696,727,True,0.7762791991101222
Tox21,avg,0.5,1,25,200,16,16,0.0,val,client_1,1,23,652,675,True,0.7499333155508137
Tox21,avg,0.5,1,25,200,16,16,0.0,val,client_1,2,74,567,641,True,0.8239191572524905
Tox21,avg,0.5,1,25,200,16,16,0.0,val,client_1,3,19,546,565,True,0.7444572970888761
Tox21,avg,0.5,1,25,200,16,16,0.0,val,client_1,4,82,541,623,True,0.6855191380009917
Tox21,avg,0.5,1,25,200,16,16,0.0,val,client_1,5,30,657,687,True,0.7581938102486048
Tox21,avg,0.5,1,25,200,16,16,0.0,val,client_1,6,21,612,633,True,0.6141456582633054
Tox21,avg,0.5,1,25,200,16,16,0.0,val,client_1,7,96,492,588,True,0.7061949525745257
Tox21,avg,0.5,1,25,200,16,16,0.0,val,client_1,8,30,677,707,True,0.7360413589364845
Tox21,avg,0.5,1,25,200,16,16,0.0,val,client_1,9,45,603,648,True,0.6102082181684172
Tox21,avg,0.5,1,25,200,16,16,0.0,val,client_1,10,92,495,587,True,0.8835529205094422
Tox21,avg,0.5,1,25,200,16,16,0.0,val,client_1,11,42,636,678,True,0.7652740341419587
Tox21,avg,0.5,1,25,200,16,16,0.0,val,client_2,0,31,696,727,True,0.8009362254356692
Tox21,avg,0.5,1,25,200,16,16,0.0,val,client_2,1,23,652,675,True,0.8025473459589223
Tox21,avg,0.5,1,25,200,16,16,0.0,val,client_2,2,74,567,641,True,0.8317126650459983
Tox21,avg,0.5,1,25,200,16,16,0.0,val,client_2,3,19,546,565,True,0.8030653556969346
Tox21,avg,0.5,1,25,200,16,16,0.0,val,client_2,4,82,541,623,True,0.697015463685136
Tox21,avg,0.5,1,25,200,16,16,0.0,val,client_2,5,30,657,687,True,0.7842212075088788
Tox21,avg,0.5,1,25,200,16,16,0.0,val,client_2,6,21,612,633,True,0.6772486772486772
Tox21,avg,0.5,1,25,200,16,16,0.0,val,client_2,7,96,492,588,True,0.7031673441734417
Tox21,avg,0.5,1,25,200,16,16,0.0,val,client_2,8,30,677,707,True,0.775726243229936
Tox21,avg,0.5,1,25,200,16,16,0.0,val,client_2,9,45,603,648,True,0.6032061912658927
Tox21,avg,0.5,1,25,200,16,16,0.0,val,client_2,10,92,495,587,True,0.8710584101888449
Tox21,avg,0.5,1,25,200,16,16,0.0,val,client_2,11,42,636,678,True,0.799266247379455
Tox21,avg,0.5,1,25,200,16,16,0.0,val,client_3,0,31,696,727,True,0.7668242491657398
Tox21,avg,0.5,1,25,200,16,16,0.0,val,client_3,1,23,652,675,True,0.7839423846359029
Tox21,avg,0.5,1,25,200,16,16,0.0,val,client_3,2,74,567,641,True,0.8374565041231707
Tox21,avg,0.5,1,25,200,16,16,0.0,val,client_3,3,19,546,565,True,0.7865818392134182
Tox21,avg,0.5,1,25,200,16,16,0.0,val,client_3,4,82,541,623,True,0.6820476984806817
Tox21,avg,0.5,1,25,200,16,16,0.0,val,client_3,5,30,657,687,True,0.7579908675799087
Tox21,avg,0.5,1,25,200,16,16,0.0,val,client_3,6,21,612,633,True,0.6276844070961718
Tox21,avg,0.5,1,25,200,16,16,0.0,val,client_3,7,96,492,588,True,0.7025533536585366
Tox21,avg,0.5,1,25,200,16,16,0.0,val,client_3,8,30,677,707,True,0.7645002461841457
Tox21,avg,0.5,1,25,200,16,16,0.0,val,client_3,9,45,603,648,True,0.6245807997051778
Tox21,avg,0.5,1,25,200,16,16,0.0,val,client_3,10,92,495,587,True,0.8806324110671937
Tox21,avg,0.5,1,25,200,16,16,0.0,val,client_3,11,42,636,678,True,0.7845163222521713
Tox21,avg,0.5,1,25,200,16,16,0.0,test,server,0,32,693,725,True,0.8052849927849928
Tox21,avg,0.5,1,25,200,16,16,0.0,test,server,1,33,646,679,True,0.8771460737405009
Tox21,avg,0.5,1,25,200,16,16,0.0,test,server,2,77,572,649,True,0.8304195804195804
Tox21,avg,0.5,1,25,200,16,16,0.0,test,server,3,38,538,576,True,0.741635687732342
Tox21,avg,0.5,1,25,200,16,16,0.0,test,server,4,80,531,611,True,0.7022834274952919
Tox21,avg,0.5,1,25,200,16,16,0.0,test,server,5,34,647,681,True,0.7825256841531048
Tox21,avg,0.5,1,25,200,16,16,0.0,test,server,6,21,617,638,True,0.6938334491008721
Tox21,avg,0.5,1,25,200,16,16,0.0,test,server,7,95,494,589,True,0.7559343703388025
Tox21,avg,0.5,1,25,200,16,16,0.0,test,server,8,32,670,702,True,0.7756996268656716
Tox21,avg,0.5,1,25,200,16,16,0.0,test,server,9,36,621,657,True,0.6649221685453569
Tox21,avg,0.5,1,25,200,16,16,0.0,test,server,10,93,485,578,True,0.8381775856335218
Tox21,avg,0.5,1,25,200,16,16,0.0,test,server,11,48,624,672,True,0.7508346688034189
Tox21,avg,0.5,1,25,200,16,16,0.0,test,client_0,0,32,693,725,True,0.7990169552669553
Tox21,avg,0.5,1,25,200,16,16,0.0,test,client_0,1,33,646,679,True,0.8646214466647902
Tox21,avg,0.5,1,25,200,16,16,0.0,test,client_0,2,77,572,649,True,0.8376623376623377
Tox21,avg,0.5,1,25,200,16,16,0.0,test,client_0,3,38,538,576,True,0.7372823322246136
Tox21,avg,0.5,1,25,200,16,16,0.0,test,client_0,4,80,531,611,True,0.6702212806026365
Tox21,avg,0.5,1,25,200,16,16,0.0,test,client_0,5,34,647,681,True,0.7578416219656333
Tox21,avg,0.5,1,25,200,16,16,0.0,test,client_0,6,21,617,638,True,0.6672840935401714
Tox21,avg,0.5,1,25,200,16,16,0.0,test,client_0,7,95,494,589,True,0.7714681440443213
Tox21,avg,0.5,1,25,200,16,16,0.0,test,client_0,8,32,670,702,True,0.7738805970149254
Tox21,avg,0.5,1,25,200,16,16,0.0,test,client_0,9,36,621,657,True,0.6993200930398998
Tox21,avg,0.5,1,25,200,16,16,0.0,test,client_0,10,93,485,578,True,0.8372907659904667
Tox21,avg,0.5,1,25,200,16,16,0.0,test,client_0,11,48,624,672,True,0.7494324252136753
Tox21,avg,0.5,1,25,200,16,16,0.0,test,client_1,0,32,693,725,True,0.8062770562770563
Tox21,avg,0.5,1,25,200,16,16,0.0,test,client_1,1,33,646,679,True,0.8630734590486913
Tox21,avg,0.5,1,25,200,16,16,0.0,test,client_1,2,77,572,649,True,0.8212242303151394
Tox21,avg,0.5,1,25,200,16,16,0.0,test,client_1,3,38,538,576,True,0.7350322833105069
Tox21,avg,0.5,1,25,200,16,16,0.0,test,client_1,4,80,531,611,True,0.697575329566855
Tox21,avg,0.5,1,25,200,16,16,0.0,test,client_1,5,34,647,681,True,0.785298663514865
Tox21,avg,0.5,1,25,200,16,16,0.0,test,client_1,6,21,617,638,True,0.6399629543875898
Tox21,avg,0.5,1,25,200,16,16,0.0,test,client_1,7,95,494,589,True,0.7316641806946517
Tox21,avg,0.5,1,25,200,16,16,0.0,test,client_1,8,32,670,702,True,0.7390858208955223
Tox21,avg,0.5,1,25,200,16,16,0.0,test,client_1,9,36,621,657,True,0.6450617283950618
Tox21,avg,0.5,1,25,200,16,16,0.0,test,client_1,10,93,485,578,True,0.8271366810774858
Tox21,avg,0.5,1,25,200,16,16,0.0,test,client_1,11,48,624,672,True,0.7408186431623932
Tox21,avg,0.5,1,25,200,16,16,0.0,test,client_2,0,32,693,725,True,0.7972582972582972
Tox21,avg,0.5,1,25,200,16,16,0.0,test,client_2,1,33,646,679,True,0.8789755136504362
Tox21,avg,0.5,1,25,200,16,16,0.0,test,client_2,2,77,572,649,True,0.8152756334574517
Tox21,avg,0.5,1,25,200,16,16,0.0,test,client_2,3,38,538,576,True,0.724907063197026
Tox21,avg,0.5,1,25,200,16,16,0.0,test,client_2,4,80,531,611,True,0.7013418079096047
Tox21,avg,0.5,1,25,200,16,16,0.0,test,client_2,5,34,647,681,True,0.7672970270024547
Tox21,avg,0.5,1,25,200,16,16,0.0,test,client_2,6,21,617,638,True,0.7318052018214093
Tox21,avg,0.5,1,25,200,16,16,0.0,test,client_2,7,95,494,589,True,0.7486682292776475
Tox21,avg,0.5,1,25,200,16,16,0.0,test,client_2,8,32,670,702,True,0.7736007462686568
Tox21,avg,0.5,1,25,200,16,16,0.0,test,client_2,9,36,621,657,True,0.6493111468956879
Tox21,avg,0.5,1,25,200,16,16,0.0,test,client_2,10,93,485,578,True,0.8296641170601928
Tox21,avg,0.5,1,25,200,16,16,0.0,test,client_2,11,48,624,672,True,0.7416199252136753
Tox21,avg,0.5,1,25,200,16,16,0.0,test,client_3,0,32,693,725,True,0.7973033910533911
Tox21,avg,0.5,1,25,200,16,16,0.0,test,client_3,1,33,646,679,True,0.8594614879444602
Tox21,avg,0.5,1,25,200,16,16,0.0,test,client_3,2,77,572,649,True,0.805535373717192
Tox21,avg,0.5,1,25,200,16,16,0.0,test,client_3,3,38,538,576,True,0.7239287810604578
Tox21,avg,0.5,1,25,200,16,16,0.0,test,client_3,4,80,531,611,True,0.7041431261770246
Tox21,avg,0.5,1,25,200,16,16,0.0,test,client_3,5,34,647,681,True,0.7734339485407765
Tox21,avg,0.5,1,25,200,16,16,0.0,test,client_3,6,21,617,638,True,0.6973064752643359
Tox21,avg,0.5,1,25,200,16,16,0.0,test,client_3,7,95,494,589,True,0.7355849137012571
Tox21,avg,0.5,1,25,200,16,16,0.0,test,client_3,8,32,670,702,True,0.7527985074626866
Tox21,avg,0.5,1,25,200,16,16,0.0,test,client_3,9,36,621,657,True,0.6537842190016103
Tox21,avg,0.5,1,25,200,16,16,0.0,test,client_3,10,93,485,578,True,0.8323689169715109
Tox21,avg,0.5,1,25,200,16,16,0.0,test,client_3,11,48,624,672,True,0.7347422542735043
Tox21,avg,0.5,1,26,200,16,16,0.0,val,server,0,31,696,727,True,0.7904152762328513
Tox21,avg,0.5,1,26,200,16,16,0.0,val,server,1,23,652,675,True,0.7798746332355295
Tox21,avg,0.5,1,26,200,16,16,0.0,val,server,2,74,567,641,True,0.8511130177796845
Tox21,avg,0.5,1,26,200,16,16,0.0,val,server,3,19,546,565,True,0.8037401195295933
Tox21,avg,0.5,1,26,200,16,16,0.0,val,server,4,82,541,623,True,0.6845047563229791
Tox21,avg,0.5,1,26,200,16,16,0.0,val,server,5,30,657,687,True,0.7687468290208016
Tox21,avg,0.5,1,26,200,16,16,0.0,val,server,6,21,612,633,True,0.6560068471833178
Tox21,avg,0.5,1,26,200,16,16,0.0,val,server,7,96,492,588,True,0.7134569783197832
Tox21,avg,0.5,1,26,200,16,16,0.0,val,server,8,30,677,707,True,0.7742983751846381
Tox21,avg,0.5,1,26,200,16,16,0.0,val,server,9,45,603,648,True,0.6304403906393956
Tox21,avg,0.5,1,26,200,16,16,0.0,val,server,10,92,495,587,True,0.8841238471673253
Tox21,avg,0.5,1,26,200,16,16,0.0,val,server,11,42,636,678,True,0.7930518119197364
Tox21,avg,0.5,1,26,200,16,16,0.0,val,client_0,0,31,696,727,True,0.7807749351130887
Tox21,avg,0.5,1,26,200,16,16,0.0,val,client_0,1,23,652,675,True,0.773272872766071
Tox21,avg,0.5,1,26,200,16,16,0.0,val,client_0,2,74,567,641,True,0.841675008341675
Tox21,avg,0.5,1,26,200,16,16,0.0,val,client_0,3,19,546,565,True,0.7991131675342201
Tox21,avg,0.5,1,26,200,16,16,0.0,val,client_0,4,82,541,623,True,0.6583562508453181
Tox21,avg,0.5,1,26,200,16,16,0.0,val,client_0,5,30,657,687,True,0.7353627600202942
Tox21,avg,0.5,1,26,200,16,16,0.0,val,client_0,6,21,612,633,True,0.6410675381263617
Tox21,avg,0.5,1,26,200,16,16,0.0,val,client_0,7,96,492,588,True,0.6938516260162602
Tox21,avg,0.5,1,26,200,16,16,0.0,val,client_0,8,30,677,707,True,0.7465288035450517
Tox21,avg,0.5,1,26,200,16,16,0.0,val,client_0,9,45,603,648,True,0.636852773171181
Tox21,avg,0.5,1,26,200,16,16,0.0,val,client_0,10,92,495,587,True,0.8493851559068951
Tox21,avg,0.5,1,26,200,16,16,0.0,val,client_0,11,42,636,678,True,0.7660601976639713
Tox21,avg,0.5,1,26,200,16,16,0.0,val,client_1,0,31,696,727,True,0.7931497960697071
Tox21,avg,0.5,1,26,200,16,16,0.0,val,client_1,1,23,652,675,True,0.7530674846625768
Tox21,avg,0.5,1,26,200,16,16,0.0,val,client_1,2,74,567,641,True,0.8265408265408264
Tox21,avg,0.5,1,26,200,16,16,0.0,val,client_1,3,19,546,565,True,0.7292269134374398
Tox21,avg,0.5,1,26,200,16,16,0.0,val,client_1,4,82,541,623,True,0.6783282989946351
Tox21,avg,0.5,1,26,200,16,16,0.0,val,client_1,5,30,657,687,True,0.7549974632166414
Tox21,avg,0.5,1,26,200,16,16,0.0,val,client_1,6,21,612,633,True,0.6342981637099283
Tox21,avg,0.5,1,26,200,16,16,0.0,val,client_1,7,96,492,588,True,0.7065760501355014
Tox21,avg,0.5,1,26,200,16,16,0.0,val,client_1,8,30,677,707,True,0.7638601674052191
Tox21,avg,0.5,1,26,200,16,16,0.0,val,client_1,9,45,603,648,True,0.6138566427123641
Tox21,avg,0.5,1,26,200,16,16,0.0,val,client_1,10,92,495,587,True,0.8882520860781732
Tox21,avg,0.5,1,26,200,16,16,0.0,val,client_1,11,42,636,678,True,0.7754567235699311
Tox21,avg,0.5,1,26,200,16,16,0.0,val,client_2,0,31,696,727,True,0.8081201334816464
Tox21,avg,0.5,1,26,200,16,16,0.0,val,client_2,1,23,652,675,True,0.8076153640970924
Tox21,avg,0.5,1,26,200,16,16,0.0,val,client_2,2,74,567,641,True,0.8285904952571619
Tox21,avg,0.5,1,26,200,16,16,0.0,val,client_2,3,19,546,565,True,0.8083670715249662
Tox21,avg,0.5,1,26,200,16,16,0.0,val,client_2,4,82,541,623,True,0.68937378837744
Tox21,avg,0.5,1,26,200,16,16,0.0,val,client_2,5,30,657,687,True,0.786960933536276
Tox21,avg,0.5,1,26,200,16,16,0.0,val,client_2,6,21,612,633,True,0.6655773420479303
Tox21,avg,0.5,1,26,200,16,16,0.0,val,client_2,7,96,492,588,True,0.7051786924119241
Tox21,avg,0.5,1,26,200,16,16,0.0,val,client_2,8,30,677,707,True,0.7786312161496799
Tox21,avg,0.5,1,26,200,16,16,0.0,val,client_2,9,45,603,648,True,0.6092131932927953
Tox21,avg,0.5,1,26,200,16,16,0.0,val,client_2,10,92,495,587,True,0.86822573561704
Tox21,avg,0.5,1,26,200,16,16,0.0,val,client_2,11,42,636,678,True,0.8009883198562444
Tox21,avg,0.5,1,26,200,16,16,0.0,val,client_3,0,31,696,727,True,0.7686318131256953
Tox21,avg,0.5,1,26,200,16,16,0.0,val,client_3,1,23,652,675,True,0.795812216591091
Tox21,avg,0.5,1,26,200,16,16,0.0,val,client_3,2,74,567,641,True,0.8408170074836742
Tox21,avg,0.5,1,26,200,16,16,0.0,val,client_3,3,19,546,565,True,0.7922691343743975
Tox21,avg,0.5,1,26,200,16,16,0.0,val,client_3,4,82,541,623,True,0.6864208106036699
Tox21,avg,0.5,1,26,200,16,16,0.0,val,client_3,5,30,657,687,True,0.7741755454084221
Tox21,avg,0.5,1,26,200,16,16,0.0,val,client_3,6,21,612,633,True,0.6571739807033924
Tox21,avg,0.5,1,26,200,16,16,0.0,val,client_3,7,96,492,588,True,0.7092013888888888
Tox21,avg,0.5,1,26,200,16,16,0.0,val,client_3,8,30,677,707,True,0.7741506646971935
Tox21,avg,0.5,1,26,200,16,16,0.0,val,client_3,9,45,603,648,True,0.6250967385295743
Tox21,avg,0.5,1,26,200,16,16,0.0,val,client_3,10,92,495,587,True,0.8801054018445321
Tox21,avg,0.5,1,26,200,16,16,0.0,val,client_3,11,42,636,678,True,0.7882225217130877
Tox21,avg,0.5,1,26,200,16,16,0.0,test,server,0,32,693,725,True,0.8017676767676767
Tox21,avg,0.5,1,26,200,16,16,0.0,test,server,1,33,646,679,True,0.8803358664039779
Tox21,avg,0.5,1,26,200,16,16,0.0,test,server,2,77,572,649,True,0.8330306057578785
Tox21,avg,0.5,1,26,200,16,16,0.0,test,server,3,38,538,576,True,0.7480434357268636
Tox21,avg,0.5,1,26,200,16,16,0.0,test,server,4,80,531,611,True,0.6995998116760829
Tox21,avg,0.5,1,26,200,16,16,0.0,test,server,5,34,647,681,True,0.7812073824893173
Tox21,avg,0.5,1,26,200,16,16,0.0,test,server,6,21,617,638,True,0.705796094775025
Tox21,avg,0.5,1,26,200,16,16,0.0,test,server,7,95,494,589,True,0.7611122949073088
Tox21,avg,0.5,1,26,200,16,16,0.0,test,server,8,32,670,702,True,0.7936567164179104
Tox21,avg,0.5,1,26,200,16,16,0.0,test,server,9,36,621,657,True,0.6765968867418143
Tox21,avg,0.5,1,26,200,16,16,0.0,test,server,10,93,485,578,True,0.8448287329564349
Tox21,avg,0.5,1,26,200,16,16,0.0,test,server,11,48,624,672,True,0.7588141025641025
Tox21,avg,0.5,1,26,200,16,16,0.0,test,client_0,0,32,693,725,True,0.777507215007215
Tox21,avg,0.5,1,26,200,16,16,0.0,test,client_0,1,33,646,679,True,0.8298620883760203
Tox21,avg,0.5,1,26,200,16,16,0.0,test,client_0,2,77,572,649,True,0.8332349468713106
Tox21,avg,0.5,1,26,200,16,16,0.0,test,client_0,3,38,538,576,True,0.7474075523380943
Tox21,avg,0.5,1,26,200,16,16,0.0,test,client_0,4,80,531,611,True,0.6509651600753295
Tox21,avg,0.5,1,26,200,16,16,0.0,test,client_0,5,34,647,681,True,0.7365215019547232
Tox21,avg,0.5,1,26,200,16,16,0.0,test,client_0,6,21,617,638,True,0.6665894883074786
Tox21,avg,0.5,1,26,200,16,16,0.0,test,client_0,7,95,494,589,True,0.7486682292776476
Tox21,avg,0.5,1,26,200,16,16,0.0,test,client_0,8,32,670,702,True,0.7816231343283583
Tox21,avg,0.5,1,26,200,16,16,0.0,test,client_0,9,36,621,657,True,0.7120683485417785
Tox21,avg,0.5,1,26,200,16,16,0.0,test,client_0,10,93,485,578,True,0.8293315596940471
Tox21,avg,0.5,1,26,200,16,16,0.0,test,client_0,11,48,624,672,True,0.7502337072649573
Tox21,avg,0.5,1,26,200,16,16,0.0,test,client_1,0,32,693,725,True,0.8119137806637806
Tox21,avg,0.5,1,26,200,16,16,0.0,test,client_1,1,33,646,679,True,0.8611502017074772
Tox21,avg,0.5,1,26,200,16,16,0.0,test,client_1,2,77,572,649,True,0.820134411043502
Tox21,avg,0.5,1,26,200,16,16,0.0,test,client_1,3,38,538,576,True,0.7385051848953238
Tox21,avg,0.5,1,26,200,16,16,0.0,test,client_1,4,80,531,611,True,0.6960216572504707
Tox21,avg,0.5,1,26,200,16,16,0.0,test,client_1,5,34,647,681,True,0.7770706427857077
Tox21,avg,0.5,1,26,200,16,16,0.0,test,client_1,6,21,617,638,True,0.6617272516786293
Tox21,avg,0.5,1,26,200,16,16,0.0,test,client_1,7,95,494,589,True,0.7482420626464947
Tox21,avg,0.5,1,26,200,16,16,0.0,test,client_1,8,32,670,702,True,0.7649253731343283
Tox21,avg,0.5,1,26,200,16,16,0.0,test,client_1,9,36,621,657,True,0.6578994453390589
Tox21,avg,0.5,1,26,200,16,16,0.0,test,client_1,10,93,485,578,True,0.8324575989358164
Tox21,avg,0.5,1,26,200,16,16,0.0,test,client_1,11,48,624,672,True,0.7458934294871795
Tox21,avg,0.5,1,26,200,16,16,0.0,test,client_2,0,32,693,725,True,0.7965367965367965
Tox21,avg,0.5,1,26,200,16,16,0.0,test,client_2,1,33,646,679,True,0.8771929824561404
Tox21,avg,0.5,1,26,200,16,16,0.0,test,client_2,2,77,572,649,True,0.8070338752156934
Tox21,avg,0.5,1,26,200,16,16,0.0,test,client_2,3,38,538,576,True,0.7277440813930738
Tox21,avg,0.5,1,26,200,16,16,0.0,test,client_2,4,80,531,611,True,0.6988229755178909
Tox21,avg,0.5,1,26,200,16,16,0.0,test,client_2,5,34,647,681,True,0.7659787253386672
Tox21,avg,0.5,1,26,200,16,16,0.0,test,client_2,6,21,617,638,True,0.7321139152581616
Tox21,avg,0.5,1,26,200,16,16,0.0,test,client_2,7,95,494,589,True,0.7493927125506074
Tox21,avg,0.5,1,26,200,16,16,0.0,test,client_2,8,32,670,702,True,0.7808768656716418
Tox21,avg,0.5,1,26,200,16,16,0.0,test,client_2,9,36,621,657,True,0.6519055287171229
Tox21,avg,0.5,1,26,200,16,16,0.0,test,client_2,10,93,485,578,True,0.8312160514355393
Tox21,avg,0.5,1,26,200,16,16,0.0,test,client_2,11,48,624,672,True,0.7363782051282051
Tox21,avg,0.5,1,26,200,16,16,0.0,test,client_3,0,32,693,725,True,0.7925685425685426
Tox21,avg,0.5,1,26,200,16,16,0.0,test,client_3,1,33,646,679,True,0.8733933764893518
Tox21,avg,0.5,1,26,200,16,16,0.0,test,client_3,2,77,572,649,True,0.81454908727636
Tox21,avg,0.5,1,26,200,16,16,0.0,test,client_3,3,38,538,576,True,0.7201623948346704
Tox21,avg,0.5,1,26,200,16,16,0.0,test,client_3,4,80,531,611,True,0.7026836158192091
Tox21,avg,0.5,1,26,200,16,16,0.0,test,client_3,5,34,647,681,True,0.7851168288026183
Tox21,avg,0.5,1,26,200,16,16,0.0,test,client_3,6,21,617,638,True,0.7163695299837924
Tox21,avg,0.5,1,26,200,16,16,0.0,test,client_3,7,95,494,589,True,0.7503942041338163
Tox21,avg,0.5,1,26,200,16,16,0.0,test,client_3,8,32,670,702,True,0.7621735074626865
Tox21,avg,0.5,1,26,200,16,16,0.0,test,client_3,9,36,621,657,True,0.6617462873501521
Tox21,avg,0.5,1,26,200,16,16,0.0,test,client_3,10,93,485,578,True,0.8359383660348078
Tox21,avg,0.5,1,26,200,16,16,0.0,test,client_3,11,48,624,672,True,0.7422208867521367
Tox21,avg,0.5,1,27,200,16,16,0.0,val,server,0,31,696,727,True,0.7982017055988135
Tox21,avg,0.5,1,27,200,16,16,0.0,val,server,1,23,652,675,True,0.7798079487863431
Tox21,avg,0.5,1,27,200,16,16,0.0,val,server,2,74,567,641,True,0.854997854997855
Tox21,avg,0.5,1,27,200,16,16,0.0,val,server,3,19,546,565,True,0.7986311933680355
Tox21,avg,0.5,1,27,200,16,16,0.0,val,server,4,82,541,623,True,0.6926874351922818
Tox21,avg,0.5,1,27,200,16,16,0.0,val,server,5,30,657,687,True,0.7840436326737696
Tox21,avg,0.5,1,27,200,16,16,0.0,val,server,6,21,612,633,True,0.6626206037970744
Tox21,avg,0.5,1,27,200,16,16,0.0,val,server,7,96,492,588,True,0.7192793021680217
Tox21,avg,0.5,1,27,200,16,16,0.0,val,server,8,30,677,707,True,0.7786804529788282
Tox21,avg,0.5,1,27,200,16,16,0.0,val,server,9,45,603,648,True,0.625612677353971
Tox21,avg,0.5,1,27,200,16,16,0.0,val,server,10,92,495,587,True,0.8827184892402283
Tox21,avg,0.5,1,27,200,16,16,0.0,val,server,11,42,636,678,True,0.7851901766996106
Tox21,avg,0.5,1,27,200,16,16,0.0,val,client_0,0,31,696,727,True,0.7778550241008528
Tox21,avg,0.5,1,27,200,16,16,0.0,val,client_0,1,23,652,675,True,0.7678047479327821
Tox21,avg,0.5,1,27,200,16,16,0.0,val,client_0,2,74,567,641,True,0.8574765241431908
Tox21,avg,0.5,1,27,200,16,16,0.0,val,client_0,3,19,546,565,True,0.7985347985347985
Tox21,avg,0.5,1,27,200,16,16,0.0,val,client_0,4,82,541,623,True,0.6848203417339165
Tox21,avg,0.5,1,27,200,16,16,0.0,val,client_0,5,30,657,687,True,0.7752917300862506
Tox21,avg,0.5,1,27,200,16,16,0.0,val,client_0,6,21,612,633,True,0.6417678182384066
Tox21,avg,0.5,1,27,200,16,16,0.0,val,client_0,7,96,492,588,True,0.7238313008130082
Tox21,avg,0.5,1,27,200,16,16,0.0,val,client_0,8,30,677,707,True,0.765534219596258
Tox21,avg,0.5,1,27,200,16,16,0.0,val,client_0,9,45,603,648,True,0.6394324672931638
Tox21,avg,0.5,1,27,200,16,16,0.0,val,client_0,10,92,495,587,True,0.8634606938954764
Tox21,avg,0.5,1,27,200,16,16,0.0,val,client_0,11,42,636,678,True,0.7716382150344414
Tox21,avg,0.5,1,27,200,16,16,0.0,val,client_1,0,31,696,727,True,0.8007971820541343
Tox21,avg,0.5,1,27,200,16,16,0.0,val,client_1,1,23,652,675,True,0.76126967191251
Tox21,avg,0.5,1,27,200,16,16,0.0,val,client_1,2,74,567,641,True,0.8393631726965062
Tox21,avg,0.5,1,27,200,16,16,0.0,val,client_1,3,19,546,565,True,0.7306728359359937
Tox21,avg,0.5,1,27,200,16,16,0.0,val,client_1,4,82,541,623,True,0.681934989405347
Tox21,avg,0.5,1,27,200,16,16,0.0,val,client_1,5,30,657,687,True,0.7719939117199393
Tox21,avg,0.5,1,27,200,16,16,0.0,val,client_1,6,21,612,633,True,0.6377995642701524
Tox21,avg,0.5,1,27,200,16,16,0.0,val,client_1,7,96,492,588,True,0.7156377032520325
Tox21,avg,0.5,1,27,200,16,16,0.0,val,client_1,8,30,677,707,True,0.7723289020187101
Tox21,avg,0.5,1,27,200,16,16,0.0,val,client_1,9,45,603,648,True,0.6111663902708679
Tox21,avg,0.5,1,27,200,16,16,0.0,val,client_1,10,92,495,587,True,0.8821475625823451
Tox21,avg,0.5,1,27,200,16,16,0.0,val,client_1,11,42,636,678,True,0.7737346510931418
Tox21,avg,0.5,1,27,200,16,16,0.0,val,client_2,0,31,696,727,True,0.8117816091954023
Tox21,avg,0.5,1,27,200,16,16,0.0,val,client_2,1,23,652,675,True,0.8051480394771938
Tox21,avg,0.5,1,27,200,16,16,0.0,val,client_2,2,74,567,641,True,0.8299728299728301
Tox21,avg,0.5,1,27,200,16,16,0.0,val,client_2,3,19,546,565,True,0.8153074995180258
Tox21,avg,0.5,1,27,200,16,16,0.0,val,client_2,4,82,541,623,True,0.6944456967675037
Tox21,avg,0.5,1,27,200,16,16,0.0,val,client_2,5,30,657,687,True,0.7838660578386606
Tox21,avg,0.5,1,27,200,16,16,0.0,val,client_2,6,21,612,633,True,0.6770152505446623
Tox21,avg,0.5,1,27,200,16,16,0.0,val,client_2,7,96,492,588,True,0.709180216802168
Tox21,avg,0.5,1,27,200,16,16,0.0,val,client_2,8,30,677,707,True,0.7736582964057115
Tox21,avg,0.5,1,27,200,16,16,0.0,val,client_2,9,45,603,648,True,0.6057121798415331
Tox21,avg,0.5,1,27,200,16,16,0.0,val,client_2,10,92,495,587,True,0.873473869126043
Tox21,avg,0.5,1,27,200,16,16,0.0,val,client_2,11,42,636,678,True,0.7958969751422581
Tox21,avg,0.5,1,27,200,16,16,0.0,val,client_3,0,31,696,727,True,0.7709028550241009
Tox21,avg,0.5,1,27,200,16,16,0.0,val,client_3,1,23,652,675,True,0.7894105094691919
Tox21,avg,0.5,1,27,200,16,16,0.0,val,client_3,2,74,567,641,True,0.8443681777015111
Tox21,avg,0.5,1,27,200,16,16,0.0,val,client_3,3,19,546,565,True,0.7950645845382687
Tox21,avg,0.5,1,27,200,16,16,0.0,val,client_3,4,82,541,623,True,0.6873224832063478
Tox21,avg,0.5,1,27,200,16,16,0.0,val,client_3,5,30,657,687,True,0.7756468797564688
Tox21,avg,0.5,1,27,200,16,16,0.0,val,client_3,6,21,612,633,True,0.6538281979458449
Tox21,avg,0.5,1,27,200,16,16,0.0,val,client_3,7,96,492,588,True,0.7063643292682926
Tox21,avg,0.5,1,27,200,16,16,0.0,val,client_3,8,30,677,707,True,0.7733136386016741
Tox21,avg,0.5,1,27,200,16,16,0.0,val,client_3,9,45,603,648,True,0.6213377556661139
Tox21,avg,0.5,1,27,200,16,16,0.0,val,client_3,10,92,495,587,True,0.8774483970136144
Tox21,avg,0.5,1,27,200,16,16,0.0,val,client_3,11,42,636,678,True,0.7814839772386942
Tox21,avg,0.5,1,27,200,16,16,0.0,test,server,0,32,693,725,True,0.8066829004329005
Tox21,avg,0.5,1,27,200,16,16,0.0,test,server,1,33,646,679,True,0.884463833380242
Tox21,avg,0.5,1,27,200,16,16,0.0,test,server,2,77,572,649,True,0.8414085914085915
Tox21,avg,0.5,1,27,200,16,16,0.0,test,server,3,38,538,576,True,0.7369399334768147
Tox21,avg,0.5,1,27,200,16,16,0.0,test,server,4,80,531,611,True,0.702024482109228
Tox21,avg,0.5,1,27,200,16,16,0.0,test,server,5,34,647,681,True,0.784162196563324
Tox21,avg,0.5,1,27,200,16,16,0.0,test,server,6,21,617,638,True,0.7044068843096396
Tox21,avg,0.5,1,27,200,16,16,0.0,test,server,7,95,494,589,True,0.7633922863839762
Tox21,avg,0.5,1,27,200,16,16,0.0,test,server,8,32,670,702,True,0.7905783582089553
Tox21,avg,0.5,1,27,200,16,16,0.0,test,server,9,36,621,657,True,0.6598675970656646
Tox21,avg,0.5,1,27,200,16,16,0.0,test,server,10,93,485,578,True,0.8408602150537634
Tox21,avg,0.5,1,27,200,16,16,0.0,test,server,11,48,624,672,True,0.7590478098290598
Tox21,avg,0.5,1,27,200,16,16,0.0,test,client_0,0,32,693,725,True,0.8001893939393939
Tox21,avg,0.5,1,27,200,16,16,0.0,test,client_0,1,33,646,679,True,0.8733464677737124
Tox21,avg,0.5,1,27,200,16,16,0.0,test,client_0,2,77,572,649,True,0.844927799473254
Tox21,avg,0.5,1,27,200,16,16,0.0,test,client_0,3,38,538,576,True,0.7410487184504011
Tox21,avg,0.5,1,27,200,16,16,0.0,test,client_0,4,80,531,611,True,0.673587570621469
Tox21,avg,0.5,1,27,200,16,16,0.0,test,client_0,5,34,647,681,True,0.7719792708428039
Tox21,avg,0.5,1,27,200,16,16,0.0,test,client_0,6,21,617,638,True,0.6825654086594118
Tox21,avg,0.5,1,27,200,16,16,0.0,test,client_0,7,95,494,589,True,0.7718303856808012
Tox21,avg,0.5,1,27,200,16,16,0.0,test,client_0,8,32,670,702,True,0.7940764925373135
Tox21,avg,0.5,1,27,200,16,16,0.0,test,client_0,9,36,621,657,True,0.6908659867597066
Tox21,avg,0.5,1,27,200,16,16,0.0,test,client_0,10,93,485,578,True,0.8358275135794258
Tox21,avg,0.5,1,27,200,16,16,0.0,test,client_0,11,48,624,672,True,0.7608840811965812
Tox21,avg,0.5,1,27,200,16,16,0.0,test,client_1,0,32,693,725,True,0.8014520202020201
Tox21,avg,0.5,1,27,200,16,16,0.0,test,client_1,1,33,646,679,True,0.8682803264846609
Tox21,avg,0.5,1,27,200,16,16,0.0,test,client_1,2,77,572,649,True,0.8374125874125874
Tox21,avg,0.5,1,27,200,16,16,0.0,test,client_1,3,38,538,576,True,0.720945020543925
Tox21,avg,0.5,1,27,200,16,16,0.0,test,client_1,4,80,531,611,True,0.6947269303201506
Tox21,avg,0.5,1,27,200,16,16,0.0,test,client_1,5,34,647,681,True,0.7770251841076462
Tox21,avg,0.5,1,27,200,16,16,0.0,test,client_1,6,21,617,638,True,0.668904839083121
Tox21,avg,0.5,1,27,200,16,16,0.0,test,client_1,7,95,494,589,True,0.7426166631152782
Tox21,avg,0.5,1,27,200,16,16,0.0,test,client_1,8,32,670,702,True,0.7687966417910448
Tox21,avg,0.5,1,27,200,16,16,0.0,test,client_1,9,36,621,657,True,0.6407228484523171
Tox21,avg,0.5,1,27,200,16,16,0.0,test,client_1,10,93,485,578,True,0.8277352843365481
Tox21,avg,0.5,1,27,200,16,16,0.0,test,client_1,11,48,624,672,True,0.7518362713675214
Tox21,avg,0.5,1,27,200,16,16,0.0,test,client_2,0,32,693,725,True,0.8005050505050506
Tox21,avg,0.5,1,27,200,16,16,0.0,test,client_2,1,33,646,679,True,0.8790224223660756
Tox21,avg,0.5,1,27,200,16,16,0.0,test,client_2,2,77,572,649,True,0.8160021796385433
Tox21,avg,0.5,1,27,200,16,16,0.0,test,client_2,3,38,538,576,True,0.7317550381530034
Tox21,avg,0.5,1,27,200,16,16,0.0,test,client_2,4,80,531,611,True,0.7032015065913371
Tox21,avg,0.5,1,27,200,16,16,0.0,test,client_2,5,34,647,681,True,0.7745704154923175
Tox21,avg,0.5,1,27,200,16,16,0.0,test,client_2,6,21,617,638,True,0.7210002315350775
Tox21,avg,0.5,1,27,200,16,16,0.0,test,client_2,7,95,494,589,True,0.7531429789047517
Tox21,avg,0.5,1,27,200,16,16,0.0,test,client_2,8,32,670,702,True,0.776026119402985
Tox21,avg,0.5,1,27,200,16,16,0.0,test,client_2,9,36,621,657,True,0.6452406512792986
Tox21,avg,0.5,1,27,200,16,16,0.0,test,client_2,10,93,485,578,True,0.8313934153641503
Tox21,avg,0.5,1,27,200,16,16,0.0,test,client_2,11,48,624,672,True,0.7384147970085471
Tox21,avg,0.5,1,27,200,16,16,0.0,test,client_3,0,32,693,725,True,0.7934253246753247
Tox21,avg,0.5,1,27,200,16,16,0.0,test,client_3,1,33,646,679,True,0.8745660943803358
Tox21,avg,0.5,1,27,200,16,16,0.0,test,client_3,2,77,572,649,True,0.8230405957678686
Tox21,avg,0.5,1,27,200,16,16,0.0,test,client_3,3,38,538,576,True,0.7180590882410486
Tox21,avg,0.5,1,27,200,16,16,0.0,test,client_3,4,80,531,611,True,0.7038370998116761
Tox21,avg,0.5,1,27,200,16,16,0.0,test,client_3,5,34,647,681,True,0.7829348122556596
Tox21,avg,0.5,1,27,200,16,16,0.0,test,client_3,6,21,617,638,True,0.7150574978775951
Tox21,avg,0.5,1,27,200,16,16,0.0,test,client_3,7,95,494,589,True,0.742914979757085
Tox21,avg,0.5,1,27,200,16,16,0.0,test,client_3,8,32,670,702,True,0.7512126865671641
Tox21,avg,0.5,1,27,200,16,16,0.0,test,client_3,9,36,621,657,True,0.6469851494006083
Tox21,avg,0.5,1,27,200,16,16,0.0,test,client_3,10,93,485,578,True,0.8309943465247756
Tox21,avg,0.5,1,27,200,16,16,0.0,test,client_3,11,48,624,672,True,0.7459935897435898
Tox21,avg,0.5,1,28,200,16,16,0.0,val,server,0,31,696,727,True,0.7954208379681128
Tox21,avg,0.5,1,28,200,16,16,0.0,val,server,1,23,652,675,True,0.7869431848492932
Tox21,avg,0.5,1,28,200,16,16,0.0,val,server,2,74,567,641,True,0.8502550169216836
Tox21,avg,0.5,1,28,200,16,16,0.0,val,server,3,19,546,565,True,0.8051860420281473
Tox21,avg,0.5,1,28,200,16,16,0.0,val,server,4,82,541,623,True,0.692957936973085
Tox21,avg,0.5,1,28,200,16,16,0.0,val,server,5,30,657,687,True,0.7816336884830036
Tox21,avg,0.5,1,28,200,16,16,0.0,val,server,6,21,612,633,True,0.6646436352318705
Tox21,avg,0.5,1,28,200,16,16,0.0,val,server,7,96,492,588,True,0.720824864498645
Tox21,avg,0.5,1,28,200,16,16,0.0,val,server,8,30,677,707,True,0.7774002954209749
Tox21,avg,0.5,1,28,200,16,16,0.0,val,server,9,45,603,648,True,0.631545973834531
Tox21,avg,0.5,1,28,200,16,16,0.0,val,server,10,92,495,587,True,0.8833772507685551
Tox21,avg,0.5,1,28,200,16,16,0.0,val,server,11,42,636,678,True,0.7849655585504641
Tox21,avg,0.5,1,28,200,16,16,0.0,val,client_0,0,31,696,727,True,0.7907397107897665
Tox21,avg,0.5,1,28,200,16,16,0.0,val,client_0,1,23,652,675,True,0.7673379567884769
Tox21,avg,0.5,1,28,200,16,16,0.0,val,client_0,2,74,567,641,True,0.8410315076981744
Tox21,avg,0.5,1,28,200,16,16,0.0,val,client_0,3,19,546,565,True,0.7822440717177559
Tox21,avg,0.5,1,28,200,16,16,0.0,val,client_0,4,82,541,623,True,0.6862404760831342
Tox21,avg,0.5,1,28,200,16,16,0.0,val,client_0,5,30,657,687,True,0.7715372907153729
Tox21,avg,0.5,1,28,200,16,16,0.0,val,client_0,6,21,612,633,True,0.6324307500778089
Tox21,avg,0.5,1,28,200,16,16,0.0,val,client_0,7,96,492,588,True,0.7245299796747967
Tox21,avg,0.5,1,28,200,16,16,0.0,val,client_0,8,30,677,707,True,0.7494830132939438
Tox21,avg,0.5,1,28,200,16,16,0.0,val,client_0,9,45,603,648,True,0.6344573429150544
Tox21,avg,0.5,1,28,200,16,16,0.0,val,client_0,10,92,495,587,True,0.8566095740008783
Tox21,avg,0.5,1,28,200,16,16,0.0,val,client_0,11,42,636,678,True,0.7477163821503444
Tox21,avg,0.5,1,28,200,16,16,0.0,val,client_1,0,31,696,727,True,0.7879588431590657
Tox21,avg,0.5,1,28,200,16,16,0.0,val,client_1,1,23,652,675,True,0.7632702053881035
Tox21,avg,0.5,1,28,200,16,16,0.0,val,client_1,2,74,567,641,True,0.8207016540349874
Tox21,avg,0.5,1,28,200,16,16,0.0,val,client_1,3,19,546,565,True,0.7235396182764605
Tox21,avg,0.5,1,28,200,16,16,0.0,val,client_1,4,82,541,623,True,0.6889454938911682
Tox21,avg,0.5,1,28,200,16,16,0.0,val,client_1,5,30,657,687,True,0.7653475393201421
Tox21,avg,0.5,1,28,200,16,16,0.0,val,client_1,6,21,612,633,True,0.648615001556178
Tox21,avg,0.5,1,28,200,16,16,0.0,val,client_1,7,96,492,588,True,0.7071476964769648
Tox21,avg,0.5,1,28,200,16,16,0.0,val,client_1,8,30,677,707,True,0.7599212210733629
Tox21,avg,0.5,1,28,200,16,16,0.0,val,client_1,9,45,603,648,True,0.6139303482587065
Tox21,avg,0.5,1,28,200,16,16,0.0,val,client_1,10,92,495,587,True,0.8864734299516909
Tox21,avg,0.5,1,28,200,16,16,0.0,val,client_1,11,42,636,678,True,0.7712638514525307
Tox21,avg,0.5,1,28,200,16,16,0.0,val,client_2,0,31,696,727,True,0.8044586577678902
Tox21,avg,0.5,1,28,200,16,16,0.0,val,client_2,1,23,652,675,True,0.8066817818084823
Tox21,avg,0.5,1,28,200,16,16,0.0,val,client_2,2,74,567,641,True,0.834977834977835
Tox21,avg,0.5,1,28,200,16,16,0.0,val,client_2,3,19,546,565,True,0.816657027183343
Tox21,avg,0.5,1,28,200,16,16,0.0,val,client_2,4,82,541,623,True,0.6831973310490961
Tox21,avg,0.5,1,28,200,16,16,0.0,val,client_2,5,30,657,687,True,0.7867579908675799
Tox21,avg,0.5,1,28,200,16,16,0.0,val,client_2,6,21,612,633,True,0.6836290071584189
Tox21,avg,0.5,1,28,200,16,16,0.0,val,client_2,7,96,492,588,True,0.705517445799458
Tox21,avg,0.5,1,28,200,16,16,0.0,val,client_2,8,30,677,707,True,0.7868537666174298
Tox21,avg,0.5,1,28,200,16,16,0.0,val,client_2,9,45,603,648,True,0.6066703519439838
Tox21,avg,0.5,1,28,200,16,16,0.0,val,client_2,10,92,495,587,True,0.8699165568730787
Tox21,avg,0.5,1,28,200,16,16,0.0,val,client_2,11,42,636,678,True,0.8091868823000897
Tox21,avg,0.5,1,28,200,16,16,0.0,val,client_3,0,31,696,727,True,0.764182424916574
Tox21,avg,0.5,1,28,200,16,16,0.0,val,client_3,1,23,652,675,True,0.8003467591357696
Tox21,avg,0.5,1,28,200,16,16,0.0,val,client_3,2,74,567,641,True,0.8403641736975069
Tox21,avg,0.5,1,28,200,16,16,0.0,val,client_3,3,19,546,565,True,0.7945826103720841
Tox21,avg,0.5,1,28,200,16,16,0.0,val,client_3,4,82,541,623,True,0.6888778684459672
Tox21,avg,0.5,1,28,200,16,16,0.0,val,client_3,5,30,657,687,True,0.7722983257229833
Tox21,avg,0.5,1,28,200,16,16,0.0,val,client_3,6,21,612,633,True,0.6541394335511983
Tox21,avg,0.5,1,28,200,16,16,0.0,val,client_3,7,96,492,588,True,0.706004403794038
Tox21,avg,0.5,1,28,200,16,16,0.0,val,client_3,8,30,677,707,True,0.7698670605612998
Tox21,avg,0.5,1,28,200,16,16,0.0,val,client_3,9,45,603,648,True,0.6265708494564216
Tox21,avg,0.5,1,28,200,16,16,0.0,val,client_3,10,92,495,587,True,0.8796442687747036
Tox21,avg,0.5,1,28,200,16,16,0.0,val,client_3,11,42,636,678,True,0.780435759209344
Tox21,avg,0.5,1,28,200,16,16,0.0,test,server,0,32,693,725,True,0.8046987734487734
Tox21,avg,0.5,1,28,200,16,16,0.0,test,server,1,33,646,679,True,0.8886387090721456
Tox21,avg,0.5,1,28,200,16,16,0.0,test,server,2,77,572,649,True,0.840137135591681
Tox21,avg,0.5,1,28,200,16,16,0.0,test,server,3,38,538,576,True,0.742711798082567
Tox21,avg,0.5,1,28,200,16,16,0.0,test,server,4,80,531,611,True,0.7027777777777778
Tox21,avg,0.5,1,28,200,16,16,0.0,test,server,5,34,647,681,True,0.7877079734521321
Tox21,avg,0.5,1,28,200,16,16,0.0,test,server,6,21,617,638,True,0.7071081268812226
Tox21,avg,0.5,1,28,200,16,16,0.0,test,server,7,95,494,589,True,0.7631792030683998
Tox21,avg,0.5,1,28,200,16,16,0.0,test,server,8,32,670,702,True,0.7968283582089553
Tox21,avg,0.5,1,28,200,16,16,0.0,test,server,9,36,621,657,True,0.671542315262122
Tox21,avg,0.5,1,28,200,16,16,0.0,test,server,10,93,485,578,True,0.8387540184015075
Tox21,avg,0.5,1,28,200,16,16,0.0,test,server,11,48,624,672,True,0.762386485042735
Tox21,avg,0.5,1,28,200,16,16,0.0,test,client_0,0,32,693,725,True,0.7775523088023089
Tox21,avg,0.5,1,28,200,16,16,0.0,test,client_0,1,33,646,679,True,0.8618069237264284
Tox21,avg,0.5,1,28,200,16,16,0.0,test,client_0,2,77,572,649,True,0.8398873853419307
Tox21,avg,0.5,1,28,200,16,16,0.0,test,client_0,3,38,538,576,True,0.7375269027587555
Tox21,avg,0.5,1,28,200,16,16,0.0,test,client_0,4,80,531,611,True,0.6829096045197741
Tox21,avg,0.5,1,28,200,16,16,0.0,test,client_0,5,34,647,681,True,0.7780707337030639
Tox21,avg,0.5,1,28,200,16,16,0.0,test,client_0,6,21,617,638,True,0.6719147950914564
Tox21,avg,0.5,1,28,200,16,16,0.0,test,client_0,7,95,494,589,True,0.7673343277221393
Tox21,avg,0.5,1,28,200,16,16,0.0,test,client_0,8,32,670,702,True,0.804617537313433
Tox21,avg,0.5,1,28,200,16,16,0.0,test,client_0,9,36,621,657,True,0.6825908033637502
Tox21,avg,0.5,1,28,200,16,16,0.0,test,client_0,10,93,485,578,True,0.8162509699589847
Tox21,avg,0.5,1,28,200,16,16,0.0,test,client_0,11,48,624,672,True,0.7495659722222222
Tox21,avg,0.5,1,28,200,16,16,0.0,test,client_1,0,32,693,725,True,0.8135371572871571
Tox21,avg,0.5,1,28,200,16,16,0.0,test,client_1,1,33,646,679,True,0.8766300778684679
Tox21,avg,0.5,1,28,200,16,16,0.0,test,client_1,2,77,572,649,True,0.8275588048315321
Tox21,avg,0.5,1,28,200,16,16,0.0,test,client_1,3,38,538,576,True,0.729553903345725
Tox21,avg,0.5,1,28,200,16,16,0.0,test,client_1,4,80,531,611,True,0.6985875706214689
Tox21,avg,0.5,1,28,200,16,16,0.0,test,client_1,5,34,647,681,True,0.7855714155832348
Tox21,avg,0.5,1,28,200,16,16,0.0,test,client_1,6,21,617,638,True,0.6625762136296982
Tox21,avg,0.5,1,28,200,16,16,0.0,test,client_1,7,95,494,589,True,0.7407628382697635
Tox21,avg,0.5,1,28,200,16,16,0.0,test,client_1,8,32,670,702,True,0.7425839552238807
Tox21,avg,0.5,1,28,200,16,16,0.0,test,client_1,9,36,621,657,True,0.6490427625693326
Tox21,avg,0.5,1,28,200,16,16,0.0,test,client_1,10,93,485,578,True,0.8251191663895355
Tox21,avg,0.5,1,28,200,16,16,0.0,test,client_1,11,48,624,672,True,0.7589810363247864
Tox21,avg,0.5,1,28,200,16,16,0.0,test,client_2,0,32,693,725,True,0.8002344877344878
Tox21,avg,0.5,1,28,200,16,16,0.0,test,client_2,1,33,646,679,True,0.8844169246646028
Tox21,avg,0.5,1,28,200,16,16,0.0,test,client_2,2,77,572,649,True,0.8194532739987285
Tox21,avg,0.5,1,28,200,16,16,0.0,test,client_2,3,38,538,576,True,0.7267657992565054
Tox21,avg,0.5,1,28,200,16,16,0.0,test,client_2,4,80,531,611,True,0.6926318267419962
Tox21,avg,0.5,1,28,200,16,16,0.0,test,client_2,5,34,647,681,True,0.7557050640967361
Tox21,avg,0.5,1,28,200,16,16,0.0,test,client_2,6,21,617,638,True,0.7534151423940727
Tox21,avg,0.5,1,28,200,16,16,0.0,test,client_2,7,95,494,589,True,0.7486256126145323
Tox21,avg,0.5,1,28,200,16,16,0.0,test,client_2,8,32,670,702,True,0.7938899253731344
Tox21,avg,0.5,1,28,200,16,16,0.0,test,client_2,9,36,621,657,True,0.6573626766863482
Tox21,avg,0.5,1,28,200,16,16,0.0,test,client_2,10,93,485,578,True,0.8359161955437312
Tox21,avg,0.5,1,28,200,16,16,0.0,test,client_2,11,48,624,672,True,0.7554754273504274
Tox21,avg,0.5,1,28,200,16,16,0.0,test,client_3,0,32,693,725,True,0.7941017316017315
Tox21,avg,0.5,1,28,200,16,16,0.0,test,client_3,1,33,646,679,True,0.8773337086030585
Tox21,avg,0.5,1,28,200,16,16,0.0,test,client_3,2,77,572,649,True,0.8211788211788211
Tox21,avg,0.5,1,28,200,16,16,0.0,test,client_3,3,38,538,576,True,0.7211895910780669
Tox21,avg,0.5,1,28,200,16,16,0.0,test,client_3,4,80,531,611,True,0.7028483992467043
Tox21,avg,0.5,1,28,200,16,16,0.0,test,client_3,5,34,647,681,True,0.7840258205291389
Tox21,avg,0.5,1,28,200,16,16,0.0,test,client_3,6,21,617,638,True,0.7173728486532376
Tox21,avg,0.5,1,28,200,16,16,0.0,test,client_3,7,95,494,589,True,0.7471127210739399
Tox21,avg,0.5,1,28,200,16,16,0.0,test,client_3,8,32,670,702,True,0.7603078358208955
Tox21,avg,0.5,1,28,200,16,16,0.0,test,client_3,9,36,621,657,True,0.6601807121130792
Tox21,avg,0.5,1,28,200,16,16,0.0,test,client_3,10,93,485,578,True,0.8344751136237668
Tox21,avg,0.5,1,28,200,16,16,0.0,test,client_3,11,48,624,672,True,0.745960202991453
Tox21,avg,0.5,1,29,200,16,16,0.0,val,server,0,31,696,727,True,0.7955135335558028
Tox21,avg,0.5,1,29,200,16,16,0.0,val,server,1,23,652,675,True,0.7880101360362763
Tox21,avg,0.5,1,29,200,16,16,0.0,val,server,2,74,567,641,True,0.8466561799895134
Tox21,avg,0.5,1,29,200,16,16,0.0,val,server,3,19,546,565,True,0.805668016194332
Tox21,avg,0.5,1,29,200,16,16,0.0,val,server,4,82,541,623,True,0.6979847617330148
Tox21,avg,0.5,1,29,200,16,16,0.0,val,server,5,30,657,687,True,0.7824961948249619
Tox21,avg,0.5,1,29,200,16,16,0.0,val,server,6,21,612,633,True,0.6658107687519451
Tox21,avg,0.5,1,29,200,16,16,0.0,val,server,7,96,492,588,True,0.7178819444444444
Tox21,avg,0.5,1,29,200,16,16,0.0,val,server,8,30,677,707,True,0.7778926637124569
Tox21,avg,0.5,1,29,200,16,16,0.0,val,server,9,45,603,648,True,0.6315091210613599
Tox21,avg,0.5,1,29,200,16,16,0.0,val,server,10,92,495,587,True,0.8849802371541501
Tox21,avg,0.5,1,29,200,16,16,0.0,val,server,11,42,636,678,True,0.7850029949086552
Tox21,avg,0.5,1,29,200,16,16,0.0,val,client_0,0,31,696,727,True,0.7871245828698554
Tox21,avg,0.5,1,29,200,16,16,0.0,val,client_0,1,23,652,675,True,0.7702053881034943
Tox21,avg,0.5,1,29,200,16,16,0.0,val,client_0,2,74,567,641,True,0.8446780113446781
Tox21,avg,0.5,1,29,200,16,16,0.0,val,client_0,3,19,546,565,True,0.7952573742047426
Tox21,avg,0.5,1,29,200,16,16,0.0,val,client_0,4,82,541,623,True,0.6927776024525495
Tox21,avg,0.5,1,29,200,16,16,0.0,val,client_0,5,30,657,687,True,0.7804667681380011
Tox21,avg,0.5,1,29,200,16,16,0.0,val,client_0,6,21,612,633,True,0.6413009648303766
Tox21,avg,0.5,1,29,200,16,16,0.0,val,client_0,7,96,492,588,True,0.7180724932249324
Tox21,avg,0.5,1,29,200,16,16,0.0,val,client_0,8,30,677,707,True,0.7575578532742491
Tox21,avg,0.5,1,29,200,16,16,0.0,val,client_0,9,45,603,648,True,0.6375898286346048
Tox21,avg,0.5,1,29,200,16,16,0.0,val,client_0,10,92,495,587,True,0.8653930610452348
Tox21,avg,0.5,1,29,200,16,16,0.0,val,client_0,11,42,636,678,True,0.7596211440551064
Tox21,avg,0.5,1,29,200,16,16,0.0,val,client_1,0,31,696,727,True,0.7902298850574713
Tox21,avg,0.5,1,29,200,16,16,0.0,val,client_1,1,23,652,675,True,0.770738863696986
Tox21,avg,0.5,1,29,200,16,16,0.0,val,client_1,2,74,567,641,True,0.817960817960818
Tox21,avg,0.5,1,29,200,16,16,0.0,val,client_1,3,19,546,565,True,0.7344322344322344
Tox21,avg,0.5,1,29,200,16,16,0.0,val,client_1,4,82,541,623,True,0.6772012082412875
Tox21,avg,0.5,1,29,200,16,16,0.0,val,client_1,5,30,657,687,True,0.7450025367833588
Tox21,avg,0.5,1,29,200,16,16,0.0,val,client_1,6,21,612,633,True,0.6495487083722378
Tox21,avg,0.5,1,29,200,16,16,0.0,val,client_1,7,96,492,588,True,0.703908367208672
Tox21,avg,0.5,1,29,200,16,16,0.0,val,client_1,8,30,677,707,True,0.75972427375677
Tox21,avg,0.5,1,29,200,16,16,0.0,val,client_1,9,45,603,648,True,0.6200479086051225
Tox21,avg,0.5,1,29,200,16,16,0.0,val,client_1,10,92,495,587,True,0.8825647782169521
Tox21,avg,0.5,1,29,200,16,16,0.0,val,client_1,11,42,636,678,True,0.776430068882899
Tox21,avg,0.5,1,29,200,16,16,0.0,val,client_2,0,31,696,727,True,0.8085836114200965
Tox21,avg,0.5,1,29,200,16,16,0.0,val,client_2,1,23,652,675,True,0.8096825820218725
Tox21,avg,0.5,1,29,200,16,16,0.0,val,client_2,2,74,567,641,True,0.8258734925401592
Tox21,avg,0.5,1,29,200,16,16,0.0,val,client_2,3,19,546,565,True,0.8030653556969346
Tox21,avg,0.5,1,29,200,16,16,0.0,val,client_2,4,82,541,623,True,0.6943555295072359
Tox21,avg,0.5,1,29,200,16,16,0.0,val,client_2,5,30,657,687,True,0.7904109589041096
Tox21,avg,0.5,1,29,200,16,16,0.0,val,client_2,6,21,612,633,True,0.6823840647370059
Tox21,avg,0.5,1,29,200,16,16,0.0,val,client_2,7,96,492,588,True,0.7057715108401084
Tox21,avg,0.5,1,29,200,16,16,0.0,val,client_2,8,30,677,707,True,0.7792220580994583
Tox21,avg,0.5,1,29,200,16,16,0.0,val,client_2,9,45,603,648,True,0.607149437995209
Tox21,avg,0.5,1,29,200,16,16,0.0,val,client_2,10,92,495,587,True,0.870663153271849
Tox21,avg,0.5,1,29,200,16,16,0.0,val,client_2,11,42,636,678,True,0.7984426474992512
Tox21,avg,0.5,1,29,200,16,16,0.0,val,client_3,0,31,696,727,True,0.760196514645903
Tox21,avg,0.5,1,29,200,16,16,0.0,val,client_3,1,23,652,675,True,0.7898773006134969
Tox21,avg,0.5,1,29,200,16,16,0.0,val,client_3,2,74,567,641,True,0.8411745078411745
Tox21,avg,0.5,1,29,200,16,16,0.0,val,client_3,3,19,546,565,True,0.7973780605359553
Tox21,avg,0.5,1,29,200,16,16,0.0,val,client_3,4,82,541,623,True,0.6845272981380461
Tox21,avg,0.5,1,29,200,16,16,0.0,val,client_3,5,30,657,687,True,0.7743784880771183
Tox21,avg,0.5,1,29,200,16,16,0.0,val,client_3,6,21,612,633,True,0.6530501089324618
Tox21,avg,0.5,1,29,200,16,16,0.0,val,client_3,7,96,492,588,True,0.7133511178861789
Tox21,avg,0.5,1,29,200,16,16,0.0,val,client_3,8,30,677,707,True,0.7752831117676021
Tox21,avg,0.5,1,29,200,16,16,0.0,val,client_3,9,45,603,648,True,0.6277869909710706
Tox21,avg,0.5,1,29,200,16,16,0.0,val,client_3,10,92,495,587,True,0.8811155028546332
Tox21,avg,0.5,1,29,200,16,16,0.0,val,client_3,11,42,636,678,True,0.7795372866127582
Tox21,avg,0.5,1,29,200,16,16,0.0,test,server,0,32,693,725,True,0.8051497113997114
Tox21,avg,0.5,1,29,200,16,16,0.0,test,server,1,33,646,679,True,0.886246364574538
Tox21,avg,0.5,1,29,200,16,16,0.0,test,server,2,77,572,649,True,0.8391835437289984
Tox21,avg,0.5,1,29,200,16,16,0.0,test,server,3,38,538,576,True,0.7418802582664841
Tox21,avg,0.5,1,29,200,16,16,0.0,test,server,4,80,531,611,True,0.70484934086629
Tox21,avg,0.5,1,29,200,16,16,0.0,test,server,5,34,647,681,True,0.7879352668424402
Tox21,avg,0.5,1,29,200,16,16,0.0,test,server,6,21,617,638,True,0.7041753492320753
Tox21,avg,0.5,1,29,200,16,16,0.0,test,server,7,95,494,589,True,0.763285744726188
Tox21,avg,0.5,1,29,200,16,16,0.0,test,server,8,32,670,702,True,0.7895055970149254
Tox21,avg,0.5,1,29,200,16,16,0.0,test,server,9,36,621,657,True,0.6666219359456075
Tox21,avg,0.5,1,29,200,16,16,0.0,test,server,10,93,485,578,True,0.8425008313934154
Tox21,avg,0.5,1,29,200,16,16,0.0,test,server,11,48,624,672,True,0.7560096153846154
Tox21,avg,0.5,1,29,200,16,16,0.0,test,client_0,0,32,693,725,True,0.7959505772005773
Tox21,avg,0.5,1,29,200,16,16,0.0,test,client_0,1,33,646,679,True,0.879585326953748
Tox21,avg,0.5,1,29,200,16,16,0.0,test,client_0,2,77,572,649,True,0.845722459358823
Tox21,avg,0.5,1,29,200,16,16,0.0,test,client_0,3,38,538,576,True,0.7365486206221875
Tox21,avg,0.5,1,29,200,16,16,0.0,test,client_0,4,80,531,611,True,0.6892419962335217
Tox21,avg,0.5,1,29,200,16,16,0.0,test,client_0,5,34,647,681,True,0.7749340849168106
Tox21,avg,0.5,1,29,200,16,16,0.0,test,client_0,6,21,617,638,True,0.6828741220961643
Tox21,avg,0.5,1,29,200,16,16,0.0,test,client_0,7,95,494,589,True,0.7710845940762838
Tox21,avg,0.5,1,29,200,16,16,0.0,test,client_0,8,32,670,702,True,0.7894589552238807
Tox21,avg,0.5,1,29,200,16,16,0.0,test,client_0,9,36,621,657,True,0.6802200751476114
Tox21,avg,0.5,1,29,200,16,16,0.0,test,client_0,10,93,485,578,True,0.8362487529098769
Tox21,avg,0.5,1,29,200,16,16,0.0,test,client_0,11,48,624,672,True,0.7438568376068376
Tox21,avg,0.5,1,29,200,16,16,0.0,test,client_1,0,32,693,725,True,0.8107864357864358
Tox21,avg,0.5,1,29,200,16,16,0.0,test,client_1,1,33,646,679,True,0.8735341026362698
Tox21,avg,0.5,1,29,200,16,16,0.0,test,client_1,2,77,572,649,True,0.8234038688584142
Tox21,avg,0.5,1,29,200,16,16,0.0,test,client_1,3,38,538,576,True,0.7411465466640579
Tox21,avg,0.5,1,29,200,16,16,0.0,test,client_1,4,80,531,611,True,0.6927966101694915
Tox21,avg,0.5,1,29,200,16,16,0.0,test,client_1,5,34,647,681,True,0.7746613328484407
Tox21,avg,0.5,1,29,200,16,16,0.0,test,client_1,6,21,617,638,True,0.6795554526510766
Tox21,avg,0.5,1,29,200,16,16,0.0,test,client_1,7,95,494,589,True,0.7498188791817599
Tox21,avg,0.5,1,29,200,16,16,0.0,test,client_1,8,32,670,702,True,0.7532182835820895
Tox21,avg,0.5,1,29,200,16,16,0.0,test,client_1,9,36,621,657,True,0.6756128108785114
Tox21,avg,0.5,1,29,200,16,16,0.0,test,client_1,10,93,485,578,True,0.8311051989801576
Tox21,avg,0.5,1,29,200,16,16,0.0,test,client_1,11,48,624,672,True,0.7529380341880343
Tox21,avg,0.5,1,29,200,16,16,0.0,test,client_2,0,32,693,725,True,0.7976190476190477
Tox21,avg,0.5,1,29,200,16,16,0.0,test,client_2,1,33,646,679,True,0.8796322356693874
Tox21,avg,0.5,1,29,200,16,16,0.0,test,client_2,2,77,572,649,True,0.8140949959131778
Tox21,avg,0.5,1,29,200,16,16,0.0,test,client_2,3,38,538,576,True,0.7260810017609078
Tox21,avg,0.5,1,29,200,16,16,0.0,test,client_2,4,80,531,611,True,0.7002354048964219
Tox21,avg,0.5,1,29,200,16,16,0.0,test,client_2,5,34,647,681,True,0.7784344031275571
Tox21,avg,0.5,1,29,200,16,16,0.0,test,client_2,6,21,617,638,True,0.7288724241722621
Tox21,avg,0.5,1,29,200,16,16,0.0,test,client_2,7,95,494,589,True,0.7481142126571491
Tox21,avg,0.5,1,29,200,16,16,0.0,test,client_2,8,32,670,702,True,0.7722481343283583
Tox21,avg,0.5,1,29,200,16,16,0.0,test,client_2,9,36,621,657,True,0.6476113794954375
Tox21,avg,0.5,1,29,200,16,16,0.0,test,client_2,10,93,485,578,True,0.8303292317924842
Tox21,avg,0.5,1,29,200,16,16,0.0,test,client_2,11,48,624,672,True,0.7354767628205129
Tox21,avg,0.5,1,29,200,16,16,0.0,test,client_3,0,32,693,725,True,0.7919823232323232
Tox21,avg,0.5,1,29,200,16,16,0.0,test,client_3,1,33,646,679,True,0.8755980861244019
Tox21,avg,0.5,1,29,200,16,16,0.0,test,client_3,2,77,572,649,True,0.8222913450186178
Tox21,avg,0.5,1,29,200,16,16,0.0,test,client_3,3,38,538,576,True,0.7284288788886715
Tox21,avg,0.5,1,29,200,16,16,0.0,test,client_3,4,80,531,611,True,0.7061676082862524
Tox21,avg,0.5,1,29,200,16,16,0.0,test,client_3,5,34,647,681,True,0.7863442131102827
Tox21,avg,0.5,1,29,200,16,16,0.0,test,client_3,6,21,617,638,True,0.705796094775025
Tox21,avg,0.5,1,29,200,16,16,0.0,test,client_3,7,95,494,589,True,0.7458129128489239
Tox21,avg,0.5,1,29,200,16,16,0.0,test,client_3,8,32,670,702,True,0.7596082089552239
Tox21,avg,0.5,1,29,200,16,16,0.0,test,client_3,9,36,621,657,True,0.6470746108427268
Tox21,avg,0.5,1,29,200,16,16,0.0,test,client_3,10,93,485,578,True,0.8316372907659904
Tox21,avg,0.5,1,29,200,16,16,0.0,test,client_3,11,48,624,672,True,0.7480301816239315
Tox21,avg,0.5,1,30,200,16,16,0.0,val,server,0,31,696,727,True,0.7979699666295884
Tox21,avg,0.5,1,30,200,16,16,0.0,val,server,1,23,652,675,True,0.7830088023472926
Tox21,avg,0.5,1,30,200,16,16,0.0,val,server,2,74,567,641,True,0.850374183707517
Tox21,avg,0.5,1,30,200,16,16,0.0,val,server,3,19,546,565,True,0.8106805475226527
Tox21,avg,0.5,1,30,200,16,16,0.0,val,server,4,82,541,623,True,0.6927099770073486
Tox21,avg,0.5,1,30,200,16,16,0.0,val,server,5,30,657,687,True,0.7863013698630136
Tox21,avg,0.5,1,30,200,16,16,0.0,val,server,6,21,612,633,True,0.6683784624961095
Tox21,avg,0.5,1,30,200,16,16,0.0,val,server,7,96,492,588,True,0.7205919715447153
Tox21,avg,0.5,1,30,200,16,16,0.0,val,server,8,30,677,707,True,0.7891186607582472
Tox21,avg,0.5,1,30,200,16,16,0.0,val,server,9,45,603,648,True,0.633572876358946
Tox21,avg,0.5,1,30,200,16,16,0.0,val,server,10,92,495,587,True,0.8863855950812471
Tox21,avg,0.5,1,30,200,16,16,0.0,val,server,11,42,636,678,True,0.7933138664270739
Tox21,avg,0.5,1,30,200,16,16,0.0,val,client_0,0,31,696,727,True,0.7844364108268447
Tox21,avg,0.5,1,30,200,16,16,0.0,val,client_0,1,23,652,675,True,0.7734729261136304
Tox21,avg,0.5,1,30,200,16,16,0.0,val,client_0,2,74,567,641,True,0.8390771724105057
Tox21,avg,0.5,1,30,200,16,16,0.0,val,client_0,3,19,546,565,True,0.7975708502024291
Tox21,avg,0.5,1,30,200,16,16,0.0,val,client_0,4,82,541,623,True,0.6945584058428385
Tox21,avg,0.5,1,30,200,16,16,0.0,val,client_0,5,30,657,687,True,0.7682902080162354
Tox21,avg,0.5,1,30,200,16,16,0.0,val,client_0,6,21,612,633,True,0.6629318394024276
Tox21,avg,0.5,1,30,200,16,16,0.0,val,client_0,7,96,492,588,True,0.7201050135501356
Tox21,avg,0.5,1,30,200,16,16,0.0,val,client_0,8,30,677,707,True,0.7605120630231413
Tox21,avg,0.5,1,30,200,16,16,0.0,val,client_0,9,45,603,648,True,0.6380320619126589
Tox21,avg,0.5,1,30,200,16,16,0.0,val,client_0,10,92,495,587,True,0.8697189284145805
Tox21,avg,0.5,1,30,200,16,16,0.0,val,client_0,11,42,636,678,True,0.7730607966457024
Tox21,avg,0.5,1,30,200,16,16,0.0,val,client_1,0,31,696,727,True,0.8045050055617352
Tox21,avg,0.5,1,30,200,16,16,0.0,val,client_1,1,23,652,675,True,0.7682048546279008
Tox21,avg,0.5,1,30,200,16,16,0.0,val,client_1,2,74,567,641,True,0.8300919967586635
Tox21,avg,0.5,1,30,200,16,16,0.0,val,client_1,3,19,546,565,True,0.7276845961056487
Tox21,avg,0.5,1,30,200,16,16,0.0,val,client_1,4,82,541,623,True,0.6876606104323519
Tox21,avg,0.5,1,30,200,16,16,0.0,val,client_1,5,30,657,687,True,0.7683409436834095
Tox21,avg,0.5,1,30,200,16,16,0.0,val,client_1,6,21,612,633,True,0.6507158418923126
Tox21,avg,0.5,1,30,200,16,16,0.0,val,client_1,7,96,492,588,True,0.7151719173441735
Tox21,avg,0.5,1,30,200,16,16,0.0,val,client_1,8,30,677,707,True,0.7781880846873461
Tox21,avg,0.5,1,30,200,16,16,0.0,val,client_1,9,45,603,648,True,0.6175419200294823
Tox21,avg,0.5,1,30,200,16,16,0.0,val,client_1,10,92,495,587,True,0.8895696091348264
Tox21,avg,0.5,1,30,200,16,16,0.0,val,client_1,11,42,636,678,True,0.7808475591494459
Tox21,avg,0.5,1,30,200,16,16,0.0,val,client_2,0,31,696,727,True,0.8083982202447163
Tox21,avg,0.5,1,30,200,16,16,0.0,val,client_2,1,23,652,675,True,0.8074819951987197
Tox21,avg,0.5,1,30,200,16,16,0.0,val,client_2,2,74,567,641,True,0.8395776729110062
Tox21,avg,0.5,1,30,200,16,16,0.0,val,client_2,3,19,546,565,True,0.8119336803547329
Tox21,avg,0.5,1,30,200,16,16,0.0,val,client_2,4,82,541,623,True,0.6784184662549029
Tox21,avg,0.5,1,30,200,16,16,0.0,val,client_2,5,30,657,687,True,0.7915271435819382
Tox21,avg,0.5,1,30,200,16,16,0.0,val,client_2,6,21,612,633,True,0.6707905384375973
Tox21,avg,0.5,1,30,200,16,16,0.0,val,client_2,7,96,492,588,True,0.7176702235772359
Tox21,avg,0.5,1,30,200,16,16,0.0,val,client_2,8,30,677,707,True,0.7993106843919252
Tox21,avg,0.5,1,30,200,16,16,0.0,val,client_2,9,45,603,648,True,0.6148148148148148
Tox21,avg,0.5,1,30,200,16,16,0.0,val,client_2,10,92,495,587,True,0.8673473869126043
Tox21,avg,0.5,1,30,200,16,16,0.0,val,client_2,11,42,636,678,True,0.8084755914944595
Tox21,avg,0.5,1,30,200,16,16,0.0,val,client_3,0,31,696,727,True,0.7626529477196885
Tox21,avg,0.5,1,30,200,16,16,0.0,val,client_3,1,23,652,675,True,0.7800080021339024
Tox21,avg,0.5,1,30,200,16,16,0.0,val,client_3,2,74,567,641,True,0.8411030077696745
Tox21,avg,0.5,1,30,200,16,16,0.0,val,client_3,3,19,546,565,True,0.8277424330055909
Tox21,avg,0.5,1,30,200,16,16,0.0,val,client_3,4,82,541,623,True,0.6807853568369326
Tox21,avg,0.5,1,30,200,16,16,0.0,val,client_3,5,30,657,687,True,0.77818366311517
Tox21,avg,0.5,1,30,200,16,16,0.0,val,client_3,6,21,612,633,True,0.647836912542795
Tox21,avg,0.5,1,30,200,16,16,0.0,val,client_3,7,96,492,588,True,0.7120172764227642
Tox21,avg,0.5,1,30,200,16,16,0.0,val,client_3,8,30,677,707,True,0.7848842934515017
Tox21,avg,0.5,1,30,200,16,16,0.0,val,client_3,9,45,603,648,True,0.6358577482955592
Tox21,avg,0.5,1,30,200,16,16,0.0,val,client_3,10,92,495,587,True,0.8820816864295126
Tox21,avg,0.5,1,30,200,16,16,0.0,val,client_3,11,42,636,678,True,0.7839922132374962
Tox21,avg,0.5,1,30,200,16,16,0.0,test,server,0,32,693,725,True,0.8053751803751804
Tox21,avg,0.5,1,30,200,16,16,0.0,test,server,1,33,646,679,True,0.8885448916408669
Tox21,avg,0.5,1,30,200,16,16,0.0,test,server,2,77,572,649,True,0.8417037507946599
Tox21,avg,0.5,1,30,200,16,16,0.0,test,server,3,38,538,576,True,0.7509782821365683
Tox21,avg,0.5,1,30,200,16,16,0.0,test,server,4,80,531,611,True,0.7008003766478343
Tox21,avg,0.5,1,30,200,16,16,0.0,test,server,5,34,647,681,True,0.7861169197199744
Tox21,avg,0.5,1,30,200,16,16,0.0,test,server,6,21,617,638,True,0.7135139306938334
Tox21,avg,0.5,1,30,200,16,16,0.0,test,server,7,95,494,589,True,0.7674195610483701
Tox21,avg,0.5,1,30,200,16,16,0.0,test,server,8,32,670,702,True,0.8055037313432836
Tox21,avg,0.5,1,30,200,16,16,0.0,test,server,9,36,621,657,True,0.6768205403471105
Tox21,avg,0.5,1,30,200,16,16,0.0,test,server,10,93,485,578,True,0.844651369027824
Tox21,avg,0.5,1,30,200,16,16,0.0,test,server,11,48,624,672,True,0.7628872863247863
Tox21,avg,0.5,1,30,200,16,16,0.0,test,client_0,0,32,693,725,True,0.7949134199134199
Tox21,avg,0.5,1,30,200,16,16,0.0,test,client_0,1,33,646,679,True,0.8746130030959753
Tox21,avg,0.5,1,30,200,16,16,0.0,test,client_0,2,77,572,649,True,0.8464944146762329
Tox21,avg,0.5,1,30,200,16,16,0.0,test,client_0,3,38,538,576,True,0.7531305028370182
Tox21,avg,0.5,1,30,200,16,16,0.0,test,client_0,4,80,531,611,True,0.679213747645951
Tox21,avg,0.5,1,30,200,16,16,0.0,test,client_0,5,34,647,681,True,0.7709337212473861
Tox21,avg,0.5,1,30,200,16,16,0.0,test,client_0,6,21,617,638,True,0.6833371922512927
Tox21,avg,0.5,1,30,200,16,16,0.0,test,client_0,7,95,494,589,True,0.7714468357127636
Tox21,avg,0.5,1,30,200,16,16,0.0,test,client_0,8,32,670,702,True,0.791464552238806
Tox21,avg,0.5,1,30,200,16,16,0.0,test,client_0,9,36,621,657,True,0.7050456253354804
Tox21,avg,0.5,1,30,200,16,16,0.0,test,client_0,10,93,485,578,True,0.8350958873739054
Tox21,avg,0.5,1,30,200,16,16,0.0,test,client_0,11,48,624,672,True,0.7588474893162394
Tox21,avg,0.5,1,30,200,16,16,0.0,test,client_1,0,32,693,725,True,0.8123196248196247
Tox21,avg,0.5,1,30,200,16,16,0.0,test,client_1,1,33,646,679,True,0.8790224223660756
Tox21,avg,0.5,1,30,200,16,16,0.0,test,client_1,2,77,572,649,True,0.8375488148215421
Tox21,avg,0.5,1,30,200,16,16,0.0,test,client_1,3,38,538,576,True,0.7365486206221875
Tox21,avg,0.5,1,30,200,16,16,0.0,test,client_1,4,80,531,611,True,0.6992231638418078
Tox21,avg,0.5,1,30,200,16,16,0.0,test,client_1,5,34,647,681,True,0.7848440767342486
Tox21,avg,0.5,1,30,200,16,16,0.0,test,client_1,6,21,617,638,True,0.6809446631164621
Tox21,avg,0.5,1,30,200,16,16,0.0,test,client_1,7,95,494,589,True,0.7559130620072448
Tox21,avg,0.5,1,30,200,16,16,0.0,test,client_1,8,32,670,702,True,0.7778451492537313
Tox21,avg,0.5,1,30,200,16,16,0.0,test,client_1,9,36,621,657,True,0.6603596349973161
Tox21,avg,0.5,1,30,200,16,16,0.0,test,client_1,10,93,485,578,True,0.8368473561689392
Tox21,avg,0.5,1,30,200,16,16,0.0,test,client_1,11,48,624,672,True,0.7565438034188033
Tox21,avg,0.5,1,30,200,16,16,0.0,test,client_2,0,32,693,725,True,0.795093795093795
Tox21,avg,0.5,1,30,200,16,16,0.0,test,client_2,1,33,646,679,True,0.8890139787972605
Tox21,avg,0.5,1,30,200,16,16,0.0,test,client_2,2,77,572,649,True,0.8251975297429844
Tox21,avg,0.5,1,30,200,16,16,0.0,test,client_2,3,38,538,576,True,0.7326844061827431
Tox21,avg,0.5,1,30,200,16,16,0.0,test,client_2,4,80,531,611,True,0.6939736346516008
Tox21,avg,0.5,1,30,200,16,16,0.0,test,client_2,5,34,647,681,True,0.762432948449859
Tox21,avg,0.5,1,30,200,16,16,0.0,test,client_2,6,21,617,638,True,0.7468549818630855
Tox21,avg,0.5,1,30,200,16,16,0.0,test,client_2,7,95,494,589,True,0.7576390368634137
Tox21,avg,0.5,1,30,200,16,16,0.0,test,client_2,8,32,670,702,True,0.8089085820895523
Tox21,avg,0.5,1,30,200,16,16,0.0,test,client_2,9,36,621,657,True,0.656557523707282
Tox21,avg,0.5,1,30,200,16,16,0.0,test,client_2,10,93,485,578,True,0.8269149761667222
Tox21,avg,0.5,1,30,200,16,16,0.0,test,client_2,11,48,624,672,True,0.7650574252136753
Tox21,avg,0.5,1,30,200,16,16,0.0,test,client_3,0,32,693,725,True,0.8023538961038962
Tox21,avg,0.5,1,30,200,16,16,0.0,test,client_3,1,33,646,679,True,0.8729242893329581
Tox21,avg,0.5,1,30,200,16,16,0.0,test,client_3,2,77,572,649,True,0.8143220415947688
Tox21,avg,0.5,1,30,200,16,16,0.0,test,client_3,3,38,538,576,True,0.7374290745450988
Tox21,avg,0.5,1,30,200,16,16,0.0,test,client_3,4,80,531,611,True,0.7004472693032013
Tox21,avg,0.5,1,30,200,16,16,0.0,test,client_3,5,34,647,681,True,0.7776161469224475
Tox21,avg,0.5,1,30,200,16,16,0.0,test,client_3,6,21,617,638,True,0.7246276144169175
Tox21,avg,0.5,1,30,200,16,16,0.0,test,client_3,7,95,494,589,True,0.7454080545493289
Tox21,avg,0.5,1,30,200,16,16,0.0,test,client_3,8,32,670,702,True,0.7801305970149254
Tox21,avg,0.5,1,30,200,16,16,0.0,test,client_3,9,36,621,657,True,0.6651010914295938
Tox21,avg,0.5,1,30,200,16,16,0.0,test,client_3,10,93,485,578,True,0.8356058086686621
Tox21,avg,0.5,1,30,200,16,16,0.0,test,client_3,11,48,624,672,True,0.7467948717948718
Tox21,avg,0.5,1,31,200,16,16,0.0,val,server,0,31,696,727,True,0.7926863181312569
Tox21,avg,0.5,1,31,200,16,16,0.0,val,server,1,23,652,675,True,0.7892771405708188
Tox21,avg,0.5,1,31,200,16,16,0.0,val,server,2,74,567,641,True,0.8475856809190142
Tox21,avg,0.5,1,31,200,16,16,0.0,val,server,3,19,546,565,True,0.8148255253518412
Tox21,avg,0.5,1,31,200,16,16,0.0,val,server,4,82,541,623,True,0.6971507145755377
Tox21,avg,0.5,1,31,200,16,16,0.0,val,server,5,30,657,687,True,0.7835616438356164
Tox21,avg,0.5,1,31,200,16,16,0.0,val,server,6,21,612,633,True,0.6700902583255525
Tox21,avg,0.5,1,31,200,16,16,0.0,val,server,7,96,492,588,True,0.7170138888888888
Tox21,avg,0.5,1,31,200,16,16,0.0,val,server,8,30,677,707,True,0.7808961102904973
Tox21,avg,0.5,1,31,200,16,16,0.0,val,server,9,45,603,648,True,0.6330937903077207
Tox21,avg,0.5,1,31,200,16,16,0.0,val,server,10,92,495,587,True,0.8837505489679403
Tox21,avg,0.5,1,31,200,16,16,0.0,val,server,11,42,636,678,True,0.7893081761006289
Tox21,avg,0.5,1,31,200,16,16,0.0,val,client_0,0,31,696,727,True,0.7861512791991102
Tox21,avg,0.5,1,31,200,16,16,0.0,val,client_0,1,23,652,675,True,0.7731395038676979
Tox21,avg,0.5,1,31,200,16,16,0.0,val,client_0,2,74,567,641,True,0.8367176700510034
Tox21,avg,0.5,1,31,200,16,16,0.0,val,client_0,3,19,546,565,True,0.8194524773472142
Tox21,avg,0.5,1,31,200,16,16,0.0,val,client_0,4,82,541,623,True,0.6845949235832469
Tox21,avg,0.5,1,31,200,16,16,0.0,val,client_0,5,30,657,687,True,0.7601217656012177
Tox21,avg,0.5,1,31,200,16,16,0.0,val,client_0,6,21,612,633,True,0.6440242763772175
Tox21,avg,0.5,1,31,200,16,16,0.0,val,client_0,7,96,492,588,True,0.7068724593495934
Tox21,avg,0.5,1,31,200,16,16,0.0,val,client_0,8,30,677,707,True,0.7604135893648448
Tox21,avg,0.5,1,31,200,16,16,0.0,val,client_0,9,45,603,648,True,0.6427860696517413
Tox21,avg,0.5,1,31,200,16,16,0.0,val,client_0,10,92,495,587,True,0.8700702678963549
Tox21,avg,0.5,1,31,200,16,16,0.0,val,client_0,11,42,636,678,True,0.7779275232105421
Tox21,avg,0.5,1,31,200,16,16,0.0,val,client_1,0,31,696,727,True,0.779106414534668
Tox21,avg,0.5,1,31,200,16,16,0.0,val,client_1,1,23,652,675,True,0.7736062950120032
Tox21,avg,0.5,1,31,200,16,16,0.0,val,client_1,2,74,567,641,True,0.81672148338815
Tox21,avg,0.5,1,31,200,16,16,0.0,val,client_1,3,19,546,565,True,0.7228648544438018
Tox21,avg,0.5,1,31,200,16,16,0.0,val,client_1,4,82,541,623,True,0.6875028177268833
Tox21,avg,0.5,1,31,200,16,16,0.0,val,client_1,5,30,657,687,True,0.7535261288685947
Tox21,avg,0.5,1,31,200,16,16,0.0,val,client_1,6,21,612,633,True,0.6610644257703081
Tox21,avg,0.5,1,31,200,16,16,0.0,val,client_1,7,96,492,588,True,0.7014947493224932
Tox21,avg,0.5,1,31,200,16,16,0.0,val,client_1,8,30,677,707,True,0.7476612506154604
Tox21,avg,0.5,1,31,200,16,16,0.0,val,client_1,9,45,603,648,True,0.6142620232172471
Tox21,avg,0.5,1,31,200,16,16,0.0,val,client_1,10,92,495,587,True,0.8782608695652174
Tox21,avg,0.5,1,31,200,16,16,0.0,val,client_1,11,42,636,678,True,0.7653489068583408
Tox21,avg,0.5,1,31,200,16,16,0.0,val,client_2,0,31,696,727,True,0.80380978865406
Tox21,avg,0.5,1,31,200,16,16,0.0,val,client_2,1,23,652,675,True,0.8143504934649239
Tox21,avg,0.5,1,31,200,16,16,0.0,val,client_2,2,74,567,641,True,0.828042328042328
Tox21,avg,0.5,1,31,200,16,16,0.0,val,client_2,3,19,546,565,True,0.8063427800269906
Tox21,avg,0.5,1,31,200,16,16,0.0,val,client_2,4,82,541,623,True,0.6913800099183987
Tox21,avg,0.5,1,31,200,16,16,0.0,val,client_2,5,30,657,687,True,0.8016742770167428
Tox21,avg,0.5,1,31,200,16,16,0.0,val,client_2,6,21,612,633,True,0.656318082788671
Tox21,avg,0.5,1,31,200,16,16,0.0,val,client_2,7,96,492,588,True,0.7097942073170731
Tox21,avg,0.5,1,31,200,16,16,0.0,val,client_2,8,30,677,707,True,0.7807483998030528
Tox21,avg,0.5,1,31,200,16,16,0.0,val,client_2,9,45,603,648,True,0.6114612124562374
Tox21,avg,0.5,1,31,200,16,16,0.0,val,client_2,10,92,495,587,True,0.8591128678085199
Tox21,avg,0.5,1,31,200,16,16,0.0,val,client_2,11,42,636,678,True,0.7935010482180292
Tox21,avg,0.5,1,31,200,16,16,0.0,val,client_3,0,31,696,727,True,0.7798016314423434
Tox21,avg,0.5,1,31,200,16,16,0.0,val,client_3,1,23,652,675,True,0.7948786343024806
Tox21,avg,0.5,1,31,200,16,16,0.0,val,client_3,2,74,567,641,True,0.8418656751990085
Tox21,avg,0.5,1,31,200,16,16,0.0,val,client_3,3,19,546,565,True,0.7968960863697706
Tox21,avg,0.5,1,31,200,16,16,0.0,val,client_3,4,82,541,623,True,0.689463955637708
Tox21,avg,0.5,1,31,200,16,16,0.0,val,client_3,5,30,657,687,True,0.7812278031456114
Tox21,avg,0.5,1,31,200,16,16,0.0,val,client_3,6,21,612,633,True,0.6710239651416122
Tox21,avg,0.5,1,31,200,16,16,0.0,val,client_3,7,96,492,588,True,0.7065972222222222
Tox21,avg,0.5,1,31,200,16,16,0.0,val,client_3,8,30,677,707,True,0.7867060561299852
Tox21,avg,0.5,1,31,200,16,16,0.0,val,client_3,9,45,603,648,True,0.6277501381978994
Tox21,avg,0.5,1,31,200,16,16,0.0,val,client_3,10,92,495,587,True,0.8817962231005707
Tox21,avg,0.5,1,31,200,16,16,0.0,val,client_3,11,42,636,678,True,0.7930518119197364
Tox21,avg,0.5,1,31,200,16,16,0.0,test,server,0,32,693,725,True,0.8057359307359307
Tox21,avg,0.5,1,31,200,16,16,0.0,test,server,1,33,646,679,True,0.8875128998968008
Tox21,avg,0.5,1,31,200,16,16,0.0,test,server,2,77,572,649,True,0.8409545000454092
Tox21,avg,0.5,1,31,200,16,16,0.0,test,server,3,38,538,576,True,0.751320680884367
Tox21,avg,0.5,1,31,200,16,16,0.0,test,server,4,80,531,611,True,0.7033427495291902
Tox21,avg,0.5,1,31,200,16,16,0.0,test,server,5,34,647,681,True,0.7876170560960086
Tox21,avg,0.5,1,31,200,16,16,0.0,test,server,6,21,617,638,True,0.7101180828895578
Tox21,avg,0.5,1,31,200,16,16,0.0,test,server,7,95,494,589,True,0.7614745365437887
Tox21,avg,0.5,1,31,200,16,16,0.0,test,server,8,32,670,702,True,0.7911380597014926
Tox21,avg,0.5,1,31,200,16,16,0.0,test,server,9,36,621,657,True,0.6748523886205046
Tox21,avg,0.5,1,31,200,16,16,0.0,test,server,10,93,485,578,True,0.8444961755902892
Tox21,avg,0.5,1,31,200,16,16,0.0,test,server,11,48,624,672,True,0.7603832799145299
Tox21,avg,0.5,1,31,200,16,16,0.0,test,client_0,0,32,693,725,True,0.7886904761904763
Tox21,avg,0.5,1,31,200,16,16,0.0,test,client_0,1,33,646,679,True,0.864949807674266
Tox21,avg,0.5,1,31,200,16,16,0.0,test,client_0,2,77,572,649,True,0.8434520025429116
Tox21,avg,0.5,1,31,200,16,16,0.0,test,client_0,3,38,538,576,True,0.7671199373899432
Tox21,avg,0.5,1,31,200,16,16,0.0,test,client_0,4,80,531,611,True,0.677683615819209
Tox21,avg,0.5,1,31,200,16,16,0.0,test,client_0,5,34,647,681,True,0.7587962542049278
Tox21,avg,0.5,1,31,200,16,16,0.0,test,client_0,6,21,617,638,True,0.6787836690591957
Tox21,avg,0.5,1,31,200,16,16,0.0,test,client_0,7,95,494,589,True,0.76435116130407
Tox21,avg,0.5,1,31,200,16,16,0.0,test,client_0,8,32,670,702,True,0.7903917910447761
Tox21,avg,0.5,1,31,200,16,16,0.0,test,client_0,9,36,621,657,True,0.7126945786366076
Tox21,avg,0.5,1,31,200,16,16,0.0,test,client_0,10,93,485,578,True,0.8445626870635186
Tox21,avg,0.5,1,31,200,16,16,0.0,test,client_0,11,48,624,672,True,0.7483974358974359
Tox21,avg,0.5,1,31,200,16,16,0.0,test,client_1,0,32,693,725,True,0.8077651515151515
Tox21,avg,0.5,1,31,200,16,16,0.0,test,client_1,1,33,646,679,True,0.8798667792475843
Tox21,avg,0.5,1,31,200,16,16,0.0,test,client_1,2,77,572,649,True,0.8301925347379892
Tox21,avg,0.5,1,31,200,16,16,0.0,test,client_1,3,38,538,576,True,0.7306789278027783
Tox21,avg,0.5,1,31,200,16,16,0.0,test,client_1,4,80,531,611,True,0.6888888888888888
Tox21,avg,0.5,1,31,200,16,16,0.0,test,client_1,5,34,647,681,True,0.7777070642785708
Tox21,avg,0.5,1,31,200,16,16,0.0,test,client_1,6,21,617,638,True,0.6732268271976538
Tox21,avg,0.5,1,31,200,16,16,0.0,test,client_1,7,95,494,589,True,0.7367994886000426
Tox21,avg,0.5,1,31,200,16,16,0.0,test,client_1,8,32,670,702,True,0.7274253731343284
Tox21,avg,0.5,1,31,200,16,16,0.0,test,client_1,9,36,621,657,True,0.6682769726247988
Tox21,avg,0.5,1,31,200,16,16,0.0,test,client_1,10,93,485,578,True,0.8193548387096775
Tox21,avg,0.5,1,31,200,16,16,0.0,test,client_1,11,48,624,672,True,0.7571781517094017
Tox21,avg,0.5,1,31,200,16,16,0.0,test,client_2,0,32,693,725,True,0.7931998556998557
Tox21,avg,0.5,1,31,200,16,16,0.0,test,client_2,1,33,646,679,True,0.8788816962191576
Tox21,avg,0.5,1,31,200,16,16,0.0,test,client_2,2,77,572,649,True,0.8173190445917718
Tox21,avg,0.5,1,31,200,16,16,0.0,test,client_2,3,38,538,576,True,0.727890823713559
Tox21,avg,0.5,1,31,200,16,16,0.0,test,client_2,4,80,531,611,True,0.6975517890772129
Tox21,avg,0.5,1,31,200,16,16,0.0,test,client_2,5,34,647,681,True,0.7709337212473861
Tox21,avg,0.5,1,31,200,16,16,0.0,test,client_2,6,21,617,638,True,0.7357412981400016
Tox21,avg,0.5,1,31,200,16,16,0.0,test,client_2,7,95,494,589,True,0.7453654378862135
Tox21,avg,0.5,1,31,200,16,16,0.0,test,client_2,8,32,670,702,True,0.7981809701492537
Tox21,avg,0.5,1,31,200,16,16,0.0,test,client_2,9,36,621,657,True,0.6508767221327608
Tox21,avg,0.5,1,31,200,16,16,0.0,test,client_2,10,93,485,578,True,0.8282452056313048
Tox21,avg,0.5,1,31,200,16,16,0.0,test,client_2,11,48,624,672,True,0.7383480235042735
Tox21,avg,0.5,1,31,200,16,16,0.0,test,client_3,0,32,693,725,True,0.8007305194805194
Tox21,avg,0.5,1,31,200,16,16,0.0,test,client_3,1,33,646,679,True,0.8821183975982738
Tox21,avg,0.5,1,31,200,16,16,0.0,test,client_3,2,77,572,649,True,0.8298065570792843
Tox21,avg,0.5,1,31,200,16,16,0.0,test,client_3,3,38,538,576,True,0.7279886519272157
Tox21,avg,0.5,1,31,200,16,16,0.0,test,client_3,4,80,531,611,True,0.701153483992467
Tox21,avg,0.5,1,31,200,16,16,0.0,test,client_3,5,34,647,681,True,0.7796617874352214
Tox21,avg,0.5,1,31,200,16,16,0.0,test,client_3,6,21,617,638,True,0.7240873659026008
Tox21,avg,0.5,1,31,200,16,16,0.0,test,client_3,7,95,494,589,True,0.750585979117835
Tox21,avg,0.5,1,31,200,16,16,0.0,test,client_3,8,32,670,702,True,0.7664645522388059
Tox21,avg,0.5,1,31,200,16,16,0.0,test,client_3,9,36,621,657,True,0.6540973340490248
Tox21,avg,0.5,1,31,200,16,16,0.0,test,client_3,10,93,485,578,True,0.8370025496064738
Tox21,avg,0.5,1,31,200,16,16,0.0,test,client_3,11,48,624,672,True,0.7508680555555556
Tox21,avg,0.5,1,32,200,16,16,0.0,val,server,0,31,696,727,True,0.7950037078235075
Tox21,avg,0.5,1,32,200,16,16,0.0,val,server,1,23,652,675,True,0.7834755934915978
Tox21,avg,0.5,1,32,200,16,16,0.0,val,server,2,74,567,641,True,0.852066352066352
Tox21,avg,0.5,1,32,200,16,16,0.0,val,server,3,19,546,565,True,0.8122228648544438
Tox21,avg,0.5,1,32,200,16,16,0.0,val,server,4,82,541,623,True,0.6935891077949596
Tox21,avg,0.5,1,32,200,16,16,0.0,val,server,5,30,657,687,True,0.7839675291730086
Tox21,avg,0.5,1,32,200,16,16,0.0,val,server,6,21,612,633,True,0.6683784624961095
Tox21,avg,0.5,1,32,200,16,16,0.0,val,server,7,96,492,588,True,0.720020325203252
Tox21,avg,0.5,1,32,200,16,16,0.0,val,server,8,30,677,707,True,0.7870507139340226
Tox21,avg,0.5,1,32,200,16,16,0.0,val,server,9,45,603,648,True,0.636226276027271
Tox21,avg,0.5,1,32,200,16,16,0.0,val,server,10,92,495,587,True,0.8880544576196749
Tox21,avg,0.5,1,32,200,16,16,0.0,val,server,11,42,636,678,True,0.7911051212938005
Tox21,avg,0.5,1,32,200,16,16,0.0,val,client_0,0,31,696,727,True,0.7840192806822396
Tox21,avg,0.5,1,32,200,16,16,0.0,val,client_0,1,23,652,675,True,0.7762069885302748
Tox21,avg,0.5,1,32,200,16,16,0.0,val,client_0,2,74,567,641,True,0.8464655131321799
Tox21,avg,0.5,1,32,200,16,16,0.0,val,client_0,3,19,546,565,True,0.8194524773472143
Tox21,avg,0.5,1,32,200,16,16,0.0,val,client_0,4,82,541,623,True,0.6985483071096884
Tox21,avg,0.5,1,32,200,16,16,0.0,val,client_0,5,30,657,687,True,0.7743784880771182
Tox21,avg,0.5,1,32,200,16,16,0.0,val,client_0,6,21,612,633,True,0.6476812947401183
Tox21,avg,0.5,1,32,200,16,16,0.0,val,client_0,7,96,492,588,True,0.7201685298102981
Tox21,avg,0.5,1,32,200,16,16,0.0,val,client_0,8,30,677,707,True,0.7612506154603644
Tox21,avg,0.5,1,32,200,16,16,0.0,val,client_0,9,45,603,648,True,0.6348995761931086
Tox21,avg,0.5,1,32,200,16,16,0.0,val,client_0,10,92,495,587,True,0.8737373737373737
Tox21,avg,0.5,1,32,200,16,16,0.0,val,client_0,11,42,636,678,True,0.7679694519317162
Tox21,avg,0.5,1,32,200,16,16,0.0,val,client_1,0,31,696,727,True,0.7971820541342233
Tox21,avg,0.5,1,32,200,16,16,0.0,val,client_1,1,23,652,675,True,0.7682715390770872
Tox21,avg,0.5,1,32,200,16,16,0.0,val,client_1,2,74,567,641,True,0.8340960007626674
Tox21,avg,0.5,1,32,200,16,16,0.0,val,client_1,3,19,546,565,True,0.7516869095816464
Tox21,avg,0.5,1,32,200,16,16,0.0,val,client_1,4,82,541,623,True,0.6761417429331409
Tox21,avg,0.5,1,32,200,16,16,0.0,val,client_1,5,30,657,687,True,0.7619989852866564
Tox21,avg,0.5,1,32,200,16,16,0.0,val,client_1,6,21,612,633,True,0.6485371926548397
Tox21,avg,0.5,1,32,200,16,16,0.0,val,client_1,7,96,492,588,True,0.7141344850948509
Tox21,avg,0.5,1,32,200,16,16,0.0,val,client_1,8,30,677,707,True,0.7762678483505662
Tox21,avg,0.5,1,32,200,16,16,0.0,val,client_1,9,45,603,648,True,0.6285608992076654
Tox21,avg,0.5,1,32,200,16,16,0.0,val,client_1,10,92,495,587,True,0.8836627140974966
Tox21,avg,0.5,1,32,200,16,16,0.0,val,client_1,11,42,636,678,True,0.7836178496555855
Tox21,avg,0.5,1,32,200,16,16,0.0,val,client_2,0,31,696,727,True,0.8012606599925843
Tox21,avg,0.5,1,32,200,16,16,0.0,val,client_2,1,23,652,675,True,0.8082155241397706
Tox21,avg,0.5,1,32,200,16,16,0.0,val,client_2,2,74,567,641,True,0.8346203346203347
Tox21,avg,0.5,1,32,200,16,16,0.0,val,client_2,3,19,546,565,True,0.8097165991902834
Tox21,avg,0.5,1,32,200,16,16,0.0,val,client_2,4,82,541,623,True,0.692056264370407
Tox21,avg,0.5,1,32,200,16,16,0.0,val,client_2,5,30,657,687,True,0.7942161339421613
Tox21,avg,0.5,1,32,200,16,16,0.0,val,client_2,6,21,612,633,True,0.6879863056333645
Tox21,avg,0.5,1,32,200,16,16,0.0,val,client_2,7,96,492,588,True,0.7109798441734417
Tox21,avg,0.5,1,32,200,16,16,0.0,val,client_2,8,30,677,707,True,0.7888232397833579
Tox21,avg,0.5,1,32,200,16,16,0.0,val,client_2,9,45,603,648,True,0.6127510595172286
Tox21,avg,0.5,1,32,200,16,16,0.0,val,client_2,10,92,495,587,True,0.8716293368467282
Tox21,avg,0.5,1,32,200,16,16,0.0,val,client_2,11,42,636,678,True,0.8069032644504341
Tox21,avg,0.5,1,32,200,16,16,0.0,val,client_3,0,31,696,727,True,0.7702076381164257
Tox21,avg,0.5,1,32,200,16,16,0.0,val,client_3,1,23,652,675,True,0.7794078420912244
Tox21,avg,0.5,1,32,200,16,16,0.0,val,client_3,2,74,567,641,True,0.8484198484198484
Tox21,avg,0.5,1,32,200,16,16,0.0,val,client_3,3,19,546,565,True,0.800848274532485
Tox21,avg,0.5,1,32,200,16,16,0.0,val,client_3,4,82,541,623,True,0.6782606735494342
Tox21,avg,0.5,1,32,200,16,16,0.0,val,client_3,5,30,657,687,True,0.776052765093861
Tox21,avg,0.5,1,32,200,16,16,0.0,val,client_3,6,21,612,633,True,0.6638655462184874
Tox21,avg,0.5,1,32,200,16,16,0.0,val,client_3,7,96,492,588,True,0.71142445799458
Tox21,avg,0.5,1,32,200,16,16,0.0,val,client_3,8,30,677,707,True,0.7840965041851304
Tox21,avg,0.5,1,32,200,16,16,0.0,val,client_3,9,45,603,648,True,0.6288925741662059
Tox21,avg,0.5,1,32,200,16,16,0.0,val,client_3,10,92,495,587,True,0.8868247694334651
Tox21,avg,0.5,1,32,200,16,16,0.0,val,client_3,11,42,636,678,True,0.7888963761605272
Tox21,avg,0.5,1,32,200,16,16,0.0,test,server,0,32,693,725,True,0.8078553391053391
Tox21,avg,0.5,1,32,200,16,16,0.0,test,server,1,33,646,679,True,0.8919457735247209
Tox21,avg,0.5,1,32,200,16,16,0.0,test,server,2,77,572,649,True,0.846903096903097
Tox21,avg,0.5,1,32,200,16,16,0.0,test,server,3,38,538,576,True,0.7545490119350421
Tox21,avg,0.5,1,32,200,16,16,0.0,test,server,4,80,531,611,True,0.7025423728813559
Tox21,avg,0.5,1,32,200,16,16,0.0,test,server,5,34,647,681,True,0.7878443494863169
Tox21,avg,0.5,1,32,200,16,16,0.0,test,server,6,21,617,638,True,0.7079570888322914
Tox21,avg,0.5,1,32,200,16,16,0.0,test,server,7,95,494,589,True,0.7644363946303006
Tox21,avg,0.5,1,32,200,16,16,0.0,test,server,8,32,670,702,True,0.798134328358209
Tox21,avg,0.5,1,32,200,16,16,0.0,test,server,9,36,621,657,True,0.6778493469314725
Tox21,avg,0.5,1,32,200,16,16,0.0,test,server,10,93,485,578,True,0.8472009755016074
Tox21,avg,0.5,1,32,200,16,16,0.0,test,server,11,48,624,672,True,0.7670940170940171
Tox21,avg,0.5,1,32,200,16,16,0.0,test,client_0,0,32,693,725,True,0.8043831168831168
Tox21,avg,0.5,1,32,200,16,16,0.0,test,client_0,1,33,646,679,True,0.8763017168589924
Tox21,avg,0.5,1,32,200,16,16,0.0,test,client_0,2,77,572,649,True,0.8528516937607847
Tox21,avg,0.5,1,32,200,16,16,0.0,test,client_0,3,38,538,576,True,0.7524946194482488
Tox21,avg,0.5,1,32,200,16,16,0.0,test,client_0,4,80,531,611,True,0.680626177024482
Tox21,avg,0.5,1,32,200,16,16,0.0,test,client_0,5,34,647,681,True,0.7677516137830712
Tox21,avg,0.5,1,32,200,16,16,0.0,test,client_0,6,21,617,638,True,0.671683260013892
Tox21,avg,0.5,1,32,200,16,16,0.0,test,client_0,7,95,494,589,True,0.7735563605369701
Tox21,avg,0.5,1,32,200,16,16,0.0,test,client_0,8,32,670,702,True,0.7867070895522388
Tox21,avg,0.5,1,32,200,16,16,0.0,test,client_0,9,36,621,657,True,0.7063428162461979
Tox21,avg,0.5,1,32,200,16,16,0.0,test,client_0,10,93,485,578,True,0.8436758674204633
Tox21,avg,0.5,1,32,200,16,16,0.0,test,client_0,11,48,624,672,True,0.751201923076923
Tox21,avg,0.5,1,32,200,16,16,0.0,test,client_1,0,32,693,725,True,0.8093434343434344
Tox21,avg,0.5,1,32,200,16,16,0.0,test,client_1,1,33,646,679,True,0.879069331081715
Tox21,avg,0.5,1,32,200,16,16,0.0,test,client_1,2,77,572,649,True,0.8232222323131414
Tox21,avg,0.5,1,32,200,16,16,0.0,test,client_1,3,38,538,576,True,0.7349833692036783
Tox21,avg,0.5,1,32,200,16,16,0.0,test,client_1,4,80,531,611,True,0.6929378531073446
Tox21,avg,0.5,1,32,200,16,16,0.0,test,client_1,5,34,647,681,True,0.7875261387398855
Tox21,avg,0.5,1,32,200,16,16,0.0,test,client_1,6,21,617,638,True,0.6950683028478815
Tox21,avg,0.5,1,32,200,16,16,0.0,test,client_1,7,95,494,589,True,0.7475175793735351
Tox21,avg,0.5,1,32,200,16,16,0.0,test,client_1,8,32,670,702,True,0.7807835820895522
Tox21,avg,0.5,1,32,200,16,16,0.0,test,client_1,9,36,621,657,True,0.6810699588477366
Tox21,avg,0.5,1,32,200,16,16,0.0,test,client_1,10,93,485,578,True,0.8311606252078484
Tox21,avg,0.5,1,32,200,16,16,0.0,test,client_1,11,48,624,672,True,0.7617855235042734
Tox21,avg,0.5,1,32,200,16,16,0.0,test,client_2,0,32,693,725,True,0.8029852092352092
Tox21,avg,0.5,1,32,200,16,16,0.0,test,client_2,1,33,646,679,True,0.8890139787972605
Tox21,avg,0.5,1,32,200,16,16,0.0,test,client_2,2,77,572,649,True,0.8236536191081646
Tox21,avg,0.5,1,32,200,16,16,0.0,test,client_2,3,38,538,576,True,0.7412932889845432
Tox21,avg,0.5,1,32,200,16,16,0.0,test,client_2,4,80,531,611,True,0.7023540489642185
Tox21,avg,0.5,1,32,200,16,16,0.0,test,client_2,5,34,647,681,True,0.7792526593326665
Tox21,avg,0.5,1,32,200,16,16,0.0,test,client_2,6,21,617,638,True,0.7334259473643591
Tox21,avg,0.5,1,32,200,16,16,0.0,test,client_2,7,95,494,589,True,0.7555934370338803
Tox21,avg,0.5,1,32,200,16,16,0.0,test,client_2,8,32,670,702,True,0.7945429104477612
Tox21,avg,0.5,1,32,200,16,16,0.0,test,client_2,9,36,621,657,True,0.661343710860619
Tox21,avg,0.5,1,32,200,16,16,0.0,test,client_2,10,93,485,578,True,0.8352732513025164
Tox21,avg,0.5,1,32,200,16,16,0.0,test,client_2,11,48,624,672,True,0.7515024038461539
Tox21,avg,0.5,1,32,200,16,16,0.0,test,client_3,0,32,693,725,True,0.8050595238095238
Tox21,avg,0.5,1,32,200,16,16,0.0,test,client_3,1,33,646,679,True,0.8861994558588986
Tox21,avg,0.5,1,32,200,16,16,0.0,test,client_3,2,77,572,649,True,0.8390700208882027
Tox21,avg,0.5,1,32,200,16,16,0.0,test,client_3,3,38,538,576,True,0.7408530620230875
Tox21,avg,0.5,1,32,200,16,16,0.0,test,client_3,4,80,531,611,True,0.6955743879472693
Tox21,avg,0.5,1,32,200,16,16,0.0,test,client_3,5,34,647,681,True,0.781616510591872
Tox21,avg,0.5,1,32,200,16,16,0.0,test,client_3,6,21,617,638,True,0.7149803195184069
Tox21,avg,0.5,1,32,200,16,16,0.0,test,client_3,7,95,494,589,True,0.7433624547197956
Tox21,avg,0.5,1,32,200,16,16,0.0,test,client_3,8,32,670,702,True,0.763339552238806
Tox21,avg,0.5,1,32,200,16,16,0.0,test,client_3,9,36,621,657,True,0.6607174807657898
Tox21,avg,0.5,1,32,200,16,16,0.0,test,client_3,10,93,485,578,True,0.8370912315707795
Tox21,avg,0.5,1,32,200,16,16,0.0,test,client_3,11,48,624,672,True,0.7675614316239315
Tox21,avg,0.5,1,33,200,16,16,0.0,val,server,0,31,696,727,True,0.8008898776418242
Tox21,avg,0.5,1,33,200,16,16,0.0,val,server,1,23,652,675,True,0.7939450520138703
Tox21,avg,0.5,1,33,200,16,16,0.0,val,server,2,74,567,641,True,0.8526860193526861
Tox21,avg,0.5,1,33,200,16,16,0.0,val,server,3,19,546,565,True,0.81328320802005
Tox21,avg,0.5,1,33,200,16,16,0.0,val,server,4,82,541,623,True,0.6991118524863621
Tox21,avg,0.5,1,33,200,16,16,0.0,val,server,5,30,657,687,True,0.7922374429223744
Tox21,avg,0.5,1,33,200,16,16,0.0,val,server,6,21,612,633,True,0.6810613134142546
Tox21,avg,0.5,1,33,200,16,16,0.0,val,server,7,96,492,588,True,0.7259061653116531
Tox21,avg,0.5,1,33,200,16,16,0.0,val,server,8,30,677,707,True,0.7914820285573609
Tox21,avg,0.5,1,33,200,16,16,0.0,val,server,9,45,603,648,True,0.6334254652662613
Tox21,avg,0.5,1,33,200,16,16,0.0,val,server,10,92,495,587,True,0.886429512516469
Tox21,avg,0.5,1,33,200,16,16,0.0,val,server,11,42,636,678,True,0.7921533393231506
Tox21,avg,0.5,1,33,200,16,16,0.0,val,client_0,0,31,696,727,True,0.7862439747868002
Tox21,avg,0.5,1,33,200,16,16,0.0,val,client_0,1,23,652,675,True,0.7864097092558016
Tox21,avg,0.5,1,33,200,16,16,0.0,val,client_0,2,74,567,641,True,0.8532818532818534
Tox21,avg,0.5,1,33,200,16,16,0.0,val,client_0,3,19,546,565,True,0.8094274146905726
Tox21,avg,0.5,1,33,200,16,16,0.0,val,client_0,4,82,541,623,True,0.6951444930345791
Tox21,avg,0.5,1,33,200,16,16,0.0,val,client_0,5,30,657,687,True,0.7861491628614916
Tox21,avg,0.5,1,33,200,16,16,0.0,val,client_0,6,21,612,633,True,0.6684562713974479
Tox21,avg,0.5,1,33,200,16,16,0.0,val,client_0,7,96,492,588,True,0.7336128048780488
Tox21,avg,0.5,1,33,200,16,16,0.0,val,client_0,8,30,677,707,True,0.774741506646972
Tox21,avg,0.5,1,33,200,16,16,0.0,val,client_0,9,45,603,648,True,0.6336465819052884
Tox21,avg,0.5,1,33,200,16,16,0.0,val,client_0,10,92,495,587,True,0.8719148001756697
Tox21,avg,0.5,1,33,200,16,16,0.0,val,client_0,11,42,636,678,True,0.7726864330637916
Tox21,avg,0.5,1,33,200,16,16,0.0,val,client_1,0,31,696,727,True,0.7878197997775307
Tox21,avg,0.5,1,33,200,16,16,0.0,val,client_1,1,23,652,675,True,0.7687383302213924
Tox21,avg,0.5,1,33,200,16,16,0.0,val,client_1,2,74,567,641,True,0.830211163544497
Tox21,avg,0.5,1,33,200,16,16,0.0,val,client_1,3,19,546,565,True,0.7514941199151726
Tox21,avg,0.5,1,33,200,16,16,0.0,val,client_1,4,82,541,623,True,0.693837067760696
Tox21,avg,0.5,1,33,200,16,16,0.0,val,client_1,5,30,657,687,True,0.7785895484525623
Tox21,avg,0.5,1,33,200,16,16,0.0,val,client_1,6,21,612,633,True,0.6634765017117958
Tox21,avg,0.5,1,33,200,16,16,0.0,val,client_1,7,96,492,588,True,0.7116150067750678
Tox21,avg,0.5,1,33,200,16,16,0.0,val,client_1,8,30,677,707,True,0.770162481536189
Tox21,avg,0.5,1,33,200,16,16,0.0,val,client_1,9,45,603,648,True,0.617910447761194
Tox21,avg,0.5,1,33,200,16,16,0.0,val,client_1,10,92,495,587,True,0.8794027228809838
Tox21,avg,0.5,1,33,200,16,16,0.0,val,client_1,11,42,636,678,True,0.7667340521114104
Tox21,avg,0.5,1,33,200,16,16,0.0,val,client_2,0,31,696,727,True,0.8091861327400817
Tox21,avg,0.5,1,33,200,16,16,0.0,val,client_2,1,23,652,675,True,0.8244198452920778
Tox21,avg,0.5,1,33,200,16,16,0.0,val,client_2,2,74,567,641,True,0.8354545021211688
Tox21,avg,0.5,1,33,200,16,16,0.0,val,client_2,3,19,546,565,True,0.8057644110275689
Tox21,avg,0.5,1,33,200,16,16,0.0,val,client_2,4,82,541,623,True,0.6912898426581309
Tox21,avg,0.5,1,33,200,16,16,0.0,val,client_2,5,30,657,687,True,0.8001014713343481
Tox21,avg,0.5,1,33,200,16,16,0.0,val,client_2,6,21,612,633,True,0.6887643946467477
Tox21,avg,0.5,1,33,200,16,16,0.0,val,client_2,7,96,492,588,True,0.7186017953929539
Tox21,avg,0.5,1,33,200,16,16,0.0,val,client_2,8,30,677,707,True,0.7918759231905466
Tox21,avg,0.5,1,33,200,16,16,0.0,val,client_2,9,45,603,648,True,0.6123825317855169
Tox21,avg,0.5,1,33,200,16,16,0.0,val,client_2,10,92,495,587,True,0.8722002635046112
Tox21,avg,0.5,1,33,200,16,16,0.0,val,client_2,11,42,636,678,True,0.81128331835879
Tox21,avg,0.5,1,33,200,16,16,0.0,val,client_3,0,31,696,727,True,0.7618650352243233
Tox21,avg,0.5,1,33,200,16,16,0.0,val,client_3,1,23,652,675,True,0.7906108295545479
Tox21,avg,0.5,1,33,200,16,16,0.0,val,client_3,2,74,567,641,True,0.8453930120596788
Tox21,avg,0.5,1,33,200,16,16,0.0,val,client_3,3,19,546,565,True,0.8147291305186042
Tox21,avg,0.5,1,33,200,16,16,0.0,val,client_3,4,82,541,623,True,0.687209774131013
Tox21,avg,0.5,1,33,200,16,16,0.0,val,client_3,5,30,657,687,True,0.7720953830542872
Tox21,avg,0.5,1,33,200,16,16,0.0,val,client_3,6,21,612,633,True,0.6602085278555866
Tox21,avg,0.5,1,33,200,16,16,0.0,val,client_3,7,96,492,588,True,0.7095824864498644
Tox21,avg,0.5,1,33,200,16,16,0.0,val,client_3,8,30,677,707,True,0.787149187592319
Tox21,avg,0.5,1,33,200,16,16,0.0,val,client_3,9,45,603,648,True,0.6404274921687857
Tox21,avg,0.5,1,33,200,16,16,0.0,val,client_3,10,92,495,587,True,0.8864514712340799
Tox21,avg,0.5,1,33,200,16,16,0.0,val,client_3,11,42,636,678,True,0.7904312668463611
Tox21,avg,0.5,1,33,200,16,16,0.0,test,server,0,32,693,725,True,0.8081259018759018
Tox21,avg,0.5,1,33,200,16,16,0.0,test,server,1,33,646,679,True,0.8963317384370016
Tox21,avg,0.5,1,33,200,16,16,0.0,test,server,2,77,572,649,True,0.8484924166742349
Tox21,avg,0.5,1,33,200,16,16,0.0,test,server,3,38,538,576,True,0.7448151046761887
Tox21,avg,0.5,1,33,200,16,16,0.0,test,server,4,80,531,611,True,0.7019774011299434
Tox21,avg,0.5,1,33,200,16,16,0.0,test,server,5,34,647,681,True,0.7905718701700155
Tox21,avg,0.5,1,33,200,16,16,0.0,test,server,6,21,617,638,True,0.7161379949062283
Tox21,avg,0.5,1,33,200,16,16,0.0,test,server,7,95,494,589,True,0.7701470274877477
Tox21,avg,0.5,1,33,200,16,16,0.0,test,server,8,32,670,702,True,0.7996735074626865
Tox21,avg,0.5,1,33,200,16,16,0.0,test,server,9,36,621,657,True,0.6736893898729647
Tox21,avg,0.5,1,33,200,16,16,0.0,test,server,10,93,485,578,True,0.8431659461257066
Tox21,avg,0.5,1,33,200,16,16,0.0,test,server,11,48,624,672,True,0.768062232905983
Tox21,avg,0.5,1,33,200,16,16,0.0,test,client_0,0,32,693,725,True,0.7959505772005773
Tox21,avg,0.5,1,33,200,16,16,0.0,test,client_0,1,33,646,679,True,0.8871845388873252
Tox21,avg,0.5,1,33,200,16,16,0.0,test,client_0,2,77,572,649,True,0.8558714013259469
Tox21,avg,0.5,1,33,200,16,16,0.0,test,client_0,3,38,538,576,True,0.7449618469966738
Tox21,avg,0.5,1,33,200,16,16,0.0,test,client_0,4,80,531,611,True,0.6800376647834274
Tox21,avg,0.5,1,33,200,16,16,0.0,test,client_0,5,34,647,681,True,0.7784344031275571
Tox21,avg,0.5,1,33,200,16,16,0.0,test,client_0,6,21,617,638,True,0.6897429960639037
Tox21,avg,0.5,1,33,200,16,16,0.0,test,client_0,7,95,494,589,True,0.7775836352013636
Tox21,avg,0.5,1,33,200,16,16,0.0,test,client_0,8,32,670,702,True,0.7917910447761194
Tox21,avg,0.5,1,33,200,16,16,0.0,test,client_0,9,36,621,657,True,0.6890767579173376
Tox21,avg,0.5,1,33,200,16,16,0.0,test,client_0,10,93,485,578,True,0.8307726416140118
Tox21,avg,0.5,1,33,200,16,16,0.0,test,client_0,11,48,624,672,True,0.7602497329059829
Tox21,avg,0.5,1,33,200,16,16,0.0,test,client_1,0,32,693,725,True,0.805690836940837
Tox21,avg,0.5,1,33,200,16,16,0.0,test,client_1,1,33,646,679,True,0.883056571911061
Tox21,avg,0.5,1,33,200,16,16,0.0,test,client_1,2,77,572,649,True,0.8317818545091272
Tox21,avg,0.5,1,33,200,16,16,0.0,test,client_1,3,38,538,576,True,0.7233418117785169
Tox21,avg,0.5,1,33,200,16,16,0.0,test,client_1,4,80,531,611,True,0.6952919020715631
Tox21,avg,0.5,1,33,200,16,16,0.0,test,client_1,5,34,647,681,True,0.7918901718338031
Tox21,avg,0.5,1,33,200,16,16,0.0,test,client_1,6,21,617,638,True,0.6763139615651771
Tox21,avg,0.5,1,33,200,16,16,0.0,test,client_1,7,95,494,589,True,0.739782655018112
Tox21,avg,0.5,1,33,200,16,16,0.0,test,client_1,8,32,670,702,True,0.7509794776119403
Tox21,avg,0.5,1,33,200,16,16,0.0,test,client_1,9,36,621,657,True,0.6514134907854715
Tox21,avg,0.5,1,33,200,16,16,0.0,test,client_1,10,93,485,578,True,0.8231238221926614
Tox21,avg,0.5,1,33,200,16,16,0.0,test,client_1,11,48,624,672,True,0.766159188034188
Tox21,avg,0.5,1,33,200,16,16,0.0,test,client_2,0,32,693,725,True,0.8007305194805195
Tox21,avg,0.5,1,33,200,16,16,0.0,test,client_2,1,33,646,679,True,0.8951590205460175
Tox21,avg,0.5,1,33,200,16,16,0.0,test,client_2,2,77,572,649,True,0.8262873490146219
Tox21,avg,0.5,1,33,200,16,16,0.0,test,client_2,3,38,538,576,True,0.7267657992565055
Tox21,avg,0.5,1,33,200,16,16,0.0,test,client_2,4,80,531,611,True,0.7000706214689265
Tox21,avg,0.5,1,33,200,16,16,0.0,test,client_2,5,34,647,681,True,0.7727066096917902
Tox21,avg,0.5,1,33,200,16,16,0.0,test,client_2,6,21,617,638,True,0.7437678474955621
Tox21,avg,0.5,1,33,200,16,16,0.0,test,client_2,7,95,494,589,True,0.7635414447048796
Tox21,avg,0.5,1,33,200,16,16,0.0,test,client_2,8,32,670,702,True,0.8028451492537312
Tox21,avg,0.5,1,33,200,16,16,0.0,test,client_2,9,36,621,657,True,0.6566917158704598
Tox21,avg,0.5,1,33,200,16,16,0.0,test,client_2,10,93,485,578,True,0.8390200642944241
Tox21,avg,0.5,1,33,200,16,16,0.0,test,client_2,11,48,624,672,True,0.7585803952991452
Tox21,avg,0.5,1,33,200,16,16,0.0,test,client_3,0,32,693,725,True,0.8047438672438672
Tox21,avg,0.5,1,33,200,16,16,0.0,test,client_3,1,33,646,679,True,0.8759264471338776
Tox21,avg,0.5,1,33,200,16,16,0.0,test,client_3,2,77,572,649,True,0.8261738261738262
Tox21,avg,0.5,1,33,200,16,16,0.0,test,client_3,3,38,538,576,True,0.7405106632752886
Tox21,avg,0.5,1,33,200,16,16,0.0,test,client_3,4,80,531,611,True,0.7045668549905838
Tox21,avg,0.5,1,33,200,16,16,0.0,test,client_3,5,34,647,681,True,0.7720701881989271
Tox21,avg,0.5,1,33,200,16,16,0.0,test,client_3,6,21,617,638,True,0.7242417226209771
Tox21,avg,0.5,1,33,200,16,16,0.0,test,client_3,7,95,494,589,True,0.7477519710206689
Tox21,avg,0.5,1,33,200,16,16,0.0,test,client_3,8,32,670,702,True,0.7684235074626864
Tox21,avg,0.5,1,33,200,16,16,0.0,test,client_3,9,36,621,657,True,0.6648774378242978
Tox21,avg,0.5,1,33,200,16,16,0.0,test,client_3,10,93,485,578,True,0.8327014743376566
Tox21,avg,0.5,1,33,200,16,16,0.0,test,client_3,11,48,624,672,True,0.759281517094017
Tox21,avg,0.5,1,34,200,16,16,0.0,val,server,0,31,696,727,True,0.7960697070819429
Tox21,avg,0.5,1,34,200,16,16,0.0,val,server,1,23,652,675,True,0.7934782608695652
Tox21,avg,0.5,1,34,200,16,16,0.0,val,server,2,74,567,641,True,0.8504933504933505
Tox21,avg,0.5,1,34,200,16,16,0.0,val,server,3,19,546,565,True,0.8073067283593599
Tox21,avg,0.5,1,34,200,16,16,0.0,val,server,4,82,541,623,True,0.6978269690275462
Tox21,avg,0.5,1,34,200,16,16,0.0,val,server,5,30,657,687,True,0.7908168442415018
Tox21,avg,0.5,1,34,200,16,16,0.0,val,server,6,21,612,633,True,0.683395580454404
Tox21,avg,0.5,1,34,200,16,16,0.0,val,server,7,96,492,588,True,0.7258214769647697
Tox21,avg,0.5,1,34,200,16,16,0.0,val,server,8,30,677,707,True,0.7929098966026588
Tox21,avg,0.5,1,34,200,16,16,0.0,val,server,9,45,603,648,True,0.6325409987101529
Tox21,avg,0.5,1,34,200,16,16,0.0,val,server,10,92,495,587,True,0.8909749670619236
Tox21,avg,0.5,1,34,200,16,16,0.0,val,server,11,42,636,678,True,0.7965333932315064
Tox21,avg,0.5,1,34,200,16,16,0.0,val,client_0,0,31,696,727,True,0.7832777159807193
Tox21,avg,0.5,1,34,200,16,16,0.0,val,client_0,1,23,652,675,True,0.7825420112029875
Tox21,avg,0.5,1,34,200,16,16,0.0,val,client_0,2,74,567,641,True,0.8552123552123552
Tox21,avg,0.5,1,34,200,16,16,0.0,val,client_0,3,19,546,565,True,0.8289955658376711
Tox21,avg,0.5,1,34,200,16,16,0.0,val,client_0,4,82,541,623,True,0.6957080384112528
Tox21,avg,0.5,1,34,200,16,16,0.0,val,client_0,5,30,657,687,True,0.7844748858447489
Tox21,avg,0.5,1,34,200,16,16,0.0,val,client_0,6,21,612,633,True,0.6676781823840647
Tox21,avg,0.5,1,34,200,16,16,0.0,val,client_0,7,96,492,588,True,0.7369368224932249
Tox21,avg,0.5,1,34,200,16,16,0.0,val,client_0,8,30,677,707,True,0.773313638601674
Tox21,avg,0.5,1,34,200,16,16,0.0,val,client_0,9,45,603,648,True,0.6379215035931454
Tox21,avg,0.5,1,34,200,16,16,0.0,val,client_0,10,92,495,587,True,0.8761089152393499
Tox21,avg,0.5,1,34,200,16,16,0.0,val,client_0,11,42,636,678,True,0.7774782869122492
Tox21,avg,0.5,1,34,200,16,16,0.0,val,client_1,0,31,696,727,True,0.7938450129773822
Tox21,avg,0.5,1,34,200,16,16,0.0,val,client_1,1,23,652,675,True,0.7768738330221392
Tox21,avg,0.5,1,34,200,16,16,0.0,val,client_1,2,74,567,641,True,0.8292578292578293
Tox21,avg,0.5,1,34,200,16,16,0.0,val,client_1,3,19,546,565,True,0.7368421052631579
Tox21,avg,0.5,1,34,200,16,16,0.0,val,client_1,4,82,541,623,True,0.6904557955006537
Tox21,avg,0.5,1,34,200,16,16,0.0,val,client_1,5,30,657,687,True,0.7642820903094876
Tox21,avg,0.5,1,34,200,16,16,0.0,val,client_1,6,21,612,633,True,0.6693899782135077
Tox21,avg,0.5,1,34,200,16,16,0.0,val,client_1,7,96,492,588,True,0.7145367547425474
Tox21,avg,0.5,1,34,200,16,16,0.0,val,client_1,8,30,677,707,True,0.7691285081240768
Tox21,avg,0.5,1,34,200,16,16,0.0,val,client_1,9,45,603,648,True,0.6204164363368344
Tox21,avg,0.5,1,34,200,16,16,0.0,val,client_1,10,92,495,587,True,0.8835309617918312
Tox21,avg,0.5,1,34,200,16,16,0.0,val,client_1,11,42,636,678,True,0.7812219227313567
Tox21,avg,0.5,1,34,200,16,16,0.0,val,client_2,0,31,696,727,True,0.7981090100111234
Tox21,avg,0.5,1,34,200,16,16,0.0,val,client_2,1,23,652,675,True,0.8242864763937051
Tox21,avg,0.5,1,34,200,16,16,0.0,val,client_2,2,74,567,641,True,0.8297106630439963
Tox21,avg,0.5,1,34,200,16,16,0.0,val,client_2,3,19,546,565,True,0.7970888760362445
Tox21,avg,0.5,1,34,200,16,16,0.0,val,client_2,4,82,541,623,True,0.688652450295298
Tox21,avg,0.5,1,34,200,16,16,0.0,val,client_2,5,30,657,687,True,0.7990867579908676
Tox21,avg,0.5,1,34,200,16,16,0.0,val,client_2,6,21,612,633,True,0.6989573607220666
Tox21,avg,0.5,1,34,200,16,16,0.0,val,client_2,7,96,492,588,True,0.713816903794038
Tox21,avg,0.5,1,34,200,16,16,0.0,val,client_2,8,30,677,707,True,0.7949778434268833
Tox21,avg,0.5,1,34,200,16,16,0.0,val,client_2,9,45,603,648,True,0.6091394877464529
Tox21,avg,0.5,1,34,200,16,16,0.0,val,client_2,10,92,495,587,True,0.8762845849802371
Tox21,avg,0.5,1,34,200,16,16,0.0,val,client_2,11,42,636,678,True,0.8139787361485474
Tox21,avg,0.5,1,34,200,16,16,0.0,val,client_3,0,31,696,727,True,0.7695124212087505
Tox21,avg,0.5,1,34,200,16,16,0.0,val,client_3,1,23,652,675,True,0.7791411042944786
Tox21,avg,0.5,1,34,200,16,16,0.0,val,client_3,2,74,567,641,True,0.8402450069116735
Tox21,avg,0.5,1,34,200,16,16,0.0,val,client_3,3,19,546,565,True,0.8073067283593599
Tox21,avg,0.5,1,34,200,16,16,0.0,val,client_3,4,82,541,623,True,0.6855867634461926
Tox21,avg,0.5,1,34,200,16,16,0.0,val,client_3,5,30,657,687,True,0.7784880771182141
Tox21,avg,0.5,1,34,200,16,16,0.0,val,client_3,6,21,612,633,True,0.6619981325863679
Tox21,avg,0.5,1,34,200,16,16,0.0,val,client_3,7,96,492,588,True,0.7115514905149052
Tox21,avg,0.5,1,34,200,16,16,0.0,val,client_3,8,30,677,707,True,0.7858690300344657
Tox21,avg,0.5,1,34,200,16,16,0.0,val,client_3,9,45,603,648,True,0.6293348074442602
Tox21,avg,0.5,1,34,200,16,16,0.0,val,client_3,10,92,495,587,True,0.8857927097057532
Tox21,avg,0.5,1,34,200,16,16,0.0,val,client_3,11,42,636,678,True,0.7867999401018269
Tox21,avg,0.5,1,34,200,16,16,0.0,test,server,0,32,693,725,True,0.8099296536796537
Tox21,avg,0.5,1,34,200,16,16,0.0,test,server,1,33,646,679,True,0.8964724645839197
Tox21,avg,0.5,1,34,200,16,16,0.0,test,server,2,77,572,649,True,0.8479929161747344
Tox21,avg,0.5,1,34,200,16,16,0.0,test,server,3,38,538,576,True,0.7537174721189591
Tox21,avg,0.5,1,34,200,16,16,0.0,test,server,4,80,531,611,True,0.7005414312617703
Tox21,avg,0.5,1,34,200,16,16,0.0,test,server,5,34,647,681,True,0.7959359941812892
Tox21,avg,0.5,1,34,200,16,16,0.0,test,server,6,21,617,638,True,0.7163695299837926
Tox21,avg,0.5,1,34,200,16,16,0.0,test,server,7,95,494,589,True,0.7677604943532922
Tox21,avg,0.5,1,34,200,16,16,0.0,test,server,8,32,670,702,True,0.7973880597014925
Tox21,avg,0.5,1,34,200,16,16,0.0,test,server,9,36,621,657,True,0.6790123456790124
Tox21,avg,0.5,1,34,200,16,16,0.0,test,server,10,93,485,578,True,0.8439419133133799
Tox21,avg,0.5,1,34,200,16,16,0.0,test,server,11,48,624,672,True,0.7764423076923076
Tox21,avg,0.5,1,34,200,16,16,0.0,test,client_0,0,32,693,725,True,0.7954996392496392
Tox21,avg,0.5,1,34,200,16,16,0.0,test,client_0,1,33,646,679,True,0.8915470494417862
Tox21,avg,0.5,1,34,200,16,16,0.0,test,client_0,2,77,572,649,True,0.855916810462265
Tox21,avg,0.5,1,34,200,16,16,0.0,test,client_0,3,38,538,576,True,0.7595382508315398
Tox21,avg,0.5,1,34,200,16,16,0.0,test,client_0,4,80,531,611,True,0.6836864406779661
Tox21,avg,0.5,1,34,200,16,16,0.0,test,client_0,5,34,647,681,True,0.790390035457769
Tox21,avg,0.5,1,34,200,16,16,0.0,test,client_0,6,21,617,638,True,0.6976151887010882
Tox21,avg,0.5,1,34,200,16,16,0.0,test,client_0,7,95,494,589,True,0.7717451523545706
Tox21,avg,0.5,1,34,200,16,16,0.0,test,client_0,8,32,670,702,True,0.7948227611940298
Tox21,avg,0.5,1,34,200,16,16,0.0,test,client_0,9,36,621,657,True,0.6935050993022007
Tox21,avg,0.5,1,34,200,16,16,0.0,test,client_0,10,93,485,578,True,0.8364704578206408
Tox21,avg,0.5,1,34,200,16,16,0.0,test,client_0,11,48,624,672,True,0.7705662393162394
Tox21,avg,0.5,1,34,200,16,16,0.0,test,client_1,0,32,693,725,True,0.8109893578643579
Tox21,avg,0.5,1,34,200,16,16,0.0,test,client_1,1,33,646,679,True,0.8871376301716859
Tox21,avg,0.5,1,34,200,16,16,0.0,test,client_1,2,77,572,649,True,0.830737444373808
Tox21,avg,0.5,1,34,200,16,16,0.0,test,client_1,3,38,538,576,True,0.7378203873997261
Tox21,avg,0.5,1,34,200,16,16,0.0,test,client_1,4,80,531,611,True,0.6924905838041431
Tox21,avg,0.5,1,34,200,16,16,0.0,test,client_1,5,34,647,681,True,0.7911628329848167
Tox21,avg,0.5,1,34,200,16,16,0.0,test,client_1,6,21,617,638,True,0.6865015049780042
Tox21,avg,0.5,1,34,200,16,16,0.0,test,client_1,7,95,494,589,True,0.7486469209460899
Tox21,avg,0.5,1,34,200,16,16,0.0,test,client_1,8,32,670,702,True,0.7550839552238806
Tox21,avg,0.5,1,34,200,16,16,0.0,test,client_1,9,36,621,657,True,0.681517266058329
Tox21,avg,0.5,1,34,200,16,16,0.0,test,client_1,10,93,485,578,True,0.8272031925507151
Tox21,avg,0.5,1,34,200,16,16,0.0,test,client_1,11,48,624,672,True,0.7716680021367521
Tox21,avg,0.5,1,34,200,16,16,0.0,test,client_2,0,32,693,725,True,0.7935606060606061
Tox21,avg,0.5,1,34,200,16,16,0.0,test,client_2,1,33,646,679,True,0.8995684398161178
Tox21,avg,0.5,1,34,200,16,16,0.0,test,client_2,2,77,572,649,True,0.8353918808464263
Tox21,avg,0.5,1,34,200,16,16,0.0,test,client_2,3,38,538,576,True,0.7400704363138328
Tox21,avg,0.5,1,34,200,16,16,0.0,test,client_2,4,80,531,611,True,0.6979755178907721
Tox21,avg,0.5,1,34,200,16,16,0.0,test,client_2,5,34,647,681,True,0.782616601509228
Tox21,avg,0.5,1,34,200,16,16,0.0,test,client_2,6,21,617,638,True,0.745388593038512
Tox21,avg,0.5,1,34,200,16,16,0.0,test,client_2,7,95,494,589,True,0.7708928190922649
Tox21,avg,0.5,1,34,200,16,16,0.0,test,client_2,8,32,670,702,True,0.8027985074626866
Tox21,avg,0.5,1,34,200,16,16,0.0,test,client_2,9,36,621,657,True,0.6573626766863482
Tox21,avg,0.5,1,34,200,16,16,0.0,test,client_2,10,93,485,578,True,0.8331448841591841
Tox21,avg,0.5,1,34,200,16,16,0.0,test,client_2,11,48,624,672,True,0.7736044337606838
Tox21,avg,0.5,1,34,200,16,16,0.0,test,client_3,0,32,693,725,True,0.8106060606060606
Tox21,avg,0.5,1,34,200,16,16,0.0,test,client_3,1,33,646,679,True,0.8846514682427995
Tox21,avg,0.5,1,34,200,16,16,0.0,test,client_3,2,77,572,649,True,0.8276042139678503
Tox21,avg,0.5,1,34,200,16,16,0.0,test,client_3,3,38,538,576,True,0.7387986695362943
Tox21,avg,0.5,1,34,200,16,16,0.0,test,client_3,4,80,531,611,True,0.7034604519774011
Tox21,avg,0.5,1,34,200,16,16,0.0,test,client_3,5,34,647,681,True,0.7820710973724884
Tox21,avg,0.5,1,34,200,16,16,0.0,test,client_3,6,21,617,638,True,0.716832600138921
Tox21,avg,0.5,1,34,200,16,16,0.0,test,client_3,7,95,494,589,True,0.7403579799701683
Tox21,avg,0.5,1,34,200,16,16,0.0,test,client_3,8,32,670,702,True,0.7626399253731343
Tox21,avg,0.5,1,34,200,16,16,0.0,test,client_3,9,36,621,657,True,0.6590177133655395
Tox21,avg,0.5,1,34,200,16,16,0.0,test,client_3,10,93,485,578,True,0.8349406939363707
Tox21,avg,0.5,1,34,200,16,16,0.0,test,client_3,11,48,624,672,True,0.7616853632478633
Tox21,avg,0.5,1,35,200,16,16,0.0,val,server,0,31,696,727,True,0.8005190952910641
Tox21,avg,0.5,1,35,200,16,16,0.0,val,server,1,23,652,675,True,0.8006134969325153
Tox21,avg,0.5,1,35,200,16,16,0.0,val,server,2,74,567,641,True,0.8502550169216836
Tox21,avg,0.5,1,35,200,16,16,0.0,val,server,3,19,546,565,True,0.8248505880084828
Tox21,avg,0.5,1,35,200,16,16,0.0,val,server,4,82,541,623,True,0.7019746629998648
Tox21,avg,0.5,1,35,200,16,16,0.0,val,server,5,30,657,687,True,0.7937595129375952
Tox21,avg,0.5,1,35,200,16,16,0.0,val,server,6,21,612,633,True,0.6889978213507625
Tox21,avg,0.5,1,35,200,16,16,0.0,val,server,7,96,492,588,True,0.7298653455284553
Tox21,avg,0.5,1,35,200,16,16,0.0,val,server,8,30,677,707,True,0.7923682914820285
Tox21,avg,0.5,1,35,200,16,16,0.0,val,server,9,45,603,648,True,0.6379215035931454
Tox21,avg,0.5,1,35,200,16,16,0.0,val,server,10,92,495,587,True,0.8862538427755818
Tox21,avg,0.5,1,35,200,16,16,0.0,val,server,11,42,636,678,True,0.7948861934710992
Tox21,avg,0.5,1,35,200,16,16,0.0,val,client_0,0,31,696,727,True,0.7973674453096032
Tox21,avg,0.5,1,35,200,16,16,0.0,val,client_0,1,23,652,675,True,0.7920778874366498
Tox21,avg,0.5,1,35,200,16,16,0.0,val,client_0,2,74,567,641,True,0.8431765098431766
Tox21,avg,0.5,1,35,200,16,16,0.0,val,client_0,3,19,546,565,True,0.8337189126662811
Tox21,avg,0.5,1,35,200,16,16,0.0,val,client_0,4,82,541,623,True,0.700036066904107
Tox21,avg,0.5,1,35,200,16,16,0.0,val,client_0,5,30,657,687,True,0.795484525621512
Tox21,avg,0.5,1,35,200,16,16,0.0,val,client_0,6,21,612,633,True,0.6591970121381886
Tox21,avg,0.5,1,35,200,16,16,0.0,val,client_0,7,96,492,588,True,0.7370215108401084
Tox21,avg,0.5,1,35,200,16,16,0.0,val,client_0,8,30,677,707,True,0.7573609059576563
Tox21,avg,0.5,1,35,200,16,16,0.0,val,client_0,9,45,603,648,True,0.6414225170444076
Tox21,avg,0.5,1,35,200,16,16,0.0,val,client_0,10,92,495,587,True,0.8613526570048309
Tox21,avg,0.5,1,35,200,16,16,0.0,val,client_0,11,42,636,678,True,0.7534067085953878
Tox21,avg,0.5,1,35,200,16,16,0.0,val,client_1,0,31,696,727,True,0.7950037078235076
Tox21,avg,0.5,1,35,200,16,16,0.0,val,client_1,1,23,652,675,True,0.775806881835156
Tox21,avg,0.5,1,35,200,16,16,0.0,val,client_1,2,74,567,641,True,0.833524000190667
Tox21,avg,0.5,1,35,200,16,16,0.0,val,client_1,3,19,546,565,True,0.7513013302486986
Tox21,avg,0.5,1,35,200,16,16,0.0,val,client_1,4,82,541,623,True,0.6936567332401604
Tox21,avg,0.5,1,35,200,16,16,0.0,val,client_1,5,30,657,687,True,0.7735667174023338
Tox21,avg,0.5,1,35,200,16,16,0.0,val,client_1,6,21,612,633,True,0.6669000933706816
Tox21,avg,0.5,1,35,200,16,16,0.0,val,client_1,7,96,492,588,True,0.7171620934959348
Tox21,avg,0.5,1,35,200,16,16,0.0,val,client_1,8,30,677,707,True,0.7732151649433776
Tox21,avg,0.5,1,35,200,16,16,0.0,val,client_1,9,45,603,648,True,0.626644555002764
Tox21,avg,0.5,1,35,200,16,16,0.0,val,client_1,10,92,495,587,True,0.887044356609574
Tox21,avg,0.5,1,35,200,16,16,0.0,val,client_1,11,42,636,678,True,0.7793126684636119
Tox21,avg,0.5,1,35,200,16,16,0.0,val,client_2,0,31,696,727,True,0.8118279569892474
Tox21,avg,0.5,1,35,200,16,16,0.0,val,client_2,1,23,652,675,True,0.8252200586823153
Tox21,avg,0.5,1,35,200,16,16,0.0,val,client_2,2,74,567,641,True,0.825825825825826
Tox21,avg,0.5,1,35,200,16,16,0.0,val,client_2,3,19,546,565,True,0.8067283593599383
Tox21,avg,0.5,1,35,200,16,16,0.0,val,client_2,4,82,541,623,True,0.6913123844731979
Tox21,avg,0.5,1,35,200,16,16,0.0,val,client_2,5,30,657,687,True,0.797615423642821
Tox21,avg,0.5,1,35,200,16,16,0.0,val,client_2,6,21,612,633,True,0.7032368502956738
Tox21,avg,0.5,1,35,200,16,16,0.0,val,client_2,7,96,492,588,True,0.7187288279132791
Tox21,avg,0.5,1,35,200,16,16,0.0,val,client_2,8,30,677,707,True,0.7999015263417035
Tox21,avg,0.5,1,35,200,16,16,0.0,val,client_2,9,45,603,648,True,0.6162152201953197
Tox21,avg,0.5,1,35,200,16,16,0.0,val,client_2,10,92,495,587,True,0.8763285024154589
Tox21,avg,0.5,1,35,200,16,16,0.0,val,client_2,11,42,636,678,True,0.8175351901766995
Tox21,avg,0.5,1,35,200,16,16,0.0,val,client_3,0,31,696,727,True,0.7725713756025213
Tox21,avg,0.5,1,35,200,16,16,0.0,val,client_3,1,23,652,675,True,0.8040810882902107
Tox21,avg,0.5,1,35,200,16,16,0.0,val,client_3,2,74,567,641,True,0.8456551789885123
Tox21,avg,0.5,1,35,200,16,16,0.0,val,client_3,3,19,546,565,True,0.8123192596876808
Tox21,avg,0.5,1,35,200,16,16,0.0,val,client_3,4,82,541,623,True,0.6931833551237545
Tox21,avg,0.5,1,35,200,16,16,0.0,val,client_3,5,30,657,687,True,0.7874175545408423
Tox21,avg,0.5,1,35,200,16,16,0.0,val,client_3,6,21,612,633,True,0.673202614379085
Tox21,avg,0.5,1,35,200,16,16,0.0,val,client_3,7,96,492,588,True,0.7200414972899729
Tox21,avg,0.5,1,35,200,16,16,0.0,val,client_3,8,30,677,707,True,0.7916789758739536
Tox21,avg,0.5,1,35,200,16,16,0.0,val,client_3,9,45,603,648,True,0.6323567348442971
Tox21,avg,0.5,1,35,200,16,16,0.0,val,client_3,10,92,495,587,True,0.8845410628019323
Tox21,avg,0.5,1,35,200,16,16,0.0,val,client_3,11,42,636,678,True,0.7985923929320154
Tox21,avg,0.5,1,35,200,16,16,0.0,test,server,0,32,693,725,True,0.8086219336219336
Tox21,avg,0.5,1,35,200,16,16,0.0,test,server,1,33,646,679,True,0.8983019044938549
Tox21,avg,0.5,1,35,200,16,16,0.0,test,server,2,77,572,649,True,0.8455181182453908
Tox21,avg,0.5,1,35,200,16,16,0.0,test,server,3,38,538,576,True,0.7535218156916454
Tox21,avg,0.5,1,35,200,16,16,0.0,test,server,4,80,531,611,True,0.7027777777777777
Tox21,avg,0.5,1,35,200,16,16,0.0,test,server,5,34,647,681,True,0.7984816801527411
Tox21,avg,0.5,1,35,200,16,16,0.0,test,server,6,21,617,638,True,0.7192251292737516
Tox21,avg,0.5,1,35,200,16,16,0.0,test,server,7,95,494,589,True,0.7698487108459409
Tox21,avg,0.5,1,35,200,16,16,0.0,test,server,8,32,670,702,True,0.7996268656716418
Tox21,avg,0.5,1,35,200,16,16,0.0,test,server,9,36,621,657,True,0.682948649132224
Tox21,avg,0.5,1,35,200,16,16,0.0,test,server,10,93,485,578,True,0.840948897018069
Tox21,avg,0.5,1,35,200,16,16,0.0,test,server,11,48,624,672,True,0.776809561965812
Tox21,avg,0.5,1,35,200,16,16,0.0,test,client_0,0,32,693,725,True,0.7688943001443
Tox21,avg,0.5,1,35,200,16,16,0.0,test,client_0,1,33,646,679,True,0.8802889576883385
Tox21,avg,0.5,1,35,200,16,16,0.0,test,client_0,2,77,572,649,True,0.8511942602851694
Tox21,avg,0.5,1,35,200,16,16,0.0,test,client_0,3,38,538,576,True,0.7553316376442966
Tox21,avg,0.5,1,35,200,16,16,0.0,test,client_0,4,80,531,611,True,0.6814736346516007
Tox21,avg,0.5,1,35,200,16,16,0.0,test,client_0,5,34,647,681,True,0.7780252750250023
Tox21,avg,0.5,1,35,200,16,16,0.0,test,client_0,6,21,617,638,True,0.7017828200972447
Tox21,avg,0.5,1,35,200,16,16,0.0,test,client_0,7,95,494,589,True,0.7577029618580865
Tox21,avg,0.5,1,35,200,16,16,0.0,test,client_0,8,32,670,702,True,0.8029850746268656
Tox21,avg,0.5,1,35,200,16,16,0.0,test,client_0,9,36,621,657,True,0.687555913401324
Tox21,avg,0.5,1,35,200,16,16,0.0,test,client_0,10,93,485,578,True,0.8208180911207184
Tox21,avg,0.5,1,35,200,16,16,0.0,test,client_0,11,48,624,672,True,0.7593482905982906
Tox21,avg,0.5,1,35,200,16,16,0.0,test,client_1,0,32,693,725,True,0.808757215007215
Tox21,avg,0.5,1,35,200,16,16,0.0,test,client_1,1,33,646,679,True,0.8855427338399475
Tox21,avg,0.5,1,35,200,16,16,0.0,test,client_1,2,77,572,649,True,0.8381618381618381
Tox21,avg,0.5,1,35,200,16,16,0.0,test,client_1,3,38,538,576,True,0.7347387986695364
Tox21,avg,0.5,1,35,200,16,16,0.0,test,client_1,4,80,531,611,True,0.698728813559322
Tox21,avg,0.5,1,35,200,16,16,0.0,test,client_1,5,34,647,681,True,0.7948904445858714
Tox21,avg,0.5,1,35,200,16,16,0.0,test,client_1,6,21,617,638,True,0.6809446631164621
Tox21,avg,0.5,1,35,200,16,16,0.0,test,client_1,7,95,494,589,True,0.7528872789260601
Tox21,avg,0.5,1,35,200,16,16,0.0,test,client_1,8,32,670,702,True,0.7616138059701493
Tox21,avg,0.5,1,35,200,16,16,0.0,test,client_1,9,36,621,657,True,0.6705582393988192
Tox21,avg,0.5,1,35,200,16,16,0.0,test,client_1,10,93,485,578,True,0.8314599268373796
Tox21,avg,0.5,1,35,200,16,16,0.0,test,client_1,11,48,624,672,True,0.7740050747863247
Tox21,avg,0.5,1,35,200,16,16,0.0,test,client_2,0,32,693,725,True,0.8009108946608947
Tox21,avg,0.5,1,35,200,16,16,0.0,test,client_2,1,33,646,679,True,0.8946899333896239
Tox21,avg,0.5,1,35,200,16,16,0.0,test,client_2,2,77,572,649,True,0.8260148941967124
Tox21,avg,0.5,1,35,200,16,16,0.0,test,client_2,3,38,538,576,True,0.7364507924085307
Tox21,avg,0.5,1,35,200,16,16,0.0,test,client_2,4,80,531,611,True,0.7025659133709979
Tox21,avg,0.5,1,35,200,16,16,0.0,test,client_2,5,34,647,681,True,0.7794799527229748
Tox21,avg,0.5,1,35,200,16,16,0.0,test,client_2,6,21,617,638,True,0.744539631087443
Tox21,avg,0.5,1,35,200,16,16,0.0,test,client_2,7,95,494,589,True,0.7682079693160025
Tox21,avg,0.5,1,35,200,16,16,0.0,test,client_2,8,32,670,702,True,0.8064832089552239
Tox21,avg,0.5,1,35,200,16,16,0.0,test,client_2,9,36,621,657,True,0.6650116299874754
Tox21,avg,0.5,1,35,200,16,16,0.0,test,client_2,10,93,485,578,True,0.833898680855781
Tox21,avg,0.5,1,35,200,16,16,0.0,test,client_2,11,48,624,672,True,0.7681290064102564
Tox21,avg,0.5,1,35,200,16,16,0.0,test,client_3,0,32,693,725,True,0.8025342712842713
Tox21,avg,0.5,1,35,200,16,16,0.0,test,client_3,1,33,646,679,True,0.8901397879726053
Tox21,avg,0.5,1,35,200,16,16,0.0,test,client_3,2,77,572,649,True,0.8334846971210608
Tox21,avg,0.5,1,35,200,16,16,0.0,test,client_3,3,38,538,576,True,0.7421248288006261
Tox21,avg,0.5,1,35,200,16,16,0.0,test,client_3,4,80,531,611,True,0.7034369114877589
Tox21,avg,0.5,1,35,200,16,16,0.0,test,client_3,5,34,647,681,True,0.7926629693608509
Tox21,avg,0.5,1,35,200,16,16,0.0,test,client_3,6,21,617,638,True,0.720537161379949
Tox21,avg,0.5,1,35,200,16,16,0.0,test,client_3,7,95,494,589,True,0.7518218623481782
Tox21,avg,0.5,1,35,200,16,16,0.0,test,client_3,8,32,670,702,True,0.7676305970149254
Tox21,avg,0.5,1,35,200,16,16,0.0,test,client_3,9,36,621,657,True,0.6635802469135802
Tox21,avg,0.5,1,35,200,16,16,0.0,test,client_3,10,93,485,578,True,0.8357388316151202
Tox21,avg,0.5,1,35,200,16,16,0.0,test,client_3,11,48,624,672,True,0.7691306089743589
Tox21,avg,0.5,1,36,200,16,16,0.0,val,server,0,31,696,727,True,0.7976455320726733
Tox21,avg,0.5,1,36,200,16,16,0.0,val,server,1,23,652,675,True,0.799079754601227
Tox21,avg,0.5,1,36,200,16,16,0.0,val,server,2,74,567,641,True,0.8508985175651843
Tox21,avg,0.5,1,36,200,16,16,0.0,val,server,3,19,546,565,True,0.8308270676691729
Tox21,avg,0.5,1,36,200,16,16,0.0,val,server,4,82,541,623,True,0.7028537937874757
Tox21,avg,0.5,1,36,200,16,16,0.0,val,server,5,30,657,687,True,0.7913749365804159
Tox21,avg,0.5,1,36,200,16,16,0.0,val,server,6,21,612,633,True,0.6867413632119514
Tox21,avg,0.5,1,36,200,16,16,0.0,val,server,7,96,492,588,True,0.7299712059620597
Tox21,avg,0.5,1,36,200,16,16,0.0,val,server,8,30,677,707,True,0.7892663712456918
Tox21,avg,0.5,1,36,200,16,16,0.0,val,server,9,45,603,648,True,0.6412014004053804
Tox21,avg,0.5,1,36,200,16,16,0.0,val,server,10,92,495,587,True,0.8849363197189284
Tox21,avg,0.5,1,36,200,16,16,0.0,val,server,11,42,636,678,True,0.7926400119796346
Tox21,avg,0.5,1,36,200,16,16,0.0,val,client_0,0,31,696,727,True,0.8008898776418242
Tox21,avg,0.5,1,36,200,16,16,0.0,val,client_0,1,23,652,675,True,0.7839423846359028
Tox21,avg,0.5,1,36,200,16,16,0.0,val,client_0,2,74,567,641,True,0.8422708422708424
Tox21,avg,0.5,1,36,200,16,16,0.0,val,client_0,3,19,546,565,True,0.8434547908232118
Tox21,avg,0.5,1,36,200,16,16,0.0,val,client_0,4,82,541,623,True,0.6983228889590191
Tox21,avg,0.5,1,36,200,16,16,0.0,val,client_0,5,30,657,687,True,0.7848807711821411
Tox21,avg,0.5,1,36,200,16,16,0.0,val,client_0,6,21,612,633,True,0.6456582633053222
Tox21,avg,0.5,1,36,200,16,16,0.0,val,client_0,7,96,492,588,True,0.7336022188346885
Tox21,avg,0.5,1,36,200,16,16,0.0,val,client_0,8,30,677,707,True,0.7457902511078287
Tox21,avg,0.5,1,36,200,16,16,0.0,val,client_0,9,45,603,648,True,0.6465450525152018
Tox21,avg,0.5,1,36,200,16,16,0.0,val,client_0,10,92,495,587,True,0.8644707949055774
Tox21,avg,0.5,1,36,200,16,16,0.0,val,client_0,11,42,636,678,True,0.7542677448337826
Tox21,avg,0.5,1,36,200,16,16,0.0,val,client_1,0,31,696,727,True,0.7915739710789765
Tox21,avg,0.5,1,36,200,16,16,0.0,val,client_1,1,23,652,675,True,0.7714057081888503
Tox21,avg,0.5,1,36,200,16,16,0.0,val,client_1,2,74,567,641,True,0.8229181562514896
Tox21,avg,0.5,1,36,200,16,16,0.0,val,client_1,3,19,546,565,True,0.7425294004241373
Tox21,avg,0.5,1,36,200,16,16,0.0,val,client_1,4,82,541,623,True,0.6899147919390469
Tox21,avg,0.5,1,36,200,16,16,0.0,val,client_1,5,30,657,687,True,0.7605783866057839
Tox21,avg,0.5,1,36,200,16,16,0.0,val,client_1,6,21,612,633,True,0.6601307189542484
Tox21,avg,0.5,1,36,200,16,16,0.0,val,client_1,7,96,492,588,True,0.7120384485094852
Tox21,avg,0.5,1,36,200,16,16,0.0,val,client_1,8,30,677,707,True,0.765534219596258
Tox21,avg,0.5,1,36,200,16,16,0.0,val,client_1,9,45,603,648,True,0.6197899391929242
Tox21,avg,0.5,1,36,200,16,16,0.0,val,client_1,10,92,495,587,True,0.8828502415458936
Tox21,avg,0.5,1,36,200,16,16,0.0,val,client_1,11,42,636,678,True,0.7728361784965558
Tox21,avg,0.5,1,36,200,16,16,0.0,val,client_2,0,31,696,727,True,0.8098813496477567
Tox21,avg,0.5,1,36,200,16,16,0.0,val,client_2,1,23,652,675,True,0.8226193651640438
Tox21,avg,0.5,1,36,200,16,16,0.0,val,client_2,2,74,567,641,True,0.8348586681920016
Tox21,avg,0.5,1,36,200,16,16,0.0,val,client_2,3,19,546,565,True,0.8045112781954887
Tox21,avg,0.5,1,36,200,16,16,0.0,val,client_2,4,82,541,623,True,0.6956629547811191
Tox21,avg,0.5,1,36,200,16,16,0.0,val,client_2,5,30,657,687,True,0.8022831050228311
Tox21,avg,0.5,1,36,200,16,16,0.0,val,client_2,6,21,612,633,True,0.7138966697790227
Tox21,avg,0.5,1,36,200,16,16,0.0,val,client_2,7,96,492,588,True,0.7228362127371275
Tox21,avg,0.5,1,36,200,16,16,0.0,val,client_2,8,30,677,707,True,0.7965534219596259
Tox21,avg,0.5,1,36,200,16,16,0.0,val,client_2,9,45,603,648,True,0.6182421227197347
Tox21,avg,0.5,1,36,200,16,16,0.0,val,client_2,10,92,495,587,True,0.8747035573122529
Tox21,avg,0.5,1,36,200,16,16,0.0,val,client_2,11,42,636,678,True,0.8116951182988917
Tox21,avg,0.5,1,36,200,16,16,0.0,val,client_3,0,31,696,727,True,0.764089729328884
Tox21,avg,0.5,1,36,200,16,16,0.0,val,client_3,1,23,652,675,True,0.8004801280341425
Tox21,avg,0.5,1,36,200,16,16,0.0,val,client_3,2,74,567,641,True,0.8432480099146766
Tox21,avg,0.5,1,36,200,16,16,0.0,val,client_3,3,19,546,565,True,0.8335261229998072
Tox21,avg,0.5,1,36,200,16,16,0.0,val,client_3,4,82,541,623,True,0.6918759298498716
Tox21,avg,0.5,1,36,200,16,16,0.0,val,client_3,5,30,657,687,True,0.7869101978691021
Tox21,avg,0.5,1,36,200,16,16,0.0,val,client_3,6,21,612,633,True,0.6654217242452536
Tox21,avg,0.5,1,36,200,16,16,0.0,val,client_3,7,96,492,588,True,0.7242547425474255
Tox21,avg,0.5,1,36,200,16,16,0.0,val,client_3,8,30,677,707,True,0.7951255539143279
Tox21,avg,0.5,1,36,200,16,16,0.0,val,client_3,9,45,603,648,True,0.6441864750322461
Tox21,avg,0.5,1,36,200,16,16,0.0,val,client_3,10,92,495,587,True,0.8832674571805006
Tox21,avg,0.5,1,36,200,16,16,0.0,val,client_3,11,42,636,678,True,0.785826594788859
Tox21,avg,0.5,1,36,200,16,16,0.0,test,server,0,32,693,725,True,0.8085768398268399
Tox21,avg,0.5,1,36,200,16,16,0.0,test,server,1,33,646,679,True,0.8969415517403134
Tox21,avg,0.5,1,36,200,16,16,0.0,test,server,2,77,572,649,True,0.8469485060394152
Tox21,avg,0.5,1,36,200,16,16,0.0,test,server,3,38,538,576,True,0.7585599686949716
Tox21,avg,0.5,1,36,200,16,16,0.0,test,server,4,80,531,611,True,0.7048964218455743
Tox21,avg,0.5,1,36,200,16,16,0.0,test,server,5,34,647,681,True,0.7970270024547687
Tox21,avg,0.5,1,36,200,16,16,0.0,test,server,6,21,617,638,True,0.7150574978775951
Tox21,avg,0.5,1,36,200,16,16,0.0,test,server,7,95,494,589,True,0.7691668442360963
Tox21,avg,0.5,1,36,200,16,16,0.0,test,server,8,32,670,702,True,0.8034981343283581
Tox21,avg,0.5,1,36,200,16,16,0.0,test,server,9,36,621,657,True,0.686348183932725
Tox21,avg,0.5,1,36,200,16,16,0.0,test,server,10,93,485,578,True,0.841658352732513
Tox21,avg,0.5,1,36,200,16,16,0.0,test,server,11,48,624,672,True,0.7788127670940171
Tox21,avg,0.5,1,36,200,16,16,0.0,test,client_0,0,32,693,725,True,0.7628968253968252
Tox21,avg,0.5,1,36,200,16,16,0.0,test,client_0,1,33,646,679,True,0.8778027957594521
Tox21,avg,0.5,1,36,200,16,16,0.0,test,client_0,2,77,572,649,True,0.8479475070384161
Tox21,avg,0.5,1,36,200,16,16,0.0,test,client_0,3,38,538,576,True,0.7600273918998239
Tox21,avg,0.5,1,36,200,16,16,0.0,test,client_0,4,80,531,611,True,0.6819679849340867
Tox21,avg,0.5,1,36,200,16,16,0.0,test,client_0,5,34,647,681,True,0.7733430311846532
Tox21,avg,0.5,1,36,200,16,16,0.0,test,client_0,6,21,617,638,True,0.6924442386354865
Tox21,avg,0.5,1,36,200,16,16,0.0,test,client_0,7,95,494,589,True,0.7602386533134455
Tox21,avg,0.5,1,36,200,16,16,0.0,test,client_0,8,32,670,702,True,0.8028917910447761
Tox21,avg,0.5,1,36,200,16,16,0.0,test,client_0,9,36,621,657,True,0.6956074431919842
Tox21,avg,0.5,1,36,200,16,16,0.0,test,client_0,10,93,485,578,True,0.8282230351402282
Tox21,avg,0.5,1,36,200,16,16,0.0,test,client_0,11,48,624,672,True,0.7528378739316239
Tox21,avg,0.5,1,36,200,16,16,0.0,test,client_1,0,32,693,725,True,0.812950937950938
Tox21,avg,0.5,1,36,200,16,16,0.0,test,client_1,1,33,646,679,True,0.8877943521906371
Tox21,avg,0.5,1,36,200,16,16,0.0,test,client_1,2,77,572,649,True,0.8382980655707929
Tox21,avg,0.5,1,36,200,16,16,0.0,test,client_1,3,38,538,576,True,0.7435922520054784
Tox21,avg,0.5,1,36,200,16,16,0.0,test,client_1,4,80,531,611,True,0.6924435028248588
Tox21,avg,0.5,1,36,200,16,16,0.0,test,client_1,5,34,647,681,True,0.7819347213383034
Tox21,avg,0.5,1,36,200,16,16,0.0,test,client_1,6,21,617,638,True,0.6852666512309947
Tox21,avg,0.5,1,36,200,16,16,0.0,test,client_1,7,95,494,589,True,0.7496484125292988
Tox21,avg,0.5,1,36,200,16,16,0.0,test,client_1,8,32,670,702,True,0.7558768656716418
Tox21,avg,0.5,1,36,200,16,16,0.0,test,client_1,9,36,621,657,True,0.6812936124530328
Tox21,avg,0.5,1,36,200,16,16,0.0,test,client_1,10,93,485,578,True,0.8261611794701252
Tox21,avg,0.5,1,36,200,16,16,0.0,test,client_1,11,48,624,672,True,0.7688301282051282
Tox21,avg,0.5,1,36,200,16,16,0.0,test,client_2,0,32,693,725,True,0.8020382395382395
Tox21,avg,0.5,1,36,200,16,16,0.0,test,client_2,1,33,646,679,True,0.8956750164180505
Tox21,avg,0.5,1,36,200,16,16,0.0,test,client_2,2,77,572,649,True,0.83094178548724
Tox21,avg,0.5,1,36,200,16,16,0.0,test,client_2,3,38,538,576,True,0.7342985717080807
Tox21,avg,0.5,1,36,200,16,16,0.0,test,client_2,4,80,531,611,True,0.7060969868173258
Tox21,avg,0.5,1,36,200,16,16,0.0,test,client_2,5,34,647,681,True,0.788980816437858
Tox21,avg,0.5,1,36,200,16,16,0.0,test,client_2,6,21,617,638,True,0.7328856988500424
Tox21,avg,0.5,1,36,200,16,16,0.0,test,client_2,7,95,494,589,True,0.7603238866396762
Tox21,avg,0.5,1,36,200,16,16,0.0,test,client_2,8,32,670,702,True,0.7946361940298508
Tox21,avg,0.5,1,36,200,16,16,0.0,test,client_2,9,36,621,657,True,0.6574521381284667
Tox21,avg,0.5,1,36,200,16,16,0.0,test,client_2,10,93,485,578,True,0.8317038022392196
Tox21,avg,0.5,1,36,200,16,16,0.0,test,client_2,11,48,624,672,True,0.7671941773504273
Tox21,avg,0.5,1,36,200,16,16,0.0,test,client_3,0,32,693,725,True,0.8037067099567099
Tox21,avg,0.5,1,36,200,16,16,0.0,test,client_3,1,33,646,679,True,0.887935078337555
Tox21,avg,0.5,1,36,200,16,16,0.0,test,client_3,2,77,572,649,True,0.8315775133956953
Tox21,avg,0.5,1,36,200,16,16,0.0,test,client_3,3,38,538,576,True,0.7465270984151829
Tox21,avg,0.5,1,36,200,16,16,0.0,test,client_3,4,80,531,611,True,0.7037193973634652
Tox21,avg,0.5,1,36,200,16,16,0.0,test,client_3,5,34,647,681,True,0.7904354941358305
Tox21,avg,0.5,1,36,200,16,16,0.0,test,client_3,6,21,617,638,True,0.7158292814694759
Tox21,avg,0.5,1,36,200,16,16,0.0,test,client_3,7,95,494,589,True,0.754954187087151
Tox21,avg,0.5,1,36,200,16,16,0.0,test,client_3,8,32,670,702,True,0.7819496268656717
Tox21,avg,0.5,1,36,200,16,16,0.0,test,client_3,9,36,621,657,True,0.667740203972088
Tox21,avg,0.5,1,36,200,16,16,0.0,test,client_3,10,93,485,578,True,0.8369803791153972
Tox21,avg,0.5,1,36,200,16,16,0.0,test,client_3,11,48,624,672,True,0.7680622329059829
Tox21,avg,0.5,1,37,200,16,16,0.0,val,server,0,31,696,727,True,0.8052465702632555
Tox21,avg,0.5,1,37,200,16,16,0.0,val,server,1,23,652,675,True,0.7968791677780742
Tox21,avg,0.5,1,37,200,16,16,0.0,val,server,2,74,567,641,True,0.8517088517088517
Tox21,avg,0.5,1,37,200,16,16,0.0,val,server,3,19,546,565,True,0.8331405436668594
Tox21,avg,0.5,1,37,200,16,16,0.0,val,server,4,82,541,623,True,0.7016816194039943
Tox21,avg,0.5,1,37,200,16,16,0.0,val,server,5,30,657,687,True,0.7987316083206495
Tox21,avg,0.5,1,37,200,16,16,0.0,val,server,6,21,612,633,True,0.681917211328976
Tox21,avg,0.5,1,37,200,16,16,0.0,val,server,7,96,492,588,True,0.7309239498644986
Tox21,avg,0.5,1,37,200,16,16,0.0,val,server,8,30,677,707,True,0.79561792220581
Tox21,avg,0.5,1,37,200,16,16,0.0,val,server,9,45,603,648,True,0.6409802837663534
Tox21,avg,0.5,1,37,200,16,16,0.0,val,server,10,92,495,587,True,0.8919411506368027
Tox21,avg,0.5,1,37,200,16,16,0.0,val,server,11,42,636,678,True,0.7994534291704103
Tox21,avg,0.5,1,37,200,16,16,0.0,val,client_0,0,31,696,727,True,0.7969966629588432
Tox21,avg,0.5,1,37,200,16,16,0.0,val,client_0,1,23,652,675,True,0.78174179781275
Tox21,avg,0.5,1,37,200,16,16,0.0,val,client_0,2,74,567,641,True,0.8523046856380191
Tox21,avg,0.5,1,37,200,16,16,0.0,val,client_0,3,19,546,565,True,0.8422980528243686
Tox21,avg,0.5,1,37,200,16,16,0.0,val,client_0,4,82,541,623,True,0.686849105089942
Tox21,avg,0.5,1,37,200,16,16,0.0,val,client_0,5,30,657,687,True,0.7814307458143075
Tox21,avg,0.5,1,37,200,16,16,0.0,val,client_0,6,21,612,633,True,0.6450357920946157
Tox21,avg,0.5,1,37,200,16,16,0.0,val,client_0,7,96,492,588,True,0.7300135501355013
Tox21,avg,0.5,1,37,200,16,16,0.0,val,client_0,8,30,677,707,True,0.7741014278680453
Tox21,avg,0.5,1,37,200,16,16,0.0,val,client_0,9,45,603,648,True,0.6453289110005528
Tox21,avg,0.5,1,37,200,16,16,0.0,val,client_0,10,92,495,587,True,0.8852657004830917
Tox21,avg,0.5,1,37,200,16,16,0.0,val,client_0,11,42,636,678,True,0.7848158131177
Tox21,avg,0.5,1,37,200,16,16,0.0,val,client_1,0,31,696,727,True,0.8077956989247311
Tox21,avg,0.5,1,37,200,16,16,0.0,val,client_1,1,23,652,675,True,0.7854094425180048
Tox21,avg,0.5,1,37,200,16,16,0.0,val,client_1,2,74,567,641,True,0.8388388388388388
Tox21,avg,0.5,1,37,200,16,16,0.0,val,client_1,3,19,546,565,True,0.7452284557547715
Tox21,avg,0.5,1,37,200,16,16,0.0,val,client_1,4,82,541,623,True,0.6991343943014291
Tox21,avg,0.5,1,37,200,16,16,0.0,val,client_1,5,30,657,687,True,0.7823947234906139
Tox21,avg,0.5,1,37,200,16,16,0.0,val,client_1,6,21,612,633,True,0.6735916588857765
Tox21,avg,0.5,1,37,200,16,16,0.0,val,client_1,7,96,492,588,True,0.7226033197831978
Tox21,avg,0.5,1,37,200,16,16,0.0,val,client_1,8,30,677,707,True,0.7905957656326933
Tox21,avg,0.5,1,37,200,16,16,0.0,val,client_1,9,45,603,648,True,0.625244149622259
Tox21,avg,0.5,1,37,200,16,16,0.0,val,client_1,10,92,495,587,True,0.889679402722881
Tox21,avg,0.5,1,37,200,16,16,0.0,val,client_1,11,42,636,678,True,0.7859389038634321
Tox21,avg,0.5,1,37,200,16,16,0.0,val,client_2,0,31,696,727,True,0.8025583982202448
Tox21,avg,0.5,1,37,200,16,16,0.0,val,client_2,1,23,652,675,True,0.8250866897839424
Tox21,avg,0.5,1,37,200,16,16,0.0,val,client_2,2,74,567,641,True,0.8281376614709948
Tox21,avg,0.5,1,37,200,16,16,0.0,val,client_2,3,19,546,565,True,0.8088490456911509
Tox21,avg,0.5,1,37,200,16,16,0.0,val,client_2,4,82,541,623,True,0.6992921870068979
Tox21,avg,0.5,1,37,200,16,16,0.0,val,client_2,5,30,657,687,True,0.797564687975647
Tox21,avg,0.5,1,37,200,16,16,0.0,val,client_2,6,21,612,633,True,0.7069716775599129
Tox21,avg,0.5,1,37,200,16,16,0.0,val,client_2,7,96,492,588,True,0.7154683265582655
Tox21,avg,0.5,1,37,200,16,16,0.0,val,client_2,8,30,677,707,True,0.7942392909896603
Tox21,avg,0.5,1,37,200,16,16,0.0,val,client_2,9,45,603,648,True,0.6198636447392666
Tox21,avg,0.5,1,37,200,16,16,0.0,val,client_2,10,92,495,587,True,0.8691919191919192
Tox21,avg,0.5,1,37,200,16,16,0.0,val,client_2,11,42,636,678,True,0.812219227313567
Tox21,avg,0.5,1,37,200,16,16,0.0,val,client_3,0,31,696,727,True,0.7731738969225065
Tox21,avg,0.5,1,37,200,16,16,0.0,val,client_3,1,23,652,675,True,0.7904107762069885
Tox21,avg,0.5,1,37,200,16,16,0.0,val,client_3,2,74,567,641,True,0.8414843414843416
Tox21,avg,0.5,1,37,200,16,16,0.0,val,client_3,3,19,546,565,True,0.8302486986697513
Tox21,avg,0.5,1,37,200,16,16,0.0,val,client_3,4,82,541,623,True,0.691627969884135
Tox21,avg,0.5,1,37,200,16,16,0.0,val,client_3,5,30,657,687,True,0.7934043632673771
Tox21,avg,0.5,1,37,200,16,16,0.0,val,client_3,6,21,612,633,True,0.6651882975412388
Tox21,avg,0.5,1,37,200,16,16,0.0,val,client_3,7,96,492,588,True,0.7182206978319784
Tox21,avg,0.5,1,37,200,16,16,0.0,val,client_3,8,30,677,707,True,0.7921713441654358
Tox21,avg,0.5,1,37,200,16,16,0.0,val,client_3,9,45,603,648,True,0.6338676985443155
Tox21,avg,0.5,1,37,200,16,16,0.0,val,client_3,10,92,495,587,True,0.8821695212999561
Tox21,avg,0.5,1,37,200,16,16,0.0,val,client_3,11,42,636,678,True,0.7863132674453428
Tox21,avg,0.5,1,37,200,16,16,0.0,test,server,0,32,693,725,True,0.8060966810966811
Tox21,avg,0.5,1,37,200,16,16,0.0,test,server,1,33,646,679,True,0.8999437095412328
Tox21,avg,0.5,1,37,200,16,16,0.0,test,server,2,77,572,649,True,0.8496276450821905
Tox21,avg,0.5,1,37,200,16,16,0.0,test,server,3,38,538,576,True,0.7597339072588535
Tox21,avg,0.5,1,37,200,16,16,0.0,test,server,4,80,531,611,True,0.6991525423728813
Tox21,avg,0.5,1,37,200,16,16,0.0,test,server,5,34,647,681,True,0.79429948177107
Tox21,avg,0.5,1,37,200,16,16,0.0,test,server,6,21,617,638,True,0.7226981554372154
Tox21,avg,0.5,1,37,200,16,16,0.0,test,server,7,95,494,589,True,0.7779032601747283
Tox21,avg,0.5,1,37,200,16,16,0.0,test,server,8,32,670,702,True,0.8049440298507463
Tox21,avg,0.5,1,37,200,16,16,0.0,test,server,9,36,621,657,True,0.6924315619967794
Tox21,avg,0.5,1,37,200,16,16,0.0,test,server,10,93,485,578,True,0.849285001662787
Tox21,avg,0.5,1,37,200,16,16,0.0,test,server,11,48,624,672,True,0.778011485042735
Tox21,avg,0.5,1,37,200,16,16,0.0,test,client_0,0,32,693,725,True,0.7919372294372294
Tox21,avg,0.5,1,37,200,16,16,0.0,test,client_0,1,33,646,679,True,0.8816493104418801
Tox21,avg,0.5,1,37,200,16,16,0.0,test,client_0,2,77,572,649,True,0.8541231495776951
Tox21,avg,0.5,1,37,200,16,16,0.0,test,client_0,3,38,538,576,True,0.7814028565838388
Tox21,avg,0.5,1,37,200,16,16,0.0,test,client_0,4,80,531,611,True,0.6734463276836159
Tox21,avg,0.5,1,37,200,16,16,0.0,test,client_0,5,34,647,681,True,0.7772524774979545
Tox21,avg,0.5,1,37,200,16,16,0.0,test,client_0,6,21,617,638,True,0.6947595894111291
Tox21,avg,0.5,1,37,200,16,16,0.0,test,client_0,7,95,494,589,True,0.778691668442361
Tox21,avg,0.5,1,37,200,16,16,0.0,test,client_0,8,32,670,702,True,0.7986007462686567
Tox21,avg,0.5,1,37,200,16,16,0.0,test,client_0,9,36,621,657,True,0.7211486849168007
Tox21,avg,0.5,1,37,200,16,16,0.0,test,client_0,10,93,485,578,True,0.85006096885046
Tox21,avg,0.5,1,37,200,16,16,0.0,test,client_0,11,48,624,672,True,0.7668603098290598
Tox21,avg,0.5,1,37,200,16,16,0.0,test,client_1,0,32,693,725,True,0.8066829004329005
Tox21,avg,0.5,1,37,200,16,16,0.0,test,client_1,1,33,646,679,True,0.8905150576977203
Tox21,avg,0.5,1,37,200,16,16,0.0,test,client_1,2,77,572,649,True,0.8458359821996185
Tox21,avg,0.5,1,37,200,16,16,0.0,test,client_1,3,38,538,576,True,0.741880258266484
Tox21,avg,0.5,1,37,200,16,16,0.0,test,client_1,4,80,531,611,True,0.6986346516007532
Tox21,avg,0.5,1,37,200,16,16,0.0,test,client_1,5,34,647,681,True,0.7931175561414675
Tox21,avg,0.5,1,37,200,16,16,0.0,test,client_1,6,21,617,638,True,0.6879678938025777
Tox21,avg,0.5,1,37,200,16,16,0.0,test,client_1,7,95,494,589,True,0.7646068612827615
Tox21,avg,0.5,1,37,200,16,16,0.0,test,client_1,8,32,670,702,True,0.7728544776119403
Tox21,avg,0.5,1,37,200,16,16,0.0,test,client_1,9,36,621,657,True,0.6741814278046162
Tox21,avg,0.5,1,37,200,16,16,0.0,test,client_1,10,93,485,578,True,0.8349628644274472
Tox21,avg,0.5,1,37,200,16,16,0.0,test,client_1,11,48,624,672,True,0.772502670940171
Tox21,avg,0.5,1,37,200,16,16,0.0,test,client_2,0,32,693,725,True,0.7969426406926406
Tox21,avg,0.5,1,37,200,16,16,0.0,test,client_2,1,33,646,679,True,0.896003377427526
Tox21,avg,0.5,1,37,200,16,16,0.0,test,client_2,2,77,572,649,True,0.827331759149941
Tox21,avg,0.5,1,37,200,16,16,0.0,test,client_2,3,38,538,576,True,0.7320974369008022
Tox21,avg,0.5,1,37,200,16,16,0.0,test,client_2,4,80,531,611,True,0.7025423728813559
Tox21,avg,0.5,1,37,200,16,16,0.0,test,client_2,5,34,647,681,True,0.7851622874806801
Tox21,avg,0.5,1,37,200,16,16,0.0,test,client_2,6,21,617,638,True,0.7423786370301767
Tox21,avg,0.5,1,37,200,16,16,0.0,test,client_2,7,95,494,589,True,0.7683358193053482
Tox21,avg,0.5,1,37,200,16,16,0.0,test,client_2,8,32,670,702,True,0.8069962686567163
Tox21,avg,0.5,1,37,200,16,16,0.0,test,client_2,9,36,621,657,True,0.6825908033637502
Tox21,avg,0.5,1,37,200,16,16,0.0,test,client_2,10,93,485,578,True,0.838598824963973
Tox21,avg,0.5,1,37,200,16,16,0.0,test,client_2,11,48,624,672,True,0.7676282051282051
Tox21,avg,0.5,1,37,200,16,16,0.0,test,client_3,0,32,693,725,True,0.8077200577200577
Tox21,avg,0.5,1,37,200,16,16,0.0,test,client_3,1,33,646,679,True,0.8924852237545736
Tox21,avg,0.5,1,37,200,16,16,0.0,test,client_3,2,77,572,649,True,0.8336890382344928
Tox21,avg,0.5,1,37,200,16,16,0.0,test,client_3,3,38,538,576,True,0.7449618469966737
Tox21,avg,0.5,1,37,200,16,16,0.0,test,client_3,4,80,531,611,True,0.699505649717514
Tox21,avg,0.5,1,37,200,16,16,0.0,test,client_3,5,34,647,681,True,0.7813437585235021
Tox21,avg,0.5,1,37,200,16,16,0.0,test,client_3,6,21,617,638,True,0.7273288569885005
Tox21,avg,0.5,1,37,200,16,16,0.0,test,client_3,7,95,494,589,True,0.7483912209673983
Tox21,avg,0.5,1,37,200,16,16,0.0,test,client_3,8,32,670,702,True,0.7704291044776119
Tox21,avg,0.5,1,37,200,16,16,0.0,test,client_3,9,36,621,657,True,0.6609411343710861
Tox21,avg,0.5,1,37,200,16,16,0.0,test,client_3,10,93,485,578,True,0.8336769759450172
Tox21,avg,0.5,1,37,200,16,16,0.0,test,client_3,11,48,624,672,True,0.7688301282051282
Tox21,avg,0.5,1,38,200,16,16,0.0,val,server,0,31,696,727,True,0.8057563959955506
Tox21,avg,0.5,1,38,200,16,16,0.0,val,server,1,23,652,675,True,0.8003467591357695
Tox21,avg,0.5,1,38,200,16,16,0.0,val,server,2,74,567,641,True,0.8548786882120215
Tox21,avg,0.5,1,38,200,16,16,0.0,val,server,3,19,546,565,True,0.8349720454983613
Tox21,avg,0.5,1,38,200,16,16,0.0,val,server,4,82,541,623,True,0.705423560705108
Tox21,avg,0.5,1,38,200,16,16,0.0,val,server,5,30,657,687,True,0.8012176560121766
Tox21,avg,0.5,1,38,200,16,16,0.0,val,server,6,21,612,633,True,0.6854186118892001
Tox21,avg,0.5,1,38,200,16,16,0.0,val,server,7,96,492,588,True,0.7336551490514904
Tox21,avg,0.5,1,38,200,16,16,0.0,val,server,8,30,677,707,True,0.7936976858690301
Tox21,avg,0.5,1,38,200,16,16,0.0,val,server,9,45,603,648,True,0.6419016030956329
Tox21,avg,0.5,1,38,200,16,16,0.0,val,server,10,92,495,587,True,0.8897233201581027
Tox21,avg,0.5,1,38,200,16,16,0.0,val,server,11,42,636,678,True,0.7947364480383348
Tox21,avg,0.5,1,38,200,16,16,0.0,val,client_0,0,31,696,727,True,0.7890711902113459
Tox21,avg,0.5,1,38,200,16,16,0.0,val,client_0,1,23,652,675,True,0.7818084822619364
Tox21,avg,0.5,1,38,200,16,16,0.0,val,client_0,2,74,567,641,True,0.8505886839220173
Tox21,avg,0.5,1,38,200,16,16,0.0,val,client_0,3,19,546,565,True,0.8406593406593407
Tox21,avg,0.5,1,38,200,16,16,0.0,val,client_0,4,82,541,623,True,0.7038681754654885
Tox21,avg,0.5,1,38,200,16,16,0.0,val,client_0,5,30,657,687,True,0.7855403348554034
Tox21,avg,0.5,1,38,200,16,16,0.0,val,client_0,6,21,612,633,True,0.6501711795829442
Tox21,avg,0.5,1,38,200,16,16,0.0,val,client_0,7,96,492,588,True,0.7419122628726287
Tox21,avg,0.5,1,38,200,16,16,0.0,val,client_0,8,30,677,707,True,0.7525849335302807
Tox21,avg,0.5,1,38,200,16,16,0.0,val,client_0,9,45,603,648,True,0.6442970333517597
Tox21,avg,0.5,1,38,200,16,16,0.0,val,client_0,10,92,495,587,True,0.8714097496706192
Tox21,avg,0.5,1,38,200,16,16,0.0,val,client_0,11,42,636,678,True,0.7645627433363282
Tox21,avg,0.5,1,38,200,16,16,0.0,val,client_1,0,31,696,727,True,0.8010752688172043
Tox21,avg,0.5,1,38,200,16,16,0.0,val,client_1,1,23,652,675,True,0.7809415844225126
Tox21,avg,0.5,1,38,200,16,16,0.0,val,client_1,2,74,567,641,True,0.8356928356928358
Tox21,avg,0.5,1,38,200,16,16,0.0,val,client_1,3,19,546,565,True,0.7517833044148834
Tox21,avg,0.5,1,38,200,16,16,0.0,val,client_1,4,82,541,623,True,0.6968576709796672
Tox21,avg,0.5,1,38,200,16,16,0.0,val,client_1,5,30,657,687,True,0.7749365804160324
Tox21,avg,0.5,1,38,200,16,16,0.0,val,client_1,6,21,612,633,True,0.6708683473389355
Tox21,avg,0.5,1,38,200,16,16,0.0,val,client_1,7,96,492,588,True,0.7168656842818428
Tox21,avg,0.5,1,38,200,16,16,0.0,val,client_1,8,30,677,707,True,0.7797636632200886
Tox21,avg,0.5,1,38,200,16,16,0.0,val,client_1,9,45,603,648,True,0.621558872305141
Tox21,avg,0.5,1,38,200,16,16,0.0,val,client_1,10,92,495,587,True,0.889042599912165
Tox21,avg,0.5,1,38,200,16,16,0.0,val,client_1,11,42,636,678,True,0.7798742138364779
Tox21,avg,0.5,1,38,200,16,16,0.0,val,client_2,0,31,696,727,True,0.8140063032999629
Tox21,avg,0.5,1,38,200,16,16,0.0,val,client_2,1,23,652,675,True,0.8249533208855695
Tox21,avg,0.5,1,38,200,16,16,0.0,val,client_2,2,74,567,641,True,0.8265884932551599
Tox21,avg,0.5,1,38,200,16,16,0.0,val,client_2,3,19,546,565,True,0.8226335068440331
Tox21,avg,0.5,1,38,200,16,16,0.0,val,client_2,4,82,541,623,True,0.6908840899869257
Tox21,avg,0.5,1,38,200,16,16,0.0,val,client_2,5,30,657,687,True,0.8179604261796043
Tox21,avg,0.5,1,38,200,16,16,0.0,val,client_2,6,21,612,633,True,0.6814503579209461
Tox21,avg,0.5,1,38,200,16,16,0.0,val,client_2,7,96,492,588,True,0.7259061653116531
Tox21,avg,0.5,1,38,200,16,16,0.0,val,client_2,8,30,677,707,True,0.7943377646479566
Tox21,avg,0.5,1,38,200,16,16,0.0,val,client_2,9,45,603,648,True,0.6171365395245992
Tox21,avg,0.5,1,38,200,16,16,0.0,val,client_2,10,92,495,587,True,0.8615063680281071
Tox21,avg,0.5,1,38,200,16,16,0.0,val,client_2,11,42,636,678,True,0.7991165019466906
Tox21,avg,0.5,1,38,200,16,16,0.0,val,client_3,0,31,696,727,True,0.7797552836484983
Tox21,avg,0.5,1,38,200,16,16,0.0,val,client_3,1,23,652,675,True,0.7952787409975993
Tox21,avg,0.5,1,38,200,16,16,0.0,val,client_3,2,74,567,641,True,0.8385528385528387
Tox21,avg,0.5,1,38,200,16,16,0.0,val,client_3,3,19,546,565,True,0.8098129940235204
Tox21,avg,0.5,1,38,200,16,16,0.0,val,client_3,4,82,541,623,True,0.6965871691988639
Tox21,avg,0.5,1,38,200,16,16,0.0,val,client_3,5,30,657,687,True,0.7852866565195332
Tox21,avg,0.5,1,38,200,16,16,0.0,val,client_3,6,21,612,633,True,0.6732026143790849
Tox21,avg,0.5,1,38,200,16,16,0.0,val,client_3,7,96,492,588,True,0.7106410907859079
Tox21,avg,0.5,1,38,200,16,16,0.0,val,client_3,8,30,677,707,True,0.7874446085672082
Tox21,avg,0.5,1,38,200,16,16,0.0,val,client_3,9,45,603,648,True,0.6348627234199373
Tox21,avg,0.5,1,38,200,16,16,0.0,val,client_3,10,92,495,587,True,0.8835529205094422
Tox21,avg,0.5,1,38,200,16,16,0.0,val,client_3,11,42,636,678,True,0.7890835579514824
Tox21,avg,0.5,1,38,200,16,16,0.0,test,server,0,32,693,725,True,0.8128607503607503
Tox21,avg,0.5,1,38,200,16,16,0.0,test,server,1,33,646,679,True,0.9013509710104137
Tox21,avg,0.5,1,38,200,16,16,0.0,test,server,2,77,572,649,True,0.8492416674234856
Tox21,avg,0.5,1,38,200,16,16,0.0,test,server,3,38,538,576,True,0.7605654470749363
Tox21,avg,0.5,1,38,200,16,16,0.0,test,server,4,80,531,611,True,0.7015536723163841
Tox21,avg,0.5,1,38,200,16,16,0.0,test,server,5,34,647,681,True,0.8006636966997001
Tox21,avg,0.5,1,38,200,16,16,0.0,test,server,6,21,617,638,True,0.7153662113143474
Tox21,avg,0.5,1,38,200,16,16,0.0,test,server,7,95,494,589,True,0.7725761772853186
Tox21,avg,0.5,1,38,200,16,16,0.0,test,server,8,32,670,702,True,0.8005597014925373
Tox21,avg,0.5,1,38,200,16,16,0.0,test,server,9,36,621,657,True,0.6862139917695473
Tox21,avg,0.5,1,38,200,16,16,0.0,test,server,10,93,485,578,True,0.8446957100099767
Tox21,avg,0.5,1,38,200,16,16,0.0,test,server,11,48,624,672,True,0.7813167735042734
Tox21,avg,0.5,1,38,200,16,16,0.0,test,client_0,0,32,693,725,True,0.8050595238095237
Tox21,avg,0.5,1,38,200,16,16,0.0,test,client_0,1,33,646,679,True,0.8992869875222815
Tox21,avg,0.5,1,38,200,16,16,0.0,test,client_0,2,77,572,649,True,0.8551902642811734
Tox21,avg,0.5,1,38,200,16,16,0.0,test,client_0,3,38,538,576,True,0.7734787712776364
Tox21,avg,0.5,1,38,200,16,16,0.0,test,client_0,4,80,531,611,True,0.6782485875706215
Tox21,avg,0.5,1,38,200,16,16,0.0,test,client_0,5,34,647,681,True,0.7935266842440222
Tox21,avg,0.5,1,38,200,16,16,0.0,test,client_0,6,21,617,638,True,0.6781662421856911
Tox21,avg,0.5,1,38,200,16,16,0.0,test,client_0,7,95,494,589,True,0.7709354357553803
Tox21,avg,0.5,1,38,200,16,16,0.0,test,client_0,8,32,670,702,True,0.7950559701492538
Tox21,avg,0.5,1,38,200,16,16,0.0,test,client_0,9,36,621,657,True,0.7036589729826445
Tox21,avg,0.5,1,38,200,16,16,0.0,test,client_0,10,93,485,578,True,0.834608136570225
Tox21,avg,0.5,1,38,200,16,16,0.0,test,client_0,11,48,624,672,True,0.7739383012820513
Tox21,avg,0.5,1,38,200,16,16,0.0,test,client_1,0,32,693,725,True,0.8128156565656566
Tox21,avg,0.5,1,38,200,16,16,0.0,test,client_1,1,33,646,679,True,0.8891077962285392
Tox21,avg,0.5,1,38,200,16,16,0.0,test,client_1,2,77,572,649,True,0.8531695577150122
Tox21,avg,0.5,1,38,200,16,16,0.0,test,client_1,3,38,538,576,True,0.7497065153590294
Tox21,avg,0.5,1,38,200,16,16,0.0,test,client_1,4,80,531,611,True,0.6983286252354048
Tox21,avg,0.5,1,38,200,16,16,0.0,test,client_1,5,34,647,681,True,0.7881625602327484
Tox21,avg,0.5,1,38,200,16,16,0.0,test,client_1,6,21,617,638,True,0.6826425870186
Tox21,avg,0.5,1,38,200,16,16,0.0,test,client_1,7,95,494,589,True,0.7572128702322607
Tox21,avg,0.5,1,38,200,16,16,0.0,test,client_1,8,32,670,702,True,0.7617537313432835
Tox21,avg,0.5,1,38,200,16,16,0.0,test,client_1,9,36,621,657,True,0.6772678475577026
Tox21,avg,0.5,1,38,200,16,16,0.0,test,client_1,10,93,485,578,True,0.8351623988471344
Tox21,avg,0.5,1,38,200,16,16,0.0,test,client_1,11,48,624,672,True,0.7752403846153846
Tox21,avg,0.5,1,38,200,16,16,0.0,test,client_2,0,32,693,725,True,0.7871572871572871
Tox21,avg,0.5,1,38,200,16,16,0.0,test,client_2,1,33,646,679,True,0.8919223191669012
Tox21,avg,0.5,1,38,200,16,16,0.0,test,client_2,2,77,572,649,True,0.8177958405231133
Tox21,avg,0.5,1,38,200,16,16,0.0,test,client_2,3,38,538,576,True,0.7289669340637841
Tox21,avg,0.5,1,38,200,16,16,0.0,test,client_2,4,80,531,611,True,0.6976694915254237
Tox21,avg,0.5,1,38,200,16,16,0.0,test,client_2,5,34,647,681,True,0.7869351759250841
Tox21,avg,0.5,1,38,200,16,16,0.0,test,client_2,6,21,617,638,True,0.7490159759203519
Tox21,avg,0.5,1,38,200,16,16,0.0,test,client_2,7,95,494,589,True,0.7547197954400171
Tox21,avg,0.5,1,38,200,16,16,0.0,test,client_2,8,32,670,702,True,0.7994869402985075
Tox21,avg,0.5,1,38,200,16,16,0.0,test,client_2,9,36,621,657,True,0.6603149042762568
Tox21,avg,0.5,1,38,200,16,16,0.0,test,client_2,10,93,485,578,True,0.829198536747589
Tox21,avg,0.5,1,38,200,16,16,0.0,test,client_2,11,48,624,672,True,0.7537059294871794
Tox21,avg,0.5,1,38,200,16,16,0.0,test,client_3,0,32,693,725,True,0.8102904040404041
Tox21,avg,0.5,1,38,200,16,16,0.0,test,client_3,1,33,646,679,True,0.8892485223754574
Tox21,avg,0.5,1,38,200,16,16,0.0,test,client_3,2,77,572,649,True,0.8361638361638362
Tox21,avg,0.5,1,38,200,16,16,0.0,test,client_3,3,38,538,576,True,0.7426628839757385
Tox21,avg,0.5,1,38,200,16,16,0.0,test,client_3,4,80,531,611,True,0.7043549905838042
Tox21,avg,0.5,1,38,200,16,16,0.0,test,client_3,5,34,647,681,True,0.7796163287571598
Tox21,avg,0.5,1,38,200,16,16,0.0,test,client_3,6,21,617,638,True,0.7261711816006792
Tox21,avg,0.5,1,38,200,16,16,0.0,test,client_3,7,95,494,589,True,0.7478585126784573
Tox21,avg,0.5,1,38,200,16,16,0.0,test,client_3,8,32,670,702,True,0.7659048507462686
Tox21,avg,0.5,1,38,200,16,16,0.0,test,client_3,9,36,621,657,True,0.6650116299874754
Tox21,avg,0.5,1,38,200,16,16,0.0,test,client_3,10,93,485,578,True,0.833189225141337
Tox21,avg,0.5,1,38,200,16,16,0.0,test,client_3,11,48,624,672,True,0.7686965811965811
Tox21,avg,0.5,1,39,200,16,16,0.0,val,server,0,31,696,727,True,0.8081664812754913
Tox21,avg,0.5,1,39,200,16,16,0.0,val,server,1,23,652,675,True,0.8004801280341425
Tox21,avg,0.5,1,39,200,16,16,0.0,val,server,2,74,567,641,True,0.8528290194956861
Tox21,avg,0.5,1,39,200,16,16,0.0,val,server,3,19,546,565,True,0.8461538461538461
Tox21,avg,0.5,1,39,200,16,16,0.0,val,server,4,82,541,623,True,0.7039358009106894
Tox21,avg,0.5,1,39,200,16,16,0.0,val,server,5,30,657,687,True,0.7987316083206494
Tox21,avg,0.5,1,39,200,16,16,0.0,val,server,6,21,612,633,True,0.689386865857454
Tox21,avg,0.5,1,39,200,16,16,0.0,val,server,7,96,492,588,True,0.7358993902439025
Tox21,avg,0.5,1,39,200,16,16,0.0,val,server,8,30,677,707,True,0.7990645002461841
Tox21,avg,0.5,1,39,200,16,16,0.0,val,server,9,45,603,648,True,0.6465819052883729
Tox21,avg,0.5,1,39,200,16,16,0.0,val,server,10,92,495,587,True,0.891062801932367
Tox21,avg,0.5,1,39,200,16,16,0.0,val,server,11,42,636,678,True,0.8015124288709194
Tox21,avg,0.5,1,39,200,16,16,0.0,val,client_0,0,31,696,727,True,0.8036707452725251
Tox21,avg,0.5,1,39,200,16,16,0.0,val,client_0,1,23,652,675,True,0.7778074153107495
Tox21,avg,0.5,1,39,200,16,16,0.0,val,client_0,2,74,567,641,True,0.846989846989847
Tox21,avg,0.5,1,39,200,16,16,0.0,val,client_0,3,19,546,565,True,0.8709273182957393
Tox21,avg,0.5,1,39,200,16,16,0.0,val,client_0,4,82,541,623,True,0.701456201253325
Tox21,avg,0.5,1,39,200,16,16,0.0,val,client_0,5,30,657,687,True,0.7875190258751903
Tox21,avg,0.5,1,39,200,16,16,0.0,val,client_0,6,21,612,633,True,0.6508714596949892
Tox21,avg,0.5,1,39,200,16,16,0.0,val,client_0,7,96,492,588,True,0.736598069105691
Tox21,avg,0.5,1,39,200,16,16,0.0,val,client_0,8,30,677,707,True,0.7758247168882324
Tox21,avg,0.5,1,39,200,16,16,0.0,val,client_0,9,45,603,648,True,0.652699465634789
Tox21,avg,0.5,1,39,200,16,16,0.0,val,client_0,10,92,495,587,True,0.8785024154589373
Tox21,avg,0.5,1,39,200,16,16,0.0,val,client_0,11,42,636,678,True,0.7834681042228211
Tox21,avg,0.5,1,39,200,16,16,0.0,val,client_1,0,31,696,727,True,0.8049221357063405
Tox21,avg,0.5,1,39,200,16,16,0.0,val,client_1,1,23,652,675,True,0.7904107762069884
Tox21,avg,0.5,1,39,200,16,16,0.0,val,client_1,2,74,567,641,True,0.8359788359788359
Tox21,avg,0.5,1,39,200,16,16,0.0,val,client_1,3,19,546,565,True,0.7593021014073645
Tox21,avg,0.5,1,39,200,16,16,0.0,val,client_1,4,82,541,623,True,0.6990893106712952
Tox21,avg,0.5,1,39,200,16,16,0.0,val,client_1,5,30,657,687,True,0.7836123795027905
Tox21,avg,0.5,1,39,200,16,16,0.0,val,client_1,6,21,612,633,True,0.6866635543106131
Tox21,avg,0.5,1,39,200,16,16,0.0,val,client_1,7,96,492,588,True,0.724826388888889
Tox21,avg,0.5,1,39,200,16,16,0.0,val,client_1,8,30,677,707,True,0.7828655834564254
Tox21,avg,0.5,1,39,200,16,16,0.0,val,client_1,9,45,603,648,True,0.6326884098028377
Tox21,avg,0.5,1,39,200,16,16,0.0,val,client_1,10,92,495,587,True,0.8851119894598155
Tox21,avg,0.5,1,39,200,16,16,0.0,val,client_1,11,42,636,678,True,0.7777777777777778
Tox21,avg,0.5,1,39,200,16,16,0.0,val,client_2,0,31,696,727,True,0.8085836114200965
Tox21,avg,0.5,1,39,200,16,16,0.0,val,client_2,1,23,652,675,True,0.82888770338757
Tox21,avg,0.5,1,39,200,16,16,0.0,val,client_2,2,74,567,641,True,0.8402211735545069
Tox21,avg,0.5,1,39,200,16,16,0.0,val,client_2,3,19,546,565,True,0.8053788316946211
Tox21,avg,0.5,1,39,200,16,16,0.0,val,client_2,4,82,541,623,True,0.696970380055002
Tox21,avg,0.5,1,39,200,16,16,0.0,val,client_2,5,30,657,687,True,0.8089802130898021
Tox21,avg,0.5,1,39,200,16,16,0.0,val,client_2,6,21,612,633,True,0.7100840336134454
Tox21,avg,0.5,1,39,200,16,16,0.0,val,client_2,7,96,492,588,True,0.729907689701897
Tox21,avg,0.5,1,39,200,16,16,0.0,val,client_2,8,30,677,707,True,0.8008370260955195
Tox21,avg,0.5,1,39,200,16,16,0.0,val,client_2,9,45,603,648,True,0.6196425281002396
Tox21,avg,0.5,1,39,200,16,16,0.0,val,client_2,10,92,495,587,True,0.8773605621431709
Tox21,avg,0.5,1,39,200,16,16,0.0,val,client_2,11,42,636,678,True,0.8174228811021264
Tox21,avg,0.5,1,39,200,16,16,0.0,val,client_3,0,31,696,727,True,0.7756303299962922
Tox21,avg,0.5,1,39,200,16,16,0.0,val,client_3,1,23,652,675,True,0.7889437183248865
Tox21,avg,0.5,1,39,200,16,16,0.0,val,client_3,2,74,567,641,True,0.8401258401258401
Tox21,avg,0.5,1,39,200,16,16,0.0,val,client_3,3,19,546,565,True,0.8456718719876615
Tox21,avg,0.5,1,39,200,16,16,0.0,val,client_3,4,82,541,623,True,0.690793922726658
Tox21,avg,0.5,1,39,200,16,16,0.0,val,client_3,5,30,657,687,True,0.7887874175545408
Tox21,avg,0.5,1,39,200,16,16,0.0,val,client_3,6,21,612,633,True,0.6608309990662932
Tox21,avg,0.5,1,39,200,16,16,0.0,val,client_3,7,96,492,588,True,0.720507283197832
Tox21,avg,0.5,1,39,200,16,16,0.0,val,client_3,8,30,677,707,True,0.8010339734121122
Tox21,avg,0.5,1,39,200,16,16,0.0,val,client_3,9,45,603,648,True,0.643154597383453
Tox21,avg,0.5,1,39,200,16,16,0.0,val,client_3,10,92,495,587,True,0.8847386912604304
Tox21,avg,0.5,1,39,200,16,16,0.0,val,client_3,11,42,636,678,True,0.7899445941898773
Tox21,avg,0.5,1,39,200,16,16,0.0,test,server,0,32,693,725,True,0.8075396825396826
Tox21,avg,0.5,1,39,200,16,16,0.0,test,server,1,33,646,679,True,0.8994277136691997
Tox21,avg,0.5,1,39,200,16,16,0.0,test,server,2,77,572,649,True,0.84810643901553
Tox21,avg,0.5,1,39,200,16,16,0.0,test,server,3,38,538,576,True,0.7604676188612796
Tox21,avg,0.5,1,39,200,16,16,0.0,test,server,4,80,531,611,True,0.6998116760828625
Tox21,avg,0.5,1,39,200,16,16,0.0,test,server,5,34,647,681,True,0.7972542958450768
Tox21,avg,0.5,1,39,200,16,16,0.0,test,server,6,21,617,638,True,0.7231612255923439
Tox21,avg,0.5,1,39,200,16,16,0.0,test,server,7,95,494,589,True,0.7765821436181547
Tox21,avg,0.5,1,39,200,16,16,0.0,test,server,8,32,670,702,True,0.8110074626865672
Tox21,avg,0.5,1,39,200,16,16,0.0,test,server,9,36,621,657,True,0.6952495974235104
Tox21,avg,0.5,1,39,200,16,16,0.0,test,server,10,93,485,578,True,0.8466245427336215
Tox21,avg,0.5,1,39,200,16,16,0.0,test,server,11,48,624,672,True,0.7846888354700854
Tox21,avg,0.5,1,39,200,16,16,0.0,test,client_0,0,32,693,725,True,0.7996933621933623
Tox21,avg,0.5,1,39,200,16,16,0.0,test,client_0,1,33,646,679,True,0.8846983769584389
Tox21,avg,0.5,1,39,200,16,16,0.0,test,client_0,2,77,572,649,True,0.8533511942602852
Tox21,avg,0.5,1,39,200,16,16,0.0,test,client_0,3,38,538,576,True,0.7772940716102524
Tox21,avg,0.5,1,39,200,16,16,0.0,test,client_0,4,80,531,611,True,0.6729990583804143
Tox21,avg,0.5,1,39,200,16,16,0.0,test,client_0,5,34,647,681,True,0.7723429402672971
Tox21,avg,0.5,1,39,200,16,16,0.0,test,client_0,6,21,617,638,True,0.6899745311414678
Tox21,avg,0.5,1,39,200,16,16,0.0,test,client_0,7,95,494,589,True,0.7730662689111443
Tox21,avg,0.5,1,39,200,16,16,0.0,test,client_0,8,32,670,702,True,0.8093283582089552
Tox21,avg,0.5,1,39,200,16,16,0.0,test,client_0,9,36,621,657,True,0.7224011451064591
Tox21,avg,0.5,1,39,200,16,16,0.0,test,client_0,10,93,485,578,True,0.8434098215275468
Tox21,avg,0.5,1,39,200,16,16,0.0,test,client_0,11,48,624,672,True,0.7709001068376068
Tox21,avg,0.5,1,39,200,16,16,0.0,test,client_1,0,32,693,725,True,0.8066378066378067
Tox21,avg,0.5,1,39,200,16,16,0.0,test,client_1,1,33,646,679,True,0.8964255558682803
Tox21,avg,0.5,1,39,200,16,16,0.0,test,client_1,2,77,572,649,True,0.8422940695667968
Tox21,avg,0.5,1,39,200,16,16,0.0,test,client_1,3,38,538,576,True,0.7371355899041284
Tox21,avg,0.5,1,39,200,16,16,0.0,test,client_1,4,80,531,611,True,0.6941148775894539
Tox21,avg,0.5,1,39,200,16,16,0.0,test,client_1,5,34,647,681,True,0.795208655332303
Tox21,avg,0.5,1,39,200,16,16,0.0,test,client_1,6,21,617,638,True,0.6982326155745928
Tox21,avg,0.5,1,39,200,16,16,0.0,test,client_1,7,95,494,589,True,0.7597059450245045
Tox21,avg,0.5,1,39,200,16,16,0.0,test,client_1,8,32,670,702,True,0.7714085820895523
Tox21,avg,0.5,1,39,200,16,16,0.0,test,client_1,9,36,621,657,True,0.6867954911433172
Tox21,avg,0.5,1,39,200,16,16,0.0,test,client_1,10,93,485,578,True,0.8294645826405054
Tox21,avg,0.5,1,39,200,16,16,0.0,test,client_1,11,48,624,672,True,0.7798143696581196
Tox21,avg,0.5,1,39,200,16,16,0.0,test,client_2,0,32,693,725,True,0.7994678932178932
Tox21,avg,0.5,1,39,200,16,16,0.0,test,client_2,1,33,646,679,True,0.9040247678018576
Tox21,avg,0.5,1,39,200,16,16,0.0,test,client_2,2,77,572,649,True,0.8380483153210426
Tox21,avg,0.5,1,39,200,16,16,0.0,test,client_2,3,38,538,576,True,0.7388964977499511
Tox21,avg,0.5,1,39,200,16,16,0.0,test,client_2,4,80,531,611,True,0.7055790960451978
Tox21,avg,0.5,1,39,200,16,16,0.0,test,client_2,5,34,647,681,True,0.79152650240931
Tox21,avg,0.5,1,39,200,16,16,0.0,test,client_2,6,21,617,638,True,0.7443080960098788
Tox21,avg,0.5,1,39,200,16,16,0.0,test,client_2,7,95,494,589,True,0.7697208608565949
Tox21,avg,0.5,1,39,200,16,16,0.0,test,client_2,8,32,670,702,True,0.8158115671641791
Tox21,avg,0.5,1,39,200,16,16,0.0,test,client_2,9,36,621,657,True,0.6747181964573269
Tox21,avg,0.5,1,39,200,16,16,0.0,test,client_2,10,93,485,578,True,0.8371355725529319
Tox21,avg,0.5,1,39,200,16,16,0.0,test,client_2,11,48,624,672,True,0.7832532051282052
Tox21,avg,0.5,1,39,200,16,16,0.0,test,client_3,0,32,693,725,True,0.8056006493506493
Tox21,avg,0.5,1,39,200,16,16,0.0,test,client_3,1,33,646,679,True,0.8851205553991932
Tox21,avg,0.5,1,39,200,16,16,0.0,test,client_3,2,77,572,649,True,0.8309531377713196
Tox21,avg,0.5,1,39,200,16,16,0.0,test,client_3,3,38,538,576,True,0.7512228526707101
Tox21,avg,0.5,1,39,200,16,16,0.0,test,client_3,4,80,531,611,True,0.6997881355932205
Tox21,avg,0.5,1,39,200,16,16,0.0,test,client_3,5,34,647,681,True,0.7761160105464133
Tox21,avg,0.5,1,39,200,16,16,0.0,test,client_3,6,21,617,638,True,0.7305703480743999
Tox21,avg,0.5,1,39,200,16,16,0.0,test,client_3,7,95,494,589,True,0.7542936288088643
Tox21,avg,0.5,1,39,200,16,16,0.0,test,client_3,8,32,670,702,True,0.7825559701492537
Tox21,avg,0.5,1,39,200,16,16,0.0,test,client_3,9,36,621,657,True,0.6696188942565754
Tox21,avg,0.5,1,39,200,16,16,0.0,test,client_3,10,93,485,578,True,0.8358496840705022
Tox21,avg,0.5,1,39,200,16,16,0.0,test,client_3,11,48,624,672,True,0.7633880876068376
Tox21,avg,0.5,1,40,200,16,16,0.0,val,server,0,31,696,727,True,0.8083518724508713
Tox21,avg,0.5,1,40,200,16,16,0.0,val,server,1,23,652,675,True,0.8048146172312617
Tox21,avg,0.5,1,40,200,16,16,0.0,val,server,2,74,567,641,True,0.8528766862100197
Tox21,avg,0.5,1,40,200,16,16,0.0,val,server,3,19,546,565,True,0.8429728166570272
Tox21,avg,0.5,1,40,200,16,16,0.0,val,server,4,82,541,623,True,0.7077002840268699
Tox21,avg,0.5,1,40,200,16,16,0.0,val,server,5,30,657,687,True,0.8043632673769661
Tox21,avg,0.5,1,40,200,16,16,0.0,val,server,6,21,612,633,True,0.6909430438842203
Tox21,avg,0.5,1,40,200,16,16,0.0,val,server,7,96,492,588,True,0.7378683943089431
Tox21,avg,0.5,1,40,200,16,16,0.0,val,server,8,30,677,707,True,0.7967503692762186
Tox21,avg,0.5,1,40,200,16,16,0.0,val,server,9,45,603,648,True,0.6428966279712548
Tox21,avg,0.5,1,40,200,16,16,0.0,val,server,10,92,495,587,True,0.8915239350021958
Tox21,avg,0.5,1,40,200,16,16,0.0,val,server,11,42,636,678,True,0.8006513926325247
Tox21,avg,0.5,1,40,200,16,16,0.0,val,client_0,0,31,696,727,True,0.8064979606970708
Tox21,avg,0.5,1,40,200,16,16,0.0,val,client_0,1,23,652,675,True,0.7913443584955988
Tox21,avg,0.5,1,40,200,16,16,0.0,val,client_0,2,74,567,641,True,0.848991848991849
Tox21,avg,0.5,1,40,200,16,16,0.0,val,client_0,3,19,546,565,True,0.8607094659726239
Tox21,avg,0.5,1,40,200,16,16,0.0,val,client_0,4,82,541,623,True,0.7054911861503088
Tox21,avg,0.5,1,40,200,16,16,0.0,val,client_0,5,30,657,687,True,0.793556570268899
Tox21,avg,0.5,1,40,200,16,16,0.0,val,client_0,6,21,612,633,True,0.6709461562402738
Tox21,avg,0.5,1,40,200,16,16,0.0,val,client_0,7,96,492,588,True,0.747607554200542
Tox21,avg,0.5,1,40,200,16,16,0.0,val,client_0,8,30,677,707,True,0.7771048744460857
Tox21,avg,0.5,1,40,200,16,16,0.0,val,client_0,9,45,603,648,True,0.647613782937166
Tox21,avg,0.5,1,40,200,16,16,0.0,val,client_0,10,92,495,587,True,0.8796881862099254
Tox21,avg,0.5,1,40,200,16,16,0.0,val,client_0,11,42,636,678,True,0.7890086852351004
Tox21,avg,0.5,1,40,200,16,16,0.0,val,client_1,0,31,696,727,True,0.8077493511308861
Tox21,avg,0.5,1,40,200,16,16,0.0,val,client_1,1,23,652,675,True,0.7846092291277674
Tox21,avg,0.5,1,40,200,16,16,0.0,val,client_1,2,74,567,641,True,0.831212164545498
Tox21,avg,0.5,1,40,200,16,16,0.0,val,client_1,3,19,546,565,True,0.7591093117408907
Tox21,avg,0.5,1,40,200,16,16,0.0,val,client_1,4,82,541,623,True,0.6971732563906046
Tox21,avg,0.5,1,40,200,16,16,0.0,val,client_1,5,30,657,687,True,0.769457128361238
Tox21,avg,0.5,1,40,200,16,16,0.0,val,client_1,6,21,612,633,True,0.675692499221911
Tox21,avg,0.5,1,40,200,16,16,0.0,val,client_1,7,96,492,588,True,0.722243394308943
Tox21,avg,0.5,1,40,200,16,16,0.0,val,client_1,8,30,677,707,True,0.7794682422451994
Tox21,avg,0.5,1,40,200,16,16,0.0,val,client_1,9,45,603,648,True,0.6315828266077023
Tox21,avg,0.5,1,40,200,16,16,0.0,val,client_1,10,92,495,587,True,0.88620992534036
Tox21,avg,0.5,1,40,200,16,16,0.0,val,client_1,11,42,636,678,True,0.778825995807128
Tox21,avg,0.5,1,40,200,16,16,0.0,val,client_2,0,31,696,727,True,0.8050611790878754
Tox21,avg,0.5,1,40,200,16,16,0.0,val,client_2,1,23,652,675,True,0.8260869565217391
Tox21,avg,0.5,1,40,200,16,16,0.0,val,client_2,2,74,567,641,True,0.8319748319748319
Tox21,avg,0.5,1,40,200,16,16,0.0,val,client_2,3,19,546,565,True,0.8259109311740891
Tox21,avg,0.5,1,40,200,16,16,0.0,val,client_2,4,82,541,623,True,0.6941075695414995
Tox21,avg,0.5,1,40,200,16,16,0.0,val,client_2,5,30,657,687,True,0.8162861491628615
Tox21,avg,0.5,1,40,200,16,16,0.0,val,client_2,6,21,612,633,True,0.7089169000933706
Tox21,avg,0.5,1,40,200,16,16,0.0,val,client_2,7,96,492,588,True,0.7268800813008129
Tox21,avg,0.5,1,40,200,16,16,0.0,val,client_2,8,30,677,707,True,0.8045297882816346
Tox21,avg,0.5,1,40,200,16,16,0.0,val,client_2,9,45,603,648,True,0.6196056753270683
Tox21,avg,0.5,1,40,200,16,16,0.0,val,client_2,10,92,495,587,True,0.8792709705753184
Tox21,avg,0.5,1,40,200,16,16,0.0,val,client_2,11,42,636,678,True,0.8127058999700509
Tox21,avg,0.5,1,40,200,16,16,0.0,val,client_3,0,31,696,727,True,0.7633945124212088
Tox21,avg,0.5,1,40,200,16,16,0.0,val,client_3,1,23,652,675,True,0.8036142971459056
Tox21,avg,0.5,1,40,200,16,16,0.0,val,client_3,2,74,567,641,True,0.8459411792745126
Tox21,avg,0.5,1,40,200,16,16,0.0,val,client_3,3,19,546,565,True,0.8237902448428763
Tox21,avg,0.5,1,40,200,16,16,0.0,val,client_3,4,82,541,623,True,0.6979171362878139
Tox21,avg,0.5,1,40,200,16,16,0.0,val,client_3,5,30,657,687,True,0.786859462201928
Tox21,avg,0.5,1,40,200,16,16,0.0,val,client_3,6,21,612,633,True,0.6707127295362588
Tox21,avg,0.5,1,40,200,16,16,0.0,val,client_3,7,96,492,588,True,0.7215235433604337
Tox21,avg,0.5,1,40,200,16,16,0.0,val,client_3,8,30,677,707,True,0.7914327917282127
Tox21,avg,0.5,1,40,200,16,16,0.0,val,client_3,9,45,603,648,True,0.644149622259075
Tox21,avg,0.5,1,40,200,16,16,0.0,val,client_3,10,92,495,587,True,0.8847826086956521
Tox21,avg,0.5,1,40,200,16,16,0.0,val,client_3,11,42,636,678,True,0.7879604672057503
Tox21,avg,0.5,1,40,200,16,16,0.0,test,server,0,32,693,725,True,0.8096590909090909
Tox21,avg,0.5,1,40,200,16,16,0.0,test,server,1,33,646,679,True,0.9026175063326766
Tox21,avg,0.5,1,40,200,16,16,0.0,test,server,2,77,572,649,True,0.8513304876941241
Tox21,avg,0.5,1,40,200,16,16,0.0,test,server,3,38,538,576,True,0.7633535511641557
Tox21,avg,0.5,1,40,200,16,16,0.0,test,server,4,80,531,611,True,0.7016713747645951
Tox21,avg,0.5,1,40,200,16,16,0.0,test,server,5,34,647,681,True,0.7982089280843713
Tox21,avg,0.5,1,40,200,16,16,0.0,test,server,6,21,617,638,True,0.721463301690206
Tox21,avg,0.5,1,40,200,16,16,0.0,test,server,7,95,494,589,True,0.7762838269763477
Tox21,avg,0.5,1,40,200,16,16,0.0,test,server,8,32,670,702,True,0.804570895522388
Tox21,avg,0.5,1,40,200,16,16,0.0,test,server,9,36,621,657,True,0.6939971372338523
Tox21,avg,0.5,1,40,200,16,16,0.0,test,server,10,93,485,578,True,0.8477995787606696
Tox21,avg,0.5,1,40,200,16,16,0.0,test,server,11,48,624,672,True,0.7845219017094017
Tox21,avg,0.5,1,40,200,16,16,0.0,test,client_0,0,32,693,725,True,0.7947330447330447
Tox21,avg,0.5,1,40,200,16,16,0.0,test,client_0,1,33,646,679,True,0.8904212402664415
Tox21,avg,0.5,1,40,200,16,16,0.0,test,client_0,2,77,572,649,True,0.8525792389428754
Tox21,avg,0.5,1,40,200,16,16,0.0,test,client_0,3,38,538,576,True,0.777245157503424
Tox21,avg,0.5,1,40,200,16,16,0.0,test,client_0,4,80,531,611,True,0.683545197740113
Tox21,avg,0.5,1,40,200,16,16,0.0,test,client_0,5,34,647,681,True,0.7824802254750431
Tox21,avg,0.5,1,40,200,16,16,0.0,test,client_0,6,21,617,638,True,0.6894342826271513
Tox21,avg,0.5,1,40,200,16,16,0.0,test,client_0,7,95,494,589,True,0.7815043682079694
Tox21,avg,0.5,1,40,200,16,16,0.0,test,client_0,8,32,670,702,True,0.7885727611940299
Tox21,avg,0.5,1,40,200,16,16,0.0,test,client_0,9,36,621,657,True,0.7067006620146716
Tox21,avg,0.5,1,40,200,16,16,0.0,test,client_0,10,93,485,578,True,0.8422791264826517
Tox21,avg,0.5,1,40,200,16,16,0.0,test,client_0,11,48,624,672,True,0.7676282051282052
Tox21,avg,0.5,1,40,200,16,16,0.0,test,client_1,0,32,693,725,True,0.807449494949495
Tox21,avg,0.5,1,40,200,16,16,0.0,test,client_1,1,33,646,679,True,0.8924383150389342
Tox21,avg,0.5,1,40,200,16,16,0.0,test,client_1,2,77,572,649,True,0.8449050949050949
Tox21,avg,0.5,1,40,200,16,16,0.0,test,client_1,3,38,538,576,True,0.7493641166112307
Tox21,avg,0.5,1,40,200,16,16,0.0,test,client_1,4,80,531,611,True,0.6964453860640301
Tox21,avg,0.5,1,40,200,16,16,0.0,test,client_1,5,34,647,681,True,0.7865715065005909
Tox21,avg,0.5,1,40,200,16,16,0.0,test,client_1,6,21,617,638,True,0.6929844871498032
Tox21,avg,0.5,1,40,200,16,16,0.0,test,client_1,7,95,494,589,True,0.7637119113573407
Tox21,avg,0.5,1,40,200,16,16,0.0,test,client_1,8,32,670,702,True,0.7707089552238806
Tox21,avg,0.5,1,40,200,16,16,0.0,test,client_1,9,36,621,657,True,0.6935945607443192
Tox21,avg,0.5,1,40,200,16,16,0.0,test,client_1,10,93,485,578,True,0.8357166611240439
Tox21,avg,0.5,1,40,200,16,16,0.0,test,client_1,11,48,624,672,True,0.7755074786324787
Tox21,avg,0.5,1,40,200,16,16,0.0,test,client_2,0,32,693,725,True,0.7950937950937952
Tox21,avg,0.5,1,40,200,16,16,0.0,test,client_2,1,33,646,679,True,0.8977859086218218
Tox21,avg,0.5,1,40,200,16,16,0.0,test,client_2,2,77,572,649,True,0.8355054036872218
Tox21,avg,0.5,1,40,200,16,16,0.0,test,client_2,3,38,538,576,True,0.7469184112698102
Tox21,avg,0.5,1,40,200,16,16,0.0,test,client_2,4,80,531,611,True,0.7001647834274952
Tox21,avg,0.5,1,40,200,16,16,0.0,test,client_2,5,34,647,681,True,0.7919810891899263
Tox21,avg,0.5,1,40,200,16,16,0.0,test,client_2,6,21,617,638,True,0.7598209462066836
Tox21,avg,0.5,1,40,200,16,16,0.0,test,client_2,7,95,494,589,True,0.7719795440017045
Tox21,avg,0.5,1,40,200,16,16,0.0,test,client_2,8,32,670,702,True,0.8164179104477611
Tox21,avg,0.5,1,40,200,16,16,0.0,test,client_2,9,36,621,657,True,0.678743961352657
Tox21,avg,0.5,1,40,200,16,16,0.0,test,client_2,10,93,485,578,True,0.8405276576876177
Tox21,avg,0.5,1,40,200,16,16,0.0,test,client_2,11,48,624,672,True,0.7750734508547009
Tox21,avg,0.5,1,40,200,16,16,0.0,test,client_3,0,32,693,725,True,0.8117334054834056
Tox21,avg,0.5,1,40,200,16,16,0.0,test,client_3,1,33,646,679,True,0.8955811989867719
Tox21,avg,0.5,1,40,200,16,16,0.0,test,client_3,2,77,572,649,True,0.8339841976205612
Tox21,avg,0.5,1,40,200,16,16,0.0,test,client_3,3,38,538,576,True,0.7544511837213852
Tox21,avg,0.5,1,40,200,16,16,0.0,test,client_3,4,80,531,611,True,0.7022128060263653
Tox21,avg,0.5,1,40,200,16,16,0.0,test,client_3,5,34,647,681,True,0.7869806346031457
Tox21,avg,0.5,1,40,200,16,16,0.0,test,client_3,6,21,617,638,True,0.7199969128656325
Tox21,avg,0.5,1,40,200,16,16,0.0,test,client_3,7,95,494,589,True,0.7517366290219476
Tox21,avg,0.5,1,40,200,16,16,0.0,test,client_3,8,32,670,702,True,0.7746735074626865
Tox21,avg,0.5,1,40,200,16,16,0.0,test,client_3,9,36,621,657,True,0.6721685453569511
Tox21,avg,0.5,1,40,200,16,16,0.0,test,client_3,10,93,485,578,True,0.8343642611683848
Tox21,avg,0.5,1,40,200,16,16,0.0,test,client_3,11,48,624,672,True,0.7813167735042734
Tox21,avg,0.5,1,41,200,16,16,0.0,val,server,0,31,696,727,True,0.8094642195031516
Tox21,avg,0.5,1,41,200,16,16,0.0,val,server,1,23,652,675,True,0.7940117364630568
Tox21,avg,0.5,1,41,200,16,16,0.0,val,server,2,74,567,641,True,0.8544258544258544
Tox21,avg,0.5,1,41,200,16,16,0.0,val,server,3,19,546,565,True,0.8586851744746481
Tox21,avg,0.5,1,41,200,16,16,0.0,val,server,4,82,541,623,True,0.7017492448491952
Tox21,avg,0.5,1,41,200,16,16,0.0,val,server,5,30,657,687,True,0.806697108066971
Tox21,avg,0.5,1,41,200,16,16,0.0,val,server,6,21,612,633,True,0.6829287270463741
Tox21,avg,0.5,1,41,200,16,16,0.0,val,server,7,96,492,588,True,0.7412135840108401
Tox21,avg,0.5,1,41,200,16,16,0.0,val,server,8,30,677,707,True,0.8032496307237813
Tox21,avg,0.5,1,41,200,16,16,0.0,val,server,9,45,603,648,True,0.6545052515201768
Tox21,avg,0.5,1,41,200,16,16,0.0,val,server,10,92,495,587,True,0.8928414580588493
Tox21,avg,0.5,1,41,200,16,16,0.0,val,server,11,42,636,678,True,0.8024483378256962
Tox21,avg,0.5,1,41,200,16,16,0.0,val,client_0,0,31,696,727,True,0.8111790878754171
Tox21,avg,0.5,1,41,200,16,16,0.0,val,client_0,1,23,652,675,True,0.7642704721259003
Tox21,avg,0.5,1,41,200,16,16,0.0,val,client_0,2,74,567,641,True,0.8424138424138425
Tox21,avg,0.5,1,41,200,16,16,0.0,val,client_0,3,19,546,565,True,0.8763254289570078
Tox21,avg,0.5,1,41,200,16,16,0.0,val,client_0,4,82,541,623,True,0.6899598755691809
Tox21,avg,0.5,1,41,200,16,16,0.0,val,client_0,5,30,657,687,True,0.8003044140030442
Tox21,avg,0.5,1,41,200,16,16,0.0,val,client_0,6,21,612,633,True,0.6270619358854653
Tox21,avg,0.5,1,41,200,16,16,0.0,val,client_0,7,96,492,588,True,0.7401338075880759
Tox21,avg,0.5,1,41,200,16,16,0.0,val,client_0,8,30,677,707,True,0.7780896110290498
Tox21,avg,0.5,1,41,200,16,16,0.0,val,client_0,9,45,603,648,True,0.6555002763957988
Tox21,avg,0.5,1,41,200,16,16,0.0,val,client_0,10,92,495,587,True,0.8718050065876153
Tox21,avg,0.5,1,41,200,16,16,0.0,val,client_0,11,42,636,678,True,0.766434561245882
Tox21,avg,0.5,1,41,200,16,16,0.0,val,client_1,0,31,696,727,True,0.8012143121987394
Tox21,avg,0.5,1,41,200,16,16,0.0,val,client_1,1,23,652,675,True,0.7839423846359029
Tox21,avg,0.5,1,41,200,16,16,0.0,val,client_1,2,74,567,641,True,0.8423185089851757
Tox21,avg,0.5,1,41,200,16,16,0.0,val,client_1,3,19,546,565,True,0.7814729130518604
Tox21,avg,0.5,1,41,200,16,16,0.0,val,client_1,4,82,541,623,True,0.6994499797123663
Tox21,avg,0.5,1,41,200,16,16,0.0,val,client_1,5,30,657,687,True,0.780416032470827
Tox21,avg,0.5,1,41,200,16,16,0.0,val,client_1,6,21,612,633,True,0.6735916588857764
Tox21,avg,0.5,1,41,200,16,16,0.0,val,client_1,7,96,492,588,True,0.7267953929539296
Tox21,avg,0.5,1,41,200,16,16,0.0,val,client_1,8,30,677,707,True,0.7974396848842934
Tox21,avg,0.5,1,41,200,16,16,0.0,val,client_1,9,45,603,648,True,0.6398378477980469
Tox21,avg,0.5,1,41,200,16,16,0.0,val,client_1,10,92,495,587,True,0.8905797101449274
Tox21,avg,0.5,1,41,200,16,16,0.0,val,client_1,11,42,636,678,True,0.7864255765199161
Tox21,avg,0.5,1,41,200,16,16,0.0,val,client_2,0,31,696,727,True,0.8115962180200222
Tox21,avg,0.5,1,41,200,16,16,0.0,val,client_2,1,23,652,675,True,0.8283542277940784
Tox21,avg,0.5,1,41,200,16,16,0.0,val,client_2,2,74,567,641,True,0.8319509986176652
Tox21,avg,0.5,1,41,200,16,16,0.0,val,client_2,3,19,546,565,True,0.8325621746674378
Tox21,avg,0.5,1,41,200,16,16,0.0,val,client_2,4,82,541,623,True,0.6940624859113654
Tox21,avg,0.5,1,41,200,16,16,0.0,val,client_2,5,30,657,687,True,0.8178589548452562
Tox21,avg,0.5,1,41,200,16,16,0.0,val,client_2,6,21,612,633,True,0.710006224712107
Tox21,avg,0.5,1,41,200,16,16,0.0,val,client_2,7,96,492,588,True,0.7354336043360433
Tox21,avg,0.5,1,41,200,16,16,0.0,val,client_2,8,30,677,707,True,0.7943870014771048
Tox21,avg,0.5,1,41,200,16,16,0.0,val,client_2,9,45,603,648,True,0.6313248571955039
Tox21,avg,0.5,1,41,200,16,16,0.0,val,client_2,10,92,495,587,True,0.8796442687747036
Tox21,avg,0.5,1,41,200,16,16,0.0,val,client_2,11,42,636,678,True,0.8189203354297694
Tox21,avg,0.5,1,41,200,16,16,0.0,val,client_3,0,31,696,727,True,0.7817945865776789
Tox21,avg,0.5,1,41,200,16,16,0.0,val,client_3,1,23,652,675,True,0.7846759135769539
Tox21,avg,0.5,1,41,200,16,16,0.0,val,client_3,2,74,567,641,True,0.8474426807760143
Tox21,avg,0.5,1,41,200,16,16,0.0,val,client_3,3,19,546,565,True,0.8457682668208983
Tox21,avg,0.5,1,41,200,16,16,0.0,val,client_3,4,82,541,623,True,0.6929353951580182
Tox21,avg,0.5,1,41,200,16,16,0.0,val,client_3,5,30,657,687,True,0.795636732623034
Tox21,avg,0.5,1,41,200,16,16,0.0,val,client_3,6,21,612,633,True,0.6671335200746965
Tox21,avg,0.5,1,41,200,16,16,0.0,val,client_3,7,96,492,588,True,0.7248687330623306
Tox21,avg,0.5,1,41,200,16,16,0.0,val,client_3,8,30,677,707,True,0.801230920728705
Tox21,avg,0.5,1,41,200,16,16,0.0,val,client_3,9,45,603,648,True,0.646987285793256
Tox21,avg,0.5,1,41,200,16,16,0.0,val,client_3,10,92,495,587,True,0.8845191040843214
Tox21,avg,0.5,1,41,200,16,16,0.0,val,client_3,11,42,636,678,True,0.793351302785265
Tox21,avg,0.5,1,41,200,16,16,0.0,test,server,0,32,693,725,True,0.8085768398268398
Tox21,avg,0.5,1,41,200,16,16,0.0,test,server,1,33,646,679,True,0.902289145323201
Tox21,avg,0.5,1,41,200,16,16,0.0,test,server,2,77,572,649,True,0.8464490055399146
Tox21,avg,0.5,1,41,200,16,16,0.0,test,server,3,38,538,576,True,0.7704950107611035
Tox21,avg,0.5,1,41,200,16,16,0.0,test,server,4,80,531,611,True,0.6976459510357815
Tox21,avg,0.5,1,41,200,16,16,0.0,test,server,5,34,647,681,True,0.7948904445858714
Tox21,avg,0.5,1,41,200,16,16,0.0,test,server,6,21,617,638,True,0.730647526433588
Tox21,avg,0.5,1,41,200,16,16,0.0,test,server,7,95,494,589,True,0.7795440017046665
Tox21,avg,0.5,1,41,200,16,16,0.0,test,server,8,32,670,702,True,0.8161847014925373
Tox21,avg,0.5,1,41,200,16,16,0.0,test,server,9,36,621,657,True,0.7028090892825191
Tox21,avg,0.5,1,41,200,16,16,0.0,test,server,10,93,485,578,True,0.843010752688172
Tox21,avg,0.5,1,41,200,16,16,0.0,test,server,11,48,624,672,True,0.7895299145299145
Tox21,avg,0.5,1,41,200,16,16,0.0,test,client_0,0,32,693,725,True,0.7986111111111112
Tox21,avg,0.5,1,41,200,16,16,0.0,test,client_0,1,33,646,679,True,0.8898114269631299
Tox21,avg,0.5,1,41,200,16,16,0.0,test,client_0,2,77,572,649,True,0.8535101262373989
Tox21,avg,0.5,1,41,200,16,16,0.0,test,client_0,3,38,538,576,True,0.7847779299549991
Tox21,avg,0.5,1,41,200,16,16,0.0,test,client_0,4,80,531,611,True,0.6697975517890773
Tox21,avg,0.5,1,41,200,16,16,0.0,test,client_0,5,34,647,681,True,0.7573870351850168
Tox21,avg,0.5,1,41,200,16,16,0.0,test,client_0,6,21,617,638,True,0.6989272208072856
Tox21,avg,0.5,1,41,200,16,16,0.0,test,client_0,7,95,494,589,True,0.7638823780098017
Tox21,avg,0.5,1,41,200,16,16,0.0,test,client_0,8,32,670,702,True,0.8237873134328358
Tox21,avg,0.5,1,41,200,16,16,0.0,test,client_0,9,36,621,657,True,0.7105922347468241
Tox21,avg,0.5,1,41,200,16,16,0.0,test,client_0,10,93,485,578,True,0.8247422680412372
Tox21,avg,0.5,1,41,200,16,16,0.0,test,client_0,11,48,624,672,True,0.7698651175213674
Tox21,avg,0.5,1,41,200,16,16,0.0,test,client_1,0,32,693,725,True,0.798881673881674
Tox21,avg,0.5,1,41,200,16,16,0.0,test,client_1,1,33,646,679,True,0.8915001407261469
Tox21,avg,0.5,1,41,200,16,16,0.0,test,client_1,2,77,572,649,True,0.8510807374443738
Tox21,avg,0.5,1,41,200,16,16,0.0,test,client_1,3,38,538,576,True,0.7521522207004501
Tox21,avg,0.5,1,41,200,16,16,0.0,test,client_1,4,80,531,611,True,0.6976930320150659
Tox21,avg,0.5,1,41,200,16,16,0.0,test,client_1,5,34,647,681,True,0.8001181925629602
Tox21,avg,0.5,1,41,200,16,16,0.0,test,client_1,6,21,617,638,True,0.6973064752643359
Tox21,avg,0.5,1,41,200,16,16,0.0,test,client_1,7,95,494,589,True,0.7752184103984658
Tox21,avg,0.5,1,41,200,16,16,0.0,test,client_1,8,32,670,702,True,0.7881529850746269
Tox21,avg,0.5,1,41,200,16,16,0.0,test,client_1,9,36,621,657,True,0.6958758275183395
Tox21,avg,0.5,1,41,200,16,16,0.0,test,client_1,10,93,485,578,True,0.8456712116173373
Tox21,avg,0.5,1,41,200,16,16,0.0,test,client_1,11,48,624,672,True,0.7701655982905983
Tox21,avg,0.5,1,41,200,16,16,0.0,test,client_2,0,32,693,725,True,0.8002344877344877
Tox21,avg,0.5,1,41,200,16,16,0.0,test,client_2,1,33,646,679,True,0.9041185852331363
Tox21,avg,0.5,1,41,200,16,16,0.0,test,client_2,2,77,572,649,True,0.833530106257379
Tox21,avg,0.5,1,41,200,16,16,0.0,test,client_2,3,38,538,576,True,0.7506847974955977
Tox21,avg,0.5,1,41,200,16,16,0.0,test,client_2,4,80,531,611,True,0.7082627118644068
Tox21,avg,0.5,1,41,200,16,16,0.0,test,client_2,5,34,647,681,True,0.8004364033093917
Tox21,avg,0.5,1,41,200,16,16,0.0,test,client_2,6,21,617,638,True,0.7548815312186462
Tox21,avg,0.5,1,41,200,16,16,0.0,test,client_2,7,95,494,589,True,0.7796718516940123
Tox21,avg,0.5,1,41,200,16,16,0.0,test,client_2,8,32,670,702,True,0.816231343283582
Tox21,avg,0.5,1,41,200,16,16,0.0,test,client_2,9,36,621,657,True,0.6870638754696725
Tox21,avg,0.5,1,41,200,16,16,0.0,test,client_2,10,93,485,578,True,0.8347189890256069
Tox21,avg,0.5,1,41,200,16,16,0.0,test,client_2,11,48,624,672,True,0.7927350427350427
Tox21,avg,0.5,1,41,200,16,16,0.0,test,client_3,0,32,693,725,True,0.8152507215007215
Tox21,avg,0.5,1,41,200,16,16,0.0,test,client_3,1,33,646,679,True,0.8927197673327704
Tox21,avg,0.5,1,41,200,16,16,0.0,test,client_3,2,77,572,649,True,0.8311007174643539
Tox21,avg,0.5,1,41,200,16,16,0.0,test,client_3,3,38,538,576,True,0.7604187047544512
Tox21,avg,0.5,1,41,200,16,16,0.0,test,client_3,4,80,531,611,True,0.6975517890772127
Tox21,avg,0.5,1,41,200,16,16,0.0,test,client_3,5,34,647,681,True,0.7687062460223657
Tox21,avg,0.5,1,41,200,16,16,0.0,test,client_3,6,21,617,638,True,0.7337346608011113
Tox21,avg,0.5,1,41,200,16,16,0.0,test,client_3,7,95,494,589,True,0.7498614958448753
Tox21,avg,0.5,1,41,200,16,16,0.0,test,client_3,8,32,670,702,True,0.7787779850746268
Tox21,avg,0.5,1,41,200,16,16,0.0,test,client_3,9,36,621,657,True,0.6721685453569513
Tox21,avg,0.5,1,41,200,16,16,0.0,test,client_3,10,93,485,578,True,0.8308613235783173
Tox21,avg,0.5,1,41,200,16,16,0.0,test,client_3,11,48,624,672,True,0.778011485042735
Tox21,avg,0.5,1,42,200,16,16,0.0,val,server,0,31,696,727,True,0.810761957730812
Tox21,avg,0.5,1,42,200,16,16,0.0,val,server,1,23,652,675,True,0.8012803414243799
Tox21,avg,0.5,1,42,200,16,16,0.0,val,server,2,74,567,641,True,0.8492778492778492
Tox21,avg,0.5,1,42,200,16,16,0.0,val,server,3,19,546,565,True,0.8551185656448814
Tox21,avg,0.5,1,42,200,16,16,0.0,val,server,4,82,541,623,True,0.703101753753212
Tox21,avg,0.5,1,42,200,16,16,0.0,val,server,5,30,657,687,True,0.7986808726534754
Tox21,avg,0.5,1,42,200,16,16,0.0,val,server,6,21,612,633,True,0.6920323685029567
Tox21,avg,0.5,1,42,200,16,16,0.0,val,server,7,96,492,588,True,0.7416158536585364
Tox21,avg,0.5,1,42,200,16,16,0.0,val,server,8,30,677,707,True,0.8047759724273756
Tox21,avg,0.5,1,42,200,16,16,0.0,val,server,9,45,603,648,True,0.6535839321908973
Tox21,avg,0.5,1,42,200,16,16,0.0,val,server,10,92,495,587,True,0.8962670180061485
Tox21,avg,0.5,1,42,200,16,16,0.0,val,server,11,42,636,678,True,0.8140536088649296
Tox21,avg,0.5,1,42,200,16,16,0.0,val,client_0,0,31,696,727,True,0.8052465702632555
Tox21,avg,0.5,1,42,200,16,16,0.0,val,client_0,1,23,652,675,True,0.7878767671379033
Tox21,avg,0.5,1,42,200,16,16,0.0,val,client_0,2,74,567,641,True,0.846370179703513
Tox21,avg,0.5,1,42,200,16,16,0.0,val,client_0,3,19,546,565,True,0.8594563331405436
Tox21,avg,0.5,1,42,200,16,16,0.0,val,client_0,4,82,541,623,True,0.6957982056715207
Tox21,avg,0.5,1,42,200,16,16,0.0,val,client_0,5,30,657,687,True,0.7755454084221207
Tox21,avg,0.5,1,42,200,16,16,0.0,val,client_0,6,21,612,633,True,0.6437908496732025
Tox21,avg,0.5,1,42,200,16,16,0.0,val,client_0,7,96,492,588,True,0.7377837059620597
Tox21,avg,0.5,1,42,200,16,16,0.0,val,client_0,8,30,677,707,True,0.7709502708025603
Tox21,avg,0.5,1,42,200,16,16,0.0,val,client_0,9,45,603,648,True,0.6472821079786253
Tox21,avg,0.5,1,42,200,16,16,0.0,val,client_0,10,92,495,587,True,0.8917215634606939
Tox21,avg,0.5,1,42,200,16,16,0.0,val,client_0,11,42,636,678,True,0.7917041030248576
Tox21,avg,0.5,1,42,200,16,16,0.0,val,client_1,0,31,696,727,True,0.8096496106785317
Tox21,avg,0.5,1,42,200,16,16,0.0,val,client_1,1,23,652,675,True,0.7898773006134968
Tox21,avg,0.5,1,42,200,16,16,0.0,val,client_1,2,74,567,641,True,0.8301634968301634
Tox21,avg,0.5,1,42,200,16,16,0.0,val,client_1,3,19,546,565,True,0.7560246770773086
Tox21,avg,0.5,1,42,200,16,16,0.0,val,client_1,4,82,541,623,True,0.688968035706235
Tox21,avg,0.5,1,42,200,16,16,0.0,val,client_1,5,30,657,687,True,0.7659563673262304
Tox21,avg,0.5,1,42,200,16,16,0.0,val,client_1,6,21,612,633,True,0.694833488951136
Tox21,avg,0.5,1,42,200,16,16,0.0,val,client_1,7,96,492,588,True,0.7272823509485095
Tox21,avg,0.5,1,42,200,16,16,0.0,val,client_1,8,30,677,707,True,0.7872476612506154
Tox21,avg,0.5,1,42,200,16,16,0.0,val,client_1,9,45,603,648,True,0.6333886124930902
Tox21,avg,0.5,1,42,200,16,16,0.0,val,client_1,10,92,495,587,True,0.8862099253403601
Tox21,avg,0.5,1,42,200,16,16,0.0,val,client_1,11,42,636,678,True,0.7871743036837376
Tox21,avg,0.5,1,42,200,16,16,0.0,val,client_2,0,31,696,727,True,0.8106692621431221
Tox21,avg,0.5,1,42,200,16,16,0.0,val,client_2,1,23,652,675,True,0.8272205921579087
Tox21,avg,0.5,1,42,200,16,16,0.0,val,client_2,2,74,567,641,True,0.8277086610419944
Tox21,avg,0.5,1,42,200,16,16,0.0,val,client_2,3,19,546,565,True,0.8156930788509735
Tox21,avg,0.5,1,42,200,16,16,0.0,val,client_2,4,82,541,623,True,0.7024705829313376
Tox21,avg,0.5,1,42,200,16,16,0.0,val,client_2,5,30,657,687,True,0.8078640284119736
Tox21,avg,0.5,1,42,200,16,16,0.0,val,client_2,6,21,612,633,True,0.7153750389044508
Tox21,avg,0.5,1,42,200,16,16,0.0,val,client_2,7,96,492,588,True,0.7269224254742548
Tox21,avg,0.5,1,42,200,16,16,0.0,val,client_2,8,30,677,707,True,0.7992122107336288
Tox21,avg,0.5,1,42,200,16,16,0.0,val,client_2,9,45,603,648,True,0.6240648608807813
Tox21,avg,0.5,1,42,200,16,16,0.0,val,client_2,10,92,495,587,True,0.8789415898111549
Tox21,avg,0.5,1,42,200,16,16,0.0,val,client_2,11,42,636,678,True,0.8147648996705601
Tox21,avg,0.5,1,42,200,16,16,0.0,val,client_3,0,31,696,727,True,0.7956989247311829
Tox21,avg,0.5,1,42,200,16,16,0.0,val,client_3,1,23,652,675,True,0.7944118431581756
Tox21,avg,0.5,1,42,200,16,16,0.0,val,client_3,2,74,567,641,True,0.8353115019781687
Tox21,avg,0.5,1,42,200,16,16,0.0,val,client_3,3,19,546,565,True,0.8583959899749374
Tox21,avg,0.5,1,42,200,16,16,0.0,val,client_3,4,82,541,623,True,0.6794328479329156
Tox21,avg,0.5,1,42,200,16,16,0.0,val,client_3,5,30,657,687,True,0.7984779299847794
Tox21,avg,0.5,1,42,200,16,16,0.0,val,client_3,6,21,612,633,True,0.6739028944911297
Tox21,avg,0.5,1,42,200,16,16,0.0,val,client_3,7,96,492,588,True,0.7309874661246613
Tox21,avg,0.5,1,42,200,16,16,0.0,val,client_3,8,30,677,707,True,0.8136386016740522
Tox21,avg,0.5,1,42,200,16,16,0.0,val,client_3,9,45,603,648,True,0.6517412935323383
Tox21,avg,0.5,1,42,200,16,16,0.0,val,client_3,10,92,495,587,True,0.8849143610013175
Tox21,avg,0.5,1,42,200,16,16,0.0,val,client_3,11,42,636,678,True,0.813192572626535
Tox21,avg,0.5,1,42,200,16,16,0.0,test,server,0,32,693,725,True,0.8018127705627706
Tox21,avg,0.5,1,42,200,16,16,0.0,test,server,1,33,646,679,True,0.8994277136691997
Tox21,avg,0.5,1,42,200,16,16,0.0,test,server,2,77,572,649,True,0.8463808918354372
Tox21,avg,0.5,1,42,200,16,16,0.0,test,server,3,38,538,576,True,0.7700547837996478
Tox21,avg,0.5,1,42,200,16,16,0.0,test,server,4,80,531,611,True,0.6999293785310735
Tox21,avg,0.5,1,42,200,16,16,0.0,test,server,5,34,647,681,True,0.7984816801527411
Tox21,avg,0.5,1,42,200,16,16,0.0,test,server,6,21,617,638,True,0.7245504360577294
Tox21,avg,0.5,1,42,200,16,16,0.0,test,server,7,95,494,589,True,0.7860004261666311
Tox21,avg,0.5,1,42,200,16,16,0.0,test,server,8,32,670,702,True,0.8187966417910447
Tox21,avg,0.5,1,42,200,16,16,0.0,test,server,9,36,621,657,True,0.7093397745571658
Tox21,avg,0.5,1,42,200,16,16,0.0,test,server,10,93,485,578,True,0.8550271588515685
Tox21,avg,0.5,1,42,200,16,16,0.0,test,server,11,48,624,672,True,0.7888621794871794
Tox21,avg,0.5,1,42,200,16,16,0.0,test,client_0,0,32,693,725,True,0.7971230158730159
Tox21,avg,0.5,1,42,200,16,16,0.0,test,client_0,1,33,646,679,True,0.8879350783375551
Tox21,avg,0.5,1,42,200,16,16,0.0,test,client_0,2,77,572,649,True,0.8583461992552901
Tox21,avg,0.5,1,42,200,16,16,0.0,test,client_0,3,38,538,576,True,0.7897182547446683
Tox21,avg,0.5,1,42,200,16,16,0.0,test,client_0,4,80,531,611,True,0.6774011299435029
Tox21,avg,0.5,1,42,200,16,16,0.0,test,client_0,5,34,647,681,True,0.7769797254295845
Tox21,avg,0.5,1,42,200,16,16,0.0,test,client_0,6,21,617,638,True,0.6719147950914564
Tox21,avg,0.5,1,42,200,16,16,0.0,test,client_0,7,95,494,589,True,0.7777114851907095
Tox21,avg,0.5,1,42,200,16,16,0.0,test,client_0,8,32,670,702,True,0.7961287313432837
Tox21,avg,0.5,1,42,200,16,16,0.0,test,client_0,9,36,621,657,True,0.7212828770799785
Tox21,avg,0.5,1,42,200,16,16,0.0,test,client_0,10,93,485,578,True,0.8475778738499058
Tox21,avg,0.5,1,42,200,16,16,0.0,test,client_0,11,48,624,672,True,0.7765090811965811
Tox21,avg,0.5,1,42,200,16,16,0.0,test,client_1,0,32,693,725,True,0.7977994227994227
Tox21,avg,0.5,1,42,200,16,16,0.0,test,client_1,1,33,646,679,True,0.8968477343090346
Tox21,avg,0.5,1,42,200,16,16,0.0,test,client_1,2,77,572,649,True,0.8365725183907002
Tox21,avg,0.5,1,42,200,16,16,0.0,test,client_1,3,38,538,576,True,0.7539620426531011
Tox21,avg,0.5,1,42,200,16,16,0.0,test,client_1,4,80,531,611,True,0.6838983050847458
Tox21,avg,0.5,1,42,200,16,16,0.0,test,client_1,5,34,647,681,True,0.7860260023638512
Tox21,avg,0.5,1,42,200,16,16,0.0,test,client_1,6,21,617,638,True,0.7040981708728873
Tox21,avg,0.5,1,42,200,16,16,0.0,test,client_1,7,95,494,589,True,0.7699765608352865
Tox21,avg,0.5,1,42,200,16,16,0.0,test,client_1,8,32,670,702,True,0.7726212686567164
Tox21,avg,0.5,1,42,200,16,16,0.0,test,client_1,9,36,621,657,True,0.7100554660941134
Tox21,avg,0.5,1,42,200,16,16,0.0,test,client_1,10,93,485,578,True,0.8319476776410597
Tox21,avg,0.5,1,42,200,16,16,0.0,test,client_1,11,48,624,672,True,0.7874265491452992
Tox21,avg,0.5,1,42,200,16,16,0.0,test,client_2,0,32,693,725,True,0.7889610389610389
Tox21,avg,0.5,1,42,200,16,16,0.0,test,client_2,1,33,646,679,True,0.8942677549488696
Tox21,avg,0.5,1,42,200,16,16,0.0,test,client_2,2,77,572,649,True,0.8306693306693306
Tox21,avg,0.5,1,42,200,16,16,0.0,test,client_2,3,38,538,576,True,0.7324887497554293
Tox21,avg,0.5,1,42,200,16,16,0.0,test,client_2,4,80,531,611,True,0.7072033898305086
Tox21,avg,0.5,1,42,200,16,16,0.0,test,client_2,5,34,647,681,True,0.7893444858623512
Tox21,avg,0.5,1,42,200,16,16,0.0,test,client_2,6,21,617,638,True,0.7403719996912865
Tox21,avg,0.5,1,42,200,16,16,0.0,test,client_2,7,95,494,589,True,0.7736629021947581
Tox21,avg,0.5,1,42,200,16,16,0.0,test,client_2,8,32,670,702,True,0.8174440298507463
Tox21,avg,0.5,1,42,200,16,16,0.0,test,client_2,9,36,621,657,True,0.6840669171587047
Tox21,avg,0.5,1,42,200,16,16,0.0,test,client_2,10,93,485,578,True,0.8441414477330673
Tox21,avg,0.5,1,42,200,16,16,0.0,test,client_2,11,48,624,672,True,0.7679286858974359
Tox21,avg,0.5,1,42,200,16,16,0.0,test,client_3,0,32,693,725,True,0.799512987012987
Tox21,avg,0.5,1,42,200,16,16,0.0,test,client_3,1,33,646,679,True,0.8863401820058167
Tox21,avg,0.5,1,42,200,16,16,0.0,test,client_3,2,77,572,649,True,0.8223594587230951
Tox21,avg,0.5,1,42,200,16,16,0.0,test,client_3,3,38,538,576,True,0.7625220113480727
Tox21,avg,0.5,1,42,200,16,16,0.0,test,client_3,4,80,531,611,True,0.6954331450094162
Tox21,avg,0.5,1,42,200,16,16,0.0,test,client_3,5,34,647,681,True,0.7793435766887898
Tox21,avg,0.5,1,42,200,16,16,0.0,test,client_3,6,21,617,638,True,0.7428417071853052
Tox21,avg,0.5,1,42,200,16,16,0.0,test,client_3,7,95,494,589,True,0.768825910931174
Tox21,avg,0.5,1,42,200,16,16,0.0,test,client_3,8,32,670,702,True,0.8080690298507462
Tox21,avg,0.5,1,42,200,16,16,0.0,test,client_3,9,36,621,657,True,0.6866612989801395
Tox21,avg,0.5,1,42,200,16,16,0.0,test,client_3,10,93,485,578,True,0.8333222480877952
Tox21,avg,0.5,1,42,200,16,16,0.0,test,client_3,11,48,624,672,True,0.7806156517094016
Tox21,avg,0.5,1,43,200,16,16,0.0,val,server,0,31,696,727,True,0.8097886540600668
Tox21,avg,0.5,1,43,200,16,16,0.0,val,server,1,23,652,675,True,0.8076153640970927
Tox21,avg,0.5,1,43,200,16,16,0.0,val,server,2,74,567,641,True,0.8513513513513513
Tox21,avg,0.5,1,43,200,16,16,0.0,val,server,3,19,546,565,True,0.8467322151532678
Tox21,avg,0.5,1,43,200,16,16,0.0,val,server,4,82,541,623,True,0.711712727108787
Tox21,avg,0.5,1,43,200,16,16,0.0,val,server,5,30,657,687,True,0.8018264840182648
Tox21,avg,0.5,1,43,200,16,16,0.0,val,server,6,21,612,633,True,0.6984905073140367
Tox21,avg,0.5,1,43,200,16,16,0.0,val,server,7,96,492,588,True,0.7403878726287264
Tox21,avg,0.5,1,43,200,16,16,0.0,val,server,8,30,677,707,True,0.7979320531757754
Tox21,avg,0.5,1,43,200,16,16,0.0,val,server,9,45,603,648,True,0.6503777409250046
Tox21,avg,0.5,1,43,200,16,16,0.0,val,server,10,92,495,587,True,0.8939393939393938
Tox21,avg,0.5,1,43,200,16,16,0.0,val,server,11,42,636,678,True,0.8063791554357592
Tox21,avg,0.5,1,43,200,16,16,0.0,val,client_0,0,31,696,727,True,0.7994067482387839
Tox21,avg,0.5,1,43,200,16,16,0.0,val,client_0,1,23,652,675,True,0.7926780474793279
Tox21,avg,0.5,1,43,200,16,16,0.0,val,client_0,2,74,567,641,True,0.8458458458458459
Tox21,avg,0.5,1,43,200,16,16,0.0,val,client_0,3,19,546,565,True,0.8645652593021014
Tox21,avg,0.5,1,43,200,16,16,0.0,val,client_0,4,82,541,623,True,0.702335332040936
Tox21,avg,0.5,1,43,200,16,16,0.0,val,client_0,5,30,657,687,True,0.7698122780314561
Tox21,avg,0.5,1,43,200,16,16,0.0,val,client_0,6,21,612,633,True,0.6504824151882975
Tox21,avg,0.5,1,43,200,16,16,0.0,val,client_0,7,96,492,588,True,0.7394139566395663
Tox21,avg,0.5,1,43,200,16,16,0.0,val,client_0,8,30,677,707,True,0.7716888232397834
Tox21,avg,0.5,1,43,200,16,16,0.0,val,client_0,9,45,603,648,True,0.6450709415883545
Tox21,avg,0.5,1,43,200,16,16,0.0,val,client_0,10,92,495,587,True,0.8853754940711462
Tox21,avg,0.5,1,43,200,16,16,0.0,val,client_0,11,42,636,678,True,0.7879979035639413
Tox21,avg,0.5,1,43,200,16,16,0.0,val,client_1,0,31,696,727,True,0.8082128290693363
Tox21,avg,0.5,1,43,200,16,16,0.0,val,client_1,1,23,652,675,True,0.7808082155241398
Tox21,avg,0.5,1,43,200,16,16,0.0,val,client_1,2,74,567,641,True,0.83674150340817
Tox21,avg,0.5,1,43,200,16,16,0.0,val,client_1,3,19,546,565,True,0.7456140350877193
Tox21,avg,0.5,1,43,200,16,16,0.0,val,client_1,4,82,541,623,True,0.7054911861503087
Tox21,avg,0.5,1,43,200,16,16,0.0,val,client_1,5,30,657,687,True,0.7863013698630137
Tox21,avg,0.5,1,43,200,16,16,0.0,val,client_1,6,21,612,633,True,0.6917989417989417
Tox21,avg,0.5,1,43,200,16,16,0.0,val,client_1,7,96,492,588,True,0.7270282859078591
Tox21,avg,0.5,1,43,200,16,16,0.0,val,client_1,8,30,677,707,True,0.7852289512555392
Tox21,avg,0.5,1,43,200,16,16,0.0,val,client_1,9,45,603,648,True,0.6381057674590013
Tox21,avg,0.5,1,43,200,16,16,0.0,val,client_1,10,92,495,587,True,0.8847167325428194
Tox21,avg,0.5,1,43,200,16,16,0.0,val,client_1,11,42,636,678,True,0.7794998502545673
Tox21,avg,0.5,1,43,200,16,16,0.0,val,client_2,0,31,696,727,True,0.8126158694846125
Tox21,avg,0.5,1,43,200,16,16,0.0,val,client_2,1,23,652,675,True,0.834089090424113
Tox21,avg,0.5,1,43,200,16,16,0.0,val,client_2,2,74,567,641,True,0.8230611563944897
Tox21,avg,0.5,1,43,200,16,16,0.0,val,client_2,3,19,546,565,True,0.7985347985347985
Tox21,avg,0.5,1,43,200,16,16,0.0,val,client_2,4,82,541,623,True,0.7001938596095757
Tox21,avg,0.5,1,43,200,16,16,0.0,val,client_2,5,30,657,687,True,0.8159309994926434
Tox21,avg,0.5,1,43,200,16,16,0.0,val,client_2,6,21,612,633,True,0.7168534080298786
Tox21,avg,0.5,1,43,200,16,16,0.0,val,client_2,7,96,492,588,True,0.7251016260162603
Tox21,avg,0.5,1,43,200,16,16,0.0,val,client_2,8,30,677,707,True,0.7911866075824717
Tox21,avg,0.5,1,43,200,16,16,0.0,val,client_2,9,45,603,648,True,0.6195688225538971
Tox21,avg,0.5,1,43,200,16,16,0.0,val,client_2,10,92,495,587,True,0.8772288098375054
Tox21,avg,0.5,1,43,200,16,16,0.0,val,client_2,11,42,636,678,True,0.8072776280323449
Tox21,avg,0.5,1,43,200,16,16,0.0,val,client_3,0,31,696,727,True,0.7835558027437894
Tox21,avg,0.5,1,43,200,16,16,0.0,val,client_3,1,23,652,675,True,0.7983462256601761
Tox21,avg,0.5,1,43,200,16,16,0.0,val,client_3,2,74,567,641,True,0.834668001334668
Tox21,avg,0.5,1,43,200,16,16,0.0,val,client_3,3,19,546,565,True,0.8401773664931559
Tox21,avg,0.5,1,43,200,16,16,0.0,val,client_3,4,82,541,623,True,0.691650511699202
Tox21,avg,0.5,1,43,200,16,16,0.0,val,client_3,5,30,657,687,True,0.7817351598173518
Tox21,avg,0.5,1,43,200,16,16,0.0,val,client_3,6,21,612,633,True,0.6765483971366324
Tox21,avg,0.5,1,43,200,16,16,0.0,val,client_3,7,96,492,588,True,0.7237042682926828
Tox21,avg,0.5,1,43,200,16,16,0.0,val,client_3,8,30,677,707,True,0.8057114721811915
Tox21,avg,0.5,1,43,200,16,16,0.0,val,client_3,9,45,603,648,True,0.6502856089920767
Tox21,avg,0.5,1,43,200,16,16,0.0,val,client_3,10,92,495,587,True,0.8872639437856829
Tox21,avg,0.5,1,43,200,16,16,0.0,val,client_3,11,42,636,678,True,0.802785265049416
Tox21,avg,0.5,1,43,200,16,16,0.0,test,server,0,32,693,725,True,0.810515873015873
Tox21,avg,0.5,1,43,200,16,16,0.0,test,server,1,33,646,679,True,0.9028520499108735
Tox21,avg,0.5,1,43,200,16,16,0.0,test,server,2,77,572,649,True,0.8478566887657796
Tox21,avg,0.5,1,43,200,16,16,0.0,test,server,3,38,538,576,True,0.7695656427313637
Tox21,avg,0.5,1,43,200,16,16,0.0,test,server,4,80,531,611,True,0.7001883239171376
Tox21,avg,0.5,1,43,200,16,16,0.0,test,server,5,34,647,681,True,0.7966633330302755
Tox21,avg,0.5,1,43,200,16,16,0.0,test,server,6,21,617,638,True,0.7206915180983252
Tox21,avg,0.5,1,43,200,16,16,0.0,test,server,7,95,494,589,True,0.7846366929469422
Tox21,avg,0.5,1,43,200,16,16,0.0,test,server,8,32,670,702,True,0.8055037313432836
Tox21,avg,0.5,1,43,200,16,16,0.0,test,server,9,36,621,657,True,0.7113079262837717
Tox21,avg,0.5,1,43,200,16,16,0.0,test,server,10,93,485,578,True,0.8544950670657355
Tox21,avg,0.5,1,43,200,16,16,0.0,test,server,11,48,624,672,True,0.7891960470085471
Tox21,avg,0.5,1,43,200,16,16,0.0,test,client_0,0,32,693,725,True,0.7896825396825397
Tox21,avg,0.5,1,43,200,16,16,0.0,test,client_0,1,33,646,679,True,0.8854958251243081
Tox21,avg,0.5,1,43,200,16,16,0.0,test,client_0,2,77,572,649,True,0.8582099718463354
Tox21,avg,0.5,1,43,200,16,16,0.0,test,client_0,3,38,538,576,True,0.7818919976521228
Tox21,avg,0.5,1,43,200,16,16,0.0,test,client_0,4,80,531,611,True,0.6747175141242938
Tox21,avg,0.5,1,43,200,16,16,0.0,test,client_0,5,34,647,681,True,0.7658423493044823
Tox21,avg,0.5,1,43,200,16,16,0.0,test,client_0,6,21,617,638,True,0.6675928069769237
Tox21,avg,0.5,1,43,200,16,16,0.0,test,client_0,7,95,494,589,True,0.7841466013211166
Tox21,avg,0.5,1,43,200,16,16,0.0,test,client_0,8,32,670,702,True,0.791231343283582
Tox21,avg,0.5,1,43,200,16,16,0.0,test,client_0,9,36,621,657,True,0.7235641438539989
Tox21,avg,0.5,1,43,200,16,16,0.0,test,client_0,10,93,485,578,True,0.8357610021061966
Tox21,avg,0.5,1,43,200,16,16,0.0,test,client_0,11,48,624,672,True,0.7780448717948718
Tox21,avg,0.5,1,43,200,16,16,0.0,test,client_1,0,32,693,725,True,0.8000541125541125
Tox21,avg,0.5,1,43,200,16,16,0.0,test,client_1,1,33,646,679,True,0.895487381555493
Tox21,avg,0.5,1,43,200,16,16,0.0,test,client_1,2,77,572,649,True,0.8427935700662973
Tox21,avg,0.5,1,43,200,16,16,0.0,test,client_1,3,38,538,576,True,0.7523478771277636
Tox21,avg,0.5,1,43,200,16,16,0.0,test,client_1,4,80,531,611,True,0.6942090395480227
Tox21,avg,0.5,1,43,200,16,16,0.0,test,client_1,5,34,647,681,True,0.7954814074006727
Tox21,avg,0.5,1,43,200,16,16,0.0,test,client_1,6,21,617,638,True,0.6970749401867716
Tox21,avg,0.5,1,43,200,16,16,0.0,test,client_1,7,95,494,589,True,0.7581078201576816
Tox21,avg,0.5,1,43,200,16,16,0.0,test,client_1,8,32,670,702,True,0.7748600746268658
Tox21,avg,0.5,1,43,200,16,16,0.0,test,client_1,9,36,621,657,True,0.6986938629450706
Tox21,avg,0.5,1,43,200,16,16,0.0,test,client_1,10,93,485,578,True,0.8297527990244984
Tox21,avg,0.5,1,43,200,16,16,0.0,test,client_1,11,48,624,672,True,0.7875600961538463
Tox21,avg,0.5,1,43,200,16,16,0.0,test,client_2,0,32,693,725,True,0.7915764790764791
Tox21,avg,0.5,1,43,200,16,16,0.0,test,client_2,1,33,646,679,True,0.900225161835069
Tox21,avg,0.5,1,43,200,16,16,0.0,test,client_2,2,77,572,649,True,0.8256516211061666
Tox21,avg,0.5,1,43,200,16,16,0.0,test,client_2,3,38,538,576,True,0.7253962042653102
Tox21,avg,0.5,1,43,200,16,16,0.0,test,client_2,4,80,531,611,True,0.7013653483992466
Tox21,avg,0.5,1,43,200,16,16,0.0,test,client_2,5,34,647,681,True,0.7903900354577689
Tox21,avg,0.5,1,43,200,16,16,0.0,test,client_2,6,21,617,638,True,0.7379022921972679
Tox21,avg,0.5,1,43,200,16,16,0.0,test,client_2,7,95,494,589,True,0.7720860856594929
Tox21,avg,0.5,1,43,200,16,16,0.0,test,client_2,8,32,670,702,True,0.7957089552238806
Tox21,avg,0.5,1,43,200,16,16,0.0,test,client_2,9,36,621,657,True,0.6740025049203794
Tox21,avg,0.5,1,43,200,16,16,0.0,test,client_2,10,93,485,578,True,0.8406385101429996
Tox21,avg,0.5,1,43,200,16,16,0.0,test,client_2,11,48,624,672,True,0.762119391025641
Tox21,avg,0.5,1,43,200,16,16,0.0,test,client_3,0,32,693,725,True,0.807674963924964
Tox21,avg,0.5,1,43,200,16,16,0.0,test,client_3,1,33,646,679,True,0.8852612815461113
Tox21,avg,0.5,1,43,200,16,16,0.0,test,client_3,2,77,572,649,True,0.8262646444464626
Tox21,avg,0.5,1,43,200,16,16,0.0,test,client_3,3,38,538,576,True,0.7573860301310898
Tox21,avg,0.5,1,43,200,16,16,0.0,test,client_3,4,80,531,611,True,0.6940442561205273
Tox21,avg,0.5,1,43,200,16,16,0.0,test,client_3,5,34,647,681,True,0.7717519774524957
Tox21,avg,0.5,1,43,200,16,16,0.0,test,client_3,6,21,617,638,True,0.7327313421316662
Tox21,avg,0.5,1,43,200,16,16,0.0,test,client_3,7,95,494,589,True,0.7668016194331985
Tox21,avg,0.5,1,43,200,16,16,0.0,test,client_3,8,32,670,702,True,0.7832555970149254
Tox21,avg,0.5,1,43,200,16,16,0.0,test,client_3,9,36,621,657,True,0.688137412775094
Tox21,avg,0.5,1,43,200,16,16,0.0,test,client_3,10,93,485,578,True,0.8432102871078595
Tox21,avg,0.5,1,43,200,16,16,0.0,test,client_3,11,48,624,672,True,0.7691973824786325
Tox21,avg,0.5,1,44,200,16,16,0.0,val,server,0,31,696,727,True,0.8124768261030775
Tox21,avg,0.5,1,44,200,16,16,0.0,val,server,1,23,652,675,True,0.8094825286743131
Tox21,avg,0.5,1,44,200,16,16,0.0,val,server,2,74,567,641,True,0.8531150197816865
Tox21,avg,0.5,1,44,200,16,16,0.0,val,server,3,19,546,565,True,0.8516483516483517
Tox21,avg,0.5,1,44,200,16,16,0.0,val,server,4,82,541,623,True,0.7104278436499707
Tox21,avg,0.5,1,44,200,16,16,0.0,val,server,5,30,657,687,True,0.8054794520547947
Tox21,avg,0.5,1,44,200,16,16,0.0,val,server,6,21,612,633,True,0.7033924680983504
Tox21,avg,0.5,1,44,200,16,16,0.0,val,server,7,96,492,588,True,0.7460831639566395
Tox21,avg,0.5,1,44,200,16,16,0.0,val,server,8,30,677,707,True,0.8029049729197439
Tox21,avg,0.5,1,44,200,16,16,0.0,val,server,9,45,603,648,True,0.6511147963884282
Tox21,avg,0.5,1,44,200,16,16,0.0,val,server,10,92,495,587,True,0.8947079490557751
Tox21,avg,0.5,1,44,200,16,16,0.0,val,server,11,42,636,678,True,0.8065289008685236
Tox21,avg,0.5,1,44,200,16,16,0.0,val,client_0,0,31,696,727,True,0.8085372636262514
Tox21,avg,0.5,1,44,200,16,16,0.0,val,client_0,1,23,652,675,True,0.7987463323552948
Tox21,avg,0.5,1,44,200,16,16,0.0,val,client_0,2,74,567,641,True,0.8461556794890127
Tox21,avg,0.5,1,44,200,16,16,0.0,val,client_0,3,19,546,565,True,0.868517447464816
Tox21,avg,0.5,1,44,200,16,16,0.0,val,client_0,4,82,541,623,True,0.7022451647806681
Tox21,avg,0.5,1,44,200,16,16,0.0,val,client_0,5,30,657,687,True,0.780263825469305
Tox21,avg,0.5,1,44,200,16,16,0.0,val,client_0,6,21,612,633,True,0.6736694677871149
Tox21,avg,0.5,1,44,200,16,16,0.0,val,client_0,7,96,492,588,True,0.7440929878048781
Tox21,avg,0.5,1,44,200,16,16,0.0,val,client_0,8,30,677,707,True,0.7915805022156572
Tox21,avg,0.5,1,44,200,16,16,0.0,val,client_0,9,45,603,648,True,0.6473558135249677
Tox21,avg,0.5,1,44,200,16,16,0.0,val,client_0,10,92,495,587,True,0.8914800175669741
Tox21,avg,0.5,1,44,200,16,16,0.0,val,client_0,11,42,636,678,True,0.8029350104821802
Tox21,avg,0.5,1,44,200,16,16,0.0,val,client_1,0,31,696,727,True,0.8021876158694846
Tox21,avg,0.5,1,44,200,16,16,0.0,val,client_1,1,23,652,675,True,0.7803414243798347
Tox21,avg,0.5,1,44,200,16,16,0.0,val,client_1,2,74,567,641,True,0.8371943371943372
Tox21,avg,0.5,1,44,200,16,16,0.0,val,client_1,3,19,546,565,True,0.7579525737420474
Tox21,avg,0.5,1,44,200,16,16,0.0,val,client_1,4,82,541,623,True,0.7034398809792165
Tox21,avg,0.5,1,44,200,16,16,0.0,val,client_1,5,30,657,687,True,0.7890410958904108
Tox21,avg,0.5,1,44,200,16,16,0.0,val,client_1,6,21,612,633,True,0.6967787114845939
Tox21,avg,0.5,1,44,200,16,16,0.0,val,client_1,7,96,492,588,True,0.7346078929539295
Tox21,avg,0.5,1,44,200,16,16,0.0,val,client_1,8,30,677,707,True,0.7895125553914328
Tox21,avg,0.5,1,44,200,16,16,0.0,val,client_1,9,45,603,648,True,0.6333886124930901
Tox21,avg,0.5,1,44,200,16,16,0.0,val,client_1,10,92,495,587,True,0.8870882740447957
Tox21,avg,0.5,1,44,200,16,16,0.0,val,client_1,11,42,636,678,True,0.7736972147349506
Tox21,avg,0.5,1,44,200,16,16,0.0,val,client_2,0,31,696,727,True,0.8310159436410828
Tox21,avg,0.5,1,44,200,16,16,0.0,val,client_2,1,23,652,675,True,0.8365564150440117
Tox21,avg,0.5,1,44,200,16,16,0.0,val,client_2,2,74,567,641,True,0.8234901568234902
Tox21,avg,0.5,1,44,200,16,16,0.0,val,client_2,3,19,546,565,True,0.8052824368613842
Tox21,avg,0.5,1,44,200,16,16,0.0,val,client_2,4,82,541,623,True,0.7016139939587935
Tox21,avg,0.5,1,44,200,16,16,0.0,val,client_2,5,30,657,687,True,0.8187721968543886
Tox21,avg,0.5,1,44,200,16,16,0.0,val,client_2,6,21,612,633,True,0.7044817927170869
Tox21,avg,0.5,1,44,200,16,16,0.0,val,client_2,7,96,492,588,True,0.730246443089431
Tox21,avg,0.5,1,44,200,16,16,0.0,val,client_2,8,30,677,707,True,0.7919251600196948
Tox21,avg,0.5,1,44,200,16,16,0.0,val,client_2,9,45,603,648,True,0.6305509489589092
Tox21,avg,0.5,1,44,200,16,16,0.0,val,client_2,10,92,495,587,True,0.8704655248133509
Tox21,avg,0.5,1,44,200,16,16,0.0,val,client_2,11,42,636,678,True,0.8029724468403713
Tox21,avg,0.5,1,44,200,16,16,0.0,val,client_3,0,31,696,727,True,0.78559510567297
Tox21,avg,0.5,1,44,200,16,16,0.0,val,client_3,1,23,652,675,True,0.7993464923979728
Tox21,avg,0.5,1,44,200,16,16,0.0,val,client_3,2,74,567,641,True,0.8424853424853425
Tox21,avg,0.5,1,44,200,16,16,0.0,val,client_3,3,19,546,565,True,0.8262001156737998
Tox21,avg,0.5,1,44,200,16,16,0.0,val,client_3,4,82,541,623,True,0.6933636896442901
Tox21,avg,0.5,1,44,200,16,16,0.0,val,client_3,5,30,657,687,True,0.7878234398782344
Tox21,avg,0.5,1,44,200,16,16,0.0,val,client_3,6,21,612,633,True,0.695066915655151
Tox21,avg,0.5,1,44,200,16,16,0.0,val,client_3,7,96,492,588,True,0.720824864498645
Tox21,avg,0.5,1,44,200,16,16,0.0,val,client_3,8,30,677,707,True,0.790743476120138
Tox21,avg,0.5,1,44,200,16,16,0.0,val,client_3,9,45,603,648,True,0.6374792703150912
Tox21,avg,0.5,1,44,200,16,16,0.0,val,client_3,10,92,495,587,True,0.8849143610013175
Tox21,avg,0.5,1,44,200,16,16,0.0,val,client_3,11,42,636,678,True,0.8064165917939502
Tox21,avg,0.5,1,44,200,16,16,0.0,test,server,0,32,693,725,True,0.8078102453102454
Tox21,avg,0.5,1,44,200,16,16,0.0,test,server,1,33,646,679,True,0.9044000375269725
Tox21,avg,0.5,1,44,200,16,16,0.0,test,server,2,77,572,649,True,0.8474253019707565
Tox21,avg,0.5,1,44,200,16,16,0.0,test,server,3,38,538,576,True,0.7688319311289374
Tox21,avg,0.5,1,44,200,16,16,0.0,test,server,4,80,531,611,True,0.7003766478342749
Tox21,avg,0.5,1,44,200,16,16,0.0,test,server,5,34,647,681,True,0.8004818619874533
Tox21,avg,0.5,1,44,200,16,16,0.0,test,server,6,21,617,638,True,0.72694296519256
Tox21,avg,0.5,1,44,200,16,16,0.0,test,server,7,95,494,589,True,0.782463243128063
Tox21,avg,0.5,1,44,200,16,16,0.0,test,server,8,32,670,702,True,0.8064365671641791
Tox21,avg,0.5,1,44,200,16,16,0.0,test,server,9,36,621,657,True,0.7070137770620862
Tox21,avg,0.5,1,44,200,16,16,0.0,test,server,10,93,485,578,True,0.849174149207405
Tox21,avg,0.5,1,44,200,16,16,0.0,test,server,11,48,624,672,True,0.7930021367521368
Tox21,avg,0.5,1,44,200,16,16,0.0,test,client_0,0,32,693,725,True,0.784992784992785
Tox21,avg,0.5,1,44,200,16,16,0.0,test,client_0,1,33,646,679,True,0.8875598086124401
Tox21,avg,0.5,1,44,200,16,16,0.0,test,client_0,2,77,572,649,True,0.8542366724184907
Tox21,avg,0.5,1,44,200,16,16,0.0,test,client_0,3,38,538,576,True,0.7790549794560752
Tox21,avg,0.5,1,44,200,16,16,0.0,test,client_0,4,80,531,611,True,0.676271186440678
Tox21,avg,0.5,1,44,200,16,16,0.0,test,client_0,5,34,647,681,True,0.7802072915719611
Tox21,avg,0.5,1,44,200,16,16,0.0,test,client_0,6,21,617,638,True,0.6809446631164622
Tox21,avg,0.5,1,44,200,16,16,0.0,test,client_0,7,95,494,589,True,0.7882164926486257
Tox21,avg,0.5,1,44,200,16,16,0.0,test,client_0,8,32,670,702,True,0.7919309701492537
Tox21,avg,0.5,1,44,200,16,16,0.0,test,client_0,9,36,621,657,True,0.7146627303632135
Tox21,avg,0.5,1,44,200,16,16,0.0,test,client_0,10,93,485,578,True,0.8431659461257066
Tox21,avg,0.5,1,44,200,16,16,0.0,test,client_0,11,48,624,672,True,0.7830528846153846
Tox21,avg,0.5,1,44,200,16,16,0.0,test,client_1,0,32,693,725,True,0.7973484848484849
Tox21,avg,0.5,1,44,200,16,16,0.0,test,client_1,1,33,646,679,True,0.8987240829346093
Tox21,avg,0.5,1,44,200,16,16,0.0,test,client_1,2,77,572,649,True,0.8400236127508854
Tox21,avg,0.5,1,44,200,16,16,0.0,test,client_1,3,38,538,576,True,0.7483858344746623
Tox21,avg,0.5,1,44,200,16,16,0.0,test,client_1,4,80,531,611,True,0.6859934086629002
Tox21,avg,0.5,1,44,200,16,16,0.0,test,client_1,5,34,647,681,True,0.7938903536685153
Tox21,avg,0.5,1,44,200,16,16,0.0,test,client_1,6,21,617,638,True,0.7005479663502354
Tox21,avg,0.5,1,44,200,16,16,0.0,test,client_1,7,95,494,589,True,0.7524398039633498
Tox21,avg,0.5,1,44,200,16,16,0.0,test,client_1,8,32,670,702,True,0.7641791044776118
Tox21,avg,0.5,1,44,200,16,16,0.0,test,client_1,9,36,621,657,True,0.6965467883342279
Tox21,avg,0.5,1,44,200,16,16,0.0,test,client_1,10,93,485,578,True,0.8207072386653366
Tox21,avg,0.5,1,44,200,16,16,0.0,test,client_1,11,48,624,672,True,0.7949719551282052
Tox21,avg,0.5,1,44,200,16,16,0.0,test,client_2,0,32,693,725,True,0.7906746031746031
Tox21,avg,0.5,1,44,200,16,16,0.0,test,client_2,1,33,646,679,True,0.8973637301810676
Tox21,avg,0.5,1,44,200,16,16,0.0,test,client_2,2,77,572,649,True,0.8295113976932158
Tox21,avg,0.5,1,44,200,16,16,0.0,test,client_2,3,38,538,576,True,0.7341518293875954
Tox21,avg,0.5,1,44,200,16,16,0.0,test,client_2,4,80,531,611,True,0.7064265536723164
Tox21,avg,0.5,1,44,200,16,16,0.0,test,client_2,5,34,647,681,True,0.797481589235385
Tox21,avg,0.5,1,44,200,16,16,0.0,test,client_2,6,21,617,638,True,0.7382110056340202
Tox21,avg,0.5,1,44,200,16,16,0.0,test,client_2,7,95,494,589,True,0.7733858938845088
Tox21,avg,0.5,1,44,200,16,16,0.0,test,client_2,8,32,670,702,True,0.8104477611940298
Tox21,avg,0.5,1,44,200,16,16,0.0,test,client_2,9,36,621,657,True,0.6847378779745931
Tox21,avg,0.5,1,44,200,16,16,0.0,test,client_2,10,93,485,578,True,0.8313269038909212
Tox21,avg,0.5,1,44,200,16,16,0.0,test,client_2,11,48,624,672,True,0.7733707264957265
Tox21,avg,0.5,1,44,200,16,16,0.0,test,client_3,0,32,693,725,True,0.8079004329004328
Tox21,avg,0.5,1,44,200,16,16,0.0,test,client_3,1,33,646,679,True,0.8938924852237545
Tox21,avg,0.5,1,44,200,16,16,0.0,test,client_3,2,77,572,649,True,0.8369812006175641
Tox21,avg,0.5,1,44,200,16,16,0.0,test,client_3,3,38,538,576,True,0.7642340050870672
Tox21,avg,0.5,1,44,200,16,16,0.0,test,client_3,4,80,531,611,True,0.6949858757062146
Tox21,avg,0.5,1,44,200,16,16,0.0,test,client_3,5,34,647,681,True,0.7820710973724884
Tox21,avg,0.5,1,44,200,16,16,0.0,test,client_3,6,21,617,638,True,0.7391371459442772
Tox21,avg,0.5,1,44,200,16,16,0.0,test,client_3,7,95,494,589,True,0.7620285531642873
Tox21,avg,0.5,1,44,200,16,16,0.0,test,client_3,8,32,670,702,True,0.7726212686567164
Tox21,avg,0.5,1,44,200,16,16,0.0,test,client_3,9,36,621,657,True,0.696144211844695
Tox21,avg,0.5,1,44,200,16,16,0.0,test,client_3,10,93,485,578,True,0.8352067398292872
Tox21,avg,0.5,1,44,200,16,16,0.0,test,client_3,11,48,624,672,True,0.7971087072649572
Tox21,avg,0.5,1,45,200,16,16,0.0,val,server,0,31,696,727,True,0.8190582128290693
Tox21,avg,0.5,1,45,200,16,16,0.0,val,server,1,23,652,675,True,0.8076153640970926
Tox21,avg,0.5,1,45,200,16,16,0.0,val,server,2,74,567,641,True,0.8464178464178465
Tox21,avg,0.5,1,45,200,16,16,0.0,val,server,3,19,546,565,True,0.8503952188162714
Tox21,avg,0.5,1,45,200,16,16,0.0,val,server,4,82,541,623,True,0.7112393489923808
Tox21,avg,0.5,1,45,200,16,16,0.0,val,server,5,30,657,687,True,0.8030441400304413
Tox21,avg,0.5,1,45,200,16,16,0.0,val,server,6,21,612,633,True,0.6967009025832555
Tox21,avg,0.5,1,45,200,16,16,0.0,val,server,7,96,492,588,True,0.7420181233062331
Tox21,avg,0.5,1,45,200,16,16,0.0,val,server,8,30,677,707,True,0.8033973412112261
Tox21,avg,0.5,1,45,200,16,16,0.0,val,server,9,45,603,648,True,0.6503040353786622
Tox21,avg,0.5,1,45,200,16,16,0.0,val,server,10,92,495,587,True,0.8943566095740009
Tox21,avg,0.5,1,45,200,16,16,0.0,val,server,11,42,636,678,True,0.8032719377059
Tox21,avg,0.5,1,45,200,16,16,0.0,val,client_0,0,31,696,727,True,0.807100482017056
Tox21,avg,0.5,1,45,200,16,16,0.0,val,client_0,1,23,652,675,True,0.7715390770872232
Tox21,avg,0.5,1,45,200,16,16,0.0,val,client_0,2,74,567,641,True,0.8471566804900139
Tox21,avg,0.5,1,45,200,16,16,0.0,val,client_0,3,19,546,565,True,0.8679390784653942
Tox21,avg,0.5,1,45,200,16,16,0.0,val,client_0,4,82,541,623,True,0.7095487128623597
Tox21,avg,0.5,1,45,200,16,16,0.0,val,client_0,5,30,657,687,True,0.8148655504819888
Tox21,avg,0.5,1,45,200,16,16,0.0,val,client_0,6,21,612,633,True,0.656318082788671
Tox21,avg,0.5,1,45,200,16,16,0.0,val,client_0,7,96,492,588,True,0.7478616192411924
Tox21,avg,0.5,1,45,200,16,16,0.0,val,client_0,8,30,677,707,True,0.7870507139340227
Tox21,avg,0.5,1,45,200,16,16,0.0,val,client_0,9,45,603,648,True,0.6496038326884098
Tox21,avg,0.5,1,45,200,16,16,0.0,val,client_0,10,92,495,587,True,0.8866051822573562
Tox21,avg,0.5,1,45,200,16,16,0.0,val,client_0,11,42,636,678,True,0.7942872117400419
Tox21,avg,0.5,1,45,200,16,16,0.0,val,client_1,0,31,696,727,True,0.8201242120875046
Tox21,avg,0.5,1,45,200,16,16,0.0,val,client_1,1,23,652,675,True,0.7916777807415311
Tox21,avg,0.5,1,45,200,16,16,0.0,val,client_1,2,74,567,641,True,0.8296153296153297
Tox21,avg,0.5,1,45,200,16,16,0.0,val,client_1,3,19,546,565,True,0.7801233853865432
Tox21,avg,0.5,1,45,200,16,16,0.0,val,client_1,4,82,541,623,True,0.6877507776926197
Tox21,avg,0.5,1,45,200,16,16,0.0,val,client_1,5,30,657,687,True,0.7440892947742263
Tox21,avg,0.5,1,45,200,16,16,0.0,val,client_1,6,21,612,633,True,0.6847961406784936
Tox21,avg,0.5,1,45,200,16,16,0.0,val,client_1,7,96,492,588,True,0.7236830962059619
Tox21,avg,0.5,1,45,200,16,16,0.0,val,client_1,8,30,677,707,True,0.7855243722304284
Tox21,avg,0.5,1,45,200,16,16,0.0,val,client_1,9,45,603,648,True,0.6462502303298323
Tox21,avg,0.5,1,45,200,16,16,0.0,val,client_1,10,92,495,587,True,0.8801493192797539
Tox21,avg,0.5,1,45,200,16,16,0.0,val,client_1,11,42,636,678,True,0.7821578316861335
Tox21,avg,0.5,1,45,200,16,16,0.0,val,client_2,0,31,696,727,True,0.8234612532443456
Tox21,avg,0.5,1,45,200,16,16,0.0,val,client_2,1,23,652,675,True,0.8339557215257402
Tox21,avg,0.5,1,45,200,16,16,0.0,val,client_2,2,74,567,641,True,0.814576481243148
Tox21,avg,0.5,1,45,200,16,16,0.0,val,client_2,3,19,546,565,True,0.7872566030460766
Tox21,avg,0.5,1,45,200,16,16,0.0,val,client_2,4,82,541,623,True,0.7002389432397097
Tox21,avg,0.5,1,45,200,16,16,0.0,val,client_2,5,30,657,687,True,0.8096905124302385
Tox21,avg,0.5,1,45,200,16,16,0.0,val,client_2,6,21,612,633,True,0.7078275754746343
Tox21,avg,0.5,1,45,200,16,16,0.0,val,client_2,7,96,492,588,True,0.7239795054200542
Tox21,avg,0.5,1,45,200,16,16,0.0,val,client_2,8,30,677,707,True,0.7796651895617923
Tox21,avg,0.5,1,45,200,16,16,0.0,val,client_2,9,45,603,648,True,0.6069651741293532
Tox21,avg,0.5,1,45,200,16,16,0.0,val,client_2,10,92,495,587,True,0.8686649099692578
Tox21,avg,0.5,1,45,200,16,16,0.0,val,client_2,11,42,636,678,True,0.7930518119197364
Tox21,avg,0.5,1,45,200,16,16,0.0,val,client_3,0,31,696,727,True,0.7814701520207639
Tox21,avg,0.5,1,45,200,16,16,0.0,val,client_3,1,23,652,675,True,0.7954787943451587
Tox21,avg,0.5,1,45,200,16,16,0.0,val,client_3,2,74,567,641,True,0.8391963391963392
Tox21,avg,0.5,1,45,200,16,16,0.0,val,client_3,3,19,546,565,True,0.8502024291497976
Tox21,avg,0.5,1,45,200,16,16,0.0,val,client_3,4,82,541,623,True,0.6884495739596953
Tox21,avg,0.5,1,45,200,16,16,0.0,val,client_3,5,30,657,687,True,0.7818366311516999
Tox21,avg,0.5,1,45,200,16,16,0.0,val,client_3,6,21,612,633,True,0.6822284469343293
Tox21,avg,0.5,1,45,200,16,16,0.0,val,client_3,7,96,492,588,True,0.7287643970189703
Tox21,avg,0.5,1,45,200,16,16,0.0,val,client_3,8,30,677,707,True,0.801230920728705
Tox21,avg,0.5,1,45,200,16,16,0.0,val,client_3,9,45,603,648,True,0.6508936797494012
Tox21,avg,0.5,1,45,200,16,16,0.0,val,client_3,10,92,495,587,True,0.8861001317523056
Tox21,avg,0.5,1,45,200,16,16,0.0,val,client_3,11,42,636,678,True,0.800801138065289
Tox21,avg,0.5,1,45,200,16,16,0.0,test,server,0,32,693,725,True,0.8094787157287158
Tox21,avg,0.5,1,45,200,16,16,0.0,test,server,1,33,646,679,True,0.9033211370672671
Tox21,avg,0.5,1,45,200,16,16,0.0,test,server,2,77,572,649,True,0.8429979111797294
Tox21,avg,0.5,1,45,200,16,16,0.0,test,server,3,38,538,576,True,0.7711308941498728
Tox21,avg,0.5,1,45,200,16,16,0.0,test,server,4,80,531,611,True,0.7050141242937852
Tox21,avg,0.5,1,45,200,16,16,0.0,test,server,5,34,647,681,True,0.7951631966542413
Tox21,avg,0.5,1,45,200,16,16,0.0,test,server,6,21,617,638,True,0.7219263718453346
Tox21,avg,0.5,1,45,200,16,16,0.0,test,server,7,95,494,589,True,0.785893884508843
Tox21,avg,0.5,1,45,200,16,16,0.0,test,server,8,32,670,702,True,0.8157649253731343
Tox21,avg,0.5,1,45,200,16,16,0.0,test,server,9,36,621,657,True,0.7088477366255144
Tox21,avg,0.5,1,45,200,16,16,0.0,test,server,10,93,485,578,True,0.8510364704578206
Tox21,avg,0.5,1,45,200,16,16,0.0,test,server,11,48,624,672,True,0.7931690705128205
Tox21,avg,0.5,1,45,200,16,16,0.0,test,client_0,0,32,693,725,True,0.801271645021645
Tox21,avg,0.5,1,45,200,16,16,0.0,test,client_0,1,33,646,679,True,0.8896707008162117
Tox21,avg,0.5,1,45,200,16,16,0.0,test,client_0,2,77,572,649,True,0.8504223049677595
Tox21,avg,0.5,1,45,200,16,16,0.0,test,client_0,3,38,538,576,True,0.7876149481510467
Tox21,avg,0.5,1,45,200,16,16,0.0,test,client_0,4,80,531,611,True,0.6744350282485875
Tox21,avg,0.5,1,45,200,16,16,0.0,test,client_0,5,34,647,681,True,0.7627511591962906
Tox21,avg,0.5,1,45,200,16,16,0.0,test,client_0,6,21,617,638,True,0.6999305394767307
Tox21,avg,0.5,1,45,200,16,16,0.0,test,client_0,7,95,494,589,True,0.7859791178350737
Tox21,avg,0.5,1,45,200,16,16,0.0,test,client_0,8,32,670,702,True,0.8069496268656716
Tox21,avg,0.5,1,45,200,16,16,0.0,test,client_0,9,36,621,657,True,0.7214170692431562
Tox21,avg,0.5,1,45,200,16,16,0.0,test,client_0,10,93,485,578,True,0.8498392639396963
Tox21,avg,0.5,1,45,200,16,16,0.0,test,client_0,11,48,624,672,True,0.7699986645299146
Tox21,avg,0.5,1,45,200,16,16,0.0,test,client_1,0,32,693,725,True,0.7950036075036074
Tox21,avg,0.5,1,45,200,16,16,0.0,test,client_1,1,33,646,679,True,0.8937986677924759
Tox21,avg,0.5,1,45,200,16,16,0.0,test,client_1,2,77,572,649,True,0.8313731722822632
Tox21,avg,0.5,1,45,200,16,16,0.0,test,client_1,3,38,538,576,True,0.7620328702797887
Tox21,avg,0.5,1,45,200,16,16,0.0,test,client_1,4,80,531,611,True,0.6781544256120527
Tox21,avg,0.5,1,45,200,16,16,0.0,test,client_1,5,34,647,681,True,0.7784798618056187
Tox21,avg,0.5,1,45,200,16,16,0.0,test,client_1,6,21,617,638,True,0.7016284633788685
Tox21,avg,0.5,1,45,200,16,16,0.0,test,client_1,7,95,494,589,True,0.7741316854890261
Tox21,avg,0.5,1,45,200,16,16,0.0,test,client_1,8,32,670,702,True,0.7839085820895522
Tox21,avg,0.5,1,45,200,16,16,0.0,test,client_1,9,36,621,657,True,0.7188226874217213
Tox21,avg,0.5,1,45,200,16,16,0.0,test,client_1,10,93,485,578,True,0.84289990023279
Tox21,avg,0.5,1,45,200,16,16,0.0,test,client_1,11,48,624,672,True,0.7851228632478633
Tox21,avg,0.5,1,45,200,16,16,0.0,test,client_2,0,32,693,725,True,0.7909902597402597
Tox21,avg,0.5,1,45,200,16,16,0.0,test,client_2,1,33,646,679,True,0.9081527347781218
Tox21,avg,0.5,1,45,200,16,16,0.0,test,client_2,2,77,572,649,True,0.8301471256016711
Tox21,avg,0.5,1,45,200,16,16,0.0,test,client_2,3,38,538,576,True,0.7231461553512033
Tox21,avg,0.5,1,45,200,16,16,0.0,test,client_2,4,80,531,611,True,0.7094868173258004
Tox21,avg,0.5,1,45,200,16,16,0.0,test,client_2,5,34,647,681,True,0.7862078370760978
Tox21,avg,0.5,1,45,200,16,16,0.0,test,client_2,6,21,617,638,True,0.7280234622211932
Tox21,avg,0.5,1,45,200,16,16,0.0,test,client_2,7,95,494,589,True,0.7766886852759429
Tox21,avg,0.5,1,45,200,16,16,0.0,test,client_2,8,32,670,702,True,0.7994402985074627
Tox21,avg,0.5,1,45,200,16,16,0.0,test,client_2,9,36,621,657,True,0.644122383252818
Tox21,avg,0.5,1,45,200,16,16,0.0,test,client_2,10,93,485,578,True,0.8176698813878727
Tox21,avg,0.5,1,45,200,16,16,0.0,test,client_2,11,48,624,672,True,0.7688301282051281
Tox21,avg,0.5,1,45,200,16,16,0.0,test,client_3,0,32,693,725,True,0.8044282106782107
Tox21,avg,0.5,1,45,200,16,16,0.0,test,client_3,1,33,646,679,True,0.8900928792569659
Tox21,avg,0.5,1,45,200,16,16,0.0,test,client_3,2,77,572,649,True,0.8250840069021887
Tox21,avg,0.5,1,45,200,16,16,0.0,test,client_3,3,38,538,576,True,0.770788495402074
Tox21,avg,0.5,1,45,200,16,16,0.0,test,client_3,4,80,531,611,True,0.6961864406779661
Tox21,avg,0.5,1,45,200,16,16,0.0,test,client_3,5,34,647,681,True,0.764342212928448
Tox21,avg,0.5,1,45,200,16,16,0.0,test,client_3,6,21,617,638,True,0.7271745002701242
Tox21,avg,0.5,1,45,200,16,16,0.0,test,client_3,7,95,494,589,True,0.7691668442360963
Tox21,avg,0.5,1,45,200,16,16,0.0,test,client_3,8,32,670,702,True,0.786660447761194
Tox21,avg,0.5,1,45,200,16,16,0.0,test,client_3,9,36,621,657,True,0.6897924494542852
Tox21,avg,0.5,1,45,200,16,16,0.0,test,client_3,10,93,485,578,True,0.8367808446957101
Tox21,avg,0.5,1,45,200,16,16,0.0,test,client_3,11,48,624,672,True,0.7877938034188033
Tox21,avg,0.5,1,46,200,16,16,0.0,val,server,0,31,696,727,True,0.8193362995921395
Tox21,avg,0.5,1,46,200,16,16,0.0,val,server,1,23,652,675,True,0.8016804481194986
Tox21,avg,0.5,1,46,200,16,16,0.0,val,server,2,74,567,641,True,0.852447685781019
Tox21,avg,0.5,1,46,200,16,16,0.0,val,server,3,19,546,565,True,0.8533834586466166
Tox21,avg,0.5,1,46,200,16,16,0.0,val,server,4,82,541,623,True,0.709390920156891
Tox21,avg,0.5,1,46,200,16,16,0.0,val,server,5,30,657,687,True,0.8092338914256724
Tox21,avg,0.5,1,46,200,16,16,0.0,val,server,6,21,612,633,True,0.6981014628073451
Tox21,avg,0.5,1,46,200,16,16,0.0,val,server,7,96,492,588,True,0.7506775067750678
Tox21,avg,0.5,1,46,200,16,16,0.0,val,server,8,30,677,707,True,0.811422944362383
Tox21,avg,0.5,1,46,200,16,16,0.0,val,server,9,45,603,648,True,0.6610281923714759
Tox21,avg,0.5,1,46,200,16,16,0.0,val,server,10,92,495,587,True,0.8957619675010979
Tox21,avg,0.5,1,46,200,16,16,0.0,val,server,11,42,636,678,True,0.8109463911350703
Tox21,avg,0.5,1,46,200,16,16,0.0,val,client_0,0,31,696,727,True,0.8200778642936596
Tox21,avg,0.5,1,46,200,16,16,0.0,val,client_0,1,23,652,675,True,0.7948119498532942
Tox21,avg,0.5,1,46,200,16,16,0.0,val,client_0,2,74,567,641,True,0.841055341055341
Tox21,avg,0.5,1,46,200,16,16,0.0,val,client_0,3,19,546,565,True,0.8689994216310005
Tox21,avg,0.5,1,46,200,16,16,0.0,val,client_0,4,82,541,623,True,0.6984355980343537
Tox21,avg,0.5,1,46,200,16,16,0.0,val,client_0,5,30,657,687,True,0.7793505834601726
Tox21,avg,0.5,1,46,200,16,16,0.0,val,client_0,6,21,612,633,True,0.6588079676314971
Tox21,avg,0.5,1,46,200,16,16,0.0,val,client_0,7,96,492,588,True,0.7553565379403794
Tox21,avg,0.5,1,46,200,16,16,0.0,val,client_0,8,30,677,707,True,0.7868045297882816
Tox21,avg,0.5,1,46,200,16,16,0.0,val,client_0,9,45,603,648,True,0.66552423069836
Tox21,avg,0.5,1,46,200,16,16,0.0,val,client_0,10,92,495,587,True,0.8870443566095738
Tox21,avg,0.5,1,46,200,16,16,0.0,val,client_0,11,42,636,678,True,0.8051063192572626
Tox21,avg,0.5,1,46,200,16,16,0.0,val,client_1,0,31,696,727,True,0.8019558769002595
Tox21,avg,0.5,1,46,200,16,16,0.0,val,client_1,1,23,652,675,True,0.7669378500933581
Tox21,avg,0.5,1,46,200,16,16,0.0,val,client_1,2,74,567,641,True,0.8389580056246724
Tox21,avg,0.5,1,46,200,16,16,0.0,val,client_1,3,19,546,565,True,0.7502409870830923
Tox21,avg,0.5,1,46,200,16,16,0.0,val,client_1,4,82,541,623,True,0.7027410847121409
Tox21,avg,0.5,1,46,200,16,16,0.0,val,client_1,5,30,657,687,True,0.7938102486047692
Tox21,avg,0.5,1,46,200,16,16,0.0,val,client_1,6,21,612,633,True,0.6788048552754435
Tox21,avg,0.5,1,46,200,16,16,0.0,val,client_1,7,96,492,588,True,0.7268165650406504
Tox21,avg,0.5,1,46,200,16,16,0.0,val,client_1,8,30,677,707,True,0.7927621861152141
Tox21,avg,0.5,1,46,200,16,16,0.0,val,client_1,9,45,603,648,True,0.6390639395614519
Tox21,avg,0.5,1,46,200,16,16,0.0,val,client_1,10,92,495,587,True,0.8892841458058849
Tox21,avg,0.5,1,46,200,16,16,0.0,val,client_1,11,42,636,678,True,0.7772162324049117
Tox21,avg,0.5,1,46,200,16,16,0.0,val,client_2,0,31,696,727,True,0.8241101223581757
Tox21,avg,0.5,1,46,200,16,16,0.0,val,client_2,1,23,652,675,True,0.829621232328621
Tox21,avg,0.5,1,46,200,16,16,0.0,val,client_2,2,74,567,641,True,0.834525001191668
Tox21,avg,0.5,1,46,200,16,16,0.0,val,client_2,3,19,546,565,True,0.8142471563524195
Tox21,avg,0.5,1,46,200,16,16,0.0,val,client_2,4,82,541,623,True,0.7029890446778774
Tox21,avg,0.5,1,46,200,16,16,0.0,val,client_2,5,30,657,687,True,0.8221714865550482
Tox21,avg,0.5,1,46,200,16,16,0.0,val,client_2,6,21,612,633,True,0.7216775599128541
Tox21,avg,0.5,1,46,200,16,16,0.0,val,client_2,7,96,492,588,True,0.7348831300813008
Tox21,avg,0.5,1,46,200,16,16,0.0,val,client_2,8,30,677,707,True,0.8055145248645987
Tox21,avg,0.5,1,46,200,16,16,0.0,val,client_2,9,45,603,648,True,0.6350101345126221
Tox21,avg,0.5,1,46,200,16,16,0.0,val,client_2,10,92,495,587,True,0.8746376811594203
Tox21,avg,0.5,1,46,200,16,16,0.0,val,client_2,11,42,636,678,True,0.8135669362084456
Tox21,avg,0.5,1,46,200,16,16,0.0,val,client_3,0,31,696,727,True,0.7940304041527624
Tox21,avg,0.5,1,46,200,16,16,0.0,val,client_3,1,23,652,675,True,0.7884769271805815
Tox21,avg,0.5,1,46,200,16,16,0.0,val,client_3,2,74,567,641,True,0.8472281805615139
Tox21,avg,0.5,1,46,200,16,16,0.0,val,client_3,3,19,546,565,True,0.8490456911509543
Tox21,avg,0.5,1,46,200,16,16,0.0,val,client_3,4,82,541,623,True,0.680176727830125
Tox21,avg,0.5,1,46,200,16,16,0.0,val,client_3,5,30,657,687,True,0.7855910705225776
Tox21,avg,0.5,1,46,200,16,16,0.0,val,client_3,6,21,612,633,True,0.6840180516651105
Tox21,avg,0.5,1,46,200,16,16,0.0,val,client_3,7,96,492,588,True,0.7309662940379404
Tox21,avg,0.5,1,46,200,16,16,0.0,val,client_3,8,30,677,707,True,0.8111275233874938
Tox21,avg,0.5,1,46,200,16,16,0.0,val,client_3,9,45,603,648,True,0.6533259627786991
Tox21,avg,0.5,1,46,200,16,16,0.0,val,client_3,10,92,495,587,True,0.8849143610013175
Tox21,avg,0.5,1,46,200,16,16,0.0,val,client_3,11,42,636,678,True,0.8036837376460019
Tox21,avg,0.5,1,46,200,16,16,0.0,test,server,0,32,693,725,True,0.805239898989899
Tox21,avg,0.5,1,46,200,16,16,0.0,test,server,1,33,646,679,True,0.9033680457829064
Tox21,avg,0.5,1,46,200,16,16,0.0,test,server,2,77,572,649,True,0.8468349831986195
Tox21,avg,0.5,1,46,200,16,16,0.0,test,server,3,38,538,576,True,0.7768049305419682
Tox21,avg,0.5,1,46,200,16,16,0.0,test,server,4,80,531,611,True,0.6998822975517891
Tox21,avg,0.5,1,46,200,16,16,0.0,test,server,5,34,647,681,True,0.7978452586598782
Tox21,avg,0.5,1,46,200,16,16,0.0,test,server,6,21,617,638,True,0.7311877749479045
Tox21,avg,0.5,1,46,200,16,16,0.0,test,server,7,95,494,589,True,0.7864265927977839
Tox21,avg,0.5,1,46,200,16,16,0.0,test,server,8,32,670,702,True,0.8223414179104478
Tox21,avg,0.5,1,46,200,16,16,0.0,test,server,9,36,621,657,True,0.716765074252997
Tox21,avg,0.5,1,46,200,16,16,0.0,test,server,10,93,485,578,True,0.852344529431327
Tox21,avg,0.5,1,46,200,16,16,0.0,test,server,11,48,624,672,True,0.7982772435897436
Tox21,avg,0.5,1,46,200,16,16,0.0,test,client_0,0,32,693,725,True,0.7767406204906205
Tox21,avg,0.5,1,46,200,16,16,0.0,test,client_0,1,33,646,679,True,0.8838540200769303
Tox21,avg,0.5,1,46,200,16,16,0.0,test,client_0,2,77,572,649,True,0.8530787394423758
Tox21,avg,0.5,1,46,200,16,16,0.0,test,client_0,3,38,538,576,True,0.7947564077479944
Tox21,avg,0.5,1,46,200,16,16,0.0,test,client_0,4,80,531,611,True,0.6783427495291903
Tox21,avg,0.5,1,46,200,16,16,0.0,test,client_0,5,34,647,681,True,0.7664333121192836
Tox21,avg,0.5,1,46,200,16,16,0.0,test,client_0,6,21,617,638,True,0.6770085667978698
Tox21,avg,0.5,1,46,200,16,16,0.0,test,client_0,7,95,494,589,True,0.7906243341146388
Tox21,avg,0.5,1,46,200,16,16,0.0,test,client_0,8,32,670,702,True,0.816884328358209
Tox21,avg,0.5,1,46,200,16,16,0.0,test,client_0,9,36,621,657,True,0.7242351046698873
Tox21,avg,0.5,1,46,200,16,16,0.0,test,client_0,10,93,485,578,True,0.8389978938033478
Tox21,avg,0.5,1,46,200,16,16,0.0,test,client_0,11,48,624,672,True,0.7869591346153847
Tox21,avg,0.5,1,46,200,16,16,0.0,test,client_1,0,32,693,725,True,0.7928841991341992
Tox21,avg,0.5,1,46,200,16,16,0.0,test,client_1,1,33,646,679,True,0.8944084810957876
Tox21,avg,0.5,1,46,200,16,16,0.0,test,client_1,2,77,572,649,True,0.8452683679956406
Tox21,avg,0.5,1,46,200,16,16,0.0,test,client_1,3,38,538,576,True,0.7646742320485228
Tox21,avg,0.5,1,46,200,16,16,0.0,test,client_1,4,80,531,611,True,0.6959981167608287
Tox21,avg,0.5,1,46,200,16,16,0.0,test,client_1,5,34,647,681,True,0.79125375034094
Tox21,avg,0.5,1,46,200,16,16,0.0,test,client_1,6,21,617,638,True,0.6990815775256618
Tox21,avg,0.5,1,46,200,16,16,0.0,test,client_1,7,95,494,589,True,0.7505859791178352
Tox21,avg,0.5,1,46,200,16,16,0.0,test,client_1,8,32,670,702,True,0.7809235074626866
Tox21,avg,0.5,1,46,200,16,16,0.0,test,client_1,9,36,621,657,True,0.696770441939524
Tox21,avg,0.5,1,46,200,16,16,0.0,test,client_1,10,93,485,578,True,0.8332113956324133
Tox21,avg,0.5,1,46,200,16,16,0.0,test,client_1,11,48,624,672,True,0.7906650641025641
Tox21,avg,0.5,1,46,200,16,16,0.0,test,client_2,0,32,693,725,True,0.788059163059163
Tox21,avg,0.5,1,46,200,16,16,0.0,test,client_2,1,33,646,679,True,0.8911717797166713
Tox21,avg,0.5,1,46,200,16,16,0.0,test,client_2,2,77,572,649,True,0.8310098991917174
Tox21,avg,0.5,1,46,200,16,16,0.0,test,client_2,3,38,538,576,True,0.7305810995891215
Tox21,avg,0.5,1,46,200,16,16,0.0,test,client_2,4,80,531,611,True,0.7014359698681731
Tox21,avg,0.5,1,46,200,16,16,0.0,test,client_2,5,34,647,681,True,0.7898445313210292
Tox21,avg,0.5,1,46,200,16,16,0.0,test,client_2,6,21,617,638,True,0.7424558153893648
Tox21,avg,0.5,1,46,200,16,16,0.0,test,client_2,7,95,494,589,True,0.7744086937992755
Tox21,avg,0.5,1,46,200,16,16,0.0,test,client_2,8,32,670,702,True,0.8180503731343284
Tox21,avg,0.5,1,46,200,16,16,0.0,test,client_2,9,36,621,657,True,0.6907317945965289
Tox21,avg,0.5,1,46,200,16,16,0.0,test,client_2,10,93,485,578,True,0.8357388316151203
Tox21,avg,0.5,1,46,200,16,16,0.0,test,client_2,11,48,624,672,True,0.7746394230769231
Tox21,avg,0.5,1,46,200,16,16,0.0,test,client_3,0,32,693,725,True,0.8174152236652237
Tox21,avg,0.5,1,46,200,16,16,0.0,test,client_3,1,33,646,679,True,0.890092879256966
Tox21,avg,0.5,1,46,200,16,16,0.0,test,client_3,2,77,572,649,True,0.8342339478703116
Tox21,avg,0.5,1,46,200,16,16,0.0,test,client_3,3,38,538,576,True,0.7683917041674818
Tox21,avg,0.5,1,46,200,16,16,0.0,test,client_3,4,80,531,611,True,0.6825094161958569
Tox21,avg,0.5,1,46,200,16,16,0.0,test,client_3,5,34,647,681,True,0.7596145104100371
Tox21,avg,0.5,1,46,200,16,16,0.0,test,client_3,6,21,617,638,True,0.7332715906459828
Tox21,avg,0.5,1,46,200,16,16,0.0,test,client_3,7,95,494,589,True,0.7663115278073727
Tox21,avg,0.5,1,46,200,16,16,0.0,test,client_3,8,32,670,702,True,0.7941697761194031
Tox21,avg,0.5,1,46,200,16,16,0.0,test,client_3,9,36,621,657,True,0.7043299337985328
Tox21,avg,0.5,1,46,200,16,16,0.0,test,client_3,10,93,485,578,True,0.8363152643831061
Tox21,avg,0.5,1,46,200,16,16,0.0,test,client_3,11,48,624,672,True,0.7939703525641026
Tox21,avg,0.5,1,47,200,16,16,0.0,val,server,0,31,696,727,True,0.8067760474601409
Tox21,avg,0.5,1,47,200,16,16,0.0,val,server,1,23,652,675,True,0.8031475060016003
Tox21,avg,0.5,1,47,200,16,16,0.0,val,server,2,74,567,641,True,0.8567376900710233
Tox21,avg,0.5,1,47,200,16,16,0.0,val,server,3,19,546,565,True,0.8559861191440139
Tox21,avg,0.5,1,47,200,16,16,0.0,val,server,4,82,541,623,True,0.7089400838555521
Tox21,avg,0.5,1,47,200,16,16,0.0,val,server,5,30,657,687,True,0.8059868087265347
Tox21,avg,0.5,1,47,200,16,16,0.0,val,server,6,21,612,633,True,0.7005135387488329
Tox21,avg,0.5,1,47,200,16,16,0.0,val,server,7,96,492,588,True,0.7489413956639567
Tox21,avg,0.5,1,47,200,16,16,0.0,val,server,8,30,677,707,True,0.8068439192516002
Tox21,avg,0.5,1,47,200,16,16,0.0,val,server,9,45,603,648,True,0.6575640316933848
Tox21,avg,0.5,1,47,200,16,16,0.0,val,server,10,92,495,587,True,0.898967940272288
Tox21,avg,0.5,1,47,200,16,16,0.0,val,server,11,42,636,678,True,0.8076894279724469
Tox21,avg,0.5,1,47,200,16,16,0.0,val,client_0,0,31,696,727,True,0.7974601408972932
Tox21,avg,0.5,1,47,200,16,16,0.0,val,client_0,1,23,652,675,True,0.7942784742598027
Tox21,avg,0.5,1,47,200,16,16,0.0,val,client_0,2,74,567,641,True,0.8503265169931836
Tox21,avg,0.5,1,47,200,16,16,0.0,val,client_0,3,19,546,565,True,0.86524002313476
Tox21,avg,0.5,1,47,200,16,16,0.0,val,client_0,4,82,541,623,True,0.7092331274514224
Tox21,avg,0.5,1,47,200,16,16,0.0,val,client_0,5,30,657,687,True,0.7994419076610857
Tox21,avg,0.5,1,47,200,16,16,0.0,val,client_0,6,21,612,633,True,0.6706349206349206
Tox21,avg,0.5,1,47,200,16,16,0.0,val,client_0,7,96,492,588,True,0.7597391598915988
Tox21,avg,0.5,1,47,200,16,16,0.0,val,client_0,8,30,677,707,True,0.7897587395371738
Tox21,avg,0.5,1,47,200,16,16,0.0,val,client_0,9,45,603,648,True,0.6486456605859592
Tox21,avg,0.5,1,47,200,16,16,0.0,val,client_0,10,92,495,587,True,0.8872859025032938
Tox21,avg,0.5,1,47,200,16,16,0.0,val,client_0,11,42,636,678,True,0.7981805929919137
Tox21,avg,0.5,1,47,200,16,16,0.0,val,client_1,0,31,696,727,True,0.7981090100111234
Tox21,avg,0.5,1,47,200,16,16,0.0,val,client_1,1,23,652,675,True,0.7678047479327821
Tox21,avg,0.5,1,47,200,16,16,0.0,val,client_1,2,74,567,641,True,0.8309976643309976
Tox21,avg,0.5,1,47,200,16,16,0.0,val,client_1,3,19,546,565,True,0.7680740312319259
Tox21,avg,0.5,1,47,200,16,16,0.0,val,client_1,4,82,541,623,True,0.703642757314819
Tox21,avg,0.5,1,47,200,16,16,0.0,val,client_1,5,30,657,687,True,0.780568239472349
Tox21,avg,0.5,1,47,200,16,16,0.0,val,client_1,6,21,612,633,True,0.6780267662620604
Tox21,avg,0.5,1,47,200,16,16,0.0,val,client_1,7,96,492,588,True,0.7226880081300813
Tox21,avg,0.5,1,47,200,16,16,0.0,val,client_1,8,30,677,707,True,0.7759231905465288
Tox21,avg,0.5,1,47,200,16,16,0.0,val,client_1,9,45,603,648,True,0.6384005896443707
Tox21,avg,0.5,1,47,200,16,16,0.0,val,client_1,10,92,495,587,True,0.8860342555994729
Tox21,avg,0.5,1,47,200,16,16,0.0,val,client_1,11,42,636,678,True,0.7724618149146452
Tox21,avg,0.5,1,47,200,16,16,0.0,val,client_2,0,31,696,727,True,0.8193362995921394
Tox21,avg,0.5,1,47,200,16,16,0.0,val,client_2,1,23,652,675,True,0.8307548679647906
Tox21,avg,0.5,1,47,200,16,16,0.0,val,client_2,2,74,567,641,True,0.8337623337623338
Tox21,avg,0.5,1,47,200,16,16,0.0,val,client_2,3,19,546,565,True,0.8324657798342009
Tox21,avg,0.5,1,47,200,16,16,0.0,val,client_2,4,82,541,623,True,0.6948063658085749
Tox21,avg,0.5,1,47,200,16,16,0.0,val,client_2,5,30,657,687,True,0.8085235920852359
Tox21,avg,0.5,1,47,200,16,16,0.0,val,client_2,6,21,612,633,True,0.7339713663243075
Tox21,avg,0.5,1,47,200,16,16,0.0,val,client_2,7,96,492,588,True,0.7369791666666667
Tox21,avg,0.5,1,47,200,16,16,0.0,val,client_2,8,30,677,707,True,0.8066469719350075
Tox21,avg,0.5,1,47,200,16,16,0.0,val,client_2,9,45,603,648,True,0.6393956145199926
Tox21,avg,0.5,1,47,200,16,16,0.0,val,client_2,10,92,495,587,True,0.8897452788757136
Tox21,avg,0.5,1,47,200,16,16,0.0,val,client_2,11,42,636,678,True,0.8174228811021265
Tox21,avg,0.5,1,47,200,16,16,0.0,val,client_3,0,31,696,727,True,0.7808676307007786
Tox21,avg,0.5,1,47,200,16,16,0.0,val,client_3,1,23,652,675,True,0.7972125900240064
Tox21,avg,0.5,1,47,200,16,16,0.0,val,client_3,2,74,567,641,True,0.8567615234281901
Tox21,avg,0.5,1,47,200,16,16,0.0,val,client_3,3,19,546,565,True,0.852515905147484
Tox21,avg,0.5,1,47,200,16,16,0.0,val,client_3,4,82,541,623,True,0.6842567963572426
Tox21,avg,0.5,1,47,200,16,16,0.0,val,client_3,5,30,657,687,True,0.7930999492643328
Tox21,avg,0.5,1,47,200,16,16,0.0,val,client_3,6,21,612,633,True,0.6983348895113601
Tox21,avg,0.5,1,47,200,16,16,0.0,val,client_3,7,96,492,588,True,0.7322577913279131
Tox21,avg,0.5,1,47,200,16,16,0.0,val,client_3,8,30,677,707,True,0.7995568685376662
Tox21,avg,0.5,1,47,200,16,16,0.0,val,client_3,9,45,603,648,True,0.6511147963884283
Tox21,avg,0.5,1,47,200,16,16,0.0,val,client_3,10,92,495,587,True,0.8879885814668423
Tox21,avg,0.5,1,47,200,16,16,0.0,val,client_3,11,42,636,678,True,0.8125935908954777
Tox21,avg,0.5,1,47,200,16,16,0.0,test,server,0,32,693,725,True,0.8069083694083695
Tox21,avg,0.5,1,47,200,16,16,0.0,test,server,1,33,646,679,True,0.9095599962473028
Tox21,avg,0.5,1,47,200,16,16,0.0,test,server,2,77,572,649,True,0.8525338298065571
Tox21,avg,0.5,1,47,200,16,16,0.0,test,server,3,38,538,576,True,0.7833594208569751
Tox21,avg,0.5,1,47,200,16,16,0.0,test,server,4,80,531,611,True,0.6979048964218455
Tox21,avg,0.5,1,47,200,16,16,0.0,test,server,5,34,647,681,True,0.8025729611782889
Tox21,avg,0.5,1,47,200,16,16,0.0,test,server,6,21,617,638,True,0.7340433742378637
Tox21,avg,0.5,1,47,200,16,16,0.0,test,server,7,95,494,589,True,0.7841252929895589
Tox21,avg,0.5,1,47,200,16,16,0.0,test,server,8,32,670,702,True,0.8166044776119403
Tox21,avg,0.5,1,47,200,16,16,0.0,test,server,9,36,621,657,True,0.7180175344426551
Tox21,avg,0.5,1,47,200,16,16,0.0,test,server,10,93,485,578,True,0.8530983261279237
Tox21,avg,0.5,1,47,200,16,16,0.0,test,server,11,48,624,672,True,0.808326655982906
Tox21,avg,0.5,1,47,200,16,16,0.0,test,client_0,0,32,693,725,True,0.7990169552669553
Tox21,avg,0.5,1,47,200,16,16,0.0,test,client_0,1,33,646,679,True,0.9004597054132658
Tox21,avg,0.5,1,47,200,16,16,0.0,test,client_0,2,77,572,649,True,0.861524838797566
Tox21,avg,0.5,1,47,200,16,16,0.0,test,client_0,3,38,538,576,True,0.7919193895519467
Tox21,avg,0.5,1,47,200,16,16,0.0,test,client_0,4,80,531,611,True,0.6746468926553673
Tox21,avg,0.5,1,47,200,16,16,0.0,test,client_0,5,34,647,681,True,0.7822074734066733
Tox21,avg,0.5,1,47,200,16,16,0.0,test,client_0,6,21,617,638,True,0.6861156131820637
Tox21,avg,0.5,1,47,200,16,16,0.0,test,client_0,7,95,494,589,True,0.7893245258896229
Tox21,avg,0.5,1,47,200,16,16,0.0,test,client_0,8,32,670,702,True,0.7997201492537314
Tox21,avg,0.5,1,47,200,16,16,0.0,test,client_0,9,36,621,657,True,0.7081320450885669
Tox21,avg,0.5,1,47,200,16,16,0.0,test,client_0,10,93,485,578,True,0.833433100543177
Tox21,avg,0.5,1,47,200,16,16,0.0,test,client_0,11,48,624,672,True,0.7926014957264957
Tox21,avg,0.5,1,47,200,16,16,0.0,test,client_1,0,32,693,725,True,0.7930194805194806
Tox21,avg,0.5,1,47,200,16,16,0.0,test,client_1,1,33,646,679,True,0.8933295806360821
Tox21,avg,0.5,1,47,200,16,16,0.0,test,client_1,2,77,572,649,True,0.8444510035419127
Tox21,avg,0.5,1,47,200,16,16,0.0,test,client_1,3,38,538,576,True,0.7599784777929955
Tox21,avg,0.5,1,47,200,16,16,0.0,test,client_1,4,80,531,611,True,0.6881826741996233
Tox21,avg,0.5,1,47,200,16,16,0.0,test,client_1,5,34,647,681,True,0.788844440403673
Tox21,avg,0.5,1,47,200,16,16,0.0,test,client_1,6,21,617,638,True,0.6905147796557844
Tox21,avg,0.5,1,47,200,16,16,0.0,test,client_1,7,95,494,589,True,0.7468357127636907
Tox21,avg,0.5,1,47,200,16,16,0.0,test,client_1,8,32,670,702,True,0.7594682835820895
Tox21,avg,0.5,1,47,200,16,16,0.0,test,client_1,9,36,621,657,True,0.713991769547325
Tox21,avg,0.5,1,47,200,16,16,0.0,test,client_1,10,93,485,578,True,0.8254738942467575
Tox21,avg,0.5,1,47,200,16,16,0.0,test,client_1,11,48,624,672,True,0.7974759615384615
Tox21,avg,0.5,1,47,200,16,16,0.0,test,client_2,0,32,693,725,True,0.7850378787878788
Tox21,avg,0.5,1,47,200,16,16,0.0,test,client_2,1,33,646,679,True,0.8988648090815273
Tox21,avg,0.5,1,47,200,16,16,0.0,test,client_2,2,77,572,649,True,0.8370266097538824
Tox21,avg,0.5,1,47,200,16,16,0.0,test,client_2,3,38,538,576,True,0.7590001956564273
Tox21,avg,0.5,1,47,200,16,16,0.0,test,client_2,4,80,531,611,True,0.7027542372881356
Tox21,avg,0.5,1,47,200,16,16,0.0,test,client_2,5,34,647,681,True,0.7993453950359124
Tox21,avg,0.5,1,47,200,16,16,0.0,test,client_2,6,21,617,638,True,0.7484757274060353
Tox21,avg,0.5,1,47,200,16,16,0.0,test,client_2,7,95,494,589,True,0.7751331770722353
Tox21,avg,0.5,1,47,200,16,16,0.0,test,client_2,8,32,670,702,True,0.8204757462686567
Tox21,avg,0.5,1,47,200,16,16,0.0,test,client_2,9,36,621,657,True,0.6988280551082483
Tox21,avg,0.5,1,47,200,16,16,0.0,test,client_2,10,93,485,578,True,0.8387983593836603
Tox21,avg,0.5,1,47,200,16,16,0.0,test,client_2,11,48,624,672,True,0.7994457799145299
Tox21,avg,0.5,1,47,200,16,16,0.0,test,client_3,0,32,693,725,True,0.8069534632034632
Tox21,avg,0.5,1,47,200,16,16,0.0,test,client_3,1,33,646,679,True,0.8988648090815273
Tox21,avg,0.5,1,47,200,16,16,0.0,test,client_3,2,77,572,649,True,0.8368449732086095
Tox21,avg,0.5,1,47,200,16,16,0.0,test,client_3,3,38,538,576,True,0.7755331637644297
Tox21,avg,0.5,1,47,200,16,16,0.0,test,client_3,4,80,531,611,True,0.688394538606403
Tox21,avg,0.5,1,47,200,16,16,0.0,test,client_3,5,34,647,681,True,0.7773888535321393
Tox21,avg,0.5,1,47,200,16,16,0.0,test,client_3,6,21,617,638,True,0.7414524967199198
Tox21,avg,0.5,1,47,200,16,16,0.0,test,client_3,7,95,494,589,True,0.7765821436181547
Tox21,avg,0.5,1,47,200,16,16,0.0,test,client_3,8,32,670,702,True,0.7932369402985074
Tox21,avg,0.5,1,47,200,16,16,0.0,test,client_3,9,36,621,657,True,0.7066559312936125
Tox21,avg,0.5,1,47,200,16,16,0.0,test,client_3,10,93,485,578,True,0.8338099988914756
Tox21,avg,0.5,1,47,200,16,16,0.0,test,client_3,11,48,624,672,True,0.8177751068376068
Tox21,avg,0.5,1,48,200,16,16,0.0,val,server,0,31,696,727,True,0.8074249165739711
Tox21,avg,0.5,1,48,200,16,16,0.0,val,server,1,23,652,675,True,0.8033475593491598
Tox21,avg,0.5,1,48,200,16,16,0.0,val,server,2,74,567,641,True,0.8560465227131894
Tox21,avg,0.5,1,48,200,16,16,0.0,val,server,3,19,546,565,True,0.8522267206477733
Tox21,avg,0.5,1,48,200,16,16,0.0,val,server,4,82,541,623,True,0.7089175420404851
Tox21,avg,0.5,1,48,200,16,16,0.0,val,server,5,30,657,687,True,0.8155251141552512
Tox21,avg,0.5,1,48,200,16,16,0.0,val,server,6,21,612,633,True,0.7048708372237784
Tox21,avg,0.5,1,48,200,16,16,0.0,val,server,7,96,492,588,True,0.7502328929539294
Tox21,avg,0.5,1,48,200,16,16,0.0,val,server,8,30,677,707,True,0.8102904972919744
Tox21,avg,0.5,1,48,200,16,16,0.0,val,server,9,45,603,648,True,0.654320987654321
Tox21,avg,0.5,1,48,200,16,16,0.0,val,server,10,92,495,587,True,0.89877031181379
Tox21,avg,0.5,1,48,200,16,16,0.0,val,server,11,42,636,678,True,0.8070155735250075
Tox21,avg,0.5,1,48,200,16,16,0.0,val,client_0,0,31,696,727,True,0.7923155357804968
Tox21,avg,0.5,1,48,200,16,16,0.0,val,client_0,1,23,652,675,True,0.8092157908775673
Tox21,avg,0.5,1,48,200,16,16,0.0,val,client_0,2,74,567,641,True,0.8459650126316793
Tox21,avg,0.5,1,48,200,16,16,0.0,val,client_0,3,19,546,565,True,0.8579140158087527
Tox21,avg,0.5,1,48,200,16,16,0.0,val,client_0,4,82,541,623,True,0.7053559352599071
Tox21,avg,0.5,1,48,200,16,16,0.0,val,client_0,5,30,657,687,True,0.8002029426686962
Tox21,avg,0.5,1,48,200,16,16,0.0,val,client_0,6,21,612,633,True,0.6874416433239963
Tox21,avg,0.5,1,48,200,16,16,0.0,val,client_0,7,96,492,588,True,0.7660907859078591
Tox21,avg,0.5,1,48,200,16,16,0.0,val,client_0,8,30,677,707,True,0.789561792220581
Tox21,avg,0.5,1,48,200,16,16,0.0,val,client_0,9,45,603,648,True,0.6504882992445181
Tox21,avg,0.5,1,48,200,16,16,0.0,val,client_0,10,92,495,587,True,0.8756697408871322
Tox21,avg,0.5,1,48,200,16,16,0.0,val,client_0,11,42,636,678,True,0.7923779574722971
Tox21,avg,0.5,1,48,200,16,16,0.0,val,client_1,0,31,696,727,True,0.8052929180571006
Tox21,avg,0.5,1,48,200,16,16,0.0,val,client_1,1,23,652,675,True,0.7800746865830888
Tox21,avg,0.5,1,48,200,16,16,0.0,val,client_1,2,74,567,641,True,0.8223938223938224
Tox21,avg,0.5,1,48,200,16,16,0.0,val,client_1,3,19,546,565,True,0.7431077694235588
Tox21,avg,0.5,1,48,200,16,16,0.0,val,client_1,4,82,541,623,True,0.7046796808078987
Tox21,avg,0.5,1,48,200,16,16,0.0,val,client_1,5,30,657,687,True,0.7819381024860478
Tox21,avg,0.5,1,48,200,16,16,0.0,val,client_1,6,21,612,633,True,0.6840958605664488
Tox21,avg,0.5,1,48,200,16,16,0.0,val,client_1,7,96,492,588,True,0.721777608401084
Tox21,avg,0.5,1,48,200,16,16,0.0,val,client_1,8,30,677,707,True,0.7758247168882324
Tox21,avg,0.5,1,48,200,16,16,0.0,val,client_1,9,45,603,648,True,0.6337202874516308
Tox21,avg,0.5,1,48,200,16,16,0.0,val,client_1,10,92,495,587,True,0.888032498902064
Tox21,avg,0.5,1,48,200,16,16,0.0,val,client_1,11,42,636,678,True,0.774408505540581
Tox21,avg,0.5,1,48,200,16,16,0.0,val,client_2,0,31,696,727,True,0.8102057842046718
Tox21,avg,0.5,1,48,200,16,16,0.0,val,client_2,1,23,652,675,True,0.8185516137636704
Tox21,avg,0.5,1,48,200,16,16,0.0,val,client_2,2,74,567,641,True,0.8390771724105057
Tox21,avg,0.5,1,48,200,16,16,0.0,val,client_2,3,19,546,565,True,0.8475033738191632
Tox21,avg,0.5,1,48,200,16,16,0.0,val,client_2,4,82,541,623,True,0.6971732563906045
Tox21,avg,0.5,1,48,200,16,16,0.0,val,client_2,5,30,657,687,True,0.8210553018772198
Tox21,avg,0.5,1,48,200,16,16,0.0,val,client_2,6,21,612,633,True,0.7234671646436353
Tox21,avg,0.5,1,48,200,16,16,0.0,val,client_2,7,96,492,588,True,0.7314320799457994
Tox21,avg,0.5,1,48,200,16,16,0.0,val,client_2,8,30,677,707,True,0.8037912358444116
Tox21,avg,0.5,1,48,200,16,16,0.0,val,client_2,9,45,603,648,True,0.6389533812419386
Tox21,avg,0.5,1,48,200,16,16,0.0,val,client_2,10,92,495,587,True,0.8807202459376371
Tox21,avg,0.5,1,48,200,16,16,0.0,val,client_2,11,42,636,678,True,0.8037211740041929
Tox21,avg,0.5,1,48,200,16,16,0.0,val,client_3,0,31,696,727,True,0.7868928439006304
Tox21,avg,0.5,1,48,200,16,16,0.0,val,client_3,1,23,652,675,True,0.7941451053614298
Tox21,avg,0.5,1,48,200,16,16,0.0,val,client_3,2,74,567,641,True,0.8516611849945183
Tox21,avg,0.5,1,48,200,16,16,0.0,val,client_3,3,19,546,565,True,0.8602274918064392
Tox21,avg,0.5,1,48,200,16,16,0.0,val,client_3,4,82,541,623,True,0.6845723817681799
Tox21,avg,0.5,1,48,200,16,16,0.0,val,client_3,5,30,657,687,True,0.7947234906139016
Tox21,avg,0.5,1,48,200,16,16,0.0,val,client_3,6,21,612,633,True,0.6872082166199813
Tox21,avg,0.5,1,48,200,16,16,0.0,val,client_3,7,96,492,588,True,0.732130758807588
Tox21,avg,0.5,1,48,200,16,16,0.0,val,client_3,8,30,677,707,True,0.814574101427868
Tox21,avg,0.5,1,48,200,16,16,0.0,val,client_3,9,45,603,648,True,0.6509673852957435
Tox21,avg,0.5,1,48,200,16,16,0.0,val,client_3,10,92,495,587,True,0.8920289855072463
Tox21,avg,0.5,1,48,200,16,16,0.0,val,client_3,11,42,636,678,True,0.8091868823000898
Tox21,avg,0.5,1,48,200,16,16,0.0,test,server,0,32,693,725,True,0.808531746031746
Tox21,avg,0.5,1,48,200,16,16,0.0,test,server,1,33,646,679,True,0.9082465522094004
Tox21,avg,0.5,1,48,200,16,16,0.0,test,server,2,77,572,649,True,0.8501044410135319
Tox21,avg,0.5,1,48,200,16,16,0.0,test,server,3,38,538,576,True,0.7824789669340638
Tox21,avg,0.5,1,48,200,16,16,0.0,test,server,4,80,531,611,True,0.6970103578154425
Tox21,avg,0.5,1,48,200,16,16,0.0,test,server,5,34,647,681,True,0.7986635148649878
Tox21,avg,0.5,1,48,200,16,16,0.0,test,server,6,21,617,638,True,0.7383653623523964
Tox21,avg,0.5,1,48,200,16,16,0.0,test,server,7,95,494,589,True,0.7812486682292776
Tox21,avg,0.5,1,48,200,16,16,0.0,test,server,8,32,670,702,True,0.8132929104477612
Tox21,avg,0.5,1,48,200,16,16,0.0,test,server,9,36,621,657,True,0.716988727858293
Tox21,avg,0.5,1,48,200,16,16,0.0,test,server,10,93,485,578,True,0.8482873295643498
Tox21,avg,0.5,1,48,200,16,16,0.0,test,server,11,48,624,672,True,0.8059895833333333
Tox21,avg,0.5,1,48,200,16,16,0.0,test,client_0,0,32,693,725,True,0.7787247474747475
Tox21,avg,0.5,1,48,200,16,16,0.0,test,client_0,1,33,646,679,True,0.8884041654939487
Tox21,avg,0.5,1,48,200,16,16,0.0,test,client_0,2,77,572,649,True,0.8559622195985833
Tox21,avg,0.5,1,48,200,16,16,0.0,test,client_0,3,38,538,576,True,0.7910389356290353
Tox21,avg,0.5,1,48,200,16,16,0.0,test,client_0,4,80,531,611,True,0.6755414312617704
Tox21,avg,0.5,1,48,200,16,16,0.0,test,client_0,5,34,647,681,True,0.7753886716974271
Tox21,avg,0.5,1,48,200,16,16,0.0,test,client_0,6,21,617,638,True,0.6907463147333488
Tox21,avg,0.5,1,48,200,16,16,0.0,test,client_0,7,95,494,589,True,0.7773279352226721
Tox21,avg,0.5,1,48,200,16,16,0.0,test,client_0,8,32,670,702,True,0.795195895522388
Tox21,avg,0.5,1,48,200,16,16,0.0,test,client_0,9,36,621,657,True,0.6936392914653784
Tox21,avg,0.5,1,48,200,16,16,0.0,test,client_0,10,93,485,578,True,0.809222924287773
Tox21,avg,0.5,1,48,200,16,16,0.0,test,client_0,11,48,624,672,True,0.7930689102564102
Tox21,avg,0.5,1,48,200,16,16,0.0,test,client_1,0,32,693,725,True,0.7987012987012988
Tox21,avg,0.5,1,48,200,16,16,0.0,test,client_1,1,33,646,679,True,0.8956750164180505
Tox21,avg,0.5,1,48,200,16,16,0.0,test,client_1,2,77,572,649,True,0.8442012532921623
Tox21,avg,0.5,1,48,200,16,16,0.0,test,client_1,3,38,538,576,True,0.7641850909802387
Tox21,avg,0.5,1,48,200,16,16,0.0,test,client_1,4,80,531,611,True,0.6947740112994352
Tox21,avg,0.5,1,48,200,16,16,0.0,test,client_1,5,34,647,681,True,0.7864805891444677
Tox21,avg,0.5,1,48,200,16,16,0.0,test,client_1,6,21,617,638,True,0.6902060662190321
Tox21,avg,0.5,1,48,200,16,16,0.0,test,client_1,7,95,494,589,True,0.7556573620285532
Tox21,avg,0.5,1,48,200,16,16,0.0,test,client_1,8,32,670,702,True,0.7676305970149253
Tox21,avg,0.5,1,48,200,16,16,0.0,test,client_1,9,36,621,657,True,0.7155126140633387
Tox21,avg,0.5,1,48,200,16,16,0.0,test,client_1,10,93,485,578,True,0.8399068839374793
Tox21,avg,0.5,1,48,200,16,16,0.0,test,client_1,11,48,624,672,True,0.788261217948718
Tox21,avg,0.5,1,48,200,16,16,0.0,test,client_2,0,32,693,725,True,0.7976641414141414
Tox21,avg,0.5,1,48,200,16,16,0.0,test,client_2,1,33,646,679,True,0.8959095599962473
Tox21,avg,0.5,1,48,200,16,16,0.0,test,client_2,2,77,572,649,True,0.8357551539369721
Tox21,avg,0.5,1,48,200,16,16,0.0,test,client_2,3,38,538,576,True,0.7705439248679319
Tox21,avg,0.5,1,48,200,16,16,0.0,test,client_2,4,80,531,611,True,0.6951977401129944
Tox21,avg,0.5,1,48,200,16,16,0.0,test,client_2,5,34,647,681,True,0.792662969360851
Tox21,avg,0.5,1,48,200,16,16,0.0,test,client_2,6,21,617,638,True,0.7544956394227058
Tox21,avg,0.5,1,48,200,16,16,0.0,test,client_2,7,95,494,589,True,0.7653952695503942
Tox21,avg,0.5,1,48,200,16,16,0.0,test,client_2,8,32,670,702,True,0.8075093283582089
Tox21,avg,0.5,1,48,200,16,16,0.0,test,client_2,9,36,621,657,True,0.7036142422615852
Tox21,avg,0.5,1,48,200,16,16,0.0,test,client_2,10,93,485,578,True,0.8373351069726194
Tox21,avg,0.5,1,48,200,16,16,0.0,test,client_2,11,48,624,672,True,0.7978766025641026
Tox21,avg,0.5,1,48,200,16,16,0.0,test,client_3,0,32,693,725,True,0.8092983405483406
Tox21,avg,0.5,1,48,200,16,16,0.0,test,client_3,1,33,646,679,True,0.8904212402664415
Tox21,avg,0.5,1,48,200,16,16,0.0,test,client_3,2,77,572,649,True,0.8375034056852239
Tox21,avg,0.5,1,48,200,16,16,0.0,test,client_3,3,38,538,576,True,0.7696145568381921
Tox21,avg,0.5,1,48,200,16,16,0.0,test,client_3,4,80,531,611,True,0.6854990583804143
Tox21,avg,0.5,1,48,200,16,16,0.0,test,client_3,5,34,647,681,True,0.7594781343758523
Tox21,avg,0.5,1,48,200,16,16,0.0,test,client_3,6,21,617,638,True,0.7401404646137223
Tox21,avg,0.5,1,48,200,16,16,0.0,test,client_3,7,95,494,589,True,0.7721287023226081
Tox21,avg,0.5,1,48,200,16,16,0.0,test,client_3,8,32,670,702,True,0.795615671641791
Tox21,avg,0.5,1,48,200,16,16,0.0,test,client_3,9,36,621,657,True,0.704956163893362
Tox21,avg,0.5,1,48,200,16,16,0.0,test,client_3,10,93,485,578,True,0.8388205298747368
Tox21,avg,0.5,1,48,200,16,16,0.0,test,client_3,11,48,624,672,True,0.7967080662393162
Tox21,avg,0.5,1,49,200,16,16,0.0,val,server,0,31,696,727,True,0.8113644790507972
Tox21,avg,0.5,1,49,200,16,16,0.0,val,server,1,23,652,675,True,0.802480661509736
Tox21,avg,0.5,1,49,200,16,16,0.0,val,server,2,74,567,641,True,0.8493016826350159
Tox21,avg,0.5,1,49,200,16,16,0.0,val,server,3,19,546,565,True,0.8546365914786967
Tox21,avg,0.5,1,49,200,16,16,0.0,val,server,4,82,541,623,True,0.710315134574636
Tox21,avg,0.5,1,49,200,16,16,0.0,val,server,5,30,657,687,True,0.8159817351598174
Tox21,avg,0.5,1,49,200,16,16,0.0,val,server,6,21,612,633,True,0.7075163398692811
Tox21,avg,0.5,1,49,200,16,16,0.0,val,server,7,96,492,588,True,0.7502328929539294
Tox21,avg,0.5,1,49,200,16,16,0.0,val,server,8,30,677,707,True,0.8087641555883801
Tox21,avg,0.5,1,49,200,16,16,0.0,val,server,9,45,603,648,True,0.6567901234567901
Tox21,avg,0.5,1,49,200,16,16,0.0,val,server,10,92,495,587,True,0.8982872200263504
Tox21,avg,0.5,1,49,200,16,16,0.0,val,server,11,42,636,678,True,0.8094115004492363
Tox21,avg,0.5,1,49,200,16,16,0.0,val,client_0,0,31,696,727,True,0.7969039673711531
Tox21,avg,0.5,1,49,200,16,16,0.0,val,client_0,1,23,652,675,True,0.7853427580688183
Tox21,avg,0.5,1,49,200,16,16,0.0,val,client_0,2,74,567,641,True,0.8380761714095049
Tox21,avg,0.5,1,49,200,16,16,0.0,val,client_0,3,19,546,565,True,0.8743011374590322
Tox21,avg,0.5,1,49,200,16,16,0.0,val,client_0,4,82,541,623,True,0.7223750056354538
Tox21,avg,0.5,1,49,200,16,16,0.0,val,client_0,5,30,657,687,True,0.8214104515474379
Tox21,avg,0.5,1,49,200,16,16,0.0,val,client_0,6,21,612,633,True,0.6769374416433239
Tox21,avg,0.5,1,49,200,16,16,0.0,val,client_0,7,96,492,588,True,0.7560552168021679
Tox21,avg,0.5,1,49,200,16,16,0.0,val,client_0,8,30,677,707,True,0.7907434761201378
Tox21,avg,0.5,1,49,200,16,16,0.0,val,client_0,9,45,603,648,True,0.6528468767274738
Tox21,avg,0.5,1,49,200,16,16,0.0,val,client_0,10,92,495,587,True,0.8870443566095739
Tox21,avg,0.5,1,49,200,16,16,0.0,val,client_0,11,42,636,678,True,0.8034965558550464
Tox21,avg,0.5,1,49,200,16,16,0.0,val,client_1,0,31,696,727,True,0.8120133481646274
Tox21,avg,0.5,1,49,200,16,16,0.0,val,client_1,1,23,652,675,True,0.7780074686583089
Tox21,avg,0.5,1,49,200,16,16,0.0,val,client_1,2,74,567,641,True,0.8307116640449974
Tox21,avg,0.5,1,49,200,16,16,0.0,val,client_1,3,19,546,565,True,0.7473491420859841
Tox21,avg,0.5,1,49,200,16,16,0.0,val,client_1,4,82,541,623,True,0.6996303142329019
Tox21,avg,0.5,1,49,200,16,16,0.0,val,client_1,5,30,657,687,True,0.7647387113140537
Tox21,avg,0.5,1,49,200,16,16,0.0,val,client_1,6,21,612,633,True,0.7055711173358232
Tox21,avg,0.5,1,49,200,16,16,0.0,val,client_1,7,96,492,588,True,0.7281927506775068
Tox21,avg,0.5,1,49,200,16,16,0.0,val,client_1,8,30,677,707,True,0.7840472673559823
Tox21,avg,0.5,1,49,200,16,16,0.0,val,client_1,9,45,603,648,True,0.6395430256126774
Tox21,avg,0.5,1,49,200,16,16,0.0,val,client_1,10,92,495,587,True,0.8832235397452789
Tox21,avg,0.5,1,49,200,16,16,0.0,val,client_1,11,42,636,678,True,0.7826819407008087
Tox21,avg,0.5,1,49,200,16,16,0.0,val,client_2,0,31,696,727,True,0.818131256952169
Tox21,avg,0.5,1,49,200,16,16,0.0,val,client_2,1,23,652,675,True,0.8383568951720459
Tox21,avg,0.5,1,49,200,16,16,0.0,val,client_2,2,74,567,641,True,0.8261833261833262
Tox21,avg,0.5,1,49,200,16,16,0.0,val,client_2,3,19,546,565,True,0.8285135916714864
Tox21,avg,0.5,1,49,200,16,16,0.0,val,client_2,4,82,541,623,True,0.6895315810829088
Tox21,avg,0.5,1,49,200,16,16,0.0,val,client_2,5,30,657,687,True,0.8248097412480975
Tox21,avg,0.5,1,49,200,16,16,0.0,val,client_2,6,21,612,633,True,0.7352941176470588
Tox21,avg,0.5,1,49,200,16,16,0.0,val,client_2,7,96,492,588,True,0.7471841124661247
Tox21,avg,0.5,1,49,200,16,16,0.0,val,client_2,8,30,677,707,True,0.8087641555883801
Tox21,avg,0.5,1,49,200,16,16,0.0,val,client_2,9,45,603,648,True,0.64617652478349
Tox21,avg,0.5,1,49,200,16,16,0.0,val,client_2,10,92,495,587,True,0.8855292050944225
Tox21,avg,0.5,1,49,200,16,16,0.0,val,client_2,11,42,636,678,True,0.8234875711290806
Tox21,avg,0.5,1,49,200,16,16,0.0,val,client_3,0,31,696,727,True,0.7760474601408973
Tox21,avg,0.5,1,49,200,16,16,0.0,val,client_3,1,23,652,675,True,0.7896105628167511
Tox21,avg,0.5,1,49,200,16,16,0.0,val,client_3,2,74,567,641,True,0.8508508508508509
Tox21,avg,0.5,1,49,200,16,16,0.0,val,client_3,3,19,546,565,True,0.8405629458261037
Tox21,avg,0.5,1,49,200,16,16,0.0,val,client_3,4,82,541,623,True,0.6945584058428385
Tox21,avg,0.5,1,49,200,16,16,0.0,val,client_3,5,30,657,687,True,0.8006595636732623
Tox21,avg,0.5,1,49,200,16,16,0.0,val,client_3,6,21,612,633,True,0.6814503579209461
Tox21,avg,0.5,1,49,200,16,16,0.0,val,client_3,7,96,492,588,True,0.7328717818428184
Tox21,avg,0.5,1,49,200,16,16,0.0,val,client_3,8,30,677,707,True,0.7978335795174791
Tox21,avg,0.5,1,49,200,16,16,0.0,val,client_3,9,45,603,648,True,0.6423806891468583
Tox21,avg,0.5,1,49,200,16,16,0.0,val,client_3,10,92,495,587,True,0.8876592007026789
Tox21,avg,0.5,1,49,200,16,16,0.0,val,client_3,11,42,636,678,True,0.799228811021264
Tox21,avg,0.5,1,49,200,16,16,0.0,test,server,0,32,693,725,True,0.8043831168831169
Tox21,avg,0.5,1,49,200,16,16,0.0,test,server,1,33,646,679,True,0.9058542077117929
Tox21,avg,0.5,1,49,200,16,16,0.0,test,server,2,77,572,649,True,0.8465398238125511
Tox21,avg,0.5,1,49,200,16,16,0.0,test,server,3,38,538,576,True,0.7817452553316376
Tox21,avg,0.5,1,49,200,16,16,0.0,test,server,4,80,531,611,True,0.7008474576271188
Tox21,avg,0.5,1,49,200,16,16,0.0,test,server,5,34,647,681,True,0.7955268660787344
Tox21,avg,0.5,1,49,200,16,16,0.0,test,server,6,21,617,638,True,0.7318823801805974
Tox21,avg,0.5,1,49,200,16,16,0.0,test,server,7,95,494,589,True,0.7893458342211804
Tox21,avg,0.5,1,49,200,16,16,0.0,test,server,8,32,670,702,True,0.8169309701492538
Tox21,avg,0.5,1,49,200,16,16,0.0,test,server,9,36,621,657,True,0.728976561102165
Tox21,avg,0.5,1,49,200,16,16,0.0,test,server,10,93,485,578,True,0.8552045227801797
Tox21,avg,0.5,1,49,200,16,16,0.0,test,server,11,48,624,672,True,0.8028178418803419
Tox21,avg,0.5,1,49,200,16,16,0.0,test,client_0,0,32,693,725,True,0.8022186147186147
Tox21,avg,0.5,1,49,200,16,16,0.0,test,client_0,1,33,646,679,True,0.8918754104512618
Tox21,avg,0.5,1,49,200,16,16,0.0,test,client_0,2,77,572,649,True,0.8512623739896468
Tox21,avg,0.5,1,49,200,16,16,0.0,test,client_0,3,38,538,576,True,0.7874682058305615
Tox21,avg,0.5,1,49,200,16,16,0.0,test,client_0,4,80,531,611,True,0.6878766478342749
Tox21,avg,0.5,1,49,200,16,16,0.0,test,client_0,5,34,647,681,True,0.7697972542958451
Tox21,avg,0.5,1,49,200,16,16,0.0,test,client_0,6,21,617,638,True,0.679092382495948
Tox21,avg,0.5,1,49,200,16,16,0.0,test,client_0,7,95,494,589,True,0.7935009588749201
Tox21,avg,0.5,1,49,200,16,16,0.0,test,client_0,8,32,670,702,True,0.7952425373134329
Tox21,avg,0.5,1,49,200,16,16,0.0,test,client_0,9,36,621,657,True,0.7228931830381106
Tox21,avg,0.5,1,49,200,16,16,0.0,test,client_0,10,93,485,578,True,0.8369138676421684
Tox21,avg,0.5,1,49,200,16,16,0.0,test,client_0,11,48,624,672,True,0.7771434294871795
Tox21,avg,0.5,1,49,200,16,16,0.0,test,client_1,0,32,693,725,True,0.7902687590187591
Tox21,avg,0.5,1,49,200,16,16,0.0,test,client_1,1,33,646,679,True,0.9000844356881509
Tox21,avg,0.5,1,49,200,16,16,0.0,test,client_1,2,77,572,649,True,0.8347334483698119
Tox21,avg,0.5,1,49,200,16,16,0.0,test,client_1,3,38,538,576,True,0.7633535511641557
Tox21,avg,0.5,1,49,200,16,16,0.0,test,client_1,4,80,531,611,True,0.6782485875706215
Tox21,avg,0.5,1,49,200,16,16,0.0,test,client_1,5,34,647,681,True,0.7896626966087826
Tox21,avg,0.5,1,49,200,16,16,0.0,test,client_1,6,21,617,638,True,0.7069537701628463
Tox21,avg,0.5,1,49,200,16,16,0.0,test,client_1,7,95,494,589,True,0.7665246111229492
Tox21,avg,0.5,1,49,200,16,16,0.0,test,client_1,8,32,670,702,True,0.7736473880597015
Tox21,avg,0.5,1,49,200,16,16,0.0,test,client_1,9,36,621,657,True,0.7290212918232242
Tox21,avg,0.5,1,49,200,16,16,0.0,test,client_1,10,93,485,578,True,0.8332113956324133
Tox21,avg,0.5,1,49,200,16,16,0.0,test,client_1,11,48,624,672,True,0.802918002136752
Tox21,avg,0.5,1,49,200,16,16,0.0,test,client_2,0,32,693,725,True,0.7854888167388167
Tox21,avg,0.5,1,49,200,16,16,0.0,test,client_2,1,33,646,679,True,0.902148419176283
Tox21,avg,0.5,1,49,200,16,16,0.0,test,client_2,2,77,572,649,True,0.8285805103986923
Tox21,avg,0.5,1,49,200,16,16,0.0,test,client_2,3,38,538,576,True,0.7561631774603795
Tox21,avg,0.5,1,49,200,16,16,0.0,test,client_2,4,80,531,611,True,0.701271186440678
Tox21,avg,0.5,1,49,200,16,16,0.0,test,client_2,5,34,647,681,True,0.7947995272297481
Tox21,avg,0.5,1,49,200,16,16,0.0,test,client_2,6,21,617,638,True,0.7426101721077409
Tox21,avg,0.5,1,49,200,16,16,0.0,test,client_2,7,95,494,589,True,0.786298742808438
Tox21,avg,0.5,1,49,200,16,16,0.0,test,client_2,8,32,670,702,True,0.8135727611940299
Tox21,avg,0.5,1,49,200,16,16,0.0,test,client_2,9,36,621,657,True,0.6992753623188406
Tox21,avg,0.5,1,49,200,16,16,0.0,test,client_2,10,93,485,578,True,0.8407271921073053
Tox21,avg,0.5,1,49,200,16,16,0.0,test,client_2,11,48,624,672,True,0.7928018162393162
Tox21,avg,0.5,1,49,200,16,16,0.0,test,client_3,0,32,693,725,True,0.8060064935064934
Tox21,avg,0.5,1,49,200,16,16,0.0,test,client_3,1,33,646,679,True,0.8936579416455578
Tox21,avg,0.5,1,49,200,16,16,0.0,test,client_3,2,77,572,649,True,0.8363908818454273
Tox21,avg,0.5,1,49,200,16,16,0.0,test,client_3,3,38,538,576,True,0.7665818822148308
Tox21,avg,0.5,1,49,200,16,16,0.0,test,client_3,4,80,531,611,True,0.6908427495291902
Tox21,avg,0.5,1,49,200,16,16,0.0,test,client_3,5,34,647,681,True,0.768160741885626
Tox21,avg,0.5,1,49,200,16,16,0.0,test,client_3,6,21,617,638,True,0.7291039592498263
Tox21,avg,0.5,1,49,200,16,16,0.0,test,client_3,7,95,494,589,True,0.7673769443852547
Tox21,avg,0.5,1,49,200,16,16,0.0,test,client_3,8,32,670,702,True,0.7809235074626866
Tox21,avg,0.5,1,49,200,16,16,0.0,test,client_3,9,36,621,657,True,0.711173734120594
Tox21,avg,0.5,1,49,200,16,16,0.0,test,client_3,10,93,485,578,True,0.840128588848243
Tox21,avg,0.5,1,49,200,16,16,0.0,test,client_3,11,48,624,672,True,0.796340811965812
