dataset,alpha,seed,round,split,masked,task,n,positives,auc
Tox21,0.5,2,0,val,False,0,783,35,0.44350649350649346
Tox21,0.5,2,0,val,False,1,783,28,0.7777672658467361
Tox21,0.5,2,0,val,False,2,783,79,0.8207620109321058
Tox21,0.5,2,0,val,False,3,783,38,0.649770399152243
Tox21,0.5,2,0,val,False,4,783,91,0.6016642317220351
Tox21,0.5,2,0,val,False,5,783,46,0.5930623562031738
Tox21,0.5,2,0,val,False,6,783,18,0.5922294843863471
Tox21,0.5,2,0,val,False,7,783,91,0.6408086133519659
Tox21,0.5,2,0,val,False,8,783,28,0.7340113528855251
Tox21,0.5,2,0,val,False,9,783,35,0.4886172650878533
Tox21,0.5,2,0,val,False,10,783,111,0.6600573788073788
Tox21,0.5,2,0,val,False,11,783,43,0.6769956002514143
Tox21,0.5,2,0,val,True,0,724,35,0.44934687953555874
Tox21,0.5,2,0,val,True,1,663,28,0.7730596175478065
Tox21,0.5,2,0,val,True,2,644,79,0.8355214517755125
Tox21,0.5,2,0,val,True,3,573,38,0.6790949335956714
Tox21,0.5,2,0,val,True,4,609,91,0.6150664007806866
Tox21,0.5,2,0,val,True,5,686,46,0.6097486413043478
Tox21,0.5,2,0,val,True,6,639,18,0.6013598139202004
Tox21,0.5,2,0,val,True,7,572,91,0.6621507390738159
Tox21,0.5,2,0,val,True,8,699,28,0.7393549073876944
Tox21,0.5,2,0,val,True,9,643,35,0.5160714285714286
Tox21,0.5,2,0,val,True,10,564,111,0.6919634866654735
Tox21,0.5,2,0,val,True,11,665,43,0.6868690645330142
Tox21,0.5,2,0,test,False,0,784,18,0.49274731650710757
Tox21,0.5,2,0,test,False,1,784,18,0.6578183928053379
Tox21,0.5,2,0,test,False,2,784,76,0.7985243829913767
Tox21,0.5,2,0,test,False,3,784,30,0.5559681697612733
Tox21,0.5,2,0,test,False,4,784,88,0.6469272466039707
Tox21,0.5,2,0,test,False,5,784,39,0.626294957838582
Tox21,0.5,2,0,test,False,6,784,30,0.6538903625110521
Tox21,0.5,2,0,test,False,7,784,99,0.6104549141045491
Tox21,0.5,2,0,test,False,8,784,36,0.6758021390374332
Tox21,0.5,2,0,test,False,9,784,40,0.535668682795699
Tox21,0.5,2,0,test,False,10,784,103,0.695393695735854
Tox21,0.5,2,0,test,False,11,784,48,0.687783061594203
Tox21,0.5,2,0,test,True,0,736,18,0.4996904982977406
Tox21,0.5,2,0,test,True,1,670,18,0.655248807089298
Tox21,0.5,2,0,test,True,2,668,76,0.8121666073968706
Tox21,0.5,2,0,test,True,3,564,30,0.5963171036204744
Tox21,0.5,2,0,test,True,4,620,88,0.6657552973342447
Tox21,0.5,2,0,test,True,5,701,39,0.6355256022929738
Tox21,0.5,2,0,test,True,6,646,30,0.6660714285714286
Tox21,0.5,2,0,test,True,7,569,99,0.6242209327315711
Tox21,0.5,2,0,test,True,8,710,36,0.6829871414441147
Tox21,0.5,2,0,test,True,9,649,40,0.5464490968801313
Tox21,0.5,2,0,test,True,10,601,103,0.7142940694818108
Tox21,0.5,2,0,test,True,11,681,48,0.6943457082675093
Tox21,0.5,2,1,val,False,0,783,35,0.7556531703590527
Tox21,0.5,2,1,val,False,1,783,28,0.8123699148533585
Tox21,0.5,2,1,val,False,2,783,79,0.8291319044879172
Tox21,0.5,2,1,val,False,3,783,38,0.6465206640762982
Tox21,0.5,2,1,val,False,4,783,91,0.6081750619322873
Tox21,0.5,2,1,val,False,5,783,46,0.6167482744380862
Tox21,0.5,2,1,val,False,6,783,18,0.5645243282498185
Tox21,0.5,2,1,val,False,7,783,91,0.6445245505939147
Tox21,0.5,2,1,val,False,8,783,28,0.7289971617786187
Tox21,0.5,2,1,val,False,9,783,35,0.5107715813598167
Tox21,0.5,2,1,val,False,10,783,111,0.6643473830973832
Tox21,0.5,2,1,val,False,11,783,43,0.6838152105593966
Tox21,0.5,2,1,val,True,0,724,35,0.754177897574124
Tox21,0.5,2,1,val,True,1,663,28,0.809251968503937
Tox21,0.5,2,1,val,True,2,644,79,0.845054329562003
Tox21,0.5,2,1,val,True,3,573,38,0.6739793408755534
Tox21,0.5,2,1,val,True,4,609,91,0.6213882642454072
Tox21,0.5,2,1,val,True,5,686,46,0.628125
Tox21,0.5,2,1,val,True,6,639,18,0.573268921095008
Tox21,0.5,2,1,val,True,7,572,91,0.6638413561490485
Tox21,0.5,2,1,val,True,8,699,28,0.7346710666382797
Tox21,0.5,2,1,val,True,9,643,35,0.5303101503759398
Tox21,0.5,2,1,val,True,10,564,111,0.6952449137879602
Tox21,0.5,2,1,val,True,11,665,43,0.6928138787108352
Tox21,0.5,2,1,test,False,0,784,18,0.7869886858137511
Tox21,0.5,2,1,test,False,1,784,18,0.6570205976211199
Tox21,0.5,2,1,test,False,2,784,76,0.8023899791852513
Tox21,0.5,2,1,test,False,3,784,30,0.543501326259947
Tox21,0.5,2,1,test,False,4,784,88,0.6476456374085685
Tox21,0.5,2,1,test,False,5,784,39,0.6261228704181725
Tox21,0.5,2,1,test,False,6,784,30,0.6586206896551724
Tox21,0.5,2,1,test,False,7,784,99,0.6106908501069085
Tox21,0.5,2,1,test,False,8,784,36,0.6780488710635768
Tox21,0.5,2,1,test,False,9,784,40,0.5391465053763441
Tox21,0.5,2,1,test,False,10,784,103,0.6992429750652239
Tox21,0.5,2,1,test,False,11,784,48,0.6863677536231885
Tox21,0.5,2,1,test,True,0,736,18,0.7872949551222531
Tox21,0.5,2,1,test,True,1,670,18,0.6541411042944786
Tox21,0.5,2,1,test,True,2,668,76,0.8158339260312945
Tox21,0.5,2,1,test,True,3,564,30,0.5818352059925094
Tox21,0.5,2,1,test,True,4,620,88,0.666267942583732
Tox21,0.5,2,1,test,True,5,701,39,0.6352157409559223
Tox21,0.5,2,1,test,True,6,646,30,0.6696969696969697
Tox21,0.5,2,1,test,True,7,569,99,0.6226950354609929
Tox21,0.5,2,1,test,True,8,710,36,0.6852126607319485
Tox21,0.5,2,1,test,True,9,649,40,0.5457307060755336
Tox21,0.5,2,1,test,True,10,601,103,0.7172573790306858
Tox21,0.5,2,1,test,True,11,681,48,0.6925355450236967
Tox21,0.5,2,2,val,False,0,783,35,0.7405653170359052
Tox21,0.5,2,2,val,False,1,783,28,0.8250236518448439
Tox21,0.5,2,2,val,False,2,783,79,0.8324762658227848
Tox21,0.5,2,2,val,False,3,783,38,0.6515718827269517
Tox21,0.5,2,2,val,False,4,783,91,0.6397922886362193
Tox21,0.5,2,2,val,False,5,783,46,0.6602560320925019
Tox21,0.5,2,2,val,False,6,783,18,0.606245461147422
Tox21,0.5,2,2,val,False,7,783,91,0.6469700819411802
Tox21,0.5,2,2,val,False,8,783,28,0.7349101229895931
Tox21,0.5,2,2,val,False,9,783,35,0.5223071046600458
Tox21,0.5,2,2,val,False,10,783,111,0.6753271128271128
Tox21,0.5,2,2,val,False,11,783,43,0.7028284098051539
Tox21,0.5,2,2,val,True,0,724,35,0.7403275969313705
Tox21,0.5,2,2,val,True,1,663,28,0.8250281214848144
Tox21,0.5,2,2,val,True,2,644,79,0.8496919457824577
Tox21,0.5,2,2,val,True,3,573,38,0.6774717166748647
Tox21,0.5,2,2,val,True,4,609,91,0.6497517926089356
Tox21,0.5,2,2,val,True,5,686,46,0.6696331521739132
Tox21,0.5,2,2,val,True,6,639,18,0.6133476471640723
Tox21,0.5,2,2,val,True,7,572,91,0.6687075917845149
Tox21,0.5,2,2,val,True,8,699,28,0.7384500745156483
Tox21,0.5,2,2,val,True,9,643,35,0.5433740601503759
Tox21,0.5,2,2,val,True,10,564,111,0.7079132112244695
Tox21,0.5,2,2,val,True,11,665,43,0.7118073730651313
Tox21,0.5,2,2,test,False,0,784,18,0.7324485059472005
Tox21,0.5,2,2,test,False,1,784,18,0.6550623730780388
Tox21,0.5,2,2,test,False,2,784,76,0.8051590841510556
Tox21,0.5,2,2,test,False,3,784,30,0.5433908045977012
Tox21,0.5,2,2,test,False,4,784,88,0.664389041274817
Tox21,0.5,2,2,test,False,5,784,39,0.6533471003269661
Tox21,0.5,2,2,test,False,6,784,30,0.6793545534924845
Tox21,0.5,2,2,test,False,7,784,99,0.609938804099388
Tox21,0.5,2,2,test,False,8,784,36,0.6830808080808082
Tox21,0.5,2,2,test,False,9,784,40,0.5469086021505376
Tox21,0.5,2,2,test,False,10,784,103,0.7071696391657044
Tox21,0.5,2,2,test,False,11,784,48,0.6923969655797102
Tox21,0.5,2,2,test,True,0,736,18,0.7334416589291242
Tox21,0.5,2,2,test,True,1,670,18,0.6526073619631902
Tox21,0.5,2,2,test,True,2,668,76,0.8187455547652916
Tox21,0.5,2,2,test,True,3,564,30,0.5826779026217228
Tox21,0.5,2,2,test,True,4,620,88,0.6813482570061518
Tox21,0.5,2,2,test,True,5,701,39,0.6628321326206522
Tox21,0.5,2,2,test,True,6,646,30,0.6938311688311688
Tox21,0.5,2,2,test,True,7,569,99,0.6219643240919837
Tox21,0.5,2,2,test,True,8,710,36,0.6896636993076162
Tox21,0.5,2,2,test,True,9,649,40,0.5536945812807882
Tox21,0.5,2,2,test,True,10,601,103,0.7250945529691581
Tox21,0.5,2,2,test,True,11,681,48,0.6985584518167457
Tox21,0.5,2,3,val,False,0,783,35,0.746103896103896
Tox21,0.5,2,3,val,False,1,783,28,0.8168874172185431
Tox21,0.5,2,3,val,False,2,783,79,0.8343821921749137
Tox21,0.5,2,3,val,False,3,783,38,0.6588308018368068
Tox21,0.5,2,3,val,False,4,783,91,0.672489360350632
Tox21,0.5,2,3,val,False,5,783,46,0.7158869683204531
Tox21,0.5,2,3,val,False,6,783,18,0.6285403050108933
Tox21,0.5,2,3,val,False,7,783,91,0.6498126151305341
Tox21,0.5,2,3,val,False,8,783,28,0.7370860927152317
Tox21,0.5,2,3,val,False,9,783,35,0.5283804430863254
Tox21,0.5,2,3,val,False,10,783,111,0.6900203775203775
Tox21,0.5,2,3,val,False,11,783,43,0.7164990571967316
Tox21,0.5,2,3,val,True,0,724,35,0.7462160481028406
Tox21,0.5,2,3,val,True,1,663,28,0.818503937007874
Tox21,0.5,2,3,val,True,2,644,79,0.852335611067548
Tox21,0.5,2,3,val,True,3,573,38,0.6870880472208558
Tox21,0.5,2,3,val,True,4,609,91,0.6818702532988248
Tox21,0.5,2,3,val,True,5,686,46,0.7254415760869565
Tox21,0.5,2,3,val,True,6,639,18,0.6382179280730006
Tox21,0.5,2,3,val,True,7,572,91,0.6728884421192114
Tox21,0.5,2,3,val,True,8,699,28,0.7410581222056632
Tox21,0.5,2,3,val,True,9,643,35,0.5537593984962406
Tox21,0.5,2,3,val,True,10,564,111,0.7223514905634112
Tox21,0.5,2,3,val,True,11,665,43,0.7256412173782996
Tox21,0.5,2,3,test,False,0,784,18,0.7433275311865389
Tox21,0.5,2,3,test,False,1,784,18,0.6978532056861038
Tox21,0.5,2,3,test,False,2,784,76,0.8063484983645555
Tox21,0.5,2,3,test,False,3,784,30,0.5701812555260831
Tox21,0.5,2,3,test,False,4,784,88,0.6831814916405434
Tox21,0.5,2,3,test,False,5,784,39,0.7056100499053518
Tox21,0.5,2,3,test,False,6,784,30,0.6758620689655173
Tox21,0.5,2,3,test,False,7,784,99,0.613271400132714
Tox21,0.5,2,3,test,False,8,784,36,0.6987522281639929
Tox21,0.5,2,3,test,False,9,784,40,0.5489415322580645
Tox21,0.5,2,3,test,False,10,784,103,0.71742725574897
Tox21,0.5,2,3,test,False,11,784,48,0.7021059782608696
Tox21,0.5,2,3,test,True,0,736,18,0.7453574744661096
Tox21,0.5,2,3,test,True,1,670,18,0.6971710974778459
Tox21,0.5,2,3,test,True,2,668,76,0.8200346728307255
Tox21,0.5,2,3,test,True,3,564,30,0.6126716604244693
Tox21,0.5,2,3,test,True,4,620,88,0.6960761278195488
Tox21,0.5,2,3,test,True,5,701,39,0.7137462235649548
Tox21,0.5,2,3,test,True,6,646,30,0.6906385281385281
Tox21,0.5,2,3,test,True,7,569,99,0.6261981517300667
Tox21,0.5,2,3,test,True,8,710,36,0.7045417078799868
Tox21,0.5,2,3,test,True,9,649,40,0.5581486042692939
Tox21,0.5,2,3,test,True,10,601,103,0.7360022614730768
Tox21,0.5,2,3,test,True,11,681,48,0.7092219589257504
Tox21,0.5,2,4,val,False,0,783,35,0.7449579831932772
Tox21,0.5,2,4,val,False,1,783,28,0.8127719962157048
Tox21,0.5,2,4,val,False,2,783,79,0.8380322209436134
Tox21,0.5,2,4,val,False,3,783,38,0.6504062168844931
Tox21,0.5,2,4,val,False,4,783,91,0.681953884266023
Tox21,0.5,2,4,val,False,5,783,46,0.7472715474013333
Tox21,0.5,2,4,val,False,6,783,18,0.633042846768337
Tox21,0.5,2,4,val,False,7,783,91,0.6530521501619766
Tox21,0.5,2,4,val,False,8,783,28,0.7364238410596027
Tox21,0.5,2,4,val,False,9,783,35,0.5378915202444614
Tox21,0.5,2,4,val,False,10,783,111,0.7061078936078936
Tox21,0.5,2,4,val,False,11,783,43,0.7296354494028913
Tox21,0.5,2,4,val,True,0,724,35,0.745345220816919
Tox21,0.5,2,4,val,True,1,663,28,0.8149043869516311
Tox21,0.5,2,4,val,True,2,644,79,0.8568388036294388
Tox21,0.5,2,4,val,True,3,573,38,0.6823905558288244
Tox21,0.5,2,4,val,True,4,609,91,0.6918409775552632
Tox21,0.5,2,4,val,True,5,686,46,0.7570652173913044
Tox21,0.5,2,4,val,True,6,639,18,0.6418858471998569
Tox21,0.5,2,4,val,True,7,572,91,0.6788284480592173
Tox21,0.5,2,4,val,True,8,699,28,0.7403129657228018
Tox21,0.5,2,4,val,True,9,643,35,0.5646146616541353
Tox21,0.5,2,4,val,True,10,564,111,0.737406280452638
Tox21,0.5,2,4,val,True,11,665,43,0.7379795109549091
Tox21,0.5,2,4,test,False,0,784,18,0.7643603133159269
Tox21,0.5,2,4,test,False,1,784,18,0.7321583986074848
Tox21,0.5,2,4,test,False,2,784,76,0.8071662206363366
Tox21,0.5,2,4,test,False,3,784,30,0.5816091954022988
Tox21,0.5,2,4,test,False,4,784,88,0.6902756008359456
Tox21,0.5,2,4,test,False,5,784,39,0.7429702288762692
Tox21,0.5,2,4,test,False,6,784,30,0.6648541114058355
Tox21,0.5,2,4,test,False,7,784,99,0.6186831821868319
Tox21,0.5,2,4,test,False,8,784,36,0.7042483660130718
Tox21,0.5,2,4,test,False,9,784,40,0.5518817204301075
Tox21,0.5,2,4,test,False,10,784,103,0.7262235718460858
Tox21,0.5,2,4,test,False,11,784,48,0.7089277626811594
Tox21,0.5,2,4,test,True,0,736,18,0.7667130919220057
Tox21,0.5,2,4,test,True,1,670,18,0.7321063394683026
Tox21,0.5,2,4,test,True,2,668,76,0.8212126600284495
Tox21,0.5,2,4,test,True,3,564,30,0.6255305867665418
Tox21,0.5,2,4,test,True,4,620,88,0.7023026315789475
Tox21,0.5,2,4,test,True,5,701,39,0.7510651483461152
Tox21,0.5,2,4,test,True,6,646,30,0.6777056277056277
Tox21,0.5,2,4,test,True,7,569,99,0.6328175370728562
Tox21,0.5,2,4,test,True,8,710,36,0.7101879327398615
Tox21,0.5,2,4,test,True,9,649,40,0.5623563218390805
Tox21,0.5,2,4,test,True,10,601,103,0.7461593948609974
Tox21,0.5,2,4,test,True,11,681,48,0.7154752501316483
Tox21,0.5,2,5,val,False,0,783,35,0.7427425515660809
Tox21,0.5,2,5,val,False,1,783,28,0.8124881740775781
Tox21,0.5,2,5,val,False,2,783,79,0.8413226409666283
Tox21,0.5,2,5,val,False,3,783,38,0.6633345107735783
Tox21,0.5,2,5,val,False,4,783,91,0.6837483325922632
Tox21,0.5,2,5,val,False,5,783,46,0.7583623385051029
Tox21,0.5,2,5,val,False,6,783,18,0.6471314451706609
Tox21,0.5,2,5,val,False,7,783,91,0.6566251667407736
Tox21,0.5,2,5,val,False,8,783,28,0.749526963103122
Tox21,0.5,2,5,val,False,9,783,35,0.5460656990068755
Tox21,0.5,2,5,val,False,10,783,111,0.7197554697554698
Tox21,0.5,2,5,val,False,11,783,43,0.7417661847894407
Tox21,0.5,2,5,val,True,0,724,35,0.7432718225171056
Tox21,0.5,2,5,val,True,1,663,28,0.8169853768278965
Tox21,0.5,2,5,val,True,2,644,79,0.8611627646465778
Tox21,0.5,2,5,val,True,3,573,38,0.6971470732907034
Tox21,0.5,2,5,val,True,4,609,91,0.694047265475837
Tox21,0.5,2,5,val,True,5,686,46,0.767866847826087
Tox21,0.5,2,5,val,True,6,639,18,0.6595097512971909
Tox21,0.5,2,5,val,True,7,572,91,0.6857736857736857
Tox21,0.5,2,5,val,True,8,699,28,0.752820949542261
Tox21,0.5,2,5,val,True,9,643,35,0.5707236842105263
Tox21,0.5,2,5,val,True,10,564,111,0.7499552532665115
Tox21,0.5,2,5,val,True,11,665,43,0.7513646900471098
Tox21,0.5,2,5,test,False,0,784,18,0.780461270670148
Tox21,0.5,2,5,test,False,1,784,18,0.7516681172033652
Tox21,0.5,2,5,test,False,2,784,76,0.8103999405292893
Tox21,0.5,2,5,test,False,3,784,30,0.5809902740937224
Tox21,0.5,2,5,test,False,4,784,88,0.6909858281086729
Tox21,0.5,2,5,test,False,5,784,39,0.7579762519359835
Tox21,0.5,2,5,test,False,6,784,30,0.6831122900088417
Tox21,0.5,2,5,test,False,7,784,99,0.6268229742682296
Tox21,0.5,2,5,test,False,8,784,36,0.7082961972667855
Tox21,0.5,2,5,test,False,9,784,40,0.5596774193548387
Tox21,0.5,2,5,test,False,10,784,103,0.728625807279415
Tox21,0.5,2,5,test,False,11,784,48,0.719825634057971
Tox21,0.5,2,5,test,True,0,736,18,0.7827298050139276
Tox21,0.5,2,5,test,True,1,670,18,0.7540899795501023
Tox21,0.5,2,5,test,True,2,668,76,0.8246354907539118
Tox21,0.5,2,5,test,True,3,564,30,0.6253433208489388
Tox21,0.5,2,5,test,True,4,620,88,0.7024841934381407
Tox21,0.5,2,5,test,True,5,701,39,0.7661321558602526
Tox21,0.5,2,5,test,True,6,646,30,0.6962121212121211
Tox21,0.5,2,5,test,True,7,569,99,0.6422523103374167
Tox21,0.5,2,5,test,True,8,710,36,0.7137322782723377
Tox21,0.5,2,5,test,True,9,649,40,0.5699917898193759
Tox21,0.5,2,5,test,True,10,601,103,0.7494833703747027
Tox21,0.5,2,5,test,True,11,681,48,0.7273565034228542
Tox21,0.5,2,6,val,False,0,783,35,0.7441940412528647
Tox21,0.5,2,6,val,False,1,783,28,0.8165562913907285
Tox21,0.5,2,6,val,False,2,783,79,0.8441815304948217
Tox21,0.5,2,6,val,False,3,783,38,0.6641469445425645
Tox21,0.5,2,6,val,False,4,783,91,0.6884647144762752
Tox21,0.5,2,6,val,False,5,783,46,0.7658250250722671
Tox21,0.5,2,6,val,False,6,783,18,0.6702977487291213
Tox21,0.5,2,6,val,False,7,783,91,0.6609127866353302
Tox21,0.5,2,6,val,False,8,783,28,0.7543992431409651
Tox21,0.5,2,6,val,False,9,783,35,0.5524064171122994
Tox21,0.5,2,6,val,False,10,783,111,0.7279332904332905
Tox21,0.5,2,6,val,False,11,783,43,0.762539283469516
Tox21,0.5,2,6,val,True,0,724,35,0.7447232013269749
Tox21,0.5,2,6,val,True,1,663,28,0.821259842519685
Tox21,0.5,2,6,val,True,2,644,79,0.8645009521675815
Tox21,0.5,2,6,val,True,3,573,38,0.6998032464338416
Tox21,0.5,2,6,val,True,4,609,91,0.6988629131486274
Tox21,0.5,2,6,val,True,5,686,46,0.7753057065217392
Tox21,0.5,2,6,val,True,6,639,18,0.6870638754696725
Tox21,0.5,2,6,val,True,7,572,91,0.6932443855520778
Tox21,0.5,2,6,val,True,8,699,28,0.757558015754737
Tox21,0.5,2,6,val,True,9,643,35,0.575657894736842
Tox21,0.5,2,6,val,True,10,564,111,0.7572340552473003
Tox21,0.5,2,6,val,True,11,665,43,0.7732371195692813
Tox21,0.5,2,6,test,False,0,784,18,0.7858282564548883
Tox21,0.5,2,6,test,False,1,784,18,0.7649405279953583
Tox21,0.5,2,6,test,False,2,784,76,0.8127415997621171
Tox21,0.5,2,6,test,False,3,784,30,0.5829796640141467
Tox21,0.5,2,6,test,False,4,784,88,0.6910266457680252
Tox21,0.5,2,6,test,False,5,784,39,0.7655825159180865
Tox21,0.5,2,6,test,False,6,784,30,0.7055260831122899
Tox21,0.5,2,6,test,False,7,784,99,0.6332964683329647
Tox21,0.5,2,6,test,False,8,784,36,0.7210338680926917
Tox21,0.5,2,6,test,False,9,784,40,0.5696572580645162
Tox21,0.5,2,6,test,False,10,784,103,0.72926735383431
Tox21,0.5,2,6,test,False,11,784,48,0.7299309329710145
Tox21,0.5,2,6,test,True,0,736,18,0.7880687093779015
Tox21,0.5,2,6,test,True,1,670,18,0.7681492842535788
Tox21,0.5,2,6,test,True,2,668,76,0.8272359530583214
Tox21,0.5,2,6,test,True,3,564,30,0.6270911360799001
Tox21,0.5,2,6,test,True,4,620,88,0.7017686261107314
Tox21,0.5,2,6,test,True,5,701,39,0.7733364319467038
Tox21,0.5,2,6,test,True,6,646,30,0.7234307359307359
Tox21,0.5,2,6,test,True,7,569,99,0.6497313561143349
Tox21,0.5,2,6,test,True,8,710,36,0.7271266073194858
Tox21,0.5,2,6,test,True,9,649,40,0.5799671592775041
Tox21,0.5,2,6,test,True,10,601,103,0.7509260342340235
Tox21,0.5,2,6,test,True,11,681,48,0.736835176408636
Tox21,0.5,2,7,val,False,0,783,35,0.7435446906035141
Tox21,0.5,2,7,val,False,1,783,28,0.8228003784295175
Tox21,0.5,2,7,val,False,2,783,79,0.8473640678941312
Tox21,0.5,2,7,val,False,3,783,38,0.6689509007417873
Tox21,0.5,2,7,val,False,4,783,91,0.6938162993076288
Tox21,0.5,2,7,val,False,5,783,46,0.7721078402454132
Tox21,0.5,2,7,val,False,6,783,18,0.6919389978213508
Tox21,0.5,2,7,val,False,7,783,91,0.666248491393
Tox21,0.5,2,7,val,False,8,783,28,0.7643803216650898
Tox21,0.5,2,7,val,False,9,783,35,0.5593582887700534
Tox21,0.5,2,7,val,False,10,783,111,0.7351190476190477
Tox21,0.5,2,7,val,False,11,783,43,0.7781269641734758
Tox21,0.5,2,7,val,True,0,724,35,0.744267053701016
Tox21,0.5,2,7,val,True,1,663,28,0.8278402699662543
Tox21,0.5,2,7,val,True,2,644,79,0.8686680855830626
Tox21,0.5,2,7,val,True,3,573,38,0.7040334481062469
Tox21,0.5,2,7,val,True,4,609,91,0.7050999193856337
Tox21,0.5,2,7,val,True,5,686,46,0.7813858695652174
Tox21,0.5,2,7,val,True,6,639,18,0.7110395419574163
Tox21,0.5,2,7,val,True,7,572,91,0.7015603938680861
Tox21,0.5,2,7,val,True,8,699,28,0.7673515009580584
Tox21,0.5,2,7,val,True,9,643,35,0.580592105263158
Tox21,0.5,2,7,val,True,10,564,111,0.7636378099954259
Tox21,0.5,2,7,val,True,11,665,43,0.7887534584610784
Tox21,0.5,2,7,test,False,0,784,18,0.7864084711343198
Tox21,0.5,2,7,test,False,1,784,18,0.7771250362634174
Tox21,0.5,2,7,test,False,2,784,76,0.8150460898007731
Tox21,0.5,2,7,test,False,3,784,30,0.5813881520778073
Tox21,0.5,2,7,test,False,4,784,88,0.692414446185998
Tox21,0.5,2,7,test,False,5,784,39,0.7705386336258819
Tox21,0.5,2,7,test,False,6,784,30,0.7200486295313882
Tox21,0.5,2,7,test,False,7,784,99,0.6411413404114135
Tox21,0.5,2,7,test,False,8,784,36,0.7328802733214498
Tox21,0.5,2,7,test,False,9,784,40,0.5794354838709677
Tox21,0.5,2,7,test,False,10,784,103,0.730864091926493
Tox21,0.5,2,7,test,False,11,784,48,0.7370640851449275
Tox21,0.5,2,7,test,True,0,736,18,0.7885329619312905
Tox21,0.5,2,7,test,True,1,670,18,0.7804192229038854
Tox21,0.5,2,7,test,True,2,668,76,0.829925320056899
Tox21,0.5,2,7,test,True,3,564,30,0.6291510611735331
Tox21,0.5,2,7,test,True,4,620,88,0.7033706425153793
Tox21,0.5,2,7,test,True,5,701,39,0.7781780153381361
Tox21,0.5,2,7,test,True,6,646,30,0.740232683982684
Tox21,0.5,2,7,test,True,7,569,99,0.6600472813238771
Tox21,0.5,2,7,test,True,8,710,36,0.7388311902406859
Tox21,0.5,2,7,test,True,9,649,40,0.5884646962233168
Tox21,0.5,2,7,test,True,10,601,103,0.753655398292198
Tox21,0.5,2,7,test,True,11,681,48,0.7435163243812533
Tox21,0.5,2,8,val,False,0,783,35,0.743048128342246
Tox21,0.5,2,8,val,False,1,783,28,0.8333491012298959
Tox21,0.5,2,8,val,False,2,783,79,0.849036248561565
Tox21,0.5,2,8,val,False,3,783,38,0.6647121158601201
Tox21,0.5,2,8,val,False,4,783,91,0.6976751572127294
Tox21,0.5,2,8,val,False,5,783,46,0.7767093386820836
Tox21,0.5,2,8,val,False,6,783,18,0.704720406681191
Tox21,0.5,2,8,val,False,7,783,91,0.6678682589087213
Tox21,0.5,2,8,val,False,8,783,28,0.7713812677388836
Tox21,0.5,2,8,val,False,9,783,35,0.562318563789152
Tox21,0.5,2,8,val,False,10,783,111,0.7408569283569283
Tox21,0.5,2,8,val,False,11,783,43,0.7933689503456945
Tox21,0.5,2,8,val,True,0,724,35,0.7440597138710346
Tox21,0.5,2,8,val,True,1,663,28,0.8388076490438695
Tox21,0.5,2,8,val,True,2,644,79,0.8709980956648371
Tox21,0.5,2,8,val,True,3,573,38,0.699016232169208
Tox21,0.5,2,8,val,True,4,609,91,0.7087912087912088
Tox21,0.5,2,8,val,True,5,686,46,0.7861413043478261
Tox21,0.5,2,8,val,True,6,639,18,0.7283056002862766
Tox21,0.5,2,8,val,True,7,572,91,0.7052157821388589
Tox21,0.5,2,8,val,True,8,699,28,0.775175644028103
Tox21,0.5,2,8,val,True,9,643,35,0.5831062030075187
Tox21,0.5,2,8,val,True,10,564,111,0.7689676431398285
Tox21,0.5,2,8,val,True,11,665,43,0.8038959096687355
Tox21,0.5,2,8,test,False,0,784,18,0.7857557296199593
Tox21,0.5,2,8,test,False,1,784,18,0.785175514940528
Tox21,0.5,2,8,test,False,2,784,76,0.8161611656259292
Tox21,0.5,2,8,test,False,3,784,30,0.5738284703801946
Tox21,0.5,2,8,test,False,4,784,88,0.6943247126436782
Tox21,0.5,2,8,test,False,5,784,39,0.775701256238169
Tox21,0.5,2,8,test,False,6,784,30,0.7321396993810787
Tox21,0.5,2,8,test,False,7,784,99,0.6461549804615498
Tox21,0.5,2,8,test,False,8,784,36,0.7400846702317291
Tox21,0.5,2,8,test,False,9,784,40,0.5818548387096775
Tox21,0.5,2,8,test,False,10,784,103,0.7316054346121494
Tox21,0.5,2,8,test,False,11,784,48,0.7474807518115942
Tox21,0.5,2,8,test,True,0,736,18,0.7879913339523368
Tox21,0.5,2,8,test,True,1,670,18,0.7892808452624402
Tox21,0.5,2,8,test,True,2,668,76,0.8308588193456614
Tox21,0.5,2,8,test,True,3,564,30,0.6214107365792759
Tox21,0.5,2,8,test,True,4,620,88,0.7061474709501026
Tox21,0.5,2,8,test,True,5,701,39,0.7842203114106436
Tox21,0.5,2,8,test,True,6,646,30,0.7528138528138528
Tox21,0.5,2,8,test,True,7,569,99,0.6668385987534925
Tox21,0.5,2,8,test,True,8,710,36,0.7458374546653479
Tox21,0.5,2,8,test,True,9,649,40,0.5910919540229885
Tox21,0.5,2,8,test,True,10,601,103,0.754513198424767
Tox21,0.5,2,8,test,True,11,681,48,0.7535874144286465
Tox21,0.5,2,9,val,False,0,783,35,0.7398395721925133
Tox21,0.5,2,9,val,False,1,783,28,0.8457426679280983
Tox21,0.5,2,9,val,False,2,783,79,0.8501330552359034
Tox21,0.5,2,9,val,False,3,783,38,0.6640056517131756
Tox21,0.5,2,9,val,False,4,783,91,0.6989852632916216
Tox21,0.5,2,9,val,False,5,783,46,0.7775942422275972
Tox21,0.5,2,9,val,False,6,783,18,0.7132897603485839
Tox21,0.5,2,9,val,False,7,783,91,0.6681541002350251
Tox21,0.5,2,9,val,False,8,783,28,0.772894985808893
Tox21,0.5,2,9,val,False,9,783,35,0.5674560733384262
Tox21,0.5,2,9,val,False,10,783,111,0.7444229944229944
Tox21,0.5,2,9,val,False,11,783,43,0.8058139534883721
Tox21,0.5,2,9,val,True,0,724,35,0.7407422765913333
Tox21,0.5,2,9,val,True,1,663,28,0.85
Tox21,0.5,2,9,val,True,2,644,79,0.8724767559090401
Tox21,0.5,2,9,val,True,3,573,38,0.6998032464338416
Tox21,0.5,2,9,val,True,4,609,91,0.7091836734693877
Tox21,0.5,2,9,val,True,5,686,46,0.7870584239130436
Tox21,0.5,2,9,val,True,6,639,18,0.7390409733404901
Tox21,0.5,2,9,val,True,7,572,91,0.7061753215599369
Tox21,0.5,2,9,val,True,8,699,28,0.7766127315307644
Tox21,0.5,2,9,val,True,9,643,35,0.5888157894736843
Tox21,0.5,2,9,val,True,10,564,111,0.772547381818905
Tox21,0.5,2,9,val,True,11,665,43,0.8171689224556943
Tox21,0.5,2,9,test,False,0,784,18,0.7801711633304322
Tox21,0.5,2,9,test,False,1,784,18,0.7950391644908615
Tox21,0.5,2,9,test,False,2,784,76,0.8173134106452572
Tox21,0.5,2,9,test,False,3,784,30,0.5863174182139699
Tox21,0.5,2,9,test,False,4,784,88,0.6964145768025077
Tox21,0.5,2,9,test,False,5,784,39,0.7803820340733092
Tox21,0.5,2,9,test,False,6,784,30,0.7422634836427939
Tox21,0.5,2,9,test,False,7,784,99,0.6511833665118337
Tox21,0.5,2,9,test,False,8,784,36,0.7404931669637552
Tox21,0.5,2,9,test,False,9,784,40,0.5851310483870968
Tox21,0.5,2,9,test,False,10,784,103,0.7332306858845502
Tox21,0.5,2,9,test,False,11,784,48,0.7545572916666666
Tox21,0.5,2,9,test,True,0,736,18,0.7824976787372331
Tox21,0.5,2,9,test,True,1,670,18,0.798227675528289
Tox21,0.5,2,9,test,True,2,668,76,0.8315256045519204
Tox21,0.5,2,9,test,True,3,564,30,0.6341760299625468
Tox21,0.5,2,9,test,True,4,620,88,0.7082194121667805
Tox21,0.5,2,9,test,True,5,701,39,0.7891780928034705
Tox21,0.5,2,9,test,True,6,646,30,0.7626623376623376
Tox21,0.5,2,9,test,True,7,569,99,0.673350526542016
Tox21,0.5,2,9,test,True,8,710,36,0.746538081107814
Tox21,0.5,2,9,test,True,9,649,40,0.5952996715927751
Tox21,0.5,2,9,test,True,10,601,103,0.7566966896713067
Tox21,0.5,2,9,test,True,11,681,48,0.7606635071090048
Tox21,0.5,2,10,val,False,0,783,35,0.7378915202444615
Tox21,0.5,2,10,val,False,1,783,28,0.8515610217596973
Tox21,0.5,2,10,val,False,2,783,79,0.8515714902186421
Tox21,0.5,2,10,val,False,3,783,38,0.6617802896503002
Tox21,0.5,2,10,val,False,4,783,91,0.6996045861652798
Tox21,0.5,2,10,val,False,5,783,46,0.7776237390124476
Tox21,0.5,2,10,val,False,6,783,18,0.707915758896151
Tox21,0.5,2,10,val,False,7,783,91,0.6675268373245252
Tox21,0.5,2,10,val,False,8,783,28,0.7724219489120151
Tox21,0.5,2,10,val,False,9,783,35,0.5727272727272728
Tox21,0.5,2,10,val,False,10,783,111,0.7484448734448734
Tox21,0.5,2,10,val,False,11,783,43,0.8113764927718417
Tox21,0.5,2,10,val,True,0,724,35,0.7393738337134563
Tox21,0.5,2,10,val,True,1,663,28,0.8550056242969629
Tox21,0.5,2,10,val,True,2,644,79,0.8742018595272768
Tox21,0.5,2,10,val,True,3,573,38,0.6991637973438269
Tox21,0.5,2,10,val,True,4,609,91,0.7095655309941025
Tox21,0.5,2,10,val,True,5,686,46,0.787601902173913
Tox21,0.5,2,10,val,True,6,639,18,0.7290212918232242
Tox21,0.5,2,10,val,True,7,572,91,0.7060953599415137
Tox21,0.5,2,10,val,True,8,699,28,0.7759740259740259
Tox21,0.5,2,10,val,True,9,643,35,0.5948778195488721
Tox21,0.5,2,10,val,True,10,564,111,0.7770817174790685
Tox21,0.5,2,10,val,True,11,665,43,0.8228146264862035
Tox21,0.5,2,10,test,False,0,784,18,0.7789382071366405
Tox21,0.5,2,10,test,False,1,784,18,0.8014940527995358
Tox21,0.5,2,10,test,False,2,784,76,0.8183541480820696
Tox21,0.5,2,10,test,False,3,784,30,0.5917329796640142
Tox21,0.5,2,10,test,False,4,784,88,0.696741118077325
Tox21,0.5,2,10,test,False,5,784,39,0.7912579590431941
Tox21,0.5,2,10,test,False,6,784,30,0.7410256410256411
Tox21,0.5,2,10,test,False,7,784,99,0.6556661505566616
Tox21,0.5,2,10,test,False,8,784,36,0.7406045751633987
Tox21,0.5,2,10,test,False,9,784,40,0.59375
Tox21,0.5,2,10,test,False,10,784,103,0.7366665241007655
Tox21,0.5,2,10,test,False,11,784,48,0.761916893115942
Tox21,0.5,2,10,test,True,0,736,18,0.7811822965026307
Tox21,0.5,2,10,test,True,1,670,18,0.8047034764826176
Tox21,0.5,2,10,test,True,2,668,76,0.8327924964438123
Tox21,0.5,2,10,test,True,3,564,30,0.6410112359550562
Tox21,0.5,2,10,test,True,4,620,88,0.7083262132604238
Tox21,0.5,2,10,test,True,5,701,39,0.8001394376016733
Tox21,0.5,2,10,test,True,6,646,30,0.7609848484848485
Tox21,0.5,2,10,test,True,7,569,99,0.6782720825274018
Tox21,0.5,2,10,test,True,8,710,36,0.746496867787669
Tox21,0.5,2,10,test,True,9,649,40,0.6048440065681445
Tox21,0.5,2,10,test,True,10,601,103,0.7607517448434515
Tox21,0.5,2,10,test,True,11,681,48,0.7682661927330174
Tox21,0.5,2,11,val,False,0,783,35,0.7306340718105423
Tox21,0.5,2,11,val,False,1,783,28,0.8526017029328288
Tox21,0.5,2,11,val,False,2,783,79,0.8531357882623705
Tox21,0.5,2,11,val,False,3,783,38,0.6599081596608972
Tox21,0.5,2,11,val,False,4,783,91,0.7005653306231341
Tox21,0.5,2,11,val,False,5,783,46,0.7806029142823433
Tox21,0.5,2,11,val,False,6,783,18,0.7045751633986927
Tox21,0.5,2,11,val,False,7,783,91,0.6688528234771008
Tox21,0.5,2,11,val,False,8,783,28,0.7714285714285714
Tox21,0.5,2,11,val,False,9,783,35,0.5822765469824293
Tox21,0.5,2,11,val,False,10,783,111,0.7518634706134706
Tox21,0.5,2,11,val,False,11,783,43,0.8148020113136392
Tox21,0.5,2,11,val,True,0,724,35,0.7329048310180386
Tox21,0.5,2,11,val,True,1,663,28,0.8559055118110235
Tox21,0.5,2,11,val,True,2,644,79,0.8759941749747956
Tox21,0.5,2,11,val,True,3,573,38,0.698278406296114
Tox21,0.5,2,11,val,True,4,609,91,0.7099367813653528
Tox21,0.5,2,11,val,True,5,686,46,0.7900815217391304
Tox21,0.5,2,11,val,True,6,639,18,0.7244587582751834
Tox21,0.5,2,11,val,True,7,572,91,0.7073861689246305
Tox21,0.5,2,11,val,True,8,699,28,0.7745369384713647
Tox21,0.5,2,11,val,True,9,643,35,0.6041353383458646
Tox21,0.5,2,11,val,True,10,564,111,0.7809001054034167
Tox21,0.5,2,11,val,True,11,665,43,0.8266282808644283
Tox21,0.5,2,11,test,False,0,784,18,0.7781404119524225
Tox21,0.5,2,11,test,False,1,784,18,0.8059907165651292
Tox21,0.5,2,11,test,False,2,784,76,0.8203612845673507
Tox21,0.5,2,11,test,False,3,784,30,0.6033598585322724
Tox21,0.5,2,11,test,False,4,784,88,0.6961533437826541
Tox21,0.5,2,11,test,False,5,784,39,0.800413009808983
Tox21,0.5,2,11,test,False,6,784,30,0.734792219274978
Tox21,0.5,2,11,test,False,7,784,99,0.6595443485954434
Tox21,0.5,2,11,test,False,8,784,36,0.7408645276292335
Tox21,0.5,2,11,test,False,9,784,40,0.5998991935483872
Tox21,0.5,2,11,test,False,10,784,103,0.74081519182242
Tox21,0.5,2,11,test,False,11,784,48,0.7649173460144928
Tox21,0.5,2,11,test,True,0,736,18,0.7800990405447231
Tox21,0.5,2,11,test,True,1,670,18,0.8084526244035446
Tox21,0.5,2,11,test,True,2,668,76,0.8343705547652915
Tox21,0.5,2,11,test,True,3,564,30,0.6536828963795256
Tox21,0.5,2,11,test,True,4,620,88,0.7072368421052632
Tox21,0.5,2,11,test,True,5,701,39,0.8095127430474864
Tox21,0.5,2,11,test,True,6,646,30,0.7542207792207792
Tox21,0.5,2,11,test,True,7,569,99,0.682441435632925
Tox21,0.5,2,11,test,True,8,710,36,0.7468677876689745
Tox21,0.5,2,11,test,True,9,649,40,0.6114532019704433
Tox21,0.5,2,11,test,True,10,601,103,0.7653916637423479
Tox21,0.5,2,11,test,True,11,681,48,0.7719852553975777
Tox21,0.5,2,12,val,False,0,783,35,0.7210084033613445
Tox21,0.5,2,12,val,False,1,783,28,0.8520340586565752
Tox21,0.5,2,12,val,False,2,783,79,0.8543224971231299
Tox21,0.5,2,12,val,False,3,783,38,0.6614977039915224
Tox21,0.5,2,12,val,False,4,783,91,0.7017880962967668
Tox21,0.5,2,12,val,False,5,783,46,0.7826676892218748
Tox21,0.5,2,12,val,False,6,783,18,0.7005809731299928
Tox21,0.5,2,12,val,False,7,783,91,0.6700438290033667
Tox21,0.5,2,12,val,False,8,783,28,0.7687795648060549
Tox21,0.5,2,12,val,False,9,783,35,0.5888082505729566
Tox21,0.5,2,12,val,False,10,783,111,0.75498712998713
Tox21,0.5,2,12,val,False,11,783,43,0.8162476429918291
Tox21,0.5,2,12,val,True,0,724,35,0.7232013269749118
Tox21,0.5,2,12,val,True,1,663,28,0.8552868391451068
Tox21,0.5,2,12,val,True,2,644,79,0.8775848549344685
Tox21,0.5,2,12,val,True,3,573,38,0.7011313330054108
Tox21,0.5,2,12,val,True,4,609,91,0.7106580678009249
Tox21,0.5,2,12,val,True,5,686,46,0.7921195652173912
Tox21,0.5,2,12,val,True,6,639,18,0.7191805331901949
Tox21,0.5,2,12,val,True,7,572,91,0.7088483242329395
Tox21,0.5,2,12,val,True,8,699,28,0.7716095380029807
Tox21,0.5,2,12,val,True,9,643,35,0.6109022556390977
Tox21,0.5,2,12,val,True,10,564,111,0.7841218702145855
Tox21,0.5,2,12,val,True,11,665,43,0.8279368877589172
Tox21,0.5,2,12,test,False,0,784,18,0.7729184798375399
Tox21,0.5,2,12,test,False,1,784,18,0.8091818973020017
Tox21,0.5,2,12,test,False,2,784,76,0.8219781445138269
Tox21,0.5,2,12,test,False,3,784,30,0.6078691423519009
Tox21,0.5,2,12,test,False,4,784,88,0.6967247910135841
Tox21,0.5,2,12,test,False,5,784,39,0.8076062639821029
Tox21,0.5,2,12,test,False,6,784,30,0.7335985853227233
Tox21,0.5,2,12,test,False,7,784,99,0.6635773796357738
Tox21,0.5,2,12,test,False,8,784,36,0.7433897801544861
Tox21,0.5,2,12,test,False,9,784,40,0.6053763440860215
Tox21,0.5,2,12,test,False,10,784,103,0.744906833183639
Tox21,0.5,2,12,test,False,11,784,48,0.7637567934782609
Tox21,0.5,2,12,test,True,0,736,18,0.7749922624574435
Tox21,0.5,2,12,test,True,1,670,18,0.8116053169734152
Tox21,0.5,2,12,test,True,2,668,76,0.8358152560455192
Tox21,0.5,2,12,test,True,3,564,30,0.6583645443196006
Tox21,0.5,2,12,test,True,4,620,88,0.7077494873547505
Tox21,0.5,2,12,test,True,5,701,39,0.8169494151367264
Tox21,0.5,2,12,test,True,6,646,30,0.7535173160173161
Tox21,0.5,2,12,test,True,7,569,99,0.6868364496024071
Tox21,0.5,2,12,test,True,8,710,36,0.749423013517969
Tox21,0.5,2,12,test,True,9,649,40,0.6170771756978654
Tox21,0.5,2,12,test,True,10,601,103,0.7695247007447265
Tox21,0.5,2,12,test,True,11,681,48,0.7716232227488151
Tox21,0.5,2,13,val,False,0,783,35,0.7140183346065698
Tox21,0.5,2,13,val,False,1,783,28,0.8496215704824976
Tox21,0.5,2,13,val,False,2,783,79,0.8557429516685846
Tox21,0.5,2,13,val,False,3,783,38,0.6653832567997174
Tox21,0.5,2,13,val,False,4,783,91,0.7030108619703996
Tox21,0.5,2,13,val,False,5,783,46,0.7845554834523037
Tox21,0.5,2,13,val,False,6,783,18,0.7011619462599855
Tox21,0.5,2,13,val,False,7,783,91,0.6712665946769993
Tox21,0.5,2,13,val,False,8,783,28,0.7691579943235572
Tox21,0.5,2,13,val,False,9,783,35,0.5980519480519481
Tox21,0.5,2,13,val,False,10,783,111,0.7582180394680396
Tox21,0.5,2,13,val,False,11,783,43,0.8170333123821496
Tox21,0.5,2,13,val,True,0,724,35,0.7166908563134978
Tox21,0.5,2,13,val,True,1,663,28,0.8526996625421823
Tox21,0.5,2,13,val,True,2,644,79,0.8789514954632015
Tox21,0.5,2,13,val,True,3,573,38,0.705361534677816
Tox21,0.5,2,13,val,True,4,609,91,0.7115490686919259
Tox21,0.5,2,13,val,True,5,686,46,0.7940557065217391
Tox21,0.5,2,13,val,True,6,639,18,0.7197173018429057
Tox21,0.5,2,13,val,True,7,572,91,0.7099220945374791
Tox21,0.5,2,13,val,True,8,699,28,0.7720885671705344
Tox21,0.5,2,13,val,True,9,643,35,0.6196898496240602
Tox21,0.5,2,13,val,True,10,564,111,0.7875226219597081
Tox21,0.5,2,13,val,True,11,665,43,0.8291333283481642
Tox21,0.5,2,13,test,False,0,784,18,0.7619669277632724
Tox21,0.5,2,13,test,False,1,784,18,0.8069335654192051
Tox21,0.5,2,13,test,False,2,784,76,0.8241339577757953
Tox21,0.5,2,13,test,False,3,784,30,0.6139257294429707
Tox21,0.5,2,13,test,False,4,784,88,0.6968717345872518
Tox21,0.5,2,13,test,False,5,784,39,0.813181896403373
Tox21,0.5,2,13,test,False,6,784,30,0.735499557913351
Tox21,0.5,2,13,test,False,7,784,99,0.6678242276782423
Tox21,0.5,2,13,test,False,8,784,36,0.7445409982174688
Tox21,0.5,2,13,test,False,9,784,40,0.6124663978494623
Tox21,0.5,2,13,test,False,10,784,103,0.7502245412942132
Tox21,0.5,2,13,test,False,11,784,48,0.7662760416666666
Tox21,0.5,2,13,test,True,0,736,18,0.7648560817084493
Tox21,0.5,2,13,test,True,1,670,18,0.8092194955691888
Tox21,0.5,2,13,test,True,2,668,76,0.8378378378378378
Tox21,0.5,2,13,test,True,3,564,30,0.6649812734082398
Tox21,0.5,2,13,test,True,4,620,88,0.70806989063568
Tox21,0.5,2,13,test,True,5,701,39,0.8226043845379193
Tox21,0.5,2,13,test,True,6,646,30,0.7547077922077922
Tox21,0.5,2,13,test,True,7,569,99,0.6909090909090909
Tox21,0.5,2,13,test,True,8,710,36,0.7507006264424663
Tox21,0.5,2,13,test,True,9,649,40,0.6247947454844006
Tox21,0.5,2,13,test,True,10,601,103,0.7753733380122431
Tox21,0.5,2,13,test,True,11,681,48,0.7743549236440231
Tox21,0.5,2,14,val,False,0,783,35,0.7152406417112299
Tox21,0.5,2,14,val,False,1,783,28,0.8448912015137181
Tox21,0.5,2,14,val,False,2,783,79,0.85784666283084
Tox21,0.5,2,14,val,False,3,783,38,0.67184740374426
Tox21,0.5,2,14,val,False,4,783,91,0.7048688305913738
Tox21,0.5,2,14,val,False,5,783,46,0.7835525927673883
Tox21,0.5,2,14,val,False,6,783,18,0.6994916485112563
Tox21,0.5,2,14,val,False,7,783,91,0.6717429968875055
Tox21,0.5,2,14,val,False,8,783,28,0.768968779564806
Tox21,0.5,2,14,val,False,9,783,35,0.6073338426279602
Tox21,0.5,2,14,val,False,10,783,111,0.762012012012012
Tox21,0.5,2,14,val,False,11,783,43,0.8169861722187304
Tox21,0.5,2,14,val,True,0,724,35,0.7178519593613933
Tox21,0.5,2,14,val,True,1,663,28,0.8479190101237345
Tox21,0.5,2,14,val,True,2,644,79,0.8813711213173518
Tox21,0.5,2,14,val,True,3,573,38,0.7120511559272013
Tox21,0.5,2,14,val,True,4,609,91,0.7132674275531419
Tox21,0.5,2,14,val,True,5,686,46,0.7932065217391304
Tox21,0.5,2,14,val,True,6,639,18,0.7179280730005367
Tox21,0.5,2,14,val,True,7,572,91,0.7108816339585571
Tox21,0.5,2,14,val,True,8,699,28,0.7719288907813499
Tox21,0.5,2,14,val,True,9,643,35,0.6281015037593985
Tox21,0.5,2,14,val,True,10,564,111,0.79151999681801
Tox21,0.5,2,14,val,True,11,665,43,0.8293015778060271
Tox21,0.5,2,14,test,False,0,784,18,0.7565274151436031
Tox21,0.5,2,14,test,False,1,784,18,0.8091818973020017
Tox21,0.5,2,14,test,False,2,784,76,0.8255278025572406
Tox21,0.5,2,14,test,False,3,784,30,0.617816091954023
Tox21,0.5,2,14,test,False,4,784,88,0.6979574843260189
Tox21,0.5,2,14,test,False,5,784,39,0.8181035966270865
Tox21,0.5,2,14,test,False,6,784,30,0.7389920424403184
Tox21,0.5,2,14,test,False,7,784,99,0.6730811767308118
Tox21,0.5,2,14,test,False,8,784,36,0.7474004753416519
Tox21,0.5,2,14,test,False,9,784,40,0.6205981182795699
Tox21,0.5,2,14,test,False,10,784,103,0.754729623768587
Tox21,0.5,2,14,test,False,11,784,48,0.7668138586956522
Tox21,0.5,2,14,test,True,0,736,18,0.7600588053234293
Tox21,0.5,2,14,test,True,1,670,18,0.8114349011588274
Tox21,0.5,2,14,test,True,2,668,76,0.8392158605974395
Tox21,0.5,2,14,test,True,3,564,30,0.6692883895131087
Tox21,0.5,2,14,test,True,4,620,88,0.7094796650717702
Tox21,0.5,2,14,test,True,5,701,39,0.8273685025950887
Tox21,0.5,2,14,test,True,6,646,30,0.7584415584415585
Tox21,0.5,2,14,test,True,7,569,99,0.6967762733720181
Tox21,0.5,2,14,test,True,8,710,36,0.7532146389713156
Tox21,0.5,2,14,test,True,9,649,40,0.6332922824302135
Tox21,0.5,2,14,test,True,10,601,103,0.78013022965649
Tox21,0.5,2,14,test,True,11,681,48,0.775309373354397
Tox21,0.5,2,15,val,False,0,783,35,0.7158517952635599
Tox21,0.5,2,15,val,False,1,783,28,0.841911069063387
Tox21,0.5,2,15,val,False,2,783,79,0.8587277042577676
Tox21,0.5,2,15,val,False,3,783,38,0.6802896503002472
Tox21,0.5,2,15,val,False,4,783,91,0.7074255224544241
Tox21,0.5,2,15,val,False,5,783,46,0.786797239100938
Tox21,0.5,2,15,val,False,6,783,18,0.6965867828612927
Tox21,0.5,2,15,val,False,7,783,91,0.6729975227085053
Tox21,0.5,2,15,val,False,8,783,28,0.7677388836329234
Tox21,0.5,2,15,val,False,9,783,35,0.6143430099312451
Tox21,0.5,2,15,val,False,10,783,111,0.765470827970828
Tox21,0.5,2,15,val,False,11,783,43,0.8146763042111879
Tox21,0.5,2,15,val,True,0,724,35,0.718266639021356
Tox21,0.5,2,15,val,True,1,663,28,0.8451631046119235
Tox21,0.5,2,15,val,True,2,644,79,0.8821552593256413
Tox21,0.5,2,15,val,True,3,573,38,0.7205607476635514
Tox21,0.5,2,15,val,True,4,609,91,0.7158767873053588
Tox21,0.5,2,15,val,True,5,686,46,0.7960258152173914
Tox21,0.5,2,15,val,True,6,639,18,0.7155126140633388
Tox21,0.5,2,15,val,True,7,572,91,0.7121153274999429
Tox21,0.5,2,15,val,True,8,699,28,0.7706514796678733
Tox21,0.5,2,15,val,True,9,643,35,0.634093045112782
Tox21,0.5,2,15,val,True,10,564,111,0.7951991726826164
Tox21,0.5,2,15,val,True,11,665,43,0.8274134450011217
Tox21,0.5,2,15,test,False,0,784,18,0.756672468813461
Tox21,0.5,2,15,test,False,1,784,18,0.8130983463881637
Tox21,0.5,2,15,test,False,2,784,76,0.8278508771929824
Tox21,0.5,2,15,test,False,3,784,30,0.6195844385499558
Tox21,0.5,2,15,test,False,4,784,88,0.700153474399164
Tox21,0.5,2,15,test,False,5,784,39,0.8223713646532439
Tox21,0.5,2,15,test,False,6,784,30,0.7446065428824049
Tox21,0.5,2,15,test,False,7,784,99,0.6780653247806533
Tox21,0.5,2,15,test,False,8,784,36,0.7497029114676174
Tox21,0.5,2,15,test,False,9,784,40,0.6284610215053763
Tox21,0.5,2,15,test,False,10,784,103,0.758963831030894
Tox21,0.5,2,15,test,False,11,784,48,0.7666723278985507
Tox21,0.5,2,15,test,True,0,736,18,0.760136180748994
Tox21,0.5,2,15,test,True,1,670,18,0.8157805044308112
Tox21,0.5,2,15,test,True,2,668,76,0.8415273826458037
Tox21,0.5,2,15,test,True,3,564,30,0.669350811485643
Tox21,0.5,2,15,test,True,4,620,88,0.7119574504442926
Tox21,0.5,2,15,test,True,5,701,39,0.8318227593152064
Tox21,0.5,2,15,test,True,6,646,30,0.7643939393939394
Tox21,0.5,2,15,test,True,7,569,99,0.7021491510853213
Tox21,0.5,2,15,test,True,8,710,36,0.7557286515001648
Tox21,0.5,2,15,test,True,9,649,40,0.6413793103448275
Tox21,0.5,2,15,test,True,10,601,103,0.7839513393379343
Tox21,0.5,2,15,test,True,11,681,48,0.775144813059505
Tox21,0.5,2,16,val,False,0,783,35,0.7166348357524828
Tox21,0.5,2,16,val,False,1,783,28,0.8402081362346263
Tox21,0.5,2,16,val,False,2,783,79,0.8595368239355582
Tox21,0.5,2,16,val,False,3,783,38,0.6824267043447545
Tox21,0.5,2,16,val,False,4,783,91,0.7103395159753542
Tox21,0.5,2,16,val,False,5,783,46,0.7893929561677777
Tox21,0.5,2,16,val,False,6,783,18,0.6977487291212782
Tox21,0.5,2,16,val,False,7,783,91,0.6736803658768977
Tox21,0.5,2,16,val,False,8,783,28,0.7678807947019867
Tox21,0.5,2,16,val,False,9,783,35,0.6207028265851795
Tox21,0.5,2,16,val,False,10,783,111,0.7688492063492063
Tox21,0.5,2,16,val,False,11,783,43,0.8156191074795727
Tox21,0.5,2,16,val,True,0,724,35,0.7189301264772964
Tox21,0.5,2,16,val,True,1,663,28,0.8437570303712036
Tox21,0.5,2,16,val,True,2,644,79,0.8827153579029909
Tox21,0.5,2,16,val,True,3,573,38,0.7242252828332514
Tox21,0.5,2,16,val,True,4,609,91,0.7182209682209683
Tox21,0.5,2,16,val,True,5,686,46,0.7986073369565218
Tox21,0.5,2,16,val,True,6,639,18,0.7162283056002863
Tox21,0.5,2,16,val,True,7,572,91,0.7131662516277901
Tox21,0.5,2,16,val,True,8,699,28,0.7704918032786885
Tox21,0.5,2,16,val,True,9,643,35,0.6401785714285714
Tox21,0.5,2,16,val,True,10,564,111,0.7985402621164209
Tox21,0.5,2,16,val,True,11,665,43,0.8285724968219547
Tox21,0.5,2,16,test,False,0,784,18,0.7544966637655933
Tox21,0.5,2,16,test,False,1,784,18,0.8171598491441834
Tox21,0.5,2,16,test,False,2,784,76,0.8297465060957478
Tox21,0.5,2,16,test,False,3,784,30,0.6191423519009726
Tox21,0.5,2,16,test,False,4,784,88,0.7034025600835945
Tox21,0.5,2,16,test,False,5,784,39,0.8316985028394425
Tox21,0.5,2,16,test,False,6,784,30,0.7519009725906277
Tox21,0.5,2,16,test,False,7,784,99,0.6816633488166336
Tox21,0.5,2,16,test,False,8,784,36,0.7505941770647653
Tox21,0.5,2,16,test,False,9,784,40,0.6392137096774194
Tox21,0.5,2,16,test,False,10,784,103,0.7641959996008155
Tox21,0.5,2,16,test,False,11,784,48,0.7665166440217391
Tox21,0.5,2,16,test,True,0,736,18,0.7581244196843082
Tox21,0.5,2,16,test,True,1,670,18,0.820040899795501
Tox21,0.5,2,16,test,True,2,668,76,0.8433499288762447
Tox21,0.5,2,16,test,True,3,564,30,0.6672284644194757
Tox21,0.5,2,16,test,True,4,620,88,0.7153323650034176
Tox21,0.5,2,16,test,True,5,701,39,0.8414284607638082
Tox21,0.5,2,16,test,True,6,646,30,0.7718614718614719
Tox21,0.5,2,16,test,True,7,569,99,0.7058241994412208
Tox21,0.5,2,16,test,True,8,710,36,0.7567589845037916
Tox21,0.5,2,16,test,True,9,649,40,0.6516420361247947
Tox21,0.5,2,16,test,True,10,601,103,0.7890591492182323
Tox21,0.5,2,16,test,True,11,681,48,0.7754410215903107
Tox21,0.5,2,17,val,False,0,783,35,0.7190221543162719
Tox21,0.5,2,17,val,False,1,783,28,0.837038789025544
Tox21,0.5,2,17,val,False,2,783,79,0.8597885500575374
Tox21,0.5,2,17,val,False,3,783,38,0.683504062168845
Tox21,0.5,2,17,val,False,4,783,91,0.7115067013910944
Tox21,0.5,2,17,val,False,5,783,46,0.7901008790041885
Tox21,0.5,2,17,val,False,6,783,18,0.6981844589687727
Tox21,0.5,2,17,val,False,7,783,91,0.6749666518452646
Tox21,0.5,2,17,val,False,8,783,28,0.7667455061494797
Tox21,0.5,2,17,val,False,9,783,35,0.6255156608097784
Tox21,0.5,2,17,val,False,10,783,111,0.7716645216645216
Tox21,0.5,2,17,val,False,11,783,43,0.8147705845380264
Tox21,0.5,2,17,val,True,0,724,35,0.7210035247771097
Tox21,0.5,2,17,val,True,1,663,28,0.8410573678290214
Tox21,0.5,2,17,val,True,2,644,79,0.8831186288786826
Tox21,0.5,2,17,val,True,3,573,38,0.7267584849975406
Tox21,0.5,2,17,val,True,4,609,91,0.7190801476515761
Tox21,0.5,2,17,val,True,5,686,46,0.7993885869565217
Tox21,0.5,2,17,val,True,6,639,18,0.7171229200214707
Tox21,0.5,2,17,val,True,7,572,91,0.7145827145827146
Tox21,0.5,2,17,val,True,8,699,28,0.7691079412390888
Tox21,0.5,2,17,val,True,9,643,35,0.6445018796992481
Tox21,0.5,2,17,val,True,10,564,111,0.8011256289401985
Tox21,0.5,2,17,val,True,11,665,43,0.8279368877589172
Tox21,0.5,2,17,test,False,0,784,18,0.7528285465622281
Tox21,0.5,2,17,test,False,1,784,18,0.8207136640557006
Tox21,0.5,2,17,test,False,2,784,76,0.8311031816830211
Tox21,0.5,2,17,test,False,3,784,30,0.62210433244916
Tox21,0.5,2,17,test,False,4,784,88,0.7054597701149425
Tox21,0.5,2,17,test,False,5,784,39,0.839476854241955
Tox21,0.5,2,17,test,False,6,784,30,0.7585764809902742
Tox21,0.5,2,17,test,False,7,784,99,0.6853203568532036
Tox21,0.5,2,17,test,False,8,784,36,0.7546048722519311
Tox21,0.5,2,17,test,False,9,784,40,0.648168682795699
Tox21,0.5,2,17,test,False,10,784,103,0.7677173773576836
Tox21,0.5,2,17,test,False,11,784,48,0.7648607336956522
Tox21,0.5,2,17,test,True,0,736,18,0.7566542865985764
Tox21,0.5,2,17,test,True,1,670,18,0.8243865030674847
Tox21,0.5,2,17,test,True,2,668,76,0.8447057254623044
Tox21,0.5,2,17,test,True,3,564,30,0.670099875156055
Tox21,0.5,2,17,test,True,4,620,88,0.7175324675324676
Tox21,0.5,2,17,test,True,5,701,39,0.8491749941900999
Tox21,0.5,2,17,test,True,6,646,30,0.7779220779220779
Tox21,0.5,2,17,test,True,7,569,99,0.7097571459273588
Tox21,0.5,2,17,test,True,8,710,36,0.7608391031981536
Tox21,0.5,2,17,test,True,9,649,40,0.6601600985221675
Tox21,0.5,2,17,test,True,10,601,103,0.7930557180177019
Tox21,0.5,2,17,test,True,11,681,48,0.7739599789362823
Tox21,0.5,2,18,val,False,0,783,35,0.7216577540106952
Tox21,0.5,2,18,val,False,1,783,28,0.8347209082308421
Tox21,0.5,2,18,val,False,2,783,79,0.8604897871116225
Tox21,0.5,2,18,val,False,3,783,38,0.6859590250794771
Tox21,0.5,2,18,val,False,4,783,91,0.7135869910436382
Tox21,0.5,2,18,val,False,5,783,46,0.7872396908736948
Tox21,0.5,2,18,val,False,6,783,18,0.6980392156862745
Tox21,0.5,2,18,val,False,7,783,91,0.6764117385504669
Tox21,0.5,2,18,val,False,8,783,28,0.7659413434247871
Tox21,0.5,2,18,val,False,9,783,35,0.6310924369747899
Tox21,0.5,2,18,val,False,10,783,111,0.7743055555555556
Tox21,0.5,2,18,val,False,11,783,43,0.816436203645506
Tox21,0.5,2,18,val,True,0,724,35,0.7237404105328633
Tox21,0.5,2,18,val,True,1,663,28,0.8392575928009
Tox21,0.5,2,18,val,True,2,644,79,0.8834994959112804
Tox21,0.5,2,18,val,True,3,573,38,0.7297343826856861
Tox21,0.5,2,18,val,True,4,609,91,0.7214137214137215
Tox21,0.5,2,18,val,True,5,686,46,0.7958899456521739
Tox21,0.5,2,18,val,True,6,639,18,0.716765074252997
Tox21,0.5,2,18,val,True,7,572,91,0.7165246396015628
Tox21,0.5,2,18,val,True,8,699,28,0.7683627847562273
Tox21,0.5,2,18,val,True,9,643,35,0.6492951127819548
Tox21,0.5,2,18,val,True,10,564,111,0.8040291947576717
Tox21,0.5,2,18,val,True,11,665,43,0.8298811037164436
Tox21,0.5,2,18,test,False,0,784,18,0.7478241949521323
Tox21,0.5,2,18,test,False,1,784,18,0.8257905425007254
Tox21,0.5,2,18,test,False,2,784,76,0.8333333333333334
Tox21,0.5,2,18,test,False,3,784,30,0.625552608311229
Tox21,0.5,2,18,test,False,4,784,88,0.70826802507837
Tox21,0.5,2,18,test,False,5,784,39,0.8466701084150748
Tox21,0.5,2,18,test,False,6,784,30,0.7617595048629532
Tox21,0.5,2,18,test,False,7,784,99,0.6896261888962619
Tox21,0.5,2,18,test,False,8,784,36,0.7598039215686274
Tox21,0.5,2,18,test,False,9,784,40,0.6592741935483871
Tox21,0.5,2,18,test,False,10,784,103,0.7716236830474887
Tox21,0.5,2,18,test,False,11,784,48,0.7641530797101449
Tox21,0.5,2,18,test,True,0,736,18,0.7517796347879913
Tox21,0.5,2,18,test,True,1,670,18,0.8296693933197
Tox21,0.5,2,18,test,True,2,668,76,0.8468838904694168
Tox21,0.5,2,18,test,True,3,564,30,0.6739076154806491
Tox21,0.5,2,18,test,True,4,620,88,0.720586978810663
Tox21,0.5,2,18,test,True,5,701,39,0.856185606940894
Tox21,0.5,2,18,test,True,6,646,30,0.7807900432900433
Tox21,0.5,2,18,test,True,7,569,99,0.714635718891038
Tox21,0.5,2,18,test,True,8,710,36,0.7659083415759973
Tox21,0.5,2,18,test,True,9,649,40,0.6711412151067323
Tox21,0.5,2,18,test,True,10,601,103,0.7969548095293797
Tox21,0.5,2,18,test,True,11,681,48,0.7734662980516062
Tox21,0.5,2,19,val,False,0,783,35,0.7239877769289534
Tox21,0.5,2,19,val,False,1,783,28,0.834247871333964
Tox21,0.5,2,19,val,False,2,783,79,0.8607774741081703
Tox21,0.5,2,19,val,False,3,783,38,0.6885906040268457
Tox21,0.5,2,19,val,False,4,783,91,0.7150320777488407
Tox21,0.5,2,19,val,False,5,783,46,0.7839065541855937
Tox21,0.5,2,19,val,False,6,783,18,0.6977487291212782
Tox21,0.5,2,19,val,False,7,783,91,0.6773486628977958
Tox21,0.5,2,19,val,False,8,783,28,0.7659413434247871
Tox21,0.5,2,19,val,False,9,783,35,0.6372230710466005
Tox21,0.5,2,19,val,False,10,783,111,0.776718682968683
Tox21,0.5,2,19,val,False,11,783,43,0.8172532998114393
Tox21,0.5,2,19,val,True,0,724,35,0.7259796806966619
Tox21,0.5,2,19,val,True,1,663,28,0.8394263217097861
Tox21,0.5,2,19,val,True,2,644,79,0.88405959448863
Tox21,0.5,2,19,val,True,3,573,38,0.7324151500245941
Tox21,0.5,2,19,val,True,4,609,91,0.7223683652255082
Tox21,0.5,2,19,val,True,5,686,46,0.7924592391304348
Tox21,0.5,2,19,val,True,6,639,18,0.7165861513687601
Tox21,0.5,2,19,val,True,7,572,91,0.7178497178497177
Tox21,0.5,2,19,val,True,8,699,28,0.7684692356823506
Tox21,0.5,2,19,val,True,9,643,35,0.6547227443609023
Tox21,0.5,2,19,val,True,10,564,111,0.8062168128393294
Tox21,0.5,2,19,val,True,11,665,43,0.8310401555372766
Tox21,0.5,2,19,test,False,0,784,18,0.7454308093994778
Tox21,0.5,2,19,test,False,1,784,18,0.8323904844792572
Tox21,0.5,2,19,test,False,2,784,76,0.8355077311923876
Tox21,0.5,2,19,test,False,3,784,30,0.6273651635720601
Tox21,0.5,2,19,test,False,4,784,88,0.7074843260188087
Tox21,0.5,2,19,test,False,5,784,39,0.8513164687661332
Tox21,0.5,2,19,test,False,6,784,30,0.7623342175066314
Tox21,0.5,2,19,test,False,7,784,99,0.6938435449384355
Tox21,0.5,2,19,test,False,8,784,36,0.7625891265597148
Tox21,0.5,2,19,test,False,9,784,40,0.6692540322580645
Tox21,0.5,2,19,test,False,10,784,103,0.7751593173944656
Tox21,0.5,2,19,test,False,11,784,48,0.7632189764492754
Tox21,0.5,2,19,test,True,0,736,18,0.749535747446611
Tox21,0.5,2,19,test,True,1,670,18,0.8361451942740286
Tox21,0.5,2,19,test,True,2,668,76,0.8490176031294452
Tox21,0.5,2,19,test,True,3,564,30,0.6760299625468165
Tox21,0.5,2,19,test,True,4,620,88,0.7204160970608339
Tox21,0.5,2,19,test,True,5,701,39,0.8608722596638005
Tox21,0.5,2,19,test,True,6,646,30,0.781439393939394
Tox21,0.5,2,19,test,True,7,569,99,0.7191919191919192
Tox21,0.5,2,19,test,True,8,710,36,0.7688757006264425
Tox21,0.5,2,19,test,True,9,649,40,0.6808702791461412
Tox21,0.5,2,19,test,True,10,601,103,0.8003470191445393
Tox21,0.5,2,19,test,True,11,681,48,0.7725776724591891
Tox21,0.5,2,20,val,False,0,783,35,0.7252482811306341
Tox21,0.5,2,20,val,False,1,783,28,0.8358561967833491
Tox21,0.5,2,20,val,False,2,783,79,0.8609752589182968
Tox21,0.5,2,20,val,False,3,783,38,0.6908512892970682
Tox21,0.5,2,20,val,False,4,783,91,0.716651845264562
Tox21,0.5,2,20,val,False,5,783,46,0.7802489528641379
Tox21,0.5,2,20,val,False,6,783,18,0.69520697167756
Tox21,0.5,2,20,val,False,7,783,91,0.6788096296766817
Tox21,0.5,2,20,val,False,8,783,28,0.7670293282876064
Tox21,0.5,2,20,val,False,9,783,35,0.6441558441558441
Tox21,0.5,2,20,val,False,10,783,111,0.7795876233376232
Tox21,0.5,2,20,val,False,11,783,43,0.8190131992457573
Tox21,0.5,2,20,val,True,0,724,35,0.7271822517105535
Tox21,0.5,2,20,val,True,1,663,28,0.8413948256467941
Tox21,0.5,2,20,val,True,2,644,79,0.8843508457488518
Tox21,0.5,2,20,val,True,3,573,38,0.7352680767338908
Tox21,0.5,2,20,val,True,4,609,91,0.7240442954728669
Tox21,0.5,2,20,val,True,5,686,46,0.7889266304347826
Tox21,0.5,2,20,val,True,6,639,18,0.7135444623367329
Tox21,0.5,2,20,val,True,7,572,91,0.7192661808046423
Tox21,0.5,2,20,val,True,8,699,28,0.7692676176282733
Tox21,0.5,2,20,val,True,9,643,35,0.6607142857142857
Tox21,0.5,2,20,val,True,10,564,111,0.8090209414712726
Tox21,0.5,2,20,val,True,11,665,43,0.832909593957975
Tox21,0.5,2,20,test,False,0,784,18,0.7447055410501886
Tox21,0.5,2,20,test,False,1,784,18,0.8373223092544241
Tox21,0.5,2,20,test,False,2,784,76,0.8371803449301221
Tox21,0.5,2,20,test,False,3,784,30,0.6317860300618922
Tox21,0.5,2,20,test,False,4,784,88,0.7057046760710555
Tox21,0.5,2,20,test,False,5,784,39,0.8536912751677853
Tox21,0.5,2,20,test,False,6,784,30,0.7628205128205129
Tox21,0.5,2,20,test,False,7,784,99,0.6975447909754479
Tox21,0.5,2,20,test,False,8,784,36,0.7667483660130718
Tox21,0.5,2,20,test,False,9,784,40,0.6790994623655914
Tox21,0.5,2,20,test,False,10,784,103,0.7791511626249233
Tox21,0.5,2,20,test,False,11,784,48,0.7627377717391304
Tox21,0.5,2,20,test,True,0,736,18,0.7489167440420922
Tox21,0.5,2,20,test,True,1,670,18,0.8412576687116564
Tox21,0.5,2,20,test,True,2,668,76,0.8508179231863442
Tox21,0.5,2,20,test,True,3,564,30,0.6800249687890138
Tox21,0.5,2,20,test,True,4,620,88,0.7186431989063568
Tox21,0.5,2,20,test,True,5,701,39,0.8633511503602138
Tox21,0.5,2,20,test,True,6,646,30,0.7815476190476192
Tox21,0.5,2,20,test,True,7,569,99,0.723189340210617
Tox21,0.5,2,20,test,True,8,710,36,0.7726673260797889
Tox21,0.5,2,20,test,True,9,649,40,0.6902709359605912
Tox21,0.5,2,20,test,True,10,601,103,0.8042656061137754
Tox21,0.5,2,20,test,True,11,681,48,0.7725447604002106
Tox21,0.5,2,21,val,False,0,783,35,0.7263559969442324
Tox21,0.5,2,21,val,False,1,783,28,0.8369441816461685
Tox21,0.5,2,21,val,False,2,783,79,0.8610292002301496
Tox21,0.5,2,21,val,False,3,783,38,0.6953020134228187
Tox21,0.5,2,21,val,False,4,783,91,0.7177475703487264
Tox21,0.5,2,21,val,False,5,783,46,0.7766208483275323
Tox21,0.5,2,21,val,False,6,783,18,0.6932461873638345
Tox21,0.5,2,21,val,False,7,783,91,0.6793495521819221
Tox21,0.5,2,21,val,False,8,783,28,0.7672185430463576
Tox21,0.5,2,21,val,False,9,783,35,0.6478991596638656
Tox21,0.5,2,21,val,False,10,783,111,0.7820543758043758
Tox21,0.5,2,21,val,False,11,783,43,0.8205216844751728
Tox21,0.5,2,21,val,True,0,724,35,0.7281360149284678
Tox21,0.5,2,21,val,True,1,663,28,0.8426884139482563
Tox21,0.5,2,21,val,True,2,644,79,0.8845524812366977
Tox21,0.5,2,21,val,True,3,573,38,0.7393999016232169
Tox21,0.5,2,21,val,True,4,609,91,0.7255717255717256
Tox21,0.5,2,21,val,True,5,686,46,0.7853600543478262
Tox21,0.5,2,21,val,True,6,639,18,0.7114868491680086
Tox21,0.5,2,21,val,True,7,572,91,0.7198144890452582
Tox21,0.5,2,21,val,True,8,699,28,0.7692143921652117
Tox21,0.5,2,21,val,True,9,643,35,0.6645676691729323
Tox21,0.5,2,21,val,True,10,564,111,0.8114273213610963
Tox21,0.5,2,21,val,True,11,665,43,0.8345920885366036
Tox21,0.5,2,21,test,False,0,784,18,0.7429648970118944
Tox21,0.5,2,21,test,False,1,784,18,0.8416739193501594
Tox21,0.5,2,21,test,False,2,784,76,0.838890127862028
Tox21,0.5,2,21,test,False,3,784,30,0.6358532272325377
Tox21,0.5,2,21,test,False,4,784,88,0.7054924242424243
Tox21,0.5,2,21,test,False,5,784,39,0.8562553777318878
Tox21,0.5,2,21,test,False,6,784,30,0.7627320954907162
Tox21,0.5,2,21,test,False,7,784,99,0.7009511170095112
Tox21,0.5,2,21,test,False,8,784,36,0.7678995840760546
Tox21,0.5,2,21,test,False,9,784,40,0.6860887096774194
Tox21,0.5,2,21,test,False,10,784,103,0.7826939252669547
Tox21,0.5,2,21,test,False,11,784,48,0.7628509963768115
Tox21,0.5,2,21,test,True,0,736,18,0.7470597338285361
Tox21,0.5,2,21,test,True,1,670,18,0.8462849352419906
Tox21,0.5,2,21,test,True,2,668,76,0.8528627311522048
Tox21,0.5,2,21,test,True,3,564,30,0.6842696629213484
Tox21,0.5,2,21,test,True,4,620,88,0.718984962406015
Tox21,0.5,2,21,test,True,5,701,39,0.8658687737237585
Tox21,0.5,2,21,test,True,6,646,30,0.7810064935064935
Tox21,0.5,2,21,test,True,7,569,99,0.7271867612293145
Tox21,0.5,2,21,test,True,8,710,36,0.7741510056050115
Tox21,0.5,2,21,test,True,9,649,40,0.697824302134647
Tox21,0.5,2,21,test,True,10,601,103,0.8076870589152727
Tox21,0.5,2,21,test,True,11,681,48,0.7729397051079515
Tox21,0.5,2,22,val,False,0,783,35,0.7282467532467533
Tox21,0.5,2,22,val,False,1,783,28,0.8368495742667927
Tox21,0.5,2,22,val,False,2,783,79,0.8611370828538549
Tox21,0.5,2,22,val,False,3,783,38,0.6995054750971388
Tox21,0.5,2,22,val,False,4,783,91,0.7183986533697516
Tox21,0.5,2,22,val,False,5,783,46,0.7752344994395611
Tox21,0.5,2,22,val,False,6,783,18,0.6907770515613654
Tox21,0.5,2,22,val,False,7,783,91,0.6799529949818967
Tox21,0.5,2,22,val,False,8,783,28,0.7676442762535477
Tox21,0.5,2,22,val,False,9,783,35,0.6524828113063408
Tox21,0.5,2,22,val,False,10,783,111,0.7837167524667524
Tox21,0.5,2,22,val,False,11,783,43,0.8219673161533626
Tox21,0.5,2,22,val,True,0,724,35,0.7303130831432717
Tox21,0.5,2,22,val,True,1,663,28,0.8422947131608548
Tox21,0.5,2,22,val,True,2,644,79,0.8846420970090735
Tox21,0.5,2,22,val,True,3,573,38,0.7429906542056074
Tox21,0.5,2,22,val,True,4,609,91,0.7261869404726549
Tox21,0.5,2,22,val,True,5,686,46,0.7841032608695653
Tox21,0.5,2,22,val,True,6,639,18,0.708355698693863
Tox21,0.5,2,22,val,True,7,572,91,0.7206826437595668
Tox21,0.5,2,22,val,True,8,699,28,0.7692676176282733
Tox21,0.5,2,22,val,True,9,643,35,0.6687500000000001
Tox21,0.5,2,22,val,True,10,564,111,0.8134757273830121
Tox21,0.5,2,22,val,True,11,665,43,0.8360502505047483
Tox21,0.5,2,22,test,False,0,784,18,0.7418769944879605
Tox21,0.5,2,22,test,False,1,784,18,0.8447925732521033
Tox21,0.5,2,22,test,False,2,784,76,0.8408043413618793
Tox21,0.5,2,22,test,False,3,784,30,0.6392572944297082
Tox21,0.5,2,22,test,False,4,784,88,0.7063740856844306
Tox21,0.5,2,22,test,False,5,784,39,0.8578213732576149
Tox21,0.5,2,22,test,False,6,784,30,0.7623784261715296
Tox21,0.5,2,22,test,False,7,784,99,0.7029418270294183
Tox21,0.5,2,22,test,False,8,784,36,0.7705733808674986
Tox21,0.5,2,22,test,False,9,784,40,0.6925403225806451
Tox21,0.5,2,22,test,False,10,784,103,0.7863507406298562
Tox21,0.5,2,22,test,False,11,784,48,0.761520606884058
Tox21,0.5,2,22,test,True,0,736,18,0.7465181058495821
Tox21,0.5,2,22,test,True,1,670,18,0.849778459441036
Tox21,0.5,2,22,test,True,2,668,76,0.8546852773826458
Tox21,0.5,2,22,test,True,3,564,30,0.6875780274656679
Tox21,0.5,2,22,test,True,4,620,88,0.7203947368421053
Tox21,0.5,2,22,test,True,5,701,39,0.8676504764118057
Tox21,0.5,2,22,test,True,6,646,30,0.7805194805194805
Tox21,0.5,2,22,test,True,7,569,99,0.7299376746185258
Tox21,0.5,2,22,test,True,8,710,36,0.7764177382129904
Tox21,0.5,2,22,test,True,9,649,40,0.7043103448275861
Tox21,0.5,2,22,test,True,10,601,103,0.8109720435138612
Tox21,0.5,2,22,test,True,11,681,48,0.7722814639283833
Tox21,0.5,2,23,val,False,0,783,35,0.7305576776165011
Tox21,0.5,2,23,val,False,1,783,28,0.8352412488174077
Tox21,0.5,2,23,val,False,2,783,79,0.8610471806674338
Tox21,0.5,2,23,val,False,3,783,38,0.702331331684917
Tox21,0.5,2,23,val,False,4,783,91,0.719843740074954
Tox21,0.5,2,23,val,False,5,783,46,0.7743790926788982
Tox21,0.5,2,23,val,False,6,783,18,0.6867102396514161
Tox21,0.5,2,23,val,False,7,783,91,0.6810804802134282
Tox21,0.5,2,23,val,False,8,783,28,0.7686376537369914
Tox21,0.5,2,23,val,False,9,783,35,0.6572192513368984
Tox21,0.5,2,23,val,False,10,783,111,0.7853523166023166
Tox21,0.5,2,23,val,False,11,783,43,0.8227215587680704
Tox21,0.5,2,23,val,True,0,724,35,0.7322828115280945
Tox21,0.5,2,23,val,True,1,663,28,0.8407199100112486
Tox21,0.5,2,23,val,True,2,644,79,0.8843956536350398
Tox21,0.5,2,23,val,True,3,573,38,0.7456960157402853
Tox21,0.5,2,23,val,True,4,609,91,0.7278204421061565
Tox21,0.5,2,23,val,True,5,686,46,0.7833899456521739
Tox21,0.5,2,23,val,True,6,639,18,0.7041510109142959
Tox21,0.5,2,23,val,True,7,572,91,0.7222361837746453
Tox21,0.5,2,23,val,True,8,699,28,0.7697998722588887
Tox21,0.5,2,23,val,True,9,643,35,0.6731672932330828
Tox21,0.5,2,23,val,True,10,564,111,0.8154644710936102
Tox21,0.5,2,23,val,True,11,665,43,0.8369101921782697
Tox21,0.5,2,23,test,False,0,784,18,0.7419495213228895
Tox21,0.5,2,23,test,False,1,784,18,0.8477661734841891
Tox21,0.5,2,23,test,False,2,784,76,0.8420680939637228
Tox21,0.5,2,23,test,False,3,784,30,0.6413351016799292
Tox21,0.5,2,23,test,False,4,784,88,0.7074679989550678
Tox21,0.5,2,23,test,False,5,784,39,0.8590776114266048
Tox21,0.5,2,23,test,False,6,784,30,0.758001768346596
Tox21,0.5,2,23,test,False,7,784,99,0.7058320430583204
Tox21,0.5,2,23,test,False,8,784,36,0.7729500891265597
Tox21,0.5,2,23,test,False,9,784,40,0.6973454301075269
Tox21,0.5,2,23,test,False,10,784,103,0.7894016509131346
Tox21,0.5,2,23,test,False,11,784,48,0.761124320652174
Tox21,0.5,2,23,test,True,0,736,18,0.7464407304240172
Tox21,0.5,2,23,test,True,1,670,18,0.8528459441036128
Tox21,0.5,2,23,test,True,2,668,76,0.8561299786628733
Tox21,0.5,2,23,test,True,3,564,30,0.6890761548064919
Tox21,0.5,2,23,test,True,4,620,88,0.7222530758714969
Tox21,0.5,2,23,test,True,5,701,39,0.8686575257572237
Tox21,0.5,2,23,test,True,6,646,30,0.7754599567099568
Tox21,0.5,2,23,test,True,7,569,99,0.7332903503116269
Tox21,0.5,2,23,test,True,8,710,36,0.7781486976590835
Tox21,0.5,2,23,test,True,9,649,40,0.7095238095238096
Tox21,0.5,2,23,test,True,10,601,103,0.814071821265645
Tox21,0.5,2,23,test,True,11,681,48,0.7716561348077935
Tox21,0.5,2,24,val,False,0,783,35,0.7292207792207793
Tox21,0.5,2,24,val,False,1,783,28,0.8366603595080416
Tox21,0.5,2,24,val,False,2,783,79,0.8612269850402762
Tox21,0.5,2,24,val,False,3,783,38,0.7071176262804663
Tox21,0.5,2,24,val,False,4,783,91,0.7198596201486376
Tox21,0.5,2,24,val,False,5,783,46,0.7730517373606277
Tox21,0.5,2,24,val,False,6,783,18,0.6843137254901961
Tox21,0.5,2,24,val,False,7,783,91,0.6819538842660231
Tox21,0.5,2,24,val,False,8,783,28,0.7700094607379375
Tox21,0.5,2,24,val,False,9,783,35,0.6613827349121466
Tox21,0.5,2,24,val,False,10,783,111,0.7864918489918489
Tox21,0.5,2,24,val,False,11,783,43,0.8237272155876807
Tox21,0.5,2,24,val,True,0,724,35,0.7308314327182251
Tox21,0.5,2,24,val,True,1,663,28,0.8422384701912262
Tox21,0.5,2,24,val,True,2,644,79,0.8844180575781337
Tox21,0.5,2,24,val,True,3,573,38,0.7505164781111657
Tox21,0.5,2,24,val,True,4,609,91,0.7278204421061564
Tox21,0.5,2,24,val,True,5,686,46,0.7818274456521739
Tox21,0.5,2,24,val,True,6,639,18,0.701377706208624
Tox21,0.5,2,24,val,True,7,572,91,0.7229215690754152
Tox21,0.5,2,24,val,True,8,699,28,0.7709708324462422
Tox21,0.5,2,24,val,True,9,643,35,0.6769736842105263
Tox21,0.5,2,24,val,True,10,564,111,0.8173537776186782
Tox21,0.5,2,24,val,True,11,665,43,0.8381440215359306
Tox21,0.5,2,24,test,False,0,784,18,0.7434725848563969
Tox21,0.5,2,24,test,False,1,784,18,0.850739773716275
Tox21,0.5,2,24,test,False,2,784,76,0.8426256318763009
Tox21,0.5,2,24,test,False,3,784,30,0.6426613616268789
Tox21,0.5,2,24,test,False,4,784,88,0.7073210553814001
Tox21,0.5,2,24,test,False,5,784,39,0.8590948201686457
Tox21,0.5,2,24,test,False,6,784,30,0.754818744473917
Tox21,0.5,2,24,test,False,7,784,99,0.7075720710757207
Tox21,0.5,2,24,test,False,8,784,36,0.7751782531194296
Tox21,0.5,2,24,test,False,9,784,40,0.7028729838709676
Tox21,0.5,2,24,test,False,10,784,103,0.7917539882810829
Tox21,0.5,2,24,test,False,11,784,48,0.7618602807971014
Tox21,0.5,2,24,test,True,0,736,18,0.7478334880841845
Tox21,0.5,2,24,test,True,1,670,18,0.8566802999318337
Tox21,0.5,2,24,test,True,2,668,76,0.8567523115220484
Tox21,0.5,2,24,test,True,3,564,30,0.6898876404494382
Tox21,0.5,2,24,test,True,4,620,88,0.7222744360902256
Tox21,0.5,2,24,test,True,5,701,39,0.8686187930900922
Tox21,0.5,2,24,test,True,6,646,30,0.7716450216450217
Tox21,0.5,2,24,test,True,7,569,99,0.7352030947775628
Tox21,0.5,2,24,test,True,8,710,36,0.7798796571051765
Tox21,0.5,2,24,test,True,9,649,40,0.7152914614121512
Tox21,0.5,2,24,test,True,10,601,103,0.816372285257535
Tox21,0.5,2,24,test,True,11,681,48,0.772577672459189
Tox21,0.5,2,25,val,False,0,783,35,0.7296218487394959
Tox21,0.5,2,25,val,False,1,783,28,0.8393093661305582
Tox21,0.5,2,25,val,False,2,783,79,0.8612809263521289
Tox21,0.5,2,25,val,False,3,783,38,0.7118685976686684
Tox21,0.5,2,25,val,False,4,783,91,0.7211617861906879
Tox21,0.5,2,25,val,False,5,783,46,0.7727567695121231
Tox21,0.5,2,25,val,False,6,783,18,0.6823529411764706
Tox21,0.5,2,25,val,False,7,783,91,0.6829543289080862
Tox21,0.5,2,25,val,False,8,783,28,0.7708609271523179
Tox21,0.5,2,25,val,False,9,783,35,0.66524064171123
Tox21,0.5,2,25,val,False,10,783,111,0.7879397254397255
Tox21,0.5,2,25,val,False,11,783,43,0.8251728472658706
Tox21,0.5,2,25,val,True,0,724,35,0.7308936346672196
Tox21,0.5,2,25,val,True,1,663,28,0.8448818897637795
Tox21,0.5,2,25,val,True,2,644,79,0.8845972891228856
Tox21,0.5,2,25,val,True,3,573,38,0.7554353172651254
Tox21,0.5,2,25,val,True,4,609,91,0.7293903008188722
Tox21,0.5,2,25,val,True,5,686,46,0.7810461956521739
Tox21,0.5,2,25,val,True,6,639,18,0.6994095544820182
Tox21,0.5,2,25,val,True,7,572,91,0.7244751090904937
Tox21,0.5,2,25,val,True,8,699,28,0.7719288907813497
Tox21,0.5,2,25,val,True,9,643,35,0.6799812030075187
Tox21,0.5,2,25,val,True,10,564,111,0.8190839846468985
Tox21,0.5,2,25,val,True,11,665,43,0.839976071188215
Tox21,0.5,2,25,test,False,0,784,18,0.7437626921961126
Tox21,0.5,2,25,test,False,1,784,18,0.8532056861038584
Tox21,0.5,2,25,test,False,2,784,76,0.8436849539101993
Tox21,0.5,2,25,test,False,3,784,30,0.6471043324491601
Tox21,0.5,2,25,test,False,4,784,88,0.7092313218390804
Tox21,0.5,2,25,test,False,5,784,39,0.8597487523662021
Tox21,0.5,2,25,test,False,6,784,30,0.7538461538461538
Tox21,0.5,2,25,test,False,7,784,99,0.7099756690997567
Tox21,0.5,2,25,test,False,8,784,36,0.7777406417112299
Tox21,0.5,2,25,test,False,9,784,40,0.7118951612903226
Tox21,0.5,2,25,test,False,10,784,103,0.7949332078753404
Tox21,0.5,2,25,test,False,11,784,48,0.7622565670289855
Tox21,0.5,2,25,test,True,0,736,18,0.7482203652120087
Tox21,0.5,2,25,test,True,1,670,18,0.8592365371506475
Tox21,0.5,2,25,test,True,2,668,76,0.8578413940256044
Tox21,0.5,2,25,test,True,3,564,30,0.6949750312109864
Tox21,0.5,2,25,test,True,4,620,88,0.7243036568694463
Tox21,0.5,2,25,test,True,5,701,39,0.8692385157641955
Tox21,0.5,2,25,test,True,6,646,30,0.7707792207792208
Tox21,0.5,2,25,test,True,7,569,99,0.7386847195357834
Tox21,0.5,2,25,test,True,8,710,36,0.7818166831519948
Tox21,0.5,2,25,test,True,9,649,40,0.7245073891625616
Tox21,0.5,2,25,test,True,10,601,103,0.8193940811790853
Tox21,0.5,2,25,test,True,11,681,48,0.7732359136387572
Tox21,0.5,2,26,val,False,0,783,35,0.7309396485867073
Tox21,0.5,2,26,val,False,1,783,28,0.8420056764427626
Tox21,0.5,2,26,val,False,2,783,79,0.8611910241657077
Tox21,0.5,2,26,val,False,3,783,38,0.715400918403391
Tox21,0.5,2,26,val,False,4,783,91,0.7214079273327828
Tox21,0.5,2,26,val,False,5,783,46,0.7713409238393015
Tox21,0.5,2,26,val,False,6,783,18,0.6808278867102396
Tox21,0.5,2,26,val,False,7,783,91,0.6848916978974783
Tox21,0.5,2,26,val,False,8,783,28,0.771523178807947
Tox21,0.5,2,26,val,False,9,783,35,0.6674178762414056
Tox21,0.5,2,26,val,False,10,783,111,0.7895752895752897
Tox21,0.5,2,26,val,False,11,783,43,0.8265556253928348
Tox21,0.5,2,26,val,True,0,724,35,0.7322828115280945
Tox21,0.5,2,26,val,True,1,663,28,0.8474128233970755
Tox21,0.5,2,26,val,True,2,644,79,0.8842612299764758
Tox21,0.5,2,26,val,True,3,573,38,0.75976389572061
Tox21,0.5,2,26,val,True,4,609,91,0.7299949085663371
Tox21,0.5,2,26,val,True,5,686,46,0.7792798913043478
Tox21,0.5,2,26,val,True,6,639,18,0.6978887099660046
Tox21,0.5,2,26,val,True,7,572,91,0.7266226496995728
Tox21,0.5,2,26,val,True,8,699,28,0.772354694485842
Tox21,0.5,2,26,val,True,9,643,35,0.681625939849624
Tox21,0.5,2,26,val,True,10,564,111,0.8209732911719667
Tox21,0.5,2,26,val,True,11,665,43,0.8413968443879458
Tox21,0.5,2,26,test,False,0,784,18,0.7416594139831738
Tox21,0.5,2,26,test,False,1,784,18,0.8515375689004931
Tox21,0.5,2,26,test,False,2,784,76,0.8449115373178709
Tox21,0.5,2,26,test,False,3,784,30,0.6516799292661362
Tox21,0.5,2,26,test,False,4,784,88,0.710651776384535
Tox21,0.5,2,26,test,False,5,784,39,0.8602650146274308
Tox21,0.5,2,26,test,False,6,784,30,0.7525198938992043
Tox21,0.5,2,26,test,False,7,784,99,0.7121433311214334
Tox21,0.5,2,26,test,False,8,784,36,0.7806372549019609
Tox21,0.5,2,26,test,False,9,784,40,0.719119623655914
Tox21,0.5,2,26,test,False,10,784,103,0.7974708809147029
Tox21,0.5,2,26,test,False,11,784,48,0.7623697916666667
Tox21,0.5,2,26,test,True,0,736,18,0.7460538532961932
Tox21,0.5,2,26,test,True,1,670,18,0.8585548738922972
Tox21,0.5,2,26,test,True,2,668,76,0.8591305120910384
Tox21,0.5,2,26,test,True,3,564,30,0.6995006242197253
Tox21,0.5,2,26,test,True,4,620,88,0.7256920710868079
Tox21,0.5,2,26,test,True,5,701,39,0.869703307769773
Tox21,0.5,2,26,test,True,6,646,30,0.7691558441558441
Tox21,0.5,2,26,test,True,7,569,99,0.7407264130668385
Tox21,0.5,2,26,test,True,8,710,36,0.7846191889218596
Tox21,0.5,2,26,test,True,9,649,40,0.7314039408866995
Tox21,0.5,2,26,test,True,10,601,103,0.8219089952041174
Tox21,0.5,2,26,test,True,11,681,48,0.7735321221695629
Tox21,0.5,2,27,val,False,0,783,35,0.7311688311688311
Tox21,0.5,2,27,val,False,1,783,28,0.8476821192052981
Tox21,0.5,2,27,val,False,2,783,79,0.8604538262370541
Tox21,0.5,2,27,val,False,3,783,38,0.7162133521723774
Tox21,0.5,2,27,val,False,4,783,91,0.7227815537064092
Tox21,0.5,2,27,val,False,5,783,46,0.7710754527756474
Tox21,0.5,2,27,val,False,6,783,18,0.6802469135802469
Tox21,0.5,2,27,val,False,7,783,91,0.6850584386711555
Tox21,0.5,2,27,val,False,8,783,28,0.772469252601703
Tox21,0.5,2,27,val,False,9,783,35,0.6701680672268908
Tox21,0.5,2,27,val,False,10,783,111,0.7909159159159159
Tox21,0.5,2,27,val,False,11,783,43,0.8280641106222502
Tox21,0.5,2,27,val,True,0,724,35,0.7325316193240722
Tox21,0.5,2,27,val,True,1,663,28,0.8532058492688415
Tox21,0.5,2,27,val,True,2,644,79,0.8836339195698443
Tox21,0.5,2,27,val,True,3,573,38,0.7607968519429414
Tox21,0.5,2,27,val,True,4,609,91,0.7315117315117315
Tox21,0.5,2,27,val,True,5,686,46,0.7789062499999999
Tox21,0.5,2,27,val,True,6,639,18,0.6968151726605832
Tox21,0.5,2,27,val,True,7,572,91,0.726428457197688
Tox21,0.5,2,27,val,True,8,699,28,0.7730466255056418
Tox21,0.5,2,27,val,True,9,643,35,0.6834586466165414
Tox21,0.5,2,27,val,True,10,564,111,0.8224847363920211
Tox21,0.5,2,27,val,True,11,665,43,0.8426306737456069
Tox21,0.5,2,27,test,False,0,784,18,0.7397737162750218
Tox21,0.5,2,27,test,False,1,784,18,0.8487090223382652
Tox21,0.5,2,27,test,False,2,784,76,0.8453203984537616
Tox21,0.5,2,27,test,False,3,784,30,0.6541114058355437
Tox21,0.5,2,27,test,False,4,784,88,0.7124477533960293
Tox21,0.5,2,27,test,False,5,784,39,0.859748752366202
Tox21,0.5,2,27,test,False,6,784,30,0.7522325375773652
Tox21,0.5,2,27,test,False,7,784,99,0.7135294551352944
Tox21,0.5,2,27,test,False,8,784,36,0.7823083778966131
Tox21,0.5,2,27,test,False,9,784,40,0.7242271505376344
Tox21,0.5,2,27,test,False,10,784,103,0.799766191922216
Tox21,0.5,2,27,test,False,11,784,48,0.7622282608695652
Tox21,0.5,2,27,test,True,0,736,18,0.744119467657072
Tox21,0.5,2,27,test,True,1,670,18,0.8563394683026585
Tox21,0.5,2,27,test,True,2,668,76,0.8597083926031294
Tox21,0.5,2,27,test,True,3,564,30,0.7023096129837704
Tox21,0.5,2,27,test,True,4,620,88,0.7280203349282297
Tox21,0.5,2,27,test,True,5,701,39,0.8690061197614067
Tox21,0.5,2,27,test,True,6,646,30,0.7699404761904762
Tox21,0.5,2,27,test,True,7,569,99,0.7422093273157103
Tox21,0.5,2,27,test,True,8,710,36,0.786061655126937
Tox21,0.5,2,27,test,True,9,649,40,0.736863711001642
Tox21,0.5,2,27,test,True,10,601,103,0.8240534955355402
Tox21,0.5,2,27,test,True,11,681,48,0.7737295945234334
Tox21,0.5,2,28,val,False,0,783,35,0.7298701298701298
Tox21,0.5,2,28,val,False,1,783,28,0.8533585619678336
Tox21,0.5,2,28,val,False,2,783,79,0.8602200805523591
Tox21,0.5,2,28,val,False,3,783,38,0.7186859766866832
Tox21,0.5,2,28,val,False,4,783,91,0.7235437972432193
Tox21,0.5,2,28,val,False,5,783,46,0.7685092324936582
Tox21,0.5,2,28,val,False,6,783,18,0.6814814814814816
Tox21,0.5,2,28,val,False,7,783,91,0.6855110207711365
Tox21,0.5,2,28,val,False,8,783,28,0.7731315042573321
Tox21,0.5,2,28,val,False,9,783,35,0.6720397249809015
Tox21,0.5,2,28,val,False,10,783,111,0.7928061990561991
Tox21,0.5,2,28,val,False,11,783,43,0.8296354494028912
Tox21,0.5,2,28,val,True,0,724,35,0.7314119842421729
Tox21,0.5,2,28,val,True,1,663,28,0.8590551181102363
Tox21,0.5,2,28,val,True,2,644,79,0.8832978604234345
Tox21,0.5,2,28,val,True,3,573,38,0.7641908509591736
Tox21,0.5,2,28,val,True,4,609,91,0.7322330179473037
Tox21,0.5,2,28,val,True,5,686,46,0.7762567934782608
Tox21,0.5,2,28,val,True,6,639,18,0.6986938629450707
Tox21,0.5,2,28,val,True,7,572,91,0.7274451120604966
Tox21,0.5,2,28,val,True,8,699,28,0.7737385565254417
Tox21,0.5,2,28,val,True,9,643,35,0.6850093984962405
Tox21,0.5,2,28,val,True,10,564,111,0.824513254976831
Tox21,0.5,2,28,val,True,11,665,43,0.844911388618859
Tox21,0.5,2,28,test,False,0,784,18,0.7369451697127937
Tox21,0.5,2,28,test,False,1,784,18,0.8454453147664636
Tox21,0.5,2,28,test,False,2,784,76,0.8460823669342847
Tox21,0.5,2,28,test,False,3,784,30,0.6572944297082228
Tox21,0.5,2,28,test,False,4,784,88,0.7140886233019852
Tox21,0.5,2,28,test,False,5,784,39,0.8599896747547754
Tox21,0.5,2,28,test,False,6,784,30,0.7517683465959328
Tox21,0.5,2,28,test,False,7,784,99,0.7150777851507779
Tox21,0.5,2,28,test,False,8,784,36,0.7865790255496139
Tox21,0.5,2,28,test,False,9,784,40,0.7289650537634409
Tox21,0.5,2,28,test,False,10,784,103,0.8029026417461471
Tox21,0.5,2,28,test,False,11,784,48,0.764266304347826
Tox21,0.5,2,28,test,True,0,736,18,0.7411018260600434
Tox21,0.5,2,28,test,True,1,670,18,0.8528459441036128
Tox21,0.5,2,28,test,True,2,668,76,0.8604863086770982
Tox21,0.5,2,28,test,True,3,564,30,0.7038077403245943
Tox21,0.5,2,28,test,True,4,620,88,0.729803913192071
Tox21,0.5,2,28,test,True,5,701,39,0.8693547137655899
Tox21,0.5,2,28,test,True,6,646,30,0.7694805194805194
Tox21,0.5,2,28,test,True,7,569,99,0.74401461422738
Tox21,0.5,2,28,test,True,8,710,36,0.7904714803824596
Tox21,0.5,2,28,test,True,9,649,40,0.741543513957307
Tox21,0.5,2,28,test,True,10,601,103,0.8273092369477912
Tox21,0.5,2,28,test,True,11,681,48,0.7759347024749869
Tox21,0.5,2,29,val,False,0,783,35,0.7291061879297174
Tox21,0.5,2,29,val,False,1,783,28,0.8583727530747398
Tox21,0.5,2,29,val,False,2,783,79,0.8599683544303798
Tox21,0.5,2,29,val,False,3,783,38,0.720204874602614
Tox21,0.5,2,29,val,False,4,783,91,0.7246554024010671
Tox21,0.5,2,29,val,False,5,783,46,0.7695711167482744
Tox21,0.5,2,29,val,False,6,783,18,0.6843863471314452
Tox21,0.5,2,29,val,False,7,783,91,0.6857174617290225
Tox21,0.5,2,29,val,False,8,783,28,0.7748344370860927
Tox21,0.5,2,29,val,False,9,783,35,0.6720397249809015
Tox21,0.5,2,29,val,False,10,783,111,0.7934496996996998
Tox21,0.5,2,29,val,False,11,783,43,0.8308296668761785
Tox21,0.5,2,29,val,True,0,724,35,0.7309973045822102
Tox21,0.5,2,29,val,True,1,663,28,0.8639482564679415
Tox21,0.5,2,29,val,True,2,644,79,0.8829169933908367
Tox21,0.5,2,29,val,True,3,573,38,0.7655189375307428
Tox21,0.5,2,29,val,True,4,609,91,0.7336119478976622
Tox21,0.5,2,29,val,True,5,686,46,0.777241847826087
Tox21,0.5,2,29,val,True,6,639,18,0.7020933977455717
Tox21,0.5,2,29,val,True,7,572,91,0.7279248817710356
Tox21,0.5,2,29,val,True,8,699,28,0.7753353204172877
Tox21,0.5,2,29,val,True,9,643,35,0.6850563909774435
Tox21,0.5,2,29,val,True,10,564,111,0.8251695404013285
Tox21,0.5,2,29,val,True,11,665,43,0.8462947730501758
Tox21,0.5,2,29,test,False,0,784,18,0.7389759210908037
Tox21,0.5,2,29,test,False,1,784,18,0.8422541340295909
Tox21,0.5,2,29,test,False,2,784,76,0.8464540588760036
Tox21,0.5,2,29,test,False,3,784,30,0.6571175950486295
Tox21,0.5,2,29,test,False,4,784,88,0.7160233803552769
Tox21,0.5,2,29,test,False,5,784,39,0.8586818103596626
Tox21,0.5,2,29,test,False,6,784,30,0.7514588859416446
Tox21,0.5,2,29,test,False,7,784,99,0.7167293371672934
Tox21,0.5,2,29,test,False,8,784,36,0.7891042780748663
Tox21,0.5,2,29,test,False,9,784,40,0.7305779569892473
Tox21,0.5,2,29,test,False,10,784,103,0.8047559984602882
Tox21,0.5,2,29,test,False,11,784,48,0.7646625905797102
Tox21,0.5,2,29,test,True,0,736,18,0.7429588362735995
Tox21,0.5,2,29,test,True,1,670,18,0.8498636673483299
Tox21,0.5,2,29,test,True,2,668,76,0.8610197368421052
Tox21,0.5,2,29,test,True,3,564,30,0.7028714107365792
Tox21,0.5,2,29,test,True,4,620,88,0.7319506151742994
Tox21,0.5,2,29,test,True,5,701,39,0.8679603377488573
Tox21,0.5,2,29,test,True,6,646,30,0.7693722943722944
Tox21,0.5,2,29,test,True,7,569,99,0.745712443584784
Tox21,0.5,2,29,test,True,8,710,36,0.792408506429278
Tox21,0.5,2,29,test,True,9,649,40,0.7430213464696224
Tox21,0.5,2,29,test,True,10,601,103,0.8292782781611885
Tox21,0.5,2,29,test,True,11,681,48,0.7765600315955766
Tox21,0.5,2,30,val,False,0,783,35,0.7253246753246754
Tox21,0.5,2,30,val,False,1,783,28,0.865089877010407
Tox21,0.5,2,30,val,False,2,783,79,0.8596267261219793
Tox21,0.5,2,30,val,False,3,783,38,0.720699399505475
Tox21,0.5,2,30,val,False,4,783,91,0.7254335260115607
Tox21,0.5,2,30,val,False,5,783,46,0.7691581617603681
Tox21,0.5,2,30,val,False,6,783,18,0.6875090777051561
Tox21,0.5,2,30,val,False,7,783,91,0.685908022613225
Tox21,0.5,2,30,val,False,8,783,28,0.7755439924314097
Tox21,0.5,2,30,val,False,9,783,35,0.6737967914438503
Tox21,0.5,2,30,val,False,10,783,111,0.7949109824109825
Tox21,0.5,2,30,val,False,11,783,43,0.8320867379006913
Tox21,0.5,2,30,val,True,0,724,35,0.7271822517105535
Tox21,0.5,2,30,val,True,1,663,28,0.8708098987626547
Tox21,0.5,2,30,val,True,2,644,79,0.8825361263582392
Tox21,0.5,2,30,val,True,3,573,38,0.7659616330545991
Tox21,0.5,2,30,val,True,4,609,91,0.7347363061648775
Tox21,0.5,2,30,val,True,5,686,46,0.776664402173913
Tox21,0.5,2,30,val,True,6,639,18,0.7050456253354804
Tox21,0.5,2,30,val,True,7,572,91,0.7283818053048823
Tox21,0.5,2,30,val,True,8,699,28,0.7758143495848413
Tox21,0.5,2,30,val,True,9,643,35,0.6864661654135338
Tox21,0.5,2,30,val,True,10,564,111,0.826740647932701
Tox21,0.5,2,30,val,True,11,665,43,0.8478651013235625
Tox21,0.5,2,30,test,False,0,784,18,0.7453582825645488
Tox21,0.5,2,30,test,False,1,784,18,0.8404409631563678
Tox21,0.5,2,30,test,False,2,784,76,0.8470859351769253
Tox21,0.5,2,30,test,False,3,784,30,0.6618479221927498
Tox21,0.5,2,30,test,False,4,784,88,0.7173458725182863
Tox21,0.5,2,30,test,False,5,784,39,0.8583720530029255
Tox21,0.5,2,30,test,False,6,784,30,0.7501326259946949
Tox21,0.5,2,30,test,False,7,784,99,0.7177615571776156
Tox21,0.5,2,30,test,False,8,784,36,0.7923722519310754
Tox21,0.5,2,30,test,False,9,784,40,0.7331653225806452
Tox21,0.5,2,30,test,False,10,784,103,0.8070085396974751
Tox21,0.5,2,30,test,False,11,784,48,0.7646625905797101
Tox21,0.5,2,30,test,True,0,736,18,0.7497678737233054
Tox21,0.5,2,30,test,True,1,670,18,0.8483299250170415
Tox21,0.5,2,30,test,True,2,668,76,0.8616642958748222
Tox21,0.5,2,30,test,True,3,564,30,0.7071785268414482
Tox21,0.5,2,30,test,True,4,620,88,0.7335099111414901
Tox21,0.5,2,30,test,True,5,701,39,0.8674180804090169
Tox21,0.5,2,30,test,True,6,646,30,0.7682359307359308
Tox21,0.5,2,30,test,True,7,569,99,0.7469804427251235
Tox21,0.5,2,30,test,True,8,710,36,0.795375865479723
Tox21,0.5,2,30,test,True,9,649,40,0.7459770114942529
Tox21,0.5,2,30,test,True,10,601,103,0.8316177330681951
Tox21,0.5,2,30,test,True,11,681,48,0.7767575039494471
Tox21,0.5,2,31,val,False,0,783,35,0.7200152788388082
Tox21,0.5,2,31,val,False,1,783,28,0.8697256385998107
Tox21,0.5,2,31,val,False,2,783,79,0.8595008630609896
Tox21,0.5,2,31,val,False,3,783,38,0.722077004592017
Tox21,0.5,2,31,val,False,4,783,91,0.7241790001905609
Tox21,0.5,2,31,val,False,5,783,46,0.7689811810512653
Tox21,0.5,2,31,val,False,6,783,18,0.6896151053013798
Tox21,0.5,2,31,val,False,7,783,91,0.686320904528997
Tox21,0.5,2,31,val,False,8,783,28,0.7751655629139074
Tox21,0.5,2,31,val,False,9,783,35,0.6752100840336135
Tox21,0.5,2,31,val,False,10,783,111,0.7960505148005148
Tox21,0.5,2,31,val,False,11,783,43,0.8327781269641734
Tox21,0.5,2,31,val,True,0,724,35,0.722123159859009
Tox21,0.5,2,31,val,True,1,663,28,0.8755343082114736
Tox21,0.5,2,31,val,True,2,644,79,0.8822896829842052
Tox21,0.5,2,31,val,True,3,573,38,0.7673880964092474
Tox21,0.5,2,31,val,True,4,609,91,0.7334422334422335
Tox21,0.5,2,31,val,True,5,686,46,0.7766644021739131
Tox21,0.5,2,31,val,True,6,639,18,0.7066559312936125
Tox21,0.5,2,31,val,True,7,572,91,0.7286102670718055
Tox21,0.5,2,31,val,True,8,699,28,0.7756546731956567
Tox21,0.5,2,31,val,True,9,643,35,0.6879699248120301
Tox21,0.5,2,31,val,True,10,564,111,0.8279736690332716
Tox21,0.5,2,31,val,True,11,665,43,0.8485007103865998
Tox21,0.5,2,31,test,False,0,784,18,0.7485494633014215
Tox21,0.5,2,31,test,False,1,784,18,0.8320278503046128
Tox21,0.5,2,31,test,False,2,784,76,0.8476063038953315
Tox21,0.5,2,31,test,False,3,784,30,0.6643236074270557
Tox21,0.5,2,31,test,False,4,784,88,0.7180805903866249
Tox21,0.5,2,31,test,False,5,784,39,0.8567888487351575
Tox21,0.5,2,31,test,False,6,784,30,0.7489389920424403
Tox21,0.5,2,31,test,False,7,784,99,0.719280395192804
Tox21,0.5,2,31,test,False,8,784,36,0.794451871657754
Tox21,0.5,2,31,test,False,9,784,40,0.7346774193548388
Tox21,0.5,2,31,test,False,10,784,103,0.8088618964116163
Tox21,0.5,2,31,test,False,11,784,48,0.7635869565217391
Tox21,0.5,2,31,test,True,0,736,18,0.7528628907458992
Tox21,0.5,2,31,test,True,1,670,18,0.8402351738241309
Tox21,0.5,2,31,test,True,2,668,76,0.862375533428165
Tox21,0.5,2,31,test,True,3,564,30,0.7109238451935082
Tox21,0.5,2,31,test,True,4,620,88,0.7344497607655502
Tox21,0.5,2,31,test,True,5,701,39,0.8658300410566271
Tox21,0.5,2,31,test,True,6,646,30,0.7670454545454545
Tox21,0.5,2,31,test,True,7,569,99,0.7489576617236191
Tox21,0.5,2,31,test,True,8,710,36,0.7973953181668315
Tox21,0.5,2,31,test,True,9,649,40,0.7474137931034482
Tox21,0.5,2,31,test,True,10,601,103,0.8332358560455414
Tox21,0.5,2,31,test,True,11,681,48,0.7757701421800948
Tox21,0.5,2,32,val,False,0,783,35,0.7188693659281895
Tox21,0.5,2,32,val,False,1,783,28,0.872894985808893
Tox21,0.5,2,32,val,False,2,783,79,0.8595368239355581
Tox21,0.5,2,32,val,False,3,783,38,0.7237725185446839
Tox21,0.5,2,32,val,False,4,783,91,0.7237502382011052
Tox21,0.5,2,32,val,False,5,783,46,0.7700135685210313
Tox21,0.5,2,32,val,False,6,783,18,0.6951343500363109
Tox21,0.5,2,32,val,False,7,783,91,0.6869402274026553
Tox21,0.5,2,32,val,False,8,783,28,0.7754020813623463
Tox21,0.5,2,32,val,False,9,783,35,0.6766997708174178
Tox21,0.5,2,32,val,False,10,783,111,0.7962918275418276
Tox21,0.5,2,32,val,False,11,783,43,0.8330923947203017
Tox21,0.5,2,32,val,True,0,724,35,0.7209205888451171
Tox21,0.5,2,32,val,True,1,663,28,0.8794150731158604
Tox21,0.5,2,32,val,True,2,644,79,0.8823120869272992
Tox21,0.5,2,32,val,True,3,573,38,0.7695031972454501
Tox21,0.5,2,32,val,True,4,609,91,0.733675590818448
Tox21,0.5,2,32,val,True,5,686,46,0.7777173913043478
Tox21,0.5,2,32,val,True,6,639,18,0.7122920021470747
Tox21,0.5,2,32,val,True,7,572,91,0.7292271138424986
Tox21,0.5,2,32,val,True,8,699,28,0.7755482222695338
Tox21,0.5,2,32,val,True,9,643,35,0.6888627819548873
Tox21,0.5,2,32,val,True,10,564,111,0.8281924308414375
Tox21,0.5,2,32,val,True,11,665,43,0.8487250429970836
Tox21,0.5,2,32,test,False,0,784,18,0.7502901073397157
Tox21,0.5,2,32,test,False,1,784,18,0.8235422106179286
Tox21,0.5,2,32,test,False,2,784,76,0.84807091882248
Tox21,0.5,2,32,test,False,3,784,30,0.6676392572944297
Tox21,0.5,2,32,test,False,4,784,88,0.7192887931034483
Tox21,0.5,2,32,test,False,5,784,39,0.8561004990535191
Tox21,0.5,2,32,test,False,6,784,30,0.7498231653404066
Tox21,0.5,2,32,test,False,7,784,99,0.720725503207255
Tox21,0.5,2,32,test,False,8,784,36,0.7958259061200237
Tox21,0.5,2,32,test,False,9,784,40,0.7356182795698925
Tox21,0.5,2,32,test,False,10,784,103,0.8107580228960838
Tox21,0.5,2,32,test,False,11,784,48,0.761916893115942
Tox21,0.5,2,32,test,True,0,736,18,0.7545651501083256
Tox21,0.5,2,32,test,True,1,670,18,0.8317143830947512
Tox21,0.5,2,32,test,True,2,668,76,0.8629311877667141
Tox21,0.5,2,32,test,True,3,564,30,0.7147315855181023
Tox21,0.5,2,32,test,True,4,620,88,0.7356032125768968
Tox21,0.5,2,32,test,True,5,701,39,0.8652103183825238
Tox21,0.5,2,32,test,True,6,646,30,0.7680194805194805
Tox21,0.5,2,32,test,True,7,569,99,0.7509348807221148
Tox21,0.5,2,32,test,True,8,710,36,0.7986317177711837
Tox21,0.5,2,32,test,True,9,649,40,0.7483579638752053
Tox21,0.5,2,32,test,True,10,601,103,0.8352438881740555
Tox21,0.5,2,32,test,True,11,681,48,0.7743220115850448
Tox21,0.5,2,33,val,False,0,783,35,0.7189839572192513
Tox21,0.5,2,33,val,False,1,783,28,0.8754966887417218
Tox21,0.5,2,33,val,False,2,783,79,0.859375
Tox21,0.5,2,33,val,False,3,783,38,0.7255386789120453
Tox21,0.5,2,33,val,False,4,783,91,0.7221542907959093
Tox21,0.5,2,33,val,False,5,783,46,0.7692024069376437
Tox21,0.5,2,33,val,False,6,783,18,0.6973856209150326
Tox21,0.5,2,33,val,False,7,783,91,0.6872578288763259
Tox21,0.5,2,33,val,False,8,783,28,0.7759697256385998
Tox21,0.5,2,33,val,False,9,783,35,0.6770435446906035
Tox21,0.5,2,33,val,False,10,783,111,0.7968817031317031
Tox21,0.5,2,33,val,False,11,783,43,0.8329666876178504
Tox21,0.5,2,33,val,True,0,724,35,0.7208376529131246
Tox21,0.5,2,33,val,True,1,663,28,0.8818897637795275
Tox21,0.5,2,33,val,True,2,644,79,0.8822896829842053
Tox21,0.5,2,33,val,True,3,573,38,0.7719134284308903
Tox21,0.5,2,33,val,True,4,609,91,0.7323390894819466
Tox21,0.5,2,33,val,True,5,686,46,0.7768172554347826
Tox21,0.5,2,33,val,True,6,639,18,0.7151547682948649
Tox21,0.5,2,33,val,True,7,572,91,0.7297297297297298
Tox21,0.5,2,33,val,True,8,699,28,0.776080476900149
Tox21,0.5,2,33,val,True,9,643,35,0.6886748120300752
Tox21,0.5,2,33,val,True,10,564,111,0.8285305172722391
Tox21,0.5,2,33,val,True,11,665,43,0.8486876542286697
Tox21,0.5,2,33,test,False,0,784,18,0.7490571511459241
Tox21,0.5,2,33,test,False,1,784,18,0.8162895271250362
Tox21,0.5,2,33,test,False,2,784,76,0.849185994647636
Tox21,0.5,2,33,test,False,3,784,30,0.6708222811671087
Tox21,0.5,2,33,test,False,4,784,88,0.7195010449320793
Tox21,0.5,2,33,test,False,5,784,39,0.8563758389261744
Tox21,0.5,2,33,test,False,6,784,30,0.7509283819628646
Tox21,0.5,2,33,test,False,7,784,99,0.7217429772174297
Tox21,0.5,2,33,test,False,8,784,36,0.7966428995840761
Tox21,0.5,2,33,test,False,9,784,40,0.7381384408602151
Tox21,0.5,2,33,test,False,10,784,103,0.8120696291860913
Tox21,0.5,2,33,test,False,11,784,48,0.7608978713768115
Tox21,0.5,2,33,test,True,0,736,18,0.7530950170225935
Tox21,0.5,2,33,test,True,1,670,18,0.8253237900477164
Tox21,0.5,2,33,test,True,2,668,76,0.8640647226173542
Tox21,0.5,2,33,test,True,3,564,30,0.7179775280898877
Tox21,0.5,2,33,test,True,4,620,88,0.7355818523581682
Tox21,0.5,2,33,test,True,5,701,39,0.8655201797195755
Tox21,0.5,2,33,test,True,6,646,30,0.7692099567099567
Tox21,0.5,2,33,test,True,7,569,99,0.7523533204384267
Tox21,0.5,2,33,test,True,8,710,36,0.79941477085394
Tox21,0.5,2,33,test,True,9,649,40,0.7509852216748769
Tox21,0.5,2,33,test,True,10,601,103,0.8363941201700005
Tox21,0.5,2,33,test,True,11,681,48,0.7734333859926277
Tox21,0.5,2,34,val,False,0,783,35,0.719881588999236
Tox21,0.5,2,34,val,False,1,783,28,0.8780510879848628
Tox21,0.5,2,34,val,False,2,783,79,0.8595548043728423
Tox21,0.5,2,34,val,False,3,783,38,0.7282938890851289
Tox21,0.5,2,34,val,False,4,783,91,0.7213364670012069
Tox21,0.5,2,34,val,False,5,783,46,0.7681552710754528
Tox21,0.5,2,34,val,False,6,783,18,0.7004357298474946
Tox21,0.5,2,34,val,False,7,783,91,0.6877501111605159
Tox21,0.5,2,34,val,False,8,783,28,0.7768684957426679
Tox21,0.5,2,34,val,False,9,783,35,0.6770053475935829
Tox21,0.5,2,34,val,False,10,783,111,0.797578828828829
Tox21,0.5,2,34,val,False,11,783,43,0.8329352608422376
Tox21,0.5,2,34,val,True,0,724,35,0.7219365540120257
Tox21,0.5,2,34,val,True,1,663,28,0.8843082114735659
Tox21,0.5,2,34,val,True,2,644,79,0.8824689145289571
Tox21,0.5,2,34,val,True,3,573,38,0.7746187899655682
Tox21,0.5,2,34,val,True,4,609,91,0.7312783741355169
Tox21,0.5,2,34,val,True,5,686,46,0.7757133152173913
Tox21,0.5,2,34,val,True,6,639,18,0.7186437645374844
Tox21,0.5,2,34,val,True,7,572,91,0.7303922688538074
Tox21,0.5,2,34,val,True,8,699,28,0.776878858846072
Tox21,0.5,2,34,val,True,9,643,35,0.6882518796992482
Tox21,0.5,2,34,val,True,10,564,111,0.8292862398822665
Tox21,0.5,2,34,val,True,11,665,43,0.8486128766918417
Tox21,0.5,2,34,test,False,0,784,18,0.746156077748767
Tox21,0.5,2,34,test,False,1,784,18,0.8094720046417174
Tox21,0.5,2,34,test,False,2,784,76,0.8498178709485578
Tox21,0.5,2,34,test,False,3,784,30,0.6741379310344827
Tox21,0.5,2,34,test,False,4,784,88,0.7205459770114943
Tox21,0.5,2,34,test,False,5,784,39,0.8559628291171916
Tox21,0.5,2,34,test,False,6,784,30,0.7517241379310345
Tox21,0.5,2,34,test,False,7,784,99,0.7225540072255401
Tox21,0.5,2,34,test,False,8,784,36,0.797756981580511
Tox21,0.5,2,34,test,False,9,784,40,0.7407930107526881
Tox21,0.5,2,34,test,False,10,784,103,0.813823189769471
Tox21,0.5,2,34,test,False,11,784,48,0.7599920742753623
Tox21,0.5,2,34,test,True,0,736,18,0.7502321262766946
Tox21,0.5,2,34,test,True,1,670,18,0.8189331970006817
Tox21,0.5,2,34,test,True,2,668,76,0.8648426386913229
Tox21,0.5,2,34,test,True,3,564,30,0.7214107365792759
Tox21,0.5,2,34,test,True,4,620,88,0.7365430622009569
Tox21,0.5,2,34,test,True,5,701,39,0.8649779223797351
Tox21,0.5,2,34,test,True,6,646,30,0.770021645021645
Tox21,0.5,2,34,test,True,7,569,99,0.7536428110896197
Tox21,0.5,2,34,test,True,8,710,36,0.800568743818002
Tox21,0.5,2,34,test,True,9,649,40,0.7534482758620689
Tox21,0.5,2,34,test,True,10,601,103,0.8380122431473467
Tox21,0.5,2,34,test,True,11,681,48,0.7725776724591891
Tox21,0.5,2,35,val,False,0,783,35,0.7186783804430863
Tox21,0.5,2,35,val,False,1,783,28,0.8782403027436141
Tox21,0.5,2,35,val,False,2,783,79,0.859608745684695
Tox21,0.5,2,35,val,False,3,783,38,0.7303779583186154
Tox21,0.5,2,35,val,False,4,783,91,0.7207806644222828
Tox21,0.5,2,35,val,False,5,783,46,0.76862721963306
Tox21,0.5,2,35,val,False,6,783,18,0.7024691358024691
Tox21,0.5,2,35,val,False,7,783,91,0.6886711554341611
Tox21,0.5,2,35,val,False,8,783,28,0.7783112582781457
Tox21,0.5,2,35,val,False,9,783,35,0.6780366692131399
Tox21,0.5,2,35,val,False,10,783,111,0.798249141999142
Tox21,0.5,2,35,val,False,11,783,43,0.8337209302325582
Tox21,0.5,2,35,val,True,0,724,35,0.7210035247771095
Tox21,0.5,2,35,val,True,1,663,28,0.8841957255343083
Tox21,0.5,2,35,val,True,2,644,79,0.882558530301333
Tox21,0.5,2,35,val,True,3,573,38,0.7768814559763896
Tox21,0.5,2,35,val,True,4,609,91,0.7307692307692308
Tox21,0.5,2,35,val,True,5,686,46,0.7761209239130434
Tox21,0.5,2,35,val,True,6,639,18,0.7214170692431562
Tox21,0.5,2,35,val,True,7,572,91,0.7317630394553472
Tox21,0.5,2,35,val,True,8,699,28,0.778449010006387
Tox21,0.5,2,35,val,True,9,643,35,0.6891447368421052
Tox21,0.5,2,35,val,True,10,564,111,0.8299425253067636
Tox21,0.5,2,35,val,True,11,665,43,0.8490241531443954
Tox21,0.5,2,35,test,False,0,784,18,0.7436176385262547
Tox21,0.5,2,35,test,False,1,784,18,0.8048302872062663
Tox21,0.5,2,35,test,False,2,784,76,0.8504311626523937
Tox21,0.5,2,35,test,False,3,784,30,0.6805481874447391
Tox21,0.5,2,35,test,False,4,784,88,0.7205786311389759
Tox21,0.5,2,35,test,False,5,784,39,0.8561004990535191
Tox21,0.5,2,35,test,False,6,784,30,0.7525198938992043
Tox21,0.5,2,35,test,False,7,784,99,0.7240138612401387
Tox21,0.5,2,35,test,False,8,784,36,0.7980912061794414
Tox21,0.5,2,35,test,False,9,784,40,0.7440860215053764
Tox21,0.5,2,35,test,False,10,784,103,0.8155981352380138
Tox21,0.5,2,35,test,False,11,784,48,0.759171195652174
Tox21,0.5,2,35,test,True,0,736,18,0.7477561126586196
Tox21,0.5,2,35,test,True,1,670,18,0.8142467620995228
Tox21,0.5,2,35,test,True,2,668,76,0.865420519203414
Tox21,0.5,2,35,test,True,3,564,30,0.7284019975031211
Tox21,0.5,2,35,test,True,4,620,88,0.7361372180451127
Tox21,0.5,2,35,test,True,5,701,39,0.8650941203811295
Tox21,0.5,2,35,test,True,6,646,30,0.7709415584415584
Tox21,0.5,2,35,test,True,7,569,99,0.7553836234687299
Tox21,0.5,2,35,test,True,8,710,36,0.8010633036597428
Tox21,0.5,2,35,test,True,9,649,40,0.7573891625615764
Tox21,0.5,2,35,test,True,10,601,103,0.8396206183959137
Tox21,0.5,2,35,test,True,11,681,48,0.7721169036334913
Tox21,0.5,2,36,val,False,0,783,35,0.719327731092437
Tox21,0.5,2,36,val,False,1,783,28,0.8778145695364239
Tox21,0.5,2,36,val,False,2,783,79,0.8596267261219792
Tox21,0.5,2,36,val,False,3,783,38,0.7327799364182268
Tox21,0.5,2,36,val,False,4,783,91,0.7199866607381058
Tox21,0.5,2,36,val,False,5,783,46,0.7677718128723969
Tox21,0.5,2,36,val,False,6,783,18,0.7029048656499637
Tox21,0.5,2,36,val,False,7,783,91,0.6897827605920092
Tox21,0.5,2,36,val,False,8,783,28,0.7791390728476822
Tox21,0.5,2,36,val,False,9,783,35,0.6788770053475935
Tox21,0.5,2,36,val,False,10,783,111,0.7981821106821108
Tox21,0.5,2,36,val,False,11,783,43,0.8337523570081709
Tox21,0.5,2,36,val,True,0,724,35,0.7218743520630313
Tox21,0.5,2,36,val,True,1,663,28,0.8838020247469066
Tox21,0.5,2,36,val,True,2,644,79,0.882580934244427
Tox21,0.5,2,36,val,True,3,573,38,0.7791441219872111
Tox21,0.5,2,36,val,True,4,609,91,0.7298570155713013
Tox21,0.5,2,36,val,True,5,686,46,0.7755774456521739
Tox21,0.5,2,36,val,True,6,639,18,0.7220432993379854
Tox21,0.5,2,36,val,True,7,572,91,0.7329510406433483
Tox21,0.5,2,36,val,True,8,699,28,0.7794869065360869
Tox21,0.5,2,36,val,True,9,643,35,0.6898496240601504
Tox21,0.5,2,36,val,True,10,564,111,0.8300220750551878
Tox21,0.5,2,36,val,True,11,665,43,0.8489867643759815
Tox21,0.5,2,36,test,False,0,784,18,0.7418044676530317
Tox21,0.5,2,36,test,False,1,784,18,0.8010588917899624
Tox21,0.5,2,36,test,False,2,784,76,0.8511373773416592
Tox21,0.5,2,36,test,False,3,784,30,0.686737400530504
Tox21,0.5,2,36,test,False,4,784,88,0.7207908829676071
Tox21,0.5,2,36,test,False,5,784,39,0.8565135088625021
Tox21,0.5,2,36,test,False,6,784,30,0.7538903625110521
Tox21,0.5,2,36,test,False,7,784,99,0.7246774312467742
Tox21,0.5,2,36,test,False,8,784,36,0.7988339275103982
Tox21,0.5,2,36,test,False,9,784,40,0.7468750000000001
Tox21,0.5,2,36,test,False,10,784,103,0.8171307186747074
Tox21,0.5,2,36,test,False,11,784,48,0.7583786231884058
Tox21,0.5,2,36,test,True,0,736,18,0.7457443515939337
Tox21,0.5,2,36,test,True,1,670,18,0.8103271983640081
Tox21,0.5,2,36,test,True,2,668,76,0.8660428520625889
Tox21,0.5,2,36,test,True,3,564,30,0.7343320848938826
Tox21,0.5,2,36,test,True,4,620,88,0.7359663362952836
Tox21,0.5,2,36,test,True,5,701,39,0.8655201797195755
Tox21,0.5,2,36,test,True,6,646,30,0.7726190476190476
Tox21,0.5,2,36,test,True,7,569,99,0.7564581990113904
Tox21,0.5,2,36,test,True,8,710,36,0.8016815034619189
Tox21,0.5,2,36,test,True,9,649,40,0.760303776683087
Tox21,0.5,2,36,test,True,10,601,103,0.8412484891020393
Tox21,0.5,2,36,test,True,11,681,48,0.7713928383359664
Tox21,0.5,2,37,val,False,0,783,35,0.7218487394957983
Tox21,0.5,2,37,val,False,1,783,28,0.8783822138126773
Tox21,0.5,2,37,val,False,2,783,79,0.8598065304948217
Tox21,0.5,2,37,val,False,3,783,38,0.7336630166019076
Tox21,0.5,2,37,val,False,4,783,91,0.7197166994854857
Tox21,0.5,2,37,val,False,5,783,46,0.7687747035573123
Tox21,0.5,2,37,val,False,6,783,18,0.705519244734931
Tox21,0.5,2,37,val,False,7,783,91,0.6901638823604141
Tox21,0.5,2,37,val,False,8,783,28,0.7808420056764428
Tox21,0.5,2,37,val,False,9,783,35,0.6794117647058824
Tox21,0.5,2,37,val,False,10,783,111,0.79865132990133
Tox21,0.5,2,37,val,False,11,783,43,0.8335323695788812
Tox21,0.5,2,37,val,True,0,724,35,0.7244453659547999
Tox21,0.5,2,37,val,True,1,663,28,0.8839145106861643
Tox21,0.5,2,37,val,True,2,644,79,0.882558530301333
Tox21,0.5,2,37,val,True,3,573,38,0.7800295130349237
Tox21,0.5,2,37,val,True,4,609,91,0.7295600152743009
Tox21,0.5,2,37,val,True,5,686,46,0.7766983695652174
Tox21,0.5,2,37,val,True,6,639,18,0.7249060654857756
Tox21,0.5,2,37,val,True,7,572,91,0.7332251947636563
Tox21,0.5,2,37,val,True,8,699,28,0.7810836704279327
Tox21,0.5,2,37,val,True,9,643,35,0.6901315789473685
Tox21,0.5,2,37,val,True,10,564,111,0.8304993735457311
Tox21,0.5,2,37,val,True,11,665,43,0.8485380991550139
Tox21,0.5,2,37,test,False,0,784,18,0.7387583405860167
Tox21,0.5,2,37,test,False,1,784,18,0.7967798085291558
Tox21,0.5,2,37,test,False,2,784,76,0.8517506690454951
Tox21,0.5,2,37,test,False,3,784,30,0.6923076923076923
Tox21,0.5,2,37,test,False,4,784,88,0.71932144723093
Tox21,0.5,2,37,test,False,5,784,39,0.8567544312510754
Tox21,0.5,2,37,test,False,6,784,30,0.75552608311229
Tox21,0.5,2,37,test,False,7,784,99,0.7254589692545897
Tox21,0.5,2,37,test,False,8,784,36,0.7997251931075461
Tox21,0.5,2,37,test,False,9,784,40,0.749159946236559
Tox21,0.5,2,37,test,False,10,784,103,0.8177936501147656
Tox21,0.5,2,37,test,False,11,784,48,0.7575860507246377
Tox21,0.5,2,37,test,True,0,736,18,0.7427267099969049
Tox21,0.5,2,37,test,True,1,670,18,0.8059815950920245
Tox21,0.5,2,37,test,True,2,668,76,0.8666651849217638
Tox21,0.5,2,37,test,True,3,564,30,0.7401997503121098
Tox21,0.5,2,37,test,True,4,620,88,0.7341720779220781
Tox21,0.5,2,37,test,True,5,701,39,0.8656751103881013
Tox21,0.5,2,37,test,True,6,646,30,0.7744047619047618
Tox21,0.5,2,37,test,True,7,569,99,0.7576402321083171
Tox21,0.5,2,37,test,True,8,710,36,0.8025881965051105
Tox21,0.5,2,37,test,True,9,649,40,0.7626436781609196
Tox21,0.5,2,37,test,True,10,601,103,0.8417943619136741
Tox21,0.5,2,37,test,True,11,681,48,0.7708991574512901
Tox21,0.5,2,38,val,False,0,783,35,0.7237585943468297
Tox21,0.5,2,38,val,False,1,783,28,0.8797540208136234
Tox21,0.5,2,38,val,False,2,783,79,0.8596626869965478
Tox21,0.5,2,38,val,False,3,783,38,0.7355351465913105
Tox21,0.5,2,38,val,False,4,783,91,0.7187797751381566
Tox21,0.5,2,38,val,False,5,783,46,0.7693941360391717
Tox21,0.5,2,38,val,False,6,783,18,0.7054466230936819
Tox21,0.5,2,38,val,False,7,783,91,0.6904656037604014
Tox21,0.5,2,38,val,False,8,783,28,0.7828287606433302
Tox21,0.5,2,38,val,False,9,783,35,0.6813598166539343
Tox21,0.5,2,38,val,False,10,783,111,0.7988792363792364
Tox21,0.5,2,38,val,False,11,783,43,0.8335323695788812
Tox21,0.5,2,38,val,True,0,724,35,0.7263943603566245
Tox21,0.5,2,38,val,True,1,663,28,0.885376827896513
Tox21,0.5,2,38,val,True,2,644,79,0.8824689145289571
Tox21,0.5,2,38,val,True,3,573,38,0.7817019183472701
Tox21,0.5,2,38,val,True,4,609,91,0.7287963002248717
Tox21,0.5,2,38,val,True,5,686,46,0.7774116847826087
Tox21,0.5,2,38,val,True,6,639,18,0.7249060654857756
Tox21,0.5,2,38,val,True,7,572,91,0.7334993488839643
Tox21,0.5,2,38,val,True,8,699,28,0.783212688950394
Tox21,0.5,2,38,val,True,9,643,35,0.6919642857142857
Tox21,0.5,2,38,val,True,10,564,111,0.8308175725394267
Tox21,0.5,2,38,val,True,11,665,43,0.8486128766918418
Tox21,0.5,2,38,test,False,0,784,18,0.7387583405860169
Tox21,0.5,2,38,test,False,1,784,18,0.7943138961415724
Tox21,0.5,2,38,test,False,2,784,76,0.8525126375260185
Tox21,0.5,2,38,test,False,3,784,30,0.6978337754199823
Tox21,0.5,2,38,test,False,4,784,88,0.7193214472309301
Tox21,0.5,2,38,test,False,5,784,39,0.8571330235759766
Tox21,0.5,2,38,test,False,6,784,30,0.755393457117595
Tox21,0.5,2,38,test,False,7,784,99,0.7258939762589398
Tox21,0.5,2,38,test,False,8,784,36,0.8008764111705288
Tox21,0.5,2,38,test,False,9,784,40,0.751747311827957
Tox21,0.5,2,38,test,False,10,784,103,0.8189270490284133
Tox21,0.5,2,38,test,False,11,784,48,0.7565104166666666
Tox21,0.5,2,38,test,True,0,736,18,0.7431135871247292
Tox21,0.5,2,38,test,True,1,670,18,0.803680981595092
Tox21,0.5,2,38,test,True,2,668,76,0.8673764224751067
Tox21,0.5,2,38,test,True,3,564,30,0.7455680399500625
Tox21,0.5,2,38,test,True,4,620,88,0.733937115516063
Tox21,0.5,2,38,test,True,5,701,39,0.8660237043922844
Tox21,0.5,2,38,test,True,6,646,30,0.7748376623376623
Tox21,0.5,2,38,test,True,7,569,99,0.7584784010315926
Tox21,0.5,2,38,test,True,8,710,36,0.8038658094296077
Tox21,0.5,2,38,test,True,9,649,40,0.7653940886699507
Tox21,0.5,2,38,test,True,10,601,103,0.8428276211642688
Tox21,0.5,2,38,test,True,11,681,48,0.7698130595050027
Tox21,0.5,2,39,val,False,0,783,35,0.7273109243697478
Tox21,0.5,2,39,val,False,1,783,28,0.879848628192999
Tox21,0.5,2,39,val,False,2,783,79,0.8594828826237053
Tox21,0.5,2,39,val,False,3,783,38,0.7399505475097139
Tox21,0.5,2,39,val,False,4,783,91,0.7187480149907897
Tox21,0.5,2,39,val,False,5,783,46,0.7693941360391717
Tox21,0.5,2,39,val,False,6,783,18,0.7060275962236746
Tox21,0.5,2,39,val,False,7,783,91,0.6907990853077558
Tox21,0.5,2,39,val,False,8,783,28,0.7836802270577106
Tox21,0.5,2,39,val,False,9,783,35,0.6812070282658518
Tox21,0.5,2,39,val,False,10,783,111,0.7996433933933933
Tox21,0.5,2,39,val,False,11,783,43,0.8336580766813325
Tox21,0.5,2,39,val,True,0,724,35,0.729711797636326
Tox21,0.5,2,39,val,True,1,663,28,0.8858267716535433
Tox21,0.5,2,39,val,True,2,644,79,0.8823792987565813
Tox21,0.5,2,39,val,True,3,573,38,0.7857353664535169
Tox21,0.5,2,39,val,True,4,609,91,0.7290508719080148
Tox21,0.5,2,39,val,True,5,686,46,0.7773097826086958
Tox21,0.5,2,39,val,True,6,639,18,0.7264269100017893
Tox21,0.5,2,39,val,True,7,572,91,0.7342304265381188
Tox21,0.5,2,39,val,True,8,699,28,0.7842239727485629
Tox21,0.5,2,39,val,True,9,643,35,0.6920112781954887
Tox21,0.5,2,39,val,True,10,564,111,0.8319113815802558
Tox21,0.5,2,39,val,True,11,665,43,0.8487624317654977
Tox21,0.5,2,39,test,False,0,784,18,0.739628662605164
Tox21,0.5,2,39,test,False,1,784,18,0.7923556715984914
Tox21,0.5,2,39,test,False,2,784,76,0.8531073446327683
Tox21,0.5,2,39,test,False,3,784,30,0.7026083112290009
Tox21,0.5,2,39,test,False,4,784,88,0.719435736677116
Tox21,0.5,2,39,test,False,5,784,39,0.8572362760282224
Tox21,0.5,2,39,test,False,6,784,30,0.7554597701149426
Tox21,0.5,2,39,test,False,7,784,99,0.7268008552680086
Tox21,0.5,2,39,test,False,8,784,36,0.8024361259655377
Tox21,0.5,2,39,test,False,9,784,40,0.755510752688172
Tox21,0.5,2,39,test,False,10,784,103,0.8199250103360278
Tox21,0.5,2,39,test,False,11,784,48,0.7565953351449276
Tox21,0.5,2,39,test,True,0,736,18,0.7441194676570722
Tox21,0.5,2,39,test,True,1,670,18,0.801550783912747
Tox21,0.5,2,39,test,True,2,668,76,0.8681321123755333
Tox21,0.5,2,39,test,True,3,564,30,0.7508114856429463
Tox21,0.5,2,39,test,True,4,620,88,0.7338516746411483
Tox21,0.5,2,39,test,True,5,701,39,0.8660237043922844
Tox21,0.5,2,39,test,True,6,646,30,0.7750270562770563
Tox21,0.5,2,39,test,True,7,569,99,0.7597464001719322
Tox21,0.5,2,39,test,True,8,710,36,0.80526706231454
Tox21,0.5,2,39,test,True,9,649,40,0.7691707717569787
Tox21,0.5,2,39,test,True,10,601,103,0.8438218894997466
Tox21,0.5,2,39,test,True,11,681,48,0.7702080042127435
Tox21,0.5,2,40,val,False,0,783,35,0.7283040488922842
Tox21,0.5,2,40,val,False,1,783,28,0.8798959318826868
Tox21,0.5,2,40,val,False,2,783,79,0.8593030782508632
Tox21,0.5,2,40,val,False,3,783,38,0.7423172024019781
Tox21,0.5,2,40,val,False,4,783,91,0.7179222511592454
Tox21,0.5,2,40,val,False,5,783,46,0.7708394784968439
Tox21,0.5,2,40,val,False,6,783,18,0.7079883805374001
Tox21,0.5,2,40,val,False,7,783,91,0.6918789303182368
Tox21,0.5,2,40,val,False,8,783,28,0.785430463576159
Tox21,0.5,2,40,val,False,9,783,35,0.6820091673032849
Tox21,0.5,2,40,val,False,10,783,111,0.800333815958816
Tox21,0.5,2,40,val,False,11,783,43,0.833752357008171
Tox21,0.5,2,40,val,True,0,724,35,0.7305411569562512
Tox21,0.5,2,40,val,True,1,663,28,0.8857705286839146
Tox21,0.5,2,40,val,True,2,644,79,0.8820208356670775
Tox21,0.5,2,40,val,True,3,573,38,0.7879980324643384
Tox21,0.5,2,40,val,True,4,609,91,0.7281598710170138
Tox21,0.5,2,40,val,True,5,686,46,0.7787364130434784
Tox21,0.5,2,40,val,True,6,639,18,0.7283950617283951
Tox21,0.5,2,40,val,True,7,572,91,0.7349386580155811
Tox21,0.5,2,40,val,True,8,699,28,0.7856078347881627
Tox21,0.5,2,40,val,True,9,643,35,0.6929981203007519
Tox21,0.5,2,40,val,True,10,564,111,0.8326173855975181
Tox21,0.5,2,40,val,True,11,665,43,0.8489119868391535
Tox21,0.5,2,40,test,False,0,784,18,0.7360748476936467
Tox21,0.5,2,40,test,False,1,784,18,0.7906150275601972
Tox21,0.5,2,40,test,False,2,784,76,0.853218852215284
Tox21,0.5,2,40,test,False,3,784,30,0.7073828470380195
Tox21,0.5,2,40,test,False,4,784,88,0.719435736677116
Tox21,0.5,2,40,test,False,5,784,39,0.8564446738943383
Tox21,0.5,2,40,test,False,6,784,30,0.7575596816976127
Tox21,0.5,2,40,test,False,7,784,99,0.7268450932684509
Tox21,0.5,2,40,test,False,8,784,36,0.8021390374331551
Tox21,0.5,2,40,test,False,9,784,40,0.7572580645161291
Tox21,0.5,2,40,test,False,10,784,103,0.8205950700711403
Tox21,0.5,2,40,test,False,11,784,48,0.7563971920289855
Tox21,0.5,2,40,test,True,0,736,18,0.740328071804395
Tox21,0.5,2,40,test,True,1,670,18,0.7997614178595773
Tox21,0.5,2,40,test,True,2,668,76,0.8680432076813656
Tox21,0.5,2,40,test,True,3,564,30,0.7554931335830213
Tox21,0.5,2,40,test,True,4,620,88,0.7337448735475052
Tox21,0.5,2,40,test,True,5,701,39,0.8652490510496553
Tox21,0.5,2,40,test,True,6,646,30,0.7771645021645023
Tox21,0.5,2,40,test,True,7,569,99,0.7600042983021706
Tox21,0.5,2,40,test,True,8,710,36,0.8048961424332344
Tox21,0.5,2,40,test,True,9,649,40,0.7713464696223317
Tox21,0.5,2,40,test,True,10,601,103,0.8443677623113814
Tox21,0.5,2,40,test,True,11,681,48,0.7700763559768299
Tox21,0.5,2,41,val,False,0,783,35,0.7304812834224599
Tox21,0.5,2,41,val,False,1,783,28,0.8806527909176916
Tox21,0.5,2,41,val,False,2,783,79,0.8593929804372842
Tox21,0.5,2,41,val,False,3,783,38,0.7447191805015896
Tox21,0.5,2,41,val,False,4,783,91,0.7173664485803215
Tox21,0.5,2,41,val,False,5,783,46,0.7704855170786384
Tox21,0.5,2,41,val,False,6,783,18,0.7080610021786493
Tox21,0.5,2,41,val,False,7,783,91,0.6926570539287301
Tox21,0.5,2,41,val,False,8,783,28,0.7867549668874172
Tox21,0.5,2,41,val,False,9,783,35,0.6818945760122229
Tox21,0.5,2,41,val,False,10,783,111,0.8007158944658945
Tox21,0.5,2,41,val,False,11,783,43,0.8341923318667505
Tox21,0.5,2,41,val,True,0,724,35,0.7326145552560647
Tox21,0.5,2,41,val,True,1,663,28,0.8866141732283465
Tox21,0.5,2,41,val,True,2,644,79,0.8822448750980173
Tox21,0.5,2,41,val,True,3,573,38,0.7905558288243975
Tox21,0.5,2,41,val,True,4,609,91,0.7277143705715134
Tox21,0.5,2,41,val,True,5,686,46,0.7784307065217392
Tox21,0.5,2,41,val,True,6,639,18,0.7291107532653427
Tox21,0.5,2,41,val,True,7,572,91,0.7358068127298897
Tox21,0.5,2,41,val,True,8,699,28,0.7869916968277625
Tox21,0.5,2,41,val,True,9,643,35,0.6929511278195489
Tox21,0.5,2,41,val,True,10,564,111,0.8330847403695084
Tox21,0.5,2,41,val,True,11,665,43,0.8493232632917072
Tox21,0.5,2,41,test,False,0,784,18,0.7369451697127938
Tox21,0.5,2,41,test,False,1,784,18,0.7929358862779228
Tox21,0.5,2,41,test,False,2,784,76,0.8540365744870652
Tox21,0.5,2,41,test,False,3,784,30,0.7115384615384616
Tox21,0.5,2,41,test,False,4,784,88,0.7195500261233019
Tox21,0.5,2,41,test,False,5,784,39,0.8564790913784203
Tox21,0.5,2,41,test,False,6,784,30,0.7575154730327145
Tox21,0.5,2,41,test,False,7,784,99,0.726491189264912
Tox21,0.5,2,41,test,False,8,784,36,0.8023618538324421
Tox21,0.5,2,41,test,False,9,784,40,0.7612567204301075
Tox21,0.5,2,41,test,False,10,784,103,0.8213364127567968
Tox21,0.5,2,41,test,False,11,784,48,0.7556046195652174
Tox21,0.5,2,41,test,True,0,736,18,0.7414113277623027
Tox21,0.5,2,41,test,True,1,670,18,0.8025732788002726
Tox21,0.5,2,41,test,True,2,668,76,0.8687544452347085
Tox21,0.5,2,41,test,True,3,564,30,0.7593632958801498
Tox21,0.5,2,41,test,True,4,620,88,0.7337235133287765
Tox21,0.5,2,41,test,True,5,701,39,0.8654427143853125
Tox21,0.5,2,41,test,True,6,646,30,0.7766233766233767
Tox21,0.5,2,41,test,True,7,569,99,0.760240704921556
Tox21,0.5,2,41,test,True,8,710,36,0.8051846356742499
Tox21,0.5,2,41,test,True,9,649,40,0.7752873563218391
Tox21,0.5,2,41,test,True,10,601,103,0.8451280851561586
Tox21,0.5,2,41,test,True,11,681,48,0.7694510268562401
Tox21,0.5,2,42,val,False,0,783,35,0.7320091673032849
Tox21,0.5,2,42,val,False,1,783,28,0.880321665089877
Tox21,0.5,2,42,val,False,2,783,79,0.8596447065592636
Tox21,0.5,2,42,val,False,3,783,38,0.7472624514305899
Tox21,0.5,2,42,val,False,4,783,91,0.7171600076224353
Tox21,0.5,2,42,val,False,5,783,46,0.7706330010028907
Tox21,0.5,2,42,val,False,6,783,18,0.7073347857661583
Tox21,0.5,2,42,val,False,7,783,91,0.6936416184971098
Tox21,0.5,2,42,val,False,8,783,28,0.7881740775780511
Tox21,0.5,2,42,val,False,9,783,35,0.6823529411764706
Tox21,0.5,2,42,val,False,10,783,111,0.8009572072072072
Tox21,0.5,2,42,val,False,11,783,43,0.8333752357008171
Tox21,0.5,2,42,val,True,0,724,35,0.7340244660999378
Tox21,0.5,2,42,val,True,1,663,28,0.8863329583802024
Tox21,0.5,2,42,val,True,2,644,79,0.8823568948134871
Tox21,0.5,2,42,val,True,3,573,38,0.7923757993113625
Tox21,0.5,2,42,val,True,4,609,91,0.727481013195299
Tox21,0.5,2,42,val,True,5,686,46,0.7786005434782608
Tox21,0.5,2,42,val,True,6,639,18,0.7283056002862767
Tox21,0.5,2,42,val,True,7,572,91,0.7366749674441982
Tox21,0.5,2,42,val,True,8,699,28,0.7885352352565467
Tox21,0.5,2,42,val,True,9,643,35,0.6930921052631579
Tox21,0.5,2,42,val,True,10,564,111,0.8333631644889924
Tox21,0.5,2,42,val,True,11,665,43,0.8483137665445301
Tox21,0.5,2,42,test,False,0,784,18,0.7354221061792864
Tox21,0.5,2,42,test,False,1,784,18,0.7936248912097477
Tox21,0.5,2,42,test,False,2,784,76,0.8545383586083853
Tox21,0.5,2,42,test,False,3,784,30,0.7147656940760388
Tox21,0.5,2,42,test,False,4,784,88,0.7192234848484849
Tox21,0.5,2,42,test,False,5,784,39,0.8564102564102565
Tox21,0.5,2,42,test,False,6,784,30,0.7586427939876215
Tox21,0.5,2,42,test,False,7,784,99,0.7268156012681559
Tox21,0.5,2,42,test,False,8,784,36,0.8013220439691027
Tox21,0.5,2,42,test,False,9,784,40,0.7622647849462365
Tox21,0.5,2,42,test,False,10,784,103,0.8220777554424532
Tox21,0.5,2,42,test,False,11,784,48,0.7546139039855072
Tox21,0.5,2,42,test,True,0,736,18,0.7400959455277005
Tox21,0.5,2,42,test,True,1,670,18,0.8033827539195637
Tox21,0.5,2,42,test,True,2,668,76,0.8692656472261735
Tox21,0.5,2,42,test,True,3,564,30,0.7617353308364544
Tox21,0.5,2,42,test,True,4,620,88,0.7331681476418319
Tox21,0.5,2,42,test,True,5,701,39,0.8655201797195755
Tox21,0.5,2,42,test,True,6,646,30,0.7777867965367966
Tox21,0.5,2,42,test,True,7,569,99,0.7609714162905652
Tox21,0.5,2,42,test,True,8,710,36,0.8042779426310583
Tox21,0.5,2,42,test,True,9,649,40,0.7762725779967159
Tox21,0.5,2,42,test,True,10,601,103,0.8456739579677934
Tox21,0.5,2,42,test,True,11,681,48,0.7684965771458662
Tox21,0.5,2,43,val,False,0,783,35,0.7343391902215431
Tox21,0.5,2,43,val,False,1,783,28,0.8779091769157994
Tox21,0.5,2,43,val,False,2,783,79,0.859446921749137
Tox21,0.5,2,43,val,False,3,783,38,0.7509007417873543
Tox21,0.5,2,43,val,False,4,783,91,0.7172473480276949
Tox21,0.5,2,43,val,False,5,783,46,0.7710459559907971
Tox21,0.5,2,43,val,False,6,783,18,0.7072621641249093
Tox21,0.5,2,43,val,False,7,783,91,0.6943403417391857
Tox21,0.5,2,43,val,False,8,783,28,0.7895458845789972
Tox21,0.5,2,43,val,False,9,783,35,0.6825439266615738
Tox21,0.5,2,43,val,False,10,783,111,0.8018152080652081
Tox21,0.5,2,43,val,False,11,783,43,0.8333123821495915
Tox21,0.5,2,43,val,True,0,724,35,0.7363466721957288
Tox21,0.5,2,43,val,True,1,663,28,0.8835770528683913
Tox21,0.5,2,43,val,True,2,644,79,0.8820656435532654
Tox21,0.5,2,43,val,True,3,573,38,0.7955730447614363
Tox21,0.5,2,43,val,True,4,609,91,0.7277461920319063
Tox21,0.5,2,43,val,True,5,686,46,0.7791100543478261
Tox21,0.5,2,43,val,True,6,639,18,0.7292002147074611
Tox21,0.5,2,43,val,True,7,572,91,0.7374060450983528
Tox21,0.5,2,43,val,True,8,699,28,0.7898126463700235
Tox21,0.5,2,43,val,True,9,643,35,0.6935150375939849
Tox21,0.5,2,43,val,True,10,564,111,0.8340791122248076
Tox21,0.5,2,43,val,True,11,665,43,0.8480894339340462
Tox21,0.5,2,43,test,False,0,784,18,0.7338265158108499
Tox21,0.5,2,43,test,False,1,784,18,0.791847983753989
Tox21,0.5,2,43,test,False,2,784,76,0.8548357121617604
Tox21,0.5,2,43,test,False,3,784,30,0.7197170645446508
Tox21,0.5,2,43,test,False,4,784,88,0.7187826541274818
Tox21,0.5,2,43,test,False,5,784,39,0.8566511787988299
Tox21,0.5,2,43,test,False,6,784,30,0.7590185676392573
Tox21,0.5,2,43,test,False,7,784,99,0.7264764432647646
Tox21,0.5,2,43,test,False,8,784,36,0.8006535947712418
Tox21,0.5,2,43,test,False,9,784,40,0.7639112903225806
Tox21,0.5,2,43,test,False,10,784,103,0.8229331508489799
Tox21,0.5,2,43,test,False,11,784,48,0.7541043931159421
Tox21,0.5,2,43,test,True,0,736,18,0.7382389353141442
Tox21,0.5,2,43,test,True,1,670,18,0.8017211997273347
Tox21,0.5,2,43,test,True,2,668,76,0.8694879089615932
Tox21,0.5,2,43,test,True,3,564,30,0.7666042446941324
Tox21,0.5,2,43,test,True,4,620,88,0.7323778195488723
Tox21,0.5,2,43,test,True,5,701,39,0.8657138430552328
Tox21,0.5,2,43,test,True,6,646,30,0.7778679653679654
Tox21,0.5,2,43,test,True,7,569,99,0.7610788738448313
Tox21,0.5,2,43,test,True,8,710,36,0.8038245961094627
Tox21,0.5,2,43,test,True,9,649,40,0.7780377668308702
Tox21,0.5,2,43,test,True,10,601,103,0.846297812609662
Tox21,0.5,2,43,test,True,11,681,48,0.7678054239073197
Tox21,0.5,2,44,val,False,0,783,35,0.7369747899159664
Tox21,0.5,2,44,val,False,1,783,28,0.8778618732261116
Tox21,0.5,2,44,val,False,2,783,79,0.8596087456846951
Tox21,0.5,2,44,val,False,3,783,38,0.7520310844224656
Tox21,0.5,2,44,val,False,4,783,91,0.7172076478434859
Tox21,0.5,2,44,val,False,5,783,46,0.7715768981181051
Tox21,0.5,2,44,val,False,6,783,18,0.7070442992011619
Tox21,0.5,2,44,val,False,7,783,91,0.694816743949692
Tox21,0.5,2,44,val,False,8,783,28,0.7921948912015137
Tox21,0.5,2,44,val,False,9,783,35,0.6840718105423987
Tox21,0.5,2,44,val,False,10,783,111,0.8020565208065208
Tox21,0.5,2,44,val,False,11,783,43,0.833218101822753
Tox21,0.5,2,44,val,True,0,724,35,0.7389591540534937
Tox21,0.5,2,44,val,True,1,663,28,0.8832958380202475
Tox21,0.5,2,44,val,True,2,644,79,0.8821104514394533
Tox21,0.5,2,44,val,True,3,573,38,0.7965568125922283
Tox21,0.5,2,44,val,True,4,609,91,0.7275658704230133
Tox21,0.5,2,44,val,True,5,686,46,0.7795516304347827
Tox21,0.5,2,44,val,True,6,639,18,0.7291107532653427
Tox21,0.5,2,44,val,True,7,572,91,0.7379315071622764
Tox21,0.5,2,44,val,True,8,699,28,0.7923142431339153
Tox21,0.5,2,44,val,True,9,643,35,0.6951597744360902
Tox21,0.5,2,44,val,True,10,564,111,0.8340989996619136
Tox21,0.5,2,44,val,True,11,665,43,0.8480520451656322
Tox21,0.5,2,44,test,False,0,784,18,0.7335364084711343
Tox21,0.5,2,44,test,False,1,784,18,0.7929358862779228
Tox21,0.5,2,44,test,False,2,784,76,0.8555605114481118
Tox21,0.5,2,44,test,False,3,784,30,0.7246021220159151
Tox21,0.5,2,44,test,False,4,784,88,0.7186193834900731
Tox21,0.5,2,44,test,False,5,784,39,0.8564102564102565
Tox21,0.5,2,44,test,False,6,784,30,0.7604332449160036
Tox21,0.5,2,44,test,False,7,784,99,0.7264322052643222
Tox21,0.5,2,44,test,False,8,784,36,0.7993166963755198
Tox21,0.5,2,44,test,False,9,784,40,0.7650873655913979
Tox21,0.5,2,44,test,False,10,784,103,0.8237742896653979
Tox21,0.5,2,44,test,False,11,784,48,0.7537647192028986
Tox21,0.5,2,44,test,True,0,736,18,0.7376973073351902
Tox21,0.5,2,44,test,True,1,670,18,0.8030845262440354
Tox21,0.5,2,44,test,True,2,668,76,0.870199146514936
Tox21,0.5,2,44,test,True,3,564,30,0.7717228464419476
Tox21,0.5,2,44,test,True,4,620,88,0.7316302118933699
Tox21,0.5,2,44,test,True,5,701,39,0.8654427143853126
Tox21,0.5,2,44,test,True,6,646,30,0.7798701298701298
Tox21,0.5,2,44,test,True,7,569,99,0.7614227380184827
Tox21,0.5,2,44,test,True,8,710,36,0.8025057698648203
Tox21,0.5,2,44,test,True,9,649,40,0.7796387520525452
Tox21,0.5,2,44,test,True,10,601,103,0.8470386399968807
Tox21,0.5,2,44,test,True,11,681,48,0.7675421274354923
Tox21,0.5,2,45,val,False,0,783,35,0.7380825057295646
Tox21,0.5,2,45,val,False,1,783,28,0.8763481551561022
Tox21,0.5,2,45,val,False,2,783,79,0.8597346087456847
Tox21,0.5,2,45,val,False,3,783,38,0.7536206287530908
Tox21,0.5,2,45,val,False,4,783,91,0.7162548434224735
Tox21,0.5,2,45,val,False,5,783,46,0.7717538788272078
Tox21,0.5,2,45,val,False,6,783,18,0.704720406681191
Tox21,0.5,2,45,val,False,7,783,91,0.6957377882233373
Tox21,0.5,2,45,val,False,8,783,28,0.7949385052034058
Tox21,0.5,2,45,val,False,9,783,35,0.6859816653934301
Tox21,0.5,2,45,val,False,10,783,111,0.802123552123552
Tox21,0.5,2,45,val,False,11,783,43,0.833060967944689
Tox21,0.5,2,45,val,True,0,724,35,0.7401617250673854
Tox21,0.5,2,45,val,True,1,663,28,0.8817772778402699
Tox21,0.5,2,45,val,True,2,644,79,0.8822000672118294
Tox21,0.5,2,45,val,True,3,573,38,0.7980324643384161
Tox21,0.5,2,45,val,True,4,609,91,0.726802155373584
Tox21,0.5,2,45,val,True,5,686,46,0.7795176630434784
Tox21,0.5,2,45,val,True,6,639,18,0.727768831633566
Tox21,0.5,2,45,val,True,7,572,91,0.7386168924630464
Tox21,0.5,2,45,val,True,8,699,28,0.7950287417500532
Tox21,0.5,2,45,val,True,9,643,35,0.6968984962406015
Tox21,0.5,2,45,val,True,10,564,111,0.8341785494103374
Tox21,0.5,2,45,val,True,11,665,43,0.8478651013235624
Tox21,0.5,2,45,test,False,0,784,18,0.7340440963156368
Tox21,0.5,2,45,test,False,1,784,18,0.7925007252683494
Tox21,0.5,2,45,test,False,2,784,76,0.8555976806422837
Tox21,0.5,2,45,test,False,3,784,30,0.7281609195402299
Tox21,0.5,2,45,test,False,4,784,88,0.7189295977011495
Tox21,0.5,2,45,test,False,5,784,39,0.8563414214420926
Tox21,0.5,2,45,test,False,6,784,30,0.7603890362511052
Tox21,0.5,2,45,test,False,7,784,99,0.7262405072624051
Tox21,0.5,2,45,test,False,8,784,36,0.7982397504456328
Tox21,0.5,2,45,test,False,9,784,40,0.765356182795699
Tox21,0.5,2,45,test,False,10,784,103,0.8247579943829035
Tox21,0.5,2,45,test,False,11,784,48,0.7528589221014492
Tox21,0.5,2,45,test,True,0,736,18,0.738316310739709
Tox21,0.5,2,45,test,True,1,670,18,0.8024028629856851
Tox21,0.5,2,45,test,True,2,668,76,0.870176920341394
Tox21,0.5,2,45,test,True,3,564,30,0.7752808988764045
Tox21,0.5,2,45,test,True,4,620,88,0.7317156527682844
Tox21,0.5,2,45,test,True,5,701,39,0.8652877837167867
Tox21,0.5,2,45,test,True,6,646,30,0.7799783549783551
Tox21,0.5,2,45,test,True,7,569,99,0.7614657210401892
Tox21,0.5,2,45,test,True,8,710,36,0.8014342235410485
Tox21,0.5,2,45,test,True,9,649,40,0.7798440065681445
Tox21,0.5,2,45,test,True,10,601,103,0.8479159355870083
Tox21,0.5,2,45,test,True,11,681,48,0.7666205897840969
Tox21,0.5,2,46,val,False,0,783,35,0.7406035141329259
Tox21,0.5,2,46,val,False,1,783,28,0.8737937559129612
Tox21,0.5,2,46,val,False,2,783,79,0.8598784522439585
Tox21,0.5,2,46,val,False,3,783,38,0.7549982338396326
Tox21,0.5,2,46,val,False,4,783,91,0.7166042050435114
Tox21,0.5,2,46,val,False,5,783,46,0.7712229366998998
Tox21,0.5,2,46,val,False,6,783,18,0.704248366013072
Tox21,0.5,2,46,val,False,7,783,91,0.6958807088864891
Tox21,0.5,2,46,val,False,8,783,28,0.795837275307474
Tox21,0.5,2,46,val,False,9,783,35,0.6874713521772345
Tox21,0.5,2,46,val,False,10,783,111,0.8022978335478335
Tox21,0.5,2,46,val,False,11,783,43,0.8327152734129479
Tox21,0.5,2,46,val,True,0,724,35,0.7425253991291727
Tox21,0.5,2,46,val,True,1,663,28,0.8789651293588302
Tox21,0.5,2,46,val,True,2,644,79,0.8823344908703932
Tox21,0.5,2,46,val,True,3,573,38,0.7990654205607477
Tox21,0.5,2,46,val,True,4,609,91,0.7268445839874411
Tox21,0.5,2,46,val,True,5,686,46,0.7789741847826086
Tox21,0.5,2,46,val,True,6,639,18,0.7274557165861514
Tox21,0.5,2,46,val,True,7,572,91,0.738525507756277
Tox21,0.5,2,46,val,True,8,699,28,0.7959335746220992
Tox21,0.5,2,46,val,True,9,643,35,0.6980263157894736
Tox21,0.5,2,46,val,True,10,564,111,0.8340791122248076
Tox21,0.5,2,46,val,True,11,665,43,0.8475659911762506
Tox21,0.5,2,46,test,False,0,784,18,0.7336814621409923
Tox21,0.5,2,46,test,False,1,784,18,0.7930084131128518
Tox21,0.5,2,46,test,False,2,784,76,0.8558764495985727
Tox21,0.5,2,46,test,False,3,784,30,0.7318081343943413
Tox21,0.5,2,46,test,False,4,784,88,0.7192561389759666
Tox21,0.5,2,46,test,False,5,784,39,0.8573051109963862
Tox21,0.5,2,46,test,False,6,784,30,0.7590627763041558
Tox21,0.5,2,46,test,False,7,784,99,0.7260635552606356
Tox21,0.5,2,46,test,False,8,784,36,0.7963458110516934
Tox21,0.5,2,46,test,False,9,784,40,0.7672043010752688
Tox21,0.5,2,46,test,False,10,784,103,0.825755955690518
Tox21,0.5,2,46,test,False,11,784,48,0.7526324728260869
Tox21,0.5,2,46,test,True,0,736,18,0.7381615598885793
Tox21,0.5,2,46,test,True,1,670,18,0.8027436946148603
Tox21,0.5,2,46,test,True,2,668,76,0.8704658605974396
Tox21,0.5,2,46,test,True,3,564,30,0.778183520599251
Tox21,0.5,2,46,test,True,4,620,88,0.7317583732057416
Tox21,0.5,2,46,test,True,5,701,39,0.865984971725153
Tox21,0.5,2,46,test,True,6,646,30,0.778625541125541
Tox21,0.5,2,46,test,True,7,569,99,0.7615087040618955
Tox21,0.5,2,46,test,True,8,710,36,0.7996620507748106
Tox21,0.5,2,46,test,True,9,649,40,0.7816912972085386
Tox21,0.5,2,46,test,True,10,601,103,0.8487932311771357
Tox21,0.5,2,46,test,True,11,681,48,0.76655476566614
Tox21,0.5,2,47,val,False,0,783,35,0.7435064935064936
Tox21,0.5,2,47,val,False,1,783,28,0.8732734153263955
Tox21,0.5,2,47,val,False,2,783,79,0.8598964326812428
Tox21,0.5,2,47,val,False,3,783,38,0.755987283645355
Tox21,0.5,2,47,val,False,4,783,91,0.7158975417645937
Tox21,0.5,2,47,val,False,5,783,46,0.7704265235089376
Tox21,0.5,2,47,val,False,6,783,18,0.7042483660130718
Tox21,0.5,2,47,val,False,7,783,91,0.6961347900654259
Tox21,0.5,2,47,val,False,8,783,28,0.7960737937559129
Tox21,0.5,2,47,val,False,9,783,35,0.6871657754010696
Tox21,0.5,2,47,val,False,10,783,111,0.802324646074646
Tox21,0.5,2,47,val,False,11,783,43,0.8323695788812069
Tox21,0.5,2,47,val,True,0,724,35,0.7455110926809041
Tox21,0.5,2,47,val,True,1,663,28,0.8785151856017999
Tox21,0.5,2,47,val,True,2,644,79,0.882558530301333
Tox21,0.5,2,47,val,True,3,573,38,0.7996064928676831
Tox21,0.5,2,47,val,True,4,609,91,0.7261126903984048
Tox21,0.5,2,47,val,True,5,686,46,0.7780570652173914
Tox21,0.5,2,47,val,True,6,639,18,0.7277241009125067
Tox21,0.5,2,47,val,True,7,572,91,0.7384112768728153
Tox21,0.5,2,47,val,True,8,699,28,0.7963061528635299
Tox21,0.5,2,47,val,True,9,643,35,0.6975563909774435
Tox21,0.5,2,47,val,True,10,564,111,0.8340592247877016
Tox21,0.5,2,47,val,True,11,665,43,0.847079937186869
Tox21,0.5,2,47,test,False,0,784,18,0.7373078038874383
Tox21,0.5,2,47,test,False,1,784,18,0.7969248621990136
Tox21,0.5,2,47,test,False,2,784,76,0.8566941718703539
Tox21,0.5,2,47,test,False,3,784,30,0.7348364279398762
Tox21,0.5,2,47,test,False,4,784,88,0.7191091954022988
Tox21,0.5,2,47,test,False,5,784,39,0.8570641886078126
Tox21,0.5,2,47,test,False,6,784,30,0.7593722369584438
Tox21,0.5,2,47,test,False,7,784,99,0.7255916832559169
Tox21,0.5,2,47,test,False,8,784,36,0.7945632798573975
Tox21,0.5,2,47,test,False,9,784,40,0.7695228494623655
Tox21,0.5,2,47,test,False,10,784,103,0.8265685813267184
Tox21,0.5,2,47,test,False,11,784,48,0.7524343297101449
Tox21,0.5,2,47,test,True,0,736,18,0.7418755803156918
Tox21,0.5,2,47,test,True,1,670,18,0.8064076346284935
Tox21,0.5,2,47,test,True,2,668,76,0.8713326813655761
Tox21,0.5,2,47,test,True,3,564,30,0.7808988764044943
Tox21,0.5,2,47,test,True,4,620,88,0.7315234107997266
Tox21,0.5,2,47,test,True,5,701,39,0.8656751103881014
Tox21,0.5,2,47,test,True,6,646,30,0.7793831168831169
Tox21,0.5,2,47,test,True,7,569,99,0.761250805931657
Tox21,0.5,2,47,test,True,8,710,36,0.7979310913287174
Tox21,0.5,2,47,test,True,9,649,40,0.7841133004926109
Tox21,0.5,2,47,test,True,10,601,103,0.8494950676492378
Tox21,0.5,2,47,test,True,11,681,48,0.7665218536071617
Tox21,0.5,2,48,val,False,0,783,35,0.7451489686783803
Tox21,0.5,2,48,val,False,1,783,28,0.871996215704825
Tox21,0.5,2,48,val,False,2,783,79,0.8598784522439585
Tox21,0.5,2,48,val,False,3,783,38,0.756764394206994
Tox21,0.5,2,48,val,False,4,783,91,0.715159118338309
Tox21,0.5,2,48,val,False,5,783,46,0.7695121231785735
Tox21,0.5,2,48,val,False,6,783,18,0.7039941902687001
Tox21,0.5,2,48,val,False,7,783,91,0.6961824302864765
Tox21,0.5,2,48,val,False,8,783,28,0.7971617786187323
Tox21,0.5,2,48,val,False,9,783,35,0.6875859434682964
Tox21,0.5,2,48,val,False,10,783,111,0.8026061776061776
Tox21,0.5,2,48,val,False,11,783,43,0.8312067881835323
Tox21,0.5,2,48,val,True,0,724,35,0.7471698113207548
Tox21,0.5,2,48,val,True,1,663,28,0.8773340832395952
Tox21,0.5,2,48,val,True,2,644,79,0.882648146073709
Tox21,0.5,2,48,val,True,3,573,38,0.8008362026561731
Tox21,0.5,2,48,val,True,4,609,91,0.7254232254232253
Tox21,0.5,2,48,val,True,5,686,46,0.7771059782608696
Tox21,0.5,2,48,val,True,6,639,18,0.7274109858650921
Tox21,0.5,2,48,val,True,7,572,91,0.7380914303991226
Tox21,0.5,2,48,val,True,8,699,28,0.7975303385139452
Tox21,0.5,2,48,val,True,9,643,35,0.6976033834586466
Tox21,0.5,2,48,val,True,10,564,111,0.8344569735298213
Tox21,0.5,2,48,val,True,11,665,43,0.8457713302923802
Tox21,0.5,2,48,test,False,0,784,18,0.7363649550333623
Tox21,0.5,2,48,test,False,1,784,18,0.7966347548592979
Tox21,0.5,2,48,test,False,2,784,76,0.8568428486470413
Tox21,0.5,2,48,test,False,3,784,30,0.7367816091954023
Tox21,0.5,2,48,test,False,4,784,88,0.7197622779519333
Tox21,0.5,2,48,test,False,5,784,39,0.8573739459645501
Tox21,0.5,2,48,test,False,6,784,30,0.760079575596817
Tox21,0.5,2,48,test,False,7,784,99,0.7257391432573914
Tox21,0.5,2,48,test,False,8,784,36,0.7933006535947712
Tox21,0.5,2,48,test,False,9,784,40,0.7714717741935484
Tox21,0.5,2,48,test,False,10,784,103,0.827295667422266
Tox21,0.5,2,48,test,False,11,784,48,0.7515851449275363
Tox21,0.5,2,48,test,True,0,736,18,0.7409470752089137
Tox21,0.5,2,48,test,True,1,670,18,0.8065780504430811
Tox21,0.5,2,48,test,True,2,668,76,0.8715104907539117
Tox21,0.5,2,48,test,True,3,564,30,0.7828339575530586
Tox21,0.5,2,48,test,True,4,620,88,0.7319933356117566
Tox21,0.5,2,48,test,True,5,701,39,0.8659849717251531
Tox21,0.5,2,48,test,True,6,646,30,0.7803571428571429
Tox21,0.5,2,48,test,True,7,569,99,0.7614227380184828
Tox21,0.5,2,48,test,True,8,710,36,0.7966122650840751
Tox21,0.5,2,48,test,True,9,649,40,0.7860837438423647
Tox21,0.5,2,48,test,True,10,601,103,0.850216399578898
Tox21,0.5,2,48,test,True,11,681,48,0.7654686677198526
Tox21,0.5,2,49,val,False,0,783,35,0.7474789915966387
Tox21,0.5,2,49,val,False,1,783,28,0.8712866603595081
Tox21,0.5,2,49,val,False,2,783,79,0.8601121979286536
Tox21,0.5,2,49,val,False,3,783,38,0.7594489579653833
Tox21,0.5,2,49,val,False,4,783,91,0.7155402401067141
Tox21,0.5,2,49,val,False,5,783,46,0.7678603032269482
Tox21,0.5,2,49,val,False,6,783,18,0.7024691358024692
Tox21,0.5,2,49,val,False,7,783,91,0.6964206313917296
Tox21,0.5,2,49,val,False,8,783,28,0.7974456007568591
Tox21,0.5,2,49,val,False,9,783,35,0.6888082505729565
Tox21,0.5,2,49,val,False,10,783,111,0.803490990990991
Tox21,0.5,2,49,val,False,11,783,43,0.8298240100565681
Tox21,0.5,2,49,val,True,0,724,35,0.7495749533485382
Tox21,0.5,2,49,val,True,1,663,28,0.8766029246344206
Tox21,0.5,2,49,val,True,2,644,79,0.8831634367648707
Tox21,0.5,2,49,val,True,3,573,38,0.8029021151008362
Tox21,0.5,2,49,val,True,4,609,91,0.7258262972548687
Tox21,0.5,2,49,val,True,5,686,46,0.7753396739130435
Tox21,0.5,2,49,val,True,6,639,18,0.7253533726963679
Tox21,0.5,2,49,val,True,7,572,91,0.7384112768728153
Tox21,0.5,2,49,val,True,8,699,28,0.798328720459868
Tox21,0.5,2,49,val,True,9,643,35,0.6985902255639098
Tox21,0.5,2,49,val,True,10,564,111,0.8352524710140605
Tox21,0.5,2,49,val,True,11,665,43,0.8445001121663053
Tox21,0.5,2,49,test,False,0,784,18,0.734769364664926
Tox21,0.5,2,49,test,False,1,784,18,0.7972874963736583
Tox21,0.5,2,49,test,False,2,784,76,0.8575862325304787
Tox21,0.5,2,49,test,False,3,784,30,0.7412466843501326
Tox21,0.5,2,49,test,False,4,784,88,0.7200235109717869
Tox21,0.5,2,49,test,False,5,784,39,0.8579934606780245
Tox21,0.5,2,49,test,False,6,784,30,0.759792219274978
Tox21,0.5,2,49,test,False,7,784,99,0.7254147312541473
Tox21,0.5,2,49,test,False,8,784,36,0.7922979797979798
Tox21,0.5,2,49,test,False,9,784,40,0.7745967741935483
Tox21,0.5,2,49,test,False,10,784,103,0.8273099240123747
Tox21,0.5,2,49,test,False,11,784,48,0.7515002264492753
Tox21,0.5,2,49,test,True,0,736,18,0.7393995666976169
Tox21,0.5,2,49,test,True,1,670,18,0.8065780504430812
Tox21,0.5,2,49,test,True,2,668,76,0.8721772759601707
Tox21,0.5,2,49,test,True,3,564,30,0.7866416978776529
Tox21,0.5,2,49,test,True,4,620,88,0.7319933356117566
Tox21,0.5,2,49,test,True,5,701,39,0.8666434270663878
Tox21,0.5,2,49,test,True,6,646,30,0.7802218614718615
Tox21,0.5,2,49,test,True,7,569,99,0.7614657210401892
Tox21,0.5,2,49,test,True,8,710,36,0.7955407187603034
Tox21,0.5,2,49,test,True,9,649,40,0.7895320197044335
Tox21,0.5,2,49,test,True,10,601,103,0.8503528677818067
Tox21,0.5,2,49,test,True,11,681,48,0.7656332280147446
