dataset,alpha,seed,round,split,masked,task,n,positives,auc
Tox21,0.5,0,0,val,False,0,783,35,0.6538197097020626
Tox21,0.5,0,0,val,False,1,783,28,0.7759697256385998
Tox21,0.5,0,0,val,False,2,783,79,0.8268843498273878
Tox21,0.5,0,0,val,False,3,783,38,0.6476156835040622
Tox21,0.5,0,0,val,False,4,783,91,0.5783761036651209
Tox21,0.5,0,0,val,False,5,783,46,0.577193085953631
Tox21,0.5,0,0,val,False,6,783,18,0.6353667392883079
Tox21,0.5,0,0,val,False,7,783,91,0.6340754621101442
Tox21,0.5,0,0,val,False,8,783,28,0.7218543046357616
Tox21,0.5,0,0,val,False,9,783,35,0.536955691367456
Tox21,0.5,0,0,val,False,10,783,111,0.6545474045474046
Tox21,0.5,0,0,val,False,11,783,43,0.5695474544311754
Tox21,0.5,0,0,val,True,0,724,35,0.64955421936554
Tox21,0.5,0,0,val,True,1,663,28,0.7679977502812149
Tox21,0.5,0,0,val,True,2,644,79,0.8439789402934917
Tox21,0.5,0,0,val,True,3,573,38,0.6791441219872111
Tox21,0.5,0,0,val,True,4,609,91,0.5959947388518818
Tox21,0.5,0,0,val,True,5,686,46,0.5917459239130435
Tox21,0.5,0,0,val,True,6,639,18,0.6527106816961888
Tox21,0.5,0,0,val,True,7,572,91,0.6494025724794955
Tox21,0.5,0,0,val,True,8,699,28,0.7232808175431126
Tox21,0.5,0,0,val,True,9,643,35,0.5066964285714286
Tox21,0.5,0,0,val,True,10,564,111,0.6886025097945628
Tox21,0.5,0,0,val,True,11,665,43,0.5720481567337172
Tox21,0.5,0,0,test,False,0,784,18,0.6826950971859588
Tox21,0.5,0,0,test,False,1,784,18,0.6698578474035393
Tox21,0.5,0,0,test,False,2,784,76,0.8002899197145407
Tox21,0.5,0,0,test,False,3,784,30,0.5491600353669319
Tox21,0.5,0,0,test,False,4,784,88,0.6350248171368862
Tox21,0.5,0,0,test,False,5,784,39,0.588435725348477
Tox21,0.5,0,0,test,False,6,784,30,0.6272325375773652
Tox21,0.5,0,0,test,False,7,784,99,0.6037307380373074
Tox21,0.5,0,0,test,False,8,784,36,0.7108214497920381
Tox21,0.5,0,0,test,False,9,784,40,0.479872311827957
Tox21,0.5,0,0,test,False,10,784,103,0.6941106026260638
Tox21,0.5,0,0,test,False,11,784,48,0.6484516530797101
Tox21,0.5,0,0,test,True,0,736,18,0.6798204890126895
Tox21,0.5,0,0,test,True,1,670,18,0.6653885480572598
Tox21,0.5,0,0,test,True,2,668,76,0.8137668918918919
Tox21,0.5,0,0,test,True,3,564,30,0.5901997503121099
Tox21,0.5,0,0,test,True,4,620,88,0.6570189678742311
Tox21,0.5,0,0,test,True,5,701,39,0.5972189944999612
Tox21,0.5,0,0,test,True,6,646,30,0.6415043290043291
Tox21,0.5,0,0,test,True,7,569,99,0.6136471093917902
Tox21,0.5,0,0,test,True,8,710,36,0.7130728651500164
Tox21,0.5,0,0,test,True,9,649,40,0.46974548440065683
Tox21,0.5,0,0,test,True,10,601,103,0.7124420010137638
Tox21,0.5,0,0,test,True,11,681,48,0.6523499210110585
Tox21,0.5,0,1,val,False,0,783,35,0.692245989304813
Tox21,0.5,0,1,val,False,1,783,28,0.7713339640491959
Tox21,0.5,0,1,val,False,2,783,79,0.8295274741081703
Tox21,0.5,0,1,val,False,3,783,38,0.6702578594136348
Tox21,0.5,0,1,val,False,4,783,91,0.5806866543860763
Tox21,0.5,0,1,val,False,5,783,46,0.602221107899239
Tox21,0.5,0,1,val,False,6,783,18,0.6161220043572984
Tox21,0.5,0,1,val,False,7,783,91,0.6357905100679667
Tox21,0.5,0,1,val,False,8,783,28,0.7338694418164617
Tox21,0.5,0,1,val,False,9,783,35,0.5226508785332316
Tox21,0.5,0,1,val,False,10,783,111,0.6591725654225653
Tox21,0.5,0,1,val,False,11,783,43,0.6303739786297926
Tox21,0.5,0,1,val,True,0,724,35,0.6890731909599834
Tox21,0.5,0,1,val,True,1,663,28,0.7662542182227222
Tox21,0.5,0,1,val,True,2,644,79,0.8465553937492999
Tox21,0.5,0,1,val,True,3,573,38,0.7042302016724054
Tox21,0.5,0,1,val,True,4,609,91,0.5976918834061692
Tox21,0.5,0,1,val,True,5,686,46,0.6152683423913043
Tox21,0.5,0,1,val,True,6,639,18,0.633297548756486
Tox21,0.5,0,1,val,True,7,572,91,0.6489228027689565
Tox21,0.5,0,1,val,True,8,699,28,0.7356823504364489
Tox21,0.5,0,1,val,True,9,643,35,0.5102913533834585
Tox21,0.5,0,1,val,True,10,564,111,0.6929578585207724
Tox21,0.5,0,1,val,True,11,665,43,0.636151200179466
Tox21,0.5,0,1,test,False,0,784,18,0.7379605454017987
Tox21,0.5,0,1,test,False,1,784,18,0.6583260806498403
Tox21,0.5,0,1,test,False,2,784,76,0.8050104073743681
Tox21,0.5,0,1,test,False,3,784,30,0.5660919540229885
Tox21,0.5,0,1,test,False,4,784,88,0.6367718129571578
Tox21,0.5,0,1,test,False,5,784,39,0.607537429013939
Tox21,0.5,0,1,test,False,6,784,30,0.622236958443855
Tox21,0.5,0,1,test,False,7,784,99,0.6032441200324412
Tox21,0.5,0,1,test,False,8,784,36,0.7171345811051694
Tox21,0.5,0,1,test,False,9,784,40,0.5153393817204301
Tox21,0.5,0,1,test,False,10,784,103,0.6994853370970732
Tox21,0.5,0,1,test,False,11,784,48,0.672356204710145
Tox21,0.5,0,1,test,True,0,736,18,0.7370783039306716
Tox21,0.5,0,1,test,True,1,670,18,0.6549079754601227
Tox21,0.5,0,1,test,True,2,668,76,0.8186788762446657
Tox21,0.5,0,1,test,True,3,564,30,0.6083021223470662
Tox21,0.5,0,1,test,True,4,620,88,0.6587918660287081
Tox21,0.5,0,1,test,True,5,701,39,0.6174374467425827
Tox21,0.5,0,1,test,True,6,646,30,0.6378246753246753
Tox21,0.5,0,1,test,True,7,569,99,0.611798839458414
Tox21,0.5,0,1,test,True,8,710,36,0.7206149027365645
Tox21,0.5,0,1,test,True,9,649,40,0.5060550082101807
Tox21,0.5,0,1,test,True,10,601,103,0.7178032518423207
Tox21,0.5,0,1,test,True,11,681,48,0.6770997893628226
Tox21,0.5,0,2,val,False,0,783,35,0.7181436210847976
Tox21,0.5,0,2,val,False,1,783,28,0.7752601702932829
Tox21,0.5,0,2,val,False,2,783,79,0.8338607594936709
Tox21,0.5,0,2,val,False,3,783,38,0.6895443306252207
Tox21,0.5,0,2,val,False,4,783,91,0.5885155307120625
Tox21,0.5,0,2,val,False,5,783,46,0.6493274733054097
Tox21,0.5,0,2,val,False,6,783,18,0.6111837327523602
Tox21,0.5,0,2,val,False,7,783,91,0.6404274915835609
Tox21,0.5,0,2,val,False,8,783,28,0.7394512771996216
Tox21,0.5,0,2,val,False,9,783,35,0.5321619556913675
Tox21,0.5,0,2,val,False,10,783,111,0.6664387601887602
Tox21,0.5,0,2,val,False,11,783,43,0.6595851665619108
Tox21,0.5,0,2,val,True,0,724,35,0.7155712212315986
Tox21,0.5,0,2,val,True,1,663,28,0.771822272215973
Tox21,0.5,0,2,val,True,2,644,79,0.8512154139128485
Tox21,0.5,0,2,val,True,3,573,38,0.7254303984259715
Tox21,0.5,0,2,val,True,4,609,91,0.6061988204845348
Tox21,0.5,0,2,val,True,5,686,46,0.6608865489130434
Tox21,0.5,0,2,val,True,6,639,18,0.6256038647342995
Tox21,0.5,0,2,val,True,7,572,91,0.6539032692878847
Tox21,0.5,0,2,val,True,8,699,28,0.74164360229934
Tox21,0.5,0,2,val,True,9,643,35,0.5209586466165413
Tox21,0.5,0,2,val,True,10,564,111,0.7006741841178926
Tox21,0.5,0,2,val,True,11,665,43,0.6670530172736111
Tox21,0.5,0,2,test,False,0,784,18,0.7763272410791993
Tox21,0.5,0,2,test,False,1,784,18,0.6277197563098347
Tox21,0.5,0,2,test,False,2,784,76,0.8072219744275944
Tox21,0.5,0,2,test,False,3,784,30,0.5879752431476569
Tox21,0.5,0,2,test,False,4,784,88,0.6461108934169278
Tox21,0.5,0,2,test,False,5,784,39,0.6532438478747203
Tox21,0.5,0,2,test,False,6,784,30,0.621706454465075
Tox21,0.5,0,2,test,False,7,784,99,0.6051537270515372
Tox21,0.5,0,2,test,False,8,784,36,0.7210338680926917
Tox21,0.5,0,2,test,False,9,784,40,0.5199596774193549
Tox21,0.5,0,2,test,False,10,784,103,0.709051509060063
Tox21,0.5,0,2,test,False,11,784,48,0.6870187952898551
Tox21,0.5,0,2,test,True,0,736,18,0.776230269266481
Tox21,0.5,0,2,test,True,1,670,18,0.6248295841854123
Tox21,0.5,0,2,test,True,2,668,76,0.8212348862019915
Tox21,0.5,0,2,test,True,3,564,30,0.629900124843945
Tox21,0.5,0,2,test,True,4,620,88,0.6692370129870129
Tox21,0.5,0,2,test,True,5,701,39,0.6636067859632815
Tox21,0.5,0,2,test,True,6,646,30,0.6366883116883116
Tox21,0.5,0,2,test,True,7,569,99,0.614173651407694
Tox21,0.5,0,2,test,True,8,710,36,0.724406528189911
Tox21,0.5,0,2,test,True,9,649,40,0.5110016420361249
Tox21,0.5,0,2,test,True,10,601,103,0.72749249424884
Tox21,0.5,0,2,test,True,11,681,48,0.6923380726698263
Tox21,0.5,0,3,val,False,0,783,35,0.7367456073338425
Tox21,0.5,0,3,val,False,1,783,28,0.7775780510879848
Tox21,0.5,0,3,val,False,2,783,79,0.836557825086306
Tox21,0.5,0,3,val,False,3,783,38,0.706358177322501
Tox21,0.5,0,3,val,False,4,783,91,0.6133043257320714
Tox21,0.5,0,3,val,False,5,783,46,0.708424281753289
Tox21,0.5,0,3,val,False,6,783,18,0.5802469135802468
Tox21,0.5,0,3,val,False,7,783,91,0.6439846280886744
Tox21,0.5,0,3,val,False,8,783,28,0.7382686849574267
Tox21,0.5,0,3,val,False,9,783,35,0.5377769289533996
Tox21,0.5,0,3,val,False,10,783,111,0.6832502145002144
Tox21,0.5,0,3,val,False,11,783,43,0.6865807668133249
Tox21,0.5,0,3,val,True,0,724,35,0.7339000622019489
Tox21,0.5,0,3,val,True,1,663,28,0.7782902137232846
Tox21,0.5,0,3,val,True,2,644,79,0.8544191777752884
Tox21,0.5,0,3,val,True,3,573,38,0.7432857845548451
Tox21,0.5,0,3,val,True,4,609,91,0.6327591327591329
Tox21,0.5,0,3,val,True,5,686,46,0.71875
Tox21,0.5,0,3,val,True,6,639,18,0.5933082841295401
Tox21,0.5,0,3,val,True,7,572,91,0.6581983505060428
Tox21,0.5,0,3,val,True,8,699,28,0.7404726421119864
Tox21,0.5,0,3,val,True,9,643,35,0.5273966165413533
Tox21,0.5,0,3,val,True,10,564,111,0.7174790684724459
Tox21,0.5,0,3,val,True,11,665,43,0.6945337620578778
Tox21,0.5,0,3,test,False,0,784,18,0.8105599071656514
Tox21,0.5,0,3,test,False,1,784,18,0.6496953872932986
Tox21,0.5,0,3,test,False,2,784,76,0.809322033898305
Tox21,0.5,0,3,test,False,3,784,30,0.6081786030061892
Tox21,0.5,0,3,test,False,4,784,88,0.6708627220480667
Tox21,0.5,0,3,test,False,5,784,39,0.6982619170538633
Tox21,0.5,0,3,test,False,6,784,30,0.6243589743589743
Tox21,0.5,0,3,test,False,7,784,99,0.6086411560864116
Tox21,0.5,0,3,test,False,8,784,36,0.7277554961378491
Tox21,0.5,0,3,test,False,9,784,40,0.5249327956989247
Tox21,0.5,0,3,test,False,10,784,103,0.7248763240808064
Tox21,0.5,0,3,test,False,11,784,48,0.7039175724637682
Tox21,0.5,0,3,test,True,0,736,18,0.810662333642835
Tox21,0.5,0,3,test,True,1,670,18,0.6488582140422632
Tox21,0.5,0,3,test,True,2,668,76,0.823324146514936
Tox21,0.5,0,3,test,True,3,564,30,0.6509987515605492
Tox21,0.5,0,3,test,True,4,620,88,0.6944420710868079
Tox21,0.5,0,3,test,True,5,701,39,0.7072972344875669
Tox21,0.5,0,3,test,True,6,646,30,0.6382034632034632
Tox21,0.5,0,3,test,True,7,569,99,0.6178164624973136
Tox21,0.5,0,3,test,True,8,710,36,0.7311655126937026
Tox21,0.5,0,3,test,True,9,649,40,0.5156814449917898
Tox21,0.5,0,3,test,True,10,601,103,0.743888174055445
Tox21,0.5,0,3,test,True,11,681,48,0.7089257503949448
Tox21,0.5,0,4,val,False,0,783,35,0.7487585943468297
Tox21,0.5,0,4,val,False,1,783,28,0.7912015137180701
Tox21,0.5,0,4,val,False,2,783,79,0.8400280494821635
Tox21,0.5,0,4,val,False,3,783,38,0.7053691275167786
Tox21,0.5,0,4,val,False,4,783,91,0.6551721399987296
Tox21,0.5,0,4,val,False,5,783,46,0.7524334847501623
Tox21,0.5,0,4,val,False,6,783,18,0.570878721859114
Tox21,0.5,0,4,val,False,7,783,91,0.647875246141142
Tox21,0.5,0,4,val,False,8,783,28,0.7391674550614948
Tox21,0.5,0,4,val,False,9,783,35,0.5403934300993124
Tox21,0.5,0,4,val,False,10,783,111,0.7051560489060489
Tox21,0.5,0,4,val,False,11,783,43,0.7078566939032056
Tox21,0.5,0,4,val,True,0,724,35,0.7471490773377566
Tox21,0.5,0,4,val,True,1,663,28,0.7930258717660292
Tox21,0.5,0,4,val,True,2,644,79,0.8590567939957432
Tox21,0.5,0,4,val,True,3,573,38,0.7448106246925725
Tox21,0.5,0,4,val,True,4,609,91,0.6759938902796048
Tox21,0.5,0,4,val,True,5,686,46,0.7627038043478261
Tox21,0.5,0,4,val,True,6,639,18,0.5843621399176955
Tox21,0.5,0,4,val,True,7,572,91,0.6637499714422791
Tox21,0.5,0,4,val,True,8,699,28,0.7413242495209709
Tox21,0.5,0,4,val,True,9,643,35,0.5335291353383458
Tox21,0.5,0,4,val,True,10,564,111,0.7392756995406001
Tox21,0.5,0,4,val,True,11,665,43,0.7161444702011516
Tox21,0.5,0,4,test,False,0,784,18,0.825065274151436
Tox21,0.5,0,4,test,False,1,784,18,0.6754424136930665
Tox21,0.5,0,4,test,False,2,784,76,0.8110132322331252
Tox21,0.5,0,4,test,False,3,784,30,0.6133068081343943
Tox21,0.5,0,4,test,False,4,784,88,0.6936879571577849
Tox21,0.5,0,4,test,False,5,784,39,0.7272758561349166
Tox21,0.5,0,4,test,False,6,784,30,0.6240937223695845
Tox21,0.5,0,4,test,False,7,784,99,0.6112954361129543
Tox21,0.5,0,4,test,False,8,784,36,0.7299465240641712
Tox21,0.5,0,4,test,False,9,784,40,0.5329805107526883
Tox21,0.5,0,4,test,False,10,784,103,0.7360962604964144
Tox21,0.5,0,4,test,False,11,784,48,0.7149286684782609
Tox21,0.5,0,4,test,True,0,736,18,0.8266016713091922
Tox21,0.5,0,4,test,True,1,670,18,0.6769768234492161
Tox21,0.5,0,4,test,True,2,668,76,0.8253467283072546
Tox21,0.5,0,4,test,True,3,564,30,0.6574282147315854
Tox21,0.5,0,4,test,True,4,620,88,0.7142643540669855
Tox21,0.5,0,4,test,True,5,701,39,0.7345650321481139
Tox21,0.5,0,4,test,True,6,646,30,0.6373917748917749
Tox21,0.5,0,4,test,True,7,569,99,0.621298087255534
Tox21,0.5,0,4,test,True,8,710,36,0.7334322453016815
Tox21,0.5,0,4,test,True,9,649,40,0.5245689655172414
Tox21,0.5,0,4,test,True,10,601,103,0.7559363668265293
Tox21,0.5,0,4,test,True,11,681,48,0.720280410742496
Tox21,0.5,0,5,val,False,0,783,35,0.7569136745607333
Tox21,0.5,0,5,val,False,1,783,28,0.8031220435193945
Tox21,0.5,0,5,val,False,2,783,79,0.8421946921749137
Tox21,0.5,0,5,val,False,3,783,38,0.7044154009184035
Tox21,0.5,0,5,val,False,4,783,91,0.6705519913612399
Tox21,0.5,0,5,val,False,5,783,46,0.766149489705622
Tox21,0.5,0,5,val,False,6,783,18,0.5746550472040668
Tox21,0.5,0,5,val,False,7,783,91,0.6518770247093947
Tox21,0.5,0,5,val,False,8,783,28,0.7490539262062441
Tox21,0.5,0,5,val,False,9,783,35,0.5467723453017571
Tox21,0.5,0,5,val,False,10,783,111,0.7193063599313599
Tox21,0.5,0,5,val,False,11,783,43,0.7288812067881835
Tox21,0.5,0,5,val,True,0,724,35,0.7565830396019075
Tox21,0.5,0,5,val,True,1,663,28,0.8052868391451069
Tox21,0.5,0,5,val,True,2,644,79,0.8625630110899518
Tox21,0.5,0,5,val,True,3,573,38,0.7477619281849484
Tox21,0.5,0,5,val,True,4,609,91,0.6922440493869065
Tox21,0.5,0,5,val,True,5,686,46,0.7767663043478261
Tox21,0.5,0,5,val,True,6,639,18,0.5896403650026838
Tox21,0.5,0,5,val,True,7,572,91,0.6707409015101323
Tox21,0.5,0,5,val,True,8,699,28,0.7512774111134767
Tox21,0.5,0,5,val,True,9,643,35,0.5435385338345865
Tox21,0.5,0,5,val,True,10,564,111,0.7529582562695145
Tox21,0.5,0,5,val,True,11,665,43,0.7372317355866297
Tox21,0.5,0,5,test,False,0,784,18,0.8293443574122425
Tox21,0.5,0,5,test,False,1,784,18,0.699593849724398
Tox21,0.5,0,5,test,False,2,784,76,0.8126115075825157
Tox21,0.5,0,5,test,False,3,784,30,0.6141025641025641
Tox21,0.5,0,5,test,False,4,784,88,0.6983085161964473
Tox21,0.5,0,5,test,False,5,784,39,0.7400103252452246
Tox21,0.5,0,5,test,False,6,784,30,0.6217948717948718
Tox21,0.5,0,5,test,False,7,784,99,0.6162943301629432
Tox21,0.5,0,5,test,False,8,784,36,0.7274212715389187
Tox21,0.5,0,5,test,False,9,784,40,0.5547715053763442
Tox21,0.5,0,5,test,False,10,784,103,0.738120696291861
Tox21,0.5,0,5,test,False,11,784,48,0.7220335144927537
Tox21,0.5,0,5,test,True,0,736,18,0.8313989476942123
Tox21,0.5,0,5,test,True,1,670,18,0.7034764826175869
Tox21,0.5,0,5,test,True,2,668,76,0.8272804054054053
Tox21,0.5,0,5,test,True,3,564,30,0.6604244694132334
Tox21,0.5,0,5,test,True,4,620,88,0.7178315105946685
Tox21,0.5,0,5,test,True,5,701,39,0.7474242776357579
Tox21,0.5,0,5,test,True,6,646,30,0.6356601731601732
Tox21,0.5,0,5,test,True,7,569,99,0.6283258113045348
Tox21,0.5,0,5,test,True,8,710,36,0.7311655126937027
Tox21,0.5,0,5,test,True,9,649,40,0.5479474548440065
Tox21,0.5,0,5,test,True,10,601,103,0.759328576441689
Tox21,0.5,0,5,test,True,11,681,48,0.727981832543444
Tox21,0.5,0,6,val,False,0,783,35,0.7584033613445379
Tox21,0.5,0,6,val,False,1,783,28,0.8099810785241249
Tox21,0.5,0,6,val,False,2,783,79,0.8456109752589183
Tox21,0.5,0,6,val,False,3,783,38,0.7042387848816672
Tox21,0.5,0,6,val,False,4,783,91,0.675506574350505
Tox21,0.5,0,6,val,False,5,783,46,0.7779187068609521
Tox21,0.5,0,6,val,False,6,783,18,0.5806100217864925
Tox21,0.5,0,6,val,False,7,783,91,0.6538779139935209
Tox21,0.5,0,6,val,False,8,783,28,0.7627246925260169
Tox21,0.5,0,6,val,False,9,783,35,0.5482047364400305
Tox21,0.5,0,6,val,False,10,783,111,0.7296224796224797
Tox21,0.5,0,6,val,False,11,783,43,0.7475172847265872
Tox21,0.5,0,6,val,True,0,724,35,0.7578685465477918
Tox21,0.5,0,6,val,True,1,663,28,0.813273340832396
Tox21,0.5,0,6,val,True,2,644,79,0.8663268735297411
Tox21,0.5,0,6,val,True,3,573,38,0.7485981308411215
Tox21,0.5,0,6,val,True,4,609,91,0.6974627688913403
Tox21,0.5,0,6,val,True,5,686,46,0.7877377717391305
Tox21,0.5,0,6,val,True,6,639,18,0.5956342816246198
Tox21,0.5,0,6,val,True,7,572,91,0.6755157524388293
Tox21,0.5,0,6,val,True,8,699,28,0.7649031296572281
Tox21,0.5,0,6,val,True,9,643,35,0.5499530075187969
Tox21,0.5,0,6,val,True,10,564,111,0.7624246763319611
Tox21,0.5,0,6,val,True,11,665,43,0.755926119793614
Tox21,0.5,0,6,test,False,0,784,18,0.8297795184218161
Tox21,0.5,0,6,test,False,1,784,18,0.7262837249782419
Tox21,0.5,0,6,test,False,2,784,76,0.8140796907523045
Tox21,0.5,0,6,test,False,3,784,30,0.6149425287356322
Tox21,0.5,0,6,test,False,4,784,88,0.6960717084639498
Tox21,0.5,0,6,test,False,5,784,39,0.7456547926346584
Tox21,0.5,0,6,test,False,6,784,30,0.6206012378426172
Tox21,0.5,0,6,test,False,7,784,99,0.6211678832116788
Tox21,0.5,0,6,test,False,8,784,36,0.7309120617944147
Tox21,0.5,0,6,test,False,9,784,40,0.5689180107526882
Tox21,0.5,0,6,test,False,10,784,103,0.7368233465919621
Tox21,0.5,0,6,test,False,11,784,48,0.7240432518115942
Tox21,0.5,0,6,test,True,0,736,18,0.8323274528009905
Tox21,0.5,0,6,test,True,1,670,18,0.7313394683026585
Tox21,0.5,0,6,test,True,2,668,76,0.8283472617354196
Tox21,0.5,0,6,test,True,3,564,30,0.6617353308364544
Tox21,0.5,0,6,test,True,4,620,88,0.7155246069719754
Tox21,0.5,0,6,test,True,5,701,39,0.7528468510341622
Tox21,0.5,0,6,test,True,6,646,30,0.6344155844155844
Tox21,0.5,0,6,test,True,7,569,99,0.6353857726198152
Tox21,0.5,0,6,test,True,8,710,36,0.7349159248269042
Tox21,0.5,0,6,test,True,9,649,40,0.563464696223317
Tox21,0.5,0,6,test,True,10,601,103,0.7593870628143642
Tox21,0.5,0,6,test,True,11,681,48,0.7293970510795156
Tox21,0.5,0,7,val,False,0,783,35,0.7452635599694423
Tox21,0.5,0,7,val,False,1,783,28,0.8101229895931882
Tox21,0.5,0,7,val,False,2,783,79,0.8502409378596087
Tox21,0.5,0,7,val,False,3,783,38,0.7013069586718474
Tox21,0.5,0,7,val,False,4,783,91,0.6780076859556627
Tox21,0.5,0,7,val,False,5,783,46,0.7839360509704442
Tox21,0.5,0,7,val,False,6,783,18,0.5839506172839507
Tox21,0.5,0,7,val,False,7,783,91,0.6595868004827542
Tox21,0.5,0,7,val,False,8,783,28,0.773415326395459
Tox21,0.5,0,7,val,False,9,783,35,0.5639801375095492
Tox21,0.5,0,7,val,False,10,783,111,0.7356821106821106
Tox21,0.5,0,7,val,False,11,783,43,0.7588937774984287
Tox21,0.5,0,7,val,True,0,724,35,0.7453452208169189
Tox21,0.5,0,7,val,True,1,663,28,0.8141732283464567
Tox21,0.5,0,7,val,True,2,644,79,0.8715805981852807
Tox21,0.5,0,7,val,True,3,573,38,0.7435317265125431
Tox21,0.5,0,7,val,True,4,609,91,0.6996266281980568
Tox21,0.5,0,7,val,True,5,686,46,0.7935122282608695
Tox21,0.5,0,7,val,True,6,639,18,0.5989443549830024
Tox21,0.5,0,7,val,True,7,572,91,0.6845514153206461
Tox21,0.5,0,7,val,True,8,699,28,0.7756014477325953
Tox21,0.5,0,7,val,True,9,643,35,0.5702067669172932
Tox21,0.5,0,7,val,True,10,564,111,0.7666408129984289
Tox21,0.5,0,7,val,True,11,665,43,0.7675914155387721
Tox21,0.5,0,7,test,False,0,784,18,0.8165796344647519
Tox21,0.5,0,7,test,False,1,784,18,0.7485494633014215
Tox21,0.5,0,7,test,False,2,784,76,0.8158452274754683
Tox21,0.5,0,7,test,False,3,784,30,0.613660477453581
Tox21,0.5,0,7,test,False,4,784,88,0.6942512408568443
Tox21,0.5,0,7,test,False,5,784,39,0.7500602305971433
Tox21,0.5,0,7,test,False,6,784,30,0.6194076038903625
Tox21,0.5,0,7,test,False,7,784,99,0.6286662242866623
Tox21,0.5,0,7,test,False,8,784,36,0.7332516339869282
Tox21,0.5,0,7,test,False,9,784,40,0.5815188172043011
Tox21,0.5,0,7,test,False,10,784,103,0.738306031963275
Tox21,0.5,0,7,test,False,11,784,48,0.717391304347826
Tox21,0.5,0,7,test,True,0,736,18,0.8190962550294028
Tox21,0.5,0,7,test,True,1,670,18,0.7542603953646898
Tox21,0.5,0,7,test,True,2,668,76,0.829903093883357
Tox21,0.5,0,7,test,True,3,564,30,0.6608614232209739
Tox21,0.5,0,7,test,True,4,620,88,0.7140827922077922
Tox21,0.5,0,7,test,True,5,701,39,0.7574173057556743
Tox21,0.5,0,7,test,True,6,646,30,0.6327922077922078
Tox21,0.5,0,7,test,True,7,569,99,0.6442510208467656
Tox21,0.5,0,7,test,True,8,710,36,0.7372650840751731
Tox21,0.5,0,7,test,True,9,649,40,0.57816091954023
Tox21,0.5,0,7,test,True,10,601,103,0.7617850040940461
Tox21,0.5,0,7,test,True,11,681,48,0.7215968931016324
Tox21,0.5,0,8,val,False,0,783,35,0.7359434682964094
Tox21,0.5,0,8,val,False,1,783,28,0.804162724692526
Tox21,0.5,0,8,val,False,2,783,79,0.8525783947065593
Tox21,0.5,0,8,val,False,3,783,38,0.6998233839632638
Tox21,0.5,0,8,val,False,4,783,91,0.6813822016134155
Tox21,0.5,0,8,val,False,5,783,46,0.7891864786738245
Tox21,0.5,0,8,val,False,6,783,18,0.5835148874364561
Tox21,0.5,0,8,val,False,7,783,91,0.6624690338563171
Tox21,0.5,0,8,val,False,8,783,28,0.7803453169347209
Tox21,0.5,0,8,val,False,9,783,35,0.573300229182582
Tox21,0.5,0,8,val,False,10,783,111,0.7415942728442728
Tox21,0.5,0,8,val,False,11,783,43,0.7656191074795725
Tox21,0.5,0,8,val,True,0,724,35,0.7359734605017623
Tox21,0.5,0,8,val,True,1,663,28,0.8087176602924635
Tox21,0.5,0,8,val,True,2,644,79,0.8752324409096
Tox21,0.5,0,8,val,True,3,573,38,0.7383669454008853
Tox21,0.5,0,8,val,True,4,609,91,0.7032754889897748
Tox21,0.5,0,8,val,True,5,686,46,0.7991847826086957
Tox21,0.5,0,8,val,True,6,639,18,0.5989443549830024
Tox21,0.5,0,8,val,True,7,572,91,0.6907084599392292
Tox21,0.5,0,8,val,True,8,699,28,0.7822280178837555
Tox21,0.5,0,8,val,True,9,643,35,0.5828477443609023
Tox21,0.5,0,8,val,True,10,564,111,0.7712348109699103
Tox21,0.5,0,8,val,True,11,665,43,0.7746205040005981
Tox21,0.5,0,8,test,False,0,784,18,0.8104873803307224
Tox21,0.5,0,8,test,False,1,784,18,0.7607339715694807
Tox21,0.5,0,8,test,False,2,784,76,0.8183169788878978
Tox21,0.5,0,8,test,False,3,784,30,0.6121573828470381
Tox21,0.5,0,8,test,False,4,784,88,0.6923654649947752
Tox21,0.5,0,8,test,False,5,784,39,0.7548442608845292
Tox21,0.5,0,8,test,False,6,784,30,0.6115605658709108
Tox21,0.5,0,8,test,False,7,784,99,0.6324264543242645
Tox21,0.5,0,8,test,False,8,784,36,0.732174688057041
Tox21,0.5,0,8,test,False,9,784,40,0.5904905913978494
Tox21,0.5,0,8,test,False,10,784,103,0.7404302638894831
Tox21,0.5,0,8,test,False,11,784,48,0.7076256793478262
Tox21,0.5,0,8,test,True,0,736,18,0.8129062209842154
Tox21,0.5,0,8,test,True,1,670,18,0.7671267893660532
Tox21,0.5,0,8,test,True,2,668,76,0.8319256756756757
Tox21,0.5,0,8,test,True,3,564,30,0.6602996254681649
Tox21,0.5,0,8,test,True,4,620,88,0.7125768967874232
Tox21,0.5,0,8,test,True,5,701,39,0.7622976218142381
Tox21,0.5,0,8,test,True,6,646,30,0.6235930735930736
Tox21,0.5,0,8,test,True,7,569,99,0.6488716956802063
Tox21,0.5,0,8,test,True,8,710,36,0.735987471150676
Tox21,0.5,0,8,test,True,9,649,40,0.5883415435139573
Tox21,0.5,0,8,test,True,10,601,103,0.7642024408312863
Tox21,0.5,0,8,test,True,11,681,48,0.7117561874670879
Tox21,0.5,0,9,val,False,0,783,35,0.7288006111535523
Tox21,0.5,0,9,val,False,1,783,28,0.8007095553453168
Tox21,0.5,0,9,val,False,2,783,79,0.8532256904487917
Tox21,0.5,0,9,val,False,3,783,38,0.6910985517484988
Tox21,0.5,0,9,val,False,4,783,91,0.6845979165343328
Tox21,0.5,0,9,val,False,5,783,46,0.7915167246770102
Tox21,0.5,0,9,val,False,6,783,18,0.5806100217864923
Tox21,0.5,0,9,val,False,7,783,91,0.664517563361494
Tox21,0.5,0,9,val,False,8,783,28,0.7830652790917693
Tox21,0.5,0,9,val,False,9,783,35,0.5798319327731092
Tox21,0.5,0,9,val,False,10,783,111,0.7464205276705276
Tox21,0.5,0,9,val,False,11,783,43,0.7673161533626648
Tox21,0.5,0,9,val,True,0,724,35,0.7288409703504044
Tox21,0.5,0,9,val,True,1,663,28,0.8053430821147356
Tox21,0.5,0,9,val,True,2,644,79,0.8764646577797693
Tox21,0.5,0,9,val,True,3,573,38,0.727299557304476
Tox21,0.5,0,9,val,True,4,609,91,0.7061924561924562
Tox21,0.5,0,9,val,True,5,686,46,0.8015964673913043
Tox21,0.5,0,9,val,True,6,639,18,0.5961710502773304
Tox21,0.5,0,9,val,True,7,572,91,0.6939069246761554
Tox21,0.5,0,9,val,True,8,699,28,0.7849691292314244
Tox21,0.5,0,9,val,True,9,643,35,0.5919642857142857
Tox21,0.5,0,9,val,True,10,564,111,0.7750929737684705
Tox21,0.5,0,9,val,True,11,665,43,0.7763029985792268
Tox21,0.5,0,9,test,False,0,784,18,0.8058456628952712
Tox21,0.5,0,9,test,False,1,784,18,0.7631273571221352
Tox21,0.5,0,9,test,False,2,784,76,0.8206772227178114
Tox21,0.5,0,9,test,False,3,784,30,0.6033598585322723
Tox21,0.5,0,9,test,False,4,784,88,0.6912878787878788
Tox21,0.5,0,9,test,False,5,784,39,0.7577353295474101
Tox21,0.5,0,9,test,False,6,784,30,0.6009725906277632
Tox21,0.5,0,9,test,False,7,784,99,0.6329204453292044
Tox21,0.5,0,9,test,False,8,784,36,0.7288324420677362
Tox21,0.5,0,9,test,False,9,784,40,0.5984206989247312
Tox21,0.5,0,9,test,False,10,784,103,0.7420982849322099
Tox21,0.5,0,9,test,False,11,784,48,0.704879981884058
Tox21,0.5,0,9,test,True,0,736,18,0.8084184463014547
Tox21,0.5,0,9,test,True,1,670,18,0.7693421949556919
Tox21,0.5,0,9,test,True,2,668,76,0.8340371621621622
Tox21,0.5,0,9,test,True,3,564,30,0.650374531835206
Tox21,0.5,0,9,test,True,4,620,88,0.7109535201640464
Tox21,0.5,0,9,test,True,5,701,39,0.7649701758463088
Tox21,0.5,0,9,test,True,6,646,30,0.6128246753246753
Tox21,0.5,0,9,test,True,7,569,99,0.6504190844616375
Tox21,0.5,0,9,test,True,8,710,36,0.7318661391361688
Tox21,0.5,0,9,test,True,9,649,40,0.5964285714285713
Tox21,0.5,0,9,test,True,10,601,103,0.7665224002807346
Tox21,0.5,0,9,test,True,11,681,48,0.7092877830437072
Tox21,0.5,0,10,val,False,0,783,35,0.7223071046600458
Tox21,0.5,0,10,val,False,1,783,28,0.8024597918637653
Tox21,0.5,0,10,val,False,2,783,79,0.85432249712313
Tox21,0.5,0,10,val,False,3,783,38,0.6825150123631226
Tox21,0.5,0,10,val,False,4,783,91,0.6860668233500602
Tox21,0.5,0,10,val,False,5,783,46,0.7906613179163471
Tox21,0.5,0,10,val,False,6,783,18,0.5838053740014524
Tox21,0.5,0,10,val,False,7,783,91,0.6646763640983294
Tox21,0.5,0,10,val,False,8,783,28,0.7832544938505203
Tox21,0.5,0,10,val,False,9,783,35,0.5865928189457602
Tox21,0.5,0,10,val,False,10,783,111,0.751675782925783
Tox21,0.5,0,10,val,False,11,783,43,0.769233186675047
Tox21,0.5,0,10,val,True,0,724,35,0.7226622434169604
Tox21,0.5,0,10,val,True,1,663,28,0.8069741282339707
Tox21,0.5,0,10,val,True,2,644,79,0.8778088943654083
Tox21,0.5,0,10,val,True,3,573,38,0.7169208066896212
Tox21,0.5,0,10,val,True,4,609,91,0.7074122788408503
Tox21,0.5,0,10,val,True,5,686,46,0.8009510869565217
Tox21,0.5,0,10,val,True,6,639,18,0.5991232778672392
Tox21,0.5,0,10,val,True,7,572,91,0.6945923099769253
Tox21,0.5,0,10,val,True,8,699,28,0.785341707472855
Tox21,0.5,0,10,val,True,9,643,35,0.5991541353383458
Tox21,0.5,0,10,val,True,10,564,111,0.779527872243104
Tox21,0.5,0,10,val,True,11,665,43,0.7785837134524789
Tox21,0.5,0,10,test,False,0,784,18,0.8034522773426168
Tox21,0.5,0,10,test,False,1,784,18,0.7650130548302873
Tox21,0.5,0,10,test,False,2,784,76,0.8221454058876004
Tox21,0.5,0,10,test,False,3,784,30,0.5881078691423519
Tox21,0.5,0,10,test,False,4,784,88,0.6923981191222571
Tox21,0.5,0,10,test,False,5,784,39,0.7602822233694716
Tox21,0.5,0,10,test,False,6,784,30,0.5975022104332449
Tox21,0.5,0,10,test,False,7,784,99,0.6350438693504387
Tox21,0.5,0,10,test,False,8,784,36,0.7248217468805704
Tox21,0.5,0,10,test,False,9,784,40,0.6066196236559139
Tox21,0.5,0,10,test,False,10,784,103,0.74466447115179
Tox21,0.5,0,10,test,False,11,784,48,0.7035495923913042
Tox21,0.5,0,10,test,True,0,736,18,0.8062519343856391
Tox21,0.5,0,10,test,True,1,670,18,0.771813224267212
Tox21,0.5,0,10,test,True,2,668,76,0.8348373044096727
Tox21,0.5,0,10,test,True,3,564,30,0.633832709113608
Tox21,0.5,0,10,test,True,4,620,88,0.7112525632262474
Tox21,0.5,0,10,test,True,5,701,39,0.7672941358741963
Tox21,0.5,0,10,test,True,6,646,30,0.6085227272727272
Tox21,0.5,0,10,test,True,7,569,99,0.6529013539651838
Tox21,0.5,0,10,test,True,8,710,36,0.7277860204418068
Tox21,0.5,0,10,test,True,9,649,40,0.6048850574712643
Tox21,0.5,0,10,test,True,10,601,103,0.7687058915272742
Tox21,0.5,0,10,test,True,11,681,48,0.7072143233280674
Tox21,0.5,0,11,val,False,0,783,35,0.7206646294881589
Tox21,0.5,0,11,val,False,1,783,28,0.8049195837275308
Tox21,0.5,0,11,val,False,2,783,79,0.855239499424626
Tox21,0.5,0,11,val,False,3,783,38,0.6752384316495937
Tox21,0.5,0,11,val,False,4,783,91,0.6858603823921743
Tox21,0.5,0,11,val,False,5,783,46,0.7931685446286355
Tox21,0.5,0,11,val,False,6,783,18,0.5888162672476398
Tox21,0.5,0,11,val,False,7,783,91,0.6640967414088802
Tox21,0.5,0,11,val,False,8,783,28,0.783585619678335
Tox21,0.5,0,11,val,False,9,783,35,0.5941940412528648
Tox21,0.5,0,11,val,False,10,783,111,0.7567031317031316
Tox21,0.5,0,11,val,False,11,783,43,0.7695788812067881
Tox21,0.5,0,11,val,True,0,724,35,0.7210864607091022
Tox21,0.5,0,11,val,True,1,663,28,0.8082114735658044
Tox21,0.5,0,11,val,True,2,644,79,0.8790859191217655
Tox21,0.5,0,11,val,True,3,573,38,0.7087555336940482
Tox21,0.5,0,11,val,True,4,609,91,0.7068394925537783
Tox21,0.5,0,11,val,True,5,686,46,0.8035326086956521
Tox21,0.5,0,11,val,True,6,639,18,0.6048488101628198
Tox21,0.5,0,11,val,True,7,572,91,0.6938498092344246
Tox21,0.5,0,11,val,True,8,699,28,0.7855546093251011
Tox21,0.5,0,11,val,True,9,643,35,0.6070488721804511
Tox21,0.5,0,11,val,True,10,564,111,0.7837638963466778
Tox21,0.5,0,11,val,True,11,665,43,0.7791445449786883
Tox21,0.5,0,11,test,False,0,784,18,0.793733681462141
Tox21,0.5,0,11,test,False,1,784,18,0.7690020307513781
Tox21,0.5,0,11,test,False,2,784,76,0.8235950044603033
Tox21,0.5,0,11,test,False,3,784,30,0.5786914235190097
Tox21,0.5,0,11,test,False,4,784,88,0.6941777690700104
Tox21,0.5,0,11,test,False,5,784,39,0.7606263982102908
Tox21,0.5,0,11,test,False,6,784,30,0.5994252873563218
Tox21,0.5,0,11,test,False,7,784,99,0.6360244783602448
Tox21,0.5,0,11,test,False,8,784,36,0.7253787878787878
Tox21,0.5,0,11,test,False,9,784,40,0.6152889784946237
Tox21,0.5,0,11,test,False,10,784,103,0.7483284148097459
Tox21,0.5,0,11,test,False,11,784,48,0.7059273097826089
Tox21,0.5,0,11,test,True,0,736,18,0.7969668833178583
Tox21,0.5,0,11,test,True,1,670,18,0.7752215405589639
Tox21,0.5,0,11,test,True,2,668,76,0.8363486842105263
Tox21,0.5,0,11,test,True,3,564,30,0.6244069912609238
Tox21,0.5,0,11,test,True,4,620,88,0.7124487354750513
Tox21,0.5,0,11,test,True,5,701,39,0.7682237198853514
Tox21,0.5,0,11,test,True,6,646,30,0.6099025974025973
Tox21,0.5,0,11,test,True,7,569,99,0.6530410487857297
Tox21,0.5,0,11,test,True,8,710,36,0.7286927134849984
Tox21,0.5,0,11,test,True,9,649,40,0.6138341543513958
Tox21,0.5,0,11,test,True,10,601,103,0.7720786056848754
Tox21,0.5,0,11,test,True,11,681,48,0.7091561348077935
Tox21,0.5,0,12,val,False,0,783,35,0.7192131398013751
Tox21,0.5,0,12,val,False,1,783,28,0.8108325449385051
Tox21,0.5,0,12,val,False,2,783,79,0.8555631472957422
Tox21,0.5,0,12,val,False,3,783,38,0.6711056163899682
Tox21,0.5,0,12,val,False,4,783,91,0.6867179063710854
Tox21,0.5,0,12,val,False,5,783,46,0.795941242404578
Tox21,0.5,0,12,val,False,6,783,18,0.5988380537400145
Tox21,0.5,0,12,val,False,7,783,91,0.6635171187194309
Tox21,0.5,0,12,val,False,8,783,28,0.7837748344370862
Tox21,0.5,0,12,val,False,9,783,35,0.5996562261268144
Tox21,0.5,0,12,val,False,10,783,111,0.7616768554268554
Tox21,0.5,0,12,val,False,11,783,43,0.7686360779384036
Tox21,0.5,0,12,val,True,0,724,35,0.719966825627203
Tox21,0.5,0,12,val,True,1,663,28,0.8145106861642294
Tox21,0.5,0,12,val,True,2,644,79,0.8798924610731489
Tox21,0.5,0,12,val,True,3,573,38,0.7054599114608953
Tox21,0.5,0,12,val,True,4,609,91,0.7078153506724936
Tox21,0.5,0,12,val,True,5,686,46,0.8063519021739131
Tox21,0.5,0,12,val,True,6,639,18,0.6153157988906781
Tox21,0.5,0,12,val,True,7,572,91,0.6928331543716159
Tox21,0.5,0,12,val,True,8,699,28,0.7858207366404087
Tox21,0.5,0,12,val,True,9,643,35,0.6119830827067669
Tox21,0.5,0,12,val,True,10,564,111,0.7882385696955233
Tox21,0.5,0,12,val,True,11,665,43,0.7788828235997906
Tox21,0.5,0,12,test,False,0,784,18,0.7807513780098637
Tox21,0.5,0,12,test,False,1,784,18,0.7685668697418047
Tox21,0.5,0,12,test,False,2,784,76,0.8245428189116859
Tox21,0.5,0,12,test,False,3,784,30,0.5750663129973475
Tox21,0.5,0,12,test,False,4,784,88,0.6954022988505746
Tox21,0.5,0,12,test,False,5,784,39,0.7620375150576493
Tox21,0.5,0,12,test,False,6,784,30,0.6033598585322725
Tox21,0.5,0,12,test,False,7,784,99,0.6369682223696822
Tox21,0.5,0,12,test,False,8,784,36,0.7267899584076055
Tox21,0.5,0,12,test,False,9,784,40,0.6224798387096774
Tox21,0.5,0,12,test,False,10,784,103,0.7525341088918353
Tox21,0.5,0,12,test,False,11,784,48,0.7099750905797102
Tox21,0.5,0,12,test,True,0,736,18,0.7841225626740946
Tox21,0.5,0,12,test,True,1,670,18,0.7744546693933196
Tox21,0.5,0,12,test,True,2,668,76,0.8374155405405405
Tox21,0.5,0,12,test,True,3,564,30,0.6209113607990012
Tox21,0.5,0,12,test,True,4,620,88,0.7132817840054683
Tox21,0.5,0,12,test,True,5,701,39,0.7693856998992951
Tox21,0.5,0,12,test,True,6,646,30,0.6139069264069263
Tox21,0.5,0,12,test,True,7,569,99,0.6529980657640233
Tox21,0.5,0,12,test,True,8,710,36,0.7299703264094956
Tox21,0.5,0,12,test,True,9,649,40,0.620607553366174
Tox21,0.5,0,12,test,True,10,601,103,0.7760361835692284
Tox21,0.5,0,12,test,True,11,681,48,0.7129739336492891
Tox21,0.5,0,13,val,False,0,783,35,0.7192895339954163
Tox21,0.5,0,13,val,False,1,783,28,0.8167455061494797
Tox21,0.5,0,13,val,False,2,783,79,0.8558688147295742
Tox21,0.5,0,13,val,False,3,783,38,0.6689862239491347
Tox21,0.5,0,13,val,False,4,783,91,0.6877977513815664
Tox21,0.5,0,13,val,False,5,783,46,0.7969146363046428
Tox21,0.5,0,13,val,False,6,783,18,0.6112563543936093
Tox21,0.5,0,13,val,False,7,783,91,0.663302737724703
Tox21,0.5,0,13,val,False,8,783,28,0.7841532639545885
Tox21,0.5,0,13,val,False,9,783,35,0.6030939648586707
Tox21,0.5,0,13,val,False,10,783,111,0.766543329043329
Tox21,0.5,0,13,val,False,11,783,43,0.770678818353237
Tox21,0.5,0,13,val,True,0,724,35,0.7201741654571844
Tox21,0.5,0,13,val,True,1,663,28,0.8199100112485939
Tox21,0.5,0,13,val,True,2,644,79,0.8805645793659684
Tox21,0.5,0,13,val,True,3,573,38,0.7035907525823905
Tox21,0.5,0,13,val,True,4,609,91,0.7090882090882091
Tox21,0.5,0,13,val,True,5,686,46,0.8074388586956522
Tox21,0.5,0,13,val,True,6,639,18,0.6283771694399714
Tox21,0.5,0,13,val,True,7,572,91,0.6920449612757305
Tox21,0.5,0,13,val,True,8,699,28,0.7861933148818395
Tox21,0.5,0,13,val,True,9,643,35,0.6141917293233082
Tox21,0.5,0,13,val,True,10,564,111,0.792593918421733
Tox21,0.5,0,13,val,True,11,665,43,0.7817243699992522
Tox21,0.5,0,13,test,False,0,784,18,0.7666086451987235
Tox21,0.5,0,13,test,False,1,784,18,0.7661009573542211
Tox21,0.5,0,13,test,False,2,784,76,0.8266242937853108
Tox21,0.5,0,13,test,False,3,784,30,0.5745137046861185
Tox21,0.5,0,13,test,False,4,784,88,0.6972799111807733
Tox21,0.5,0,13,test,False,5,784,39,0.7638272242299088
Tox21,0.5,0,13,test,False,6,784,30,0.6055702917771884
Tox21,0.5,0,13,test,False,7,784,99,0.6382216323822164
Tox21,0.5,0,13,test,False,8,784,36,0.7294080510992276
Tox21,0.5,0,13,test,False,9,784,40,0.6330981182795699
Tox21,0.5,0,13,test,False,10,784,103,0.7577805340518655
Tox21,0.5,0,13,test,False,11,784,48,0.7151551177536233
Tox21,0.5,0,13,test,True,0,736,18,0.7702723614979882
Tox21,0.5,0,13,test,True,1,670,18,0.771813224267212
Tox21,0.5,0,13,test,True,2,668,76,0.8393714438122333
Tox21,0.5,0,13,test,True,3,564,30,0.6209425717852685
Tox21,0.5,0,13,test,True,4,620,88,0.7148838004101161
Tox21,0.5,0,13,test,True,5,701,39,0.7712448679216052
Tox21,0.5,0,13,test,True,6,646,30,0.6166666666666668
Tox21,0.5,0,13,test,True,7,569,99,0.6531485063399958
Tox21,0.5,0,13,test,True,8,710,36,0.7322988789976921
Tox21,0.5,0,13,test,True,9,649,40,0.6316502463054188
Tox21,0.5,0,13,test,True,10,601,103,0.7807345888408002
Tox21,0.5,0,13,test,True,11,681,48,0.7183715113217484
Tox21,0.5,0,14,val,False,0,783,35,0.7157372039724981
Tox21,0.5,0,14,val,False,1,783,28,0.8228003784295175
Tox21,0.5,0,14,val,False,2,783,79,0.855922756041427
Tox21,0.5,0,14,val,False,3,783,38,0.667184740374426
Tox21,0.5,0,14,val,False,4,783,91,0.6895286794130724
Tox21,0.5,0,14,val,False,5,783,46,0.7972980945076987
Tox21,0.5,0,14,val,False,6,783,18,0.6191721132897604
Tox21,0.5,0,14,val,False,7,783,91,0.6631915772089181
Tox21,0.5,0,14,val,False,8,783,28,0.784247871333964
Tox21,0.5,0,14,val,False,9,783,35,0.6067990832696716
Tox21,0.5,0,14,val,False,10,783,111,0.7700155512655513
Tox21,0.5,0,14,val,False,11,783,43,0.7708988057825267
Tox21,0.5,0,14,val,True,0,724,35,0.7169396641094755
Tox21,0.5,0,14,val,True,1,663,28,0.8254780652418449
Tox21,0.5,0,14,val,True,2,644,79,0.881057466114036
Tox21,0.5,0,14,val,True,3,573,38,0.7031480570585342
Tox21,0.5,0,14,val,True,4,609,91,0.7113157113157113
Tox21,0.5,0,14,val,True,5,686,46,0.8077105978260869
Tox21,0.5,0,14,val,True,6,639,18,0.6368760064412239
Tox21,0.5,0,14,val,True,7,572,91,0.6913367297982683
Tox21,0.5,0,14,val,True,8,699,28,0.7858739621034704
Tox21,0.5,0,14,val,True,9,643,35,0.6175281954887218
Tox21,0.5,0,14,val,True,10,564,111,0.7956565837360539
Tox21,0.5,0,14,val,True,11,665,43,0.7823599790622897
Tox21,0.5,0,14,test,False,0,784,18,0.7523208587177256
Tox21,0.5,0,14,test,False,1,784,18,0.7652668987525384
Tox21,0.5,0,14,test,False,2,784,76,0.8290588760035682
Tox21,0.5,0,14,test,False,3,784,30,0.5775641025641025
Tox21,0.5,0,14,test,False,4,784,88,0.6992881400208987
Tox21,0.5,0,14,test,False,5,784,39,0.7667010841507487
Tox21,0.5,0,14,test,False,6,784,30,0.6082670203359858
Tox21,0.5,0,14,test,False,7,784,99,0.6409643884096439
Tox21,0.5,0,14,test,False,8,784,36,0.731951871657754
Tox21,0.5,0,14,test,False,9,784,40,0.6428763440860216
Tox21,0.5,0,14,test,False,10,784,103,0.7615727870208004
Tox21,0.5,0,14,test,False,11,784,48,0.7203634510869567
Tox21,0.5,0,14,test,True,0,736,18,0.7551067780872794
Tox21,0.5,0,14,test,True,1,670,18,0.770066462167689
Tox21,0.5,0,14,test,True,2,668,76,0.8417718705547653
Tox21,0.5,0,14,test,True,3,564,30,0.6254369538077403
Tox21,0.5,0,14,test,True,4,620,88,0.7166994190020505
Tox21,0.5,0,14,test,True,5,701,39,0.773743124951584
Tox21,0.5,0,14,test,True,6,646,30,0.6202380952380953
Tox21,0.5,0,14,test,True,7,569,99,0.6549537932516656
Tox21,0.5,0,14,test,True,8,710,36,0.7343389383448731
Tox21,0.5,0,14,test,True,9,649,40,0.6413793103448276
Tox21,0.5,0,14,test,True,10,601,103,0.7847701485553865
Tox21,0.5,0,14,test,True,11,681,48,0.723407056345445
Tox21,0.5,0,15,val,False,0,783,35,0.711650114591291
Tox21,0.5,0,15,val,False,1,783,28,0.825449385052034
Tox21,0.5,0,15,val,False,2,783,79,0.8568577387802071
Tox21,0.5,0,15,val,False,3,783,38,0.6666195690568704
Tox21,0.5,0,15,val,False,4,783,91,0.6910531664866923
Tox21,0.5,0,15,val,False,5,783,46,0.7970326234440447
Tox21,0.5,0,15,val,False,6,783,18,0.6257080610021786
Tox21,0.5,0,15,val,False,7,783,91,0.6625325541510513
Tox21,0.5,0,15,val,False,8,783,28,0.7841532639545885
Tox21,0.5,0,15,val,False,9,783,35,0.6092818945760122
Tox21,0.5,0,15,val,False,10,783,111,0.773259867009867
Tox21,0.5,0,15,val,False,11,783,43,0.7697674418604652
Tox21,0.5,0,15,val,True,0,724,35,0.7125025917478748
Tox21,0.5,0,15,val,True,1,663,28,0.8284026996625421
Tox21,0.5,0,15,val,True,2,644,79,0.8822000672118293
Tox21,0.5,0,15,val,True,3,573,38,0.7051647811116577
Tox21,0.5,0,15,val,True,4,609,91,0.7128431414145701
Tox21,0.5,0,15,val,True,5,686,46,0.807235054347826
Tox21,0.5,0,15,val,True,6,639,18,0.6430488459473968
Tox21,0.5,0,15,val,True,7,572,91,0.6894062278677663
Tox21,0.5,0,15,val,True,8,699,28,0.7858207366404089
Tox21,0.5,0,15,val,True,9,643,35,0.6197368421052631
Tox21,0.5,0,15,val,True,10,564,111,0.7983811626195731
Tox21,0.5,0,15,val,True,11,665,43,0.7813130935466985
Tox21,0.5,0,15,test,False,0,784,18,0.7481143022918478
Tox21,0.5,0,15,test,False,1,784,18,0.7618218740934145
Tox21,0.5,0,15,test,False,2,784,76,0.8308801665179899
Tox21,0.5,0,15,test,False,3,784,30,0.58342175066313
Tox21,0.5,0,15,test,False,4,784,88,0.701312695924765
Tox21,0.5,0,15,test,False,5,784,39,0.7665806229564618
Tox21,0.5,0,15,test,False,6,784,30,0.6117152961980549
Tox21,0.5,0,15,test,False,7,784,99,0.6425274644252748
Tox21,0.5,0,15,test,False,8,784,36,0.7342914438502673
Tox21,0.5,0,15,test,False,9,784,40,0.6507056451612904
Tox21,0.5,0,15,test,False,10,784,103,0.765928175299032
Tox21,0.5,0,15,test,False,11,784,48,0.7242980072463768
Tox21,0.5,0,15,test,True,0,736,18,0.7513153822346023
Tox21,0.5,0,15,test,True,1,670,18,0.7669563735514655
Tox21,0.5,0,15,test,True,2,668,76,0.8436833214793741
Tox21,0.5,0,15,test,True,3,564,30,0.6324594257178526
Tox21,0.5,0,15,test,True,4,620,88,0.7184295967190706
Tox21,0.5,0,15,test,True,5,701,39,0.7739561546208071
Tox21,0.5,0,15,test,True,6,646,30,0.6242424242424242
Tox21,0.5,0,15,test,True,7,569,99,0.6551257253384912
Tox21,0.5,0,15,test,True,8,710,36,0.7369765908341576
Tox21,0.5,0,15,test,True,9,649,40,0.6497126436781608
Tox21,0.5,0,15,test,True,10,601,103,0.789195617421141
Tox21,0.5,0,15,test,True,11,681,48,0.727751448130595
Tox21,0.5,0,16,val,False,0,783,35,0.7103132161955691
Tox21,0.5,0,16,val,False,1,783,28,0.8297067171239356
Tox21,0.5,0,16,val,False,2,783,79,0.8573432105868815
Tox21,0.5,0,16,val,False,3,783,38,0.6664429530201342
Tox21,0.5,0,16,val,False,4,783,91,0.6923632725655847
Tox21,0.5,0,16,val,False,5,783,46,0.7976815527107545
Tox21,0.5,0,16,val,False,6,783,18,0.6302832244008715
Tox21,0.5,0,16,val,False,7,783,91,0.66319951724576
Tox21,0.5,0,16,val,False,8,783,28,0.7850993377483444
Tox21,0.5,0,16,val,False,9,783,35,0.6111153552330023
Tox21,0.5,0,16,val,False,10,783,111,0.7764505577005576
Tox21,0.5,0,16,val,False,11,783,43,0.7705531112507856
Tox21,0.5,0,16,val,True,0,724,35,0.7111756168359943
Tox21,0.5,0,16,val,True,1,663,28,0.8330146231721035
Tox21,0.5,0,16,val,True,2,644,79,0.8827377618460849
Tox21,0.5,0,16,val,True,3,573,38,0.7066896212493852
Tox21,0.5,0,16,val,True,4,609,91,0.7139144639144639
Tox21,0.5,0,16,val,True,5,686,46,0.808491847826087
Tox21,0.5,0,16,val,True,6,639,18,0.6474324566112005
Tox21,0.5,0,16,val,True,7,572,91,0.6892463046309198
Tox21,0.5,0,16,val,True,8,699,28,0.7865126676602087
Tox21,0.5,0,16,val,True,9,643,35,0.6208646616541353
Tox21,0.5,0,16,val,True,10,564,111,0.8010460791917746
Tox21,0.5,0,16,val,True,11,665,43,0.7822478127570478
Tox21,0.5,0,16,test,False,0,784,18,0.7443429068755439
Tox21,0.5,0,16,test,False,1,784,18,0.7563823614737453
Tox21,0.5,0,16,test,False,2,784,76,0.8327014570324115
Tox21,0.5,0,16,test,False,3,784,30,0.5891688770999116
Tox21,0.5,0,16,test,False,4,784,88,0.7026025339602926
Tox21,0.5,0,16,test,False,5,784,39,0.7663741180519704
Tox21,0.5,0,16,test,False,6,784,30,0.6112732095490715
Tox21,0.5,0,16,test,False,7,784,99,0.6450490304504902
Tox21,0.5,0,16,test,False,8,784,36,0.7371137849079026
Tox21,0.5,0,16,test,False,9,784,40,0.6589045698924731
Tox21,0.5,0,16,test,False,10,784,103,0.7694281681707369
Tox21,0.5,0,16,test,False,11,784,48,0.727043704710145
Tox21,0.5,0,16,test,True,0,736,18,0.7481429897864438
Tox21,0.5,0,16,test,True,1,670,18,0.7616734832992502
Tox21,0.5,0,16,test,True,2,668,76,0.845550320056899
Tox21,0.5,0,16,test,True,3,564,30,0.6375156054931336
Tox21,0.5,0,16,test,True,4,620,88,0.719518967874231
Tox21,0.5,0,16,test,True,5,701,39,0.7739174219536757
Tox21,0.5,0,16,test,True,6,646,30,0.623917748917749
Tox21,0.5,0,16,test,True,7,569,99,0.6572748764238127
Tox21,0.5,0,16,test,True,8,710,36,0.7394081767227167
Tox21,0.5,0,16,test,True,9,649,40,0.6580870279146142
Tox21,0.5,0,16,test,True,10,601,103,0.7921004405973409
Tox21,0.5,0,16,test,True,11,681,48,0.7305160610847815
Tox21,0.5,0,17,val,False,0,783,35,0.7076012223071046
Tox21,0.5,0,17,val,False,1,783,28,0.8303216650898769
Tox21,0.5,0,17,val,False,2,783,79,0.8582602128883775
Tox21,0.5,0,17,val,False,3,783,38,0.6658071352878842
Tox21,0.5,0,17,val,False,4,783,91,0.6944356221812868
Tox21,0.5,0,17,val,False,5,783,46,0.7959707391894283
Tox21,0.5,0,17,val,False,6,783,18,0.6352214960058097
Tox21,0.5,0,17,val,False,7,783,91,0.6631518770247093
Tox21,0.5,0,17,val,False,8,783,28,0.7860217596972564
Tox21,0.5,0,17,val,False,9,783,35,0.6141329258976317
Tox21,0.5,0,17,val,False,10,783,111,0.779011154011154
Tox21,0.5,0,17,val,False,11,783,43,0.7711816467630421
Tox21,0.5,0,17,val,True,0,724,35,0.7085631349782293
Tox21,0.5,0,17,val,True,1,663,28,0.833127109111361
Tox21,0.5,0,17,val,True,2,644,79,0.8836787274560323
Tox21,0.5,0,17,val,True,3,573,38,0.7077225774717166
Tox21,0.5,0,17,val,True,4,609,91,0.7163010734439306
Tox21,0.5,0,17,val,True,5,686,46,0.8065557065217392
Tox21,0.5,0,17,val,True,6,639,18,0.6519055287171229
Tox21,0.5,0,17,val,True,7,572,91,0.6879440725594571
Tox21,0.5,0,17,val,True,8,699,28,0.7874441132637855
Tox21,0.5,0,17,val,True,9,643,35,0.6231672932330827
Tox21,0.5,0,17,val,True,10,564,111,0.8037706580752938
Tox21,0.5,0,17,val,True,11,665,43,0.7826590892096014
Tox21,0.5,0,17,test,False,0,784,18,0.7410066724688135
Tox21,0.5,0,17,test,False,1,784,18,0.7581230055120394
Tox21,0.5,0,17,test,False,2,784,76,0.8342439785905441
Tox21,0.5,0,17,test,False,3,784,30,0.5940318302387269
Tox21,0.5,0,17,test,False,4,784,88,0.7028800940438872
Tox21,0.5,0,17,test,False,5,784,39,0.7691963517466873
Tox21,0.5,0,17,test,False,6,784,30,0.6132183908045977
Tox21,0.5,0,17,test,False,7,784,99,0.6469660104696601
Tox21,0.5,0,17,test,False,8,784,36,0.7392676767676767
Tox21,0.5,0,17,test,False,9,784,40,0.665255376344086
Tox21,0.5,0,17,test,False,10,784,103,0.7717805055386853
Tox21,0.5,0,17,test,False,11,784,48,0.730270606884058
Tox21,0.5,0,17,test,True,0,736,18,0.7448932219127204
Tox21,0.5,0,17,test,True,1,670,18,0.7638888888888888
Tox21,0.5,0,17,test,True,2,668,76,0.8472839615931721
Tox21,0.5,0,17,test,True,3,564,30,0.6433832709113608
Tox21,0.5,0,17,test,True,4,620,88,0.7197112098427887
Tox21,0.5,0,17,test,True,5,701,39,0.7765125106514834
Tox21,0.5,0,17,test,True,6,646,30,0.6263528138528138
Tox21,0.5,0,17,test,True,7,569,99,0.6589082312486568
Tox21,0.5,0,17,test,True,8,710,36,0.7415100560501154
Tox21,0.5,0,17,test,True,9,649,40,0.6652709359605911
Tox21,0.5,0,17,test,True,10,601,103,0.7945373727921395
Tox21,0.5,0,17,test,True,11,681,48,0.7335768825697736
Tox21,0.5,0,18,val,False,0,783,35,0.703170359052712
Tox21,0.5,0,18,val,False,1,783,28,0.8320009460737937
Tox21,0.5,0,18,val,False,2,783,79,0.8584400172612199
Tox21,0.5,0,18,val,False,3,783,38,0.6631225715294949
Tox21,0.5,0,18,val,False,4,783,91,0.6963094708759449
Tox21,0.5,0,18,val,False,5,783,46,0.7948498613651113
Tox21,0.5,0,18,val,False,6,783,18,0.6364560639070443
Tox21,0.5,0,18,val,False,7,783,91,0.6631359969510259
Tox21,0.5,0,18,val,False,8,783,28,0.786376537369915
Tox21,0.5,0,18,val,False,9,783,35,0.6174942704354468
Tox21,0.5,0,18,val,False,10,783,111,0.7816655941655941
Tox21,0.5,0,18,val,False,11,783,43,0.7734758013827782
Tox21,0.5,0,18,val,True,0,724,35,0.7040845946506324
Tox21,0.5,0,18,val,True,1,663,28,0.8352924634420698
Tox21,0.5,0,18,val,True,2,644,79,0.884126806317912
Tox21,0.5,0,18,val,True,3,573,38,0.7067879980324643
Tox21,0.5,0,18,val,True,4,609,91,0.7182952182952183
Tox21,0.5,0,18,val,True,5,686,46,0.805570652173913
Tox21,0.5,0,18,val,True,6,639,18,0.6532474503488996
Tox21,0.5,0,18,val,True,7,572,91,0.6875556875556876
Tox21,0.5,0,18,val,True,8,699,28,0.7880029806259314
Tox21,0.5,0,18,val,True,9,643,35,0.6258458646616541
Tox21,0.5,0,18,val,True,10,564,111,0.8063361374619652
Tox21,0.5,0,18,val,True,11,665,43,0.7852763029985792
Tox21,0.5,0,18,test,False,0,784,18,0.7381781259065855
Tox21,0.5,0,18,test,False,1,784,18,0.7573977371627502
Tox21,0.5,0,18,test,False,2,784,76,0.8362325304787391
Tox21,0.5,0,18,test,False,3,784,30,0.5995137046861185
Tox21,0.5,0,18,test,False,4,784,88,0.702912748171369
Tox21,0.5,0,18,test,False,5,784,39,0.7717776630528309
Tox21,0.5,0,18,test,False,6,784,30,0.6158267020335987
Tox21,0.5,0,18,test,False,7,784,99,0.6492516404925164
Tox21,0.5,0,18,test,False,8,784,36,0.7400103980986333
Tox21,0.5,0,18,test,False,9,784,40,0.6731182795698925
Tox21,0.5,0,18,test,False,10,784,103,0.7747031065109846
Tox21,0.5,0,18,test,False,11,784,48,0.7331295289855072
Tox21,0.5,0,18,test,True,0,736,18,0.7423398328690809
Tox21,0.5,0,18,test,True,1,670,18,0.7629516019086571
Tox21,0.5,0,18,test,True,2,668,76,0.849195412517781
Tox21,0.5,0,18,test,True,3,564,30,0.6506866416978776
Tox21,0.5,0,18,test,True,4,620,88,0.7196684894053316
Tox21,0.5,0,18,test,True,5,701,39,0.7793012626849485
Tox21,0.5,0,18,test,True,6,646,30,0.6286255411255411
Tox21,0.5,0,18,test,True,7,569,99,0.6610788738448312
Tox21,0.5,0,18,test,True,8,710,36,0.7420046158918563
Tox21,0.5,0,18,test,True,9,649,40,0.6738505747126438
Tox21,0.5,0,18,test,True,10,601,103,0.7971107731898467
Tox21,0.5,0,18,test,True,11,681,48,0.736506055818852
Tox21,0.5,0,19,val,False,0,783,35,0.7014514896867838
Tox21,0.5,0,19,val,False,1,783,28,0.8321665089877011
Tox21,0.5,0,19,val,False,2,783,79,0.8587456846950517
Tox21,0.5,0,19,val,False,3,783,38,0.661285764747439
Tox21,0.5,0,19,val,False,4,783,91,0.6989455631074128
Tox21,0.5,0,19,val,False,5,783,46,0.7934340156922896
Tox21,0.5,0,19,val,False,6,783,18,0.6386347131445171
Tox21,0.5,0,19,val,False,7,783,91,0.6634853585720637
Tox21,0.5,0,19,val,False,8,783,28,0.7851939451277199
Tox21,0.5,0,19,val,False,9,783,35,0.6208938120702827
Tox21,0.5,0,19,val,False,10,783,111,0.7835290647790648
Tox21,0.5,0,19,val,False,11,783,43,0.7767441860465116
Tox21,0.5,0,19,val,True,0,724,35,0.7027990877047481
Tox21,0.5,0,19,val,True,1,663,28,0.8352643419572553
Tox21,0.5,0,19,val,True,2,644,79,0.8846645009521676
Tox21,0.5,0,19,val,True,3,573,38,0.705853418593212
Tox21,0.5,0,19,val,True,4,609,91,0.7210742925028639
Tox21,0.5,0,19,val,True,5,686,46,0.8045855978260869
Tox21,0.5,0,19,val,True,6,639,18,0.6554839864018608
Tox21,0.5,0,19,val,True,7,572,91,0.6871901487286103
Tox21,0.5,0,19,val,True,8,699,28,0.7867255695124548
Tox21,0.5,0,19,val,True,9,643,35,0.6288533834586467
Tox21,0.5,0,19,val,True,10,564,111,0.8078873575562318
Tox21,0.5,0,19,val,True,11,665,43,0.7886412921558362
Tox21,0.5,0,19,test,False,0,784,18,0.7370176965477228
Tox21,0.5,0,19,test,False,1,784,18,0.7554395126196694
Tox21,0.5,0,19,test,False,2,784,76,0.8371989295272079
Tox21,0.5,0,19,test,False,3,784,30,0.6038461538461538
Tox21,0.5,0,19,test,False,4,784,88,0.7026188610240334
Tox21,0.5,0,19,test,False,5,784,39,0.7727069351230424
Tox21,0.5,0,19,test,False,6,784,30,0.6199381078691424
Tox21,0.5,0,19,test,False,7,784,99,0.6505492885054929
Tox21,0.5,0,19,test,False,8,784,36,0.7399732620320856
Tox21,0.5,0,19,test,False,9,784,40,0.6798723118279569
Tox21,0.5,0,19,test,False,10,784,103,0.7776257074832842
Tox21,0.5,0,19,test,False,11,784,48,0.7356487771739131
Tox21,0.5,0,19,test,True,0,736,18,0.7411018260600435
Tox21,0.5,0,19,test,True,1,670,18,0.7612474437627812
Tox21,0.5,0,19,test,True,2,668,76,0.8500844594594595
Tox21,0.5,0,19,test,True,3,564,30,0.6551186017478152
Tox21,0.5,0,19,test,True,4,620,88,0.7193267259056734
Tox21,0.5,0,19,test,True,5,701,39,0.7801146486947093
Tox21,0.5,0,19,test,True,6,646,30,0.6331709956709957
Tox21,0.5,0,19,test,True,7,569,99,0.6624543305394369
Tox21,0.5,0,19,test,True,8,710,36,0.7419634025717111
Tox21,0.5,0,19,test,True,9,649,40,0.6809523809523809
Tox21,0.5,0,19,test,True,10,601,103,0.7997426599602293
Tox21,0.5,0,19,test,True,11,681,48,0.7393035808320169
Tox21,0.5,0,20,val,False,0,783,35,0.6991214667685256
Tox21,0.5,0,20,val,False,1,783,28,0.8331598864711447
Tox21,0.5,0,20,val,False,2,783,79,0.8590513521288837
Tox21,0.5,0,20,val,False,3,783,38,0.6606852702225363
Tox21,0.5,0,20,val,False,4,783,91,0.7014863748967797
Tox21,0.5,0,20,val,False,5,783,46,0.7919444280573418
Tox21,0.5,0,20,val,False,6,783,18,0.6395787944807553
Tox21,0.5,0,20,val,False,7,783,91,0.6632789176141777
Tox21,0.5,0,20,val,False,8,783,28,0.784933774834437
Tox21,0.5,0,20,val,False,9,783,35,0.6244461420932009
Tox21,0.5,0,20,val,False,10,783,111,0.784655190905191
Tox21,0.5,0,20,val,False,11,783,43,0.7774984286612193
Tox21,0.5,0,20,val,True,0,724,35,0.7004354136429609
Tox21,0.5,0,20,val,True,1,663,28,0.8361642294713161
Tox21,0.5,0,20,val,True,2,644,79,0.8848661364400133
Tox21,0.5,0,20,val,True,3,573,38,0.7062469257255288
Tox21,0.5,0,20,val,True,4,609,91,0.7235987950273665
Tox21,0.5,0,20,val,True,5,686,46,0.8031080163043478
Tox21,0.5,0,20,val,True,6,639,18,0.6559312936124531
Tox21,0.5,0,20,val,True,7,572,91,0.686756071371456
Tox21,0.5,0,20,val,True,8,699,28,0.7863263785394933
Tox21,0.5,0,20,val,True,9,643,35,0.6319548872180452
Tox21,0.5,0,20,val,True,10,564,111,0.808643080166259
Tox21,0.5,0,20,val,True,11,665,43,0.7896507889030135
Tox21,0.5,0,20,test,False,0,784,18,0.7378880185668697
Tox21,0.5,0,20,test,False,1,784,18,0.7579779518421816
Tox21,0.5,0,20,test,False,2,784,76,0.8383883437407077
Tox21,0.5,0,20,test,False,3,784,30,0.6112290008841733
Tox21,0.5,0,20,test,False,4,784,88,0.7017371995820273
Tox21,0.5,0,20,test,False,5,784,39,0.7758905524006195
Tox21,0.5,0,20,test,False,6,784,30,0.6247568523430593
Tox21,0.5,0,20,test,False,7,784,99,0.6522893165228931
Tox21,0.5,0,20,test,False,8,784,36,0.7396390374331551
Tox21,0.5,0,20,test,False,9,784,40,0.6850806451612904
Tox21,0.5,0,20,test,False,10,784,103,0.7800208146215587
Tox21,0.5,0,20,test,False,11,784,48,0.7366961050724637
Tox21,0.5,0,20,test,True,0,736,18,0.741798204890127
Tox21,0.5,0,20,test,True,1,670,18,0.7636332651670075
Tox21,0.5,0,20,test,True,2,668,76,0.8513735775248933
Tox21,0.5,0,20,test,True,3,564,30,0.6629213483146067
Tox21,0.5,0,20,test,True,4,620,88,0.7183227956254272
Tox21,0.5,0,20,test,True,5,701,39,0.7831164303973973
Tox21,0.5,0,20,test,True,6,646,30,0.6383116883116884
Tox21,0.5,0,20,test,True,7,569,99,0.6641091768751344
Tox21,0.5,0,20,test,True,8,710,36,0.7415100560501153
Tox21,0.5,0,20,test,True,9,649,40,0.6867405582922823
Tox21,0.5,0,20,test,True,10,601,103,0.8019651421218856
Tox21,0.5,0,20,test,True,11,681,48,0.7405871511321749
Tox21,0.5,0,21,val,False,0,783,35,0.6986249045072573
Tox21,0.5,0,21,val,False,1,783,28,0.8341059602649006
Tox21,0.5,0,21,val,False,2,783,79,0.8589794303797469
Tox21,0.5,0,21,val,False,3,783,38,0.6583716001412928
Tox21,0.5,0,21,val,False,4,783,91,0.7038207457282603
Tox21,0.5,0,21,val,False,5,783,46,0.7920476668043183
Tox21,0.5,0,21,val,False,6,783,18,0.6389251997095134
Tox21,0.5,0,21,val,False,7,783,91,0.6622387727879057
Tox21,0.5,0,21,val,False,8,783,28,0.7853358561967835
Tox21,0.5,0,21,val,False,9,783,35,0.627196333078686
Tox21,0.5,0,21,val,False,10,783,111,0.786491848991849
Tox21,0.5,0,21,val,False,11,783,43,0.7813639220615965
Tox21,0.5,0,21,val,True,0,724,35,0.7001866058469833
Tox21,0.5,0,21,val,True,1,663,28,0.8373453318335209
Tox21,0.5,0,21,val,True,2,644,79,0.8850005600985773
Tox21,0.5,0,21,val,True,3,573,38,0.7044269552385637
Tox21,0.5,0,21,val,True,4,609,91,0.7254656540370826
Tox21,0.5,0,21,val,True,5,686,46,0.8032948369565216
Tox21,0.5,0,21,val,True,6,639,18,0.6555734478439793
Tox21,0.5,0,21,val,True,7,572,91,0.6859564551872244
Tox21,0.5,0,21,val,True,8,699,28,0.7868320204385778
Tox21,0.5,0,21,val,True,9,643,35,0.6343045112781954
Tox21,0.5,0,21,val,True,10,564,111,0.8102937374460554
Tox21,0.5,0,21,val,True,11,665,43,0.7932774994391685
Tox21,0.5,0,21,test,False,0,784,18,0.7399187699448796
Tox21,0.5,0,21,test,False,1,784,18,0.7581592689295039
Tox21,0.5,0,21,test,False,2,784,76,0.839150312221231
Tox21,0.5,0,21,test,False,3,784,30,0.616445623342175
Tox21,0.5,0,21,test,False,4,784,88,0.7006841039707419
Tox21,0.5,0,21,test,False,5,784,39,0.7790053347100327
Tox21,0.5,0,21,test,False,6,784,30,0.6270114942528736
Tox21,0.5,0,21,test,False,7,784,99,0.6537049325370494
Tox21,0.5,0,21,test,False,8,784,36,0.7379307783719549
Tox21,0.5,0,21,test,False,9,784,40,0.6929099462365591
Tox21,0.5,0,21,test,False,10,784,103,0.7822876124488545
Tox21,0.5,0,21,test,False,11,784,48,0.740828804347826
Tox21,0.5,0,21,test,True,0,736,18,0.7438099659548127
Tox21,0.5,0,21,test,True,1,670,18,0.7641019086571234
Tox21,0.5,0,21,test,True,2,668,76,0.8520403627311522
Tox21,0.5,0,21,test,True,3,564,30,0.6698501872659176
Tox21,0.5,0,21,test,True,4,620,88,0.7172227443609023
Tox21,0.5,0,21,test,True,5,701,39,0.7861182121000853
Tox21,0.5,0,21,test,True,6,646,30,0.64004329004329
Tox21,0.5,0,21,test,True,7,569,99,0.6656780571674188
Tox21,0.5,0,21,test,True,8,710,36,0.7398203099241675
Tox21,0.5,0,21,test,True,9,649,40,0.695320197044335
Tox21,0.5,0,21,test,True,10,601,103,0.8040316606230749
Tox21,0.5,0,21,test,True,11,681,48,0.7447011585044759
Tox21,0.5,0,22,val,False,0,783,35,0.6997326203208556
Tox21,0.5,0,22,val,False,1,783,28,0.83561967833491
Tox21,0.5,0,22,val,False,2,783,79,0.8584579976985041
Tox21,0.5,0,22,val,False,3,783,38,0.6594489579653833
Tox21,0.5,0,22,val,False,4,783,91,0.7071079209807535
Tox21,0.5,0,22,val,False,5,783,46,0.7906318211314968
Tox21,0.5,0,22,val,False,6,783,18,0.6403050108932462
Tox21,0.5,0,22,val,False,7,783,91,0.6624849139300006
Tox21,0.5,0,22,val,False,8,783,28,0.7831598864711448
Tox21,0.5,0,22,val,False,9,783,35,0.628227654698243
Tox21,0.5,0,22,val,False,10,783,111,0.787765444015444
Tox21,0.5,0,22,val,False,11,783,43,0.7839723444374607
Tox21,0.5,0,22,val,True,0,724,35,0.7012647729628861
Tox21,0.5,0,22,val,True,1,663,28,0.8389201349831271
Tox21,0.5,0,22,val,True,2,644,79,0.8844628654643217
Tox21,0.5,0,22,val,True,3,573,38,0.7064436792916872
Tox21,0.5,0,22,val,True,4,609,91,0.7287326573040859
Tox21,0.5,0,22,val,True,5,686,46,0.8019361413043479
Tox21,0.5,0,22,val,True,6,639,18,0.6568259080336375
Tox21,0.5,0,22,val,True,7,572,91,0.6857279934203011
Tox21,0.5,0,22,val,True,8,699,28,0.7842771982116244
Tox21,0.5,0,22,val,True,9,643,35,0.6347744360902255
Tox21,0.5,0,22,val,True,10,564,111,0.8114074339239903
Tox21,0.5,0,22,val,True,11,665,43,0.7958573244597323
Tox21,0.5,0,22,test,False,0,784,18,0.7402814041195241
Tox21,0.5,0,22,test,False,1,784,18,0.7609515520742675
Tox21,0.5,0,22,test,False,2,784,76,0.8401724650609574
Tox21,0.5,0,22,test,False,3,784,30,0.623894783377542
Tox21,0.5,0,22,test,False,4,784,88,0.7005453239289446
Tox21,0.5,0,22,test,False,5,784,39,0.7805197040096369
Tox21,0.5,0,22,test,False,6,784,30,0.6283377541998232
Tox21,0.5,0,22,test,False,7,784,99,0.655135294551353
Tox21,0.5,0,22,test,False,8,784,36,0.7384135472370766
Tox21,0.5,0,22,test,False,9,784,40,0.697983870967742
Tox21,0.5,0,22,test,False,10,784,103,0.7849108250288696
Tox21,0.5,0,22,test,False,11,784,48,0.7428526947463768
Tox21,0.5,0,22,test,True,0,736,18,0.7441968430826369
Tox21,0.5,0,22,test,True,1,670,18,0.7667007498295841
Tox21,0.5,0,22,test,True,2,668,76,0.8529738620199147
Tox21,0.5,0,22,test,True,3,564,30,0.6779650436953808
Tox21,0.5,0,22,test,True,4,620,88,0.7168489405331511
Tox21,0.5,0,22,test,True,5,701,39,0.7872414594468975
Tox21,0.5,0,22,test,True,6,646,30,0.641504329004329
Tox21,0.5,0,22,test,True,7,569,99,0.6673973780356759
Tox21,0.5,0,22,test,True,8,710,36,0.7399439498846027
Tox21,0.5,0,22,test,True,9,649,40,0.7008210180623974
Tox21,0.5,0,22,test,True,10,601,103,0.8065660701056654
Tox21,0.5,0,22,test,True,11,681,48,0.7468568983675619
Tox21,0.5,0,23,val,False,0,783,35,0.7003055767761649
Tox21,0.5,0,23,val,False,1,783,28,0.8364238410596027
Tox21,0.5,0,23,val,False,2,783,79,0.858080408515535
Tox21,0.5,0,23,val,False,3,783,38,0.6603320381490639
Tox21,0.5,0,23,val,False,4,783,91,0.7105221368227149
Tox21,0.5,0,23,val,False,5,783,46,0.7891864786738245
Tox21,0.5,0,23,val,False,6,783,18,0.6426289034132172
Tox21,0.5,0,23,val,False,7,783,91,0.6624690338563171
Tox21,0.5,0,23,val,False,8,783,28,0.7816934720908231
Tox21,0.5,0,23,val,False,9,783,35,0.6310160427807487
Tox21,0.5,0,23,val,False,10,783,111,0.7889988202488202
Tox21,0.5,0,23,val,False,11,783,43,0.786580766813325
Tox21,0.5,0,23,val,True,0,724,35,0.7018867924528301
Tox21,0.5,0,23,val,True,1,663,28,0.8397075365579303
Tox21,0.5,0,23,val,True,2,644,79,0.8843060378626637
Tox21,0.5,0,23,val,True,3,573,38,0.7075258239055583
Tox21,0.5,0,23,val,True,4,609,91,0.7322966608680894
Tox21,0.5,0,23,val,True,5,686,46,0.8005774456521739
Tox21,0.5,0,23,val,True,6,639,18,0.658525675433888
Tox21,0.5,0,23,val,True,7,572,91,0.6852939160631468
Tox21,0.5,0,23,val,True,8,699,28,0.78273365978284
Tox21,0.5,0,23,val,True,9,643,35,0.636936090225564
Tox21,0.5,0,23,val,True,10,564,111,0.812541017839031
Tox21,0.5,0,23,val,True,11,665,43,0.7983623719434682
Tox21,0.5,0,23,test,False,0,784,18,0.7407890919640266
Tox21,0.5,0,23,test,False,1,784,18,0.7635625181317087
Tox21,0.5,0,23,test,False,2,784,76,0.8407300029735355
Tox21,0.5,0,23,test,False,3,784,30,0.6322723253757736
Tox21,0.5,0,23,test,False,4,784,88,0.7019412878787877
Tox21,0.5,0,23,test,False,5,784,39,0.7804508690414731
Tox21,0.5,0,23,test,False,6,784,30,0.6308134394341292
Tox21,0.5,0,23,test,False,7,784,99,0.6560200545602006
Tox21,0.5,0,23,test,False,8,784,36,0.7402332144979203
Tox21,0.5,0,23,test,False,9,784,40,0.7035954301075269
Tox21,0.5,0,23,test,False,10,784,103,0.7870920833155126
Tox21,0.5,0,23,test,False,11,784,48,0.7450181159420289
Tox21,0.5,0,23,test,True,0,736,18,0.7445837202104612
Tox21,0.5,0,23,test,True,1,670,18,0.7697682344921609
Tox21,0.5,0,23,test,True,2,668,76,0.8536406472261736
Tox21,0.5,0,23,test,True,3,564,30,0.6872659176029963
Tox21,0.5,0,23,test,True,4,620,88,0.7182266746411483
Tox21,0.5,0,23,test,True,5,701,39,0.7873963901154234
Tox21,0.5,0,23,test,True,6,646,30,0.6443181818181818
Tox21,0.5,0,23,test,True,7,569,99,0.6679991403395659
Tox21,0.5,0,23,test,True,8,710,36,0.741880975931421
Tox21,0.5,0,23,test,True,9,649,40,0.7064860426929394
Tox21,0.5,0,23,test,True,10,601,103,0.808554606776621
Tox21,0.5,0,23,test,True,11,681,48,0.7491113744075829
Tox21,0.5,0,24,val,False,0,783,35,0.7035141329258976
Tox21,0.5,0,24,val,False,1,783,28,0.8373226111636707
Tox21,0.5,0,24,val,False,2,783,79,0.8574510932105869
Tox21,0.5,0,24,val,False,3,783,38,0.660649947015189
Tox21,0.5,0,24,val,False,4,783,91,0.7146985962014865
Tox21,0.5,0,24,val,False,5,783,46,0.7869742198100407
Tox21,0.5,0,24,val,False,6,783,18,0.6428467683369644
Tox21,0.5,0,24,val,False,7,783,91,0.6633424379089119
Tox21,0.5,0,24,val,False,8,783,28,0.7813150425733206
Tox21,0.5,0,24,val,False,9,783,35,0.6336516424751718
Tox21,0.5,0,24,val,False,10,783,111,0.7905271342771342
Tox21,0.5,0,24,val,False,11,783,43,0.7906033940917662
Tox21,0.5,0,24,val,True,0,724,35,0.7054115695625129
Tox21,0.5,0,24,val,True,1,663,28,0.8407199100112486
Tox21,0.5,0,24,val,True,2,644,79,0.8837459392853142
Tox21,0.5,0,24,val,True,3,573,38,0.7080668962124937
Tox21,0.5,0,24,val,True,4,609,91,0.7364970936399509
Tox21,0.5,0,24,val,True,5,686,46,0.7985394021739131
Tox21,0.5,0,24,val,True,6,639,18,0.6590624440865986
Tox21,0.5,0,24,val,True,7,572,91,0.6860706860706861
Tox21,0.5,0,24,val,True,8,699,28,0.7823610815414095
Tox21,0.5,0,24,val,True,9,643,35,0.6390507518796993
Tox21,0.5,0,24,val,True,10,564,111,0.8139331384364497
Tox21,0.5,0,24,val,True,11,665,43,0.8026246915426606
Tox21,0.5,0,24,test,False,0,784,18,0.7404264577893821
Tox21,0.5,0,24,test,False,1,784,18,0.766246011024079
Tox21,0.5,0,24,test,False,2,784,76,0.8410645257210824
Tox21,0.5,0,24,test,False,3,784,30,0.6407603890362511
Tox21,0.5,0,24,test,False,4,784,88,0.7041862591431556
Tox21,0.5,0,24,test,False,5,784,39,0.7797281018757529
Tox21,0.5,0,24,test,False,6,784,30,0.631211317418214
Tox21,0.5,0,24,test,False,7,784,99,0.6576421145764211
Tox21,0.5,0,24,test,False,8,784,36,0.7410873440285204
Tox21,0.5,0,24,test,False,9,784,40,0.709274193548387
Tox21,0.5,0,24,test,False,10,784,103,0.789829348616398
Tox21,0.5,0,24,test,False,11,784,48,0.7480185688405797
Tox21,0.5,0,24,test,True,0,736,18,0.7442742185082019
Tox21,0.5,0,24,test,True,1,670,18,0.7722392638036811
Tox21,0.5,0,24,test,True,2,668,76,0.8538629089615932
Tox21,0.5,0,24,test,True,3,564,30,0.6966292134831461
Tox21,0.5,0,24,test,True,4,620,88,0.7204374572795625
Tox21,0.5,0,24,test,True,5,701,39,0.7866217367727941
Tox21,0.5,0,24,test,True,6,646,30,0.6444805194805195
Tox21,0.5,0,24,test,True,7,569,99,0.6694390715667311
Tox21,0.5,0,24,test,True,8,710,36,0.742457962413452
Tox21,0.5,0,24,test,True,9,649,40,0.7121510673234811
Tox21,0.5,0,24,test,True,10,601,103,0.8109720435138613
Tox21,0.5,0,24,test,True,11,681,48,0.7518101632438126
Tox21,0.5,0,25,val,False,0,783,35,0.7055767761650115
Tox21,0.5,0,25,val,False,1,783,28,0.8402554399243142
Tox21,0.5,0,25,val,False,2,783,79,0.8571454257767549
Tox21,0.5,0,25,val,False,3,783,38,0.6611797951253974
Tox21,0.5,0,25,val,False,4,783,91,0.7178587308645111
Tox21,0.5,0,25,val,False,5,783,46,0.7850274320099109
Tox21,0.5,0,25,val,False,6,783,18,0.6432098765432098
Tox21,0.5,0,25,val,False,7,783,91,0.6641523216667725
Tox21,0.5,0,25,val,False,8,783,28,0.7807000946073793
Tox21,0.5,0,25,val,False,9,783,35,0.636096256684492
Tox21,0.5,0,25,val,False,10,783,111,0.7923771986271987
Tox21,0.5,0,25,val,False,11,783,43,0.7919861722187304
Tox21,0.5,0,25,val,True,0,724,35,0.7073605639643376
Tox21,0.5,0,25,val,True,1,663,28,0.8437570303712036
Tox21,0.5,0,25,val,True,2,644,79,0.8832306485941526
Tox21,0.5,0,25,val,True,3,573,38,0.708411214953271
Tox21,0.5,0,25,val,True,4,609,91,0.7398489541346684
Tox21,0.5,0,25,val,True,5,686,46,0.7963654891304348
Tox21,0.5,0,25,val,True,6,639,18,0.658525675433888
Tox21,0.5,0,25,val,True,7,572,91,0.6870530716684563
Tox21,0.5,0,25,val,True,8,699,28,0.7818288269107941
Tox21,0.5,0,25,val,True,9,643,35,0.6413063909774436
Tox21,0.5,0,25,val,True,10,564,111,0.815544020842034
Tox21,0.5,0,25,val,True,11,665,43,0.8039332984371493
Tox21,0.5,0,25,test,False,0,784,18,0.7412242529736003
Tox21,0.5,0,25,test,False,1,784,18,0.7684943429068756
Tox21,0.5,0,25,test,False,2,784,76,0.8410552334225395
Tox21,0.5,0,25,test,False,3,784,30,0.6494252873563218
Tox21,0.5,0,25,test,False,4,784,88,0.7064067398119124
Tox21,0.5,0,25,test,False,5,784,39,0.7794527620030975
Tox21,0.5,0,25,test,False,6,784,30,0.6304597701149426
Tox21,0.5,0,25,test,False,7,784,99,0.6597802845978028
Tox21,0.5,0,25,test,False,8,784,36,0.7409016636957813
Tox21,0.5,0,25,test,False,9,784,40,0.7145833333333333
Tox21,0.5,0,25,test,False,10,784,103,0.7917825014613005
Tox21,0.5,0,25,test,False,11,784,48,0.7509057971014493
Tox21,0.5,0,25,test,True,0,736,18,0.7452027236149799
Tox21,0.5,0,25,test,True,1,670,18,0.7744546693933198
Tox21,0.5,0,25,test,True,2,668,76,0.8540962837837838
Tox21,0.5,0,25,test,True,3,564,30,0.7062421972534333
Tox21,0.5,0,25,test,True,4,620,88,0.7229366028708135
Tox21,0.5,0,25,test,True,5,701,39,0.7862731427686109
Tox21,0.5,0,25,test,True,6,646,30,0.6436688311688312
Tox21,0.5,0,25,test,True,7,569,99,0.6719105953148508
Tox21,0.5,0,25,test,True,8,710,36,0.7423755357731618
Tox21,0.5,0,25,test,True,9,649,40,0.7174055829228243
Tox21,0.5,0,25,test,True,10,601,103,0.812765625609233
Tox21,0.5,0,25,test,True,11,681,48,0.7549368088467614
Tox21,0.5,0,26,val,False,0,783,35,0.7083269671504965
Tox21,0.5,0,26,val,False,1,783,28,0.8424550614947967
Tox21,0.5,0,26,val,False,2,783,79,0.8564981300345225
Tox21,0.5,0,26,val,False,3,783,38,0.6619922288943837
Tox21,0.5,0,26,val,False,4,783,91,0.7203836625801945
Tox21,0.5,0,26,val,False,5,783,46,0.7839360509704442
Tox21,0.5,0,26,val,False,6,783,18,0.648075526506899
Tox21,0.5,0,26,val,False,7,783,91,0.6657403290351267
Tox21,0.5,0,26,val,False,8,783,28,0.7794228949858089
Tox21,0.5,0,26,val,False,9,783,35,0.63720397249809
Tox21,0.5,0,26,val,False,10,783,111,0.7937982625482626
Tox21,0.5,0,26,val,False,11,783,43,0.7944374607165304
Tox21,0.5,0,26,val,True,0,724,35,0.7102633215840762
Tox21,0.5,0,26,val,True,1,663,28,0.8460911136107988
Tox21,0.5,0,26,val,True,2,644,79,0.8823120869272992
Tox21,0.5,0,26,val,True,3,573,38,0.7092966060009838
Tox21,0.5,0,26,val,True,4,609,91,0.7420552420552421
Tox21,0.5,0,26,val,True,5,686,46,0.7948029891304348
Tox21,0.5,0,26,val,True,6,639,18,0.6636249776346395
Tox21,0.5,0,26,val,True,7,572,91,0.6883781499166115
Tox21,0.5,0,26,val,True,8,699,28,0.780817543112625
Tox21,0.5,0,26,val,True,9,643,35,0.6421522556390977
Tox21,0.5,0,26,val,True,10,564,111,0.8168168168168168
Tox21,0.5,0,26,val,True,11,665,43,0.8059522919315038
Tox21,0.5,0,26,test,False,0,784,18,0.7407890919640266
Tox21,0.5,0,26,test,False,1,784,18,0.7721206846533217
Tox21,0.5,0,26,test,False,2,784,76,0.8411202795123403
Tox21,0.5,0,26,test,False,3,784,30,0.6583112290008841
Tox21,0.5,0,26,test,False,4,784,88,0.7085537486938349
Tox21,0.5,0,26,test,False,5,784,39,0.7783341937704354
Tox21,0.5,0,26,test,False,6,784,30,0.6313881520778072
Tox21,0.5,0,26,test,False,7,784,99,0.6612032736120328
Tox21,0.5,0,26,test,False,8,784,36,0.7405674390968509
Tox21,0.5,0,26,test,False,9,784,40,0.7193212365591397
Tox21,0.5,0,26,test,False,10,784,103,0.7942774047303367
Tox21,0.5,0,26,test,False,11,784,48,0.7534533514492754
Tox21,0.5,0,26,test,True,0,736,18,0.7449705973382854
Tox21,0.5,0,26,test,True,1,670,18,0.7779481935923654
Tox21,0.5,0,26,test,True,2,668,76,0.8542852062588905
Tox21,0.5,0,26,test,True,3,564,30,0.7153558052434457
Tox21,0.5,0,26,test,True,4,620,88,0.7253182672590568
Tox21,0.5,0,26,test,True,5,701,39,0.785207994422496
Tox21,0.5,0,26,test,True,6,646,30,0.6444264069264068
Tox21,0.5,0,26,test,True,7,569,99,0.6731463571889104
Tox21,0.5,0,26,test,True,8,710,36,0.7416749093306957
Tox21,0.5,0,26,test,True,9,649,40,0.7221674876847292
Tox21,0.5,0,26,test,True,10,601,103,0.8150076032284478
Tox21,0.5,0,26,test,True,11,681,48,0.7579647182727751
Tox21,0.5,0,27,val,False,0,783,35,0.7105423987776929
Tox21,0.5,0,27,val,False,1,783,28,0.8447492904446547
Tox21,0.5,0,27,val,False,2,783,79,0.8556170886075949
Tox21,0.5,0,27,val,False,3,783,38,0.6641999293535853
Tox21,0.5,0,27,val,False,4,783,91,0.7224957123801056
Tox21,0.5,0,27,val,False,5,783,46,0.7821072503097164
Tox21,0.5,0,27,val,False,6,783,18,0.6514161220043573
Tox21,0.5,0,27,val,False,7,783,91,0.6659944102140634
Tox21,0.5,0,27,val,False,8,783,28,0.7778618732261117
Tox21,0.5,0,27,val,False,9,783,35,0.6389992360580595
Tox21,0.5,0,27,val,False,10,783,111,0.7950986700986701
Tox21,0.5,0,27,val,False,11,783,43,0.7970458830923947
Tox21,0.5,0,27,val,True,0,724,35,0.7122537839518972
Tox21,0.5,0,27,val,True,1,663,28,0.8481439820022497
Tox21,0.5,0,27,val,True,2,644,79,0.8814831410328218
Tox21,0.5,0,27,val,True,3,573,38,0.7116084604033448
Tox21,0.5,0,27,val,True,4,609,91,0.7440281725996011
Tox21,0.5,0,27,val,True,5,686,46,0.7925951086956522
Tox21,0.5,0,27,val,True,6,639,18,0.6670245124351405
Tox21,0.5,0,27,val,True,7,572,91,0.6891549199241507
Tox21,0.5,0,27,val,True,8,699,28,0.7787417500532253
Tox21,0.5,0,27,val,True,9,643,35,0.643609022556391
Tox21,0.5,0,27,val,True,10,564,111,0.8181492751029175
Tox21,0.5,0,27,val,True,11,665,43,0.8085321169520676
Tox21,0.5,0,27,test,False,0,784,18,0.7415868871482448
Tox21,0.5,0,27,test,False,1,784,18,0.7793008413112852
Tox21,0.5,0,27,test,False,2,784,76,0.8408229259589652
Tox21,0.5,0,27,test,False,3,784,30,0.6650751547303272
Tox21,0.5,0,27,test,False,4,784,88,0.7102272727272727
Tox21,0.5,0,27,test,False,5,784,39,0.775322663913268
Tox21,0.5,0,27,test,False,6,784,30,0.6352785145888595
Tox21,0.5,0,27,test,False,7,784,99,0.6638059426380595
Tox21,0.5,0,27,test,False,8,784,36,0.7396390374331551
Tox21,0.5,0,27,test,False,9,784,40,0.7239247311827957
Tox21,0.5,0,27,test,False,10,784,103,0.7969148739004606
Tox21,0.5,0,27,test,False,11,784,48,0.756340579710145
Tox21,0.5,0,27,test,True,0,736,18,0.7458217270194986
Tox21,0.5,0,27,test,True,1,670,18,0.7854464894342195
Tox21,0.5,0,27,test,True,2,668,76,0.853929587482219
Tox21,0.5,0,27,test,True,3,564,30,0.7219725343320849
Tox21,0.5,0,27,test,True,4,620,88,0.7270591250854409
Tox21,0.5,0,27,test,True,5,701,39,0.782283678054071
Tox21,0.5,0,27,test,True,6,646,30,0.6483766233766234
Tox21,0.5,0,27,test,True,7,569,99,0.6763163550397592
Tox21,0.5,0,27,test,True,8,710,36,0.7409330695680844
Tox21,0.5,0,27,test,True,9,649,40,0.727463054187192
Tox21,0.5,0,27,test,True,10,601,103,0.8170936171871953
Tox21,0.5,0,27,test,True,11,681,48,0.7608609794628752
Tox21,0.5,0,28,val,False,0,783,35,0.7120702826585179
Tox21,0.5,0,28,val,False,1,783,28,0.8466887417218543
Tox21,0.5,0,28,val,False,2,783,79,0.855473245109321
Tox21,0.5,0,28,val,False,3,783,38,0.6657364888731897
Tox21,0.5,0,28,val,False,4,783,91,0.724242520485295
Tox21,0.5,0,28,val,False,5,783,46,0.7823137278036694
Tox21,0.5,0,28,val,False,6,783,18,0.65199709513435
Tox21,0.5,0,28,val,False,7,783,91,0.6667566537508733
Tox21,0.5,0,28,val,False,8,783,28,0.778240302743614
Tox21,0.5,0,28,val,False,9,783,35,0.6412146676852559
Tox21,0.5,0,28,val,False,10,783,111,0.7962382024882025
Tox21,0.5,0,28,val,False,11,783,43,0.7987429289754872
Tox21,0.5,0,28,val,True,0,724,35,0.7141613103877256
Tox21,0.5,0,28,val,True,1,663,28,0.8498875140607425
Tox21,0.5,0,28,val,True,2,644,79,0.881326313431164
Tox21,0.5,0,28,val,True,3,573,38,0.7136743728480079
Tox21,0.5,0,28,val,True,4,609,91,0.7455343883915313
Tox21,0.5,0,28,val,True,5,686,46,0.7926630434782609
Tox21,0.5,0,28,val,True,6,639,18,0.6670245124351404
Tox21,0.5,0,28,val,True,7,572,91,0.6900916131685363
Tox21,0.5,0,28,val,True,8,699,28,0.7792740046838407
Tox21,0.5,0,28,val,True,9,643,35,0.6454887218045113
Tox21,0.5,0,28,val,True,10,564,111,0.8190839846468986
Tox21,0.5,0,28,val,True,11,665,43,0.8102520002991102
Tox21,0.5,0,28,test,False,0,784,18,0.7434725848563968
Tox21,0.5,0,28,test,False,1,784,18,0.7827821293878736
Tox21,0.5,0,28,test,False,2,784,76,0.8406928337793637
Tox21,0.5,0,28,test,False,3,784,30,0.6718832891246684
Tox21,0.5,0,28,test,False,4,784,88,0.7114028213166144
Tox21,0.5,0,28,test,False,5,784,39,0.7722939253140595
Tox21,0.5,0,28,test,False,6,784,30,0.6377984084880637
Tox21,0.5,0,28,test,False,7,784,99,0.6661505566615056
Tox21,0.5,0,28,test,False,8,784,36,0.7393048128342246
Tox21,0.5,0,28,test,False,9,784,40,0.7276545698924731
Tox21,0.5,0,28,test,False,10,784,103,0.798497355402535
Tox21,0.5,0,28,test,False,11,784,48,0.7588315217391305
Tox21,0.5,0,28,test,True,0,736,18,0.7478334880841844
Tox21,0.5,0,28,test,True,1,670,18,0.788173142467621
Tox21,0.5,0,28,test,True,2,668,76,0.8538406827880511
Tox21,0.5,0,28,test,True,3,564,30,0.7282147315855181
Tox21,0.5,0,28,test,True,4,620,88,0.7280630553656869
Tox21,0.5,0,28,test,True,5,701,39,0.7792237973506856
Tox21,0.5,0,28,test,True,6,646,30,0.6500541125541126
Tox21,0.5,0,28,test,True,7,569,99,0.679024285407264
Tox21,0.5,0,28,test,True,8,710,36,0.7406445763270689
Tox21,0.5,0,28,test,True,9,649,40,0.7307471264367816
Tox21,0.5,0,28,test,True,10,601,103,0.8185362810465162
Tox21,0.5,0,28,test,True,11,681,48,0.7635926803580833
Tox21,0.5,0,29,val,False,0,783,35,0.7136172650878534
Tox21,0.5,0,29,val,False,1,783,28,0.8468306527909176
Tox21,0.5,0,29,val,False,2,783,79,0.8551495972382048
Tox21,0.5,0,29,val,False,3,783,38,0.6692334864005652
Tox21,0.5,0,29,val,False,4,783,91,0.7269738931588643
Tox21,0.5,0,29,val,False,5,783,46,0.782874166715828
Tox21,0.5,0,29,val,False,6,783,18,0.6508351488743644
Tox21,0.5,0,29,val,False,7,783,91,0.6670424950771772
Tox21,0.5,0,29,val,False,8,783,28,0.7775780510879848
Tox21,0.5,0,29,val,False,9,783,35,0.6422459893048128
Tox21,0.5,0,29,val,False,10,783,111,0.797029172029172
Tox21,0.5,0,29,val,False,11,783,43,0.800691389063482
Tox21,0.5,0,29,val,True,0,724,35,0.715633423180593
Tox21,0.5,0,29,val,True,1,663,28,0.8501687289088864
Tox21,0.5,0,29,val,True,2,644,79,0.8809678503416601
Tox21,0.5,0,29,val,True,3,573,38,0.7176094441711756
Tox21,0.5,0,29,val,True,4,609,91,0.7476982476982477
Tox21,0.5,0,29,val,True,5,686,46,0.7933084239130435
Tox21,0.5,0,29,val,True,6,639,18,0.6658615136876007
Tox21,0.5,0,29,val,True,7,572,91,0.6905485367023829
Tox21,0.5,0,29,val,True,8,699,28,0.7786352991271024
Tox21,0.5,0,29,val,True,9,643,35,0.6465695488721804
Tox21,0.5,0,29,val,True,10,564,111,0.819640832885866
Tox21,0.5,0,29,val,True,11,665,43,0.8122336050250505
Tox21,0.5,0,29,test,False,0,784,18,0.7440527995358283
Tox21,0.5,0,29,test,False,1,784,18,0.7900348128807659
Tox21,0.5,0,29,test,False,2,784,76,0.8404884032114184
Tox21,0.5,0,29,test,False,3,784,30,0.6786472148541114
Tox21,0.5,0,29,test,False,4,784,88,0.7133130877742947
Tox21,0.5,0,29,test,False,5,784,39,0.7684391670968852
Tox21,0.5,0,29,test,False,6,784,30,0.6439434129089302
Tox21,0.5,0,29,test,False,7,784,99,0.6676841406768415
Tox21,0.5,0,29,test,False,8,784,36,0.7390819964349375
Tox21,0.5,0,29,test,False,9,784,40,0.7308131720430108
Tox21,0.5,0,29,test,False,10,784,103,0.8005645609683076
Tox21,0.5,0,29,test,False,11,784,48,0.7607563405797102
Tox21,0.5,0,29,test,True,0,736,18,0.7484524914887031
Tox21,0.5,0,29,test,True,1,670,18,0.7958418541240627
Tox21,0.5,0,29,test,True,2,668,76,0.853929587482219
Tox21,0.5,0,29,test,True,3,564,30,0.7333957553058676
Tox21,0.5,0,29,test,True,4,620,88,0.729964114832536
Tox21,0.5,0,29,test,True,5,701,39,0.7753117979704082
Tox21,0.5,0,29,test,True,6,646,30,0.6564935064935065
Tox21,0.5,0,29,test,True,7,569,99,0.6810874704491725
Tox21,0.5,0,29,test,True,8,710,36,0.7406033630069239
Tox21,0.5,0,29,test,True,9,649,40,0.7339901477832512
Tox21,0.5,0,29,test,True,10,601,103,0.8203493585994464
Tox21,0.5,0,29,test,True,11,681,48,0.7660281727224855
Tox21,0.5,0,30,val,False,0,783,35,0.7160809778456837
Tox21,0.5,0,30,val,False,1,783,28,0.8473982970671713
Tox21,0.5,0,30,val,False,2,783,79,0.8547180667433831
Tox21,0.5,0,30,val,False,3,783,38,0.6725891910985519
Tox21,0.5,0,30,val,False,4,783,91,0.730380168963984
Tox21,0.5,0,30,val,False,5,783,46,0.7840245413249955
Tox21,0.5,0,30,val,False,6,783,18,0.6511982570806101
Tox21,0.5,0,30,val,False,7,783,91,0.6675427173982088
Tox21,0.5,0,30,val,False,8,783,28,0.7779091769157993
Tox21,0.5,0,30,val,False,9,783,35,0.6431245225362874
Tox21,0.5,0,30,val,False,10,783,111,0.7979139854139854
Tox21,0.5,0,30,val,False,11,783,43,0.8029855436832181
Tox21,0.5,0,30,val,True,0,724,35,0.7181422351233673
Tox21,0.5,0,30,val,True,1,663,28,0.8505061867266592
Tox21,0.5,0,30,val,True,2,644,79,0.8806317911952503
Tox21,0.5,0,30,val,True,3,573,38,0.7209542547958682
Tox21,0.5,0,30,val,True,4,609,91,0.7507000721286436
Tox21,0.5,0,30,val,True,5,686,46,0.7946331521739131
Tox21,0.5,0,30,val,True,6,639,18,0.6665772052245482
Tox21,0.5,0,30,val,True,7,572,91,0.691039729501268
Tox21,0.5,0,30,val,True,8,699,28,0.7790611028315946
Tox21,0.5,0,30,val,True,9,643,35,0.6475093984962406
Tox21,0.5,0,30,val,True,10,564,111,0.8202573434361514
Tox21,0.5,0,30,val,True,11,665,43,0.8146264862035445
Tox21,0.5,0,30,test,False,0,784,18,0.7445604873803306
Tox21,0.5,0,30,test,False,1,784,18,0.7952567449956485
Tox21,0.5,0,30,test,False,2,784,76,0.8399122807017544
Tox21,0.5,0,30,test,False,3,784,30,0.6852343059239611
Tox21,0.5,0,30,test,False,4,784,88,0.715721329676071
Tox21,0.5,0,30,test,False,5,784,39,0.7653932197556359
Tox21,0.5,0,30,test,False,6,784,30,0.649602122015915
Tox21,0.5,0,30,test,False,7,784,99,0.6697780726977807
Tox21,0.5,0,30,test,False,8,784,36,0.7380421865715983
Tox21,0.5,0,30,test,False,9,784,40,0.7347110215053764
Tox21,0.5,0,30,test,False,10,784,103,0.8024321742725574
Tox21,0.5,0,30,test,False,11,784,48,0.7637001811594204
Tox21,0.5,0,30,test,True,0,736,18,0.7489167440420922
Tox21,0.5,0,30,test,True,1,670,18,0.8012099522835718
Tox21,0.5,0,30,test,True,2,668,76,0.8533961593172119
Tox21,0.5,0,30,test,True,3,564,30,0.7399500624219726
Tox21,0.5,0,30,test,True,4,620,88,0.732004015721121
Tox21,0.5,0,30,test,True,5,701,39,0.7721938182663258
Tox21,0.5,0,30,test,True,6,646,30,0.6620129870129869
Tox21,0.5,0,30,test,True,7,569,99,0.6838168923275307
Tox21,0.5,0,30,test,True,8,710,36,0.7397378832838774
Tox21,0.5,0,30,test,True,9,649,40,0.7378078817733992
Tox21,0.5,0,30,test,True,10,601,103,0.8222209225250517
Tox21,0.5,0,30,test,True,11,681,48,0.7693193786203265
Tox21,0.5,0,31,val,False,0,783,35,0.7183728036669214
Tox21,0.5,0,31,val,False,1,783,28,0.8490539262062441
Tox21,0.5,0,31,val,False,2,783,79,0.8548439298043728
Tox21,0.5,0,31,val,False,3,783,38,0.6768986223949135
Tox21,0.5,0,31,val,False,4,783,91,0.7323254779902179
Tox21,0.5,0,31,val,False,5,783,46,0.7844374963129018
Tox21,0.5,0,31,val,False,6,783,18,0.6529411764705881
Tox21,0.5,0,31,val,False,7,783,91,0.6687893031823668
Tox21,0.5,0,31,val,False,8,783,28,0.7779091769157994
Tox21,0.5,0,31,val,False,9,783,35,0.644079449961803
Tox21,0.5,0,31,val,False,10,783,111,0.798450235950236
Tox21,0.5,0,31,val,False,11,783,43,0.8047140163419233
Tox21,0.5,0,31,val,True,0,724,35,0.7204644412191582
Tox21,0.5,0,31,val,True,1,663,28,0.8523622047244095
Tox21,0.5,0,31,val,True,2,644,79,0.8804973675366865
Tox21,0.5,0,31,val,True,3,573,38,0.7254303984259715
Tox21,0.5,0,31,val,True,4,609,91,0.7516865374008231
Tox21,0.5,0,31,val,True,5,686,46,0.7949048913043479
Tox21,0.5,0,31,val,True,6,639,18,0.6681875111826803
Tox21,0.5,0,31,val,True,7,572,91,0.6920563843640767
Tox21,0.5,0,31,val,True,8,699,28,0.7793804556099638
Tox21,0.5,0,31,val,True,9,643,35,0.6483552631578947
Tox21,0.5,0,31,val,True,10,564,111,0.8208539665493307
Tox21,0.5,0,31,val,True,11,665,43,0.8166454796978988
Tox21,0.5,0,31,test,False,0,784,18,0.7437626921961126
Tox21,0.5,0,31,test,False,1,784,18,0.7993182477516682
Tox21,0.5,0,31,test,False,2,784,76,0.8399122807017544
Tox21,0.5,0,31,test,False,3,784,30,0.6894341290893016
Tox21,0.5,0,31,test,False,4,784,88,0.7175744514106583
Tox21,0.5,0,31,test,False,5,784,39,0.763379796936844
Tox21,0.5,0,31,test,False,6,784,30,0.6531388152077807
Tox21,0.5,0,31,test,False,7,784,99,0.6721374327213743
Tox21,0.5,0,31,test,False,8,784,36,0.7383021390374331
Tox21,0.5,0,31,test,False,9,784,40,0.7370967741935484
Tox21,0.5,0,31,test,False,10,784,103,0.8040431689548493
Tox21,0.5,0,31,test,False,11,784,48,0.7653136322463768
Tox21,0.5,0,31,test,True,0,736,18,0.7482977406375736
Tox21,0.5,0,31,test,True,1,670,18,0.8056407634628493
Tox21,0.5,0,31,test,True,2,668,76,0.8535072901849218
Tox21,0.5,0,31,test,True,3,564,30,0.7438202247191011
Tox21,0.5,0,31,test,True,4,620,88,0.733808954203691
Tox21,0.5,0,31,test,True,5,701,39,0.7700054225733983
Tox21,0.5,0,31,test,True,6,646,30,0.665530303030303
Tox21,0.5,0,31,test,True,7,569,99,0.6863528906082097
Tox21,0.5,0,31,test,True,8,710,36,0.7399027365644576
Tox21,0.5,0,31,test,True,9,649,40,0.7407224958949097
Tox21,0.5,0,31,test,True,10,601,103,0.8236245954692558
Tox21,0.5,0,31,test,True,11,681,48,0.7711624539231174
Tox21,0.5,0,32,val,False,0,783,35,0.7200534759358289
Tox21,0.5,0,32,val,False,1,783,28,0.8494796594134343
Tox21,0.5,0,32,val,False,2,783,79,0.8550417146144994
Tox21,0.5,0,32,val,False,3,783,38,0.6807488519957613
Tox21,0.5,0,32,val,False,4,783,91,0.7343898875690783
Tox21,0.5,0,32,val,False,5,783,46,0.7842015220340983
Tox21,0.5,0,32,val,False,6,783,18,0.6557007988380538
Tox21,0.5,0,32,val,False,7,783,91,0.6696309470875945
Tox21,0.5,0,32,val,False,8,783,28,0.7779564806054873
Tox21,0.5,0,32,val,False,9,783,35,0.6448815889992361
Tox21,0.5,0,32,val,False,10,783,111,0.7989060489060489
Tox21,0.5,0,32,val,False,11,783,43,0.8062225015713388
Tox21,0.5,0,32,val,True,0,724,35,0.7222475637569977
Tox21,0.5,0,32,val,True,1,663,28,0.8528683914510686
Tox21,0.5,0,32,val,True,2,644,79,0.8804301557074045
Tox21,0.5,0,32,val,True,3,573,38,0.7293162813575996
Tox21,0.5,0,32,val,True,4,609,91,0.7536806822521109
Tox21,0.5,0,32,val,True,5,686,46,0.7948369565217391
Tox21,0.5,0,32,val,True,6,639,18,0.6707818930041153
Tox21,0.5,0,32,val,True,7,572,91,0.6930387699618469
Tox21,0.5,0,32,val,True,8,699,28,0.7791143282946562
Tox21,0.5,0,32,val,True,9,643,35,0.6493421052631578
Tox21,0.5,0,32,val,True,10,564,111,0.8210329534832845
Tox21,0.5,0,32,val,True,11,665,43,0.8180662528976296
Tox21,0.5,0,32,test,False,0,784,18,0.7441253263707572
Tox21,0.5,0,32,test,False,1,784,18,0.8024369016536118
Tox21,0.5,0,32,test,False,2,784,76,0.8406742491822777
Tox21,0.5,0,32,test,False,3,784,30,0.6948054818744474
Tox21,0.5,0,32,test,False,4,784,88,0.7187744905956113
Tox21,0.5,0,32,test,False,5,784,39,0.7615900877645845
Tox21,0.5,0,32,test,False,6,784,30,0.6568081343943413
Tox21,0.5,0,32,test,False,7,784,99,0.674467300744673
Tox21,0.5,0,32,test,False,8,784,36,0.738116458704694
Tox21,0.5,0,32,test,False,9,784,40,0.7392641129032258
Tox21,0.5,0,32,test,False,10,784,103,0.8056969334074676
Tox21,0.5,0,32,test,False,11,784,48,0.7668421648550724
Tox21,0.5,0,32,test,True,0,736,18,0.7484524914887033
Tox21,0.5,0,32,test,True,1,670,18,0.8087934560327198
Tox21,0.5,0,32,test,True,2,668,76,0.8543074324324323
Tox21,0.5,0,32,test,True,3,564,30,0.7485330836454432
Tox21,0.5,0,32,test,True,4,620,88,0.7349090054682159
Tox21,0.5,0,32,test,True,5,701,39,0.7684173832210086
Tox21,0.5,0,32,test,True,6,646,30,0.6693181818181818
Tox21,0.5,0,32,test,True,7,569,99,0.6888888888888889
Tox21,0.5,0,32,test,True,8,710,36,0.7397378832838774
Tox21,0.5,0,32,test,True,9,649,40,0.7432471264367816
Tox21,0.5,0,32,test,True,10,601,103,0.8249112956681093
Tox21,0.5,0,32,test,True,11,681,48,0.7729726171669299
Tox21,0.5,0,33,val,False,0,783,35,0.7205500381970971
Tox21,0.5,0,33,val,False,1,783,28,0.852554399243141
Tox21,0.5,0,33,val,False,2,783,79,0.8548798906789413
Tox21,0.5,0,33,val,False,3,783,38,0.6839985870717061
Tox21,0.5,0,33,val,False,4,783,91,0.7357079336848124
Tox21,0.5,0,33,val,False,5,783,46,0.7842605156037992
Tox21,0.5,0,33,val,False,6,783,18,0.6594771241830065
Tox21,0.5,0,33,val,False,7,783,91,0.6697421076033793
Tox21,0.5,0,33,val,False,8,783,28,0.7769157994323557
Tox21,0.5,0,33,val,False,9,783,35,0.6456073338426279
Tox21,0.5,0,33,val,False,10,783,111,0.7990803303303303
Tox21,0.5,0,33,val,False,11,783,43,0.8083280955373979
Tox21,0.5,0,33,val,True,0,724,35,0.7227866473149492
Tox21,0.5,0,33,val,True,1,663,28,0.8561304836895388
Tox21,0.5,0,33,val,True,2,644,79,0.8802061162764647
Tox21,0.5,0,33,val,True,3,573,38,0.7329562223315297
Tox21,0.5,0,33,val,True,4,609,91,0.7547413975985404
Tox21,0.5,0,33,val,True,5,686,46,0.7950747282608696
Tox21,0.5,0,33,val,True,6,639,18,0.6744498121309715
Tox21,0.5,0,33,val,True,7,572,91,0.6933129240821548
Tox21,0.5,0,33,val,True,8,699,28,0.7781030444964872
Tox21,0.5,0,33,val,True,9,643,35,0.650187969924812
Tox21,0.5,0,33,val,True,10,564,111,0.8214704770996162
Tox21,0.5,0,33,val,True,11,665,43,0.8201600239288117
Tox21,0.5,0,33,test,False,0,784,18,0.7446330142152596
Tox21,0.5,0,33,test,False,1,784,18,0.8066434580794895
Tox21,0.5,0,33,test,False,2,784,76,0.8407114183764496
Tox21,0.5,0,33,test,False,3,784,30,0.7007957559681697
Tox21,0.5,0,33,test,False,4,784,88,0.720407196969697
Tox21,0.5,0,33,test,False,5,784,39,0.7589399414902772
Tox21,0.5,0,33,test,False,6,784,30,0.6618037135278515
Tox21,0.5,0,33,test,False,7,784,99,0.676266312762663
Tox21,0.5,0,33,test,False,8,784,36,0.7381907308377896
Tox21,0.5,0,33,test,False,9,784,40,0.7400537634408602
Tox21,0.5,0,33,test,False,10,784,103,0.8072366451392156
Tox21,0.5,0,33,test,False,11,784,48,0.7680027173913044
Tox21,0.5,0,33,test,True,0,736,18,0.7491488703187867
Tox21,0.5,0,33,test,True,1,670,18,0.8123721881390592
Tox21,0.5,0,33,test,True,2,668,76,0.8543296586059743
Tox21,0.5,0,33,test,True,3,564,30,0.7552434456928838
Tox21,0.5,0,33,test,True,4,620,88,0.7363828605604921
Tox21,0.5,0,33,test,True,5,701,39,0.7658610271903323
Tox21,0.5,0,33,test,True,6,646,30,0.6746212121212122
Tox21,0.5,0,33,test,True,7,569,99,0.6913389211261551
Tox21,0.5,0,33,test,True,8,710,36,0.7400263765248929
Tox21,0.5,0,33,test,True,9,649,40,0.7441707717569787
Tox21,0.5,0,33,test,True,10,601,103,0.8262174913245214
Tox21,0.5,0,33,test,True,11,681,48,0.774256187467088
Tox21,0.5,0,34,val,False,0,783,35,0.7208938120702826
Tox21,0.5,0,34,val,False,1,783,28,0.8524597918637654
Tox21,0.5,0,34,val,False,2,783,79,0.8549518124280783
Tox21,0.5,0,34,val,False,3,783,38,0.6877781702578594
Tox21,0.5,0,34,val,False,4,783,91,0.7368512989900275
Tox21,0.5,0,34,val,False,5,783,46,0.7842015220340984
Tox21,0.5,0,34,val,False,6,783,18,0.6602759622367466
Tox21,0.5,0,34,val,False,7,783,91,0.6699167884138983
Tox21,0.5,0,34,val,False,8,783,28,0.7757332071901608
Tox21,0.5,0,34,val,False,9,783,35,0.6459511077158135
Tox21,0.5,0,34,val,False,10,783,111,0.7996702059202059
Tox21,0.5,0,34,val,False,11,783,43,0.80901948460088
Tox21,0.5,0,34,val,True,0,724,35,0.723076923076923
Tox21,0.5,0,34,val,True,1,663,28,0.8564116985376828
Tox21,0.5,0,34,val,True,2,644,79,0.8801613083902767
Tox21,0.5,0,34,val,True,3,573,38,0.7365469749139203
Tox21,0.5,0,34,val,True,4,609,91,0.7556536127964699
Tox21,0.5,0,34,val,True,5,686,46,0.7949388586956522
Tox21,0.5,0,34,val,True,6,639,18,0.6757917337627483
Tox21,0.5,0,34,val,True,7,572,91,0.6937013090859245
Tox21,0.5,0,34,val,True,8,699,28,0.7770917606983181
Tox21,0.5,0,34,val,True,9,643,35,0.650516917293233
Tox21,0.5,0,34,val,True,10,564,111,0.8221267625241135
Tox21,0.5,0,34,val,True,11,665,43,0.8206834666866074
Tox21,0.5,0,34,test,False,0,784,18,0.7446330142152596
Tox21,0.5,0,34,test,False,1,784,18,0.8113577023498695
Tox21,0.5,0,34,test,False,2,784,76,0.8414362176628011
Tox21,0.5,0,34,test,False,3,784,30,0.7063218390804598
Tox21,0.5,0,34,test,False,4,784,88,0.7217378526645769
Tox21,0.5,0,34,test,False,5,784,39,0.7582171743245569
Tox21,0.5,0,34,test,False,6,784,30,0.6671971706454465
Tox21,0.5,0,34,test,False,7,784,99,0.6781390547813905
Tox21,0.5,0,34,test,False,8,784,36,0.7386363636363636
Tox21,0.5,0,34,test,False,9,784,40,0.7419354838709677
Tox21,0.5,0,34,test,False,10,784,103,0.8091042584434656
Tox21,0.5,0,34,test,False,11,784,48,0.7686254528985508
Tox21,0.5,0,34,test,True,0,736,18,0.7490714948932219
Tox21,0.5,0,34,test,True,1,670,18,0.8165473755964553
Tox21,0.5,0,34,test,True,2,668,76,0.8552409317211949
Tox21,0.5,0,34,test,True,3,564,30,0.7602372034956304
Tox21,0.5,0,34,test,True,4,620,88,0.7374615516062885
Tox21,0.5,0,34,test,True,5,701,39,0.7650863738477031
Tox21,0.5,0,34,test,True,6,646,30,0.6804653679653679
Tox21,0.5,0,34,test,True,7,569,99,0.693853427895981
Tox21,0.5,0,34,test,True,8,710,36,0.7405209363666337
Tox21,0.5,0,34,test,True,9,649,40,0.7461001642036125
Tox21,0.5,0,34,test,True,10,601,103,0.8282840098257107
Tox21,0.5,0,34,test,True,11,681,48,0.7749473407056345
Tox21,0.5,0,35,val,False,0,783,35,0.7213903743315508
Tox21,0.5,0,35,val,False,1,783,28,0.8533585619678334
Tox21,0.5,0,35,val,False,2,783,79,0.8547720080552359
Tox21,0.5,0,35,val,False,3,783,38,0.6912398445778877
Tox21,0.5,0,35,val,False,4,783,91,0.7388204281267865
Tox21,0.5,0,35,val,False,5,783,46,0.7831986313491829
Tox21,0.5,0,35,val,False,6,783,18,0.6636165577342049
Tox21,0.5,0,35,val,False,7,783,91,0.6705678714349236
Tox21,0.5,0,35,val,False,8,783,28,0.7749763481551561
Tox21,0.5,0,35,val,False,9,783,35,0.646829640947288
Tox21,0.5,0,35,val,False,10,783,111,0.8009572072072072
Tox21,0.5,0,35,val,False,11,783,43,0.8108422375864236
Tox21,0.5,0,35,val,True,0,724,35,0.7234086668048932
Tox21,0.5,0,35,val,True,1,663,28,0.8574803149606298
Tox21,0.5,0,35,val,True,2,644,79,0.8800492886748068
Tox21,0.5,0,35,val,True,3,573,38,0.74023610427939
Tox21,0.5,0,35,val,True,4,609,91,0.7576053290339004
Tox21,0.5,0,35,val,True,5,686,46,0.7936820652173914
Tox21,0.5,0,35,val,True,6,639,18,0.6795491143317232
Tox21,0.5,0,35,val,True,7,572,91,0.694432386740079
Tox21,0.5,0,35,val,True,8,699,28,0.7762933787523951
Tox21,0.5,0,35,val,True,9,643,35,0.6515977443609022
Tox21,0.5,0,35,val,True,10,564,111,0.8230813595052007
Tox21,0.5,0,35,val,True,11,665,43,0.8224407388020638
Tox21,0.5,0,35,test,False,0,784,18,0.7448505947200464
Tox21,0.5,0,35,test,False,1,784,18,0.8120104438642297
Tox21,0.5,0,35,test,False,2,784,76,0.8420495093666369
Tox21,0.5,0,35,test,False,3,784,30,0.7114058355437666
Tox21,0.5,0,35,test,False,4,784,88,0.7230113636363636
Tox21,0.5,0,35,test,False,5,784,39,0.759008776458441
Tox21,0.5,0,35,test,False,6,784,30,0.6711759504862953
Tox21,0.5,0,35,test,False,7,784,99,0.68066799380668
Tox21,0.5,0,35,test,False,8,784,36,0.7396761734997029
Tox21,0.5,0,35,test,False,9,784,40,0.7437163978494624
Tox21,0.5,0,35,test,False,10,784,103,0.8101449895214062
Tox21,0.5,0,35,test,False,11,784,48,0.7702105978260869
Tox21,0.5,0,35,test,True,0,736,18,0.7490714948932219
Tox21,0.5,0,35,test,True,1,670,18,0.8172290388548058
Tox21,0.5,0,35,test,True,2,668,76,0.8559077169274538
Tox21,0.5,0,35,test,True,3,564,30,0.7654182272159801
Tox21,0.5,0,35,test,True,4,620,88,0.7382305194805195
Tox21,0.5,0,35,test,True,5,701,39,0.7656673638546752
Tox21,0.5,0,35,test,True,6,646,30,0.6841450216450217
Tox21,0.5,0,35,test,True,7,569,99,0.6970879002793897
Tox21,0.5,0,35,test,True,8,710,36,0.7417161226508407
Tox21,0.5,0,35,test,True,9,649,40,0.7477422003284072
Tox21,0.5,0,35,test,True,10,601,103,0.8290833235856045
Tox21,0.5,0,35,test,True,11,681,48,0.776592943654555
Tox21,0.5,0,36,val,False,0,783,35,0.7219251336898396
Tox21,0.5,0,36,val,False,1,783,28,0.8544938505203407
Tox21,0.5,0,36,val,False,2,783,79,0.8547720080552359
Tox21,0.5,0,36,val,False,3,783,38,0.6936418226774991
Tox21,0.5,0,36,val,False,4,783,91,0.7399479133583179
Tox21,0.5,0,36,val,False,5,783,46,0.7825791988673234
Tox21,0.5,0,36,val,False,6,783,18,0.6665214233841685
Tox21,0.5,0,36,val,False,7,783,91,0.6708854729085943
Tox21,0.5,0,36,val,False,8,783,28,0.7736045411542101
Tox21,0.5,0,36,val,False,9,783,35,0.6471734148204736
Tox21,0.5,0,36,val,False,10,783,111,0.801761583011583
Tox21,0.5,0,36,val,False,11,783,43,0.8117221873035826
Tox21,0.5,0,36,val,True,0,724,35,0.7239477503628448
Tox21,0.5,0,36,val,True,1,663,28,0.8586614173228347
Tox21,0.5,0,36,val,True,2,644,79,0.8800492886748067
Tox21,0.5,0,36,val,True,3,573,38,0.7427447122479095
Tox21,0.5,0,36,val,True,4,609,91,0.7581781153209725
Tox21,0.5,0,36,val,True,5,686,46,0.79296875
Tox21,0.5,0,36,val,True,6,639,18,0.6825908033637502
Tox21,0.5,0,36,val,True,7,572,91,0.6945923099769253
Tox21,0.5,0,36,val,True,8,699,28,0.7749627421758568
Tox21,0.5,0,36,val,True,9,643,35,0.6520206766917294
Tox21,0.5,0,36,val,True,10,564,111,0.8238370821152279
Tox21,0.5,0,36,val,True,11,665,43,0.8233006804755851
Tox21,0.5,0,36,test,False,0,784,18,0.7470263997679142
Tox21,0.5,0,36,test,False,1,784,18,0.8136785610675951
Tox21,0.5,0,36,test,False,2,784,76,0.8423840321141838
Tox21,0.5,0,36,test,False,3,784,30,0.7173297966401415
Tox21,0.5,0,36,test,False,4,784,88,0.7235991379310345
Tox21,0.5,0,36,test,False,5,784,39,0.7608329031147822
Tox21,0.5,0,36,test,False,6,784,30,0.6751105216622457
Tox21,0.5,0,36,test,False,7,784,99,0.6821204748212047
Tox21,0.5,0,36,test,False,8,784,36,0.7399361259655377
Tox21,0.5,0,36,test,False,9,784,40,0.7452956989247311
Tox21,0.5,0,36,test,False,10,784,103,0.8113140299103261
Tox21,0.5,0,36,test,False,11,784,48,0.7716259057971013
Tox21,0.5,0,36,test,True,0,736,18,0.7512380068090375
Tox21,0.5,0,36,test,True,1,670,18,0.818762781186094
Tox21,0.5,0,36,test,True,2,668,76,0.8562188833570413
Tox21,0.5,0,36,test,True,3,564,30,0.7709737827715355
Tox21,0.5,0,36,test,True,4,620,88,0.7384227614490774
Tox21,0.5,0,36,test,True,5,701,39,0.767526531876985
Tox21,0.5,0,36,test,True,6,646,30,0.6878246753246754
Tox21,0.5,0,36,test,True,7,569,99,0.6989684074790457
Tox21,0.5,0,36,test,True,8,710,36,0.7419221892515662
Tox21,0.5,0,36,test,True,9,649,40,0.7494663382594418
Tox21,0.5,0,36,test,True,10,601,103,0.8301165828361992
Tox21,0.5,0,36,test,True,11,681,48,0.7783372827804108
Tox21,0.5,0,37,val,False,0,783,35,0.7228418640183346
Tox21,0.5,0,37,val,False,1,783,28,0.8558183538315989
Tox21,0.5,0,37,val,False,2,783,79,0.8550596950517837
Tox21,0.5,0,37,val,False,3,783,38,0.6978452843518191
Tox21,0.5,0,37,val,False,4,783,91,0.7404719557898749
Tox21,0.5,0,37,val,False,5,783,46,0.781369830688455
Tox21,0.5,0,37,val,False,6,783,18,0.6678286129266522
Tox21,0.5,0,37,val,False,7,783,91,0.672108238582227
Tox21,0.5,0,37,val,False,8,783,28,0.7725165562913907
Tox21,0.5,0,37,val,False,9,783,35,0.6474598930481283
Tox21,0.5,0,37,val,False,10,783,111,0.8024318961818961
Tox21,0.5,0,37,val,False,11,783,43,0.812193588937775
Tox21,0.5,0,37,val,True,0,724,35,0.7250673854447439
Tox21,0.5,0,37,val,True,1,663,28,0.8602924634420698
Tox21,0.5,0,37,val,True,2,644,79,0.8803405399350286
Tox21,0.5,0,37,val,True,3,573,38,0.7469749139203148
Tox21,0.5,0,37,val,True,4,609,91,0.7580296151724724
Tox21,0.5,0,37,val,True,5,686,46,0.7917119565217392
Tox21,0.5,0,37,val,True,6,639,18,0.6839327249955268
Tox21,0.5,0,37,val,True,7,572,91,0.6960087729318498
Tox21,0.5,0,37,val,True,8,699,28,0.7738982329146263
Tox21,0.5,0,37,val,True,9,643,35,0.6523731203007519
Tox21,0.5,0,37,val,True,10,564,111,0.8245331424139372
Tox21,0.5,0,37,val,True,11,665,43,0.8241232333806924
Tox21,0.5,0,37,test,False,0,784,18,0.7465187119234116
Tox21,0.5,0,37,test,False,1,784,18,0.8141137220771686
Tox21,0.5,0,37,test,False,2,784,76,0.8428300624442461
Tox21,0.5,0,37,test,False,3,784,30,0.7224801061007957
Tox21,0.5,0,37,test,False,4,784,88,0.7241460945663531
Tox21,0.5,0,37,test,False,5,784,39,0.7622096024780589
Tox21,0.5,0,37,test,False,6,784,30,0.6770999115826702
Tox21,0.5,0,37,test,False,7,784,99,0.6839637248396373
Tox21,0.5,0,37,test,False,8,784,36,0.7410502079619727
Tox21,0.5,0,37,test,False,9,784,40,0.7468077956989247
Tox21,0.5,0,37,test,False,10,784,103,0.8124403005289194
Tox21,0.5,0,37,test,False,11,784,48,0.7726166213768115
Tox21,0.5,0,37,test,True,0,736,18,0.7505416279789539
Tox21,0.5,0,37,test,True,1,670,18,0.8191036128152692
Tox21,0.5,0,37,test,True,2,668,76,0.8565967283072546
Tox21,0.5,0,37,test,True,3,564,30,0.7760923845193508
Tox21,0.5,0,37,test,True,4,620,88,0.7389674470266575
Tox21,0.5,0,37,test,True,5,701,39,0.7692695018979008
Tox21,0.5,0,37,test,True,6,646,30,0.6898809523809524
Tox21,0.5,0,37,test,True,7,569,99,0.7012679991403397
Tox21,0.5,0,37,test,True,8,710,36,0.7431173755357732
Tox21,0.5,0,37,test,True,9,649,40,0.7513957307060756
Tox21,0.5,0,37,test,True,10,601,103,0.8310328693414435
Tox21,0.5,0,37,test,True,11,681,48,0.7793904686677199
Tox21,0.5,0,38,val,False,0,783,35,0.7239113827349121
Tox21,0.5,0,38,val,False,1,783,28,0.8578997161778619
Tox21,0.5,0,38,val,False,2,783,79,0.8550237341772152
Tox21,0.5,0,38,val,False,3,783,38,0.7034616743200283
Tox21,0.5,0,38,val,False,4,783,91,0.7410277583687988
Tox21,0.5,0,38,val,False,5,783,46,0.7808093917762964
Tox21,0.5,0,38,val,False,6,783,18,0.6694262890341323
Tox21,0.5,0,38,val,False,7,783,91,0.6728069618243029
Tox21,0.5,0,38,val,False,8,783,28,0.7712393566698202
Tox21,0.5,0,38,val,False,9,783,35,0.6478227654698243
Tox21,0.5,0,38,val,False,10,783,111,0.8034373659373659
Tox21,0.5,0,38,val,False,11,783,43,0.8131678189817725
Tox21,0.5,0,38,val,True,0,724,35,0.7261040845946507
Tox21,0.5,0,38,val,True,1,663,28,0.86214848143982
Tox21,0.5,0,38,val,True,2,644,79,0.8801165005040887
Tox21,0.5,0,38,val,True,3,573,38,0.7532710280373832
Tox21,0.5,0,38,val,True,4,609,91,0.7575629004200434
Tox21,0.5,0,38,val,True,5,686,46,0.7912024456521739
Tox21,0.5,0,38,val,True,6,639,18,0.6850062623009483
Tox21,0.5,0,38,val,True,7,572,91,0.6968312352927738
Tox21,0.5,0,38,val,True,8,699,28,0.7727804981903342
Tox21,0.5,0,38,val,True,9,643,35,0.6524906015037594
Tox21,0.5,0,38,val,True,10,564,111,0.8253684147723882
Tox21,0.5,0,38,val,True,11,665,43,0.8253196739699394
Tox21,0.5,0,38,test,False,0,784,18,0.74528575572962
Tox21,0.5,0,38,test,False,1,784,18,0.8153466782709602
Tox21,0.5,0,38,test,False,2,784,76,0.8434061849539102
Tox21,0.5,0,38,test,False,3,784,30,0.7275862068965517
Tox21,0.5,0,38,test,False,4,784,88,0.7243828369905957
Tox21,0.5,0,38,test,False,5,784,39,0.7638960591980726
Tox21,0.5,0,38,test,False,6,784,30,0.6792661361626878
Tox21,0.5,0,38,test,False,7,784,99,0.6854973088549731
Tox21,0.5,0,38,test,False,8,784,36,0.7414958407605466
Tox21,0.5,0,38,test,False,9,784,40,0.7484543010752689
Tox21,0.5,0,38,test,False,10,784,103,0.8132814393453374
Tox21,0.5,0,38,test,False,11,784,48,0.7740319293478262
Tox21,0.5,0,38,test,True,0,736,18,0.7496904982977405
Tox21,0.5,0,38,test,True,1,670,18,0.8205521472392638
Tox21,0.5,0,38,test,True,2,668,76,0.8573301920341395
Tox21,0.5,0,38,test,True,3,564,30,0.7806491885143569
Tox21,0.5,0,38,test,True,4,620,88,0.7392985304169516
Tox21,0.5,0,38,test,True,5,701,39,0.7711674025873422
Tox21,0.5,0,38,test,True,6,646,30,0.6925324675324676
Tox21,0.5,0,38,test,True,7,569,99,0.702922845476037
Tox21,0.5,0,38,test,True,8,710,36,0.7436531486976591
Tox21,0.5,0,38,test,True,9,649,40,0.75311986863711
Tox21,0.5,0,38,test,True,10,601,103,0.8314032830350528
Tox21,0.5,0,38,test,True,11,681,48,0.7809044233807266
Tox21,0.5,0,39,val,False,0,783,35,0.7258212375859434
Tox21,0.5,0,39,val,False,1,783,28,0.8578051087984863
Tox21,0.5,0,39,val,False,2,783,79,0.8553653624856157
Tox21,0.5,0,39,val,False,3,783,38,0.7081243376898623
Tox21,0.5,0,39,val,False,4,783,91,0.7410753985898494
Tox21,0.5,0,39,val,False,5,783,46,0.7808683853459972
Tox21,0.5,0,39,val,False,6,783,18,0.6714596949891067
Tox21,0.5,0,39,val,False,7,783,91,0.6739820872768849
Tox21,0.5,0,39,val,False,8,783,28,0.7704824976348155
Tox21,0.5,0,39,val,False,9,783,35,0.6488540870893811
Tox21,0.5,0,39,val,False,10,783,111,0.8036250536250538
Tox21,0.5,0,39,val,False,11,783,43,0.8135763670647391
Tox21,0.5,0,39,val,True,0,724,35,0.728011611030479
Tox21,0.5,0,39,val,True,1,663,28,0.861867266591676
Tox21,0.5,0,39,val,True,2,644,79,0.8803853478212166
Tox21,0.5,0,39,val,True,3,573,38,0.7582882439744221
Tox21,0.5,0,39,val,True,4,609,91,0.7572022572022572
Tox21,0.5,0,39,val,True,5,686,46,0.7913383152173913
Tox21,0.5,0,39,val,True,6,639,18,0.6878690284487387
Tox21,0.5,0,39,val,True,7,572,91,0.6983619291311599
Tox21,0.5,0,39,val,True,8,699,28,0.7717692143921652
Tox21,0.5,0,39,val,True,9,643,35,0.6539473684210526
Tox21,0.5,0,39,val,True,10,564,111,0.8258854881371438
Tox21,0.5,0,39,val,True,11,665,43,0.825768339190907
Tox21,0.5,0,39,test,False,0,784,18,0.7468813460980562
Tox21,0.5,0,39,test,False,1,784,18,0.8160719466202495
Tox21,0.5,0,39,test,False,2,784,76,0.8439079690752305
Tox21,0.5,0,39,test,False,3,784,30,0.7303271441202476
Tox21,0.5,0,39,test,False,4,784,88,0.7248726489028214
Tox21,0.5,0,39,test,False,5,784,39,0.7662708655997247
Tox21,0.5,0,39,test,False,6,784,30,0.6806366047745358
Tox21,0.5,0,39,test,False,7,784,99,0.6872225908722259
Tox21,0.5,0,39,test,False,8,784,36,0.7416815210932859
Tox21,0.5,0,39,test,False,9,784,40,0.7506384408602151
Tox21,0.5,0,39,test,False,10,784,103,0.8137376502288183
Tox21,0.5,0,39,test,False,11,784,48,0.7753198596014493
Tox21,0.5,0,39,test,True,0,736,18,0.7511606313834726
Tox21,0.5,0,39,test,True,1,670,18,0.8211486025903204
Tox21,0.5,0,39,test,True,2,668,76,0.8577969416785206
Tox21,0.5,0,39,test,True,3,564,30,0.783645443196005
Tox21,0.5,0,39,test,True,4,620,88,0.739683014354067
Tox21,0.5,0,39,test,True,5,701,39,0.7738012239522813
Tox21,0.5,0,39,test,True,6,646,30,0.6939393939393939
Tox21,0.5,0,39,test,True,7,569,99,0.7051364710939181
Tox21,0.5,0,39,test,True,8,710,36,0.7439416419386746
Tox21,0.5,0,39,test,True,9,649,40,0.7552134646962234
Tox21,0.5,0,39,test,True,10,601,103,0.8316567239833118
Tox21,0.5,0,39,test,True,11,681,48,0.7822373617693523
Tox21,0.5,0,40,val,False,0,783,35,0.7284186401833461
Tox21,0.5,0,40,val,False,1,783,28,0.8575685903500473
Tox21,0.5,0,40,val,False,2,783,79,0.8552215189873418
Tox21,0.5,0,40,val,False,3,783,38,0.7119039208760156
Tox21,0.5,0,40,val,False,4,783,91,0.7405910563425016
Tox21,0.5,0,40,val,False,5,783,46,0.7814878178278568
Tox21,0.5,0,40,val,False,6,783,18,0.6728395061728396
Tox21,0.5,0,40,val,False,7,783,91,0.6746808105189608
Tox21,0.5,0,40,val,False,8,783,28,0.7704824976348155
Tox21,0.5,0,40,val,False,9,783,35,0.6492742551566082
Tox21,0.5,0,40,val,False,10,783,111,0.804000429000429
Tox21,0.5,0,40,val,False,11,783,43,0.8133878064110622
Tox21,0.5,0,40,val,True,0,724,35,0.7305411569562513
Tox21,0.5,0,40,val,True,1,663,28,0.8618110236220472
Tox21,0.5,0,40,val,True,2,644,79,0.8804301557074045
Tox21,0.5,0,40,val,True,3,573,38,0.7619773733398918
Tox21,0.5,0,40,val,True,4,609,91,0.7561097203954347
Tox21,0.5,0,40,val,True,5,686,46,0.7916100543478262
Tox21,0.5,0,40,val,True,6,639,18,0.6893004115226338
Tox21,0.5,0,40,val,True,7,572,91,0.6990930067853144
Tox21,0.5,0,40,val,True,8,699,28,0.7719288907813499
Tox21,0.5,0,40,val,True,9,643,35,0.6545112781954887
Tox21,0.5,0,40,val,True,10,564,111,0.8264025615018992
Tox21,0.5,0,40,val,True,11,665,43,0.8256561728856652
Tox21,0.5,0,40,test,False,0,784,18,0.7447780678851175
Tox21,0.5,0,40,test,False,1,784,18,0.815636785610676
Tox21,0.5,0,40,test,False,2,784,76,0.8442053226286055
Tox21,0.5,0,40,test,False,3,784,30,0.7329796640141468
Tox21,0.5,0,40,test,False,4,784,88,0.7251665360501567
Tox21,0.5,0,40,test,False,5,784,39,0.7679573223197385
Tox21,0.5,0,40,test,False,6,784,30,0.6816534040671971
Tox21,0.5,0,40,test,False,7,784,99,0.6891248248912483
Tox21,0.5,0,40,test,False,8,784,36,0.7431669637551991
Tox21,0.5,0,40,test,False,9,784,40,0.7521505376344085
Tox21,0.5,0,40,test,False,10,784,103,0.815491210812198
Tox21,0.5,0,40,test,False,11,784,48,0.7756170742753623
Tox21,0.5,0,40,test,True,0,736,18,0.7492262457443515
Tox21,0.5,0,40,test,True,1,670,18,0.8206373551465578
Tox21,0.5,0,40,test,True,2,668,76,0.8581303342816501
Tox21,0.5,0,40,test,True,3,564,30,0.786079900124844
Tox21,0.5,0,40,test,True,4,620,88,0.740088858509911
Tox21,0.5,0,40,test,True,5,701,39,0.7754667286389342
Tox21,0.5,0,40,test,True,6,646,30,0.6951839826839827
Tox21,0.5,0,40,test,True,7,569,99,0.707371588222652
Tox21,0.5,0,40,test,True,8,710,36,0.7452604681833168
Tox21,0.5,0,40,test,True,9,649,40,0.756855500821018
Tox21,0.5,0,40,test,True,10,601,103,0.8332358560455414
Tox21,0.5,0,40,test,True,11,681,48,0.7827474986835177
Tox21,0.5,0,41,val,False,0,783,35,0.7299083269671505
Tox21,0.5,0,41,val,False,1,783,28,0.8580416272469252
Tox21,0.5,0,41,val,False,2,783,79,0.8553833429228999
Tox21,0.5,0,41,val,False,3,783,38,0.7155598728364535
Tox21,0.5,0,41,val,False,4,783,91,0.7411230388109
Tox21,0.5,0,41,val,False,5,783,46,0.7802194560792873
Tox21,0.5,0,41,val,False,6,783,18,0.6752360203340595
Tox21,0.5,0,41,val,False,7,783,91,0.6757288953820745
Tox21,0.5,0,41,val,False,8,783,28,0.7701513718070009
Tox21,0.5,0,41,val,False,9,783,35,0.6499618029029794
Tox21,0.5,0,41,val,False,10,783,111,0.8044562419562419
Tox21,0.5,0,41,val,False,11,783,43,0.8137335009428033
Tox21,0.5,0,41,val,True,0,724,35,0.7321169396641095
Tox21,0.5,0,41,val,True,1,663,28,0.861867266591676
Tox21,0.5,0,41,val,True,2,644,79,0.8804749635935923
Tox21,0.5,0,41,val,True,3,573,38,0.7658386620757501
Tox21,0.5,0,41,val,True,4,609,91,0.7563961135389707
Tox21,0.5,0,41,val,True,5,686,46,0.7902853260869566
Tox21,0.5,0,41,val,True,6,639,18,0.6924315619967794
Tox21,0.5,0,41,val,True,7,572,91,0.7003495465033927
Tox21,0.5,0,41,val,True,8,699,28,0.7716095380029806
Tox21,0.5,0,41,val,True,9,643,35,0.6555451127819548
Tox21,0.5,0,41,val,True,10,564,111,0.8271383966748205
Tox21,0.5,0,41,val,True,11,665,43,0.8259552830329768
Tox21,0.5,0,41,test,False,0,784,18,0.7434725848563969
Tox21,0.5,0,41,test,False,1,784,18,0.8144763562518131
Tox21,0.5,0,41,test,False,2,784,76,0.8443725840023788
Tox21,0.5,0,41,test,False,3,784,30,0.735499557913351
Tox21,0.5,0,41,test,False,4,784,88,0.7252808254963428
Tox21,0.5,0,41,test,False,5,784,39,0.7696437790397522
Tox21,0.5,0,41,test,False,6,784,30,0.6829796640141468
Tox21,0.5,0,41,test,False,7,784,99,0.691071296910713
Tox21,0.5,0,41,test,False,8,784,36,0.7442439096850862
Tox21,0.5,0,41,test,False,9,784,40,0.7539650537634408
Tox21,0.5,0,41,test,False,10,784,103,0.8165390701851931
Tox21,0.5,0,41,test,False,11,784,48,0.7765794836956522
Tox21,0.5,0,41,test,True,0,736,18,0.7478334880841845
Tox21,0.5,0,41,test,True,1,670,18,0.819614860259032
Tox21,0.5,0,41,test,True,2,668,76,0.8582859174964438
Tox21,0.5,0,41,test,True,3,564,30,0.7881398252184769
Tox21,0.5,0,41,test,True,4,620,88,0.7401956596035543
Tox21,0.5,0,41,test,True,5,701,39,0.7770160353241924
Tox21,0.5,0,41,test,True,6,646,30,0.6963203463203465
Tox21,0.5,0,41,test,True,7,569,99,0.7098001289490652
Tox21,0.5,0,41,test,True,8,710,36,0.7466205077481042
Tox21,0.5,0,41,test,True,9,649,40,0.7588259441707718
Tox21,0.5,0,41,test,True,10,601,103,0.8342203766522399
Tox21,0.5,0,41,test,True,11,681,48,0.7838335966298051
Tox21,0.5,0,42,val,False,0,783,35,0.7322956455309396
Tox21,0.5,0,42,val,False,1,783,28,0.857852412488174
Tox21,0.5,0,42,val,False,2,783,79,0.8554013233601842
Tox21,0.5,0,42,val,False,3,783,38,0.720522783468739
Tox21,0.5,0,42,val,False,4,783,91,0.740884837705647
Tox21,0.5,0,42,val,False,5,783,46,0.779541030027727
Tox21,0.5,0,42,val,False,6,783,18,0.6782861292665213
Tox21,0.5,0,42,val,False,7,783,91,0.6763561582925746
Tox21,0.5,0,42,val,False,8,783,28,0.7695837275307474
Tox21,0.5,0,42,val,False,9,783,35,0.650190985485103
Tox21,0.5,0,42,val,False,10,783,111,0.8049924924924925
Tox21,0.5,0,42,val,False,11,783,43,0.8149277184160906
Tox21,0.5,0,42,val,True,0,724,35,0.7346257516068837
Tox21,0.5,0,42,val,True,1,663,28,0.861586051743532
Tox21,0.5,0,42,val,True,2,644,79,0.8804077517643105
Tox21,0.5,0,42,val,True,3,573,38,0.7710772257747172
Tox21,0.5,0,42,val,True,4,609,91,0.7559293987865416
Tox21,0.5,0,42,val,True,5,686,46,0.7895040760869565
Tox21,0.5,0,42,val,True,6,639,18,0.6960100196815173
Tox21,0.5,0,42,val,True,7,572,91,0.7009321240090471
Tox21,0.5,0,42,val,True,8,699,28,0.7711305088354269
Tox21,0.5,0,42,val,True,9,643,35,0.656203007518797
Tox21,0.5,0,42,val,True,10,564,111,0.827615695165364
Tox21,0.5,0,42,val,True,11,665,43,0.8271891123906377
Tox21,0.5,0,42,test,False,0,784,18,0.7391209747606614
Tox21,0.5,0,42,test,False,1,784,18,0.8099071656512908
Tox21,0.5,0,42,test,False,2,784,76,0.8444840915848945
Tox21,0.5,0,42,test,False,3,784,30,0.7385499557913352
Tox21,0.5,0,42,test,False,4,784,88,0.7250277560083594
Tox21,0.5,0,42,test,False,5,784,39,0.7708483909826191
Tox21,0.5,0,42,test,False,6,784,30,0.6844827586206896
Tox21,0.5,0,42,test,False,7,784,99,0.6928113249281133
Tox21,0.5,0,42,test,False,8,784,36,0.7446524064171123
Tox21,0.5,0,42,test,False,9,784,40,0.7552083333333334
Tox21,0.5,0,42,test,False,10,784,103,0.8175441597878619
Tox21,0.5,0,42,test,False,11,784,48,0.7772022192028986
Tox21,0.5,0,42,test,True,0,736,18,0.7433457134014237
Tox21,0.5,0,42,test,True,1,670,18,0.8156100886162236
Tox21,0.5,0,42,test,True,2,668,76,0.8585748577524893
Tox21,0.5,0,42,test,True,3,564,30,0.7910112359550562
Tox21,0.5,0,42,test,True,4,620,88,0.7399927375256323
Tox21,0.5,0,42,test,True,5,701,39,0.7780230846696103
Tox21,0.5,0,42,test,True,6,646,30,0.698051948051948
Tox21,0.5,0,42,test,True,7,569,99,0.7118633139909736
Tox21,0.5,0,42,test,True,8,710,36,0.7469914276294097
Tox21,0.5,0,42,test,True,9,649,40,0.7603858784893268
Tox21,0.5,0,42,test,True,10,601,103,0.834970951768238
Tox21,0.5,0,42,test,True,11,681,48,0.7846893101632438
Tox21,0.5,0,43,val,False,0,783,35,0.7349121466768526
Tox21,0.5,0,43,val,False,1,783,28,0.858561967833491
Tox21,0.5,0,43,val,False,2,783,79,0.8554013233601842
Tox21,0.5,0,43,val,False,3,783,38,0.7243730130695868
Tox21,0.5,0,43,val,False,4,783,91,0.7398685129899003
Tox21,0.5,0,43,val,False,5,783,46,0.7794525396731755
Tox21,0.5,0,43,val,False,6,783,18,0.6790123456790123
Tox21,0.5,0,43,val,False,7,783,91,0.6770945817188592
Tox21,0.5,0,43,val,False,8,783,28,0.7694891201513718
Tox21,0.5,0,43,val,False,9,783,35,0.6507639419404125
Tox21,0.5,0,43,val,False,10,783,111,0.8059175246675246
Tox21,0.5,0,43,val,False,11,783,43,0.815021998742929
Tox21,0.5,0,43,val,True,0,724,35,0.7373833713456356
Tox21,0.5,0,43,val,True,1,663,28,0.8620922384701911
Tox21,0.5,0,43,val,True,2,644,79,0.8804749635935926
Tox21,0.5,0,43,val,True,3,573,38,0.7744220363994098
Tox21,0.5,0,43,val,True,4,609,91,0.7548050405193263
Tox21,0.5,0,43,val,True,5,686,46,0.7891304347826087
Tox21,0.5,0,43,val,True,6,639,18,0.6969046341027016
Tox21,0.5,0,43,val,True,7,572,91,0.7017203171049324
Tox21,0.5,0,43,val,True,8,699,28,0.7710240579093038
Tox21,0.5,0,43,val,True,9,643,35,0.6568609022556391
Tox21,0.5,0,43,val,True,10,564,111,0.828729391643299
Tox21,0.5,0,43,val,True,11,665,43,0.8277873326852614
Tox21,0.5,0,43,test,False,0,784,18,0.7372352770525095
Tox21,0.5,0,43,test,False,1,784,18,0.810704960835509
Tox21,0.5,0,43,test,False,2,784,76,0.844892952720785
Tox21,0.5,0,43,test,False,3,784,30,0.7408488063660478
Tox21,0.5,0,43,test,False,4,784,88,0.7256400208986418
Tox21,0.5,0,43,test,False,5,784,39,0.7721906728618138
Tox21,0.5,0,43,test,False,6,784,30,0.6835543766578249
Tox21,0.5,0,43,test,False,7,784,99,0.694566098945661
Tox21,0.5,0,43,test,False,8,784,36,0.7465834818775995
Tox21,0.5,0,43,test,False,9,784,40,0.7563508064516129
Tox21,0.5,0,43,test,False,10,784,103,0.8182284761130832
Tox21,0.5,0,43,test,False,11,784,48,0.7776268115942029
Tox21,0.5,0,43,test,True,0,736,18,0.7417208294645621
Tox21,0.5,0,43,test,True,1,670,18,0.8161213360599864
Tox21,0.5,0,43,test,True,2,668,76,0.8590193812233285
Tox21,0.5,0,43,test,True,3,564,30,0.7928214731585518
Tox21,0.5,0,43,test,True,4,620,88,0.7403879015721122
Tox21,0.5,0,43,test,True,5,701,39,0.7794949260206058
Tox21,0.5,0,43,test,True,6,646,30,0.6972943722943723
Tox21,0.5,0,43,test,True,7,569,99,0.7139694820545884
Tox21,0.5,0,43,test,True,8,710,36,0.7491345202769535
Tox21,0.5,0,43,test,True,9,649,40,0.761535303776683
Tox21,0.5,0,43,test,True,10,601,103,0.8355753109525481
Tox21,0.5,0,43,test,True,11,681,48,0.7851500789889416
Tox21,0.5,0,44,val,False,0,783,35,0.7375095492742552
Tox21,0.5,0,44,val,False,1,783,28,0.8581835383159887
Tox21,0.5,0,44,val,False,2,783,79,0.8549877733026467
Tox21,0.5,0,44,val,False,3,783,38,0.7274108089014483
Tox21,0.5,0,44,val,False,4,783,91,0.7393285904846598
Tox21,0.5,0,44,val,False,5,783,46,0.7795115332428766
Tox21,0.5,0,44,val,False,6,783,18,0.6832970225127087
Tox21,0.5,0,44,val,False,7,783,91,0.6771898621609604
Tox21,0.5,0,44,val,False,8,783,28,0.7683538315988647
Tox21,0.5,0,44,val,False,9,783,35,0.6511077158135982
Tox21,0.5,0,44,val,False,10,783,111,0.8066548691548692
Tox21,0.5,0,44,val,False,11,783,43,0.8156819610307983
Tox21,0.5,0,44,val,True,0,724,35,0.739912917271408
Tox21,0.5,0,44,val,True,1,663,28,0.8617547806524185
Tox21,0.5,0,44,val,True,2,644,79,0.8799596729024308
Tox21,0.5,0,44,val,True,3,573,38,0.7775209050664044
Tox21,0.5,0,44,val,True,4,609,91,0.7541898256183972
Tox21,0.5,0,44,val,True,5,686,46,0.7892323369565217
Tox21,0.5,0,44,val,True,6,639,18,0.7011093218822688
Tox21,0.5,0,44,val,True,7,572,91,0.7020630097553175
Tox21,0.5,0,44,val,True,8,699,28,0.7700127741111348
Tox21,0.5,0,44,val,True,9,643,35,0.6572838345864662
Tox21,0.5,0,44,val,True,10,564,111,0.8295845514388561
Tox21,0.5,0,44,val,True,11,665,43,0.8284603305167128
Tox21,0.5,0,44,test,False,0,784,18,0.7355671598491442
Tox21,0.5,0,44,test,False,1,784,18,0.8085291557876414
Tox21,0.5,0,44,test,False,2,784,76,0.8450787986916443
Tox21,0.5,0,44,test,False,3,784,30,0.7421750663129973
Tox21,0.5,0,44,test,False,4,784,88,0.7256318573667713
Tox21,0.5,0,44,test,False,5,784,39,0.7730511099638616
Tox21,0.5,0,44,test,False,6,784,30,0.6843501326259948
Tox21,0.5,0,44,test,False,7,784,99,0.6965420629654206
Tox21,0.5,0,44,test,False,8,784,36,0.7474747474747475
Tox21,0.5,0,44,test,False,9,784,40,0.7574260752688172
Tox21,0.5,0,44,test,False,10,784,103,0.8189698187987396
Tox21,0.5,0,44,test,False,11,784,48,0.7783769248188405
Tox21,0.5,0,44,test,True,0,736,18,0.7400185701021356
Tox21,0.5,0,44,test,True,1,670,18,0.8139059304703476
Tox21,0.5,0,44,test,True,2,668,76,0.8592860953058321
Tox21,0.5,0,44,test,True,3,564,30,0.7940074906367041
Tox21,0.5,0,44,test,True,4,620,88,0.74018497949419
Tox21,0.5,0,44,test,True,5,701,39,0.7804245100317608
Tox21,0.5,0,44,test,True,6,646,30,0.6983766233766233
Tox21,0.5,0,44,test,True,7,569,99,0.7164195142918546
Tox21,0.5,0,44,test,True,8,710,36,0.7500824266402901
Tox21,0.5,0,44,test,True,9,649,40,0.7627668308702792
Tox21,0.5,0,44,test,True,10,601,103,0.8362576519670917
Tox21,0.5,0,44,test,True,11,681,48,0.7859564244339126
Tox21,0.5,0,45,val,False,0,783,35,0.7385026737967915
Tox21,0.5,0,45,val,False,1,783,28,0.8577105014191106
Tox21,0.5,0,45,val,False,2,783,79,0.8549697928653626
Tox21,0.5,0,45,val,False,3,783,38,0.7318615330271989
Tox21,0.5,0,45,val,False,4,783,91,0.7383757860636473
Tox21,0.5,0,45,val,False,5,783,46,0.7791280750398206
Tox21,0.5,0,45,val,False,6,783,18,0.6841684822076979
Tox21,0.5,0,45,val,False,7,783,91,0.6779838658451375
Tox21,0.5,0,45,val,False,8,783,28,0.7680227057710501
Tox21,0.5,0,45,val,False,9,783,35,0.6516042780748663
Tox21,0.5,0,45,val,False,10,783,111,0.8072179322179323
Tox21,0.5,0,45,val,False,11,783,43,0.8156505342551854
Tox21,0.5,0,45,val,True,0,724,35,0.7408252125233257
Tox21,0.5,0,45,val,True,1,663,28,0.861023622047244
Tox21,0.5,0,45,val,True,2,644,79,0.8799596729024308
Tox21,0.5,0,45,val,True,3,573,38,0.7819478603049681
Tox21,0.5,0,45,val,True,4,609,91,0.7530866816581102
Tox21,0.5,0,45,val,True,5,686,46,0.7888247282608695
Tox21,0.5,0,45,val,True,6,639,18,0.7021828591876901
Tox21,0.5,0,45,val,True,7,572,91,0.702931164469626
Tox21,0.5,0,45,val,True,8,699,28,0.7695869704066426
Tox21,0.5,0,45,val,True,9,643,35,0.6579417293233083
Tox21,0.5,0,45,val,True,10,564,111,0.8302806117375654
Tox21,0.5,0,45,val,True,11,665,43,0.8285351080535408
Tox21,0.5,0,45,test,False,0,784,18,0.7335364084711343
Tox21,0.5,0,45,test,False,1,784,18,0.8043225993617639
Tox21,0.5,0,45,test,False,2,784,76,0.8457106749925661
Tox21,0.5,0,45,test,False,3,784,30,0.7432802829354553
Tox21,0.5,0,45,test,False,4,784,88,0.7256563479623825
Tox21,0.5,0,45,test,False,5,784,39,0.7736362071932542
Tox21,0.5,0,45,test,False,6,784,30,0.6857206012378426
Tox21,0.5,0,45,test,False,7,784,99,0.6977217429772173
Tox21,0.5,0,45,test,False,8,784,36,0.7498143196672609
Tox21,0.5,0,45,test,False,9,784,40,0.7580645161290323
Tox21,0.5,0,45,test,False,10,784,103,0.8196113653536348
Tox21,0.5,0,45,test,False,11,784,48,0.7788439764492753
Tox21,0.5,0,45,test,True,0,736,18,0.7376973073351903
Tox21,0.5,0,45,test,True,1,670,18,0.8094751192910703
Tox21,0.5,0,45,test,True,2,668,76,0.8600862375533428
Tox21,0.5,0,45,test,True,3,564,30,0.7955680399500624
Tox21,0.5,0,45,test,True,4,620,88,0.7399393369788106
Tox21,0.5,0,45,test,True,5,701,39,0.7810442327058641
Tox21,0.5,0,45,test,True,6,646,30,0.7003246753246753
Tox21,0.5,0,45,test,True,7,569,99,0.7180958521384053
Tox21,0.5,0,45,test,True,8,710,36,0.7525140125288493
Tox21,0.5,0,45,test,True,9,649,40,0.7636288998357964
Tox21,0.5,0,45,test,True,10,601,103,0.8367645338636097
Tox21,0.5,0,45,test,True,11,681,48,0.7864665613480779
Tox21,0.5,0,46,val,False,0,783,35,0.7411382734912146
Tox21,0.5,0,46,val,False,1,783,28,0.8570009460737936
Tox21,0.5,0,46,val,False,2,783,79,0.854933831990794
Tox21,0.5,0,46,val,False,3,783,38,0.7357824090427411
Tox21,0.5,0,46,val,False,4,783,91,0.7379629041478752
Tox21,0.5,0,46,val,False,5,783,46,0.7791870686095216
Tox21,0.5,0,46,val,False,6,783,18,0.6855482933914306
Tox21,0.5,0,46,val,False,7,783,91,0.6788890300450995
Tox21,0.5,0,46,val,False,8,783,28,0.7676915799432356
Tox21,0.5,0,46,val,False,9,783,35,0.6521772345301757
Tox21,0.5,0,46,val,False,10,783,111,0.8075933075933076
Tox21,0.5,0,46,val,False,11,783,43,0.8157133878064111
Tox21,0.5,0,46,val,True,0,724,35,0.7434791623470869
Tox21,0.5,0,46,val,True,1,663,28,0.8601237345331834
Tox21,0.5,0,46,val,True,2,644,79,0.879758037414585
Tox21,0.5,0,46,val,True,3,573,38,0.7853418593212002
Tox21,0.5,0,46,val,True,4,609,91,0.7526836098264669
Tox21,0.5,0,46,val,True,5,686,46,0.7888247282608696
Tox21,0.5,0,46,val,True,6,639,18,0.7033458579352299
Tox21,0.5,0,46,val,True,7,572,91,0.7037764730072422
Tox21,0.5,0,46,val,True,8,699,28,0.7693740685543964
Tox21,0.5,0,46,val,True,9,643,35,0.6588345864661654
Tox21,0.5,0,46,val,True,10,564,111,0.830658473042579
Tox21,0.5,0,46,val,True,11,665,43,0.8287220518956105
Tox21,0.5,0,46,test,False,0,784,18,0.7332463011314186
Tox21,0.5,0,46,test,False,1,784,18,0.8027995358282565
Tox21,0.5,0,46,test,False,2,784,76,0.8458593517692535
Tox21,0.5,0,46,test,False,3,784,30,0.7457559681697612
Tox21,0.5,0,46,test,False,4,784,88,0.7255910397074191
Tox21,0.5,0,46,test,False,5,784,39,0.774909654104285
Tox21,0.5,0,46,test,False,6,784,30,0.6885057471264368
Tox21,0.5,0,46,test,False,7,784,99,0.6986212489862124
Tox21,0.5,0,46,test,False,8,784,36,0.7507427213309567
Tox21,0.5,0,46,test,False,9,784,40,0.758736559139785
Tox21,0.5,0,46,test,False,10,784,103,0.8201103460074419
Tox21,0.5,0,46,test,False,11,784,48,0.7793251811594203
Tox21,0.5,0,46,test,True,0,736,18,0.7374651810584958
Tox21,0.5,0,46,test,True,1,670,18,0.8083674164962508
Tox21,0.5,0,46,test,True,2,668,76,0.8602640469416785
Tox21,0.5,0,46,test,True,3,564,30,0.7983770287141073
Tox21,0.5,0,46,test,True,4,620,88,0.7400034176349967
Tox21,0.5,0,46,test,True,5,701,39,0.7823224107212022
Tox21,0.5,0,46,test,True,6,646,30,0.7027597402597403
Tox21,0.5,0,46,test,True,7,569,99,0.7193853427895981
Tox21,0.5,0,46,test,True,8,710,36,0.7534207055720409
Tox21,0.5,0,46,test,True,9,649,40,0.7644499178981938
Tox21,0.5,0,46,test,True,10,601,103,0.8372714157601279
Tox21,0.5,0,46,test,True,11,681,48,0.7870918904686677
Tox21,0.5,0,47,val,False,0,783,35,0.7431627196333079
Tox21,0.5,0,47,val,False,1,783,28,0.855534531693472
Tox21,0.5,0,47,val,False,2,783,79,0.8547360471806674
Tox21,0.5,0,47,val,False,3,783,38,0.7399152243023667
Tox21,0.5,0,47,val,False,4,783,91,0.736724258400559
Tox21,0.5,0,47,val,False,5,783,46,0.7790985782549703
Tox21,0.5,0,47,val,False,6,783,18,0.6884531590413943
Tox21,0.5,0,47,val,False,7,783,91,0.6789207901924665
Tox21,0.5,0,47,val,False,8,783,28,0.7665089877010406
Tox21,0.5,0,47,val,False,9,783,35,0.6529793735676089
Tox21,0.5,0,47,val,False,10,783,111,0.8076871514371514
Tox21,0.5,0,47,val,False,11,783,43,0.8146448774355751
Tox21,0.5,0,47,val,True,0,724,35,0.7453037528509227
Tox21,0.5,0,47,val,True,1,663,28,0.8587176602924635
Tox21,0.5,0,47,val,True,2,644,79,0.8793099585527052
Tox21,0.5,0,47,val,True,3,573,38,0.7889818002951303
Tox21,0.5,0,47,val,True,4,609,91,0.7514107514107514
Tox21,0.5,0,47,val,True,5,686,46,0.7887907608695652
Tox21,0.5,0,47,val,True,6,639,18,0.7064770084093756
Tox21,0.5,0,47,val,True,7,572,91,0.7036622421237806
Tox21,0.5,0,47,val,True,8,699,28,0.7680434319778582
Tox21,0.5,0,47,val,True,9,643,35,0.6597274436090226
Tox21,0.5,0,47,val,True,10,564,111,0.8308175725394269
Tox21,0.5,0,47,val,True,11,665,43,0.8279368877589173
Tox21,0.5,0,47,test,False,0,784,18,0.7315781839280533
Tox21,0.5,0,47,test,False,1,784,18,0.8017116333043225
Tox21,0.5,0,47,test,False,2,784,76,0.846045197740113
Tox21,0.5,0,47,test,False,3,784,30,0.746816976127321
Tox21,0.5,0,47,test,False,4,784,88,0.7257379832810867
Tox21,0.5,0,47,test,False,5,784,39,0.7757700912063328
Tox21,0.5,0,47,test,False,6,784,30,0.6896109637488949
Tox21,0.5,0,47,test,False,7,784,99,0.6997861829978619
Tox21,0.5,0,47,test,False,8,784,36,0.751076945929887
Tox21,0.5,0,47,test,False,9,784,40,0.7591397849462366
Tox21,0.5,0,47,test,False,10,784,103,0.8206806096117931
Tox21,0.5,0,47,test,False,11,784,48,0.7792402626811594
Tox21,0.5,0,47,test,True,0,736,18,0.7357629216960694
Tox21,0.5,0,47,test,True,1,670,18,0.8070040899795501
Tox21,0.5,0,47,test,True,2,668,76,0.8603974039829302
Tox21,0.5,0,47,test,True,3,564,30,0.7995006242197253
Tox21,0.5,0,47,test,True,4,620,88,0.7400461380724538
Tox21,0.5,0,47,test,True,5,701,39,0.7832519947323573
Tox21,0.5,0,47,test,True,6,646,30,0.7034090909090909
Tox21,0.5,0,47,test,True,7,569,99,0.7206748334407909
Tox21,0.5,0,47,test,True,8,710,36,0.7538740520936367
Tox21,0.5,0,47,test,True,9,649,40,0.765024630541872
Tox21,0.5,0,47,test,True,10,601,103,0.8379927476897883
Tox21,0.5,0,47,test,True,11,681,48,0.7871577145866245
Tox21,0.5,0,48,val,False,0,783,35,0.7464476699770818
Tox21,0.5,0,48,val,False,1,783,28,0.8551561021759697
Tox21,0.5,0,48,val,False,2,783,79,0.8537471231300345
Tox21,0.5,0,48,val,False,3,783,38,0.7425644648534087
Tox21,0.5,0,48,val,False,4,783,91,0.7360731753795338
Tox21,0.5,0,48,val,False,5,783,46,0.779806501091381
Tox21,0.5,0,48,val,False,6,783,18,0.6909222948438635
Tox21,0.5,0,48,val,False,7,783,91,0.6798894746871627
Tox21,0.5,0,48,val,False,8,783,28,0.7647587511825922
Tox21,0.5,0,48,val,False,9,783,35,0.6541634835752482
Tox21,0.5,0,48,val,False,10,783,111,0.8081429643929644
Tox21,0.5,0,48,val,False,11,783,43,0.8161219358893778
Tox21,0.5,0,48,val,True,0,724,35,0.7485797221646278
Tox21,0.5,0,48,val,True,1,663,28,0.8584364454443195
Tox21,0.5,0,48,val,True,2,644,79,0.878301781113476
Tox21,0.5,0,48,val,True,3,573,38,0.7916379734382686
Tox21,0.5,0,48,val,True,4,609,91,0.750753107895965
Tox21,0.5,0,48,val,True,5,686,46,0.7896739130434783
Tox21,0.5,0,48,val,True,6,639,18,0.708981928788692
Tox21,0.5,0,48,val,True,7,572,91,0.7045989353681661
Tox21,0.5,0,48,val,True,8,699,28,0.7663402171598893
Tox21,0.5,0,48,val,True,9,643,35,0.6610432330827067
Tox21,0.5,0,48,val,True,10,564,111,0.8313744207783944
Tox21,0.5,0,48,val,True,11,665,43,0.8296567711059597
Tox21,0.5,0,48,test,False,0,784,18,0.7306353350739774
Tox21,0.5,0,48,test,False,1,784,18,0.7968885987815493
Tox21,0.5,0,48,test,False,2,784,76,0.8462867975022302
Tox21,0.5,0,48,test,False,3,784,30,0.7482537577365164
Tox21,0.5,0,48,test,False,4,784,88,0.725721656217346
Tox21,0.5,0,48,test,False,5,784,39,0.7766993632765444
Tox21,0.5,0,48,test,False,6,784,30,0.6924845269672856
Tox21,0.5,0,48,test,False,7,784,99,0.7015262110152621
Tox21,0.5,0,48,test,False,8,784,36,0.7508169934640523
Tox21,0.5,0,48,test,False,9,784,40,0.7609543010752688
Tox21,0.5,0,48,test,False,10,784,103,0.8214076957073406
Tox21,0.5,0,48,test,False,11,784,48,0.7802168251811594
Tox21,0.5,0,48,test,True,0,736,18,0.7349891674404209
Tox21,0.5,0,48,test,True,1,670,18,0.8019342194955692
Tox21,0.5,0,48,test,True,2,668,76,0.8607085704125177
Tox21,0.5,0,48,test,True,3,564,30,0.8011235955056181
Tox21,0.5,0,48,test,True,4,620,88,0.7397684552289815
Tox21,0.5,0,48,test,True,5,701,39,0.7841428460763809
Tox21,0.5,0,48,test,True,6,646,30,0.7062770562770563
Tox21,0.5,0,48,test,True,7,569,99,0.7229529335912315
Tox21,0.5,0,48,test,True,8,710,36,0.7536267721727663
Tox21,0.5,0,48,test,True,9,649,40,0.767200328407225
Tox21,0.5,0,48,test,True,10,601,103,0.8387920614496822
Tox21,0.5,0,48,test,True,11,681,48,0.7883590047393365
Tox21,0.5,0,49,val,False,0,783,35,0.748357524828113
Tox21,0.5,0,49,val,False,1,783,28,0.8550614947965941
Tox21,0.5,0,49,val,False,2,783,79,0.8536212600690448
Tox21,0.5,0,49,val,False,3,783,38,0.744648534086895
Tox21,0.5,0,49,val,False,4,783,91,0.7355014927269261
Tox21,0.5,0,49,val,False,5,783,46,0.7793935461034747
Tox21,0.5,0,49,val,False,6,783,18,0.6934640522875817
Tox21,0.5,0,49,val,False,7,783,91,0.6804611573397701
Tox21,0.5,0,49,val,False,8,783,28,0.7646168401135289
Tox21,0.5,0,49,val,False,9,783,35,0.6539343009931246
Tox21,0.5,0,49,val,False,10,783,111,0.8087998712998714
Tox21,0.5,0,49,val,False,11,783,43,0.8166561910747958
Tox21,0.5,0,49,val,True,0,724,35,0.75044578063446
Tox21,0.5,0,49,val,True,1,663,28,0.858267716535433
Tox21,0.5,0,49,val,True,2,644,79,0.8782569732272881
Tox21,0.5,0,49,val,True,3,573,38,0.7939006394490901
Tox21,0.5,0,49,val,True,4,609,91,0.750180321608893
Tox21,0.5,0,49,val,True,5,686,46,0.7890625
Tox21,0.5,0,49,val,True,6,639,18,0.7123814635891931
Tox21,0.5,0,49,val,True,7,572,91,0.7051015512553974
Tox21,0.5,0,49,val,True,8,699,28,0.7663934426229508
Tox21,0.5,0,49,val,True,9,643,35,0.6609022556390977
Tox21,0.5,0,49,val,True,10,564,111,0.8320704810771035
Tox21,0.5,0,49,val,True,11,665,43,0.8302549914005832
Tox21,0.5,0,49,test,False,0,784,18,0.7294023788801857
Tox21,0.5,0,49,test,False,1,784,18,0.7914128227444154
Tox21,0.5,0,49,test,False,2,784,76,0.8469186738031519
Tox21,0.5,0,49,test,False,3,784,30,0.7485411140583553
Tox21,0.5,0,49,test,False,4,784,88,0.7261951410658307
Tox21,0.5,0,49,test,False,5,784,39,0.7775598003785923
Tox21,0.5,0,49,test,False,6,784,30,0.6941202475685234
Tox21,0.5,0,49,test,False,7,784,99,0.7032293740322937
Tox21,0.5,0,49,test,False,8,784,36,0.751745395127748
Tox21,0.5,0,49,test,False,9,784,40,0.762768817204301
Tox21,0.5,0,49,test,False,10,784,103,0.8219922159018006
Tox21,0.5,0,49,test,False,11,784,48,0.7804291213768116
Tox21,0.5,0,49,test,True,0,736,18,0.733905911482513
Tox21,0.5,0,49,test,True,1,670,18,0.796523517382413
Tox21,0.5,0,49,test,True,2,668,76,0.8614864864864865
Tox21,0.5,0,49,test,True,3,564,30,0.8016229712858927
Tox21,0.5,0,49,test,True,4,620,88,0.740152939166097
Tox21,0.5,0,49,test,True,5,701,39,0.7846851034162213
Tox21,0.5,0,49,test,True,6,646,30,0.7081168831168831
Tox21,0.5,0,49,test,True,7,569,99,0.7249946271222867
Tox21,0.5,0,49,test,True,8,710,36,0.7542037586547972
Tox21,0.5,0,49,test,True,9,649,40,0.7691297208538589
Tox21,0.5,0,49,test,True,10,601,103,0.8393574297188754
Tox21,0.5,0,49,test,True,11,681,48,0.7884412848867826
