dataset,alpha,seed,round,split,masked,task,n,positives,auc
Tox21,0.1,2,0,val,False,0,783,35,0.44805194805194803
Tox21,0.1,2,0,val,False,1,783,28,0.7650898770104069
Tox21,0.1,2,0,val,False,2,783,79,0.8195663118527041
Tox21,0.1,2,0,val,False,3,783,38,0.6500529848110208
Tox21,0.1,2,0,val,False,4,783,91,0.6011243092167948
Tox21,0.1,2,0,val,False,5,783,46,0.5895669871983953
Tox21,0.1,2,0,val,False,6,783,18,0.6016702977487292
Tox21,0.1,2,0,val,False,7,783,91,0.641570856888776
Tox21,0.1,2,0,val,False,8,783,28,0.7348628192999055
Tox21,0.1,2,0,val,False,9,783,35,0.4836134453781513
Tox21,0.1,2,0,val,False,10,783,111,0.6604997854997856
Tox21,0.1,2,0,val,False,11,783,43,0.6786612193588938
Tox21,0.1,2,0,val,True,0,724,35,0.4539498237611445
Tox21,0.1,2,0,val,True,1,663,28,0.7618672665916759
Tox21,0.1,2,0,val,True,2,644,79,0.8343900526492662
Tox21,0.1,2,0,val,True,3,573,38,0.6797343826856862
Tox21,0.1,2,0,val,True,4,609,91,0.613581399295685
Tox21,0.1,2,0,val,True,5,686,46,0.6069802989130435
Tox21,0.1,2,0,val,True,6,639,18,0.6118268026480587
Tox21,0.1,2,0,val,True,7,572,91,0.6635215096753558
Tox21,0.1,2,0,val,True,8,699,28,0.7410581222056632
Tox21,0.1,2,0,val,True,9,643,35,0.5126409774436089
Tox21,0.1,2,0,val,True,10,564,111,0.6928981962094545
Tox21,0.1,2,0,val,True,11,665,43,0.688402004037987
Tox21,0.1,2,0,test,False,0,784,18,0.511386713083841
Tox21,0.1,2,0,test,False,1,784,18,0.6411372207716856
Tox21,0.1,2,0,test,False,2,784,76,0.7977995837050252
Tox21,0.1,2,0,test,False,3,784,30,0.5526083112290009
Tox21,0.1,2,0,test,False,4,784,88,0.6429924242424242
Tox21,0.1,2,0,test,False,5,784,39,0.6186542763723972
Tox21,0.1,2,0,test,False,6,784,30,0.6529840848806366
Tox21,0.1,2,0,test,False,7,784,99,0.6116198481161985
Tox21,0.1,2,0,test,False,8,784,36,0.6792557932263814
Tox21,0.1,2,0,test,False,9,784,40,0.5443212365591398
Tox21,0.1,2,0,test,False,10,784,103,0.6961706798967823
Tox21,0.1,2,0,test,False,11,784,48,0.6865375905797101
Tox21,0.1,2,0,test,True,0,736,18,0.5178737233054782
Tox21,0.1,2,0,test,True,1,670,18,0.6399113837764144
Tox21,0.1,2,0,test,True,2,668,76,0.8116331792318634
Tox21,0.1,2,0,test,True,3,564,30,0.5931335830212234
Tox21,0.1,2,0,test,True,4,620,88,0.6614191729323308
Tox21,0.1,2,0,test,True,5,701,39,0.628437524207917
Tox21,0.1,2,0,test,True,6,646,30,0.6655844155844156
Tox21,0.1,2,0,test,True,7,569,99,0.6254674403610574
Tox21,0.1,2,0,test,True,8,710,36,0.6858720738542697
Tox21,0.1,2,0,test,True,9,649,40,0.5555008210180624
Tox21,0.1,2,0,test,True,10,601,103,0.7153760673763014
Tox21,0.1,2,0,test,True,11,681,48,0.6930950500263297
Tox21,0.1,2,1,val,False,0,783,35,0.768544690603514
Tox21,0.1,2,1,val,False,1,783,28,0.815279091769158
Tox21,0.1,2,1,val,False,2,783,79,0.8298691024165709
Tox21,0.1,2,1,val,False,3,783,38,0.641999293535853
Tox21,0.1,2,1,val,False,4,783,91,0.609159626500667
Tox21,0.1,2,1,val,False,5,783,46,0.6219397085717657
Tox21,0.1,2,1,val,False,6,783,18,0.5749455337690632
Tox21,0.1,2,1,val,False,7,783,91,0.6454614749412437
Tox21,0.1,2,1,val,False,8,783,28,0.7308893093661306
Tox21,0.1,2,1,val,False,9,783,35,0.5087853323147441
Tox21,0.1,2,1,val,False,10,783,111,0.6661840411840412
Tox21,0.1,2,1,val,False,11,783,43,0.692237586423633
Tox21,0.1,2,1,val,True,0,724,35,0.767178104913954
Tox21,0.1,2,1,val,True,1,663,28,0.8120922384701912
Tox21,0.1,2,1,val,True,2,644,79,0.8459728912288563
Tox21,0.1,2,1,val,True,3,573,38,0.6696999508116084
Tox21,0.1,2,1,val,True,4,609,91,0.6213882642454072
Tox21,0.1,2,1,val,True,5,686,46,0.6330502717391304
Tox21,0.1,2,1,val,True,6,639,18,0.5796206834854177
Tox21,0.1,2,1,val,True,7,572,91,0.6650978958671266
Tox21,0.1,2,1,val,True,8,699,28,0.7365871833084948
Tox21,0.1,2,1,val,True,9,643,35,0.5293233082706768
Tox21,0.1,2,1,val,True,10,564,111,0.6971541077501343
Tox21,0.1,2,1,val,True,11,665,43,0.7016376280565317
Tox21,0.1,2,1,test,False,0,784,18,0.8101247461560777
Tox21,0.1,2,1,test,False,1,784,18,0.6588337684943428
Tox21,0.1,2,1,test,False,2,784,76,0.802445732976509
Tox21,0.1,2,1,test,False,3,784,30,0.5418213969938107
Tox21,0.1,2,1,test,False,4,784,88,0.6487477142110764
Tox21,0.1,2,1,test,False,5,784,39,0.6310273618998452
Tox21,0.1,2,1,test,False,6,784,30,0.6667992926613617
Tox21,0.1,2,1,test,False,7,784,99,0.6111037381110374
Tox21,0.1,2,1,test,False,8,784,36,0.6806298276886512
Tox21,0.1,2,1,test,False,9,784,40,0.5509744623655914
Tox21,0.1,2,1,test,False,10,784,103,0.7011961279101264
Tox21,0.1,2,1,test,False,11,784,48,0.688957767210145
Tox21,0.1,2,1,test,True,0,736,18,0.8120550913030021
Tox21,0.1,2,1,test,True,1,670,18,0.6565269256987049
Tox21,0.1,2,1,test,True,2,668,76,0.8158561522048364
Tox21,0.1,2,1,test,True,3,564,30,0.582896379525593
Tox21,0.1,2,1,test,True,4,620,88,0.6674000341763499
Tox21,0.1,2,1,test,True,5,701,39,0.6402703540165776
Tox21,0.1,2,1,test,True,6,646,30,0.678896103896104
Tox21,0.1,2,1,test,True,7,569,99,0.6231893402106168
Tox21,0.1,2,1,test,True,8,710,36,0.6880151665018134
Tox21,0.1,2,1,test,True,9,649,40,0.5569376026272578
Tox21,0.1,2,1,test,True,10,601,103,0.7190119702109409
Tox21,0.1,2,1,test,True,11,681,48,0.6952507898894155
Tox21,0.1,2,2,val,False,0,783,35,0.7641711229946524
Tox21,0.1,2,2,val,False,1,783,28,0.8198202459791863
Tox21,0.1,2,2,val,False,2,783,79,0.831810989643268
Tox21,0.1,2,2,val,False,3,783,38,0.6434122218297421
Tox21,0.1,2,2,val,False,4,783,91,0.642023438988757
Tox21,0.1,2,2,val,False,5,783,46,0.678632529054333
Tox21,0.1,2,2,val,False,6,783,18,0.5796659404502541
Tox21,0.1,2,2,val,False,7,783,91,0.6463507590675219
Tox21,0.1,2,2,val,False,8,783,28,0.7343897824030274
Tox21,0.1,2,2,val,False,9,783,35,0.5147440794499618
Tox21,0.1,2,2,val,False,10,783,111,0.6768956456456456
Tox21,0.1,2,2,val,False,11,783,43,0.711659333752357
Tox21,0.1,2,2,val,True,0,724,35,0.763632593821273
Tox21,0.1,2,2,val,True,1,663,28,0.8199662542182227
Tox21,0.1,2,2,val,True,2,644,79,0.849288674806766
Tox21,0.1,2,2,val,True,3,573,38,0.6682242990654206
Tox21,0.1,2,2,val,True,4,609,91,0.6507594721880436
Tox21,0.1,2,2,val,True,5,686,46,0.6875339673913043
Tox21,0.1,2,2,val,True,6,639,18,0.580873143675076
Tox21,0.1,2,2,val,True,7,572,91,0.668159283543899
Tox21,0.1,2,2,val,True,8,699,28,0.7384500745156484
Tox21,0.1,2,2,val,True,9,643,35,0.5366541353383458
Tox21,0.1,2,2,val,True,10,564,111,0.7079529860986814
Tox21,0.1,2,2,val,True,11,665,43,0.7206311224108278
Tox21,0.1,2,2,test,False,0,784,18,0.7903974470554105
Tox21,0.1,2,2,test,False,1,784,18,0.6973455178416015
Tox21,0.1,2,2,test,False,2,784,76,0.8042298542967589
Tox21,0.1,2,2,test,False,3,784,30,0.5349248452696729
Tox21,0.1,2,2,test,False,4,784,88,0.6618665099268548
Tox21,0.1,2,2,test,False,5,784,39,0.6629839958699019
Tox21,0.1,2,2,test,False,6,784,30,0.6684792219274978
Tox21,0.1,2,2,test,False,7,784,99,0.6093784560937846
Tox21,0.1,2,2,test,False,8,784,36,0.6746880570409982
Tox21,0.1,2,2,test,False,9,784,40,0.5464045698924731
Tox21,0.1,2,2,test,False,10,784,103,0.7081818570634276
Tox21,0.1,2,2,test,False,11,784,48,0.703125
Tox21,0.1,2,2,test,True,0,736,18,0.7920148560817084
Tox21,0.1,2,2,test,True,1,670,18,0.6949556918882072
Tox21,0.1,2,2,test,True,2,668,76,0.8180343172119487
Tox21,0.1,2,2,test,True,3,564,30,0.5726591760299626
Tox21,0.1,2,2,test,True,4,620,88,0.6795539986329461
Tox21,0.1,2,2,test,True,5,701,39,0.6730962894104887
Tox21,0.1,2,2,test,True,6,646,30,0.6796536796536796
Tox21,0.1,2,2,test,True,7,569,99,0.6213410702772405
Tox21,0.1,2,2,test,True,8,710,36,0.6812561819980217
Tox21,0.1,2,2,test,True,9,649,40,0.5532840722495894
Tox21,0.1,2,2,test,True,10,601,103,0.7253090030023005
Tox21,0.1,2,2,test,True,11,681,48,0.7096498156924698
Tox21,0.1,2,3,val,False,0,783,35,0.7547364400305576
Tox21,0.1,2,3,val,False,1,783,28,0.8140018921475876
Tox21,0.1,2,3,val,False,2,783,79,0.8342023878020713
Tox21,0.1,2,3,val,False,3,783,38,0.6452843518191451
Tox21,0.1,2,3,val,False,4,783,91,0.6721002985453852
Tox21,0.1,2,3,val,False,5,783,46,0.7359742788036104
Tox21,0.1,2,3,val,False,6,783,18,0.60079883805374
Tox21,0.1,2,3,val,False,7,783,91,0.650304897414724
Tox21,0.1,2,3,val,False,8,783,28,0.7379848628192999
Tox21,0.1,2,3,val,False,9,783,35,0.5296409472880061
Tox21,0.1,2,3,val,False,10,783,111,0.6917631917631918
Tox21,0.1,2,3,val,False,11,783,43,0.7326524198617222
Tox21,0.1,2,3,val,True,0,724,35,0.7551316607920382
Tox21,0.1,2,3,val,True,1,663,28,0.8177165354330708
Tox21,0.1,2,3,val,True,2,644,79,0.8528060938725215
Tox21,0.1,2,3,val,True,3,573,38,0.6731923266109199
Tox21,0.1,2,3,val,True,4,609,91,0.6803958589672875
Tox21,0.1,2,3,val,True,5,686,46,0.7455842391304348
Tox21,0.1,2,3,val,True,6,639,18,0.6002862766147791
Tox21,0.1,2,3,val,True,7,572,91,0.6741906741906741
Tox21,0.1,2,3,val,True,8,699,28,0.7415371513732171
Tox21,0.1,2,3,val,True,9,643,35,0.5537593984962406
Tox21,0.1,2,3,val,True,10,564,111,0.7230077759879084
Tox21,0.1,2,3,val,True,11,665,43,0.7410453899648546
Tox21,0.1,2,3,test,False,0,784,18,0.7868073687264289
Tox21,0.1,2,3,test,False,1,784,18,0.740498984624311
Tox21,0.1,2,3,test,False,2,784,76,0.8047502230151651
Tox21,0.1,2,3,test,False,3,784,30,0.5549071618037136
Tox21,0.1,2,3,test,False,4,784,88,0.6783894984326018
Tox21,0.1,2,3,test,False,5,784,39,0.7187747375666839
Tox21,0.1,2,3,test,False,6,784,30,0.6673297966401415
Tox21,0.1,2,3,test,False,7,784,99,0.6144805721448057
Tox21,0.1,2,3,test,False,8,784,36,0.6907679738562091
Tox21,0.1,2,3,test,False,9,784,40,0.5443884408602151
Tox21,0.1,2,3,test,False,10,784,103,0.7189028128252284
Tox21,0.1,2,3,test,False,11,784,48,0.716995018115942
Tox21,0.1,2,3,test,True,0,736,18,0.7891906530485917
Tox21,0.1,2,3,test,True,1,670,18,0.7404567143830947
Tox21,0.1,2,3,test,True,2,668,76,0.8187233285917496
Tox21,0.1,2,3,test,True,3,564,30,0.5965043695380774
Tox21,0.1,2,3,test,True,4,620,88,0.6921351674641147
Tox21,0.1,2,3,test,True,5,701,39,0.7270508947246108
Tox21,0.1,2,3,test,True,6,646,30,0.6766774891774892
Tox21,0.1,2,3,test,True,7,569,99,0.6269503546099291
Tox21,0.1,2,3,test,True,8,710,36,0.6967936036927135
Tox21,0.1,2,3,test,True,9,649,40,0.5528735632183908
Tox21,0.1,2,3,test,True,10,601,103,0.7368893047919836
Tox21,0.1,2,3,test,True,11,681,48,0.7238349131121643
Tox21,0.1,2,4,val,False,0,783,35,0.74877769289534
Tox21,0.1,2,4,val,False,1,783,28,0.817833491012299
Tox21,0.1,2,4,val,False,2,783,79,0.8369354142692751
Tox21,0.1,2,4,val,False,3,783,38,0.6366301660190745
Tox21,0.1,2,4,val,False,4,783,91,0.6800641554976814
Tox21,0.1,2,4,val,False,5,783,46,0.7587752934930093
Tox21,0.1,2,4,val,False,6,783,18,0.6174291938997821
Tox21,0.1,2,4,val,False,7,783,91,0.6537191132566855
Tox21,0.1,2,4,val,False,8,783,28,0.7454115421002838
Tox21,0.1,2,4,val,False,9,783,35,0.5453781512605042
Tox21,0.1,2,4,val,False,10,783,111,0.7083869583869583
Tox21,0.1,2,4,val,False,11,783,43,0.7521370207416719
Tox21,0.1,2,4,val,True,0,724,35,0.7494090814845532
Tox21,0.1,2,4,val,True,1,663,28,0.8217660292463442
Tox21,0.1,2,4,val,True,2,644,79,0.8569508233449087
Tox21,0.1,2,4,val,True,3,573,38,0.6704377766847024
Tox21,0.1,2,4,val,True,4,609,91,0.6892104034961177
Tox21,0.1,2,4,val,True,5,686,46,0.7692595108695652
Tox21,0.1,2,4,val,True,6,639,18,0.6201467167650743
Tox21,0.1,2,4,val,True,7,572,91,0.6802677571908342
Tox21,0.1,2,4,val,True,8,699,28,0.7487758143495848
Tox21,0.1,2,4,val,True,9,643,35,0.568609022556391
Tox21,0.1,2,4,val,True,10,564,111,0.7397331105940378
Tox21,0.1,2,4,val,True,11,665,43,0.7611605473715697
Tox21,0.1,2,4,test,False,0,784,18,0.7960545401798665
Tox21,0.1,2,4,test,False,1,784,18,0.7602988105599072
Tox21,0.1,2,4,test,False,2,784,76,0.8079653583110318
Tox21,0.1,2,4,test,False,3,784,30,0.5366931918656057
Tox21,0.1,2,4,test,False,4,784,88,0.6862591431556948
Tox21,0.1,2,4,test,False,5,784,39,0.7468249870934435
Tox21,0.1,2,4,test,False,6,784,30,0.6459328028293546
Tox21,0.1,2,4,test,False,7,784,99,0.6236083462360835
Tox21,0.1,2,4,test,False,8,784,36,0.7056966726084373
Tox21,0.1,2,4,test,False,9,784,40,0.5512096774193549
Tox21,0.1,2,4,test,False,10,784,103,0.7232510728084056
Tox21,0.1,2,4,test,False,11,784,48,0.723533740942029
Tox21,0.1,2,4,test,True,0,736,18,0.7979727638502012
Tox21,0.1,2,4,test,True,1,670,18,0.7614178595773688
Tox21,0.1,2,4,test,True,2,668,76,0.8221461593172119
Tox21,0.1,2,4,test,True,3,564,30,0.5786516853932584
Tox21,0.1,2,4,test,True,4,620,88,0.6985645933014354
Tox21,0.1,2,4,test,True,5,701,39,0.754860949724998
Tox21,0.1,2,4,test,True,6,646,30,0.652435064935065
Tox21,0.1,2,4,test,True,7,569,99,0.637653127014829
Tox21,0.1,2,4,test,True,8,710,36,0.7115891856247939
Tox21,0.1,2,4,test,True,9,649,40,0.5603037766830871
Tox21,0.1,2,4,test,True,10,601,103,0.7423480329083323
Tox21,0.1,2,4,test,True,11,681,48,0.730878093733544
Tox21,0.1,2,5,val,False,0,783,35,0.7483193277310924
Tox21,0.1,2,5,val,False,1,783,28,0.8250236518448438
Tox21,0.1,2,5,val,False,2,783,79,0.8397763233601842
Tox21,0.1,2,5,val,False,3,783,38,0.6348993288590604
Tox21,0.1,2,5,val,False,4,783,91,0.6846852569395921
Tox21,0.1,2,5,val,False,5,783,46,0.7697480974573772
Tox21,0.1,2,5,val,False,6,783,18,0.6293391430646332
Tox21,0.1,2,5,val,False,7,783,91,0.6575620910881027
Tox21,0.1,2,5,val,False,8,783,28,0.7522705771050142
Tox21,0.1,2,5,val,False,9,783,35,0.5566844919786096
Tox21,0.1,2,5,val,False,10,783,111,0.7221283783783784
Tox21,0.1,2,5,val,False,11,783,43,0.7727529855436833
Tox21,0.1,2,5,val,True,0,724,35,0.7491602736885756
Tox21,0.1,2,5,val,True,1,663,28,0.8301462317210349
Tox21,0.1,2,5,val,True,2,644,79,0.8606026660692281
Tox21,0.1,2,5,val,True,3,573,38,0.6721101819970488
Tox21,0.1,2,5,val,True,4,609,91,0.6941957656243372
Tox21,0.1,2,5,val,True,5,686,46,0.780366847826087
Tox21,0.1,2,5,val,True,6,639,18,0.6335659330828413
Tox21,0.1,2,5,val,True,7,572,91,0.6859564551872244
Tox21,0.1,2,5,val,True,8,699,28,0.754737066212476
Tox21,0.1,2,5,val,True,9,643,35,0.5783834586466166
Tox21,0.1,2,5,val,True,10,564,111,0.7522224210965932
Tox21,0.1,2,5,val,True,11,665,43,0.7814626486203545
Tox21,0.1,2,5,test,False,0,784,18,0.802219321148825
Tox21,0.1,2,5,test,False,1,784,18,0.7780678851174935
Tox21,0.1,2,5,test,False,2,784,76,0.8091640648230746
Tox21,0.1,2,5,test,False,3,784,30,0.5557029177718833
Tox21,0.1,2,5,test,False,4,784,88,0.687140804597701
Tox21,0.1,2,5,test,False,5,784,39,0.7624677336086733
Tox21,0.1,2,5,test,False,6,784,30,0.651503094606543
Tox21,0.1,2,5,test,False,7,784,99,0.63364299933643
Tox21,0.1,2,5,test,False,8,784,36,0.7167075163398693
Tox21,0.1,2,5,test,False,9,784,40,0.5608534946236559
Tox21,0.1,2,5,test,False,10,784,103,0.7251899690631994
Tox21,0.1,2,5,test,False,11,784,48,0.7323369565217391
Tox21,0.1,2,5,test,True,0,736,18,0.8036985453419995
Tox21,0.1,2,5,test,True,1,670,18,0.7802488070892979
Tox21,0.1,2,5,test,True,2,668,76,0.8232463549075392
Tox21,0.1,2,5,test,True,3,564,30,0.6006242197253433
Tox21,0.1,2,5,test,True,4,620,88,0.699354921394395
Tox21,0.1,2,5,test,True,5,701,39,0.7713029669223023
Tox21,0.1,2,5,test,True,6,646,30,0.6590367965367966
Tox21,0.1,2,5,test,True,7,569,99,0.6482376961100365
Tox21,0.1,2,5,test,True,8,710,36,0.72236646884273
Tox21,0.1,2,5,test,True,9,649,40,0.5702380952380952
Tox21,0.1,2,5,test,True,10,601,103,0.746442078995594
Tox21,0.1,2,5,test,True,11,681,48,0.7389415481832544
Tox21,0.1,2,6,val,False,0,783,35,0.7465622612681436
Tox21,0.1,2,6,val,False,1,783,28,0.8298013245033112
Tox21,0.1,2,6,val,False,2,783,79,0.8418440736478711
Tox21,0.1,2,6,val,False,3,783,38,0.6231013776050865
Tox21,0.1,2,6,val,False,4,783,91,0.6877342310868323
Tox21,0.1,2,6,val,False,5,783,46,0.7775057518730458
Tox21,0.1,2,6,val,False,6,783,18,0.6318082788671023
Tox21,0.1,2,6,val,False,7,783,91,0.6610080670774312
Tox21,0.1,2,6,val,False,8,783,28,0.7583254493850521
Tox21,0.1,2,6,val,False,9,783,35,0.5593964858670741
Tox21,0.1,2,6,val,False,10,783,111,0.7309899184899186
Tox21,0.1,2,6,val,False,11,783,43,0.7905719673161534
Tox21,0.1,2,6,val,True,0,724,35,0.7473771511507361
Tox21,0.1,2,6,val,True,1,663,28,0.8352080989876266
Tox21,0.1,2,6,val,True,2,644,79,0.8636496023300101
Tox21,0.1,2,6,val,True,3,573,38,0.6659124446630595
Tox21,0.1,2,6,val,True,4,609,91,0.6972930544359115
Tox21,0.1,2,6,val,True,5,686,46,0.7885190217391304
Tox21,0.1,2,6,val,True,6,639,18,0.6393809268205404
Tox21,0.1,2,6,val,True,7,572,91,0.6913253067099221
Tox21,0.1,2,6,val,True,8,699,28,0.761070896316798
Tox21,0.1,2,6,val,True,9,643,35,0.5790413533834586
Tox21,0.1,2,6,val,True,10,564,111,0.7605950321182109
Tox21,0.1,2,6,val,True,11,665,43,0.8001570328273386
Tox21,0.1,2,6,test,False,0,784,18,0.8043951261966928
Tox21,0.1,2,6,test,False,1,784,18,0.790832608064984
Tox21,0.1,2,6,test,False,2,784,76,0.81021409455843
Tox21,0.1,2,6,test,False,3,784,30,0.5780725022104332
Tox21,0.1,2,6,test,False,4,784,88,0.6884632967607105
Tox21,0.1,2,6,test,False,5,784,39,0.7706763035622095
Tox21,0.1,2,6,test,False,6,784,30,0.6538019451812555
Tox21,0.1,2,6,test,False,7,784,99,0.6418786404187864
Tox21,0.1,2,6,test,False,8,784,36,0.7246732026143791
Tox21,0.1,2,6,test,False,9,784,40,0.5707493279569893
Tox21,0.1,2,6,test,False,10,784,103,0.7275565630212566
Tox21,0.1,2,6,test,False,11,784,48,0.7389889039855072
Tox21,0.1,2,6,test,True,0,736,18,0.8059424326833797
Tox21,0.1,2,6,test,True,1,670,18,0.7937968643490115
Tox21,0.1,2,6,test,True,2,668,76,0.8245688122332858
Tox21,0.1,2,6,test,True,3,564,30,0.6235955056179775
Tox21,0.1,2,6,test,True,4,620,88,0.700721975393028
Tox21,0.1,2,6,test,True,5,701,39,0.7788752033465025
Tox21,0.1,2,6,test,True,6,646,30,0.6633116883116883
Tox21,0.1,2,6,test,True,7,569,99,0.6574468085106383
Tox21,0.1,2,6,test,True,8,710,36,0.730300032970656
Tox21,0.1,2,6,test,True,9,649,40,0.5804802955665025
Tox21,0.1,2,6,test,True,10,601,103,0.7497173158654034
Tox21,0.1,2,6,test,True,11,681,48,0.7455239599789363
Tox21,0.1,2,7,val,False,0,783,35,0.7432009167303286
Tox21,0.1,2,7,val,False,1,783,28,0.8326868495742669
Tox21,0.1,2,7,val,False,2,783,79,0.8440017261219792
Tox21,0.1,2,7,val,False,3,783,38,0.6345814199929354
Tox21,0.1,2,7,val,False,4,783,91,0.6892825382709776
Tox21,0.1,2,7,val,False,5,783,46,0.7854993805675181
Tox21,0.1,2,7,val,False,6,783,18,0.660639070442992
Tox21,0.1,2,7,val,False,7,783,91,0.6647795845772725
Tox21,0.1,2,7,val,False,8,783,28,0.7631031220435194
Tox21,0.1,2,7,val,False,9,783,35,0.5583651642475171
Tox21,0.1,2,7,val,False,10,783,111,0.7376930501930501
Tox21,0.1,2,7,val,False,11,783,43,0.8048082966687619
Tox21,0.1,2,7,val,True,0,724,35,0.7443085216670122
Tox21,0.1,2,7,val,True,1,663,28,0.8377390326209224
Tox21,0.1,2,7,val,True,2,644,79,0.8662708636720063
Tox21,0.1,2,7,val,True,3,573,38,0.6776192818494835
Tox21,0.1,2,7,val,True,4,609,91,0.699382663668378
Tox21,0.1,2,7,val,True,5,686,46,0.7965013586956522
Tox21,0.1,2,7,val,True,6,639,18,0.6777598854893541
Tox21,0.1,2,7,val,True,7,572,91,0.6966484658792351
Tox21,0.1,2,7,val,True,8,699,28,0.7658611879923355
Tox21,0.1,2,7,val,True,9,643,35,0.5775845864661654
Tox21,0.1,2,7,val,True,10,564,111,0.766461826064475
Tox21,0.1,2,7,val,True,11,665,43,0.8152620952665819
Tox21,0.1,2,7,test,False,0,784,18,0.7985929794023788
Tox21,0.1,2,7,test,False,1,784,18,0.7964171743545112
Tox21,0.1,2,7,test,False,2,784,76,0.8123327386262266
Tox21,0.1,2,7,test,False,3,784,30,0.591158267020336
Tox21,0.1,2,7,test,False,4,784,88,0.6904551985370952
Tox21,0.1,2,7,test,False,5,784,39,0.7797625193598348
Tox21,0.1,2,7,test,False,6,784,30,0.6770999115826702
Tox21,0.1,2,7,test,False,7,784,99,0.6479392464793925
Tox21,0.1,2,7,test,False,8,784,36,0.7254159239453357
Tox21,0.1,2,7,test,False,9,784,40,0.5769657258064516
Tox21,0.1,2,7,test,False,10,784,103,0.7291675577035484
Tox21,0.1,2,7,test,False,11,784,48,0.7488394474637682
Tox21,0.1,2,7,test,True,0,736,18,0.8006809037449706
Tox21,0.1,2,7,test,True,1,670,18,0.7995910020449898
Tox21,0.1,2,7,test,True,2,668,76,0.8267692034139402
Tox21,0.1,2,7,test,True,3,564,30,0.6363920099875157
Tox21,0.1,2,7,test,True,4,620,88,0.7028152768284347
Tox21,0.1,2,7,test,True,5,701,39,0.7880161127895267
Tox21,0.1,2,7,test,True,6,646,30,0.6915043290043289
Tox21,0.1,2,7,test,True,7,569,99,0.6645819901139051
Tox21,0.1,2,7,test,True,8,710,36,0.7307121661721068
Tox21,0.1,2,7,test,True,9,649,40,0.5854474548440065
Tox21,0.1,2,7,test,True,10,601,103,0.7523297071782274
Tox21,0.1,2,7,test,True,11,681,48,0.7554634017904159
Tox21,0.1,2,8,val,False,0,783,35,0.7390374331550802
Tox21,0.1,2,8,val,False,1,783,28,0.8343897824030274
Tox21,0.1,2,8,val,False,2,783,79,0.8462133199079401
Tox21,0.1,2,8,val,False,3,783,38,0.639261744966443
Tox21,0.1,2,8,val,False,4,783,91,0.6901321222130471
Tox21,0.1,2,8,val,False,5,783,46,0.7900418854344876
Tox21,0.1,2,8,val,False,6,783,18,0.6969862018881626
Tox21,0.1,2,8,val,False,7,783,91,0.665105126087785
Tox21,0.1,2,8,val,False,8,783,28,0.7674077578051087
Tox21,0.1,2,8,val,False,9,783,35,0.5606187929717341
Tox21,0.1,2,8,val,False,10,783,111,0.7431896181896183
Tox21,0.1,2,8,val,False,11,783,43,0.8135763670647391
Tox21,0.1,2,8,val,True,0,724,35,0.7398714493054115
Tox21,0.1,2,8,val,True,1,663,28,0.8391451068616423
Tox21,0.1,2,8,val,True,2,644,79,0.8695418393637281
Tox21,0.1,2,8,val,True,3,573,38,0.6803000491883916
Tox21,0.1,2,8,val,True,4,609,91,0.7006237006237006
Tox21,0.1,2,8,val,True,5,686,46,0.8013586956521739
Tox21,0.1,2,8,val,True,6,639,18,0.7244140275541242
Tox21,0.1,2,8,val,True,7,572,91,0.6993443147289301
Tox21,0.1,2,8,val,True,8,699,28,0.7703321268895039
Tox21,0.1,2,8,val,True,9,643,35,0.5793233082706767
Tox21,0.1,2,8,val,True,10,564,111,0.7712149235328043
Tox21,0.1,2,8,val,True,11,665,43,0.8239736783070365
Tox21,0.1,2,8,test,False,0,784,18,0.7895996518711923
Tox21,0.1,2,8,test,False,1,784,18,0.8012039454598201
Tox21,0.1,2,8,test,False,2,784,76,0.8141540291406483
Tox21,0.1,2,8,test,False,3,784,30,0.5942086648983201
Tox21,0.1,2,8,test,False,4,784,88,0.691728709508882
Tox21,0.1,2,8,test,False,5,784,39,0.7895370848390981
Tox21,0.1,2,8,test,False,6,784,30,0.6974801061007957
Tox21,0.1,2,8,test,False,7,784,99,0.6532183145321833
Tox21,0.1,2,8,test,False,8,784,36,0.7238933452168747
Tox21,0.1,2,8,test,False,9,784,40,0.5818212365591398
Tox21,0.1,2,8,test,False,10,784,103,0.73124901985943
Tox21,0.1,2,8,test,False,11,784,48,0.7574445199275361
Tox21,0.1,2,8,test,True,0,736,18,0.7916279789538843
Tox21,0.1,2,8,test,True,1,670,18,0.8048738922972052
Tox21,0.1,2,8,test,True,2,668,76,0.8280138691322901
Tox21,0.1,2,8,test,True,3,564,30,0.6423220973782772
Tox21,0.1,2,8,test,True,4,620,88,0.7043318523581681
Tox21,0.1,2,8,test,True,5,701,39,0.7978154775737857
Tox21,0.1,2,8,test,True,6,646,30,0.7167207792207794
Tox21,0.1,2,8,test,True,7,569,99,0.6718676122931443
Tox21,0.1,2,8,test,True,8,710,36,0.7294757665677547
Tox21,0.1,2,8,test,True,9,649,40,0.589696223316913
Tox21,0.1,2,8,test,True,10,601,103,0.7546886575427925
Tox21,0.1,2,8,test,True,11,681,48,0.7638888888888888
Tox21,0.1,2,9,val,False,0,783,35,0.735179526355997
Tox21,0.1,2,9,val,False,1,783,28,0.8321665089877011
Tox21,0.1,2,9,val,False,2,783,79,0.8479933831990794
Tox21,0.1,2,9,val,False,3,783,38,0.6372659837513246
Tox21,0.1,2,9,val,False,4,783,91,0.6928476148129327
Tox21,0.1,2,9,val,False,5,783,46,0.7934340156922896
Tox21,0.1,2,9,val,False,6,783,18,0.7034858387799565
Tox21,0.1,2,9,val,False,7,783,91,0.6659308899193292
Tox21,0.1,2,9,val,False,8,783,28,0.771050141911069
Tox21,0.1,2,9,val,False,9,783,35,0.5641711229946523
Tox21,0.1,2,9,val,False,10,783,111,0.7495709995709995
Tox21,0.1,2,9,val,False,11,783,43,0.8195160276555625
Tox21,0.1,2,9,val,True,0,724,35,0.7366369479577026
Tox21,0.1,2,9,val,True,1,663,28,0.8366141732283464
Tox21,0.1,2,9,val,True,2,644,79,0.8718718494455023
Tox21,0.1,2,9,val,True,3,573,38,0.6781111657648795
Tox21,0.1,2,9,val,True,4,609,91,0.7031057745343459
Tox21,0.1,2,9,val,True,5,686,46,0.8046535326086958
Tox21,0.1,2,9,val,True,6,639,18,0.7326892109500804
Tox21,0.1,2,9,val,True,7,572,91,0.7020173174019327
Tox21,0.1,2,9,val,True,8,699,28,0.7743240366191185
Tox21,0.1,2,9,val,True,9,643,35,0.5838815789473684
Tox21,0.1,2,9,val,True,10,564,111,0.7772010421017044
Tox21,0.1,2,9,val,True,11,665,43,0.8298063261796157
Tox21,0.1,2,9,test,False,0,784,18,0.7806788511749347
Tox21,0.1,2,9,test,False,1,784,18,0.8017116333043226
Tox21,0.1,2,9,test,False,2,784,76,0.8156965506987809
Tox21,0.1,2,9,test,False,3,784,30,0.5973916887709991
Tox21,0.1,2,9,test,False,4,784,88,0.6920879049111808
Tox21,0.1,2,9,test,False,5,784,39,0.7960075718464981
Tox21,0.1,2,9,test,False,6,784,30,0.7027409372236958
Tox21,0.1,2,9,test,False,7,784,99,0.6576273685762738
Tox21,0.1,2,9,test,False,8,784,36,0.720922459893048
Tox21,0.1,2,9,test,False,9,784,40,0.583736559139785
Tox21,0.1,2,9,test,False,10,784,103,0.7353691744008668
Tox21,0.1,2,9,test,False,11,784,48,0.7625679347826088
Tox21,0.1,2,9,test,True,0,736,18,0.7824976787372331
Tox21,0.1,2,9,test,True,1,670,18,0.804959100204499
Tox21,0.1,2,9,test,True,2,668,76,0.829280761024182
Tox21,0.1,2,9,test,True,3,564,30,0.6458177278401999
Tox21,0.1,2,9,test,True,4,620,88,0.7047376965140124
Tox21,0.1,2,9,test,True,5,701,39,0.8046324269889225
Tox21,0.1,2,9,test,True,6,646,30,0.7224567099567099
Tox21,0.1,2,9,test,True,7,569,99,0.6778637438211906
Tox21,0.1,2,9,test,True,8,710,36,0.7262199142762941
Tox21,0.1,2,9,test,True,9,649,40,0.5920771756978653
Tox21,0.1,2,9,test,True,10,601,103,0.7592505946114556
Tox21,0.1,2,9,test,True,11,681,48,0.7689244339125856
Tox21,0.1,2,10,val,False,0,783,35,0.7308250572956454
Tox21,0.1,2,10,val,False,1,783,28,0.8315042573320719
Tox21,0.1,2,10,val,False,2,783,79,0.8499712313003451
Tox21,0.1,2,10,val,False,3,783,38,0.6346873896149771
Tox21,0.1,2,10,val,False,4,783,91,0.6959442291812235
Tox21,0.1,2,10,val,False,5,783,46,0.7956757713409238
Tox21,0.1,2,10,val,False,6,783,18,0.7028322440087146
Tox21,0.1,2,10,val,False,7,783,91,0.6657720891824938
Tox21,0.1,2,10,val,False,8,783,28,0.7713812677388836
Tox21,0.1,2,10,val,False,9,783,35,0.5692513368983958
Tox21,0.1,2,10,val,False,10,783,111,0.7536465036465037
Tox21,0.1,2,10,val,False,11,783,43,0.8253614079195475
Tox21,0.1,2,10,val,True,0,724,35,0.7327804271200498
Tox21,0.1,2,10,val,True,1,663,28,0.8359955005624297
Tox21,0.1,2,10,val,True,2,644,79,0.8742018595272768
Tox21,0.1,2,10,val,True,3,573,38,0.6741760944417118
Tox21,0.1,2,10,val,True,4,609,91,0.7053544910687767
Tox21,0.1,2,10,val,True,5,686,46,0.8066576086956521
Tox21,0.1,2,10,val,True,6,639,18,0.732599749507962
Tox21,0.1,2,10,val,True,7,572,91,0.7030453953530876
Tox21,0.1,2,10,val,True,8,699,28,0.7748562912497339
Tox21,0.1,2,10,val,True,9,643,35,0.5896616541353383
Tox21,0.1,2,10,val,True,10,564,111,0.7814768410794901
Tox21,0.1,2,10,val,True,11,665,43,0.8359006954310925
Tox21,0.1,2,10,test,False,0,784,18,0.7753118653901945
Tox21,0.1,2,10,test,False,1,784,18,0.7996808819263128
Tox21,0.1,2,10,test,False,2,784,76,0.8163841807909604
Tox21,0.1,2,10,test,False,3,784,30,0.5994694960212202
Tox21,0.1,2,10,test,False,4,784,88,0.6933777429467084
Tox21,0.1,2,10,test,False,5,784,39,0.7990018929616245
Tox21,0.1,2,10,test,False,6,784,30,0.7054818744473916
Tox21,0.1,2,10,test,False,7,784,99,0.6614465826144658
Tox21,0.1,2,10,test,False,8,784,36,0.7214423648247178
Tox21,0.1,2,10,test,False,9,784,40,0.5859206989247311
Tox21,0.1,2,10,test,False,10,784,103,0.7389903482884963
Tox21,0.1,2,10,test,False,11,784,48,0.7670686141304348
Tox21,0.1,2,10,test,True,0,736,18,0.7772361497988238
Tox21,0.1,2,10,test,True,1,670,18,0.803254942058623
Tox21,0.1,2,10,test,True,2,668,76,0.8297919630156473
Tox21,0.1,2,10,test,True,3,564,30,0.6466292134831461
Tox21,0.1,2,10,test,True,4,620,88,0.7061901913875599
Tox21,0.1,2,10,test,True,5,701,39,0.8077697730265706
Tox21,0.1,2,10,test,True,6,646,30,0.7252164502164502
Tox21,0.1,2,10,test,True,7,569,99,0.6827638082957233
Tox21,0.1,2,10,test,True,8,710,36,0.726796900758325
Tox21,0.1,2,10,test,True,9,649,40,0.594991789819376
Tox21,0.1,2,10,test,True,10,601,103,0.7634031270713924
Tox21,0.1,2,10,test,True,11,681,48,0.7737954186413902
Tox21,0.1,2,11,val,False,0,783,35,0.7254010695187165
Tox21,0.1,2,11,val,False,1,783,28,0.833822138126774
Tox21,0.1,2,11,val,False,2,783,79,0.8506185270425777
Tox21,0.1,2,11,val,False,3,783,38,0.640268456375839
Tox21,0.1,2,11,val,False,4,783,91,0.6983580003811218
Tox21,0.1,2,11,val,False,5,783,46,0.7953808034924192
Tox21,0.1,2,11,val,False,6,783,18,0.706245461147422
Tox21,0.1,2,11,val,False,7,783,91,0.6662326113193165
Tox21,0.1,2,11,val,False,8,783,28,0.7699621570482498
Tox21,0.1,2,11,val,False,9,783,35,0.5781894576012223
Tox21,0.1,2,11,val,False,10,783,111,0.7561534749034748
Tox21,0.1,2,11,val,False,11,783,43,0.829321181646763
Tox21,0.1,2,11,val,True,0,724,35,0.7282189508604603
Tox21,0.1,2,11,val,True,1,663,28,0.8377390326209224
Tox21,0.1,2,11,val,True,2,644,79,0.8746275344460626
Tox21,0.1,2,11,val,True,3,573,38,0.6805705853418593
Tox21,0.1,2,11,val,True,4,609,91,0.7076244219101364
Tox21,0.1,2,11,val,True,5,686,46,0.8057744565217392
Tox21,0.1,2,11,val,True,6,639,18,0.7358203614242261
Tox21,0.1,2,11,val,True,7,572,91,0.7043704736012428
Tox21,0.1,2,11,val,True,8,699,28,0.7732595273578879
Tox21,0.1,2,11,val,True,9,643,35,0.6001879699248119
Tox21,0.1,2,11,val,True,10,564,111,0.7842610822743273
Tox21,0.1,2,11,val,True,11,665,43,0.8395274059672474
Tox21,0.1,2,11,test,False,0,784,18,0.7734261676820423
Tox21,0.1,2,11,test,False,1,784,18,0.7964171743545112
Tox21,0.1,2,11,test,False,2,784,76,0.8167187035385073
Tox21,0.1,2,11,test,False,3,784,30,0.5990937223695845
Tox21,0.1,2,11,test,False,4,784,88,0.694226750261233
Tox21,0.1,2,11,test,False,5,784,39,0.798829805541215
Tox21,0.1,2,11,test,False,6,784,30,0.7101237842617154
Tox21,0.1,2,11,test,False,7,784,99,0.6652363046523629
Tox21,0.1,2,11,test,False,8,784,36,0.7238562091503268
Tox21,0.1,2,11,test,False,9,784,40,0.5892137096774194
Tox21,0.1,2,11,test,False,10,784,103,0.7418844360805783
Tox21,0.1,2,11,test,False,11,784,48,0.7707484148550724
Tox21,0.1,2,11,test,True,0,736,18,0.7760755184153514
Tox21,0.1,2,11,test,True,1,670,18,0.8002726653033402
Tox21,0.1,2,11,test,True,2,668,76,0.8298364153627311
Tox21,0.1,2,11,test,True,3,564,30,0.6476279650436954
Tox21,0.1,2,11,test,True,4,620,88,0.7072154818865344
Tox21,0.1,2,11,test,True,5,701,39,0.8080021690293594
Tox21,0.1,2,11,test,True,6,646,30,0.729491341991342
Tox21,0.1,2,11,test,True,7,569,99,0.6873415001074576
Tox21,0.1,2,11,test,True,8,710,36,0.7287751401252885
Tox21,0.1,2,11,test,True,9,649,40,0.5995894909688013
Tox21,0.1,2,11,test,True,10,601,103,0.7662104729598004
Tox21,0.1,2,11,test,True,11,681,48,0.7773499210110585
Tox21,0.1,2,12,val,False,0,783,35,0.7156608097784569
Tox21,0.1,2,12,val,False,1,783,28,0.8316934720908231
Tox21,0.1,2,12,val,False,2,783,79,0.8522367663981588
Tox21,0.1,2,12,val,False,3,783,38,0.6456375838926175
Tox21,0.1,2,12,val,False,4,783,91,0.6987232420758431
Tox21,0.1,2,12,val,False,5,783,46,0.7960002359742788
Tox21,0.1,2,12,val,False,6,783,18,0.7001815541031227
Tox21,0.1,2,12,val,False,7,783,91,0.6676300578034683
Tox21,0.1,2,12,val,False,8,783,28,0.7687795648060549
Tox21,0.1,2,12,val,False,9,783,35,0.5894194041252865
Tox21,0.1,2,12,val,False,10,783,111,0.7577488202488203
Tox21,0.1,2,12,val,False,11,783,43,0.8292583280955375
Tox21,0.1,2,12,val,True,0,724,35,0.7189715944432927
Tox21,0.1,2,12,val,True,1,663,28,0.8355455568053993
Tox21,0.1,2,12,val,True,2,644,79,0.8762854262350174
Tox21,0.1,2,12,val,True,3,573,38,0.6870142646335465
Tox21,0.1,2,12,val,True,4,609,91,0.7079850651279223
Tox21,0.1,2,12,val,True,5,686,46,0.8062160326086956
Tox21,0.1,2,12,val,True,6,639,18,0.7279924852388621
Tox21,0.1,2,12,val,True,7,572,91,0.7067236298005528
Tox21,0.1,2,12,val,True,8,699,28,0.7724611454119651
Tox21,0.1,2,12,val,True,9,643,35,0.6122180451127819
Tox21,0.1,2,12,val,True,10,564,111,0.7859316269912296
Tox21,0.1,2,12,val,True,11,665,43,0.8395274059672474
Tox21,0.1,2,12,test,False,0,784,18,0.7674789672178707
Tox21,0.1,2,12,test,False,1,784,18,0.7968523353640847
Tox21,0.1,2,12,test,False,2,784,76,0.817629348795718
Tox21,0.1,2,12,test,False,3,784,30,0.6050839964633068
Tox21,0.1,2,12,test,False,4,784,88,0.6943573667711599
Tox21,0.1,2,12,test,False,5,784,39,0.7991223541559112
Tox21,0.1,2,12,test,False,6,784,30,0.7161803713527852
Tox21,0.1,2,12,test,False,7,784,99,0.6679643146796432
Tox21,0.1,2,12,test,False,8,784,36,0.7261586452762924
Tox21,0.1,2,12,test,False,9,784,40,0.5947244623655914
Tox21,0.1,2,12,test,False,10,784,103,0.7442367734485266
Tox21,0.1,2,12,test,False,11,784,48,0.7719938858695652
Tox21,0.1,2,12,test,True,0,736,18,0.7708139894769422
Tox21,0.1,2,12,test,True,1,670,18,0.7999318336741649
Tox21,0.1,2,12,test,True,2,668,76,0.830592105263158
Tox21,0.1,2,12,test,True,3,564,30,0.6534956304619226
Tox21,0.1,2,12,test,True,4,620,88,0.7067455570745045
Tox21,0.1,2,12,test,True,5,701,39,0.808176466031451
Tox21,0.1,2,12,test,True,6,646,30,0.7346861471861472
Tox21,0.1,2,12,test,True,7,569,99,0.6910810229959166
Tox21,0.1,2,12,test,True,8,710,36,0.7314952192548632
Tox21,0.1,2,12,test,True,9,649,40,0.6058702791461411
Tox21,0.1,2,12,test,True,10,601,103,0.7682769914609895
Tox21,0.1,2,12,test,True,11,681,48,0.7787980516061085
Tox21,0.1,2,13,val,False,0,783,35,0.7063025210084034
Tox21,0.1,2,13,val,False,1,783,28,0.8232734153263954
Tox21,0.1,2,13,val,False,2,783,79,0.8536032796317605
Tox21,0.1,2,13,val,False,3,783,38,0.6507594489579653
Tox21,0.1,2,13,val,False,4,783,91,0.699390205170552
Tox21,0.1,2,13,val,False,5,783,46,0.7939649578195977
Tox21,0.1,2,13,val,False,6,783,18,0.6976761074800291
Tox21,0.1,2,13,val,False,7,783,91,0.6694245061297085
Tox21,0.1,2,13,val,False,8,783,28,0.7675023651844844
Tox21,0.1,2,13,val,False,9,783,35,0.5960275019098548
Tox21,0.1,2,13,val,False,10,783,111,0.7602691977691979
Tox21,0.1,2,13,val,False,11,783,43,0.8286926461345067
Tox21,0.1,2,13,val,True,0,724,35,0.7096413020941322
Tox21,0.1,2,13,val,True,1,663,28,0.8262654668166479
Tox21,0.1,2,13,val,True,2,644,79,0.8773384115604347
Tox21,0.1,2,13,val,True,3,573,38,0.6930644367929168
Tox21,0.1,2,13,val,True,4,609,91,0.7079214222071365
Tox21,0.1,2,13,val,True,5,686,46,0.8038383152173912
Tox21,0.1,2,13,val,True,6,639,18,0.7232062980855252
Tox21,0.1,2,13,val,True,7,572,91,0.7089625551164013
Tox21,0.1,2,13,val,True,8,699,28,0.7705982542048117
Tox21,0.1,2,13,val,True,9,643,35,0.6195958646616542
Tox21,0.1,2,13,val,True,10,564,111,0.7882584571326292
Tox21,0.1,2,13,val,True,11,665,43,0.8396395722724893
Tox21,0.1,2,13,test,False,0,784,18,0.7597185958804757
Tox21,0.1,2,13,test,False,1,784,18,0.7906150275601973
Tox21,0.1,2,13,test,False,2,784,76,0.8197108236693428
Tox21,0.1,2,13,test,False,3,784,30,0.6105658709106985
Tox21,0.1,2,13,test,False,4,784,88,0.694683908045977
Tox21,0.1,2,13,test,False,5,784,39,0.7991395628979522
Tox21,0.1,2,13,test,False,6,784,30,0.7207338638373121
Tox21,0.1,2,13,test,False,7,784,99,0.6707218167072182
Tox21,0.1,2,13,test,False,8,784,36,0.7274398395721925
Tox21,0.1,2,13,test,False,9,784,40,0.6015456989247313
Tox21,0.1,2,13,test,False,10,784,103,0.7482286186789843
Tox21,0.1,2,13,test,False,11,784,48,0.7730978260869565
Tox21,0.1,2,13,test,True,0,736,18,0.7634633240482822
Tox21,0.1,2,13,test,True,1,670,18,0.7926039536468985
Tox21,0.1,2,13,test,True,2,668,76,0.8326369132290186
Tox21,0.1,2,13,test,True,3,564,30,0.6595505617977528
Tox21,0.1,2,13,test,True,4,620,88,0.7064251537935748
Tox21,0.1,2,13,test,True,5,701,39,0.8074986443566504
Tox21,0.1,2,13,test,True,6,646,30,0.738852813852814
Tox21,0.1,2,13,test,True,7,569,99,0.693853427895981
Tox21,0.1,2,13,test,True,8,710,36,0.7321752390372568
Tox21,0.1,2,13,test,True,9,649,40,0.6125205254515599
Tox21,0.1,2,13,test,True,10,601,103,0.7726634694116271
Tox21,0.1,2,13,test,True,11,681,48,0.7801145339652448
Tox21,0.1,2,14,val,False,0,783,35,0.7043544690603515
Tox21,0.1,2,14,val,False,1,783,28,0.8210974456007567
Tox21,0.1,2,14,val,False,2,783,79,0.8553653624856156
Tox21,0.1,2,14,val,False,3,783,38,0.6556340515718828
Tox21,0.1,2,14,val,False,4,783,91,0.6989773232547799
Tox21,0.1,2,14,val,False,5,783,46,0.7896289304465813
Tox21,0.1,2,14,val,False,6,783,18,0.696078431372549
Tox21,0.1,2,14,val,False,7,783,91,0.6702502699612527
Tox21,0.1,2,14,val,False,8,783,28,0.7641911069063387
Tox21,0.1,2,14,val,False,9,783,35,0.6006875477463712
Tox21,0.1,2,14,val,False,10,783,111,0.7627895752895754
Tox21,0.1,2,14,val,False,11,783,43,0.8274984286612194
Tox21,0.1,2,14,val,True,0,724,35,0.7081069873522704
Tox21,0.1,2,14,val,True,1,663,28,0.8239595050618673
Tox21,0.1,2,14,val,True,2,644,79,0.8787274560322617
Tox21,0.1,2,14,val,True,3,573,38,0.6991637973438268
Tox21,0.1,2,14,val,True,4,609,91,0.7073698502269932
Tox21,0.1,2,14,val,True,5,686,46,0.7996942934782608
Tox21,0.1,2,14,val,True,6,639,18,0.7207908391483271
Tox21,0.1,2,14,val,True,7,572,91,0.7098764021840946
Tox21,0.1,2,14,val,True,8,699,28,0.7671918245688738
Tox21,0.1,2,14,val,True,9,643,35,0.6238721804511279
Tox21,0.1,2,14,val,True,10,564,111,0.7911819103872083
Tox21,0.1,2,14,val,True,11,665,43,0.838817019367382
Tox21,0.1,2,14,test,False,0,784,18,0.7506527415143603
Tox21,0.1,2,14,test,False,1,784,18,0.7881491151726139
Tox21,0.1,2,14,test,False,2,784,76,0.8212719298245614
Tox21,0.1,2,14,test,False,3,784,30,0.6181697612732096
Tox21,0.1,2,14,test,False,4,784,88,0.6951084117032392
Tox21,0.1,2,14,test,False,5,784,39,0.8013422818791945
Tox21,0.1,2,14,test,False,6,784,30,0.7253757736516357
Tox21,0.1,2,14,test,False,7,784,99,0.672992700729927
Tox21,0.1,2,14,test,False,8,784,36,0.7296494355317885
Tox21,0.1,2,14,test,False,9,784,40,0.6098622311827956
Tox21,0.1,2,14,test,False,10,784,103,0.7519781018775931
Tox21,0.1,2,14,test,False,11,784,48,0.773918704710145
Tox21,0.1,2,14,test,True,0,736,18,0.7546425255338906
Tox21,0.1,2,14,test,True,1,670,18,0.7894512610770279
Tox21,0.1,2,14,test,True,2,668,76,0.83412606685633
Tox21,0.1,2,14,test,True,3,564,30,0.6685393258426966
Tox21,0.1,2,14,test,True,4,620,88,0.7066387559808612
Tox21,0.1,2,14,test,True,5,701,39,0.8098226043845379
Tox21,0.1,2,14,test,True,6,646,30,0.7431277056277057
Tox21,0.1,2,14,test,True,7,569,99,0.6963894261766602
Tox21,0.1,2,14,test,True,8,710,36,0.7340504451038575
Tox21,0.1,2,14,test,True,9,649,40,0.6205459770114944
Tox21,0.1,2,14,test,True,10,601,103,0.776367606347721
Tox21,0.1,2,14,test,True,11,681,48,0.781332280147446
Tox21,0.1,2,15,val,False,0,783,35,0.7058441558441558
Tox21,0.1,2,15,val,False,1,783,28,0.8210974456007569
Tox21,0.1,2,15,val,False,2,783,79,0.8564801495972383
Tox21,0.1,2,15,val,False,3,783,38,0.6614093959731544
Tox21,0.1,2,15,val,False,4,783,91,0.6990090834021471
Tox21,0.1,2,15,val,False,5,783,46,0.7878296265707038
Tox21,0.1,2,15,val,False,6,783,18,0.6946986201888162
Tox21,0.1,2,15,val,False,7,783,91,0.6717429968875055
Tox21,0.1,2,15,val,False,8,783,28,0.7649952696310313
Tox21,0.1,2,15,val,False,9,783,35,0.606035141329259
Tox21,0.1,2,15,val,False,10,783,111,0.7668382668382668
Tox21,0.1,2,15,val,False,11,783,43,0.8275927089880578
Tox21,0.1,2,15,val,True,0,724,35,0.7096413020941322
Tox21,0.1,2,15,val,True,1,663,28,0.8239032620922384
Tox21,0.1,2,15,val,True,2,644,79,0.8798252492438668
Tox21,0.1,2,15,val,True,3,573,38,0.7058288243974422
Tox21,0.1,2,15,val,True,4,609,91,0.7070516356230642
Tox21,0.1,2,15,val,True,5,686,46,0.7977921195652173
Tox21,0.1,2,15,val,True,6,639,18,0.7189121488638397
Tox21,0.1,2,15,val,True,7,572,91,0.7118183272029427
Tox21,0.1,2,15,val,True,8,699,28,0.767724079199489
Tox21,0.1,2,15,val,True,9,643,35,0.6278195488721804
Tox21,0.1,2,15,val,True,10,564,111,0.7953383847423582
Tox21,0.1,2,15,val,True,11,665,43,0.839976071188215
Tox21,0.1,2,15,test,False,0,784,18,0.7422396286626052
Tox21,0.1,2,15,test,False,1,784,18,0.7872062663185381
Tox21,0.1,2,15,test,False,2,784,76,0.82283303597978
Tox21,0.1,2,15,test,False,3,784,30,0.621396993810787
Tox21,0.1,2,15,test,False,4,784,88,0.6962023249738766
Tox21,0.1,2,15,test,False,5,784,39,0.8073997590776113
Tox21,0.1,2,15,test,False,6,784,30,0.7300176834659594
Tox21,0.1,2,15,test,False,7,784,99,0.6754257907542579
Tox21,0.1,2,15,test,False,8,784,36,0.7322118241235888
Tox21,0.1,2,15,test,False,9,784,40,0.6173219086021505
Tox21,0.1,2,15,test,False,10,784,103,0.7561125130091384
Tox21,0.1,2,15,test,False,11,784,48,0.7743432971014492
Tox21,0.1,2,15,test,True,0,736,18,0.7462086041473228
Tox21,0.1,2,15,test,True,1,670,18,0.78859918200409
Tox21,0.1,2,15,test,True,2,668,76,0.8356818990042674
Tox21,0.1,2,15,test,True,3,564,30,0.6729712858926342
Tox21,0.1,2,15,test,True,4,620,88,0.7072795625427204
Tox21,0.1,2,15,test,True,5,701,39,0.8157874351227825
Tox21,0.1,2,15,test,True,6,646,30,0.7477813852813854
Tox21,0.1,2,15,test,True,7,569,99,0.6995486782720824
Tox21,0.1,2,15,test,True,8,710,36,0.7365232443125619
Tox21,0.1,2,15,test,True,9,649,40,0.6275656814449918
Tox21,0.1,2,15,test,True,10,601,103,0.7805786251803329
Tox21,0.1,2,15,test,True,11,681,48,0.7818259610321222
Tox21,0.1,2,16,val,False,0,783,35,0.7072383498854087
Tox21,0.1,2,16,val,False,1,783,28,0.8208609271523178
Tox21,0.1,2,16,val,False,2,783,79,0.8569476409666283
Tox21,0.1,2,16,val,False,3,783,38,0.6644295302013423
Tox21,0.1,2,16,val,False,4,783,91,0.6998110271231659
Tox21,0.1,2,16,val,False,5,783,46,0.7875346587221993
Tox21,0.1,2,16,val,False,6,783,18,0.6896877269426289
Tox21,0.1,2,16,val,False,7,783,91,0.6733151241821762
Tox21,0.1,2,16,val,False,8,783,28,0.7658940397350994
Tox21,0.1,2,16,val,False,9,783,35,0.6101986249045073
Tox21,0.1,2,16,val,False,10,783,111,0.7706188331188331
Tox21,0.1,2,16,val,False,11,783,43,0.8266184789440603
Tox21,0.1,2,16,val,True,0,724,35,0.7105743313290483
Tox21,0.1,2,16,val,True,1,663,28,0.8241844769403824
Tox21,0.1,2,16,val,True,2,644,79,0.8801613083902767
Tox21,0.1,2,16,val,True,3,573,38,0.7099360550909986
Tox21,0.1,2,16,val,True,4,609,91,0.7077411005982434
Tox21,0.1,2,16,val,True,5,686,46,0.7977921195652175
Tox21,0.1,2,16,val,True,6,639,18,0.7144390767579174
Tox21,0.1,2,16,val,True,7,572,91,0.7130063283909437
Tox21,0.1,2,16,val,True,8,699,28,0.7682031083670429
Tox21,0.1,2,16,val,True,9,643,35,0.6310150375939849
Tox21,0.1,2,16,val,True,10,564,111,0.7992760972893422
Tox21,0.1,2,16,val,True,11,665,43,0.8393030733567637
Tox21,0.1,2,16,test,False,0,784,18,0.7406440382941688
Tox21,0.1,2,16,test,False,1,784,18,0.789019437191761
Tox21,0.1,2,16,test,False,2,784,76,0.8247658340767172
Tox21,0.1,2,16,test,False,3,784,30,0.6284703801945181
Tox21,0.1,2,16,test,False,4,784,88,0.6973452194357367
Tox21,0.1,2,16,test,False,5,784,39,0.8111856823266219
Tox21,0.1,2,16,test,False,6,784,30,0.7329354553492485
Tox21,0.1,2,16,test,False,7,784,99,0.6776671827766719
Tox21,0.1,2,16,test,False,8,784,36,0.7360739750445633
Tox21,0.1,2,16,test,False,9,784,40,0.6238743279569892
Tox21,0.1,2,16,test,False,10,784,103,0.7593772721440484
Tox21,0.1,2,16,test,False,11,784,48,0.7743149909420289
Tox21,0.1,2,16,test,True,0,736,18,0.74520272361498
Tox21,0.1,2,16,test,True,1,670,18,0.7904737559645536
Tox21,0.1,2,16,test,True,2,668,76,0.8376155761024182
Tox21,0.1,2,16,test,True,3,564,30,0.6804619225967541
Tox21,0.1,2,16,test,True,4,620,88,0.7086466165413533
Tox21,0.1,2,16,test,True,5,701,39,0.8193895731660082
Tox21,0.1,2,16,test,True,6,646,30,0.7510281385281387
Tox21,0.1,2,16,test,True,7,569,99,0.7015473887814314
Tox21,0.1,2,16,test,True,8,710,36,0.7406445763270688
Tox21,0.1,2,16,test,True,9,649,40,0.6339696223316913
Tox21,0.1,2,16,test,True,10,601,103,0.783639412017
Tox21,0.1,2,16,test,True,11,681,48,0.7823525539757767
Tox21,0.1,2,17,val,False,0,783,35,0.7085179526355997
Tox21,0.1,2,17,val,False,1,783,28,0.8198675496688742
Tox21,0.1,2,17,val,False,2,783,79,0.8574151323360184
Tox21,0.1,2,17,val,False,3,783,38,0.6652772871776758
Tox21,0.1,2,17,val,False,4,783,91,0.7004859302547163
Tox21,0.1,2,17,val,False,5,783,46,0.7880656008495074
Tox21,0.1,2,17,val,False,6,783,18,0.6885984023238925
Tox21,0.1,2,17,val,False,7,783,91,0.6749190116242139
Tox21,0.1,2,17,val,False,8,783,28,0.7691579943235571
Tox21,0.1,2,17,val,False,9,783,35,0.6140183346065697
Tox21,0.1,2,17,val,False,10,783,111,0.7735816173316173
Tox21,0.1,2,17,val,False,11,783,43,0.8251099937146449
Tox21,0.1,2,17,val,True,0,724,35,0.7116732324279494
Tox21,0.1,2,17,val,True,1,663,28,0.8234533183352082
Tox21,0.1,2,17,val,True,2,644,79,0.8806093872521564
Tox21,0.1,2,17,val,True,3,573,38,0.7123462862764388
Tox21,0.1,2,17,val,True,4,609,91,0.7083244940387798
Tox21,0.1,2,17,val,True,5,686,46,0.7984035326086957
Tox21,0.1,2,17,val,True,6,639,18,0.7137233852209698
Tox21,0.1,2,17,val,True,7,572,91,0.71453702222933
Tox21,0.1,2,17,val,True,8,699,28,0.771449861613796
Tox21,0.1,2,17,val,True,9,643,35,0.6332706766917293
Tox21,0.1,2,17,val,True,10,564,111,0.8019211264244377
Tox21,0.1,2,17,val,True,11,665,43,0.8386300755253122
Tox21,0.1,2,17,test,False,0,784,18,0.7372352770525095
Tox21,0.1,2,17,test,False,1,784,18,0.7906875543951262
Tox21,0.1,2,17,test,False,2,784,76,0.8269866934284865
Tox21,0.1,2,17,test,False,3,784,30,0.6325817860300619
Tox21,0.1,2,17,test,False,4,784,88,0.6991901776384533
Tox21,0.1,2,17,test,False,5,784,39,0.8151781104801239
Tox21,0.1,2,17,test,False,6,784,30,0.7384836427939876
Tox21,0.1,2,17,test,False,7,784,99,0.6800855268008552
Tox21,0.1,2,17,test,False,8,784,36,0.7392676767676768
Tox21,0.1,2,17,test,False,9,784,40,0.6312836021505377
Tox21,0.1,2,17,test,False,10,784,103,0.7625279785580885
Tox21,0.1,2,17,test,False,11,784,48,0.7734941123188406
Tox21,0.1,2,17,test,True,0,736,18,0.7418755803156917
Tox21,0.1,2,17,test,True,1,670,18,0.7929447852760737
Tox21,0.1,2,17,test,True,2,668,76,0.8400271159317212
Tox21,0.1,2,17,test,True,3,564,30,0.6839575530586767
Tox21,0.1,2,17,test,True,4,620,88,0.7102913533834588
Tox21,0.1,2,17,test,True,5,701,39,0.8233790378805484
Tox21,0.1,2,17,test,True,6,646,30,0.7561147186147187
Tox21,0.1,2,17,test,True,7,569,99,0.7038039974210187
Tox21,0.1,2,17,test,True,8,710,36,0.7437355753379492
Tox21,0.1,2,17,test,True,9,649,40,0.6413382594417077
Tox21,0.1,2,17,test,True,10,601,103,0.7870316216321597
Tox21,0.1,2,17,test,True,11,681,48,0.781496840442338
Tox21,0.1,2,18,val,False,0,783,35,0.7100458365164247
Tox21,0.1,2,18,val,False,1,783,28,0.8176915799432357
Tox21,0.1,2,18,val,False,2,783,79,0.8578107019562716
Tox21,0.1,2,18,val,False,3,783,38,0.6672200635817732
Tox21,0.1,2,18,val,False,4,783,91,0.7017245760020326
Tox21,0.1,2,18,val,False,5,783,46,0.7878886201404047
Tox21,0.1,2,18,val,False,6,783,18,0.688961510530138
Tox21,0.1,2,18,val,False,7,783,91,0.6763799784030997
Tox21,0.1,2,18,val,False,8,783,28,0.7695837275307473
Tox21,0.1,2,18,val,False,9,783,35,0.6170168067226891
Tox21,0.1,2,18,val,False,10,783,111,0.776665057915058
Tox21,0.1,2,18,val,False,11,783,43,0.8241357636706473
Tox21,0.1,2,18,val,True,0,724,35,0.7129172714078373
Tox21,0.1,2,18,val,True,1,663,28,0.8212035995500562
Tox21,0.1,2,18,val,True,2,644,79,0.8808334266830963
Tox21,0.1,2,18,val,True,3,573,38,0.7147073290703394
Tox21,0.1,2,18,val,True,4,609,91,0.7092154949297806
Tox21,0.1,2,18,val,True,5,686,46,0.7981657608695651
Tox21,0.1,2,18,val,True,6,639,18,0.7136339237788514
Tox21,0.1,2,18,val,True,7,572,91,0.716341870188024
Tox21,0.1,2,18,val,True,8,699,28,0.7715030870768577
Tox21,0.1,2,18,val,True,9,643,35,0.6356907894736842
Tox21,0.1,2,18,val,True,10,564,111,0.8047252550563808
Tox21,0.1,2,18,val,True,11,665,43,0.8377327450833769
Tox21,0.1,2,18,test,False,0,784,18,0.7381781259065855
Tox21,0.1,2,18,test,False,1,784,18,0.7920655642587757
Tox21,0.1,2,18,test,False,2,784,76,0.828575676479334
Tox21,0.1,2,18,test,False,3,784,30,0.6348364279398762
Tox21,0.1,2,18,test,False,4,784,88,0.7020719043887148
Tox21,0.1,2,18,test,False,5,784,39,0.820340733092411
Tox21,0.1,2,18,test,False,6,784,30,0.7408045977011495
Tox21,0.1,2,18,test,False,7,784,99,0.6824448868244488
Tox21,0.1,2,18,test,False,8,784,36,0.7423128342245988
Tox21,0.1,2,18,test,False,9,784,40,0.6371975806451613
Tox21,0.1,2,18,test,False,10,784,103,0.7655931454314757
Tox21,0.1,2,18,test,False,11,784,48,0.7718523550724637
Tox21,0.1,2,18,test,True,0,736,18,0.7424945837202104
Tox21,0.1,2,18,test,True,1,670,18,0.794478527607362
Tox21,0.1,2,18,test,True,2,668,76,0.8417051920341394
Tox21,0.1,2,18,test,True,3,564,30,0.6852059925093633
Tox21,0.1,2,18,test,True,4,620,88,0.7131002221462748
Tox21,0.1,2,18,test,True,5,701,39,0.8286854132775583
Tox21,0.1,2,18,test,True,6,646,30,0.7583874458874459
Tox21,0.1,2,18,test,True,7,569,99,0.7065334192993767
Tox21,0.1,2,18,test,True,8,710,36,0.746496867787669
Tox21,0.1,2,18,test,True,9,649,40,0.6476190476190475
Tox21,0.1,2,18,test,True,10,601,103,0.7902483721292939
Tox21,0.1,2,18,test,True,11,681,48,0.7804765666140073
Tox21,0.1,2,19,val,False,0,783,35,0.7096256684491978
Tox21,0.1,2,19,val,False,1,783,28,0.8161305581835383
Tox21,0.1,2,19,val,False,2,783,79,0.8578286823935558
Tox21,0.1,2,19,val,False,3,783,38,0.6738255033557048
Tox21,0.1,2,19,val,False,4,783,91,0.7037413453598425
Tox21,0.1,2,19,val,False,5,783,46,0.7879771104949561
Tox21,0.1,2,19,val,False,6,783,18,0.6895424836601307
Tox21,0.1,2,19,val,False,7,783,91,0.6767769802451883
Tox21,0.1,2,19,val,False,8,783,28,0.7718543046357615
Tox21,0.1,2,19,val,False,9,783,35,0.6197478991596639
Tox21,0.1,2,19,val,False,10,783,111,0.7803115615615616
Tox21,0.1,2,19,val,False,11,783,43,0.8235543683218102
Tox21,0.1,2,19,val,True,0,724,35,0.7125025917478749
Tox21,0.1,2,19,val,True,1,663,28,0.8197412823397077
Tox21,0.1,2,19,val,True,2,644,79,0.8808110227400022
Tox21,0.1,2,19,val,True,3,573,38,0.7209542547958682
Tox21,0.1,2,19,val,True,4,609,91,0.7107747464890322
Tox21,0.1,2,19,val,True,5,686,46,0.7975883152173913
Tox21,0.1,2,19,val,True,6,639,18,0.7143496153157989
Tox21,0.1,2,19,val,True,7,572,91,0.716958716958717
Tox21,0.1,2,19,val,True,8,699,28,0.7732595273578879
Tox21,0.1,2,19,val,True,9,643,35,0.6379699248120301
Tox21,0.1,2,19,val,True,10,564,111,0.8082055565499273
Tox21,0.1,2,19,val,True,11,665,43,0.8369662753308906
Tox21,0.1,2,19,test,False,0,784,18,0.7412242529736003
Tox21,0.1,2,19,test,False,1,784,18,0.7905425007252683
Tox21,0.1,2,19,test,False,2,784,76,0.8294305679452869
Tox21,0.1,2,19,test,False,3,784,30,0.6414235190097259
Tox21,0.1,2,19,test,False,4,784,88,0.7039903343782654
Tox21,0.1,2,19,test,False,5,784,39,0.8260884529340905
Tox21,0.1,2,19,test,False,6,784,30,0.7408045977011494
Tox21,0.1,2,19,test,False,7,784,99,0.6851581508515816
Tox21,0.1,2,19,test,False,8,784,36,0.7457293523469993
Tox21,0.1,2,19,test,False,9,784,40,0.6444556451612903
Tox21,0.1,2,19,test,False,10,784,103,0.7696277604322597
Tox21,0.1,2,19,test,False,11,784,48,0.7693614130434783
Tox21,0.1,2,19,test,True,0,736,18,0.7452800990405447
Tox21,0.1,2,19,test,True,1,670,18,0.7930299931833674
Tox21,0.1,2,19,test,True,2,668,76,0.8425720128022759
Tox21,0.1,2,19,test,True,3,564,30,0.6930087390761548
Tox21,0.1,2,19,test,True,4,620,88,0.7150974025974026
Tox21,0.1,2,19,test,True,5,701,39,0.8346115113486715
Tox21,0.1,2,19,test,True,6,646,30,0.7584415584415585
Tox21,0.1,2,19,test,True,7,569,99,0.7091983666451751
Tox21,0.1,2,19,test,True,8,710,36,0.7495878667985493
Tox21,0.1,2,19,test,True,9,649,40,0.6548029556650247
Tox21,0.1,2,19,test,True,10,601,103,0.7945568682496978
Tox21,0.1,2,19,test,True,11,681,48,0.7783701948393892
Tox21,0.1,2,20,val,False,0,783,35,0.7109243697478992
Tox21,0.1,2,20,val,False,1,783,28,0.8140728476821192
Tox21,0.1,2,20,val,False,2,783,79,0.8575949367088608
Tox21,0.1,2,20,val,False,3,783,38,0.6842458495231367
Tox21,0.1,2,20,val,False,4,783,91,0.7064091977386774
Tox21,0.1,2,20,val,False,5,783,46,0.7877411362161524
Tox21,0.1,2,20,val,False,6,783,18,0.6890341321713871
Tox21,0.1,2,20,val,False,7,783,91,0.677761544813568
Tox21,0.1,2,20,val,False,8,783,28,0.7742667928098392
Tox21,0.1,2,20,val,False,9,783,35,0.6225362872421696
Tox21,0.1,2,20,val,False,10,783,111,0.7834620334620334
Tox21,0.1,2,20,val,False,11,783,43,0.8248585795097423
Tox21,0.1,2,20,val,True,0,724,35,0.7136636947957703
Tox21,0.1,2,20,val,True,1,663,28,0.8181383577052869
Tox21,0.1,2,20,val,True,2,644,79,0.8805421754228745
Tox21,0.1,2,20,val,True,3,573,38,0.7320216428922774
Tox21,0.1,2,20,val,True,4,609,91,0.71284314141457
Tox21,0.1,2,20,val,True,5,686,46,0.79765625
Tox21,0.1,2,20,val,True,6,639,18,0.7140812309894435
Tox21,0.1,2,20,val,True,7,572,91,0.7178497178497178
Tox21,0.1,2,20,val,True,8,699,28,0.7753885458803491
Tox21,0.1,2,20,val,True,9,643,35,0.6397556390977444
Tox21,0.1,2,20,val,True,10,564,111,0.8112881093013543
Tox21,0.1,2,20,val,True,11,665,43,0.8385179092200703
Tox21,0.1,2,20,test,False,0,784,18,0.7417319408181027
Tox21,0.1,2,20,test,False,1,784,18,0.7888018566869741
Tox21,0.1,2,20,test,False,2,784,76,0.8306385667558727
Tox21,0.1,2,20,test,False,3,784,30,0.6447391688770999
Tox21,0.1,2,20,test,False,4,784,88,0.7051985370950887
Tox21,0.1,2,20,test,False,5,784,39,0.8319738427120977
Tox21,0.1,2,20,test,False,6,784,30,0.7404951370468613
Tox21,0.1,2,20,test,False,7,784,99,0.6872815748728156
Tox21,0.1,2,20,test,False,8,784,36,0.7501114081996436
Tox21,0.1,2,20,test,False,9,784,40,0.6500336021505376
Tox21,0.1,2,20,test,False,10,784,103,0.7736481188429352
Tox21,0.1,2,20,test,False,11,784,48,0.7676347373188405
Tox21,0.1,2,20,test,True,0,736,18,0.7458217270194986
Tox21,0.1,2,20,test,True,1,670,18,0.7912406271301977
Tox21,0.1,2,20,test,True,2,668,76,0.8438166785206259
Tox21,0.1,2,20,test,True,3,564,30,0.6953807740324593
Tox21,0.1,2,20,test,True,4,620,88,0.7162935748462065
Tox21,0.1,2,20,test,True,5,701,39,0.8403052134169959
Tox21,0.1,2,20,test,True,6,646,30,0.7586580086580086
Tox21,0.1,2,20,test,True,7,569,99,0.7116698903932946
Tox21,0.1,2,20,test,True,8,710,36,0.7539152654137817
Tox21,0.1,2,20,test,True,9,649,40,0.6605090311986863
Tox21,0.1,2,20,test,True,10,601,103,0.7984559597613756
Tox21,0.1,2,20,test,True,11,681,48,0.7768562401263823
Tox21,0.1,2,21,val,False,0,783,35,0.7121466768525592
Tox21,0.1,2,21,val,False,1,783,28,0.8116840113528856
Tox21,0.1,2,21,val,False,2,783,79,0.8582781933256617
Tox21,0.1,2,21,val,False,3,783,38,0.6936771458848464
Tox21,0.1,2,21,val,False,4,783,91,0.708370386838595
Tox21,0.1,2,21,val,False,5,783,46,0.7890979883192731
Tox21,0.1,2,21,val,False,6,783,18,0.6903050108932463
Tox21,0.1,2,21,val,False,7,783,91,0.6786667090135298
Tox21,0.1,2,21,val,False,8,783,28,0.774550614947966
Tox21,0.1,2,21,val,False,9,783,35,0.6266233766233766
Tox21,0.1,2,21,val,False,10,783,111,0.7850975975975977
Tox21,0.1,2,21,val,False,11,783,43,0.8254242614707731
Tox21,0.1,2,21,val,True,0,724,35,0.7147833298776696
Tox21,0.1,2,21,val,True,1,663,28,0.8160292463442069
Tox21,0.1,2,21,val,True,2,644,79,0.881057466114036
Tox21,0.1,2,21,val,True,3,573,38,0.7408263649778652
Tox21,0.1,2,21,val,True,4,609,91,0.7145296788153932
Tox21,0.1,2,21,val,True,5,686,46,0.7986073369565216
Tox21,0.1,2,21,val,True,6,639,18,0.7149311146895688
Tox21,0.1,2,21,val,True,7,572,91,0.7186493340339495
Tox21,0.1,2,21,val,True,8,699,28,0.7753353204172876
Tox21,0.1,2,21,val,True,9,643,35,0.6432800751879698
Tox21,0.1,2,21,val,True,10,564,111,0.8129387665811507
Tox21,0.1,2,21,val,True,11,665,43,0.8391909070515218
Tox21,0.1,2,21,test,False,0,784,18,0.7398462431099507
Tox21,0.1,2,21,test,False,1,784,18,0.7881491151726139
Tox21,0.1,2,21,test,False,2,784,76,0.8317908117752006
Tox21,0.1,2,21,test,False,3,784,30,0.6491379310344827
Tox21,0.1,2,21,test,False,4,784,88,0.7079578108672936
Tox21,0.1,2,21,test,False,5,784,39,0.8365169506109104
Tox21,0.1,2,21,test,False,6,784,30,0.7396772767462423
Tox21,0.1,2,21,test,False,7,784,99,0.6887045638870457
Tox21,0.1,2,21,test,False,8,784,36,0.753305109922757
Tox21,0.1,2,21,test,False,9,784,40,0.6547547043010752
Tox21,0.1,2,21,test,False,10,784,103,0.7763283577833854
Tox21,0.1,2,21,test,False,11,784,48,0.7678045742753623
Tox21,0.1,2,21,test,True,0,736,18,0.7438099659548129
Tox21,0.1,2,21,test,True,1,670,18,0.7911554192229039
Tox21,0.1,2,21,test,True,2,668,76,0.844927987197724
Tox21,0.1,2,21,test,True,3,564,30,0.6997191011235955
Tox21,0.1,2,21,test,True,4,620,88,0.719284005468216
Tox21,0.1,2,21,test,True,5,701,39,0.8445270741343248
Tox21,0.1,2,21,test,True,6,646,30,0.7576569264069264
Tox21,0.1,2,21,test,True,7,569,99,0.7128734150010746
Tox21,0.1,2,21,test,True,8,710,36,0.757006264424662
Tox21,0.1,2,21,test,True,9,649,40,0.6653735632183908
Tox21,0.1,2,21,test,True,10,601,103,0.8011268374468747
Tox21,0.1,2,21,test,True,11,681,48,0.7771853607161664
Tox21,0.1,2,22,val,False,0,783,35,0.7126432391138274
Tox21,0.1,2,22,val,False,1,783,28,0.8095553453169347
Tox21,0.1,2,22,val,False,2,783,79,0.8582422324510932
Tox21,0.1,2,22,val,False,3,783,38,0.6985870717061109
Tox21,0.1,2,22,val,False,4,783,91,0.7104744966016642
Tox21,0.1,2,22,val,False,5,783,46,0.789997640257212
Tox21,0.1,2,22,val,False,6,783,18,0.6941176470588235
Tox21,0.1,2,22,val,False,7,783,91,0.679111351076669
Tox21,0.1,2,22,val,False,8,783,28,0.7778618732261116
Tox21,0.1,2,22,val,False,9,783,35,0.6303284950343774
Tox21,0.1,2,22,val,False,10,783,111,0.7862103174603174
Tox21,0.1,2,22,val,False,11,783,43,0.8277184160905091
Tox21,0.1,2,22,val,True,0,724,35,0.7154882852996061
Tox21,0.1,2,22,val,True,1,663,28,0.8133295838020248
Tox21,0.1,2,22,val,True,2,644,79,0.8809678503416603
Tox21,0.1,2,22,val,True,3,573,38,0.7452533202164289
Tox21,0.1,2,22,val,True,4,609,91,0.716640502354788
Tox21,0.1,2,22,val,True,5,686,46,0.7995754076086956
Tox21,0.1,2,22,val,True,6,639,18,0.7184648416532474
Tox21,0.1,2,22,val,True,7,572,91,0.719106257567796
Tox21,0.1,2,22,val,True,8,699,28,0.7785820736640408
Tox21,0.1,2,22,val,True,9,643,35,0.6461936090225564
Tox21,0.1,2,22,val,True,10,564,111,0.8142115625559334
Tox21,0.1,2,22,val,True,11,665,43,0.8417333433036716
Tox21,0.1,2,22,test,False,0,784,18,0.7373078038874383
Tox21,0.1,2,22,test,False,1,784,18,0.7851029881055991
Tox21,0.1,2,22,test,False,2,784,76,0.8333890871245911
Tox21,0.1,2,22,test,False,3,784,30,0.6503094606542883
Tox21,0.1,2,22,test,False,4,784,88,0.7103578892371996
Tox21,0.1,2,22,test,False,5,784,39,0.8413698158664601
Tox21,0.1,2,22,test,False,6,784,30,0.7403183023872679
Tox21,0.1,2,22,test,False,7,784,99,0.6904224729042248
Tox21,0.1,2,22,test,False,8,784,36,0.7585227272727274
Tox21,0.1,2,22,test,False,9,784,40,0.6595430107526881
Tox21,0.1,2,22,test,False,10,784,103,0.7783670501689406
Tox21,0.1,2,22,test,False,11,784,48,0.7673233695652174
Tox21,0.1,2,22,test,True,0,736,18,0.7411018260600434
Tox21,0.1,2,22,test,True,1,670,18,0.7883435582822086
Tox21,0.1,2,22,test,True,2,668,76,0.8465727240398293
Tox21,0.1,2,22,test,True,3,564,30,0.7006866416978778
Tox21,0.1,2,22,test,True,4,620,88,0.721654989747095
Tox21,0.1,2,22,test,True,5,701,39,0.849601053528546
Tox21,0.1,2,22,test,True,6,646,30,0.7583333333333333
Tox21,0.1,2,22,test,True,7,569,99,0.7150010745755426
Tox21,0.1,2,22,test,True,8,710,36,0.7619724695021431
Tox21,0.1,2,22,test,True,9,649,40,0.6699096880131363
Tox21,0.1,2,22,test,True,10,601,103,0.8031738604905057
Tox21,0.1,2,22,test,True,11,681,48,0.7767575039494471
Tox21,0.1,2,23,val,False,0,783,35,0.715126050420168
Tox21,0.1,2,23,val,False,1,783,28,0.8085146641438032
Tox21,0.1,2,23,val,False,2,783,79,0.8580804085155351
Tox21,0.1,2,23,val,False,3,783,38,0.7019780996114446
Tox21,0.1,2,23,val,False,4,783,91,0.7135075906752207
Tox21,0.1,2,23,val,False,5,783,46,0.7896141820541561
Tox21,0.1,2,23,val,False,6,783,18,0.6930283224400872
Tox21,0.1,2,23,val,False,7,783,91,0.6799847551292637
Tox21,0.1,2,23,val,False,8,783,28,0.7813623462630086
Tox21,0.1,2,23,val,False,9,783,35,0.6340718105423988
Tox21,0.1,2,23,val,False,10,783,111,0.7880335692835692
Tox21,0.1,2,23,val,False,11,783,43,0.8299497171590194
Tox21,0.1,2,23,val,True,0,724,35,0.7182251710553598
Tox21,0.1,2,23,val,True,1,663,28,0.8117547806524185
Tox21,0.1,2,23,val,True,2,644,79,0.8807438109107203
Tox21,0.1,2,23,val,True,3,573,38,0.7477127397934087
Tox21,0.1,2,23,val,True,4,609,91,0.7199287199287199
Tox21,0.1,2,23,val,True,5,686,46,0.7989130434782609
Tox21,0.1,2,23,val,True,6,639,18,0.7168545356951154
Tox21,0.1,2,23,val,True,7,572,91,0.7201571816956432
Tox21,0.1,2,23,val,True,8,699,28,0.7818820523738557
Tox21,0.1,2,23,val,True,9,643,35,0.6489191729323308
Tox21,0.1,2,23,val,True,10,564,111,0.8162400811407433
Tox21,0.1,2,23,val,True,11,665,43,0.8439018918716817
Tox21,0.1,2,23,test,False,0,784,18,0.7373078038874383
Tox21,0.1,2,23,test,False,1,784,18,0.7806788511749347
Tox21,0.1,2,23,test,False,2,784,76,0.8353218852215284
Tox21,0.1,2,23,test,False,3,784,30,0.6518567639257294
Tox21,0.1,2,23,test,False,4,784,88,0.7124477533960292
Tox21,0.1,2,23,test,False,5,784,39,0.8452589915677163
Tox21,0.1,2,23,test,False,6,784,30,0.7417329796640141
Tox21,0.1,2,23,test,False,7,784,99,0.6916463909164638
Tox21,0.1,2,23,test,False,8,784,36,0.7623663101604279
Tox21,0.1,2,23,test,False,9,784,40,0.6641465053763441
Tox21,0.1,2,23,test,False,10,784,103,0.7807621573072152
Tox21,0.1,2,23,test,False,11,784,48,0.7668704710144928
Tox21,0.1,2,23,test,True,0,736,18,0.7413339523367379
Tox21,0.1,2,23,test,True,1,670,18,0.7833162917518746
Tox21,0.1,2,23,test,True,2,668,76,0.848550853485064
Tox21,0.1,2,23,test,True,3,564,30,0.7018102372034956
Tox21,0.1,2,23,test,True,4,620,88,0.724025974025974
Tox21,0.1,2,23,test,True,5,701,39,0.8531644589046402
Tox21,0.1,2,23,test,True,6,646,30,0.7600108225108225
Tox21,0.1,2,23,test,True,7,569,99,0.7161831076724694
Tox21,0.1,2,23,test,True,8,710,36,0.7659083415759973
Tox21,0.1,2,23,test,True,9,649,40,0.6740968801313629
Tox21,0.1,2,23,test,True,10,601,103,0.8053963426521621
Tox21,0.1,2,23,test,True,11,681,48,0.7764283833596629
Tox21,0.1,2,24,val,False,0,783,35,0.7159663865546219
Tox21,0.1,2,24,val,False,1,783,28,0.8082308420056765
Tox21,0.1,2,24,val,False,2,783,79,0.8582062715765247
Tox21,0.1,2,24,val,False,3,783,38,0.7043447545037089
Tox21,0.1,2,24,val,False,4,783,91,0.7159054818014355
Tox21,0.1,2,24,val,False,5,783,46,0.7904843372072444
Tox21,0.1,2,24,val,False,6,783,18,0.6934640522875817
Tox21,0.1,2,24,val,False,7,783,91,0.6803499968239852
Tox21,0.1,2,24,val,False,8,783,28,0.7824976348155157
Tox21,0.1,2,24,val,False,9,783,35,0.6381588999236059
Tox21,0.1,2,24,val,False,10,783,111,0.7889049764049764
Tox21,0.1,2,24,val,False,11,783,43,0.8312382149591452
Tox21,0.1,2,24,val,True,0,724,35,0.7186813186813187
Tox21,0.1,2,24,val,True,1,663,28,0.8112485939257593
Tox21,0.1,2,24,val,True,2,644,79,0.8807662148538142
Tox21,0.1,2,24,val,True,3,573,38,0.748647319232661
Tox21,0.1,2,24,val,True,4,609,91,0.7222410793839364
Tox21,0.1,2,24,val,True,5,686,46,0.8000679347826087
Tox21,0.1,2,24,val,True,6,639,18,0.7180175344426551
Tox21,0.1,2,24,val,True,7,572,91,0.7212081058234905
Tox21,0.1,2,24,val,True,8,699,28,0.7829465616350862
Tox21,0.1,2,24,val,True,9,643,35,0.6527725563909773
Tox21,0.1,2,24,val,True,10,564,111,0.8176918640494799
Tox21,0.1,2,24,val,True,11,665,43,0.8452104987661706
Tox21,0.1,2,24,test,False,0,784,18,0.7417319408181028
Tox21,0.1,2,24,test,False,1,784,18,0.77763272410792
Tox21,0.1,2,24,test,False,2,784,76,0.8370688373476064
Tox21,0.1,2,24,test,False,3,784,30,0.6533598585322724
Tox21,0.1,2,24,test,False,4,784,88,0.7147661964472308
Tox21,0.1,2,24,test,False,5,784,39,0.848631905007744
Tox21,0.1,2,24,test,False,6,784,30,0.7429266136162688
Tox21,0.1,2,24,test,False,7,784,99,0.6931652289316523
Tox21,0.1,2,24,test,False,8,784,36,0.764743018419489
Tox21,0.1,2,24,test,False,9,784,40,0.6684811827956989
Tox21,0.1,2,24,test,False,10,784,103,0.7832998303465777
Tox21,0.1,2,24,test,False,11,784,48,0.7670686141304348
Tox21,0.1,2,24,test,True,0,736,18,0.745666976168369
Tox21,0.1,2,24,test,True,1,670,18,0.7809304703476483
Tox21,0.1,2,24,test,True,2,668,76,0.8502844950213371
Tox21,0.1,2,24,test,True,3,564,30,0.7032459425717853
Tox21,0.1,2,24,test,True,4,620,88,0.7260979152426521
Tox21,0.1,2,24,test,True,5,701,39,0.856534200945077
Tox21,0.1,2,24,test,True,6,646,30,0.7604978354978356
Tox21,0.1,2,24,test,True,7,569,99,0.7180743606275523
Tox21,0.1,2,24,test,True,8,710,36,0.7682162875041213
Tox21,0.1,2,24,test,True,9,649,40,0.6783251231527093
Tox21,0.1,2,24,test,True,10,601,103,0.8077163021016103
Tox21,0.1,2,24,test,True,11,681,48,0.7767245918904687
Tox21,0.1,2,25,val,False,0,783,35,0.7183155080213902
Tox21,0.1,2,25,val,False,1,783,28,0.808561967833491
Tox21,0.1,2,25,val,False,2,783,79,0.857756760644419
Tox21,0.1,2,25,val,False,3,783,38,0.7073825503355705
Tox21,0.1,2,25,val,False,4,783,91,0.7182239725592328
Tox21,0.1,2,25,val,False,5,783,46,0.7904253436375436
Tox21,0.1,2,25,val,False,6,783,18,0.6986201888162672
Tox21,0.1,2,25,val,False,7,783,91,0.680254716381884
Tox21,0.1,2,25,val,False,8,783,28,0.7822847682119205
Tox21,0.1,2,25,val,False,9,783,35,0.6401451489686784
Tox21,0.1,2,25,val,False,10,783,111,0.7890256327756329
Tox21,0.1,2,25,val,False,11,783,43,0.83073538654934
Tox21,0.1,2,25,val,True,0,724,35,0.7209413228281152
Tox21,0.1,2,25,val,True,1,663,28,0.811586051743532
Tox21,0.1,2,25,val,True,2,644,79,0.8803853478212166
Tox21,0.1,2,25,val,True,3,573,38,0.7510083620265616
Tox21,0.1,2,25,val,True,4,609,91,0.7243625100767958
Tox21,0.1,2,25,val,True,5,686,46,0.7998301630434781
Tox21,0.1,2,25,val,True,6,639,18,0.7234746824118805
Tox21,0.1,2,25,val,True,7,572,91,0.721390875237029
Tox21,0.1,2,25,val,True,8,699,28,0.7826005961251863
Tox21,0.1,2,25,val,True,9,643,35,0.6544172932330827
Tox21,0.1,2,25,val,True,10,564,111,0.8181095002287055
Tox21,0.1,2,25,val,True,11,665,43,0.8446122784715471
Tox21,0.1,2,25,test,False,0,784,18,0.7475340876124167
Tox21,0.1,2,25,test,False,1,784,18,0.774659123875834
Tox21,0.1,2,25,test,False,2,784,76,0.8389644662503717
Tox21,0.1,2,25,test,False,3,784,30,0.6541114058355437
Tox21,0.1,2,25,test,False,4,784,88,0.7180479362591431
Tox21,0.1,2,25,test,False,5,784,39,0.84945792462571
Tox21,0.1,2,25,test,False,6,784,30,0.7442528735632183
Tox21,0.1,2,25,test,False,7,784,99,0.6939172749391729
Tox21,0.1,2,25,test,False,8,784,36,0.7646316102198455
Tox21,0.1,2,25,test,False,9,784,40,0.6719086021505377
Tox21,0.1,2,25,test,False,10,784,103,0.785081904110175
Tox21,0.1,2,25,test,False,11,784,48,0.7672384510869565
Tox21,0.1,2,25,test,True,0,736,18,0.7515475085112968
Tox21,0.1,2,25,test,True,1,670,18,0.7778629856850716
Tox21,0.1,2,25,test,True,2,668,76,0.8522848506401138
Tox21,0.1,2,25,test,True,3,564,30,0.7042446941323346
Tox21,0.1,2,25,test,True,4,620,88,0.7295796308954203
Tox21,0.1,2,25,test,True,5,701,39,0.8572701216205747
Tox21,0.1,2,25,test,True,6,646,30,0.7622294372294373
Tox21,0.1,2,25,test,True,7,569,99,0.7186116483988825
Tox21,0.1,2,25,test,True,8,710,36,0.7683811407847015
Tox21,0.1,2,25,test,True,9,649,40,0.6814860426929393
Tox21,0.1,2,25,test,True,10,601,103,0.8094124069091901
Tox21,0.1,2,25,test,True,11,681,48,0.7769220642443392
Tox21,0.1,2,26,val,False,0,783,35,0.7218105423987777
Tox21,0.1,2,26,val,False,1,783,28,0.811352885525071
Tox21,0.1,2,26,val,False,2,783,79,0.8578286823935558
Tox21,0.1,2,26,val,False,3,783,38,0.711515365595196
Tox21,0.1,2,26,val,False,4,783,91,0.7200501810328399
Tox21,0.1,2,26,val,False,5,783,46,0.7913692407527579
Tox21,0.1,2,26,val,False,6,783,18,0.7005083514887436
Tox21,0.1,2,26,val,False,7,783,91,0.6806834783713397
Tox21,0.1,2,26,val,False,8,783,28,0.7838694418164618
Tox21,0.1,2,26,val,False,9,783,35,0.6409854851031321
Tox21,0.1,2,26,val,False,10,783,111,0.7899238524238524
Tox21,0.1,2,26,val,False,11,783,43,0.8313953488372093
Tox21,0.1,2,26,val,True,0,724,35,0.7244868339207962
Tox21,0.1,2,26,val,True,1,663,28,0.8143419572553431
Tox21,0.1,2,26,val,True,2,644,79,0.8802509241626526
Tox21,0.1,2,26,val,True,3,573,38,0.754746679783571
Tox21,0.1,2,26,val,True,4,609,91,0.7259323687895116
Tox21,0.1,2,26,val,True,5,686,46,0.8003396739130436
Tox21,0.1,2,26,val,True,6,639,18,0.7254428341384863
Tox21,0.1,2,26,val,True,7,572,91,0.7218934911242604
Tox21,0.1,2,26,val,True,8,699,28,0.7837449435810092
Tox21,0.1,2,26,val,True,9,643,35,0.6546522556390977
Tox21,0.1,2,26,val,True,10,564,111,0.819541395700336
Tox21,0.1,2,26,val,True,11,665,43,0.8450983324609288
Tox21,0.1,2,26,test,False,0,784,18,0.7535538149115173
Tox21,0.1,2,26,test,False,1,784,18,0.7702349869451697
Tox21,0.1,2,26,test,False,2,784,76,0.8405999107939339
Tox21,0.1,2,26,test,False,3,784,30,0.65552608311229
Tox21,0.1,2,26,test,False,4,784,88,0.719435736677116
Tox21,0.1,2,26,test,False,5,784,39,0.8500774393391842
Tox21,0.1,2,26,test,False,6,784,30,0.7438992042440318
Tox21,0.1,2,26,test,False,7,784,99,0.6948315269483153
Tox21,0.1,2,26,test,False,8,784,36,0.7672682709447415
Tox21,0.1,2,26,test,False,9,784,40,0.6774193548387096
Tox21,0.1,2,26,test,False,10,784,103,0.7876053205594287
Tox21,0.1,2,26,test,False,11,784,48,0.7660495923913043
Tox21,0.1,2,26,test,True,0,736,18,0.7573506654286598
Tox21,0.1,2,26,test,True,1,670,18,0.7731765507839128
Tox21,0.1,2,26,test,True,2,668,76,0.8540851706970128
Tox21,0.1,2,26,test,True,3,564,30,0.7030586766541822
Tox21,0.1,2,26,test,True,4,620,88,0.7306476418318523
Tox21,0.1,2,26,test,True,5,701,39,0.8579285769618096
Tox21,0.1,2,26,test,True,6,646,30,0.7613636363636365
Tox21,0.1,2,26,test,True,7,569,99,0.7199656135826349
Tox21,0.1,2,26,test,True,8,710,36,0.7705242334322453
Tox21,0.1,2,26,test,True,9,649,40,0.6868226600985221
Tox21,0.1,2,26,test,True,10,601,103,0.811810348188872
Tox21,0.1,2,26,test,True,11,681,48,0.7755726698262243
Tox21,0.1,2,27,val,False,0,783,35,0.7245225362872422
Tox21,0.1,2,27,val,False,1,783,28,0.8140018921475876
Tox21,0.1,2,27,val,False,2,783,79,0.8573971518987341
Tox21,0.1,2,27,val,False,3,783,38,0.7143412221829742
Tox21,0.1,2,27,val,False,4,783,91,0.72157466810646
Tox21,0.1,2,27,val,False,5,783,46,0.7917969441330895
Tox21,0.1,2,27,val,False,6,783,18,0.7009440813362382
Tox21,0.1,2,27,val,False,7,783,91,0.6816680429397193
Tox21,0.1,2,27,val,False,8,783,28,0.786140018921476
Tox21,0.1,2,27,val,False,9,783,35,0.6432773109243697
Tox21,0.1,2,27,val,False,10,783,111,0.7904064779064779
Tox21,0.1,2,27,val,False,11,783,43,0.8308925204274041
Tox21,0.1,2,27,val,True,0,724,35,0.7271822517105535
Tox21,0.1,2,27,val,True,1,663,28,0.817097862767154
Tox21,0.1,2,27,val,True,2,644,79,0.8800492886748068
Tox21,0.1,2,27,val,True,3,573,38,0.7564682734874569
Tox21,0.1,2,27,val,True,4,609,91,0.7275446561160847
Tox21,0.1,2,27,val,True,5,686,46,0.8007642663043478
Tox21,0.1,2,27,val,True,6,639,18,0.7257112184648417
Tox21,0.1,2,27,val,True,7,572,91,0.7228758767220305
Tox21,0.1,2,27,val,True,8,699,28,0.7859804130295934
Tox21,0.1,2,27,val,True,9,643,35,0.6569078947368421
Tox21,0.1,2,27,val,True,10,564,111,0.8202971183103633
Tox21,0.1,2,27,val,True,11,665,43,0.8443879458610634
Tox21,0.1,2,27,test,False,0,784,18,0.7587757470263998
Tox21,0.1,2,27,test,False,1,784,18,0.7691470844212358
Tox21,0.1,2,27,test,False,2,784,76,0.8425698780850431
Tox21,0.1,2,27,test,False,3,784,30,0.6563218390804598
Tox21,0.1,2,27,test,False,4,784,88,0.7231093260188088
Tox21,0.1,2,27,test,False,5,784,39,0.8511787988298055
Tox21,0.1,2,27,test,False,6,784,30,0.745313881520778
Tox21,0.1,2,27,test,False,7,784,99,0.6965125709651256
Tox21,0.1,2,27,test,False,8,784,36,0.7691993464052288
Tox21,0.1,2,27,test,False,9,784,40,0.6814852150537634
Tox21,0.1,2,27,test,False,10,784,103,0.789501447043896
Tox21,0.1,2,27,test,False,11,784,48,0.7647758152173914
Tox21,0.1,2,27,test,True,0,736,18,0.7625348189415042
Tox21,0.1,2,27,test,True,1,670,18,0.7732617586912065
Tox21,0.1,2,27,test,True,2,668,76,0.8560855263157895
Tox21,0.1,2,27,test,True,3,564,30,0.7025593008739076
Tox21,0.1,2,27,test,True,4,620,88,0.7343643198906356
Tox21,0.1,2,27,test,True,5,701,39,0.8591680223100162
Tox21,0.1,2,27,test,True,6,646,30,0.7622294372294373
Tox21,0.1,2,27,test,True,7,569,99,0.721491510853213
Tox21,0.1,2,27,test,True,8,710,36,0.7725436861193538
Tox21,0.1,2,27,test,True,9,649,40,0.6910919540229885
Tox21,0.1,2,27,test,True,10,601,103,0.8137014075720358
Tox21,0.1,2,27,test,True,11,681,48,0.7743220115850448
Tox21,0.1,2,28,val,False,0,783,35,0.7278456837280366
Tox21,0.1,2,28,val,False,1,783,28,0.8158467360454116
Tox21,0.1,2,28,val,False,2,783,79,0.8570015822784811
Tox21,0.1,2,28,val,False,3,783,38,0.7164959378311551
Tox21,0.1,2,28,val,False,4,783,91,0.7216381884011942
Tox21,0.1,2,28,val,False,5,783,46,0.7886260397616661
Tox21,0.1,2,28,val,False,6,783,18,0.70079883805374
Tox21,0.1,2,28,val,False,7,783,91,0.6825732071396811
Tox21,0.1,2,28,val,False,8,783,28,0.7879848628192999
Tox21,0.1,2,28,val,False,9,783,35,0.6436210847975553
Tox21,0.1,2,28,val,False,10,783,111,0.7905941655941656
Tox21,0.1,2,28,val,False,11,783,43,0.8304525455688246
Tox21,0.1,2,28,val,True,0,724,35,0.7304167530582626
Tox21,0.1,2,28,val,True,1,663,28,0.8192913385826771
Tox21,0.1,2,28,val,True,2,644,79,0.8795339979836451
Tox21,0.1,2,28,val,True,3,573,38,0.7581406787998033
Tox21,0.1,2,28,val,True,4,609,91,0.7281174424031567
Tox21,0.1,2,28,val,True,5,686,46,0.7973845108695653
Tox21,0.1,2,28,val,True,6,639,18,0.7258901413490786
Tox21,0.1,2,28,val,True,7,572,91,0.7234470311393388
Tox21,0.1,2,28,val,True,8,699,28,0.7876304023845008
Tox21,0.1,2,28,val,True,9,643,35,0.6567199248120301
Tox21,0.1,2,28,val,True,10,564,111,0.820714754489589
Tox21,0.1,2,28,val,True,11,665,43,0.8438271143348538
Tox21,0.1,2,28,test,False,0,784,18,0.7636350449666376
Tox21,0.1,2,28,test,False,1,784,18,0.7659559036843633
Tox21,0.1,2,28,test,False,2,784,76,0.8437592922985431
Tox21,0.1,2,28,test,False,3,784,30,0.6561007957559681
Tox21,0.1,2,28,test,False,4,784,88,0.7240726227795193
Tox21,0.1,2,28,test,False,5,784,39,0.8515229736706247
Tox21,0.1,2,28,test,False,6,784,30,0.7438549955791335
Tox21,0.1,2,28,test,False,7,784,99,0.6978986949789869
Tox21,0.1,2,28,test,False,8,784,36,0.7706105169340464
Tox21,0.1,2,28,test,False,9,784,40,0.6867775537634409
Tox21,0.1,2,28,test,False,10,784,103,0.7914403432986898
Tox21,0.1,2,28,test,False,11,784,48,0.7634454257246377
Tox21,0.1,2,28,test,True,0,736,18,0.7675642216032189
Tox21,0.1,2,28,test,True,1,670,18,0.7703646898432175
Tox21,0.1,2,28,test,True,2,668,76,0.8576858108108109
Tox21,0.1,2,28,test,True,3,564,30,0.700936329588015
Tox21,0.1,2,28,test,True,4,620,88,0.735111927546138
Tox21,0.1,2,28,test,True,5,701,39,0.859903942985514
Tox21,0.1,2,28,test,True,6,646,30,0.7601731601731601
Tox21,0.1,2,28,test,True,7,569,99,0.7233827638082958
Tox21,0.1,2,28,test,True,8,710,36,0.7739449390042862
Tox21,0.1,2,28,test,True,9,649,40,0.6966133004926108
Tox21,0.1,2,28,test,True,10,601,103,0.8154559987522907
Tox21,0.1,2,28,test,True,11,681,48,0.7728409689310163
Tox21,0.1,2,29,val,False,0,783,35,0.7305958747135218
Tox21,0.1,2,29,val,False,1,783,28,0.8164143803216649
Tox21,0.1,2,29,val,False,2,783,79,0.8568397583429229
Tox21,0.1,2,29,val,False,3,783,38,0.7181208053691275
Tox21,0.1,2,29,val,False,4,783,91,0.7213126468906815
Tox21,0.1,2,29,val,False,5,783,46,0.787711639431302
Tox21,0.1,2,29,val,False,6,783,18,0.6994916485112563
Tox21,0.1,2,29,val,False,7,783,91,0.6827161278028331
Tox21,0.1,2,29,val,False,8,783,28,0.7891674550614949
Tox21,0.1,2,29,val,False,9,783,35,0.6467723453017571
Tox21,0.1,2,29,val,False,10,783,111,0.790822072072072
Tox21,0.1,2,29,val,False,11,783,43,0.8305939660590823
Tox21,0.1,2,29,val,True,0,724,35,0.7335268505079826
Tox21,0.1,2,29,val,True,1,663,28,0.8198537682789651
Tox21,0.1,2,29,val,True,2,644,79,0.8794219782681753
Tox21,0.1,2,29,val,True,3,573,38,0.7592228234136744
Tox21,0.1,2,29,val,True,4,609,91,0.7277886206457634
Tox21,0.1,2,29,val,True,5,686,46,0.7964334239130436
Tox21,0.1,2,29,val,True,6,639,18,0.7246376811594203
Tox21,0.1,2,29,val,True,7,572,91,0.7230586461355692
Tox21,0.1,2,29,val,True,8,699,28,0.7886949116457314
Tox21,0.1,2,29,val,True,9,643,35,0.659562969924812
Tox21,0.1,2,29,val,True,10,564,111,0.8212716027285565
Tox21,0.1,2,29,val,True,11,665,43,0.8437710311822328
Tox21,0.1,2,29,test,False,0,784,18,0.7641427328111402
Tox21,0.1,2,29,test,False,1,784,18,0.7616768204235567
Tox21,0.1,2,29,test,False,2,784,76,0.8451159678858162
Tox21,0.1,2,29,test,False,3,784,30,0.6584438549955791
Tox21,0.1,2,29,test,False,4,784,88,0.7242522204806686
Tox21,0.1,2,29,test,False,5,784,39,0.8520392359318534
Tox21,0.1,2,29,test,False,6,784,30,0.7433244916003537
Tox21,0.1,2,29,test,False,7,784,99,0.6982378529823785
Tox21,0.1,2,29,test,False,8,784,36,0.7722445038621509
Tox21,0.1,2,29,test,False,9,784,40,0.6911290322580645
Tox21,0.1,2,29,test,False,10,784,103,0.7934647790941363
Tox21,0.1,2,29,test,False,11,784,48,0.7628793025362318
Tox21,0.1,2,29,test,True,0,736,18,0.7683379758588673
Tox21,0.1,2,29,test,True,1,670,18,0.7658486707566462
Tox21,0.1,2,29,test,True,2,668,76,0.8591082859174964
Tox21,0.1,2,29,test,True,3,564,30,0.7029338327091136
Tox21,0.1,2,29,test,True,4,620,88,0.7353255297334246
Tox21,0.1,2,29,test,True,5,701,39,0.8605623983267487
Tox21,0.1,2,29,test,True,6,646,30,0.7596320346320347
Tox21,0.1,2,29,test,True,7,569,99,0.7241564581990114
Tox21,0.1,2,29,test,True,8,710,36,0.7754286185295087
Tox21,0.1,2,29,test,True,9,649,40,0.7005747126436782
Tox21,0.1,2,29,test,True,10,601,103,0.8176394899988302
Tox21,0.1,2,29,test,True,11,681,48,0.7721827277514481
Tox21,0.1,2,30,val,False,0,783,35,0.7349885408708938
Tox21,0.1,2,30,val,False,1,783,28,0.8180227057710502
Tox21,0.1,2,30,val,False,2,783,79,0.8563722669735327
Tox21,0.1,2,30,val,False,3,783,38,0.721935711762628
Tox21,0.1,2,30,val,False,4,783,91,0.7216223083275107
Tox21,0.1,2,30,val,False,5,783,46,0.7861188130493776
Tox21,0.1,2,30,val,False,6,783,18,0.6991285403050109
Tox21,0.1,2,30,val,False,7,783,91,0.6835101314870101
Tox21,0.1,2,30,val,False,8,783,28,0.7896404919583727
Tox21,0.1,2,30,val,False,9,783,35,0.648472116119175
Tox21,0.1,2,30,val,False,10,783,111,0.7915862290862291
Tox21,0.1,2,30,val,False,11,783,43,0.829698302954117
Tox21,0.1,2,30,val,True,0,724,35,0.7377565830396018
Tox21,0.1,2,30,val,True,1,663,28,0.8213160854893138
Tox21,0.1,2,30,val,True,2,644,79,0.8789738994062956
Tox21,0.1,2,30,val,True,3,573,38,0.7630103295622234
Tox21,0.1,2,30,val,True,4,609,91,0.7282022996308711
Tox21,0.1,2,30,val,True,5,686,46,0.794429347826087
Tox21,0.1,2,30,val,True,6,639,18,0.7242798353909465
Tox21,0.1,2,30,val,True,7,572,91,0.7239953393799546
Tox21,0.1,2,30,val,True,8,699,28,0.7892271662763466
Tox21,0.1,2,30,val,True,9,643,35,0.6605263157894736
Tox21,0.1,2,30,val,True,10,564,111,0.8220671002127955
Tox21,0.1,2,30,val,True,11,665,43,0.8427428400508488
Tox21,0.1,2,30,test,False,0,784,18,0.7622570351029881
Tox21,0.1,2,30,test,False,1,784,18,0.758558166521613
Tox21,0.1,2,30,test,False,2,784,76,0.8460823669342848
Tox21,0.1,2,30,test,False,3,784,30,0.6614942528735632
Tox21,0.1,2,30,test,False,4,784,88,0.7259665621734588
Tox21,0.1,2,30,test,False,5,784,39,0.8522285320943039
Tox21,0.1,2,30,test,False,6,784,30,0.7429266136162689
Tox21,0.1,2,30,test,False,7,784,99,0.6992848189928482
Tox21,0.1,2,30,test,False,8,784,36,0.7743612596553773
Tox21,0.1,2,30,test,False,9,784,40,0.6956149193548387
Tox21,0.1,2,30,test,False,10,784,103,0.7953894187588212
Tox21,0.1,2,30,test,False,11,784,48,0.7624547101449275
Tox21,0.1,2,30,test,True,0,736,18,0.7661714639430517
Tox21,0.1,2,30,test,True,1,670,18,0.763036809815951
Tox21,0.1,2,30,test,True,2,668,76,0.8600195590327169
Tox21,0.1,2,30,test,True,3,564,30,0.7053682896379525
Tox21,0.1,2,30,test,True,4,620,88,0.7365857826384142
Tox21,0.1,2,30,test,True,5,701,39,0.8605817646603144
Tox21,0.1,2,30,test,True,6,646,30,0.759090909090909
Tox21,0.1,2,30,test,True,7,569,99,0.7256393724478831
Tox21,0.1,2,30,test,True,8,710,36,0.7775304978569073
Tox21,0.1,2,30,test,True,9,649,40,0.7049055829228242
Tox21,0.1,2,30,test,True,10,601,103,0.81933559480641
Tox21,0.1,2,30,test,True,11,681,48,0.7719194312796209
Tox21,0.1,2,31,val,False,0,783,35,0.7389228418640184
Tox21,0.1,2,31,val,False,1,783,28,0.8209555345316935
Tox21,0.1,2,31,val,False,2,783,79,0.8557069907940161
Tox21,0.1,2,31,val,False,3,783,38,0.7241963970328505
Tox21,0.1,2,31,val,False,4,783,91,0.720121641364416
Tox21,0.1,2,31,val,False,5,783,46,0.7862662969736298
Tox21,0.1,2,31,val,False,6,783,18,0.7005083514887437
Tox21,0.1,2,31,val,False,7,783,91,0.6843358953185542
Tox21,0.1,2,31,val,False,8,783,28,0.7893803216650899
Tox21,0.1,2,31,val,False,9,783,35,0.6523682200152788
Tox21,0.1,2,31,val,False,10,783,111,0.7924107142857143
Tox21,0.1,2,31,val,False,11,783,43,0.8278755499685733
Tox21,0.1,2,31,val,True,0,724,35,0.7416131038772548
Tox21,0.1,2,31,val,True,1,663,28,0.8242969628796399
Tox21,0.1,2,31,val,True,2,644,79,0.8781001456256301
Tox21,0.1,2,31,val,True,3,573,38,0.7649286768322675
Tox21,0.1,2,31,val,True,4,609,91,0.7267491196062625
Tox21,0.1,2,31,val,True,5,686,46,0.7944633152173913
Tox21,0.1,2,31,val,True,6,639,18,0.7253533726963679
Tox21,0.1,2,31,val,True,7,572,91,0.7246121861506478
Tox21,0.1,2,31,val,True,8,699,28,0.7890408771556313
Tox21,0.1,2,31,val,True,9,643,35,0.6636278195488722
Tox21,0.1,2,31,val,True,10,564,111,0.8229520911640118
Tox21,0.1,2,31,val,True,11,665,43,0.8406864577880806
Tox21,0.1,2,31,test,False,0,784,18,0.7629097766173484
Tox21,0.1,2,31,test,False,1,784,18,0.7580504786771105
Tox21,0.1,2,31,test,False,2,784,76,0.8471602735652691
Tox21,0.1,2,31,test,False,3,784,30,0.663395225464191
Tox21,0.1,2,31,test,False,4,784,88,0.726864550679206
Tox21,0.1,2,31,test,False,5,784,39,0.8531750129065565
Tox21,0.1,2,31,test,False,6,784,30,0.7421750663129973
Tox21,0.1,2,31,test,False,7,784,99,0.6998156749981568
Tox21,0.1,2,31,test,False,8,784,36,0.7758838383838385
Tox21,0.1,2,31,test,False,9,784,40,0.7004704301075269
Tox21,0.1,2,31,test,False,10,784,103,0.7968008211795903
Tox21,0.1,2,31,test,False,11,784,48,0.7608695652173912
Tox21,0.1,2,31,test,True,0,736,18,0.7671773444753947
Tox21,0.1,2,31,test,True,1,670,18,0.7626959781867757
Tox21,0.1,2,31,test,True,2,668,76,0.8609975106685632
Tox21,0.1,2,31,test,True,3,564,30,0.7069912609238452
Tox21,0.1,2,31,test,True,4,620,88,0.7367353041695147
Tox21,0.1,2,31,test,True,5,701,39,0.8612983190022466
Tox21,0.1,2,31,test,True,6,646,30,0.758008658008658
Tox21,0.1,2,31,test,True,7,569,99,0.7265635074145712
Tox21,0.1,2,31,test,True,8,710,36,0.7786432575008243
Tox21,0.1,2,31,test,True,9,649,40,0.7097701149425287
Tox21,0.1,2,31,test,True,10,601,103,0.8208952314110812
Tox21,0.1,2,31,test,True,11,681,48,0.7704383886255924
Tox21,0.1,2,32,val,False,0,783,35,0.7406799083269672
Tox21,0.1,2,32,val,False,1,783,28,0.8232261116367078
Tox21,0.1,2,32,val,False,2,783,79,0.854628164556962
Tox21,0.1,2,32,val,False,3,783,38,0.7269162839985871
Tox21,0.1,2,32,val,False,4,783,91,0.719081496538144
Tox21,0.1,2,32,val,False,5,783,46,0.7854846321750929
Tox21,0.1,2,32,val,False,6,783,18,0.7016702977487291
Tox21,0.1,2,32,val,False,7,783,91,0.6845740964238074
Tox21,0.1,2,32,val,False,8,783,28,0.7892620624408703
Tox21,0.1,2,32,val,False,9,783,35,0.6554621848739497
Tox21,0.1,2,32,val,False,10,783,111,0.7931882775632775
Tox21,0.1,2,32,val,False,11,783,43,0.8278126964173476
Tox21,0.1,2,32,val,True,0,724,35,0.7431059506531206
Tox21,0.1,2,32,val,True,1,663,28,0.8264904386951631
Tox21,0.1,2,32,val,True,2,644,79,0.8768903326985549
Tox21,0.1,2,32,val,True,3,573,38,0.767683226758485
Tox21,0.1,2,32,val,True,4,609,91,0.7255292969578684
Tox21,0.1,2,32,val,True,5,686,46,0.7934273097826088
Tox21,0.1,2,32,val,True,6,639,18,0.7265163714439077
Tox21,0.1,2,32,val,True,7,572,91,0.7247949555641864
Tox21,0.1,2,32,val,True,8,699,28,0.7887481371087929
Tox21,0.1,2,32,val,True,9,643,35,0.6667763157894737
Tox21,0.1,2,32,val,True,10,564,111,0.82377741980391
Tox21,0.1,2,32,val,True,11,665,43,0.8407986240933224
Tox21,0.1,2,32,test,False,0,784,18,0.7638526254714244
Tox21,0.1,2,32,test,False,1,784,18,0.7550768784450247
Tox21,0.1,2,32,test,False,2,784,76,0.8487399643175736
Tox21,0.1,2,32,test,False,3,784,30,0.6648983200707339
Tox21,0.1,2,32,test,False,4,784,88,0.7279747910135842
Tox21,0.1,2,32,test,False,5,784,39,0.8527620030975736
Tox21,0.1,2,32,test,False,6,784,30,0.742130857648099
Tox21,0.1,2,32,test,False,7,784,99,0.7005529750055298
Tox21,0.1,2,32,test,False,8,784,36,0.777926322043969
Tox21,0.1,2,32,test,False,9,784,40,0.7047379032258065
Tox21,0.1,2,32,test,False,10,784,103,0.7985258685827523
Tox21,0.1,2,32,test,False,11,784,48,0.7602043704710144
Tox21,0.1,2,32,test,True,0,736,18,0.7680284741566079
Tox21,0.1,2,32,test,True,1,670,18,0.7597989093387867
Tox21,0.1,2,32,test,True,2,668,76,0.8625311166429588
Tox21,0.1,2,32,test,True,3,564,30,0.7080524344569289
Tox21,0.1,2,32,test,True,4,620,88,0.7381237183868762
Tox21,0.1,2,32,test,True,5,701,39,0.8608722596638005
Tox21,0.1,2,32,test,True,6,646,30,0.7575757575757577
Tox21,0.1,2,32,test,True,7,569,99,0.7277670320223512
Tox21,0.1,2,32,test,True,8,710,36,0.7802917903066271
Tox21,0.1,2,32,test,True,9,649,40,0.7142036124794746
Tox21,0.1,2,32,test,True,10,601,103,0.8223963816430772
Tox21,0.1,2,32,test,True,11,681,48,0.7697307793575566
Tox21,0.1,2,33,val,False,0,783,35,0.7413292589763179
Tox21,0.1,2,33,val,False,1,783,28,0.8254966887417219
Tox21,0.1,2,33,val,False,2,783,79,0.8546641254315304
Tox21,0.1,2,33,val,False,3,783,38,0.729706817379018
Tox21,0.1,2,33,val,False,4,783,91,0.7183986533697516
Tox21,0.1,2,33,val,False,5,783,46,0.78561736770692
Tox21,0.1,2,33,val,False,6,783,18,0.7034132171387073
Tox21,0.1,2,33,val,False,7,783,91,0.6851616591500984
Tox21,0.1,2,33,val,False,8,783,28,0.7885525070955534
Tox21,0.1,2,33,val,False,9,783,35,0.6568754774637128
Tox21,0.1,2,33,val,False,10,783,111,0.7935569498069498
Tox21,0.1,2,33,val,False,11,783,43,0.8276241357636707
Tox21,0.1,2,33,val,True,0,724,35,0.7438523740410533
Tox21,0.1,2,33,val,True,1,663,28,0.8288526434195725
Tox21,0.1,2,33,val,True,2,644,79,0.8768231208692729
Tox21,0.1,2,33,val,True,3,573,38,0.7702902115100837
Tox21,0.1,2,33,val,True,4,609,91,0.7250625822054394
Tox21,0.1,2,33,val,True,5,686,46,0.7935801630434782
Tox21,0.1,2,33,val,True,6,639,18,0.7282161388441581
Tox21,0.1,2,33,val,True,7,572,91,0.7256174179251101
Tox21,0.1,2,33,val,True,8,699,28,0.7877368533106238
Tox21,0.1,2,33,val,True,9,643,35,0.6677631578947368
Tox21,0.1,2,33,val,True,10,564,111,0.8244535926655132
Tox21,0.1,2,33,val,True,11,665,43,0.8406116802512525
Tox21,0.1,2,33,test,False,0,784,18,0.7658108500145053
Tox21,0.1,2,33,test,False,1,784,18,0.7506527415143603
Tox21,0.1,2,33,test,False,2,784,76,0.8493532560214094
Tox21,0.1,2,33,test,False,3,784,30,0.6687444739168878
Tox21,0.1,2,33,test,False,4,784,88,0.7273380355276907
Tox21,0.1,2,33,test,False,5,784,39,0.8526587506453279
Tox21,0.1,2,33,test,False,6,784,30,0.7417771883289125
Tox21,0.1,2,33,test,False,7,784,99,0.7011428150114281
Tox21,0.1,2,33,test,False,8,784,36,0.779931669637552
Tox21,0.1,2,33,test,False,9,784,40,0.7097110215053762
Tox21,0.1,2,33,test,False,10,784,103,0.7998945012331952
Tox21,0.1,2,33,test,False,11,784,48,0.7596524003623188
Tox21,0.1,2,33,test,True,0,736,18,0.7701176106468586
Tox21,0.1,2,33,test,True,1,670,18,0.755453306066803
Tox21,0.1,2,33,test,True,2,668,76,0.8631756756756757
Tox21,0.1,2,33,test,True,3,564,30,0.7122347066167292
Tox21,0.1,2,33,test,True,4,620,88,0.7376751537935748
Tox21,0.1,2,33,test,True,5,701,39,0.8604462003253543
Tox21,0.1,2,33,test,True,6,646,30,0.7571969696969697
Tox21,0.1,2,33,test,True,7,569,99,0.7286696754781862
Tox21,0.1,2,33,test,True,8,710,36,0.782599736234751
Tox21,0.1,2,33,test,True,9,649,40,0.7189244663382593
Tox21,0.1,2,33,test,True,10,601,103,0.8236830818419308
Tox21,0.1,2,33,test,True,11,681,48,0.7690560821484993
Tox21,0.1,2,34,val,False,0,783,35,0.7421313980137509
Tox21,0.1,2,34,val,False,1,783,28,0.8280983916745507
Tox21,0.1,2,34,val,False,2,783,79,0.8546641254315306
Tox21,0.1,2,34,val,False,3,783,38,0.7324267043447545
Tox21,0.1,2,34,val,False,4,783,91,0.7175570094645238
Tox21,0.1,2,34,val,False,5,783,46,0.7863252905433307
Tox21,0.1,2,34,val,False,6,783,18,0.704647785039942
Tox21,0.1,2,34,val,False,7,783,91,0.6852728196658834
Tox21,0.1,2,34,val,False,8,783,28,0.7880794701986756
Tox21,0.1,2,34,val,False,9,783,35,0.657563025210084
Tox21,0.1,2,34,val,False,10,783,111,0.7939859502359502
Tox21,0.1,2,34,val,False,11,783,43,0.8278441231929604
Tox21,0.1,2,34,val,True,0,724,35,0.7445987974289862
Tox21,0.1,2,34,val,True,1,663,28,0.8314398200224973
Tox21,0.1,2,34,val,True,2,644,79,0.8765318696090512
Tox21,0.1,2,34,val,True,3,573,38,0.7731431382193802
Tox21,0.1,2,34,val,True,4,609,91,0.7243837243837243
Tox21,0.1,2,34,val,True,5,686,46,0.7942255434782608
Tox21,0.1,2,34,val,True,6,639,18,0.730184290570764
Tox21,0.1,2,34,val,True,7,572,91,0.7258915720454182
Tox21,0.1,2,34,val,True,8,699,28,0.7870449222908239
Tox21,0.1,2,34,val,True,9,643,35,0.6679981203007519
Tox21,0.1,2,34,val,True,10,564,111,0.8251098780900107
Tox21,0.1,2,34,val,True,11,665,43,0.8407238465564945
Tox21,0.1,2,34,test,False,0,784,18,0.7686393965767334
Tox21,0.1,2,34,test,False,1,784,18,0.7478241949521324
Tox21,0.1,2,34,test,False,2,784,76,0.8500780553077609
Tox21,0.1,2,34,test,False,3,784,30,0.6695844385499558
Tox21,0.1,2,34,test,False,4,784,88,0.7271747648902822
Tox21,0.1,2,34,test,False,5,784,39,0.8509034589571501
Tox21,0.1,2,34,test,False,6,784,30,0.741158267020336
Tox21,0.1,2,34,test,False,7,784,99,0.701747401017474
Tox21,0.1,2,34,test,False,8,784,36,0.782754010695187
Tox21,0.1,2,34,test,False,9,784,40,0.713323252688172
Tox21,0.1,2,34,test,False,10,784,103,0.8010920548023324
Tox21,0.1,2,34,test,False,11,784,48,0.7585767663043479
Tox21,0.1,2,34,test,True,0,736,18,0.7729805013927576
Tox21,0.1,2,34,test,True,1,670,18,0.7523006134969326
Tox21,0.1,2,34,test,True,2,668,76,0.8641314011379801
Tox21,0.1,2,34,test,True,3,564,30,0.7131710362047441
Tox21,0.1,2,34,test,True,4,620,88,0.7374188311688311
Tox21,0.1,2,34,test,True,5,701,39,0.8587806956387016
Tox21,0.1,2,34,test,True,6,646,30,0.7570887445887445
Tox21,0.1,2,34,test,True,7,569,99,0.7290780141843971
Tox21,0.1,2,34,test,True,8,710,36,0.785484668644906
Tox21,0.1,2,34,test,True,9,649,40,0.722803776683087
Tox21,0.1,2,34,test,True,10,601,103,0.8244629001442664
Tox21,0.1,2,34,test,True,11,681,48,0.7681016324381252
Tox21,0.1,2,35,val,False,0,783,35,0.7443468296409473
Tox21,0.1,2,35,val,False,1,783,28,0.831031220435194
Tox21,0.1,2,35,val,False,2,783,79,0.8547720080552359
Tox21,0.1,2,35,val,False,3,783,38,0.733910279053338
Tox21,0.1,2,35,val,False,4,783,91,0.7171441275487518
Tox21,0.1,2,35,val,False,5,783,46,0.7865022712524334
Tox21,0.1,2,35,val,False,6,783,18,0.707843137254902
Tox21,0.1,2,35,val,False,7,783,91,0.6861144635711109
Tox21,0.1,2,35,val,False,8,783,28,0.7878429517502366
Tox21,0.1,2,35,val,False,9,783,35,0.659205500381971
Tox21,0.1,2,35,val,False,10,783,111,0.7939993564993565
Tox21,0.1,2,35,val,False,11,783,43,0.8274670018856065
Tox21,0.1,2,35,val,True,0,724,35,0.7469624714907733
Tox21,0.1,2,35,val,True,1,663,28,0.8344206974128234
Tox21,0.1,2,35,val,True,2,644,79,0.8764422538366753
Tox21,0.1,2,35,val,True,3,573,38,0.7755041810132809
Tox21,0.1,2,35,val,True,4,609,91,0.7240442954728669
Tox21,0.1,2,35,val,True,5,686,46,0.7942595108695653
Tox21,0.1,2,35,val,True,6,639,18,0.7331365181606727
Tox21,0.1,2,35,val,True,7,572,91,0.7264170341093419
Tox21,0.1,2,35,val,True,8,699,28,0.7866191185863316
Tox21,0.1,2,35,val,True,9,643,35,0.6696428571428572
Tox21,0.1,2,35,val,True,10,564,111,0.8250104409044806
Tox21,0.1,2,35,val,True,11,665,43,0.8402004037986989
Tox21,0.1,2,35,test,False,0,784,18,0.7680591818973019
Tox21,0.1,2,35,test,False,1,784,18,0.745358282564549
Tox21,0.1,2,35,test,False,2,784,76,0.8512303003270889
Tox21,0.1,2,35,test,False,3,784,30,0.6732095490716182
Tox21,0.1,2,35,test,False,4,784,88,0.7279666274817136
Tox21,0.1,2,35,test,False,5,784,39,0.849870934434693
Tox21,0.1,2,35,test,False,6,784,30,0.7397435897435897
Tox21,0.1,2,35,test,False,7,784,99,0.7023077490230775
Tox21,0.1,2,35,test,False,8,784,36,0.7849079025549612
Tox21,0.1,2,35,test,False,9,784,40,0.7174731182795699
Tox21,0.1,2,35,test,False,10,784,103,0.80181914089788
Tox21,0.1,2,35,test,False,11,784,48,0.758010643115942
Tox21,0.1,2,35,test,True,0,736,18,0.7727483751160631
Tox21,0.1,2,35,test,True,1,670,18,0.7502556237218815
Tox21,0.1,2,35,test,True,2,668,76,0.8651982574679943
Tox21,0.1,2,35,test,True,3,564,30,0.717478152309613
Tox21,0.1,2,35,test,True,4,620,88,0.7377285543403964
Tox21,0.1,2,35,test,True,5,701,39,0.8578123789604153
Tox21,0.1,2,35,test,True,6,646,30,0.7556277056277056
Tox21,0.1,2,35,test,True,7,569,99,0.7298732000859661
Tox21,0.1,2,35,test,True,8,710,36,0.7877101879327398
Tox21,0.1,2,35,test,True,9,649,40,0.7266009852216748
Tox21,0.1,2,35,test,True,10,601,103,0.824891800210551
Tox21,0.1,2,35,test,True,11,681,48,0.7675750394944707
Tox21,0.1,2,36,val,False,0,783,35,0.7448051948051948
Tox21,0.1,2,36,val,False,1,783,28,0.8324976348155156
Tox21,0.1,2,36,val,False,2,783,79,0.8543404775604142
Tox21,0.1,2,36,val,False,3,783,38,0.7366654892264217
Tox21,0.1,2,36,val,False,4,783,91,0.7180969319697643
Tox21,0.1,2,36,val,False,5,783,46,0.7861188130493776
Tox21,0.1,2,36,val,False,6,783,18,0.710239651416122
Tox21,0.1,2,36,val,False,7,783,91,0.6867814266658196
Tox21,0.1,2,36,val,False,8,783,28,0.7884578997161777
Tox21,0.1,2,36,val,False,9,783,35,0.6601604278074866
Tox21,0.1,2,36,val,False,10,783,111,0.7944551694551695
Tox21,0.1,2,36,val,False,11,783,43,0.8262727844123192
Tox21,0.1,2,36,val,True,0,724,35,0.7473356831847399
Tox21,0.1,2,36,val,True,1,663,28,0.8357142857142857
Tox21,0.1,2,36,val,True,2,644,79,0.8759493670886076
Tox21,0.1,2,36,val,True,3,573,38,0.7778160354156418
Tox21,0.1,2,36,val,True,4,609,91,0.7251474394331539
Tox21,0.1,2,36,val,True,5,686,46,0.7938179347826086
Tox21,0.1,2,36,val,True,6,639,18,0.7357308999821076
Tox21,0.1,2,36,val,True,7,572,91,0.7268511114664961
Tox21,0.1,2,36,val,True,8,699,28,0.7872578241430701
Tox21,0.1,2,36,val,True,9,643,35,0.6701597744360902
Tox21,0.1,2,36,val,True,10,564,111,0.8255275142692362
Tox21,0.1,2,36,val,True,11,665,43,0.8390039632094519
Tox21,0.1,2,36,test,False,0,784,18,0.7695822454308094
Tox21,0.1,2,36,test,False,1,784,18,0.7444879605454018
Tox21,0.1,2,36,test,False,2,784,76,0.8521037763901278
Tox21,0.1,2,36,test,False,3,784,30,0.6751547303271441
Tox21,0.1,2,36,test,False,4,784,88,0.7279421368861024
Tox21,0.1,2,36,test,False,5,784,39,0.8474617105489589
Tox21,0.1,2,36,test,False,6,784,30,0.7390362511052166
Tox21,0.1,2,36,test,False,7,784,99,0.7026321610263216
Tox21,0.1,2,36,test,False,8,784,36,0.7868389780154486
Tox21,0.1,2,36,test,False,9,784,40,0.7217909946236559
Tox21,0.1,2,36,test,False,10,784,103,0.8023751479121224
Tox21,0.1,2,36,test,False,11,784,48,0.7570482336956521
Tox21,0.1,2,36,test,True,0,736,18,0.7741411327762302
Tox21,0.1,2,36,test,True,1,670,18,0.7493183367416496
Tox21,0.1,2,36,test,True,2,668,76,0.8661762091038406
Tox21,0.1,2,36,test,True,3,564,30,0.71916354556804
Tox21,0.1,2,36,test,True,4,620,88,0.7379314764183185
Tox21,0.1,2,36,test,True,5,701,39,0.8556433496010536
Tox21,0.1,2,36,test,True,6,646,30,0.7548701298701298
Tox21,0.1,2,36,test,True,7,569,99,0.7302170642596175
Tox21,0.1,2,36,test,True,8,710,36,0.7894823606989779
Tox21,0.1,2,36,test,True,9,649,40,0.73128078817734
Tox21,0.1,2,36,test,True,10,601,103,0.8253401957343939
Tox21,0.1,2,36,test,True,11,681,48,0.7666535018430753
Tox21,0.1,2,37,val,False,0,783,35,0.7457792207792208
Tox21,0.1,2,37,val,False,1,783,28,0.834247871333964
Tox21,0.1,2,37,val,False,2,783,79,0.8539988492520137
Tox21,0.1,2,37,val,False,3,783,38,0.7396326386435887
Tox21,0.1,2,37,val,False,4,783,91,0.7181922124118656
Tox21,0.1,2,37,val,False,5,783,46,0.7843490059583506
Tox21,0.1,2,37,val,False,6,783,18,0.7116920842411039
Tox21,0.1,2,37,val,False,7,783,91,0.6868925871816046
Tox21,0.1,2,37,val,False,8,783,28,0.7879375591296122
Tox21,0.1,2,37,val,False,9,783,35,0.6613827349121467
Tox21,0.1,2,37,val,False,10,783,111,0.7941066066066067
Tox21,0.1,2,37,val,False,11,783,43,0.8259270898805783
Tox21,0.1,2,37,val,True,0,724,35,0.7482272444536595
Tox21,0.1,2,37,val,True,1,663,28,0.8376265466816648
Tox21,0.1,2,37,val,True,2,644,79,0.875523692169822
Tox21,0.1,2,37,val,True,3,573,38,0.7801770782095425
Tox21,0.1,2,37,val,True,4,609,91,0.7253171538885825
Tox21,0.1,2,37,val,True,5,686,46,0.792289402173913
Tox21,0.1,2,37,val,True,6,639,18,0.7365360529611737
Tox21,0.1,2,37,val,True,7,572,91,0.72698818852665
Tox21,0.1,2,37,val,True,8,699,28,0.7867255695124548
Tox21,0.1,2,37,val,True,9,643,35,0.6712406015037594
Tox21,0.1,2,37,val,True,10,564,111,0.8250701032157985
Tox21,0.1,2,37,val,True,11,665,43,0.8386300755253122
Tox21,0.1,2,37,test,False,0,784,18,0.77088772845953
Tox21,0.1,2,37,test,False,1,784,18,0.7448505947200464
Tox21,0.1,2,37,test,False,2,784,76,0.8526798988997919
Tox21,0.1,2,37,test,False,3,784,30,0.678735632183908
Tox21,0.1,2,37,test,False,4,784,88,0.7280564263322884
Tox21,0.1,2,37,test,False,5,784,39,0.8460850111856824
Tox21,0.1,2,37,test,False,6,784,30,0.7387046861184793
Tox21,0.1,2,37,test,False,7,784,99,0.7038265870382658
Tox21,0.1,2,37,test,False,8,784,36,0.7887329174093881
Tox21,0.1,2,37,test,False,9,784,40,0.7268145161290323
Tox21,0.1,2,37,test,False,10,784,103,0.8030879774175612
Tox21,0.1,2,37,test,False,11,784,48,0.755661231884058
Tox21,0.1,2,37,test,True,0,736,18,0.7755338904363973
Tox21,0.1,2,37,test,True,1,670,18,0.749573960463531
Tox21,0.1,2,37,test,True,2,668,76,0.8666651849217639
Tox21,0.1,2,37,test,True,3,564,30,0.7234082397003746
Tox21,0.1,2,37,test,True,4,620,88,0.7376324333561176
Tox21,0.1,2,37,test,True,5,701,39,0.8542489735843211
Tox21,0.1,2,37,test,True,6,646,30,0.7550054112554112
Tox21,0.1,2,37,test,True,7,569,99,0.7321083172147003
Tox21,0.1,2,37,test,True,8,710,36,0.791254533465216
Tox21,0.1,2,37,test,True,9,649,40,0.7364532019704433
Tox21,0.1,2,37,test,True,10,601,103,0.8259055640035872
Tox21,0.1,2,37,test,True,11,681,48,0.7654686677198526
Tox21,0.1,2,38,val,False,0,783,35,0.7465431627196332
Tox21,0.1,2,38,val,False,1,783,28,0.8368495742667929
Tox21,0.1,2,38,val,False,2,783,79,0.8537111622554661
Tox21,0.1,2,38,val,False,3,783,38,0.742458495231367
Tox21,0.1,2,38,val,False,4,783,91,0.7180651718223973
Tox21,0.1,2,38,val,False,5,783,46,0.7848209545159578
Tox21,0.1,2,38,val,False,6,783,18,0.7140159767610748
Tox21,0.1,2,38,val,False,7,783,91,0.6868131868131868
Tox21,0.1,2,38,val,False,8,783,28,0.7879375591296122
Tox21,0.1,2,38,val,False,9,783,35,0.6627960275019098
Tox21,0.1,2,38,val,False,10,783,111,0.7937312312312312
Tox21,0.1,2,38,val,False,11,783,43,0.8257385292269014
Tox21,0.1,2,38,val,True,0,724,35,0.7489321998755961
Tox21,0.1,2,38,val,True,1,663,28,0.8402137232845894
Tox21,0.1,2,38,val,True,2,644,79,0.8751428251372241
Tox21,0.1,2,38,val,True,3,573,38,0.7830791933103788
Tox21,0.1,2,38,val,True,4,609,91,0.7257838686410115
Tox21,0.1,2,38,val,True,5,686,46,0.7927649456521739
Tox21,0.1,2,38,val,True,6,639,18,0.7385042046877796
Tox21,0.1,2,38,val,True,7,572,91,0.7269424961732653
Tox21,0.1,2,38,val,True,8,699,28,0.7868852459016393
Tox21,0.1,2,38,val,True,9,643,35,0.6724624060150375
Tox21,0.1,2,38,val,True,10,564,111,0.8245331424139372
Tox21,0.1,2,38,val,True,11,665,43,0.8385179092200703
Tox21,0.1,2,38,test,False,0,784,18,0.772773426167682
Tox21,0.1,2,38,test,False,1,784,18,0.746156077748767
Tox21,0.1,2,38,test,False,2,784,76,0.8535719595599167
Tox21,0.1,2,38,test,False,3,784,30,0.6850574712643679
Tox21,0.1,2,38,test,False,4,784,88,0.7288564524555904
Tox21,0.1,2,38,test,False,5,784,39,0.8450524866632249
Tox21,0.1,2,38,test,False,6,784,30,0.7389478337754201
Tox21,0.1,2,38,test,False,7,784,99,0.7041657450416575
Tox21,0.1,2,38,test,False,8,784,36,0.7894756387403445
Tox21,0.1,2,38,test,False,9,784,40,0.7294354838709677
Tox21,0.1,2,38,test,False,10,784,103,0.8037865503328914
Tox21,0.1,2,38,test,False,11,784,48,0.7535665760869564
Tox21,0.1,2,38,test,True,0,736,18,0.7773909006499536
Tox21,0.1,2,38,test,True,1,670,18,0.7511077027948193
Tox21,0.1,2,38,test,True,2,668,76,0.8675986842105263
Tox21,0.1,2,38,test,True,3,564,30,0.7306491885143571
Tox21,0.1,2,38,test,True,4,620,88,0.7380596377306905
Tox21,0.1,2,38,test,True,5,701,39,0.8532419242389031
Tox21,0.1,2,38,test,True,6,646,30,0.7553030303030303
Tox21,0.1,2,38,test,True,7,569,99,0.7329679776488288
Tox21,0.1,2,38,test,True,8,710,36,0.7920787998681175
Tox21,0.1,2,38,test,True,9,649,40,0.7391625615763547
Tox21,0.1,2,38,test,True,10,601,103,0.8264514368152219
Tox21,0.1,2,38,test,True,11,681,48,0.7632635597682991
Tox21,0.1,2,39,val,False,0,783,35,0.7482047364400305
Tox21,0.1,2,39,val,False,1,783,28,0.8380794701986755
Tox21,0.1,2,39,val,False,2,783,79,0.853315592635213
Tox21,0.1,2,39,val,False,3,783,38,0.7449664429530202
Tox21,0.1,2,39,val,False,4,783,91,0.7173982087276887
Tox21,0.1,2,39,val,False,5,783,46,0.7855288773523685
Tox21,0.1,2,39,val,False,6,783,18,0.7161220043572984
Tox21,0.1,2,39,val,False,7,783,91,0.6870831480658068
Tox21,0.1,2,39,val,False,8,783,28,0.7873226111636707
Tox21,0.1,2,39,val,False,9,783,35,0.6635217723453017
Tox21,0.1,2,39,val,False,10,783,111,0.7940395752895753
Tox21,0.1,2,39,val,False,11,783,43,0.8240414833438089
Tox21,0.1,2,39,val,True,0,724,35,0.7501969728384823
Tox21,0.1,2,39,val,True,1,663,28,0.8416197975253095
Tox21,0.1,2,39,val,True,2,644,79,0.8745379186736866
Tox21,0.1,2,39,val,True,3,573,38,0.7849483521888834
Tox21,0.1,2,39,val,True,4,609,91,0.7252322966608682
Tox21,0.1,2,39,val,True,5,686,46,0.793444293478261
Tox21,0.1,2,39,val,True,6,639,18,0.740382894972267
Tox21,0.1,2,39,val,True,7,572,91,0.7269653423499577
Tox21,0.1,2,39,val,True,8,699,28,0.786246540344901
Tox21,0.1,2,39,val,True,9,643,35,0.6726973684210527
Tox21,0.1,2,39,val,True,10,564,111,0.8246922419107849
Tox21,0.1,2,39,val,True,11,665,43,0.8369475809466835
Tox21,0.1,2,39,test,False,0,784,18,0.7736437481868292
Tox21,0.1,2,39,test,False,1,784,18,0.7468088192631274
Tox21,0.1,2,39,test,False,2,784,76,0.8542038358608386
Tox21,0.1,2,39,test,False,3,784,30,0.6903183023872679
Tox21,0.1,2,39,test,False,4,784,88,0.7294115726227796
Tox21,0.1,2,39,test,False,5,784,39,0.8433660299432112
Tox21,0.1,2,39,test,False,6,784,30,0.7374447391688771
Tox21,0.1,2,39,test,False,7,784,99,0.7050283860502838
Tox21,0.1,2,39,test,False,8,784,36,0.790515448603684
Tox21,0.1,2,39,test,False,9,784,40,0.7334677419354839
Tox21,0.1,2,39,test,False,10,784,103,0.8043425573471337
Tox21,0.1,2,39,test,False,11,784,48,0.7518965126811594
Tox21,0.1,2,39,test,True,0,736,18,0.7784741566078612
Tox21,0.1,2,39,test,True,1,670,18,0.7523006134969326
Tox21,0.1,2,39,test,True,2,668,76,0.8682432432432432
Tox21,0.1,2,39,test,True,3,564,30,0.737016229712859
Tox21,0.1,2,39,test,True,4,620,88,0.7381877990430622
Tox21,0.1,2,39,test,True,5,701,39,0.8514989542179874
Tox21,0.1,2,39,test,True,6,646,30,0.7537337662337662
Tox21,0.1,2,39,test,True,7,569,99,0.7338276380829573
Tox21,0.1,2,39,test,True,8,710,36,0.7931915595120342
Tox21,0.1,2,39,test,True,9,649,40,0.742816091954023
Tox21,0.1,2,39,test,True,10,601,103,0.8266853823059228
Tox21,0.1,2,39,test,True,11,681,48,0.7616179568193786
Tox21,0.1,2,40,val,False,0,783,35,0.7494270435446906
Tox21,0.1,2,40,val,False,1,783,28,0.8388363292336802
Tox21,0.1,2,40,val,False,2,783,79,0.8530638665132335
Tox21,0.1,2,40,val,False,3,783,38,0.7488873189685623
Tox21,0.1,2,40,val,False,4,783,91,0.7172394079908531
Tox21,0.1,2,40,val,False,5,783,46,0.7838180638310425
Tox21,0.1,2,40,val,False,6,783,18,0.7161220043572984
Tox21,0.1,2,40,val,False,7,783,91,0.6874801499078955
Tox21,0.1,2,40,val,False,8,783,28,0.7867549668874172
Tox21,0.1,2,40,val,False,9,783,35,0.6645530939648586
Tox21,0.1,2,40,val,False,10,783,111,0.7943479193479194
Tox21,0.1,2,40,val,False,11,783,43,0.8224701445631679
Tox21,0.1,2,40,val,True,0,724,35,0.7513166079203815
Tox21,0.1,2,40,val,True,1,663,28,0.8425196850393701
Tox21,0.1,2,40,val,True,2,644,79,0.8741346476979949
Tox21,0.1,2,40,val,True,3,573,38,0.7892277422528283
Tox21,0.1,2,40,val,True,4,609,91,0.7252747252747253
Tox21,0.1,2,40,val,True,5,686,46,0.7918138586956522
Tox21,0.1,2,40,val,True,6,639,18,0.7407407407407408
Tox21,0.1,2,40,val,True,7,572,91,0.727536496767266
Tox21,0.1,2,40,val,True,8,699,28,0.785341707472855
Tox21,0.1,2,40,val,True,9,643,35,0.6734022556390977
Tox21,0.1,2,40,val,True,10,564,111,0.8248314539705268
Tox21,0.1,2,40,val,True,11,665,43,0.835302475136469
Tox21,0.1,2,40,test,False,0,784,18,0.774731650710763
Tox21,0.1,2,40,test,False,1,784,18,0.7472439802727009
Tox21,0.1,2,40,test,False,2,784,76,0.8548171275646743
Tox21,0.1,2,40,test,False,3,784,30,0.6984526967285588
Tox21,0.1,2,40,test,False,4,784,88,0.7300646551724139
Tox21,0.1,2,40,test,False,5,784,39,0.8412665634142145
Tox21,0.1,2,40,test,False,6,784,30,0.7370468611847922
Tox21,0.1,2,40,test,False,7,784,99,0.706112217061122
Tox21,0.1,2,40,test,False,8,784,36,0.7922979797979797
Tox21,0.1,2,40,test,False,9,784,40,0.7369287634408603
Tox21,0.1,2,40,test,False,10,784,103,0.8054688279657272
Tox21,0.1,2,40,test,False,11,784,48,0.7504245923913043
Tox21,0.1,2,40,test,True,0,736,18,0.7794026617146395
Tox21,0.1,2,40,test,True,1,670,18,0.7530674846625767
Tox21,0.1,2,40,test,True,2,668,76,0.8687988975817922
Tox21,0.1,2,40,test,True,3,564,30,0.7466916354556805
Tox21,0.1,2,40,test,True,4,620,88,0.7384868421052632
Tox21,0.1,2,40,test,True,5,701,39,0.8495235881942831
Tox21,0.1,2,40,test,True,6,646,30,0.7534090909090909
Tox21,0.1,2,40,test,True,7,569,99,0.7350311626907371
Tox21,0.1,2,40,test,True,8,710,36,0.794840092317837
Tox21,0.1,2,40,test,True,9,649,40,0.7465927750410508
Tox21,0.1,2,40,test,True,10,601,103,0.8275821733536086
Tox21,0.1,2,40,test,True,11,681,48,0.7603014744602422
Tox21,0.1,2,41,val,False,0,783,35,0.7502291825821237
Tox21,0.1,2,41,val,False,1,783,28,0.8394039735099337
Tox21,0.1,2,41,val,False,2,783,79,0.8527761795166858
Tox21,0.1,2,41,val,False,3,783,38,0.7517131755563405
Tox21,0.1,2,41,val,False,4,783,91,0.7162230832751064
Tox21,0.1,2,41,val,False,5,783,46,0.7824022181582206
Tox21,0.1,2,41,val,False,6,783,18,0.7159767610748002
Tox21,0.1,2,41,val,False,7,783,91,0.6881471130026044
Tox21,0.1,2,41,val,False,8,783,28,0.7857615894039736
Tox21,0.1,2,41,val,False,9,783,35,0.6650878533231473
Tox21,0.1,2,41,val,False,10,783,111,0.7940596846846848
Tox21,0.1,2,41,val,False,11,783,43,0.8210873664362037
Tox21,0.1,2,41,val,True,0,724,35,0.7520630313083143
Tox21,0.1,2,41,val,True,1,663,28,0.843644544431946
Tox21,0.1,2,41,val,True,2,644,79,0.8737537806653972
Tox21,0.1,2,41,val,True,3,573,38,0.7923757993113627
Tox21,0.1,2,41,val,True,4,609,91,0.7244685816114388
Tox21,0.1,2,41,val,True,5,686,46,0.7903192934782609
Tox21,0.1,2,41,val,True,6,639,18,0.7410985865092146
Tox21,0.1,2,41,val,True,7,572,91,0.7284503438349592
Tox21,0.1,2,41,val,True,8,699,28,0.7842771982116244
Tox21,0.1,2,41,val,True,9,643,35,0.6736842105263157
Tox21,0.1,2,41,val,True,10,564,111,0.824722073066444
Tox21,0.1,2,41,val,True,11,665,43,0.8338817019367382
Tox21,0.1,2,41,test,False,0,784,18,0.7763272410791993
Tox21,0.1,2,41,test,False,1,784,18,0.7472439802727009
Tox21,0.1,2,41,test,False,2,784,76,0.8551702349093071
Tox21,0.1,2,41,test,False,3,784,30,0.7041114058355438
Tox21,0.1,2,41,test,False,4,784,88,0.7296891327063741
Tox21,0.1,2,41,test,False,5,784,39,0.839855446566856
Tox21,0.1,2,41,test,False,6,784,30,0.7370910698496905
Tox21,0.1,2,41,test,False,7,784,99,0.70693799306938
Tox21,0.1,2,41,test,False,8,784,36,0.7936720142602495
Tox21,0.1,2,41,test,False,9,784,40,0.7398521505376344
Tox21,0.1,2,41,test,False,10,784,103,0.8060105783898607
Tox21,0.1,2,41,test,False,11,784,48,0.7491508152173914
Tox21,0.1,2,41,test,True,0,736,18,0.7811049210770659
Tox21,0.1,2,41,test,True,1,670,18,0.752982276755283
Tox21,0.1,2,41,test,True,2,668,76,0.8692878733997156
Tox21,0.1,2,41,test,True,3,564,30,0.7524344569288389
Tox21,0.1,2,41,test,True,4,620,88,0.7380169172932332
Tox21,0.1,2,41,test,True,5,701,39,0.8482841428460763
Tox21,0.1,2,41,test,True,6,646,30,0.7535714285714286
Tox21,0.1,2,41,test,True,7,569,99,0.7361487212551042
Tox21,0.1,2,41,test,True,8,710,36,0.7964061984833498
Tox21,0.1,2,41,test,True,9,649,40,0.7492200328407225
Tox21,0.1,2,41,test,True,10,601,103,0.8278941006745429
Tox21,0.1,2,41,test,True,11,681,48,0.7590179041600843
Tox21,0.1,2,42,val,False,0,783,35,0.7516042780748664
Tox21,0.1,2,42,val,False,1,783,28,0.8400189214758751
Tox21,0.1,2,42,val,False,2,783,79,0.8524525316455697
Tox21,0.1,2,42,val,False,3,783,38,0.7545390321441188
Tox21,0.1,2,42,val,False,4,783,91,0.7139204725909928
Tox21,0.1,2,42,val,False,5,783,46,0.7800424753701848
Tox21,0.1,2,42,val,False,6,783,18,0.7161946259985474
Tox21,0.1,2,42,val,False,7,783,91,0.6887664358762625
Tox21,0.1,2,42,val,False,8,783,28,0.7847682119205298
Tox21,0.1,2,42,val,False,9,783,35,0.6655080213903743
Tox21,0.1,2,42,val,False,10,783,111,0.7935703560703561
Tox21,0.1,2,42,val,False,11,783,43,0.8201131363922061
Tox21,0.1,2,42,val,True,0,724,35,0.7533070702882023
Tox21,0.1,2,42,val,True,1,663,28,0.8445444319460067
Tox21,0.1,2,42,val,True,2,644,79,0.8734625294051752
Tox21,0.1,2,42,val,True,3,573,38,0.7952779144121987
Tox21,0.1,2,42,val,True,4,609,91,0.7220289363146507
Tox21,0.1,2,42,val,True,5,686,46,0.7876358695652175
Tox21,0.1,2,42,val,True,6,639,18,0.741009125067096
Tox21,0.1,2,42,val,True,7,572,91,0.7290900367823444
Tox21,0.1,2,42,val,True,8,699,28,0.783212688950394
Tox21,0.1,2,42,val,True,9,643,35,0.6741071428571429
Tox21,0.1,2,42,val,True,10,564,111,0.8242547182944533
Tox21,0.1,2,42,val,True,11,665,43,0.8327226501159052
Tox21,0.1,2,42,test,False,0,784,18,0.7782854656222802
Tox21,0.1,2,42,test,False,1,784,18,0.7471714534377719
Tox21,0.1,2,42,test,False,2,784,76,0.8553746654772525
Tox21,0.1,2,42,test,False,3,784,30,0.7095932802829354
Tox21,0.1,2,42,test,False,4,784,88,0.7300891457680251
Tox21,0.1,2,42,test,False,5,784,39,0.8384099122354156
Tox21,0.1,2,42,test,False,6,784,30,0.734659593280283
Tox21,0.1,2,42,test,False,7,784,99,0.707645801076458
Tox21,0.1,2,42,test,False,8,784,36,0.7958630421865716
Tox21,0.1,2,42,test,False,9,784,40,0.7426411290322581
Tox21,0.1,2,42,test,False,10,784,103,0.8063598648475258
Tox21,0.1,2,42,test,False,11,784,48,0.748245018115942
Tox21,0.1,2,42,test,True,0,736,18,0.7830393067161868
Tox21,0.1,2,42,test,True,1,670,18,0.7532379004771643
Tox21,0.1,2,42,test,True,2,668,76,0.8694656827880511
Tox21,0.1,2,42,test,True,3,564,30,0.7589887640449438
Tox21,0.1,2,42,test,True,4,620,88,0.738283920027341
Tox21,0.1,2,42,test,True,5,701,39,0.846734836160818
Tox21,0.1,2,42,test,True,6,646,30,0.7516233766233766
Tox21,0.1,2,42,test,True,7,569,99,0.7370083816892328
Tox21,0.1,2,42,test,True,8,710,36,0.7987141444114738
Tox21,0.1,2,42,test,True,9,649,40,0.7522988505747126
Tox21,0.1,2,42,test,True,10,601,103,0.8283230007408274
Tox21,0.1,2,42,test,True,11,681,48,0.7578659820958399
Tox21,0.1,2,43,val,False,0,783,35,0.7530557677616502
Tox21,0.1,2,43,val,False,1,783,28,0.8391674550614948
Tox21,0.1,2,43,val,False,2,783,79,0.8525873849252015
Tox21,0.1,2,43,val,False,3,783,38,0.7567290709996468
Tox21,0.1,2,43,val,False,4,783,91,0.7122689449279045
Tox21,0.1,2,43,val,False,5,783,46,0.7769453129608872
Tox21,0.1,2,43,val,False,6,783,18,0.7158315177923021
Tox21,0.1,2,43,val,False,7,783,91,0.6894175188972876
Tox21,0.1,2,43,val,False,8,783,28,0.7838221381267739
Tox21,0.1,2,43,val,False,9,783,35,0.6652024446142094
Tox21,0.1,2,43,val,False,10,783,111,0.7933022308022307
Tox21,0.1,2,43,val,False,11,783,43,0.8180546825895663
Tox21,0.1,2,43,val,True,0,724,35,0.7547169811320754
Tox21,0.1,2,43,val,True,1,663,28,0.8435883014623171
Tox21,0.1,2,43,val,True,2,644,79,0.8733841156043464
Tox21,0.1,2,43,val,True,3,573,38,0.7971470732907034
Tox21,0.1,2,43,val,True,4,609,91,0.7203317917603632
Tox21,0.1,2,43,val,True,5,686,46,0.7844089673913043
Tox21,0.1,2,43,val,True,6,639,18,0.741009125067096
Tox21,0.1,2,43,val,True,7,572,91,0.7294327294327294
Tox21,0.1,2,43,val,True,8,699,28,0.7821481796891633
Tox21,0.1,2,43,val,True,9,643,35,0.6732142857142858
Tox21,0.1,2,43,val,True,10,564,111,0.8238171946781218
Tox21,0.1,2,43,val,True,11,665,43,0.8303858520900321
Tox21,0.1,2,43,test,False,0,784,18,0.7793733681462142
Tox21,0.1,2,43,test,False,1,784,18,0.746228604583696
Tox21,0.1,2,43,test,False,2,784,76,0.8559693725840024
Tox21,0.1,2,43,test,False,3,784,30,0.7133510167992927
Tox21,0.1,2,43,test,False,4,784,88,0.7296238244514106
Tox21,0.1,2,43,test,False,5,784,39,0.8367922904835655
Tox21,0.1,2,43,test,False,6,784,30,0.7330680813439434
Tox21,0.1,2,43,test,False,7,784,99,0.7080881810808817
Tox21,0.1,2,43,test,False,8,784,36,0.7980169340463458
Tox21,0.1,2,43,test,False,9,784,40,0.745866935483871
Tox21,0.1,2,43,test,False,10,784,103,0.8076073164820439
Tox21,0.1,2,43,test,False,11,784,48,0.7472543025362319
Tox21,0.1,2,43,test,True,0,736,18,0.7842773135252245
Tox21,0.1,2,43,test,True,1,670,18,0.7526414451261076
Tox21,0.1,2,43,test,True,2,668,76,0.8699768847795163
Tox21,0.1,2,43,test,True,3,564,30,0.7630461922596753
Tox21,0.1,2,43,test,True,4,620,88,0.7374829118250171
Tox21,0.1,2,43,test,True,5,701,39,0.8452629948098226
Tox21,0.1,2,43,test,True,6,646,30,0.7502705627705628
Tox21,0.1,2,43,test,True,7,569,99,0.7374597034171503
Tox21,0.1,2,43,test,True,8,710,36,0.8008572370590175
Tox21,0.1,2,43,test,True,9,649,40,0.7553366174055829
Tox21,0.1,2,43,test,True,10,601,103,0.829551214567006
Tox21,0.1,2,43,test,True,11,681,48,0.7571090047393365
Tox21,0.1,2,44,val,False,0,783,35,0.7554621848739496
Tox21,0.1,2,44,val,False,1,783,28,0.8394985808893094
Tox21,0.1,2,44,val,False,2,783,79,0.8523446490218641
Tox21,0.1,2,44,val,False,3,783,38,0.7600141292829389
Tox21,0.1,2,44,val,False,4,783,91,0.7104744966016643
Tox21,0.1,2,44,val,False,5,783,46,0.7735826794879358
Tox21,0.1,2,44,val,False,6,783,18,0.7151779230210602
Tox21,0.1,2,44,val,False,7,783,91,0.6900527218446294
Tox21,0.1,2,44,val,False,8,783,28,0.7831125827814569
Tox21,0.1,2,44,val,False,9,783,35,0.6646294881589
Tox21,0.1,2,44,val,False,10,783,111,0.7928330115830116
Tox21,0.1,2,44,val,False,11,783,43,0.8173475801382778
Tox21,0.1,2,44,val,True,0,724,35,0.7569977192618702
Tox21,0.1,2,44,val,True,1,663,28,0.8438695163104613
Tox21,0.1,2,44,val,True,2,644,79,0.8731712781449534
Tox21,0.1,2,44,val,True,3,573,38,0.8
Tox21,0.1,2,44,val,True,4,609,91,0.7187831473545758
Tox21,0.1,2,44,val,True,5,686,46,0.7809782608695651
Tox21,0.1,2,44,val,True,6,639,18,0.7395777419932009
Tox21,0.1,2,44,val,True,7,572,91,0.7300038838500377
Tox21,0.1,2,44,val,True,8,699,28,0.7813497977432404
Tox21,0.1,2,44,val,True,9,643,35,0.6723214285714286
Tox21,0.1,2,44,val,True,10,564,111,0.8233398961875783
Tox21,0.1,2,44,val,True,11,665,43,0.8295819935691319
Tox21,0.1,2,44,test,False,0,784,18,0.7787931534667826
Tox21,0.1,2,44,test,False,1,784,18,0.7449956483899043
Tox21,0.1,2,44,test,False,2,784,76,0.8561180493606898
Tox21,0.1,2,44,test,False,3,784,30,0.7176834659593281
Tox21,0.1,2,44,test,False,4,784,88,0.7300809822361546
Tox21,0.1,2,44,test,False,5,784,39,0.8358974358974359
Tox21,0.1,2,44,test,False,6,784,30,0.7331122900088418
Tox21,0.1,2,44,test,False,7,784,99,0.7086780210867802
Tox21,0.1,2,44,test,False,8,784,36,0.7990938799762329
Tox21,0.1,2,44,test,False,9,784,40,0.7494959677419355
Tox21,0.1,2,44,test,False,10,784,103,0.808747843690746
Tox21,0.1,2,44,test,False,11,784,48,0.7470278532608696
Tox21,0.1,2,44,test,True,0,736,18,0.7836583101207057
Tox21,0.1,2,44,test,True,1,670,18,0.7516189502385823
Tox21,0.1,2,44,test,True,2,668,76,0.8701324679943101
Tox21,0.1,2,44,test,True,3,564,30,0.7681647940074906
Tox21,0.1,2,44,test,True,4,620,88,0.737846035543404
Tox21,0.1,2,44,test,True,5,701,39,0.8444883414671934
Tox21,0.1,2,44,test,True,6,646,30,0.7505952380952381
Tox21,0.1,2,44,test,True,7,569,99,0.7383838383838385
Tox21,0.1,2,44,test,True,8,710,36,0.8020112100230795
Tox21,0.1,2,44,test,True,9,649,40,0.7588669950738917
Tox21,0.1,2,44,test,True,10,601,103,0.8306819511053924
Tox21,0.1,2,44,test,True,11,681,48,0.7566811479726172
Tox21,0.1,2,45,val,False,0,783,35,0.7568372803666921
Tox21,0.1,2,45,val,False,1,783,28,0.8403027436140019
Tox21,0.1,2,45,val,False,2,783,79,0.8524884925201381
Tox21,0.1,2,45,val,False,3,783,38,0.7623101377605086
Tox21,0.1,2,45,val,False,4,783,91,0.7091564504859302
Tox21,0.1,2,45,val,False,5,783,46,0.7728305114742493
Tox21,0.1,2,45,val,False,6,783,18,0.7166303558460421
Tox21,0.1,2,45,val,False,7,783,91,0.6905926443498698
Tox21,0.1,2,45,val,False,8,783,28,0.7824503311258277
Tox21,0.1,2,45,val,False,9,783,35,0.6655080213903743
Tox21,0.1,2,45,val,False,10,783,111,0.7928464178464179
Tox21,0.1,2,45,val,False,11,783,43,0.8155248271527342
Tox21,0.1,2,45,val,True,0,724,35,0.7583661621397471
Tox21,0.1,2,45,val,True,1,663,28,0.844769403824522
Tox21,0.1,2,45,val,True,2,644,79,0.8732608939173295
Tox21,0.1,2,45,val,True,3,573,38,0.8012788981800295
Tox21,0.1,2,45,val,True,4,609,91,0.717425431711146
Tox21,0.1,2,45,val,True,5,686,46,0.7801800271739131
Tox21,0.1,2,45,val,True,6,639,18,0.7408302021828592
Tox21,0.1,2,45,val,True,7,572,91,0.730232345616961
Tox21,0.1,2,45,val,True,8,699,28,0.7808175431126251
Tox21,0.1,2,45,val,True,9,643,35,0.6726973684210527
Tox21,0.1,2,45,val,True,10,564,111,0.8233200087504724
Tox21,0.1,2,45,val,True,11,665,43,0.8277873326852614
Tox21,0.1,2,45,test,False,0,784,18,0.7789382071366406
Tox21,0.1,2,45,test,False,1,784,18,0.7443429068755439
Tox21,0.1,2,45,test,False,2,784,76,0.8568056794528695
Tox21,0.1,2,45,test,False,3,784,30,0.7200265251989391
Tox21,0.1,2,45,test,False,4,784,88,0.7300483281086729
Tox21,0.1,2,45,test,False,5,784,39,0.8357941834451901
Tox21,0.1,2,45,test,False,6,784,30,0.7350132625994695
Tox21,0.1,2,45,test,False,7,784,99,0.7094743050947431
Tox21,0.1,2,45,test,False,8,784,36,0.8018790849673202
Tox21,0.1,2,45,test,False,9,784,40,0.7520833333333334
Tox21,0.1,2,45,test,False,10,784,103,0.8097529332934148
Tox21,0.1,2,45,test,False,11,784,48,0.7463485054347827
Tox21,0.1,2,45,test,True,0,736,18,0.7837356855462705
Tox21,0.1,2,45,test,True,1,670,18,0.7508520790729379
Tox21,0.1,2,45,test,True,2,668,76,0.8706436699857751
Tox21,0.1,2,45,test,True,3,564,30,0.7707240948813983
Tox21,0.1,2,45,test,True,4,620,88,0.7381664388243335
Tox21,0.1,2,45,test,True,5,701,39,0.8442559454644045
Tox21,0.1,2,45,test,True,6,646,30,0.7526515151515151
Tox21,0.1,2,45,test,True,7,569,99,0.739651837524178
Tox21,0.1,2,45,test,True,8,710,36,0.8046900758325091
Tox21,0.1,2,45,test,True,9,649,40,0.7612068965517241
Tox21,0.1,2,45,test,True,10,601,103,0.8316469762545327
Tox21,0.1,2,45,test,True,11,681,48,0.7562532912058979
Tox21,0.1,2,46,val,False,0,783,35,0.7568754774637128
Tox21,0.1,2,46,val,False,1,783,28,0.840066225165563
Tox21,0.1,2,46,val,False,2,783,79,0.8524165707710012
Tox21,0.1,2,46,val,False,3,783,38,0.7647827622748145
Tox21,0.1,2,46,val,False,4,783,91,0.7077748840754621
Tox21,0.1,2,46,val,False,5,783,46,0.7715474013332547
Tox21,0.1,2,46,val,False,6,783,18,0.7156136528685548
Tox21,0.1,2,46,val,False,7,783,91,0.6906561646446039
Tox21,0.1,2,46,val,False,8,783,28,0.7823084200567645
Tox21,0.1,2,46,val,False,9,783,35,0.6658135981665393
Tox21,0.1,2,46,val,False,10,783,111,0.7928598241098241
Tox21,0.1,2,46,val,False,11,783,43,0.8145820238843494
Tox21,0.1,2,46,val,True,0,724,35,0.7583661621397471
Tox21,0.1,2,46,val,True,1,663,28,0.8444881889763779
Tox21,0.1,2,46,val,True,2,644,79,0.8731040663156715
Tox21,0.1,2,46,val,True,3,573,38,0.8032956222331529
Tox21,0.1,2,46,val,True,4,609,91,0.7162374305231448
Tox21,0.1,2,46,val,True,5,686,46,0.7788383152173913
Tox21,0.1,2,46,val,True,6,639,18,0.7393093576668456
Tox21,0.1,2,46,val,True,7,572,91,0.7302094994402688
Tox21,0.1,2,46,val,True,8,699,28,0.7808175431126251
Tox21,0.1,2,46,val,True,9,643,35,0.6727913533834586
Tox21,0.1,2,46,val,True,10,564,111,0.8232006841278365
Tox21,0.1,2,46,val,True,11,665,43,0.8265908920960143
Tox21,0.1,2,46,test,False,0,784,18,0.7787206266318537
Tox21,0.1,2,46,test,False,1,784,18,0.7449956483899042
Tox21,0.1,2,46,test,False,2,784,76,0.8572888789771038
Tox21,0.1,2,46,test,False,3,784,30,0.7220159151193635
Tox21,0.1,2,46,test,False,4,784,88,0.7295830067920586
Tox21,0.1,2,46,test,False,5,784,39,0.834692823954569
Tox21,0.1,2,46,test,False,6,784,30,0.7353227232537577
Tox21,0.1,2,46,test,False,7,784,99,0.7105212711052127
Tox21,0.1,2,46,test,False,8,784,36,0.8031974153297683
Tox21,0.1,2,46,test,False,9,784,40,0.7547715053763441
Tox21,0.1,2,46,test,False,10,784,103,0.8104158647334729
Tox21,0.1,2,46,test,False,11,784,48,0.7465466485507246
Tox21,0.1,2,46,test,True,0,736,18,0.7835809346951408
Tox21,0.1,2,46,test,True,1,670,18,0.7519597818677572
Tox21,0.1,2,46,test,True,2,668,76,0.8710437411095306
Tox21,0.1,2,46,test,True,3,564,30,0.772721598002497
Tox21,0.1,2,46,test,True,4,620,88,0.7376644736842105
Tox21,0.1,2,46,test,True,5,701,39,0.8432101634518552
Tox21,0.1,2,46,test,True,6,646,30,0.7531385281385281
Tox21,0.1,2,46,test,True,7,569,99,0.7408983451536643
Tox21,0.1,2,46,test,True,8,710,36,0.8064004286185295
Tox21,0.1,2,46,test,True,9,649,40,0.7641215106732349
Tox21,0.1,2,46,test,True,10,601,103,0.8323195695402971
Tox21,0.1,2,46,test,True,11,681,48,0.7565824117956819
Tox21,0.1,2,47,val,False,0,783,35,0.7576394194041253
Tox21,0.1,2,47,val,False,1,783,28,0.8404446546830653
Tox21,0.1,2,47,val,False,2,783,79,0.8525064729574223
Tox21,0.1,2,47,val,False,3,783,38,0.766902154715648
Tox21,0.1,2,47,val,False,4,783,91,0.7072349615702217
Tox21,0.1,2,47,val,False,5,783,46,0.7708689752816943
Tox21,0.1,2,47,val,False,6,783,18,0.713834422657952
Tox21,0.1,2,47,val,False,7,783,91,0.6913548878866798
Tox21,0.1,2,47,val,False,8,783,28,0.7819299905392622
Tox21,0.1,2,47,val,False,9,783,35,0.6668449197860962
Tox21,0.1,2,47,val,False,10,783,111,0.7929000429000429
Tox21,0.1,2,47,val,False,11,783,43,0.8129164047768699
Tox21,0.1,2,47,val,True,0,724,35,0.7591125855276798
Tox21,0.1,2,47,val,True,1,663,28,0.8451068616422946
Tox21,0.1,2,47,val,True,2,644,79,0.8730144505432956
Tox21,0.1,2,47,val,True,3,573,38,0.8052631578947368
Tox21,0.1,2,47,val,True,4,609,91,0.715813144384573
Tox21,0.1,2,47,val,True,5,686,46,0.7783288043478261
Tox21,0.1,2,47,val,True,6,639,18,0.737385936661299
Tox21,0.1,2,47,val,True,7,572,91,0.7306892691508077
Tox21,0.1,2,47,val,True,8,699,28,0.780604641260379
Tox21,0.1,2,47,val,True,9,643,35,0.6736372180451127
Tox21,0.1,2,47,val,True,10,564,111,0.8230018097567767
Tox21,0.1,2,47,val,True,11,665,43,0.8248710087489718
Tox21,0.1,2,47,test,False,0,784,18,0.7792283144763562
Tox21,0.1,2,47,test,False,1,784,18,0.7453582825645488
Tox21,0.1,2,47,test,False,2,784,76,0.8578092476955099
Tox21,0.1,2,47,test,False,3,784,30,0.7244031830238726
Tox21,0.1,2,47,test,False,4,784,88,0.7289870689655173
Tox21,0.1,2,47,test,False,5,784,39,0.8342798141455859
Tox21,0.1,2,47,test,False,6,784,30,0.736870026525199
Tox21,0.1,2,47,test,False,7,784,99,0.7112880631128806
Tox21,0.1,2,47,test,False,8,784,36,0.8044786096256684
Tox21,0.1,2,47,test,False,9,784,40,0.7559811827956989
Tox21,0.1,2,47,test,False,10,784,103,0.8111999771894558
Tox21,0.1,2,47,test,False,11,784,48,0.7463201992753623
Tox21,0.1,2,47,test,True,0,736,18,0.7841225626740946
Tox21,0.1,2,47,test,True,1,670,18,0.7527266530334015
Tox21,0.1,2,47,test,True,2,668,76,0.8716216216216217
Tox21,0.1,2,47,test,True,3,564,30,0.7749687890137329
Tox21,0.1,2,47,test,True,4,620,88,0.7371197881066301
Tox21,0.1,2,47,test,True,5,701,39,0.8427453714462778
Tox21,0.1,2,47,test,True,6,646,30,0.7544913419913419
Tox21,0.1,2,47,test,True,7,569,99,0.7418439716312056
Tox21,0.1,2,47,test,True,8,710,36,0.8078222881635345
Tox21,0.1,2,47,test,True,9,649,40,0.7658045977011495
Tox21,0.1,2,47,test,True,10,601,103,0.8329434241821656
Tox21,0.1,2,47,test,True,11,681,48,0.7566153238546603
Tox21,0.1,2,48,val,False,0,783,35,0.7587853323147442
Tox21,0.1,2,48,val,False,1,783,28,0.8403027436140018
Tox21,0.1,2,48,val,False,2,783,79,0.852560414269275
Tox21,0.1,2,48,val,False,3,783,38,0.7681737901801484
Tox21,0.1,2,48,val,False,4,783,91,0.706456837959728
Tox21,0.1,2,48,val,False,5,783,46,0.7698955813816294
Tox21,0.1,2,48,val,False,6,783,18,0.7127814088598401
Tox21,0.1,2,48,val,False,7,783,91,0.6914660484024644
Tox21,0.1,2,48,val,False,8,783,28,0.7812204351939452
Tox21,0.1,2,48,val,False,9,783,35,0.668411000763942
Tox21,0.1,2,48,val,False,10,783,111,0.792953667953668
Tox21,0.1,2,48,val,False,11,783,43,0.811659333752357
Tox21,0.1,2,48,val,True,0,724,35,0.7603151565415716
Tox21,0.1,2,48,val,True,1,663,28,0.8448818897637795
Tox21,0.1,2,48,val,True,2,644,79,0.8730144505432957
Tox21,0.1,2,48,val,True,3,573,38,0.806345302508608
Tox21,0.1,2,48,val,True,4,609,91,0.7154737154737155
Tox21,0.1,2,48,val,True,5,686,46,0.7773777173913045
Tox21,0.1,2,48,val,True,6,639,18,0.7363571300769368
Tox21,0.1,2,48,val,True,7,572,91,0.7307806538575768
Tox21,0.1,2,48,val,True,8,699,28,0.7799127102405791
Tox21,0.1,2,48,val,True,9,643,35,0.6750469924812029
Tox21,0.1,2,48,val,True,10,564,111,0.8231012469423066
Tox21,0.1,2,48,val,True,11,665,43,0.823412846780827
Tox21,0.1,2,48,test,False,0,784,18,0.7787206266318538
Tox21,0.1,2,48,test,False,1,784,18,0.7465912387583405
Tox21,0.1,2,48,test,False,2,784,76,0.8585898007731192
Tox21,0.1,2,48,test,False,3,784,30,0.7286472148541114
Tox21,0.1,2,48,test,False,4,784,88,0.7274523249738767
Tox21,0.1,2,48,test,False,5,784,39,0.8342109791774222
Tox21,0.1,2,48,test,False,6,784,30,0.7370468611847923
Tox21,0.1,2,48,test,False,7,784,99,0.7119516331195164
Tox21,0.1,2,48,test,False,8,784,36,0.806781045751634
Tox21,0.1,2,48,test,False,9,784,40,0.7563844086021505
Tox21,0.1,2,48,test,False,10,784,103,0.8118272671542421
Tox21,0.1,2,48,test,False,11,784,48,0.7460088315217391
Tox21,0.1,2,48,test,True,0,736,18,0.7835809346951408
Tox21,0.1,2,48,test,True,1,670,18,0.7539195637355147
Tox21,0.1,2,48,test,True,2,668,76,0.8724439900426743
Tox21,0.1,2,48,test,True,3,564,30,0.7796504369538078
Tox21,0.1,2,48,test,True,4,620,88,0.7356032125768968
Tox21,0.1,2,48,test,True,5,701,39,0.8425904407777519
Tox21,0.1,2,48,test,True,6,646,30,0.7547619047619047
Tox21,0.1,2,48,test,True,7,569,99,0.7430260047281323
Tox21,0.1,2,48,test,True,8,710,36,0.8100065941312232
Tox21,0.1,2,48,test,True,9,649,40,0.7665024630541872
Tox21,0.1,2,48,test,True,10,601,103,0.8334113151635669
Tox21,0.1,2,48,test,True,11,681,48,0.7563191153238548
Tox21,0.1,2,49,val,False,0,783,35,0.7585179526355996
Tox21,0.1,2,49,val,False,1,783,28,0.8397350993377484
Tox21,0.1,2,49,val,False,2,783,79,0.8524345512082854
Tox21,0.1,2,49,val,False,3,783,38,0.7707877075238432
Tox21,0.1,2,49,val,False,4,783,91,0.70583751508607
Tox21,0.1,2,49,val,False,5,783,46,0.7696301103179753
Tox21,0.1,2,49,val,False,6,783,18,0.7119099491648512
Tox21,0.1,2,49,val,False,7,783,91,0.691593088991933
Tox21,0.1,2,49,val,False,8,783,28,0.7807000946073793
Tox21,0.1,2,49,val,False,9,783,35,0.66951871657754
Tox21,0.1,2,49,val,False,10,783,111,0.7928598241098241
Tox21,0.1,2,49,val,False,11,783,43,0.8119736015084853
Tox21,0.1,2,49,val,True,0,724,35,0.7599419448476052
Tox21,0.1,2,49,val,True,1,663,28,0.8443194600674916
Tox21,0.1,2,49,val,True,2,644,79,0.8729920466002016
Tox21,0.1,2,49,val,True,3,573,38,0.808903098868667
Tox21,0.1,2,49,val,True,4,609,91,0.7148372862658577
Tox21,0.1,2,49,val,True,5,686,46,0.7769701086956522
Tox21,0.1,2,49,val,True,6,639,18,0.7350152084451602
Tox21,0.1,2,49,val,True,7,572,91,0.7308491923876539
Tox21,0.1,2,49,val,True,8,699,28,0.7795933574622099
Tox21,0.1,2,49,val,True,9,643,35,0.6758458646616541
Tox21,0.1,2,49,val,True,10,564,111,0.8232006841278363
Tox21,0.1,2,49,val,True,11,665,43,0.8237867344649668
Tox21,0.1,2,49,test,False,0,784,18,0.7792283144763562
Tox21,0.1,2,49,test,False,1,784,18,0.7440527995358283
Tox21,0.1,2,49,test,False,2,784,76,0.8593517692536425
Tox21,0.1,2,49,test,False,3,784,30,0.7320070733863837
Tox21,0.1,2,49,test,False,4,784,88,0.7268318965517241
Tox21,0.1,2,49,test,False,5,784,39,0.8332472896231284
Tox21,0.1,2,49,test,False,6,784,30,0.737842617152962
Tox21,0.1,2,49,test,False,7,784,99,0.7127331711273317
Tox21,0.1,2,49,test,False,8,784,36,0.807003862150921
Tox21,0.1,2,49,test,False,9,784,40,0.7593077956989248
Tox21,0.1,2,49,test,False,10,784,103,0.8124545571190283
Tox21,0.1,2,49,test,False,11,784,48,0.7453294836956522
Tox21,0.1,2,49,test,True,0,736,18,0.7838130609718353
Tox21,0.1,2,49,test,True,1,670,18,0.751618950238582
Tox21,0.1,2,49,test,True,2,668,76,0.8730440967283073
Tox21,0.1,2,49,test,True,3,564,30,0.782334581772784
Tox21,0.1,2,49,test,True,4,620,88,0.734941045796309
Tox21,0.1,2,49,test,True,5,701,39,0.8415446587652026
Tox21,0.1,2,49,test,True,6,646,30,0.7562229437229437
Tox21,0.1,2,49,test,True,7,569,99,0.7439286481839675
Tox21,0.1,2,49,test,True,8,710,36,0.8103363006923838
Tox21,0.1,2,49,test,True,9,649,40,0.7695402298850575
Tox21,0.1,2,49,test,True,10,601,103,0.8338987016025265
Tox21,0.1,2,49,test,True,11,681,48,0.7556608741442865
