dataset,alpha,seed,round,split,masked,task,n,positives,auc
Tox21,1.0,0,0,val,False,0,783,35,0.6559969442322384
Tox21,1.0,0,0,val,False,1,783,28,0.7816934720908232
Tox21,1.0,0,0,val,False,2,783,79,0.8263988780207135
Tox21,1.0,0,0,val,False,3,783,38,0.6452843518191452
Tox21,1.0,0,0,val,False,4,783,91,0.580908975417646
Tox21,1.0,0,0,val,False,5,783,46,0.5767801309657248
Tox21,1.0,0,0,val,False,6,783,18,0.6403050108932462
Tox21,1.0,0,0,val,False,7,783,91,0.6338213809312077
Tox21,1.0,0,0,val,False,8,783,28,0.7236991485335856
Tox21,1.0,0,0,val,False,9,783,35,0.5181436210847976
Tox21,1.0,0,0,val,False,10,783,111,0.6552177177177176
Tox21,1.0,0,0,val,False,11,783,43,0.5695945945945946
Tox21,1.0,0,0,val,True,0,724,35,0.6515861496993572
Tox21,1.0,0,0,val,True,1,663,28,0.7744094488188976
Tox21,1.0,0,0,val,True,2,644,79,0.8433292259437661
Tox21,1.0,0,0,val,True,3,573,38,0.6761928184948351
Tox21,1.0,0,0,val,True,4,609,91,0.5987101701387416
Tox21,1.0,0,0,val,True,5,686,46,0.5915081521739131
Tox21,1.0,0,0,val,True,6,639,18,0.6595992127393093
Tox21,1.0,0,0,val,True,7,572,91,0.648328802174956
Tox21,1.0,0,0,val,True,8,699,28,0.7252501596763892
Tox21,1.0,0,0,val,True,9,643,35,0.4899436090225564
Tox21,1.0,0,0,val,True,10,564,111,0.6895968816498618
Tox21,1.0,0,0,val,True,11,665,43,0.5731137366335153
Tox21,1.0,0,0,test,False,0,784,18,0.6862126486800116
Tox21,1.0,0,0,test,False,1,784,18,0.6667391935015957
Tox21,1.0,0,0,test,False,2,784,76,0.8005315194766578
Tox21,1.0,0,0,test,False,3,784,30,0.5476127320954907
Tox21,1.0,0,0,test,False,4,784,88,0.6378167450365726
Tox21,1.0,0,0,test,False,5,784,39,0.5902254345207365
Tox21,1.0,0,0,test,False,6,784,30,0.628735632183908
Tox21,1.0,0,0,test,False,7,784,99,0.6032736120327361
Tox21,1.0,0,0,test,False,8,784,36,0.713031045751634
Tox21,1.0,0,0,test,False,9,784,40,0.502016129032258
Tox21,1.0,0,0,test,False,10,784,103,0.6958641632094436
Tox21,1.0,0,0,test,False,11,784,48,0.6532495471014494
Tox21,1.0,0,0,test,True,0,736,18,0.6830315691736305
Tox21,1.0,0,0,test,True,1,670,18,0.6617246080436264
Tox21,1.0,0,0,test,True,2,668,76,0.8141669630156473
Tox21,1.0,0,0,test,True,3,564,30,0.5885767790262172
Tox21,1.0,0,0,test,True,4,620,88,0.660158920027341
Tox21,1.0,0,0,test,True,5,701,39,0.5991943605236657
Tox21,1.0,0,0,test,True,6,646,30,0.6440476190476191
Tox21,1.0,0,0,test,True,7,569,99,0.6141091768751343
Tox21,1.0,0,0,test,True,8,710,36,0.7161020441806792
Tox21,1.0,0,0,test,True,9,649,40,0.49334975369458134
Tox21,1.0,0,0,test,True,10,601,103,0.7139821421608766
Tox21,1.0,0,0,test,True,11,681,48,0.6575171142706688
Tox21,1.0,0,1,val,False,0,783,35,0.6983957219251337
Tox21,1.0,0,1,val,False,1,783,28,0.7765610217596972
Tox21,1.0,0,1,val,False,2,783,79,0.8296353567318757
Tox21,1.0,0,1,val,False,3,783,38,0.6646414694454257
Tox21,1.0,0,1,val,False,4,783,91,0.5850854347964175
Tox21,1.0,0,1,val,False,5,783,46,0.5868680313845791
Tox21,1.0,0,1,val,False,6,783,18,0.6249092229484388
Tox21,1.0,0,1,val,False,7,783,91,0.6370767960363336
Tox21,1.0,0,1,val,False,8,783,28,0.7295648060548723
Tox21,1.0,0,1,val,False,9,783,35,0.5218487394957982
Tox21,1.0,0,1,val,False,10,783,111,0.6600975975975976
Tox21,1.0,0,1,val,False,11,783,43,0.6191074795725959
Tox21,1.0,0,1,val,True,0,724,35,0.6953763217914162
Tox21,1.0,0,1,val,True,1,663,28,0.7715691788526435
Tox21,1.0,0,1,val,True,2,644,79,0.8466674134647698
Tox21,1.0,0,1,val,True,3,573,38,0.6984751598622725
Tox21,1.0,0,1,val,True,4,609,91,0.6032924604353176
Tox21,1.0,0,1,val,True,5,686,46,0.6012907608695652
Tox21,1.0,0,1,val,True,6,639,18,0.6434961531579889
Tox21,1.0,0,1,val,True,7,572,91,0.6509332663178817
Tox21,1.0,0,1,val,True,8,699,28,0.7316904407068341
Tox21,1.0,0,1,val,True,9,643,35,0.512734962406015
Tox21,1.0,0,1,val,True,10,564,111,0.6951057017282183
Tox21,1.0,0,1,val,True,11,665,43,0.6240185448291333
Tox21,1.0,0,1,test,False,0,784,18,0.73585726718886
Tox21,1.0,0,1,test,False,1,784,18,0.648317377429649
Tox21,1.0,0,1,test,False,2,784,76,0.8059582218257508
Tox21,1.0,0,1,test,False,3,784,30,0.5652961980548187
Tox21,1.0,0,1,test,False,4,784,88,0.6412454284221526
Tox21,1.0,0,1,test,False,5,784,39,0.601996214076751
Tox21,1.0,0,1,test,False,6,784,30,0.6217506631299734
Tox21,1.0,0,1,test,False,7,784,99,0.604777704047777
Tox21,1.0,0,1,test,False,8,784,36,0.7152777777777778
Tox21,1.0,0,1,test,False,9,784,40,0.512130376344086
Tox21,1.0,0,1,test,False,10,784,103,0.7013101806309966
Tox21,1.0,0,1,test,False,11,784,48,0.6657891757246377
Tox21,1.0,0,1,test,True,0,736,18,0.735917672547199
Tox21,1.0,0,1,test,True,1,670,18,0.6448534423994546
Tox21,1.0,0,1,test,True,2,668,76,0.8198124110953058
Tox21,1.0,0,1,test,True,3,564,30,0.6063670411985018
Tox21,1.0,0,1,test,True,4,620,88,0.6641532809295968
Tox21,1.0,0,1,test,True,5,701,39,0.6111240220001548
Tox21,1.0,0,1,test,True,6,646,30,0.6375
Tox21,1.0,0,1,test,True,7,569,99,0.6142488716956802
Tox21,1.0,0,1,test,True,8,710,36,0.7188839432904716
Tox21,1.0,0,1,test,True,9,649,40,0.5046387520525452
Tox21,1.0,0,1,test,True,10,601,103,0.7198892658010683
Tox21,1.0,0,1,test,True,11,681,48,0.6710110584518167
Tox21,1.0,0,2,val,False,0,783,35,0.7233384262796028
Tox21,1.0,0,2,val,False,1,783,28,0.7739829706717125
Tox21,1.0,0,2,val,False,2,783,79,0.833483170310702
Tox21,1.0,0,2,val,False,3,783,38,0.6770929000353232
Tox21,1.0,0,2,val,False,4,783,91,0.5922473480276949
Tox21,1.0,0,2,val,False,5,783,46,0.6308182408117515
Tox21,1.0,0,2,val,False,6,783,18,0.6183006535947713
Tox21,1.0,0,2,val,False,7,783,91,0.6417296576256114
Tox21,1.0,0,2,val,False,8,783,28,0.7366130558183538
Tox21,1.0,0,2,val,False,9,783,35,0.5312452253628724
Tox21,1.0,0,2,val,False,10,783,111,0.6679804804804804
Tox21,1.0,0,2,val,False,11,783,43,0.6512884978001257
Tox21,1.0,0,2,val,True,0,724,35,0.7206303130831433
Tox21,1.0,0,2,val,True,1,663,28,0.7702474690663668
Tox21,1.0,0,2,val,True,2,644,79,0.850588103506217
Tox21,1.0,0,2,val,True,3,573,38,0.7131087063453025
Tox21,1.0,0,2,val,True,4,609,91,0.6108023250880393
Tox21,1.0,0,2,val,True,5,686,46,0.6437839673913044
Tox21,1.0,0,2,val,True,6,639,18,0.6332975487564859
Tox21,1.0,0,2,val,True,7,572,91,0.6563706563706564
Tox21,1.0,0,2,val,True,8,699,28,0.7390887800723867
Tox21,1.0,0,2,val,True,9,643,35,0.5223684210526316
Tox21,1.0,0,2,val,True,10,564,111,0.7030209016963984
Tox21,1.0,0,2,val,True,11,665,43,0.657369326254393
Tox21,1.0,0,2,test,False,0,784,18,0.7650130548302871
Tox21,1.0,0,2,test,False,1,784,18,0.6219176095155207
Tox21,1.0,0,2,test,False,2,784,76,0.8083928040440084
Tox21,1.0,0,2,test,False,3,784,30,0.5855879752431477
Tox21,1.0,0,2,test,False,4,784,88,0.6508620689655172
Tox21,1.0,0,2,test,False,5,784,39,0.6360695233178455
Tox21,1.0,0,2,test,False,6,784,30,0.6257294429708222
Tox21,1.0,0,2,test,False,7,784,99,0.6075794440757943
Tox21,1.0,0,2,test,False,8,784,36,0.7189171122994652
Tox21,1.0,0,2,test,False,9,784,40,0.5119623655913978
Tox21,1.0,0,2,test,False,10,784,103,0.710662503742355
Tox21,1.0,0,2,test,False,11,784,48,0.6758378623188407
Tox21,1.0,0,2,test,True,0,736,18,0.7652429588362736
Tox21,1.0,0,2,test,True,1,670,18,0.619120654396728
Tox21,1.0,0,2,test,True,2,668,76,0.8225462304409673
Tox21,1.0,0,2,test,True,3,564,30,0.6274032459425718
Tox21,1.0,0,2,test,True,4,620,88,0.6744275461380725
Tox21,1.0,0,2,test,True,5,701,39,0.6455186304128903
Tox21,1.0,0,2,test,True,6,646,30,0.6416125541125541
Tox21,1.0,0,2,test,True,7,569,99,0.6172791747259833
Tox21,1.0,0,2,test,True,8,710,36,0.7225519287833827
Tox21,1.0,0,2,test,True,9,649,40,0.5042282430213465
Tox21,1.0,0,2,test,True,10,601,103,0.7300269037314306
Tox21,1.0,0,2,test,True,11,681,48,0.6808846761453398
Tox21,1.0,0,3,val,False,0,783,35,0.7411764705882352
Tox21,1.0,0,3,val,False,1,783,28,0.7736518448438978
Tox21,1.0,0,3,val,False,2,783,79,0.8370972382048332
Tox21,1.0,0,3,val,False,3,783,38,0.6896856234546097
Tox21,1.0,0,3,val,False,4,783,91,0.6185923902686908
Tox21,1.0,0,3,val,False,5,783,46,0.6858444929502684
Tox21,1.0,0,3,val,False,6,783,18,0.5950254175744372
Tox21,1.0,0,3,val,False,7,783,91,0.6456043956043955
Tox21,1.0,0,3,val,False,8,783,28,0.7336329233680228
Tox21,1.0,0,3,val,False,9,783,35,0.5353514132925898
Tox21,1.0,0,3,val,False,10,783,111,0.6825933075933077
Tox21,1.0,0,3,val,False,11,783,43,0.6818353236957888
Tox21,1.0,0,3,val,True,0,724,35,0.7380468588015758
Tox21,1.0,0,3,val,True,1,663,28,0.7730033745781777
Tox21,1.0,0,3,val,True,2,644,79,0.8546208132631343
Tox21,1.0,0,3,val,True,3,573,38,0.7286276438760453
Tox21,1.0,0,3,val,True,4,609,91,0.6382112096397811
Tox21,1.0,0,3,val,True,5,686,46,0.697367527173913
Tox21,1.0,0,3,val,True,6,639,18,0.6057881553050635
Tox21,1.0,0,3,val,True,7,572,91,0.6611455072993535
Tox21,1.0,0,3,val,True,8,699,28,0.7356291249733873
Tox21,1.0,0,3,val,True,9,643,35,0.5262922932330827
Tox21,1.0,0,3,val,True,10,564,111,0.717419406161128
Tox21,1.0,0,3,val,True,11,665,43,0.6892993344799223
Tox21,1.0,0,3,test,False,0,784,18,0.8014940527995358
Tox21,1.0,0,3,test,False,1,784,18,0.6317812590658544
Tox21,1.0,0,3,test,False,2,784,76,0.8107344632768362
Tox21,1.0,0,3,test,False,3,784,30,0.601370468611848
Tox21,1.0,0,3,test,False,4,784,88,0.6735485240334379
Tox21,1.0,0,3,test,False,5,784,39,0.6839786611598692
Tox21,1.0,0,3,test,False,6,784,30,0.6336427939876215
Tox21,1.0,0,3,test,False,7,784,99,0.6108972941089731
Tox21,1.0,0,3,test,False,8,784,36,0.7283125371360666
Tox21,1.0,0,3,test,False,9,784,40,0.5177755376344086
Tox21,1.0,0,3,test,False,10,784,103,0.7244343697874341
Tox21,1.0,0,3,test,False,11,784,48,0.6947180706521738
Tox21,1.0,0,3,test,True,0,736,18,0.8015320334261838
Tox21,1.0,0,3,test,True,1,670,18,0.6296012269938649
Tox21,1.0,0,3,test,True,2,668,76,0.825080014224751
Tox21,1.0,0,3,test,True,3,564,30,0.6436953807740325
Tox21,1.0,0,3,test,True,4,620,88,0.6964392515379357
Tox21,1.0,0,3,test,True,5,701,39,0.6930048803160586
Tox21,1.0,0,3,test,True,6,646,30,0.6477813852813853
Tox21,1.0,0,3,test,True,7,569,99,0.6214055448098001
Tox21,1.0,0,3,test,True,8,710,36,0.7319897790966039
Tox21,1.0,0,3,test,True,9,649,40,0.5095238095238095
Tox21,1.0,0,3,test,True,10,601,103,0.7441611104612625
Tox21,1.0,0,3,test,True,11,681,48,0.700269878883623
Tox21,1.0,0,4,val,False,0,783,35,0.7539724980901451
Tox21,1.0,0,4,val,False,1,783,28,0.7877956480605487
Tox21,1.0,0,4,val,False,2,783,79,0.8397763233601842
Tox21,1.0,0,4,val,False,3,783,38,0.695337336630166
Tox21,1.0,0,4,val,False,4,783,91,0.6539414342882551
Tox21,1.0,0,4,val,False,5,783,46,0.7393664090614123
Tox21,1.0,0,4,val,False,6,783,18,0.5731299927378358
Tox21,1.0,0,4,val,False,7,783,91,0.6484310487200661
Tox21,1.0,0,4,val,False,8,783,28,0.7326395458845789
Tox21,1.0,0,4,val,False,9,783,35,0.5416730328495034
Tox21,1.0,0,4,val,False,10,783,111,0.7008258258258258
Tox21,1.0,0,4,val,False,11,783,43,0.6988372093023256
Tox21,1.0,0,4,val,True,0,724,35,0.7530997304582209
Tox21,1.0,0,4,val,True,1,663,28,0.7897075365579302
Tox21,1.0,0,4,val,True,2,644,79,0.858093424442702
Tox21,1.0,0,4,val,True,3,573,38,0.7373831775700934
Tox21,1.0,0,4,val,True,4,609,91,0.6736603165174593
Tox21,1.0,0,4,val,True,5,686,46,0.7502377717391304
Tox21,1.0,0,4,val,True,6,639,18,0.5813204508856682
Tox21,1.0,0,4,val,True,7,572,91,0.666240204701743
Tox21,1.0,0,4,val,True,8,699,28,0.7351500958058335
Tox21,1.0,0,4,val,True,9,643,35,0.5349624060150376
Tox21,1.0,0,4,val,True,10,564,111,0.7348010261917546
Tox21,1.0,0,4,val,True,11,665,43,0.7072459433186271
Tox21,1.0,0,4,test,False,0,784,18,0.8173049028140412
Tox21,1.0,0,4,test,False,1,784,18,0.655932695097186
Tox21,1.0,0,4,test,False,2,784,76,0.8117194469223907
Tox21,1.0,0,4,test,False,3,784,30,0.610079575596817
Tox21,1.0,0,4,test,False,4,784,88,0.690398053814002
Tox21,1.0,0,4,test,False,5,784,39,0.724694544828773
Tox21,1.0,0,4,test,False,6,784,30,0.6239389920424403
Tox21,1.0,0,4,test,False,7,784,99,0.613625304136253
Tox21,1.0,0,4,test,False,8,784,36,0.7332887700534759
Tox21,1.0,0,4,test,False,9,784,40,0.5242271505376345
Tox21,1.0,0,4,test,False,10,784,103,0.7343141867328172
Tox21,1.0,0,4,test,False,11,784,48,0.7102015398550725
Tox21,1.0,0,4,test,True,0,736,18,0.8186320024760136
Tox21,1.0,0,4,test,True,1,670,18,0.6571233810497614
Tox21,1.0,0,4,test,True,2,668,76,0.8265469416785207
Tox21,1.0,0,4,test,True,3,564,30,0.6524968789013733
Tox21,1.0,0,4,test,True,4,620,88,0.7112525632262474
Tox21,1.0,0,4,test,True,5,701,39,0.7323572701216204
Tox21,1.0,0,4,test,True,6,646,30,0.6364989177489176
Tox21,1.0,0,4,test,True,7,569,99,0.6253814743176445
Tox21,1.0,0,4,test,True,8,710,36,0.7367705242334323
Tox21,1.0,0,4,test,True,9,649,40,0.5166666666666666
Tox21,1.0,0,4,test,True,10,601,103,0.7543572347642998
Tox21,1.0,0,4,test,True,11,681,48,0.7159689310163244
Tox21,1.0,0,5,val,False,0,783,35,0.7617265087853324
Tox21,1.0,0,5,val,False,1,783,28,0.8027436140018922
Tox21,1.0,0,5,val,False,2,783,79,0.8422216628308401
Tox21,1.0,0,5,val,False,3,783,38,0.6966796185093607
Tox21,1.0,0,5,val,False,4,783,91,0.6716318363717206
Tox21,1.0,0,5,val,False,5,783,46,0.7606040941537373
Tox21,1.0,0,5,val,False,6,783,18,0.5656499636891793
Tox21,1.0,0,5,val,False,7,783,91,0.6497014546147495
Tox21,1.0,0,5,val,False,8,783,28,0.739593188268685
Tox21,1.0,0,5,val,False,9,783,35,0.5464285714285715
Tox21,1.0,0,5,val,False,10,783,111,0.7141248391248392
Tox21,1.0,0,5,val,False,11,783,43,0.7257385292269014
Tox21,1.0,0,5,val,True,0,724,35,0.7618494712834335
Tox21,1.0,0,5,val,True,1,663,28,0.8053993250843644
Tox21,1.0,0,5,val,True,2,644,79,0.8613195922482356
Tox21,1.0,0,5,val,True,3,573,38,0.7393507132316774
Tox21,1.0,0,5,val,True,4,609,91,0.6916712630998346
Tox21,1.0,0,5,val,True,5,686,46,0.7720448369565217
Tox21,1.0,0,5,val,True,6,639,18,0.5748792270531401
Tox21,1.0,0,5,val,True,7,572,91,0.6698042082657467
Tox21,1.0,0,5,val,True,8,699,28,0.7427613370236321
Tox21,1.0,0,5,val,True,9,643,35,0.5427866541353383
Tox21,1.0,0,5,val,True,10,564,111,0.7479863969930195
Tox21,1.0,0,5,val,True,11,665,43,0.7340536902714424
Tox21,1.0,0,5,test,False,0,784,18,0.8215114592399186
Tox21,1.0,0,5,test,False,1,784,18,0.6786335944299391
Tox21,1.0,0,5,test,False,2,784,76,0.8132991376746952
Tox21,1.0,0,5,test,False,3,784,30,0.6148541114058356
Tox21,1.0,0,5,test,False,4,784,88,0.6952227011494252
Tox21,1.0,0,5,test,False,5,784,39,0.7389778007227672
Tox21,1.0,0,5,test,False,6,784,30,0.6145004420866489
Tox21,1.0,0,5,test,False,7,784,99,0.6161763621617635
Tox21,1.0,0,5,test,False,8,784,36,0.7303921568627451
Tox21,1.0,0,5,test,False,9,784,40,0.541633064516129
Tox21,1.0,0,5,test,False,10,784,103,0.7368233465919622
Tox21,1.0,0,5,test,False,11,784,48,0.722458106884058
Tox21,1.0,0,5,test,True,0,736,18,0.8236614051377282
Tox21,1.0,0,5,test,True,1,670,18,0.6817484662576687
Tox21,1.0,0,5,test,True,2,668,76,0.828125
Tox21,1.0,0,5,test,True,3,564,30,0.6599250936329588
Tox21,1.0,0,5,test,True,4,620,88,0.7148624401913877
Tox21,1.0,0,5,test,True,5,701,39,0.7463397629560772
Tox21,1.0,0,5,test,True,6,646,30,0.6267857142857143
Tox21,1.0,0,5,test,True,7,569,99,0.630066623683645
Tox21,1.0,0,5,test,True,8,710,36,0.7338855918232773
Tox21,1.0,0,5,test,True,9,649,40,0.5364532019704433
Tox21,1.0,0,5,test,True,10,601,103,0.7581978399033026
Tox21,1.0,0,5,test,True,11,681,48,0.7296932596103212
Tox21,1.0,0,6,val,False,0,783,35,0.7614973262032085
Tox21,1.0,0,6,val,False,1,783,28,0.8071428571428572
Tox21,1.0,0,6,val,False,2,783,79,0.8450266110471807
Tox21,1.0,0,6,val,False,3,783,38,0.6990815966089721
Tox21,1.0,0,6,val,False,4,783,91,0.6774201232293718
Tox21,1.0,0,6,val,False,5,783,46,0.7694088844315969
Tox21,1.0,0,6,val,False,6,783,18,0.5619462599854756
Tox21,1.0,0,6,val,False,7,783,91,0.6522422664041161
Tox21,1.0,0,6,val,False,8,783,28,0.7560548722800378
Tox21,1.0,0,6,val,False,9,783,35,0.5482429335370511
Tox21,1.0,0,6,val,False,10,783,111,0.7231472543972544
Tox21,1.0,0,6,val,False,11,783,43,0.7482715273412948
Tox21,1.0,0,6,val,True,0,724,35,0.7613933236574746
Tox21,1.0,0,6,val,True,1,663,28,0.8110236220472441
Tox21,1.0,0,6,val,True,2,644,79,0.8650386468018372
Tox21,1.0,0,6,val,True,3,573,38,0.7411214953271028
Tox21,1.0,0,6,val,True,4,609,91,0.6970278755993042
Tox21,1.0,0,6,val,True,5,686,46,0.7801970108695653
Tox21,1.0,0,6,val,True,6,639,18,0.5729110753265343
Tox21,1.0,0,6,val,True,7,572,91,0.6755385986155217
Tox21,1.0,0,6,val,True,8,699,28,0.7589418777943368
Tox21,1.0,0,6,val,True,9,643,35,0.5473684210526315
Tox21,1.0,0,6,val,True,10,564,111,0.7561601336435774
Tox21,1.0,0,6,val,True,11,665,43,0.755926119793614
Tox21,1.0,0,6,test,False,0,784,18,0.8186103858427618
Tox21,1.0,0,6,test,False,1,784,18,0.7018421816071947
Tox21,1.0,0,6,test,False,2,784,76,0.8140425215581326
Tox21,1.0,0,6,test,False,3,784,30,0.6206454465075156
Tox21,1.0,0,6,test,False,4,784,88,0.694014498432602
Tox21,1.0,0,6,test,False,5,784,39,0.7449664429530202
Tox21,1.0,0,6,test,False,6,784,30,0.6065870910698496
Tox21,1.0,0,6,test,False,7,784,99,0.6213079702130797
Tox21,1.0,0,6,test,False,8,784,36,0.7304664289958409
Tox21,1.0,0,6,test,False,9,784,40,0.5555107526881721
Tox21,1.0,0,6,test,False,10,784,103,0.7358824116447829
Tox21,1.0,0,6,test,False,11,784,48,0.7258831521739131
Tox21,1.0,0,6,test,True,0,736,18,0.8215722686474775
Tox21,1.0,0,6,test,True,1,670,18,0.7069700068166326
Tox21,1.0,0,6,test,True,2,668,76,0.828680654338549
Tox21,1.0,0,6,test,True,3,564,30,0.6675405742821473
Tox21,1.0,0,6,test,True,4,620,88,0.7139225905673274
Tox21,1.0,0,6,test,True,5,701,39,0.7528855837012937
Tox21,1.0,0,6,test,True,6,646,30,0.6181818181818182
Tox21,1.0,0,6,test,True,7,569,99,0.637631635503976
Tox21,1.0,0,6,test,True,8,710,36,0.7340504451038576
Tox21,1.0,0,6,test,True,9,649,40,0.5511083743842364
Tox21,1.0,0,6,test,True,10,601,103,0.7585877490544702
Tox21,1.0,0,6,test,True,11,681,48,0.732885729331227
Tox21,1.0,0,7,val,False,0,783,35,0.750305576776165
Tox21,1.0,0,7,val,False,1,783,28,0.8056764427625355
Tox21,1.0,0,7,val,False,2,783,79,0.8488384637514383
Tox21,1.0,0,7,val,False,3,783,38,0.6995761215118332
Tox21,1.0,0,7,val,False,4,783,91,0.6797624340976942
Tox21,1.0,0,7,val,False,5,783,46,0.7742316087546457
Tox21,1.0,0,7,val,False,6,783,18,0.5644153957879448
Tox21,1.0,0,7,val,False,7,783,91,0.6571333290986471
Tox21,1.0,0,7,val,False,8,783,28,0.7680227057710501
Tox21,1.0,0,7,val,False,9,783,35,0.5478991596638656
Tox21,1.0,0,7,val,False,10,783,111,0.7284829472329473
Tox21,1.0,0,7,val,False,11,783,43,0.7604651162790698
Tox21,1.0,0,7,val,True,0,724,35,0.7511092680904001
Tox21,1.0,0,7,val,True,1,663,28,0.8107424071991001
Tox21,1.0,0,7,val,True,2,644,79,0.8698330906239496
Tox21,1.0,0,7,val,True,3,573,38,0.7395966551893753
Tox21,1.0,0,7,val,True,4,609,91,0.6997326997326997
Tox21,1.0,0,7,val,True,5,686,46,0.7850883152173913
Tox21,1.0,0,7,val,True,6,639,18,0.5763106101270352
Tox21,1.0,0,7,val,True,7,572,91,0.6841059148751456
Tox21,1.0,0,7,val,True,8,699,28,0.7707579305939961
Tox21,1.0,0,7,val,True,9,643,35,0.5510808270676693
Tox21,1.0,0,7,val,True,10,564,111,0.7608933436748005
Tox21,1.0,0,7,val,True,11,665,43,0.7688626336648471
Tox21,1.0,0,7,test,False,0,784,18,0.806063243400058
Tox21,1.0,0,7,test,False,1,784,18,0.71968378299971
Tox21,1.0,0,7,test,False,2,784,76,0.8165700267618198
Tox21,1.0,0,7,test,False,3,784,30,0.6190981432360743
Tox21,1.0,0,7,test,False,4,784,88,0.6921858672936259
Tox21,1.0,0,7,test,False,5,784,39,0.745826880055068
Tox21,1.0,0,7,test,False,6,784,30,0.6040229885057472
Tox21,1.0,0,7,test,False,7,784,99,0.6277667182776671
Tox21,1.0,0,7,test,False,8,784,36,0.7308377896613191
Tox21,1.0,0,7,test,False,9,784,40,0.5657594086021506
Tox21,1.0,0,7,test,False,10,784,103,0.7375076629171834
Tox21,1.0,0,7,test,False,11,784,48,0.7235054347826086
Tox21,1.0,0,7,test,True,0,736,18,0.8084184463014547
Tox21,1.0,0,7,test,True,1,670,18,0.7263122017723246
Tox21,1.0,0,7,test,True,2,668,76,0.831103307254623
Tox21,1.0,0,7,test,True,3,564,30,0.665980024968789
Tox21,1.0,0,7,test,True,4,620,88,0.7125982570061518
Tox21,1.0,0,7,test,True,5,701,39,0.7540862963823688
Tox21,1.0,0,7,test,True,6,646,30,0.6147727272727272
Tox21,1.0,0,7,test,True,7,569,99,0.6455405114979583
Tox21,1.0,0,7,test,True,8,710,36,0.7343801516650181
Tox21,1.0,0,7,test,True,9,649,40,0.5616995073891625
Tox21,1.0,0,7,test,True,10,601,103,0.761921472296955
Tox21,1.0,0,7,test,True,11,681,48,0.7304502369668247
Tox21,1.0,0,8,val,False,0,783,35,0.7435064935064936
Tox21,1.0,0,8,val,False,1,783,28,0.8063859981078524
Tox21,1.0,0,8,val,False,2,783,79,0.8523446490218642
Tox21,1.0,0,8,val,False,3,783,38,0.6984281172730484
Tox21,1.0,0,8,val,False,4,783,91,0.6843358953185543
Tox21,1.0,0,8,val,False,5,783,46,0.777387764733644
Tox21,1.0,0,8,val,False,6,783,18,0.5691358024691358
Tox21,1.0,0,8,val,False,7,783,91,0.659769421330115
Tox21,1.0,0,8,val,False,8,783,28,0.7763954588457901
Tox21,1.0,0,8,val,False,9,783,35,0.5526546982429336
Tox21,1.0,0,8,val,False,10,783,111,0.734073359073359
Tox21,1.0,0,8,val,False,11,783,43,0.7677561282212445
Tox21,1.0,0,8,val,True,0,724,35,0.7445158614969936
Tox21,1.0,0,8,val,True,1,663,28,0.8117547806524185
Tox21,1.0,0,8,val,True,2,644,79,0.8736865688361153
Tox21,1.0,0,8,val,True,3,573,38,0.7354402361042794
Tox21,1.0,0,8,val,True,4,609,91,0.7039967754253469
Tox21,1.0,0,8,val,True,5,686,46,0.7883491847826087
Tox21,1.0,0,8,val,True,6,639,18,0.5805152979066023
Tox21,1.0,0,8,val,True,7,572,91,0.6902515364053825
Tox21,1.0,0,8,val,True,8,699,28,0.778794975516287
Tox21,1.0,0,8,val,True,9,643,35,0.5587640977443609
Tox21,1.0,0,8,val,True,10,564,111,0.7656265537060238
Tox21,1.0,0,8,val,True,11,665,43,0.7760412772003291
Tox21,1.0,0,8,test,False,0,784,18,0.7948215839860748
Tox21,1.0,0,8,test,False,1,784,18,0.7325210327821293
Tox21,1.0,0,8,test,False,2,784,76,0.818818763009218
Tox21,1.0,0,8,test,False,3,784,30,0.6144120247568523
Tox21,1.0,0,8,test,False,4,784,88,0.6898184430512017
Tox21,1.0,0,8,test,False,5,784,39,0.7465496472207882
Tox21,1.0,0,8,test,False,6,784,30,0.5933244916003537
Tox21,1.0,0,8,test,False,7,784,99,0.6287252082872521
Tox21,1.0,0,8,test,False,8,784,36,0.7289067142008319
Tox21,1.0,0,8,test,False,9,784,40,0.5682123655913979
Tox21,1.0,0,8,test,False,10,784,103,0.7398172305148055
Tox21,1.0,0,8,test,False,11,784,48,0.7209578804347826
Tox21,1.0,0,8,test,True,0,736,18,0.7977406375735067
Tox21,1.0,0,8,test,True,1,670,18,0.7393490115882754
Tox21,1.0,0,8,test,True,2,668,76,0.8329925320056898
Tox21,1.0,0,8,test,True,3,564,30,0.6626092384519351
Tox21,1.0,0,8,test,True,4,620,88,0.7103127136021873
Tox21,1.0,0,8,test,True,5,701,39,0.7545898210550779
Tox21,1.0,0,8,test,True,6,646,30,0.6025432900432899
Tox21,1.0,0,8,test,True,7,569,99,0.6473457984096282
Tox21,1.0,0,8,test,True,8,710,36,0.7329376854599406
Tox21,1.0,0,8,test,True,9,649,40,0.5647783251231527
Tox21,1.0,0,8,test,True,10,601,103,0.7648457909307131
Tox21,1.0,0,8,test,True,11,681,48,0.7271919431279621
Tox21,1.0,0,9,val,False,0,783,35,0.7409472880061115
Tox21,1.0,0,9,val,False,1,783,28,0.8060548722800378
Tox21,1.0,0,9,val,False,2,783,79,0.8552215189873418
Tox21,1.0,0,9,val,False,3,783,38,0.6965383256799718
Tox21,1.0,0,9,val,False,4,783,91,0.6871466683605412
Tox21,1.0,0,9,val,False,5,783,46,0.77875936522919
Tox21,1.0,0,9,val,False,6,783,18,0.5673565722585331
Tox21,1.0,0,9,val,False,7,783,91,0.6593724194880264
Tox21,1.0,0,9,val,False,8,783,28,0.7800378429517503
Tox21,1.0,0,9,val,False,9,783,35,0.562681436210848
Tox21,1.0,0,9,val,False,10,783,111,0.7400659588159589
Tox21,1.0,0,9,val,False,11,783,43,0.7746071653048396
Tox21,1.0,0,9,val,True,0,724,35,0.7416960398092474
Tox21,1.0,0,9,val,True,1,663,28,0.8122047244094488
Tox21,1.0,0,9,val,True,2,644,79,0.8771815839587768
Tox21,1.0,0,9,val,True,3,573,38,0.7320216428922774
Tox21,1.0,0,9,val,True,4,609,91,0.7068607068607069
Tox21,1.0,0,9,val,True,5,686,46,0.790047554347826
Tox21,1.0,0,9,val,True,6,639,18,0.579665414206477
Tox21,1.0,0,9,val,True,7,572,91,0.6913938452399991
Tox21,1.0,0,9,val,True,8,699,28,0.7826272088567171
Tox21,1.0,0,9,val,True,9,643,35,0.5716165413533835
Tox21,1.0,0,9,val,True,10,564,111,0.7713939104667581
Tox21,1.0,0,9,val,True,11,665,43,0.7834442533462949
Tox21,1.0,0,9,test,False,0,784,18,0.7853930954453148
Tox21,1.0,0,9,test,False,1,784,18,0.7358572671888599
Tox21,1.0,0,9,test,False,2,784,76,0.8207887303003271
Tox21,1.0,0,9,test,False,3,784,30,0.6049955791335102
Tox21,1.0,0,9,test,False,4,784,88,0.6893612852664577
Tox21,1.0,0,9,test,False,5,784,39,0.747478919291
Tox21,1.0,0,9,test,False,6,784,30,0.5851679929266136
Tox21,1.0,0,9,test,False,7,784,99,0.6280690112806901
Tox21,1.0,0,9,test,False,8,784,36,0.7282568330362448
Tox21,1.0,0,9,test,False,9,784,40,0.5743951612903225
Tox21,1.0,0,9,test,False,10,784,103,0.7418274097201433
Tox21,1.0,0,9,test,False,11,784,48,0.7199388586956522
Tox21,1.0,0,9,test,True,0,736,18,0.7882234602290312
Tox21,1.0,0,9,test,True,1,670,18,0.7431833674164963
Tox21,1.0,0,9,test,True,2,668,76,0.8344150071123756
Tox21,1.0,0,9,test,True,3,564,30,0.6531210986267166
Tox21,1.0,0,9,test,True,4,620,88,0.7090951811346549
Tox21,1.0,0,9,test,True,5,701,39,0.7557518010690217
Tox21,1.0,0,9,test,True,6,646,30,0.5936958874458875
Tox21,1.0,0,9,test,True,7,569,99,0.6473995271867611
Tox21,1.0,0,9,test,True,8,710,36,0.7324225189581273
Tox21,1.0,0,9,test,True,9,649,40,0.5718390804597702
Tox21,1.0,0,9,test,True,10,601,103,0.7671072640074862
Tox21,1.0,0,9,test,True,11,681,48,0.7254805160610847
Tox21,1.0,0,10,val,False,0,783,35,0.7372421695951107
Tox21,1.0,0,10,val,False,1,783,28,0.8109271523178808
Tox21,1.0,0,10,val,False,2,783,79,0.8564441887226697
Tox21,1.0,0,10,val,False,3,783,38,0.6910279053338043
Tox21,1.0,0,10,val,False,4,783,91,0.6875119100552627
Tox21,1.0,0,10,val,False,5,783,46,0.779924488230783
Tox21,1.0,0,10,val,False,6,783,18,0.5766158315177923
Tox21,1.0,0,10,val,False,7,783,91,0.6591183383090897
Tox21,1.0,0,10,val,False,8,783,28,0.780085146641438
Tox21,1.0,0,10,val,False,9,783,35,0.5705118411000764
Tox21,1.0,0,10,val,False,10,783,111,0.7449726512226512
Tox21,1.0,0,10,val,False,11,783,43,0.7795254556882464
Tox21,1.0,0,10,val,True,0,724,35,0.7380883267675721
Tox21,1.0,0,10,val,True,1,663,28,0.8167604049493812
Tox21,1.0,0,10,val,True,2,644,79,0.8792427467234234
Tox21,1.0,0,10,val,True,3,573,38,0.7246925725528776
Tox21,1.0,0,10,val,True,4,609,91,0.7065849208706352
Tox21,1.0,0,10,val,True,5,686,46,0.7915421195652174
Tox21,1.0,0,10,val,True,6,639,18,0.5887457505814994
Tox21,1.0,0,10,val,True,7,572,91,0.6911882296497681
Tox21,1.0,0,10,val,True,8,699,28,0.7825207579305941
Tox21,1.0,0,10,val,True,9,643,35,0.5796992481203007
Tox21,1.0,0,10,val,True,10,564,111,0.7751725235168945
Tox21,1.0,0,10,val,True,11,665,43,0.7883982651611455
Tox21,1.0,0,10,test,False,0,784,18,0.7790107339715695
Tox21,1.0,0,10,test,False,1,784,18,0.741441833478387
Tox21,1.0,0,10,test,False,2,784,76,0.8212533452274755
Tox21,1.0,0,10,test,False,3,784,30,0.5985853227232538
Tox21,1.0,0,10,test,False,4,784,88,0.6910756269592476
Tox21,1.0,0,10,test,False,5,784,39,0.7465496472207881
Tox21,1.0,0,10,test,False,6,784,30,0.5860742705570293
Tox21,1.0,0,10,test,False,7,784,99,0.6259234682592346
Tox21,1.0,0,10,test,False,8,784,36,0.7247474747474748
Tox21,1.0,0,10,test,False,9,784,40,0.5809307795698925
Tox21,1.0,0,10,test,False,10,784,103,0.7441797470880915
Tox21,1.0,0,10,test,False,11,784,48,0.7184952445652175
Tox21,1.0,0,10,test,True,0,736,18,0.782033426183844
Tox21,1.0,0,10,test,True,1,670,18,0.749147920927062
Tox21,1.0,0,10,test,True,2,668,76,0.8343705547652915
Tox21,1.0,0,10,test,True,3,564,30,0.6479400749063671
Tox21,1.0,0,10,test,True,4,620,88,0.7104408749145591
Tox21,1.0,0,10,test,True,5,701,39,0.7547060190564722
Tox21,1.0,0,10,test,True,6,646,30,0.5932900432900433
Tox21,1.0,0,10,test,True,7,569,99,0.6450462067483343
Tox21,1.0,0,10,test,True,8,710,36,0.7286102868447082
Tox21,1.0,0,10,test,True,9,649,40,0.5784688013136289
Tox21,1.0,0,10,test,True,10,601,103,0.7693882325418178
Tox21,1.0,0,10,test,True,11,681,48,0.7234728804634019
Tox21,1.0,0,11,val,False,0,783,35,0.7349885408708939
Tox21,1.0,0,11,val,False,1,783,28,0.8181173131504257
Tox21,1.0,0,11,val,False,2,783,79,0.8578107019562717
Tox21,1.0,0,11,val,False,3,783,38,0.6896503002472624
Tox21,1.0,0,11,val,False,4,783,91,0.687638950644731
Tox21,1.0,0,11,val,False,5,783,46,0.7820482567400153
Tox21,1.0,0,11,val,False,6,783,18,0.5796659404502542
Tox21,1.0,0,11,val,False,7,783,91,0.6591342183827733
Tox21,1.0,0,11,val,False,8,783,28,0.7817880794701987
Tox21,1.0,0,11,val,False,9,783,35,0.5772727272727273
Tox21,1.0,0,11,val,False,10,783,111,0.7495978120978122
Tox21,1.0,0,11,val,False,11,783,43,0.7844437460716531
Tox21,1.0,0,11,val,True,0,724,35,0.73622226829774
Tox21,1.0,0,11,val,True,1,663,28,0.8236220472440945
Tox21,1.0,0,11,val,True,2,644,79,0.881236697658788
Tox21,1.0,0,11,val,True,3,573,38,0.7232169208066896
Tox21,1.0,0,11,val,True,4,609,91,0.7066909924052782
Tox21,1.0,0,11,val,True,5,686,46,0.79375
Tox21,1.0,0,11,val,True,6,639,18,0.5918769010556449
Tox21,1.0,0,11,val,True,7,572,91,0.6908455369993831
Tox21,1.0,0,11,val,True,8,699,28,0.7845433255269321
Tox21,1.0,0,11,val,True,9,643,35,0.5867951127819548
Tox21,1.0,0,11,val,True,10,564,111,0.7790306863154545
Tox21,1.0,0,11,val,True,11,665,43,0.793800942196964
Tox21,1.0,0,11,test,False,0,784,18,0.7730635335073978
Tox21,1.0,0,11,test,False,1,784,18,0.7475340876124166
Tox21,1.0,0,11,test,False,2,784,76,0.8220524829021706
Tox21,1.0,0,11,test,False,3,784,30,0.5976127320954906
Tox21,1.0,0,11,test,False,4,784,88,0.6928062957157785
Tox21,1.0,0,11,test,False,5,784,39,0.7459645499913956
Tox21,1.0,0,11,test,False,6,784,30,0.5855879752431477
Tox21,1.0,0,11,test,False,7,784,99,0.6235198702351987
Tox21,1.0,0,11,test,False,8,784,36,0.7186942959001782
Tox21,1.0,0,11,test,False,9,784,40,0.5884912634408601
Tox21,1.0,0,11,test,False,10,784,103,0.7469312689790856
Tox21,1.0,0,11,test,False,11,784,48,0.7190330615942029
Tox21,1.0,0,11,test,True,0,736,18,0.775766016713092
Tox21,1.0,0,11,test,True,1,670,18,0.7551124744376277
Tox21,1.0,0,11,test,True,2,668,76,0.8347928520625889
Tox21,1.0,0,11,test,True,3,564,30,0.6469413233458177
Tox21,1.0,0,11,test,True,4,620,88,0.7112525632262473
Tox21,1.0,0,11,test,True,5,701,39,0.7541250290495004
Tox21,1.0,0,11,test,True,6,646,30,0.5922619047619048
Tox21,1.0,0,11,test,True,7,569,99,0.6414356329249946
Tox21,1.0,0,11,test,True,8,710,36,0.7224695021430926
Tox21,1.0,0,11,test,True,9,649,40,0.5858579638752053
Tox21,1.0,0,11,test,True,10,601,103,0.7717861738214996
Tox21,1.0,0,11,test,True,11,681,48,0.7233412322274881
Tox21,1.0,0,12,val,False,0,783,35,0.7352941176470589
Tox21,1.0,0,12,val,False,1,783,28,0.8257332071901609
Tox21,1.0,0,12,val,False,2,783,79,0.8587636651323362
Tox21,1.0,0,12,val,False,3,783,38,0.6878488166725538
Tox21,1.0,0,12,val,False,4,783,91,0.6895127993393889
Tox21,1.0,0,12,val,False,5,783,46,0.7829626570703794
Tox21,1.0,0,12,val,False,6,783,18,0.5816993464052288
Tox21,1.0,0,12,val,False,7,783,91,0.6576732516038875
Tox21,1.0,0,12,val,False,8,783,28,0.7840823084200569
Tox21,1.0,0,12,val,False,9,783,35,0.5842245989304813
Tox21,1.0,0,12,val,False,10,783,111,0.7549066924066924
Tox21,1.0,0,12,val,False,11,783,43,0.7881835323695788
Tox21,1.0,0,12,val,True,0,724,35,0.7368028198216877
Tox21,1.0,0,12,val,True,1,663,28,0.8319460067491564
Tox21,1.0,0,12,val,True,2,644,79,0.882558530301333
Tox21,1.0,0,12,val,True,3,573,38,0.7227742252828333
Tox21,1.0,0,12,val,True,4,609,91,0.7079638508209938
Tox21,1.0,0,12,val,True,5,686,46,0.7943953804347826
Tox21,1.0,0,12,val,True,6,639,18,0.5942923599928431
Tox21,1.0,0,12,val,True,7,572,91,0.6893605355143816
Tox21,1.0,0,12,val,True,8,699,28,0.7870183095592932
Tox21,1.0,0,12,val,True,9,643,35,0.59375
Tox21,1.0,0,12,val,True,10,564,111,0.7842411948372213
Tox21,1.0,0,12,val,True,11,665,43,0.7975398190383609
Tox21,1.0,0,12,test,False,0,784,18,0.7644328401508559
Tox21,1.0,0,12,test,False,1,784,18,0.7496373658253555
Tox21,1.0,0,12,test,False,2,784,76,0.8237250966399048
Tox21,1.0,0,12,test,False,3,784,30,0.6002210433244916
Tox21,1.0,0,12,test,False,4,784,88,0.6947328892371996
Tox21,1.0,0,12,test,False,5,784,39,0.74658406470487
Tox21,1.0,0,12,test,False,6,784,30,0.5821175950486296
Tox21,1.0,0,12,test,False,7,784,99,0.6231954582319547
Tox21,1.0,0,12,test,False,8,784,36,0.7122697563874035
Tox21,1.0,0,12,test,False,9,784,40,0.5972110215053763
Tox21,1.0,0,12,test,False,10,784,103,0.7517642530259612
Tox21,1.0,0,12,test,False,11,784,48,0.7231374547101449
Tox21,1.0,0,12,test,True,0,736,18,0.7676415970287837
Tox21,1.0,0,12,test,True,1,670,18,0.7563905930470347
Tox21,1.0,0,12,test,True,2,668,76,0.8364598150782361
Tox21,1.0,0,12,test,True,3,564,30,0.650187265917603
Tox21,1.0,0,12,test,True,4,620,88,0.7129186602870814
Tox21,1.0,0,12,test,True,5,701,39,0.7546285537222094
Tox21,1.0,0,12,test,True,6,646,30,0.5882305194805195
Tox21,1.0,0,12,test,True,7,569,99,0.6405759724908661
Tox21,1.0,0,12,test,True,8,710,36,0.7158341575997362
Tox21,1.0,0,12,test,True,9,649,40,0.5939655172413794
Tox21,1.0,0,12,test,True,10,601,103,0.7767380200413303
Tox21,1.0,0,12,test,True,11,681,48,0.7266982622432859
Tox21,1.0,0,13,val,False,0,783,35,0.7322765469824293
Tox21,1.0,0,13,val,False,1,783,28,0.831456953642384
Tox21,1.0,0,13,val,False,2,783,79,0.860130178365938
Tox21,1.0,0,13,val,False,3,783,38,0.6892087601554221
Tox21,1.0,0,13,val,False,4,783,91,0.6907673251603886
Tox21,1.0,0,13,val,False,5,783,46,0.7837295734764911
Tox21,1.0,0,13,val,False,6,783,18,0.5822076978939724
Tox21,1.0,0,13,val,False,7,783,91,0.6577526519723051
Tox21,1.0,0,13,val,False,8,783,28,0.7820719016083254
Tox21,1.0,0,13,val,False,9,783,35,0.5915584415584416
Tox21,1.0,0,13,val,False,10,783,111,0.7597329472329473
Tox21,1.0,0,13,val,False,11,783,43,0.7919233186675045
Tox21,1.0,0,13,val,True,0,724,35,0.7342732738959155
Tox21,1.0,0,13,val,True,1,663,28,0.837007874015748
Tox21,1.0,0,13,val,True,2,644,79,0.884081998431724
Tox21,1.0,0,13,val,True,3,573,38,0.7253566158386621
Tox21,1.0,0,13,val,True,4,609,91,0.7092154949297808
Tox21,1.0,0,13,val,True,5,686,46,0.7950747282608696
Tox21,1.0,0,13,val,True,6,639,18,0.59447128287708
Tox21,1.0,0,13,val,True,7,572,91,0.6893605355143817
Tox21,1.0,0,13,val,True,8,699,28,0.7849159037683627
Tox21,1.0,0,13,val,True,9,643,35,0.6018327067669172
Tox21,1.0,0,13,val,True,10,564,111,0.7883578943181592
Tox21,1.0,0,13,val,True,11,665,43,0.8013160846481717
Tox21,1.0,0,13,test,False,0,784,18,0.7602988105599072
Tox21,1.0,0,13,test,False,1,784,18,0.7492747316507109
Tox21,1.0,0,13,test,False,2,784,76,0.8260481712756468
Tox21,1.0,0,13,test,False,3,784,30,0.6044429708222812
Tox21,1.0,0,13,test,False,4,784,88,0.6967084639498433
Tox21,1.0,0,13,test,False,5,784,39,0.7458957150232317
Tox21,1.0,0,13,test,False,6,784,30,0.5793987621573828
Tox21,1.0,0,13,test,False,7,784,99,0.6247437882474379
Tox21,1.0,0,13,test,False,8,784,36,0.7120098039215685
Tox21,1.0,0,13,test,False,9,784,40,0.6040658602150538
Tox21,1.0,0,13,test,False,10,784,103,0.7566827766134896
Tox21,1.0,0,13,test,False,11,784,48,0.7261096014492754
Tox21,1.0,0,13,test,True,0,736,18,0.7633859486227175
Tox21,1.0,0,13,test,True,1,670,18,0.755453306066803
Tox21,1.0,0,13,test,True,2,668,76,0.8388602418207682
Tox21,1.0,0,13,test,True,3,564,30,0.6553995006242198
Tox21,1.0,0,13,test,True,4,620,88,0.7142643540669856
Tox21,1.0,0,13,test,True,5,701,39,0.7540475637152375
Tox21,1.0,0,13,test,True,6,646,30,0.5863095238095238
Tox21,1.0,0,13,test,True,7,569,99,0.6416290565226735
Tox21,1.0,0,13,test,True,8,710,36,0.7155044510385756
Tox21,1.0,0,13,test,True,9,649,40,0.6015599343185549
Tox21,1.0,0,13,test,True,10,601,103,0.7812219752797598
Tox21,1.0,0,13,test,True,11,681,48,0.7295286993154291
Tox21,1.0,0,14,val,False,0,783,35,0.7291825821237587
Tox21,1.0,0,14,val,False,1,783,28,0.8324976348155156
Tox21,1.0,0,14,val,False,2,783,79,0.861298906789413
Tox21,1.0,0,14,val,False,3,783,38,0.6877781702578594
Tox21,1.0,0,14,val,False,4,783,91,0.6932128565076542
Tox21,1.0,0,14,val,False,5,783,46,0.7847324641614064
Tox21,1.0,0,14,val,False,6,783,18,0.5842047930283224
Tox21,1.0,0,14,val,False,7,783,91,0.6573556501302167
Tox21,1.0,0,14,val,False,8,783,28,0.7764900662251655
Tox21,1.0,0,14,val,False,9,783,35,0.5990832696715049
Tox21,1.0,0,14,val,False,10,783,111,0.764559202059202
Tox21,1.0,0,14,val,False,11,783,43,0.7968887492143306
Tox21,1.0,0,14,val,True,0,724,35,0.7311217084801991
Tox21,1.0,0,14,val,True,1,663,28,0.8374578177727784
Tox21,1.0,0,14,val,True,2,644,79,0.885493446846645
Tox21,1.0,0,14,val,True,3,573,38,0.7256271519921298
Tox21,1.0,0,14,val,True,4,609,91,0.7117824260681404
Tox21,1.0,0,14,val,True,5,686,46,0.7958899456521739
Tox21,1.0,0,14,val,True,6,639,18,0.596663088208982
Tox21,1.0,0,14,val,True,7,572,91,0.6878069954993032
Tox21,1.0,0,14,val,True,8,699,28,0.7790078773685332
Tox21,1.0,0,14,val,True,9,643,35,0.6088815789473684
Tox21,1.0,0,14,val,True,10,564,111,0.7925342561104152
Tox21,1.0,0,14,val,True,11,665,43,0.8067748448366111
Tox21,1.0,0,14,test,False,0,784,18,0.7557296199593849
Tox21,1.0,0,14,test,False,1,784,18,0.7492747316507108
Tox21,1.0,0,14,test,False,2,784,76,0.8270517395182873
Tox21,1.0,0,14,test,False,3,784,30,0.6125994694960213
Tox21,1.0,0,14,test,False,4,784,88,0.6974513453500522
Tox21,1.0,0,14,test,False,5,784,39,0.7473412493546722
Tox21,1.0,0,14,test,False,6,784,30,0.5808355437665782
Tox21,1.0,0,14,test,False,7,784,99,0.627471798274718
Tox21,1.0,0,14,test,False,8,784,36,0.715203505644682
Tox21,1.0,0,14,test,False,9,784,40,0.6133232526881721
Tox21,1.0,0,14,test,False,10,784,103,0.7618864320031935
Tox21,1.0,0,14,test,False,11,784,48,0.729194972826087
Tox21,1.0,0,14,test,True,0,736,18,0.7586660476632622
Tox21,1.0,0,14,test,True,1,670,18,0.7555385139740969
Tox21,1.0,0,14,test,True,2,668,76,0.8396603840682788
Tox21,1.0,0,14,test,True,3,564,30,0.6647315855181024
Tox21,1.0,0,14,test,True,4,620,88,0.7144245557074504
Tox21,1.0,0,14,test,True,5,701,39,0.7554032070648384
Tox21,1.0,0,14,test,True,6,646,30,0.5883928571428572
Tox21,1.0,0,14,test,True,7,569,99,0.6441005802707931
Tox21,1.0,0,14,test,True,8,710,36,0.7184305967688759
Tox21,1.0,0,14,test,True,9,649,40,0.6107758620689655
Tox21,1.0,0,14,test,True,10,601,103,0.7861348305844738
Tox21,1.0,0,14,test,True,11,681,48,0.7326882569773566
Tox21,1.0,0,15,val,False,0,783,35,0.7292207792207791
Tox21,1.0,0,15,val,False,1,783,28,0.8318826868495743
Tox21,1.0,0,15,val,False,2,783,79,0.8620540851553509
Tox21,1.0,0,15,val,False,3,783,38,0.6862945955492759
Tox21,1.0,0,15,val,False,4,783,91,0.6953407863812489
Tox21,1.0,0,15,val,False,5,783,46,0.7863547873281813
Tox21,1.0,0,15,val,False,6,783,18,0.5911401597676107
Tox21,1.0,0,15,val,False,7,783,91,0.6574509305723178
Tox21,1.0,0,15,val,False,8,783,28,0.7758751182592243
Tox21,1.0,0,15,val,False,9,783,35,0.6039343009931245
Tox21,1.0,0,15,val,False,10,783,111,0.7685140497640498
Tox21,1.0,0,15,val,False,11,783,43,0.7977372721558768
Tox21,1.0,0,15,val,True,0,724,35,0.7313705162761767
Tox21,1.0,0,15,val,True,1,663,28,0.8362204724409449
Tox21,1.0,0,15,val,True,2,644,79,0.8863672006273104
Tox21,1.0,0,15,val,True,3,573,38,0.7251352680767339
Tox21,1.0,0,15,val,True,4,609,91,0.713882642454071
Tox21,1.0,0,15,val,True,5,686,46,0.7977241847826086
Tox21,1.0,0,15,val,True,6,639,18,0.6047593487207014
Tox21,1.0,0,15,val,True,7,572,91,0.6870073793150716
Tox21,1.0,0,15,val,True,8,699,28,0.7778901426442411
Tox21,1.0,0,15,val,True,9,643,35,0.6132518796992481
Tox21,1.0,0,15,val,True,10,564,111,0.796611180717141
Tox21,1.0,0,15,val,True,11,665,43,0.8080834517311001
Tox21,1.0,0,15,test,False,0,784,18,0.7505076878445024
Tox21,1.0,0,15,test,False,1,784,18,0.7529736002320858
Tox21,1.0,0,15,test,False,2,784,76,0.8294305679452869
Tox21,1.0,0,15,test,False,3,784,30,0.6220601237842617
Tox21,1.0,0,15,test,False,4,784,88,0.6987330198537094
Tox21,1.0,0,15,test,False,5,784,39,0.7488212011701944
Tox21,1.0,0,15,test,False,6,784,30,0.5858532272325376
Tox21,1.0,0,15,test,False,7,784,99,0.6300965863009659
Tox21,1.0,0,15,test,False,8,784,36,0.720699643493761
Tox21,1.0,0,15,test,False,9,784,40,0.6262768817204301
Tox21,1.0,0,15,test,False,10,784,103,0.767667479292303
Tox21,1.0,0,15,test,False,11,784,48,0.73046875
Tox21,1.0,0,15,test,True,0,736,18,0.7540235221293717
Tox21,1.0,0,15,test,True,1,670,18,0.7589468302658486
Tox21,1.0,0,15,test,True,2,668,76,0.8421497155049786
Tox21,1.0,0,15,test,True,3,564,30,0.67521847690387
Tox21,1.0,0,15,test,True,4,620,88,0.7152255639097747
Tox21,1.0,0,15,test,True,5,701,39,0.7565651870787823
Tox21,1.0,0,15,test,True,6,646,30,0.5937770562770563
Tox21,1.0,0,15,test,True,7,569,99,0.6462497313561144
Tox21,1.0,0,15,test,True,8,710,36,0.7239119683481701
Tox21,1.0,0,15,test,True,9,649,40,0.6239326765188834
Tox21,1.0,0,15,test,True,10,601,103,0.7915448200569267
Tox21,1.0,0,15,test,True,11,681,48,0.733609794628752
Tox21,1.0,0,16,val,False,0,783,35,0.7302521008403361
Tox21,1.0,0,16,val,False,1,783,28,0.8334910122989593
Tox21,1.0,0,16,val,False,2,783,79,0.8628811852704258
Tox21,1.0,0,16,val,False,3,783,38,0.6835217237725185
Tox21,1.0,0,16,val,False,4,783,91,0.6973099155180079
Tox21,1.0,0,16,val,False,5,783,46,0.7900418854344876
Tox21,1.0,0,16,val,False,6,783,18,0.5961510530137981
Tox21,1.0,0,16,val,False,7,783,91,0.657482690719685
Tox21,1.0,0,16,val,False,8,783,28,0.7748817407757805
Tox21,1.0,0,16,val,False,9,783,35,0.6100840336134453
Tox21,1.0,0,16,val,False,10,783,111,0.7734877734877734
Tox21,1.0,0,16,val,False,11,783,43,0.8005028284098051
Tox21,1.0,0,16,val,True,0,724,35,0.7323657474600871
Tox21,1.0,0,16,val,True,1,663,28,0.837570303712036
Tox21,1.0,0,16,val,True,2,644,79,0.8873977820096336
Tox21,1.0,0,16,val,True,3,573,38,0.7244712247909493
Tox21,1.0,0,16,val,True,4,609,91,0.7161737876023591
Tox21,1.0,0,16,val,True,5,686,46,0.8018342391304348
Tox21,1.0,0,16,val,True,6,639,18,0.6097691894793345
Tox21,1.0,0,16,val,True,7,572,91,0.6873957643188413
Tox21,1.0,0,16,val,True,8,699,28,0.7767191824568873
Tox21,1.0,0,16,val,True,9,643,35,0.6186090225563909
Tox21,1.0,0,16,val,True,10,564,111,0.8010063043175626
Tox21,1.0,0,16,val,True,11,665,43,0.8111493307410453
Tox21,1.0,0,16,test,False,0,784,18,0.7499274731650711
Tox21,1.0,0,16,test,False,1,784,18,0.750942848854076
Tox21,1.0,0,16,test,False,2,784,76,0.8308987511150758
Tox21,1.0,0,16,test,False,3,784,30,0.6335985853227233
Tox21,1.0,0,16,test,False,4,784,88,0.6987330198537096
Tox21,1.0,0,16,test,False,5,784,39,0.7518499397694028
Tox21,1.0,0,16,test,False,6,784,30,0.591865605658709
Tox21,1.0,0,16,test,False,7,784,99,0.6334881663348816
Tox21,1.0,0,16,test,False,8,784,36,0.7243018419489007
Tox21,1.0,0,16,test,False,9,784,40,0.639616935483871
Tox21,1.0,0,16,test,False,10,784,103,0.7731633947792367
Tox21,1.0,0,16,test,False,11,784,48,0.7326766304347827
Tox21,1.0,0,16,test,True,0,736,18,0.7537140204271124
Tox21,1.0,0,16,test,True,1,670,18,0.7573278800272665
Tox21,1.0,0,16,test,True,2,668,76,0.8435944167852063
Tox21,1.0,0,16,test,True,3,564,30,0.686641697877653
Tox21,1.0,0,16,test,True,4,620,88,0.7149265208475737
Tox21,1.0,0,16,test,True,5,701,39,0.7597412657835619
Tox21,1.0,0,16,test,True,6,646,30,0.6011904761904762
Tox21,1.0,0,16,test,True,7,569,99,0.6492155598538577
Tox21,1.0,0,16,test,True,8,710,36,0.7277035938015167
Tox21,1.0,0,16,test,True,9,649,40,0.638095238095238
Tox21,1.0,0,16,test,True,10,601,103,0.7966038912933285
Tox21,1.0,0,16,test,True,11,681,48,0.7357161664033702
Tox21,1.0,0,17,val,False,0,783,35,0.7330404889228419
Tox21,1.0,0,17,val,False,1,783,28,0.8383159886471144
Tox21,1.0,0,17,val,False,2,783,79,0.8621619677790563
Tox21,1.0,0,17,val,False,3,783,38,0.6829035676439421
Tox21,1.0,0,17,val,False,4,783,91,0.6992790446547672
Tox21,1.0,0,17,val,False,5,783,46,0.7933160285528876
Tox21,1.0,0,17,val,False,6,783,18,0.6007262164124909
Tox21,1.0,0,17,val,False,7,783,91,0.6567125071460332
Tox21,1.0,0,17,val,False,8,783,28,0.7756859035004732
Tox21,1.0,0,17,val,False,9,783,35,0.6171122994652406
Tox21,1.0,0,17,val,False,10,783,111,0.7782604032604034
Tox21,1.0,0,17,val,False,11,783,43,0.8041169076052797
Tox21,1.0,0,17,val,True,0,724,35,0.7351855691478333
Tox21,1.0,0,17,val,True,1,663,28,0.8423509561304836
Tox21,1.0,0,17,val,True,2,644,79,0.8865688361151562
Tox21,1.0,0,17,val,True,3,573,38,0.7250368912936547
Tox21,1.0,0,17,val,True,4,609,91,0.7182315753744325
Tox21,1.0,0,17,val,True,5,686,46,0.8047214673913043
Tox21,1.0,0,17,val,True,6,639,18,0.6144211844694936
Tox21,1.0,0,17,val,True,7,572,91,0.6863334171026478
Tox21,1.0,0,17,val,True,8,699,28,0.7773046625505642
Tox21,1.0,0,17,val,True,9,643,35,0.625046992481203
Tox21,1.0,0,17,val,True,10,564,111,0.8054610902293022
Tox21,1.0,0,17,val,True,11,665,43,0.8153368728034098
Tox21,1.0,0,17,test,False,0,784,18,0.7495648389904265
Tox21,1.0,0,17,test,False,1,784,18,0.7457934435741225
Tox21,1.0,0,17,test,False,2,784,76,0.8317350579839429
Tox21,1.0,0,17,test,False,3,784,30,0.6440760389036251
Tox21,1.0,0,17,test,False,4,784,88,0.699826933124347
Tox21,1.0,0,17,test,False,5,784,39,0.7547410084322836
Tox21,1.0,0,17,test,False,6,784,30,0.5980106100795756
Tox21,1.0,0,17,test,False,7,784,99,0.637440094374401
Tox21,1.0,0,17,test,False,8,784,36,0.7253045157456921
Tox21,1.0,0,17,test,False,9,784,40,0.6564516129032258
Tox21,1.0,0,17,test,False,10,784,103,0.7801206107523203
Tox21,1.0,0,17,test,False,11,784,48,0.7382529438405798
Tox21,1.0,0,17,test,True,0,736,18,0.7533271432992881
Tox21,1.0,0,17,test,True,1,670,18,0.7521301976823449
Tox21,1.0,0,17,test,True,2,668,76,0.8441500711237554
Tox21,1.0,0,17,test,True,3,564,30,0.697565543071161
Tox21,1.0,0,17,test,True,4,620,88,0.7158663704716337
Tox21,1.0,0,17,test,True,5,701,39,0.7624138198156325
Tox21,1.0,0,17,test,True,6,646,30,0.6078463203463204
Tox21,1.0,0,17,test,True,7,569,99,0.6525897270578122
Tox21,1.0,0,17,test,True,8,710,36,0.7285690735245631
Tox21,1.0,0,17,test,True,9,649,40,0.6553366174055828
Tox21,1.0,0,17,test,True,10,601,103,0.8034662923538815
Tox21,1.0,0,17,test,True,11,681,48,0.7416074249605056
Tox21,1.0,0,18,val,False,0,783,35,0.7335752482811306
Tox21,1.0,0,18,val,False,1,783,28,0.8429044465468307
Tox21,1.0,0,18,val,False,2,783,79,0.8611011219792866
Tox21,1.0,0,18,val,False,3,783,38,0.6807135287884141
Tox21,1.0,0,18,val,False,4,783,91,0.7017245760020326
Tox21,1.0,0,18,val,False,5,783,46,0.793404518907439
Tox21,1.0,0,18,val,False,6,783,18,0.6087145969498909
Tox21,1.0,0,18,val,False,7,783,91,0.6559740837197485
Tox21,1.0,0,18,val,False,8,783,28,0.7767265846736043
Tox21,1.0,0,18,val,False,9,783,35,0.6244843391902215
Tox21,1.0,0,18,val,False,10,783,111,0.783488845988846
Tox21,1.0,0,18,val,False,11,783,43,0.8083595223130107
Tox21,1.0,0,18,val,True,0,724,35,0.7359319925357661
Tox21,1.0,0,18,val,True,1,663,28,0.846681664791901
Tox21,1.0,0,18,val,True,2,644,79,0.8858295059930548
Tox21,1.0,0,18,val,True,3,573,38,0.7246925725528774
Tox21,1.0,0,18,val,True,4,609,91,0.7210318638890068
Tox21,1.0,0,18,val,True,5,686,46,0.8049592391304348
Tox21,1.0,0,18,val,True,6,639,18,0.6221148684916801
Tox21,1.0,0,18,val,True,7,572,91,0.6844257613488383
Tox21,1.0,0,18,val,True,8,699,28,0.7784756227379179
Tox21,1.0,0,18,val,True,9,643,35,0.6325187969924811
Tox21,1.0,0,18,val,True,10,564,111,0.8101346379492075
Tox21,1.0,0,18,val,True,11,665,43,0.8198235250130861
Tox21,1.0,0,18,test,False,0,784,18,0.7457934435741225
Tox21,1.0,0,18,test,False,1,784,18,0.7418769944879605
Tox21,1.0,0,18,test,False,2,784,76,0.8328687184061848
Tox21,1.0,0,18,test,False,3,784,30,0.6505305039787799
Tox21,1.0,0,18,test,False,4,784,88,0.6998024425287356
Tox21,1.0,0,18,test,False,5,784,39,0.7567716399931165
Tox21,1.0,0,18,test,False,6,784,30,0.6057029177718832
Tox21,1.0,0,18,test,False,7,784,99,0.6421293224212933
Tox21,1.0,0,18,test,False,8,784,36,0.7245617944147356
Tox21,1.0,0,18,test,False,9,784,40,0.6735887096774194
Tox21,1.0,0,18,test,False,10,784,103,0.7864362801705089
Tox21,1.0,0,18,test,False,11,784,48,0.7445086050724639
Tox21,1.0,0,18,test,True,0,736,18,0.7495357474466109
Tox21,1.0,0,18,test,True,1,670,18,0.7488070892978868
Tox21,1.0,0,18,test,True,2,668,76,0.8453502844950213
Tox21,1.0,0,18,test,True,3,564,30,0.7040574282147315
Tox21,1.0,0,18,test,True,4,620,88,0.7157061688311688
Tox21,1.0,0,18,test,True,5,701,39,0.7643504531722054
Tox21,1.0,0,18,test,True,6,646,30,0.6153679653679653
Tox21,1.0,0,18,test,True,7,569,99,0.656823554695895
Tox21,1.0,0,18,test,True,8,710,36,0.7277860204418067
Tox21,1.0,0,18,test,True,9,649,40,0.6729885057471264
Tox21,1.0,0,18,test,True,10,601,103,0.8094903887394237
Tox21,1.0,0,18,test,True,11,681,48,0.7474657714586624
Tox21,1.0,0,19,val,False,0,783,35,0.7339954163483575
Tox21,1.0,0,19,val,False,1,783,28,0.8464285714285715
Tox21,1.0,0,19,val,False,2,783,79,0.8606336306098964
Tox21,1.0,0,19,val,False,3,783,38,0.6770752384316496
Tox21,1.0,0,19,val,False,4,783,91,0.7039160261703615
Tox21,1.0,0,19,val,False,5,783,46,0.7908972921951507
Tox21,1.0,0,19,val,False,6,783,18,0.6161946259985476
Tox21,1.0,0,19,val,False,7,783,91,0.655783522835546
Tox21,1.0,0,19,val,False,8,783,28,0.777294228949858
Tox21,1.0,0,19,val,False,9,783,35,0.6285332314744079
Tox21,1.0,0,19,val,False,10,783,111,0.7856539575289576
Tox21,1.0,0,19,val,False,11,783,43,0.8114236329352609
Tox21,1.0,0,19,val,True,0,724,35,0.736678415923699
Tox21,1.0,0,19,val,True,1,663,28,0.8500843644544432
Tox21,1.0,0,19,val,True,2,644,79,0.8856502744483029
Tox21,1.0,0,19,val,True,3,573,38,0.7223807181505164
Tox21,1.0,0,19,val,True,4,609,91,0.723047223047223
Tox21,1.0,0,19,val,True,5,686,46,0.8020380434782608
Tox21,1.0,0,19,val,True,6,639,18,0.6290033995348004
Tox21,1.0,0,19,val,True,7,572,91,0.6829407598638367
Tox21,1.0,0,19,val,True,8,699,28,0.7790611028315946
Tox21,1.0,0,19,val,True,9,643,35,0.6356203007518797
Tox21,1.0,0,19,val,True,10,564,111,0.811646083169262
Tox21,1.0,0,19,val,True,11,665,43,0.8229267927914454
Tox21,1.0,0,19,test,False,0,784,18,0.7439802727008994
Tox21,1.0,0,19,test,False,1,784,18,0.7383231795764433
Tox21,1.0,0,19,test,False,2,784,76,0.8344112399643175
Tox21,1.0,0,19,test,False,3,784,30,0.6579133510167993
Tox21,1.0,0,19,test,False,4,784,88,0.7001861285266457
Tox21,1.0,0,19,test,False,5,784,39,0.7598692135604888
Tox21,1.0,0,19,test,False,6,784,30,0.6127763041556145
Tox21,1.0,0,19,test,False,7,784,99,0.6461254884612548
Tox21,1.0,0,19,test,False,8,784,36,0.7258615567439096
Tox21,1.0,0,19,test,False,9,784,40,0.6880376344086021
Tox21,1.0,0,19,test,False,10,784,103,0.7918680410019532
Tox21,1.0,0,19,test,False,11,784,48,0.7499858469202898
Tox21,1.0,0,19,test,True,0,736,18,0.7477561126586196
Tox21,1.0,0,19,test,True,1,670,18,0.7460804362644854
Tox21,1.0,0,19,test,True,2,668,76,0.8466171763869133
Tox21,1.0,0,19,test,True,3,564,30,0.7099250936329589
Tox21,1.0,0,19,test,True,4,620,88,0.7153964456596036
Tox21,1.0,0,19,test,True,5,701,39,0.7672941358741963
Tox21,1.0,0,19,test,True,6,646,30,0.6225108225108225
Tox21,1.0,0,19,test,True,7,569,99,0.6606920266494735
Tox21,1.0,0,19,test,True,8,710,36,0.7286515001648534
Tox21,1.0,0,19,test,True,9,649,40,0.6872742200328408
Tox21,1.0,0,19,test,True,10,601,103,0.8146956759075136
Tox21,1.0,0,19,test,True,11,681,48,0.7531101895734598
Tox21,1.0,0,20,val,False,0,783,35,0.7327158135981665
Tox21,1.0,0,20,val,False,1,783,28,0.8480132450331126
Tox21,1.0,0,20,val,False,2,783,79,0.8596986478711162
Tox21,1.0,0,20,val,False,3,783,38,0.672165312610385
Tox21,1.0,0,20,val,False,4,783,91,0.7060280759702725
Tox21,1.0,0,20,val,False,5,783,46,0.7881540912040588
Tox21,1.0,0,20,val,False,6,783,18,0.6237472766884531
Tox21,1.0,0,20,val,False,7,783,91,0.6553547608460903
Tox21,1.0,0,20,val,False,8,783,28,0.7773415326395459
Tox21,1.0,0,20,val,False,9,783,35,0.631588999236058
Tox21,1.0,0,20,val,False,10,783,111,0.788073788073788
Tox21,1.0,0,20,val,False,11,783,43,0.8146448774355751
Tox21,1.0,0,20,val,True,0,724,35,0.7352270371138295
Tox21,1.0,0,20,val,True,1,663,28,0.8520809898762655
Tox21,1.0,0,20,val,True,2,644,79,0.8844404615212277
Tox21,1.0,0,20,val,True,3,573,38,0.718052139695032
Tox21,1.0,0,20,val,True,4,609,91,0.7247443676015105
Tox21,1.0,0,20,val,True,5,686,46,0.7992527173913044
Tox21,1.0,0,20,val,True,6,639,18,0.637323313651816
Tox21,1.0,0,20,val,True,7,572,91,0.6818669895592973
Tox21,1.0,0,20,val,True,8,699,28,0.7791143282946561
Tox21,1.0,0,20,val,True,9,643,35,0.6382518796992481
Tox21,1.0,0,20,val,True,10,564,111,0.8139928007477676
Tox21,1.0,0,20,val,True,11,665,43,0.8262917819487026
Tox21,1.0,0,20,test,False,0,784,18,0.7411517261386713
Tox21,1.0,0,20,test,False,1,784,18,0.7399187699448796
Tox21,1.0,0,20,test,False,2,784,76,0.83545197740113
Tox21,1.0,0,20,test,False,3,784,30,0.6635720601237843
Tox21,1.0,0,20,test,False,4,784,88,0.6999738766980146
Tox21,1.0,0,20,test,False,5,784,39,0.7678884873515747
Tox21,1.0,0,20,test,False,6,784,30,0.6201812555260832
Tox21,1.0,0,20,test,False,7,784,99,0.6502986065029861
Tox21,1.0,0,20,test,False,8,784,36,0.725824420677362
Tox21,1.0,0,20,test,False,9,784,40,0.6992943548387097
Tox21,1.0,0,20,test,False,10,784,103,0.7970716963916571
Tox21,1.0,0,20,test,False,11,784,48,0.7554347826086957
Tox21,1.0,0,20,test,True,0,736,18,0.7448158464871557
Tox21,1.0,0,20,test,True,1,670,18,0.7476141785957737
Tox21,1.0,0,20,test,True,2,668,76,0.8474395448079659
Tox21,1.0,0,20,test,True,3,564,30,0.7160424469413234
Tox21,1.0,0,20,test,True,4,620,88,0.7147342788790156
Tox21,1.0,0,20,test,True,5,701,39,0.7747695406305678
Tox21,1.0,0,20,test,True,6,646,30,0.6313311688311689
Tox21,1.0,0,20,test,True,7,569,99,0.6644100580270792
Tox21,1.0,0,20,test,True,8,710,36,0.7285690735245631
Tox21,1.0,0,20,test,True,9,649,40,0.698440065681445
Tox21,1.0,0,20,test,True,10,601,103,0.8196670175849028
Tox21,1.0,0,20,test,True,11,681,48,0.758590047393365
Tox21,1.0,0,21,val,False,0,783,35,0.731588999236058
Tox21,1.0,0,21,val,False,1,783,28,0.8466414380321665
Tox21,1.0,0,21,val,False,2,783,79,0.85831415420023
Tox21,1.0,0,21,val,False,3,783,38,0.6673260332038149
Tox21,1.0,0,21,val,False,4,783,91,0.7093311312964492
Tox21,1.0,0,21,val,False,5,783,46,0.7862368001887794
Tox21,1.0,0,21,val,False,6,783,18,0.6345315904139434
Tox21,1.0,0,21,val,False,7,783,91,0.6546242774566474
Tox21,1.0,0,21,val,False,8,783,28,0.7775780510879848
Tox21,1.0,0,21,val,False,9,783,35,0.6347211611917495
Tox21,1.0,0,21,val,False,10,783,111,0.7893607893607892
Tox21,1.0,0,21,val,False,11,783,43,0.816247642991829
Tox21,1.0,0,21,val,True,0,724,35,0.7343976777939042
Tox21,1.0,0,21,val,True,1,663,28,0.8510686164229472
Tox21,1.0,0,21,val,True,2,644,79,0.8831410328217766
Tox21,1.0,0,21,val,True,3,573,38,0.7139695031972454
Tox21,1.0,0,21,val,True,4,609,91,0.7281386567100853
Tox21,1.0,0,21,val,True,5,686,46,0.7968410326086957
Tox21,1.0,0,21,val,True,6,639,18,0.648729647521918
Tox21,1.0,0,21,val,True,7,572,91,0.680473372781065
Tox21,1.0,0,21,val,True,8,699,28,0.7789546519054716
Tox21,1.0,0,21,val,True,9,643,35,0.6406484962406015
Tox21,1.0,0,21,val,True,10,564,111,0.8144502118012051
Tox21,1.0,0,21,val,True,11,665,43,0.8278621102220892
Tox21,1.0,0,21,test,False,0,784,18,0.7392660284305194
Tox21,1.0,0,21,test,False,1,784,18,0.7412242529736002
Tox21,1.0,0,21,test,False,2,784,76,0.8370502527505204
Tox21,1.0,0,21,test,False,3,784,30,0.6667550839964633
Tox21,1.0,0,21,test,False,4,784,88,0.7005943051201673
Tox21,1.0,0,21,test,False,5,784,39,0.7726381001548787
Tox21,1.0,0,21,test,False,6,784,30,0.6256852343059239
Tox21,1.0,0,21,test,False,7,784,99,0.6528791565287916
Tox21,1.0,0,21,test,False,8,784,36,0.7257130124777185
Tox21,1.0,0,21,test,False,9,784,40,0.7069220430107527
Tox21,1.0,0,21,test,False,10,784,103,0.8011490811627675
Tox21,1.0,0,21,test,False,11,784,48,0.7608978713768116
Tox21,1.0,0,21,test,True,0,736,18,0.7430362116991643
Tox21,1.0,0,21,test,True,1,670,18,0.7488070892978869
Tox21,1.0,0,21,test,True,2,668,76,0.8488397937411095
Tox21,1.0,0,21,test,True,3,564,30,0.7197877652933833
Tox21,1.0,0,21,test,True,4,620,88,0.7152042036910459
Tox21,1.0,0,21,test,True,5,701,39,0.7794174606863429
Tox21,1.0,0,21,test,True,6,646,30,0.6377705627705628
Tox21,1.0,0,21,test,True,7,569,99,0.6660434128519235
Tox21,1.0,0,21,test,True,8,710,36,0.7282805802835477
Tox21,1.0,0,21,test,True,9,649,40,0.7066091954022988
Tox21,1.0,0,21,test,True,10,601,103,0.8231567044878543
Tox21,1.0,0,21,test,True,11,681,48,0.763724328593997
Tox21,1.0,0,22,val,False,0,783,35,0.7297937356760885
Tox21,1.0,0,22,val,False,1,783,28,0.8447492904446546
Tox21,1.0,0,22,val,False,2,783,79,0.8562104430379747
Tox21,1.0,0,22,val,False,3,783,38,0.6646767926527729
Tox21,1.0,0,22,val,False,4,783,91,0.7130153083910309
Tox21,1.0,0,22,val,False,5,783,46,0.778302165064008
Tox21,1.0,0,22,val,False,6,783,18,0.6431372549019608
Tox21,1.0,0,22,val,False,7,783,91,0.6534809121514323
Tox21,1.0,0,22,val,False,8,783,28,0.7786660359508042
Tox21,1.0,0,22,val,False,9,783,35,0.6366883116883117
Tox21,1.0,0,22,val,False,10,783,111,0.7908220720720721
Tox21,1.0,0,22,val,False,11,783,43,0.8181018227529856
Tox21,1.0,0,22,val,True,0,724,35,0.7324072154260833
Tox21,1.0,0,22,val,True,1,663,28,0.8489876265466816
Tox21,1.0,0,22,val,True,2,644,79,0.881236697658788
Tox21,1.0,0,22,val,True,3,573,38,0.7108214461387112
Tox21,1.0,0,22,val,True,4,609,91,0.7320420891849463
Tox21,1.0,0,22,val,True,5,686,46,0.7883491847826087
Tox21,1.0,0,22,val,True,6,639,18,0.6575415995705851
Tox21,1.0,0,22,val,True,7,572,91,0.6789655251193712
Tox21,1.0,0,22,val,True,8,699,28,0.7800191611667022
Tox21,1.0,0,22,val,True,9,643,35,0.6422697368421053
Tox21,1.0,0,22,val,True,10,564,111,0.8151263846628085
Tox21,1.0,0,22,val,True,11,665,43,0.829395049727062
Tox21,1.0,0,22,test,False,0,784,18,0.737742964897012
Tox21,1.0,0,22,test,False,1,784,18,0.7407165651290979
Tox21,1.0,0,22,test,False,2,784,76,0.8378308058281296
Tox21,1.0,0,22,test,False,3,784,30,0.6721927497789567
Tox21,1.0,0,22,test,False,4,784,88,0.7009535005224661
Tox21,1.0,0,22,test,False,5,784,39,0.7713990707279297
Tox21,1.0,0,22,test,False,6,784,30,0.6312555260831123
Tox21,1.0,0,22,test,False,7,784,99,0.6546929145469291
Tox21,1.0,0,22,test,False,8,784,36,0.7257872846108141
Tox21,1.0,0,22,test,False,9,784,40,0.7125336021505376
Tox21,1.0,0,22,test,False,10,784,103,0.804584919378983
Tox21,1.0,0,22,test,False,11,784,48,0.764068161231884
Tox21,1.0,0,22,test,True,0,736,18,0.7413339523367378
Tox21,1.0,0,22,test,True,1,670,18,0.7482106339468302
Tox21,1.0,0,22,test,True,2,668,76,0.8496399359886202
Tox21,1.0,0,22,test,True,3,564,30,0.7248439450686642
Tox21,1.0,0,22,test,True,4,620,88,0.7153323650034176
Tox21,1.0,0,22,test,True,5,701,39,0.7778294213339532
Tox21,1.0,0,22,test,True,6,646,30,0.6437229437229438
Tox21,1.0,0,22,test,True,7,569,99,0.6676337846550613
Tox21,1.0,0,22,test,True,8,710,36,0.7283630069238378
Tox21,1.0,0,22,test,True,9,649,40,0.7132594417077176
Tox21,1.0,0,22,test,True,10,601,103,0.8260615276640543
Tox21,1.0,0,22,test,True,11,681,48,0.766949710373881
Tox21,1.0,0,23,val,False,0,783,35,0.7287624140565316
Tox21,1.0,0,23,val,False,1,783,28,0.8423368022705771
Tox21,1.0,0,23,val,False,2,783,79,0.8554912255466054
Tox21,1.0,0,23,val,False,3,783,38,0.6633168491699046
Tox21,1.0,0,23,val,False,4,783,91,0.7169059264434987
Tox21,1.0,0,23,val,False,5,783,46,0.7775352486578964
Tox21,1.0,0,23,val,False,6,783,18,0.6479302832244009
Tox21,1.0,0,23,val,False,7,783,91,0.6529727497935589
Tox21,1.0,0,23,val,False,8,783,28,0.7778618732261116
Tox21,1.0,0,23,val,False,9,783,35,0.6388082505729564
Tox21,1.0,0,23,val,False,10,783,111,0.791626447876448
Tox21,1.0,0,23,val,False,11,783,43,0.8175675675675675
Tox21,1.0,0,23,val,True,0,724,35,0.7315363881401616
Tox21,1.0,0,23,val,True,1,663,28,0.8461754780652417
Tox21,1.0,0,23,val,True,2,644,79,0.8801389044471827
Tox21,1.0,0,23,val,True,3,573,38,0.709640924741761
Tox21,1.0,0,23,val,True,4,609,91,0.7359243073528788
Tox21,1.0,0,23,val,True,5,686,46,0.7873301630434781
Tox21,1.0,0,23,val,True,6,639,18,0.6634460547504026
Tox21,1.0,0,23,val,True,7,572,91,0.6780973704050627
Tox21,1.0,0,23,val,True,8,699,28,0.7792740046838407
Tox21,1.0,0,23,val,True,9,643,35,0.644172932330827
Tox21,1.0,0,23,val,True,10,564,111,0.8154445836565042
Tox21,1.0,0,23,val,True,11,665,43,0.8286846631271966
Tox21,1.0,0,23,test,False,0,784,18,0.7357847403539309
Tox21,1.0,0,23,test,False,1,784,18,0.739955033362344
Tox21,1.0,0,23,test,False,2,784,76,0.8380166517989891
Tox21,1.0,0,23,test,False,3,784,30,0.6761273209549072
Tox21,1.0,0,23,test,False,4,784,88,0.7038025731452455
Tox21,1.0,0,23,test,False,5,784,39,0.7691619342626055
Tox21,1.0,0,23,test,False,6,784,30,0.6435234305923961
Tox21,1.0,0,23,test,False,7,784,99,0.656609894566099
Tox21,1.0,0,23,test,False,8,784,36,0.7256387403446227
Tox21,1.0,0,23,test,False,9,784,40,0.7161626344086021
Tox21,1.0,0,23,test,False,10,784,103,0.8072081319589981
Tox21,1.0,0,23,test,False,11,784,48,0.766997848731884
Tox21,1.0,0,23,test,True,0,736,18,0.7395543175487466
Tox21,1.0,0,23,test,True,1,670,18,0.7471881390593048
Tox21,1.0,0,23,test,True,2,668,76,0.8499511024182077
Tox21,1.0,0,23,test,True,3,564,30,0.7290886392009988
Tox21,1.0,0,23,test,True,4,620,88,0.7180985133287764
Tox21,1.0,0,23,test,True,5,701,39,0.7754667286389341
Tox21,1.0,0,23,test,True,6,646,30,0.6554924242424243
Tox21,1.0,0,23,test,True,7,569,99,0.6694605630775843
Tox21,1.0,0,23,test,True,8,710,36,0.7277860204418068
Tox21,1.0,0,23,test,True,9,649,40,0.7165435139573071
Tox21,1.0,0,23,test,True,10,601,103,0.8282450189105939
Tox21,1.0,0,23,test,True,11,681,48,0.7704548446550816
Tox21,1.0,0,24,val,False,0,783,35,0.7286478227654699
Tox21,1.0,0,24,val,False,1,783,28,0.8401135288552508
Tox21,1.0,0,24,val,False,2,783,79,0.8549158515535097
Tox21,1.0,0,24,val,False,3,783,38,0.6625927234192865
Tox21,1.0,0,24,val,False,4,783,91,0.7190656164644604
Tox21,1.0,0,24,val,False,5,783,46,0.7798359978762315
Tox21,1.0,0,24,val,False,6,783,18,0.6514887436456064
Tox21,1.0,0,24,val,False,7,783,91,0.6526869084672553
Tox21,1.0,0,24,val,False,8,783,28,0.7770104068117314
Tox21,1.0,0,24,val,False,9,783,35,0.6388846447669977
Tox21,1.0,0,24,val,False,10,783,111,0.791787323037323
Tox21,1.0,0,24,val,False,11,783,43,0.8178504085480829
Tox21,1.0,0,24,val,True,0,724,35,0.7310802405142027
Tox21,1.0,0,24,val,True,1,663,28,0.8440944881889764
Tox21,1.0,0,24,val,True,2,644,79,0.879646017699115
Tox21,1.0,0,24,val,True,3,573,38,0.7096901131333007
Tox21,1.0,0,24,val,True,4,609,91,0.7371547371547372
Tox21,1.0,0,24,val,True,5,686,46,0.7902173913043479
Tox21,1.0,0,24,val,True,6,639,18,0.6672928967614958
Tox21,1.0,0,24,val,True,7,572,91,0.6778689086381395
Tox21,1.0,0,24,val,True,8,699,28,0.7783691718117948
Tox21,1.0,0,24,val,True,9,643,35,0.643937969924812
Tox21,1.0,0,24,val,True,10,564,111,0.8149672851659607
Tox21,1.0,0,24,val,True,11,665,43,0.8290585508113363
Tox21,1.0,0,24,test,False,0,784,18,0.7352770525094285
Tox21,1.0,0,24,test,False,1,784,18,0.7395561357702349
Tox21,1.0,0,24,test,False,2,784,76,0.8389830508474577
Tox21,1.0,0,24,test,False,3,784,30,0.6803713527851459
Tox21,1.0,0,24,test,False,4,784,88,0.7056230407523512
Tox21,1.0,0,24,test,False,5,784,39,0.7662708655997246
Tox21,1.0,0,24,test,False,6,784,30,0.6541998231653403
Tox21,1.0,0,24,test,False,7,784,99,0.6584678905846788
Tox21,1.0,0,24,test,False,8,784,36,0.7258244206773619
Tox21,1.0,0,24,test,False,9,784,40,0.7189012096774193
Tox21,1.0,0,24,test,False,10,784,103,0.8092325677544445
Tox21,1.0,0,24,test,False,11,784,48,0.7688235960144928
Tox21,1.0,0,24,test,True,0,736,18,0.7388579387186628
Tox21,1.0,0,24,test,True,1,670,18,0.7469325153374233
Tox21,1.0,0,24,test,True,2,668,76,0.85099573257468
Tox21,1.0,0,24,test,True,3,564,30,0.732334581772784
Tox21,1.0,0,24,test,True,4,620,88,0.7200316131237183
Tox21,1.0,0,24,test,True,5,701,39,0.7726392439383376
Tox21,1.0,0,24,test,True,6,646,30,0.6657467532467534
Tox21,1.0,0,24,test,True,7,569,99,0.671136900924135
Tox21,1.0,0,24,test,True,8,710,36,0.727868447082097
Tox21,1.0,0,24,test,True,9,649,40,0.7196018062397374
Tox21,1.0,0,24,test,True,10,601,103,0.8298631418879401
Tox21,1.0,0,24,test,True,11,681,48,0.7730713533438652
Tox21,1.0,0,25,val,False,0,783,35,0.7307486631016042
Tox21,1.0,0,25,val,False,1,783,28,0.8386944181646169
Tox21,1.0,0,25,val,False,2,783,79,0.8543584579976984
Tox21,1.0,0,25,val,False,3,783,38,0.663617096432356
Tox21,1.0,0,25,val,False,4,783,91,0.7206853839801817
Tox21,1.0,0,25,val,False,5,783,46,0.7786708748746387
Tox21,1.0,0,25,val,False,6,783,18,0.6560639070442992
Tox21,1.0,0,25,val,False,7,783,91,0.6532188909356539
Tox21,1.0,0,25,val,False,8,783,28,0.7760643330179754
Tox21,1.0,0,25,val,False,9,783,35,0.6391138273491215
Tox21,1.0,0,25,val,False,10,783,111,0.7927391677391677
Tox21,1.0,0,25,val,False,11,783,43,0.818007542426147
Tox21,1.0,0,25,val,True,0,724,35,0.7330292349160273
Tox21,1.0,0,25,val,True,1,663,28,0.8426884139482564
Tox21,1.0,0,25,val,True,2,644,79,0.8790187072924835
Tox21,1.0,0,25,val,True,3,573,38,0.710723069355632
Tox21,1.0,0,25,val,True,4,609,91,0.7376638805210234
Tox21,1.0,0,25,val,True,5,686,46,0.7892323369565217
Tox21,1.0,0,25,val,True,6,639,18,0.6717659688674181
Tox21,1.0,0,25,val,True,7,572,91,0.6782458705535629
Tox21,1.0,0,25,val,True,8,699,28,0.7776240153289334
Tox21,1.0,0,25,val,True,9,643,35,0.6436560150375941
Tox21,1.0,0,25,val,True,10,564,111,0.8153849213451863
Tox21,1.0,0,25,val,True,11,665,43,0.8292828834218201
Tox21,1.0,0,25,test,False,0,784,18,0.734769364664926
Tox21,1.0,0,25,test,False,1,784,18,0.7362199013635045
Tox21,1.0,0,25,test,False,2,784,76,0.8390759738328872
Tox21,1.0,0,25,test,False,3,784,30,0.6829796640141468
Tox21,1.0,0,25,test,False,4,784,88,0.7064638845350053
Tox21,1.0,0,25,test,False,5,784,39,0.7636895542935811
Tox21,1.0,0,25,test,False,6,784,30,0.6620689655172414
Tox21,1.0,0,25,test,False,7,784,99,0.6608493696084936
Tox21,1.0,0,25,test,False,8,784,36,0.7272727272727272
Tox21,1.0,0,25,test,False,9,784,40,0.7227822580645161
Tox21,1.0,0,25,test,False,10,784,103,0.8111572074191294
Tox21,1.0,0,25,test,False,11,784,48,0.7698143115942029
Tox21,1.0,0,25,test,True,0,736,18,0.7381615598885795
Tox21,1.0,0,25,test,True,1,670,18,0.74326857532379
Tox21,1.0,0,25,test,True,2,668,76,0.8512402204836416
Tox21,1.0,0,25,test,True,3,564,30,0.7346441947565543
Tox21,1.0,0,25,test,True,4,620,88,0.7208219412166781
Tox21,1.0,0,25,test,True,5,701,39,0.7700441552405298
Tox21,1.0,0,25,test,True,6,646,30,0.6738095238095239
Tox21,1.0,0,25,test,True,7,569,99,0.6732753062540298
Tox21,1.0,0,25,test,True,8,710,36,0.7291872733267392
Tox21,1.0,0,25,test,True,9,649,40,0.7236863711001642
Tox21,1.0,0,25,test,True,10,601,103,0.8315202557804032
Tox21,1.0,0,25,test,True,11,681,48,0.7743878357030016
Tox21,1.0,0,26,val,False,0,783,35,0.7323911382734911
Tox21,1.0,0,26,val,False,1,783,28,0.8379375591296121
Tox21,1.0,0,26,val,False,2,783,79,0.854538262370541
Tox21,1.0,0,26,val,False,3,783,38,0.6669021547156482
Tox21,1.0,0,26,val,False,4,783,91,0.7235755573905863
Tox21,1.0,0,26,val,False,5,783,46,0.7750870155153087
Tox21,1.0,0,26,val,False,6,783,18,0.6598402323892519
Tox21,1.0,0,26,val,False,7,783,91,0.654497236867179
Tox21,1.0,0,26,val,False,8,783,28,0.774314096499527
Tox21,1.0,0,26,val,False,9,783,35,0.6410618792971734
Tox21,1.0,0,26,val,False,10,783,111,0.7931279493779494
Tox21,1.0,0,26,val,False,11,783,43,0.8184160905091138
Tox21,1.0,0,26,val,True,0,724,35,0.7346879535558781
Tox21,1.0,0,26,val,True,1,663,28,0.841732283464567
Tox21,1.0,0,26,val,True,2,644,79,0.8791083230648594
Tox21,1.0,0,26,val,True,3,573,38,0.714166256763404
Tox21,1.0,0,26,val,True,4,609,91,0.7399974542831687
Tox21,1.0,0,26,val,True,5,686,46,0.7853940217391304
Tox21,1.0,0,26,val,True,6,639,18,0.6758811952048667
Tox21,1.0,0,26,val,True,7,572,91,0.6796966027735258
Tox21,1.0,0,26,val,True,8,699,28,0.7758675750479029
Tox21,1.0,0,26,val,True,9,643,35,0.6453947368421054
Tox21,1.0,0,26,val,True,10,564,111,0.8152854841596562
Tox21,1.0,0,26,val,True,11,665,43,0.82946982726389
Tox21,1.0,0,26,test,False,0,784,18,0.732883666956774
Tox21,1.0,0,26,test,False,1,784,18,0.7322309254424136
Tox21,1.0,0,26,test,False,2,784,76,0.8401352958667856
Tox21,1.0,0,26,test,False,3,784,30,0.6856763925729443
Tox21,1.0,0,26,test,False,4,784,88,0.7074516718913271
Tox21,1.0,0,26,test,False,5,784,39,0.7628979521596971
Tox21,1.0,0,26,test,False,6,784,30,0.6704686118479221
Tox21,1.0,0,26,test,False,7,784,99,0.6626557546265576
Tox21,1.0,0,26,test,False,8,784,36,0.729092394533571
Tox21,1.0,0,26,test,False,9,784,40,0.7261424731182796
Tox21,1.0,0,26,test,False,10,784,103,0.8134525184266427
Tox21,1.0,0,26,test,False,11,784,48,0.7697576992753624
Tox21,1.0,0,26,test,True,0,736,18,0.7359950479727638
Tox21,1.0,0,26,test,True,1,670,18,0.7394342194955692
Tox21,1.0,0,26,test,True,2,668,76,0.8522848506401138
Tox21,1.0,0,26,test,True,3,564,30,0.7370786516853933
Tox21,1.0,0,26,test,True,4,620,88,0.7212705058099795
Tox21,1.0,0,26,test,True,5,701,39,0.7691145712293749
Tox21,1.0,0,26,test,True,6,646,30,0.6826839826839827
Tox21,1.0,0,26,test,True,7,569,99,0.6755641521598968
Tox21,1.0,0,26,test,True,8,710,36,0.7311242993735576
Tox21,1.0,0,26,test,True,9,649,40,0.727175697865353
Tox21,1.0,0,26,test,True,10,601,103,0.833216360587983
Tox21,1.0,0,26,test,True,11,681,48,0.7746182201158505
Tox21,1.0,0,27,val,False,0,783,35,0.7352368220015277
Tox21,1.0,0,27,val,False,1,783,28,0.8380321665089877
Tox21,1.0,0,27,val,False,2,783,79,0.8546461449942463
Tox21,1.0,0,27,val,False,3,783,38,0.669516072059343
Tox21,1.0,0,27,val,False,4,783,91,0.7259258082957505
Tox21,1.0,0,27,val,False,5,783,46,0.7695416199634241
Tox21,1.0,0,27,val,False,6,783,18,0.6659404502541757
Tox21,1.0,0,27,val,False,7,783,91,0.656371085561837
Tox21,1.0,0,27,val,False,8,783,28,0.7717596972563859
Tox21,1.0,0,27,val,False,9,783,35,0.643048128342246
Tox21,1.0,0,27,val,False,10,783,111,0.7930072930072929
Tox21,1.0,0,27,val,False,11,783,43,0.8175989943431803
Tox21,1.0,0,27,val,True,0,724,35,0.7374870412606261
Tox21,1.0,0,27,val,True,1,663,28,0.8416197975253094
Tox21,1.0,0,27,val,True,2,644,79,0.8791083230648595
Tox21,1.0,0,27,val,True,3,573,38,0.7166256763403837
Tox21,1.0,0,27,val,True,4,609,91,0.7423310280453137
Tox21,1.0,0,27,val,True,5,686,46,0.7802309782608695
Tox21,1.0,0,27,val,True,6,639,18,0.6826802648058687
Tox21,1.0,0,27,val,True,7,572,91,0.6815928354389892
Tox21,1.0,0,27,val,True,8,699,28,0.7734724292101341
Tox21,1.0,0,27,val,True,9,643,35,0.6473684210526316
Tox21,1.0,0,27,val,True,10,564,111,0.8153650339080802
Tox21,1.0,0,27,val,True,11,665,43,0.8284603305167128
Tox21,1.0,0,27,test,False,0,784,18,0.7304902814041194
Tox21,1.0,0,27,test,False,1,784,18,0.7306353350739774
Tox21,1.0,0,27,test,False,2,784,76,0.8407857567647934
Tox21,1.0,0,27,test,False,3,784,30,0.6874005305039788
Tox21,1.0,0,27,test,False,4,784,88,0.7095007183908046
Tox21,1.0,0,27,test,False,5,784,39,0.7602133884013078
Tox21,1.0,0,27,test,False,6,784,30,0.6781388152077807
Tox21,1.0,0,27,test,False,7,784,99,0.6646317186463172
Tox21,1.0,0,27,test,False,8,784,36,0.7300207961972668
Tox21,1.0,0,27,test,False,9,784,40,0.7299899193548387
Tox21,1.0,0,27,test,False,10,784,103,0.8149209472078469
Tox21,1.0,0,27,test,False,11,784,48,0.769927536231884
Tox21,1.0,0,27,test,True,0,736,18,0.7336737852058186
Tox21,1.0,0,27,test,True,1,670,18,0.7375596455351057
Tox21,1.0,0,27,test,True,2,668,76,0.8526626955903271
Tox21,1.0,0,27,test,True,3,564,30,0.7392634207240949
Tox21,1.0,0,27,test,True,4,620,88,0.7225734791524265
Tox21,1.0,0,27,test,True,5,701,39,0.7667131458672244
Tox21,1.0,0,27,test,True,6,646,30,0.6912878787878788
Tox21,1.0,0,27,test,True,7,569,99,0.6777777777777778
Tox21,1.0,0,27,test,True,8,710,36,0.7319485657764588
Tox21,1.0,0,27,test,True,9,649,40,0.7314655172413793
Tox21,1.0,0,27,test,True,10,601,103,0.8341911334659025
Tox21,1.0,0,27,test,True,11,681,48,0.7750789889415483
Tox21,1.0,0,28,val,False,0,783,35,0.737738731856379
Tox21,1.0,0,28,val,False,1,783,28,0.8385761589403973
Tox21,1.0,0,28,val,False,2,783,79,0.8554912255466053
Tox21,1.0,0,28,val,False,3,783,38,0.6736842105263158
Tox21,1.0,0,28,val,False,4,783,91,0.7277837769167249
Tox21,1.0,0,28,val,False,5,783,46,0.7657365347177159
Tox21,1.0,0,28,val,False,6,783,18,0.6702251270878721
Tox21,1.0,0,28,val,False,7,783,91,0.6579432128565076
Tox21,1.0,0,28,val,False,8,783,28,0.7691106906338695
Tox21,1.0,0,28,val,False,9,783,35,0.6450725744843391
Tox21,1.0,0,28,val,False,10,783,111,0.7930206992706993
Tox21,1.0,0,28,val,False,11,783,43,0.816939032055311
Tox21,1.0,0,28,val,True,0,724,35,0.739788513373419
Tox21,1.0,0,28,val,True,1,663,28,0.8423228346456691
Tox21,1.0,0,28,val,True,2,644,79,0.8801837123333707
Tox21,1.0,0,28,val,True,3,573,38,0.7210526315789474
Tox21,1.0,0,28,val,True,4,609,91,0.7438796724511011
Tox21,1.0,0,28,val,True,5,686,46,0.7762567934782608
Tox21,1.0,0,28,val,True,6,639,18,0.6882268742172124
Tox21,1.0,0,28,val,True,7,572,91,0.6834205295743756
Tox21,1.0,0,28,val,True,8,699,28,0.7707579305939962
Tox21,1.0,0,28,val,True,9,643,35,0.6493421052631578
Tox21,1.0,0,28,val,True,10,564,111,0.8149076228546428
Tox21,1.0,0,28,val,True,11,665,43,0.8278621102220893
Tox21,1.0,0,28,test,False,0,784,18,0.7299100667246881
Tox21,1.0,0,28,test,False,1,784,18,0.7296199593849724
Tox21,1.0,0,28,test,False,2,784,76,0.8414362176628011
Tox21,1.0,0,28,test,False,3,784,30,0.691290893015031
Tox21,1.0,0,28,test,False,4,784,88,0.7104885057471265
Tox21,1.0,0,28,test,False,5,784,39,0.7579762519359835
Tox21,1.0,0,28,test,False,6,784,30,0.6838638373121131
Tox21,1.0,0,28,test,False,7,784,99,0.666740396667404
Tox21,1.0,0,28,test,False,8,784,36,0.7312462863933452
Tox21,1.0,0,28,test,False,9,784,40,0.7333333333333333
Tox21,1.0,0,28,test,False,10,784,103,0.8161185007769841
Tox21,1.0,0,28,test,False,11,784,48,0.770805027173913
Tox21,1.0,0,28,test,True,0,736,18,0.7332869080779943
Tox21,1.0,0,28,test,True,1,670,18,0.7367927743694616
Tox21,1.0,0,28,test,True,2,668,76,0.8533294807965861
Tox21,1.0,0,28,test,True,3,564,30,0.7430711610486891
Tox21,1.0,0,28,test,True,4,620,88,0.7231074846206424
Tox21,1.0,0,28,test,True,5,701,39,0.7640793245022852
Tox21,1.0,0,28,test,True,6,646,30,0.6977813852813853
Tox21,1.0,0,28,test,True,7,569,99,0.6802922845476038
Tox21,1.0,0,28,test,True,8,710,36,0.7334322453016815
Tox21,1.0,0,28,test,True,9,649,40,0.7347701149425288
Tox21,1.0,0,28,test,True,10,601,103,0.8353413654618473
Tox21,1.0,0,28,test,True,11,681,48,0.7761321748288573
Tox21,1.0,0,29,val,False,0,783,35,0.7402215431627196
Tox21,1.0,0,29,val,False,1,783,28,0.8387890255439925
Tox21,1.0,0,29,val,False,2,783,79,0.8562104430379748
Tox21,1.0,0,29,val,False,3,783,38,0.6767926527728717
Tox21,1.0,0,29,val,False,4,783,91,0.7294670647271804
Tox21,1.0,0,29,val,False,5,783,46,0.7630228305114742
Tox21,1.0,0,29,val,False,6,783,18,0.6777777777777778
Tox21,1.0,0,29,val,False,7,783,91,0.6590865781617227
Tox21,1.0,0,29,val,False,8,783,28,0.7671712393566698
Tox21,1.0,0,29,val,False,9,783,35,0.645187165775401
Tox21,1.0,0,29,val,False,10,783,111,0.7938585907335908
Tox21,1.0,0,29,val,False,11,783,43,0.8163419233186675
Tox21,1.0,0,29,val,True,0,724,35,0.7422765913331951
Tox21,1.0,0,29,val,True,1,663,28,0.8426321709786277
Tox21,1.0,0,29,val,True,2,644,79,0.8809006385123781
Tox21,1.0,0,29,val,True,3,573,38,0.7245450073782588
Tox21,1.0,0,29,val,True,4,609,91,0.7453858882430311
Tox21,1.0,0,29,val,True,5,686,46,0.7738790760869566
Tox21,1.0,0,29,val,True,6,639,18,0.6959205582393988
Tox21,1.0,0,29,val,True,7,572,91,0.6847913001759156
Tox21,1.0,0,29,val,True,8,699,28,0.768522461145412
Tox21,1.0,0,29,val,True,9,643,35,0.6494360902255638
Tox21,1.0,0,29,val,True,10,564,111,0.8157926138058589
Tox21,1.0,0,29,val,True,11,665,43,0.8274508337695357
Tox21,1.0,0,29,test,False,0,784,18,0.7285320568610386
Tox21,1.0,0,29,test,False,1,784,18,0.7283870031911808
Tox21,1.0,0,29,test,False,2,784,76,0.8419194171870353
Tox21,1.0,0,29,test,False,3,784,30,0.6947391688771
Tox21,1.0,0,29,test,False,4,784,88,0.7121048850574714
Tox21,1.0,0,29,test,False,5,784,39,0.7557391154706591
Tox21,1.0,0,29,test,False,6,784,30,0.6906277630415562
Tox21,1.0,0,29,test,False,7,784,99,0.6688490746884906
Tox21,1.0,0,29,test,False,8,784,36,0.7320261437908497
Tox21,1.0,0,29,test,False,9,784,40,0.736122311827957
Tox21,1.0,0,29,test,False,10,784,103,0.8173445675263391
Tox21,1.0,0,29,test,False,11,784,48,0.7716259057971014
Tox21,1.0,0,29,test,True,0,736,18,0.7320489012689569
Tox21,1.0,0,29,test,True,1,670,18,0.7356850715746422
Tox21,1.0,0,29,test,True,2,668,76,0.853996266002845
Tox21,1.0,0,29,test,True,3,564,30,0.7461922596754056
Tox21,1.0,0,29,test,True,4,620,88,0.7243677375256322
Tox21,1.0,0,29,test,True,5,701,39,0.7617940971415291
Tox21,1.0,0,29,test,True,6,646,30,0.7048160173160173
Tox21,1.0,0,29,test,True,7,569,99,0.6827638082957231
Tox21,1.0,0,29,test,True,8,710,36,0.7345037916254533
Tox21,1.0,0,29,test,True,9,649,40,0.7378489326765189
Tox21,1.0,0,29,test,True,10,601,103,0.8365110929153509
Tox21,1.0,0,29,test,True,11,681,48,0.7772840968931016
Tox21,1.0,0,30,val,False,0,783,35,0.7434300993124523
Tox21,1.0,0,30,val,False,1,783,28,0.8377956480605487
Tox21,1.0,0,30,val,False,2,783,79,0.8558148734177214
Tox21,1.0,0,30,val,False,3,783,38,0.6804309431296363
Tox21,1.0,0,30,val,False,4,783,91,0.7308009909165979
Tox21,1.0,0,30,val,False,5,783,46,0.7604861070143355
Tox21,1.0,0,30,val,False,6,783,18,0.681118373275236
Tox21,1.0,0,30,val,False,7,783,91,0.660595185161659
Tox21,1.0,0,30,val,False,8,783,28,0.7655156102175971
Tox21,1.0,0,30,val,False,9,783,35,0.6452253628724217
Tox21,1.0,0,30,val,False,10,783,111,0.794120012870013
Tox21,1.0,0,30,val,False,11,783,43,0.8162790697674419
Tox21,1.0,0,30,val,True,0,724,35,0.7454696247149079
Tox21,1.0,0,30,val,True,1,663,28,0.8412823397075366
Tox21,1.0,0,30,val,True,2,644,79,0.8805869833090624
Tox21,1.0,0,30,val,True,3,573,38,0.7285292670929661
Tox21,1.0,0,30,val,True,4,609,91,0.7461496032924603
Tox21,1.0,0,30,val,True,5,686,46,0.7714673913043479
Tox21,1.0,0,30,val,True,6,639,18,0.6994990159241367
Tox21,1.0,0,30,val,True,7,572,91,0.6864133787210709
Tox21,1.0,0,30,val,True,8,699,28,0.7667660208643815
Tox21,1.0,0,30,val,True,9,643,35,0.649765037593985
Tox21,1.0,0,30,val,True,10,564,111,0.8159616570212598
Tox21,1.0,0,30,val,True,11,665,43,0.8276751663800195
Tox21,1.0,0,30,test,False,0,784,18,0.7283144763562518
Tox21,1.0,0,30,test,False,1,784,18,0.7250507687844503
Tox21,1.0,0,30,test,False,2,784,76,0.842867231638418
Tox21,1.0,0,30,test,False,3,784,30,0.6985411140583554
Tox21,1.0,0,30,test,False,4,784,88,0.7130355276907
Tox21,1.0,0,30,test,False,5,784,39,0.7542591636551369
Tox21,1.0,0,30,test,False,6,784,30,0.695844385499558
Tox21,1.0,0,30,test,False,7,784,99,0.6708250387082504
Tox21,1.0,0,30,test,False,8,784,36,0.7326945929887106
Tox21,1.0,0,30,test,False,9,784,40,0.7381720430107527
Tox21,1.0,0,30,test,False,10,784,103,0.8178292915900375
Tox21,1.0,0,30,test,False,11,784,48,0.7718240489130435
Tox21,1.0,0,30,test,True,0,736,18,0.7321262766945219
Tox21,1.0,0,30,test,True,1,670,18,0.731509884117246
Tox21,1.0,0,30,test,True,2,668,76,0.8551075746799431
Tox21,1.0,0,30,test,True,3,564,30,0.7498751560549313
Tox21,1.0,0,30,test,True,4,620,88,0.7251794258373206
Tox21,1.0,0,30,test,True,5,701,39,0.7605546517933225
Tox21,1.0,0,30,test,True,6,646,30,0.7099567099567099
Tox21,1.0,0,30,test,True,7,569,99,0.6852138405329896
Tox21,1.0,0,30,test,True,8,710,36,0.7351219914276295
Tox21,1.0,0,30,test,True,9,649,40,0.740024630541872
Tox21,1.0,0,30,test,True,10,601,103,0.8371349475572192
Tox21,1.0,0,30,test,True,11,681,48,0.7778106898367562
Tox21,1.0,0,31,val,False,0,783,35,0.746829640947288
Tox21,1.0,0,31,val,False,1,783,28,0.837038789025544
Tox21,1.0,0,31,val,False,2,783,79,0.8562104430379748
Tox21,1.0,0,31,val,False,3,783,38,0.682903567643942
Tox21,1.0,0,31,val,False,4,783,91,0.7319602362954964
Tox21,1.0,0,31,val,False,5,783,46,0.7585098224293552
Tox21,1.0,0,31,val,False,6,783,18,0.685766158315178
Tox21,1.0,0,31,val,False,7,783,91,0.6614685892142541
Tox21,1.0,0,31,val,False,8,783,28,0.7632923368022707
Tox21,1.0,0,31,val,False,9,783,35,0.6446906035141329
Tox21,1.0,0,31,val,False,10,783,111,0.7942674817674817
Tox21,1.0,0,31,val,False,11,783,43,0.8167504714016341
Tox21,1.0,0,31,val,True,0,724,35,0.7487455940286128
Tox21,1.0,0,31,val,True,1,663,28,0.8401574803149606
Tox21,1.0,0,31,val,True,2,644,79,0.8809902542847541
Tox21,1.0,0,31,val,True,3,573,38,0.7316773241515003
Tox21,1.0,0,31,val,True,4,609,91,0.7471678900250329
Tox21,1.0,0,31,val,True,5,686,46,0.7696671195652175
Tox21,1.0,0,31,val,True,6,639,18,0.7051350867775988
Tox21,1.0,0,31,val,True,7,572,91,0.6876242260857646
Tox21,1.0,0,31,val,True,8,699,28,0.7645837768788588
Tox21,1.0,0,31,val,True,9,643,35,0.6493890977443609
Tox21,1.0,0,31,val,True,10,564,111,0.8161008690810015
Tox21,1.0,0,31,val,True,11,665,43,0.8281238316009871
Tox21,1.0,0,31,test,False,0,784,18,0.7267188859878154
Tox21,1.0,0,31,test,False,1,784,18,0.7220771685523644
Tox21,1.0,0,31,test,False,2,784,76,0.8444562146892656
Tox21,1.0,0,31,test,False,3,784,30,0.702210433244916
Tox21,1.0,0,31,test,False,4,784,88,0.7141294409613373
Tox21,1.0,0,31,test,False,5,784,39,0.7536396489416624
Tox21,1.0,0,31,test,False,6,784,30,0.7026967285587975
Tox21,1.0,0,31,test,False,7,784,99,0.672476590724766
Tox21,1.0,0,31,test,False,8,784,36,0.7335858585858586
Tox21,1.0,0,31,test,False,9,784,40,0.7391297043010753
Tox21,1.0,0,31,test,False,10,784,103,0.8186134040460202
Tox21,1.0,0,31,test,False,11,784,48,0.7715834465579711
Tox21,1.0,0,31,test,True,0,736,18,0.7303466419065303
Tox21,1.0,0,31,test,True,1,670,18,0.7275051124744376
Tox21,1.0,0,31,test,True,2,668,76,0.8568301031294453
Tox21,1.0,0,31,test,True,3,564,30,0.7539950062421973
Tox21,1.0,0,31,test,True,4,620,88,0.7263115174299385
Tox21,1.0,0,31,test,True,5,701,39,0.760089859787745
Tox21,1.0,0,31,test,True,6,646,30,0.7167207792207791
Tox21,1.0,0,31,test,True,7,569,99,0.6873629916183107
Tox21,1.0,0,31,test,True,8,710,36,0.7361523244312562
Tox21,1.0,0,31,test,True,9,649,40,0.7410919540229886
Tox21,1.0,0,31,test,True,10,601,103,0.8377588021990876
Tox21,1.0,0,31,test,True,11,681,48,0.7779917061611374
Tox21,1.0,0,32,val,False,0,783,35,0.7495798319327731
Tox21,1.0,0,32,val,False,1,783,28,0.837038789025544
Tox21,1.0,0,32,val,False,2,783,79,0.8566239930955121
Tox21,1.0,0,32,val,False,3,783,38,0.6858707170611091
Tox21,1.0,0,32,val,False,4,783,91,0.7331671218954456
Tox21,1.0,0,32,val,False,5,783,46,0.7596601970385227
Tox21,1.0,0,32,val,False,6,783,18,0.6902687000726216
Tox21,1.0,0,32,val,False,7,783,91,0.6625325541510513
Tox21,1.0,0,32,val,False,8,783,28,0.7616840113528855
Tox21,1.0,0,32,val,False,9,783,35,0.6444232238349885
Tox21,1.0,0,32,val,False,10,783,111,0.7945490132990134
Tox21,1.0,0,32,val,False,11,783,43,0.8169704588309239
Tox21,1.0,0,32,val,True,0,724,35,0.7516068836823554
Tox21,1.0,0,32,val,True,1,663,28,0.8403824521934758
Tox21,1.0,0,32,val,True,2,644,79,0.881326313431164
Tox21,1.0,0,32,val,True,3,573,38,0.7347761928184948
Tox21,1.0,0,32,val,True,4,609,91,0.748461962747677
Tox21,1.0,0,32,val,True,5,686,46,0.7711277173913044
Tox21,1.0,0,32,val,True,6,639,18,0.709966004651995
Tox21,1.0,0,32,val,True,7,572,91,0.6889721505106121
Tox21,1.0,0,32,val,True,8,699,28,0.7632531403023207
Tox21,1.0,0,32,val,True,9,643,35,0.6495770676691729
Tox21,1.0,0,32,val,True,10,564,111,0.8167969293797108
Tox21,1.0,0,32,val,True,11,665,43,0.8284229417482988
Tox21,1.0,0,32,test,False,0,784,18,0.7247606614447346
Tox21,1.0,0,32,test,False,1,784,18,0.7201914708442123
Tox21,1.0,0,32,test,False,2,784,76,0.8456456289027654
Tox21,1.0,0,32,test,False,3,784,30,0.7061007957559682
Tox21,1.0,0,32,test,False,4,784,88,0.7151417189132706
Tox21,1.0,0,32,test,False,5,784,39,0.7525382894510411
Tox21,1.0,0,32,test,False,6,784,30,0.7099027409372237
Tox21,1.0,0,32,test,False,7,784,99,0.6741723807417238
Tox21,1.0,0,32,test,False,8,784,36,0.7344399881164587
Tox21,1.0,0,32,test,False,9,784,40,0.7406922043010752
Tox21,1.0,0,32,test,False,10,784,103,0.819540082403091
Tox21,1.0,0,32,test,False,11,784,48,0.7713428442028986
Tox21,1.0,0,32,test,True,0,736,18,0.7284122562674095
Tox21,1.0,0,32,test,True,1,670,18,0.725204498977505
Tox21,1.0,0,32,test,True,2,668,76,0.8579414118065434
Tox21,1.0,0,32,test,True,3,564,30,0.7579900124843946
Tox21,1.0,0,32,test,True,4,620,88,0.7276572112098428
Tox21,1.0,0,32,test,True,5,701,39,0.7590440777751956
Tox21,1.0,0,32,test,True,6,646,30,0.7235389610389611
Tox21,1.0,0,32,test,True,7,569,99,0.6897055663013111
Tox21,1.0,0,32,test,True,8,710,36,0.7368941641938674
Tox21,1.0,0,32,test,True,9,649,40,0.7431444991789818
Tox21,1.0,0,32,test,True,10,601,103,0.8383631613833976
Tox21,1.0,0,32,test,True,11,681,48,0.7780081621906266
Tox21,1.0,0,33,val,False,0,783,35,0.7532849503437739
Tox21,1.0,0,33,val,False,1,783,28,0.8369914853358562
Tox21,1.0,0,33,val,False,2,783,79,0.857073504027618
Tox21,1.0,0,33,val,False,3,783,38,0.6888025432709289
Tox21,1.0,0,33,val,False,4,783,91,0.7341675665375087
Tox21,1.0,0,33,val,False,5,783,46,0.7604123650522093
Tox21,1.0,0,33,val,False,6,783,18,0.6925925925925926
Tox21,1.0,0,33,val,False,7,783,91,0.6629295559931396
Tox21,1.0,0,33,val,False,8,783,28,0.7605014191106907
Tox21,1.0,0,33,val,False,9,783,35,0.6443086325439266
Tox21,1.0,0,33,val,False,10,783,111,0.795339982839983
Tox21,1.0,0,33,val,False,11,783,43,0.816781898177247
Tox21,1.0,0,33,val,True,0,724,35,0.7550901928260417
Tox21,1.0,0,33,val,True,1,663,28,0.8402699662542181
Tox21,1.0,0,33,val,True,2,644,79,0.8818864120085135
Tox21,1.0,0,33,val,True,3,573,38,0.7379734382685685
Tox21,1.0,0,33,val,True,4,609,91,0.749395392252535
Tox21,1.0,0,33,val,True,5,686,46,0.7718580163043478
Tox21,1.0,0,33,val,True,6,639,18,0.7126498479155484
Tox21,1.0,0,33,val,True,7,572,91,0.689588997281305
Tox21,1.0,0,33,val,True,8,699,28,0.7622950819672132
Tox21,1.0,0,33,val,True,9,643,35,0.649765037593985
Tox21,1.0,0,33,val,True,10,564,111,0.8176322017381619
Tox21,1.0,0,33,val,True,11,665,43,0.8285724968219547
Tox21,1.0,0,33,test,False,0,784,18,0.723237597911227
Tox21,1.0,0,33,test,False,1,784,18,0.7186684073107049
Tox21,1.0,0,33,test,False,2,784,76,0.846621320249777
Tox21,1.0,0,33,test,False,3,784,30,0.7093722369584439
Tox21,1.0,0,33,test,False,4,784,88,0.7158601097178684
Tox21,1.0,0,33,test,False,5,784,39,0.7528480468077784
Tox21,1.0,0,33,test,False,6,784,30,0.7159151193633954
Tox21,1.0,0,33,test,False,7,784,99,0.6755142667551426
Tox21,1.0,0,33,test,False,8,784,36,0.7357397504456328
Tox21,1.0,0,33,test,False,9,784,40,0.7421706989247312
Tox21,1.0,0,33,test,False,10,784,103,0.8203812212195086
Tox21,1.0,0,33,test,False,11,784,48,0.7705644248188406
Tox21,1.0,0,33,test,True,0,736,18,0.7267873723305478
Tox21,1.0,0,33,test,True,1,670,18,0.723159509202454
Tox21,1.0,0,33,test,True,2,668,76,0.8589971550497867
Tox21,1.0,0,33,test,True,3,564,30,0.7617977528089888
Tox21,1.0,0,33,test,True,4,620,88,0.7284475393028024
Tox21,1.0,0,33,test,True,5,701,39,0.7595476024479045
Tox21,1.0,0,33,test,True,6,646,30,0.7296536796536797
Tox21,1.0,0,33,test,True,7,569,99,0.6920481409843111
Tox21,1.0,0,33,test,True,8,710,36,0.7382954170787999
Tox21,1.0,0,33,test,True,9,649,40,0.7447865353037767
Tox21,1.0,0,33,test,True,10,601,103,0.8391234842281748
Tox21,1.0,0,33,test,True,11,681,48,0.7776461295418641
Tox21,1.0,0,34,val,False,0,783,35,0.7567226890756302
Tox21,1.0,0,34,val,False,1,783,28,0.8369914853358562
Tox21,1.0,0,34,val,False,2,783,79,0.8573252301495972
Tox21,1.0,0,34,val,False,3,783,38,0.6925114800423878
Tox21,1.0,0,34,val,False,4,783,91,0.734501048084863
Tox21,1.0,0,34,val,False,5,783,46,0.7624623915993157
Tox21,1.0,0,34,val,False,6,783,18,0.6953522149600581
Tox21,1.0,0,34,val,False,7,783,91,0.6640411611509878
Tox21,1.0,0,34,val,False,8,783,28,0.7579943235572375
Tox21,1.0,0,34,val,False,9,783,35,0.6440794499618029
Tox21,1.0,0,34,val,False,10,783,111,0.7961845774345775
Tox21,1.0,0,34,val,False,11,783,43,0.817504714016342
Tox21,1.0,0,34,val,True,0,724,35,0.7585735019697284
Tox21,1.0,0,34,val,True,1,663,28,0.8400449943757031
Tox21,1.0,0,34,val,True,2,644,79,0.8821104514394533
Tox21,1.0,0,34,val,True,3,573,38,0.7419085095917364
Tox21,1.0,0,34,val,True,4,609,91,0.749395392252535
Tox21,1.0,0,34,val,True,5,686,46,0.7740828804347827
Tox21,1.0,0,34,val,True,6,639,18,0.7158704598318124
Tox21,1.0,0,34,val,True,7,572,91,0.6910968449429988
Tox21,1.0,0,34,val,True,8,699,28,0.7595805833510751
Tox21,1.0,0,34,val,True,9,643,35,0.6498590225563909
Tox21,1.0,0,34,val,True,10,564,111,0.8184078117852952
Tox21,1.0,0,34,val,True,11,665,43,0.8296567711059597
Tox21,1.0,0,34,test,False,0,784,18,0.7215694807078619
Tox21,1.0,0,34,test,False,1,784,18,0.7183782999709892
Tox21,1.0,0,34,test,False,2,784,76,0.8473461195361285
Tox21,1.0,0,34,test,False,3,784,30,0.7112290008841733
Tox21,1.0,0,34,test,False,4,784,88,0.7169621865203762
Tox21,1.0,0,34,test,False,5,784,39,0.7552572706935122
Tox21,1.0,0,34,test,False,6,784,30,0.7204244031830238
Tox21,1.0,0,34,test,False,7,784,99,0.6774017547740175
Tox21,1.0,0,34,test,False,8,784,36,0.7364453357100416
Tox21,1.0,0,34,test,False,9,784,40,0.7446236559139784
Tox21,1.0,0,34,test,False,10,784,103,0.8211368204952738
Tox21,1.0,0,34,test,False,11,784,48,0.771583446557971
Tox21,1.0,0,34,test,True,0,736,18,0.725162488393686
Tox21,1.0,0,34,test,True,1,670,18,0.722307430129516
Tox21,1.0,0,34,test,True,2,668,76,0.8597083926031294
Tox21,1.0,0,34,test,True,3,564,30,0.7636704119850187
Tox21,1.0,0,34,test,True,4,620,88,0.7299320745044429
Tox21,1.0,0,34,test,True,5,701,39,0.7620264931443179
Tox21,1.0,0,34,test,True,6,646,30,0.7342532467532468
Tox21,1.0,0,34,test,True,7,569,99,0.6945411562432839
Tox21,1.0,0,34,test,True,8,710,36,0.7387075502802506
Tox21,1.0,0,34,test,True,9,649,40,0.7476190476190476
Tox21,1.0,0,34,test,True,10,601,103,0.8400202752758608
Tox21,1.0,0,34,test,True,11,681,48,0.778847419694576
Tox21,1.0,0,35,val,False,0,783,35,0.7581741787624139
Tox21,1.0,0,35,val,False,1,783,28,0.8374172185430464
Tox21,1.0,0,35,val,False,2,783,79,0.8573701812428078
Tox21,1.0,0,35,val,False,3,783,38,0.6963617096432356
Tox21,1.0,0,35,val,False,4,783,91,0.734715429079591
Tox21,1.0,0,35,val,False,5,783,46,0.7650876054510057
Tox21,1.0,0,35,val,False,6,783,18,0.6970225127087872
Tox21,1.0,0,35,val,False,7,783,91,0.6645493235088611
Tox21,1.0,0,35,val,False,8,783,28,0.7557237464522233
Tox21,1.0,0,35,val,False,9,783,35,0.6442322383498853
Tox21,1.0,0,35,val,False,10,783,111,0.796372265122265
Tox21,1.0,0,35,val,False,11,783,43,0.8177247014456317
Tox21,1.0,0,35,val,True,0,724,35,0.7600248807795978
Tox21,1.0,0,35,val,True,1,663,28,0.8405511811023622
Tox21,1.0,0,35,val,True,2,644,79,0.8821664612971881
Tox21,1.0,0,35,val,True,3,573,38,0.7461878996556812
Tox21,1.0,0,35,val,True,4,609,91,0.7495863210148925
Tox21,1.0,0,35,val,True,5,686,46,0.7766644021739131
Tox21,1.0,0,35,val,True,6,639,18,0.7176596886741815
Tox21,1.0,0,35,val,True,7,572,91,0.6924447693678463
Tox21,1.0,0,35,val,True,8,699,28,0.7571322120502447
Tox21,1.0,0,35,val,True,9,643,35,0.650093984962406
Tox21,1.0,0,35,val,True,10,564,111,0.8186066861563551
Tox21,1.0,0,35,val,True,11,665,43,0.8301802138637553
Tox21,1.0,0,35,test,False,0,784,18,0.7209167391935015
Tox21,1.0,0,35,test,False,1,784,18,0.7180156657963447
Tox21,1.0,0,35,test,False,2,784,76,0.8478850728516206
Tox21,1.0,0,35,test,False,3,784,30,0.7149867374005305
Tox21,1.0,0,35,test,False,4,784,88,0.7182438610240335
Tox21,1.0,0,35,test,False,5,784,39,0.7574255721906729
Tox21,1.0,0,35,test,False,6,784,30,0.7233863837312113
Tox21,1.0,0,35,test,False,7,784,99,0.6787215217872153
Tox21,1.0,0,35,test,False,8,784,36,0.7377450980392157
Tox21,1.0,0,35,test,False,9,784,40,0.7463037634408602
Tox21,1.0,0,35,test,False,10,784,103,0.8216215445589723
Tox21,1.0,0,35,test,False,11,784,48,0.7722769474637681
Tox21,1.0,0,35,test,True,0,736,18,0.7244661095636027
Tox21,1.0,0,35,test,True,1,670,18,0.7216257668711656
Tox21,1.0,0,35,test,True,2,668,76,0.8604196301564723
Tox21,1.0,0,35,test,True,3,564,30,0.7674157303370785
Tox21,1.0,0,35,test,True,4,620,88,0.7312884483937117
Tox21,1.0,0,35,test,True,5,701,39,0.7643504531722054
Tox21,1.0,0,35,test,True,6,646,30,0.7371753246753247
Tox21,1.0,0,35,test,True,7,569,99,0.6965506125080593
Tox21,1.0,0,35,test,True,8,710,36,0.7401500164853281
Tox21,1.0,0,35,test,True,9,649,40,0.7494252873563217
Tox21,1.0,0,35,test,True,10,601,103,0.8406441299177291
Tox21,1.0,0,35,test,True,11,681,48,0.7798512374934177
Tox21,1.0,0,36,val,False,0,783,35,0.759205500381971
Tox21,1.0,0,36,val,False,1,783,28,0.8388363292336802
Tox21,1.0,0,36,val,False,2,783,79,0.8577028193325662
Tox21,1.0,0,36,val,False,3,783,38,0.6998057223595902
Tox21,1.0,0,36,val,False,4,783,91,0.7353903322111415
Tox21,1.0,0,36,val,False,5,783,46,0.7669459028965844
Tox21,1.0,0,36,val,False,6,783,18,0.6978213507625273
Tox21,1.0,0,36,val,False,7,783,91,0.6652401067140952
Tox21,1.0,0,36,val,False,8,783,28,0.7544938505203407
Tox21,1.0,0,36,val,False,9,783,35,0.6443086325439267
Tox21,1.0,0,36,val,False,10,783,111,0.7967342342342343
Tox21,1.0,0,36,val,False,11,783,43,0.8170961659333752
Tox21,1.0,0,36,val,True,0,724,35,0.7611030478955008
Tox21,1.0,0,36,val,True,1,663,28,0.8421822272215973
Tox21,1.0,0,36,val,True,2,644,79,0.882670550016803
Tox21,1.0,0,36,val,True,3,573,38,0.7498524348253812
Tox21,1.0,0,36,val,True,4,609,91,0.7501378929950359
Tox21,1.0,0,36,val,True,5,686,46,0.7787703804347826
Tox21,1.0,0,36,val,True,6,639,18,0.7187332259796028
Tox21,1.0,0,36,val,True,7,572,91,0.6934157318772703
Tox21,1.0,0,36,val,True,8,699,28,0.7560677027890143
Tox21,1.0,0,36,val,True,9,643,35,0.650422932330827
Tox21,1.0,0,36,val,True,10,564,111,0.8190839846468985
Tox21,1.0,0,36,val,True,11,665,43,0.8295819935691318
Tox21,1.0,0,36,test,False,0,784,18,0.7199738903394256
Tox21,1.0,0,36,test,False,1,784,18,0.7201189440092834
Tox21,1.0,0,36,test,False,2,784,76,0.8482381801962533
Tox21,1.0,0,36,test,False,3,784,30,0.7187444739168878
Tox21,1.0,0,36,test,False,4,784,88,0.71932144723093
Tox21,1.0,0,36,test,False,5,784,39,0.7581827568404751
Tox21,1.0,0,36,test,False,6,784,30,0.7270557029177718
Tox21,1.0,0,36,test,False,7,784,99,0.6796431467964315
Tox21,1.0,0,36,test,False,8,784,36,0.7389705882352942
Tox21,1.0,0,36,test,False,9,784,40,0.7473622311827958
Tox21,1.0,0,36,test,False,10,784,103,0.8223914004248464
Tox21,1.0,0,36,test,False,11,784,48,0.7723052536231884
Tox21,1.0,0,36,test,True,0,736,18,0.7236149798823893
Tox21,1.0,0,36,test,True,1,670,18,0.7235855487389229
Tox21,1.0,0,36,test,True,2,668,76,0.8607530227596017
Tox21,1.0,0,36,test,True,3,564,30,0.7715355805243446
Tox21,1.0,0,36,test,True,4,620,88,0.7325914217361587
Tox21,1.0,0,36,test,True,5,701,39,0.7653962351847547
Tox21,1.0,0,36,test,True,6,646,30,0.740638528138528
Tox21,1.0,0,36,test,True,7,569,99,0.698087255534064
Tox21,1.0,0,36,test,True,8,710,36,0.741262776129245
Tox21,1.0,0,36,test,True,9,649,40,0.7505952380952381
Tox21,1.0,0,36,test,True,10,601,103,0.8413654618473896
Tox21,1.0,0,36,test,True,11,681,48,0.7799499736703528
Tox21,1.0,0,37,val,False,0,783,35,0.7600458365164248
Tox21,1.0,0,37,val,False,1,783,28,0.8388363292336803
Tox21,1.0,0,37,val,False,2,783,79,0.8574151323360183
Tox21,1.0,0,37,val,False,3,783,38,0.703108442246556
Tox21,1.0,0,37,val,False,4,783,91,0.7354617925427174
Tox21,1.0,0,37,val,False,5,783,46,0.7687747035573123
Tox21,1.0,0,37,val,False,6,783,18,0.70079883805374
Tox21,1.0,0,37,val,False,7,783,91,0.6659944102140634
Tox21,1.0,0,37,val,False,8,783,28,0.7519867549668874
Tox21,1.0,0,37,val,False,9,783,35,0.6436210847975554
Tox21,1.0,0,37,val,False,10,783,111,0.7970157657657658
Tox21,1.0,0,37,val,False,11,783,43,0.8166561910747957
Tox21,1.0,0,37,val,True,0,724,35,0.762056811113415
Tox21,1.0,0,37,val,True,1,663,28,0.8421822272215973
Tox21,1.0,0,37,val,True,2,644,79,0.8824017026996751
Tox21,1.0,0,37,val,True,3,573,38,0.7532218396458437
Tox21,1.0,0,37,val,True,4,609,91,0.7500424286138572
Tox21,1.0,0,37,val,True,5,686,46,0.7806046195652174
Tox21,1.0,0,37,val,True,6,639,18,0.7216854535695115
Tox21,1.0,0,37,val,True,7,572,91,0.6944552329167715
Tox21,1.0,0,37,val,True,8,699,28,0.7532467532467533
Tox21,1.0,0,37,val,True,9,643,35,0.649812030075188
Tox21,1.0,0,37,val,True,10,564,111,0.8197203826342899
Tox21,1.0,0,37,val,True,11,665,43,0.8293202721902341
Tox21,1.0,0,37,test,False,0,784,18,0.7192486219901364
Tox21,1.0,0,37,test,False,1,784,18,0.7209892660284305
Tox21,1.0,0,37,test,False,2,784,76,0.8486842105263158
Tox21,1.0,0,37,test,False,3,784,30,0.7214412024756852
Tox21,1.0,0,37,test,False,4,784,88,0.7204480146290491
Tox21,1.0,0,37,test,False,5,784,39,0.7590087764584409
Tox21,1.0,0,37,test,False,6,784,30,0.7294871794871794
Tox21,1.0,0,37,test,False,7,784,99,0.6802182408021824
Tox21,1.0,0,37,test,False,8,784,36,0.7392305407011289
Tox21,1.0,0,37,test,False,9,784,40,0.7477150537634408
Tox21,1.0,0,37,test,False,10,784,103,0.8230472035698502
Tox21,1.0,0,37,test,False,11,784,48,0.7726732336956521
Tox21,1.0,0,37,test,True,0,736,18,0.7228412256267409
Tox21,1.0,0,37,test,True,1,670,18,0.7243524199045671
Tox21,1.0,0,37,test,True,2,668,76,0.8613531294452347
Tox21,1.0,0,37,test,True,3,564,30,0.7742197253433208
Tox21,1.0,0,37,test,True,4,620,88,0.7338943950786055
Tox21,1.0,0,37,test,True,5,701,39,0.7665969478658301
Tox21,1.0,0,37,test,True,6,646,30,0.7429653679653679
Tox21,1.0,0,37,test,True,7,569,99,0.6993552546744036
Tox21,1.0,0,37,test,True,8,710,36,0.741839762611276
Tox21,1.0,0,37,test,True,9,649,40,0.7511904761904761
Tox21,1.0,0,37,test,True,10,601,103,0.8421257846921667
Tox21,1.0,0,37,test,True,11,681,48,0.7806740389678778
Tox21,1.0,0,38,val,False,0,783,35,0.7608670741023682
Tox21,1.0,0,38,val,False,1,783,28,0.8396404919583728
Tox21,1.0,0,38,val,False,2,783,79,0.8574331127733027
Tox21,1.0,0,38,val,False,3,783,38,0.7052278346873896
Tox21,1.0,0,38,val,False,4,783,91,0.7353426919900907
Tox21,1.0,0,38,val,False,5,783,46,0.7685682260633592
Tox21,1.0,0,38,val,False,6,783,18,0.7004357298474946
Tox21,1.0,0,38,val,False,7,783,91,0.6666772533824556
Tox21,1.0,0,38,val,False,8,783,28,0.7503311258278146
Tox21,1.0,0,38,val,False,9,783,35,0.6436210847975553
Tox21,1.0,0,38,val,False,10,783,111,0.797786625911626
Tox21,1.0,0,38,val,False,11,783,43,0.81659333752357
Tox21,1.0,0,38,val,True,0,724,35,0.7626995645863571
Tox21,1.0,0,38,val,True,1,663,28,0.8430258717660292
Tox21,1.0,0,38,val,True,2,644,79,0.882558530301333
Tox21,1.0,0,38,val,True,3,573,38,0.7560747663551401
Tox21,1.0,0,38,val,True,4,609,91,0.7498833213118927
Tox21,1.0,0,38,val,True,5,686,46,0.7804008152173914
Tox21,1.0,0,38,val,True,6,639,18,0.7216854535695115
Tox21,1.0,0,38,val,True,7,572,91,0.6952776952776953
Tox21,1.0,0,38,val,True,8,699,28,0.7516499893549073
Tox21,1.0,0,38,val,True,9,643,35,0.650046992481203
Tox21,1.0,0,38,val,True,10,564,111,0.8206352047411649
Tox21,1.0,0,38,val,True,11,665,43,0.829357660958648
Tox21,1.0,0,38,test,False,0,784,18,0.7180156657963446
Tox21,1.0,0,38,test,False,1,784,18,0.72236727589208
Tox21,1.0,0,38,test,False,2,784,76,0.8491674100505501
Tox21,1.0,0,38,test,False,3,784,30,0.7235190097259063
Tox21,1.0,0,38,test,False,4,784,88,0.7216725444096135
Tox21,1.0,0,38,test,False,5,784,39,0.7608673205988643
Tox21,1.0,0,38,test,False,6,784,30,0.7333996463306809
Tox21,1.0,0,38,test,False,7,784,99,0.6813536828135368
Tox21,1.0,0,38,test,False,8,784,36,0.7409016636957814
Tox21,1.0,0,38,test,False,9,784,40,0.7491263440860215
Tox21,1.0,0,38,test,False,10,784,103,0.8240023951071382
Tox21,1.0,0,38,test,False,11,784,48,0.7733384284420289
Tox21,1.0,0,38,test,True,0,736,18,0.7215258433921385
Tox21,1.0,0,38,test,True,1,670,18,0.7257157464212679
Tox21,1.0,0,38,test,True,2,668,76,0.8617309743954482
Tox21,1.0,0,38,test,True,3,564,30,0.7767790262172285
Tox21,1.0,0,38,test,True,4,620,88,0.7354750512645251
Tox21,1.0,0,38,test,True,5,701,39,0.768533581222403
Tox21,1.0,0,38,test,True,6,646,30,0.7465638528138527
Tox21,1.0,0,38,test,True,7,569,99,0.7012679991403394
Tox21,1.0,0,38,test,True,8,710,36,0.743570722057369
Tox21,1.0,0,38,test,True,9,649,40,0.7528735632183908
Tox21,1.0,0,38,test,True,10,601,103,0.8430225757398527
Tox21,1.0,0,38,test,True,11,681,48,0.7815462085308058
Tox21,1.0,0,39,val,False,0,783,35,0.7633307868601986
Tox21,1.0,0,39,val,False,1,783,28,0.8396877956480606
Tox21,1.0,0,39,val,False,2,783,79,0.8579905063291139
Tox21,1.0,0,39,val,False,3,783,38,0.7069233486400566
Tox21,1.0,0,39,val,False,4,783,91,0.7349774502953694
Tox21,1.0,0,39,val,False,5,783,46,0.7696596071028258
Tox21,1.0,0,39,val,False,6,783,18,0.70159767610748
Tox21,1.0,0,39,val,False,7,783,91,0.6681699803087087
Tox21,1.0,0,39,val,False,8,783,28,0.7490066225165563
Tox21,1.0,0,39,val,False,9,783,35,0.6439266615737204
Tox21,1.0,0,39,val,False,10,783,111,0.798302767052767
Tox21,1.0,0,39,val,False,11,783,43,0.8163419233186675
Tox21,1.0,0,39,val,True,0,724,35,0.7650425046651462
Tox21,1.0,0,39,val,True,1,663,28,0.8427446569178854
Tox21,1.0,0,39,val,True,2,644,79,0.8829393973339308
Tox21,1.0,0,39,val,True,3,573,38,0.7580423020167241
Tox21,1.0,0,39,val,True,4,609,91,0.7494378208663922
Tox21,1.0,0,39,val,True,5,686,46,0.7815217391304348
Tox21,1.0,0,39,val,True,6,639,18,0.7232957595276436
Tox21,1.0,0,39,val,True,7,572,91,0.6969454661762354
Tox21,1.0,0,39,val,True,8,699,28,0.7500532254630615
Tox21,1.0,0,39,val,True,9,643,35,0.650375939849624
Tox21,1.0,0,39,val,True,10,564,111,0.8212119404172384
Tox21,1.0,0,39,val,True,11,665,43,0.8290959395797503
Tox21,1.0,0,39,test,False,0,784,18,0.7163475485929794
Tox21,1.0,0,39,test,False,1,784,18,0.725123295619379
Tox21,1.0,0,39,test,False,2,784,76,0.8499479631281593
Tox21,1.0,0,39,test,False,3,784,30,0.7261273209549072
Tox21,1.0,0,39,test,False,4,784,88,0.7228317659352141
Tox21,1.0,0,39,test,False,5,784,39,0.7633797969368439
Tox21,1.0,0,39,test,False,6,784,30,0.7354553492484528
Tox21,1.0,0,39,test,False,7,784,99,0.6824301408243014
Tox21,1.0,0,39,test,False,8,784,36,0.7426099227569816
Tox21,1.0,0,39,test,False,9,784,40,0.7496639784946235
Tox21,1.0,0,39,test,False,10,784,103,0.8247579943829035
Tox21,1.0,0,39,test,False,11,784,48,0.7733242753623188
Tox21,1.0,0,39,test,True,0,736,18,0.7196688331785825
Tox21,1.0,0,39,test,True,1,670,18,0.7287832310838447
Tox21,1.0,0,39,test,True,2,668,76,0.8625311166429588
Tox21,1.0,0,39,test,True,3,564,30,0.7794007490636704
Tox21,1.0,0,39,test,True,4,620,88,0.7369916267942583
Tox21,1.0,0,39,test,True,5,701,39,0.7710512045859478
Tox21,1.0,0,39,test,True,6,646,30,0.7486471861471861
Tox21,1.0,0,39,test,True,7,569,99,0.7028798624543307
Tox21,1.0,0,39,test,True,8,710,36,0.7452604681833168
Tox21,1.0,0,39,test,True,9,649,40,0.7535714285714287
Tox21,1.0,0,39,test,True,10,601,103,0.8438803758724218
Tox21,1.0,0,39,test,True,11,681,48,0.7819246972090574
Tox21,1.0,0,40,val,False,0,783,35,0.764514896867838
Tox21,1.0,0,40,val,False,1,783,28,0.8402554399243141
Tox21,1.0,0,40,val,False,2,783,79,0.8579545454545454
Tox21,1.0,0,40,val,False,3,783,38,0.7089367714588485
Tox21,1.0,0,40,val,False,4,783,91,0.7342866670901353
Tox21,1.0,0,40,val,False,5,783,46,0.7715474013332546
Tox21,1.0,0,40,val,False,6,783,18,0.7045025417574438
Tox21,1.0,0,40,val,False,7,783,91,0.6686940227402656
Tox21,1.0,0,40,val,False,8,783,28,0.7470671712393567
Tox21,1.0,0,40,val,False,9,783,35,0.6445378151260505
Tox21,1.0,0,40,val,False,10,783,111,0.7992948305448306
Tox21,1.0,0,40,val,False,11,783,43,0.8173161533626649
Tox21,1.0,0,40,val,True,0,724,35,0.7662036077130417
Tox21,1.0,0,40,val,True,1,663,28,0.8430821147356581
Tox21,1.0,0,40,val,True,2,644,79,0.8830738209924947
Tox21,1.0,0,40,val,True,3,573,38,0.7605017215937038
Tox21,1.0,0,40,val,True,4,609,91,0.7486847129704273
Tox21,1.0,0,40,val,True,5,686,46,0.7835937500000001
Tox21,1.0,0,40,val,True,6,639,18,0.7260690642333154
Tox21,1.0,0,40,val,True,7,572,91,0.6979506979506979
Tox21,1.0,0,40,val,True,8,699,28,0.7480306578667235
Tox21,1.0,0,40,val,True,9,643,35,0.6513157894736842
Tox21,1.0,0,40,val,True,10,564,111,0.8225642861404451
Tox21,1.0,0,40,val,True,11,665,43,0.8300680475585135
Tox21,1.0,0,40,test,False,0,784,18,0.7164926022628373
Tox21,1.0,0,40,test,False,1,784,18,0.7259936176385263
Tox21,1.0,0,40,test,False,2,784,76,0.8504683318465656
Tox21,1.0,0,40,test,False,3,784,30,0.7283819628647215
Tox21,1.0,0,40,test,False,4,784,88,0.7236807732497386
Tox21,1.0,0,40,test,False,5,784,39,0.7655480984340045
Tox21,1.0,0,40,test,False,6,784,30,0.7381520778072502
Tox21,1.0,0,40,test,False,7,784,99,0.6839047408390474
Tox21,1.0,0,40,test,False,8,784,36,0.7441325014854426
Tox21,1.0,0,40,test,False,9,784,40,0.751209677419355
Tox21,1.0,0,40,test,False,10,784,103,0.8255421068388862
Tox21,1.0,0,40,test,False,11,784,48,0.7730978260869565
Tox21,1.0,0,40,test,True,0,736,18,0.7198235840297121
Tox21,1.0,0,40,test,True,1,670,18,0.7296353101567825
Tox21,1.0,0,40,test,True,2,668,76,0.8633090327169275
Tox21,1.0,0,40,test,True,3,564,30,0.7827715355805244
Tox21,1.0,0,40,test,True,4,620,88,0.7379955570745045
Tox21,1.0,0,40,test,True,5,701,39,0.7733364319467038
Tox21,1.0,0,40,test,True,6,646,30,0.7512987012987012
Tox21,1.0,0,40,test,True,7,569,99,0.7048355899419729
Tox21,1.0,0,40,test,True,8,710,36,0.7464968677876691
Tox21,1.0,0,40,test,True,9,649,40,0.7551724137931035
Tox21,1.0,0,40,test,True,10,601,103,0.8446017078020821
Tox21,1.0,0,40,test,True,11,681,48,0.7820892575039494
Tox21,1.0,0,41,val,False,0,783,35,0.7656608097784569
Tox21,1.0,0,41,val,False,1,783,28,0.8414380321665089
Tox21,1.0,0,41,val,False,2,783,79,0.8577567606444189
Tox21,1.0,0,41,val,False,3,783,38,0.7103850229600848
Tox21,1.0,0,41,val,False,4,783,91,0.7343104872006607
Tox21,1.0,0,41,val,False,5,783,46,0.7726977759424223
Tox21,1.0,0,41,val,False,6,783,18,0.7044299201161947
Tox21,1.0,0,41,val,False,7,783,91,0.6690433843613035
Tox21,1.0,0,41,val,False,8,783,28,0.744228949858089
Tox21,1.0,0,41,val,False,9,783,35,0.6452062643239115
Tox21,1.0,0,41,val,False,10,783,111,0.7995897683397684
Tox21,1.0,0,41,val,False,11,783,43,0.817127592708988
Tox21,1.0,0,41,val,True,0,724,35,0.7674476466929298
Tox21,1.0,0,41,val,True,1,663,28,0.8440382452193476
Tox21,1.0,0,41,val,True,2,644,79,0.8830738209924947
Tox21,1.0,0,41,val,True,3,573,38,0.7625676340383669
Tox21,1.0,0,41,val,True,4,609,91,0.7489923204208918
Tox21,1.0,0,41,val,True,5,686,46,0.7844429347826087
Tox21,1.0,0,41,val,True,6,639,18,0.7262479871175523
Tox21,1.0,0,41,val,True,7,572,91,0.6985903908980833
Tox21,1.0,0,41,val,True,8,699,28,0.745156482861401
Tox21,1.0,0,41,val,True,9,643,35,0.6520676691729324
Tox21,1.0,0,41,val,True,10,564,111,0.8229819223196707
Tox21,1.0,0,41,val,True,11,665,43,0.8301054363269275
Tox21,1.0,0,41,test,False,0,784,18,0.7163475485929796
Tox21,1.0,0,41,test,False,1,784,18,0.7256672468813461
Tox21,1.0,0,41,test,False,2,784,76,0.8505426702349093
Tox21,1.0,0,41,test,False,3,784,30,0.7309902740937224
Tox21,1.0,0,41,test,False,4,784,88,0.7248399947753396
Tox21,1.0,0,41,test,False,5,784,39,0.7671657201858544
Tox21,1.0,0,41,test,False,6,784,30,0.741025641025641
Tox21,1.0,0,41,test,False,7,784,99,0.6848189928481899
Tox21,1.0,0,41,test,False,8,784,36,0.7455808080808081
Tox21,1.0,0,41,test,False,9,784,40,0.7523521505376344
Tox21,1.0,0,41,test,False,10,784,103,0.8259270347718234
Tox21,1.0,0,41,test,False,11,784,48,0.7737488677536232
Tox21,1.0,0,41,test,True,0,736,18,0.7198235840297121
Tox21,1.0,0,41,test,True,1,670,18,0.7289962508520791
Tox21,1.0,0,41,test,True,2,668,76,0.8634646159317212
Tox21,1.0,0,41,test,True,3,564,30,0.7856429463171036
Tox21,1.0,0,41,test,True,4,620,88,0.7397684552289816
Tox21,1.0,0,41,test,True,5,701,39,0.7750406693004881
Tox21,1.0,0,41,test,True,6,646,30,0.754491341991342
Tox21,1.0,0,41,test,True,7,569,99,0.7062325381474317
Tox21,1.0,0,41,test,True,8,710,36,0.7479805473128915
Tox21,1.0,0,41,test,True,9,649,40,0.7564039408866995
Tox21,1.0,0,41,test,True,10,601,103,0.8448356532927828
Tox21,1.0,0,41,test,True,11,681,48,0.7829120589784095
Tox21,1.0,0,42,val,False,0,783,35,0.768411000763942
Tox21,1.0,0,42,val,False,1,783,28,0.8434247871333963
Tox21,1.0,0,42,val,False,2,783,79,0.8577927215189873
Tox21,1.0,0,42,val,False,3,783,38,0.7121511833274462
Tox21,1.0,0,42,val,False,4,783,91,0.7340246458743567
Tox21,1.0,0,42,val,False,5,783,46,0.773789156981889
Tox21,1.0,0,42,val,False,6,783,18,0.7050835148874364
Tox21,1.0,0,42,val,False,7,783,91,0.6691704249507717
Tox21,1.0,0,42,val,False,8,783,28,0.7424314096499528
Tox21,1.0,0,42,val,False,9,783,35,0.6443468296409472
Tox21,1.0,0,42,val,False,10,783,111,0.800179643929644
Tox21,1.0,0,42,val,False,11,783,43,0.8170647391577623
Tox21,1.0,0,42,val,True,0,724,35,0.7701430644826871
Tox21,1.0,0,42,val,True,1,663,28,0.8457817772778403
Tox21,1.0,0,42,val,True,2,644,79,0.8829842052201188
Tox21,1.0,0,42,val,True,3,573,38,0.764141662567634
Tox21,1.0,0,42,val,True,4,609,91,0.7488438202723917
Tox21,1.0,0,42,val,True,5,686,46,0.7856657608695652
Tox21,1.0,0,42,val,True,6,639,18,0.7268742172123814
Tox21,1.0,0,42,val,True,7,572,91,0.6988188526650065
Tox21,1.0,0,42,val,True,8,699,28,0.743346817117309
Tox21,1.0,0,42,val,True,9,643,35,0.6513627819548872
Tox21,1.0,0,42,val,True,10,564,111,0.8238171946781219
Tox21,1.0,0,42,val,True,11,665,43,0.8301428250953413
Tox21,1.0,0,42,test,False,0,784,18,0.7165651290977663
Tox21,1.0,0,42,test,False,1,784,18,0.7251958224543081
Tox21,1.0,0,42,test,False,2,784,76,0.8512674695212608
Tox21,1.0,0,42,test,False,3,784,30,0.7334659593280283
Tox21,1.0,0,42,test,False,4,784,88,0.7253869514106581
Tox21,1.0,0,42,test,False,5,784,39,0.7686456720013767
Tox21,1.0,0,42,test,False,6,784,30,0.741998231653404
Tox21,1.0,0,42,test,False,7,784,99,0.6854383248543832
Tox21,1.0,0,42,test,False,8,784,36,0.7461007130124777
Tox21,1.0,0,42,test,False,9,784,40,0.7523521505376344
Tox21,1.0,0,42,test,False,10,784,103,0.8261551402135637
Tox21,1.0,0,42,test,False,11,784,48,0.7744282155797102
Tox21,1.0,0,42,test,True,0,736,18,0.719978334880842
Tox21,1.0,0,42,test,True,1,670,18,0.7284423994546695
Tox21,1.0,0,42,test,True,2,668,76,0.8642869843527738
Tox21,1.0,0,42,test,True,3,564,30,0.7883895131086143
Tox21,1.0,0,42,test,True,4,620,88,0.7403772214627478
Tox21,1.0,0,42,test,True,5,701,39,0.7765125106514834
Tox21,1.0,0,42,test,True,6,646,30,0.7549783549783551
Tox21,1.0,0,42,test,True,7,569,99,0.707264130668386
Tox21,1.0,0,42,test,True,8,710,36,0.7485987471150676
Tox21,1.0,0,42,test,True,9,649,40,0.7565270935960592
Tox21,1.0,0,42,test,True,10,601,103,0.845245057901509
Tox21,1.0,0,42,test,True,11,681,48,0.7834715639810427
Tox21,1.0,0,43,val,False,0,783,35,0.770435446906035
Tox21,1.0,0,43,val,False,1,783,28,0.8445127719962158
Tox21,1.0,0,43,val,False,2,783,79,0.8575409953970081
Tox21,1.0,0,43,val,False,3,783,38,0.7148357470858353
Tox21,1.0,0,43,val,False,4,783,91,0.7335958838849012
Tox21,1.0,0,43,val,False,5,783,46,0.7743495958940476
Tox21,1.0,0,43,val,False,6,783,18,0.7053740014524328
Tox21,1.0,0,43,val,False,7,783,91,0.6690751445086704
Tox21,1.0,0,43,val,False,8,783,28,0.7415799432355724
Tox21,1.0,0,43,val,False,9,783,35,0.644576012223071
Tox21,1.0,0,43,val,False,10,783,111,0.8008365508365509
Tox21,1.0,0,43,val,False,11,783,43,0.8169076052796983
Tox21,1.0,0,43,val,True,0,724,35,0.772299398714493
Tox21,1.0,0,43,val,True,1,663,28,0.8470753655793025
Tox21,1.0,0,43,val,True,2,644,79,0.8828049736753668
Tox21,1.0,0,43,val,True,3,573,38,0.7676340383669454
Tox21,1.0,0,43,val,True,4,609,91,0.7487165344308202
Tox21,1.0,0,43,val,True,5,686,46,0.7863451086956522
Tox21,1.0,0,43,val,True,6,639,18,0.7268742172123815
Tox21,1.0,0,43,val,True,7,572,91,0.6989559297251604
Tox21,1.0,0,43,val,True,8,699,28,0.7424419842452629
Tox21,1.0,0,43,val,True,9,643,35,0.6517857142857143
Tox21,1.0,0,43,val,True,10,564,111,0.8247320167849969
Tox21,1.0,0,43,val,True,11,665,43,0.8301802138637553
Tox21,1.0,0,43,test,False,0,784,18,0.7164926022628373
Tox21,1.0,0,43,test,False,1,784,18,0.7241079199303743
Tox21,1.0,0,43,test,False,2,784,76,0.8521781147784716
Tox21,1.0,0,43,test,False,3,784,30,0.7345711759504863
Tox21,1.0,0,43,test,False,4,784,88,0.7260155433646813
Tox21,1.0,0,43,test,False,5,784,39,0.769747031491998
Tox21,1.0,0,43,test,False,6,784,30,0.7440760389036251
Tox21,1.0,0,43,test,False,7,784,99,0.6867949568679494
Tox21,1.0,0,43,test,False,8,784,36,0.7474004753416518
Tox21,1.0,0,43,test,False,9,784,40,0.7531249999999999
Tox21,1.0,0,43,test,False,10,784,103,0.8267681735882412
Tox21,1.0,0,43,test,False,11,784,48,0.7753623188405798
Tox21,1.0,0,43,test,True,0,736,18,0.7200557103064068
Tox21,1.0,0,43,test,True,1,670,18,0.7275051124744376
Tox21,1.0,0,43,test,True,2,668,76,0.8652649359886201
Tox21,1.0,0,43,test,True,3,564,30,0.7902621722846441
Tox21,1.0,0,43,test,True,4,620,88,0.7410287081339713
Tox21,1.0,0,43,test,True,5,701,39,0.7775582926640328
Tox21,1.0,0,43,test,True,6,646,30,0.7573593073593073
Tox21,1.0,0,43,test,True,7,569,99,0.7089189770040834
Tox21,1.0,0,43,test,True,8,710,36,0.7500412133201451
Tox21,1.0,0,43,test,True,9,649,40,0.7571839080459769
Tox21,1.0,0,43,test,True,10,601,103,0.8459663898311693
Tox21,1.0,0,43,test,True,11,681,48,0.7844260136914166
Tox21,1.0,0,44,val,False,0,783,35,0.7723834988540871
Tox21,1.0,0,44,val,False,1,783,28,0.8462630085146641
Tox21,1.0,0,44,val,False,2,783,79,0.8580084867663982
Tox21,1.0,0,44,val,False,3,783,38,0.7166725538678912
Tox21,1.0,0,44,val,False,4,783,91,0.733254462300705
Tox21,1.0,0,44,val,False,5,783,46,0.7756769512123178
Tox21,1.0,0,44,val,False,6,783,18,0.7065722585330428
Tox21,1.0,0,44,val,False,7,783,91,0.668678142666582
Tox21,1.0,0,44,val,False,8,783,28,0.7413434247871334
Tox21,1.0,0,44,val,False,9,783,35,0.644270435446906
Tox21,1.0,0,44,val,False,10,783,111,0.8015470827970828
Tox21,1.0,0,44,val,False,11,783,43,0.8173475801382778
Tox21,1.0,0,44,val,True,0,724,35,0.77399958532034
Tox21,1.0,0,44,val,True,1,663,28,0.8485376827896514
Tox21,1.0,0,44,val,True,2,644,79,0.8832978604234345
Tox21,1.0,0,44,val,True,3,573,38,0.7693556320708312
Tox21,1.0,0,44,val,True,4,609,91,0.7485574271288556
Tox21,1.0,0,44,val,True,5,686,46,0.7876358695652175
Tox21,1.0,0,44,val,True,6,639,18,0.7277241009125067
Tox21,1.0,0,44,val,True,7,572,91,0.6990016220785452
Tox21,1.0,0,44,val,True,8,699,28,0.7421758569299554
Tox21,1.0,0,44,val,True,9,643,35,0.6518327067669173
Tox21,1.0,0,44,val,True,10,564,111,0.825626951454766
Tox21,1.0,0,44,val,True,11,665,43,0.8306662678531369
Tox21,1.0,0,44,test,False,0,784,18,0.7178706121264868
Tox21,1.0,0,44,test,False,1,784,18,0.727226573832318
Tox21,1.0,0,44,test,False,2,784,76,0.8525869759143622
Tox21,1.0,0,44,test,False,3,784,30,0.7358090185676394
Tox21,1.0,0,44,test,False,4,784,88,0.7265706635318704
Tox21,1.0,0,44,test,False,5,784,39,0.7702977112373086
Tox21,1.0,0,44,test,False,6,784,30,0.7480548187444739
Tox21,1.0,0,44,test,False,7,784,99,0.6873110668731106
Tox21,1.0,0,44,test,False,8,784,36,0.7481803327391562
Tox21,1.0,0,44,test,False,9,784,40,0.7541666666666667
Tox21,1.0,0,44,test,False,10,784,103,0.8270533053904167
Tox21,1.0,0,44,test,False,11,784,48,0.7759567481884059
Tox21,1.0,0,44,test,True,0,736,18,0.721371092541009
Tox21,1.0,0,44,test,True,1,670,18,0.7304873892297205
Tox21,1.0,0,44,test,True,2,668,76,0.8657316856330014
Tox21,1.0,0,44,test,True,3,564,30,0.7921348314606742
Tox21,1.0,0,44,test,True,4,620,88,0.7416267942583732
Tox21,1.0,0,44,test,True,5,701,39,0.7783329460066619
Tox21,1.0,0,44,test,True,6,646,30,0.7616883116883117
Tox21,1.0,0,44,test,True,7,569,99,0.7098431119707717
Tox21,1.0,0,44,test,True,8,710,36,0.7507418397626112
Tox21,1.0,0,44,test,True,9,649,40,0.7584154351395731
Tox21,1.0,0,44,test,True,10,601,103,0.8463368035247787
Tox21,1.0,0,44,test,True,11,681,48,0.7851171669299633
Tox21,1.0,0,45,val,False,0,783,35,0.774446142093201
Tox21,1.0,0,45,val,False,1,783,28,0.8467833491012299
Tox21,1.0,0,45,val,False,2,783,79,0.8581343498273878
Tox21,1.0,0,45,val,False,3,783,38,0.7180854821617803
Tox21,1.0,0,45,val,False,4,783,91,0.7322778377691672
Tox21,1.0,0,45,val,False,5,783,46,0.777712229366999
Tox21,1.0,0,45,val,False,6,783,18,0.7061002178649236
Tox21,1.0,0,45,val,False,7,783,91,0.6680111795718733
Tox21,1.0,0,45,val,False,8,783,28,0.7404919583727531
Tox21,1.0,0,45,val,False,9,783,35,0.6442322383498853
Tox21,1.0,0,45,val,False,10,783,111,0.8021369583869584
Tox21,1.0,0,45,val,False,11,783,43,0.8174732872407291
Tox21,1.0,0,45,val,True,0,724,35,0.7760729836201534
Tox21,1.0,0,45,val,True,1,663,28,0.8485939257592802
Tox21,1.0,0,45,val,True,2,644,79,0.8835443037974684
Tox21,1.0,0,45,val,True,3,573,38,0.7709296606000984
Tox21,1.0,0,45,val,True,4,609,91,0.747422461708176
Tox21,1.0,0,45,val,True,5,686,46,0.7895720108695653
Tox21,1.0,0,45,val,True,6,639,18,0.7269636786545
Tox21,1.0,0,45,val,True,7,572,91,0.6984533138379292
Tox21,1.0,0,45,val,True,8,699,28,0.7412710240579093
Tox21,1.0,0,45,val,True,9,643,35,0.6518796992481202
Tox21,1.0,0,45,val,True,10,564,111,0.8263627866276873
Tox21,1.0,0,45,val,True,11,665,43,0.8307784341583788
Tox21,1.0,0,45,test,False,0,784,18,0.7185233536408472
Tox21,1.0,0,45,test,False,1,784,18,0.7275892080069626
Tox21,1.0,0,45,test,False,2,784,76,0.8529586678560809
Tox21,1.0,0,45,test,False,3,784,30,0.737975243147657
Tox21,1.0,0,45,test,False,4,784,88,0.7272074190177639
Tox21,1.0,0,45,test,False,5,784,39,0.7717088280846671
Tox21,1.0,0,45,test,False,6,784,30,0.752077807250221
Tox21,1.0,0,45,test,False,7,784,99,0.6880336208803361
Tox21,1.0,0,45,test,False,8,784,36,0.7494800950683304
Tox21,1.0,0,45,test,False,9,784,40,0.7552755376344086
Tox21,1.0,0,45,test,False,10,784,103,0.8275950558145503
Tox21,1.0,0,45,test,False,11,784,48,0.7764945652173914
Tox21,1.0,0,45,test,True,0,736,18,0.7222222222222223
Tox21,1.0,0,45,test,True,1,670,18,0.7315098841172462
Tox21,1.0,0,45,test,True,2,668,76,0.8661539829302988
Tox21,1.0,0,45,test,True,3,564,30,0.7948189762796505
Tox21,1.0,0,45,test,True,4,620,88,0.7424384825700616
Tox21,1.0,0,45,test,True,5,701,39,0.7796885893562631
Tox21,1.0,0,45,test,True,6,646,30,0.7657467532467532
Tox21,1.0,0,45,test,True,7,569,99,0.7107027724049
Tox21,1.0,0,45,test,True,8,710,36,0.7522255192878338
Tox21,1.0,0,45,test,True,9,649,40,0.7598111658456486
Tox21,1.0,0,45,test,True,10,601,103,0.8468826763364137
Tox21,1.0,0,45,test,True,11,681,48,0.7859728804634019
Tox21,1.0,0,46,val,False,0,783,35,0.7761650114591291
Tox21,1.0,0,46,val,False,1,783,28,0.8471144749290445
Tox21,1.0,0,46,val,False,2,783,79,0.858224252013809
Tox21,1.0,0,46,val,False,3,783,38,0.7192511480042387
Tox21,1.0,0,46,val,False,4,783,91,0.7323254779902179
Tox21,1.0,0,46,val,False,5,783,46,0.7802342044717125
Tox21,1.0,0,46,val,False,6,783,18,0.7047204066811911
Tox21,1.0,0,46,val,False,7,783,91,0.6679635393508226
Tox21,1.0,0,46,val,False,8,783,28,0.7399716177861874
Tox21,1.0,0,46,val,False,9,783,35,0.6448815889992361
Tox21,1.0,0,46,val,False,10,783,111,0.8027938652938653
Tox21,1.0,0,46,val,False,11,783,43,0.8173790069138908
Tox21,1.0,0,46,val,True,0,724,35,0.7780219780219779
Tox21,1.0,0,46,val,True,1,663,28,0.8488751406074241
Tox21,1.0,0,46,val,True,2,644,79,0.8836787274560323
Tox21,1.0,0,46,val,True,3,573,38,0.7721593703885883
Tox21,1.0,0,46,val,True,4,609,91,0.7476558190843906
Tox21,1.0,0,46,val,True,5,686,46,0.7921025815217392
Tox21,1.0,0,46,val,True,6,639,18,0.7257112184648417
Tox21,1.0,0,46,val,True,7,572,91,0.6985675447213908
Tox21,1.0,0,46,val,True,8,699,28,0.740632318501171
Tox21,1.0,0,46,val,True,9,643,35,0.6527255639097744
Tox21,1.0,0,46,val,True,10,564,111,0.8272179464232444
Tox21,1.0,0,46,val,True,11,665,43,0.8306288790847229
Tox21,1.0,0,46,test,False,0,784,18,0.7169277632724107
Tox21,1.0,0,46,test,False,1,784,18,0.7265013054830287
Tox21,1.0,0,46,test,False,2,784,76,0.8533117752007137
Tox21,1.0,0,46,test,False,3,784,30,0.7400972590627763
Tox21,1.0,0,46,test,False,4,784,88,0.7275176332288401
Tox21,1.0,0,46,test,False,5,784,39,0.772947857511616
Tox21,1.0,0,46,test,False,6,784,30,0.7553934571175951
Tox21,1.0,0,46,test,False,7,784,99,0.6894492368944923
Tox21,1.0,0,46,test,False,8,784,36,0.7500371360665478
Tox21,1.0,0,46,test,False,9,784,40,0.7563844086021505
Tox21,1.0,0,46,test,False,10,784,103,0.8278801876167259
Tox21,1.0,0,46,test,False,11,784,48,0.7772871376811594
Tox21,1.0,0,46,test,True,0,736,18,0.7205199628597956
Tox21,1.0,0,46,test,True,1,670,18,0.7309134287661895
Tox21,1.0,0,46,test,True,2,668,76,0.866487375533428
Tox21,1.0,0,46,test,True,3,564,30,0.7976279650436954
Tox21,1.0,0,46,test,True,4,620,88,0.742822966507177
Tox21,1.0,0,46,test,True,5,701,39,0.7809280347044697
Tox21,1.0,0,46,test,True,6,646,30,0.7691558441558441
Tox21,1.0,0,46,test,True,7,569,99,0.7124220932731572
Tox21,1.0,0,46,test,True,8,710,36,0.7526376524892846
Tox21,1.0,0,46,test,True,9,649,40,0.7607963875205256
Tox21,1.0,0,46,test,True,10,601,103,0.8473895582329317
Tox21,1.0,0,46,test,True,11,681,48,0.7870589784096894
Tox21,1.0,0,47,val,False,0,783,35,0.7775592055003818
Tox21,1.0,0,47,val,False,1,783,28,0.8474929044465468
Tox21,1.0,0,47,val,False,2,783,79,0.8582961737629459
Tox21,1.0,0,47,val,False,3,783,38,0.7198516425291417
Tox21,1.0,0,47,val,False,4,783,91,0.7317061551165597
Tox21,1.0,0,47,val,False,5,783,46,0.7807209014217451
Tox21,1.0,0,47,val,False,6,783,18,0.7045751633986927
Tox21,1.0,0,47,val,False,7,783,91,0.667566537508734
Tox21,1.0,0,47,val,False,8,783,28,0.739829706717124
Tox21,1.0,0,47,val,False,9,783,35,0.6444232238349885
Tox21,1.0,0,47,val,False,10,783,111,0.8033033033033032
Tox21,1.0,0,47,val,False,11,783,43,0.8175361407919548
Tox21,1.0,0,47,val,True,0,724,35,0.7796184947128343
Tox21,1.0,0,47,val,True,1,663,28,0.8492688413948257
Tox21,1.0,0,47,val,True,2,644,79,0.8838579590007841
Tox21,1.0,0,47,val,True,3,573,38,0.773044761436301
Tox21,1.0,0,47,val,True,4,609,91,0.7474012474012474
Tox21,1.0,0,47,val,True,5,686,46,0.7926970108695651
Tox21,1.0,0,47,val,True,6,639,18,0.7252639112542494
Tox21,1.0,0,47,val,True,7,572,91,0.6982248520710059
Tox21,1.0,0,47,val,True,8,699,28,0.7403661911858633
Tox21,1.0,0,47,val,True,9,643,35,0.6524436090225564
Tox21,1.0,0,47,val,True,10,564,111,0.8279736690332717
Tox21,1.0,0,47,val,True,11,665,43,0.8308532116952068
Tox21,1.0,0,47,test,False,0,784,18,0.7171453437771975
Tox21,1.0,0,47,test,False,1,784,18,0.7243980272700898
Tox21,1.0,0,47,test,False,2,784,76,0.8535719595599167
Tox21,1.0,0,47,test,False,3,784,30,0.7412466843501326
Tox21,1.0,0,47,test,False,4,784,88,0.7278931556948798
Tox21,1.0,0,47,test,False,5,784,39,0.7744278093271382
Tox21,1.0,0,47,test,False,6,784,30,0.7587533156498674
Tox21,1.0,0,47,test,False,7,784,99,0.6909238369092383
Tox21,1.0,0,47,test,False,8,784,36,0.7505570409982175
Tox21,1.0,0,47,test,False,9,784,40,0.7570228494623656
Tox21,1.0,0,47,test,False,10,784,103,0.8280940364683574
Tox21,1.0,0,47,test,False,11,784,48,0.7774852807971013
Tox21,1.0,0,47,test,True,0,736,18,0.7206747137109254
Tox21,1.0,0,47,test,True,1,670,18,0.7291240627130198
Tox21,1.0,0,47,test,True,2,668,76,0.8667318634423897
Tox21,1.0,0,47,test,True,3,564,30,0.7991260923845194
Tox21,1.0,0,47,test,True,4,620,88,0.7433783321941217
Tox21,1.0,0,47,test,True,5,701,39,0.7823998760554652
Tox21,1.0,0,47,test,True,6,646,30,0.7716450216450217
Tox21,1.0,0,47,test,True,7,569,99,0.7142488716956802
Tox21,1.0,0,47,test,True,8,710,36,0.7530085723705902
Tox21,1.0,0,47,test,True,9,649,40,0.7617405582922824
Tox21,1.0,0,47,test,True,10,601,103,0.847604008266074
Tox21,1.0,0,47,test,True,11,681,48,0.7871577145866245
Tox21,1.0,0,48,val,False,0,783,35,0.7794117647058824
Tox21,1.0,0,48,val,False,1,783,28,0.8471617786187322
Tox21,1.0,0,48,val,False,2,783,79,0.8579365650172612
Tox21,1.0,0,48,val,False,3,783,38,0.7206640762981279
Tox21,1.0,0,48,val,False,4,783,91,0.7315791145270913
Tox21,1.0,0,48,val,False,5,783,46,0.7822547342339685
Tox21,1.0,0,48,val,False,6,783,18,0.7039941902687
Tox21,1.0,0,48,val,False,7,783,91,0.6669948548561265
Tox21,1.0,0,48,val,False,8,783,28,0.7385052034058657
Tox21,1.0,0,48,val,False,9,783,35,0.6443850267379679
Tox21,1.0,0,48,val,False,10,783,111,0.8035580223080222
Tox21,1.0,0,48,val,False,11,783,43,0.8181646763042112
Tox21,1.0,0,48,val,True,0,724,35,0.7814638191996682
Tox21,1.0,0,48,val,True,1,663,28,0.848650168728909
Tox21,1.0,0,48,val,True,2,644,79,0.8833202643665283
Tox21,1.0,0,48,val,True,3,573,38,0.7736350221347762
Tox21,1.0,0,48,val,True,4,609,91,0.7471466757181043
Tox21,1.0,0,48,val,True,5,686,46,0.7940217391304347
Tox21,1.0,0,48,val,True,6,639,18,0.7249060654857756
Tox21,1.0,0,48,val,True,7,572,91,0.6978821594206209
Tox21,1.0,0,48,val,True,8,699,28,0.7390355546093251
Tox21,1.0,0,48,val,True,9,643,35,0.6529605263157895
Tox21,1.0,0,48,val,True,10,564,111,0.8283117554640733
Tox21,1.0,0,48,val,True,11,665,43,0.8317879309055559
Tox21,1.0,0,48,test,False,0,784,18,0.7185958804757759
Tox21,1.0,0,48,test,False,1,784,18,0.72439802727009
Tox21,1.0,0,48,test,False,2,784,76,0.8535347903657448
Tox21,1.0,0,48,test,False,3,784,30,0.7429266136162688
Tox21,1.0,0,48,test,False,4,784,88,0.7281543887147335
Tox21,1.0,0,48,test,False,5,784,39,0.7767337807606265
Tox21,1.0,0,48,test,False,6,784,30,0.7614500442086649
Tox21,1.0,0,48,test,False,7,784,99,0.691233502912335
Tox21,1.0,0,48,test,False,8,784,36,0.7510026737967914
Tox21,1.0,0,48,test,False,9,784,40,0.7580645161290323
Tox21,1.0,0,48,test,False,10,784,103,0.8284932209914032
Tox21,1.0,0,48,test,False,11,784,48,0.7776834239130435
Tox21,1.0,0,48,test,True,0,736,18,0.7222995976477871
Tox21,1.0,0,48,test,True,1,670,18,0.7291240627130198
Tox21,1.0,0,48,test,True,2,668,76,0.8666207325746799
Tox21,1.0,0,48,test,True,3,564,30,0.8006866416978777
Tox21,1.0,0,48,test,True,4,620,88,0.7438268967874231
Tox21,1.0,0,48,test,True,5,701,39,0.7848787667518785
Tox21,1.0,0,48,test,True,6,646,30,0.7742424242424243
Tox21,1.0,0,48,test,True,7,569,99,0.7149151085321298
Tox21,1.0,0,48,test,True,8,710,36,0.753420705572041
Tox21,1.0,0,48,test,True,9,649,40,0.7629310344827586
Tox21,1.0,0,48,test,True,10,601,103,0.8481303856201505
Tox21,1.0,0,48,test,True,11,681,48,0.7874210110584519
Tox21,1.0,0,49,val,False,0,783,35,0.781283422459893
Tox21,1.0,0,49,val,False,1,783,28,0.8475402081362345
Tox21,1.0,0,49,val,False,2,783,79,0.8578826237054085
Tox21,1.0,0,49,val,False,3,783,38,0.7221123277993642
Tox21,1.0,0,49,val,False,4,783,91,0.7309756717271169
Tox21,1.0,0,49,val,False,5,783,46,0.7826381924370244
Tox21,1.0,0,49,val,False,6,783,18,0.703921568627451
Tox21,1.0,0,49,val,False,7,783,91,0.6663120116877341
Tox21,1.0,0,49,val,False,8,783,28,0.7383159886471145
Tox21,1.0,0,49,val,False,9,783,35,0.6438120702826584
Tox21,1.0,0,49,val,False,10,783,111,0.804094272844273
Tox21,1.0,0,49,val,False,11,783,43,0.818007542426147
Tox21,1.0,0,49,val,True,0,724,35,0.783288409703504
Tox21,1.0,0,49,val,True,1,663,28,0.8492688413948256
Tox21,1.0,0,49,val,True,2,644,79,0.8832754564803406
Tox21,1.0,0,49,val,True,3,573,38,0.7748155435317265
Tox21,1.0,0,49,val,True,4,609,91,0.7464678178963894
Tox21,1.0,0,49,val,True,5,686,46,0.7944972826086957
Tox21,1.0,0,49,val,True,6,639,18,0.7253533726963678
Tox21,1.0,0,49,val,True,7,572,91,0.6970140047063125
Tox21,1.0,0,49,val,True,8,699,28,0.7388758782201404
Tox21,1.0,0,49,val,True,9,643,35,0.6528195488721804
Tox21,1.0,0,49,val,True,10,564,111,0.8288686037030409
Tox21,1.0,0,49,val,True,11,665,43,0.831750542137142
Tox21,1.0,0,49,test,False,0,784,18,0.7191035683202784
Tox21,1.0,0,49,test,False,1,784,18,0.7216420075427908
Tox21,1.0,0,49,test,False,2,784,76,0.8536834671424323
Tox21,1.0,0,49,test,False,3,784,30,0.7442970822281167
Tox21,1.0,0,49,test,False,4,784,88,0.7280890804597702
Tox21,1.0,0,49,test,False,5,784,39,0.7786267423851317
Tox21,1.0,0,49,test,False,6,784,30,0.7639257294429709
Tox21,1.0,0,49,test,False,7,784,99,0.6919413109194131
Tox21,1.0,0,49,test,False,8,784,36,0.7524509803921569
Tox21,1.0,0,49,test,False,9,784,40,0.7589717741935484
Tox21,1.0,0,49,test,False,10,784,103,0.8286785566628173
Tox21,1.0,0,49,test,False,11,784,48,0.7777117300724637
Tox21,1.0,0,49,test,True,0,736,18,0.7228412256267409
Tox21,1.0,0,49,test,True,1,670,18,0.7267382413087935
Tox21,1.0,0,49,test,True,2,668,76,0.8667985419630156
Tox21,1.0,0,49,test,True,3,564,30,0.802808988764045
Tox21,1.0,0,49,test,True,4,620,88,0.7438909774436091
Tox21,1.0,0,49,test,True,5,701,39,0.7867766674413201
Tox21,1.0,0,49,test,True,6,646,30,0.7770021645021645
Tox21,1.0,0,49,test,True,7,569,99,0.7158822265205244
Tox21,1.0,0,49,test,True,8,710,36,0.7547807451368282
Tox21,1.0,0,49,test,True,9,649,40,0.7638341543513957
Tox21,1.0,0,49,test,True,10,601,103,0.8482278629079425
Tox21,1.0,0,49,test,True,11,681,48,0.7874539231174302
