round,client,step,lr,supervised_loss,prototype_loss,lambda_proto,weighted_embedding_grad_ratio,embedding_gradient_cosine,mean_embedding_norm
0,0,0,1e-05,0.7581384181976318,0.0,0.1,,,4.694111347198486
0,0,50,1e-05,0.5242971181869507,0.0,0.1,,,5.748406887054443
0,0,100,1e-05,0.36453163623809814,0.0,0.1,,,9.819154739379883
0,0,150,1e-05,0.277406245470047,0.0,0.1,,,14.006349563598633
0,1,0,1e-05,0.7647765278816223,0.0,0.1,,,5.394771575927734
0,1,50,1e-05,0.5266422033309937,0.0,0.1,,,6.657118797302246
0,1,100,1e-05,0.3731330335140228,0.0,0.1,,,10.864324569702148
0,1,150,1e-05,0.3251575827598572,0.0,0.1,,,14.865495681762695
0,2,0,1e-05,0.7474325299263,0.0,0.1,,,4.129245758056641
0,2,50,1e-05,0.5624417662620544,0.0,0.1,,,4.7077531814575195
0,2,100,1e-05,0.3765832781791687,0.0,0.1,,,7.952461242675781
0,2,150,1e-05,0.2410452961921692,0.0,0.1,,,13.218538284301758
0,3,0,1e-05,0.7614704966545105,0.0,0.1,,,5.399999618530273
0,3,50,1e-05,0.5218983888626099,0.0,0.1,,,6.194091796875
0,3,100,1e-05,0.40315377712249756,0.0,0.1,,,10.538870811462402
0,3,150,1e-05,0.2878887951374054,0.0,0.1,,,15.176017761230469
1,0,0,5.500000000000001e-05,0.22817443311214447,0.020970160141587257,0.1,0.02435077775492029,0.07885914462272639,16.137340545654297
1,0,50,5.500000000000001e-05,0.17866472899913788,0.04246419295668602,0.1,0.03733199622714425,-0.02896138531806315,17.184886932373047
1,0,100,5.500000000000001e-05,0.2027556151151657,0.04412185773253441,0.1,0.03334105388796924,-0.03874694812233194,17.909706115722656
1,0,150,5.500000000000001e-05,0.20214278995990753,0.05479935556650162,0.1,0.03551369598180069,-0.05465250223387201,17.292110443115234
1,1,0,5.500000000000001e-05,0.3202248811721802,0.030726931989192963,0.1,0.022794144484107888,0.07613437667916112,18.193607330322266
1,1,50,5.500000000000001e-05,0.2607564926147461,0.03499500826001167,0.1,0.025639110131809528,-0.009329225120229918,17.675506591796875
1,1,100,5.500000000000001e-05,0.22237098217010498,0.042219378054142,0.1,0.02995034540486906,-0.022802536385242798,17.073076248168945
1,1,150,5.500000000000001e-05,0.25121697783470154,0.053300708532333374,0.1,0.02982257664172982,-0.06207434221267215,17.559043884277344
1,2,0,5.500000000000001e-05,0.1920405626296997,0.055098891258239746,0.1,0.04429843430298604,0.302874608582794,13.65301513671875
1,2,50,5.500000000000001e-05,0.1516808271408081,0.0519413948059082,0.1,0.046372373126585334,-0.024275309651373384,16.752174377441406
1,2,100,5.500000000000001e-05,0.18738387525081635,0.06215545907616615,0.1,0.043970709884800785,0.0061860402723400544,17.141700744628906
1,2,150,5.500000000000001e-05,0.14314381778240204,0.054718807339668274,0.1,0.04382760936411021,-0.0008886478677102768,17.07512664794922
1,3,0,5.500000000000001e-05,0.2743009924888611,0.03568030893802643,0.1,0.026019732485763475,0.05843503919280301,17.740089416503906
1,3,50,5.500000000000001e-05,0.22630095481872559,0.026042401790618896,0.1,0.024610745328107517,-0.004573649309379179,17.981658935546875
1,3,100,5.500000000000001e-05,0.23679685592651367,0.037689268589019775,0.1,0.029015158886621477,-0.012712427472602967,17.565431594848633
1,3,150,5.500000000000001e-05,0.23245103657245636,0.05123268812894821,0.1,0.03137064202429277,-0.014734373688156553,17.744552612304688
2,0,0,0.0001,0.21011802554130554,0.02601652778685093,0.1,0.023849085802880848,-0.042789237165451875,16.863887786865234
2,0,50,0.0001,0.22454814612865448,0.030270135030150414,0.1,0.02291581343981548,-0.025462361383103344,17.044147491455078
2,0,100,0.0001,0.17385992407798767,0.0326131246984005,0.1,0.029510306221184383,0.009681306918759566,16.928131103515625
2,0,150,0.0001,0.18150345981121063,0.040069594979286194,0.1,0.03007157641426703,0.08557127010022933,17.378873825073242
2,1,0,0.0001,0.3225586414337158,0.03779888153076172,0.1,0.02020527444504893,-0.07254022668955262,16.61406707763672
2,1,50,0.0001,0.2229137271642685,0.03500906005501747,0.1,0.02448831889666299,-0.01208197802919319,17.343326568603516
2,1,100,0.0001,0.2379084676504135,0.0448848158121109,0.1,0.027156004143569303,0.03783252251152631,16.69320297241211
2,1,150,0.0001,0.24387191236019135,0.04743141308426857,0.1,0.025481376011218967,-0.0142230923527219,17.179248809814453
2,2,0,0.0001,0.17279624938964844,0.03968377038836479,0.1,0.033866796663022225,-0.004757862259098241,16.84947967529297
2,2,50,0.0001,0.17517124116420746,0.030685966834425926,0.1,0.026851347804147312,-0.05204851955841812,17.085742950439453
2,2,100,0.0001,0.13174210488796234,0.036782022565603256,0.1,0.035009911109205594,0.012641218336813833,16.76557159423828
2,2,150,0.0001,0.10589781403541565,0.03276797756552696,0.1,0.04053175521849321,0.005018861840978413,17.39410972595215
2,3,0,0.0001,0.1843334585428238,0.023745005950331688,0.1,0.024545488696264203,-0.004196380230111174,17.12775421142578
2,3,50,0.0001,0.2231324017047882,0.046883948147296906,0.1,0.029806239571299936,0.052785196744573076,16.656005859375
2,3,100,0.0001,0.20978543162345886,0.026916462928056717,0.1,0.023697480060650554,0.007679171667851152,16.99742889404297
2,3,150,0.0001,0.2381635159254074,0.038947079330682755,0.1,0.025718009496605892,-0.04915325447829064,16.660263061523438
3,0,0,9.531618832347877e-05,0.1949300915002823,0.026840563863515854,0.1,0.022448377715433752,-0.026412522732299517,16.604433059692383
3,0,50,9.531618832347877e-05,0.2425117790699005,0.03464057296514511,0.1,0.021219133770421474,-0.051062843107254494,16.476503372192383
3,0,100,9.531618832347877e-05,0.15493933856487274,0.04331466928124428,0.1,0.03186269289758353,-0.030021311873231444,16.8297176361084
3,0,150,9.531618832347877e-05,0.1426609456539154,0.04001520201563835,0.1,0.03313467886437152,0.033479007135532514,16.448993682861328
3,1,0,9.531618832347877e-05,0.20937590301036835,0.02982208877801895,0.1,0.02261535709448106,0.004097809631872938,16.648887634277344
3,1,50,9.531618832347877e-05,0.2157059609889984,0.028982805088162422,0.1,0.020699435476449576,-0.03895828895921911,17.055694580078125
3,1,100,9.531618832347877e-05,0.2965589463710785,0.03712517023086548,0.1,0.02023586438373941,0.04390051674772212,16.731550216674805
3,1,150,9.531618832347877e-05,0.2032167911529541,0.042076583951711655,0.1,0.027681569358399077,-0.012955095822201342,17.242271423339844
3,2,0,9.531618832347877e-05,0.1588660031557083,0.03260887786746025,0.1,0.030976164331313265,-0.04285568374440871,16.669597625732422
3,2,50,9.531618832347877e-05,0.18599127233028412,0.050375986844301224,0.1,0.030490564339222377,-0.056153967505842034,17.15239906311035
3,2,100,9.531618832347877e-05,0.12355782091617584,0.03405369445681572,0.1,0.033427354623047,-0.06124171722806053,17.212135314941406
3,2,150,9.531618832347877e-05,0.1184299886226654,0.036655668169260025,0.1,0.03461433605957843,-0.06528609506261078,17.220027923583984
3,3,0,9.531618832347877e-05,0.2653484642505646,0.03515826538205147,0.1,0.020578532891895415,-0.004124377742918348,16.561695098876953
3,3,50,9.531618832347877e-05,0.2870650589466095,0.03120923787355423,0.1,0.017994199101144595,-0.06458450516975593,16.740907669067383
3,3,100,9.531618832347877e-05,0.22206974029541016,0.042405903339385986,0.1,0.02421268683666044,0.0006746182842300242,16.10345458984375
3,3,150,9.531618832347877e-05,0.23586474359035492,0.04378387704491615,0.1,0.024546655415652097,-0.05605336045067423,17.512096405029297
4,0,0,9.085175756516868e-05,0.16178534924983978,0.04190925881266594,0.1,0.031118389395845426,-0.049259419289787096,16.759429931640625
4,0,50,9.085175756516868e-05,0.1632186323404312,0.03915603086352348,0.1,0.029382435965866094,-0.0525791660100503,16.71454620361328
4,0,100,9.085175756516868e-05,0.17100553214550018,0.040260765701532364,0.1,0.027608275275136106,0.03264260671556873,16.535438537597656
4,0,150,9.085175756516868e-05,0.12500494718551636,0.039927542209625244,0.1,0.035123927760884584,-0.04227374830503121,16.72618865966797
4,1,0,9.085175756516868e-05,0.2174992710351944,0.051427822560071945,0.1,0.026162953730704878,0.009505878333064289,16.704235076904297
4,1,50,9.085175756516868e-05,0.18927881121635437,0.04853836074471474,0.1,0.028844380962663035,0.06702871426730407,15.948553085327148
4,1,100,9.085175756516868e-05,0.1924259066581726,0.0438367985188961,0.1,0.024518507094875623,0.005005054441823251,16.57303237915039
4,1,150,9.085175756516868e-05,0.21349851787090302,0.05113545060157776,0.1,0.025335852618048774,-0.014615505772548365,16.865859985351562
4,2,0,9.085175756516868e-05,0.13417816162109375,0.0330992192029953,0.1,0.030086128294800077,-0.07151936879193851,16.66600799560547
4,2,50,9.085175756516868e-05,0.15439216792583466,0.040880490094423294,0.1,0.03104664544085017,-0.05358406934458895,16.879104614257812
4,2,100,9.085175756516868e-05,0.16124138236045837,0.037460312247276306,0.1,0.02674582599585386,-0.1573933880244703,16.492610931396484
4,2,150,9.085175756516868e-05,0.10064699500799179,0.054824672639369965,0.1,0.0421128356095103,-0.028816619197974624,16.324472427368164
4,3,0,9.085175756516868e-05,0.21479113399982452,0.040308788418769836,0.1,0.02458558202499466,0.02032648745793699,16.347335815429688
4,3,50,9.085175756516868e-05,0.1945023387670517,0.038663968443870544,0.1,0.025824962566607455,-0.03761515242914999,16.82326889038086
4,3,100,9.085175756516868e-05,0.2274647206068039,0.0368330292403698,0.1,0.022622078729557522,0.01817528646111043,17.139944076538086
4,3,150,9.085175756516868e-05,0.17800773680210114,0.043974507600069046,0.1,0.02774961713748624,-0.02684582749387887,16.2220458984375
5,0,0,8.659643233600654e-05,0.14654912054538727,0.0417054183781147,0.1,0.027347789439303497,-0.0435578285326652,16.27508544921875
5,0,50,8.659643233600654e-05,0.14375251531600952,0.04229337349534035,0.1,0.031248851665925136,-0.11243504237280784,16.53799819946289
5,0,100,8.659643233600654e-05,0.20547151565551758,0.047626934945583344,0.1,0.024940584280506793,-0.08355689414034317,17.27466583251953
5,0,150,8.659643233600654e-05,0.17094288766384125,0.0363987497985363,0.1,0.021771057606861054,-0.15158347209776127,17.126087188720703
5,1,0,8.659643233600654e-05,0.23927849531173706,0.04481889680027962,0.1,0.022689936740483845,0.023234352999978294,16.350021362304688
5,1,50,8.659643233600654e-05,0.18196214735507965,0.04382529854774475,0.1,0.026952675853826973,-0.019646272117533205,16.68905258178711
5,1,100,8.659643233600654e-05,0.22191308438777924,0.04412195459008217,0.1,0.024226193204853967,0.033538964767935525,15.856828689575195
5,1,150,8.659643233600654e-05,0.20589224994182587,0.052498709410429,0.1,0.025066806722659415,-0.016726740109209555,16.472518920898438
5,2,0,8.659643233600654e-05,0.0939309149980545,0.04572807624936104,0.1,0.04090256600384004,0.03438728935275172,16.440793991088867
5,2,50,8.659643233600654e-05,0.19157887995243073,0.03767078369855881,0.1,0.024825799989634,0.02081729863521375,15.807421684265137
5,2,100,8.659643233600654e-05,0.09744035452604294,0.03812061995267868,0.1,0.03731696813490495,0.02104989434728697,16.302940368652344
5,2,150,8.659643233600654e-05,0.1424679309129715,0.04402438551187515,0.1,0.030172997478574753,-0.10712215146349624,16.50092887878418
5,3,0,8.659643233600654e-05,0.19418658316135406,0.03830884024500847,0.1,0.024683977440811102,0.007545081559985951,16.46385383605957
5,3,50,8.659643233600654e-05,0.16742342710494995,0.0413992814719677,0.1,0.026063888436358578,-0.0240033477206659,16.180866241455078
5,3,100,8.659643233600654e-05,0.1656692624092102,0.05755672603845596,0.1,0.027667438961693786,0.20501807494346685,16.04458236694336
5,3,150,8.659643233600654e-05,0.1952294558286667,0.041374485939741135,0.1,0.024797827371379432,0.0651570739096398,15.993088722229004
6,0,0,8.254041852680186e-05,0.12093736231327057,0.05350968986749649,0.1,0.03512946218508146,0.0003536861086616289,17.00102424621582
6,0,50,8.254041852680186e-05,0.15027637779712677,0.0488712377846241,0.1,0.029287105736206267,-0.16984587180151287,16.563640594482422
6,0,100,8.254041852680186e-05,0.16841281950473785,0.059993915259838104,0.1,0.029010414242641492,-0.1411839768512065,17.106121063232422
6,0,150,8.254041852680186e-05,0.1851816028356552,0.049822866916656494,0.1,0.025427287148606776,-0.06984185538377886,17.067970275878906
6,1,0,8.254041852680186e-05,0.268730103969574,0.050247371196746826,0.1,0.02031691337665754,0.008156394794124203,16.566848754882812
6,1,50,8.254041852680186e-05,0.2451462596654892,0.0485151931643486,0.1,0.021800564038340815,0.045990646175361305,15.717791557312012
6,1,100,8.254041852680186e-05,0.18924295902252197,0.054274916648864746,0.1,0.0288672496622849,0.06301087123097773,17.16464614868164
6,1,150,8.254041852680186e-05,0.18765777349472046,0.062494706362485886,0.1,0.028394203090584737,0.017671243705760203,17.197847366333008
6,2,0,8.254041852680186e-05,0.09846106171607971,0.04265378415584564,0.1,0.03972071186627874,0.04001167640489219,16.229578018188477
6,2,50,8.254041852680186e-05,0.16742146015167236,0.05450084060430527,0.1,0.029688948556860932,-0.05938211035854356,16.717632293701172
6,2,100,8.254041852680186e-05,0.08296499401330948,0.04287580028176308,0.1,0.040372911344900994,0.05126732932273482,16.23050880432129
6,2,150,8.254041852680186e-05,0.12807053327560425,0.06296461820602417,0.1,0.03547421882105105,-0.08497854152858389,15.925346374511719
6,3,0,8.254041852680186e-05,0.20773261785507202,0.05242970585823059,0.1,0.024085668877394086,-0.05680474479331411,16.718814849853516
6,3,50,8.254041852680186e-05,0.2556568384170532,0.055370599031448364,0.1,0.021808514741652928,-0.025005893358749188,15.477044105529785
6,3,100,8.254041852680186e-05,0.1926862597465515,0.044742781668901443,0.1,0.024701521895678147,-0.04462035996517971,16.599472045898438
6,3,150,8.254041852680186e-05,0.21781747043132782,0.0498555563390255,0.1,0.023953940436708683,0.030798953445311424,16.73627281188965
7,0,0,7.8674380765994e-05,0.2117418497800827,0.044137340039014816,0.1,0.022472148999891434,-0.06299374746439032,16.399356842041016
7,0,50,7.8674380765994e-05,0.12530678510665894,0.04533175006508827,0.1,0.029960678576257026,-0.11406289870161576,17.163686752319336
7,0,100,7.8674380765994e-05,0.1384129524230957,0.0475887767970562,0.1,0.026777190929747386,-0.10353017626764795,16.79586410522461
7,0,150,7.8674380765994e-05,0.09910397231578827,0.04229215905070305,0.1,0.03338823401607857,-0.11873282137052994,17.08531951904297
7,1,0,7.8674380765994e-05,0.24490433931350708,0.052413955330848694,0.1,0.02141677185452881,-0.007837167744010517,16.741607666015625
7,1,50,7.8674380765994e-05,0.1669144183397293,0.04746973142027855,0.1,0.024843866030417616,0.002701223124285765,16.187803268432617
7,1,100,7.8674380765994e-05,0.22889545559883118,0.055263228714466095,0.1,0.021833031255402723,-0.08911113553532804,16.87349510192871
7,1,150,7.8674380765994e-05,0.20354261994361877,0.06039576977491379,0.1,0.02399987706266603,-0.043433631410754445,17.437942504882812
7,2,0,7.8674380765994e-05,0.13062827289104462,0.06025895103812218,0.1,0.03686694372511171,-0.021239152939047642,15.875872611999512
7,2,50,7.8674380765994e-05,0.11049457639455795,0.05441068112850189,0.1,0.03851335414376842,0.019676783268098824,17.018014907836914
7,2,100,7.8674380765994e-05,0.12073308229446411,0.06298450380563736,0.1,0.038281806627859814,0.0757827713175897,16.418659210205078
7,2,150,7.8674380765994e-05,0.1096796989440918,0.05989263206720352,0.1,0.03881574025661958,-0.04031892577502312,16.912755966186523
7,3,0,7.8674380765994e-05,0.16563497483730316,0.045773766934871674,0.1,0.0244314887472243,-0.0942810110441026,16.664356231689453
7,3,50,7.8674380765994e-05,0.22576187551021576,0.04713969677686691,0.1,0.02152707924730995,-0.03781634008424171,16.739253997802734
7,3,100,7.8674380765994e-05,0.1585097461938858,0.05096134915947914,0.1,0.027215616851597166,-0.06849810733391075,16.70465087890625
7,3,150,7.8674380765994e-05,0.20059216022491455,0.053846705704927444,0.1,0.024197129359413823,-0.06963044735600045,16.691240310668945
8,0,0,7.498942093324559e-05,0.1572655588388443,0.05210375040769577,0.1,0.02833692774103091,-0.006192740879161551,16.935192108154297
8,0,50,7.498942093324559e-05,0.12488258630037308,0.05202452465891838,0.1,0.027710001852324074,0.03607084115138012,16.458049774169922
8,0,100,7.498942093324559e-05,0.12457262724637985,0.04388941824436188,0.1,0.025550990749687228,-0.016703100374064795,16.409725189208984
8,0,150,7.498942093324559e-05,0.14370356500148773,0.04919988289475441,0.1,0.028886758572635736,-0.02333641557591637,16.59878158569336
8,1,0,7.498942093324559e-05,0.2218475341796875,0.053357042372226715,0.1,0.022427508653228713,-0.013055082645183753,16.837055206298828
8,1,50,7.498942093324559e-05,0.23400335013866425,0.04873630031943321,0.1,0.019321048489582465,-0.1463193198741676,16.5378475189209
8,1,100,7.498942093324559e-05,0.2567799985408783,0.05773802474141121,0.1,0.02259272226443354,-0.06497484220250838,15.879585266113281
8,1,150,7.498942093324559e-05,0.2273232340812683,0.05477534234523773,0.1,0.022941675169961,0.004698104393715657,16.04585838317871
8,2,0,7.498942093324559e-05,0.07427170872688293,0.052902840077877045,0.1,0.0470575447687657,0.004552507173800797,16.409263610839844
8,2,50,7.498942093324559e-05,0.0735895037651062,0.054888419806957245,0.1,0.047431430103544746,0.11752172376624359,16.253629684448242
8,2,100,7.498942093324559e-05,0.06826367229223251,0.04409286752343178,0.1,0.04016611203421288,-0.11618528432761618,17.469953536987305
8,2,150,7.498942093324559e-05,0.07482627779245377,0.05116507411003113,0.1,0.03871881472570411,-0.1027642203551911,17.214372634887695
8,3,0,7.498942093324559e-05,0.1535707414150238,0.0488552488386631,0.1,0.025943830347740844,0.015377516624896236,16.927778244018555
8,3,50,7.498942093324559e-05,0.17836478352546692,0.05657431483268738,0.1,0.02624095118442823,-0.05161150225172989,16.505413055419922
8,3,100,7.498942093324559e-05,0.20229874551296234,0.047125767916440964,0.1,0.022309541885444276,-0.07321533728852445,16.397167205810547
8,3,150,7.498942093324559e-05,0.20183728635311127,0.05068877711892128,0.1,0.020817720278168236,0.03508821568144527,16.30793571472168
9,0,0,7.147705767941857e-05,0.15951278805732727,0.04063061997294426,0.1,0.02577738829778807,-0.0461493910950156,16.644689559936523
9,0,50,7.147705767941857e-05,0.14108620584011078,0.04795380309224129,0.1,0.026320720102800038,-0.10935897033787609,17.025671005249023
9,0,100,7.147705767941857e-05,0.14980265498161316,0.06353495270013809,0.1,0.03104450198017481,-0.06776239187136786,17.01171875
9,0,150,7.147705767941857e-05,0.1459599882364273,0.0542101189494133,0.1,0.028757551723417926,-0.11344973179346295,16.965412139892578
9,1,0,7.147705767941857e-05,0.24351584911346436,0.057822421193122864,0.1,0.019447789770971974,0.10060303779769664,16.583255767822266
9,1,50,7.147705767941857e-05,0.26955607533454895,0.06191270798444748,0.1,0.021140066362614326,0.15253884946669213,15.80056381225586
9,1,100,7.147705767941857e-05,0.2038271576166153,0.05951625481247902,0.1,0.024933179774252457,-0.015748838506366238,15.820416450500488
9,1,150,7.147705767941857e-05,0.20311033725738525,0.05045280605554581,0.1,0.02206262599452013,-0.06708484392270865,16.709327697753906
9,2,0,7.147705767941857e-05,0.06771828234195709,0.04477886110544205,0.1,0.043593022535555,-0.06526048374267465,16.446855545043945
9,2,50,7.147705767941857e-05,0.12021736055612564,0.06228777766227722,0.1,0.0331558674927057,-0.1323352231780949,16.971546173095703
9,2,100,7.147705767941857e-05,0.1157146766781807,0.05444059520959854,0.1,0.032596682804392894,0.046252892022342305,15.8187837600708
9,2,150,7.147705767941857e-05,0.08002986758947372,0.05561009794473648,0.1,0.03475883192393782,-0.11544112667834867,17.045181274414062
9,3,0,7.147705767941857e-05,0.1683434247970581,0.05831941217184067,0.1,0.02679333228337438,0.05679232505439156,16.77386474609375
9,3,50,7.147705767941857e-05,0.20536929368972778,0.05355503037571907,0.1,0.02341156344578256,0.09232012085090564,15.653031349182129
9,3,100,7.147705767941857e-05,0.17003212869167328,0.054147809743881226,0.1,0.025617621561630142,-0.0471041508196305,16.748306274414062
9,3,150,7.147705767941857e-05,0.16849219799041748,0.0604989267885685,0.1,0.02819681025558712,0.005099034399113439,17.018980026245117
10,0,0,6.812920690579614e-05,0.18369579315185547,0.037356942892074585,0.1,0.021284795716479538,-0.1138288005622332,16.668777465820312
10,0,50,6.812920690579614e-05,0.12314431369304657,0.04733739048242569,0.1,0.028281015645109465,-0.021403103858259952,16.31885528564453
10,0,100,6.812920690579614e-05,0.07789510488510132,0.05708364024758339,0.1,0.04026951662654224,-0.04139626415886725,16.739154815673828
10,0,150,6.812920690579614e-05,0.13035090267658234,0.04911500960588455,0.1,0.026883558092159143,-0.14003972432455014,16.712261199951172
10,1,0,6.812920690579614e-05,0.2874602675437927,0.06340819597244263,0.1,0.01899917982698619,-0.052151810300291666,16.795320510864258
10,1,50,6.812920690579614e-05,0.19593283534049988,0.07159107178449631,0.1,0.02758036651373645,0.08176752775322504,16.108806610107422
10,1,100,6.812920690579614e-05,0.16337738931179047,0.06424075365066528,0.1,0.025790240539918945,-0.14157484524872943,17.02676010131836
10,1,150,6.812920690579614e-05,0.2006860226392746,0.054851945489645004,0.1,0.02080534296845006,-0.0735648484186171,16.908267974853516
10,2,0,6.812920690579614e-05,0.10210976749658585,0.057742420583963394,0.1,0.03573918274882619,-0.0787308910061565,16.13465690612793
10,2,50,6.812920690579614e-05,0.13642974197864532,0.05114550143480301,0.1,0.02859451510848135,-0.05189324866986443,16.544921875
10,2,100,6.812920690579614e-05,0.07480227947235107,0.05716649442911148,0.1,0.04638517232705316,-0.03081025916272482,16.55276107788086
10,2,150,6.812920690579614e-05,0.10479136556386948,0.07879947870969772,0.1,0.035794564135365026,-0.17145766815381402,17.033994674682617
10,3,0,6.812920690579614e-05,0.2378850132226944,0.05737486481666565,0.1,0.020942180050618563,-0.04160703863189656,16.82941436767578
10,3,50,6.812920690579614e-05,0.19762419164180756,0.05619281157851219,0.1,0.023366213822557616,0.06102068818682628,16.052600860595703
10,3,100,6.812920690579614e-05,0.17108598351478577,0.06933718174695969,0.1,0.026371320402450563,0.12730905264034617,16.411163330078125
10,3,150,6.812920690579614e-05,0.18188874423503876,0.05971028655767441,0.1,0.024805587494404608,-0.07455401994221397,17.123497009277344
11,0,0,6.493816315762113e-05,0.12982401251792908,0.05326829105615616,0.1,0.028776594037259105,-0.08389074926882764,16.460020065307617
11,0,50,6.493816315762113e-05,0.15945659577846527,0.05622105300426483,0.1,0.028175080670376468,-0.013606820324774921,16.287437438964844
11,0,100,6.493816315762113e-05,0.11341483891010284,0.05697335675358772,0.1,0.03177289992298259,-0.08420713760778002,16.579471588134766
11,0,150,6.493816315762113e-05,0.1217026636004448,0.06408259272575378,0.1,0.0348647065028483,-0.005703530147869201,16.71737289428711
11,1,0,6.493816315762113e-05,0.18896757066249847,0.05691231042146683,0.1,0.025143039928296425,0.026857425388800423,16.39794158935547
11,1,50,6.493816315762113e-05,0.18313241004943848,0.06513996422290802,0.1,0.023845106680752036,-0.028493675474654798,16.28801155090332
11,1,100,6.493816315762113e-05,0.16622251272201538,0.061170466244220734,0.1,0.026585505194996785,0.06963012336011919,15.893438339233398
11,1,150,6.493816315762113e-05,0.1373751312494278,0.07226341962814331,0.1,0.0320472698604467,-0.01614347901757807,16.332536697387695
11,2,0,6.493816315762113e-05,0.1191287636756897,0.06267803907394409,0.1,0.03713020602518374,-0.014533268585036912,15.817920684814453
11,2,50,6.493816315762113e-05,0.0724162831902504,0.054826799780130386,0.1,0.03930141251580518,0.10628528995564411,16.04497528076172
11,2,100,6.493816315762113e-05,0.1257764846086502,0.05813336372375488,0.1,0.02979927985362936,0.02195227300980933,16.160655975341797
11,2,150,6.493816315762113e-05,0.0854487344622612,0.052926238626241684,0.1,0.0361377520655193,0.03977918384207817,15.962410926818848
11,3,0,6.493816315762113e-05,0.21308623254299164,0.06398648023605347,0.1,0.02528548375976028,0.0003884391196057609,16.421642303466797
11,3,50,6.493816315762113e-05,0.1614999920129776,0.05695895105600357,0.1,0.027108924035617488,0.06379434341555712,16.522716522216797
11,3,100,6.493816315762113e-05,0.17295947670936584,0.061243146657943726,0.1,0.025733845781308492,0.02311423202660269,16.16348648071289
11,3,150,6.493816315762113e-05,0.12775804102420807,0.05618518963456154,0.1,0.0270005857156528,-0.0890425693252865,16.59672737121582
12,0,0,6.189658188912605e-05,0.11592775583267212,0.06183392181992531,0.1,0.02844619885945965,0.0036176824892057797,16.368881225585938
12,0,50,6.189658188912605e-05,0.12191864103078842,0.05257574841380119,0.1,0.02818009878816071,0.03913560292371224,16.40961456298828
12,0,100,6.189658188912605e-05,0.1366388201713562,0.053961385041475296,0.1,0.02692286594989552,-0.1312141912618583,16.53582763671875
12,0,150,6.189658188912605e-05,0.13374079763889313,0.056488532572984695,0.1,0.02678114381075351,-0.14248021342462744,16.816970825195312
12,1,0,6.189658188912605e-05,0.17703475058078766,0.053067728877067566,0.1,0.02281749631794545,-0.019940836492840543,16.489973068237305
12,1,50,6.189658188912605e-05,0.24069252610206604,0.05301074683666229,0.1,0.020884929168090875,-0.04776423691057261,16.4345703125
12,1,100,6.189658188912605e-05,0.19760707020759583,0.0595146082341671,0.1,0.022236474460773998,-0.08744009919295509,16.136520385742188
12,1,150,6.189658188912605e-05,0.17555005848407745,0.061781711876392365,0.1,0.0246585622462021,-0.05563151253215348,16.33486557006836
12,2,0,6.189658188912605e-05,0.14887017011642456,0.06596200168132782,0.1,0.027112839462679544,-0.07257934564707061,16.02826690673828
12,2,50,6.189658188912605e-05,0.08076164126396179,0.06418836116790771,0.1,0.04074419723160591,-0.18375543402632127,16.044723510742188
12,2,100,6.189658188912605e-05,0.1538792848587036,0.07479541003704071,0.1,0.031228786235989743,-0.07131388990173101,16.08261489868164
12,2,150,6.189658188912605e-05,0.09815353155136108,0.05214995890855789,0.1,0.03071602066452382,0.15011356309340057,16.045299530029297
12,3,0,6.189658188912605e-05,0.22381511330604553,0.060334231704473495,0.1,0.020723928434358694,-0.08390931675283815,16.47491455078125
12,3,50,6.189658188912605e-05,0.18426823616027832,0.06420642882585526,0.1,0.02463760239608566,0.10872418272577888,15.499451637268066
12,3,100,6.189658188912605e-05,0.12991808354854584,0.06194133311510086,0.1,0.029355135912930732,-0.08803932391019638,16.190753936767578
12,3,150,6.189658188912605e-05,0.139631986618042,0.06134947016835213,0.1,0.02844435092348266,-0.06174326902265348,16.572612762451172
13,0,0,5.899746255923565e-05,0.10800336301326752,0.056040842086076736,0.1,0.0328485176746182,-0.018480514817052335,16.29368782043457
13,0,50,5.899746255923565e-05,0.11508254706859589,0.057233747094869614,0.1,0.028499906876023818,0.06205793443929262,15.957763671875
13,0,100,5.899746255923565e-05,0.10855187475681305,0.06467057764530182,0.1,0.032405828964442565,-0.049244144232985766,16.463674545288086
13,0,150,5.899746255923565e-05,0.07383515685796738,0.05850764736533165,0.1,0.04103230150449712,-0.08614807498488226,16.28582000732422
13,1,0,5.899746255923565e-05,0.181931272149086,0.0642952173948288,0.1,0.02554859034541584,0.017553900875184512,16.31671905517578
13,1,50,5.899746255923565e-05,0.20023570954799652,0.06714832037687302,0.1,0.023320993504314005,-0.049039739042115234,16.152860641479492
13,1,100,5.899746255923565e-05,0.17149974405765533,0.07470349967479706,0.1,0.026224429497460015,-0.028549700694335694,16.78145980834961
13,1,150,5.899746255923565e-05,0.14288954436779022,0.07498351484537125,0.1,0.02853294519101048,-0.057883844723192614,16.596200942993164
13,2,0,5.899746255923565e-05,0.09036234766244888,0.04554249718785286,0.1,0.03025125526793623,-0.031721257952707096,15.842391967773438
13,2,50,5.899746255923565e-05,0.09364847093820572,0.05215316265821457,0.1,0.032368365915688674,-0.06929420337719855,16.303810119628906
13,2,100,5.899746255923565e-05,0.08728432655334473,0.05967331677675247,0.1,0.04084469969627844,-0.05167005265787256,16.066125869750977
13,2,150,5.899746255923565e-05,0.0985255166888237,0.0630045235157013,0.1,0.0323067114504182,-0.009152978536260565,15.83447265625
13,3,0,5.899746255923565e-05,0.18140435218811035,0.060269344598054886,0.1,0.02490557219303844,-0.048802720888490185,16.16980743408203
13,3,50,5.899746255923565e-05,0.19804224371910095,0.07023537158966064,0.1,0.02168346811765572,0.01631803485596623,16.012086868286133
13,3,100,5.899746255923565e-05,0.19475674629211426,0.07555066794157028,0.1,0.025137017988184115,-0.0730298812106159,16.147573471069336
13,3,150,5.899746255923565e-05,0.121795654296875,0.061534348875284195,0.1,0.03068386020744753,-0.05903769961742229,16.78374481201172
14,0,0,5.623413251903491e-05,0.13113445043563843,0.052275400608778,0.1,0.02683957320432228,-0.05166439359292559,16.099882125854492
14,0,50,5.623413251903491e-05,0.0944494977593422,0.0580313578248024,0.1,0.03314780477678951,-0.02820270405722141,16.400354385375977
14,0,100,5.623413251903491e-05,0.13090574741363525,0.05975424498319626,0.1,0.027499798749291267,0.11557330809371823,15.878408432006836
14,0,150,5.623413251903491e-05,0.11937082558870316,0.05793556198477745,0.1,0.03007927563377328,-0.04941935442961577,15.934659004211426
14,1,0,5.623413251903491e-05,0.17353931069374084,0.04904555156826973,0.1,0.02082661437983374,-0.02016690452761907,16.2340087890625
14,1,50,5.623413251903491e-05,0.15387150645256042,0.06655778735876083,0.1,0.02709792827111627,0.09397006374034274,15.710220336914062
14,1,100,5.623413251903491e-05,0.1749715656042099,0.05366752669215202,0.1,0.023073972484770354,-0.041720037705404826,16.167171478271484
14,1,150,5.623413251903491e-05,0.21124258637428284,0.06042323634028435,0.1,0.02027625504282872,-0.10238871338277264,16.27157211303711
14,2,0,5.623413251903491e-05,0.11249896138906479,0.05188600346446037,0.1,0.0314476254656692,-0.08799398695242376,15.957244873046875
14,2,50,5.623413251903491e-05,0.08070159703493118,0.05902895703911781,0.1,0.038374064904999526,-0.06808024081223553,15.566251754760742
14,2,100,5.623413251903491e-05,0.08436339348554611,0.05937989801168442,0.1,0.03980078333059675,-0.014950075150944346,15.69723892211914
14,2,150,5.623413251903491e-05,0.07474403828382492,0.05547014996409416,0.1,0.0389015317151392,-0.037974192482653456,15.979348182678223
14,3,0,5.623413251903491e-05,0.10682418197393417,0.05411512032151222,0.1,0.029754369079551306,-0.027473399393693507,16.300397872924805
14,3,50,5.623413251903491e-05,0.21752654016017914,0.06772284209728241,0.1,0.02054659546869446,0.191929967380686,15.42827320098877
14,3,100,5.623413251903491e-05,0.1212286725640297,0.05237556993961334,0.1,0.029595068129396836,-0.02877703343406337,16.673229217529297
14,3,150,5.623413251903491e-05,0.15588082373142242,0.06665585190057755,0.1,0.02559322665936298,-0.09946218259837175,16.643779754638672
15,0,0,5.360023165391793e-05,0.1666094809770584,0.05676485225558281,0.1,0.023556001081442606,-0.12532849001554258,16.394561767578125
15,0,50,5.360023165391793e-05,0.111988365650177,0.06160226836800575,0.1,0.03099375057711339,-0.0009340500551741752,16.059524536132812
15,0,100,5.360023165391793e-05,0.10500146448612213,0.07558538764715195,0.1,0.03635748260593805,0.04310165069877152,16.24618911743164
15,0,150,5.360023165391793e-05,0.1257554441690445,0.06142484024167061,0.1,0.029240478784017587,-0.004640441409981542,16.055267333984375
15,1,0,5.360023165391793e-05,0.209339901804924,0.07277458906173706,0.1,0.022241089267606415,-0.003334193524441248,16.547170639038086
15,1,50,5.360023165391793e-05,0.2233373373746872,0.06833227723836899,0.1,0.019297197493356955,-0.0756893829069105,15.737709999084473
15,1,100,5.360023165391793e-05,0.17730365693569183,0.06733672320842743,0.1,0.023687194306486473,0.1153334234809955,16.215560913085938
15,1,150,5.360023165391793e-05,0.11339641362428665,0.06672275066375732,0.1,0.031306658182219435,-0.0215676627487026,16.43490982055664
15,2,0,5.360023165391793e-05,0.05613778904080391,0.0636863186955452,0.1,0.05235450891676902,0.018317498768284864,15.46429443359375
15,2,50,5.360023165391793e-05,0.09103851020336151,0.0770130604505539,0.1,0.035574038792547995,-0.11393520467788472,16.487625122070312
15,2,100,5.360023165391793e-05,0.08004926890134811,0.07218381762504578,0.1,0.03956259978800572,-0.03297751921256639,16.45785140991211
15,2,150,5.360023165391793e-05,0.0940650999546051,0.08131897449493408,0.1,0.034385495715196245,-0.08551239514828239,16.659103393554688
15,3,0,5.360023165391793e-05,0.17121775448322296,0.05627674236893654,0.1,0.021044643468381783,-0.08427920098544446,16.614940643310547
15,3,50,5.360023165391793e-05,0.2028936743736267,0.05781662091612816,0.1,0.019655070655200932,-0.10719261320670113,15.955717086791992
15,3,100,5.360023165391793e-05,0.1460413932800293,0.07074680924415588,0.1,0.027518044922755596,0.11787262001224795,16.13072395324707
15,3,150,5.360023165391793e-05,0.15074455738067627,0.06855802983045578,0.1,0.02728210889900984,0.027857739049401968,16.00234603881836
16,0,0,5.108969774506929e-05,0.1366550475358963,0.062336549162864685,0.1,0.026579921992542988,-0.04076699012469564,16.260784149169922
16,0,50,5.108969774506929e-05,0.10827678442001343,0.062452081590890884,0.1,0.028835480482455798,0.15978787718724913,16.180522918701172
16,0,100,5.108969774506929e-05,0.13270696997642517,0.0670565590262413,0.1,0.028496091099815254,0.012978348783680597,16.61490249633789
16,0,150,5.108969774506929e-05,0.10389888286590576,0.06337208300828934,0.1,0.028127659405735018,-0.11790537122320416,16.76824951171875
16,1,0,5.108969774506929e-05,0.16148453950881958,0.0644698217511177,0.1,0.022148441127685527,-0.01568431037856312,16.578371047973633
16,1,50,5.108969774506929e-05,0.19533196091651917,0.0728522539138794,0.1,0.02343765337956105,-0.07655738665750056,16.142520904541016
16,1,100,5.108969774506929e-05,0.17133091390132904,0.057190220803022385,0.1,0.02232893419437644,-0.016956558655365626,16.16815185546875
16,1,150,5.108969774506929e-05,0.13298265635967255,0.06054030358791351,0.1,0.0258239084396591,-0.11475611544536972,16.380624771118164
16,2,0,5.108969774506929e-05,0.06718134880065918,0.06806472688913345,0.1,0.04132644211831144,-0.04882602071295211,16.10811424255371
16,2,50,5.108969774506929e-05,0.0641164556145668,0.06013636291027069,0.1,0.03826998774836695,0.10099537316473518,16.05628776550293
16,2,100,5.108969774506929e-05,0.07568231970071793,0.062498655170202255,0.1,0.03896114324110245,-0.1268317197369298,16.414413452148438
16,2,150,5.108969774506929e-05,0.04919945076107979,0.0580170564353466,0.1,0.05637473718229214,-0.07041063177226554,16.68490982055664
16,3,0,5.108969774506929e-05,0.15622998774051666,0.057062406092882156,0.1,0.024769925838471277,-0.022091459821723582,16.454757690429688
16,3,50,5.108969774506929e-05,0.16942013800144196,0.07252167910337448,0.1,0.02620162979586871,0.09314444990365173,16.341093063354492
16,3,100,5.108969774506929e-05,0.12824422121047974,0.07061103731393814,0.1,0.027795020450035773,0.020161521877002046,16.40406036376953
16,3,150,5.108969774506929e-05,0.1368492841720581,0.06788304448127747,0.1,0.025357616401833313,-0.1286051021539231,16.487674713134766
17,0,0,4.869675251658632e-05,0.12618565559387207,0.05660592392086983,0.1,0.02408636560256304,-0.1000001380082997,16.450220108032227
17,0,50,4.869675251658632e-05,0.1252862960100174,0.06994614750146866,0.1,0.02872689801249721,-0.03410159489424774,16.555294036865234
17,0,100,4.869675251658632e-05,0.11727357655763626,0.06997624039649963,0.1,0.031359738279979815,-0.009844015380749152,16.392959594726562
17,0,150,4.869675251658632e-05,0.07743659615516663,0.0660003200173378,0.1,0.04207336184119941,-0.00835256643705793,16.271621704101562
17,1,0,4.869675251658632e-05,0.22225184738636017,0.06633393466472626,0.1,0.020650946701473265,0.039217244920830695,16.443275451660156
17,1,50,4.869675251658632e-05,0.15110686421394348,0.07903683930635452,0.1,0.02621881522449789,-0.012526191286485465,16.33521270751953
17,1,100,4.869675251658632e-05,0.14328928291797638,0.06868033111095428,0.1,0.025458516453983976,-0.006196639839336342,16.2564697265625
17,1,150,4.869675251658632e-05,0.18672886490821838,0.06717407703399658,0.1,0.02189519390344505,-0.06862048928658479,16.563129425048828
17,2,0,4.869675251658632e-05,0.13818103075027466,0.05904319882392883,0.1,0.029014292958772597,-0.061475687464196946,16.099750518798828
17,2,50,4.869675251658632e-05,0.11780436336994171,0.0601283423602581,0.1,0.027150013652490607,-0.09400522167098731,16.1457462310791
17,2,100,4.869675251658632e-05,0.05978981405496597,0.06694595515727997,0.1,0.04005242008139986,-0.0697269772852903,16.10915184020996
17,2,150,4.869675251658632e-05,0.04931561276316643,0.07421454787254333,0.1,0.05406411061001644,0.01535342336868558,16.42644500732422
17,3,0,4.869675251658632e-05,0.11014021933078766,0.053718581795692444,0.1,0.027634278144623412,-0.023075522881919337,16.541526794433594
17,3,50,4.869675251658632e-05,0.1350126564502716,0.05927744507789612,0.1,0.026825445777568485,0.027393647078369585,15.912899017333984
17,3,100,4.869675251658632e-05,0.14819122850894928,0.069246806204319,0.1,0.024532011681624603,-0.03729676391453013,16.710180282592773
17,3,150,4.869675251658632e-05,0.16426518559455872,0.07301175594329834,0.1,0.025185358358591158,-0.01173784601374526,16.646421432495117
18,0,0,4.64158883361278e-05,0.06759513914585114,0.053709208965301514,0.1,0.03313069845731408,-0.05565239893759415,16.599937438964844
18,0,50,4.64158883361278e-05,0.10286614298820496,0.06063930690288544,0.1,0.03229939918415792,-0.08215115698677976,16.51532745361328
18,0,100,4.64158883361278e-05,0.07444600760936737,0.06595512479543686,0.1,0.038662374956664726,-0.024738772765975477,16.86038589477539
18,0,150,4.64158883361278e-05,0.09591012448072433,0.056155309081077576,0.1,0.027606681348200483,0.0792240341487719,16.001188278198242
18,1,0,4.64158883361278e-05,0.18558217585086823,0.07033976167440414,0.1,0.02041117785464159,-0.03711912458586225,16.919078826904297
18,1,50,4.64158883361278e-05,0.15043103694915771,0.061703454703092575,0.1,0.022127857227104194,-0.05035360129954477,16.061471939086914
18,1,100,4.64158883361278e-05,0.19982396066188812,0.06708470731973648,0.1,0.022201917656595477,-0.0024989011615401237,16.342056274414062
18,1,150,4.64158883361278e-05,0.1865820586681366,0.07610944658517838,0.1,0.023754139571391303,-0.019990451378165748,16.470230102539062
18,2,0,4.64158883361278e-05,0.09296359866857529,0.05256517231464386,0.1,0.030865420689340065,-0.06673549916207029,15.993088722229004
18,2,50,4.64158883361278e-05,0.07552976906299591,0.07020287215709686,0.1,0.04432960220501706,0.05578081262240485,15.625502586364746
18,2,100,4.64158883361278e-05,0.08459943532943726,0.05925224348902702,0.1,0.0340241789035031,-0.10259605715413184,16.397323608398438
18,2,150,4.64158883361278e-05,0.0525558739900589,0.05789142847061157,0.1,0.04672351376702475,-0.04447850314618889,16.187992095947266
18,3,0,4.64158883361278e-05,0.17154890298843384,0.07420679181814194,0.1,0.024149116108532324,-0.00960634460981903,16.842891693115234
18,3,50,4.64158883361278e-05,0.15762831270694733,0.07193057239055634,0.1,0.024594113109831034,-0.025046708071674126,16.068592071533203
18,3,100,4.64158883361278e-05,0.1663525253534317,0.07795365899801254,0.1,0.023757155658978367,-0.02803320073965392,16.27300262451172
18,3,150,4.64158883361278e-05,0.12338283658027649,0.06111327186226845,0.1,0.027528032367091445,-0.10413163934504167,16.723482131958008
19,0,0,4.424185553847918e-05,0.11023037880659103,0.06501007080078125,0.1,0.026883574155320184,-0.13033871491771806,16.61935806274414
19,0,50,4.424185553847918e-05,0.0806865245103836,0.06608844548463821,0.1,0.036811708356393344,-0.02706619301157864,16.440166473388672
19,0,100,4.424185553847918e-05,0.0981450155377388,0.061633747071027756,0.1,0.031025640746514323,-0.00046355705064017307,15.978202819824219
19,0,150,4.424185553847918e-05,0.07899127155542374,0.07207991182804108,0.1,0.03880840357688317,-0.051207679108894615,16.43991470336914
19,1,0,4.424185553847918e-05,0.17223979532718658,0.06206335872411728,0.1,0.02120122080529594,-0.02812334901926818,16.6755428314209
19,1,50,4.424185553847918e-05,0.11797816306352615,0.06712467223405838,0.1,0.027948927167382218,-0.04976091484254338,16.406505584716797
19,1,100,4.424185553847918e-05,0.15191295742988586,0.06794590502977371,0.1,0.025124166805457277,-0.014729202988045264,16.745895385742188
19,1,150,4.424185553847918e-05,0.1087653711438179,0.062380626797676086,0.1,0.030271398012698278,0.024510570785110843,16.76085662841797
19,2,0,4.424185553847918e-05,0.10246830433607101,0.050028592348098755,0.1,0.029309835764928266,-0.10061979768022061,16.070789337158203
19,2,50,4.424185553847918e-05,0.06286828964948654,0.05952341854572296,0.1,0.0385241810789784,-0.07860565576296655,16.403928756713867
19,2,100,4.424185553847918e-05,0.0808977484703064,0.07079752534627914,0.1,0.037051485307753686,0.10666236989142404,16.098295211791992
19,2,150,4.424185553847918e-05,0.10681136697530746,0.060067590326070786,0.1,0.030727880654690978,0.0028011460241409423,16.237131118774414
19,3,0,4.424185553847918e-05,0.17762377858161926,0.07535291463136673,0.1,0.024070929478463978,-0.11419460999958095,16.846927642822266
19,3,50,4.424185553847918e-05,0.10838546603918076,0.06481486558914185,0.1,0.02906674165102262,0.15242081915186625,15.941896438598633
19,3,100,4.424185553847918e-05,0.12604792416095734,0.05458705872297287,0.1,0.027231169936182457,-0.06102654919510956,16.383054733276367
19,3,150,4.424185553847918e-05,0.10835384577512741,0.0679459273815155,0.1,0.030309818786788022,0.03687521823840663,16.128612518310547
20,0,0,4.216965034285823e-05,0.10454509407281876,0.06692168116569519,0.1,0.030042017656789825,-0.01961039508131329,16.732135772705078
20,0,50,4.216965034285823e-05,0.05534271523356438,0.05805084854364395,0.1,0.038189590519937075,-0.10964588441764773,16.66031265258789
20,0,100,4.216965034285823e-05,0.11536144465208054,0.06639359891414642,0.1,0.03074046695473471,-0.08617938570733386,16.614219665527344
20,0,150,4.216965034285823e-05,0.11389077454805374,0.05591392517089844,0.1,0.02555131277662902,-0.01550882669260331,16.653034210205078
20,1,0,4.216965034285823e-05,0.1615699976682663,0.0621713325381279,0.1,0.02208548096782346,0.025517254119163498,16.649105072021484
20,1,50,4.216965034285823e-05,0.19481870532035828,0.08233529329299927,0.1,0.021706801729182365,0.12673453095654375,16.34823989868164
20,1,100,4.216965034285823e-05,0.12073399871587753,0.0687745064496994,0.1,0.027177803988730792,-0.04315940035080328,16.868770599365234
20,1,150,4.216965034285823e-05,0.19626156985759735,0.054281044751405716,0.1,0.018570000239659393,-0.06032018875686729,16.610567092895508
20,2,0,4.216965034285823e-05,0.0651356503367424,0.05103625729680061,0.1,0.03761276155976529,-0.03910373262396497,16.03848648071289
20,2,50,4.216965034285823e-05,0.0974246934056282,0.062442563474178314,0.1,0.028992413725933648,0.10065891241229336,16.097272872924805
20,2,100,4.216965034285823e-05,0.07114924490451813,0.0684167742729187,0.1,0.042558718735676085,-0.02213282355281938,16.229827880859375
20,2,150,4.216965034285823e-05,0.06658662110567093,0.058051496744155884,0.1,0.03963959983125492,-0.05899308049608444,16.46249771118164
20,3,0,4.216965034285823e-05,0.1541515439748764,0.07986685633659363,0.1,0.027385707119329018,-0.007827342900001802,16.92929458618164
20,3,50,4.216965034285823e-05,0.11029267311096191,0.0721546858549118,0.1,0.026247352440609367,-0.04310792280623087,16.399587631225586
20,3,100,4.216965034285823e-05,0.13129064440727234,0.06490819156169891,0.1,0.025408634081560858,-0.006239054870256389,16.55648422241211
20,3,150,4.216965034285823e-05,0.13818156719207764,0.06598690897226334,0.1,0.025064307954927707,-0.04724404341929304,16.75365447998047
21,0,0,4.019450333615126e-05,0.11807262152433395,0.06998009979724884,0.1,0.027749555955556164,-0.028104606550781838,16.583900451660156
21,0,50,4.019450333615126e-05,0.11500321328639984,0.0646655336022377,0.1,0.025568902404528374,0.2095064276091888,15.857111930847168
21,0,100,4.019450333615126e-05,0.07144492864608765,0.06610453128814697,0.1,0.03453382204984122,0.020699604786606034,16.927528381347656
21,0,150,4.019450333615126e-05,0.09632731229066849,0.07098742574453354,0.1,0.03535256993372954,-0.008773016068335282,16.33816146850586
21,1,0,4.019450333615126e-05,0.14364275336265564,0.07702874392271042,0.1,0.02580032050668776,0.04053238487072533,16.86559295654297
21,1,50,4.019450333615126e-05,0.17590226233005524,0.06983153522014618,0.1,0.0213662070021154,-0.035049883817544786,16.31584358215332
21,1,100,4.019450333615126e-05,0.1407615840435028,0.06297694146633148,0.1,0.024320606905966935,-0.031785292291589516,16.409385681152344
21,1,150,4.019450333615126e-05,0.15845055878162384,0.07447672635316849,0.1,0.025283688689443858,-0.003936355744685635,16.511150360107422
21,2,0,4.019450333615126e-05,0.07879027724266052,0.0640069916844368,0.1,0.03425852783658931,0.010052335453066987,16.234485626220703
21,2,50,4.019450333615126e-05,0.08947112411260605,0.06443370133638382,0.1,0.03543682632311377,-0.05064480273262599,16.53433609008789
21,2,100,4.019450333615126e-05,0.09362611919641495,0.08260757476091385,0.1,0.03752928183796422,-0.08493297438582123,16.118623733520508
21,2,150,4.019450333615126e-05,0.06946694105863571,0.061981551349163055,0.1,0.0372709775193463,-0.04183606693276647,16.50623893737793
21,3,0,4.019450333615126e-05,0.1603042632341385,0.0661400780081749,0.1,0.022558435520148152,-0.006520602217350187,16.60483169555664
21,3,50,4.019450333615126e-05,0.11743428558111191,0.0684385597705841,0.1,0.025471345945948663,0.09774929349016433,16.038429260253906
21,3,100,4.019450333615126e-05,0.18174241483211517,0.06561316549777985,0.1,0.02066405629031004,-0.01623559533448764,16.585052490234375
21,3,150,4.019450333615126e-05,0.12701191008090973,0.07354015856981277,0.1,0.028077920328787705,-0.035291883332373285,16.697378158569336
22,0,0,3.8311868495572876e-05,0.06305770576000214,0.054491281509399414,0.1,0.03768512694850872,-0.05447056065225836,16.41671371459961
22,0,50,3.8311868495572876e-05,0.09320230036973953,0.06031722575426102,0.1,0.02932823585669061,-0.01801135577271945,16.322174072265625
22,0,100,3.8311868495572876e-05,0.1020055040717125,0.07230988144874573,0.1,0.029298909390783005,0.11518915532157453,16.678424835205078
22,0,150,3.8311868495572876e-05,0.10296840220689774,0.06464888155460358,0.1,0.029719102445531692,0.022626817374779683,16.453163146972656
22,1,0,3.8311868495572876e-05,0.13656893372535706,0.07397496700286865,0.1,0.02596025129855653,0.042053120633398,16.96219825744629
22,1,50,3.8311868495572876e-05,0.1511635184288025,0.06268627941608429,0.1,0.02282438753640736,-0.04296831649922211,16.28423309326172
22,1,100,3.8311868495572876e-05,0.13111256062984467,0.07619509845972061,0.1,0.026491189242768474,-0.0719658828420727,16.16213607788086
22,1,150,3.8311868495572876e-05,0.11835239082574844,0.06730329245328903,0.1,0.025178529974468032,-0.08465097758634364,16.731769561767578
22,2,0,3.8311868495572876e-05,0.07483699172735214,0.0605473592877388,0.1,0.03519255872113546,0.02954662119485121,15.905679702758789
22,2,50,3.8311868495572876e-05,0.09154559671878815,0.07122772186994553,0.1,0.031637443754949306,-0.13184155194958136,15.955408096313477
22,2,100,3.8311868495572876e-05,0.07982388883829117,0.07417016476392746,0.1,0.03738067880502033,0.11371839175126137,15.877723693847656
22,2,150,3.8311868495572876e-05,0.05294513329863548,0.07003240287303925,0.1,0.044676591110712184,-0.05284065637067508,16.323196411132812
22,3,0,3.8311868495572876e-05,0.14050889015197754,0.0746733620762825,0.1,0.024525946424825806,0.06478973999637477,16.96223258972168
22,3,50,3.8311868495572876e-05,0.1730453372001648,0.06829988956451416,0.1,0.02287387307051499,0.015524498580470059,16.24702262878418
22,3,100,3.8311868495572876e-05,0.11188843846321106,0.07143978029489517,0.1,0.02751323332049676,-0.013407061749836623,16.553409576416016
22,3,150,3.8311868495572876e-05,0.0920124500989914,0.07332084327936172,0.1,0.03262860292879922,-0.05093659366992541,16.654335021972656
23,0,0,3.651741272548378e-05,0.12115391343832016,0.06319642812013626,0.1,0.02306238090141763,-0.12746721458939295,16.583736419677734
23,0,50,3.651741272548378e-05,0.11816700547933578,0.08352014422416687,0.1,0.029197685168706886,0.03825263047950143,16.566736221313477
23,0,100,3.651741272548378e-05,0.084515281021595,0.06702358275651932,0.1,0.030774975722013626,0.058747412201824965,16.445541381835938
23,0,150,3.651741272548378e-05,0.08865288645029068,0.06910397857427597,0.1,0.03087913939032885,-0.12478293504835437,16.934715270996094
23,1,0,3.651741272548378e-05,0.1650463342666626,0.07637050747871399,0.1,0.02330818503525337,-0.008473438155853597,17.260009765625
23,1,50,3.651741272548378e-05,0.11212094873189926,0.07096625119447708,0.1,0.029636331001379593,0.05245374364511444,16.268556594848633
23,1,100,3.651741272548378e-05,0.13107085227966309,0.05858403816819191,0.1,0.023557645569639334,-0.025918760877582676,16.70216178894043
23,1,150,3.651741272548378e-05,0.15308326482772827,0.07365988194942474,0.1,0.021521652860221733,-0.14045327431318191,16.836511611938477
23,2,0,3.651741272548378e-05,0.05436993017792702,0.06728272885084152,0.1,0.04354963404103563,-0.14407925658800083,16.042560577392578
23,2,50,3.651741272548378e-05,0.06226286292076111,0.07574959099292755,0.1,0.034745498597471114,-0.16101346485365725,16.39995574951172
23,2,100,3.651741272548378e-05,0.05147958919405937,0.05981101468205452,0.1,0.04124733652406325,0.016989313396535723,16.32732582092285
23,2,150,3.651741272548378e-05,0.10468189418315887,0.08229610323905945,0.1,0.02619588857200296,-0.1739696333437263,16.30792236328125
23,3,0,3.651741272548378e-05,0.13464732468128204,0.06783303618431091,0.1,0.022874230220629947,-0.10604518288185137,16.887004852294922
23,3,50,3.651741272548378e-05,0.09185830503702164,0.05780923366546631,0.1,0.029150707172294954,-0.06172373215539959,16.61656951904297
23,3,100,3.651741272548378e-05,0.08990662544965744,0.06711173802614212,0.1,0.03120946202256135,0.0987036302497244,16.650606155395508
23,3,150,3.651741272548378e-05,0.1365242600440979,0.07902844995260239,0.1,0.0229732103253789,-0.1461458916159391,17.296022415161133
24,0,0,3.4807005884284116e-05,0.07459977269172668,0.06668756902217865,0.1,0.03262084024306611,-0.0743204919593212,16.484317779541016
24,0,50,3.4807005884284116e-05,0.10880058258771896,0.0637056902050972,0.1,0.026820085198146954,-0.0887832736547564,16.884071350097656
24,0,100,3.4807005884284116e-05,0.08502767980098724,0.0766349583864212,0.1,0.03556228208999972,-0.009158145867011037,16.438385009765625
24,0,150,3.4807005884284116e-05,0.0633852556347847,0.056587498635053635,0.1,0.03412036044700671,-0.08096390984506706,16.64955711364746
24,1,0,3.4807005884284116e-05,0.12139717489480972,0.07504195719957352,0.1,0.024605776641460405,0.0013320304323237143,17.047840118408203
24,1,50,3.4807005884284116e-05,0.139237642288208,0.0714832991361618,0.1,0.022836334282799974,0.11186880599381803,16.081600189208984
24,1,100,3.4807005884284116e-05,0.13763555884361267,0.06559791415929794,0.1,0.02210486649632001,-0.10500526768468661,16.845046997070312
24,1,150,3.4807005884284116e-05,0.10884319990873337,0.08694138377904892,0.1,0.032917334953790046,-0.04301923265441308,16.6724910736084
24,2,0,3.4807005884284116e-05,0.05244973674416542,0.06539938598871231,0.1,0.04493168279330786,0.040069616449750156,16.267621994018555
24,2,50,3.4807005884284116e-05,0.057529266923666,0.061657220125198364,0.1,0.04383868535442701,-0.022969546896552954,16.008724212646484
24,2,100,3.4807005884284116e-05,0.07712560892105103,0.07787290215492249,0.1,0.03631609380040853,-0.08083355946138913,16.710384368896484
24,2,150,3.4807005884284116e-05,0.08425410836935043,0.07392419874668121,0.1,0.033871611582458154,-0.016918118819949396,16.111099243164062
24,3,0,3.4807005884284116e-05,0.12909257411956787,0.0760820284485817,0.1,0.025701987476452515,-0.046099973257755424,16.851280212402344
24,3,50,3.4807005884284116e-05,0.09806226193904877,0.0647214874625206,0.1,0.02972956746175968,0.016723864266843472,16.558462142944336
24,3,100,3.4807005884284116e-05,0.11911511421203613,0.0757281631231308,0.1,0.02953973361477947,-0.004201155873559141,16.5650577545166
24,3,150,3.4807005884284116e-05,0.1283242255449295,0.0757676288485527,0.1,0.024645155606394104,0.08231009138661836,16.86292839050293
25,0,0,3.317671127842857e-05,0.07787080854177475,0.06076043099164963,0.1,0.031027114755520342,-0.09767805425345252,16.559324264526367
25,0,50,3.317671127842857e-05,0.08422652631998062,0.06862260401248932,0.1,0.03381332362100741,-0.0521541838767248,16.732465744018555
25,0,100,3.317671127842857e-05,0.09014532715082169,0.07198644429445267,0.1,0.030547680640052238,0.07685945181513319,16.401554107666016
25,0,150,3.317671127842857e-05,0.08305136114358902,0.06889811903238297,0.1,0.03094583947733722,-0.03364403030702978,16.78057098388672
25,1,0,3.317671127842857e-05,0.1453428566455841,0.07420656085014343,0.1,0.02328140388995197,-0.08779663330316129,16.74485206604004
25,1,50,3.317671127842857e-05,0.12844231724739075,0.07814890891313553,0.1,0.026232135293087638,-0.09780485873598123,16.663005828857422
25,1,100,3.317671127842857e-05,0.13537459075450897,0.07299777865409851,0.1,0.023280112503765306,-0.07468388907805208,16.69087028503418
25,1,150,3.317671127842857e-05,0.11483876407146454,0.07621823251247406,0.1,0.025622068901091106,-0.05949395102442654,16.954368591308594
25,2,0,3.317671127842857e-05,0.05634341388940811,0.07543238252401352,0.1,0.044814573325241934,-0.01086186498302036,16.641889572143555
25,2,50,3.317671127842857e-05,0.045833948999643326,0.054913170635700226,0.1,0.04364604583049436,-0.06699611743066956,16.23682975769043
25,2,100,3.317671127842857e-05,0.07270855456590652,0.07650813460350037,0.1,0.03782879262061197,0.03137422504944057,16.51474380493164
25,2,150,3.317671127842857e-05,0.062305498868227005,0.05762644112110138,0.1,0.0388421667730534,-0.07513228305990775,16.419700622558594
25,3,0,3.317671127842857e-05,0.16064149141311646,0.06816626340150833,0.1,0.022304234411805852,-0.08685725094580152,17.008041381835938
25,3,50,3.317671127842857e-05,0.12703780829906464,0.07419353723526001,0.1,0.02567878873445228,-0.035763080058905265,16.179607391357422
25,3,100,3.317671127842857e-05,0.1409313827753067,0.06478653103113174,0.1,0.023521986113405974,-0.043185319902377686,16.720460891723633
25,3,150,3.317671127842857e-05,0.15023289620876312,0.07036338001489639,0.1,0.02479385789060146,-0.061972806288892554,16.750835418701172
26,0,0,3.16227766016838e-05,0.05999583750963211,0.054414622485637665,0.1,0.03315117519770637,-0.13801380632825122,16.486919403076172
26,0,50,3.16227766016838e-05,0.08704861253499985,0.05841604992747307,0.1,0.02816888290622233,0.02229249733269952,16.761417388916016
26,0,100,3.16227766016838e-05,0.07928556203842163,0.07379357516765594,0.1,0.03499115966877411,0.045312621344999554,16.467212677001953
26,0,150,3.16227766016838e-05,0.08302058279514313,0.07330633699893951,0.1,0.03507870081068711,-0.028046041701459,16.768800735473633
26,1,0,3.16227766016838e-05,0.14221324026584625,0.07833065092563629,0.1,0.023609676254184097,-0.02054872220450886,17.13020896911621
26,1,50,3.16227766016838e-05,0.1846020668745041,0.071888267993927,0.1,0.020346132196698247,0.053295787664288614,16.427824020385742
26,1,100,3.16227766016838e-05,0.13514681160449982,0.0719185471534729,0.1,0.022690646787213758,-0.09866226098421473,16.764610290527344
26,1,150,3.16227766016838e-05,0.09700120985507965,0.07681741565465927,0.1,0.030767313628721298,-0.07642448623119706,16.848018646240234
26,2,0,3.16227766016838e-05,0.0816316157579422,0.0727648213505745,0.1,0.03623650767386139,-0.04046104970289605,15.998046875
26,2,50,3.16227766016838e-05,0.0750058963894844,0.07608604431152344,0.1,0.031874131048493376,0.06606454586935621,16.186969757080078
26,2,100,3.16227766016838e-05,0.08656251430511475,0.07159101963043213,0.1,0.03041070468391982,-0.11148321862626208,16.805164337158203
26,2,150,3.16227766016838e-05,0.05546139180660248,0.06859984248876572,0.1,0.0392853378771322,-0.059063264782857935,16.556703567504883
26,3,0,3.16227766016838e-05,0.15019091963768005,0.07951047271490097,0.1,0.02210683568108937,-0.04566248299225504,17.178142547607422
26,3,50,3.16227766016838e-05,0.11083459109067917,0.07412590086460114,0.1,0.02601203923988081,-0.011935713572108318,16.51055908203125
26,3,100,3.16227766016838e-05,0.1460120528936386,0.06925082206726074,0.1,0.02288309318086384,-0.1185773305861197,16.68091583251953
26,3,150,3.16227766016838e-05,0.08776665478944778,0.07400055229663849,0.1,0.03208940739486268,-0.021352427079552927,16.587589263916016
27,0,0,3.0141625298773902e-05,0.09611749649047852,0.06695179641246796,0.1,0.025853891631313367,-0.08396039217615164,16.718664169311523
27,0,50,3.0141625298773902e-05,0.08749429881572723,0.06731058657169342,0.1,0.029564652665494635,-0.004261640768112279,16.67670440673828
27,0,100,3.0141625298773902e-05,0.06577138602733612,0.06636592745780945,0.1,0.03838452197347804,-0.06228945439961885,17.04236602783203
27,0,150,3.0141625298773902e-05,0.07273286581039429,0.07164695858955383,0.1,0.03584531179307415,-0.08715862865332158,17.220806121826172
27,1,0,3.0141625298773902e-05,0.13508178293704987,0.0766558051109314,0.1,0.02262718563227907,-0.02631270852290252,17.019603729248047
27,1,50,3.0141625298773902e-05,0.12674076855182648,0.07329000532627106,0.1,0.024893686300629762,0.037602609390676334,16.55423927307129
27,1,100,3.0141625298773902e-05,0.13761191070079803,0.0743531584739685,0.1,0.023512579968459946,-0.07348538803719992,16.80823516845703
27,1,150,3.0141625298773902e-05,0.12308387458324432,0.077262282371521,0.1,0.024289223502549428,-0.06282346472494414,17.0771484375
27,2,0,3.0141625298773902e-05,0.08691638708114624,0.0819006860256195,0.1,0.0329339560387093,-0.08916248638630692,16.2524356842041
27,2,50,3.0141625298773902e-05,0.05118569731712341,0.07087228447198868,0.1,0.044661160797306663,-0.027119550714877518,16.181245803833008
27,2,100,3.0141625298773902e-05,0.06425665318965912,0.0684431716799736,0.1,0.03492377875986369,-0.07176893522885601,16.641033172607422
27,2,150,3.0141625298773902e-05,0.08086004853248596,0.0653626024723053,0.1,0.03475373533482105,0.011660681227570092,16.515918731689453
27,3,0,3.0141625298773902e-05,0.1310766190290451,0.06252767890691757,0.1,0.022027454074680274,-0.10848526472227195,16.927684783935547
27,3,50,3.0141625298773902e-05,0.10997772216796875,0.06775682419538498,0.1,0.02669353068172976,-0.08494251737133225,16.68470001220703
27,3,100,3.0141625298773902e-05,0.08476048707962036,0.06343325972557068,0.1,0.030040133780808557,-0.07404928905846866,16.504331588745117
27,3,150,3.0141625298773902e-05,0.11513792723417282,0.09221208095550537,0.1,0.02865523768769525,-0.022278606243694845,17.194782257080078
28,0,0,2.8729848333536653e-05,0.08151325583457947,0.07278583943843842,0.1,0.0335891713681836,-0.040974465347396356,16.40566062927246
28,0,50,2.8729848333536653e-05,0.07344762980937958,0.07354090362787247,0.1,0.03531206937445981,-0.014962933871063032,16.641263961791992
28,0,100,2.8729848333536653e-05,0.0713791772723198,0.06558138877153397,0.1,0.032787013155880576,-0.019579338219107106,16.578210830688477
28,0,150,2.8729848333536653e-05,0.07660140842199326,0.08680648356676102,0.1,0.038816222005925036,-0.09154705420072493,16.933242797851562
28,1,0,2.8729848333536653e-05,0.21801351010799408,0.07440701127052307,0.1,0.0175715756391693,-0.04153367911138915,17.036964416503906
28,1,50,2.8729848333536653e-05,0.13580147922039032,0.07059329003095627,0.1,0.022884716917062786,0.06174568710906583,16.463790893554688
28,1,100,2.8729848333536653e-05,0.10218052566051483,0.07512948662042618,0.1,0.028369923950162426,-0.07235170422439936,17.153038024902344
28,1,150,2.8729848333536653e-05,0.11271163821220398,0.08452820032835007,0.1,0.03016676635477478,-0.02172591274154044,16.966960906982422
28,2,0,2.8729848333536653e-05,0.04472107067704201,0.06023218855261803,0.1,0.04426263556170459,-0.03173544022480092,15.99799919128418
28,2,50,2.8729848333536653e-05,0.05542445927858353,0.06475566327571869,0.1,0.04133257518735135,-0.04741827484769715,16.52048683166504
28,2,100,2.8729848333536653e-05,0.05784425884485245,0.06532632559537888,0.1,0.03202974418453651,-0.0923090459144375,16.876384735107422
28,2,150,2.8729848333536653e-05,0.08302121609449387,0.07122401893138885,0.1,0.03127037981126093,-0.08239637221098817,16.96672821044922
28,3,0,2.8729848333536653e-05,0.14555929601192474,0.06919396668672562,0.1,0.023709200830438367,-0.040732606411903585,17.16628646850586
28,3,50,2.8729848333536653e-05,0.079196996986866,0.05996868386864662,0.1,0.03053939662309716,-0.016145286866122807,16.684593200683594
28,3,100,2.8729848333536653e-05,0.11257057636976242,0.07531508803367615,0.1,0.028682263358911442,0.00024097986610490969,16.5665225982666
28,3,150,2.8729848333536653e-05,0.10818269103765488,0.07471007853746414,0.1,0.025470126669240464,-0.05096613575529925,17.113868713378906
29,0,0,2.7384196342643615e-05,0.07603045552968979,0.06606379896402359,0.1,0.029748058592723458,-0.035244026420448396,16.80922508239746
29,0,50,2.7384196342643615e-05,0.09305639564990997,0.0827927514910698,0.1,0.03229934597907542,-0.014153927648717935,16.411151885986328
29,0,100,2.7384196342643615e-05,0.040150634944438934,0.06524447351694107,0.1,0.04591426667640929,0.0056965963167635685,16.83098602294922
29,0,150,2.7384196342643615e-05,0.08425140380859375,0.055704016238451004,0.1,0.029810420758193092,-0.05155289543097387,16.750804901123047
29,1,0,2.7384196342643615e-05,0.1394658088684082,0.06769309192895889,0.1,0.021064464374857258,0.020917423125014767,17.136709213256836
29,1,50,2.7384196342643615e-05,0.11907400190830231,0.07466822117567062,0.1,0.02694172328380798,-0.049951583221354255,17.113304138183594
29,1,100,2.7384196342643615e-05,0.15752314031124115,0.06461428850889206,0.1,0.018353824944400736,-0.12205255646340969,16.998239517211914
29,1,150,2.7384196342643615e-05,0.07142772525548935,0.08091595768928528,0.1,0.037327191944507364,0.048007074355699786,17.323123931884766
29,2,0,2.7384196342643615e-05,0.0814969539642334,0.06427878141403198,0.1,0.03018552823815931,-0.010814332418704586,16.565645217895508
29,2,50,2.7384196342643615e-05,0.054337888956069946,0.06509174406528473,0.1,0.0400017006069781,0.028533421212408157,16.35689926147461
29,2,100,2.7384196342643615e-05,0.06628409773111343,0.06308377534151077,0.1,0.03567501100012767,-0.11698012179340142,16.33285140991211
29,2,150,2.7384196342643615e-05,0.03652522712945938,0.0719805508852005,0.1,0.049372164722603674,0.036843367960066334,16.528484344482422
29,3,0,2.7384196342643615e-05,0.09594142436981201,0.07756698876619339,0.1,0.029167370843971453,-0.06729061164506944,17.114788055419922
29,3,50,2.7384196342643615e-05,0.10170194506645203,0.08226294070482254,0.1,0.029840035444745974,-0.014115725106498144,16.713939666748047
29,3,100,2.7384196342643615e-05,0.06882814317941666,0.06816212832927704,0.1,0.03435709724156196,0.011900876536450276,17.192241668701172
29,3,150,2.7384196342643615e-05,0.08040633052587509,0.07714170217514038,0.1,0.03291108197922567,0.07398196220688648,17.066022872924805
30,0,0,2.6101572156825373e-05,0.10057143867015839,0.06565073877573013,0.1,0.024223680214120413,-0.053626410042405426,17.00152015686035
30,0,50,2.6101572156825373e-05,0.10010223835706711,0.06693872809410095,0.1,0.02498107459540659,0.15849035636894318,16.637235641479492
30,0,100,2.6101572156825373e-05,0.08658939599990845,0.08178024739027023,0.1,0.03128569111207396,-0.0945098317220696,17.0218505859375
30,0,150,2.6101572156825373e-05,0.10325361788272858,0.07130153477191925,0.1,0.027586194943784576,-0.09852872694593295,17.06956672668457
30,1,0,2.6101572156825373e-05,0.11183410882949829,0.07076333463191986,0.1,0.023022830472155253,-0.10156285614926058,17.269691467285156
30,1,50,2.6101572156825373e-05,0.11251256614923477,0.06571170687675476,0.1,0.024536519791036323,-0.056991310850633296,16.793075561523438
30,1,100,2.6101572156825373e-05,0.11050476133823395,0.08207957446575165,0.1,0.025877293899459194,0.15953926979344962,17.010005950927734
30,1,150,2.6101572156825373e-05,0.10700295865535736,0.06353933364152908,0.1,0.024736002471944477,-0.04994596130298646,17.220001220703125
30,2,0,2.6101572156825373e-05,0.06201685965061188,0.0718134418129921,0.1,0.03842044631327481,-0.04749756730138023,16.21600341796875
30,2,50,2.6101572156825373e-05,0.05147729068994522,0.07416483014822006,0.1,0.047234011527381395,0.06122172763154354,16.672544479370117
30,2,100,2.6101572156825373e-05,0.04494061321020126,0.0698656216263771,0.1,0.045629178098609814,-0.014232740631563087,16.609643936157227
30,2,150,2.6101572156825373e-05,0.05189306661486626,0.06922624260187149,0.1,0.03820538518987056,-0.10604900398845063,16.86492347717285
30,3,0,2.6101572156825373e-05,0.15945735573768616,0.08056915551424026,0.1,0.021330824023429926,-0.11144422541038689,17.141590118408203
30,3,50,2.6101572156825373e-05,0.0854356661438942,0.08224949985742569,0.1,0.031963386404821215,-0.049424124216855325,16.855716705322266
30,3,100,2.6101572156825373e-05,0.13912217319011688,0.07380371540784836,0.1,0.02382452748192939,-0.07077685043088837,17.066787719726562
30,3,150,2.6101572156825373e-05,0.07849504053592682,0.0698813796043396,0.1,0.031080470848667056,0.0025518509019043945,16.869007110595703
31,0,0,2.487902367238837e-05,0.10485339909791946,0.06692240387201309,0.1,0.024644688972074617,-0.02848465001511195,16.926097869873047
31,0,50,2.487902367238837e-05,0.08870222419500351,0.072994165122509,0.1,0.03021964509639413,-0.12388132563268824,16.678190231323242
31,0,100,2.487902367238837e-05,0.06278497725725174,0.0674152672290802,0.1,0.03687073447735737,-0.0933627327359438,16.923797607421875
31,0,150,2.487902367238837e-05,0.06710942834615707,0.057331256568431854,0.1,0.033315017330102205,0.06746448561444475,16.80710220336914
31,1,0,2.487902367238837e-05,0.11869867146015167,0.08435799926519394,0.1,0.02422483004367023,-0.028702650817240983,17.44344711303711
31,1,50,2.487902367238837e-05,0.1252133697271347,0.07555187493562698,0.1,0.022409554005095374,-0.07380618797637432,17.033430099487305
31,1,100,2.487902367238837e-05,0.08893998712301254,0.06827699393033981,0.1,0.027290885901091338,-0.06147659618171055,16.847286224365234
31,1,150,2.487902367238837e-05,0.11692044138908386,0.08680607378482819,0.1,0.02771933787463608,-0.02350018623615089,17.350948333740234
31,2,0,2.487902367238837e-05,0.041672877967357635,0.08920425921678543,0.1,0.047911983380826056,0.041673113496563025,16.77903175354004
31,2,50,2.487902367238837e-05,0.06894310563802719,0.06037544459104538,0.1,0.032018053862772955,-0.06019352185717226,16.62982177734375
31,2,100,2.487902367238837e-05,0.07549136132001877,0.07150150835514069,0.1,0.034514077341134895,-0.09363663506938186,16.759559631347656
31,2,150,2.487902367238837e-05,0.06610864400863647,0.07755734026432037,0.1,0.0380742060691602,-0.06402685451896138,16.70665740966797
31,3,0,2.487902367238837e-05,0.139047771692276,0.06799628585577011,0.1,0.021428251775185987,-0.07033471065019355,17.04357147216797
31,3,50,2.487902367238837e-05,0.15562424063682556,0.06711194664239883,0.1,0.020564448593248207,-0.06151355366053583,16.73280143737793
31,3,100,2.487902367238837e-05,0.09572987258434296,0.0792478695511818,0.1,0.030636951106258,-0.04248741011893284,17.10887336730957
31,3,150,2.487902367238837e-05,0.12147433310747147,0.06973543018102646,0.1,0.024673187503379806,0.03492411648042345,16.876157760620117
32,0,0,2.3713737056616557e-05,0.07344333827495575,0.06888270378112793,0.1,0.03143447905287061,-0.03902399224309303,17.09479331970215
32,0,50,2.3713737056616557e-05,0.07875250279903412,0.06570667028427124,0.1,0.03186051466245697,-0.022213679196075697,16.79500961303711
32,0,100,2.3713737056616557e-05,0.07650386542081833,0.062045227736234665,0.1,0.027368675512473618,-0.02194248741002032,16.947725296020508
32,0,150,2.3713737056616557e-05,0.08344424515962601,0.07392431795597076,0.1,0.0314580213068167,-0.060607630745421956,16.95493507385254
32,1,0,2.3713737056616557e-05,0.17366249859333038,0.08896397054195404,0.1,0.02069836589208766,-0.007978475194550694,17.402565002441406
32,1,50,2.3713737056616557e-05,0.0970170870423317,0.07242947071790695,0.1,0.025769365954512003,-0.004823128628501008,17.08198356628418
32,1,100,2.3713737056616557e-05,0.13291797041893005,0.07891523092985153,0.1,0.023550865987032644,0.06667707899825913,17.297687530517578
32,1,150,2.3713737056616557e-05,0.1172919049859047,0.0819273293018341,0.1,0.0261647720302066,0.003804424375648417,17.438919067382812
32,2,0,2.3713737056616557e-05,0.05727384239435196,0.0668935775756836,0.1,0.036983399836156436,-0.07057072506545466,16.70624542236328
32,2,50,2.3713737056616557e-05,0.03834850713610649,0.06929145008325577,0.1,0.04643975192908253,0.000506594855434172,16.376541137695312
32,2,100,2.3713737056616557e-05,0.06774533540010452,0.07746133208274841,0.1,0.034820384110631666,-0.03883509131263661,16.975696563720703
32,2,150,2.3713737056616557e-05,0.03835960105061531,0.08889462053775787,0.1,0.05704033629223212,-0.08799223980736019,16.912336349487305
32,3,0,2.3713737056616557e-05,0.122430220246315,0.0735790878534317,0.1,0.02194384726695471,-0.09219906179770883,17.307926177978516
32,3,50,2.3713737056616557e-05,0.09008334577083588,0.07343947142362595,0.1,0.028782590597559193,-0.06815399499095741,17.224742889404297
32,3,100,2.3713737056616557e-05,0.09197209775447845,0.0702584758400917,0.1,0.02765606369484812,-0.052145542955885325,16.97022819519043
32,3,150,2.3713737056616557e-05,0.11160090565681458,0.07553814351558685,0.1,0.026108901522639276,-0.02500436225508779,17.01300048828125
33,0,0,2.2603030271419205e-05,0.09452539682388306,0.07766227424144745,0.1,0.02721579416921842,-0.06490496847486527,16.55540657043457
33,0,50,2.2603030271419205e-05,0.06888427585363388,0.09389501810073853,0.1,0.03978332456655992,0.001615551832363311,17.23574447631836
33,0,100,2.2603030271419205e-05,0.07059236615896225,0.06693758815526962,0.1,0.03202563002611588,-0.09704582799639999,17.210094451904297
33,0,150,2.2603030271419205e-05,0.09072680026292801,0.0748051106929779,0.1,0.029893876099664037,-0.09258919053084182,17.474796295166016
33,1,0,2.2603030271419205e-05,0.11334040760993958,0.07947210967540741,0.1,0.023808663842862076,-0.08504873844631068,17.62184715270996
33,1,50,2.2603030271419205e-05,0.09758303314447403,0.07440429925918579,0.1,0.027698185328855707,-0.05973828601497523,17.39435577392578
33,1,100,2.2603030271419205e-05,0.10141541808843613,0.07107854634523392,0.1,0.02745490167363169,-0.007038335852630457,17.13426399230957
33,1,150,2.2603030271419205e-05,0.12854905426502228,0.07872483134269714,0.1,0.023292685396064293,-0.0736984318916663,17.62659454345703
33,2,0,2.2603030271419205e-05,0.06388471275568008,0.06713021546602249,0.1,0.033126367482650576,-0.14070514245180765,16.778953552246094
33,2,50,2.2603030271419205e-05,0.04374930262565613,0.05978577584028244,0.1,0.03949923257528971,-0.10168279993810761,16.904945373535156
33,2,100,2.2603030271419205e-05,0.04690730199217796,0.07302092760801315,0.1,0.04851478091818841,-0.04202086435631933,16.877910614013672
33,2,150,2.2603030271419205e-05,0.054694391787052155,0.07552091032266617,0.1,0.03745898273398367,-0.13521150933240952,17.07978057861328
33,3,0,2.2603030271419205e-05,0.14817126095294952,0.07367799431085587,0.1,0.020630754878856298,-0.04937182422197115,17.419795989990234
33,3,50,2.2603030271419205e-05,0.11627525091171265,0.07592613995075226,0.1,0.024788358209752274,-0.0468410546455696,16.814529418945312
33,3,100,2.2603030271419205e-05,0.101897232234478,0.07132668048143387,0.1,0.027131724052444912,-0.0012333764054829062,17.275339126586914
33,3,150,2.2603030271419205e-05,0.09238298237323761,0.07227789610624313,0.1,0.026358178410735327,-0.11363890053613629,17.434471130371094
34,0,0,2.1544346900318847e-05,0.12360062450170517,0.05796223506331444,0.1,0.019346738560300784,-0.09196911989579522,17.25714111328125
34,0,50,2.1544346900318847e-05,0.059249717742204666,0.0665920227766037,0.1,0.03335598707148092,0.012404158411012245,16.831863403320312
34,0,100,2.1544346900318847e-05,0.08412414789199829,0.06381691247224808,0.1,0.029462460098218266,0.01811580848869443,16.919883728027344
34,0,150,2.1544346900318847e-05,0.07822584360837936,0.06350234150886536,0.1,0.030664521040632164,-0.03420147279256439,17.48833465576172
34,1,0,2.1544346900318847e-05,0.10662008076906204,0.07788832485675812,0.1,0.02271203151261475,-0.03444217968750008,17.570945739746094
34,1,50,2.1544346900318847e-05,0.13605119287967682,0.08017536252737045,0.1,0.02425738160309613,0.03411666771672026,17.006940841674805
34,1,100,2.1544346900318847e-05,0.09615509957075119,0.09058676660060883,0.1,0.030375124018757343,-0.04557790935098816,17.719833374023438
34,1,150,2.1544346900318847e-05,0.09347844123840332,0.0963519886136055,0.1,0.030688282510729897,-0.06500519162982582,17.497961044311523
34,2,0,2.1544346900318847e-05,0.06346096843481064,0.07453035563230515,0.1,0.03233457392540399,-0.01302628101398401,16.391407012939453
34,2,50,2.1544346900318847e-05,0.056907568126916885,0.0786169022321701,0.1,0.04163179765996431,-0.010302476063065506,16.6415958404541
34,2,100,2.1544346900318847e-05,0.05054724961519241,0.06075200438499451,0.1,0.03802065485076614,-0.058511807601214466,16.943571090698242
34,2,150,2.1544346900318847e-05,0.0468435063958168,0.07208282500505447,0.1,0.04385361280646858,-0.05135962137515005,17.050403594970703
34,3,0,2.1544346900318847e-05,0.12594781816005707,0.0809580534696579,0.1,0.024528784718637526,-0.04958936623487342,17.65831184387207
34,3,50,2.1544346900318847e-05,0.09043817967176437,0.07655879855155945,0.1,0.027288619854505834,0.017571467071174747,17.06372833251953
34,3,100,2.1544346900318847e-05,0.0913546234369278,0.07992534339427948,0.1,0.029031436341944265,-0.1295992900110041,17.50783348083496
34,3,150,2.1544346900318847e-05,0.09064339101314545,0.07361915707588196,0.1,0.02802997100605722,-0.037261276183695215,17.445472717285156
35,0,0,2.0535250264571466e-05,0.13930657505989075,0.06669776886701584,0.1,0.02089798733548029,-0.09489503178078841,17.011127471923828
35,0,50,2.0535250264571466e-05,0.07584601640701294,0.07651956379413605,0.1,0.03344772367498169,-0.05756711504452732,16.97052001953125
35,0,100,2.0535250264571466e-05,0.07111019641160965,0.058118727058172226,0.1,0.02665823511586851,-0.08111607009104414,17.344764709472656
35,0,150,2.0535250264571466e-05,0.07377595454454422,0.07247835397720337,0.1,0.0330730557756308,0.004228793422053303,17.525653839111328
35,1,0,2.0535250264571466e-05,0.13928771018981934,0.07521644979715347,0.1,0.020749775658046136,-0.0805881204007494,17.811763763427734
35,1,50,2.0535250264571466e-05,0.1003643274307251,0.08459310233592987,0.1,0.028122922419008035,0.022019424556037028,17.272794723510742
35,1,100,2.0535250264571466e-05,0.08136941492557526,0.08055676519870758,0.1,0.032545640000278195,-0.02433852680543672,17.734188079833984
35,1,150,2.0535250264571466e-05,0.09900062531232834,0.07672637701034546,0.1,0.025916861057352112,-0.08169799053146934,17.545486450195312
35,2,0,2.0535250264571466e-05,0.08639376610517502,0.07626083493232727,0.1,0.02860500805276427,-0.04452542414291149,16.580461502075195
35,2,50,2.0535250264571466e-05,0.047960489988327026,0.07539687305688858,0.1,0.04256121969119468,0.014086160456038796,16.81853675842285
35,2,100,2.0535250264571466e-05,0.03367702662944794,0.06479693204164505,0.1,0.047702812034582764,0.06184791329325091,16.679485321044922
35,2,150,2.0535250264571466e-05,0.03918968886137009,0.06921149045228958,0.1,0.049640231668890415,0.001731897053168055,17.024093627929688
35,3,0,2.0535250264571466e-05,0.10696752369403839,0.07171713560819626,0.1,0.024422840458944294,0.015922404095529374,17.70473861694336
35,3,50,2.0535250264571466e-05,0.11597734689712524,0.07974641025066376,0.1,0.02639427078995556,-0.006848311480886829,17.151229858398438
35,3,100,2.0535250264571466e-05,0.14248912036418915,0.08224941790103912,0.1,0.023481123793264527,-0.10218966313729977,17.540264129638672
35,3,150,2.0535250264571466e-05,0.12466884404420853,0.08576531708240509,0.1,0.025763840647095162,-0.10187142621407827,17.53182029724121
36,0,0,1.9573417814876606e-05,0.11133623868227005,0.0885060504078865,0.1,0.026581992113533025,-0.04227569979325386,17.475801467895508
36,0,50,1.9573417814876606e-05,0.11162371933460236,0.06999745965003967,0.1,0.02498203881504677,-0.059988463916527464,17.334644317626953
36,0,100,1.9573417814876606e-05,0.06632799655199051,0.07243718951940536,0.1,0.03224349487710581,-0.04303996149706666,17.4183406829834
36,0,150,1.9573417814876606e-05,0.06543710082769394,0.0685248076915741,0.1,0.031160760946406338,-0.06583783756355693,17.532886505126953
36,1,0,1.9573417814876606e-05,0.12529513239860535,0.08964268863201141,0.1,0.023452509401321653,-0.032034743713152965,17.941017150878906
36,1,50,1.9573417814876606e-05,0.1392105668783188,0.07642632722854614,0.1,0.021393460565783215,-0.09805451052382237,17.470836639404297
36,1,100,1.9573417814876606e-05,0.11742284893989563,0.08776765316724777,0.1,0.027308661244603443,0.016134702812542142,17.728731155395508
36,1,150,1.9573417814876606e-05,0.1407669484615326,0.08888521045446396,0.1,0.02307998985800913,0.020008577805238507,17.81460189819336
36,2,0,1.9573417814876606e-05,0.06870917975902557,0.07680302113294601,0.1,0.034166222126623354,-0.04353227480807116,16.39952850341797
36,2,50,1.9573417814876606e-05,0.06278040260076523,0.07456556707620621,0.1,0.03413938719545594,-0.07146707423897396,16.983135223388672
36,2,100,1.9573417814876606e-05,0.06231338903307915,0.07786674052476883,0.1,0.04017752386876913,-0.030395099179101298,17.16278648376465
36,2,150,1.9573417814876606e-05,0.058463942259550095,0.0851965844631195,0.1,0.038157841462130845,0.09235499278471392,16.816326141357422
36,3,0,1.9573417814876606e-05,0.08751173317432404,0.08770368993282318,0.1,0.027641122820473846,0.022931988754605014,18.136070251464844
36,3,50,1.9573417814876606e-05,0.10318048298358917,0.0841449424624443,0.1,0.02521144794483029,-0.045707367731832566,17.455944061279297
36,3,100,1.9573417814876606e-05,0.09762311726808548,0.0792791098356247,0.1,0.028410317185376035,-0.06538102630244712,17.653881072998047
36,3,150,1.9573417814876606e-05,0.06322018802165985,0.07776828855276108,0.1,0.03311613778408743,-0.06095592879005086,17.811662673950195
37,0,0,1.8656635785769127e-05,0.08222684264183044,0.0768136978149414,0.1,0.028443076242149163,-0.05696008245063037,17.24942398071289
37,0,50,1.8656635785769127e-05,0.06816765666007996,0.07482293248176575,0.1,0.033681063671412985,0.00863495443292467,17.296810150146484
37,0,100,1.8656635785769127e-05,0.09257897734642029,0.08482203632593155,0.1,0.02823577362460131,-0.07164793392304841,17.80938720703125
37,0,150,1.8656635785769127e-05,0.07559078186750412,0.0742715373635292,0.1,0.029846516030489042,-0.06399073701925777,17.45435333251953
37,1,0,1.8656635785769127e-05,0.13614751398563385,0.07845648378133774,0.1,0.02173898825724589,-0.002785020892639084,17.863204956054688
37,1,50,1.8656635785769127e-05,0.11612284928560257,0.07772824168205261,0.1,0.024279039497755922,-0.021618561822189405,17.460447311401367
37,1,100,1.8656635785769127e-05,0.08604468405246735,0.08738301694393158,0.1,0.029786696127349313,-0.012830486962213759,17.507549285888672
37,1,150,1.8656635785769127e-05,0.09345728158950806,0.0818626806139946,0.1,0.029765182235152052,-0.04978052500726086,17.83765983581543
37,2,0,1.8656635785769127e-05,0.09480880945920944,0.07935547083616257,0.1,0.029459955954184634,0.03477716795327817,16.77370834350586
37,2,50,1.8656635785769127e-05,0.04237867146730423,0.07778982073068619,0.1,0.043068214584835764,-0.05202116160629509,17.012903213500977
37,2,100,1.8656635785769127e-05,0.06981489062309265,0.07098305970430374,0.1,0.031115774457796463,-0.10647654737967309,17.325679779052734
37,2,150,1.8656635785769127e-05,0.04288141429424286,0.06913353502750397,0.1,0.04126899783778857,-0.05541987932296051,17.276214599609375
37,3,0,1.8656635785769127e-05,0.07812169939279556,0.08933298289775848,0.1,0.029762370813790476,-0.039044910877894946,17.843564987182617
37,3,50,1.8656635785769127e-05,0.08574250340461731,0.07530150562524796,0.1,0.029091738844888065,-0.002323376625244896,17.663789749145508
37,3,100,1.8656635785769127e-05,0.14084121584892273,0.07541653513908386,0.1,0.021717373451770324,0.0038119499237061908,17.54989242553711
37,3,150,1.8656635785769127e-05,0.11741077154874802,0.0853162333369255,0.1,0.02630631433202779,-0.0006044505802591417,17.725536346435547
38,0,0,1.778279410038923e-05,0.0779917910695076,0.07062195986509323,0.1,0.030586352023832218,-0.06086030850785705,17.444908142089844
38,0,50,1.778279410038923e-05,0.05545014888048172,0.06472945958375931,0.1,0.03320299178226151,0.012639448611449198,17.383567810058594
38,0,100,1.778279410038923e-05,0.07557198405265808,0.06607845425605774,0.1,0.028962372608749197,-0.11465552111833474,17.70500946044922
38,0,150,1.778279410038923e-05,0.07191864401102066,0.08514475077390671,0.1,0.036044900381890614,0.004102989413202046,17.35405731201172
38,1,0,1.778279410038923e-05,0.13280443847179413,0.08333432674407959,0.1,0.022792626601334562,-0.042720405604282655,17.868125915527344
38,1,50,1.778279410038923e-05,0.10827047377824783,0.08111856132745743,0.1,0.02537460857972097,-0.10929090387616454,17.997058868408203
38,1,100,1.778279410038923e-05,0.11349505186080933,0.07043971121311188,0.1,0.02278616196150069,-0.045123832703423954,17.55364990234375
38,1,150,1.778279410038923e-05,0.09234271198511124,0.0881088450551033,0.1,0.029552366441558026,-0.08050045987563796,17.923004150390625
38,2,0,1.778279410038923e-05,0.07245710492134094,0.06709761917591095,0.1,0.02802201227087391,-0.09287237102365478,16.957712173461914
38,2,50,1.778279410038923e-05,0.050958301872015,0.07277929782867432,0.1,0.03462823974898222,-0.05744228283931678,17.08175277709961
38,2,100,1.778279410038923e-05,0.031151462346315384,0.06536322832107544,0.1,0.0443751548313889,-0.08837967256815722,17.126068115234375
38,2,150,1.778279410038923e-05,0.051705073565244675,0.06627383828163147,0.1,0.03321533229547365,-0.06523042435372028,16.94108009338379
38,3,0,1.778279410038923e-05,0.07914778590202332,0.07540375739336014,0.1,0.025696745726302973,-0.10474119383481995,17.998817443847656
38,3,50,1.778279410038923e-05,0.10556434094905853,0.07087399810552597,0.1,0.02433436752994216,-0.11424847830828862,17.563980102539062
38,3,100,1.778279410038923e-05,0.1229790598154068,0.09241189807653427,0.1,0.026077618463113496,0.015040016858939607,17.578243255615234
38,3,150,1.778279410038923e-05,0.074709452688694,0.09596056491136551,0.1,0.031332510449156276,-0.06330055594162938,17.81651496887207
39,0,0,1.6949881513903468e-05,0.11705290526151657,0.07889329642057419,0.1,0.023767603730521607,-0.08704520572080951,17.99579620361328
39,0,50,1.6949881513903468e-05,0.09134842455387115,0.06309357285499573,0.1,0.026397554687003614,0.03158726509362389,17.430866241455078
39,0,100,1.6949881513903468e-05,0.08539019525051117,0.06232001259922981,0.1,0.026209149193331505,0.04487998854024009,17.459545135498047
39,0,150,1.6949881513903468e-05,0.05620132014155388,0.07276185601949692,0.1,0.03623691518582161,-0.060280494985222956,17.733627319335938
39,1,0,1.6949881513903468e-05,0.15584556758403778,0.0825386717915535,0.1,0.019580298616889622,-0.0761384523552904,18.051176071166992
39,1,50,1.6949881513903468e-05,0.11289505660533905,0.0736154094338417,0.1,0.02258295050413155,-0.04729130062472309,17.657669067382812
39,1,100,1.6949881513903468e-05,0.10486352443695068,0.08000495284795761,0.1,0.02497659406763312,-0.10189461571945667,17.8455810546875
39,1,150,1.6949881513903468e-05,0.07339099049568176,0.07607681304216385,0.1,0.030901119335686712,-0.013465286921193762,17.729249954223633
39,2,0,1.6949881513903468e-05,0.05320000648498535,0.07974051684141159,0.1,0.03938948174477298,-0.0009270417646299121,16.889381408691406
39,2,50,1.6949881513903468e-05,0.05486907809972763,0.07851438969373703,0.1,0.03760767745096698,-0.05510508106607794,17.185720443725586
39,2,100,1.6949881513903468e-05,0.05255505442619324,0.060332972556352615,0.1,0.03498784358541301,-0.027713520507326107,17.182588577270508
39,2,150,1.6949881513903468e-05,0.04558013752102852,0.06516582518815994,0.1,0.033914880276949375,-0.13247287276919742,17.666173934936523
39,3,0,1.6949881513903468e-05,0.10323615372180939,0.08486141264438629,0.1,0.025741644433963512,-0.0612919037228652,17.991153717041016
39,3,50,1.6949881513903468e-05,0.10905341804027557,0.08502202481031418,0.1,0.025432785255175,-0.05940138978749089,17.716083526611328
39,3,100,1.6949881513903468e-05,0.11183955520391464,0.08461447805166245,0.1,0.025397246798122306,-0.08791992852734774,17.833463668823242
39,3,150,1.6949881513903468e-05,0.06305596977472305,0.08217368274927139,0.1,0.03709763898548531,0.021971627568513237,17.9039363861084
40,0,0,1.6155980984398745e-05,0.07677942514419556,0.06891979277133942,0.1,0.030203502133538007,-0.0366863847921445,17.523725509643555
40,0,50,1.6155980984398745e-05,0.04531845822930336,0.062020912766456604,0.1,0.03686071483349018,-0.0050089503668178095,17.490882873535156
40,0,100,1.6155980984398745e-05,0.061224356293678284,0.07155732810497284,0.1,0.032969174736165056,-0.06617994531240558,17.98679542541504
40,0,150,1.6155980984398745e-05,0.06554771214723587,0.08868363499641418,0.1,0.032776708927425895,-0.07295517913068256,17.72694206237793
40,1,0,1.6155980984398745e-05,0.11261027306318283,0.08987417072057724,0.1,0.02438307689627188,-0.02171462345837216,18.43971061706543
40,1,50,1.6155980984398745e-05,0.09189694374799728,0.0831407979130745,0.1,0.027202548135161955,-0.061359621610293236,17.91539192199707
40,1,100,1.6155980984398745e-05,0.09277414530515671,0.07879940420389175,0.1,0.02763668995898884,0.004860228169136319,17.676807403564453
40,1,150,1.6155980984398745e-05,0.08946283161640167,0.08218151330947876,0.1,0.027785454096538004,-0.0008653063627689435,17.80774688720703
40,2,0,1.6155980984398745e-05,0.05275999754667282,0.07073082774877548,0.1,0.03383379844416548,-0.06978277983793936,17.22128677368164
40,2,50,1.6155980984398745e-05,0.046724479645490646,0.08717698603868484,0.1,0.04164464882790957,-0.057670187325094456,17.467880249023438
40,2,100,1.6155980984398745e-05,0.035204749554395676,0.08759700506925583,0.1,0.05316823988218705,0.027797344184352864,17.084644317626953
40,2,150,1.6155980984398745e-05,0.03636514022946358,0.08148455619812012,0.1,0.046861941616656265,-0.027561991045237027,17.483272552490234
40,3,0,1.6155980984398745e-05,0.10922416299581528,0.09333477169275284,0.1,0.02713617142144506,-0.05595905081478308,18.402652740478516
40,3,50,1.6155980984398745e-05,0.08162662386894226,0.06980981677770615,0.1,0.026563028888562237,-0.0032424205879199182,17.532718658447266
40,3,100,1.6155980984398745e-05,0.09059563279151917,0.08606921881437302,0.1,0.029701613485352427,0.006507937892715633,17.831398010253906
40,3,150,1.6155980984398745e-05,0.1018872931599617,0.07331624627113342,0.1,0.026485494753832516,-0.08896386511651809,17.900920867919922
41,0,0,1.5399265260594925e-05,0.092134989798069,0.07011760026216507,0.1,0.02309525310240308,-0.03926963174012678,17.863494873046875
41,0,50,1.5399265260594925e-05,0.05178746581077576,0.07158789783716202,0.1,0.03559925794422322,0.020729735526472965,17.595230102539062
41,0,100,1.5399265260594925e-05,0.09269636869430542,0.07299114763736725,0.1,0.02768790300401593,-0.015670280010702548,17.677127838134766
41,0,150,1.5399265260594925e-05,0.08480793982744217,0.07010002434253693,0.1,0.027595842023134292,-0.014275749457877015,17.770967483520508
41,1,0,1.5399265260594925e-05,0.1549503207206726,0.07934720814228058,0.1,0.01794132729635727,-0.07940104611130827,18.211294174194336
41,1,50,1.5399265260594925e-05,0.10442127287387848,0.08677308261394501,0.1,0.02666737151508921,-0.03468144020768498,17.897811889648438
41,1,100,1.5399265260594925e-05,0.14207084476947784,0.07534298300743103,0.1,0.01899820014131986,-0.1271860743001589,18.220630645751953
41,1,150,1.5399265260594925e-05,0.08778530359268188,0.08375654369592667,0.1,0.028651585662627457,0.03852970028841031,18.049076080322266
41,2,0,1.5399265260594925e-05,0.07226406037807465,0.07276194542646408,0.1,0.030757096869244122,-0.0605179282500002,17.240543365478516
41,2,50,1.5399265260594925e-05,0.03311159461736679,0.06892499327659607,0.1,0.049366687375587984,-0.028747943498698008,17.271217346191406
41,2,100,1.5399265260594925e-05,0.05017920210957527,0.08089721947908401,0.1,0.04157633323728495,0.03918302516853743,17.59967041015625
41,2,150,1.5399265260594925e-05,0.08737605065107346,0.0917980745434761,0.1,0.030277091291650515,-0.04889324883019909,17.484371185302734
41,3,0,1.5399265260594925e-05,0.10460247844457626,0.08313308656215668,0.1,0.024193967731962727,-0.08043314658615959,18.2132568359375
41,3,50,1.5399265260594925e-05,0.10894937813282013,0.08012888580560684,0.1,0.02453268885287855,-0.08405632878020056,17.951581954956055
41,3,100,1.5399265260594925e-05,0.14013104140758514,0.08065994083881378,0.1,0.021394896947059493,-0.13288379363250297,17.82595443725586
41,3,150,1.5399265260594925e-05,0.10050301998853683,0.08095955848693848,0.1,0.02568445481719293,-0.12106872092167169,18.039182662963867
42,0,0,1.4677992676220697e-05,0.07244785130023956,0.0703963115811348,0.1,0.02937857331524994,-0.06686927555859845,18.12419319152832
42,0,50,1.4677992676220697e-05,0.0698583796620369,0.07369115948677063,0.1,0.02875981967844488,-0.09087613494764227,17.781763076782227
42,0,100,1.4677992676220697e-05,0.06872507184743881,0.06973162293434143,0.1,0.03144273993773917,-0.023363666462133007,17.8055419921875
42,0,150,1.4677992676220697e-05,0.04116934537887573,0.06611903756856918,0.1,0.04199080099602929,-0.03475425348685584,18.167634963989258
42,1,0,1.4677992676220697e-05,0.14961084723472595,0.08337772637605667,0.1,0.01979881691517707,-0.07708568147248789,18.395219802856445
42,1,50,1.4677992676220697e-05,0.11320677399635315,0.07844404876232147,0.1,0.023610004078328715,-0.06646930926065121,17.947608947753906
42,1,100,1.4677992676220697e-05,0.12368515878915787,0.08470628410577774,0.1,0.02369505719640936,-0.08003514175400794,18.154693603515625
42,1,150,1.4677992676220697e-05,0.08497220277786255,0.08952522277832031,0.1,0.029903648668578624,0.11807464152665625,17.999862670898438
42,2,0,1.4677992676220697e-05,0.08395516127347946,0.08612146973609924,0.1,0.028655263748144526,-0.0434686689726036,16.987972259521484
42,2,50,1.4677992676220697e-05,0.06372354924678802,0.08160696178674698,0.1,0.0381489980086839,-0.06211320605946379,17.374492645263672
42,2,100,1.4677992676220697e-05,0.04630514606833458,0.08861623704433441,0.1,0.044422038720595615,-0.04922019169592726,17.66192626953125
42,2,150,1.4677992676220697e-05,0.06480707973241806,0.08286736905574799,0.1,0.033423444710641084,-0.05222772377345731,17.379695892333984
42,3,0,1.4677992676220697e-05,0.11978871375322342,0.07351885735988617,0.1,0.023159114241354143,-0.053298220045027066,18.332849502563477
42,3,50,1.4677992676220697e-05,0.07408067584037781,0.07529105246067047,0.1,0.02868447989132103,-0.062086543119211746,17.755186080932617
42,3,100,1.4677992676220697e-05,0.10153991729021072,0.0865875631570816,0.1,0.02618764370941381,0.07119551386341745,18.014432907104492
42,3,150,1.4677992676220697e-05,0.07621733844280243,0.07946735620498657,0.1,0.030639567225450425,-0.009936820352795741,17.981473922729492
43,0,0,1.3990503141372944e-05,0.05868763104081154,0.06801699101924896,0.1,0.03183557977234524,-0.014388931563800488,17.843460083007812
43,0,50,1.3990503141372944e-05,0.09591344743967056,0.09479015320539474,0.1,0.030748585513597115,-0.09176296921973659,17.21963119506836
43,0,100,1.3990503141372944e-05,0.057530149817466736,0.0779796689748764,0.1,0.03714614802351527,-0.025305829976262465,17.80828857421875
43,0,150,1.3990503141372944e-05,0.079145647585392,0.07179097086191177,0.1,0.029138795637527404,-0.0783063463586298,18.041757583618164
43,1,0,1.3990503141372944e-05,0.10950856655836105,0.08161188662052155,0.1,0.021683951732483428,-0.026830176847695824,18.512500762939453
43,1,50,1.3990503141372944e-05,0.08452525734901428,0.08561909198760986,0.1,0.029597116927834892,-0.07668672237649313,18.35116958618164
43,1,100,1.3990503141372944e-05,0.07779299467802048,0.08577602356672287,0.1,0.029583476530194656,-0.08242004499936592,18.22673225402832
43,1,150,1.3990503141372944e-05,0.11244144290685654,0.09026606380939484,0.1,0.024201750748536532,-0.058461189037551445,18.21126937866211
43,2,0,1.3990503141372944e-05,0.04869125038385391,0.08154072612524033,0.1,0.03642571410957537,-0.02559154966445198,17.570056915283203
43,2,50,1.3990503141372944e-05,0.04000386595726013,0.07058262079954147,0.1,0.04317038051960076,-0.037993540012621695,17.041217803955078
43,2,100,1.3990503141372944e-05,0.04068276658654213,0.06396704912185669,0.1,0.03976850666308456,-0.05447677550175599,17.340435028076172
43,2,150,1.3990503141372944e-05,0.03369712084531784,0.07599839568138123,0.1,0.05057364023595936,-0.01425803134062773,17.81060028076172
43,3,0,1.3990503141372944e-05,0.05918813869357109,0.09576015919446945,0.1,0.03801829856308812,-0.04973899784513563,18.48052978515625
43,3,50,1.3990503141372944e-05,0.1073048785328865,0.07925528287887573,0.1,0.02366921100930172,-0.04092144602526908,17.88836097717285
43,3,100,1.3990503141372944e-05,0.09583546221256256,0.07189599424600601,0.1,0.025177297982025615,-0.015735472883247243,17.956209182739258
43,3,150,1.3990503141372944e-05,0.09481927007436752,0.07676055282354355,0.1,0.023927398504841466,0.10347121035836458,17.76404571533203
44,0,0,1.3335214321633246e-05,0.11468825489282608,0.07171135395765305,0.1,0.02187769337049339,-0.08808097436834461,17.853160858154297
44,0,50,1.3335214321633246e-05,0.08480846136808395,0.08369775116443634,0.1,0.02931141165262524,-0.050042843664573025,17.468730926513672
44,0,100,1.3335214321633246e-05,0.06840383261442184,0.06629196554422379,0.1,0.028346359240112026,-0.06765574842457775,18.103790283203125
44,0,150,1.3335214321633246e-05,0.061860546469688416,0.0915038213133812,0.1,0.03473594845935852,-0.027067140330592775,17.312335968017578
44,1,0,1.3335214321633246e-05,0.08928949385881424,0.08545078337192535,0.1,0.026181566644933492,-0.05542609964698376,18.401756286621094
44,1,50,1.3335214321633246e-05,0.1302802860736847,0.08133251219987869,0.1,0.021490937695526253,-0.10607759770144658,18.259323120117188
44,1,100,1.3335214321633246e-05,0.10918118804693222,0.08114522695541382,0.1,0.025189914441645436,-0.012495602070695642,18.23487663269043
44,1,150,1.3335214321633246e-05,0.09148634970188141,0.07360901683568954,0.1,0.025476199492329352,-0.08593394929211666,18.30309295654297
44,2,0,1.3335214321633246e-05,0.05613803490996361,0.08790325373411179,0.1,0.034725598876316696,-0.03404332850730557,17.027973175048828
44,2,50,1.3335214321633246e-05,0.04136601835489273,0.079252228140831,0.1,0.04211734325229674,-0.04890746547498762,17.556995391845703
44,2,100,1.3335214321633246e-05,0.04879709705710411,0.07751927524805069,0.1,0.037275418401493704,-0.06787665223938559,17.848363876342773
44,2,150,1.3335214321633246e-05,0.061455678194761276,0.07228950411081314,0.1,0.03177141518908663,-0.06974407851333599,17.563411712646484
44,3,0,1.3335214321633246e-05,0.08183276653289795,0.0780380368232727,0.1,0.027387425832589202,-0.0554848827165209,18.444313049316406
44,3,50,1.3335214321633246e-05,0.12873683869838715,0.08431824296712875,0.1,0.02381384656789591,0.05213591445445288,18.029998779296875
44,3,100,1.3335214321633246e-05,0.08467929065227509,0.08053594082593918,0.1,0.02843067258043727,-0.01895345001938763,18.119226455688477
44,3,150,1.3335214321633246e-05,0.10461965203285217,0.08789961785078049,0.1,0.027235934375296002,-0.02757978663685075,18.19748306274414
45,0,0,1.2710617996147451e-05,0.06361154466867447,0.0664236918091774,0.1,0.02885334955375305,-0.03856910656710493,17.883708953857422
45,0,50,1.2710617996147451e-05,0.069724440574646,0.08539912104606628,0.1,0.032880850930987096,-0.05128415499238454,18.00444793701172
45,0,100,1.2710617996147451e-05,0.06591538339853287,0.06883805990219116,0.1,0.029656287129662444,-0.08612332402273468,18.063434600830078
45,0,150,1.2710617996147451e-05,0.05322276055812836,0.07118082791566849,0.1,0.03547824320538567,0.004599870748975115,18.273571014404297
45,1,0,1.2710617996147451e-05,0.12856751680374146,0.08252429217100143,0.1,0.021296506412313895,-0.041325982467611676,18.272323608398438
45,1,50,1.2710617996147451e-05,0.10379038006067276,0.0785326436161995,0.1,0.024336075490745207,-0.04507955307802956,18.230663299560547
45,1,100,1.2710617996147451e-05,0.11053110659122467,0.09180192649364471,0.1,0.02546047059025101,-0.08316118917205845,18.34005355834961
45,1,150,1.2710617996147451e-05,0.08224790543317795,0.08984066545963287,0.1,0.03156910369648999,-0.004298607096295843,18.382755279541016
45,2,0,1.2710617996147451e-05,0.032107163220644,0.07004620134830475,0.1,0.04683677244538737,-0.05603352855257445,17.597890853881836
45,2,50,1.2710617996147451e-05,0.04290022701025009,0.10067899525165558,0.1,0.04458342811278303,-0.07685778526953613,17.37226104736328
45,2,100,1.2710617996147451e-05,0.04501551017165184,0.08013863116502762,0.1,0.04206508448484299,0.0013916940575576123,17.42026138305664
45,2,150,1.2710617996147451e-05,0.021438833326101303,0.06622575968503952,0.1,0.06521813603951014,0.01961359925423409,17.673812866210938
45,3,0,1.2710617996147451e-05,0.10892152041196823,0.09238282591104507,0.1,0.025250844806477137,-0.1048129178818724,18.64405632019043
45,3,50,1.2710617996147451e-05,0.07173917442560196,0.0827522724866867,0.1,0.03072651612558182,-0.009757628550904562,18.411537170410156
45,3,100,1.2710617996147451e-05,0.07161845266819,0.08517147600650787,0.1,0.03349507200741735,-0.006737876956911849,18.19483757019043
45,3,150,1.2710617996147451e-05,0.11323860287666321,0.0790952816605568,0.1,0.024333204372822048,-0.01086491962850687,18.083057403564453
46,0,0,1.211527658628589e-05,0.06234464421868324,0.06526841968297958,0.1,0.028163562370946773,-0.05234151111233768,17.90972328186035
46,0,50,1.211527658628589e-05,0.07434368878602982,0.07447866350412369,0.1,0.028948668671017266,0.05227067920010973,17.925601959228516
46,0,100,1.211527658628589e-05,0.0723845362663269,0.06794078648090363,0.1,0.029202126644457677,-0.019620833809450285,18.05215835571289
46,0,150,1.211527658628589e-05,0.07069405168294907,0.07798923552036285,0.1,0.031062512465467207,-0.045642550348049094,18.085315704345703
46,1,0,1.211527658628589e-05,0.10118625313043594,0.0713411346077919,0.1,0.02316091482942834,-0.004256272190030128,18.266176223754883
46,1,50,1.211527658628589e-05,0.15085986256599426,0.08164305239915848,0.1,0.021235338697475577,-0.07918320559244774,18.27243423461914
46,1,100,1.211527658628589e-05,0.0844140350818634,0.08489329367876053,0.1,0.029175401692747748,0.00838008698880573,18.245325088500977
46,1,150,1.211527658628589e-05,0.07238435745239258,0.08509192615747452,0.1,0.03276745514962302,-0.03725666442417259,18.44254493713379
46,2,0,1.211527658628589e-05,0.05040721222758293,0.07132387161254883,0.1,0.036793648967780805,6.029811123369812e-05,17.2924861907959
46,2,50,1.211527658628589e-05,0.04100895673036575,0.06733684986829758,0.1,0.04018686912341411,-0.011033310830710855,17.654054641723633
46,2,100,1.211527658628589e-05,0.026629528030753136,0.08814708888530731,0.1,0.056811497450826254,-0.0742432635606898,17.46143341064453
46,2,150,1.211527658628589e-05,0.03394332155585289,0.0746862068772316,0.1,0.04453850169207354,0.00087584180847839,18.13227081298828
46,3,0,1.211527658628589e-05,0.1284671127796173,0.08033020049333572,0.1,0.022056493046879833,-0.04507879234580149,18.687482833862305
46,3,50,1.211527658628589e-05,0.06773930788040161,0.07872722297906876,0.1,0.031925136328106334,-0.025027940425726976,18.157434463500977
46,3,100,1.211527658628589e-05,0.1155107170343399,0.0775146409869194,0.1,0.02313139947292467,-0.06642857938895597,18.13041877746582
46,3,150,1.211527658628589e-05,0.10594581067562103,0.07727759331464767,0.1,0.02566380187025271,-0.0031575176966523897,18.176101684570312
47,0,0,1.1547819846894583e-05,0.09452630579471588,0.08287408202886581,0.1,0.02534116677606087,-0.04567244316022237,17.903423309326172
47,0,50,1.1547819846894583e-05,0.08535926043987274,0.07016647607088089,0.1,0.023470762828388628,-0.13756822151661735,18.112171173095703
47,0,100,1.1547819846894583e-05,0.05464761331677437,0.08154889941215515,0.1,0.03733436737993781,-0.10485653305753682,18.34067153930664
47,0,150,1.1547819846894583e-05,0.055355578660964966,0.07601451873779297,0.1,0.03572056026717605,0.03695276344281914,17.953027725219727
47,1,0,1.1547819846894583e-05,0.10455281287431717,0.10738600790500641,0.1,0.026847621334326315,-0.06789627139413153,18.740219116210938
47,1,50,1.1547819846894583e-05,0.08846165239810944,0.095657579600811,0.1,0.030463571950076165,0.006710631865346999,18.66631317138672
47,1,100,1.1547819846894583e-05,0.13425566256046295,0.08609484881162643,0.1,0.021472787687821123,-0.006049030691882905,18.230270385742188
47,1,150,1.1547819846894583e-05,0.08390701562166214,0.09212487936019897,0.1,0.028494491009766504,-0.035697190762151026,18.228391647338867
47,2,0,1.1547819846894583e-05,0.05604874715209007,0.06725973635911942,0.1,0.029281407182708163,-0.022895345120738413,17.732433319091797
47,2,50,1.1547819846894583e-05,0.051049839705228806,0.07054261118173599,0.1,0.036279498767189396,-0.06300618853487136,17.777359008789062
47,2,100,1.1547819846894583e-05,0.06300719827413559,0.0724441260099411,0.1,0.030116940032977525,-0.04591787743715594,17.593467712402344
47,2,150,1.1547819846894583e-05,0.04781699553132057,0.0710105374455452,0.1,0.04173416952361589,-0.02961245724242567,18.207075119018555
47,3,0,1.1547819846894583e-05,0.10313592851161957,0.09160185605287552,0.1,0.023910886203505077,0.02445979068390745,18.58453941345215
47,3,50,1.1547819846894583e-05,0.0733608528971672,0.08396238088607788,0.1,0.031029699256874255,-0.045435407475445944,18.20252799987793
47,3,100,1.1547819846894583e-05,0.08215741813182831,0.08409170061349869,0.1,0.028792225583915334,0.058504408252772325,18.016311645507812
47,3,150,1.1547819846894583e-05,0.10302750766277313,0.09161371737718582,0.1,0.025752653668471924,0.07899183653355711,18.42029571533203
48,0,0,1.1006941712522098e-05,0.060299843549728394,0.06908731907606125,0.1,0.031074946940846695,-0.031662093551352,18.230514526367188
48,0,50,1.1006941712522098e-05,0.06355360150337219,0.07035690546035767,0.1,0.031026158339507084,-0.06972003208607352,17.850353240966797
48,0,100,1.1006941712522098e-05,0.05706315115094185,0.0797368511557579,0.1,0.03656592464773381,-0.0032834531854876482,18.356325149536133
48,0,150,1.1006941712522098e-05,0.07072213292121887,0.07557038962841034,0.1,0.031497213379857586,-0.043660239005153235,18.340843200683594
48,1,0,1.1006941712522098e-05,0.10066031664609909,0.08021719753742218,0.1,0.02302584982027739,-0.07647346376344343,18.817167282104492
48,1,50,1.1006941712522098e-05,0.12669943273067474,0.08341832458972931,0.1,0.022353728861686992,0.005222429255598318,18.253421783447266
48,1,100,1.1006941712522098e-05,0.1003868579864502,0.09292733669281006,0.1,0.027042072655235356,-0.006458067561436277,18.457176208496094
48,1,150,1.1006941712522098e-05,0.07588373124599457,0.08262357115745544,0.1,0.02974051203288017,-0.0018305614824246244,18.831214904785156
48,2,0,1.1006941712522098e-05,0.04297366365790367,0.07913316041231155,0.1,0.042762462456600904,0.010384141434521781,17.960102081298828
48,2,50,1.1006941712522098e-05,0.04865065589547157,0.08454343676567078,0.1,0.040398969238248816,-0.02080874955399731,17.82932472229004
48,2,100,1.1006941712522098e-05,0.05488140508532524,0.08766652643680573,0.1,0.037380350775553114,-0.01573473559865559,17.912860870361328
48,2,150,1.1006941712522098e-05,0.057286299765110016,0.08954371511936188,0.1,0.034985192744025895,-0.025945242755432706,18.406036376953125
48,3,0,1.1006941712522098e-05,0.11417707055807114,0.0867047905921936,0.1,0.024140960731658754,-0.06642896145582905,18.43050765991211
48,3,50,1.1006941712522098e-05,0.07441893219947815,0.07861940562725067,0.1,0.028574423273304967,-0.06775501872925825,18.59351348876953
48,3,100,1.1006941712522098e-05,0.08520136028528214,0.08351843804121017,0.1,0.028382996553463335,-0.09379942241314776,18.296615600585938
48,3,150,1.1006941712522098e-05,0.09371313452720642,0.0777759924530983,0.1,0.025390759517719307,-0.05042299131995303,18.202781677246094
49,0,0,1.04913972913631e-05,0.08194830268621445,0.0722285732626915,0.1,0.02576255889026249,-0.1261248601134463,18.421939849853516
49,0,50,1.04913972913631e-05,0.08770381659269333,0.08016575127840042,0.1,0.027216816369122494,-0.07553804685672215,17.95703887939453
49,0,100,1.04913972913631e-05,0.04684074968099594,0.07036971300840378,0.1,0.03735660072584546,-0.04462470116220253,18.28109359741211
49,0,150,1.04913972913631e-05,0.05354037880897522,0.06985905021429062,0.1,0.03448538242102113,0.01822028663543307,18.558124542236328
49,1,0,1.04913972913631e-05,0.11322414875030518,0.08423920720815659,0.1,0.021818251356239052,-0.10100056014639189,18.788820266723633
49,1,50,1.04913972913631e-05,0.11866029351949692,0.08646496385335922,0.1,0.022359780261274848,0.019254612058736797,18.66832160949707
49,1,100,1.04913972913631e-05,0.13075576722621918,0.09099515527486801,0.1,0.023819369965848398,-0.0526569591515961,18.529359817504883
49,1,150,1.04913972913631e-05,0.07419498264789581,0.08626449108123779,0.1,0.030733099478062312,-0.016598900360247148,18.540306091308594
49,2,0,1.04913972913631e-05,0.05955671891570091,0.08056583255529404,0.1,0.03368575050607036,-0.039152835552653004,17.72545623779297
49,2,50,1.04913972913631e-05,0.06027306616306305,0.08376236259937286,0.1,0.033562249508941565,-0.043075830317535785,17.704238891601562
49,2,100,1.04913972913631e-05,0.04343525692820549,0.08181504160165787,0.1,0.045206798814277464,-0.0238220688327952,18.295120239257812
49,2,150,1.04913972913631e-05,0.05987994000315666,0.07609518617391586,0.1,0.035317332862789576,-0.06958039621790635,17.9598445892334
49,3,0,1.04913972913631e-05,0.08984100818634033,0.08354073762893677,0.1,0.027268572048445718,-0.009459646913739609,18.958255767822266
49,3,50,1.04913972913631e-05,0.11311499774456024,0.0969618484377861,0.1,0.023680981561977003,-0.12547803792625895,18.44994354248047
49,3,100,1.04913972913631e-05,0.06158118695020676,0.0843963772058487,0.1,0.030230603241056316,-0.09565298729205035,18.838268280029297
49,3,150,1.04913972913631e-05,0.08715812116861343,0.08072951436042786,0.1,0.02670306657437929,-0.030384106005291567,18.693958282470703
