dataset,method,alpha,seed,round,local_steps,local_k,global_k,lambda_proto,split,model_scope,task,positives,negatives,observed_n,eligible,auc
Tox21,fedavg_proto,0.5,1,0,200,16,16,0.1,val,server,0,31,696,727,True,0.4367816091954023
Tox21,fedavg_proto,0.5,1,0,200,16,16,0.1,val,server,1,23,652,675,True,0.5776206988530275
Tox21,fedavg_proto,0.5,1,0,200,16,16,0.1,val,server,2,74,567,641,True,0.38642213642213646
Tox21,fedavg_proto,0.5,1,0,200,16,16,0.1,val,server,3,19,546,565,True,0.3581068054752265
Tox21,fedavg_proto,0.5,1,0,200,16,16,0.1,val,server,4,82,541,623,True,0.45373292457508674
Tox21,fedavg_proto,0.5,1,0,200,16,16,0.1,val,server,5,30,657,687,True,0.4454591577879249
Tox21,fedavg_proto,0.5,1,0,200,16,16,0.1,val,server,6,21,612,633,True,0.46514161220043576
Tox21,fedavg_proto,0.5,1,0,200,16,16,0.1,val,server,7,96,492,588,True,0.4117335704607046
Tox21,fedavg_proto,0.5,1,0,200,16,16,0.1,val,server,8,30,677,707,True,0.34586410635155096
Tox21,fedavg_proto,0.5,1,0,200,16,16,0.1,val,server,9,45,603,648,True,0.5115349180025798
Tox21,fedavg_proto,0.5,1,0,200,16,16,0.1,val,server,10,92,495,587,True,0.5409530083443126
Tox21,fedavg_proto,0.5,1,0,200,16,16,0.1,val,server,11,42,636,678,True,0.3608864929619647
Tox21,fedavg_proto,0.5,1,0,200,16,16,0.1,val,client_0,0,31,696,727,True,0.4019744160177976
Tox21,fedavg_proto,0.5,1,0,200,16,16,0.1,val,client_0,1,23,652,675,True,0.4765604161109629
Tox21,fedavg_proto,0.5,1,0,200,16,16,0.1,val,client_0,2,74,567,641,True,0.321654988321655
Tox21,fedavg_proto,0.5,1,0,200,16,16,0.1,val,client_0,3,19,546,565,True,0.2676884518989782
Tox21,fedavg_proto,0.5,1,0,200,16,16,0.1,val,client_0,4,82,541,623,True,0.3667327893241964
Tox21,fedavg_proto,0.5,1,0,200,16,16,0.1,val,client_0,5,30,657,687,True,0.3860730593607306
Tox21,fedavg_proto,0.5,1,0,200,16,16,0.1,val,client_0,6,21,612,633,True,0.5008948023653906
Tox21,fedavg_proto,0.5,1,0,200,16,16,0.1,val,client_0,7,96,492,588,True,0.4228700880758807
Tox21,fedavg_proto,0.5,1,0,200,16,16,0.1,val,client_0,8,30,677,707,True,0.38370260955194485
Tox21,fedavg_proto,0.5,1,0,200,16,16,0.1,val,client_0,9,45,603,648,True,0.49718076285240465
Tox21,fedavg_proto,0.5,1,0,200,16,16,0.1,val,client_0,10,92,495,587,True,0.3274483970136144
Tox21,fedavg_proto,0.5,1,0,200,16,16,0.1,val,client_0,11,42,636,678,True,0.35624438454627133
Tox21,fedavg_proto,0.5,1,0,200,16,16,0.1,val,client_1,0,31,696,727,True,0.38936781609195403
Tox21,fedavg_proto,0.5,1,0,200,16,16,0.1,val,client_1,1,23,652,675,True,0.4686583088823687
Tox21,fedavg_proto,0.5,1,0,200,16,16,0.1,val,client_1,2,74,567,641,True,0.3588826922160256
Tox21,fedavg_proto,0.5,1,0,200,16,16,0.1,val,client_1,3,19,546,565,True,0.25477154424522847
Tox21,fedavg_proto,0.5,1,0,200,16,16,0.1,val,client_1,4,82,541,623,True,0.36806275641314634
Tox21,fedavg_proto,0.5,1,0,200,16,16,0.1,val,client_1,5,30,657,687,True,0.37437848807711827
Tox21,fedavg_proto,0.5,1,0,200,16,16,0.1,val,client_1,6,21,612,633,True,0.505485527544351
Tox21,fedavg_proto,0.5,1,0,200,16,16,0.1,val,client_1,7,96,492,588,True,0.41204056571815717
Tox21,fedavg_proto,0.5,1,0,200,16,16,0.1,val,client_1,8,30,677,707,True,0.37548005908419496
Tox21,fedavg_proto,0.5,1,0,200,16,16,0.1,val,client_1,9,45,603,648,True,0.5017689331122167
Tox21,fedavg_proto,0.5,1,0,200,16,16,0.1,val,client_1,10,92,495,587,True,0.32911725955204213
Tox21,fedavg_proto,0.5,1,0,200,16,16,0.1,val,client_1,11,42,636,678,True,0.3533430667864631
Tox21,fedavg_proto,0.5,1,0,200,16,16,0.1,val,client_2,0,31,696,727,True,0.40355024100852804
Tox21,fedavg_proto,0.5,1,0,200,16,16,0.1,val,client_2,1,23,652,675,True,0.4632568684982662
Tox21,fedavg_proto,0.5,1,0,200,16,16,0.1,val,client_2,2,74,567,641,True,0.35011201677868353
Tox21,fedavg_proto,0.5,1,0,200,16,16,0.1,val,client_2,3,19,546,565,True,0.24609600925390393
Tox21,fedavg_proto,0.5,1,0,200,16,16,0.1,val,client_2,4,82,541,623,True,0.36472656778323786
Tox21,fedavg_proto,0.5,1,0,200,16,16,0.1,val,client_2,5,30,657,687,True,0.36626078132927453
Tox21,fedavg_proto,0.5,1,0,200,16,16,0.1,val,client_2,6,21,612,633,True,0.5066915655150949
Tox21,fedavg_proto,0.5,1,0,200,16,16,0.1,val,client_2,7,96,492,588,True,0.39530403116531165
Tox21,fedavg_proto,0.5,1,0,200,16,16,0.1,val,client_2,8,30,677,707,True,0.3927621861152142
Tox21,fedavg_proto,0.5,1,0,200,16,16,0.1,val,client_2,9,45,603,648,True,0.49168969964989867
Tox21,fedavg_proto,0.5,1,0,200,16,16,0.1,val,client_2,10,92,495,587,True,0.34653052261747913
Tox21,fedavg_proto,0.5,1,0,200,16,16,0.1,val,client_2,11,42,636,678,True,0.32097933513027854
Tox21,fedavg_proto,0.5,1,0,200,16,16,0.1,val,client_3,0,31,696,727,True,0.31808490915832405
Tox21,fedavg_proto,0.5,1,0,200,16,16,0.1,val,client_3,1,23,652,675,True,0.3915710856228327
Tox21,fedavg_proto,0.5,1,0,200,16,16,0.1,val,client_3,2,74,567,641,True,0.7604270937604272
Tox21,fedavg_proto,0.5,1,0,200,16,16,0.1,val,client_3,3,19,546,565,True,0.3208020050125313
Tox21,fedavg_proto,0.5,1,0,200,16,16,0.1,val,client_3,4,82,541,623,True,0.5245029529777738
Tox21,fedavg_proto,0.5,1,0,200,16,16,0.1,val,client_3,5,30,657,687,True,0.452181633688483
Tox21,fedavg_proto,0.5,1,0,200,16,16,0.1,val,client_3,6,21,612,633,True,0.4750233426704015
Tox21,fedavg_proto,0.5,1,0,200,16,16,0.1,val,client_3,7,96,492,588,True,0.6142445799457996
Tox21,fedavg_proto,0.5,1,0,200,16,16,0.1,val,client_3,8,30,677,707,True,0.2742491383554899
Tox21,fedavg_proto,0.5,1,0,200,16,16,0.1,val,client_3,9,45,603,648,True,0.5355444997236043
Tox21,fedavg_proto,0.5,1,0,200,16,16,0.1,val,client_3,10,92,495,587,True,0.6824330259112869
Tox21,fedavg_proto,0.5,1,0,200,16,16,0.1,val,client_3,11,42,636,678,True,0.3185834082060497
Tox21,fedavg_proto,0.5,1,0,200,16,16,0.1,test,server,0,32,693,725,True,0.35721049783549785
Tox21,fedavg_proto,0.5,1,0,200,16,16,0.1,test,server,1,33,646,679,True,0.4471338774744348
Tox21,fedavg_proto,0.5,1,0,200,16,16,0.1,test,server,2,77,572,649,True,0.3611502134229407
Tox21,fedavg_proto,0.5,1,0,200,16,16,0.1,test,server,3,38,538,576,True,0.3459205634905107
Tox21,fedavg_proto,0.5,1,0,200,16,16,0.1,test,server,4,80,531,611,True,0.42015065913370997
Tox21,fedavg_proto,0.5,1,0,200,16,16,0.1,test,server,5,34,647,681,True,0.45867806164196745
Tox21,fedavg_proto,0.5,1,0,200,16,16,0.1,test,server,6,21,617,638,True,0.39862622520645213
Tox21,fedavg_proto,0.5,1,0,200,16,16,0.1,test,server,7,95,494,589,True,0.3611229490730876
Tox21,fedavg_proto,0.5,1,0,200,16,16,0.1,test,server,8,32,670,702,True,0.40205223880597013
Tox21,fedavg_proto,0.5,1,0,200,16,16,0.1,test,server,9,36,621,657,True,0.46803989980318483
Tox21,fedavg_proto,0.5,1,0,200,16,16,0.1,test,server,10,93,485,578,True,0.5339430218379337
Tox21,fedavg_proto,0.5,1,0,200,16,16,0.1,test,server,11,48,624,672,True,0.36516760149572647
Tox21,fedavg_proto,0.5,1,0,200,16,16,0.1,test,client_0,0,32,693,725,True,0.2838428932178932
Tox21,fedavg_proto,0.5,1,0,200,16,16,0.1,test,client_0,1,33,646,679,True,0.3635425462050849
Tox21,fedavg_proto,0.5,1,0,200,16,16,0.1,test,client_0,2,77,572,649,True,0.300358732176914
Tox21,fedavg_proto,0.5,1,0,200,16,16,0.1,test,client_0,3,38,538,576,True,0.3287027978869106
Tox21,fedavg_proto,0.5,1,0,200,16,16,0.1,test,client_0,4,80,531,611,True,0.31773775894538603
Tox21,fedavg_proto,0.5,1,0,200,16,16,0.1,test,client_0,5,34,647,681,True,0.41349213564869536
Tox21,fedavg_proto,0.5,1,0,200,16,16,0.1,test,client_0,6,21,617,638,True,0.44088137686192785
Tox21,fedavg_proto,0.5,1,0,200,16,16,0.1,test,client_0,7,95,494,589,True,0.37480289793309185
Tox21,fedavg_proto,0.5,1,0,200,16,16,0.1,test,client_0,8,32,670,702,True,0.4402518656716418
Tox21,fedavg_proto,0.5,1,0,200,16,16,0.1,test,client_0,9,36,621,657,True,0.4653113258185722
Tox21,fedavg_proto,0.5,1,0,200,16,16,0.1,test,client_0,10,93,485,578,True,0.36040350293759005
Tox21,fedavg_proto,0.5,1,0,200,16,16,0.1,test,client_0,11,48,624,672,True,0.38868856837606836
Tox21,fedavg_proto,0.5,1,0,200,16,16,0.1,test,client_1,0,32,693,725,True,0.26794733044733043
Tox21,fedavg_proto,0.5,1,0,200,16,16,0.1,test,client_1,1,33,646,679,True,0.3559433342715076
Tox21,fedavg_proto,0.5,1,0,200,16,16,0.1,test,client_1,2,77,572,649,True,0.3317818545091272
Tox21,fedavg_proto,0.5,1,0,200,16,16,0.1,test,client_1,3,38,538,576,True,0.32586577969086283
Tox21,fedavg_proto,0.5,1,0,200,16,16,0.1,test,client_1,4,80,531,611,True,0.3212806026365348
Tox21,fedavg_proto,0.5,1,0,200,16,16,0.1,test,client_1,5,34,647,681,True,0.4004909537230657
Tox21,fedavg_proto,0.5,1,0,200,16,16,0.1,test,client_1,6,21,617,638,True,0.46407347379794706
Tox21,fedavg_proto,0.5,1,0,200,16,16,0.1,test,client_1,7,95,494,589,True,0.3695184317067973
Tox21,fedavg_proto,0.5,1,0,200,16,16,0.1,test,client_1,8,32,670,702,True,0.4321595149253731
Tox21,fedavg_proto,0.5,1,0,200,16,16,0.1,test,client_1,9,36,621,657,True,0.4581320450885668
Tox21,fedavg_proto,0.5,1,0,200,16,16,0.1,test,client_1,10,93,485,578,True,0.360336991464361
Tox21,fedavg_proto,0.5,1,0,200,16,16,0.1,test,client_1,11,48,624,672,True,0.37673611111111105
Tox21,fedavg_proto,0.5,1,0,200,16,16,0.1,test,client_2,0,32,693,725,True,0.28787878787878785
Tox21,fedavg_proto,0.5,1,0,200,16,16,0.1,test,client_2,1,33,646,679,True,0.3504550145417019
Tox21,fedavg_proto,0.5,1,0,200,16,16,0.1,test,client_2,2,77,572,649,True,0.3294659885568976
Tox21,fedavg_proto,0.5,1,0,200,16,16,0.1,test,client_2,3,38,538,576,True,0.3141263940520446
Tox21,fedavg_proto,0.5,1,0,200,16,16,0.1,test,client_2,4,80,531,611,True,0.3143596986817325
Tox21,fedavg_proto,0.5,1,0,200,16,16,0.1,test,client_2,5,34,647,681,True,0.3933766706064188
Tox21,fedavg_proto,0.5,1,0,200,16,16,0.1,test,client_2,6,21,617,638,True,0.45867098865478123
Tox21,fedavg_proto,0.5,1,0,200,16,16,0.1,test,client_2,7,95,494,589,True,0.3531216705731941
Tox21,fedavg_proto,0.5,1,0,200,16,16,0.1,test,client_2,8,32,670,702,True,0.44097481343283584
Tox21,fedavg_proto,0.5,1,0,200,16,16,0.1,test,client_2,9,36,621,657,True,0.4713499731615674
Tox21,fedavg_proto,0.5,1,0,200,16,16,0.1,test,client_2,10,93,485,578,True,0.3754018401507594
Tox21,fedavg_proto,0.5,1,0,200,16,16,0.1,test,client_2,11,48,624,672,True,0.366786858974359
Tox21,fedavg_proto,0.5,1,0,200,16,16,0.1,test,client_3,0,32,693,725,True,0.20833333333333334
Tox21,fedavg_proto,0.5,1,0,200,16,16,0.1,test,client_3,1,33,646,679,True,0.32153579135003285
Tox21,fedavg_proto,0.5,1,0,200,16,16,0.1,test,client_3,2,77,572,649,True,0.7533148669512306
Tox21,fedavg_proto,0.5,1,0,200,16,16,0.1,test,client_3,3,38,538,576,True,0.29585697515163367
Tox21,fedavg_proto,0.5,1,0,200,16,16,0.1,test,client_3,4,80,531,611,True,0.5475517890772128
Tox21,fedavg_proto,0.5,1,0,200,16,16,0.1,test,client_3,5,34,647,681,True,0.4276525138648968
Tox21,fedavg_proto,0.5,1,0,200,16,16,0.1,test,client_3,6,21,617,638,True,0.34784286486069305
Tox21,fedavg_proto,0.5,1,0,200,16,16,0.1,test,client_3,7,95,494,589,True,0.5688578734285105
Tox21,fedavg_proto,0.5,1,0,200,16,16,0.1,test,client_3,8,32,670,702,True,0.3595615671641791
Tox21,fedavg_proto,0.5,1,0,200,16,16,0.1,test,client_3,9,36,621,657,True,0.4524065127929862
Tox21,fedavg_proto,0.5,1,0,200,16,16,0.1,test,client_3,10,93,485,578,True,0.657931493182574
Tox21,fedavg_proto,0.5,1,0,200,16,16,0.1,test,client_3,11,48,624,672,True,0.3634481837606838
Tox21,fedavg_proto,0.5,1,1,200,16,16,0.1,val,server,0,31,696,727,True,0.2613552094920282
Tox21,fedavg_proto,0.5,1,1,200,16,16,0.1,val,server,1,23,652,675,True,0.3552947452654041
Tox21,fedavg_proto,0.5,1,1,200,16,16,0.1,val,server,2,74,567,641,True,0.7729634396301064
Tox21,fedavg_proto,0.5,1,1,200,16,16,0.1,val,server,3,19,546,565,True,0.7019471756313862
Tox21,fedavg_proto,0.5,1,1,200,16,16,0.1,val,server,4,82,541,623,True,0.5628916640367883
Tox21,fedavg_proto,0.5,1,1,200,16,16,0.1,val,server,5,30,657,687,True,0.545459157787925
Tox21,fedavg_proto,0.5,1,1,200,16,16,0.1,val,server,6,21,612,633,True,0.4726890756302521
Tox21,fedavg_proto,0.5,1,1,200,16,16,0.1,val,server,7,96,492,588,True,0.6168487466124661
Tox21,fedavg_proto,0.5,1,1,200,16,16,0.1,val,server,8,30,677,707,True,0.6712456917774495
Tox21,fedavg_proto,0.5,1,1,200,16,16,0.1,val,server,9,45,603,648,True,0.5585037774092502
Tox21,fedavg_proto,0.5,1,1,200,16,16,0.1,val,server,10,92,495,587,True,0.6956082564778218
Tox21,fedavg_proto,0.5,1,1,200,16,16,0.1,val,server,11,42,636,678,True,0.6398622342018568
Tox21,fedavg_proto,0.5,1,1,200,16,16,0.1,val,client_0,0,31,696,727,True,0.24082313681868742
Tox21,fedavg_proto,0.5,1,1,200,16,16,0.1,val,client_0,1,23,652,675,True,0.7627367297946119
Tox21,fedavg_proto,0.5,1,1,200,16,16,0.1,val,client_0,2,74,567,641,True,0.7736665236665238
Tox21,fedavg_proto,0.5,1,1,200,16,16,0.1,val,client_0,3,19,546,565,True,0.6994409099672256
Tox21,fedavg_proto,0.5,1,1,200,16,16,0.1,val,client_0,4,82,541,623,True,0.5650105946530815
Tox21,fedavg_proto,0.5,1,1,200,16,16,0.1,val,client_0,5,30,657,687,True,0.5380010147133435
Tox21,fedavg_proto,0.5,1,1,200,16,16,0.1,val,client_0,6,21,612,633,True,0.4772798008092126
Tox21,fedavg_proto,0.5,1,1,200,16,16,0.1,val,client_0,7,96,492,588,True,0.6156313516260162
Tox21,fedavg_proto,0.5,1,1,200,16,16,0.1,val,client_0,8,30,677,707,True,0.6563269325455441
Tox21,fedavg_proto,0.5,1,1,200,16,16,0.1,val,client_0,9,45,603,648,True,0.573668693569191
Tox21,fedavg_proto,0.5,1,1,200,16,16,0.1,val,client_0,10,92,495,587,True,0.6925889328063242
Tox21,fedavg_proto,0.5,1,1,200,16,16,0.1,val,client_0,11,42,636,678,True,0.6234276729559748
Tox21,fedavg_proto,0.5,1,1,200,16,16,0.1,val,client_1,0,31,696,727,True,0.32948646644419727
Tox21,fedavg_proto,0.5,1,1,200,16,16,0.1,val,client_1,1,23,652,675,True,0.3495598826353694
Tox21,fedavg_proto,0.5,1,1,200,16,16,0.1,val,client_1,2,74,567,641,True,0.7782306115639449
Tox21,fedavg_proto,0.5,1,1,200,16,16,0.1,val,client_1,3,19,546,565,True,0.6897050318102949
Tox21,fedavg_proto,0.5,1,1,200,16,16,0.1,val,client_1,4,82,541,623,True,0.5621928677697128
Tox21,fedavg_proto,0.5,1,1,200,16,16,0.1,val,client_1,5,30,657,687,True,0.5489091831557584
Tox21,fedavg_proto,0.5,1,1,200,16,16,0.1,val,client_1,6,21,612,633,True,0.4846716464363523
Tox21,fedavg_proto,0.5,1,1,200,16,16,0.1,val,client_1,7,96,492,588,True,0.6320926490514905
Tox21,fedavg_proto,0.5,1,1,200,16,16,0.1,val,client_1,8,30,677,707,True,0.6880354505169868
Tox21,fedavg_proto,0.5,1,1,200,16,16,0.1,val,client_1,9,45,603,648,True,0.5642528100239543
Tox21,fedavg_proto,0.5,1,1,200,16,16,0.1,val,client_1,10,92,495,587,True,0.7173254281949933
Tox21,fedavg_proto,0.5,1,1,200,16,16,0.1,val,client_1,11,42,636,678,True,0.6533018867924528
Tox21,fedavg_proto,0.5,1,1,200,16,16,0.1,val,client_2,0,31,696,727,True,0.3512235817575084
Tox21,fedavg_proto,0.5,1,1,200,16,16,0.1,val,client_2,1,23,652,675,True,0.35522806081621766
Tox21,fedavg_proto,0.5,1,1,200,16,16,0.1,val,client_2,2,74,567,641,True,0.7792792792792793
Tox21,fedavg_proto,0.5,1,1,200,16,16,0.1,val,client_2,3,19,546,565,True,0.6830537883169462
Tox21,fedavg_proto,0.5,1,1,200,16,16,0.1,val,client_2,4,82,541,623,True,0.5509895856814391
Tox21,fedavg_proto,0.5,1,1,200,16,16,0.1,val,client_2,5,30,657,687,True,0.5512430238457636
Tox21,fedavg_proto,0.5,1,1,200,16,16,0.1,val,client_2,6,21,612,633,True,0.48373793962029255
Tox21,fedavg_proto,0.5,1,1,200,16,16,0.1,val,client_2,7,96,492,588,True,0.6369092987804879
Tox21,fedavg_proto,0.5,1,1,200,16,16,0.1,val,client_2,8,30,677,707,True,0.686656819300837
Tox21,fedavg_proto,0.5,1,1,200,16,16,0.1,val,client_2,9,45,603,648,True,0.564989865487378
Tox21,fedavg_proto,0.5,1,1,200,16,16,0.1,val,client_2,10,92,495,587,True,0.7147123407992974
Tox21,fedavg_proto,0.5,1,1,200,16,16,0.1,val,client_2,11,42,636,678,True,0.6584681042228212
Tox21,fedavg_proto,0.5,1,1,200,16,16,0.1,val,client_3,0,31,696,727,True,0.3259176863181313
Tox21,fedavg_proto,0.5,1,1,200,16,16,0.1,val,client_3,1,23,652,675,True,0.3959722592691384
Tox21,fedavg_proto,0.5,1,1,200,16,16,0.1,val,client_3,2,74,567,641,True,0.7596167596167597
Tox21,fedavg_proto,0.5,1,1,200,16,16,0.1,val,client_3,3,19,546,565,True,0.6676306149990361
Tox21,fedavg_proto,0.5,1,1,200,16,16,0.1,val,client_3,4,82,541,623,True,0.5471574771200578
Tox21,fedavg_proto,0.5,1,1,200,16,16,0.1,val,client_3,5,30,657,687,True,0.5418061897513953
Tox21,fedavg_proto,0.5,1,1,200,16,16,0.1,val,client_3,6,21,612,633,True,0.4596171802054155
Tox21,fedavg_proto,0.5,1,1,200,16,16,0.1,val,client_3,7,96,492,588,True,0.6108570460704607
Tox21,fedavg_proto,0.5,1,1,200,16,16,0.1,val,client_3,8,30,677,707,True,0.6692269817823732
Tox21,fedavg_proto,0.5,1,1,200,16,16,0.1,val,client_3,9,45,603,648,True,0.5527178920213746
Tox21,fedavg_proto,0.5,1,1,200,16,16,0.1,val,client_3,10,92,495,587,True,0.6895476504172156
Tox21,fedavg_proto,0.5,1,1,200,16,16,0.1,val,client_3,11,42,636,678,True,0.6295297993411201
Tox21,fedavg_proto,0.5,1,1,200,16,16,0.1,test,server,0,32,693,725,True,0.24751984126984128
Tox21,fedavg_proto,0.5,1,1,200,16,16,0.1,test,server,1,33,646,679,True,0.454803452481471
Tox21,fedavg_proto,0.5,1,1,200,16,16,0.1,test,server,2,77,572,649,True,0.7800040868222686
Tox21,fedavg_proto,0.5,1,1,200,16,16,0.1,test,server,3,38,538,576,True,0.5605556642535707
Tox21,fedavg_proto,0.5,1,1,200,16,16,0.1,test,server,4,80,531,611,True,0.5922551789077213
Tox21,fedavg_proto,0.5,1,1,200,16,16,0.1,test,server,5,34,647,681,True,0.5402536594235839
Tox21,fedavg_proto,0.5,1,1,200,16,16,0.1,test,server,6,21,617,638,True,0.6574824419232848
Tox21,fedavg_proto,0.5,1,1,200,16,16,0.1,test,server,7,95,494,589,True,0.5896228425314298
Tox21,fedavg_proto,0.5,1,1,200,16,16,0.1,test,server,8,32,670,702,True,0.6793843283582089
Tox21,fedavg_proto,0.5,1,1,200,16,16,0.1,test,server,9,36,621,657,True,0.4718196457326892
Tox21,fedavg_proto,0.5,1,1,200,16,16,0.1,test,server,10,93,485,578,True,0.6654916306396188
Tox21,fedavg_proto,0.5,1,1,200,16,16,0.1,test,server,11,48,624,672,True,0.6069878472222222
Tox21,fedavg_proto,0.5,1,1,200,16,16,0.1,test,client_0,0,32,693,725,True,0.221613455988456
Tox21,fedavg_proto,0.5,1,1,200,16,16,0.1,test,client_0,1,33,646,679,True,0.619382681302186
Tox21,fedavg_proto,0.5,1,1,200,16,16,0.1,test,client_0,2,77,572,649,True,0.7837389882844428
Tox21,fedavg_proto,0.5,1,1,200,16,16,0.1,test,client_0,3,38,538,576,True,0.5535120328702798
Tox21,fedavg_proto,0.5,1,1,200,16,16,0.1,test,client_0,4,80,531,611,True,0.5984934086629001
Tox21,fedavg_proto,0.5,1,1,200,16,16,0.1,test,client_0,5,34,647,681,True,0.5519138103463952
Tox21,fedavg_proto,0.5,1,1,200,16,16,0.1,test,client_0,6,21,617,638,True,0.38056648915644053
Tox21,fedavg_proto,0.5,1,1,200,16,16,0.1,test,client_0,7,95,494,589,True,0.5828894097592159
Tox21,fedavg_proto,0.5,1,1,200,16,16,0.1,test,client_0,8,32,670,702,True,0.6777985074626866
Tox21,fedavg_proto,0.5,1,1,200,16,16,0.1,test,client_0,9,36,621,657,True,0.5001789228842368
Tox21,fedavg_proto,0.5,1,1,200,16,16,0.1,test,client_0,10,93,485,578,True,0.6678860436758673
Tox21,fedavg_proto,0.5,1,1,200,16,16,0.1,test,client_0,11,48,624,672,True,0.6066539797008547
Tox21,fedavg_proto,0.5,1,1,200,16,16,0.1,test,client_1,0,32,693,725,True,0.3092532467532467
Tox21,fedavg_proto,0.5,1,1,200,16,16,0.1,test,client_1,1,33,646,679,True,0.45421709353597906
Tox21,fedavg_proto,0.5,1,1,200,16,16,0.1,test,client_1,2,77,572,649,True,0.77279538643175
Tox21,fedavg_proto,0.5,1,1,200,16,16,0.1,test,client_1,3,38,538,576,True,0.5798767364507924
Tox21,fedavg_proto,0.5,1,1,200,16,16,0.1,test,client_1,4,80,531,611,True,0.5923258003766478
Tox21,fedavg_proto,0.5,1,1,200,16,16,0.1,test,client_1,5,34,647,681,True,0.5423674879534504
Tox21,fedavg_proto,0.5,1,1,200,16,16,0.1,test,client_1,6,21,617,638,True,0.6582542255151655
Tox21,fedavg_proto,0.5,1,1,200,16,16,0.1,test,client_1,7,95,494,589,True,0.6022373748135521
Tox21,fedavg_proto,0.5,1,1,200,16,16,0.1,test,client_1,8,32,670,702,True,0.6880597014925373
Tox21,fedavg_proto,0.5,1,1,200,16,16,0.1,test,client_1,9,36,621,657,True,0.48385220969762033
Tox21,fedavg_proto,0.5,1,1,200,16,16,0.1,test,client_1,10,93,485,578,True,0.693825518235229
Tox21,fedavg_proto,0.5,1,1,200,16,16,0.1,test,client_1,11,48,624,672,True,0.6125801282051282
Tox21,fedavg_proto,0.5,1,1,200,16,16,0.1,test,client_2,0,32,693,725,True,0.33040223665223667
Tox21,fedavg_proto,0.5,1,1,200,16,16,0.1,test,client_2,1,33,646,679,True,0.45656252931794733
Tox21,fedavg_proto,0.5,1,1,200,16,16,0.1,test,client_2,2,77,572,649,True,0.7699800199800201
Tox21,fedavg_proto,0.5,1,1,200,16,16,0.1,test,client_2,3,38,538,576,True,0.5806104480532185
Tox21,fedavg_proto,0.5,1,1,200,16,16,0.1,test,client_2,4,80,531,611,True,0.5859227871939736
Tox21,fedavg_proto,0.5,1,1,200,16,16,0.1,test,client_2,5,34,647,681,True,0.5336848804436767
Tox21,fedavg_proto,0.5,1,1,200,16,16,0.1,test,client_2,6,21,617,638,True,0.6589874199274522
Tox21,fedavg_proto,0.5,1,1,200,16,16,0.1,test,client_2,7,95,494,589,True,0.6112081823993181
Tox21,fedavg_proto,0.5,1,1,200,16,16,0.1,test,client_2,8,32,670,702,True,0.6867070895522388
Tox21,fedavg_proto,0.5,1,1,200,16,16,0.1,test,client_2,9,36,621,657,True,0.48881731973519416
Tox21,fedavg_proto,0.5,1,1,200,16,16,0.1,test,client_2,10,93,485,578,True,0.7019177474781066
Tox21,fedavg_proto,0.5,1,1,200,16,16,0.1,test,client_2,11,48,624,672,True,0.6109441773504274
Tox21,fedavg_proto,0.5,1,1,200,16,16,0.1,test,client_3,0,32,693,725,True,0.2835948773448773
Tox21,fedavg_proto,0.5,1,1,200,16,16,0.1,test,client_3,1,33,646,679,True,0.4856928417299934
Tox21,fedavg_proto,0.5,1,1,200,16,16,0.1,test,client_3,2,77,572,649,True,0.7636908545999455
Tox21,fedavg_proto,0.5,1,1,200,16,16,0.1,test,client_3,3,38,538,576,True,0.5452455488162786
Tox21,fedavg_proto,0.5,1,1,200,16,16,0.1,test,client_3,4,80,531,611,True,0.5761534839924671
Tox21,fedavg_proto,0.5,1,1,200,16,16,0.1,test,client_3,5,34,647,681,True,0.5259569051731976
Tox21,fedavg_proto,0.5,1,1,200,16,16,0.1,test,client_3,6,21,617,638,True,0.6612255923439068
Tox21,fedavg_proto,0.5,1,1,200,16,16,0.1,test,client_3,7,95,494,589,True,0.583763051353079
Tox21,fedavg_proto,0.5,1,1,200,16,16,0.1,test,client_3,8,32,670,702,True,0.6721781716417911
Tox21,fedavg_proto,0.5,1,1,200,16,16,0.1,test,client_3,9,36,621,657,True,0.4716854535695115
Tox21,fedavg_proto,0.5,1,1,200,16,16,0.1,test,client_3,10,93,485,578,True,0.6653142667110078
Tox21,fedavg_proto,0.5,1,1,200,16,16,0.1,test,client_3,11,48,624,672,True,0.5867721688034188
Tox21,fedavg_proto,0.5,1,2,200,16,16,0.1,val,server,0,31,696,727,True,0.36188357434186136
Tox21,fedavg_proto,0.5,1,2,200,16,16,0.1,val,server,1,23,652,675,True,0.3608962389970659
Tox21,fedavg_proto,0.5,1,2,200,16,16,0.1,val,server,2,74,567,641,True,0.7770389437056103
Tox21,fedavg_proto,0.5,1,2,200,16,16,0.1,val,server,3,19,546,565,True,0.6961634856371698
Tox21,fedavg_proto,0.5,1,2,200,16,16,0.1,val,server,4,82,541,623,True,0.5529056399621297
Tox21,fedavg_proto,0.5,1,2,200,16,16,0.1,val,server,5,30,657,687,True,0.5546930492135971
Tox21,fedavg_proto,0.5,1,2,200,16,16,0.1,val,server,6,21,612,633,True,0.48459383753501406
Tox21,fedavg_proto,0.5,1,2,200,16,16,0.1,val,server,7,96,492,588,True,0.6371951219512194
Tox21,fedavg_proto,0.5,1,2,200,16,16,0.1,val,server,8,30,677,707,True,0.6891678975873954
Tox21,fedavg_proto,0.5,1,2,200,16,16,0.1,val,server,9,45,603,648,True,0.5720287451630736
Tox21,fedavg_proto,0.5,1,2,200,16,16,0.1,val,server,10,92,495,587,True,0.7231005709266579
Tox21,fedavg_proto,0.5,1,2,200,16,16,0.1,val,server,11,42,636,678,True,0.6598158131176999
Tox21,fedavg_proto,0.5,1,2,200,16,16,0.1,val,client_0,0,31,696,727,True,0.31836299592139417
Tox21,fedavg_proto,0.5,1,2,200,16,16,0.1,val,client_0,1,23,652,675,True,0.3330888236863163
Tox21,fedavg_proto,0.5,1,2,200,16,16,0.1,val,client_0,2,74,567,641,True,0.785166118499452
Tox21,fedavg_proto,0.5,1,2,200,16,16,0.1,val,client_0,3,19,546,565,True,0.6890302679776363
Tox21,fedavg_proto,0.5,1,2,200,16,16,0.1,val,client_0,4,82,541,623,True,0.5510797529417069
Tox21,fedavg_proto,0.5,1,2,200,16,16,0.1,val,client_0,5,30,657,687,True,0.5446981227803146
Tox21,fedavg_proto,0.5,1,2,200,16,16,0.1,val,client_0,6,21,612,633,True,0.48521630874572047
Tox21,fedavg_proto,0.5,1,2,200,16,16,0.1,val,client_0,7,96,492,588,True,0.6377667682926829
Tox21,fedavg_proto,0.5,1,2,200,16,16,0.1,val,client_0,8,30,677,707,True,0.6841949778434269
Tox21,fedavg_proto,0.5,1,2,200,16,16,0.1,val,client_0,9,45,603,648,True,0.5715496591118482
Tox21,fedavg_proto,0.5,1,2,200,16,16,0.1,val,client_0,10,92,495,587,True,0.7157224418093984
Tox21,fedavg_proto,0.5,1,2,200,16,16,0.1,val,client_0,11,42,636,678,True,0.6622491764001198
Tox21,fedavg_proto,0.5,1,2,200,16,16,0.1,val,client_1,0,31,696,727,True,0.3686967000370782
Tox21,fedavg_proto,0.5,1,2,200,16,16,0.1,val,client_1,1,23,652,675,True,0.35622832755401435
Tox21,fedavg_proto,0.5,1,2,200,16,16,0.1,val,client_1,2,74,567,641,True,0.7675056008389343
Tox21,fedavg_proto,0.5,1,2,200,16,16,0.1,val,client_1,3,19,546,565,True,0.708598419124735
Tox21,fedavg_proto,0.5,1,2,200,16,16,0.1,val,client_1,4,82,541,623,True,0.5665208962625671
Tox21,fedavg_proto,0.5,1,2,200,16,16,0.1,val,client_1,5,30,657,687,True,0.5534246575342465
Tox21,fedavg_proto,0.5,1,2,200,16,16,0.1,val,client_1,6,21,612,633,True,0.48918456271397437
Tox21,fedavg_proto,0.5,1,2,200,16,16,0.1,val,client_1,7,96,492,588,True,0.62866277100271
Tox21,fedavg_proto,0.5,1,2,200,16,16,0.1,val,client_1,8,30,677,707,True,0.7089118660758247
Tox21,fedavg_proto,0.5,1,2,200,16,16,0.1,val,client_1,9,45,603,648,True,0.5532338308457712
Tox21,fedavg_proto,0.5,1,2,200,16,16,0.1,val,client_1,10,92,495,587,True,0.7160298638559508
Tox21,fedavg_proto,0.5,1,2,200,16,16,0.1,val,client_1,11,42,636,678,True,0.6568957771787961
Tox21,fedavg_proto,0.5,1,2,200,16,16,0.1,val,client_2,0,31,696,727,True,0.3916852057842047
Tox21,fedavg_proto,0.5,1,2,200,16,16,0.1,val,client_2,1,23,652,675,True,0.35942918111496397
Tox21,fedavg_proto,0.5,1,2,200,16,16,0.1,val,client_2,2,74,567,641,True,0.7781829448496116
Tox21,fedavg_proto,0.5,1,2,200,16,16,0.1,val,client_2,3,19,546,565,True,0.6528822055137845
Tox21,fedavg_proto,0.5,1,2,200,16,16,0.1,val,client_2,4,82,541,623,True,0.5455795500653713
Tox21,fedavg_proto,0.5,1,2,200,16,16,0.1,val,client_2,5,30,657,687,True,0.5490106544901066
Tox21,fedavg_proto,0.5,1,2,200,16,16,0.1,val,client_2,6,21,612,633,True,0.5002334267040149
Tox21,fedavg_proto,0.5,1,2,200,16,16,0.1,val,client_2,7,96,492,588,True,0.6484798441734417
Tox21,fedavg_proto,0.5,1,2,200,16,16,0.1,val,client_2,8,30,677,707,True,0.6939438700147711
Tox21,fedavg_proto,0.5,1,2,200,16,16,0.1,val,client_2,9,45,603,648,True,0.5666850930532523
Tox21,fedavg_proto,0.5,1,2,200,16,16,0.1,val,client_2,10,92,495,587,True,0.7095300834431268
Tox21,fedavg_proto,0.5,1,2,200,16,16,0.1,val,client_2,11,42,636,678,True,0.6592542677448338
Tox21,fedavg_proto,0.5,1,2,200,16,16,0.1,val,client_3,0,31,696,727,True,0.38375973303670746
Tox21,fedavg_proto,0.5,1,2,200,16,16,0.1,val,client_3,1,23,652,675,True,0.34755934915977593
Tox21,fedavg_proto,0.5,1,2,200,16,16,0.1,val,client_3,2,74,567,641,True,0.7804471137804471
Tox21,fedavg_proto,0.5,1,2,200,16,16,0.1,val,client_3,3,19,546,565,True,0.6640640061692693
Tox21,fedavg_proto,0.5,1,2,200,16,16,0.1,val,client_3,4,82,541,623,True,0.5444975429421577
Tox21,fedavg_proto,0.5,1,2,200,16,16,0.1,val,client_3,5,30,657,687,True,0.5521055301877219
Tox21,fedavg_proto,0.5,1,2,200,16,16,0.1,val,client_3,6,21,612,633,True,0.48739495798319327
Tox21,fedavg_proto,0.5,1,2,200,16,16,0.1,val,client_3,7,96,492,588,True,0.6313304539295392
Tox21,fedavg_proto,0.5,1,2,200,16,16,0.1,val,client_3,8,30,677,707,True,0.6889709502708026
Tox21,fedavg_proto,0.5,1,2,200,16,16,0.1,val,client_3,9,45,603,648,True,0.5680117928874148
Tox21,fedavg_proto,0.5,1,2,200,16,16,0.1,val,client_3,10,92,495,587,True,0.7123188405797102
Tox21,fedavg_proto,0.5,1,2,200,16,16,0.1,val,client_3,11,42,636,678,True,0.6559973045822103
Tox21,fedavg_proto,0.5,1,2,200,16,16,0.1,test,server,0,32,693,725,True,0.3445165945165945
Tox21,fedavg_proto,0.5,1,2,200,16,16,0.1,test,server,1,33,646,679,True,0.45675016418050474
Tox21,fedavg_proto,0.5,1,2,200,16,16,0.1,test,server,2,77,572,649,True,0.7685042230496777
Tox21,fedavg_proto,0.5,1,2,200,16,16,0.1,test,server,3,38,538,576,True,0.5840833496380355
Tox21,fedavg_proto,0.5,1,2,200,16,16,0.1,test,server,4,80,531,611,True,0.5884180790960453
Tox21,fedavg_proto,0.5,1,2,200,16,16,0.1,test,server,5,34,647,681,True,0.5326847895263205
Tox21,fedavg_proto,0.5,1,2,200,16,16,0.1,test,server,6,21,617,638,True,0.6626533919888863
Tox21,fedavg_proto,0.5,1,2,200,16,16,0.1,test,server,7,95,494,589,True,0.6135947155337738
Tox21,fedavg_proto,0.5,1,2,200,16,16,0.1,test,server,8,32,670,702,True,0.6821361940298507
Tox21,fedavg_proto,0.5,1,2,200,16,16,0.1,test,server,9,36,621,657,True,0.49548219717301845
Tox21,fedavg_proto,0.5,1,2,200,16,16,0.1,test,server,10,93,485,578,True,0.7087462587296309
Tox21,fedavg_proto,0.5,1,2,200,16,16,0.1,test,server,11,48,624,672,True,0.6077056623931624
Tox21,fedavg_proto,0.5,1,2,200,16,16,0.1,test,client_0,0,32,693,725,True,0.29721320346320346
Tox21,fedavg_proto,0.5,1,2,200,16,16,0.1,test,client_0,1,33,646,679,True,0.44178628389154706
Tox21,fedavg_proto,0.5,1,2,200,16,16,0.1,test,client_0,2,77,572,649,True,0.7744641721914449
Tox21,fedavg_proto,0.5,1,2,200,16,16,0.1,test,client_0,3,38,538,576,True,0.5905400117393856
Tox21,fedavg_proto,0.5,1,2,200,16,16,0.1,test,client_0,4,80,531,611,True,0.5840630885122411
Tox21,fedavg_proto,0.5,1,2,200,16,16,0.1,test,client_0,5,34,647,681,True,0.5464133103009363
Tox21,fedavg_proto,0.5,1,2,200,16,16,0.1,test,client_0,6,21,617,638,True,0.6628077487072626
Tox21,fedavg_proto,0.5,1,2,200,16,16,0.1,test,client_0,7,95,494,589,True,0.6147879821010015
Tox21,fedavg_proto,0.5,1,2,200,16,16,0.1,test,client_0,8,32,670,702,True,0.6969216417910448
Tox21,fedavg_proto,0.5,1,2,200,16,16,0.1,test,client_0,9,36,621,657,True,0.5029522275899088
Tox21,fedavg_proto,0.5,1,2,200,16,16,0.1,test,client_0,10,93,485,578,True,0.6979714000665114
Tox21,fedavg_proto,0.5,1,2,200,16,16,0.1,test,client_0,11,48,624,672,True,0.6222956730769231
Tox21,fedavg_proto,0.5,1,2,200,16,16,0.1,test,client_1,0,32,693,725,True,0.34871031746031744
Tox21,fedavg_proto,0.5,1,2,200,16,16,0.1,test,client_1,1,33,646,679,True,0.4477905994933859
Tox21,fedavg_proto,0.5,1,2,200,16,16,0.1,test,client_1,2,77,572,649,True,0.7609890109890111
Tox21,fedavg_proto,0.5,1,2,200,16,16,0.1,test,client_1,3,38,538,576,True,0.5678438661710037
Tox21,fedavg_proto,0.5,1,2,200,16,16,0.1,test,client_1,4,80,531,611,True,0.5822975517890772
Tox21,fedavg_proto,0.5,1,2,200,16,16,0.1,test,client_1,5,34,647,681,True,0.5271388308028002
Tox21,fedavg_proto,0.5,1,2,200,16,16,0.1,test,client_1,6,21,617,638,True,0.6615728949602531
Tox21,fedavg_proto,0.5,1,2,200,16,16,0.1,test,client_1,7,95,494,589,True,0.5987428084380992
Tox21,fedavg_proto,0.5,1,2,200,16,16,0.1,test,client_1,8,32,670,702,True,0.6892723880597015
Tox21,fedavg_proto,0.5,1,2,200,16,16,0.1,test,client_1,9,36,621,657,True,0.48273394167113975
Tox21,fedavg_proto,0.5,1,2,200,16,16,0.1,test,client_1,10,93,485,578,True,0.6824520563130473
Tox21,fedavg_proto,0.5,1,2,200,16,16,0.1,test,client_1,11,48,624,672,True,0.6062032585470085
Tox21,fedavg_proto,0.5,1,2,200,16,16,0.1,test,client_2,0,32,693,725,True,0.396780303030303
Tox21,fedavg_proto,0.5,1,2,200,16,16,0.1,test,client_2,1,33,646,679,True,0.45928323482503053
Tox21,fedavg_proto,0.5,1,2,200,16,16,0.1,test,client_2,2,77,572,649,True,0.765189356098447
Tox21,fedavg_proto,0.5,1,2,200,16,16,0.1,test,client_2,3,38,538,576,True,0.5651535902954411
Tox21,fedavg_proto,0.5,1,2,200,16,16,0.1,test,client_2,4,80,531,611,True,0.6031073446327683
Tox21,fedavg_proto,0.5,1,2,200,16,16,0.1,test,client_2,5,34,647,681,True,0.5362305664151287
Tox21,fedavg_proto,0.5,1,2,200,16,16,0.1,test,client_2,6,21,617,638,True,0.6520799567801189
Tox21,fedavg_proto,0.5,1,2,200,16,16,0.1,test,client_2,7,95,494,589,True,0.6268484977626252
Tox21,fedavg_proto,0.5,1,2,200,16,16,0.1,test,client_2,8,32,670,702,True,0.666884328358209
Tox21,fedavg_proto,0.5,1,2,200,16,16,0.1,test,client_2,9,36,621,657,True,0.4934245840042942
Tox21,fedavg_proto,0.5,1,2,200,16,16,0.1,test,client_2,10,93,485,578,True,0.6914532756900565
Tox21,fedavg_proto,0.5,1,2,200,16,16,0.1,test,client_2,11,48,624,672,True,0.6024639423076923
Tox21,fedavg_proto,0.5,1,2,200,16,16,0.1,test,client_3,0,32,693,725,True,0.38983585858585856
Tox21,fedavg_proto,0.5,1,2,200,16,16,0.1,test,client_3,1,33,646,679,True,0.4484004127966976
Tox21,fedavg_proto,0.5,1,2,200,16,16,0.1,test,client_3,2,77,572,649,True,0.7754064117700481
Tox21,fedavg_proto,0.5,1,2,200,16,16,0.1,test,client_3,3,38,538,576,True,0.562267657992565
Tox21,fedavg_proto,0.5,1,2,200,16,16,0.1,test,client_3,4,80,531,611,True,0.5772128060263653
Tox21,fedavg_proto,0.5,1,2,200,16,16,0.1,test,client_3,5,34,647,681,True,0.5274115828711701
Tox21,fedavg_proto,0.5,1,2,200,16,16,0.1,test,client_3,6,21,617,638,True,0.6538550590414447
Tox21,fedavg_proto,0.5,1,2,200,16,16,0.1,test,client_3,7,95,494,589,True,0.6115278073726828
Tox21,fedavg_proto,0.5,1,2,200,16,16,0.1,test,client_3,8,32,670,702,True,0.6807835820895523
Tox21,fedavg_proto,0.5,1,2,200,16,16,0.1,test,client_3,9,36,621,657,True,0.4951243514045446
Tox21,fedavg_proto,0.5,1,2,200,16,16,0.1,test,client_3,10,93,485,578,True,0.689014521671655
Tox21,fedavg_proto,0.5,1,2,200,16,16,0.1,test,client_3,11,48,624,672,True,0.6028979700854701
Tox21,fedavg_proto,0.5,1,3,200,16,16,0.1,val,server,0,31,696,727,True,0.39085094549499444
Tox21,fedavg_proto,0.5,1,3,200,16,16,0.1,val,server,1,23,652,675,True,0.36669778607628706
Tox21,fedavg_proto,0.5,1,3,200,16,16,0.1,val,server,2,74,567,641,True,0.7801849468516135
Tox21,fedavg_proto,0.5,1,3,200,16,16,0.1,val,server,3,19,546,565,True,0.7023327549643339
Tox21,fedavg_proto,0.5,1,3,200,16,16,0.1,val,server,4,82,541,623,True,0.5598259771876832
Tox21,fedavg_proto,0.5,1,3,200,16,16,0.1,val,server,5,30,657,687,True,0.5570268899036022
Tox21,fedavg_proto,0.5,1,3,200,16,16,0.1,val,server,6,21,612,633,True,0.48755057578586986
Tox21,fedavg_proto,0.5,1,3,200,16,16,0.1,val,server,7,96,492,588,True,0.6404132791327913
Tox21,fedavg_proto,0.5,1,3,200,16,16,0.1,val,server,8,30,677,707,True,0.6948301329394387
Tox21,fedavg_proto,0.5,1,3,200,16,16,0.1,val,server,9,45,603,648,True,0.5719918923899023
Tox21,fedavg_proto,0.5,1,3,200,16,16,0.1,val,server,10,92,495,587,True,0.7319279754062362
Tox21,fedavg_proto,0.5,1,3,200,16,16,0.1,val,server,11,42,636,678,True,0.6645327942497754
Tox21,fedavg_proto,0.5,1,3,200,16,16,0.1,val,client_0,0,31,696,727,True,0.35340192806822396
Tox21,fedavg_proto,0.5,1,3,200,16,16,0.1,val,client_0,1,23,652,675,True,0.34609229127767405
Tox21,fedavg_proto,0.5,1,3,200,16,16,0.1,val,client_0,2,74,567,641,True,0.790695457362124
Tox21,fedavg_proto,0.5,1,3,200,16,16,0.1,val,client_0,3,19,546,565,True,0.7011760169654907
Tox21,fedavg_proto,0.5,1,3,200,16,16,0.1,val,client_0,4,82,541,623,True,0.5551823632838916
Tox21,fedavg_proto,0.5,1,3,200,16,16,0.1,val,client_0,5,30,657,687,True,0.5447488584474885
Tox21,fedavg_proto,0.5,1,3,200,16,16,0.1,val,client_0,6,21,612,633,True,0.46895424836601307
Tox21,fedavg_proto,0.5,1,3,200,16,16,0.1,val,client_0,7,96,492,588,True,0.643017445799458
Tox21,fedavg_proto,0.5,1,3,200,16,16,0.1,val,client_0,8,30,677,707,True,0.6773018217626784
Tox21,fedavg_proto,0.5,1,3,200,16,16,0.1,val,client_0,9,45,603,648,True,0.5716233646581905
Tox21,fedavg_proto,0.5,1,3,200,16,16,0.1,val,client_0,10,92,495,587,True,0.725274483970136
Tox21,fedavg_proto,0.5,1,3,200,16,16,0.1,val,client_0,11,42,636,678,True,0.6682015573525008
Tox21,fedavg_proto,0.5,1,3,200,16,16,0.1,val,client_1,0,31,696,727,True,0.4028550241008528
Tox21,fedavg_proto,0.5,1,3,200,16,16,0.1,val,client_1,1,23,652,675,True,0.36783142171245664
Tox21,fedavg_proto,0.5,1,3,200,16,16,0.1,val,client_1,2,74,567,641,True,0.774679441346108
Tox21,fedavg_proto,0.5,1,3,200,16,16,0.1,val,client_1,3,19,546,565,True,0.6989589358010411
Tox21,fedavg_proto,0.5,1,3,200,16,16,0.1,val,client_1,4,82,541,623,True,0.5622379513998468
Tox21,fedavg_proto,0.5,1,3,200,16,16,0.1,val,client_1,5,30,657,687,True,0.5556570268899036
Tox21,fedavg_proto,0.5,1,3,200,16,16,0.1,val,client_1,6,21,612,633,True,0.49447556800497977
Tox21,fedavg_proto,0.5,1,3,200,16,16,0.1,val,client_1,7,96,492,588,True,0.6444148035230352
Tox21,fedavg_proto,0.5,1,3,200,16,16,0.1,val,client_1,8,30,677,707,True,0.6969473165928115
Tox21,fedavg_proto,0.5,1,3,200,16,16,0.1,val,client_1,9,45,603,648,True,0.5697438732264603
Tox21,fedavg_proto,0.5,1,3,200,16,16,0.1,val,client_1,10,92,495,587,True,0.7413482652613087
Tox21,fedavg_proto,0.5,1,3,200,16,16,0.1,val,client_1,11,42,636,678,True,0.6642707397424379
Tox21,fedavg_proto,0.5,1,3,200,16,16,0.1,val,client_2,0,31,696,727,True,0.4016499814608825
Tox21,fedavg_proto,0.5,1,3,200,16,16,0.1,val,client_2,1,23,652,675,True,0.3888370232061883
Tox21,fedavg_proto,0.5,1,3,200,16,16,0.1,val,client_2,2,74,567,641,True,0.7762762762762763
Tox21,fedavg_proto,0.5,1,3,200,16,16,0.1,val,client_2,3,19,546,565,True,0.7123578176209755
Tox21,fedavg_proto,0.5,1,3,200,16,16,0.1,val,client_2,4,82,541,623,True,0.5605022316396917
Tox21,fedavg_proto,0.5,1,3,200,16,16,0.1,val,client_2,5,30,657,687,True,0.5665651953323185
Tox21,fedavg_proto,0.5,1,3,200,16,16,0.1,val,client_2,6,21,612,633,True,0.490818549642079
Tox21,fedavg_proto,0.5,1,3,200,16,16,0.1,val,client_2,7,96,492,588,True,0.6418106368563685
Tox21,fedavg_proto,0.5,1,3,200,16,16,0.1,val,client_2,8,30,677,707,True,0.696848842934515
Tox21,fedavg_proto,0.5,1,3,200,16,16,0.1,val,client_2,9,45,603,648,True,0.5693384927215773
Tox21,fedavg_proto,0.5,1,3,200,16,16,0.1,val,client_2,10,92,495,587,True,0.7332454984628897
Tox21,fedavg_proto,0.5,1,3,200,16,16,0.1,val,client_2,11,42,636,678,True,0.6637091943695718
Tox21,fedavg_proto,0.5,1,3,200,16,16,0.1,val,client_3,0,31,696,727,True,0.41193919169447535
Tox21,fedavg_proto,0.5,1,3,200,16,16,0.1,val,client_3,1,23,652,675,True,0.36836489730594824
Tox21,fedavg_proto,0.5,1,3,200,16,16,0.1,val,client_3,2,74,567,641,True,0.7728204394871061
Tox21,fedavg_proto,0.5,1,3,200,16,16,0.1,val,client_3,3,19,546,565,True,0.6771737034894929
Tox21,fedavg_proto,0.5,1,3,200,16,16,0.1,val,client_3,4,82,541,623,True,0.5572336684549839
Tox21,fedavg_proto,0.5,1,3,200,16,16,0.1,val,client_3,5,30,657,687,True,0.5677321156773212
Tox21,fedavg_proto,0.5,1,3,200,16,16,0.1,val,client_3,6,21,612,633,True,0.4907407407407407
Tox21,fedavg_proto,0.5,1,3,200,16,16,0.1,val,client_3,7,96,492,588,True,0.6315845189701896
Tox21,fedavg_proto,0.5,1,3,200,16,16,0.1,val,client_3,8,30,677,707,True,0.700738552437223
Tox21,fedavg_proto,0.5,1,3,200,16,16,0.1,val,client_3,9,45,603,648,True,0.5626312880044223
Tox21,fedavg_proto,0.5,1,3,200,16,16,0.1,val,client_3,10,92,495,587,True,0.7261089152393501
Tox21,fedavg_proto,0.5,1,3,200,16,16,0.1,val,client_3,11,42,636,678,True,0.6626984126984128
Tox21,fedavg_proto,0.5,1,3,200,16,16,0.1,test,server,0,32,693,725,True,0.39046717171717177
Tox21,fedavg_proto,0.5,1,3,200,16,16,0.1,test,server,1,33,646,679,True,0.4613003095975232
Tox21,fedavg_proto,0.5,1,3,200,16,16,0.1,test,server,2,77,572,649,True,0.7738852057033875
Tox21,fedavg_proto,0.5,1,3,200,16,16,0.1,test,server,3,38,538,576,True,0.5853062023087459
Tox21,fedavg_proto,0.5,1,3,200,16,16,0.1,test,server,4,80,531,611,True,0.5943267419962335
Tox21,fedavg_proto,0.5,1,3,200,16,16,0.1,test,server,5,34,647,681,True,0.5372306573324848
Tox21,fedavg_proto,0.5,1,3,200,16,16,0.1,test,server,6,21,617,638,True,0.6635795322991433
Tox21,fedavg_proto,0.5,1,3,200,16,16,0.1,test,server,7,95,494,589,True,0.6150436820796932
Tox21,fedavg_proto,0.5,1,3,200,16,16,0.1,test,server,8,32,670,702,True,0.6783115671641791
Tox21,fedavg_proto,0.5,1,3,200,16,16,0.1,test,server,9,36,621,657,True,0.4973161567364466
Tox21,fedavg_proto,0.5,1,3,200,16,16,0.1,test,server,10,93,485,578,True,0.7107194324354286
Tox21,fedavg_proto,0.5,1,3,200,16,16,0.1,test,server,11,48,624,672,True,0.6116119123931625
Tox21,fedavg_proto,0.5,1,3,200,16,16,0.1,test,client_0,0,32,693,725,True,0.33585858585858586
Tox21,fedavg_proto,0.5,1,3,200,16,16,0.1,test,client_0,1,33,646,679,True,0.4506989398630266
Tox21,fedavg_proto,0.5,1,3,200,16,16,0.1,test,client_0,2,77,572,649,True,0.7766778675869584
Tox21,fedavg_proto,0.5,1,3,200,16,16,0.1,test,client_0,3,38,538,576,True,0.5896106437096459
Tox21,fedavg_proto,0.5,1,3,200,16,16,0.1,test,client_0,4,80,531,611,True,0.5817796610169491
Tox21,fedavg_proto,0.5,1,3,200,16,16,0.1,test,client_0,5,34,647,681,True,0.5460041821983816
Tox21,fedavg_proto,0.5,1,3,200,16,16,0.1,test,client_0,6,21,617,638,True,0.6592575441846106
Tox21,fedavg_proto,0.5,1,3,200,16,16,0.1,test,client_0,7,95,494,589,True,0.6230343064138077
Tox21,fedavg_proto,0.5,1,3,200,16,16,0.1,test,client_0,8,32,670,702,True,0.6892257462686567
Tox21,fedavg_proto,0.5,1,3,200,16,16,0.1,test,client_0,9,36,621,657,True,0.5145374843442476
Tox21,fedavg_proto,0.5,1,3,200,16,16,0.1,test,client_0,10,93,485,578,True,0.7065070391309168
Tox21,fedavg_proto,0.5,1,3,200,16,16,0.1,test,client_0,11,48,624,672,True,0.6282051282051282
Tox21,fedavg_proto,0.5,1,3,200,16,16,0.1,test,client_1,0,32,693,725,True,0.3985840548340548
Tox21,fedavg_proto,0.5,1,3,200,16,16,0.1,test,client_1,1,33,646,679,True,0.45778215592457083
Tox21,fedavg_proto,0.5,1,3,200,16,16,0.1,test,client_1,2,77,572,649,True,0.7676641540277905
Tox21,fedavg_proto,0.5,1,3,200,16,16,0.1,test,client_1,3,38,538,576,True,0.581980043044414
Tox21,fedavg_proto,0.5,1,3,200,16,16,0.1,test,client_1,4,80,531,611,True,0.5971751412429378
Tox21,fedavg_proto,0.5,1,3,200,16,16,0.1,test,client_1,5,34,647,681,True,0.5395945085916902
Tox21,fedavg_proto,0.5,1,3,200,16,16,0.1,test,client_1,6,21,617,638,True,0.6590260091070463
Tox21,fedavg_proto,0.5,1,3,200,16,16,0.1,test,client_1,7,95,494,589,True,0.6188578734285106
Tox21,fedavg_proto,0.5,1,3,200,16,16,0.1,test,client_1,8,32,670,702,True,0.6604477611940298
Tox21,fedavg_proto,0.5,1,3,200,16,16,0.1,test,client_1,9,36,621,657,True,0.49785292538915726
Tox21,fedavg_proto,0.5,1,3,200,16,16,0.1,test,client_1,10,93,485,578,True,0.7150648486863984
Tox21,fedavg_proto,0.5,1,3,200,16,16,0.1,test,client_1,11,48,624,672,True,0.6066372863247863
Tox21,fedavg_proto,0.5,1,3,200,16,16,0.1,test,client_2,0,32,693,725,True,0.41247294372294374
Tox21,fedavg_proto,0.5,1,3,200,16,16,0.1,test,client_2,1,33,646,679,True,0.4747162022703818
Tox21,fedavg_proto,0.5,1,3,200,16,16,0.1,test,client_2,2,77,572,649,True,0.7673689946417219
Tox21,fedavg_proto,0.5,1,3,200,16,16,0.1,test,client_2,3,38,538,576,True,0.5930835452944629
Tox21,fedavg_proto,0.5,1,3,200,16,16,0.1,test,client_2,4,80,531,611,True,0.603436911487759
Tox21,fedavg_proto,0.5,1,3,200,16,16,0.1,test,client_2,5,34,647,681,True,0.5382762069279026
Tox21,fedavg_proto,0.5,1,3,200,16,16,0.1,test,client_2,6,21,617,638,True,0.6554758045843946
Tox21,fedavg_proto,0.5,1,3,200,16,16,0.1,test,client_2,7,95,494,589,True,0.6191135734072022
Tox21,fedavg_proto,0.5,1,3,200,16,16,0.1,test,client_2,8,32,670,702,True,0.6631063432835821
Tox21,fedavg_proto,0.5,1,3,200,16,16,0.1,test,client_2,9,36,621,657,True,0.4835838253712651
Tox21,fedavg_proto,0.5,1,3,200,16,16,0.1,test,client_2,10,93,485,578,True,0.7148431437756345
Tox21,fedavg_proto,0.5,1,3,200,16,16,0.1,test,client_2,11,48,624,672,True,0.6019965277777778
Tox21,fedavg_proto,0.5,1,3,200,16,16,0.1,test,client_3,0,32,693,725,True,0.43199855699855694
Tox21,fedavg_proto,0.5,1,3,200,16,16,0.1,test,client_3,1,33,646,679,True,0.46927479125621546
Tox21,fedavg_proto,0.5,1,3,200,16,16,0.1,test,client_3,2,77,572,649,True,0.7759513214058669
Tox21,fedavg_proto,0.5,1,3,200,16,16,0.1,test,client_3,3,38,538,576,True,0.5739092154177264
Tox21,fedavg_proto,0.5,1,3,200,16,16,0.1,test,client_3,4,80,531,611,True,0.5849105461393597
Tox21,fedavg_proto,0.5,1,3,200,16,16,0.1,test,client_3,5,34,647,681,True,0.5503682152922993
Tox21,fedavg_proto,0.5,1,3,200,16,16,0.1,test,client_3,6,21,617,638,True,0.6635795322991433
Tox21,fedavg_proto,0.5,1,3,200,16,16,0.1,test,client_3,7,95,494,589,True,0.6094182825484764
Tox21,fedavg_proto,0.5,1,3,200,16,16,0.1,test,client_3,8,32,670,702,True,0.686054104477612
Tox21,fedavg_proto,0.5,1,3,200,16,16,0.1,test,client_3,9,36,621,657,True,0.49897119341563784
Tox21,fedavg_proto,0.5,1,3,200,16,16,0.1,test,client_3,10,93,485,578,True,0.6927613346635628
Tox21,fedavg_proto,0.5,1,3,200,16,16,0.1,test,client_3,11,48,624,672,True,0.6075387286324786
Tox21,fedavg_proto,0.5,1,4,200,16,16,0.1,val,server,0,31,696,727,True,0.3921950315164998
Tox21,fedavg_proto,0.5,1,4,200,16,16,0.1,val,server,1,23,652,675,True,0.37103227527340626
Tox21,fedavg_proto,0.5,1,4,200,16,16,0.1,val,server,2,74,567,641,True,0.7844034510701177
Tox21,fedavg_proto,0.5,1,4,200,16,16,0.1,val,server,3,19,546,565,True,0.699151725467515
Tox21,fedavg_proto,0.5,1,4,200,16,16,0.1,val,server,4,82,541,623,True,0.570555881159551
Tox21,fedavg_proto,0.5,1,4,200,16,16,0.1,val,server,5,30,657,687,True,0.5624556062912227
Tox21,fedavg_proto,0.5,1,4,200,16,16,0.1,val,server,6,21,612,633,True,0.4923747276688453
Tox21,fedavg_proto,0.5,1,4,200,16,16,0.1,val,server,7,96,492,588,True,0.6431868224932249
Tox21,fedavg_proto,0.5,1,4,200,16,16,0.1,val,server,8,30,677,707,True,0.7027080256031512
Tox21,fedavg_proto,0.5,1,4,200,16,16,0.1,val,server,9,45,603,648,True,0.5691173760825501
Tox21,fedavg_proto,0.5,1,4,200,16,16,0.1,val,server,10,92,495,587,True,0.7478260869565219
Tox21,fedavg_proto,0.5,1,4,200,16,16,0.1,val,server,11,42,636,678,True,0.6751272836178497
Tox21,fedavg_proto,0.5,1,4,200,16,16,0.1,val,client_0,0,31,696,727,True,0.3233685576566555
Tox21,fedavg_proto,0.5,1,4,200,16,16,0.1,val,client_0,1,23,652,675,True,0.34015737530008006
Tox21,fedavg_proto,0.5,1,4,200,16,16,0.1,val,client_0,2,74,567,641,True,0.7996567996567997
Tox21,fedavg_proto,0.5,1,4,200,16,16,0.1,val,client_0,3,19,546,565,True,0.7031039136302295
Tox21,fedavg_proto,0.5,1,4,200,16,16,0.1,val,client_0,4,82,541,623,True,0.5629367476669221
Tox21,fedavg_proto,0.5,1,4,200,16,16,0.1,val,client_0,5,30,657,687,True,0.5451547437848808
Tox21,fedavg_proto,0.5,1,4,200,16,16,0.1,val,client_0,6,21,612,633,True,0.4648303765950825
Tox21,fedavg_proto,0.5,1,4,200,16,16,0.1,val,client_0,7,96,492,588,True,0.6483739837398375
Tox21,fedavg_proto,0.5,1,4,200,16,16,0.1,val,client_0,8,30,677,707,True,0.6694239290989661
Tox21,fedavg_proto,0.5,1,4,200,16,16,0.1,val,client_0,9,45,603,648,True,0.5657269209508016
Tox21,fedavg_proto,0.5,1,4,200,16,16,0.1,val,client_0,10,92,495,587,True,0.7341897233201582
Tox21,fedavg_proto,0.5,1,4,200,16,16,0.1,val,client_0,11,42,636,678,True,0.67130877508236
Tox21,fedavg_proto,0.5,1,4,200,16,16,0.1,val,client_1,0,31,696,727,True,0.4185669262143122
Tox21,fedavg_proto,0.5,1,4,200,16,16,0.1,val,client_1,1,23,652,675,True,0.3835689517204588
Tox21,fedavg_proto,0.5,1,4,200,16,16,0.1,val,client_1,2,74,567,641,True,0.7512274178940845
Tox21,fedavg_proto,0.5,1,4,200,16,16,0.1,val,client_1,3,19,546,565,True,0.6731251204935416
Tox21,fedavg_proto,0.5,1,4,200,16,16,0.1,val,client_1,4,82,541,623,True,0.5808124070150129
Tox21,fedavg_proto,0.5,1,4,200,16,16,0.1,val,client_1,5,30,657,687,True,0.5602232369355657
Tox21,fedavg_proto,0.5,1,4,200,16,16,0.1,val,client_1,6,21,612,633,True,0.501244942421413
Tox21,fedavg_proto,0.5,1,4,200,16,16,0.1,val,client_1,7,96,492,588,True,0.6381478658536585
Tox21,fedavg_proto,0.5,1,4,200,16,16,0.1,val,client_1,8,30,677,707,True,0.7086164451009356
Tox21,fedavg_proto,0.5,1,4,200,16,16,0.1,val,client_1,9,45,603,648,True,0.5549659111848166
Tox21,fedavg_proto,0.5,1,4,200,16,16,0.1,val,client_1,10,92,495,587,True,0.770663153271849
Tox21,fedavg_proto,0.5,1,4,200,16,16,0.1,val,client_1,11,42,636,678,True,0.680293501048218
Tox21,fedavg_proto,0.5,1,4,200,16,16,0.1,val,client_2,0,31,696,727,True,0.4128197997775306
Tox21,fedavg_proto,0.5,1,4,200,16,16,0.1,val,client_2,1,23,652,675,True,0.3825020005334756
Tox21,fedavg_proto,0.5,1,4,200,16,16,0.1,val,client_2,2,74,567,641,True,0.7727489394156061
Tox21,fedavg_proto,0.5,1,4,200,16,16,0.1,val,client_2,3,19,546,565,True,0.703682282629651
Tox21,fedavg_proto,0.5,1,4,200,16,16,0.1,val,client_2,4,82,541,623,True,0.5709841756458229
Tox21,fedavg_proto,0.5,1,4,200,16,16,0.1,val,client_2,5,30,657,687,True,0.5682394723490614
Tox21,fedavg_proto,0.5,1,4,200,16,16,0.1,val,client_2,6,21,612,633,True,0.49992219109866165
Tox21,fedavg_proto,0.5,1,4,200,16,16,0.1,val,client_2,7,96,492,588,True,0.6467860772357724
Tox21,fedavg_proto,0.5,1,4,200,16,16,0.1,val,client_2,8,30,677,707,True,0.7072378138847858
Tox21,fedavg_proto,0.5,1,4,200,16,16,0.1,val,client_2,9,45,603,648,True,0.5704809286898839
Tox21,fedavg_proto,0.5,1,4,200,16,16,0.1,val,client_2,10,92,495,587,True,0.7501537110232761
Tox21,fedavg_proto,0.5,1,4,200,16,16,0.1,val,client_2,11,42,636,678,True,0.6709344115004492
Tox21,fedavg_proto,0.5,1,4,200,16,16,0.1,val,client_3,0,31,696,727,True,0.4035270671116055
Tox21,fedavg_proto,0.5,1,4,200,16,16,0.1,val,client_3,1,23,652,675,True,0.3813016804481195
Tox21,fedavg_proto,0.5,1,4,200,16,16,0.1,val,client_3,2,74,567,641,True,0.780995280995281
Tox21,fedavg_proto,0.5,1,4,200,16,16,0.1,val,client_3,3,19,546,565,True,0.6799691536533642
Tox21,fedavg_proto,0.5,1,4,200,16,16,0.1,val,client_3,4,82,541,623,True,0.566160227221496
Tox21,fedavg_proto,0.5,1,4,200,16,16,0.1,val,client_3,5,30,657,687,True,0.5695585996955861
Tox21,fedavg_proto,0.5,1,4,200,16,16,0.1,val,client_3,6,21,612,633,True,0.5073918456271398
Tox21,fedavg_proto,0.5,1,4,200,16,16,0.1,val,client_3,7,96,492,588,True,0.6392276422764227
Tox21,fedavg_proto,0.5,1,4,200,16,16,0.1,val,client_3,8,30,677,707,True,0.7073855243722305
Tox21,fedavg_proto,0.5,1,4,200,16,16,0.1,val,client_3,9,45,603,648,True,0.5555924083287268
Tox21,fedavg_proto,0.5,1,4,200,16,16,0.1,val,client_3,10,92,495,587,True,0.7586736934563021
Tox21,fedavg_proto,0.5,1,4,200,16,16,0.1,val,client_3,11,42,636,678,True,0.6819407008086253
Tox21,fedavg_proto,0.5,1,4,200,16,16,0.1,test,server,0,32,693,725,True,0.3882124819624819
Tox21,fedavg_proto,0.5,1,4,200,16,16,0.1,test,server,1,33,646,679,True,0.4707758701566751
Tox21,fedavg_proto,0.5,1,4,200,16,16,0.1,test,server,2,77,572,649,True,0.7754972300426846
Tox21,fedavg_proto,0.5,1,4,200,16,16,0.1,test,server,3,38,538,576,True,0.5942330268049305
Tox21,fedavg_proto,0.5,1,4,200,16,16,0.1,test,server,4,80,531,611,True,0.5971280602636534
Tox21,fedavg_proto,0.5,1,4,200,16,16,0.1,test,server,5,34,647,681,True,0.5519592690244568
Tox21,fedavg_proto,0.5,1,4,200,16,16,0.1,test,server,6,21,617,638,True,0.6635795322991433
Tox21,fedavg_proto,0.5,1,4,200,16,16,0.1,test,server,7,95,494,589,True,0.6236522480289793
Tox21,fedavg_proto,0.5,1,4,200,16,16,0.1,test,server,8,32,670,702,True,0.6740671641791045
Tox21,fedavg_proto,0.5,1,4,200,16,16,0.1,test,server,9,36,621,657,True,0.5074252996958311
Tox21,fedavg_proto,0.5,1,4,200,16,16,0.1,test,server,10,93,485,578,True,0.7186121272586188
Tox21,fedavg_proto,0.5,1,4,200,16,16,0.1,test,server,11,48,624,672,True,0.6226963141025641
Tox21,fedavg_proto,0.5,1,4,200,16,16,0.1,test,client_0,0,32,693,725,True,0.3058712121212121
Tox21,fedavg_proto,0.5,1,4,200,16,16,0.1,test,client_0,1,33,646,679,True,0.4499953091284361
Tox21,fedavg_proto,0.5,1,4,200,16,16,0.1,test,client_0,2,77,572,649,True,0.7777449822904369
Tox21,fedavg_proto,0.5,1,4,200,16,16,0.1,test,client_0,3,38,538,576,True,0.5916650361964391
Tox21,fedavg_proto,0.5,1,4,200,16,16,0.1,test,client_0,4,80,531,611,True,0.5847457627118644
Tox21,fedavg_proto,0.5,1,4,200,16,16,0.1,test,client_0,5,34,647,681,True,0.558914446767888
Tox21,fedavg_proto,0.5,1,4,200,16,16,0.1,test,client_0,6,21,617,638,True,0.6581770471559775
Tox21,fedavg_proto,0.5,1,4,200,16,16,0.1,test,client_0,7,95,494,589,True,0.6272107393991051
Tox21,fedavg_proto,0.5,1,4,200,16,16,0.1,test,client_0,8,32,670,702,True,0.682089552238806
Tox21,fedavg_proto,0.5,1,4,200,16,16,0.1,test,client_0,9,36,621,657,True,0.5230810520665593
Tox21,fedavg_proto,0.5,1,4,200,16,16,0.1,test,client_0,10,93,485,578,True,0.7129364815430662
Tox21,fedavg_proto,0.5,1,4,200,16,16,0.1,test,client_0,11,48,624,672,True,0.6353165064102564
Tox21,fedavg_proto,0.5,1,4,200,16,16,0.1,test,client_1,0,32,693,725,True,0.4086399711399712
Tox21,fedavg_proto,0.5,1,4,200,16,16,0.1,test,client_1,1,33,646,679,True,0.4831128623698283
Tox21,fedavg_proto,0.5,1,4,200,16,16,0.1,test,client_1,2,77,572,649,True,0.7521569339751157
Tox21,fedavg_proto,0.5,1,4,200,16,16,0.1,test,client_1,3,38,538,576,True,0.5985130111524164
Tox21,fedavg_proto,0.5,1,4,200,16,16,0.1,test,client_1,4,80,531,611,True,0.5964924670433145
Tox21,fedavg_proto,0.5,1,4,200,16,16,0.1,test,client_1,5,34,647,681,True,0.5595508682607511
Tox21,fedavg_proto,0.5,1,4,200,16,16,0.1,test,client_1,6,21,617,638,True,0.6578683337192252
Tox21,fedavg_proto,0.5,1,4,200,16,16,0.1,test,client_1,7,95,494,589,True,0.6322181973151502
Tox21,fedavg_proto,0.5,1,4,200,16,16,0.1,test,client_1,8,32,670,702,True,0.6597481343283581
Tox21,fedavg_proto,0.5,1,4,200,16,16,0.1,test,client_1,9,36,621,657,True,0.5138217928073
Tox21,fedavg_proto,0.5,1,4,200,16,16,0.1,test,client_1,10,93,485,578,True,0.7235118057864982
Tox21,fedavg_proto,0.5,1,4,200,16,16,0.1,test,client_1,11,48,624,672,True,0.6225293803418803
Tox21,fedavg_proto,0.5,1,4,200,16,16,0.1,test,client_2,0,32,693,725,True,0.41878607503607507
Tox21,fedavg_proto,0.5,1,4,200,16,16,0.1,test,client_2,1,33,646,679,True,0.4742940238296276
Tox21,fedavg_proto,0.5,1,4,200,16,16,0.1,test,client_2,2,77,572,649,True,0.7664381073471982
Tox21,fedavg_proto,0.5,1,4,200,16,16,0.1,test,client_2,3,38,538,576,True,0.5934259440422618
Tox21,fedavg_proto,0.5,1,4,200,16,16,0.1,test,client_2,4,80,531,611,True,0.6049199623352166
Tox21,fedavg_proto,0.5,1,4,200,16,16,0.1,test,client_2,5,34,647,681,True,0.5489589962723884
Tox21,fedavg_proto,0.5,1,4,200,16,16,0.1,test,client_2,6,21,617,638,True,0.6551670911476422
Tox21,fedavg_proto,0.5,1,4,200,16,16,0.1,test,client_2,7,95,494,589,True,0.62337523971873
Tox21,fedavg_proto,0.5,1,4,200,16,16,0.1,test,client_2,8,32,670,702,True,0.6564365671641791
Tox21,fedavg_proto,0.5,1,4,200,16,16,0.1,test,client_2,9,36,621,657,True,0.49382716049382713
Tox21,fedavg_proto,0.5,1,4,200,16,16,0.1,test,client_2,10,93,485,578,True,0.7204301075268817
Tox21,fedavg_proto,0.5,1,4,200,16,16,0.1,test,client_2,11,48,624,672,True,0.60546875
Tox21,fedavg_proto,0.5,1,4,200,16,16,0.1,test,client_3,0,32,693,725,True,0.4183351370851371
Tox21,fedavg_proto,0.5,1,4,200,16,16,0.1,test,client_3,1,33,646,679,True,0.4922131532038653
Tox21,fedavg_proto,0.5,1,4,200,16,16,0.1,test,client_3,2,77,572,649,True,0.7784942330396875
Tox21,fedavg_proto,0.5,1,4,200,16,16,0.1,test,client_3,3,38,538,576,True,0.599540207395813
Tox21,fedavg_proto,0.5,1,4,200,16,16,0.1,test,client_3,4,80,531,611,True,0.5966807909604519
Tox21,fedavg_proto,0.5,1,4,200,16,16,0.1,test,client_3,5,34,647,681,True,0.5734157650695518
Tox21,fedavg_proto,0.5,1,4,200,16,16,0.1,test,client_3,6,21,617,638,True,0.6701396928301304
Tox21,fedavg_proto,0.5,1,4,200,16,16,0.1,test,client_3,7,95,494,589,True,0.6230556147453654
Tox21,fedavg_proto,0.5,1,4,200,16,16,0.1,test,client_3,8,32,670,702,True,0.695195895522388
Tox21,fedavg_proto,0.5,1,4,200,16,16,0.1,test,client_3,9,36,621,657,True,0.5131955627124709
Tox21,fedavg_proto,0.5,1,4,200,16,16,0.1,test,client_3,10,93,485,578,True,0.7144884159184125
Tox21,fedavg_proto,0.5,1,4,200,16,16,0.1,test,client_3,11,48,624,672,True,0.6376869658119658
Tox21,fedavg_proto,0.5,1,5,200,16,16,0.1,val,server,0,31,696,727,True,0.3906192065257694
Tox21,fedavg_proto,0.5,1,5,200,16,16,0.1,val,server,1,23,652,675,True,0.3781675113363564
Tox21,fedavg_proto,0.5,1,5,200,16,16,0.1,val,server,2,74,567,641,True,0.791315124648458
Tox21,fedavg_proto,0.5,1,5,200,16,16,0.1,val,server,3,19,546,565,True,0.6871987661461346
Tox21,fedavg_proto,0.5,1,5,200,16,16,0.1,val,server,4,82,541,623,True,0.5743429060907984
Tox21,fedavg_proto,0.5,1,5,200,16,16,0.1,val,server,5,30,657,687,True,0.5670218163368848
Tox21,fedavg_proto,0.5,1,5,200,16,16,0.1,val,server,6,21,612,633,True,0.4984438219732337
Tox21,fedavg_proto,0.5,1,5,200,16,16,0.1,val,server,7,96,492,588,True,0.6511051829268292
Tox21,fedavg_proto,0.5,1,5,200,16,16,0.1,val,server,8,30,677,707,True,0.708025603151157
Tox21,fedavg_proto,0.5,1,5,200,16,16,0.1,val,server,9,45,603,648,True,0.5643633683434679
Tox21,fedavg_proto,0.5,1,5,200,16,16,0.1,val,server,10,92,495,587,True,0.7703118137900747
Tox21,fedavg_proto,0.5,1,5,200,16,16,0.1,val,server,11,42,636,678,True,0.68976489967056
Tox21,fedavg_proto,0.5,1,5,200,16,16,0.1,val,client_0,0,31,696,727,True,0.32202447163515013
Tox21,fedavg_proto,0.5,1,5,200,16,16,0.1,val,client_0,1,23,652,675,True,0.33682315284075753
Tox21,fedavg_proto,0.5,1,5,200,16,16,0.1,val,client_0,2,74,567,641,True,0.8102388102388102
Tox21,fedavg_proto,0.5,1,5,200,16,16,0.1,val,client_0,3,19,546,565,True,0.6953923269712743
Tox21,fedavg_proto,0.5,1,5,200,16,16,0.1,val,client_0,4,82,541,623,True,0.5639285875298679
Tox21,fedavg_proto,0.5,1,5,200,16,16,0.1,val,client_0,5,30,657,687,True,0.5538305428716388
Tox21,fedavg_proto,0.5,1,5,200,16,16,0.1,val,client_0,6,21,612,633,True,0.47416744475568007
Tox21,fedavg_proto,0.5,1,5,200,16,16,0.1,val,client_0,7,96,492,588,True,0.6574779810298103
Tox21,fedavg_proto,0.5,1,5,200,16,16,0.1,val,client_0,8,30,677,707,True,0.6756770064007878
Tox21,fedavg_proto,0.5,1,5,200,16,16,0.1,val,client_0,9,45,603,648,True,0.5623733185922241
Tox21,fedavg_proto,0.5,1,5,200,16,16,0.1,val,client_0,10,92,495,587,True,0.7503952569169962
Tox21,fedavg_proto,0.5,1,5,200,16,16,0.1,val,client_0,11,42,636,678,True,0.6839997005091345
Tox21,fedavg_proto,0.5,1,5,200,16,16,0.1,val,client_1,0,31,696,727,True,0.43409343715239157
Tox21,fedavg_proto,0.5,1,5,200,16,16,0.1,val,client_1,1,23,652,675,True,0.39423846359029074
Tox21,fedavg_proto,0.5,1,5,200,16,16,0.1,val,client_1,2,74,567,641,True,0.7534677534677534
Tox21,fedavg_proto,0.5,1,5,200,16,16,0.1,val,client_1,3,19,546,565,True,0.6603046076730288
Tox21,fedavg_proto,0.5,1,5,200,16,16,0.1,val,client_1,4,82,541,623,True,0.5805644470492763
Tox21,fedavg_proto,0.5,1,5,200,16,16,0.1,val,client_1,5,30,657,687,True,0.5579908675799088
Tox21,fedavg_proto,0.5,1,5,200,16,16,0.1,val,client_1,6,21,612,633,True,0.5213196389666979
Tox21,fedavg_proto,0.5,1,5,200,16,16,0.1,val,client_1,7,96,492,588,True,0.645558096205962
Tox21,fedavg_proto,0.5,1,5,200,16,16,0.1,val,client_1,8,30,677,707,True,0.7197932053175775
Tox21,fedavg_proto,0.5,1,5,200,16,16,0.1,val,client_1,9,45,603,648,True,0.5427676432651557
Tox21,fedavg_proto,0.5,1,5,200,16,16,0.1,val,client_1,10,92,495,587,True,0.7909969257795345
Tox21,fedavg_proto,0.5,1,5,200,16,16,0.1,val,client_1,11,42,636,678,True,0.7009209344115004
Tox21,fedavg_proto,0.5,1,5,200,16,16,0.1,val,client_2,0,31,696,727,True,0.42273822766036334
Tox21,fedavg_proto,0.5,1,5,200,16,16,0.1,val,client_2,1,23,652,675,True,0.39130434782608703
Tox21,fedavg_proto,0.5,1,5,200,16,16,0.1,val,client_2,2,74,567,641,True,0.7759664426331093
Tox21,fedavg_proto,0.5,1,5,200,16,16,0.1,val,client_2,3,19,546,565,True,0.6828609986504723
Tox21,fedavg_proto,0.5,1,5,200,16,16,0.1,val,client_2,4,82,541,623,True,0.5717280555430324
Tox21,fedavg_proto,0.5,1,5,200,16,16,0.1,val,client_2,5,30,657,687,True,0.5714865550481989
Tox21,fedavg_proto,0.5,1,5,200,16,16,0.1,val,client_2,6,21,612,633,True,0.5063025210084033
Tox21,fedavg_proto,0.5,1,5,200,16,16,0.1,val,client_2,7,96,492,588,True,0.6498772018970189
Tox21,fedavg_proto,0.5,1,5,200,16,16,0.1,val,client_2,8,30,677,707,True,0.7162481536189069
Tox21,fedavg_proto,0.5,1,5,200,16,16,0.1,val,client_2,9,45,603,648,True,0.563589460106873
Tox21,fedavg_proto,0.5,1,5,200,16,16,0.1,val,client_2,10,92,495,587,True,0.7691480017566974
Tox21,fedavg_proto,0.5,1,5,200,16,16,0.1,val,client_2,11,42,636,678,True,0.6828017370470201
Tox21,fedavg_proto,0.5,1,5,200,16,16,0.1,val,client_3,0,31,696,727,True,0.35701705598813505
Tox21,fedavg_proto,0.5,1,5,200,16,16,0.1,val,client_3,1,23,652,675,True,0.3903040810882902
Tox21,fedavg_proto,0.5,1,5,200,16,16,0.1,val,client_3,2,74,567,641,True,0.7833547833547834
Tox21,fedavg_proto,0.5,1,5,200,16,16,0.1,val,client_3,3,19,546,565,True,0.6741854636591478
Tox21,fedavg_proto,0.5,1,5,200,16,16,0.1,val,client_3,4,82,541,623,True,0.5722014336594383
Tox21,fedavg_proto,0.5,1,5,200,16,16,0.1,val,client_3,5,30,657,687,True,0.5755454084221208
Tox21,fedavg_proto,0.5,1,5,200,16,16,0.1,val,client_3,6,21,612,633,True,0.5159508247743543
Tox21,fedavg_proto,0.5,1,5,200,16,16,0.1,val,client_3,7,96,492,588,True,0.6424457994579945
Tox21,fedavg_proto,0.5,1,5,200,16,16,0.1,val,client_3,8,30,677,707,True,0.7085179714426391
Tox21,fedavg_proto,0.5,1,5,200,16,16,0.1,val,client_3,9,45,603,648,True,0.5558872305140962
Tox21,fedavg_proto,0.5,1,5,200,16,16,0.1,val,client_3,10,92,495,587,True,0.7758454106280193
Tox21,fedavg_proto,0.5,1,5,200,16,16,0.1,val,client_3,11,42,636,678,True,0.690775681341719
Tox21,fedavg_proto,0.5,1,5,200,16,16,0.1,test,server,0,32,693,725,True,0.38379329004329005
Tox21,fedavg_proto,0.5,1,5,200,16,16,0.1,test,server,1,33,646,679,True,0.48831972980579796
Tox21,fedavg_proto,0.5,1,5,200,16,16,0.1,test,server,2,77,572,649,True,0.7789937335391881
Tox21,fedavg_proto,0.5,1,5,200,16,16,0.1,test,server,3,38,538,576,True,0.6119643905302289
Tox21,fedavg_proto,0.5,1,5,200,16,16,0.1,test,server,4,80,531,611,True,0.6005649717514124
Tox21,fedavg_proto,0.5,1,5,200,16,16,0.1,test,server,5,34,647,681,True,0.5738248931721066
Tox21,fedavg_proto,0.5,1,5,200,16,16,0.1,test,server,6,21,617,638,True,0.6616500733194411
Tox21,fedavg_proto,0.5,1,5,200,16,16,0.1,test,server,7,95,494,589,True,0.6421904964841253
Tox21,fedavg_proto,0.5,1,5,200,16,16,0.1,test,server,8,32,670,702,True,0.6781250000000001
Tox21,fedavg_proto,0.5,1,5,200,16,16,0.1,test,server,9,36,621,657,True,0.5200840937555913
Tox21,fedavg_proto,0.5,1,5,200,16,16,0.1,test,server,10,93,485,578,True,0.7336215497173263
Tox21,fedavg_proto,0.5,1,5,200,16,16,0.1,test,server,11,48,624,672,True,0.6420940170940171
Tox21,fedavg_proto,0.5,1,5,200,16,16,0.1,test,client_0,0,32,693,725,True,0.3088023088023088
Tox21,fedavg_proto,0.5,1,5,200,16,16,0.1,test,client_0,1,33,646,679,True,0.4644431935453608
Tox21,fedavg_proto,0.5,1,5,200,16,16,0.1,test,client_0,2,77,572,649,True,0.7841703750794661
Tox21,fedavg_proto,0.5,1,5,200,16,16,0.1,test,client_0,3,38,538,576,True,0.6052631578947368
Tox21,fedavg_proto,0.5,1,5,200,16,16,0.1,test,client_0,4,80,531,611,True,0.5907015065913372
Tox21,fedavg_proto,0.5,1,5,200,16,16,0.1,test,client_0,5,34,647,681,True,0.5806436948813528
Tox21,fedavg_proto,0.5,1,5,200,16,16,0.1,test,client_0,6,21,617,638,True,0.6582542255151655
Tox21,fedavg_proto,0.5,1,5,200,16,16,0.1,test,client_0,7,95,494,589,True,0.6410398465800128
Tox21,fedavg_proto,0.5,1,5,200,16,16,0.1,test,client_0,8,32,670,702,True,0.6880597014925373
Tox21,fedavg_proto,0.5,1,5,200,16,16,0.1,test,client_0,9,36,621,657,True,0.5369923063159778
Tox21,fedavg_proto,0.5,1,5,200,16,16,0.1,test,client_0,10,93,485,578,True,0.7216051435539298
Tox21,fedavg_proto,0.5,1,5,200,16,16,0.1,test,client_0,11,48,624,672,True,0.651809561965812
Tox21,fedavg_proto,0.5,1,5,200,16,16,0.1,test,client_1,0,32,693,725,True,0.4204996392496393
Tox21,fedavg_proto,0.5,1,5,200,16,16,0.1,test,client_1,1,33,646,679,True,0.5103199174406605
Tox21,fedavg_proto,0.5,1,5,200,16,16,0.1,test,client_1,2,77,572,649,True,0.7484787939333394
Tox21,fedavg_proto,0.5,1,5,200,16,16,0.1,test,client_1,3,38,538,576,True,0.6202797886910586
Tox21,fedavg_proto,0.5,1,5,200,16,16,0.1,test,client_1,4,80,531,611,True,0.5987523540489641
Tox21,fedavg_proto,0.5,1,5,200,16,16,0.1,test,client_1,5,34,647,681,True,0.5804618601691063
Tox21,fedavg_proto,0.5,1,5,200,16,16,0.1,test,client_1,6,21,617,638,True,0.6612641815235007
Tox21,fedavg_proto,0.5,1,5,200,16,16,0.1,test,client_1,7,95,494,589,True,0.6550820370764969
Tox21,fedavg_proto,0.5,1,5,200,16,16,0.1,test,client_1,8,32,670,702,True,0.6657649253731344
Tox21,fedavg_proto,0.5,1,5,200,16,16,0.1,test,client_1,9,36,621,657,True,0.5291644301306138
Tox21,fedavg_proto,0.5,1,5,200,16,16,0.1,test,client_1,10,93,485,578,True,0.7357277463695822
Tox21,fedavg_proto,0.5,1,5,200,16,16,0.1,test,client_1,11,48,624,672,True,0.6470018696581197
Tox21,fedavg_proto,0.5,1,5,200,16,16,0.1,test,client_2,0,32,693,725,True,0.43217893217893216
Tox21,fedavg_proto,0.5,1,5,200,16,16,0.1,test,client_2,1,33,646,679,True,0.4919786096256685
Tox21,fedavg_proto,0.5,1,5,200,16,16,0.1,test,client_2,2,77,572,649,True,0.7678684951412225
Tox21,fedavg_proto,0.5,1,5,200,16,16,0.1,test,client_2,3,38,538,576,True,0.6081001760907845
Tox21,fedavg_proto,0.5,1,5,200,16,16,0.1,test,client_2,4,80,531,611,True,0.6034369114877589
Tox21,fedavg_proto,0.5,1,5,200,16,16,0.1,test,client_2,5,34,647,681,True,0.559550868260751
Tox21,fedavg_proto,0.5,1,5,200,16,16,0.1,test,client_2,6,21,617,638,True,0.6577139770008489
Tox21,fedavg_proto,0.5,1,5,200,16,16,0.1,test,client_2,7,95,494,589,True,0.6404645216279565
Tox21,fedavg_proto,0.5,1,5,200,16,16,0.1,test,client_2,8,32,670,702,True,0.6644123134328358
Tox21,fedavg_proto,0.5,1,5,200,16,16,0.1,test,client_2,9,36,621,657,True,0.5068885310431205
Tox21,fedavg_proto,0.5,1,5,200,16,16,0.1,test,client_2,10,93,485,578,True,0.7323578317259728
Tox21,fedavg_proto,0.5,1,5,200,16,16,0.1,test,client_2,11,48,624,672,True,0.6189236111111112
Tox21,fedavg_proto,0.5,1,5,200,16,16,0.1,test,client_3,0,32,693,725,True,0.38388347763347763
Tox21,fedavg_proto,0.5,1,5,200,16,16,0.1,test,client_3,1,33,646,679,True,0.5022516183506895
Tox21,fedavg_proto,0.5,1,5,200,16,16,0.1,test,client_3,2,77,572,649,True,0.7769049132685496
Tox21,fedavg_proto,0.5,1,5,200,16,16,0.1,test,client_3,3,38,538,576,True,0.6140676971238505
Tox21,fedavg_proto,0.5,1,5,200,16,16,0.1,test,client_3,4,80,531,611,True,0.6027306967984933
Tox21,fedavg_proto,0.5,1,5,200,16,16,0.1,test,client_3,5,34,647,681,True,0.5844622238385309
Tox21,fedavg_proto,0.5,1,5,200,16,16,0.1,test,client_3,6,21,617,638,True,0.6706027629852589
Tox21,fedavg_proto,0.5,1,5,200,16,16,0.1,test,client_3,7,95,494,589,True,0.6366929469422544
Tox21,fedavg_proto,0.5,1,5,200,16,16,0.1,test,client_3,8,32,670,702,True,0.6916511194029851
Tox21,fedavg_proto,0.5,1,5,200,16,16,0.1,test,client_3,9,36,621,657,True,0.5263016639828234
Tox21,fedavg_proto,0.5,1,5,200,16,16,0.1,test,client_3,10,93,485,578,True,0.7332003103868752
Tox21,fedavg_proto,0.5,1,5,200,16,16,0.1,test,client_3,11,48,624,672,True,0.6492387820512819
Tox21,fedavg_proto,0.5,1,6,200,16,16,0.1,val,server,0,31,696,727,True,0.38408416759362257
Tox21,fedavg_proto,0.5,1,6,200,16,16,0.1,val,server,1,23,652,675,True,0.38730328087489996
Tox21,fedavg_proto,0.5,1,6,200,16,16,0.1,val,server,2,74,567,641,True,0.7987749654416321
Tox21,fedavg_proto,0.5,1,6,200,16,16,0.1,val,server,3,19,546,565,True,0.6934644303065356
Tox21,fedavg_proto,0.5,1,6,200,16,16,0.1,val,server,4,82,541,623,True,0.5774762183851043
Tox21,fedavg_proto,0.5,1,6,200,16,16,0.1,val,server,5,30,657,687,True,0.5767123287671233
Tox21,fedavg_proto,0.5,1,6,200,16,16,0.1,val,server,6,21,612,633,True,0.5048241518829755
Tox21,fedavg_proto,0.5,1,6,200,16,16,0.1,val,server,7,96,492,588,True,0.6573297764227642
Tox21,fedavg_proto,0.5,1,6,200,16,16,0.1,val,server,8,30,677,707,True,0.7120630231413096
Tox21,fedavg_proto,0.5,1,6,200,16,16,0.1,val,server,9,45,603,648,True,0.562962962962963
Tox21,fedavg_proto,0.5,1,6,200,16,16,0.1,val,server,10,92,495,587,True,0.7870882740447959
Tox21,fedavg_proto,0.5,1,6,200,16,16,0.1,val,server,11,42,636,678,True,0.7014450434261755
Tox21,fedavg_proto,0.5,1,6,200,16,16,0.1,val,client_0,0,31,696,727,True,0.2971820541342232
Tox21,fedavg_proto,0.5,1,6,200,16,16,0.1,val,client_0,1,23,652,675,True,0.32288610296078957
Tox21,fedavg_proto,0.5,1,6,200,16,16,0.1,val,client_0,2,74,567,641,True,0.8216311549644884
Tox21,fedavg_proto,0.5,1,6,200,16,16,0.1,val,client_0,3,19,546,565,True,0.7112974744553692
Tox21,fedavg_proto,0.5,1,6,200,16,16,0.1,val,client_0,4,82,541,623,True,0.5716604300978314
Tox21,fedavg_proto,0.5,1,6,200,16,16,0.1,val,client_0,5,30,657,687,True,0.5554540842212075
Tox21,fedavg_proto,0.5,1,6,200,16,16,0.1,val,client_0,6,21,612,633,True,0.4809368191721133
Tox21,fedavg_proto,0.5,1,6,200,16,16,0.1,val,client_0,7,96,492,588,True,0.6634908536585367
Tox21,fedavg_proto,0.5,1,6,200,16,16,0.1,val,client_0,8,30,677,707,True,0.6800098473658296
Tox21,fedavg_proto,0.5,1,6,200,16,16,0.1,val,client_0,9,45,603,648,True,0.5648056016215219
Tox21,fedavg_proto,0.5,1,6,200,16,16,0.1,val,client_0,10,92,495,587,True,0.7595959595959596
Tox21,fedavg_proto,0.5,1,6,200,16,16,0.1,val,client_0,11,42,636,678,True,0.695717280622941
Tox21,fedavg_proto,0.5,1,6,200,16,16,0.1,val,client_1,0,31,696,727,True,0.4289488320355951
Tox21,fedavg_proto,0.5,1,6,200,16,16,0.1,val,client_1,1,23,652,675,True,0.39123766337690047
Tox21,fedavg_proto,0.5,1,6,200,16,16,0.1,val,client_1,2,74,567,641,True,0.7738214404881072
Tox21,fedavg_proto,0.5,1,6,200,16,16,0.1,val,client_1,3,19,546,565,True,0.6623288991710043
Tox21,fedavg_proto,0.5,1,6,200,16,16,0.1,val,client_1,4,82,541,623,True,0.5782426400973807
Tox21,fedavg_proto,0.5,1,6,200,16,16,0.1,val,client_1,5,30,657,687,True,0.5679857940131913
Tox21,fedavg_proto,0.5,1,6,200,16,16,0.1,val,client_1,6,21,612,633,True,0.5241207594148771
Tox21,fedavg_proto,0.5,1,6,200,16,16,0.1,val,client_1,7,96,492,588,True,0.6565464092140922
Tox21,fedavg_proto,0.5,1,6,200,16,16,0.1,val,client_1,8,30,677,707,True,0.7242245199409159
Tox21,fedavg_proto,0.5,1,6,200,16,16,0.1,val,client_1,9,45,603,648,True,0.5523862170628341
Tox21,fedavg_proto,0.5,1,6,200,16,16,0.1,val,client_1,10,92,495,587,True,0.7937637241985067
Tox21,fedavg_proto,0.5,1,6,200,16,16,0.1,val,client_1,11,42,636,678,True,0.7050014974543276
Tox21,fedavg_proto,0.5,1,6,200,16,16,0.1,val,client_2,0,31,696,727,True,0.4370133481646274
Tox21,fedavg_proto,0.5,1,6,200,16,16,0.1,val,client_2,1,23,652,675,True,0.405841557748733
Tox21,fedavg_proto,0.5,1,6,200,16,16,0.1,val,client_2,2,74,567,641,True,0.7806854473521141
Tox21,fedavg_proto,0.5,1,6,200,16,16,0.1,val,client_2,3,19,546,565,True,0.6791016001542317
Tox21,fedavg_proto,0.5,1,6,200,16,16,0.1,val,client_2,4,82,541,623,True,0.5733961498579865
Tox21,fedavg_proto,0.5,1,6,200,16,16,0.1,val,client_2,5,30,657,687,True,0.5784373414510401
Tox21,fedavg_proto,0.5,1,6,200,16,16,0.1,val,client_2,6,21,612,633,True,0.5222533457827575
Tox21,fedavg_proto,0.5,1,6,200,16,16,0.1,val,client_2,7,96,492,588,True,0.6608231707317074
Tox21,fedavg_proto,0.5,1,6,200,16,16,0.1,val,client_2,8,30,677,707,True,0.7316592811422945
Tox21,fedavg_proto,0.5,1,6,200,16,16,0.1,val,client_2,9,45,603,648,True,0.5597199189238989
Tox21,fedavg_proto,0.5,1,6,200,16,16,0.1,val,client_2,10,92,495,587,True,0.7976504172156346
Tox21,fedavg_proto,0.5,1,6,200,16,16,0.1,val,client_2,11,42,636,678,True,0.712189278227014
Tox21,fedavg_proto,0.5,1,6,200,16,16,0.1,val,client_3,0,31,696,727,True,0.35715609936967
Tox21,fedavg_proto,0.5,1,6,200,16,16,0.1,val,client_3,1,23,652,675,True,0.4046412376633769
Tox21,fedavg_proto,0.5,1,6,200,16,16,0.1,val,client_3,2,74,567,641,True,0.7883359550026218
Tox21,fedavg_proto,0.5,1,6,200,16,16,0.1,val,client_3,3,19,546,565,True,0.6882591093117408
Tox21,fedavg_proto,0.5,1,6,200,16,16,0.1,val,client_3,4,82,541,623,True,0.5783102655425816
Tox21,fedavg_proto,0.5,1,6,200,16,16,0.1,val,client_3,5,30,657,687,True,0.5884830035514967
Tox21,fedavg_proto,0.5,1,6,200,16,16,0.1,val,client_3,6,21,612,633,True,0.5235760971055088
Tox21,fedavg_proto,0.5,1,6,200,16,16,0.1,val,client_3,7,96,492,588,True,0.6449229336043361
Tox21,fedavg_proto,0.5,1,6,200,16,16,0.1,val,client_3,8,30,677,707,True,0.7117183653372723
Tox21,fedavg_proto,0.5,1,6,200,16,16,0.1,val,client_3,9,45,603,648,True,0.560125299428782
Tox21,fedavg_proto,0.5,1,6,200,16,16,0.1,val,client_3,10,92,495,587,True,0.7882740447957839
Tox21,fedavg_proto,0.5,1,6,200,16,16,0.1,val,client_3,11,42,636,678,True,0.6957921533393232
Tox21,fedavg_proto,0.5,1,6,200,16,16,0.1,test,server,0,32,693,725,True,0.38108766233766234
Tox21,fedavg_proto,0.5,1,6,200,16,16,0.1,test,server,1,33,646,679,True,0.5111173656065298
Tox21,fedavg_proto,0.5,1,6,200,16,16,0.1,test,server,2,77,572,649,True,0.7833757151938969
Tox21,fedavg_proto,0.5,1,6,200,16,16,0.1,test,server,3,38,538,576,True,0.6312854627274506
Tox21,fedavg_proto,0.5,1,6,200,16,16,0.1,test,server,4,80,531,611,True,0.6015772128060264
Tox21,fedavg_proto,0.5,1,6,200,16,16,0.1,test,server,5,34,647,681,True,0.5912810255477771
Tox21,fedavg_proto,0.5,1,6,200,16,16,0.1,test,server,6,21,617,638,True,0.666049239793162
Tox21,fedavg_proto,0.5,1,6,200,16,16,0.1,test,server,7,95,494,589,True,0.656019603665033
Tox21,fedavg_proto,0.5,1,6,200,16,16,0.1,test,server,8,32,670,702,True,0.6861473880597014
Tox21,fedavg_proto,0.5,1,6,200,16,16,0.1,test,server,9,36,621,657,True,0.5259438182143497
Tox21,fedavg_proto,0.5,1,6,200,16,16,0.1,test,server,10,93,485,578,True,0.7412260281565237
Tox21,fedavg_proto,0.5,1,6,200,16,16,0.1,test,server,11,48,624,672,True,0.6574853098290597
Tox21,fedavg_proto,0.5,1,6,200,16,16,0.1,test,client_0,0,32,693,725,True,0.3035263347763347
Tox21,fedavg_proto,0.5,1,6,200,16,16,0.1,test,client_0,1,33,646,679,True,0.467163899052444
Tox21,fedavg_proto,0.5,1,6,200,16,16,0.1,test,client_0,2,77,572,649,True,0.7946825901371356
Tox21,fedavg_proto,0.5,1,6,200,16,16,0.1,test,client_0,3,38,538,576,True,0.6258559968694972
Tox21,fedavg_proto,0.5,1,6,200,16,16,0.1,test,client_0,4,80,531,611,True,0.5921610169491526
Tox21,fedavg_proto,0.5,1,6,200,16,16,0.1,test,client_0,5,34,647,681,True,0.5901445585962359
Tox21,fedavg_proto,0.5,1,6,200,16,16,0.1,test,client_0,6,21,617,638,True,0.6362583931465617
Tox21,fedavg_proto,0.5,1,6,200,16,16,0.1,test,client_0,7,95,494,589,True,0.6484551459620712
Tox21,fedavg_proto,0.5,1,6,200,16,16,0.1,test,client_0,8,32,670,702,True,0.7013526119402985
Tox21,fedavg_proto,0.5,1,6,200,16,16,0.1,test,client_0,9,36,621,657,True,0.5382894972266953
Tox21,fedavg_proto,0.5,1,6,200,16,16,0.1,test,client_0,10,93,485,578,True,0.720851346857333
Tox21,fedavg_proto,0.5,1,6,200,16,16,0.1,test,client_0,11,48,624,672,True,0.6738114316239316
Tox21,fedavg_proto,0.5,1,6,200,16,16,0.1,test,client_1,0,32,693,725,True,0.42388167388167386
Tox21,fedavg_proto,0.5,1,6,200,16,16,0.1,test,client_1,1,33,646,679,True,0.5086781123932826
Tox21,fedavg_proto,0.5,1,6,200,16,16,0.1,test,client_1,2,77,572,649,True,0.7587412587412586
Tox21,fedavg_proto,0.5,1,6,200,16,16,0.1,test,client_1,3,38,538,576,True,0.6244864018783017
Tox21,fedavg_proto,0.5,1,6,200,16,16,0.1,test,client_1,4,80,531,611,True,0.5978342749529191
Tox21,fedavg_proto,0.5,1,6,200,16,16,0.1,test,client_1,5,34,647,681,True,0.590644604054914
Tox21,fedavg_proto,0.5,1,6,200,16,16,0.1,test,client_1,6,21,617,638,True,0.6565563016130277
Tox21,fedavg_proto,0.5,1,6,200,16,16,0.1,test,client_1,7,95,494,589,True,0.6621350948220756
Tox21,fedavg_proto,0.5,1,6,200,16,16,0.1,test,client_1,8,32,670,702,True,0.669776119402985
Tox21,fedavg_proto,0.5,1,6,200,16,16,0.1,test,client_1,9,36,621,657,True,0.5349794238683128
Tox21,fedavg_proto,0.5,1,6,200,16,16,0.1,test,client_1,10,93,485,578,True,0.7452610575324242
Tox21,fedavg_proto,0.5,1,6,200,16,16,0.1,test,client_1,11,48,624,672,True,0.651943108974359
Tox21,fedavg_proto,0.5,1,6,200,16,16,0.1,test,client_2,0,32,693,725,True,0.4455717893217893
Tox21,fedavg_proto,0.5,1,6,200,16,16,0.1,test,client_2,1,33,646,679,True,0.5209681958907966
Tox21,fedavg_proto,0.5,1,6,200,16,16,0.1,test,client_2,2,77,572,649,True,0.770207065661611
Tox21,fedavg_proto,0.5,1,6,200,16,16,0.1,test,client_2,3,38,538,576,True,0.6344159655644689
Tox21,fedavg_proto,0.5,1,6,200,16,16,0.1,test,client_2,4,80,531,611,True,0.6088747645951036
Tox21,fedavg_proto,0.5,1,6,200,16,16,0.1,test,client_2,5,34,647,681,True,0.5823256659696336
Tox21,fedavg_proto,0.5,1,6,200,16,16,0.1,test,client_2,6,21,617,638,True,0.6612641815235007
Tox21,fedavg_proto,0.5,1,6,200,16,16,0.1,test,client_2,7,95,494,589,True,0.6660984444917963
Tox21,fedavg_proto,0.5,1,6,200,16,16,0.1,test,client_2,8,32,670,702,True,0.6762126865671643
Tox21,fedavg_proto,0.5,1,6,200,16,16,0.1,test,client_2,9,36,621,657,True,0.524422973698336
Tox21,fedavg_proto,0.5,1,6,200,16,16,0.1,test,client_2,10,93,485,578,True,0.751180578649817
Tox21,fedavg_proto,0.5,1,6,200,16,16,0.1,test,client_2,11,48,624,672,True,0.6511084401709402
Tox21,fedavg_proto,0.5,1,6,200,16,16,0.1,test,client_3,0,32,693,725,True,0.42478354978354976
Tox21,fedavg_proto,0.5,1,6,200,16,16,0.1,test,client_3,1,33,646,679,True,0.5179660380898772
Tox21,fedavg_proto,0.5,1,6,200,16,16,0.1,test,client_3,2,77,572,649,True,0.779765688856598
Tox21,fedavg_proto,0.5,1,6,200,16,16,0.1,test,client_3,3,38,538,576,True,0.6276658188221483
Tox21,fedavg_proto,0.5,1,6,200,16,16,0.1,test,client_3,4,80,531,611,True,0.6066148775894538
Tox21,fedavg_proto,0.5,1,6,200,16,16,0.1,test,client_3,5,34,647,681,True,0.5947358850804618
Tox21,fedavg_proto,0.5,1,6,200,16,16,0.1,test,client_3,6,21,617,638,True,0.672532221964961
Tox21,fedavg_proto,0.5,1,6,200,16,16,0.1,test,client_3,7,95,494,589,True,0.645280204559983
Tox21,fedavg_proto,0.5,1,6,200,16,16,0.1,test,client_3,8,32,670,702,True,0.6936100746268656
Tox21,fedavg_proto,0.5,1,6,200,16,16,0.1,test,client_3,9,36,621,657,True,0.5336822329575952
Tox21,fedavg_proto,0.5,1,6,200,16,16,0.1,test,client_3,10,93,485,578,True,0.7410930052100655
Tox21,fedavg_proto,0.5,1,6,200,16,16,0.1,test,client_3,11,48,624,672,True,0.6553819444444444
Tox21,fedavg_proto,0.5,1,7,200,16,16,0.1,val,server,0,31,696,727,True,0.38899703374119393
Tox21,fedavg_proto,0.5,1,7,200,16,16,0.1,val,server,1,23,652,675,True,0.39350493464923975
Tox21,fedavg_proto,0.5,1,7,200,16,16,0.1,val,server,2,74,567,641,True,0.8013966347299681
Tox21,fedavg_proto,0.5,1,7,200,16,16,0.1,val,server,3,19,546,565,True,0.6931752458068248
Tox21,fedavg_proto,0.5,1,7,200,16,16,0.1,val,server,4,82,541,623,True,0.5787160182137866
Tox21,fedavg_proto,0.5,1,7,200,16,16,0.1,val,server,5,30,657,687,True,0.5849822425164891
Tox21,fedavg_proto,0.5,1,7,200,16,16,0.1,val,server,6,21,612,633,True,0.5190631808278867
Tox21,fedavg_proto,0.5,1,7,200,16,16,0.1,val,server,7,96,492,588,True,0.6638507791327913
Tox21,fedavg_proto,0.5,1,7,200,16,16,0.1,val,server,8,30,677,707,True,0.7200393894633186
Tox21,fedavg_proto,0.5,1,7,200,16,16,0.1,val,server,9,45,603,648,True,0.568675142804496
Tox21,fedavg_proto,0.5,1,7,200,16,16,0.1,val,server,10,92,495,587,True,0.7980237154150198
Tox21,fedavg_proto,0.5,1,7,200,16,16,0.1,val,server,11,42,636,678,True,0.7089323150643905
Tox21,fedavg_proto,0.5,1,7,200,16,16,0.1,val,client_0,0,31,696,727,True,0.32297460140897294
Tox21,fedavg_proto,0.5,1,7,200,16,16,0.1,val,client_0,1,23,652,675,True,0.34115764203787674
Tox21,fedavg_proto,0.5,1,7,200,16,16,0.1,val,client_0,2,74,567,641,True,0.8214881548214883
Tox21,fedavg_proto,0.5,1,7,200,16,16,0.1,val,client_0,3,19,546,565,True,0.7124542124542124
Tox21,fedavg_proto,0.5,1,7,200,16,16,0.1,val,client_0,4,82,541,623,True,0.5708940083855552
Tox21,fedavg_proto,0.5,1,7,200,16,16,0.1,val,client_0,5,30,657,687,True,0.5699137493658042
Tox21,fedavg_proto,0.5,1,7,200,16,16,0.1,val,client_0,6,21,612,633,True,0.4864612511671335
Tox21,fedavg_proto,0.5,1,7,200,16,16,0.1,val,client_0,7,96,492,588,True,0.6697154471544715
Tox21,fedavg_proto,0.5,1,7,200,16,16,0.1,val,client_0,8,30,677,707,True,0.6886755292959134
Tox21,fedavg_proto,0.5,1,7,200,16,16,0.1,val,client_0,9,45,603,648,True,0.5712179841533075
Tox21,fedavg_proto,0.5,1,7,200,16,16,0.1,val,client_0,10,92,495,587,True,0.7727931488801054
Tox21,fedavg_proto,0.5,1,7,200,16,16,0.1,val,client_0,11,42,636,678,True,0.6978511530398324
Tox21,fedavg_proto,0.5,1,7,200,16,16,0.1,val,client_1,0,31,696,727,True,0.4528642936596217
Tox21,fedavg_proto,0.5,1,7,200,16,16,0.1,val,client_1,1,23,652,675,True,0.40484129101093624
Tox21,fedavg_proto,0.5,1,7,200,16,16,0.1,val,client_1,2,74,567,641,True,0.7698889365556033
Tox21,fedavg_proto,0.5,1,7,200,16,16,0.1,val,client_1,3,19,546,565,True,0.6539425486793908
Tox21,fedavg_proto,0.5,1,7,200,16,16,0.1,val,client_1,4,82,541,623,True,0.5777692619809747
Tox21,fedavg_proto,0.5,1,7,200,16,16,0.1,val,client_1,5,30,657,687,True,0.5761542364282091
Tox21,fedavg_proto,0.5,1,7,200,16,16,0.1,val,client_1,6,21,612,633,True,0.543728602552132
Tox21,fedavg_proto,0.5,1,7,200,16,16,0.1,val,client_1,7,96,492,588,True,0.6657139227642276
Tox21,fedavg_proto,0.5,1,7,200,16,16,0.1,val,client_1,8,30,677,707,True,0.7344165435745937
Tox21,fedavg_proto,0.5,1,7,200,16,16,0.1,val,client_1,9,45,603,648,True,0.5504698728579326
Tox21,fedavg_proto,0.5,1,7,200,16,16,0.1,val,client_1,10,92,495,587,True,0.8142512077294686
Tox21,fedavg_proto,0.5,1,7,200,16,16,0.1,val,client_1,11,42,636,678,True,0.7170185684336627
Tox21,fedavg_proto,0.5,1,7,200,16,16,0.1,val,client_2,0,31,696,727,True,0.43302743789395626
Tox21,fedavg_proto,0.5,1,7,200,16,16,0.1,val,client_2,1,23,652,675,True,0.38817017871432385
Tox21,fedavg_proto,0.5,1,7,200,16,16,0.1,val,client_2,2,74,567,641,True,0.7871442871442872
Tox21,fedavg_proto,0.5,1,7,200,16,16,0.1,val,client_2,3,19,546,565,True,0.6845961056487372
Tox21,fedavg_proto,0.5,1,7,200,16,16,0.1,val,client_2,4,82,541,623,True,0.5668139398584374
Tox21,fedavg_proto,0.5,1,7,200,16,16,0.1,val,client_2,5,30,657,687,True,0.5787417554540842
Tox21,fedavg_proto,0.5,1,7,200,16,16,0.1,val,client_2,6,21,612,633,True,0.5235760971055088
Tox21,fedavg_proto,0.5,1,7,200,16,16,0.1,val,client_2,7,96,492,588,True,0.6631521002710027
Tox21,fedavg_proto,0.5,1,7,200,16,16,0.1,val,client_2,8,30,677,707,True,0.7308714918759232
Tox21,fedavg_proto,0.5,1,7,200,16,16,0.1,val,client_2,9,45,603,648,True,0.5640685461580984
Tox21,fedavg_proto,0.5,1,7,200,16,16,0.1,val,client_2,10,92,495,587,True,0.7845630215195434
Tox21,fedavg_proto,0.5,1,7,200,16,16,0.1,val,client_2,11,42,636,678,True,0.7138364779874213
Tox21,fedavg_proto,0.5,1,7,200,16,16,0.1,val,client_3,0,31,696,727,True,0.37815164998146095
Tox21,fedavg_proto,0.5,1,7,200,16,16,0.1,val,client_3,1,23,652,675,True,0.42024539877300615
Tox21,fedavg_proto,0.5,1,7,200,16,16,0.1,val,client_3,2,74,567,641,True,0.7931264597931265
Tox21,fedavg_proto,0.5,1,7,200,16,16,0.1,val,client_3,3,19,546,565,True,0.6918257181415076
Tox21,fedavg_proto,0.5,1,7,200,16,16,0.1,val,client_3,4,82,541,623,True,0.5876425769802984
Tox21,fedavg_proto,0.5,1,7,200,16,16,0.1,val,client_3,5,30,657,687,True,0.5961440892947742
Tox21,fedavg_proto,0.5,1,7,200,16,16,0.1,val,client_3,6,21,612,633,True,0.5235760971055089
Tox21,fedavg_proto,0.5,1,7,200,16,16,0.1,val,client_3,7,96,492,588,True,0.6490514905149052
Tox21,fedavg_proto,0.5,1,7,200,16,16,0.1,val,client_3,8,30,677,707,True,0.7165435745937961
Tox21,fedavg_proto,0.5,1,7,200,16,16,0.1,val,client_3,9,45,603,648,True,0.5629261101897918
Tox21,fedavg_proto,0.5,1,7,200,16,16,0.1,val,client_3,10,92,495,587,True,0.8023056653491436
Tox21,fedavg_proto,0.5,1,7,200,16,16,0.1,val,client_3,11,42,636,678,True,0.704140461215933
Tox21,fedavg_proto,0.5,1,7,200,16,16,0.1,test,server,0,32,693,725,True,0.38546176046176045
Tox21,fedavg_proto,0.5,1,7,200,16,16,0.1,test,server,1,33,646,679,True,0.5193263908434187
Tox21,fedavg_proto,0.5,1,7,200,16,16,0.1,test,server,2,77,572,649,True,0.7849423303968758
Tox21,fedavg_proto,0.5,1,7,200,16,16,0.1,test,server,3,38,538,576,True,0.6362747016239483
Tox21,fedavg_proto,0.5,1,7,200,16,16,0.1,test,server,4,80,531,611,True,0.6065913370998116
Tox21,fedavg_proto,0.5,1,7,200,16,16,0.1,test,server,5,34,647,681,True,0.5984180380034548
Tox21,fedavg_proto,0.5,1,7,200,16,16,0.1,test,server,6,21,617,638,True,0.6685189472871806
Tox21,fedavg_proto,0.5,1,7,200,16,16,0.1,test,server,7,95,494,589,True,0.6653952695503942
Tox21,fedavg_proto,0.5,1,7,200,16,16,0.1,test,server,8,32,670,702,True,0.6851212686567164
Tox21,fedavg_proto,0.5,1,7,200,16,16,0.1,test,server,9,36,621,657,True,0.5269278940776525
Tox21,fedavg_proto,0.5,1,7,200,16,16,0.1,test,server,10,93,485,578,True,0.7500498836049219
Tox21,fedavg_proto,0.5,1,7,200,16,16,0.1,test,server,11,48,624,672,True,0.6593215811965812
Tox21,fedavg_proto,0.5,1,7,200,16,16,0.1,test,client_0,0,32,693,725,True,0.32264610389610393
Tox21,fedavg_proto,0.5,1,7,200,16,16,0.1,test,client_0,1,33,646,679,True,0.48498921099540293
Tox21,fedavg_proto,0.5,1,7,200,16,16,0.1,test,client_0,2,77,572,649,True,0.7932067932067931
Tox21,fedavg_proto,0.5,1,7,200,16,16,0.1,test,client_0,3,38,538,576,True,0.6344648796712973
Tox21,fedavg_proto,0.5,1,7,200,16,16,0.1,test,client_0,4,80,531,611,True,0.5989877589453861
Tox21,fedavg_proto,0.5,1,7,200,16,16,0.1,test,client_0,5,34,647,681,True,0.6056005091371943
Tox21,fedavg_proto,0.5,1,7,200,16,16,0.1,test,client_0,6,21,617,638,True,0.6560160530987111
Tox21,fedavg_proto,0.5,1,7,200,16,16,0.1,test,client_0,7,95,494,589,True,0.6556999786916685
Tox21,fedavg_proto,0.5,1,7,200,16,16,0.1,test,client_0,8,32,670,702,True,0.6974813432835821
Tox21,fedavg_proto,0.5,1,7,200,16,16,0.1,test,client_0,9,36,621,657,True,0.5389604580425836
Tox21,fedavg_proto,0.5,1,7,200,16,16,0.1,test,client_0,10,93,485,578,True,0.7340427890477774
Tox21,fedavg_proto,0.5,1,7,200,16,16,0.1,test,client_0,11,48,624,672,True,0.6670673076923077
Tox21,fedavg_proto,0.5,1,7,200,16,16,0.1,test,client_1,0,32,693,725,True,0.45093795093795097
Tox21,fedavg_proto,0.5,1,7,200,16,16,0.1,test,client_1,1,33,646,679,True,0.5326484660849986
Tox21,fedavg_proto,0.5,1,7,200,16,16,0.1,test,client_1,2,77,572,649,True,0.7535646172009809
Tox21,fedavg_proto,0.5,1,7,200,16,16,0.1,test,client_1,3,38,538,576,True,0.640774799452162
Tox21,fedavg_proto,0.5,1,7,200,16,16,0.1,test,client_1,4,80,531,611,True,0.603319209039548
Tox21,fedavg_proto,0.5,1,7,200,16,16,0.1,test,client_1,5,34,647,681,True,0.6043276661514683
Tox21,fedavg_proto,0.5,1,7,200,16,16,0.1,test,client_1,6,21,617,638,True,0.6601065061356796
Tox21,fedavg_proto,0.5,1,7,200,16,16,0.1,test,client_1,7,95,494,589,True,0.6806946516087791
Tox21,fedavg_proto,0.5,1,7,200,16,16,0.1,test,client_1,8,32,670,702,True,0.6749067164179104
Tox21,fedavg_proto,0.5,1,7,200,16,16,0.1,test,client_1,9,36,621,657,True,0.5460726426910002
Tox21,fedavg_proto,0.5,1,7,200,16,16,0.1,test,client_1,10,93,485,578,True,0.750116395078151
Tox21,fedavg_proto,0.5,1,7,200,16,16,0.1,test,client_1,11,48,624,672,True,0.6672509348290598
Tox21,fedavg_proto,0.5,1,7,200,16,16,0.1,test,client_2,0,32,693,725,True,0.4447150072150072
Tox21,fedavg_proto,0.5,1,7,200,16,16,0.1,test,client_2,1,33,646,679,True,0.5011258091753448
Tox21,fedavg_proto,0.5,1,7,200,16,16,0.1,test,client_2,2,77,572,649,True,0.7762464807919354
Tox21,fedavg_proto,0.5,1,7,200,16,16,0.1,test,client_2,3,38,538,576,True,0.6203776169047154
Tox21,fedavg_proto,0.5,1,7,200,16,16,0.1,test,client_2,4,80,531,611,True,0.6142655367231639
Tox21,fedavg_proto,0.5,1,7,200,16,16,0.1,test,client_2,5,34,647,681,True,0.5771433766706064
Tox21,fedavg_proto,0.5,1,7,200,16,16,0.1,test,client_2,6,21,617,638,True,0.6611870031643127
Tox21,fedavg_proto,0.5,1,7,200,16,16,0.1,test,client_2,7,95,494,589,True,0.6659705945024506
Tox21,fedavg_proto,0.5,1,7,200,16,16,0.1,test,client_2,8,32,670,702,True,0.6673041044776119
Tox21,fedavg_proto,0.5,1,7,200,16,16,0.1,test,client_2,9,36,621,657,True,0.5284040078726069
Tox21,fedavg_proto,0.5,1,7,200,16,16,0.1,test,client_2,10,93,485,578,True,0.7519122048553375
Tox21,fedavg_proto,0.5,1,7,200,16,16,0.1,test,client_2,11,48,624,672,True,0.6502737713675213
Tox21,fedavg_proto,0.5,1,7,200,16,16,0.1,test,client_3,0,32,693,725,True,0.44349747474747475
Tox21,fedavg_proto,0.5,1,7,200,16,16,0.1,test,client_3,1,33,646,679,True,0.5392156862745099
Tox21,fedavg_proto,0.5,1,7,200,16,16,0.1,test,client_3,2,77,572,649,True,0.7836935791481247
Tox21,fedavg_proto,0.5,1,7,200,16,16,0.1,test,client_3,3,38,538,576,True,0.640041087849736
Tox21,fedavg_proto,0.5,1,7,200,16,16,0.1,test,client_3,4,80,531,611,True,0.6117467043314501
Tox21,fedavg_proto,0.5,1,7,200,16,16,0.1,test,client_3,5,34,647,681,True,0.6038276206927903
Tox21,fedavg_proto,0.5,1,7,200,16,16,0.1,test,client_3,6,21,617,638,True,0.6713745465771397
Tox21,fedavg_proto,0.5,1,7,200,16,16,0.1,test,client_3,7,95,494,589,True,0.6548476454293628
Tox21,fedavg_proto,0.5,1,7,200,16,16,0.1,test,client_3,8,32,670,702,True,0.6952891791044776
Tox21,fedavg_proto,0.5,1,7,200,16,16,0.1,test,client_3,9,36,621,657,True,0.5335480407944176
Tox21,fedavg_proto,0.5,1,7,200,16,16,0.1,test,client_3,10,93,485,578,True,0.7533754572663784
Tox21,fedavg_proto,0.5,1,7,200,16,16,0.1,test,client_3,11,48,624,672,True,0.6590878739316239
Tox21,fedavg_proto,0.5,1,8,200,16,16,0.1,val,server,0,31,696,727,True,0.4317296996662959
Tox21,fedavg_proto,0.5,1,8,200,16,16,0.1,val,server,1,23,652,675,True,0.40884235796212326
Tox21,fedavg_proto,0.5,1,8,200,16,16,0.1,val,server,2,74,567,641,True,0.8077124743791411
Tox21,fedavg_proto,0.5,1,8,200,16,16,0.1,val,server,3,19,546,565,True,0.7010796221322537
Tox21,fedavg_proto,0.5,1,8,200,16,16,0.1,val,server,4,82,541,623,True,0.5852531445832019
Tox21,fedavg_proto,0.5,1,8,200,16,16,0.1,val,server,5,30,657,687,True,0.595636732623034
Tox21,fedavg_proto,0.5,1,8,200,16,16,0.1,val,server,6,21,612,633,True,0.5361033302209772
Tox21,fedavg_proto,0.5,1,8,200,16,16,0.1,val,server,7,96,492,588,True,0.6700330284552846
Tox21,fedavg_proto,0.5,1,8,200,16,16,0.1,val,server,8,30,677,707,True,0.7242737567700639
Tox21,fedavg_proto,0.5,1,8,200,16,16,0.1,val,server,9,45,603,648,True,0.5707388981020822
Tox21,fedavg_proto,0.5,1,8,200,16,16,0.1,val,server,10,92,495,587,True,0.8153711023276241
Tox21,fedavg_proto,0.5,1,8,200,16,16,0.1,val,server,11,42,636,678,True,0.7195642407906558
Tox21,fedavg_proto,0.5,1,8,200,16,16,0.1,val,client_0,0,31,696,727,True,0.3538190582128291
Tox21,fedavg_proto,0.5,1,8,200,16,16,0.1,val,client_0,1,23,652,675,True,0.3646972526006935
Tox21,fedavg_proto,0.5,1,8,200,16,16,0.1,val,client_0,2,74,567,641,True,0.8267076600409933
Tox21,fedavg_proto,0.5,1,8,200,16,16,0.1,val,client_0,3,19,546,565,True,0.7177559282822441
Tox21,fedavg_proto,0.5,1,8,200,16,16,0.1,val,client_0,4,82,541,623,True,0.5772958838645688
Tox21,fedavg_proto,0.5,1,8,200,16,16,0.1,val,client_0,5,30,657,687,True,0.5851851851851853
Tox21,fedavg_proto,0.5,1,8,200,16,16,0.1,val,client_0,6,21,612,633,True,0.5010893246187363
Tox21,fedavg_proto,0.5,1,8,200,16,16,0.1,val,client_0,7,96,492,588,True,0.6746061991869918
Tox21,fedavg_proto,0.5,1,8,200,16,16,0.1,val,client_0,8,30,677,707,True,0.7001969473165928
Tox21,fedavg_proto,0.5,1,8,200,16,16,0.1,val,client_0,9,45,603,648,True,0.5784779804680302
Tox21,fedavg_proto,0.5,1,8,200,16,16,0.1,val,client_0,10,92,495,587,True,0.7859025032938076
Tox21,fedavg_proto,0.5,1,8,200,16,16,0.1,val,client_0,11,42,636,678,True,0.7075471698113207
Tox21,fedavg_proto,0.5,1,8,200,16,16,0.1,val,client_1,0,31,696,727,True,0.47464775676677784
Tox21,fedavg_proto,0.5,1,8,200,16,16,0.1,val,client_1,1,23,652,675,True,0.4245132035209389
Tox21,fedavg_proto,0.5,1,8,200,16,16,0.1,val,client_1,2,74,567,641,True,0.775370608703942
Tox21,fedavg_proto,0.5,1,8,200,16,16,0.1,val,client_1,3,19,546,565,True,0.6611721611721613
Tox21,fedavg_proto,0.5,1,8,200,16,16,0.1,val,client_1,4,82,541,623,True,0.5812407015012849
Tox21,fedavg_proto,0.5,1,8,200,16,16,0.1,val,client_1,5,30,657,687,True,0.5871638762049721
Tox21,fedavg_proto,0.5,1,8,200,16,16,0.1,val,client_1,6,21,612,633,True,0.5500311235605353
Tox21,fedavg_proto,0.5,1,8,200,16,16,0.1,val,client_1,7,96,492,588,True,0.6710069444444444
Tox21,fedavg_proto,0.5,1,8,200,16,16,0.1,val,client_1,8,30,677,707,True,0.7357459379615954
Tox21,fedavg_proto,0.5,1,8,200,16,16,0.1,val,client_1,9,45,603,648,True,0.5557398194214115
Tox21,fedavg_proto,0.5,1,8,200,16,16,0.1,val,client_1,10,92,495,587,True,0.8277777777777778
Tox21,fedavg_proto,0.5,1,8,200,16,16,0.1,val,client_1,11,42,636,678,True,0.72458071278826
Tox21,fedavg_proto,0.5,1,8,200,16,16,0.1,val,client_2,0,31,696,727,True,0.4729328883945124
Tox21,fedavg_proto,0.5,1,8,200,16,16,0.1,val,client_2,1,23,652,675,True,0.4254467858095492
Tox21,fedavg_proto,0.5,1,8,200,16,16,0.1,val,client_2,2,74,567,641,True,0.7946041279374614
Tox21,fedavg_proto,0.5,1,8,200,16,16,0.1,val,client_2,3,19,546,565,True,0.7030075187969924
Tox21,fedavg_proto,0.5,1,8,200,16,16,0.1,val,client_2,4,82,541,623,True,0.5813984942067536
Tox21,fedavg_proto,0.5,1,8,200,16,16,0.1,val,client_2,5,30,657,687,True,0.5991882293252156
Tox21,fedavg_proto,0.5,1,8,200,16,16,0.1,val,client_2,6,21,612,633,True,0.5304232804232805
Tox21,fedavg_proto,0.5,1,8,200,16,16,0.1,val,client_2,7,96,492,588,True,0.6695460704607046
Tox21,fedavg_proto,0.5,1,8,200,16,16,0.1,val,client_2,8,30,677,707,True,0.7377154111275234
Tox21,fedavg_proto,0.5,1,8,200,16,16,0.1,val,client_2,9,45,603,648,True,0.5660585959093422
Tox21,fedavg_proto,0.5,1,8,200,16,16,0.1,val,client_2,10,92,495,587,True,0.8142512077294686
Tox21,fedavg_proto,0.5,1,8,200,16,16,0.1,val,client_2,11,42,636,678,True,0.7278002395926924
Tox21,fedavg_proto,0.5,1,8,200,16,16,0.1,val,client_3,0,31,696,727,True,0.3253151649981461
Tox21,fedavg_proto,0.5,1,8,200,16,16,0.1,val,client_3,1,23,652,675,True,0.43058148839690585
Tox21,fedavg_proto,0.5,1,8,200,16,16,0.1,val,client_3,2,74,567,641,True,0.7950569617236284
Tox21,fedavg_proto,0.5,1,8,200,16,16,0.1,val,client_3,3,19,546,565,True,0.6924040871409293
Tox21,fedavg_proto,0.5,1,8,200,16,16,0.1,val,client_3,4,82,541,623,True,0.5949010414318561
Tox21,fedavg_proto,0.5,1,8,200,16,16,0.1,val,client_3,5,30,657,687,True,0.6079147640791477
Tox21,fedavg_proto,0.5,1,8,200,16,16,0.1,val,client_3,6,21,612,633,True,0.5308901338313103
Tox21,fedavg_proto,0.5,1,8,200,16,16,0.1,val,client_3,7,96,492,588,True,0.6573297764227642
Tox21,fedavg_proto,0.5,1,8,200,16,16,0.1,val,client_3,8,30,677,707,True,0.7254062038404727
Tox21,fedavg_proto,0.5,1,8,200,16,16,0.1,val,client_3,9,45,603,648,True,0.5696333149069467
Tox21,fedavg_proto,0.5,1,8,200,16,16,0.1,val,client_3,10,92,495,587,True,0.8192797540623628
Tox21,fedavg_proto,0.5,1,8,200,16,16,0.1,val,client_3,11,42,636,678,True,0.71761755016472
Tox21,fedavg_proto,0.5,1,8,200,16,16,0.1,test,server,0,32,693,725,True,0.42974386724386726
Tox21,fedavg_proto,0.5,1,8,200,16,16,0.1,test,server,1,33,646,679,True,0.5417487569190356
Tox21,fedavg_proto,0.5,1,8,200,16,16,0.1,test,server,2,77,572,649,True,0.7922077922077921
Tox21,fedavg_proto,0.5,1,8,200,16,16,0.1,test,server,3,38,538,576,True,0.6501173938563882
Tox21,fedavg_proto,0.5,1,8,200,16,16,0.1,test,server,4,80,531,611,True,0.6105225988700566
Tox21,fedavg_proto,0.5,1,8,200,16,16,0.1,test,server,5,34,647,681,True,0.6124193108464406
Tox21,fedavg_proto,0.5,1,8,200,16,16,0.1,test,server,6,21,617,638,True,0.6720691518098325
Tox21,fedavg_proto,0.5,1,8,200,16,16,0.1,test,server,7,95,494,589,True,0.6769656935861922
Tox21,fedavg_proto,0.5,1,8,200,16,16,0.1,test,server,8,32,670,702,True,0.6944029850746268
Tox21,fedavg_proto,0.5,1,8,200,16,16,0.1,test,server,9,36,621,657,True,0.5315351583467526
Tox21,fedavg_proto,0.5,1,8,200,16,16,0.1,test,server,10,93,485,578,True,0.7566788604367586
Tox21,fedavg_proto,0.5,1,8,200,16,16,0.1,test,server,11,48,624,672,True,0.6713074252136751
Tox21,fedavg_proto,0.5,1,8,200,16,16,0.1,test,client_0,0,32,693,725,True,0.34402056277056275
Tox21,fedavg_proto,0.5,1,8,200,16,16,0.1,test,client_0,1,33,646,679,True,0.5046439628482972
Tox21,fedavg_proto,0.5,1,8,200,16,16,0.1,test,client_0,2,77,572,649,True,0.8015620742893471
Tox21,fedavg_proto,0.5,1,8,200,16,16,0.1,test,client_0,3,38,538,576,True,0.6399921737429074
Tox21,fedavg_proto,0.5,1,8,200,16,16,0.1,test,client_0,4,80,531,611,True,0.6036487758945387
Tox21,fedavg_proto,0.5,1,8,200,16,16,0.1,test,client_0,5,34,647,681,True,0.6122829348122556
Tox21,fedavg_proto,0.5,1,8,200,16,16,0.1,test,client_0,6,21,617,638,True,0.6635023539399553
Tox21,fedavg_proto,0.5,1,8,200,16,16,0.1,test,client_0,7,95,494,589,True,0.6623268698060942
Tox21,fedavg_proto,0.5,1,8,200,16,16,0.1,test,client_0,8,32,670,702,True,0.7035914179104479
Tox21,fedavg_proto,0.5,1,8,200,16,16,0.1,test,client_0,9,36,621,657,True,0.5356951154052603
Tox21,fedavg_proto,0.5,1,8,200,16,16,0.1,test,client_0,10,93,485,578,True,0.7379447954772199
Tox21,fedavg_proto,0.5,1,8,200,16,16,0.1,test,client_0,11,48,624,672,True,0.6744791666666666
Tox21,fedavg_proto,0.5,1,8,200,16,16,0.1,test,client_1,0,32,693,725,True,0.4680735930735931
Tox21,fedavg_proto,0.5,1,8,200,16,16,0.1,test,client_1,1,33,646,679,True,0.5569940895018294
Tox21,fedavg_proto,0.5,1,8,200,16,16,0.1,test,client_1,2,77,572,649,True,0.7586958496049405
Tox21,fedavg_proto,0.5,1,8,200,16,16,0.1,test,client_1,3,38,538,576,True,0.6552533750733711
Tox21,fedavg_proto,0.5,1,8,200,16,16,0.1,test,client_1,4,80,531,611,True,0.6069679849340865
Tox21,fedavg_proto,0.5,1,8,200,16,16,0.1,test,client_1,5,34,647,681,True,0.6152832075643241
Tox21,fedavg_proto,0.5,1,8,200,16,16,0.1,test,client_1,6,21,617,638,True,0.6591031874662344
Tox21,fedavg_proto,0.5,1,8,200,16,16,0.1,test,client_1,7,95,494,589,True,0.6905391007884083
Tox21,fedavg_proto,0.5,1,8,200,16,16,0.1,test,client_1,8,32,670,702,True,0.6842817164179105
Tox21,fedavg_proto,0.5,1,8,200,16,16,0.1,test,client_1,9,36,621,657,True,0.5526927894077652
Tox21,fedavg_proto,0.5,1,8,200,16,16,0.1,test,client_1,10,93,485,578,True,0.7511805786498171
Tox21,fedavg_proto,0.5,1,8,200,16,16,0.1,test,client_1,11,48,624,672,True,0.6748464209401709
Tox21,fedavg_proto,0.5,1,8,200,16,16,0.1,test,client_2,0,32,693,725,True,0.4786255411255411
Tox21,fedavg_proto,0.5,1,8,200,16,16,0.1,test,client_2,1,33,646,679,True,0.5463927197673328
Tox21,fedavg_proto,0.5,1,8,200,16,16,0.1,test,client_2,2,77,572,649,True,0.7861229679411498
Tox21,fedavg_proto,0.5,1,8,200,16,16,0.1,test,client_2,3,38,538,576,True,0.6563294854235961
Tox21,fedavg_proto,0.5,1,8,200,16,16,0.1,test,client_2,4,80,531,611,True,0.6200094161958568
Tox21,fedavg_proto,0.5,1,8,200,16,16,0.1,test,client_2,5,34,647,681,True,0.6029639058096191
Tox21,fedavg_proto,0.5,1,8,200,16,16,0.1,test,client_2,6,21,617,638,True,0.6630392837848267
Tox21,fedavg_proto,0.5,1,8,200,16,16,0.1,test,client_2,7,95,494,589,True,0.6841252929895589
Tox21,fedavg_proto,0.5,1,8,200,16,16,0.1,test,client_2,8,32,670,702,True,0.6816231343283582
Tox21,fedavg_proto,0.5,1,8,200,16,16,0.1,test,client_2,9,36,621,657,True,0.5347557702630167
Tox21,fedavg_proto,0.5,1,8,200,16,16,0.1,test,client_2,10,93,485,578,True,0.7693603813324464
Tox21,fedavg_proto,0.5,1,8,200,16,16,0.1,test,client_2,11,48,624,672,True,0.6684027777777778
Tox21,fedavg_proto,0.5,1,8,200,16,16,0.1,test,client_3,0,32,693,725,True,0.3289592352092352
Tox21,fedavg_proto,0.5,1,8,200,16,16,0.1,test,client_3,1,33,646,679,True,0.5621540482221596
Tox21,fedavg_proto,0.5,1,8,200,16,16,0.1,test,client_3,2,77,572,649,True,0.7878258105530833
Tox21,fedavg_proto,0.5,1,8,200,16,16,0.1,test,client_3,3,38,538,576,True,0.646155351203287
Tox21,fedavg_proto,0.5,1,8,200,16,16,0.1,test,client_3,4,80,531,611,True,0.620291902071563
Tox21,fedavg_proto,0.5,1,8,200,16,16,0.1,test,client_3,5,34,647,681,True,0.6102827529775434
Tox21,fedavg_proto,0.5,1,8,200,16,16,0.1,test,client_3,6,21,617,638,True,0.6729181137609015
Tox21,fedavg_proto,0.5,1,8,200,16,16,0.1,test,client_3,7,95,494,589,True,0.6668016194331984
Tox21,fedavg_proto,0.5,1,8,200,16,16,0.1,test,client_3,8,32,670,702,True,0.6892257462686568
Tox21,fedavg_proto,0.5,1,8,200,16,16,0.1,test,client_3,9,36,621,657,True,0.5285382000357846
Tox21,fedavg_proto,0.5,1,8,200,16,16,0.1,test,client_3,10,93,485,578,True,0.7610021061966523
Tox21,fedavg_proto,0.5,1,8,200,16,16,0.1,test,client_3,11,48,624,672,True,0.6571180555555556
Tox21,fedavg_proto,0.5,1,9,200,16,16,0.1,val,server,0,31,696,727,True,0.48836670374490176
Tox21,fedavg_proto,0.5,1,9,200,16,16,0.1,val,server,1,23,652,675,True,0.4459855961589757
Tox21,fedavg_proto,0.5,1,9,200,16,16,0.1,val,server,2,74,567,641,True,0.8087373087373088
Tox21,fedavg_proto,0.5,1,9,200,16,16,0.1,val,server,3,19,546,565,True,0.7035858877964141
Tox21,fedavg_proto,0.5,1,9,200,16,16,0.1,val,server,4,82,541,623,True,0.5899643839321942
Tox21,fedavg_proto,0.5,1,9,200,16,16,0.1,val,server,5,30,657,687,True,0.6079147640791477
Tox21,fedavg_proto,0.5,1,9,200,16,16,0.1,val,server,6,21,612,633,True,0.5419389978213507
Tox21,fedavg_proto,0.5,1,9,200,16,16,0.1,val,server,7,96,492,588,True,0.6763846544715447
Tox21,fedavg_proto,0.5,1,9,200,16,16,0.1,val,server,8,30,677,707,True,0.7296405711472181
Tox21,fedavg_proto,0.5,1,9,200,16,16,0.1,val,server,9,45,603,648,True,0.5756034641606781
Tox21,fedavg_proto,0.5,1,9,200,16,16,0.1,val,server,10,92,495,587,True,0.8301273605621432
Tox21,fedavg_proto,0.5,1,9,200,16,16,0.1,val,server,11,42,636,678,True,0.7289982030548069
Tox21,fedavg_proto,0.5,1,9,200,16,16,0.1,val,client_0,0,31,696,727,True,0.3546764923989618
Tox21,fedavg_proto,0.5,1,9,200,16,16,0.1,val,client_0,1,23,652,675,True,0.37369965324086424
Tox21,fedavg_proto,0.5,1,9,200,16,16,0.1,val,client_0,2,74,567,641,True,0.8302349969016636
Tox21,fedavg_proto,0.5,1,9,200,16,16,0.1,val,client_0,3,19,546,565,True,0.7219973009446693
Tox21,fedavg_proto,0.5,1,9,200,16,16,0.1,val,client_0,4,82,541,623,True,0.5840358865695866
Tox21,fedavg_proto,0.5,1,9,200,16,16,0.1,val,client_0,5,30,657,687,True,0.5872653475393201
Tox21,fedavg_proto,0.5,1,9,200,16,16,0.1,val,client_0,6,21,612,633,True,0.5143168378462496
Tox21,fedavg_proto,0.5,1,9,200,16,16,0.1,val,client_0,7,96,492,588,True,0.6769986449864499
Tox21,fedavg_proto,0.5,1,9,200,16,16,0.1,val,client_0,8,30,677,707,True,0.7093057607090103
Tox21,fedavg_proto,0.5,1,9,200,16,16,0.1,val,client_0,9,45,603,648,True,0.5778514833241202
Tox21,fedavg_proto,0.5,1,9,200,16,16,0.1,val,client_0,10,92,495,587,True,0.8011857707509882
Tox21,fedavg_proto,0.5,1,9,200,16,16,0.1,val,client_0,11,42,636,678,True,0.7117400419287212
Tox21,fedavg_proto,0.5,1,9,200,16,16,0.1,val,client_1,0,31,696,727,True,0.5175658138672599
Tox21,fedavg_proto,0.5,1,9,200,16,16,0.1,val,client_1,1,23,652,675,True,0.4571218991731128
Tox21,fedavg_proto,0.5,1,9,200,16,16,0.1,val,client_1,2,74,567,641,True,0.7825444492111159
Tox21,fedavg_proto,0.5,1,9,200,16,16,0.1,val,client_1,3,19,546,565,True,0.6703296703296704
Tox21,fedavg_proto,0.5,1,9,200,16,16,0.1,val,client_1,4,82,541,623,True,0.5927370271854289
Tox21,fedavg_proto,0.5,1,9,200,16,16,0.1,val,client_1,5,30,657,687,True,0.6062912227295789
Tox21,fedavg_proto,0.5,1,9,200,16,16,0.1,val,client_1,6,21,612,633,True,0.556878306878307
Tox21,fedavg_proto,0.5,1,9,200,16,16,0.1,val,client_1,7,96,492,588,True,0.6775702913279134
Tox21,fedavg_proto,0.5,1,9,200,16,16,0.1,val,client_1,8,30,677,707,True,0.734465780403742
Tox21,fedavg_proto,0.5,1,9,200,16,16,0.1,val,client_1,9,45,603,648,True,0.5628524046434494
Tox21,fedavg_proto,0.5,1,9,200,16,16,0.1,val,client_1,10,92,495,587,True,0.8419411506368029
Tox21,fedavg_proto,0.5,1,9,200,16,16,0.1,val,client_1,11,42,636,678,True,0.7302710392333034
Tox21,fedavg_proto,0.5,1,9,200,16,16,0.1,val,client_2,0,31,696,727,True,0.592927326659251
Tox21,fedavg_proto,0.5,1,9,200,16,16,0.1,val,client_2,1,23,652,675,True,0.5058682315284075
Tox21,fedavg_proto,0.5,1,9,200,16,16,0.1,val,client_2,2,74,567,641,True,0.7982267982267982
Tox21,fedavg_proto,0.5,1,9,200,16,16,0.1,val,client_2,3,19,546,565,True,0.7063813379602852
Tox21,fedavg_proto,0.5,1,9,200,16,16,0.1,val,client_2,4,82,541,623,True,0.6016185023218069
Tox21,fedavg_proto,0.5,1,9,200,16,16,0.1,val,client_2,5,30,657,687,True,0.6328259766615931
Tox21,fedavg_proto,0.5,1,9,200,16,16,0.1,val,client_2,6,21,612,633,True,0.5435729847494553
Tox21,fedavg_proto,0.5,1,9,200,16,16,0.1,val,client_2,7,96,492,588,True,0.6751778455284553
Tox21,fedavg_proto,0.5,1,9,200,16,16,0.1,val,client_2,8,30,677,707,True,0.7329394387001478
Tox21,fedavg_proto,0.5,1,9,200,16,16,0.1,val,client_2,9,45,603,648,True,0.567459001289847
Tox21,fedavg_proto,0.5,1,9,200,16,16,0.1,val,client_2,10,92,495,587,True,0.8041062801932368
Tox21,fedavg_proto,0.5,1,9,200,16,16,0.1,val,client_2,11,42,636,678,True,0.7377957472297095
Tox21,fedavg_proto,0.5,1,9,200,16,16,0.1,val,client_3,0,31,696,727,True,0.6202261772339637
Tox21,fedavg_proto,0.5,1,9,200,16,16,0.1,val,client_3,1,23,652,675,True,0.5529474526540411
Tox21,fedavg_proto,0.5,1,9,200,16,16,0.1,val,client_3,2,74,567,641,True,0.7923399590066257
Tox21,fedavg_proto,0.5,1,9,200,16,16,0.1,val,client_3,3,19,546,565,True,0.6923076923076923
Tox21,fedavg_proto,0.5,1,9,200,16,16,0.1,val,client_3,4,82,541,623,True,0.6065777016365357
Tox21,fedavg_proto,0.5,1,9,200,16,16,0.1,val,client_3,5,30,657,687,True,0.6461187214611872
Tox21,fedavg_proto,0.5,1,9,200,16,16,0.1,val,client_3,6,21,612,633,True,0.5433395580454404
Tox21,fedavg_proto,0.5,1,9,200,16,16,0.1,val,client_3,7,96,492,588,True,0.6636390582655827
Tox21,fedavg_proto,0.5,1,9,200,16,16,0.1,val,client_3,8,30,677,707,True,0.7291974396848843
Tox21,fedavg_proto,0.5,1,9,200,16,16,0.1,val,client_3,9,45,603,648,True,0.5738713838216326
Tox21,fedavg_proto,0.5,1,9,200,16,16,0.1,val,client_3,10,92,495,587,True,0.8388888888888888
Tox21,fedavg_proto,0.5,1,9,200,16,16,0.1,val,client_3,11,42,636,678,True,0.7386567834681043
Tox21,fedavg_proto,0.5,1,9,200,16,16,0.1,test,server,0,32,693,725,True,0.48372113997113997
Tox21,fedavg_proto,0.5,1,9,200,16,16,0.1,test,server,1,33,646,679,True,0.5772586546580354
Tox21,fedavg_proto,0.5,1,9,200,16,16,0.1,test,server,2,77,572,649,True,0.7980655707928436
Tox21,fedavg_proto,0.5,1,9,200,16,16,0.1,test,server,3,38,538,576,True,0.6640090001956565
Tox21,fedavg_proto,0.5,1,9,200,16,16,0.1,test,server,4,80,531,611,True,0.6236111111111111
Tox21,fedavg_proto,0.5,1,9,200,16,16,0.1,test,server,5,34,647,681,True,0.6305573233930357
Tox21,fedavg_proto,0.5,1,9,200,16,16,0.1,test,server,6,21,617,638,True,0.6726094003241491
Tox21,fedavg_proto,0.5,1,9,200,16,16,0.1,test,server,7,95,494,589,True,0.6909652674195611
Tox21,fedavg_proto,0.5,1,9,200,16,16,0.1,test,server,8,32,670,702,True,0.7005130597014925
Tox21,fedavg_proto,0.5,1,9,200,16,16,0.1,test,server,9,36,621,657,True,0.5375738056897477
Tox21,fedavg_proto,0.5,1,9,200,16,16,0.1,test,server,10,93,485,578,True,0.7680301518678638
Tox21,fedavg_proto,0.5,1,9,200,16,16,0.1,test,server,11,48,624,672,True,0.6809895833333333
Tox21,fedavg_proto,0.5,1,9,200,16,16,0.1,test,client_0,0,32,693,725,True,0.3467261904761905
Tox21,fedavg_proto,0.5,1,9,200,16,16,0.1,test,client_0,1,33,646,679,True,0.5188103949713857
Tox21,fedavg_proto,0.5,1,9,200,16,16,0.1,test,client_0,2,77,572,649,True,0.8091226954863319
Tox21,fedavg_proto,0.5,1,9,200,16,16,0.1,test,client_0,3,38,538,576,True,0.6521717863431813
Tox21,fedavg_proto,0.5,1,9,200,16,16,0.1,test,client_0,4,80,531,611,True,0.6070856873822976
Tox21,fedavg_proto,0.5,1,9,200,16,16,0.1,test,client_0,5,34,647,681,True,0.6242385671424675
Tox21,fedavg_proto,0.5,1,9,200,16,16,0.1,test,client_0,6,21,617,638,True,0.6536235239638805
Tox21,fedavg_proto,0.5,1,9,200,16,16,0.1,test,client_0,7,95,494,589,True,0.6716812273598977
Tox21,fedavg_proto,0.5,1,9,200,16,16,0.1,test,client_0,8,32,670,702,True,0.7226679104477614
Tox21,fedavg_proto,0.5,1,9,200,16,16,0.1,test,client_0,9,36,621,657,True,0.541018071211308
Tox21,fedavg_proto,0.5,1,9,200,16,16,0.1,test,client_0,10,93,485,578,True,0.7441303624875292
Tox21,fedavg_proto,0.5,1,9,200,16,16,0.1,test,client_0,11,48,624,672,True,0.6919070512820513
Tox21,fedavg_proto,0.5,1,9,200,16,16,0.1,test,client_1,0,32,693,725,True,0.50879329004329
Tox21,fedavg_proto,0.5,1,9,200,16,16,0.1,test,client_1,1,33,646,679,True,0.5941927010038465
Tox21,fedavg_proto,0.5,1,9,200,16,16,0.1,test,client_1,2,77,572,649,True,0.7699119062755425
Tox21,fedavg_proto,0.5,1,9,200,16,16,0.1,test,client_1,3,38,538,576,True,0.6695362942672666
Tox21,fedavg_proto,0.5,1,9,200,16,16,0.1,test,client_1,4,80,531,611,True,0.618220338983051
Tox21,fedavg_proto,0.5,1,9,200,16,16,0.1,test,client_1,5,34,647,681,True,0.6312846622420221
Tox21,fedavg_proto,0.5,1,9,200,16,16,0.1,test,client_1,6,21,617,638,True,0.6600293277764914
Tox21,fedavg_proto,0.5,1,9,200,16,16,0.1,test,client_1,7,95,494,589,True,0.6990198167483486
Tox21,fedavg_proto,0.5,1,9,200,16,16,0.1,test,client_1,8,32,670,702,True,0.6932835820895522
Tox21,fedavg_proto,0.5,1,9,200,16,16,0.1,test,client_1,9,36,621,657,True,0.5556897477187333
Tox21,fedavg_proto,0.5,1,9,200,16,16,0.1,test,client_1,10,93,485,578,True,0.7607582307948121
Tox21,fedavg_proto,0.5,1,9,200,16,16,0.1,test,client_1,11,48,624,672,True,0.6754139957264957
Tox21,fedavg_proto,0.5,1,9,200,16,16,0.1,test,client_2,0,32,693,725,True,0.5930735930735931
Tox21,fedavg_proto,0.5,1,9,200,16,16,0.1,test,client_2,1,33,646,679,True,0.6276386152547143
Tox21,fedavg_proto,0.5,1,9,200,16,16,0.1,test,client_2,2,77,572,649,True,0.7858505131232403
Tox21,fedavg_proto,0.5,1,9,200,16,16,0.1,test,client_2,3,38,538,576,True,0.6628350616317746
Tox21,fedavg_proto,0.5,1,9,200,16,16,0.1,test,client_2,4,80,531,611,True,0.6345103578154426
Tox21,fedavg_proto,0.5,1,9,200,16,16,0.1,test,client_2,5,34,647,681,True,0.5995545049549958
Tox21,fedavg_proto,0.5,1,9,200,16,16,0.1,test,client_2,6,21,617,638,True,0.6489156440534074
Tox21,fedavg_proto,0.5,1,9,200,16,16,0.1,test,client_2,7,95,494,589,True,0.6929895589175367
Tox21,fedavg_proto,0.5,1,9,200,16,16,0.1,test,client_2,8,32,670,702,True,0.6743003731343283
Tox21,fedavg_proto,0.5,1,9,200,16,16,0.1,test,client_2,9,36,621,657,True,0.5397208803005904
Tox21,fedavg_proto,0.5,1,9,200,16,16,0.1,test,client_2,10,93,485,578,True,0.75734397516905
Tox21,fedavg_proto,0.5,1,9,200,16,16,0.1,test,client_2,11,48,624,672,True,0.6796207264957265
Tox21,fedavg_proto,0.5,1,9,200,16,16,0.1,test,client_3,0,32,693,725,True,0.6330717893217893
Tox21,fedavg_proto,0.5,1,9,200,16,16,0.1,test,client_3,1,33,646,679,True,0.6892297588892016
Tox21,fedavg_proto,0.5,1,9,200,16,16,0.1,test,client_3,2,77,572,649,True,0.7912314957769503
Tox21,fedavg_proto,0.5,1,9,200,16,16,0.1,test,client_3,3,38,538,576,True,0.681764820974369
Tox21,fedavg_proto,0.5,1,9,200,16,16,0.1,test,client_3,4,80,531,611,True,0.6443502824858758
Tox21,fedavg_proto,0.5,1,9,200,16,16,0.1,test,client_3,5,34,647,681,True,0.6466042367487952
Tox21,fedavg_proto,0.5,1,9,200,16,16,0.1,test,client_3,6,21,617,638,True,0.6645828509685884
Tox21,fedavg_proto,0.5,1,9,200,16,16,0.1,test,client_3,7,95,494,589,True,0.688429575964202
Tox21,fedavg_proto,0.5,1,9,200,16,16,0.1,test,client_3,8,32,670,702,True,0.6863339552238805
Tox21,fedavg_proto,0.5,1,9,200,16,16,0.1,test,client_3,9,36,621,657,True,0.53802111290034
Tox21,fedavg_proto,0.5,1,9,200,16,16,0.1,test,client_3,10,93,485,578,True,0.7814432989690722
Tox21,fedavg_proto,0.5,1,9,200,16,16,0.1,test,client_3,11,48,624,672,True,0.6812566773504273
Tox21,fedavg_proto,0.5,1,10,200,16,16,0.1,val,server,0,31,696,727,True,0.5412958843159066
Tox21,fedavg_proto,0.5,1,10,200,16,16,0.1,val,server,1,23,652,675,True,0.4806615097359296
Tox21,fedavg_proto,0.5,1,10,200,16,16,0.1,val,server,2,74,567,641,True,0.8138853138853139
Tox21,fedavg_proto,0.5,1,10,200,16,16,0.1,val,server,3,19,546,565,True,0.7150568729516098
Tox21,fedavg_proto,0.5,1,10,200,16,16,0.1,val,server,4,82,541,623,True,0.6021144222532797
Tox21,fedavg_proto,0.5,1,10,200,16,16,0.1,val,server,5,30,657,687,True,0.6272957889396247
Tox21,fedavg_proto,0.5,1,10,200,16,16,0.1,val,server,6,21,612,633,True,0.5420946156240274
Tox21,fedavg_proto,0.5,1,10,200,16,16,0.1,val,server,7,96,492,588,True,0.6769139566395664
Tox21,fedavg_proto,0.5,1,10,200,16,16,0.1,val,server,8,30,677,707,True,0.730822255046775
Tox21,fedavg_proto,0.5,1,10,200,16,16,0.1,val,server,9,45,603,648,True,0.5805785885387875
Tox21,fedavg_proto,0.5,1,10,200,16,16,0.1,val,server,10,92,495,587,True,0.8344422485726833
Tox21,fedavg_proto,0.5,1,10,200,16,16,0.1,val,server,11,42,636,678,True,0.7314690026954178
Tox21,fedavg_proto,0.5,1,10,200,16,16,0.1,val,client_0,0,31,696,727,True,0.43006117908787544
Tox21,fedavg_proto,0.5,1,10,200,16,16,0.1,val,client_0,1,23,652,675,True,0.4043744998666311
Tox21,fedavg_proto,0.5,1,10,200,16,16,0.1,val,client_0,2,74,567,641,True,0.8341913341913342
Tox21,fedavg_proto,0.5,1,10,200,16,16,0.1,val,client_0,3,19,546,565,True,0.7159244264507423
Tox21,fedavg_proto,0.5,1,10,200,16,16,0.1,val,client_0,4,82,541,623,True,0.5895360894459223
Tox21,fedavg_proto,0.5,1,10,200,16,16,0.1,val,client_0,5,30,657,687,True,0.5927955352612887
Tox21,fedavg_proto,0.5,1,10,200,16,16,0.1,val,client_0,6,21,612,633,True,0.5273109243697479
Tox21,fedavg_proto,0.5,1,10,200,16,16,0.1,val,client_0,7,96,492,588,True,0.6785442073170732
Tox21,fedavg_proto,0.5,1,10,200,16,16,0.1,val,client_0,8,30,677,707,True,0.7121614967996062
Tox21,fedavg_proto,0.5,1,10,200,16,16,0.1,val,client_0,9,45,603,648,True,0.5845586880412751
Tox21,fedavg_proto,0.5,1,10,200,16,16,0.1,val,client_0,10,92,495,587,True,0.8172595520421607
Tox21,fedavg_proto,0.5,1,10,200,16,16,0.1,val,client_0,11,42,636,678,True,0.7170560047918538
Tox21,fedavg_proto,0.5,1,10,200,16,16,0.1,val,client_1,0,31,696,727,True,0.5387931034482758
Tox21,fedavg_proto,0.5,1,10,200,16,16,0.1,val,client_1,1,23,652,675,True,0.4695252067217925
Tox21,fedavg_proto,0.5,1,10,200,16,16,0.1,val,client_1,2,74,567,641,True,0.7917917917917919
Tox21,fedavg_proto,0.5,1,10,200,16,16,0.1,val,client_1,3,19,546,565,True,0.6890302679776363
Tox21,fedavg_proto,0.5,1,10,200,16,16,0.1,val,client_1,4,82,541,623,True,0.5954645868085299
Tox21,fedavg_proto,0.5,1,10,200,16,16,0.1,val,client_1,5,30,657,687,True,0.6198883815322171
Tox21,fedavg_proto,0.5,1,10,200,16,16,0.1,val,client_1,6,21,612,633,True,0.5572673513849984
Tox21,fedavg_proto,0.5,1,10,200,16,16,0.1,val,client_1,7,96,492,588,True,0.6819529132791327
Tox21,fedavg_proto,0.5,1,10,200,16,16,0.1,val,client_1,8,30,677,707,True,0.737370753323486
Tox21,fedavg_proto,0.5,1,10,200,16,16,0.1,val,client_1,9,45,603,648,True,0.5712179841533076
Tox21,fedavg_proto,0.5,1,10,200,16,16,0.1,val,client_1,10,92,495,587,True,0.8458058849363197
Tox21,fedavg_proto,0.5,1,10,200,16,16,0.1,val,client_1,11,42,636,678,True,0.7323674752920036
Tox21,fedavg_proto,0.5,1,10,200,16,16,0.1,val,client_2,0,31,696,727,True,0.6836763070077865
Tox21,fedavg_proto,0.5,1,10,200,16,16,0.1,val,client_2,1,23,652,675,True,0.5950253400906909
Tox21,fedavg_proto,0.5,1,10,200,16,16,0.1,val,client_2,2,74,567,641,True,0.8054006387339722
Tox21,fedavg_proto,0.5,1,10,200,16,16,0.1,val,client_2,3,19,546,565,True,0.7223828802776171
Tox21,fedavg_proto,0.5,1,10,200,16,16,0.1,val,client_2,4,82,541,623,True,0.6262567061899824
Tox21,fedavg_proto,0.5,1,10,200,16,16,0.1,val,client_2,5,30,657,687,True,0.6654997463216641
Tox21,fedavg_proto,0.5,1,10,200,16,16,0.1,val,client_2,6,21,612,633,True,0.5595238095238095
Tox21,fedavg_proto,0.5,1,10,200,16,16,0.1,val,client_2,7,96,492,588,True,0.6810425135501355
Tox21,fedavg_proto,0.5,1,10,200,16,16,0.1,val,client_2,8,30,677,707,True,0.7357951747907434
Tox21,fedavg_proto,0.5,1,10,200,16,16,0.1,val,client_2,9,45,603,648,True,0.5712548369264787
Tox21,fedavg_proto,0.5,1,10,200,16,16,0.1,val,client_2,10,92,495,587,True,0.8321036451471234
Tox21,fedavg_proto,0.5,1,10,200,16,16,0.1,val,client_2,11,42,636,678,True,0.7429619646600779
Tox21,fedavg_proto,0.5,1,10,200,16,16,0.1,val,client_3,0,31,696,727,True,0.7162124582869855
Tox21,fedavg_proto,0.5,1,10,200,16,16,0.1,val,client_3,1,23,652,675,True,0.6271005601493731
Tox21,fedavg_proto,0.5,1,10,200,16,16,0.1,val,client_3,2,74,567,641,True,0.7922922922922923
Tox21,fedavg_proto,0.5,1,10,200,16,16,0.1,val,client_3,3,19,546,565,True,0.714767688451899
Tox21,fedavg_proto,0.5,1,10,200,16,16,0.1,val,client_3,4,82,541,623,True,0.6438844055723367
Tox21,fedavg_proto,0.5,1,10,200,16,16,0.1,val,client_3,5,30,657,687,True,0.6903602232369356
Tox21,fedavg_proto,0.5,1,10,200,16,16,0.1,val,client_3,6,21,612,633,True,0.534780578898226
Tox21,fedavg_proto,0.5,1,10,200,16,16,0.1,val,client_3,7,96,492,588,True,0.6574144647696477
Tox21,fedavg_proto,0.5,1,10,200,16,16,0.1,val,client_3,8,30,677,707,True,0.7136878385032005
Tox21,fedavg_proto,0.5,1,10,200,16,16,0.1,val,client_3,9,45,603,648,True,0.5700755481850011
Tox21,fedavg_proto,0.5,1,10,200,16,16,0.1,val,client_3,10,92,495,587,True,0.8263065436978481
Tox21,fedavg_proto,0.5,1,10,200,16,16,0.1,val,client_3,11,42,636,678,True,0.7308700209643605
Tox21,fedavg_proto,0.5,1,10,200,16,16,0.1,test,server,0,32,693,725,True,0.5409000721500722
Tox21,fedavg_proto,0.5,1,10,200,16,16,0.1,test,server,1,33,646,679,True,0.6086874941364105
Tox21,fedavg_proto,0.5,1,10,200,16,16,0.1,test,server,2,77,572,649,True,0.8065797838525111
Tox21,fedavg_proto,0.5,1,10,200,16,16,0.1,test,server,3,38,538,576,True,0.6739385638818235
Tox21,fedavg_proto,0.5,1,10,200,16,16,0.1,test,server,4,80,531,611,True,0.6341572504708098
Tox21,fedavg_proto,0.5,1,10,200,16,16,0.1,test,server,5,34,647,681,True,0.6402854804982272
Tox21,fedavg_proto,0.5,1,10,200,16,16,0.1,test,server,6,21,617,638,True,0.6692907308790615
Tox21,fedavg_proto,0.5,1,10,200,16,16,0.1,test,server,7,95,494,589,True,0.696057958661837
Tox21,fedavg_proto,0.5,1,10,200,16,16,0.1,test,server,8,32,670,702,True,0.6972014925373134
Tox21,fedavg_proto,0.5,1,10,200,16,16,0.1,test,server,9,36,621,657,True,0.5415101091429594
Tox21,fedavg_proto,0.5,1,10,200,16,16,0.1,test,server,10,93,485,578,True,0.7837933710231682
Tox21,fedavg_proto,0.5,1,10,200,16,16,0.1,test,server,11,48,624,672,True,0.680622329059829
Tox21,fedavg_proto,0.5,1,10,200,16,16,0.1,test,client_0,0,32,693,725,True,0.4116161616161616
Tox21,fedavg_proto,0.5,1,10,200,16,16,0.1,test,client_0,1,33,646,679,True,0.5521624917909748
Tox21,fedavg_proto,0.5,1,10,200,16,16,0.1,test,client_0,2,77,572,649,True,0.8152075197529742
Tox21,fedavg_proto,0.5,1,10,200,16,16,0.1,test,client_0,3,38,538,576,True,0.6541772647231461
Tox21,fedavg_proto,0.5,1,10,200,16,16,0.1,test,client_0,4,80,531,611,True,0.6129001883239172
Tox21,fedavg_proto,0.5,1,10,200,16,16,0.1,test,client_0,5,34,647,681,True,0.6350122738430767
Tox21,fedavg_proto,0.5,1,10,200,16,16,0.1,test,client_0,6,21,617,638,True,0.6578683337192252
Tox21,fedavg_proto,0.5,1,10,200,16,16,0.1,test,client_0,7,95,494,589,True,0.6791178350735138
Tox21,fedavg_proto,0.5,1,10,200,16,16,0.1,test,client_0,8,32,670,702,True,0.722714552238806
Tox21,fedavg_proto,0.5,1,10,200,16,16,0.1,test,client_0,9,36,621,657,True,0.5473251028806584
Tox21,fedavg_proto,0.5,1,10,200,16,16,0.1,test,client_0,10,93,485,578,True,0.7528877064626982
Tox21,fedavg_proto,0.5,1,10,200,16,16,0.1,test,client_0,11,48,624,672,True,0.6897035256410257
Tox21,fedavg_proto,0.5,1,10,200,16,16,0.1,test,client_1,0,32,693,725,True,0.5284992784992785
Tox21,fedavg_proto,0.5,1,10,200,16,16,0.1,test,client_1,1,33,646,679,True,0.603996622572474
Tox21,fedavg_proto,0.5,1,10,200,16,16,0.1,test,client_1,2,77,572,649,True,0.7828989192625556
Tox21,fedavg_proto,0.5,1,10,200,16,16,0.1,test,client_1,3,38,538,576,True,0.6769712385051848
Tox21,fedavg_proto,0.5,1,10,200,16,16,0.1,test,client_1,4,80,531,611,True,0.6259887005649717
Tox21,fedavg_proto,0.5,1,10,200,16,16,0.1,test,client_1,5,34,647,681,True,0.6415128648058914
Tox21,fedavg_proto,0.5,1,10,200,16,16,0.1,test,client_1,6,21,617,638,True,0.6582542255151655
Tox21,fedavg_proto,0.5,1,10,200,16,16,0.1,test,client_1,7,95,494,589,True,0.701768591519284
Tox21,fedavg_proto,0.5,1,10,200,16,16,0.1,test,client_1,8,32,670,702,True,0.6992070895522388
Tox21,fedavg_proto,0.5,1,10,200,16,16,0.1,test,client_1,9,36,621,657,True,0.560028627661478
Tox21,fedavg_proto,0.5,1,10,200,16,16,0.1,test,client_1,10,93,485,578,True,0.7729298303957433
Tox21,fedavg_proto,0.5,1,10,200,16,16,0.1,test,client_1,11,48,624,672,True,0.6859308226495726
Tox21,fedavg_proto,0.5,1,10,200,16,16,0.1,test,client_2,0,32,693,725,True,0.6903860028860029
Tox21,fedavg_proto,0.5,1,10,200,16,16,0.1,test,client_2,1,33,646,679,True,0.7169059011164274
Tox21,fedavg_proto,0.5,1,10,200,16,16,0.1,test,client_2,2,77,572,649,True,0.796567069294342
Tox21,fedavg_proto,0.5,1,10,200,16,16,0.1,test,client_2,3,38,538,576,True,0.6931618078653884
Tox21,fedavg_proto,0.5,1,10,200,16,16,0.1,test,client_2,4,80,531,611,True,0.6479284369114877
Tox21,fedavg_proto,0.5,1,10,200,16,16,0.1,test,client_2,5,34,647,681,True,0.6486044185835076
Tox21,fedavg_proto,0.5,1,10,200,16,16,0.1,test,client_2,6,21,617,638,True,0.6544724859149494
Tox21,fedavg_proto,0.5,1,10,200,16,16,0.1,test,client_2,7,95,494,589,True,0.7082250159812488
Tox21,fedavg_proto,0.5,1,10,200,16,16,0.1,test,client_2,8,32,670,702,True,0.6828824626865672
Tox21,fedavg_proto,0.5,1,10,200,16,16,0.1,test,client_2,9,36,621,657,True,0.5526927894077652
Tox21,fedavg_proto,0.5,1,10,200,16,16,0.1,test,client_2,10,93,485,578,True,0.7825739940139674
Tox21,fedavg_proto,0.5,1,10,200,16,16,0.1,test,client_2,11,48,624,672,True,0.6825921474358975
Tox21,fedavg_proto,0.5,1,10,200,16,16,0.1,test,client_3,0,32,693,725,True,0.7454455266955267
Tox21,fedavg_proto,0.5,1,10,200,16,16,0.1,test,client_3,1,33,646,679,True,0.7548315977108546
Tox21,fedavg_proto,0.5,1,10,200,16,16,0.1,test,client_3,2,77,572,649,True,0.7861910816456272
Tox21,fedavg_proto,0.5,1,10,200,16,16,0.1,test,client_3,3,38,538,576,True,0.6709548033652906
Tox21,fedavg_proto,0.5,1,10,200,16,16,0.1,test,client_3,4,80,531,611,True,0.6608286252354049
Tox21,fedavg_proto,0.5,1,10,200,16,16,0.1,test,client_3,5,34,647,681,True,0.6604236748795345
Tox21,fedavg_proto,0.5,1,10,200,16,16,0.1,test,client_3,6,21,617,638,True,0.6510766381106737
Tox21,fedavg_proto,0.5,1,10,200,16,16,0.1,test,client_3,7,95,494,589,True,0.6849776262518644
Tox21,fedavg_proto,0.5,1,10,200,16,16,0.1,test,client_3,8,32,670,702,True,0.6660914179104478
Tox21,fedavg_proto,0.5,1,10,200,16,16,0.1,test,client_3,9,36,621,657,True,0.5343979244945428
Tox21,fedavg_proto,0.5,1,10,200,16,16,0.1,test,client_3,10,93,485,578,True,0.7719543287883828
Tox21,fedavg_proto,0.5,1,10,200,16,16,0.1,test,client_3,11,48,624,672,True,0.6675347222222222
Tox21,fedavg_proto,0.5,1,11,200,16,16,0.1,val,server,0,31,696,727,True,0.6166110493140526
Tox21,fedavg_proto,0.5,1,11,200,16,16,0.1,val,server,1,23,652,675,True,0.5478460922912777
Tox21,fedavg_proto,0.5,1,11,200,16,16,0.1,val,server,2,74,567,641,True,0.8172219838886505
Tox21,fedavg_proto,0.5,1,11,200,16,16,0.1,val,server,3,19,546,565,True,0.7173703489492963
Tox21,fedavg_proto,0.5,1,11,200,16,16,0.1,val,server,4,82,541,623,True,0.6131373698210181
Tox21,fedavg_proto,0.5,1,11,200,16,16,0.1,val,server,5,30,657,687,True,0.6424150177574834
Tox21,fedavg_proto,0.5,1,11,200,16,16,0.1,val,server,6,21,612,633,True,0.5529100529100529
Tox21,fedavg_proto,0.5,1,11,200,16,16,0.1,val,server,7,96,492,588,True,0.6789676490514904
Tox21,fedavg_proto,0.5,1,11,200,16,16,0.1,val,server,8,30,677,707,True,0.7283604135893649
Tox21,fedavg_proto,0.5,1,11,200,16,16,0.1,val,server,9,45,603,648,True,0.5846692463607887
Tox21,fedavg_proto,0.5,1,11,200,16,16,0.1,val,server,10,92,495,587,True,0.8441589811155028
Tox21,fedavg_proto,0.5,1,11,200,16,16,0.1,val,server,11,42,636,678,True,0.7324049116501947
Tox21,fedavg_proto,0.5,1,11,200,16,16,0.1,val,client_0,0,31,696,727,True,0.4932332220986281
Tox21,fedavg_proto,0.5,1,11,200,16,16,0.1,val,client_0,1,23,652,675,True,0.45865564150440113
Tox21,fedavg_proto,0.5,1,11,200,16,16,0.1,val,client_0,2,74,567,641,True,0.8392678392678393
Tox21,fedavg_proto,0.5,1,11,200,16,16,0.1,val,client_0,3,19,546,565,True,0.7085984191247349
Tox21,fedavg_proto,0.5,1,11,200,16,16,0.1,val,client_0,4,82,541,623,True,0.5942473287949146
Tox21,fedavg_proto,0.5,1,11,200,16,16,0.1,val,client_0,5,30,657,687,True,0.5930999492643327
Tox21,fedavg_proto,0.5,1,11,200,16,16,0.1,val,client_0,6,21,612,633,True,0.5298786181139121
Tox21,fedavg_proto,0.5,1,11,200,16,16,0.1,val,client_0,7,96,492,588,True,0.6837737127371273
Tox21,fedavg_proto,0.5,1,11,200,16,16,0.1,val,client_0,8,30,677,707,True,0.7064500246184147
Tox21,fedavg_proto,0.5,1,11,200,16,16,0.1,val,client_0,9,45,603,648,True,0.59469320066335
Tox21,fedavg_proto,0.5,1,11,200,16,16,0.1,val,client_0,10,92,495,587,True,0.8241106719367589
Tox21,fedavg_proto,0.5,1,11,200,16,16,0.1,val,client_0,11,42,636,678,True,0.7182165318957773
Tox21,fedavg_proto,0.5,1,11,200,16,16,0.1,val,client_1,0,31,696,727,True,0.560437523173897
Tox21,fedavg_proto,0.5,1,11,200,16,16,0.1,val,client_1,1,23,652,675,True,0.4917978127500667
Tox21,fedavg_proto,0.5,1,11,200,16,16,0.1,val,client_1,2,74,567,641,True,0.8022069688736354
Tox21,fedavg_proto,0.5,1,11,200,16,16,0.1,val,client_1,3,19,546,565,True,0.7034894929631772
Tox21,fedavg_proto,0.5,1,11,200,16,16,0.1,val,client_1,4,82,541,623,True,0.5961408412605382
Tox21,fedavg_proto,0.5,1,11,200,16,16,0.1,val,client_1,5,30,657,687,True,0.6253170979198377
Tox21,fedavg_proto,0.5,1,11,200,16,16,0.1,val,client_1,6,21,612,633,True,0.5568783068783069
Tox21,fedavg_proto,0.5,1,11,200,16,16,0.1,val,client_1,7,96,492,588,True,0.6847052845528456
Tox21,fedavg_proto,0.5,1,11,200,16,16,0.1,val,client_1,8,30,677,707,True,0.7354997538158543
Tox21,fedavg_proto,0.5,1,11,200,16,16,0.1,val,client_1,9,45,603,648,True,0.5807997051778147
Tox21,fedavg_proto,0.5,1,11,200,16,16,0.1,val,client_1,10,92,495,587,True,0.847167325428195
Tox21,fedavg_proto,0.5,1,11,200,16,16,0.1,val,client_1,11,42,636,678,True,0.7361859838274932
Tox21,fedavg_proto,0.5,1,11,200,16,16,0.1,val,client_2,0,31,696,727,True,0.7212180200222469
Tox21,fedavg_proto,0.5,1,11,200,16,16,0.1,val,client_2,1,23,652,675,True,0.6405041344358495
Tox21,fedavg_proto,0.5,1,11,200,16,16,0.1,val,client_2,2,74,567,641,True,0.8058296391629726
Tox21,fedavg_proto,0.5,1,11,200,16,16,0.1,val,client_2,3,19,546,565,True,0.7155388471177944
Tox21,fedavg_proto,0.5,1,11,200,16,16,0.1,val,client_2,4,82,541,623,True,0.6343492177990171
Tox21,fedavg_proto,0.5,1,11,200,16,16,0.1,val,client_2,5,30,657,687,True,0.6735159817351599
Tox21,fedavg_proto,0.5,1,11,200,16,16,0.1,val,client_2,6,21,612,633,True,0.5794428882664178
Tox21,fedavg_proto,0.5,1,11,200,16,16,0.1,val,client_2,7,96,492,588,True,0.684154810298103
Tox21,fedavg_proto,0.5,1,11,200,16,16,0.1,val,client_2,8,30,677,707,True,0.734958148695224
Tox21,fedavg_proto,0.5,1,11,200,16,16,0.1,val,client_2,9,45,603,648,True,0.5757140224801917
Tox21,fedavg_proto,0.5,1,11,200,16,16,0.1,val,client_2,10,92,495,587,True,0.8455643390425999
Tox21,fedavg_proto,0.5,1,11,200,16,16,0.1,val,client_2,11,42,636,678,True,0.7453953279424977
Tox21,fedavg_proto,0.5,1,11,200,16,16,0.1,val,client_3,0,31,696,727,True,0.7560252131998517
Tox21,fedavg_proto,0.5,1,11,200,16,16,0.1,val,client_3,1,23,652,675,True,0.686249666577754
Tox21,fedavg_proto,0.5,1,11,200,16,16,0.1,val,client_3,2,74,567,641,True,0.7971304637971305
Tox21,fedavg_proto,0.5,1,11,200,16,16,0.1,val,client_3,3,19,546,565,True,0.7229612492770388
Tox21,fedavg_proto,0.5,1,11,200,16,16,0.1,val,client_3,4,82,541,623,True,0.658807087146657
Tox21,fedavg_proto,0.5,1,11,200,16,16,0.1,val,client_3,5,30,657,687,True,0.7104515474378488
Tox21,fedavg_proto,0.5,1,11,200,16,16,0.1,val,client_3,6,21,612,633,True,0.5501089324618736
Tox21,fedavg_proto,0.5,1,11,200,16,16,0.1,val,client_3,7,96,492,588,True,0.6659891598915989
Tox21,fedavg_proto,0.5,1,11,200,16,16,0.1,val,client_3,8,30,677,707,True,0.7173806006893156
Tox21,fedavg_proto,0.5,1,11,200,16,16,0.1,val,client_3,9,45,603,648,True,0.5778146305509491
Tox21,fedavg_proto,0.5,1,11,200,16,16,0.1,val,client_3,10,92,495,587,True,0.8399868247694334
Tox21,fedavg_proto,0.5,1,11,200,16,16,0.1,val,client_3,11,42,636,678,True,0.7426250374363582
Tox21,fedavg_proto,0.5,1,11,200,16,16,0.1,test,server,0,32,693,725,True,0.6216630591630592
Tox21,fedavg_proto,0.5,1,11,200,16,16,0.1,test,server,1,33,646,679,True,0.6695750070363073
Tox21,fedavg_proto,0.5,1,11,200,16,16,0.1,test,server,2,77,572,649,True,0.8107801289619472
Tox21,fedavg_proto,0.5,1,11,200,16,16,0.1,test,server,3,38,538,576,True,0.6914498141263941
Tox21,fedavg_proto,0.5,1,11,200,16,16,0.1,test,server,4,80,531,611,True,0.6396657250470811
Tox21,fedavg_proto,0.5,1,11,200,16,16,0.1,test,server,5,34,647,681,True,0.6668788071642877
Tox21,fedavg_proto,0.5,1,11,200,16,16,0.1,test,server,6,21,617,638,True,0.6638110673767076
Tox21,fedavg_proto,0.5,1,11,200,16,16,0.1,test,server,7,95,494,589,True,0.7065842744513103
Tox21,fedavg_proto,0.5,1,11,200,16,16,0.1,test,server,8,32,670,702,True,0.7013992537313433
Tox21,fedavg_proto,0.5,1,11,200,16,16,0.1,test,server,9,36,621,657,True,0.5533637502236536
Tox21,fedavg_proto,0.5,1,11,200,16,16,0.1,test,server,10,93,485,578,True,0.7941691608469127
Tox21,fedavg_proto,0.5,1,11,200,16,16,0.1,test,server,11,48,624,672,True,0.6847622863247863
Tox21,fedavg_proto,0.5,1,11,200,16,16,0.1,test,client_0,0,32,693,725,True,0.4945436507936508
Tox21,fedavg_proto,0.5,1,11,200,16,16,0.1,test,client_0,1,33,646,679,True,0.6065766019326391
Tox21,fedavg_proto,0.5,1,11,200,16,16,0.1,test,client_0,2,77,572,649,True,0.816569793842521
Tox21,fedavg_proto,0.5,1,11,200,16,16,0.1,test,client_0,3,38,538,576,True,0.6670416748190177
Tox21,fedavg_proto,0.5,1,11,200,16,16,0.1,test,client_0,4,80,531,611,True,0.617467043314501
Tox21,fedavg_proto,0.5,1,11,200,16,16,0.1,test,client_0,5,34,647,681,True,0.6538321665605964
Tox21,fedavg_proto,0.5,1,11,200,16,16,0.1,test,client_0,6,21,617,638,True,0.6483753955390908
Tox21,fedavg_proto,0.5,1,11,200,16,16,0.1,test,client_0,7,95,494,589,True,0.6892819092265074
Tox21,fedavg_proto,0.5,1,11,200,16,16,0.1,test,client_0,8,32,670,702,True,0.7255597014925373
Tox21,fedavg_proto,0.5,1,11,200,16,16,0.1,test,client_0,9,36,621,657,True,0.565038468420111
Tox21,fedavg_proto,0.5,1,11,200,16,16,0.1,test,client_0,10,93,485,578,True,0.753818867087906
Tox21,fedavg_proto,0.5,1,11,200,16,16,0.1,test,client_0,11,48,624,672,True,0.6943442841880342
Tox21,fedavg_proto,0.5,1,11,200,16,16,0.1,test,client_1,0,32,693,725,True,0.5622745310245311
Tox21,fedavg_proto,0.5,1,11,200,16,16,0.1,test,client_1,1,33,646,679,True,0.6229008349751384
Tox21,fedavg_proto,0.5,1,11,200,16,16,0.1,test,client_1,2,77,572,649,True,0.7939787485242031
Tox21,fedavg_proto,0.5,1,11,200,16,16,0.1,test,client_1,3,38,538,576,True,0.6885638818235179
Tox21,fedavg_proto,0.5,1,11,200,16,16,0.1,test,client_1,4,80,531,611,True,0.6321327683615819
Tox21,fedavg_proto,0.5,1,11,200,16,16,0.1,test,client_1,5,34,647,681,True,0.6556505136830622
Tox21,fedavg_proto,0.5,1,11,200,16,16,0.1,test,client_1,6,21,617,638,True,0.6567106583314039
Tox21,fedavg_proto,0.5,1,11,200,16,16,0.1,test,client_1,7,95,494,589,True,0.7060515661623694
Tox21,fedavg_proto,0.5,1,11,200,16,16,0.1,test,client_1,8,32,670,702,True,0.7044309701492538
Tox21,fedavg_proto,0.5,1,11,200,16,16,0.1,test,client_1,9,36,621,657,True,0.5615047414564323
Tox21,fedavg_proto,0.5,1,11,200,16,16,0.1,test,client_1,10,93,485,578,True,0.7843254628090012
Tox21,fedavg_proto,0.5,1,11,200,16,16,0.1,test,client_1,11,48,624,672,True,0.6941439636752136
Tox21,fedavg_proto,0.5,1,11,200,16,16,0.1,test,client_2,0,32,693,725,True,0.7388167388167388
Tox21,fedavg_proto,0.5,1,11,200,16,16,0.1,test,client_2,1,33,646,679,True,0.7650342433624167
Tox21,fedavg_proto,0.5,1,11,200,16,16,0.1,test,client_2,2,77,572,649,True,0.800154391063482
Tox21,fedavg_proto,0.5,1,11,200,16,16,0.1,test,client_2,3,38,538,576,True,0.719037370377617
Tox21,fedavg_proto,0.5,1,11,200,16,16,0.1,test,client_2,4,80,531,611,True,0.6536487758945386
Tox21,fedavg_proto,0.5,1,11,200,16,16,0.1,test,client_2,5,34,647,681,True,0.6889262660241839
Tox21,fedavg_proto,0.5,1,11,200,16,16,0.1,test,client_2,6,21,617,638,True,0.6596434359805511
Tox21,fedavg_proto,0.5,1,11,200,16,16,0.1,test,client_2,7,95,494,589,True,0.7232900063924996
Tox21,fedavg_proto,0.5,1,11,200,16,16,0.1,test,client_2,8,32,670,702,True,0.6950093283582089
Tox21,fedavg_proto,0.5,1,11,200,16,16,0.1,test,client_2,9,36,621,657,True,0.5659330828412954
Tox21,fedavg_proto,0.5,1,11,200,16,16,0.1,test,client_2,10,93,485,578,True,0.7954550493293426
Tox21,fedavg_proto,0.5,1,11,200,16,16,0.1,test,client_2,11,48,624,672,True,0.6852964743589743
Tox21,fedavg_proto,0.5,1,11,200,16,16,0.1,test,client_3,0,32,693,725,True,0.7873376623376624
Tox21,fedavg_proto,0.5,1,11,200,16,16,0.1,test,client_3,1,33,646,679,True,0.8053288300966318
Tox21,fedavg_proto,0.5,1,11,200,16,16,0.1,test,client_3,2,77,572,649,True,0.7892561983471074
Tox21,fedavg_proto,0.5,1,11,200,16,16,0.1,test,client_3,3,38,538,576,True,0.6830855018587361
Tox21,fedavg_proto,0.5,1,11,200,16,16,0.1,test,client_3,4,80,531,611,True,0.6683615819209039
Tox21,fedavg_proto,0.5,1,11,200,16,16,0.1,test,client_3,5,34,647,681,True,0.6920174561323758
Tox21,fedavg_proto,0.5,1,11,200,16,16,0.1,test,client_3,6,21,617,638,True,0.6520799567801189
Tox21,fedavg_proto,0.5,1,11,200,16,16,0.1,test,client_3,7,95,494,589,True,0.6993820583848286
Tox21,fedavg_proto,0.5,1,11,200,16,16,0.1,test,client_3,8,32,670,702,True,0.6694029850746269
Tox21,fedavg_proto,0.5,1,11,200,16,16,0.1,test,client_3,9,36,621,657,True,0.5475934872070137
Tox21,fedavg_proto,0.5,1,11,200,16,16,0.1,test,client_3,10,93,485,578,True,0.7878284003990687
Tox21,fedavg_proto,0.5,1,11,200,16,16,0.1,test,client_3,11,48,624,672,True,0.6796875
Tox21,fedavg_proto,0.5,1,12,200,16,16,0.1,val,server,0,31,696,727,True,0.7059695958472378
Tox21,fedavg_proto,0.5,1,12,200,16,16,0.1,val,server,1,23,652,675,True,0.6282341957855428
Tox21,fedavg_proto,0.5,1,12,200,16,16,0.1,val,server,2,74,567,641,True,0.817722484389151
Tox21,fedavg_proto,0.5,1,12,200,16,16,0.1,val,server,3,19,546,565,True,0.7186234817813765
Tox21,fedavg_proto,0.5,1,12,200,16,16,0.1,val,server,4,82,541,623,True,0.634371759614084
Tox21,fedavg_proto,0.5,1,12,200,16,16,0.1,val,server,5,30,657,687,True,0.6668188736681887
Tox21,fedavg_proto,0.5,1,12,200,16,16,0.1,val,server,6,21,612,633,True,0.564347961406785
Tox21,fedavg_proto,0.5,1,12,200,16,16,0.1,val,server,7,96,492,588,True,0.681762364498645
Tox21,fedavg_proto,0.5,1,12,200,16,16,0.1,val,server,8,30,677,707,True,0.7284588872476612
Tox21,fedavg_proto,0.5,1,12,200,16,16,0.1,val,server,9,45,603,648,True,0.5865118850193477
Tox21,fedavg_proto,0.5,1,12,200,16,16,0.1,val,server,10,92,495,587,True,0.8492753623188406
Tox21,fedavg_proto,0.5,1,12,200,16,16,0.1,val,server,11,42,636,678,True,0.7384321653189577
Tox21,fedavg_proto,0.5,1,12,200,16,16,0.1,val,client_0,0,31,696,727,True,0.5621987393400074
Tox21,fedavg_proto,0.5,1,12,200,16,16,0.1,val,client_0,1,23,652,675,True,0.5194718591624433
Tox21,fedavg_proto,0.5,1,12,200,16,16,0.1,val,client_0,2,74,567,641,True,0.8320939987606654
Tox21,fedavg_proto,0.5,1,12,200,16,16,0.1,val,client_0,3,19,546,565,True,0.7012724117987276
Tox21,fedavg_proto,0.5,1,12,200,16,16,0.1,val,client_0,4,82,541,623,True,0.597132681123484
Tox21,fedavg_proto,0.5,1,12,200,16,16,0.1,val,client_0,5,30,657,687,True,0.6113647894469812
Tox21,fedavg_proto,0.5,1,12,200,16,16,0.1,val,client_0,6,21,612,633,True,0.5252100840336135
Tox21,fedavg_proto,0.5,1,12,200,16,16,0.1,val,client_0,7,96,492,588,True,0.6888973577235773
Tox21,fedavg_proto,0.5,1,12,200,16,16,0.1,val,client_0,8,30,677,707,True,0.709945839487937
Tox21,fedavg_proto,0.5,1,12,200,16,16,0.1,val,client_0,9,45,603,648,True,0.6177630366685093
Tox21,fedavg_proto,0.5,1,12,200,16,16,0.1,val,client_0,10,92,495,587,True,0.8283706631532719
Tox21,fedavg_proto,0.5,1,12,200,16,16,0.1,val,client_0,11,42,636,678,True,0.7182914046121593
Tox21,fedavg_proto,0.5,1,12,200,16,16,0.1,val,client_1,0,31,696,727,True,0.6585558027437894
Tox21,fedavg_proto,0.5,1,12,200,16,16,0.1,val,client_1,1,23,652,675,True,0.5912910109362497
Tox21,fedavg_proto,0.5,1,12,200,16,16,0.1,val,client_1,2,74,567,641,True,0.787620954287621
Tox21,fedavg_proto,0.5,1,12,200,16,16,0.1,val,client_1,3,19,546,565,True,0.7071524966261808
Tox21,fedavg_proto,0.5,1,12,200,16,16,0.1,val,client_1,4,82,541,623,True,0.6139488751634283
Tox21,fedavg_proto,0.5,1,12,200,16,16,0.1,val,client_1,5,30,657,687,True,0.6521562658548961
Tox21,fedavg_proto,0.5,1,12,200,16,16,0.1,val,client_1,6,21,612,633,True,0.5681995020230315
Tox21,fedavg_proto,0.5,1,12,200,16,16,0.1,val,client_1,7,96,492,588,True,0.6845570799457994
Tox21,fedavg_proto,0.5,1,12,200,16,16,0.1,val,client_1,8,30,677,707,True,0.7355489906450023
Tox21,fedavg_proto,0.5,1,12,200,16,16,0.1,val,client_1,9,45,603,648,True,0.5856274184632393
Tox21,fedavg_proto,0.5,1,12,200,16,16,0.1,val,client_1,10,92,495,587,True,0.8637461572244179
Tox21,fedavg_proto,0.5,1,12,200,16,16,0.1,val,client_1,11,42,636,678,True,0.7420634920634921
Tox21,fedavg_proto,0.5,1,12,200,16,16,0.1,val,client_2,0,31,696,727,True,0.7863830181683351
Tox21,fedavg_proto,0.5,1,12,200,16,16,0.1,val,client_2,1,23,652,675,True,0.7173246198986396
Tox21,fedavg_proto,0.5,1,12,200,16,16,0.1,val,client_2,2,74,567,641,True,0.8082129748796416
Tox21,fedavg_proto,0.5,1,12,200,16,16,0.1,val,client_2,3,19,546,565,True,0.7284557547715442
Tox21,fedavg_proto,0.5,1,12,200,16,16,0.1,val,client_2,4,82,541,623,True,0.6607231414273478
Tox21,fedavg_proto,0.5,1,12,200,16,16,0.1,val,client_2,5,30,657,687,True,0.7066971080669712
Tox21,fedavg_proto,0.5,1,12,200,16,16,0.1,val,client_2,6,21,612,633,True,0.5771864301276065
Tox21,fedavg_proto,0.5,1,12,200,16,16,0.1,val,client_2,7,96,492,588,True,0.6851287262872628
Tox21,fedavg_proto,0.5,1,12,200,16,16,0.1,val,client_2,8,30,677,707,True,0.7318562284588873
Tox21,fedavg_proto,0.5,1,12,200,16,16,0.1,val,client_2,9,45,603,648,True,0.5772618389533812
Tox21,fedavg_proto,0.5,1,12,200,16,16,0.1,val,client_2,10,92,495,587,True,0.8469916556873078
Tox21,fedavg_proto,0.5,1,12,200,16,16,0.1,val,client_2,11,42,636,678,True,0.7521338724168913
Tox21,fedavg_proto,0.5,1,12,200,16,16,0.1,val,client_3,0,31,696,727,True,0.7698368557656655
Tox21,fedavg_proto,0.5,1,12,200,16,16,0.1,val,client_3,1,23,652,675,True,0.7209255801547079
Tox21,fedavg_proto,0.5,1,12,200,16,16,0.1,val,client_3,2,74,567,641,True,0.7976786310119643
Tox21,fedavg_proto,0.5,1,12,200,16,16,0.1,val,client_3,3,19,546,565,True,0.7173703489492963
Tox21,fedavg_proto,0.5,1,12,200,16,16,0.1,val,client_3,4,82,541,623,True,0.6703484964609351
Tox21,fedavg_proto,0.5,1,12,200,16,16,0.1,val,client_3,5,30,657,687,True,0.7218670725520041
Tox21,fedavg_proto,0.5,1,12,200,16,16,0.1,val,client_3,6,21,612,633,True,0.5559446000622471
Tox21,fedavg_proto,0.5,1,12,200,16,16,0.1,val,client_3,7,96,492,588,True,0.6684662940379404
Tox21,fedavg_proto,0.5,1,12,200,16,16,0.1,val,client_3,8,30,677,707,True,0.708025603151157
Tox21,fedavg_proto,0.5,1,12,200,16,16,0.1,val,client_3,9,45,603,648,True,0.5798046803021928
Tox21,fedavg_proto,0.5,1,12,200,16,16,0.1,val,client_3,10,92,495,587,True,0.8471892841458057
Tox21,fedavg_proto,0.5,1,12,200,16,16,0.1,val,client_3,11,42,636,678,True,0.7377583108715183
Tox21,fedavg_proto,0.5,1,12,200,16,16,0.1,test,server,0,32,693,725,True,0.7163600288600289
Tox21,fedavg_proto,0.5,1,12,200,16,16,0.1,test,server,1,33,646,679,True,0.7496481846327048
Tox21,fedavg_proto,0.5,1,12,200,16,16,0.1,test,server,2,77,572,649,True,0.8098265370992643
Tox21,fedavg_proto,0.5,1,12,200,16,16,0.1,test,server,3,38,538,576,True,0.7034337702993543
Tox21,fedavg_proto,0.5,1,12,200,16,16,0.1,test,server,4,80,531,611,True,0.6518361581920904
Tox21,fedavg_proto,0.5,1,12,200,16,16,0.1,test,server,5,34,647,681,True,0.6891990180925539
Tox21,fedavg_proto,0.5,1,12,200,16,16,0.1,test,server,6,21,617,638,True,0.6597977926989272
Tox21,fedavg_proto,0.5,1,12,200,16,16,0.1,test,server,7,95,494,589,True,0.7175154485403792
Tox21,fedavg_proto,0.5,1,12,200,16,16,0.1,test,server,8,32,670,702,True,0.7028451492537313
Tox21,fedavg_proto,0.5,1,12,200,16,16,0.1,test,server,9,36,621,657,True,0.5673644659151905
Tox21,fedavg_proto,0.5,1,12,200,16,16,0.1,test,server,10,93,485,578,True,0.8040128588848243
Tox21,fedavg_proto,0.5,1,12,200,16,16,0.1,test,server,11,48,624,672,True,0.6854967948717948
Tox21,fedavg_proto,0.5,1,12,200,16,16,0.1,test,client_0,0,32,693,725,True,0.5643037518037518
Tox21,fedavg_proto,0.5,1,12,200,16,16,0.1,test,client_0,1,33,646,679,True,0.6415235950839666
Tox21,fedavg_proto,0.5,1,12,200,16,16,0.1,test,client_0,2,77,572,649,True,0.8078966488057397
Tox21,fedavg_proto,0.5,1,12,200,16,16,0.1,test,client_0,3,38,538,576,True,0.6517804734885541
Tox21,fedavg_proto,0.5,1,12,200,16,16,0.1,test,client_0,4,80,531,611,True,0.6330743879472693
Tox21,fedavg_proto,0.5,1,12,200,16,16,0.1,test,client_0,5,34,647,681,True,0.6715155923265751
Tox21,fedavg_proto,0.5,1,12,200,16,16,0.1,test,client_0,6,21,617,638,True,0.662421856911322
Tox21,fedavg_proto,0.5,1,12,200,16,16,0.1,test,client_0,7,95,494,589,True,0.707969316002557
Tox21,fedavg_proto,0.5,1,12,200,16,16,0.1,test,client_0,8,32,670,702,True,0.724160447761194
Tox21,fedavg_proto,0.5,1,12,200,16,16,0.1,test,client_0,9,36,621,657,True,0.5827518339595634
Tox21,fedavg_proto,0.5,1,12,200,16,16,0.1,test,client_0,10,93,485,578,True,0.7728633189225141
Tox21,fedavg_proto,0.5,1,12,200,16,16,0.1,test,client_0,11,48,624,672,True,0.684127938034188
Tox21,fedavg_proto,0.5,1,12,200,16,16,0.1,test,client_1,0,32,693,725,True,0.6787518037518038
Tox21,fedavg_proto,0.5,1,12,200,16,16,0.1,test,client_1,1,33,646,679,True,0.7230978515808237
Tox21,fedavg_proto,0.5,1,12,200,16,16,0.1,test,client_1,2,77,572,649,True,0.7886658795749704
Tox21,fedavg_proto,0.5,1,12,200,16,16,0.1,test,client_1,3,38,538,576,True,0.7127763647035805
Tox21,fedavg_proto,0.5,1,12,200,16,16,0.1,test,client_1,4,80,531,611,True,0.6451035781544255
Tox21,fedavg_proto,0.5,1,12,200,16,16,0.1,test,client_1,5,34,647,681,True,0.6822438403491227
Tox21,fedavg_proto,0.5,1,12,200,16,16,0.1,test,client_1,6,21,617,638,True,0.6410434514162229
Tox21,fedavg_proto,0.5,1,12,200,16,16,0.1,test,client_1,7,95,494,589,True,0.7181546984871084
Tox21,fedavg_proto,0.5,1,12,200,16,16,0.1,test,client_1,8,32,670,702,True,0.7062033582089553
Tox21,fedavg_proto,0.5,1,12,200,16,16,0.1,test,client_1,9,36,621,657,True,0.5749686884952584
Tox21,fedavg_proto,0.5,1,12,200,16,16,0.1,test,client_1,10,93,485,578,True,0.7935040461146213
Tox21,fedavg_proto,0.5,1,12,200,16,16,0.1,test,client_1,11,48,624,672,True,0.6927751068376068
Tox21,fedavg_proto,0.5,1,12,200,16,16,0.1,test,client_2,0,32,693,725,True,0.7994678932178932
Tox21,fedavg_proto,0.5,1,12,200,16,16,0.1,test,client_2,1,33,646,679,True,0.8291584576414298
Tox21,fedavg_proto,0.5,1,12,200,16,16,0.1,test,client_2,2,77,572,649,True,0.7956588865679775
Tox21,fedavg_proto,0.5,1,12,200,16,16,0.1,test,client_2,3,38,538,576,True,0.7159068675405987
Tox21,fedavg_proto,0.5,1,12,200,16,16,0.1,test,client_2,4,80,531,611,True,0.6672551789077213
Tox21,fedavg_proto,0.5,1,12,200,16,16,0.1,test,client_2,5,34,647,681,True,0.7121101918356214
Tox21,fedavg_proto,0.5,1,12,200,16,16,0.1,test,client_2,6,21,617,638,True,0.6621131434745697
Tox21,fedavg_proto,0.5,1,12,200,16,16,0.1,test,client_2,7,95,494,589,True,0.7316215640315363
Tox21,fedavg_proto,0.5,1,12,200,16,16,0.1,test,client_2,8,32,670,702,True,0.6845149253731344
Tox21,fedavg_proto,0.5,1,12,200,16,16,0.1,test,client_2,9,36,621,657,True,0.57027196278404
Tox21,fedavg_proto,0.5,1,12,200,16,16,0.1,test,client_2,10,93,485,578,True,0.7971621771422237
Tox21,fedavg_proto,0.5,1,12,200,16,16,0.1,test,client_2,11,48,624,672,True,0.6924746260683761
Tox21,fedavg_proto,0.5,1,12,200,16,16,0.1,test,client_3,0,32,693,725,True,0.8004599567099567
Tox21,fedavg_proto,0.5,1,12,200,16,16,0.1,test,client_3,1,33,646,679,True,0.8309878975513652
Tox21,fedavg_proto,0.5,1,12,200,16,16,0.1,test,client_3,2,77,572,649,True,0.7880528562346745
Tox21,fedavg_proto,0.5,1,12,200,16,16,0.1,test,client_3,3,38,538,576,True,0.6931618078653884
Tox21,fedavg_proto,0.5,1,12,200,16,16,0.1,test,client_3,4,80,531,611,True,0.669373822975518
Tox21,fedavg_proto,0.5,1,12,200,16,16,0.1,test,client_3,5,34,647,681,True,0.7192926629693608
Tox21,fedavg_proto,0.5,1,12,200,16,16,0.1,test,client_3,6,21,617,638,True,0.654009415759821
Tox21,fedavg_proto,0.5,1,12,200,16,16,0.1,test,client_3,7,95,494,589,True,0.7062220328148305
Tox21,fedavg_proto,0.5,1,12,200,16,16,0.1,test,client_3,8,32,670,702,True,0.6624067164179105
Tox21,fedavg_proto,0.5,1,12,200,16,16,0.1,test,client_3,9,36,621,657,True,0.5550187869028449
Tox21,fedavg_proto,0.5,1,12,200,16,16,0.1,test,client_3,10,93,485,578,True,0.7994457377230906
Tox21,fedavg_proto,0.5,1,12,200,16,16,0.1,test,client_3,11,48,624,672,True,0.6711071047008547
Tox21,fedavg_proto,0.5,1,13,200,16,16,0.1,val,server,0,31,696,727,True,0.792918057100482
Tox21,fedavg_proto,0.5,1,13,200,16,16,0.1,val,server,1,23,652,675,True,0.7378634302480661
Tox21,fedavg_proto,0.5,1,13,200,16,16,0.1,val,server,2,74,567,641,True,0.8071643071643072
Tox21,fedavg_proto,0.5,1,13,200,16,16,0.1,val,server,3,19,546,565,True,0.7197802197802198
Tox21,fedavg_proto,0.5,1,13,200,16,16,0.1,val,server,4,82,541,623,True,0.6745638158784545
Tox21,fedavg_proto,0.5,1,13,200,16,16,0.1,val,server,5,30,657,687,True,0.7142567224759007
Tox21,fedavg_proto,0.5,1,13,200,16,16,0.1,val,server,6,21,612,633,True,0.5737628384687208
Tox21,fedavg_proto,0.5,1,13,200,16,16,0.1,val,server,7,96,492,588,True,0.6861449864498644
Tox21,fedavg_proto,0.5,1,13,200,16,16,0.1,val,server,8,30,677,707,True,0.7243229935992122
Tox21,fedavg_proto,0.5,1,13,200,16,16,0.1,val,server,9,45,603,648,True,0.5860696517412936
Tox21,fedavg_proto,0.5,1,13,200,16,16,0.1,val,server,10,92,495,587,True,0.8596179183135705
Tox21,fedavg_proto,0.5,1,13,200,16,16,0.1,val,server,11,42,636,678,True,0.7512728361784966
Tox21,fedavg_proto,0.5,1,13,200,16,16,0.1,val,client_0,0,31,696,727,True,0.7812847608453837
Tox21,fedavg_proto,0.5,1,13,200,16,16,0.1,val,client_0,1,23,652,675,True,0.7169911976527074
Tox21,fedavg_proto,0.5,1,13,200,16,16,0.1,val,client_0,2,74,567,641,True,0.821654988321655
Tox21,fedavg_proto,0.5,1,13,200,16,16,0.1,val,client_0,3,19,546,565,True,0.7240215924426451
Tox21,fedavg_proto,0.5,1,13,200,16,16,0.1,val,client_0,4,82,541,623,True,0.6701681619403994
Tox21,fedavg_proto,0.5,1,13,200,16,16,0.1,val,client_0,5,30,657,687,True,0.6886352105530188
Tox21,fedavg_proto,0.5,1,13,200,16,16,0.1,val,client_0,6,21,612,633,True,0.5617802676626206
Tox21,fedavg_proto,0.5,1,13,200,16,16,0.1,val,client_0,7,96,492,588,True,0.6971756436314365
Tox21,fedavg_proto,0.5,1,13,200,16,16,0.1,val,client_0,8,30,677,707,True,0.7194485475135401
Tox21,fedavg_proto,0.5,1,13,200,16,16,0.1,val,client_0,9,45,603,648,True,0.6184632393587617
Tox21,fedavg_proto,0.5,1,13,200,16,16,0.1,val,client_0,10,92,495,587,True,0.8480676328502416
Tox21,fedavg_proto,0.5,1,13,200,16,16,0.1,val,client_0,11,42,636,678,True,0.7428122192273137
Tox21,fedavg_proto,0.5,1,13,200,16,16,0.1,val,client_1,0,31,696,727,True,0.7133388950685947
Tox21,fedavg_proto,0.5,1,13,200,16,16,0.1,val,client_1,1,23,652,675,True,0.6475060016004268
Tox21,fedavg_proto,0.5,1,13,200,16,16,0.1,val,client_1,2,74,567,641,True,0.7901711235044568
Tox21,fedavg_proto,0.5,1,13,200,16,16,0.1,val,client_1,3,19,546,565,True,0.710140736456526
Tox21,fedavg_proto,0.5,1,13,200,16,16,0.1,val,client_1,4,82,541,623,True,0.6278797168748027
Tox21,fedavg_proto,0.5,1,13,200,16,16,0.1,val,client_1,5,30,657,687,True,0.6703196347031963
Tox21,fedavg_proto,0.5,1,13,200,16,16,0.1,val,client_1,6,21,612,633,True,0.5802987861811391
Tox21,fedavg_proto,0.5,1,13,200,16,16,0.1,val,client_1,7,96,492,588,True,0.6882833672086721
Tox21,fedavg_proto,0.5,1,13,200,16,16,0.1,val,client_1,8,30,677,707,True,0.7361890694239291
Tox21,fedavg_proto,0.5,1,13,200,16,16,0.1,val,client_1,9,45,603,648,True,0.5968675142804496
Tox21,fedavg_proto,0.5,1,13,200,16,16,0.1,val,client_1,10,92,495,587,True,0.8678963548528765
Tox21,fedavg_proto,0.5,1,13,200,16,16,0.1,val,client_1,11,42,636,678,True,0.7477163821503444
Tox21,fedavg_proto,0.5,1,13,200,16,16,0.1,val,client_2,0,31,696,727,True,0.8058490915832407
Tox21,fedavg_proto,0.5,1,13,200,16,16,0.1,val,client_2,1,23,652,675,True,0.7506668444918645
Tox21,fedavg_proto,0.5,1,13,200,16,16,0.1,val,client_2,2,74,567,641,True,0.7889079555746223
Tox21,fedavg_proto,0.5,1,13,200,16,16,0.1,val,client_2,3,19,546,565,True,0.7201657991131676
Tox21,fedavg_proto,0.5,1,13,200,16,16,0.1,val,client_2,4,82,541,623,True,0.6724448852621614
Tox21,fedavg_proto,0.5,1,13,200,16,16,0.1,val,client_2,5,30,657,687,True,0.7134956874682903
Tox21,fedavg_proto,0.5,1,13,200,16,16,0.1,val,client_2,6,21,612,633,True,0.5955493308434485
Tox21,fedavg_proto,0.5,1,13,200,16,16,0.1,val,client_2,7,96,492,588,True,0.6813600948509486
Tox21,fedavg_proto,0.5,1,13,200,16,16,0.1,val,client_2,8,30,677,707,True,0.7262924667651403
Tox21,fedavg_proto,0.5,1,13,200,16,16,0.1,val,client_2,9,45,603,648,True,0.5853325962778699
Tox21,fedavg_proto,0.5,1,13,200,16,16,0.1,val,client_2,10,92,495,587,True,0.8527887571365831
Tox21,fedavg_proto,0.5,1,13,200,16,16,0.1,val,client_2,11,42,636,678,True,0.7541179994010183
Tox21,fedavg_proto,0.5,1,13,200,16,16,0.1,val,client_3,0,31,696,727,True,0.778550241008528
Tox21,fedavg_proto,0.5,1,13,200,16,16,0.1,val,client_3,1,23,652,675,True,0.7429981328354228
Tox21,fedavg_proto,0.5,1,13,200,16,16,0.1,val,client_3,2,74,567,641,True,0.7976071309404642
Tox21,fedavg_proto,0.5,1,13,200,16,16,0.1,val,client_3,3,19,546,565,True,0.7262386736070947
Tox21,fedavg_proto,0.5,1,13,200,16,16,0.1,val,client_3,4,82,541,623,True,0.6840313782065731
Tox21,fedavg_proto,0.5,1,13,200,16,16,0.1,val,client_3,5,30,657,687,True,0.7329274479959412
Tox21,fedavg_proto,0.5,1,13,200,16,16,0.1,val,client_3,6,21,612,633,True,0.5427948957360722
Tox21,fedavg_proto,0.5,1,13,200,16,16,0.1,val,client_3,7,96,492,588,True,0.6702235772357724
Tox21,fedavg_proto,0.5,1,13,200,16,16,0.1,val,client_3,8,30,677,707,True,0.7040374199901527
Tox21,fedavg_proto,0.5,1,13,200,16,16,0.1,val,client_3,9,45,603,648,True,0.5854063018242123
Tox21,fedavg_proto,0.5,1,13,200,16,16,0.1,val,client_3,10,92,495,587,True,0.8533157663592447
Tox21,fedavg_proto,0.5,1,13,200,16,16,0.1,val,client_3,11,42,636,678,True,0.7414270739742438
Tox21,fedavg_proto,0.5,1,13,200,16,16,0.1,test,server,0,32,693,725,True,0.8205266955266955
Tox21,fedavg_proto,0.5,1,13,200,16,16,0.1,test,server,1,33,646,679,True,0.8481095787597336
Tox21,fedavg_proto,0.5,1,13,200,16,16,0.1,test,server,2,77,572,649,True,0.7954318408863863
Tox21,fedavg_proto,0.5,1,13,200,16,16,0.1,test,server,3,38,538,576,True,0.7251027196243397
Tox21,fedavg_proto,0.5,1,13,200,16,16,0.1,test,server,4,80,531,611,True,0.6754237288135593
Tox21,fedavg_proto,0.5,1,13,200,16,16,0.1,test,server,5,34,647,681,True,0.7319301754704973
Tox21,fedavg_proto,0.5,1,13,200,16,16,0.1,test,server,6,21,617,638,True,0.6464459365593888
Tox21,fedavg_proto,0.5,1,13,200,16,16,0.1,test,server,7,95,494,589,True,0.7401662049861497
Tox21,fedavg_proto,0.5,1,13,200,16,16,0.1,test,server,8,32,670,702,True,0.6898787313432836
Tox21,fedavg_proto,0.5,1,13,200,16,16,0.1,test,server,9,36,621,657,True,0.5785918769010556
Tox21,fedavg_proto,0.5,1,13,200,16,16,0.1,test,server,10,93,485,578,True,0.8075601374570447
Tox21,fedavg_proto,0.5,1,13,200,16,16,0.1,test,server,11,48,624,672,True,0.6873330662393162
Tox21,fedavg_proto,0.5,1,13,200,16,16,0.1,test,client_0,0,32,693,725,True,0.8137626262626263
Tox21,fedavg_proto,0.5,1,13,200,16,16,0.1,test,client_0,1,33,646,679,True,0.8308940801200864
Tox21,fedavg_proto,0.5,1,13,200,16,16,0.1,test,client_0,2,77,572,649,True,0.7939560439560439
Tox21,fedavg_proto,0.5,1,13,200,16,16,0.1,test,client_0,3,38,538,576,True,0.7389454118567795
Tox21,fedavg_proto,0.5,1,13,200,16,16,0.1,test,client_0,4,80,531,611,True,0.6636770244821093
Tox21,fedavg_proto,0.5,1,13,200,16,16,0.1,test,client_0,5,34,647,681,True,0.6907446131466497
Tox21,fedavg_proto,0.5,1,13,200,16,16,0.1,test,client_0,6,21,617,638,True,0.6185073705333024
Tox21,fedavg_proto,0.5,1,13,200,16,16,0.1,test,client_0,7,95,494,589,True,0.7650330279139144
Tox21,fedavg_proto,0.5,1,13,200,16,16,0.1,test,client_0,8,32,670,702,True,0.6942630597014925
Tox21,fedavg_proto,0.5,1,13,200,16,16,0.1,test,client_0,9,36,621,657,True,0.5975577026301663
Tox21,fedavg_proto,0.5,1,13,200,16,16,0.1,test,client_0,10,93,485,578,True,0.7807560137457045
Tox21,fedavg_proto,0.5,1,13,200,16,16,0.1,test,client_0,11,48,624,672,True,0.7077323717948718
Tox21,fedavg_proto,0.5,1,13,200,16,16,0.1,test,client_1,0,32,693,725,True,0.7335858585858586
Tox21,fedavg_proto,0.5,1,13,200,16,16,0.1,test,client_1,1,33,646,679,True,0.7730556337367483
Tox21,fedavg_proto,0.5,1,13,200,16,16,0.1,test,client_1,2,77,572,649,True,0.7893243120515848
Tox21,fedavg_proto,0.5,1,13,200,16,16,0.1,test,client_1,3,38,538,576,True,0.7242711798082566
Tox21,fedavg_proto,0.5,1,13,200,16,16,0.1,test,client_1,4,80,531,611,True,0.6539783427495293
Tox21,fedavg_proto,0.5,1,13,200,16,16,0.1,test,client_1,5,34,647,681,True,0.7045185925993273
Tox21,fedavg_proto,0.5,1,13,200,16,16,0.1,test,client_1,6,21,617,638,True,0.6415836999305394
Tox21,fedavg_proto,0.5,1,13,200,16,16,0.1,test,client_1,7,95,494,589,True,0.7277221393564883
Tox21,fedavg_proto,0.5,1,13,200,16,16,0.1,test,client_1,8,32,670,702,True,0.7159048507462686
Tox21,fedavg_proto,0.5,1,13,200,16,16,0.1,test,client_1,9,36,621,657,True,0.5882089819287887
Tox21,fedavg_proto,0.5,1,13,200,16,16,0.1,test,client_1,10,93,485,578,True,0.7984258951335772
Tox21,fedavg_proto,0.5,1,13,200,16,16,0.1,test,client_1,11,48,624,672,True,0.6923076923076923
Tox21,fedavg_proto,0.5,1,13,200,16,16,0.1,test,client_2,0,32,693,725,True,0.8231872294372294
Tox21,fedavg_proto,0.5,1,13,200,16,16,0.1,test,client_2,1,33,646,679,True,0.8561309691340652
Tox21,fedavg_proto,0.5,1,13,200,16,16,0.1,test,client_2,2,77,572,649,True,0.772386704204886
Tox21,fedavg_proto,0.5,1,13,200,16,16,0.1,test,client_2,3,38,538,576,True,0.7208961064370963
Tox21,fedavg_proto,0.5,1,13,200,16,16,0.1,test,client_2,4,80,531,611,True,0.6763888888888889
Tox21,fedavg_proto,0.5,1,13,200,16,16,0.1,test,client_2,5,34,647,681,True,0.7267024274934085
Tox21,fedavg_proto,0.5,1,13,200,16,16,0.1,test,client_2,6,21,617,638,True,0.6654318129196574
Tox21,fedavg_proto,0.5,1,13,200,16,16,0.1,test,client_2,7,95,494,589,True,0.7514809290432559
Tox21,fedavg_proto,0.5,1,13,200,16,16,0.1,test,client_2,8,32,670,702,True,0.6933768656716417
Tox21,fedavg_proto,0.5,1,13,200,16,16,0.1,test,client_2,9,36,621,657,True,0.5904902487028091
Tox21,fedavg_proto,0.5,1,13,200,16,16,0.1,test,client_2,10,93,485,578,True,0.7996674426338544
Tox21,fedavg_proto,0.5,1,13,200,16,16,0.1,test,client_2,11,48,624,672,True,0.6844284188034188
Tox21,fedavg_proto,0.5,1,13,200,16,16,0.1,test,client_3,0,32,693,725,True,0.816017316017316
Tox21,fedavg_proto,0.5,1,13,200,16,16,0.1,test,client_3,1,33,646,679,True,0.8346467773712356
Tox21,fedavg_proto,0.5,1,13,200,16,16,0.1,test,client_3,2,77,572,649,True,0.780764689855599
Tox21,fedavg_proto,0.5,1,13,200,16,16,0.1,test,client_3,3,38,538,576,True,0.6924770103697907
Tox21,fedavg_proto,0.5,1,13,200,16,16,0.1,test,client_3,4,80,531,611,True,0.6810263653483992
Tox21,fedavg_proto,0.5,1,13,200,16,16,0.1,test,client_3,5,34,647,681,True,0.7234294026729703
Tox21,fedavg_proto,0.5,1,13,200,16,16,0.1,test,client_3,6,21,617,638,True,0.6452882611715675
Tox21,fedavg_proto,0.5,1,13,200,16,16,0.1,test,client_3,7,95,494,589,True,0.7104623907948009
Tox21,fedavg_proto,0.5,1,13,200,16,16,0.1,test,client_3,8,32,670,702,True,0.6570429104477612
Tox21,fedavg_proto,0.5,1,13,200,16,16,0.1,test,client_3,9,36,621,657,True,0.5624888173197352
Tox21,fedavg_proto,0.5,1,13,200,16,16,0.1,test,client_3,10,93,485,578,True,0.8012637179913535
Tox21,fedavg_proto,0.5,1,13,200,16,16,0.1,test,client_3,11,48,624,672,True,0.6597889957264957
Tox21,fedavg_proto,0.5,1,14,200,16,16,0.1,val,server,0,31,696,727,True,0.7998702261772339
Tox21,fedavg_proto,0.5,1,14,200,16,16,0.1,val,server,1,23,652,675,True,0.7495998933048813
Tox21,fedavg_proto,0.5,1,14,200,16,16,0.1,val,server,2,74,567,641,True,0.8155536488869821
Tox21,fedavg_proto,0.5,1,14,200,16,16,0.1,val,server,3,19,546,565,True,0.7341430499325237
Tox21,fedavg_proto,0.5,1,14,200,16,16,0.1,val,server,4,82,541,623,True,0.6852260944051214
Tox21,fedavg_proto,0.5,1,14,200,16,16,0.1,val,server,5,30,657,687,True,0.725925925925926
Tox21,fedavg_proto,0.5,1,14,200,16,16,0.1,val,server,6,21,612,633,True,0.5740740740740742
Tox21,fedavg_proto,0.5,1,14,200,16,16,0.1,val,server,7,96,492,588,True,0.6915650406504065
Tox21,fedavg_proto,0.5,1,14,200,16,16,0.1,val,server,8,30,677,707,True,0.7239783357951748
Tox21,fedavg_proto,0.5,1,14,200,16,16,0.1,val,server,9,45,603,648,True,0.5924451814999079
Tox21,fedavg_proto,0.5,1,14,200,16,16,0.1,val,server,10,92,495,587,True,0.860540184453228
Tox21,fedavg_proto,0.5,1,14,200,16,16,0.1,val,server,11,42,636,678,True,0.7540805630428271
Tox21,fedavg_proto,0.5,1,14,200,16,16,0.1,val,client_0,0,31,696,727,True,0.7847144975899146
Tox21,fedavg_proto,0.5,1,14,200,16,16,0.1,val,client_0,1,23,652,675,True,0.7417311283008803
Tox21,fedavg_proto,0.5,1,14,200,16,16,0.1,val,client_0,2,74,567,641,True,0.8019686353019687
Tox21,fedavg_proto,0.5,1,14,200,16,16,0.1,val,client_0,3,19,546,565,True,0.734914208598419
Tox21,fedavg_proto,0.5,1,14,200,16,16,0.1,val,client_0,4,82,541,623,True,0.6726477615977638
Tox21,fedavg_proto,0.5,1,14,200,16,16,0.1,val,client_0,5,30,657,687,True,0.7035514967021816
Tox21,fedavg_proto,0.5,1,14,200,16,16,0.1,val,client_0,6,21,612,633,True,0.5807656395891689
Tox21,fedavg_proto,0.5,1,14,200,16,16,0.1,val,client_0,7,96,492,588,True,0.6985941734417345
Tox21,fedavg_proto,0.5,1,14,200,16,16,0.1,val,client_0,8,30,677,707,True,0.7269817823732152
Tox21,fedavg_proto,0.5,1,14,200,16,16,0.1,val,client_0,9,45,603,648,True,0.6159572507831215
Tox21,fedavg_proto,0.5,1,14,200,16,16,0.1,val,client_0,10,92,495,587,True,0.8463768115942029
Tox21,fedavg_proto,0.5,1,14,200,16,16,0.1,val,client_0,11,42,636,678,True,0.7517969451931715
Tox21,fedavg_proto,0.5,1,14,200,16,16,0.1,val,client_1,0,31,696,727,True,0.7632554690396737
Tox21,fedavg_proto,0.5,1,14,200,16,16,0.1,val,client_1,1,23,652,675,True,0.6853827687383303
Tox21,fedavg_proto,0.5,1,14,200,16,16,0.1,val,client_1,2,74,567,641,True,0.804637971304638
Tox21,fedavg_proto,0.5,1,14,200,16,16,0.1,val,client_1,3,19,546,565,True,0.719491035280509
Tox21,fedavg_proto,0.5,1,14,200,16,16,0.1,val,client_1,4,82,541,623,True,0.6509850773184257
Tox21,fedavg_proto,0.5,1,14,200,16,16,0.1,val,client_1,5,30,657,687,True,0.6961440892947742
Tox21,fedavg_proto,0.5,1,14,200,16,16,0.1,val,client_1,6,21,612,633,True,0.5928260192966075
Tox21,fedavg_proto,0.5,1,14,200,16,16,0.1,val,client_1,7,96,492,588,True,0.6917555894308943
Tox21,fedavg_proto,0.5,1,14,200,16,16,0.1,val,client_1,8,30,677,707,True,0.7326932545544067
Tox21,fedavg_proto,0.5,1,14,200,16,16,0.1,val,client_1,9,45,603,648,True,0.5922240648608808
Tox21,fedavg_proto,0.5,1,14,200,16,16,0.1,val,client_1,10,92,495,587,True,0.862736056214317
Tox21,fedavg_proto,0.5,1,14,200,16,16,0.1,val,client_1,11,42,636,678,True,0.7433363282419886
Tox21,fedavg_proto,0.5,1,14,200,16,16,0.1,val,client_2,0,31,696,727,True,0.8049684835001854
Tox21,fedavg_proto,0.5,1,14,200,16,16,0.1,val,client_2,1,23,652,675,True,0.7472659375833556
Tox21,fedavg_proto,0.5,1,14,200,16,16,0.1,val,client_2,2,74,567,641,True,0.8105009771676438
Tox21,fedavg_proto,0.5,1,14,200,16,16,0.1,val,client_2,3,19,546,565,True,0.7290341237709659
Tox21,fedavg_proto,0.5,1,14,200,16,16,0.1,val,client_2,4,82,541,623,True,0.6817771966998782
Tox21,fedavg_proto,0.5,1,14,200,16,16,0.1,val,client_2,5,30,657,687,True,0.726027397260274
Tox21,fedavg_proto,0.5,1,14,200,16,16,0.1,val,client_2,6,21,612,633,True,0.5831777155306567
Tox21,fedavg_proto,0.5,1,14,200,16,16,0.1,val,client_2,7,96,492,588,True,0.6845359078590786
Tox21,fedavg_proto,0.5,1,14,200,16,16,0.1,val,client_2,8,30,677,707,True,0.7292959133431807
Tox21,fedavg_proto,0.5,1,14,200,16,16,0.1,val,client_2,9,45,603,648,True,0.5875069098949697
Tox21,fedavg_proto,0.5,1,14,200,16,16,0.1,val,client_2,10,92,495,587,True,0.8476723759332454
Tox21,fedavg_proto,0.5,1,14,200,16,16,0.1,val,client_2,11,42,636,678,True,0.7456948188080263
Tox21,fedavg_proto,0.5,1,14,200,16,16,0.1,val,client_3,0,31,696,727,True,0.7937523173896923
Tox21,fedavg_proto,0.5,1,14,200,16,16,0.1,val,client_3,1,23,652,675,True,0.7548012803414245
Tox21,fedavg_proto,0.5,1,14,200,16,16,0.1,val,client_3,2,74,567,641,True,0.8113828113828115
Tox21,fedavg_proto,0.5,1,14,200,16,16,0.1,val,client_3,3,19,546,565,True,0.7423366107576634
Tox21,fedavg_proto,0.5,1,14,200,16,16,0.1,val,client_3,4,82,541,623,True,0.6809431495424011
Tox21,fedavg_proto,0.5,1,14,200,16,16,0.1,val,client_3,5,30,657,687,True,0.7364282090309487
Tox21,fedavg_proto,0.5,1,14,200,16,16,0.1,val,client_3,6,21,612,633,True,0.5486305633364457
Tox21,fedavg_proto,0.5,1,14,200,16,16,0.1,val,client_3,7,96,492,588,True,0.683519647696477
Tox21,fedavg_proto,0.5,1,14,200,16,16,0.1,val,client_3,8,30,677,707,True,0.710930576070901
Tox21,fedavg_proto,0.5,1,14,200,16,16,0.1,val,client_3,9,45,603,648,True,0.5960936060438548
Tox21,fedavg_proto,0.5,1,14,200,16,16,0.1,val,client_3,10,92,495,587,True,0.8565436978480456
Tox21,fedavg_proto,0.5,1,14,200,16,16,0.1,val,client_3,11,42,636,678,True,0.7549790356394129
Tox21,fedavg_proto,0.5,1,14,200,16,16,0.1,test,server,0,32,693,725,True,0.8304473304473304
Tox21,fedavg_proto,0.5,1,14,200,16,16,0.1,test,server,1,33,646,679,True,0.8574444131719674
Tox21,fedavg_proto,0.5,1,14,200,16,16,0.1,test,server,2,77,572,649,True,0.7964762510217056
Tox21,fedavg_proto,0.5,1,14,200,16,16,0.1,test,server,3,38,538,576,True,0.7219233026804931
Tox21,fedavg_proto,0.5,1,14,200,16,16,0.1,test,server,4,80,531,611,True,0.6793314500941621
Tox21,fedavg_proto,0.5,1,14,200,16,16,0.1,test,server,5,34,647,681,True,0.7338848986271479
Tox21,fedavg_proto,0.5,1,14,200,16,16,0.1,test,server,6,21,617,638,True,0.651308173188238
Tox21,fedavg_proto,0.5,1,14,200,16,16,0.1,test,server,7,95,494,589,True,0.7479224376731302
Tox21,fedavg_proto,0.5,1,14,200,16,16,0.1,test,server,8,32,670,702,True,0.690625
Tox21,fedavg_proto,0.5,1,14,200,16,16,0.1,test,server,9,36,621,657,True,0.5832438718912148
Tox21,fedavg_proto,0.5,1,14,200,16,16,0.1,test,server,10,93,485,578,True,0.8104866422791265
Tox21,fedavg_proto,0.5,1,14,200,16,16,0.1,test,server,11,48,624,672,True,0.6938434829059829
Tox21,fedavg_proto,0.5,1,14,200,16,16,0.1,test,client_0,0,32,693,725,True,0.8289141414141414
Tox21,fedavg_proto,0.5,1,14,200,16,16,0.1,test,client_0,1,33,646,679,True,0.855474247115114
Tox21,fedavg_proto,0.5,1,14,200,16,16,0.1,test,client_0,2,77,572,649,True,0.7770865498138225
Tox21,fedavg_proto,0.5,1,14,200,16,16,0.1,test,client_0,3,38,538,576,True,0.7428585404030522
Tox21,fedavg_proto,0.5,1,14,200,16,16,0.1,test,client_0,4,80,531,611,True,0.6676553672316385
Tox21,fedavg_proto,0.5,1,14,200,16,16,0.1,test,client_0,5,34,647,681,True,0.7084734975906901
Tox21,fedavg_proto,0.5,1,14,200,16,16,0.1,test,client_0,6,21,617,638,True,0.6076252218877827
Tox21,fedavg_proto,0.5,1,14,200,16,16,0.1,test,client_0,7,95,494,589,True,0.7754101853824845
Tox21,fedavg_proto,0.5,1,14,200,16,16,0.1,test,client_0,8,32,670,702,True,0.696035447761194
Tox21,fedavg_proto,0.5,1,14,200,16,16,0.1,test,client_0,9,36,621,657,True,0.6111558418321703
Tox21,fedavg_proto,0.5,1,14,200,16,16,0.1,test,client_0,10,93,485,578,True,0.7884713446402838
Tox21,fedavg_proto,0.5,1,14,200,16,16,0.1,test,client_0,11,48,624,672,True,0.7131410256410255
Tox21,fedavg_proto,0.5,1,14,200,16,16,0.1,test,client_1,0,32,693,725,True,0.7741702741702742
Tox21,fedavg_proto,0.5,1,14,200,16,16,0.1,test,client_1,1,33,646,679,True,0.8170560090064733
Tox21,fedavg_proto,0.5,1,14,200,16,16,0.1,test,client_1,2,77,572,649,True,0.7979066388157297
Tox21,fedavg_proto,0.5,1,14,200,16,16,0.1,test,client_1,3,38,538,576,True,0.7189884562707884
Tox21,fedavg_proto,0.5,1,14,200,16,16,0.1,test,client_1,4,80,531,611,True,0.6641007532956686
Tox21,fedavg_proto,0.5,1,14,200,16,16,0.1,test,client_1,5,34,647,681,True,0.7316574234021274
Tox21,fedavg_proto,0.5,1,14,200,16,16,0.1,test,client_1,6,21,617,638,True,0.6530832754495639
Tox21,fedavg_proto,0.5,1,14,200,16,16,0.1,test,client_1,7,95,494,589,True,0.7335180055401662
Tox21,fedavg_proto,0.5,1,14,200,16,16,0.1,test,client_1,8,32,670,702,True,0.7129664179104477
Tox21,fedavg_proto,0.5,1,14,200,16,16,0.1,test,client_1,9,36,621,657,True,0.5830202182859188
Tox21,fedavg_proto,0.5,1,14,200,16,16,0.1,test,client_1,10,93,485,578,True,0.8106640062077376
Tox21,fedavg_proto,0.5,1,14,200,16,16,0.1,test,client_1,11,48,624,672,True,0.689670138888889
Tox21,fedavg_proto,0.5,1,14,200,16,16,0.1,test,client_2,0,32,693,725,True,0.8157016594516595
Tox21,fedavg_proto,0.5,1,14,200,16,16,0.1,test,client_2,1,33,646,679,True,0.8460925039872409
Tox21,fedavg_proto,0.5,1,14,200,16,16,0.1,test,client_2,2,77,572,649,True,0.7844201253292162
Tox21,fedavg_proto,0.5,1,14,200,16,16,0.1,test,client_2,3,38,538,576,True,0.7000586969281941
Tox21,fedavg_proto,0.5,1,14,200,16,16,0.1,test,client_2,4,80,531,611,True,0.6756120527306968
Tox21,fedavg_proto,0.5,1,14,200,16,16,0.1,test,client_2,5,34,647,681,True,0.7197472497499772
Tox21,fedavg_proto,0.5,1,14,200,16,16,0.1,test,client_2,6,21,617,638,True,0.6646600293277765
Tox21,fedavg_proto,0.5,1,14,200,16,16,0.1,test,client_2,7,95,494,589,True,0.7457916045173663
Tox21,fedavg_proto,0.5,1,14,200,16,16,0.1,test,client_2,8,32,670,702,True,0.6893190298507463
Tox21,fedavg_proto,0.5,1,14,200,16,16,0.1,test,client_2,9,36,621,657,True,0.5818572195383789
Tox21,fedavg_proto,0.5,1,14,200,16,16,0.1,test,client_2,10,93,485,578,True,0.7974503935262166
Tox21,fedavg_proto,0.5,1,14,200,16,16,0.1,test,client_2,11,48,624,672,True,0.6696047008547008
Tox21,fedavg_proto,0.5,1,14,200,16,16,0.1,test,client_3,0,32,693,725,True,0.8260281385281385
Tox21,fedavg_proto,0.5,1,14,200,16,16,0.1,test,client_3,1,33,646,679,True,0.8545829815179661
Tox21,fedavg_proto,0.5,1,14,200,16,16,0.1,test,client_3,2,77,572,649,True,0.7881209699391517
Tox21,fedavg_proto,0.5,1,14,200,16,16,0.1,test,client_3,3,38,538,576,True,0.7044120524359224
Tox21,fedavg_proto,0.5,1,14,200,16,16,0.1,test,client_3,4,80,531,611,True,0.6899952919020715
Tox21,fedavg_proto,0.5,1,14,200,16,16,0.1,test,client_3,5,34,647,681,True,0.7341121920174563
Tox21,fedavg_proto,0.5,1,14,200,16,16,0.1,test,client_3,6,21,617,638,True,0.6564019448946515
Tox21,fedavg_proto,0.5,1,14,200,16,16,0.1,test,client_3,7,95,494,589,True,0.7235670147027489
Tox21,fedavg_proto,0.5,1,14,200,16,16,0.1,test,client_3,8,32,670,702,True,0.6753264925373135
Tox21,fedavg_proto,0.5,1,14,200,16,16,0.1,test,client_3,9,36,621,657,True,0.5709429235999284
Tox21,fedavg_proto,0.5,1,14,200,16,16,0.1,test,client_3,10,93,485,578,True,0.804057199866977
Tox21,fedavg_proto,0.5,1,14,200,16,16,0.1,test,client_3,11,48,624,672,True,0.6813234508547008
Tox21,fedavg_proto,0.5,1,15,200,16,16,0.1,val,server,0,31,696,727,True,0.7990359658880238
Tox21,fedavg_proto,0.5,1,15,200,16,16,0.1,val,server,1,23,652,675,True,0.7569351827153908
Tox21,fedavg_proto,0.5,1,15,200,16,16,0.1,val,server,2,74,567,641,True,0.8188664855331522
Tox21,fedavg_proto,0.5,1,15,200,16,16,0.1,val,server,3,19,546,565,True,0.7450356660882976
Tox21,fedavg_proto,0.5,1,15,200,16,16,0.1,val,server,4,82,541,623,True,0.6848428835489834
Tox21,fedavg_proto,0.5,1,15,200,16,16,0.1,val,server,5,30,657,687,True,0.7294266869609335
Tox21,fedavg_proto,0.5,1,15,200,16,16,0.1,val,server,6,21,612,633,True,0.5862900715841892
Tox21,fedavg_proto,0.5,1,15,200,16,16,0.1,val,server,7,96,492,588,True,0.6960746951219512
Tox21,fedavg_proto,0.5,1,15,200,16,16,0.1,val,server,8,30,677,707,True,0.7252092565238798
Tox21,fedavg_proto,0.5,1,15,200,16,16,0.1,val,server,9,45,603,648,True,0.5932190897365027
Tox21,fedavg_proto,0.5,1,15,200,16,16,0.1,val,server,10,92,495,587,True,0.8631093544137023
Tox21,fedavg_proto,0.5,1,15,200,16,16,0.1,val,server,11,42,636,678,True,0.7578990715783168
Tox21,fedavg_proto,0.5,1,15,200,16,16,0.1,val,client_0,0,31,696,727,True,0.7854097144975899
Tox21,fedavg_proto,0.5,1,15,200,16,16,0.1,val,client_0,1,23,652,675,True,0.7498666311016271
Tox21,fedavg_proto,0.5,1,15,200,16,16,0.1,val,client_0,2,74,567,641,True,0.8239191572524905
Tox21,fedavg_proto,0.5,1,15,200,16,16,0.1,val,client_0,3,19,546,565,True,0.7535184114131482
Tox21,fedavg_proto,0.5,1,15,200,16,16,0.1,val,client_0,4,82,541,623,True,0.6949867003291105
Tox21,fedavg_proto,0.5,1,15,200,16,16,0.1,val,client_0,5,30,657,687,True,0.7232876712328767
Tox21,fedavg_proto,0.5,1,15,200,16,16,0.1,val,client_0,6,21,612,633,True,0.5852007469654528
Tox21,fedavg_proto,0.5,1,15,200,16,16,0.1,val,client_0,7,96,492,588,True,0.702320460704607
Tox21,fedavg_proto,0.5,1,15,200,16,16,0.1,val,client_0,8,30,677,707,True,0.7187592319054652
Tox21,fedavg_proto,0.5,1,15,200,16,16,0.1,val,client_0,9,45,603,648,True,0.5992629445365764
Tox21,fedavg_proto,0.5,1,15,200,16,16,0.1,val,client_0,10,92,495,587,True,0.8552042160737813
Tox21,fedavg_proto,0.5,1,15,200,16,16,0.1,val,client_0,11,42,636,678,True,0.7467056004791854
Tox21,fedavg_proto,0.5,1,15,200,16,16,0.1,val,client_1,0,31,696,727,True,0.7769280682239526
Tox21,fedavg_proto,0.5,1,15,200,16,16,0.1,val,client_1,1,23,652,675,True,0.7032542011202988
Tox21,fedavg_proto,0.5,1,15,200,16,16,0.1,val,client_1,2,74,567,641,True,0.8054244720911388
Tox21,fedavg_proto,0.5,1,15,200,16,16,0.1,val,client_1,3,19,546,565,True,0.7237324079429343
Tox21,fedavg_proto,0.5,1,15,200,16,16,0.1,val,client_1,4,82,541,623,True,0.6471980523871782
Tox21,fedavg_proto,0.5,1,15,200,16,16,0.1,val,client_1,5,30,657,687,True,0.6998477929984779
Tox21,fedavg_proto,0.5,1,15,200,16,16,0.1,val,client_1,6,21,612,633,True,0.5995175848117025
Tox21,fedavg_proto,0.5,1,15,200,16,16,0.1,val,client_1,7,96,492,588,True,0.6933223238482386
Tox21,fedavg_proto,0.5,1,15,200,16,16,0.1,val,client_1,8,30,677,707,True,0.7392909896602659
Tox21,fedavg_proto,0.5,1,15,200,16,16,0.1,val,client_1,9,45,603,648,True,0.5956145199926295
Tox21,fedavg_proto,0.5,1,15,200,16,16,0.1,val,client_1,10,92,495,587,True,0.8684453227931489
Tox21,fedavg_proto,0.5,1,15,200,16,16,0.1,val,client_1,11,42,636,678,True,0.7514225816112609
Tox21,fedavg_proto,0.5,1,15,200,16,16,0.1,val,client_2,0,31,696,727,True,0.8100667408231369
Tox21,fedavg_proto,0.5,1,15,200,16,16,0.1,val,client_2,1,23,652,675,True,0.7586689783942385
Tox21,fedavg_proto,0.5,1,15,200,16,16,0.1,val,client_2,2,74,567,641,True,0.8113113113113112
Tox21,fedavg_proto,0.5,1,15,200,16,16,0.1,val,client_2,3,19,546,565,True,0.7434933487565066
Tox21,fedavg_proto,0.5,1,15,200,16,16,0.1,val,client_2,4,82,541,623,True,0.6826788693025563
Tox21,fedavg_proto,0.5,1,15,200,16,16,0.1,val,client_2,5,30,657,687,True,0.7301369863013698
Tox21,fedavg_proto,0.5,1,15,200,16,16,0.1,val,client_2,6,21,612,633,True,0.6060535325241208
Tox21,fedavg_proto,0.5,1,15,200,16,16,0.1,val,client_2,7,96,492,588,True,0.6918191056910569
Tox21,fedavg_proto,0.5,1,15,200,16,16,0.1,val,client_2,8,30,677,707,True,0.7309699655342196
Tox21,fedavg_proto,0.5,1,15,200,16,16,0.1,val,client_2,9,45,603,648,True,0.5974940114243597
Tox21,fedavg_proto,0.5,1,15,200,16,16,0.1,val,client_2,10,92,495,587,True,0.8574220465524813
Tox21,fedavg_proto,0.5,1,15,200,16,16,0.1,val,client_2,11,42,636,678,True,0.7608565438754118
Tox21,fedavg_proto,0.5,1,15,200,16,16,0.1,val,client_3,0,31,696,727,True,0.7956062291434928
Tox21,fedavg_proto,0.5,1,15,200,16,16,0.1,val,client_3,1,23,652,675,True,0.7604694585222727
Tox21,fedavg_proto,0.5,1,15,200,16,16,0.1,val,client_3,2,74,567,641,True,0.8192716526049859
Tox21,fedavg_proto,0.5,1,15,200,16,16,0.1,val,client_3,3,19,546,565,True,0.7516869095816464
Tox21,fedavg_proto,0.5,1,15,200,16,16,0.1,val,client_3,4,82,541,623,True,0.6824985347820207
Tox21,fedavg_proto,0.5,1,15,200,16,16,0.1,val,client_3,5,30,657,687,True,0.7395738203957383
Tox21,fedavg_proto,0.5,1,15,200,16,16,0.1,val,client_3,6,21,612,633,True,0.5535325241207595
Tox21,fedavg_proto,0.5,1,15,200,16,16,0.1,val,client_3,7,96,492,588,True,0.689723069105691
Tox21,fedavg_proto,0.5,1,15,200,16,16,0.1,val,client_3,8,30,677,707,True,0.7142294436238307
Tox21,fedavg_proto,0.5,1,15,200,16,16,0.1,val,client_3,9,45,603,648,True,0.6007739082365948
Tox21,fedavg_proto,0.5,1,15,200,16,16,0.1,val,client_3,10,92,495,587,True,0.8610891523935001
Tox21,fedavg_proto,0.5,1,15,200,16,16,0.1,val,client_3,11,42,636,678,True,0.7648247978436657
Tox21,fedavg_proto,0.5,1,15,200,16,16,0.1,test,server,0,32,693,725,True,0.8293650793650793
Tox21,fedavg_proto,0.5,1,15,200,16,16,0.1,test,server,1,33,646,679,True,0.8668730650154799
Tox21,fedavg_proto,0.5,1,15,200,16,16,0.1,test,server,2,77,572,649,True,0.805353737171919
Tox21,fedavg_proto,0.5,1,15,200,16,16,0.1,test,server,3,38,538,576,True,0.7323420074349443
Tox21,fedavg_proto,0.5,1,15,200,16,16,0.1,test,server,4,80,531,611,True,0.6845338983050848
Tox21,fedavg_proto,0.5,1,15,200,16,16,0.1,test,server,5,34,647,681,True,0.747067915265024
Tox21,fedavg_proto,0.5,1,15,200,16,16,0.1,test,server,6,21,617,638,True,0.6538550590414448
Tox21,fedavg_proto,0.5,1,15,200,16,16,0.1,test,server,7,95,494,589,True,0.7517366290219476
Tox21,fedavg_proto,0.5,1,15,200,16,16,0.1,test,server,8,32,670,702,True,0.6958022388059701
Tox21,fedavg_proto,0.5,1,15,200,16,16,0.1,test,server,9,36,621,657,True,0.5870012524601896
Tox21,fedavg_proto,0.5,1,15,200,16,16,0.1,test,server,10,93,485,578,True,0.8166056978162066
Tox21,fedavg_proto,0.5,1,15,200,16,16,0.1,test,server,11,48,624,672,True,0.7006209935897436
Tox21,fedavg_proto,0.5,1,15,200,16,16,0.1,test,client_0,0,32,693,725,True,0.8266143578643579
Tox21,fedavg_proto,0.5,1,15,200,16,16,0.1,test,client_0,1,33,646,679,True,0.8548175250961629
Tox21,fedavg_proto,0.5,1,15,200,16,16,0.1,test,client_0,2,77,572,649,True,0.8017437108346198
Tox21,fedavg_proto,0.5,1,15,200,16,16,0.1,test,client_0,3,38,538,576,True,0.7451575034239875
Tox21,fedavg_proto,0.5,1,15,200,16,16,0.1,test,client_0,4,80,531,611,True,0.6732344632768361
Tox21,fedavg_proto,0.5,1,15,200,16,16,0.1,test,client_0,5,34,647,681,True,0.7252022911173742
Tox21,fedavg_proto,0.5,1,15,200,16,16,0.1,test,client_0,6,21,617,638,True,0.6189704406884309
Tox21,fedavg_proto,0.5,1,15,200,16,16,0.1,test,client_0,7,95,494,589,True,0.7633922863839762
Tox21,fedavg_proto,0.5,1,15,200,16,16,0.1,test,client_0,8,32,670,702,True,0.6876865671641792
Tox21,fedavg_proto,0.5,1,15,200,16,16,0.1,test,client_0,9,36,621,657,True,0.5889246734657362
Tox21,fedavg_proto,0.5,1,15,200,16,16,0.1,test,client_0,10,93,485,578,True,0.8064737833943021
Tox21,fedavg_proto,0.5,1,15,200,16,16,0.1,test,client_0,11,48,624,672,True,0.6882678952991453
Tox21,fedavg_proto,0.5,1,15,200,16,16,0.1,test,client_1,0,32,693,725,True,0.7823322510822511
Tox21,fedavg_proto,0.5,1,15,200,16,16,0.1,test,client_1,1,33,646,679,True,0.8352565906745474
Tox21,fedavg_proto,0.5,1,15,200,16,16,0.1,test,client_1,2,77,572,649,True,0.7989737535192081
Tox21,fedavg_proto,0.5,1,15,200,16,16,0.1,test,client_1,3,38,538,576,True,0.7246135785560555
Tox21,fedavg_proto,0.5,1,15,200,16,16,0.1,test,client_1,4,80,531,611,True,0.6656073446327684
Tox21,fedavg_proto,0.5,1,15,200,16,16,0.1,test,client_1,5,34,647,681,True,0.7386126011455587
Tox21,fedavg_proto,0.5,1,15,200,16,16,0.1,test,client_1,6,21,617,638,True,0.6526202052944354
Tox21,fedavg_proto,0.5,1,15,200,16,16,0.1,test,client_1,7,95,494,589,True,0.735243980396335
Tox21,fedavg_proto,0.5,1,15,200,16,16,0.1,test,client_1,8,32,670,702,True,0.716464552238806
Tox21,fedavg_proto,0.5,1,15,200,16,16,0.1,test,client_1,9,36,621,657,True,0.5918321703345858
Tox21,fedavg_proto,0.5,1,15,200,16,16,0.1,test,client_1,10,93,485,578,True,0.8123711340206186
Tox21,fedavg_proto,0.5,1,15,200,16,16,0.1,test,client_1,11,48,624,672,True,0.7002871260683761
Tox21,fedavg_proto,0.5,1,15,200,16,16,0.1,test,client_2,0,32,693,725,True,0.8296356421356421
Tox21,fedavg_proto,0.5,1,15,200,16,16,0.1,test,client_2,1,33,646,679,True,0.8711417581386621
Tox21,fedavg_proto,0.5,1,15,200,16,16,0.1,test,client_2,2,77,572,649,True,0.7929570429570431
Tox21,fedavg_proto,0.5,1,15,200,16,16,0.1,test,client_2,3,38,538,576,True,0.7252005478379965
Tox21,fedavg_proto,0.5,1,15,200,16,16,0.1,test,client_2,4,80,531,611,True,0.6842514124293786
Tox21,fedavg_proto,0.5,1,15,200,16,16,0.1,test,client_2,5,34,647,681,True,0.7392944813164833
Tox21,fedavg_proto,0.5,1,15,200,16,16,0.1,test,client_2,6,21,617,638,True,0.6799799336266111
Tox21,fedavg_proto,0.5,1,15,200,16,16,0.1,test,client_2,7,95,494,589,True,0.7594289367142553
Tox21,fedavg_proto,0.5,1,15,200,16,16,0.1,test,client_2,8,32,670,702,True,0.7018190298507463
Tox21,fedavg_proto,0.5,1,15,200,16,16,0.1,test,client_2,9,36,621,657,True,0.595679012345679
Tox21,fedavg_proto,0.5,1,15,200,16,16,0.1,test,client_2,10,93,485,578,True,0.8076044784391974
Tox21,fedavg_proto,0.5,1,15,200,16,16,0.1,test,client_2,11,48,624,672,True,0.7010884081196581
Tox21,fedavg_proto,0.5,1,15,200,16,16,0.1,test,client_3,0,32,693,725,True,0.8304924242424243
Tox21,fedavg_proto,0.5,1,15,200,16,16,0.1,test,client_3,1,33,646,679,True,0.8644807205178722
Tox21,fedavg_proto,0.5,1,15,200,16,16,0.1,test,client_3,2,77,572,649,True,0.794342021614749
Tox21,fedavg_proto,0.5,1,15,200,16,16,0.1,test,client_3,3,38,538,576,True,0.7190862844844453
Tox21,fedavg_proto,0.5,1,15,200,16,16,0.1,test,client_3,4,80,531,611,True,0.6943738229755179
Tox21,fedavg_proto,0.5,1,15,200,16,16,0.1,test,client_3,5,34,647,681,True,0.7466587871624693
Tox21,fedavg_proto,0.5,1,15,200,16,16,0.1,test,client_3,6,21,617,638,True,0.6566334799722157
Tox21,fedavg_proto,0.5,1,15,200,16,16,0.1,test,client_3,7,95,494,589,True,0.7348178137651823
Tox21,fedavg_proto,0.5,1,15,200,16,16,0.1,test,client_3,8,32,670,702,True,0.6854477611940298
Tox21,fedavg_proto,0.5,1,15,200,16,16,0.1,test,client_3,9,36,621,657,True,0.5801127214170693
Tox21,fedavg_proto,0.5,1,15,200,16,16,0.1,test,client_3,10,93,485,578,True,0.810109743930828
Tox21,fedavg_proto,0.5,1,15,200,16,16,0.1,test,client_3,11,48,624,672,True,0.6961805555555556
Tox21,fedavg_proto,0.5,1,16,200,16,16,0.1,val,server,0,31,696,727,True,0.796533185020393
Tox21,fedavg_proto,0.5,1,16,200,16,16,0.1,val,server,1,23,652,675,True,0.7572686049613231
Tox21,fedavg_proto,0.5,1,16,200,16,16,0.1,val,server,2,74,567,641,True,0.8203679870346536
Tox21,fedavg_proto,0.5,1,16,200,16,16,0.1,val,server,3,19,546,565,True,0.7590129169076538
Tox21,fedavg_proto,0.5,1,16,200,16,16,0.1,val,server,4,82,541,623,True,0.6909517154321265
Tox21,fedavg_proto,0.5,1,16,200,16,16,0.1,val,server,5,30,657,687,True,0.7386605783866058
Tox21,fedavg_proto,0.5,1,16,200,16,16,0.1,val,server,6,21,612,633,True,0.5843448490507315
Tox21,fedavg_proto,0.5,1,16,200,16,16,0.1,val,server,7,96,492,588,True,0.6996951219512195
Tox21,fedavg_proto,0.5,1,16,200,16,16,0.1,val,server,8,30,677,707,True,0.7281142294436238
Tox21,fedavg_proto,0.5,1,16,200,16,16,0.1,val,server,9,45,603,648,True,0.6025059885756403
Tox21,fedavg_proto,0.5,1,16,200,16,16,0.1,val,server,10,92,495,587,True,0.8697408871321914
Tox21,fedavg_proto,0.5,1,16,200,16,16,0.1,val,server,11,42,636,678,True,0.7626160527103923
Tox21,fedavg_proto,0.5,1,16,200,16,16,0.1,val,client_0,0,31,696,727,True,0.7798943270300334
Tox21,fedavg_proto,0.5,1,16,200,16,16,0.1,val,client_0,1,23,652,675,True,0.7479327820752201
Tox21,fedavg_proto,0.5,1,16,200,16,16,0.1,val,client_0,2,74,567,641,True,0.8189141522474856
Tox21,fedavg_proto,0.5,1,16,200,16,16,0.1,val,client_0,3,19,546,565,True,0.7605552342394448
Tox21,fedavg_proto,0.5,1,16,200,16,16,0.1,val,client_0,4,82,541,623,True,0.6983679725891528
Tox21,fedavg_proto,0.5,1,16,200,16,16,0.1,val,client_0,5,30,657,687,True,0.7315575849822424
Tox21,fedavg_proto,0.5,1,16,200,16,16,0.1,val,client_0,6,21,612,633,True,0.5816215375038905
Tox21,fedavg_proto,0.5,1,16,200,16,16,0.1,val,client_0,7,96,492,588,True,0.7031885162601625
Tox21,fedavg_proto,0.5,1,16,200,16,16,0.1,val,client_0,8,30,677,707,True,0.7208271787296898
Tox21,fedavg_proto,0.5,1,16,200,16,16,0.1,val,client_0,9,45,603,648,True,0.6148885203611572
Tox21,fedavg_proto,0.5,1,16,200,16,16,0.1,val,client_0,10,92,495,587,True,0.8615942028985507
Tox21,fedavg_proto,0.5,1,16,200,16,16,0.1,val,client_0,11,42,636,678,True,0.751422581611261
Tox21,fedavg_proto,0.5,1,16,200,16,16,0.1,val,client_1,0,31,696,727,True,0.7991286614757137
Tox21,fedavg_proto,0.5,1,16,200,16,16,0.1,val,client_1,1,23,652,675,True,0.7417978127500666
Tox21,fedavg_proto,0.5,1,16,200,16,16,0.1,val,client_1,2,74,567,641,True,0.8027074693741361
Tox21,fedavg_proto,0.5,1,16,200,16,16,0.1,val,client_1,3,19,546,565,True,0.733468286099865
Tox21,fedavg_proto,0.5,1,16,200,16,16,0.1,val,client_1,4,82,541,623,True,0.6671250169063613
Tox21,fedavg_proto,0.5,1,16,200,16,16,0.1,val,client_1,5,30,657,687,True,0.7245560629122273
Tox21,fedavg_proto,0.5,1,16,200,16,16,0.1,val,client_1,6,21,612,633,True,0.6096327419856832
Tox21,fedavg_proto,0.5,1,16,200,16,16,0.1,val,client_1,7,96,492,588,True,0.6974508807588076
Tox21,fedavg_proto,0.5,1,16,200,16,16,0.1,val,client_1,8,30,677,707,True,0.7409158050221565
Tox21,fedavg_proto,0.5,1,16,200,16,16,0.1,val,client_1,9,45,603,648,True,0.6022848719366132
Tox21,fedavg_proto,0.5,1,16,200,16,16,0.1,val,client_1,10,92,495,587,True,0.8760210803689064
Tox21,fedavg_proto,0.5,1,16,200,16,16,0.1,val,client_1,11,42,636,678,True,0.7590221623240492
Tox21,fedavg_proto,0.5,1,16,200,16,16,0.1,val,client_2,0,31,696,727,True,0.8079810901001112
Tox21,fedavg_proto,0.5,1,16,200,16,16,0.1,val,client_2,1,23,652,675,True,0.7580021339023739
Tox21,fedavg_proto,0.5,1,16,200,16,16,0.1,val,client_2,2,74,567,641,True,0.8224891558224893
Tox21,fedavg_proto,0.5,1,16,200,16,16,0.1,val,client_2,3,19,546,565,True,0.7595912859070754
Tox21,fedavg_proto,0.5,1,16,200,16,16,0.1,val,client_2,4,82,541,623,True,0.6841440872819078
Tox21,fedavg_proto,0.5,1,16,200,16,16,0.1,val,client_2,5,30,657,687,True,0.7398782343987823
Tox21,fedavg_proto,0.5,1,16,200,16,16,0.1,val,client_2,6,21,612,633,True,0.588468720821662
Tox21,fedavg_proto,0.5,1,16,200,16,16,0.1,val,client_2,7,96,492,588,True,0.6944444444444444
Tox21,fedavg_proto,0.5,1,16,200,16,16,0.1,val,client_2,8,30,677,707,True,0.730329886755293
Tox21,fedavg_proto,0.5,1,16,200,16,16,0.1,val,client_2,9,45,603,648,True,0.5974940114243595
Tox21,fedavg_proto,0.5,1,16,200,16,16,0.1,val,client_2,10,92,495,587,True,0.8498243302591129
Tox21,fedavg_proto,0.5,1,16,200,16,16,0.1,val,client_2,11,42,636,678,True,0.7539682539682541
Tox21,fedavg_proto,0.5,1,16,200,16,16,0.1,val,client_3,0,31,696,727,True,0.7937523173896923
Tox21,fedavg_proto,0.5,1,16,200,16,16,0.1,val,client_3,1,23,652,675,True,0.7649373166177647
Tox21,fedavg_proto,0.5,1,16,200,16,16,0.1,val,client_3,2,74,567,641,True,0.8142428142428143
Tox21,fedavg_proto,0.5,1,16,200,16,16,0.1,val,client_3,3,19,546,565,True,0.7639290534027376
Tox21,fedavg_proto,0.5,1,16,200,16,16,0.1,val,client_3,4,82,541,623,True,0.6856994725215275
Tox21,fedavg_proto,0.5,1,16,200,16,16,0.1,val,client_3,5,30,657,687,True,0.7442415017757483
Tox21,fedavg_proto,0.5,1,16,200,16,16,0.1,val,client_3,6,21,612,633,True,0.5486305633364457
Tox21,fedavg_proto,0.5,1,16,200,16,16,0.1,val,client_3,7,96,492,588,True,0.6898712737127372
Tox21,fedavg_proto,0.5,1,16,200,16,16,0.1,val,client_3,8,30,677,707,True,0.7151157065484982
Tox21,fedavg_proto,0.5,1,16,200,16,16,0.1,val,client_3,9,45,603,648,True,0.603279896812235
Tox21,fedavg_proto,0.5,1,16,200,16,16,0.1,val,client_3,10,92,495,587,True,0.8663372859025033
Tox21,fedavg_proto,0.5,1,16,200,16,16,0.1,val,client_3,11,42,636,678,True,0.767370470200659
Tox21,fedavg_proto,0.5,1,16,200,16,16,0.1,test,server,0,32,693,725,True,0.835407647907648
Tox21,fedavg_proto,0.5,1,16,200,16,16,0.1,test,server,1,33,646,679,True,0.868421052631579
Tox21,fedavg_proto,0.5,1,16,200,16,16,0.1,test,server,2,77,572,649,True,0.799541367723186
Tox21,fedavg_proto,0.5,1,16,200,16,16,0.1,test,server,3,38,538,576,True,0.7302387008413226
Tox21,fedavg_proto,0.5,1,16,200,16,16,0.1,test,server,4,80,531,611,True,0.6898540489642184
Tox21,fedavg_proto,0.5,1,16,200,16,16,0.1,test,server,5,34,647,681,True,0.7496590599145376
Tox21,fedavg_proto,0.5,1,16,200,16,16,0.1,test,server,6,21,617,638,True,0.6557845180211469
Tox21,fedavg_proto,0.5,1,16,200,16,16,0.1,test,server,7,95,494,589,True,0.7584487534626039
Tox21,fedavg_proto,0.5,1,16,200,16,16,0.1,test,server,8,32,670,702,True,0.7017723880597015
Tox21,fedavg_proto,0.5,1,16,200,16,16,0.1,test,server,9,36,621,657,True,0.593487207013777
Tox21,fedavg_proto,0.5,1,16,200,16,16,0.1,test,server,10,93,485,578,True,0.8231681631748143
Tox21,fedavg_proto,0.5,1,16,200,16,16,0.1,test,server,11,48,624,672,True,0.6987179487179487
Tox21,fedavg_proto,0.5,1,16,200,16,16,0.1,test,client_0,0,32,693,725,True,0.8308531746031745
Tox21,fedavg_proto,0.5,1,16,200,16,16,0.1,test,client_0,1,33,646,679,True,0.8613847452856741
Tox21,fedavg_proto,0.5,1,16,200,16,16,0.1,test,client_0,2,77,572,649,True,0.799359731177913
Tox21,fedavg_proto,0.5,1,16,200,16,16,0.1,test,client_0,3,38,538,576,True,0.7475542946585795
Tox21,fedavg_proto,0.5,1,16,200,16,16,0.1,test,client_0,4,80,531,611,True,0.6814500941619587
Tox21,fedavg_proto,0.5,1,16,200,16,16,0.1,test,client_0,5,34,647,681,True,0.725747795254114
Tox21,fedavg_proto,0.5,1,16,200,16,16,0.1,test,client_0,6,21,617,638,True,0.613567955545265
Tox21,fedavg_proto,0.5,1,16,200,16,16,0.1,test,client_0,7,95,494,589,True,0.7736629021947581
Tox21,fedavg_proto,0.5,1,16,200,16,16,0.1,test,client_0,8,32,670,702,True,0.6990205223880597
Tox21,fedavg_proto,0.5,1,16,200,16,16,0.1,test,client_0,9,36,621,657,True,0.5992127393093576
Tox21,fedavg_proto,0.5,1,16,200,16,16,0.1,test,client_0,10,93,485,578,True,0.8124376454938478
Tox21,fedavg_proto,0.5,1,16,200,16,16,0.1,test,client_0,11,48,624,672,True,0.6909722222222222
Tox21,fedavg_proto,0.5,1,16,200,16,16,0.1,test,client_1,0,32,693,725,True,0.8098394660894661
Tox21,fedavg_proto,0.5,1,16,200,16,16,0.1,test,client_1,1,33,646,679,True,0.86612252556525
Tox21,fedavg_proto,0.5,1,16,200,16,16,0.1,test,client_1,2,77,572,649,True,0.7927981109799292
Tox21,fedavg_proto,0.5,1,16,200,16,16,0.1,test,client_1,3,38,538,576,True,0.7321463510076306
Tox21,fedavg_proto,0.5,1,16,200,16,16,0.1,test,client_1,4,80,531,611,True,0.6799199623352167
Tox21,fedavg_proto,0.5,1,16,200,16,16,0.1,test,client_1,5,34,647,681,True,0.7662969360850986
Tox21,fedavg_proto,0.5,1,16,200,16,16,0.1,test,client_1,6,21,617,638,True,0.6636567106583314
Tox21,fedavg_proto,0.5,1,16,200,16,16,0.1,test,client_1,7,95,494,589,True,0.7544214787982101
Tox21,fedavg_proto,0.5,1,16,200,16,16,0.1,test,client_1,8,32,670,702,True,0.722481343283582
Tox21,fedavg_proto,0.5,1,16,200,16,16,0.1,test,client_1,9,36,621,657,True,0.6073537305421364
Tox21,fedavg_proto,0.5,1,16,200,16,16,0.1,test,client_1,10,93,485,578,True,0.8239884713446403
Tox21,fedavg_proto,0.5,1,16,200,16,16,0.1,test,client_1,11,48,624,672,True,0.706363514957265
Tox21,fedavg_proto,0.5,1,16,200,16,16,0.1,test,client_2,0,32,693,725,True,0.8252615440115441
Tox21,fedavg_proto,0.5,1,16,200,16,16,0.1,test,client_2,1,33,646,679,True,0.8611502017074772
Tox21,fedavg_proto,0.5,1,16,200,16,16,0.1,test,client_2,2,77,572,649,True,0.7994959585868676
Tox21,fedavg_proto,0.5,1,16,200,16,16,0.1,test,client_2,3,38,538,576,True,0.707591469379769
Tox21,fedavg_proto,0.5,1,16,200,16,16,0.1,test,client_2,4,80,531,611,True,0.6842278719397363
Tox21,fedavg_proto,0.5,1,16,200,16,16,0.1,test,client_2,5,34,647,681,True,0.7339758159832712
Tox21,fedavg_proto,0.5,1,16,200,16,16,0.1,test,client_2,6,21,617,638,True,0.6794010959327005
Tox21,fedavg_proto,0.5,1,16,200,16,16,0.1,test,client_2,7,95,494,589,True,0.7464521627956531
Tox21,fedavg_proto,0.5,1,16,200,16,16,0.1,test,client_2,8,32,670,702,True,0.7019123134328358
Tox21,fedavg_proto,0.5,1,16,200,16,16,0.1,test,client_2,9,36,621,657,True,0.5820808731436751
Tox21,fedavg_proto,0.5,1,16,200,16,16,0.1,test,client_2,10,93,485,578,True,0.8084026161179471
Tox21,fedavg_proto,0.5,1,16,200,16,16,0.1,test,client_2,11,48,624,672,True,0.6897369123931624
Tox21,fedavg_proto,0.5,1,16,200,16,16,0.1,test,client_3,0,32,693,725,True,0.8342803030303031
Tox21,fedavg_proto,0.5,1,16,200,16,16,0.1,test,client_3,1,33,646,679,True,0.8649028989586265
Tox21,fedavg_proto,0.5,1,16,200,16,16,0.1,test,client_3,2,77,572,649,True,0.7812641903550994
Tox21,fedavg_proto,0.5,1,16,200,16,16,0.1,test,client_3,3,38,538,576,True,0.7183525728820191
Tox21,fedavg_proto,0.5,1,16,200,16,16,0.1,test,client_3,4,80,531,611,True,0.6994585687382298
Tox21,fedavg_proto,0.5,1,16,200,16,16,0.1,test,client_3,5,34,647,681,True,0.7484316756068733
Tox21,fedavg_proto,0.5,1,16,200,16,16,0.1,test,client_3,6,21,617,638,True,0.6541637724781971
Tox21,fedavg_proto,0.5,1,16,200,16,16,0.1,test,client_3,7,95,494,589,True,0.7351161304069891
Tox21,fedavg_proto,0.5,1,16,200,16,16,0.1,test,client_3,8,32,670,702,True,0.6918843283582089
Tox21,fedavg_proto,0.5,1,16,200,16,16,0.1,test,client_3,9,36,621,657,True,0.5944265521560208
Tox21,fedavg_proto,0.5,1,16,200,16,16,0.1,test,client_3,10,93,485,578,True,0.8139008979048886
Tox21,fedavg_proto,0.5,1,16,200,16,16,0.1,test,client_3,11,48,624,672,True,0.6882345085470085
Tox21,fedavg_proto,0.5,1,17,200,16,16,0.1,val,server,0,31,696,727,True,0.8016777901371895
Tox21,fedavg_proto,0.5,1,17,200,16,16,0.1,val,server,1,23,652,675,True,0.761136303014137
Tox21,fedavg_proto,0.5,1,17,200,16,16,0.1,val,server,2,74,567,641,True,0.8254206587539921
Tox21,fedavg_proto,0.5,1,17,200,16,16,0.1,val,server,3,19,546,565,True,0.7634470792365529
Tox21,fedavg_proto,0.5,1,17,200,16,16,0.1,val,server,4,82,541,623,True,0.6894639556377079
Tox21,fedavg_proto,0.5,1,17,200,16,16,0.1,val,server,5,30,657,687,True,0.7378488077118215
Tox21,fedavg_proto,0.5,1,17,200,16,16,0.1,val,server,6,21,612,633,True,0.599906629318394
Tox21,fedavg_proto,0.5,1,17,200,16,16,0.1,val,server,7,96,492,588,True,0.7027650745257452
Tox21,fedavg_proto,0.5,1,17,200,16,16,0.1,val,server,8,30,677,707,True,0.7285573609059577
Tox21,fedavg_proto,0.5,1,17,200,16,16,0.1,val,server,9,45,603,648,True,0.6059332964805602
Tox21,fedavg_proto,0.5,1,17,200,16,16,0.1,val,server,10,92,495,587,True,0.8730566534914361
Tox21,fedavg_proto,0.5,1,17,200,16,16,0.1,val,server,11,42,636,678,True,0.7657607067984425
Tox21,fedavg_proto,0.5,1,17,200,16,16,0.1,val,client_0,0,31,696,727,True,0.7822117167222841
Tox21,fedavg_proto,0.5,1,17,200,16,16,0.1,val,client_0,1,23,652,675,True,0.7526006935182716
Tox21,fedavg_proto,0.5,1,17,200,16,16,0.1,val,client_0,2,74,567,641,True,0.8238714905381572
Tox21,fedavg_proto,0.5,1,17,200,16,16,0.1,val,client_0,3,19,546,565,True,0.7656641604010025
Tox21,fedavg_proto,0.5,1,17,200,16,16,0.1,val,client_0,4,82,541,623,True,0.6812136513232045
Tox21,fedavg_proto,0.5,1,17,200,16,16,0.1,val,client_0,5,30,657,687,True,0.7106544901065449
Tox21,fedavg_proto,0.5,1,17,200,16,16,0.1,val,client_0,6,21,612,633,True,0.6012293806411453
Tox21,fedavg_proto,0.5,1,17,200,16,16,0.1,val,client_0,7,96,492,588,True,0.7090955284552846
Tox21,fedavg_proto,0.5,1,17,200,16,16,0.1,val,client_0,8,30,677,707,True,0.717479074347612
Tox21,fedavg_proto,0.5,1,17,200,16,16,0.1,val,client_0,9,45,603,648,True,0.6197899391929242
Tox21,fedavg_proto,0.5,1,17,200,16,16,0.1,val,client_0,10,92,495,587,True,0.8584760649978042
Tox21,fedavg_proto,0.5,1,17,200,16,16,0.1,val,client_0,11,42,636,678,True,0.7551287810721773
Tox21,fedavg_proto,0.5,1,17,200,16,16,0.1,val,client_1,0,31,696,727,True,0.7851316277345197
Tox21,fedavg_proto,0.5,1,17,200,16,16,0.1,val,client_1,1,23,652,675,True,0.7181248332888771
Tox21,fedavg_proto,0.5,1,17,200,16,16,0.1,val,client_1,2,74,567,641,True,0.8016826350159685
Tox21,fedavg_proto,0.5,1,17,200,16,16,0.1,val,client_1,3,19,546,565,True,0.7228648544438018
Tox21,fedavg_proto,0.5,1,17,200,16,16,0.1,val,client_1,4,82,541,623,True,0.6558090257427529
Tox21,fedavg_proto,0.5,1,17,200,16,16,0.1,val,client_1,5,30,657,687,True,0.7089294774226281
Tox21,fedavg_proto,0.5,1,17,200,16,16,0.1,val,client_1,6,21,612,633,True,0.6051976346093993
Tox21,fedavg_proto,0.5,1,17,200,16,16,0.1,val,client_1,7,96,492,588,True,0.6918614498644986
Tox21,fedavg_proto,0.5,1,17,200,16,16,0.1,val,client_1,8,30,677,707,True,0.7353028064992614
Tox21,fedavg_proto,0.5,1,17,200,16,16,0.1,val,client_1,9,45,603,648,True,0.6056384742951908
Tox21,fedavg_proto,0.5,1,17,200,16,16,0.1,val,client_1,10,92,495,587,True,0.8734738691260431
Tox21,fedavg_proto,0.5,1,17,200,16,16,0.1,val,client_1,11,42,636,678,True,0.7526205450733753
Tox21,fedavg_proto,0.5,1,17,200,16,16,0.1,val,client_2,0,31,696,727,True,0.8121060437523174
Tox21,fedavg_proto,0.5,1,17,200,16,16,0.1,val,client_2,1,23,652,675,True,0.7622699386503068
Tox21,fedavg_proto,0.5,1,17,200,16,16,0.1,val,client_2,2,74,567,641,True,0.8285428285428286
Tox21,fedavg_proto,0.5,1,17,200,16,16,0.1,val,client_2,3,19,546,565,True,0.7721226142278774
Tox21,fedavg_proto,0.5,1,17,200,16,16,0.1,val,client_2,4,82,541,623,True,0.6820927821108156
Tox21,fedavg_proto,0.5,1,17,200,16,16,0.1,val,client_2,5,30,657,687,True,0.7404870624048707
Tox21,fedavg_proto,0.5,1,17,200,16,16,0.1,val,client_2,6,21,612,633,True,0.6160130718954249
Tox21,fedavg_proto,0.5,1,17,200,16,16,0.1,val,client_2,7,96,492,588,True,0.7029556233062331
Tox21,fedavg_proto,0.5,1,17,200,16,16,0.1,val,client_2,8,30,677,707,True,0.7337764647956672
Tox21,fedavg_proto,0.5,1,17,200,16,16,0.1,val,client_2,9,45,603,648,True,0.6030956329463792
Tox21,fedavg_proto,0.5,1,17,200,16,16,0.1,val,client_2,10,92,495,587,True,0.857509881422925
Tox21,fedavg_proto,0.5,1,17,200,16,16,0.1,val,client_2,11,42,636,678,True,0.7628406708595387
Tox21,fedavg_proto,0.5,1,17,200,16,16,0.1,val,client_3,0,31,696,727,True,0.8007971820541342
Tox21,fedavg_proto,0.5,1,17,200,16,16,0.1,val,client_3,1,23,652,675,True,0.7691384369165111
Tox21,fedavg_proto,0.5,1,17,200,16,16,0.1,val,client_3,2,74,567,641,True,0.8186758186758187
Tox21,fedavg_proto,0.5,1,17,200,16,16,0.1,val,client_3,3,19,546,565,True,0.7639290534027376
Tox21,fedavg_proto,0.5,1,17,200,16,16,0.1,val,client_3,4,82,541,623,True,0.6905685045759885
Tox21,fedavg_proto,0.5,1,17,200,16,16,0.1,val,client_3,5,30,657,687,True,0.7497209538305429
Tox21,fedavg_proto,0.5,1,17,200,16,16,0.1,val,client_3,6,21,612,633,True,0.5613134142545907
Tox21,fedavg_proto,0.5,1,17,200,16,16,0.1,val,client_3,7,96,492,588,True,0.6883892276422765
Tox21,fedavg_proto,0.5,1,17,200,16,16,0.1,val,client_3,8,30,677,707,True,0.7144756277695715
Tox21,fedavg_proto,0.5,1,17,200,16,16,0.1,val,client_3,9,45,603,648,True,0.6035378662244334
Tox21,fedavg_proto,0.5,1,17,200,16,16,0.1,val,client_3,10,92,495,587,True,0.8635704874835309
Tox21,fedavg_proto,0.5,1,17,200,16,16,0.1,val,client_3,11,42,636,678,True,0.7583857442348008
Tox21,fedavg_proto,0.5,1,17,200,16,16,0.1,test,server,0,32,693,725,True,0.8352723665223665
Tox21,fedavg_proto,0.5,1,17,200,16,16,0.1,test,server,1,33,646,679,True,0.8778966131907309
Tox21,fedavg_proto,0.5,1,17,200,16,16,0.1,test,server,2,77,572,649,True,0.8067841249659432
Tox21,fedavg_proto,0.5,1,17,200,16,16,0.1,test,server,3,38,538,576,True,0.7428096262962238
Tox21,fedavg_proto,0.5,1,17,200,16,16,0.1,test,server,4,80,531,611,True,0.6936676082862524
Tox21,fedavg_proto,0.5,1,17,200,16,16,0.1,test,server,5,34,647,681,True,0.7657059732702973
Tox21,fedavg_proto,0.5,1,17,200,16,16,0.1,test,server,6,21,617,638,True,0.6587944740294822
Tox21,fedavg_proto,0.5,1,17,200,16,16,0.1,test,server,7,95,494,589,True,0.7633283613893033
Tox21,fedavg_proto,0.5,1,17,200,16,16,0.1,test,server,8,32,670,702,True,0.7096548507462687
Tox21,fedavg_proto,0.5,1,17,200,16,16,0.1,test,server,9,36,621,657,True,0.602075505457148
Tox21,fedavg_proto,0.5,1,17,200,16,16,0.1,test,server,10,93,485,578,True,0.8272918745150205
Tox21,fedavg_proto,0.5,1,17,200,16,16,0.1,test,server,11,48,624,672,True,0.7104033119658119
Tox21,fedavg_proto,0.5,1,17,200,16,16,0.1,test,client_0,0,32,693,725,True,0.8275613275613275
Tox21,fedavg_proto,0.5,1,17,200,16,16,0.1,test,client_0,1,33,646,679,True,0.8634487287738062
Tox21,fedavg_proto,0.5,1,17,200,16,16,0.1,test,client_0,2,77,572,649,True,0.8083734447370811
Tox21,fedavg_proto,0.5,1,17,200,16,16,0.1,test,client_0,3,38,538,576,True,0.7641850909802387
Tox21,fedavg_proto,0.5,1,17,200,16,16,0.1,test,client_0,4,80,531,611,True,0.6716572504708098
Tox21,fedavg_proto,0.5,1,17,200,16,16,0.1,test,client_0,5,34,647,681,True,0.7372033821256477
Tox21,fedavg_proto,0.5,1,17,200,16,16,0.1,test,client_0,6,21,617,638,True,0.609863394304237
Tox21,fedavg_proto,0.5,1,17,200,16,16,0.1,test,client_0,7,95,494,589,True,0.7752397187300235
Tox21,fedavg_proto,0.5,1,17,200,16,16,0.1,test,client_0,8,32,670,702,True,0.7083955223880598
Tox21,fedavg_proto,0.5,1,17,200,16,16,0.1,test,client_0,9,36,621,657,True,0.6060118089103597
Tox21,fedavg_proto,0.5,1,17,200,16,16,0.1,test,client_0,10,93,485,578,True,0.8104866422791265
Tox21,fedavg_proto,0.5,1,17,200,16,16,0.1,test,client_0,11,48,624,672,True,0.7086338141025641
Tox21,fedavg_proto,0.5,1,17,200,16,16,0.1,test,client_1,0,32,693,725,True,0.7954545454545455
Tox21,fedavg_proto,0.5,1,17,200,16,16,0.1,test,client_1,1,33,646,679,True,0.8549113425274416
Tox21,fedavg_proto,0.5,1,17,200,16,16,0.1,test,client_1,2,77,572,649,True,0.7929343383888839
Tox21,fedavg_proto,0.5,1,17,200,16,16,0.1,test,client_1,3,38,538,576,True,0.7279397378203873
Tox21,fedavg_proto,0.5,1,17,200,16,16,0.1,test,client_1,4,80,531,611,True,0.6713983050847457
Tox21,fedavg_proto,0.5,1,17,200,16,16,0.1,test,client_1,5,34,647,681,True,0.7502500227293389
Tox21,fedavg_proto,0.5,1,17,200,16,16,0.1,test,client_1,6,21,617,638,True,0.6500733194412286
Tox21,fedavg_proto,0.5,1,17,200,16,16,0.1,test,client_1,7,95,494,589,True,0.7408906882591093
Tox21,fedavg_proto,0.5,1,17,200,16,16,0.1,test,client_1,8,32,670,702,True,0.7274253731343284
Tox21,fedavg_proto,0.5,1,17,200,16,16,0.1,test,client_1,9,36,621,657,True,0.614286992306316
Tox21,fedavg_proto,0.5,1,17,200,16,16,0.1,test,client_1,10,93,485,578,True,0.8148542290211729
Tox21,fedavg_proto,0.5,1,17,200,16,16,0.1,test,client_1,11,48,624,672,True,0.7007879273504274
Tox21,fedavg_proto,0.5,1,17,200,16,16,0.1,test,client_2,0,32,693,725,True,0.830537518037518
Tox21,fedavg_proto,0.5,1,17,200,16,16,0.1,test,client_2,1,33,646,679,True,0.8756449948400413
Tox21,fedavg_proto,0.5,1,17,200,16,16,0.1,test,client_2,2,77,572,649,True,0.8067841249659431
Tox21,fedavg_proto,0.5,1,17,200,16,16,0.1,test,client_2,3,38,538,576,True,0.7282332224613578
Tox21,fedavg_proto,0.5,1,17,200,16,16,0.1,test,client_2,4,80,531,611,True,0.6895480225988702
Tox21,fedavg_proto,0.5,1,17,200,16,16,0.1,test,client_2,5,34,647,681,True,0.7550231839258115
Tox21,fedavg_proto,0.5,1,17,200,16,16,0.1,test,client_2,6,21,617,638,True,0.6898973527822799
Tox21,fedavg_proto,0.5,1,17,200,16,16,0.1,test,client_2,7,95,494,589,True,0.760217344981888
Tox21,fedavg_proto,0.5,1,17,200,16,16,0.1,test,client_2,8,32,670,702,True,0.7185167910447761
Tox21,fedavg_proto,0.5,1,17,200,16,16,0.1,test,client_2,9,36,621,657,True,0.5973340490248703
Tox21,fedavg_proto,0.5,1,17,200,16,16,0.1,test,client_2,10,93,485,578,True,0.8191109633078373
Tox21,fedavg_proto,0.5,1,17,200,16,16,0.1,test,client_2,11,48,624,672,True,0.7074986645299145
Tox21,fedavg_proto,0.5,1,17,200,16,16,0.1,test,client_3,0,32,693,725,True,0.8302669552669552
Tox21,fedavg_proto,0.5,1,17,200,16,16,0.1,test,client_3,1,33,646,679,True,0.8705319448353505
Tox21,fedavg_proto,0.5,1,17,200,16,16,0.1,test,client_3,2,77,572,649,True,0.7870992643719916
Tox21,fedavg_proto,0.5,1,17,200,16,16,0.1,test,client_3,3,38,538,576,True,0.720113480727842
Tox21,fedavg_proto,0.5,1,17,200,16,16,0.1,test,client_3,4,80,531,611,True,0.6967043314500941
Tox21,fedavg_proto,0.5,1,17,200,16,16,0.1,test,client_3,5,34,647,681,True,0.7525684153104828
Tox21,fedavg_proto,0.5,1,17,200,16,16,0.1,test,client_3,6,21,617,638,True,0.6620359651153817
Tox21,fedavg_proto,0.5,1,17,200,16,16,0.1,test,client_3,7,95,494,589,True,0.734178563818453
Tox21,fedavg_proto,0.5,1,17,200,16,16,0.1,test,client_3,8,32,670,702,True,0.6888992537313433
Tox21,fedavg_proto,0.5,1,17,200,16,16,0.1,test,client_3,9,36,621,657,True,0.5902665950975131
Tox21,fedavg_proto,0.5,1,17,200,16,16,0.1,test,client_3,10,93,485,578,True,0.8135018290655137
Tox21,fedavg_proto,0.5,1,17,200,16,16,0.1,test,client_3,11,48,624,672,True,0.6847288995726495
Tox21,fedavg_proto,0.5,1,18,200,16,16,0.1,val,server,0,31,696,727,True,0.8008435298479794
Tox21,fedavg_proto,0.5,1,18,200,16,16,0.1,val,server,1,23,652,675,True,0.762003200853561
Tox21,fedavg_proto,0.5,1,18,200,16,16,0.1,val,server,2,74,567,641,True,0.828661995328662
Tox21,fedavg_proto,0.5,1,18,200,16,16,0.1,val,server,3,19,546,565,True,0.7768459610564873
Tox21,fedavg_proto,0.5,1,18,200,16,16,0.1,val,server,4,82,541,623,True,0.691199675397863
Tox21,fedavg_proto,0.5,1,18,200,16,16,0.1,val,server,5,30,657,687,True,0.7453576864535768
Tox21,fedavg_proto,0.5,1,18,200,16,16,0.1,val,server,6,21,612,633,True,0.5915810768751946
Tox21,fedavg_proto,0.5,1,18,200,16,16,0.1,val,server,7,96,492,588,True,0.7055809620596207
Tox21,fedavg_proto,0.5,1,18,200,16,16,0.1,val,server,8,30,677,707,True,0.7311176760216641
Tox21,fedavg_proto,0.5,1,18,200,16,16,0.1,val,server,9,45,603,648,True,0.6155518702782384
Tox21,fedavg_proto,0.5,1,18,200,16,16,0.1,val,server,10,92,495,587,True,0.8783706631532718
Tox21,fedavg_proto,0.5,1,18,200,16,16,0.1,val,server,11,42,636,678,True,0.7691674153938305
Tox21,fedavg_proto,0.5,1,18,200,16,16,0.1,val,client_0,0,31,696,727,True,0.7836484983314794
Tox21,fedavg_proto,0.5,1,18,200,16,16,0.1,val,client_0,1,23,652,675,True,0.7518671645772207
Tox21,fedavg_proto,0.5,1,18,200,16,16,0.1,val,client_0,2,74,567,641,True,0.8344296677630012
Tox21,fedavg_proto,0.5,1,18,200,16,16,0.1,val,client_0,3,19,546,565,True,0.782147676884519
Tox21,fedavg_proto,0.5,1,18,200,16,16,0.1,val,client_0,4,82,541,623,True,0.6611063522834859
Tox21,fedavg_proto,0.5,1,18,200,16,16,0.1,val,client_0,5,30,657,687,True,0.7134956874682903
Tox21,fedavg_proto,0.5,1,18,200,16,16,0.1,val,client_0,6,21,612,633,True,0.6030967942732648
Tox21,fedavg_proto,0.5,1,18,200,16,16,0.1,val,client_0,7,96,492,588,True,0.7238101287262872
Tox21,fedavg_proto,0.5,1,18,200,16,16,0.1,val,client_0,8,30,677,707,True,0.7352535696701132
Tox21,fedavg_proto,0.5,1,18,200,16,16,0.1,val,client_0,9,45,603,648,True,0.6430440390639395
Tox21,fedavg_proto,0.5,1,18,200,16,16,0.1,val,client_0,10,92,495,587,True,0.8627140974967062
Tox21,fedavg_proto,0.5,1,18,200,16,16,0.1,val,client_0,11,42,636,678,True,0.7648996705600479
Tox21,fedavg_proto,0.5,1,18,200,16,16,0.1,val,client_1,0,31,696,727,True,0.799592139414164
Tox21,fedavg_proto,0.5,1,18,200,16,16,0.1,val,client_1,1,23,652,675,True,0.7383302213923713
Tox21,fedavg_proto,0.5,1,18,200,16,16,0.1,val,client_1,2,74,567,641,True,0.8108346441679776
Tox21,fedavg_proto,0.5,1,18,200,16,16,0.1,val,client_1,3,19,546,565,True,0.7362637362637363
Tox21,fedavg_proto,0.5,1,18,200,16,16,0.1,val,client_1,4,82,541,623,True,0.6679139804337044
Tox21,fedavg_proto,0.5,1,18,200,16,16,0.1,val,client_1,5,30,657,687,True,0.7254185692541857
Tox21,fedavg_proto,0.5,1,18,200,16,16,0.1,val,client_1,6,21,612,633,True,0.6109554933084345
Tox21,fedavg_proto,0.5,1,18,200,16,16,0.1,val,client_1,7,96,492,588,True,0.698805894308943
Tox21,fedavg_proto,0.5,1,18,200,16,16,0.1,val,client_1,8,30,677,707,True,0.7420482520925652
Tox21,fedavg_proto,0.5,1,18,200,16,16,0.1,val,client_1,9,45,603,648,True,0.6086235489220564
Tox21,fedavg_proto,0.5,1,18,200,16,16,0.1,val,client_1,10,92,495,587,True,0.8768115942028986
Tox21,fedavg_proto,0.5,1,18,200,16,16,0.1,val,client_1,11,42,636,678,True,0.7572626534890685
Tox21,fedavg_proto,0.5,1,18,200,16,16,0.1,val,client_2,0,31,696,727,True,0.8084445680385614
Tox21,fedavg_proto,0.5,1,18,200,16,16,0.1,val,client_2,1,23,652,675,True,0.765270738863697
Tox21,fedavg_proto,0.5,1,18,200,16,16,0.1,val,client_2,2,74,567,641,True,0.8192001525334859
Tox21,fedavg_proto,0.5,1,18,200,16,16,0.1,val,client_2,3,19,546,565,True,0.7784846732215154
Tox21,fedavg_proto,0.5,1,18,200,16,16,0.1,val,client_2,4,82,541,623,True,0.6952121184797799
Tox21,fedavg_proto,0.5,1,18,200,16,16,0.1,val,client_2,5,30,657,687,True,0.7533739218670725
Tox21,fedavg_proto,0.5,1,18,200,16,16,0.1,val,client_2,6,21,612,633,True,0.5989729225023342
Tox21,fedavg_proto,0.5,1,18,200,16,16,0.1,val,client_2,7,96,492,588,True,0.6965616531165311
Tox21,fedavg_proto,0.5,1,18,200,16,16,0.1,val,client_2,8,30,677,707,True,0.7273756770064008
Tox21,fedavg_proto,0.5,1,18,200,16,16,0.1,val,client_2,9,45,603,648,True,0.6081813156440022
Tox21,fedavg_proto,0.5,1,18,200,16,16,0.1,val,client_2,10,92,495,587,True,0.856697408871322
Tox21,fedavg_proto,0.5,1,18,200,16,16,0.1,val,client_2,11,42,636,678,True,0.7557651991614255
Tox21,fedavg_proto,0.5,1,18,200,16,16,0.1,val,client_3,0,31,696,727,True,0.7972284019280682
Tox21,fedavg_proto,0.5,1,18,200,16,16,0.1,val,client_3,1,23,652,675,True,0.7706721792477994
Tox21,fedavg_proto,0.5,1,18,200,16,16,0.1,val,client_3,2,74,567,641,True,0.8215834882501549
Tox21,fedavg_proto,0.5,1,18,200,16,16,0.1,val,client_3,3,19,546,565,True,0.7748216695585116
Tox21,fedavg_proto,0.5,1,18,200,16,16,0.1,val,client_3,4,82,541,623,True,0.6951444930345791
Tox21,fedavg_proto,0.5,1,18,200,16,16,0.1,val,client_3,5,30,657,687,True,0.7513952308472857
Tox21,fedavg_proto,0.5,1,18,200,16,16,0.1,val,client_3,6,21,612,633,True,0.5503423591658885
Tox21,fedavg_proto,0.5,1,18,200,16,16,0.1,val,client_3,7,96,492,588,True,0.6871612466124662
Tox21,fedavg_proto,0.5,1,18,200,16,16,0.1,val,client_3,8,30,677,707,True,0.7072378138847858
Tox21,fedavg_proto,0.5,1,18,200,16,16,0.1,val,client_3,9,45,603,648,True,0.6032430440390639
Tox21,fedavg_proto,0.5,1,18,200,16,16,0.1,val,client_3,10,92,495,587,True,0.8676108915239349
Tox21,fedavg_proto,0.5,1,18,200,16,16,0.1,val,client_3,11,42,636,678,True,0.7508984725965858
Tox21,fedavg_proto,0.5,1,18,200,16,16,0.1,test,server,0,32,693,725,True,0.8381132756132756
Tox21,fedavg_proto,0.5,1,18,200,16,16,0.1,test,server,1,33,646,679,True,0.8792100572286332
Tox21,fedavg_proto,0.5,1,18,200,16,16,0.1,test,server,2,77,572,649,True,0.804150395059486
Tox21,fedavg_proto,0.5,1,18,200,16,16,0.1,test,server,3,38,538,576,True,0.7430052827235376
Tox21,fedavg_proto,0.5,1,18,200,16,16,0.1,test,server,4,80,531,611,True,0.7014595103578154
Tox21,fedavg_proto,0.5,1,18,200,16,16,0.1,test,server,5,34,647,681,True,0.7747522502045641
Tox21,fedavg_proto,0.5,1,18,200,16,16,0.1,test,server,6,21,617,638,True,0.6633479972215791
Tox21,fedavg_proto,0.5,1,18,200,16,16,0.1,test,server,7,95,494,589,True,0.7662902194758151
Tox21,fedavg_proto,0.5,1,18,200,16,16,0.1,test,server,8,32,670,702,True,0.7199160447761194
Tox21,fedavg_proto,0.5,1,18,200,16,16,0.1,test,server,9,36,621,657,True,0.6123188405797101
Tox21,fedavg_proto,0.5,1,18,200,16,16,0.1,test,server,10,93,485,578,True,0.8355171267043565
Tox21,fedavg_proto,0.5,1,18,200,16,16,0.1,test,server,11,48,624,672,True,0.7082665598290597
Tox21,fedavg_proto,0.5,1,18,200,16,16,0.1,test,client_0,0,32,693,725,True,0.8201659451659451
Tox21,fedavg_proto,0.5,1,18,200,16,16,0.1,test,client_0,1,33,646,679,True,0.8613378365700347
Tox21,fedavg_proto,0.5,1,18,200,16,16,0.1,test,client_0,2,77,572,649,True,0.8122105167559712
Tox21,fedavg_proto,0.5,1,18,200,16,16,0.1,test,client_0,3,38,538,576,True,0.7727939737820387
Tox21,fedavg_proto,0.5,1,18,200,16,16,0.1,test,client_0,4,80,531,611,True,0.6765065913370999
Tox21,fedavg_proto,0.5,1,18,200,16,16,0.1,test,client_0,5,34,647,681,True,0.7484316756068733
Tox21,fedavg_proto,0.5,1,18,200,16,16,0.1,test,client_0,6,21,617,638,True,0.6223662884927067
Tox21,fedavg_proto,0.5,1,18,200,16,16,0.1,test,client_0,7,95,494,589,True,0.7826976347751969
Tox21,fedavg_proto,0.5,1,18,200,16,16,0.1,test,client_0,8,32,670,702,True,0.738945895522388
Tox21,fedavg_proto,0.5,1,18,200,16,16,0.1,test,client_0,9,36,621,657,True,0.628690284487386
Tox21,fedavg_proto,0.5,1,18,200,16,16,0.1,test,client_0,10,93,485,578,True,0.8223700254960649
Tox21,fedavg_proto,0.5,1,18,200,16,16,0.1,test,client_0,11,48,624,672,True,0.7393496260683761
Tox21,fedavg_proto,0.5,1,18,200,16,16,0.1,test,client_1,0,32,693,725,True,0.8065927128427128
Tox21,fedavg_proto,0.5,1,18,200,16,16,0.1,test,client_1,1,33,646,679,True,0.8656534384088563
Tox21,fedavg_proto,0.5,1,18,200,16,16,0.1,test,client_1,2,77,572,649,True,0.7966805921351376
Tox21,fedavg_proto,0.5,1,18,200,16,16,0.1,test,client_1,3,38,538,576,True,0.727303854431618
Tox21,fedavg_proto,0.5,1,18,200,16,16,0.1,test,client_1,4,80,531,611,True,0.678436911487759
Tox21,fedavg_proto,0.5,1,18,200,16,16,0.1,test,client_1,5,34,647,681,True,0.7671606509682698
Tox21,fedavg_proto,0.5,1,18,200,16,16,0.1,test,client_1,6,21,617,638,True,0.6590260091070465
Tox21,fedavg_proto,0.5,1,18,200,16,16,0.1,test,client_1,7,95,494,589,True,0.7493074792243768
Tox21,fedavg_proto,0.5,1,18,200,16,16,0.1,test,client_1,8,32,670,702,True,0.7305037313432836
Tox21,fedavg_proto,0.5,1,18,200,16,16,0.1,test,client_1,9,36,621,657,True,0.6165682590803363
Tox21,fedavg_proto,0.5,1,18,200,16,16,0.1,test,client_1,10,93,485,578,True,0.8243653696929387
Tox21,fedavg_proto,0.5,1,18,200,16,16,0.1,test,client_1,11,48,624,672,True,0.6984508547008547
Tox21,fedavg_proto,0.5,1,18,200,16,16,0.1,test,client_2,0,32,693,725,True,0.8304924242424242
Tox21,fedavg_proto,0.5,1,18,200,16,16,0.1,test,client_2,1,33,646,679,True,0.8712355755699408
Tox21,fedavg_proto,0.5,1,18,200,16,16,0.1,test,client_2,2,77,572,649,True,0.7862818999182636
Tox21,fedavg_proto,0.5,1,18,200,16,16,0.1,test,client_2,3,38,538,576,True,0.711406769712385
Tox21,fedavg_proto,0.5,1,18,200,16,16,0.1,test,client_2,4,80,531,611,True,0.6982580037664784
Tox21,fedavg_proto,0.5,1,18,200,16,16,0.1,test,client_2,5,34,647,681,True,0.7518865351395582
Tox21,fedavg_proto,0.5,1,18,200,16,16,0.1,test,client_2,6,21,617,638,True,0.6814077332715907
Tox21,fedavg_proto,0.5,1,18,200,16,16,0.1,test,client_2,7,95,494,589,True,0.7618367781802685
Tox21,fedavg_proto,0.5,1,18,200,16,16,0.1,test,client_2,8,32,670,702,True,0.7110074626865671
Tox21,fedavg_proto,0.5,1,18,200,16,16,0.1,test,client_2,9,36,621,657,True,0.6017176596886742
Tox21,fedavg_proto,0.5,1,18,200,16,16,0.1,test,client_2,10,93,485,578,True,0.8142334552710343
Tox21,fedavg_proto,0.5,1,18,200,16,16,0.1,test,client_2,11,48,624,672,True,0.6804220085470085
Tox21,fedavg_proto,0.5,1,18,200,16,16,0.1,test,client_3,0,32,693,725,True,0.8327922077922079
Tox21,fedavg_proto,0.5,1,18,200,16,16,0.1,test,client_3,1,33,646,679,True,0.8683272352003004
Tox21,fedavg_proto,0.5,1,18,200,16,16,0.1,test,client_3,2,77,572,649,True,0.7854758877486151
Tox21,fedavg_proto,0.5,1,18,200,16,16,0.1,test,client_3,3,38,538,576,True,0.7140970455879475
Tox21,fedavg_proto,0.5,1,18,200,16,16,0.1,test,client_3,4,80,531,611,True,0.7026600753295669
Tox21,fedavg_proto,0.5,1,18,200,16,16,0.1,test,client_3,5,34,647,681,True,0.7530684607691609
Tox21,fedavg_proto,0.5,1,18,200,16,16,0.1,test,client_3,6,21,617,638,True,0.6474492552288338
Tox21,fedavg_proto,0.5,1,18,200,16,16,0.1,test,client_3,7,95,494,589,True,0.7261453228212231
Tox21,fedavg_proto,0.5,1,18,200,16,16,0.1,test,client_3,8,32,670,702,True,0.6833022388059702
Tox21,fedavg_proto,0.5,1,18,200,16,16,0.1,test,client_3,9,36,621,657,True,0.5930398998031847
Tox21,fedavg_proto,0.5,1,18,200,16,16,0.1,test,client_3,10,93,485,578,True,0.8180246092450947
Tox21,fedavg_proto,0.5,1,18,200,16,16,0.1,test,client_3,11,48,624,672,True,0.6699719551282051
Tox21,fedavg_proto,0.5,1,19,200,16,16,0.1,val,server,0,31,696,727,True,0.8020485724879496
Tox21,fedavg_proto,0.5,1,19,200,16,16,0.1,val,server,1,23,652,675,True,0.7622699386503068
Tox21,fedavg_proto,0.5,1,19,200,16,16,0.1,val,server,2,74,567,641,True,0.8304494971161639
Tox21,fedavg_proto,0.5,1,19,200,16,16,0.1,val,server,3,19,546,565,True,0.7789666473877
Tox21,fedavg_proto,0.5,1,19,200,16,16,0.1,val,server,4,82,541,623,True,0.6920788061854741
Tox21,fedavg_proto,0.5,1,19,200,16,16,0.1,val,server,5,30,657,687,True,0.7474378488077119
Tox21,fedavg_proto,0.5,1,19,200,16,16,0.1,val,server,6,21,612,633,True,0.6048085901027078
Tox21,fedavg_proto,0.5,1,19,200,16,16,0.1,val,server,7,96,492,588,True,0.7086720867208672
Tox21,fedavg_proto,0.5,1,19,200,16,16,0.1,val,server,8,30,677,707,True,0.7335795174790744
Tox21,fedavg_proto,0.5,1,19,200,16,16,0.1,val,server,9,45,603,648,True,0.6122719734660033
Tox21,fedavg_proto,0.5,1,19,200,16,16,0.1,val,server,10,92,495,587,True,0.8782389108476065
Tox21,fedavg_proto,0.5,1,19,200,16,16,0.1,val,server,11,42,636,678,True,0.770365378855945
Tox21,fedavg_proto,0.5,1,19,200,16,16,0.1,val,client_0,0,31,696,727,True,0.7864757137560253
Tox21,fedavg_proto,0.5,1,19,200,16,16,0.1,val,client_0,1,23,652,675,True,0.7461323019471859
Tox21,fedavg_proto,0.5,1,19,200,16,16,0.1,val,client_0,2,74,567,641,True,0.8411506744840078
Tox21,fedavg_proto,0.5,1,19,200,16,16,0.1,val,client_0,3,19,546,565,True,0.7941970310391363
Tox21,fedavg_proto,0.5,1,19,200,16,16,0.1,val,client_0,4,82,541,623,True,0.678395924439836
Tox21,fedavg_proto,0.5,1,19,200,16,16,0.1,val,client_0,5,30,657,687,True,0.7263825469304922
Tox21,fedavg_proto,0.5,1,19,200,16,16,0.1,val,client_0,6,21,612,633,True,0.6161686896981015
Tox21,fedavg_proto,0.5,1,19,200,16,16,0.1,val,client_0,7,96,492,588,True,0.7242335704607046
Tox21,fedavg_proto,0.5,1,19,200,16,16,0.1,val,client_0,8,30,677,707,True,0.7398818316100444
Tox21,fedavg_proto,0.5,1,19,200,16,16,0.1,val,client_0,9,45,603,648,True,0.6269393771881334
Tox21,fedavg_proto,0.5,1,19,200,16,16,0.1,val,client_0,10,92,495,587,True,0.8656126482213439
Tox21,fedavg_proto,0.5,1,19,200,16,16,0.1,val,client_0,11,42,636,678,True,0.7723120694818808
Tox21,fedavg_proto,0.5,1,19,200,16,16,0.1,val,client_1,0,31,696,727,True,0.8031609195402298
Tox21,fedavg_proto,0.5,1,19,200,16,16,0.1,val,client_1,1,23,652,675,True,0.7445318751667112
Tox21,fedavg_proto,0.5,1,19,200,16,16,0.1,val,client_1,2,74,567,641,True,0.8129319795986462
Tox21,fedavg_proto,0.5,1,19,200,16,16,0.1,val,client_1,3,19,546,565,True,0.7416618469250048
Tox21,fedavg_proto,0.5,1,19,200,16,16,0.1,val,client_1,4,82,541,623,True,0.6794553897479825
Tox21,fedavg_proto,0.5,1,19,200,16,16,0.1,val,client_1,5,30,657,687,True,0.7427194317605277
Tox21,fedavg_proto,0.5,1,19,200,16,16,0.1,val,client_1,6,21,612,633,True,0.6121226268285092
Tox21,fedavg_proto,0.5,1,19,200,16,16,0.1,val,client_1,7,96,492,588,True,0.6993140243902438
Tox21,fedavg_proto,0.5,1,19,200,16,16,0.1,val,client_1,8,30,677,707,True,0.7404726735598227
Tox21,fedavg_proto,0.5,1,19,200,16,16,0.1,val,client_1,9,45,603,648,True,0.6007002026902525
Tox21,fedavg_proto,0.5,1,19,200,16,16,0.1,val,client_1,10,92,495,587,True,0.8765480895915678
Tox21,fedavg_proto,0.5,1,19,200,16,16,0.1,val,client_1,11,42,636,678,True,0.7573375262054507
Tox21,fedavg_proto,0.5,1,19,200,16,16,0.1,val,client_2,0,31,696,727,True,0.8122450871338524
Tox21,fedavg_proto,0.5,1,19,200,16,16,0.1,val,client_2,1,23,652,675,True,0.7700720192051214
Tox21,fedavg_proto,0.5,1,19,200,16,16,0.1,val,client_2,2,74,567,641,True,0.8198436531769865
Tox21,fedavg_proto,0.5,1,19,200,16,16,0.1,val,client_2,3,19,546,565,True,0.7613263929053402
Tox21,fedavg_proto,0.5,1,19,200,16,16,0.1,val,client_2,4,82,541,623,True,0.690275460980118
Tox21,fedavg_proto,0.5,1,19,200,16,16,0.1,val,client_2,5,30,657,687,True,0.7555555555555555
Tox21,fedavg_proto,0.5,1,19,200,16,16,0.1,val,client_2,6,21,612,633,True,0.6111111111111112
Tox21,fedavg_proto,0.5,1,19,200,16,16,0.1,val,client_2,7,96,492,588,True,0.6976626016260161
Tox21,fedavg_proto,0.5,1,19,200,16,16,0.1,val,client_2,8,30,677,707,True,0.7311176760216642
Tox21,fedavg_proto,0.5,1,19,200,16,16,0.1,val,client_2,9,45,603,648,True,0.6028745163073521
Tox21,fedavg_proto,0.5,1,19,200,16,16,0.1,val,client_2,10,92,495,587,True,0.8512955643390426
Tox21,fedavg_proto,0.5,1,19,200,16,16,0.1,val,client_2,11,42,636,678,True,0.7556528900868523
Tox21,fedavg_proto,0.5,1,19,200,16,16,0.1,val,client_3,0,31,696,727,True,0.7993604004449388
Tox21,fedavg_proto,0.5,1,19,200,16,16,0.1,val,client_3,1,23,652,675,True,0.7747399306481728
Tox21,fedavg_proto,0.5,1,19,200,16,16,0.1,val,client_3,2,74,567,641,True,0.8220601553934889
Tox21,fedavg_proto,0.5,1,19,200,16,16,0.1,val,client_3,3,19,546,565,True,0.7675920570657413
Tox21,fedavg_proto,0.5,1,19,200,16,16,0.1,val,client_3,4,82,541,623,True,0.692078806185474
Tox21,fedavg_proto,0.5,1,19,200,16,16,0.1,val,client_3,5,30,657,687,True,0.7530695078640285
Tox21,fedavg_proto,0.5,1,19,200,16,16,0.1,val,client_3,6,21,612,633,True,0.5721288515406162
Tox21,fedavg_proto,0.5,1,19,200,16,16,0.1,val,client_3,7,96,492,588,True,0.691819105691057
Tox21,fedavg_proto,0.5,1,19,200,16,16,0.1,val,client_3,8,30,677,707,True,0.712358444116199
Tox21,fedavg_proto,0.5,1,19,200,16,16,0.1,val,client_3,9,45,603,648,True,0.6070388796756956
Tox21,fedavg_proto,0.5,1,19,200,16,16,0.1,val,client_3,10,92,495,587,True,0.8759552042160738
Tox21,fedavg_proto,0.5,1,19,200,16,16,0.1,val,client_3,11,42,636,678,True,0.7620545073375262
Tox21,fedavg_proto,0.5,1,19,200,16,16,0.1,test,server,0,32,693,725,True,0.8340999278499278
Tox21,fedavg_proto,0.5,1,19,200,16,16,0.1,test,server,1,33,646,679,True,0.8776620696125341
Tox21,fedavg_proto,0.5,1,19,200,16,16,0.1,test,server,2,77,572,649,True,0.8110525837798565
Tox21,fedavg_proto,0.5,1,19,200,16,16,0.1,test,server,3,38,538,576,True,0.7448151046761886
Tox21,fedavg_proto,0.5,1,19,200,16,16,0.1,test,server,4,80,531,611,True,0.700376647834275
Tox21,fedavg_proto,0.5,1,19,200,16,16,0.1,test,server,5,34,647,681,True,0.7703427584325847
Tox21,fedavg_proto,0.5,1,19,200,16,16,0.1,test,server,6,21,617,638,True,0.66612641815235
Tox21,fedavg_proto,0.5,1,19,200,16,16,0.1,test,server,7,95,494,589,True,0.7676326443639463
Tox21,fedavg_proto,0.5,1,19,200,16,16,0.1,test,server,8,32,670,702,True,0.7170242537313434
Tox21,fedavg_proto,0.5,1,19,200,16,16,0.1,test,server,9,36,621,657,True,0.6132581857219538
Tox21,fedavg_proto,0.5,1,19,200,16,16,0.1,test,server,10,93,485,578,True,0.8339430218379338
Tox21,fedavg_proto,0.5,1,19,200,16,16,0.1,test,server,11,48,624,672,True,0.7077657585470086
Tox21,fedavg_proto,0.5,1,19,200,16,16,0.1,test,client_0,0,32,693,725,True,0.8175054112554112
Tox21,fedavg_proto,0.5,1,19,200,16,16,0.1,test,client_0,1,33,646,679,True,0.8588047659255089
Tox21,fedavg_proto,0.5,1,19,200,16,16,0.1,test,client_0,2,77,572,649,True,0.8250158931977114
Tox21,fedavg_proto,0.5,1,19,200,16,16,0.1,test,client_0,3,38,538,576,True,0.7647231461553511
Tox21,fedavg_proto,0.5,1,19,200,16,16,0.1,test,client_0,4,80,531,611,True,0.6826271186440678
Tox21,fedavg_proto,0.5,1,19,200,16,16,0.1,test,client_0,5,34,647,681,True,0.7438403491226475
Tox21,fedavg_proto,0.5,1,19,200,16,16,0.1,test,client_0,6,21,617,638,True,0.6141082040595817
Tox21,fedavg_proto,0.5,1,19,200,16,16,0.1,test,client_0,7,95,494,589,True,0.7778180268484978
Tox21,fedavg_proto,0.5,1,19,200,16,16,0.1,test,client_0,8,32,670,702,True,0.7189365671641791
Tox21,fedavg_proto,0.5,1,19,200,16,16,0.1,test,client_0,9,36,621,657,True,0.6101717659688674
Tox21,fedavg_proto,0.5,1,19,200,16,16,0.1,test,client_0,10,93,485,578,True,0.8251191663895355
Tox21,fedavg_proto,0.5,1,19,200,16,16,0.1,test,client_0,11,48,624,672,True,0.7262286324786325
Tox21,fedavg_proto,0.5,1,19,200,16,16,0.1,test,client_1,0,32,693,725,True,0.8151154401154401
Tox21,fedavg_proto,0.5,1,19,200,16,16,0.1,test,client_1,1,33,646,679,True,0.865981799418332
Tox21,fedavg_proto,0.5,1,19,200,16,16,0.1,test,client_1,2,77,572,649,True,0.8076241939878304
Tox21,fedavg_proto,0.5,1,19,200,16,16,0.1,test,client_1,3,38,538,576,True,0.7327822343964
Tox21,fedavg_proto,0.5,1,19,200,16,16,0.1,test,client_1,4,80,531,611,True,0.6921139359698681
Tox21,fedavg_proto,0.5,1,19,200,16,16,0.1,test,client_1,5,34,647,681,True,0.770070006364215
Tox21,fedavg_proto,0.5,1,19,200,16,16,0.1,test,client_1,6,21,617,638,True,0.6557845180211469
Tox21,fedavg_proto,0.5,1,19,200,16,16,0.1,test,client_1,7,95,494,589,True,0.7479437460046878
Tox21,fedavg_proto,0.5,1,19,200,16,16,0.1,test,client_1,8,32,670,702,True,0.715018656716418
Tox21,fedavg_proto,0.5,1,19,200,16,16,0.1,test,client_1,9,36,621,657,True,0.6064143853998926
Tox21,fedavg_proto,0.5,1,19,200,16,16,0.1,test,client_1,10,93,485,578,True,0.8297749695155747
Tox21,fedavg_proto,0.5,1,19,200,16,16,0.1,test,client_1,11,48,624,672,True,0.7027243589743589
Tox21,fedavg_proto,0.5,1,19,200,16,16,0.1,test,client_2,0,32,693,725,True,0.8281926406926408
Tox21,fedavg_proto,0.5,1,19,200,16,16,0.1,test,client_2,1,33,646,679,True,0.8712824842855803
Tox21,fedavg_proto,0.5,1,19,200,16,16,0.1,test,client_2,2,77,572,649,True,0.7883253110525837
Tox21,fedavg_proto,0.5,1,19,200,16,16,0.1,test,client_2,3,38,538,576,True,0.6989336724711407
Tox21,fedavg_proto,0.5,1,19,200,16,16,0.1,test,client_2,4,80,531,611,True,0.6913841807909605
Tox21,fedavg_proto,0.5,1,19,200,16,16,0.1,test,client_2,5,34,647,681,True,0.7395672333848532
Tox21,fedavg_proto,0.5,1,19,200,16,16,0.1,test,client_2,6,21,617,638,True,0.6874276452882611
Tox21,fedavg_proto,0.5,1,19,200,16,16,0.1,test,client_2,7,95,494,589,True,0.7636906030257831
Tox21,fedavg_proto,0.5,1,19,200,16,16,0.1,test,client_2,8,32,670,702,True,0.7073227611940298
Tox21,fedavg_proto,0.5,1,19,200,16,16,0.1,test,client_2,9,36,621,657,True,0.600286276614779
Tox21,fedavg_proto,0.5,1,19,200,16,16,0.1,test,client_2,10,93,485,578,True,0.8079592062964195
Tox21,fedavg_proto,0.5,1,19,200,16,16,0.1,test,client_2,11,48,624,672,True,0.6779847756410257
Tox21,fedavg_proto,0.5,1,19,200,16,16,0.1,test,client_3,0,32,693,725,True,0.8321608946608946
Tox21,fedavg_proto,0.5,1,19,200,16,16,0.1,test,client_3,1,33,646,679,True,0.8779904306220097
Tox21,fedavg_proto,0.5,1,19,200,16,16,0.1,test,client_3,2,77,572,649,True,0.7863727181908999
Tox21,fedavg_proto,0.5,1,19,200,16,16,0.1,test,client_3,3,38,538,576,True,0.732195265114459
Tox21,fedavg_proto,0.5,1,19,200,16,16,0.1,test,client_3,4,80,531,611,True,0.7033898305084745
Tox21,fedavg_proto,0.5,1,19,200,16,16,0.1,test,client_3,5,34,647,681,True,0.7650695517774343
Tox21,fedavg_proto,0.5,1,19,200,16,16,0.1,test,client_3,6,21,617,638,True,0.6592575441846106
Tox21,fedavg_proto,0.5,1,19,200,16,16,0.1,test,client_3,7,95,494,589,True,0.7393991050500746
Tox21,fedavg_proto,0.5,1,19,200,16,16,0.1,test,client_3,8,32,670,702,True,0.6939832089552238
Tox21,fedavg_proto,0.5,1,19,200,16,16,0.1,test,client_3,9,36,621,657,True,0.6084272678475577
Tox21,fedavg_proto,0.5,1,19,200,16,16,0.1,test,client_3,10,93,485,578,True,0.8231903336658908
Tox21,fedavg_proto,0.5,1,19,200,16,16,0.1,test,client_3,11,48,624,672,True,0.688434829059829
Tox21,fedavg_proto,0.5,1,20,200,16,16,0.1,val,server,0,31,696,727,True,0.8056637004078606
Tox21,fedavg_proto,0.5,1,20,200,16,16,0.1,val,server,1,23,652,675,True,0.767204587890104
Tox21,fedavg_proto,0.5,1,20,200,16,16,0.1,val,server,2,74,567,641,True,0.8318556651889986
Tox21,fedavg_proto,0.5,1,20,200,16,16,0.1,val,server,3,19,546,565,True,0.7841719683824947
Tox21,fedavg_proto,0.5,1,20,200,16,16,0.1,val,server,4,82,541,623,True,0.6935891077949596
Tox21,fedavg_proto,0.5,1,20,200,16,16,0.1,val,server,5,30,657,687,True,0.7487569761542364
Tox21,fedavg_proto,0.5,1,20,200,16,16,0.1,val,server,6,21,612,633,True,0.6120448179271709
Tox21,fedavg_proto,0.5,1,20,200,16,16,0.1,val,server,7,96,492,588,True,0.7080369241192412
Tox21,fedavg_proto,0.5,1,20,200,16,16,0.1,val,server,8,30,677,707,True,0.733481043820778
Tox21,fedavg_proto,0.5,1,20,200,16,16,0.1,val,server,9,45,603,648,True,0.6185737976782754
Tox21,fedavg_proto,0.5,1,20,200,16,16,0.1,val,server,10,92,495,587,True,0.8816864295125164
Tox21,fedavg_proto,0.5,1,20,200,16,16,0.1,val,server,11,42,636,678,True,0.770365378855945
Tox21,fedavg_proto,0.5,1,20,200,16,16,0.1,val,client_0,0,31,696,727,True,0.774981460882462
Tox21,fedavg_proto,0.5,1,20,200,16,16,0.1,val,client_0,1,23,652,675,True,0.7504667911443051
Tox21,fedavg_proto,0.5,1,20,200,16,16,0.1,val,client_0,2,74,567,641,True,0.8166261499594833
Tox21,fedavg_proto,0.5,1,20,200,16,16,0.1,val,client_0,3,19,546,565,True,0.7921727395411606
Tox21,fedavg_proto,0.5,1,20,200,16,16,0.1,val,client_0,4,82,541,623,True,0.6786889680357062
Tox21,fedavg_proto,0.5,1,20,200,16,16,0.1,val,client_0,5,30,657,687,True,0.7076103500761035
Tox21,fedavg_proto,0.5,1,20,200,16,16,0.1,val,client_0,6,21,612,633,True,0.594926859632742
Tox21,fedavg_proto,0.5,1,20,200,16,16,0.1,val,client_0,7,96,492,588,True,0.7022992886178862
Tox21,fedavg_proto,0.5,1,20,200,16,16,0.1,val,client_0,8,30,677,707,True,0.713096996553422
Tox21,fedavg_proto,0.5,1,20,200,16,16,0.1,val,client_0,9,45,603,648,True,0.6294453657637736
Tox21,fedavg_proto,0.5,1,20,200,16,16,0.1,val,client_0,10,92,495,587,True,0.8621870882740447
Tox21,fedavg_proto,0.5,1,20,200,16,16,0.1,val,client_0,11,42,636,678,True,0.7568882899071578
Tox21,fedavg_proto,0.5,1,20,200,16,16,0.1,val,client_1,0,31,696,727,True,0.8051075268817204
Tox21,fedavg_proto,0.5,1,20,200,16,16,0.1,val,client_1,1,23,652,675,True,0.7454654574553214
Tox21,fedavg_proto,0.5,1,20,200,16,16,0.1,val,client_1,2,74,567,641,True,0.8200104866771534
Tox21,fedavg_proto,0.5,1,20,200,16,16,0.1,val,client_1,3,19,546,565,True,0.743011374590322
Tox21,fedavg_proto,0.5,1,20,200,16,16,0.1,val,client_1,4,82,541,623,True,0.6744736486181867
Tox21,fedavg_proto,0.5,1,20,200,16,16,0.1,val,client_1,5,30,657,687,True,0.7337899543378996
Tox21,fedavg_proto,0.5,1,20,200,16,16,0.1,val,client_1,6,21,612,633,True,0.6201369436663553
Tox21,fedavg_proto,0.5,1,20,200,16,16,0.1,val,client_1,7,96,492,588,True,0.7016006097560975
Tox21,fedavg_proto,0.5,1,20,200,16,16,0.1,val,client_1,8,30,677,707,True,0.7444116198916789
Tox21,fedavg_proto,0.5,1,20,200,16,16,0.1,val,client_1,9,45,603,648,True,0.613451262207481
Tox21,fedavg_proto,0.5,1,20,200,16,16,0.1,val,client_1,10,92,495,587,True,0.8784365393061045
Tox21,fedavg_proto,0.5,1,20,200,16,16,0.1,val,client_1,11,42,636,678,True,0.7587226714585205
Tox21,fedavg_proto,0.5,1,20,200,16,16,0.1,val,client_2,0,31,696,727,True,0.8165554319614388
Tox21,fedavg_proto,0.5,1,20,200,16,16,0.1,val,client_2,1,23,652,675,True,0.7696052280608162
Tox21,fedavg_proto,0.5,1,20,200,16,16,0.1,val,client_2,2,74,567,641,True,0.8268744935411603
Tox21,fedavg_proto,0.5,1,20,200,16,16,0.1,val,client_2,3,19,546,565,True,0.7846539425486794
Tox21,fedavg_proto,0.5,1,20,200,16,16,0.1,val,client_2,4,82,541,623,True,0.6904557955006537
Tox21,fedavg_proto,0.5,1,20,200,16,16,0.1,val,client_2,5,30,657,687,True,0.7548452562151192
Tox21,fedavg_proto,0.5,1,20,200,16,16,0.1,val,client_2,6,21,612,633,True,0.6218487394957983
Tox21,fedavg_proto,0.5,1,20,200,16,16,0.1,val,client_2,7,96,492,588,True,0.7048399390243901
Tox21,fedavg_proto,0.5,1,20,200,16,16,0.1,val,client_2,8,30,677,707,True,0.73835548990645
Tox21,fedavg_proto,0.5,1,20,200,16,16,0.1,val,client_2,9,45,603,648,True,0.6163626312880044
Tox21,fedavg_proto,0.5,1,20,200,16,16,0.1,val,client_2,10,92,495,587,True,0.8608476064997804
Tox21,fedavg_proto,0.5,1,20,200,16,16,0.1,val,client_2,11,42,636,678,True,0.7638888888888888
Tox21,fedavg_proto,0.5,1,20,200,16,16,0.1,val,client_3,0,31,696,727,True,0.7998702261772339
Tox21,fedavg_proto,0.5,1,20,200,16,16,0.1,val,client_3,1,23,652,675,True,0.779941317684716
Tox21,fedavg_proto,0.5,1,20,200,16,16,0.1,val,client_3,2,74,567,641,True,0.8289241622574957
Tox21,fedavg_proto,0.5,1,20,200,16,16,0.1,val,client_3,3,19,546,565,True,0.7702911123963756
Tox21,fedavg_proto,0.5,1,20,200,16,16,0.1,val,client_3,4,82,541,623,True,0.696068707452324
Tox21,fedavg_proto,0.5,1,20,200,16,16,0.1,val,client_3,5,30,657,687,True,0.7542364282090309
Tox21,fedavg_proto,0.5,1,20,200,16,16,0.1,val,client_3,6,21,612,633,True,0.5697945845004668
Tox21,fedavg_proto,0.5,1,20,200,16,16,0.1,val,client_3,7,96,492,588,True,0.6910569105691057
Tox21,fedavg_proto,0.5,1,20,200,16,16,0.1,val,client_3,8,30,677,707,True,0.7133924175283111
Tox21,fedavg_proto,0.5,1,20,200,16,16,0.1,val,client_3,9,45,603,648,True,0.6079601990049751
Tox21,fedavg_proto,0.5,1,20,200,16,16,0.1,val,client_3,10,92,495,587,True,0.8769213877909531
Tox21,fedavg_proto,0.5,1,20,200,16,16,0.1,val,client_3,11,42,636,678,True,0.7570380353399222
Tox21,fedavg_proto,0.5,1,20,200,16,16,0.1,test,server,0,32,693,725,True,0.8353174603174603
Tox21,fedavg_proto,0.5,1,20,200,16,16,0.1,test,server,1,33,646,679,True,0.8846514682427995
Tox21,fedavg_proto,0.5,1,20,200,16,16,0.1,test,server,2,77,572,649,True,0.814571791844519
Tox21,fedavg_proto,0.5,1,20,200,16,16,0.1,test,server,3,38,538,576,True,0.7531305028370182
Tox21,fedavg_proto,0.5,1,20,200,16,16,0.1,test,server,4,80,531,611,True,0.7055555555555555
Tox21,fedavg_proto,0.5,1,20,200,16,16,0.1,test,server,5,34,647,681,True,0.7793890353668516
Tox21,fedavg_proto,0.5,1,20,200,16,16,0.1,test,server,6,21,617,638,True,0.6655861696380335
Tox21,fedavg_proto,0.5,1,20,200,16,16,0.1,test,server,7,95,494,589,True,0.7747922437673129
Tox21,fedavg_proto,0.5,1,20,200,16,16,0.1,test,server,8,32,670,702,True,0.7225746268656716
Tox21,fedavg_proto,0.5,1,20,200,16,16,0.1,test,server,9,36,621,657,True,0.6243961352657005
Tox21,fedavg_proto,0.5,1,20,200,16,16,0.1,test,server,10,93,485,578,True,0.8375124709012305
Tox21,fedavg_proto,0.5,1,20,200,16,16,0.1,test,server,11,48,624,672,True,0.7121394230769231
Tox21,fedavg_proto,0.5,1,20,200,16,16,0.1,test,client_0,0,32,693,725,True,0.8228264790764791
Tox21,fedavg_proto,0.5,1,20,200,16,16,0.1,test,client_0,1,33,646,679,True,0.8477343090346187
Tox21,fedavg_proto,0.5,1,20,200,16,16,0.1,test,client_0,2,77,572,649,True,0.8142539278902914
Tox21,fedavg_proto,0.5,1,20,200,16,16,0.1,test,client_0,3,38,538,576,True,0.7741146546664058
Tox21,fedavg_proto,0.5,1,20,200,16,16,0.1,test,client_0,4,80,531,611,True,0.6770244821092278
Tox21,fedavg_proto,0.5,1,20,200,16,16,0.1,test,client_0,5,34,647,681,True,0.7357941631057369
Tox21,fedavg_proto,0.5,1,20,200,16,16,0.1,test,client_0,6,21,617,638,True,0.6005248128424789
Tox21,fedavg_proto,0.5,1,20,200,16,16,0.1,test,client_0,7,95,494,589,True,0.7883443426379715
Tox21,fedavg_proto,0.5,1,20,200,16,16,0.1,test,client_0,8,32,670,702,True,0.7189365671641791
Tox21,fedavg_proto,0.5,1,20,200,16,16,0.1,test,client_0,9,36,621,657,True,0.6337001252460189
Tox21,fedavg_proto,0.5,1,20,200,16,16,0.1,test,client_0,10,93,485,578,True,0.8216383992905443
Tox21,fedavg_proto,0.5,1,20,200,16,16,0.1,test,client_0,11,48,624,672,True,0.7115384615384616
Tox21,fedavg_proto,0.5,1,20,200,16,16,0.1,test,client_1,0,32,693,725,True,0.8120490620490619
Tox21,fedavg_proto,0.5,1,20,200,16,16,0.1,test,client_1,1,33,646,679,True,0.875222816399287
Tox21,fedavg_proto,0.5,1,20,200,16,16,0.1,test,client_1,2,77,572,649,True,0.8072836254654436
Tox21,fedavg_proto,0.5,1,20,200,16,16,0.1,test,client_1,3,38,538,576,True,0.734592056349051
Tox21,fedavg_proto,0.5,1,20,200,16,16,0.1,test,client_1,4,80,531,611,True,0.6869114877589454
Tox21,fedavg_proto,0.5,1,20,200,16,16,0.1,test,client_1,5,34,647,681,True,0.7752068369851806
Tox21,fedavg_proto,0.5,1,20,200,16,16,0.1,test,client_1,6,21,617,638,True,0.6665894883074786
Tox21,fedavg_proto,0.5,1,20,200,16,16,0.1,test,client_1,7,95,494,589,True,0.7539313871723844
Tox21,fedavg_proto,0.5,1,20,200,16,16,0.1,test,client_1,8,32,670,702,True,0.7321828358208956
Tox21,fedavg_proto,0.5,1,20,200,16,16,0.1,test,client_1,9,36,621,657,True,0.6222490606548579
Tox21,fedavg_proto,0.5,1,20,200,16,16,0.1,test,client_1,10,93,485,578,True,0.8328123267930383
Tox21,fedavg_proto,0.5,1,20,200,16,16,0.1,test,client_1,11,48,624,672,True,0.7056957799145299
Tox21,fedavg_proto,0.5,1,20,200,16,16,0.1,test,client_2,0,32,693,725,True,0.8262085137085137
Tox21,fedavg_proto,0.5,1,20,200,16,16,0.1,test,client_2,1,33,646,679,True,0.8744253682334178
Tox21,fedavg_proto,0.5,1,20,200,16,16,0.1,test,client_2,2,77,572,649,True,0.8056261919898283
Tox21,fedavg_proto,0.5,1,20,200,16,16,0.1,test,client_2,3,38,538,576,True,0.7178145177069067
Tox21,fedavg_proto,0.5,1,20,200,16,16,0.1,test,client_2,4,80,531,611,True,0.6969868173258004
Tox21,fedavg_proto,0.5,1,20,200,16,16,0.1,test,client_2,5,34,647,681,True,0.7562051095554141
Tox21,fedavg_proto,0.5,1,20,200,16,16,0.1,test,client_2,6,21,617,638,True,0.6897429960639037
Tox21,fedavg_proto,0.5,1,20,200,16,16,0.1,test,client_2,7,95,494,589,True,0.7670573194118901
Tox21,fedavg_proto,0.5,1,20,200,16,16,0.1,test,client_2,8,32,670,702,True,0.7219682835820895
Tox21,fedavg_proto,0.5,1,20,200,16,16,0.1,test,client_2,9,36,621,657,True,0.604088387904813
Tox21,fedavg_proto,0.5,1,20,200,16,16,0.1,test,client_2,10,93,485,578,True,0.8216605697816206
Tox21,fedavg_proto,0.5,1,20,200,16,16,0.1,test,client_2,11,48,624,672,True,0.696113782051282
Tox21,fedavg_proto,0.5,1,20,200,16,16,0.1,test,client_3,0,32,693,725,True,0.8306277056277056
Tox21,fedavg_proto,0.5,1,20,200,16,16,0.1,test,client_3,1,33,646,679,True,0.8858241861337837
Tox21,fedavg_proto,0.5,1,20,200,16,16,0.1,test,client_3,2,77,572,649,True,0.8009036418127328
Tox21,fedavg_proto,0.5,1,20,200,16,16,0.1,test,client_3,3,38,538,576,True,0.7418802582664841
Tox21,fedavg_proto,0.5,1,20,200,16,16,0.1,test,client_3,4,80,531,611,True,0.710334274952919
Tox21,fedavg_proto,0.5,1,20,200,16,16,0.1,test,client_3,5,34,647,681,True,0.7738885353213928
Tox21,fedavg_proto,0.5,1,20,200,16,16,0.1,test,client_3,6,21,617,638,True,0.6532376321679401
Tox21,fedavg_proto,0.5,1,20,200,16,16,0.1,test,client_3,7,95,494,589,True,0.7338589388450885
Tox21,fedavg_proto,0.5,1,20,200,16,16,0.1,test,client_3,8,32,670,702,True,0.7041044776119403
Tox21,fedavg_proto,0.5,1,20,200,16,16,0.1,test,client_3,9,36,621,657,True,0.6071300769368402
Tox21,fedavg_proto,0.5,1,20,200,16,16,0.1,test,client_3,10,93,485,578,True,0.8280456712116174
Tox21,fedavg_proto,0.5,1,20,200,16,16,0.1,test,client_3,11,48,624,672,True,0.6982505341880342
Tox21,fedavg_proto,0.5,1,21,200,16,16,0.1,val,server,0,31,696,727,True,0.8077956989247312
Tox21,fedavg_proto,0.5,1,21,200,16,16,0.1,val,server,1,23,652,675,True,0.7685382768738331
Tox21,fedavg_proto,0.5,1,21,200,16,16,0.1,val,server,2,74,567,641,True,0.8329996663329996
Tox21,fedavg_proto,0.5,1,21,200,16,16,0.1,val,server,3,19,546,565,True,0.7872566030460767
Tox21,fedavg_proto,0.5,1,21,200,16,16,0.1,val,server,4,82,541,623,True,0.6962265001577927
Tox21,fedavg_proto,0.5,1,21,200,16,16,0.1,val,server,5,30,657,687,True,0.7508371385083713
Tox21,fedavg_proto,0.5,1,21,200,16,16,0.1,val,server,6,21,612,633,True,0.6190476190476191
Tox21,fedavg_proto,0.5,1,21,200,16,16,0.1,val,server,7,96,492,588,True,0.709815379403794
Tox21,fedavg_proto,0.5,1,21,200,16,16,0.1,val,server,8,30,677,707,True,0.73397341211226
Tox21,fedavg_proto,0.5,1,21,200,16,16,0.1,val,server,9,45,603,648,True,0.6146305509489589
Tox21,fedavg_proto,0.5,1,21,200,16,16,0.1,val,server,10,92,495,587,True,0.8816205533596837
Tox21,fedavg_proto,0.5,1,21,200,16,16,0.1,val,server,11,42,636,678,True,0.7662099430967355
Tox21,fedavg_proto,0.5,1,21,200,16,16,0.1,val,client_0,0,31,696,727,True,0.7909251019651465
Tox21,fedavg_proto,0.5,1,21,200,16,16,0.1,val,client_0,1,23,652,675,True,0.7518004801280341
Tox21,fedavg_proto,0.5,1,21,200,16,16,0.1,val,client_0,2,74,567,641,True,0.8268029934696601
Tox21,fedavg_proto,0.5,1,21,200,16,16,0.1,val,client_0,3,19,546,565,True,0.8038365143628302
Tox21,fedavg_proto,0.5,1,21,200,16,16,0.1,val,client_0,4,82,541,623,True,0.6816870294396106
Tox21,fedavg_proto,0.5,1,21,200,16,16,0.1,val,client_0,5,30,657,687,True,0.7230847285641807
Tox21,fedavg_proto,0.5,1,21,200,16,16,0.1,val,client_0,6,21,612,633,True,0.6134453781512605
Tox21,fedavg_proto,0.5,1,21,200,16,16,0.1,val,client_0,7,96,492,588,True,0.7113609417344173
Tox21,fedavg_proto,0.5,1,21,200,16,16,0.1,val,client_0,8,30,677,707,True,0.721122599704579
Tox21,fedavg_proto,0.5,1,21,200,16,16,0.1,val,client_0,9,45,603,648,True,0.6253547079417726
Tox21,fedavg_proto,0.5,1,21,200,16,16,0.1,val,client_0,10,92,495,587,True,0.8560166886253843
Tox21,fedavg_proto,0.5,1,21,200,16,16,0.1,val,client_0,11,42,636,678,True,0.7591719077568134
Tox21,fedavg_proto,0.5,1,21,200,16,16,0.1,val,client_1,0,31,696,727,True,0.811271783463107
Tox21,fedavg_proto,0.5,1,21,200,16,16,0.1,val,client_1,1,23,652,675,True,0.7575353427580687
Tox21,fedavg_proto,0.5,1,21,200,16,16,0.1,val,client_1,2,74,567,641,True,0.8167691501024834
Tox21,fedavg_proto,0.5,1,21,200,16,16,0.1,val,client_1,3,19,546,565,True,0.7434933487565067
Tox21,fedavg_proto,0.5,1,21,200,16,16,0.1,val,client_1,4,82,541,623,True,0.6736621432757766
Tox21,fedavg_proto,0.5,1,21,200,16,16,0.1,val,client_1,5,30,657,687,True,0.7341958396752918
Tox21,fedavg_proto,0.5,1,21,200,16,16,0.1,val,client_1,6,21,612,633,True,0.626750700280112
Tox21,fedavg_proto,0.5,1,21,200,16,16,0.1,val,client_1,7,96,492,588,True,0.7026168699186992
Tox21,fedavg_proto,0.5,1,21,200,16,16,0.1,val,client_1,8,30,677,707,True,0.7457410142786804
Tox21,fedavg_proto,0.5,1,21,200,16,16,0.1,val,client_1,9,45,603,648,True,0.618905472636816
Tox21,fedavg_proto,0.5,1,21,200,16,16,0.1,val,client_1,10,92,495,587,True,0.8850461133069828
Tox21,fedavg_proto,0.5,1,21,200,16,16,0.1,val,client_1,11,42,636,678,True,0.7668089248277927
Tox21,fedavg_proto,0.5,1,21,200,16,16,0.1,val,client_2,0,31,696,727,True,0.8198461253244346
Tox21,fedavg_proto,0.5,1,21,200,16,16,0.1,val,client_2,1,23,652,675,True,0.7727393971725794
Tox21,fedavg_proto,0.5,1,21,200,16,16,0.1,val,client_2,2,74,567,641,True,0.8289956623289957
Tox21,fedavg_proto,0.5,1,21,200,16,16,0.1,val,client_2,3,19,546,565,True,0.782051282051282
Tox21,fedavg_proto,0.5,1,21,200,16,16,0.1,val,client_2,4,82,541,623,True,0.6922140570758757
Tox21,fedavg_proto,0.5,1,21,200,16,16,0.1,val,client_2,5,30,657,687,True,0.7572805682394724
Tox21,fedavg_proto,0.5,1,21,200,16,16,0.1,val,client_2,6,21,612,633,True,0.6345315904139434
Tox21,fedavg_proto,0.5,1,21,200,16,16,0.1,val,client_2,7,96,492,588,True,0.7023416327913279
Tox21,fedavg_proto,0.5,1,21,200,16,16,0.1,val,client_2,8,30,677,707,True,0.7355982274741506
Tox21,fedavg_proto,0.5,1,21,200,16,16,0.1,val,client_2,9,45,603,648,True,0.6060807075732448
Tox21,fedavg_proto,0.5,1,21,200,16,16,0.1,val,client_2,10,92,495,587,True,0.8569169960474309
Tox21,fedavg_proto,0.5,1,21,200,16,16,0.1,val,client_2,11,42,636,678,True,0.7588349805330937
Tox21,fedavg_proto,0.5,1,21,200,16,16,0.1,val,client_3,0,31,696,727,True,0.7984334445680387
Tox21,fedavg_proto,0.5,1,21,200,16,16,0.1,val,client_3,1,23,652,675,True,0.7762736729794613
Tox21,fedavg_proto,0.5,1,21,200,16,16,0.1,val,client_3,2,74,567,641,True,0.8313789980456647
Tox21,fedavg_proto,0.5,1,21,200,16,16,0.1,val,client_3,3,19,546,565,True,0.7859070753807595
Tox21,fedavg_proto,0.5,1,21,200,16,16,0.1,val,client_3,4,82,541,623,True,0.7022000811505341
Tox21,fedavg_proto,0.5,1,21,200,16,16,0.1,val,client_3,5,30,657,687,True,0.758751902587519
Tox21,fedavg_proto,0.5,1,21,200,16,16,0.1,val,client_3,6,21,612,633,True,0.5706504824151883
Tox21,fedavg_proto,0.5,1,21,200,16,16,0.1,val,client_3,7,96,492,588,True,0.6930259146341464
Tox21,fedavg_proto,0.5,1,21,200,16,16,0.1,val,client_3,8,30,677,707,True,0.7129985228951256
Tox21,fedavg_proto,0.5,1,21,200,16,16,0.1,val,client_3,9,45,603,648,True,0.6064123825317855
Tox21,fedavg_proto,0.5,1,21,200,16,16,0.1,val,client_3,10,92,495,587,True,0.8805884936319719
Tox21,fedavg_proto,0.5,1,21,200,16,16,0.1,val,client_3,11,42,636,678,True,0.7514600179694519
Tox21,fedavg_proto,0.5,1,21,200,16,16,0.1,test,server,0,32,693,725,True,0.8324765512265513
Tox21,fedavg_proto,0.5,1,21,200,16,16,0.1,test,server,1,33,646,679,True,0.8879350783375553
Tox21,fedavg_proto,0.5,1,21,200,16,16,0.1,test,server,2,77,572,649,True,0.8222459358822996
Tox21,fedavg_proto,0.5,1,21,200,16,16,0.1,test,server,3,38,538,576,True,0.7556251222852671
Tox21,fedavg_proto,0.5,1,21,200,16,16,0.1,test,server,4,80,531,611,True,0.7104048964218457
Tox21,fedavg_proto,0.5,1,21,200,16,16,0.1,test,server,5,34,647,681,True,0.7857532502954814
Tox21,fedavg_proto,0.5,1,21,200,16,16,0.1,test,server,6,21,617,638,True,0.6591031874662344
Tox21,fedavg_proto,0.5,1,21,200,16,16,0.1,test,server,7,95,494,589,True,0.7724483272959727
Tox21,fedavg_proto,0.5,1,21,200,16,16,0.1,test,server,8,32,670,702,True,0.7215018656716418
Tox21,fedavg_proto,0.5,1,21,200,16,16,0.1,test,server,9,36,621,657,True,0.6228752907496868
Tox21,fedavg_proto,0.5,1,21,200,16,16,0.1,test,server,10,93,485,578,True,0.8374459594280014
Tox21,fedavg_proto,0.5,1,21,200,16,16,0.1,test,server,11,48,624,672,True,0.7127403846153845
Tox21,fedavg_proto,0.5,1,21,200,16,16,0.1,test,client_0,0,32,693,725,True,0.8139430014430015
Tox21,fedavg_proto,0.5,1,21,200,16,16,0.1,test,client_0,1,33,646,679,True,0.8602589361103292
Tox21,fedavg_proto,0.5,1,21,200,16,16,0.1,test,client_0,2,77,572,649,True,0.8268549632185995
Tox21,fedavg_proto,0.5,1,21,200,16,16,0.1,test,client_0,3,38,538,576,True,0.7739679123459206
Tox21,fedavg_proto,0.5,1,21,200,16,16,0.1,test,client_0,4,80,531,611,True,0.6825329566854991
Tox21,fedavg_proto,0.5,1,21,200,16,16,0.1,test,client_0,5,34,647,681,True,0.7512955723247567
Tox21,fedavg_proto,0.5,1,21,200,16,16,0.1,test,client_0,6,21,617,638,True,0.6160376630392838
Tox21,fedavg_proto,0.5,1,21,200,16,16,0.1,test,client_0,7,95,494,589,True,0.7802045599829532
Tox21,fedavg_proto,0.5,1,21,200,16,16,0.1,test,client_0,8,32,670,702,True,0.7228544776119403
Tox21,fedavg_proto,0.5,1,21,200,16,16,0.1,test,client_0,9,36,621,657,True,0.6225621757022722
Tox21,fedavg_proto,0.5,1,21,200,16,16,0.1,test,client_0,10,93,485,578,True,0.8196430550936703
Tox21,fedavg_proto,0.5,1,21,200,16,16,0.1,test,client_0,11,48,624,672,True,0.715377938034188
Tox21,fedavg_proto,0.5,1,21,200,16,16,0.1,test,client_1,0,32,693,725,True,0.822195165945166
Tox21,fedavg_proto,0.5,1,21,200,16,16,0.1,test,client_1,1,33,646,679,True,0.8810864058542076
Tox21,fedavg_proto,0.5,1,21,200,16,16,0.1,test,client_1,2,77,572,649,True,0.8110298792116974
Tox21,fedavg_proto,0.5,1,21,200,16,16,0.1,test,client_1,3,38,538,576,True,0.7497065153590295
Tox21,fedavg_proto,0.5,1,21,200,16,16,0.1,test,client_1,4,80,531,611,True,0.7001647834274953
Tox21,fedavg_proto,0.5,1,21,200,16,16,0.1,test,client_1,5,34,647,681,True,0.7900718247113374
Tox21,fedavg_proto,0.5,1,21,200,16,16,0.1,test,client_1,6,21,617,638,True,0.6625762136296982
Tox21,fedavg_proto,0.5,1,21,200,16,16,0.1,test,client_1,7,95,494,589,True,0.7597485616876198
Tox21,fedavg_proto,0.5,1,21,200,16,16,0.1,test,client_1,8,32,670,702,True,0.7439365671641791
Tox21,fedavg_proto,0.5,1,21,200,16,16,0.1,test,client_1,9,36,621,657,True,0.6386652352835926
Tox21,fedavg_proto,0.5,1,21,200,16,16,0.1,test,client_1,10,93,485,578,True,0.8302627203192551
Tox21,fedavg_proto,0.5,1,21,200,16,16,0.1,test,client_1,11,48,624,672,True,0.7181156517094017
Tox21,fedavg_proto,0.5,1,21,200,16,16,0.1,test,client_2,0,32,693,725,True,0.8204816017316018
Tox21,fedavg_proto,0.5,1,21,200,16,16,0.1,test,client_2,1,33,646,679,True,0.8742846420864997
Tox21,fedavg_proto,0.5,1,21,200,16,16,0.1,test,client_2,2,77,572,649,True,0.8089864680773772
Tox21,fedavg_proto,0.5,1,21,200,16,16,0.1,test,client_2,3,38,538,576,True,0.717863431813735
Tox21,fedavg_proto,0.5,1,21,200,16,16,0.1,test,client_2,4,80,531,611,True,0.7011534839924671
Tox21,fedavg_proto,0.5,1,21,200,16,16,0.1,test,client_2,5,34,647,681,True,0.7672515683243931
Tox21,fedavg_proto,0.5,1,21,200,16,16,0.1,test,client_2,6,21,617,638,True,0.6860384348228756
Tox21,fedavg_proto,0.5,1,21,200,16,16,0.1,test,client_2,7,95,494,589,True,0.7572341785638185
Tox21,fedavg_proto,0.5,1,21,200,16,16,0.1,test,client_2,8,32,670,702,True,0.7160914179104477
Tox21,fedavg_proto,0.5,1,21,200,16,16,0.1,test,client_2,9,36,621,657,True,0.6042673107890499
Tox21,fedavg_proto,0.5,1,21,200,16,16,0.1,test,client_2,10,93,485,578,True,0.8238111074160293
Tox21,fedavg_proto,0.5,1,21,200,16,16,0.1,test,client_2,11,48,624,672,True,0.6936431623931624
Tox21,fedavg_proto,0.5,1,21,200,16,16,0.1,test,client_3,0,32,693,725,True,0.8315295815295815
Tox21,fedavg_proto,0.5,1,21,200,16,16,0.1,test,client_3,1,33,646,679,True,0.8799136879632236
Tox21,fedavg_proto,0.5,1,21,200,16,16,0.1,test,client_3,2,77,572,649,True,0.800563073290346
Tox21,fedavg_proto,0.5,1,21,200,16,16,0.1,test,client_3,3,38,538,576,True,0.7383095284680101
Tox21,fedavg_proto,0.5,1,21,200,16,16,0.1,test,client_3,4,80,531,611,True,0.7111346516007533
Tox21,fedavg_proto,0.5,1,21,200,16,16,0.1,test,client_3,5,34,647,681,True,0.7701609237203382
Tox21,fedavg_proto,0.5,1,21,200,16,16,0.1,test,client_3,6,21,617,638,True,0.6432044454734892
Tox21,fedavg_proto,0.5,1,21,200,16,16,0.1,test,client_3,7,95,494,589,True,0.7359684636692947
Tox21,fedavg_proto,0.5,1,21,200,16,16,0.1,test,client_3,8,32,670,702,True,0.693330223880597
Tox21,fedavg_proto,0.5,1,21,200,16,16,0.1,test,client_3,9,36,621,657,True,0.6037752728573985
Tox21,fedavg_proto,0.5,1,21,200,16,16,0.1,test,client_3,10,93,485,578,True,0.8309278350515462
Tox21,fedavg_proto,0.5,1,21,200,16,16,0.1,test,client_3,11,48,624,672,True,0.6829927884615384
Tox21,fedavg_proto,0.5,1,22,200,16,16,0.1,val,server,0,31,696,727,True,0.8072395253985911
Tox21,fedavg_proto,0.5,1,22,200,16,16,0.1,val,server,1,23,652,675,True,0.7721392371299013
Tox21,fedavg_proto,0.5,1,22,200,16,16,0.1,val,server,2,74,567,641,True,0.8306163306163307
Tox21,fedavg_proto,0.5,1,22,200,16,16,0.1,val,server,3,19,546,565,True,0.785232311548101
Tox21,fedavg_proto,0.5,1,22,200,16,16,0.1,val,server,4,82,541,623,True,0.6932960641990894
Tox21,fedavg_proto,0.5,1,22,200,16,16,0.1,val,server,5,30,657,687,True,0.7566210045662101
Tox21,fedavg_proto,0.5,1,22,200,16,16,0.1,val,server,6,21,612,633,True,0.6241830065359477
Tox21,fedavg_proto,0.5,1,22,200,16,16,0.1,val,server,7,96,492,588,True,0.7095613143631437
Tox21,fedavg_proto,0.5,1,22,200,16,16,0.1,val,server,8,30,677,707,True,0.7410635155096013
Tox21,fedavg_proto,0.5,1,22,200,16,16,0.1,val,server,9,45,603,648,True,0.6190528837295006
Tox21,fedavg_proto,0.5,1,22,200,16,16,0.1,val,server,10,92,495,587,True,0.8848484848484848
Tox21,fedavg_proto,0.5,1,22,200,16,16,0.1,val,server,11,42,636,678,True,0.7717505241090147
Tox21,fedavg_proto,0.5,1,22,200,16,16,0.1,val,client_0,0,31,696,727,True,0.7772988505747126
Tox21,fedavg_proto,0.5,1,22,200,16,16,0.1,val,client_0,1,23,652,675,True,0.7516004267804749
Tox21,fedavg_proto,0.5,1,22,200,16,16,0.1,val,client_0,2,74,567,641,True,0.8269936603269936
Tox21,fedavg_proto,0.5,1,22,200,16,16,0.1,val,client_0,3,19,546,565,True,0.8059572006940428
Tox21,fedavg_proto,0.5,1,22,200,16,16,0.1,val,client_0,4,82,541,623,True,0.6911545917677291
Tox21,fedavg_proto,0.5,1,22,200,16,16,0.1,val,client_0,5,30,657,687,True,0.743226788432268
Tox21,fedavg_proto,0.5,1,22,200,16,16,0.1,val,client_0,6,21,612,633,True,0.601384998443822
Tox21,fedavg_proto,0.5,1,22,200,16,16,0.1,val,client_0,7,96,492,588,True,0.7126312669376694
Tox21,fedavg_proto,0.5,1,22,200,16,16,0.1,val,client_0,8,30,677,707,True,0.7315115706548498
Tox21,fedavg_proto,0.5,1,22,200,16,16,0.1,val,client_0,9,45,603,648,True,0.6285977519808366
Tox21,fedavg_proto,0.5,1,22,200,16,16,0.1,val,client_0,10,92,495,587,True,0.8694115063680281
Tox21,fedavg_proto,0.5,1,22,200,16,16,0.1,val,client_0,11,42,636,678,True,0.7647124887690925
Tox21,fedavg_proto,0.5,1,22,200,16,16,0.1,val,client_1,0,31,696,727,True,0.8115498702261772
Tox21,fedavg_proto,0.5,1,22,200,16,16,0.1,val,client_1,1,23,652,675,True,0.7622699386503067
Tox21,fedavg_proto,0.5,1,22,200,16,16,0.1,val,client_1,2,74,567,641,True,0.8143858143858144
Tox21,fedavg_proto,0.5,1,22,200,16,16,0.1,val,client_1,3,19,546,565,True,0.7401195295932138
Tox21,fedavg_proto,0.5,1,22,200,16,16,0.1,val,client_1,4,82,541,623,True,0.6767954555700824
Tox21,fedavg_proto,0.5,1,22,200,16,16,0.1,val,client_1,5,30,657,687,True,0.7409944190766108
Tox21,fedavg_proto,0.5,1,22,200,16,16,0.1,val,client_1,6,21,612,633,True,0.6298630563336446
Tox21,fedavg_proto,0.5,1,22,200,16,16,0.1,val,client_1,7,96,492,588,True,0.6996951219512194
Tox21,fedavg_proto,0.5,1,22,200,16,16,0.1,val,client_1,8,30,677,707,True,0.7452978828163467
Tox21,fedavg_proto,0.5,1,22,200,16,16,0.1,val,client_1,9,45,603,648,True,0.6137829371660217
Tox21,fedavg_proto,0.5,1,22,200,16,16,0.1,val,client_1,10,92,495,587,True,0.8881642512077295
Tox21,fedavg_proto,0.5,1,22,200,16,16,0.1,val,client_1,11,42,636,678,True,0.7657232704402515
Tox21,fedavg_proto,0.5,1,22,200,16,16,0.1,val,client_2,0,31,696,727,True,0.8203559510567298
Tox21,fedavg_proto,0.5,1,22,200,16,16,0.1,val,client_2,1,23,652,675,True,0.7860762870098693
Tox21,fedavg_proto,0.5,1,22,200,16,16,0.1,val,client_2,2,74,567,641,True,0.8262071595404928
Tox21,fedavg_proto,0.5,1,22,200,16,16,0.1,val,client_2,3,19,546,565,True,0.7612299980721033
Tox21,fedavg_proto,0.5,1,22,200,16,16,0.1,val,client_2,4,82,541,623,True,0.6923718497813443
Tox21,fedavg_proto,0.5,1,22,200,16,16,0.1,val,client_2,5,30,657,687,True,0.7612379502790463
Tox21,fedavg_proto,0.5,1,22,200,16,16,0.1,val,client_2,6,21,612,633,True,0.644880174291939
Tox21,fedavg_proto,0.5,1,22,200,16,16,0.1,val,client_2,7,96,492,588,True,0.700880758807588
Tox21,fedavg_proto,0.5,1,22,200,16,16,0.1,val,client_2,8,30,677,707,True,0.7339241752831117
Tox21,fedavg_proto,0.5,1,22,200,16,16,0.1,val,client_2,9,45,603,648,True,0.60468030219274
Tox21,fedavg_proto,0.5,1,22,200,16,16,0.1,val,client_2,10,92,495,587,True,0.8604523495827844
Tox21,fedavg_proto,0.5,1,22,200,16,16,0.1,val,client_2,11,42,636,678,True,0.761979634621144
Tox21,fedavg_proto,0.5,1,22,200,16,16,0.1,val,client_3,0,31,696,727,True,0.8007971820541343
Tox21,fedavg_proto,0.5,1,22,200,16,16,0.1,val,client_3,1,23,652,675,True,0.7776073619631902
Tox21,fedavg_proto,0.5,1,22,200,16,16,0.1,val,client_3,2,74,567,641,True,0.8308069974736642
Tox21,fedavg_proto,0.5,1,22,200,16,16,0.1,val,client_3,3,19,546,565,True,0.7896664738770002
Tox21,fedavg_proto,0.5,1,22,200,16,16,0.1,val,client_3,4,82,541,623,True,0.6849330508092512
Tox21,fedavg_proto,0.5,1,22,200,16,16,0.1,val,client_3,5,30,657,687,True,0.7616945712836124
Tox21,fedavg_proto,0.5,1,22,200,16,16,0.1,val,client_3,6,21,612,633,True,0.5915032679738562
Tox21,fedavg_proto,0.5,1,22,200,16,16,0.1,val,client_3,7,96,492,588,True,0.703442581300813
Tox21,fedavg_proto,0.5,1,22,200,16,16,0.1,val,client_3,8,30,677,707,True,0.7299852289512555
Tox21,fedavg_proto,0.5,1,22,200,16,16,0.1,val,client_3,9,45,603,648,True,0.6179104477611941
Tox21,fedavg_proto,0.5,1,22,200,16,16,0.1,val,client_3,10,92,495,587,True,0.8824769433465086
Tox21,fedavg_proto,0.5,1,22,200,16,16,0.1,val,client_3,11,42,636,678,True,0.7709643605870021
Tox21,fedavg_proto,0.5,1,22,200,16,16,0.1,test,server,0,32,693,725,True,0.8291847041847042
Tox21,fedavg_proto,0.5,1,22,200,16,16,0.1,test,server,1,33,646,679,True,0.8865747255840135
Tox21,fedavg_proto,0.5,1,22,200,16,16,0.1,test,server,2,77,572,649,True,0.8220870039051857
Tox21,fedavg_proto,0.5,1,22,200,16,16,0.1,test,server,3,38,538,576,True,0.7564566621013499
Tox21,fedavg_proto,0.5,1,22,200,16,16,0.1,test,server,4,80,531,611,True,0.7103107344632769
Tox21,fedavg_proto,0.5,1,22,200,16,16,0.1,test,server,5,34,647,681,True,0.784025820529139
Tox21,fedavg_proto,0.5,1,22,200,16,16,0.1,test,server,6,21,617,638,True,0.6711430114995756
Tox21,fedavg_proto,0.5,1,22,200,16,16,0.1,test,server,7,95,494,589,True,0.7756232686980609
Tox21,fedavg_proto,0.5,1,22,200,16,16,0.1,test,server,8,32,670,702,True,0.7276585820895523
Tox21,fedavg_proto,0.5,1,22,200,16,16,0.1,test,server,9,36,621,657,True,0.6317319735194131
Tox21,fedavg_proto,0.5,1,22,200,16,16,0.1,test,server,10,93,485,578,True,0.844296641170602
Tox21,fedavg_proto,0.5,1,22,200,16,16,0.1,test,server,11,48,624,672,True,0.7161458333333334
Tox21,fedavg_proto,0.5,1,22,200,16,16,0.1,test,client_0,0,32,693,725,True,0.8203012265512265
Tox21,fedavg_proto,0.5,1,22,200,16,16,0.1,test,client_0,1,33,646,679,True,0.8707664884135473
Tox21,fedavg_proto,0.5,1,22,200,16,16,0.1,test,client_0,2,77,572,649,True,0.8267641449459632
Tox21,fedavg_proto,0.5,1,22,200,16,16,0.1,test,client_0,3,38,538,576,True,0.7725004891410683
Tox21,fedavg_proto,0.5,1,22,200,16,16,0.1,test,client_0,4,80,531,611,True,0.6947033898305085
Tox21,fedavg_proto,0.5,1,22,200,16,16,0.1,test,client_0,5,34,647,681,True,0.7588417128829894
Tox21,fedavg_proto,0.5,1,22,200,16,16,0.1,test,client_0,6,21,617,638,True,0.6154974145249672
Tox21,fedavg_proto,0.5,1,22,200,16,16,0.1,test,client_0,7,95,494,589,True,0.7911570424035798
Tox21,fedavg_proto,0.5,1,22,200,16,16,0.1,test,client_0,8,32,670,702,True,0.7333488805970149
Tox21,fedavg_proto,0.5,1,22,200,16,16,0.1,test,client_0,9,36,621,657,True,0.6349973161567365
Tox21,fedavg_proto,0.5,1,22,200,16,16,0.1,test,client_0,10,93,485,578,True,0.8436093559472342
Tox21,fedavg_proto,0.5,1,22,200,16,16,0.1,test,client_0,11,48,624,672,True,0.7144764957264957
Tox21,fedavg_proto,0.5,1,22,200,16,16,0.1,test,client_1,0,32,693,725,True,0.817775974025974
Tox21,fedavg_proto,0.5,1,22,200,16,16,0.1,test,client_1,1,33,646,679,True,0.8824467586077493
Tox21,fedavg_proto,0.5,1,22,200,16,16,0.1,test,client_1,2,77,572,649,True,0.8189764780673872
Tox21,fedavg_proto,0.5,1,22,200,16,16,0.1,test,client_1,3,38,538,576,True,0.7497554294658579
Tox21,fedavg_proto,0.5,1,22,200,16,16,0.1,test,client_1,4,80,531,611,True,0.7062617702448211
Tox21,fedavg_proto,0.5,1,22,200,16,16,0.1,test,client_1,5,34,647,681,True,0.7864351304664061
Tox21,fedavg_proto,0.5,1,22,200,16,16,0.1,test,client_1,6,21,617,638,True,0.6684417689279926
Tox21,fedavg_proto,0.5,1,22,200,16,16,0.1,test,client_1,7,95,494,589,True,0.7631578947368421
Tox21,fedavg_proto,0.5,1,22,200,16,16,0.1,test,client_1,8,32,670,702,True,0.7361940298507463
Tox21,fedavg_proto,0.5,1,22,200,16,16,0.1,test,client_1,9,36,621,657,True,0.6353998926462694
Tox21,fedavg_proto,0.5,1,22,200,16,16,0.1,test,client_1,10,93,485,578,True,0.8407715330894581
Tox21,fedavg_proto,0.5,1,22,200,16,16,0.1,test,client_1,11,48,624,672,True,0.7212540064102564
Tox21,fedavg_proto,0.5,1,22,200,16,16,0.1,test,client_2,0,32,693,725,True,0.8204365079365079
Tox21,fedavg_proto,0.5,1,22,200,16,16,0.1,test,client_2,1,33,646,679,True,0.8836194764987335
Tox21,fedavg_proto,0.5,1,22,200,16,16,0.1,test,client_2,2,77,572,649,True,0.8138679502315868
Tox21,fedavg_proto,0.5,1,22,200,16,16,0.1,test,client_2,3,38,538,576,True,0.7162003521815691
Tox21,fedavg_proto,0.5,1,22,200,16,16,0.1,test,client_2,4,80,531,611,True,0.7033662900188323
Tox21,fedavg_proto,0.5,1,22,200,16,16,0.1,test,client_2,5,34,647,681,True,0.7726156923356668
Tox21,fedavg_proto,0.5,1,22,200,16,16,0.1,test,client_2,6,21,617,638,True,0.6876591803658254
Tox21,fedavg_proto,0.5,1,22,200,16,16,0.1,test,client_2,7,95,494,589,True,0.7620498614958449
Tox21,fedavg_proto,0.5,1,22,200,16,16,0.1,test,client_2,8,32,670,702,True,0.7222481343283582
Tox21,fedavg_proto,0.5,1,22,200,16,16,0.1,test,client_2,9,36,621,657,True,0.6147342995169082
Tox21,fedavg_proto,0.5,1,22,200,16,16,0.1,test,client_2,10,93,485,578,True,0.8223035140228356
Tox21,fedavg_proto,0.5,1,22,200,16,16,0.1,test,client_2,11,48,624,672,True,0.6980502136752136
Tox21,fedavg_proto,0.5,1,22,200,16,16,0.1,test,client_3,0,32,693,725,True,0.8244949494949495
Tox21,fedavg_proto,0.5,1,22,200,16,16,0.1,test,client_3,1,33,646,679,True,0.8800075053945023
Tox21,fedavg_proto,0.5,1,22,200,16,16,0.1,test,client_3,2,77,572,649,True,0.7951593860684769
Tox21,fedavg_proto,0.5,1,22,200,16,16,0.1,test,client_3,3,38,538,576,True,0.7503913128546272
Tox21,fedavg_proto,0.5,1,22,200,16,16,0.1,test,client_3,4,80,531,611,True,0.7083097928436911
Tox21,fedavg_proto,0.5,1,22,200,16,16,0.1,test,client_3,5,34,647,681,True,0.774252204745886
Tox21,fedavg_proto,0.5,1,22,200,16,16,0.1,test,client_3,6,21,617,638,True,0.6877363587250135
Tox21,fedavg_proto,0.5,1,22,200,16,16,0.1,test,client_3,7,95,494,589,True,0.7477093543575538
Tox21,fedavg_proto,0.5,1,22,200,16,16,0.1,test,client_3,8,32,670,702,True,0.7171175373134329
Tox21,fedavg_proto,0.5,1,22,200,16,16,0.1,test,client_3,9,36,621,657,True,0.6281982465557345
Tox21,fedavg_proto,0.5,1,22,200,16,16,0.1,test,client_3,10,93,485,578,True,0.8287772974171378
Tox21,fedavg_proto,0.5,1,22,200,16,16,0.1,test,client_3,11,48,624,672,True,0.7095686431623932
Tox21,fedavg_proto,0.5,1,23,200,16,16,0.1,val,server,0,31,696,727,True,0.8064516129032259
Tox21,fedavg_proto,0.5,1,23,200,16,16,0.1,val,server,1,23,652,675,True,0.7743398239530542
Tox21,fedavg_proto,0.5,1,23,200,16,16,0.1,val,server,2,74,567,641,True,0.8310691644024977
Tox21,fedavg_proto,0.5,1,23,200,16,16,0.1,val,server,3,19,546,565,True,0.7930402930402931
Tox21,fedavg_proto,0.5,1,23,200,16,16,0.1,val,server,4,82,541,623,True,0.6928677697128172
Tox21,fedavg_proto,0.5,1,23,200,16,16,0.1,val,server,5,30,657,687,True,0.7584982242516488
Tox21,fedavg_proto,0.5,1,23,200,16,16,0.1,val,server,6,21,612,633,True,0.6294740118269531
Tox21,fedavg_proto,0.5,1,23,200,16,16,0.1,val,server,7,96,492,588,True,0.7126736111111112
Tox21,fedavg_proto,0.5,1,23,200,16,16,0.1,val,server,8,30,677,707,True,0.7471196454948302
Tox21,fedavg_proto,0.5,1,23,200,16,16,0.1,val,server,9,45,603,648,True,0.622996130458817
Tox21,fedavg_proto,0.5,1,23,200,16,16,0.1,val,server,10,92,495,587,True,0.886627140974967
Tox21,fedavg_proto,0.5,1,23,200,16,16,0.1,val,server,11,42,636,678,True,0.7765049415992813
Tox21,fedavg_proto,0.5,1,23,200,16,16,0.1,val,client_0,0,31,696,727,True,0.7834167593622545
Tox21,fedavg_proto,0.5,1,23,200,16,16,0.1,val,client_0,1,23,652,675,True,0.753267538010136
Tox21,fedavg_proto,0.5,1,23,200,16,16,0.1,val,client_0,2,74,567,641,True,0.8230373230373228
Tox21,fedavg_proto,0.5,1,23,200,16,16,0.1,val,client_0,3,19,546,565,True,0.8065355696934644
Tox21,fedavg_proto,0.5,1,23,200,16,16,0.1,val,client_0,4,82,541,623,True,0.6758486993372708
Tox21,fedavg_proto,0.5,1,23,200,16,16,0.1,val,client_0,5,30,657,687,True,0.7292744799594115
Tox21,fedavg_proto,0.5,1,23,200,16,16,0.1,val,client_0,6,21,612,633,True,0.6191254279489573
Tox21,fedavg_proto,0.5,1,23,200,16,16,0.1,val,client_0,7,96,492,588,True,0.717945460704607
Tox21,fedavg_proto,0.5,1,23,200,16,16,0.1,val,client_0,8,30,677,707,True,0.73397341211226
Tox21,fedavg_proto,0.5,1,23,200,16,16,0.1,val,client_0,9,45,603,648,True,0.6252441496222592
Tox21,fedavg_proto,0.5,1,23,200,16,16,0.1,val,client_0,10,92,495,587,True,0.8662494510320596
Tox21,fedavg_proto,0.5,1,23,200,16,16,0.1,val,client_0,11,42,636,678,True,0.7671084156933213
Tox21,fedavg_proto,0.5,1,23,200,16,16,0.1,val,client_1,0,31,696,727,True,0.807285873192436
Tox21,fedavg_proto,0.5,1,23,200,16,16,0.1,val,client_1,1,23,652,675,True,0.7628700986929848
Tox21,fedavg_proto,0.5,1,23,200,16,16,0.1,val,client_1,2,74,567,641,True,0.819652986319653
Tox21,fedavg_proto,0.5,1,23,200,16,16,0.1,val,client_1,3,19,546,565,True,0.7587237324079429
Tox21,fedavg_proto,0.5,1,23,200,16,16,0.1,val,client_1,4,82,541,623,True,0.6837834182408368
Tox21,fedavg_proto,0.5,1,23,200,16,16,0.1,val,client_1,5,30,657,687,True,0.752156265854896
Tox21,fedavg_proto,0.5,1,23,200,16,16,0.1,val,client_1,6,21,612,633,True,0.6271397447868037
Tox21,fedavg_proto,0.5,1,23,200,16,16,0.1,val,client_1,7,96,492,588,True,0.7063431571815717
Tox21,fedavg_proto,0.5,1,23,200,16,16,0.1,val,client_1,8,30,677,707,True,0.7548005908419498
Tox21,fedavg_proto,0.5,1,23,200,16,16,0.1,val,client_1,9,45,603,648,True,0.6193477059148701
Tox21,fedavg_proto,0.5,1,23,200,16,16,0.1,val,client_1,10,92,495,587,True,0.8893939393939393
Tox21,fedavg_proto,0.5,1,23,200,16,16,0.1,val,client_1,11,42,636,678,True,0.7719002695417789
Tox21,fedavg_proto,0.5,1,23,200,16,16,0.1,val,client_2,0,31,696,727,True,0.8192899517982943
Tox21,fedavg_proto,0.5,1,23,200,16,16,0.1,val,client_2,1,23,652,675,True,0.7882101893838357
Tox21,fedavg_proto,0.5,1,23,200,16,16,0.1,val,client_2,2,74,567,641,True,0.8267314933981601
Tox21,fedavg_proto,0.5,1,23,200,16,16,0.1,val,client_2,3,19,546,565,True,0.7757856178908811
Tox21,fedavg_proto,0.5,1,23,200,16,16,0.1,val,client_2,4,82,541,623,True,0.6973761327262071
Tox21,fedavg_proto,0.5,1,23,200,16,16,0.1,val,client_2,5,30,657,687,True,0.7681380010147133
Tox21,fedavg_proto,0.5,1,23,200,16,16,0.1,val,client_2,6,21,612,633,True,0.6490818549642079
Tox21,fedavg_proto,0.5,1,23,200,16,16,0.1,val,client_2,7,96,492,588,True,0.7043318089430894
Tox21,fedavg_proto,0.5,1,23,200,16,16,0.1,val,client_2,8,30,677,707,True,0.7442146725750861
Tox21,fedavg_proto,0.5,1,23,200,16,16,0.1,val,client_2,9,45,603,648,True,0.6158466924636079
Tox21,fedavg_proto,0.5,1,23,200,16,16,0.1,val,client_2,10,92,495,587,True,0.8678963548528765
Tox21,fedavg_proto,0.5,1,23,200,16,16,0.1,val,client_2,11,42,636,678,True,0.7690551063192572
Tox21,fedavg_proto,0.5,1,23,200,16,16,0.1,val,client_3,0,31,696,727,True,0.8041342232109752
Tox21,fedavg_proto,0.5,1,23,200,16,16,0.1,val,client_3,1,23,652,675,True,0.78587623366231
Tox21,fedavg_proto,0.5,1,23,200,16,16,0.1,val,client_3,2,74,567,641,True,0.8345011678345012
Tox21,fedavg_proto,0.5,1,23,200,16,16,0.1,val,client_3,3,19,546,565,True,0.7873529978793137
Tox21,fedavg_proto,0.5,1,23,200,16,16,0.1,val,client_3,4,82,541,623,True,0.6979171362878139
Tox21,fedavg_proto,0.5,1,23,200,16,16,0.1,val,client_3,5,30,657,687,True,0.7610857432775241
Tox21,fedavg_proto,0.5,1,23,200,16,16,0.1,val,client_3,6,21,612,633,True,0.5952380952380953
Tox21,fedavg_proto,0.5,1,23,200,16,16,0.1,val,client_3,7,96,492,588,True,0.7003091124661246
Tox21,fedavg_proto,0.5,1,23,200,16,16,0.1,val,client_3,8,30,677,707,True,0.7223042836041359
Tox21,fedavg_proto,0.5,1,23,200,16,16,0.1,val,client_3,9,45,603,648,True,0.6096554265708494
Tox21,fedavg_proto,0.5,1,23,200,16,16,0.1,val,client_3,10,92,495,587,True,0.8889108476064997
Tox21,fedavg_proto,0.5,1,23,200,16,16,0.1,val,client_3,11,42,636,678,True,0.7676699610661875
Tox21,fedavg_proto,0.5,1,23,200,16,16,0.1,test,server,0,32,693,725,True,0.827922077922078
Tox21,fedavg_proto,0.5,1,23,200,16,16,0.1,test,server,1,33,646,679,True,0.8853081902617507
Tox21,fedavg_proto,0.5,1,23,200,16,16,0.1,test,server,2,77,572,649,True,0.8249704840613931
Tox21,fedavg_proto,0.5,1,23,200,16,16,0.1,test,server,3,38,538,576,True,0.7610545881432206
Tox21,fedavg_proto,0.5,1,23,200,16,16,0.1,test,server,4,80,531,611,True,0.708027306967985
Tox21,fedavg_proto,0.5,1,23,200,16,16,0.1,test,server,5,34,647,681,True,0.7828893535775979
Tox21,fedavg_proto,0.5,1,23,200,16,16,0.1,test,server,6,21,617,638,True,0.6688276607239331
Tox21,fedavg_proto,0.5,1,23,200,16,16,0.1,test,server,7,95,494,589,True,0.781056893245259
Tox21,fedavg_proto,0.5,1,23,200,16,16,0.1,test,server,8,32,670,702,True,0.7301772388059702
Tox21,fedavg_proto,0.5,1,23,200,16,16,0.1,test,server,9,36,621,657,True,0.634728931830381
Tox21,fedavg_proto,0.5,1,23,200,16,16,0.1,test,server,10,93,485,578,True,0.8455160181798027
Tox21,fedavg_proto,0.5,1,23,200,16,16,0.1,test,server,11,48,624,672,True,0.7204861111111112
Tox21,fedavg_proto,0.5,1,23,200,16,16,0.1,test,client_0,0,32,693,725,True,0.8071338383838383
Tox21,fedavg_proto,0.5,1,23,200,16,16,0.1,test,client_0,1,33,646,679,True,0.8531288113331457
Tox21,fedavg_proto,0.5,1,23,200,16,16,0.1,test,client_0,2,77,572,649,True,0.8316002179638543
Tox21,fedavg_proto,0.5,1,23,200,16,16,0.1,test,client_0,3,38,538,576,True,0.7756309919780865
Tox21,fedavg_proto,0.5,1,23,200,16,16,0.1,test,client_0,4,80,531,611,True,0.6771892655367233
Tox21,fedavg_proto,0.5,1,23,200,16,16,0.1,test,client_0,5,34,647,681,True,0.7467951631966543
Tox21,fedavg_proto,0.5,1,23,200,16,16,0.1,test,client_0,6,21,617,638,True,0.6100949293818013
Tox21,fedavg_proto,0.5,1,23,200,16,16,0.1,test,client_0,7,95,494,589,True,0.7864052844662264
Tox21,fedavg_proto,0.5,1,23,200,16,16,0.1,test,client_0,8,32,670,702,True,0.7318563432835821
Tox21,fedavg_proto,0.5,1,23,200,16,16,0.1,test,client_0,9,36,621,657,True,0.6347736625514404
Tox21,fedavg_proto,0.5,1,23,200,16,16,0.1,test,client_0,10,93,485,578,True,0.8304844252300188
Tox21,fedavg_proto,0.5,1,23,200,16,16,0.1,test,client_0,11,48,624,672,True,0.72142094017094
Tox21,fedavg_proto,0.5,1,23,200,16,16,0.1,test,client_1,0,32,693,725,True,0.8180465367965369
Tox21,fedavg_proto,0.5,1,23,200,16,16,0.1,test,client_1,1,33,646,679,True,0.8751289989680082
Tox21,fedavg_proto,0.5,1,23,200,16,16,0.1,test,client_1,2,77,572,649,True,0.8168876577967488
Tox21,fedavg_proto,0.5,1,23,200,16,16,0.1,test,client_1,3,38,538,576,True,0.7484836626883193
Tox21,fedavg_proto,0.5,1,23,200,16,16,0.1,test,client_1,4,80,531,611,True,0.7035075329566854
Tox21,fedavg_proto,0.5,1,23,200,16,16,0.1,test,client_1,5,34,647,681,True,0.780343667606146
Tox21,fedavg_proto,0.5,1,23,200,16,16,0.1,test,client_1,6,21,617,638,True,0.6734583622752179
Tox21,fedavg_proto,0.5,1,23,200,16,16,0.1,test,client_1,7,95,494,589,True,0.7671851694012359
Tox21,fedavg_proto,0.5,1,23,200,16,16,0.1,test,client_1,8,32,670,702,True,0.7294309701492538
Tox21,fedavg_proto,0.5,1,23,200,16,16,0.1,test,client_1,9,36,621,657,True,0.6349078547146181
Tox21,fedavg_proto,0.5,1,23,200,16,16,0.1,test,client_1,10,93,485,578,True,0.849883604921849
Tox21,fedavg_proto,0.5,1,23,200,16,16,0.1,test,client_1,11,48,624,672,True,0.7167134081196582
Tox21,fedavg_proto,0.5,1,23,200,16,16,0.1,test,client_2,0,32,693,725,True,0.8243596681096681
Tox21,fedavg_proto,0.5,1,23,200,16,16,0.1,test,client_2,1,33,646,679,True,0.8869969040247678
Tox21,fedavg_proto,0.5,1,23,200,16,16,0.1,test,client_2,2,77,572,649,True,0.8150031786395423
Tox21,fedavg_proto,0.5,1,23,200,16,16,0.1,test,client_2,3,38,538,576,True,0.7226081001760907
Tox21,fedavg_proto,0.5,1,23,200,16,16,0.1,test,client_2,4,80,531,611,True,0.7046610169491525
Tox21,fedavg_proto,0.5,1,23,200,16,16,0.1,test,client_2,5,34,647,681,True,0.774252204745886
Tox21,fedavg_proto,0.5,1,23,200,16,16,0.1,test,client_2,6,21,617,638,True,0.6942965192560004
Tox21,fedavg_proto,0.5,1,23,200,16,16,0.1,test,client_2,7,95,494,589,True,0.7715746857021095
Tox21,fedavg_proto,0.5,1,23,200,16,16,0.1,test,client_2,8,32,670,702,True,0.7270055970149254
Tox21,fedavg_proto,0.5,1,23,200,16,16,0.1,test,client_2,9,36,621,657,True,0.6224279835390947
Tox21,fedavg_proto,0.5,1,23,200,16,16,0.1,test,client_2,10,93,485,578,True,0.8269371466577986
Tox21,fedavg_proto,0.5,1,23,200,16,16,0.1,test,client_2,11,48,624,672,True,0.7026241987179487
Tox21,fedavg_proto,0.5,1,23,200,16,16,0.1,test,client_3,0,32,693,725,True,0.8275613275613276
Tox21,fedavg_proto,0.5,1,23,200,16,16,0.1,test,client_3,1,33,646,679,True,0.8856834599868655
Tox21,fedavg_proto,0.5,1,23,200,16,16,0.1,test,client_3,2,77,572,649,True,0.8039914630823721
Tox21,fedavg_proto,0.5,1,23,200,16,16,0.1,test,client_3,3,38,538,576,True,0.7558207787125807
Tox21,fedavg_proto,0.5,1,23,200,16,16,0.1,test,client_3,4,80,531,611,True,0.7110640301318268
Tox21,fedavg_proto,0.5,1,23,200,16,16,0.1,test,client_3,5,34,647,681,True,0.7793890353668516
Tox21,fedavg_proto,0.5,1,23,200,16,16,0.1,test,client_3,6,21,617,638,True,0.6618044300378174
Tox21,fedavg_proto,0.5,1,23,200,16,16,0.1,test,client_3,7,95,494,589,True,0.748412529298956
Tox21,fedavg_proto,0.5,1,23,200,16,16,0.1,test,client_3,8,32,670,702,True,0.704384328358209
Tox21,fedavg_proto,0.5,1,23,200,16,16,0.1,test,client_3,9,36,621,657,True,0.6239040973340491
Tox21,fedavg_proto,0.5,1,23,200,16,16,0.1,test,client_3,10,93,485,578,True,0.8359383660348076
Tox21,fedavg_proto,0.5,1,23,200,16,16,0.1,test,client_3,11,48,624,672,True,0.703926282051282
Tox21,fedavg_proto,0.5,1,24,200,16,16,0.1,val,server,0,31,696,727,True,0.8076566555431961
Tox21,fedavg_proto,0.5,1,24,200,16,16,0.1,val,server,1,23,652,675,True,0.7775406775140037
Tox21,fedavg_proto,0.5,1,24,200,16,16,0.1,val,server,2,74,567,641,True,0.8344296677630011
Tox21,fedavg_proto,0.5,1,24,200,16,16,0.1,val,server,3,19,546,565,True,0.7917871602082128
Tox21,fedavg_proto,0.5,1,24,200,16,16,0.1,val,server,4,82,541,623,True,0.6952121184797799
Tox21,fedavg_proto,0.5,1,24,200,16,16,0.1,val,server,5,30,657,687,True,0.7659563673262303
Tox21,fedavg_proto,0.5,1,24,200,16,16,0.1,val,server,6,21,612,633,True,0.6263616557734206
Tox21,fedavg_proto,0.5,1,24,200,16,16,0.1,val,server,7,96,492,588,True,0.7121654810298101
Tox21,fedavg_proto,0.5,1,24,200,16,16,0.1,val,server,8,30,677,707,True,0.7489906450024618
Tox21,fedavg_proto,0.5,1,24,200,16,16,0.1,val,server,9,45,603,648,True,0.625428413488115
Tox21,fedavg_proto,0.5,1,24,200,16,16,0.1,val,server,10,92,495,587,True,0.8874615722441809
Tox21,fedavg_proto,0.5,1,24,200,16,16,0.1,val,server,11,42,636,678,True,0.7748203054806828
Tox21,fedavg_proto,0.5,1,24,200,16,16,0.1,val,client_0,0,31,696,727,True,0.7910641453466816
Tox21,fedavg_proto,0.5,1,24,200,16,16,0.1,val,client_0,1,23,652,675,True,0.7694051747132569
Tox21,fedavg_proto,0.5,1,24,200,16,16,0.1,val,client_0,2,74,567,641,True,0.8314504981171648
Tox21,fedavg_proto,0.5,1,24,200,16,16,0.1,val,client_0,3,19,546,565,True,0.8088490456911509
Tox21,fedavg_proto,0.5,1,24,200,16,16,0.1,val,client_0,4,82,541,623,True,0.6906812136513231
Tox21,fedavg_proto,0.5,1,24,200,16,16,0.1,val,client_0,5,30,657,687,True,0.7581938102486048
Tox21,fedavg_proto,0.5,1,24,200,16,16,0.1,val,client_0,6,21,612,633,True,0.611577964519141
Tox21,fedavg_proto,0.5,1,24,200,16,16,0.1,val,client_0,7,96,492,588,True,0.7227938685636858
Tox21,fedavg_proto,0.5,1,24,200,16,16,0.1,val,client_0,8,30,677,707,True,0.7393402264894141
Tox21,fedavg_proto,0.5,1,24,200,16,16,0.1,val,client_0,9,45,603,648,True,0.6427123641053989
Tox21,fedavg_proto,0.5,1,24,200,16,16,0.1,val,client_0,10,92,495,587,True,0.8689284145805886
Tox21,fedavg_proto,0.5,1,24,200,16,16,0.1,val,client_0,11,42,636,678,True,0.7686807427373465
Tox21,fedavg_proto,0.5,1,24,200,16,16,0.1,val,client_1,0,31,696,727,True,0.807239525398591
Tox21,fedavg_proto,0.5,1,24,200,16,16,0.1,val,client_1,1,23,652,675,True,0.7620698853027474
Tox21,fedavg_proto,0.5,1,24,200,16,16,0.1,val,client_1,2,74,567,641,True,0.827970827970828
Tox21,fedavg_proto,0.5,1,24,200,16,16,0.1,val,client_1,3,19,546,565,True,0.7517833044148834
Tox21,fedavg_proto,0.5,1,24,200,16,16,0.1,val,client_1,4,82,541,623,True,0.6877733195076869
Tox21,fedavg_proto,0.5,1,24,200,16,16,0.1,val,client_1,5,30,657,687,True,0.7526128868594621
Tox21,fedavg_proto,0.5,1,24,200,16,16,0.1,val,client_1,6,21,612,633,True,0.6349206349206349
Tox21,fedavg_proto,0.5,1,24,200,16,16,0.1,val,client_1,7,96,492,588,True,0.7068512872628726
Tox21,fedavg_proto,0.5,1,24,200,16,16,0.1,val,client_1,8,30,677,707,True,0.7515509601181684
Tox21,fedavg_proto,0.5,1,24,200,16,16,0.1,val,client_1,9,45,603,648,True,0.6133038511147964
Tox21,fedavg_proto,0.5,1,24,200,16,16,0.1,val,client_1,10,92,495,587,True,0.8891084760649977
Tox21,fedavg_proto,0.5,1,24,200,16,16,0.1,val,client_1,11,42,636,678,True,0.7681566337226714
Tox21,fedavg_proto,0.5,1,24,200,16,16,0.1,val,client_2,0,31,696,727,True,0.8167871709306638
Tox21,fedavg_proto,0.5,1,24,200,16,16,0.1,val,client_2,1,23,652,675,True,0.7892771405708189
Tox21,fedavg_proto,0.5,1,24,200,16,16,0.1,val,client_2,2,74,567,641,True,0.8301873301873303
Tox21,fedavg_proto,0.5,1,24,200,16,16,0.1,val,client_2,3,19,546,565,True,0.7816657027183342
Tox21,fedavg_proto,0.5,1,24,200,16,16,0.1,val,client_2,4,82,541,623,True,0.6974437581714079
Tox21,fedavg_proto,0.5,1,24,200,16,16,0.1,val,client_2,5,30,657,687,True,0.773921867072552
Tox21,fedavg_proto,0.5,1,24,200,16,16,0.1,val,client_2,6,21,612,633,True,0.6444911297852475
Tox21,fedavg_proto,0.5,1,24,200,16,16,0.1,val,client_2,7,96,492,588,True,0.704543529810298
Tox21,fedavg_proto,0.5,1,24,200,16,16,0.1,val,client_2,8,30,677,707,True,0.745396356474643
Tox21,fedavg_proto,0.5,1,24,200,16,16,0.1,val,client_2,9,45,603,648,True,0.6167311590197162
Tox21,fedavg_proto,0.5,1,24,200,16,16,0.1,val,client_2,10,92,495,587,True,0.8738910847606499
Tox21,fedavg_proto,0.5,1,24,200,16,16,0.1,val,client_2,11,42,636,678,True,0.7684935609463911
Tox21,fedavg_proto,0.5,1,24,200,16,16,0.1,val,client_3,0,31,696,727,True,0.799823878383389
Tox21,fedavg_proto,0.5,1,24,200,16,16,0.1,val,client_3,1,23,652,675,True,0.777874099759936
Tox21,fedavg_proto,0.5,1,24,200,16,16,0.1,val,client_3,2,74,567,641,True,0.8289718289718291
Tox21,fedavg_proto,0.5,1,24,200,16,16,0.1,val,client_3,3,19,546,565,True,0.7895700790437632
Tox21,fedavg_proto,0.5,1,24,200,16,16,0.1,val,client_3,4,82,541,623,True,0.6897569992335781
Tox21,fedavg_proto,0.5,1,24,200,16,16,0.1,val,client_3,5,30,657,687,True,0.763064434297311
Tox21,fedavg_proto,0.5,1,24,200,16,16,0.1,val,client_3,6,21,612,633,True,0.5992841581076875
Tox21,fedavg_proto,0.5,1,24,200,16,16,0.1,val,client_3,7,96,492,588,True,0.6971968157181573
Tox21,fedavg_proto,0.5,1,24,200,16,16,0.1,val,client_3,8,30,677,707,True,0.7367799113737075
Tox21,fedavg_proto,0.5,1,24,200,16,16,0.1,val,client_3,9,45,603,648,True,0.6170628339782568
Tox21,fedavg_proto,0.5,1,24,200,16,16,0.1,val,client_3,10,92,495,587,True,0.8833113746157224
Tox21,fedavg_proto,0.5,1,24,200,16,16,0.1,val,client_3,11,42,636,678,True,0.7688304881701108
Tox21,fedavg_proto,0.5,1,24,200,16,16,0.1,test,server,0,32,693,725,True,0.8239538239538239
Tox21,fedavg_proto,0.5,1,24,200,16,16,0.1,test,server,1,33,646,679,True,0.8868561778778496
Tox21,fedavg_proto,0.5,1,24,200,16,16,0.1,test,server,2,77,572,649,True,0.8261511216056671
Tox21,fedavg_proto,0.5,1,24,200,16,16,0.1,test,server,3,38,538,576,True,0.7591469379769126
Tox21,fedavg_proto,0.5,1,24,200,16,16,0.1,test,server,4,80,531,611,True,0.7111581920903954
Tox21,fedavg_proto,0.5,1,24,200,16,16,0.1,test,server,5,34,647,681,True,0.7902991181016457
Tox21,fedavg_proto,0.5,1,24,200,16,16,0.1,test,server,6,21,617,638,True,0.673458362275218
Tox21,fedavg_proto,0.5,1,24,200,16,16,0.1,test,server,7,95,494,589,True,0.7753036437246963
Tox21,fedavg_proto,0.5,1,24,200,16,16,0.1,test,server,8,32,670,702,True,0.7317630597014926
Tox21,fedavg_proto,0.5,1,24,200,16,16,0.1,test,server,9,36,621,657,True,0.6379495437466453
Tox21,fedavg_proto,0.5,1,24,200,16,16,0.1,test,server,10,93,485,578,True,0.8496840705021617
Tox21,fedavg_proto,0.5,1,24,200,16,16,0.1,test,server,11,48,624,672,True,0.7172475961538461
Tox21,fedavg_proto,0.5,1,24,200,16,16,0.1,test,client_0,0,32,693,725,True,0.8152958152958153
Tox21,fedavg_proto,0.5,1,24,200,16,16,0.1,test,client_0,1,33,646,679,True,0.8829627544797823
Tox21,fedavg_proto,0.5,1,24,200,16,16,0.1,test,client_0,2,77,572,649,True,0.8305785123966942
Tox21,fedavg_proto,0.5,1,24,200,16,16,0.1,test,client_0,3,38,538,576,True,0.7675112502445706
Tox21,fedavg_proto,0.5,1,24,200,16,16,0.1,test,client_0,4,80,531,611,True,0.7022834274952919
Tox21,fedavg_proto,0.5,1,24,200,16,16,0.1,test,client_0,5,34,647,681,True,0.7726156923356668
Tox21,fedavg_proto,0.5,1,24,200,16,16,0.1,test,client_0,6,21,617,638,True,0.6246816392683491
Tox21,fedavg_proto,0.5,1,24,200,16,16,0.1,test,client_0,7,95,494,589,True,0.791497975708502
Tox21,fedavg_proto,0.5,1,24,200,16,16,0.1,test,client_0,8,32,670,702,True,0.7487873134328358
Tox21,fedavg_proto,0.5,1,24,200,16,16,0.1,test,client_0,9,36,621,657,True,0.6424673465736267
Tox21,fedavg_proto,0.5,1,24,200,16,16,0.1,test,client_0,10,93,485,578,True,0.8447178805010531
Tox21,fedavg_proto,0.5,1,24,200,16,16,0.1,test,client_0,11,48,624,672,True,0.7189503205128205
Tox21,fedavg_proto,0.5,1,24,200,16,16,0.1,test,client_1,0,32,693,725,True,0.8126352813852814
Tox21,fedavg_proto,0.5,1,24,200,16,16,0.1,test,client_1,1,33,646,679,True,0.879069331081715
Tox21,fedavg_proto,0.5,1,24,200,16,16,0.1,test,client_1,2,77,572,649,True,0.8276269185360093
Tox21,fedavg_proto,0.5,1,24,200,16,16,0.1,test,client_1,3,38,538,576,True,0.75215222070045
Tox21,fedavg_proto,0.5,1,24,200,16,16,0.1,test,client_1,4,80,531,611,True,0.7063323917137477
Tox21,fedavg_proto,0.5,1,24,200,16,16,0.1,test,client_1,5,34,647,681,True,0.790117283389399
Tox21,fedavg_proto,0.5,1,24,200,16,16,0.1,test,client_1,6,21,617,638,True,0.6618044300378174
Tox21,fedavg_proto,0.5,1,24,200,16,16,0.1,test,client_1,7,95,494,589,True,0.7610483699126359
Tox21,fedavg_proto,0.5,1,24,200,16,16,0.1,test,client_1,8,32,670,702,True,0.7299440298507462
Tox21,fedavg_proto,0.5,1,24,200,16,16,0.1,test,client_1,9,36,621,657,True,0.6319108964036501
Tox21,fedavg_proto,0.5,1,24,200,16,16,0.1,test,client_1,10,93,485,578,True,0.844474005099213
Tox21,fedavg_proto,0.5,1,24,200,16,16,0.1,test,client_1,11,48,624,672,True,0.7253605769230768
Tox21,fedavg_proto,0.5,1,24,200,16,16,0.1,test,client_2,0,32,693,725,True,0.8220598845598845
Tox21,fedavg_proto,0.5,1,24,200,16,16,0.1,test,client_2,1,33,646,679,True,0.8846045595271602
Tox21,fedavg_proto,0.5,1,24,200,16,16,0.1,test,client_2,2,77,572,649,True,0.8170238852057035
Tox21,fedavg_proto,0.5,1,24,200,16,16,0.1,test,client_2,3,38,538,576,True,0.731119154764234
Tox21,fedavg_proto,0.5,1,24,200,16,16,0.1,test,client_2,4,80,531,611,True,0.7128531073446328
Tox21,fedavg_proto,0.5,1,24,200,16,16,0.1,test,client_2,5,34,647,681,True,0.7811164651331939
Tox21,fedavg_proto,0.5,1,24,200,16,16,0.1,test,client_2,6,21,617,638,True,0.6925214169946747
Tox21,fedavg_proto,0.5,1,24,200,16,16,0.1,test,client_2,7,95,494,589,True,0.7694225442147881
Tox21,fedavg_proto,0.5,1,24,200,16,16,0.1,test,client_2,8,32,670,702,True,0.7349347014925373
Tox21,fedavg_proto,0.5,1,24,200,16,16,0.1,test,client_2,9,36,621,657,True,0.6268115942028986
Tox21,fedavg_proto,0.5,1,24,200,16,16,0.1,test,client_2,10,93,485,578,True,0.8364261168384879
Tox21,fedavg_proto,0.5,1,24,200,16,16,0.1,test,client_2,11,48,624,672,True,0.7045606303418803
Tox21,fedavg_proto,0.5,1,24,200,16,16,0.1,test,client_3,0,32,693,725,True,0.8211129148629149
Tox21,fedavg_proto,0.5,1,24,200,16,16,0.1,test,client_3,1,33,646,679,True,0.8759264471338775
Tox21,fedavg_proto,0.5,1,24,200,16,16,0.1,test,client_3,2,77,572,649,True,0.8004949595858687
Tox21,fedavg_proto,0.5,1,24,200,16,16,0.1,test,client_3,3,38,538,576,True,0.7516141655253376
Tox21,fedavg_proto,0.5,1,24,200,16,16,0.1,test,client_3,4,80,531,611,True,0.7048258003766478
Tox21,fedavg_proto,0.5,1,24,200,16,16,0.1,test,client_3,5,34,647,681,True,0.7744340394581326
Tox21,fedavg_proto,0.5,1,24,200,16,16,0.1,test,client_3,6,21,617,638,True,0.6931388438681794
Tox21,fedavg_proto,0.5,1,24,200,16,16,0.1,test,client_3,7,95,494,589,True,0.7445557212870232
Tox21,fedavg_proto,0.5,1,24,200,16,16,0.1,test,client_3,8,32,670,702,True,0.7087220149253731
Tox21,fedavg_proto,0.5,1,24,200,16,16,0.1,test,client_3,9,36,621,657,True,0.6334764716407228
Tox21,fedavg_proto,0.5,1,24,200,16,16,0.1,test,client_3,10,93,485,578,True,0.8350293759006762
Tox21,fedavg_proto,0.5,1,24,200,16,16,0.1,test,client_3,11,48,624,672,True,0.7107705662393162
Tox21,fedavg_proto,0.5,1,25,200,16,16,0.1,val,server,0,31,696,727,True,0.8063589173155358
Tox21,fedavg_proto,0.5,1,25,200,16,16,0.1,val,server,1,23,652,675,True,0.7780074686583088
Tox21,fedavg_proto,0.5,1,25,200,16,16,0.1,val,server,2,74,567,641,True,0.8330234996901665
Tox21,fedavg_proto,0.5,1,25,200,16,16,0.1,val,server,3,19,546,565,True,0.8002699055330634
Tox21,fedavg_proto,0.5,1,25,200,16,16,0.1,val,server,4,82,541,623,True,0.6972408818358055
Tox21,fedavg_proto,0.5,1,25,200,16,16,0.1,val,server,5,30,657,687,True,0.7681887366818874
Tox21,fedavg_proto,0.5,1,25,200,16,16,0.1,val,server,6,21,612,633,True,0.6300964830376594
Tox21,fedavg_proto,0.5,1,25,200,16,16,0.1,val,server,7,96,492,588,True,0.7137110433604336
Tox21,fedavg_proto,0.5,1,25,200,16,16,0.1,val,server,8,30,677,707,True,0.7517479074347612
Tox21,fedavg_proto,0.5,1,25,200,16,16,0.1,val,server,9,45,603,648,True,0.6261654689515386
Tox21,fedavg_proto,0.5,1,25,200,16,16,0.1,val,server,10,92,495,587,True,0.8899209486166006
Tox21,fedavg_proto,0.5,1,25,200,16,16,0.1,val,server,11,42,636,678,True,0.7764300688828991
Tox21,fedavg_proto,0.5,1,25,200,16,16,0.1,val,client_0,0,31,696,727,True,0.7815164998146089
Tox21,fedavg_proto,0.5,1,25,200,16,16,0.1,val,client_0,1,23,652,675,True,0.7543344891971193
Tox21,fedavg_proto,0.5,1,25,200,16,16,0.1,val,client_0,2,74,567,641,True,0.8165784832451499
Tox21,fedavg_proto,0.5,1,25,200,16,16,0.1,val,client_0,3,19,546,565,True,0.8121264700212069
Tox21,fedavg_proto,0.5,1,25,200,16,16,0.1,val,client_0,4,82,541,623,True,0.6921464316306749
Tox21,fedavg_proto,0.5,1,25,200,16,16,0.1,val,client_0,5,30,657,687,True,0.7469304921359716
Tox21,fedavg_proto,0.5,1,25,200,16,16,0.1,val,client_0,6,21,612,633,True,0.6135231870525988
Tox21,fedavg_proto,0.5,1,25,200,16,16,0.1,val,client_0,7,96,492,588,True,0.7159552845528455
Tox21,fedavg_proto,0.5,1,25,200,16,16,0.1,val,client_0,8,30,677,707,True,0.7302314130969966
Tox21,fedavg_proto,0.5,1,25,200,16,16,0.1,val,client_0,9,45,603,648,True,0.6329463792150359
Tox21,fedavg_proto,0.5,1,25,200,16,16,0.1,val,client_0,10,92,495,587,True,0.864163372859025
Tox21,fedavg_proto,0.5,1,25,200,16,16,0.1,val,client_0,11,42,636,678,True,0.7646750524109015
Tox21,fedavg_proto,0.5,1,25,200,16,16,0.1,val,client_1,0,31,696,727,True,0.807193177604746
Tox21,fedavg_proto,0.5,1,25,200,16,16,0.1,val,client_1,1,23,652,675,True,0.7642037876767137
Tox21,fedavg_proto,0.5,1,25,200,16,16,0.1,val,client_1,2,74,567,641,True,0.8291863291863293
Tox21,fedavg_proto,0.5,1,25,200,16,16,0.1,val,client_1,3,19,546,565,True,0.7612299980721033
Tox21,fedavg_proto,0.5,1,25,200,16,16,0.1,val,client_1,4,82,541,623,True,0.6858798070420631
Tox21,fedavg_proto,0.5,1,25,200,16,16,0.1,val,client_1,5,30,657,687,True,0.7606291222729579
Tox21,fedavg_proto,0.5,1,25,200,16,16,0.1,val,client_1,6,21,612,633,True,0.6364768129474011
Tox21,fedavg_proto,0.5,1,25,200,16,16,0.1,val,client_1,7,96,492,588,True,0.7104293699186992
Tox21,fedavg_proto,0.5,1,25,200,16,16,0.1,val,client_1,8,30,677,707,True,0.7611029049729197
Tox21,fedavg_proto,0.5,1,25,200,16,16,0.1,val,client_1,9,45,603,648,True,0.6216694306246545
Tox21,fedavg_proto,0.5,1,25,200,16,16,0.1,val,client_1,10,92,495,587,True,0.8872639437856829
Tox21,fedavg_proto,0.5,1,25,200,16,16,0.1,val,client_1,11,42,636,678,True,0.7716382150344414
Tox21,fedavg_proto,0.5,1,25,200,16,16,0.1,val,client_2,0,31,696,727,True,0.814145346681498
Tox21,fedavg_proto,0.5,1,25,200,16,16,0.1,val,client_2,1,23,652,675,True,0.7926780474793278
Tox21,fedavg_proto,0.5,1,25,200,16,16,0.1,val,client_2,2,74,567,641,True,0.8343820010486678
Tox21,fedavg_proto,0.5,1,25,200,16,16,0.1,val,client_2,3,19,546,565,True,0.7986311933680355
Tox21,fedavg_proto,0.5,1,25,200,16,16,0.1,val,client_2,4,82,541,623,True,0.69388215139083
Tox21,fedavg_proto,0.5,1,25,200,16,16,0.1,val,client_2,5,30,657,687,True,0.7742770167427702
Tox21,fedavg_proto,0.5,1,25,200,16,16,0.1,val,client_2,6,21,612,633,True,0.6535169623404917
Tox21,fedavg_proto,0.5,1,25,200,16,16,0.1,val,client_2,7,96,492,588,True,0.7116996951219512
Tox21,fedavg_proto,0.5,1,25,200,16,16,0.1,val,client_2,8,30,677,707,True,0.7573609059576564
Tox21,fedavg_proto,0.5,1,25,200,16,16,0.1,val,client_2,9,45,603,648,True,0.622369633314907
Tox21,fedavg_proto,0.5,1,25,200,16,16,0.1,val,client_2,10,92,495,587,True,0.8754281949934123
Tox21,fedavg_proto,0.5,1,25,200,16,16,0.1,val,client_2,11,42,636,678,True,0.7758310871518418
Tox21,fedavg_proto,0.5,1,25,200,16,16,0.1,val,client_3,0,31,696,727,True,0.7975064886911383
Tox21,fedavg_proto,0.5,1,25,200,16,16,0.1,val,client_3,1,23,652,675,True,0.7783408909042412
Tox21,fedavg_proto,0.5,1,25,200,16,16,0.1,val,client_3,2,74,567,641,True,0.8305448305448305
Tox21,fedavg_proto,0.5,1,25,200,16,16,0.1,val,client_3,3,19,546,565,True,0.783593599383073
Tox21,fedavg_proto,0.5,1,25,200,16,16,0.1,val,client_3,4,82,541,623,True,0.7021324557053334
Tox21,fedavg_proto,0.5,1,25,200,16,16,0.1,val,client_3,5,30,657,687,True,0.7592085235920852
Tox21,fedavg_proto,0.5,1,25,200,16,16,0.1,val,client_3,6,21,612,633,True,0.5930594460006224
Tox21,fedavg_proto,0.5,1,25,200,16,16,0.1,val,client_3,7,96,492,588,True,0.6896383807588076
Tox21,fedavg_proto,0.5,1,25,200,16,16,0.1,val,client_3,8,30,677,707,True,0.7212210733628754
Tox21,fedavg_proto,0.5,1,25,200,16,16,0.1,val,client_3,9,45,603,648,True,0.6066703519439839
Tox21,fedavg_proto,0.5,1,25,200,16,16,0.1,val,client_3,10,92,495,587,True,0.8900527009222661
Tox21,fedavg_proto,0.5,1,25,200,16,16,0.1,val,client_3,11,42,636,678,True,0.758498053309374
Tox21,fedavg_proto,0.5,1,25,200,16,16,0.1,test,server,0,32,693,725,True,0.822826479076479
Tox21,fedavg_proto,0.5,1,25,200,16,16,0.1,test,server,1,33,646,679,True,0.886387090721456
Tox21,fedavg_proto,0.5,1,25,200,16,16,0.1,test,server,2,77,572,649,True,0.8272863500136226
Tox21,fedavg_proto,0.5,1,25,200,16,16,0.1,test,server,3,38,538,576,True,0.7640872627665818
Tox21,fedavg_proto,0.5,1,25,200,16,16,0.1,test,server,4,80,531,611,True,0.7110404896421846
Tox21,fedavg_proto,0.5,1,25,200,16,16,0.1,test,server,5,34,647,681,True,0.7887080643694881
Tox21,fedavg_proto,0.5,1,25,200,16,16,0.1,test,server,6,21,617,638,True,0.6699081577525663
Tox21,fedavg_proto,0.5,1,25,200,16,16,0.1,test,server,7,95,494,589,True,0.7811847432346047
Tox21,fedavg_proto,0.5,1,25,200,16,16,0.1,test,server,8,32,670,702,True,0.7368470149253731
Tox21,fedavg_proto,0.5,1,25,200,16,16,0.1,test,server,9,36,621,657,True,0.6430935766684559
Tox21,fedavg_proto,0.5,1,25,200,16,16,0.1,test,server,10,93,485,578,True,0.8518346081365702
Tox21,fedavg_proto,0.5,1,25,200,16,16,0.1,test,server,11,48,624,672,True,0.719150641025641
Tox21,fedavg_proto,0.5,1,25,200,16,16,0.1,test,client_0,0,32,693,725,True,0.8079004329004329
Tox21,fedavg_proto,0.5,1,25,200,16,16,0.1,test,client_0,1,33,646,679,True,0.8628858241861338
Tox21,fedavg_proto,0.5,1,25,200,16,16,0.1,test,client_0,2,77,572,649,True,0.830533103260376
Tox21,fedavg_proto,0.5,1,25,200,16,16,0.1,test,client_0,3,38,538,576,True,0.7748483662688319
Tox21,fedavg_proto,0.5,1,25,200,16,16,0.1,test,client_0,4,80,531,611,True,0.6828625235404896
Tox21,fedavg_proto,0.5,1,25,200,16,16,0.1,test,client_0,5,34,647,681,True,0.7483407582507501
Tox21,fedavg_proto,0.5,1,25,200,16,16,0.1,test,client_0,6,21,617,638,True,0.6027629852589333
Tox21,fedavg_proto,0.5,1,25,200,16,16,0.1,test,client_0,7,95,494,589,True,0.7950351587470701
Tox21,fedavg_proto,0.5,1,25,200,16,16,0.1,test,client_0,8,32,670,702,True,0.7428638059701492
Tox21,fedavg_proto,0.5,1,25,200,16,16,0.1,test,client_0,9,36,621,657,True,0.6481481481481483
Tox21,fedavg_proto,0.5,1,25,200,16,16,0.1,test,client_0,10,93,485,578,True,0.8333000775967189
Tox21,fedavg_proto,0.5,1,25,200,16,16,0.1,test,client_0,11,48,624,672,True,0.7144431089743589
Tox21,fedavg_proto,0.5,1,25,200,16,16,0.1,test,client_1,0,32,693,725,True,0.8115981240981242
Tox21,fedavg_proto,0.5,1,25,200,16,16,0.1,test,client_1,1,33,646,679,True,0.8766300778684679
Tox21,fedavg_proto,0.5,1,25,200,16,16,0.1,test,client_1,2,77,572,649,True,0.8262419398783035
Tox21,fedavg_proto,0.5,1,25,200,16,16,0.1,test,client_1,3,38,538,576,True,0.7478477792995499
Tox21,fedavg_proto,0.5,1,25,200,16,16,0.1,test,client_1,4,80,531,611,True,0.7054849340866289
Tox21,fedavg_proto,0.5,1,25,200,16,16,0.1,test,client_1,5,34,647,681,True,0.7879807255205019
Tox21,fedavg_proto,0.5,1,25,200,16,16,0.1,test,client_1,6,21,617,638,True,0.6709886547811993
Tox21,fedavg_proto,0.5,1,25,200,16,16,0.1,test,client_1,7,95,494,589,True,0.7656722778606436
Tox21,fedavg_proto,0.5,1,25,200,16,16,0.1,test,client_1,8,32,670,702,True,0.7347014925373134
Tox21,fedavg_proto,0.5,1,25,200,16,16,0.1,test,client_1,9,36,621,657,True,0.6371443907675791
Tox21,fedavg_proto,0.5,1,25,200,16,16,0.1,test,client_1,10,93,485,578,True,0.8503048442523001
Tox21,fedavg_proto,0.5,1,25,200,16,16,0.1,test,client_1,11,48,624,672,True,0.7219551282051282
Tox21,fedavg_proto,0.5,1,25,200,16,16,0.1,test,client_2,0,32,693,725,True,0.820436507936508
Tox21,fedavg_proto,0.5,1,25,200,16,16,0.1,test,client_2,1,33,646,679,True,0.8856365512712262
Tox21,fedavg_proto,0.5,1,25,200,16,16,0.1,test,client_2,2,77,572,649,True,0.821542094269367
Tox21,fedavg_proto,0.5,1,25,200,16,16,0.1,test,client_2,3,38,538,576,True,0.7384562707884954
Tox21,fedavg_proto,0.5,1,25,200,16,16,0.1,test,client_2,4,80,531,611,True,0.7080979284369116
Tox21,fedavg_proto,0.5,1,25,200,16,16,0.1,test,client_2,5,34,647,681,True,0.7836166924265842
Tox21,fedavg_proto,0.5,1,25,200,16,16,0.1,test,client_2,6,21,617,638,True,0.6979239021378406
Tox21,fedavg_proto,0.5,1,25,200,16,16,0.1,test,client_2,7,95,494,589,True,0.774387385467718
Tox21,fedavg_proto,0.5,1,25,200,16,16,0.1,test,client_2,8,32,670,702,True,0.7397854477611939
Tox21,fedavg_proto,0.5,1,25,200,16,16,0.1,test,client_2,9,36,621,657,True,0.6320003578457685
Tox21,fedavg_proto,0.5,1,25,200,16,16,0.1,test,client_2,10,93,485,578,True,0.8393747921516461
Tox21,fedavg_proto,0.5,1,25,200,16,16,0.1,test,client_2,11,48,624,672,True,0.7204861111111113
Tox21,fedavg_proto,0.5,1,25,200,16,16,0.1,test,client_3,0,32,693,725,True,0.8255321067821069
Tox21,fedavg_proto,0.5,1,25,200,16,16,0.1,test,client_3,1,33,646,679,True,0.8670606998780374
Tox21,fedavg_proto,0.5,1,25,200,16,16,0.1,test,client_3,2,77,572,649,True,0.8036735991281445
Tox21,fedavg_proto,0.5,1,25,200,16,16,0.1,test,client_3,3,38,538,576,True,0.7549892388964978
Tox21,fedavg_proto,0.5,1,25,200,16,16,0.1,test,client_3,4,80,531,611,True,0.7168079096045199
Tox21,fedavg_proto,0.5,1,25,200,16,16,0.1,test,client_3,5,34,647,681,True,0.7757068824438585
Tox21,fedavg_proto,0.5,1,25,200,16,16,0.1,test,client_3,6,21,617,638,True,0.6566334799722158
Tox21,fedavg_proto,0.5,1,25,200,16,16,0.1,test,client_3,7,95,494,589,True,0.7443852546345621
Tox21,fedavg_proto,0.5,1,25,200,16,16,0.1,test,client_3,8,32,670,702,True,0.7078358208955223
Tox21,fedavg_proto,0.5,1,25,200,16,16,0.1,test,client_3,9,36,621,657,True,0.6239935587761675
Tox21,fedavg_proto,0.5,1,25,200,16,16,0.1,test,client_3,10,93,485,578,True,0.8426338543398735
Tox21,fedavg_proto,0.5,1,25,200,16,16,0.1,test,client_3,11,48,624,672,True,0.6952791132478633
Tox21,fedavg_proto,0.5,1,26,200,16,16,0.1,val,server,0,31,696,727,True,0.8008435298479792
Tox21,fedavg_proto,0.5,1,26,200,16,16,0.1,val,server,1,23,652,675,True,0.7776740464123767
Tox21,fedavg_proto,0.5,1,26,200,16,16,0.1,val,server,2,74,567,641,True,0.8318318318318318
Tox21,fedavg_proto,0.5,1,26,200,16,16,0.1,val,server,3,19,546,565,True,0.8079814921920184
Tox21,fedavg_proto,0.5,1,26,200,16,16,0.1,val,server,4,82,541,623,True,0.6893061629322393
Tox21,fedavg_proto,0.5,1,26,200,16,16,0.1,val,server,5,30,657,687,True,0.767326230339929
Tox21,fedavg_proto,0.5,1,26,200,16,16,0.1,val,server,6,21,612,633,True,0.6375661375661374
Tox21,fedavg_proto,0.5,1,26,200,16,16,0.1,val,server,7,96,492,588,True,0.7149813685636855
Tox21,fedavg_proto,0.5,1,26,200,16,16,0.1,val,server,8,30,677,707,True,0.7580502215657313
Tox21,fedavg_proto,0.5,1,26,200,16,16,0.1,val,server,9,45,603,648,True,0.6307720655979362
Tox21,fedavg_proto,0.5,1,26,200,16,16,0.1,val,server,10,92,495,587,True,0.892314448836188
Tox21,fedavg_proto,0.5,1,26,200,16,16,0.1,val,server,11,42,636,678,True,0.7814091045223122
Tox21,fedavg_proto,0.5,1,26,200,16,16,0.1,val,client_0,0,31,696,727,True,0.7733129403040415
Tox21,fedavg_proto,0.5,1,26,200,16,16,0.1,val,client_0,1,23,652,675,True,0.7475993598292878
Tox21,fedavg_proto,0.5,1,26,200,16,16,0.1,val,client_0,2,74,567,641,True,0.8185328185328185
Tox21,fedavg_proto,0.5,1,26,200,16,16,0.1,val,client_0,3,19,546,565,True,0.825910931174089
Tox21,fedavg_proto,0.5,1,26,200,16,16,0.1,val,client_0,4,82,541,623,True,0.6696947838239935
Tox21,fedavg_proto,0.5,1,26,200,16,16,0.1,val,client_0,5,30,657,687,True,0.7362252663622526
Tox21,fedavg_proto,0.5,1,26,200,16,16,0.1,val,client_0,6,21,612,633,True,0.6134453781512605
Tox21,fedavg_proto,0.5,1,26,200,16,16,0.1,val,client_0,7,96,492,588,True,0.7192581300813008
Tox21,fedavg_proto,0.5,1,26,200,16,16,0.1,val,client_0,8,30,677,707,True,0.7399803052683407
Tox21,fedavg_proto,0.5,1,26,200,16,16,0.1,val,client_0,9,45,603,648,True,0.6282660770222959
Tox21,fedavg_proto,0.5,1,26,200,16,16,0.1,val,client_0,10,92,495,587,True,0.8673913043478262
Tox21,fedavg_proto,0.5,1,26,200,16,16,0.1,val,client_0,11,42,636,678,True,0.7688679245283019
Tox21,fedavg_proto,0.5,1,26,200,16,16,0.1,val,client_1,0,31,696,727,True,0.8119670003707823
Tox21,fedavg_proto,0.5,1,26,200,16,16,0.1,val,client_1,1,23,652,675,True,0.7724726593758335
Tox21,fedavg_proto,0.5,1,26,200,16,16,0.1,val,client_1,2,74,567,641,True,0.8227274893941561
Tox21,fedavg_proto,0.5,1,26,200,16,16,0.1,val,client_1,3,19,546,565,True,0.747734721418932
Tox21,fedavg_proto,0.5,1,26,200,16,16,0.1,val,client_1,4,82,541,623,True,0.6879311122131553
Tox21,fedavg_proto,0.5,1,26,200,16,16,0.1,val,client_1,5,30,657,687,True,0.7590055809233891
Tox21,fedavg_proto,0.5,1,26,200,16,16,0.1,val,client_1,6,21,612,633,True,0.6470588235294117
Tox21,fedavg_proto,0.5,1,26,200,16,16,0.1,val,client_1,7,96,492,588,True,0.7099212398373984
Tox21,fedavg_proto,0.5,1,26,200,16,16,0.1,val,client_1,8,30,677,707,True,0.7606597735105859
Tox21,fedavg_proto,0.5,1,26,200,16,16,0.1,val,client_1,9,45,603,648,True,0.6233278054173577
Tox21,fedavg_proto,0.5,1,26,200,16,16,0.1,val,client_1,10,92,495,587,True,0.891260430390865
Tox21,fedavg_proto,0.5,1,26,200,16,16,0.1,val,client_1,11,42,636,678,True,0.7770290506139563
Tox21,fedavg_proto,0.5,1,26,200,16,16,0.1,val,client_2,0,31,696,727,True,0.8180849091583241
Tox21,fedavg_proto,0.5,1,26,200,16,16,0.1,val,client_2,1,23,652,675,True,0.8004801280341424
Tox21,fedavg_proto,0.5,1,26,200,16,16,0.1,val,client_2,2,74,567,641,True,0.8316411649744984
Tox21,fedavg_proto,0.5,1,26,200,16,16,0.1,val,client_2,3,19,546,565,True,0.7776171197223829
Tox21,fedavg_proto,0.5,1,26,200,16,16,0.1,val,client_2,4,82,541,623,True,0.6913349262882648
Tox21,fedavg_proto,0.5,1,26,200,16,16,0.1,val,client_2,5,30,657,687,True,0.7823947234906139
Tox21,fedavg_proto,0.5,1,26,200,16,16,0.1,val,client_2,6,21,612,633,True,0.6493152816682228
Tox21,fedavg_proto,0.5,1,26,200,16,16,0.1,val,client_2,7,96,492,588,True,0.7103870257452574
Tox21,fedavg_proto,0.5,1,26,200,16,16,0.1,val,client_2,8,30,677,707,True,0.7579517479074348
Tox21,fedavg_proto,0.5,1,26,200,16,16,0.1,val,client_2,9,45,603,648,True,0.6273816104661877
Tox21,fedavg_proto,0.5,1,26,200,16,16,0.1,val,client_2,10,92,495,587,True,0.8731005709266579
Tox21,fedavg_proto,0.5,1,26,200,16,16,0.1,val,client_2,11,42,636,678,True,0.7783018867924528
Tox21,fedavg_proto,0.5,1,26,200,16,16,0.1,val,client_3,0,31,696,727,True,0.7914349276974416
Tox21,fedavg_proto,0.5,1,26,200,16,16,0.1,val,client_3,1,23,652,675,True,0.7736729794611897
Tox21,fedavg_proto,0.5,1,26,200,16,16,0.1,val,client_3,2,74,567,641,True,0.8324991658324992
Tox21,fedavg_proto,0.5,1,26,200,16,16,0.1,val,client_3,3,19,546,565,True,0.8195488721804511
Tox21,fedavg_proto,0.5,1,26,200,16,16,0.1,val,client_3,4,82,541,623,True,0.6931608133086876
Tox21,fedavg_proto,0.5,1,26,200,16,16,0.1,val,client_3,5,30,657,687,True,0.7625570776255708
Tox21,fedavg_proto,0.5,1,26,200,16,16,0.1,val,client_3,6,21,612,633,True,0.5939931528166822
Tox21,fedavg_proto,0.5,1,26,200,16,16,0.1,val,client_3,7,96,492,588,True,0.7000550474254741
Tox21,fedavg_proto,0.5,1,26,200,16,16,0.1,val,client_3,8,30,677,707,True,0.7388970950270803
Tox21,fedavg_proto,0.5,1,26,200,16,16,0.1,val,client_3,9,45,603,648,True,0.6176893311221668
Tox21,fedavg_proto,0.5,1,26,200,16,16,0.1,val,client_3,10,92,495,587,True,0.8902942468159859
Tox21,fedavg_proto,0.5,1,26,200,16,16,0.1,val,client_3,11,42,636,678,True,0.7719377058999701
Tox21,fedavg_proto,0.5,1,26,200,16,16,0.1,test,server,0,32,693,725,True,0.8180916305916306
Tox21,fedavg_proto,0.5,1,26,200,16,16,0.1,test,server,1,33,646,679,True,0.8841354723707664
Tox21,fedavg_proto,0.5,1,26,200,16,16,0.1,test,server,2,77,572,649,True,0.8269911906275542
Tox21,fedavg_proto,0.5,1,26,200,16,16,0.1,test,server,3,38,538,576,True,0.7721580903932694
Tox21,fedavg_proto,0.5,1,26,200,16,16,0.1,test,server,4,80,531,611,True,0.7075094161958568
Tox21,fedavg_proto,0.5,1,26,200,16,16,0.1,test,server,5,34,647,681,True,0.7897990726429676
Tox21,fedavg_proto,0.5,1,26,200,16,16,0.1,test,server,6,21,617,638,True,0.6792467392143243
Tox21,fedavg_proto,0.5,1,26,200,16,16,0.1,test,server,7,95,494,589,True,0.7821436181546986
Tox21,fedavg_proto,0.5,1,26,200,16,16,0.1,test,server,8,32,670,702,True,0.746035447761194
Tox21,fedavg_proto,0.5,1,26,200,16,16,0.1,test,server,9,36,621,657,True,0.6497137233852209
Tox21,fedavg_proto,0.5,1,26,200,16,16,0.1,test,server,10,93,485,578,True,0.8585300964416362
Tox21,fedavg_proto,0.5,1,26,200,16,16,0.1,test,server,11,48,624,672,True,0.7277310363247863
Tox21,fedavg_proto,0.5,1,26,200,16,16,0.1,test,client_0,0,32,693,725,True,0.792252886002886
Tox21,fedavg_proto,0.5,1,26,200,16,16,0.1,test,client_0,1,33,646,679,True,0.8390092879256966
Tox21,fedavg_proto,0.5,1,26,200,16,16,0.1,test,client_0,2,77,572,649,True,0.8333030605757878
Tox21,fedavg_proto,0.5,1,26,200,16,16,0.1,test,client_0,3,38,538,576,True,0.7745059675210331
Tox21,fedavg_proto,0.5,1,26,200,16,16,0.1,test,client_0,4,80,531,611,True,0.6652542372881355
Tox21,fedavg_proto,0.5,1,26,200,16,16,0.1,test,client_0,5,34,647,681,True,0.7383398490771889
Tox21,fedavg_proto,0.5,1,26,200,16,16,0.1,test,client_0,6,21,617,638,True,0.6070849733734661
Tox21,fedavg_proto,0.5,1,26,200,16,16,0.1,test,client_0,7,95,494,589,True,0.7805881099509908
Tox21,fedavg_proto,0.5,1,26,200,16,16,0.1,test,client_0,8,32,670,702,True,0.739598880597015
Tox21,fedavg_proto,0.5,1,26,200,16,16,0.1,test,client_0,9,36,621,657,True,0.6529790660225442
Tox21,fedavg_proto,0.5,1,26,200,16,16,0.1,test,client_0,10,93,485,578,True,0.8320141891142889
Tox21,fedavg_proto,0.5,1,26,200,16,16,0.1,test,client_0,11,48,624,672,True,0.7278311965811967
Tox21,fedavg_proto,0.5,1,26,200,16,16,0.1,test,client_1,0,32,693,725,True,0.8203463203463204
Tox21,fedavg_proto,0.5,1,26,200,16,16,0.1,test,client_1,1,33,646,679,True,0.8880288957688338
Tox21,fedavg_proto,0.5,1,26,200,16,16,0.1,test,client_1,2,77,572,649,True,0.8229724820633912
Tox21,fedavg_proto,0.5,1,26,200,16,16,0.1,test,client_1,3,38,538,576,True,0.7610545881432206
Tox21,fedavg_proto,0.5,1,26,200,16,16,0.1,test,client_1,4,80,531,611,True,0.7082862523540489
Tox21,fedavg_proto,0.5,1,26,200,16,16,0.1,test,client_1,5,34,647,681,True,0.7913901263751251
Tox21,fedavg_proto,0.5,1,26,200,16,16,0.1,test,client_1,6,21,617,638,True,0.6697538010341899
Tox21,fedavg_proto,0.5,1,26,200,16,16,0.1,test,client_1,7,95,494,589,True,0.7714255273812058
Tox21,fedavg_proto,0.5,1,26,200,16,16,0.1,test,client_1,8,32,670,702,True,0.7474347014925373
Tox21,fedavg_proto,0.5,1,26,200,16,16,0.1,test,client_1,9,36,621,657,True,0.6497137233852209
Tox21,fedavg_proto,0.5,1,26,200,16,16,0.1,test,client_1,10,93,485,578,True,0.8463141558585523
Tox21,fedavg_proto,0.5,1,26,200,16,16,0.1,test,client_1,11,48,624,672,True,0.729801014957265
Tox21,fedavg_proto,0.5,1,26,200,16,16,0.1,test,client_2,0,32,693,725,True,0.8182720057720058
Tox21,fedavg_proto,0.5,1,26,200,16,16,0.1,test,client_2,1,33,646,679,True,0.8838540200769303
Tox21,fedavg_proto,0.5,1,26,200,16,16,0.1,test,client_2,2,77,572,649,True,0.813572790845518
Tox21,fedavg_proto,0.5,1,26,200,16,16,0.1,test,client_2,3,38,538,576,True,0.7294071610252396
Tox21,fedavg_proto,0.5,1,26,200,16,16,0.1,test,client_2,4,80,531,611,True,0.7105225988700564
Tox21,fedavg_proto,0.5,1,26,200,16,16,0.1,test,client_2,5,34,647,681,True,0.7798436221474679
Tox21,fedavg_proto,0.5,1,26,200,16,16,0.1,test,client_2,6,21,617,638,True,0.7061048082117773
Tox21,fedavg_proto,0.5,1,26,200,16,16,0.1,test,client_2,7,95,494,589,True,0.7741529938205838
Tox21,fedavg_proto,0.5,1,26,200,16,16,0.1,test,client_2,8,32,670,702,True,0.7506063432835821
Tox21,fedavg_proto,0.5,1,26,200,16,16,0.1,test,client_2,9,36,621,657,True,0.6362497763463948
Tox21,fedavg_proto,0.5,1,26,200,16,16,0.1,test,client_2,10,93,485,578,True,0.8376233233566123
Tox21,fedavg_proto,0.5,1,26,200,16,16,0.1,test,client_2,11,48,624,672,True,0.7124399038461539
Tox21,fedavg_proto,0.5,1,26,200,16,16,0.1,test,client_3,0,32,693,725,True,0.8221500721500722
Tox21,fedavg_proto,0.5,1,26,200,16,16,0.1,test,client_3,1,33,646,679,True,0.8695937705225631
Tox21,fedavg_proto,0.5,1,26,200,16,16,0.1,test,client_3,2,77,572,649,True,0.8016755971301426
Tox21,fedavg_proto,0.5,1,26,200,16,16,0.1,test,client_3,3,38,538,576,True,0.7695167286245354
Tox21,fedavg_proto,0.5,1,26,200,16,16,0.1,test,client_3,4,80,531,611,True,0.7068973634651602
Tox21,fedavg_proto,0.5,1,26,200,16,16,0.1,test,client_3,5,34,647,681,True,0.7744340394581326
Tox21,fedavg_proto,0.5,1,26,200,16,16,0.1,test,client_3,6,21,617,638,True,0.6841089758431735
Tox21,fedavg_proto,0.5,1,26,200,16,16,0.1,test,client_3,7,95,494,589,True,0.7546984871084594
Tox21,fedavg_proto,0.5,1,26,200,16,16,0.1,test,client_3,8,32,670,702,True,0.7161847014925374
Tox21,fedavg_proto,0.5,1,26,200,16,16,0.1,test,client_3,9,36,621,657,True,0.6406781177312578
Tox21,fedavg_proto,0.5,1,26,200,16,16,0.1,test,client_3,10,93,485,578,True,0.8481321361268153
Tox21,fedavg_proto,0.5,1,26,200,16,16,0.1,test,client_3,11,48,624,672,True,0.7086338141025641
Tox21,fedavg_proto,0.5,1,27,200,16,16,0.1,val,server,0,31,696,727,True,0.80362439747868
Tox21,fedavg_proto,0.5,1,27,200,16,16,0.1,val,server,1,23,652,675,True,0.7815417444651906
Tox21,fedavg_proto,0.5,1,27,200,16,16,0.1,val,server,2,74,567,641,True,0.8355498355498355
Tox21,fedavg_proto,0.5,1,27,200,16,16,0.1,val,server,3,19,546,565,True,0.8084634663582032
Tox21,fedavg_proto,0.5,1,27,200,16,16,0.1,val,server,4,82,541,623,True,0.6971507145755377
Tox21,fedavg_proto,0.5,1,27,200,16,16,0.1,val,server,5,30,657,687,True,0.7733130390664636
Tox21,fedavg_proto,0.5,1,27,200,16,16,0.1,val,server,6,21,612,633,True,0.6339091192032369
Tox21,fedavg_proto,0.5,1,27,200,16,16,0.1,val,server,7,96,492,588,True,0.716526930894309
Tox21,fedavg_proto,0.5,1,27,200,16,16,0.1,val,server,8,30,677,707,True,0.7565731166912851
Tox21,fedavg_proto,0.5,1,27,200,16,16,0.1,val,server,9,45,603,648,True,0.6279712548369265
Tox21,fedavg_proto,0.5,1,27,200,16,16,0.1,val,server,10,92,495,587,True,0.8911506368028107
Tox21,fedavg_proto,0.5,1,27,200,16,16,0.1,val,server,11,42,636,678,True,0.7800239592692423
Tox21,fedavg_proto,0.5,1,27,200,16,16,0.1,val,client_0,0,31,696,727,True,0.7792918057100482
Tox21,fedavg_proto,0.5,1,27,200,16,16,0.1,val,client_0,1,23,652,675,True,0.7591357695385437
Tox21,fedavg_proto,0.5,1,27,200,16,16,0.1,val,client_0,2,74,567,641,True,0.8258973258973259
Tox21,fedavg_proto,0.5,1,27,200,16,16,0.1,val,client_0,3,19,546,565,True,0.824465008675535
Tox21,fedavg_proto,0.5,1,27,200,16,16,0.1,val,client_0,4,82,541,623,True,0.6823182002614852
Tox21,fedavg_proto,0.5,1,27,200,16,16,0.1,val,client_0,5,30,657,687,True,0.7604261796042617
Tox21,fedavg_proto,0.5,1,27,200,16,16,0.1,val,client_0,6,21,612,633,True,0.6224712107065048
Tox21,fedavg_proto,0.5,1,27,200,16,16,0.1,val,client_0,7,96,492,588,True,0.732130758807588
Tox21,fedavg_proto,0.5,1,27,200,16,16,0.1,val,client_0,8,30,677,707,True,0.7598719842442148
Tox21,fedavg_proto,0.5,1,27,200,16,16,0.1,val,client_0,9,45,603,648,True,0.6418647503224617
Tox21,fedavg_proto,0.5,1,27,200,16,16,0.1,val,client_0,10,92,495,587,True,0.8649538866930171
Tox21,fedavg_proto,0.5,1,27,200,16,16,0.1,val,client_0,11,42,636,678,True,0.7797244684037138
Tox21,fedavg_proto,0.5,1,27,200,16,16,0.1,val,client_1,0,31,696,727,True,0.8077493511308862
Tox21,fedavg_proto,0.5,1,27,200,16,16,0.1,val,client_1,1,23,652,675,True,0.7690717524673246
Tox21,fedavg_proto,0.5,1,27,200,16,16,0.1,val,client_1,2,74,567,641,True,0.8232994899661568
Tox21,fedavg_proto,0.5,1,27,200,16,16,0.1,val,client_1,3,19,546,565,True,0.758627337574706
Tox21,fedavg_proto,0.5,1,27,200,16,16,0.1,val,client_1,4,82,541,623,True,0.6868716469050088
Tox21,fedavg_proto,0.5,1,27,200,16,16,0.1,val,client_1,5,30,657,687,True,0.7618467782851345
Tox21,fedavg_proto,0.5,1,27,200,16,16,0.1,val,client_1,6,21,612,633,True,0.6426237161531279
Tox21,fedavg_proto,0.5,1,27,200,16,16,0.1,val,client_1,7,96,492,588,True,0.7086085704607046
Tox21,fedavg_proto,0.5,1,27,200,16,16,0.1,val,client_1,8,30,677,707,True,0.7673559822747414
Tox21,fedavg_proto,0.5,1,27,200,16,16,0.1,val,client_1,9,45,603,648,True,0.6248387691173761
Tox21,fedavg_proto,0.5,1,27,200,16,16,0.1,val,client_1,10,92,495,587,True,0.8936758893280633
Tox21,fedavg_proto,0.5,1,27,200,16,16,0.1,val,client_1,11,42,636,678,True,0.7760931416591794
Tox21,fedavg_proto,0.5,1,27,200,16,16,0.1,val,client_2,0,31,696,727,True,0.8080737856878012
Tox21,fedavg_proto,0.5,1,27,200,16,16,0.1,val,client_2,1,23,652,675,True,0.7920778874366498
Tox21,fedavg_proto,0.5,1,27,200,16,16,0.1,val,client_2,2,74,567,641,True,0.8356928356928357
Tox21,fedavg_proto,0.5,1,27,200,16,16,0.1,val,client_2,3,19,546,565,True,0.799402352033931
Tox21,fedavg_proto,0.5,1,27,200,16,16,0.1,val,client_2,4,82,541,623,True,0.7010729903971867
Tox21,fedavg_proto,0.5,1,27,200,16,16,0.1,val,client_2,5,30,657,687,True,0.778132927447996
Tox21,fedavg_proto,0.5,1,27,200,16,16,0.1,val,client_2,6,21,612,633,True,0.6522720199190788
Tox21,fedavg_proto,0.5,1,27,200,16,16,0.1,val,client_2,7,96,492,588,True,0.7056233062330624
Tox21,fedavg_proto,0.5,1,27,200,16,16,0.1,val,client_2,8,30,677,707,True,0.7461841457410143
Tox21,fedavg_proto,0.5,1,27,200,16,16,0.1,val,client_2,9,45,603,648,True,0.6120508568269762
Tox21,fedavg_proto,0.5,1,27,200,16,16,0.1,val,client_2,10,92,495,587,True,0.8686429512516469
Tox21,fedavg_proto,0.5,1,27,200,16,16,0.1,val,client_2,11,42,636,678,True,0.764937106918239
Tox21,fedavg_proto,0.5,1,27,200,16,16,0.1,val,client_3,0,31,696,727,True,0.8049684835001854
Tox21,fedavg_proto,0.5,1,27,200,16,16,0.1,val,client_3,1,23,652,675,True,0.784542544678581
Tox21,fedavg_proto,0.5,1,27,200,16,16,0.1,val,client_3,2,74,567,641,True,0.838290671624005
Tox21,fedavg_proto,0.5,1,27,200,16,16,0.1,val,client_3,3,19,546,565,True,0.7999807210333526
Tox21,fedavg_proto,0.5,1,27,200,16,16,0.1,val,client_3,4,82,541,623,True,0.6993823542671657
Tox21,fedavg_proto,0.5,1,27,200,16,16,0.1,val,client_3,5,30,657,687,True,0.7662607813292746
Tox21,fedavg_proto,0.5,1,27,200,16,16,0.1,val,client_3,6,21,612,633,True,0.6029411764705882
Tox21,fedavg_proto,0.5,1,27,200,16,16,0.1,val,client_3,7,96,492,588,True,0.700340870596206
Tox21,fedavg_proto,0.5,1,27,200,16,16,0.1,val,client_3,8,30,677,707,True,0.7336287543082225
Tox21,fedavg_proto,0.5,1,27,200,16,16,0.1,val,client_3,9,45,603,648,True,0.6118297401879492
Tox21,fedavg_proto,0.5,1,27,200,16,16,0.1,val,client_3,10,92,495,587,True,0.8908212560386473
Tox21,fedavg_proto,0.5,1,27,200,16,16,0.1,val,client_3,11,42,636,678,True,0.7632899071578317
Tox21,fedavg_proto,0.5,1,27,200,16,16,0.1,test,server,0,32,693,725,True,0.8145743145743146
Tox21,fedavg_proto,0.5,1,27,200,16,16,0.1,test,server,1,33,646,679,True,0.8885918003565063
Tox21,fedavg_proto,0.5,1,27,200,16,16,0.1,test,server,2,77,572,649,True,0.8288529652166016
Tox21,fedavg_proto,0.5,1,27,200,16,16,0.1,test,server,3,38,538,576,True,0.7665329681080023
Tox21,fedavg_proto,0.5,1,27,200,16,16,0.1,test,server,4,80,531,611,True,0.7106403013182673
Tox21,fedavg_proto,0.5,1,27,200,16,16,0.1,test,server,5,34,647,681,True,0.7912992090190016
Tox21,fedavg_proto,0.5,1,27,200,16,16,0.1,test,server,6,21,617,638,True,0.6788608474183838
Tox21,fedavg_proto,0.5,1,27,200,16,16,0.1,test,server,7,95,494,589,True,0.7810568932452587
Tox21,fedavg_proto,0.5,1,27,200,16,16,0.1,test,server,8,32,670,702,True,0.7414179104477613
Tox21,fedavg_proto,0.5,1,27,200,16,16,0.1,test,server,9,36,621,657,True,0.6489533011272143
Tox21,fedavg_proto,0.5,1,27,200,16,16,0.1,test,server,10,93,485,578,True,0.8570225030484424
Tox21,fedavg_proto,0.5,1,27,200,16,16,0.1,test,server,11,48,624,672,True,0.7242588141025642
Tox21,fedavg_proto,0.5,1,27,200,16,16,0.1,test,client_0,0,32,693,725,True,0.787608225108225
Tox21,fedavg_proto,0.5,1,27,200,16,16,0.1,test,client_0,1,33,646,679,True,0.8599774838164931
Tox21,fedavg_proto,0.5,1,27,200,16,16,0.1,test,client_0,2,77,572,649,True,0.8371628371628371
Tox21,fedavg_proto,0.5,1,27,200,16,16,0.1,test,client_0,3,38,538,576,True,0.7663373116806886
Tox21,fedavg_proto,0.5,1,27,200,16,16,0.1,test,client_0,4,80,531,611,True,0.6812617702448212
Tox21,fedavg_proto,0.5,1,27,200,16,16,0.1,test,client_0,5,34,647,681,True,0.7541594690426403
Tox21,fedavg_proto,0.5,1,27,200,16,16,0.1,test,client_0,6,21,617,638,True,0.6292351624604461
Tox21,fedavg_proto,0.5,1,27,200,16,16,0.1,test,client_0,7,95,494,589,True,0.7941189004900916
Tox21,fedavg_proto,0.5,1,27,200,16,16,0.1,test,client_0,8,32,670,702,True,0.7629664179104477
Tox21,fedavg_proto,0.5,1,27,200,16,16,0.1,test,client_0,9,36,621,657,True,0.6529790660225442
Tox21,fedavg_proto,0.5,1,27,200,16,16,0.1,test,client_0,10,93,485,578,True,0.8373572774636958
Tox21,fedavg_proto,0.5,1,27,200,16,16,0.1,test,client_0,11,48,624,672,True,0.7323717948717949
Tox21,fedavg_proto,0.5,1,27,200,16,16,0.1,test,client_1,0,32,693,725,True,0.8161525974025975
Tox21,fedavg_proto,0.5,1,27,200,16,16,0.1,test,client_1,1,33,646,679,True,0.8860118209963411
Tox21,fedavg_proto,0.5,1,27,200,16,16,0.1,test,client_1,2,77,572,649,True,0.8267414403778041
Tox21,fedavg_proto,0.5,1,27,200,16,16,0.1,test,client_1,3,38,538,576,True,0.7632557229504989
Tox21,fedavg_proto,0.5,1,27,200,16,16,0.1,test,client_1,4,80,531,611,True,0.705861581920904
Tox21,fedavg_proto,0.5,1,27,200,16,16,0.1,test,client_1,5,34,647,681,True,0.7911628329848168
Tox21,fedavg_proto,0.5,1,27,200,16,16,0.1,test,client_1,6,21,617,638,True,0.6786293123408196
Tox21,fedavg_proto,0.5,1,27,200,16,16,0.1,test,client_1,7,95,494,589,True,0.76859151928404
Tox21,fedavg_proto,0.5,1,27,200,16,16,0.1,test,client_1,8,32,670,702,True,0.7470149253731344
Tox21,fedavg_proto,0.5,1,27,200,16,16,0.1,test,client_1,9,36,621,657,True,0.6562444086598676
Tox21,fedavg_proto,0.5,1,27,200,16,16,0.1,test,client_1,10,93,485,578,True,0.8569338210841371
Tox21,fedavg_proto,0.5,1,27,200,16,16,0.1,test,client_1,11,48,624,672,True,0.7334735576923076
Tox21,fedavg_proto,0.5,1,27,200,16,16,0.1,test,client_2,0,32,693,725,True,0.8139430014430014
Tox21,fedavg_proto,0.5,1,27,200,16,16,0.1,test,client_2,1,33,646,679,True,0.8840416549394877
Tox21,fedavg_proto,0.5,1,27,200,16,16,0.1,test,client_2,2,77,572,649,True,0.8244709835618927
Tox21,fedavg_proto,0.5,1,27,200,16,16,0.1,test,client_2,3,38,538,576,True,0.7304343572686361
Tox21,fedavg_proto,0.5,1,27,200,16,16,0.1,test,client_2,4,80,531,611,True,0.710828625235405
Tox21,fedavg_proto,0.5,1,27,200,16,16,0.1,test,client_2,5,34,647,681,True,0.7811619238112555
Tox21,fedavg_proto,0.5,1,27,200,16,16,0.1,test,client_2,6,21,617,638,True,0.6841089758431737
Tox21,fedavg_proto,0.5,1,27,200,16,16,0.1,test,client_2,7,95,494,589,True,0.7664393777967184
Tox21,fedavg_proto,0.5,1,27,200,16,16,0.1,test,client_2,8,32,670,702,True,0.7245335820895522
Tox21,fedavg_proto,0.5,1,27,200,16,16,0.1,test,client_2,9,36,621,657,True,0.6263642869923064
Tox21,fedavg_proto,0.5,1,27,200,16,16,0.1,test,client_2,10,93,485,578,True,0.8298193104977276
Tox21,fedavg_proto,0.5,1,27,200,16,16,0.1,test,client_2,11,48,624,672,True,0.7093349358974359
Tox21,fedavg_proto,0.5,1,27,200,16,16,0.1,test,client_3,0,32,693,725,True,0.8187229437229437
Tox21,fedavg_proto,0.5,1,27,200,16,16,0.1,test,client_3,1,33,646,679,True,0.8797260531006661
Tox21,fedavg_proto,0.5,1,27,200,16,16,0.1,test,client_3,2,77,572,649,True,0.8091226954863319
Tox21,fedavg_proto,0.5,1,27,200,16,16,0.1,test,client_3,3,38,538,576,True,0.763157894736842
Tox21,fedavg_proto,0.5,1,27,200,16,16,0.1,test,client_3,4,80,531,611,True,0.7130414312617702
Tox21,fedavg_proto,0.5,1,27,200,16,16,0.1,test,client_3,5,34,647,681,True,0.783662151104646
Tox21,fedavg_proto,0.5,1,27,200,16,16,0.1,test,client_3,6,21,617,638,True,0.6728409354017133
Tox21,fedavg_proto,0.5,1,27,200,16,16,0.1,test,client_3,7,95,494,589,True,0.7488386959301088
Tox21,fedavg_proto,0.5,1,27,200,16,16,0.1,test,client_3,8,32,670,702,True,0.7118003731343284
Tox21,fedavg_proto,0.5,1,27,200,16,16,0.1,test,client_3,9,36,621,657,True,0.6322687421721239
Tox21,fedavg_proto,0.5,1,27,200,16,16,0.1,test,client_3,10,93,485,578,True,0.8433211395632414
Tox21,fedavg_proto,0.5,1,27,200,16,16,0.1,test,client_3,11,48,624,672,True,0.7105368589743589
Tox21,fedavg_proto,0.5,1,28,200,16,16,0.1,val,server,0,31,696,727,True,0.8062662217278458
Tox21,fedavg_proto,0.5,1,28,200,16,16,0.1,val,server,1,23,652,675,True,0.7880768204854628
Tox21,fedavg_proto,0.5,1,28,200,16,16,0.1,val,server,2,74,567,641,True,0.8352400019066686
Tox21,fedavg_proto,0.5,1,28,200,16,16,0.1,val,server,3,19,546,565,True,0.8137651821862348
Tox21,fedavg_proto,0.5,1,28,200,16,16,0.1,val,server,4,82,541,623,True,0.6997881069383707
Tox21,fedavg_proto,0.5,1,28,200,16,16,0.1,val,server,5,30,657,687,True,0.7768138001014714
Tox21,fedavg_proto,0.5,1,28,200,16,16,0.1,val,server,6,21,612,633,True,0.6342203548085902
Tox21,fedavg_proto,0.5,1,28,200,16,16,0.1,val,server,7,96,492,588,True,0.7185171070460704
Tox21,fedavg_proto,0.5,1,28,200,16,16,0.1,val,server,8,30,677,707,True,0.7579025110782865
Tox21,fedavg_proto,0.5,1,28,200,16,16,0.1,val,server,9,45,603,648,True,0.6298138934954856
Tox21,fedavg_proto,0.5,1,28,200,16,16,0.1,val,server,10,92,495,587,True,0.8935660957400088
Tox21,fedavg_proto,0.5,1,28,200,16,16,0.1,val,server,11,42,636,678,True,0.780473195567535
Tox21,fedavg_proto,0.5,1,28,200,16,16,0.1,val,client_0,0,31,696,727,True,0.7949110122358176
Tox21,fedavg_proto,0.5,1,28,200,16,16,0.1,val,client_0,1,23,652,675,True,0.7692718058148841
Tox21,fedavg_proto,0.5,1,28,200,16,16,0.1,val,client_0,2,74,567,641,True,0.8279946613279947
Tox21,fedavg_proto,0.5,1,28,200,16,16,0.1,val,client_0,3,19,546,565,True,0.8318874108347792
Tox21,fedavg_proto,0.5,1,28,200,16,16,0.1,val,client_0,4,82,541,623,True,0.6919435552950722
Tox21,fedavg_proto,0.5,1,28,200,16,16,0.1,val,client_0,5,30,657,687,True,0.7678843226788433
Tox21,fedavg_proto,0.5,1,28,200,16,16,0.1,val,client_0,6,21,612,633,True,0.6189698101462807
Tox21,fedavg_proto,0.5,1,28,200,16,16,0.1,val,client_0,7,96,492,588,True,0.728933773712737
Tox21,fedavg_proto,0.5,1,28,200,16,16,0.1,val,client_0,8,30,677,707,True,0.7537173806006894
Tox21,fedavg_proto,0.5,1,28,200,16,16,0.1,val,client_0,9,45,603,648,True,0.6498986548737793
Tox21,fedavg_proto,0.5,1,28,200,16,16,0.1,val,client_0,10,92,495,587,True,0.8697848045674132
Tox21,fedavg_proto,0.5,1,28,200,16,16,0.1,val,client_0,11,42,636,678,True,0.7745208146151541
Tox21,fedavg_proto,0.5,1,28,200,16,16,0.1,val,client_1,0,31,696,727,True,0.8064516129032258
Tox21,fedavg_proto,0.5,1,28,200,16,16,0.1,val,client_1,1,23,652,675,True,0.7739397172579354
Tox21,fedavg_proto,0.5,1,28,200,16,16,0.1,val,client_1,2,74,567,641,True,0.8248724915391582
Tox21,fedavg_proto,0.5,1,28,200,16,16,0.1,val,client_1,3,19,546,565,True,0.7556390977443609
Tox21,fedavg_proto,0.5,1,28,200,16,16,0.1,val,client_1,4,82,541,623,True,0.6943780713223029
Tox21,fedavg_proto,0.5,1,28,200,16,16,0.1,val,client_1,5,30,657,687,True,0.7701674277016743
Tox21,fedavg_proto,0.5,1,28,200,16,16,0.1,val,client_1,6,21,612,633,True,0.6437130407718643
Tox21,fedavg_proto,0.5,1,28,200,16,16,0.1,val,client_1,7,96,492,588,True,0.7092860772357723
Tox21,fedavg_proto,0.5,1,28,200,16,16,0.1,val,client_1,8,30,677,707,True,0.7647464303298868
Tox21,fedavg_proto,0.5,1,28,200,16,16,0.1,val,client_1,9,45,603,648,True,0.6232909526441865
Tox21,fedavg_proto,0.5,1,28,200,16,16,0.1,val,client_1,10,92,495,587,True,0.8913921826965305
Tox21,fedavg_proto,0.5,1,28,200,16,16,0.1,val,client_1,11,42,636,678,True,0.7717505241090147
Tox21,fedavg_proto,0.5,1,28,200,16,16,0.1,val,client_2,0,31,696,727,True,0.8073322209862811
Tox21,fedavg_proto,0.5,1,28,200,16,16,0.1,val,client_2,1,23,652,675,True,0.7948119498532942
Tox21,fedavg_proto,0.5,1,28,200,16,16,0.1,val,client_2,2,74,567,641,True,0.8333810000476668
Tox21,fedavg_proto,0.5,1,28,200,16,16,0.1,val,client_2,3,19,546,565,True,0.7967996915365336
Tox21,fedavg_proto,0.5,1,28,200,16,16,0.1,val,client_2,4,82,541,623,True,0.6942202786168342
Tox21,fedavg_proto,0.5,1,28,200,16,16,0.1,val,client_2,5,30,657,687,True,0.780618975139523
Tox21,fedavg_proto,0.5,1,28,200,16,16,0.1,val,client_2,6,21,612,633,True,0.6665110488639899
Tox21,fedavg_proto,0.5,1,28,200,16,16,0.1,val,client_2,7,96,492,588,True,0.7139227642276422
Tox21,fedavg_proto,0.5,1,28,200,16,16,0.1,val,client_2,8,30,677,707,True,0.7624322993599212
Tox21,fedavg_proto,0.5,1,28,200,16,16,0.1,val,client_2,9,45,603,648,True,0.620158466924636
Tox21,fedavg_proto,0.5,1,28,200,16,16,0.1,val,client_2,10,92,495,587,True,0.8765480895915678
Tox21,fedavg_proto,0.5,1,28,200,16,16,0.1,val,client_2,11,42,636,678,True,0.7805106319257262
Tox21,fedavg_proto,0.5,1,28,200,16,16,0.1,val,client_3,0,31,696,727,True,0.7971357063403782
Tox21,fedavg_proto,0.5,1,28,200,16,16,0.1,val,client_3,1,23,652,675,True,0.7863430248066151
Tox21,fedavg_proto,0.5,1,28,200,16,16,0.1,val,client_3,2,74,567,641,True,0.8361695028361695
Tox21,fedavg_proto,0.5,1,28,200,16,16,0.1,val,client_3,3,19,546,565,True,0.7995951417004048
Tox21,fedavg_proto,0.5,1,28,200,16,16,0.1,val,client_3,4,82,541,623,True,0.7043866372120283
Tox21,fedavg_proto,0.5,1,28,200,16,16,0.1,val,client_3,5,30,657,687,True,0.7633181126331812
Tox21,fedavg_proto,0.5,1,28,200,16,16,0.1,val,client_3,6,21,612,633,True,0.604108309990663
Tox21,fedavg_proto,0.5,1,28,200,16,16,0.1,val,client_3,7,96,492,588,True,0.6945926490514904
Tox21,fedavg_proto,0.5,1,28,200,16,16,0.1,val,client_3,8,30,677,707,True,0.7253077301821762
Tox21,fedavg_proto,0.5,1,28,200,16,16,0.1,val,client_3,9,45,603,648,True,0.6047171549659112
Tox21,fedavg_proto,0.5,1,28,200,16,16,0.1,val,client_3,10,92,495,587,True,0.8949494949494949
Tox21,fedavg_proto,0.5,1,28,200,16,16,0.1,val,client_3,11,42,636,678,True,0.7628781072177299
Tox21,fedavg_proto,0.5,1,28,200,16,16,0.1,test,server,0,32,693,725,True,0.8159271284271283
Tox21,fedavg_proto,0.5,1,28,200,16,16,0.1,test,server,1,33,646,679,True,0.8952528379772962
Tox21,fedavg_proto,0.5,1,28,200,16,16,0.1,test,server,2,77,572,649,True,0.830919080919081
Tox21,fedavg_proto,0.5,1,28,200,16,16,0.1,test,server,3,38,538,576,True,0.7731363725298376
Tox21,fedavg_proto,0.5,1,28,200,16,16,0.1,test,server,4,80,531,611,True,0.7109698681732579
Tox21,fedavg_proto,0.5,1,28,200,16,16,0.1,test,server,5,34,647,681,True,0.7934357668878989
Tox21,fedavg_proto,0.5,1,28,200,16,16,0.1,test,server,6,21,617,638,True,0.6794010959327005
Tox21,fedavg_proto,0.5,1,28,200,16,16,0.1,test,server,7,95,494,589,True,0.783656509695291
Tox21,fedavg_proto,0.5,1,28,200,16,16,0.1,test,server,8,32,670,702,True,0.7473414179104478
Tox21,fedavg_proto,0.5,1,28,200,16,16,0.1,test,server,9,36,621,657,True,0.654902487028091
Tox21,fedavg_proto,0.5,1,28,200,16,16,0.1,test,server,10,93,485,578,True,0.8575545948342755
Tox21,fedavg_proto,0.5,1,28,200,16,16,0.1,test,server,11,48,624,672,True,0.7297008547008547
Tox21,fedavg_proto,0.5,1,28,200,16,16,0.1,test,client_0,0,32,693,725,True,0.7929292929292929
Tox21,fedavg_proto,0.5,1,28,200,16,16,0.1,test,client_0,1,33,646,679,True,0.8704381274040717
Tox21,fedavg_proto,0.5,1,28,200,16,16,0.1,test,client_0,2,77,572,649,True,0.8350513123240396
Tox21,fedavg_proto,0.5,1,28,200,16,16,0.1,test,client_0,3,38,538,576,True,0.7786636666014479
Tox21,fedavg_proto,0.5,1,28,200,16,16,0.1,test,client_0,4,80,531,611,True,0.6910310734463277
Tox21,fedavg_proto,0.5,1,28,200,16,16,0.1,test,client_0,5,34,647,681,True,0.7657968906264206
Tox21,fedavg_proto,0.5,1,28,200,16,16,0.1,test,client_0,6,21,617,638,True,0.6281546654318129
Tox21,fedavg_proto,0.5,1,28,200,16,16,0.1,test,client_0,7,95,494,589,True,0.7954400170466653
Tox21,fedavg_proto,0.5,1,28,200,16,16,0.1,test,client_0,8,32,670,702,True,0.7679570895522388
Tox21,fedavg_proto,0.5,1,28,200,16,16,0.1,test,client_0,9,36,621,657,True,0.662730363213455
Tox21,fedavg_proto,0.5,1,28,200,16,16,0.1,test,client_0,10,93,485,578,True,0.8432546280900122
Tox21,fedavg_proto,0.5,1,28,200,16,16,0.1,test,client_0,11,48,624,672,True,0.7309361645299145
Tox21,fedavg_proto,0.5,1,28,200,16,16,0.1,test,client_1,0,32,693,725,True,0.8132665945165946
Tox21,fedavg_proto,0.5,1,28,200,16,16,0.1,test,client_1,1,33,646,679,True,0.887278356318604
Tox21,fedavg_proto,0.5,1,28,200,16,16,0.1,test,client_1,2,77,572,649,True,0.8288756697847607
Tox21,fedavg_proto,0.5,1,28,200,16,16,0.1,test,client_1,3,38,538,576,True,0.7516630796321659
Tox21,fedavg_proto,0.5,1,28,200,16,16,0.1,test,client_1,4,80,531,611,True,0.708168549905838
Tox21,fedavg_proto,0.5,1,28,200,16,16,0.1,test,client_1,5,34,647,681,True,0.7987089735430494
Tox21,fedavg_proto,0.5,1,28,200,16,16,0.1,test,client_1,6,21,617,638,True,0.6727637570425253
Tox21,fedavg_proto,0.5,1,28,200,16,16,0.1,test,client_1,7,95,494,589,True,0.7656935861922012
Tox21,fedavg_proto,0.5,1,28,200,16,16,0.1,test,client_1,8,32,670,702,True,0.74375
Tox21,fedavg_proto,0.5,1,28,200,16,16,0.1,test,client_1,9,36,621,657,True,0.6470298801216674
Tox21,fedavg_proto,0.5,1,28,200,16,16,0.1,test,client_1,10,93,485,578,True,0.8515685622436537
Tox21,fedavg_proto,0.5,1,28,200,16,16,0.1,test,client_1,11,48,624,672,True,0.7282318376068376
Tox21,fedavg_proto,0.5,1,28,200,16,16,0.1,test,client_2,0,32,693,725,True,0.8148448773448773
Tox21,fedavg_proto,0.5,1,28,200,16,16,0.1,test,client_2,1,33,646,679,True,0.8912186884323108
Tox21,fedavg_proto,0.5,1,28,200,16,16,0.1,test,client_2,2,77,572,649,True,0.8292843520116248
Tox21,fedavg_proto,0.5,1,28,200,16,16,0.1,test,client_2,3,38,538,576,True,0.7438857366464489
Tox21,fedavg_proto,0.5,1,28,200,16,16,0.1,test,client_2,4,80,531,611,True,0.7091337099811676
Tox21,fedavg_proto,0.5,1,28,200,16,16,0.1,test,client_2,5,34,647,681,True,0.7799345395035912
Tox21,fedavg_proto,0.5,1,28,200,16,16,0.1,test,client_2,6,21,617,638,True,0.7049471328239562
Tox21,fedavg_proto,0.5,1,28,200,16,16,0.1,test,client_2,7,95,494,589,True,0.7815896015341999
Tox21,fedavg_proto,0.5,1,28,200,16,16,0.1,test,client_2,8,32,670,702,True,0.754990671641791
Tox21,fedavg_proto,0.5,1,28,200,16,16,0.1,test,client_2,9,36,621,657,True,0.6446144211844694
Tox21,fedavg_proto,0.5,1,28,200,16,16,0.1,test,client_2,10,93,485,578,True,0.8380445626870634
Tox21,fedavg_proto,0.5,1,28,200,16,16,0.1,test,client_2,11,48,624,672,True,0.732071314102564
Tox21,fedavg_proto,0.5,1,28,200,16,16,0.1,test,client_3,0,32,693,725,True,0.8154310966810967
Tox21,fedavg_proto,0.5,1,28,200,16,16,0.1,test,client_3,1,33,646,679,True,0.8736748287831879
Tox21,fedavg_proto,0.5,1,28,200,16,16,0.1,test,client_3,2,77,572,649,True,0.8107347198256288
Tox21,fedavg_proto,0.5,1,28,200,16,16,0.1,test,client_3,3,38,538,576,True,0.7744081393073763
Tox21,fedavg_proto,0.5,1,28,200,16,16,0.1,test,client_3,4,80,531,611,True,0.7125706214689265
Tox21,fedavg_proto,0.5,1,28,200,16,16,0.1,test,client_3,5,34,647,681,True,0.7821620147286117
Tox21,fedavg_proto,0.5,1,28,200,16,16,0.1,test,client_3,6,21,617,638,True,0.6621131434745697
Tox21,fedavg_proto,0.5,1,28,200,16,16,0.1,test,client_3,7,95,494,589,True,0.7524398039633498
Tox21,fedavg_proto,0.5,1,28,200,16,16,0.1,test,client_3,8,32,670,702,True,0.7135727611940298
Tox21,fedavg_proto,0.5,1,28,200,16,16,0.1,test,client_3,9,36,621,657,True,0.6358471998568618
Tox21,fedavg_proto,0.5,1,28,200,16,16,0.1,test,client_3,10,93,485,578,True,0.8523001884491741
Tox21,fedavg_proto,0.5,1,28,200,16,16,0.1,test,client_3,11,48,624,672,True,0.7100694444444444
Tox21,fedavg_proto,0.5,1,29,200,16,16,0.1,val,server,0,31,696,727,True,0.8033463107156099
Tox21,fedavg_proto,0.5,1,29,200,16,16,0.1,val,server,1,23,652,675,True,0.7870098692984797
Tox21,fedavg_proto,0.5,1,29,200,16,16,0.1,val,server,2,74,567,641,True,0.8325706659039992
Tox21,fedavg_proto,0.5,1,29,200,16,16,0.1,val,server,3,19,546,565,True,0.8074031231925969
Tox21,fedavg_proto,0.5,1,29,200,16,16,0.1,val,server,4,82,541,623,True,0.6996979396781029
Tox21,fedavg_proto,0.5,1,29,200,16,16,0.1,val,server,5,30,657,687,True,0.7795027904616946
Tox21,fedavg_proto,0.5,1,29,200,16,16,0.1,val,server,6,21,612,633,True,0.6356209150326798
Tox21,fedavg_proto,0.5,1,29,200,16,16,0.1,val,server,7,96,492,588,True,0.7184535907859079
Tox21,fedavg_proto,0.5,1,29,200,16,16,0.1,val,server,8,30,677,707,True,0.763810930576071
Tox21,fedavg_proto,0.5,1,29,200,16,16,0.1,val,server,9,45,603,648,True,0.6293348074442602
Tox21,fedavg_proto,0.5,1,29,200,16,16,0.1,val,server,10,92,495,587,True,0.8940272288098374
Tox21,fedavg_proto,0.5,1,29,200,16,16,0.1,val,server,11,42,636,678,True,0.7843291404612159
Tox21,fedavg_proto,0.5,1,29,200,16,16,0.1,val,client_0,0,31,696,727,True,0.785363366703745
Tox21,fedavg_proto,0.5,1,29,200,16,16,0.1,val,client_0,1,23,652,675,True,0.7636703120832222
Tox21,fedavg_proto,0.5,1,29,200,16,16,0.1,val,client_0,2,74,567,641,True,0.8214404881071549
Tox21,fedavg_proto,0.5,1,29,200,16,16,0.1,val,client_0,3,19,546,565,True,0.8291883555041449
Tox21,fedavg_proto,0.5,1,29,200,16,16,0.1,val,client_0,4,82,541,623,True,0.6987060998151571
Tox21,fedavg_proto,0.5,1,29,200,16,16,0.1,val,client_0,5,30,657,687,True,0.7706240487062406
Tox21,fedavg_proto,0.5,1,29,200,16,16,0.1,val,client_0,6,21,612,633,True,0.6129007158418922
Tox21,fedavg_proto,0.5,1,29,200,16,16,0.1,val,client_0,7,96,492,588,True,0.7244029471544715
Tox21,fedavg_proto,0.5,1,29,200,16,16,0.1,val,client_0,8,30,677,707,True,0.7470211718365337
Tox21,fedavg_proto,0.5,1,29,200,16,16,0.1,val,client_0,9,45,603,648,True,0.6414225170444077
Tox21,fedavg_proto,0.5,1,29,200,16,16,0.1,val,client_0,10,92,495,587,True,0.8728370663153272
Tox21,fedavg_proto,0.5,1,29,200,16,16,0.1,val,client_0,11,42,636,678,True,0.7737346510931417
Tox21,fedavg_proto,0.5,1,29,200,16,16,0.1,val,client_1,0,31,696,727,True,0.8139599555061179
Tox21,fedavg_proto,0.5,1,29,200,16,16,0.1,val,client_1,1,23,652,675,True,0.7848092824753268
Tox21,fedavg_proto,0.5,1,29,200,16,16,0.1,val,client_1,2,74,567,641,True,0.8209161542494874
Tox21,fedavg_proto,0.5,1,29,200,16,16,0.1,val,client_1,3,19,546,565,True,0.7432041642567958
Tox21,fedavg_proto,0.5,1,29,200,16,16,0.1,val,client_1,4,82,541,623,True,0.6862404760831341
Tox21,fedavg_proto,0.5,1,29,200,16,16,0.1,val,client_1,5,30,657,687,True,0.7729578893962455
Tox21,fedavg_proto,0.5,1,29,200,16,16,0.1,val,client_1,6,21,612,633,True,0.6537503890445067
Tox21,fedavg_proto,0.5,1,29,200,16,16,0.1,val,client_1,7,96,492,588,True,0.7112974254742548
Tox21,fedavg_proto,0.5,1,29,200,16,16,0.1,val,client_1,8,30,677,707,True,0.7724766125061546
Tox21,fedavg_proto,0.5,1,29,200,16,16,0.1,val,client_1,9,45,603,648,True,0.6263865855905657
Tox21,fedavg_proto,0.5,1,29,200,16,16,0.1,val,client_1,10,92,495,587,True,0.892292490118577
Tox21,fedavg_proto,0.5,1,29,200,16,16,0.1,val,client_1,11,42,636,678,True,0.7823824498352799
Tox21,fedavg_proto,0.5,1,29,200,16,16,0.1,val,client_2,0,31,696,727,True,0.8053856136447904
Tox21,fedavg_proto,0.5,1,29,200,16,16,0.1,val,client_2,1,23,652,675,True,0.7994798612963456
Tox21,fedavg_proto,0.5,1,29,200,16,16,0.1,val,client_2,2,74,567,641,True,0.8319271652604986
Tox21,fedavg_proto,0.5,1,29,200,16,16,0.1,val,client_2,3,19,546,565,True,0.7985347985347986
Tox21,fedavg_proto,0.5,1,29,200,16,16,0.1,val,client_2,4,82,541,623,True,0.699630314232902
Tox21,fedavg_proto,0.5,1,29,200,16,16,0.1,val,client_2,5,30,657,687,True,0.7839675291730086
Tox21,fedavg_proto,0.5,1,29,200,16,16,0.1,val,client_2,6,21,612,633,True,0.6614534702769996
Tox21,fedavg_proto,0.5,1,29,200,16,16,0.1,val,client_2,7,96,492,588,True,0.7109375
Tox21,fedavg_proto,0.5,1,29,200,16,16,0.1,val,client_2,8,30,677,707,True,0.7622845888724765
Tox21,fedavg_proto,0.5,1,29,200,16,16,0.1,val,client_2,9,45,603,648,True,0.6172470978441128
Tox21,fedavg_proto,0.5,1,29,200,16,16,0.1,val,client_2,10,92,495,587,True,0.877733860342556
Tox21,fedavg_proto,0.5,1,29,200,16,16,0.1,val,client_2,11,42,636,678,True,0.7802111410601976
Tox21,fedavg_proto,0.5,1,29,200,16,16,0.1,val,client_3,0,31,696,727,True,0.8015850945494994
Tox21,fedavg_proto,0.5,1,29,200,16,16,0.1,val,client_3,1,23,652,675,True,0.7791411042944786
Tox21,fedavg_proto,0.5,1,29,200,16,16,0.1,val,client_3,2,74,567,641,True,0.8272081605414938
Tox21,fedavg_proto,0.5,1,29,200,16,16,0.1,val,client_3,3,19,546,565,True,0.8092346250240987
Tox21,fedavg_proto,0.5,1,29,200,16,16,0.1,val,client_3,4,82,541,623,True,0.6936341914250935
Tox21,fedavg_proto,0.5,1,29,200,16,16,0.1,val,client_3,5,30,657,687,True,0.7754439370877727
Tox21,fedavg_proto,0.5,1,29,200,16,16,0.1,val,client_3,6,21,612,633,True,0.6159352629940865
Tox21,fedavg_proto,0.5,1,29,200,16,16,0.1,val,client_3,7,96,492,588,True,0.7020663956639567
Tox21,fedavg_proto,0.5,1,29,200,16,16,0.1,val,client_3,8,30,677,707,True,0.7485967503692762
Tox21,fedavg_proto,0.5,1,29,200,16,16,0.1,val,client_3,9,45,603,648,True,0.6126773539708863
Tox21,fedavg_proto,0.5,1,29,200,16,16,0.1,val,client_3,10,92,495,587,True,0.889679402722881
Tox21,fedavg_proto,0.5,1,29,200,16,16,0.1,val,client_3,11,42,636,678,True,0.7737720874513327
Tox21,fedavg_proto,0.5,1,29,200,16,16,0.1,test,server,0,32,693,725,True,0.8156565656565656
Tox21,fedavg_proto,0.5,1,29,200,16,16,0.1,test,server,1,33,646,679,True,0.8918285017356224
Tox21,fedavg_proto,0.5,1,29,200,16,16,0.1,test,server,2,77,572,649,True,0.8288075560802834
Tox21,fedavg_proto,0.5,1,29,200,16,16,0.1,test,server,3,38,538,576,True,0.7715711211113285
Tox21,fedavg_proto,0.5,1,29,200,16,16,0.1,test,server,4,80,531,611,True,0.7077448210922788
Tox21,fedavg_proto,0.5,1,29,200,16,16,0.1,test,server,5,34,647,681,True,0.7898899899990909
Tox21,fedavg_proto,0.5,1,29,200,16,16,0.1,test,server,6,21,617,638,True,0.6778575287489388
Tox21,fedavg_proto,0.5,1,29,200,16,16,0.1,test,server,7,95,494,589,True,0.784892392925634
Tox21,fedavg_proto,0.5,1,29,200,16,16,0.1,test,server,8,32,670,702,True,0.7489738805970149
Tox21,fedavg_proto,0.5,1,29,200,16,16,0.1,test,server,9,36,621,657,True,0.6549919484702094
Tox21,fedavg_proto,0.5,1,29,200,16,16,0.1,test,server,10,93,485,578,True,0.8578649817093449
Tox21,fedavg_proto,0.5,1,29,200,16,16,0.1,test,server,11,48,624,672,True,0.7279647435897437
Tox21,fedavg_proto,0.5,1,29,200,16,16,0.1,test,client_0,0,32,693,725,True,0.8096139971139972
Tox21,fedavg_proto,0.5,1,29,200,16,16,0.1,test,client_0,1,33,646,679,True,0.8822122150295524
Tox21,fedavg_proto,0.5,1,29,200,16,16,0.1,test,client_0,2,77,572,649,True,0.8359140859140859
Tox21,fedavg_proto,0.5,1,29,200,16,16,0.1,test,client_0,3,38,538,576,True,0.7789082371355899
Tox21,fedavg_proto,0.5,1,29,200,16,16,0.1,test,client_0,4,80,531,611,True,0.6912900188323917
Tox21,fedavg_proto,0.5,1,29,200,16,16,0.1,test,client_0,5,34,647,681,True,0.7638876261478317
Tox21,fedavg_proto,0.5,1,29,200,16,16,0.1,test,client_0,6,21,617,638,True,0.615343057806591
Tox21,fedavg_proto,0.5,1,29,200,16,16,0.1,test,client_0,7,95,494,589,True,0.7955678670360111
Tox21,fedavg_proto,0.5,1,29,200,16,16,0.1,test,client_0,8,32,670,702,True,0.7480410447761193
Tox21,fedavg_proto,0.5,1,29,200,16,16,0.1,test,client_0,9,36,621,657,True,0.65552871712292
Tox21,fedavg_proto,0.5,1,29,200,16,16,0.1,test,client_0,10,93,485,578,True,0.8404833167054651
Tox21,fedavg_proto,0.5,1,29,200,16,16,0.1,test,client_0,11,48,624,672,True,0.7260950854700855
Tox21,fedavg_proto,0.5,1,29,200,16,16,0.1,test,client_1,0,32,693,725,True,0.8207521645021646
Tox21,fedavg_proto,0.5,1,29,200,16,16,0.1,test,client_1,1,33,646,679,True,0.8930012196266067
Tox21,fedavg_proto,0.5,1,29,200,16,16,0.1,test,client_1,2,77,572,649,True,0.8204976841340478
Tox21,fedavg_proto,0.5,1,29,200,16,16,0.1,test,client_1,3,38,538,576,True,0.7635492075914695
Tox21,fedavg_proto,0.5,1,29,200,16,16,0.1,test,client_1,4,80,531,611,True,0.7065442561205273
Tox21,fedavg_proto,0.5,1,29,200,16,16,0.1,test,client_1,5,34,647,681,True,0.7999363578507137
Tox21,fedavg_proto,0.5,1,29,200,16,16,0.1,test,client_1,6,21,617,638,True,0.6888940341128349
Tox21,fedavg_proto,0.5,1,29,200,16,16,0.1,test,client_1,7,95,494,589,True,0.7756445770296188
Tox21,fedavg_proto,0.5,1,29,200,16,16,0.1,test,client_1,8,32,670,702,True,0.7625932835820896
Tox21,fedavg_proto,0.5,1,29,200,16,16,0.1,test,client_1,9,36,621,657,True,0.6646537842190016
Tox21,fedavg_proto,0.5,1,29,200,16,16,0.1,test,client_1,10,93,485,578,True,0.8528544507260836
Tox21,fedavg_proto,0.5,1,29,200,16,16,0.1,test,client_1,11,48,624,672,True,0.738815438034188
Tox21,fedavg_proto,0.5,1,29,200,16,16,0.1,test,client_2,0,32,693,725,True,0.8161976911976911
Tox21,fedavg_proto,0.5,1,29,200,16,16,0.1,test,client_2,1,33,646,679,True,0.8888732526503424
Tox21,fedavg_proto,0.5,1,29,200,16,16,0.1,test,client_2,2,77,572,649,True,0.8262873490146218
Tox21,fedavg_proto,0.5,1,29,200,16,16,0.1,test,client_2,3,38,538,576,True,0.7432009391508511
Tox21,fedavg_proto,0.5,1,29,200,16,16,0.1,test,client_2,4,80,531,611,True,0.7069915254237288
Tox21,fedavg_proto,0.5,1,29,200,16,16,0.1,test,client_2,5,34,647,681,True,0.780843713064824
Tox21,fedavg_proto,0.5,1,29,200,16,16,0.1,test,client_2,6,21,617,638,True,0.6956857297213861
Tox21,fedavg_proto,0.5,1,29,200,16,16,0.1,test,client_2,7,95,494,589,True,0.7799488600042617
Tox21,fedavg_proto,0.5,1,29,200,16,16,0.1,test,client_2,8,32,670,702,True,0.7457555970149253
Tox21,fedavg_proto,0.5,1,29,200,16,16,0.1,test,client_2,9,36,621,657,True,0.637904813025586
Tox21,fedavg_proto,0.5,1,29,200,16,16,0.1,test,client_2,10,93,485,578,True,0.837246425008314
Tox21,fedavg_proto,0.5,1,29,200,16,16,0.1,test,client_2,11,48,624,672,True,0.7224559294871795
Tox21,fedavg_proto,0.5,1,29,200,16,16,0.1,test,client_3,0,32,693,725,True,0.8147095959595959
Tox21,fedavg_proto,0.5,1,29,200,16,16,0.1,test,client_3,1,33,646,679,True,0.8737686462144666
Tox21,fedavg_proto,0.5,1,29,200,16,16,0.1,test,client_3,2,77,572,649,True,0.8024248478793933
Tox21,fedavg_proto,0.5,1,29,200,16,16,0.1,test,client_3,3,38,538,576,True,0.7614948151046762
Tox21,fedavg_proto,0.5,1,29,200,16,16,0.1,test,client_3,4,80,531,611,True,0.7028483992467042
Tox21,fedavg_proto,0.5,1,29,200,16,16,0.1,test,client_3,5,34,647,681,True,0.7761160105464133
Tox21,fedavg_proto,0.5,1,29,200,16,16,0.1,test,client_3,6,21,617,638,True,0.6956085513621979
Tox21,fedavg_proto,0.5,1,29,200,16,16,0.1,test,client_3,7,95,494,589,True,0.7579799701683358
Tox21,fedavg_proto,0.5,1,29,200,16,16,0.1,test,client_3,8,32,670,702,True,0.7300839552238806
Tox21,fedavg_proto,0.5,1,29,200,16,16,0.1,test,client_3,9,36,621,657,True,0.64112542494185
Tox21,fedavg_proto,0.5,1,29,200,16,16,0.1,test,client_3,10,93,485,578,True,0.8498392639396962
Tox21,fedavg_proto,0.5,1,29,200,16,16,0.1,test,client_3,11,48,624,672,True,0.7054286858974359
Tox21,fedavg_proto,0.5,1,30,200,16,16,0.1,val,server,0,31,696,727,True,0.8075639599555061
Tox21,fedavg_proto,0.5,1,30,200,16,16,0.1,val,server,1,23,652,675,True,0.7930781541744465
Tox21,fedavg_proto,0.5,1,30,200,16,16,0.1,val,server,2,74,567,641,True,0.8354545021211689
Tox21,fedavg_proto,0.5,1,30,200,16,16,0.1,val,server,3,19,546,565,True,0.8092346250240987
Tox21,fedavg_proto,0.5,1,30,200,16,16,0.1,val,server,4,82,541,623,True,0.7004869032054462
Tox21,fedavg_proto,0.5,1,30,200,16,16,0.1,val,server,5,30,657,687,True,0.7852866565195333
Tox21,fedavg_proto,0.5,1,30,200,16,16,0.1,val,server,6,21,612,633,True,0.6383442265795207
Tox21,fedavg_proto,0.5,1,30,200,16,16,0.1,val,server,7,96,492,588,True,0.7217776084010838
Tox21,fedavg_proto,0.5,1,30,200,16,16,0.1,val,server,8,30,677,707,True,0.7651403249630724
Tox21,fedavg_proto,0.5,1,30,200,16,16,0.1,val,server,9,45,603,648,True,0.6336465819052883
Tox21,fedavg_proto,0.5,1,30,200,16,16,0.1,val,server,10,92,495,587,True,0.8935880544576196
Tox21,fedavg_proto,0.5,1,30,200,16,16,0.1,val,server,11,42,636,678,True,0.7854522312069481
Tox21,fedavg_proto,0.5,1,30,200,16,16,0.1,val,client_0,0,31,696,727,True,0.7870318872821653
Tox21,fedavg_proto,0.5,1,30,200,16,16,0.1,val,client_0,1,23,652,675,True,0.7718058148839692
Tox21,fedavg_proto,0.5,1,30,200,16,16,0.1,val,client_0,2,74,567,641,True,0.8150293150293151
Tox21,fedavg_proto,0.5,1,30,200,16,16,0.1,val,client_0,3,19,546,565,True,0.8039329091960671
Tox21,fedavg_proto,0.5,1,30,200,16,16,0.1,val,client_0,4,82,541,623,True,0.6961814165276587
Tox21,fedavg_proto,0.5,1,30,200,16,16,0.1,val,client_0,5,30,657,687,True,0.7771182141045154
Tox21,fedavg_proto,0.5,1,30,200,16,16,0.1,val,client_0,6,21,612,633,True,0.6233271086212262
Tox21,fedavg_proto,0.5,1,30,200,16,16,0.1,val,client_0,7,96,492,588,True,0.7262660907859078
Tox21,fedavg_proto,0.5,1,30,200,16,16,0.1,val,client_0,8,30,677,707,True,0.7549483013293944
Tox21,fedavg_proto,0.5,1,30,200,16,16,0.1,val,client_0,9,45,603,648,True,0.6482034273079048
Tox21,fedavg_proto,0.5,1,30,200,16,16,0.1,val,client_0,10,92,495,587,True,0.866183574879227
Tox21,fedavg_proto,0.5,1,30,200,16,16,0.1,val,client_0,11,42,636,678,True,0.7776654687032045
Tox21,fedavg_proto,0.5,1,30,200,16,16,0.1,val,client_1,0,31,696,727,True,0.8082591768631813
Tox21,fedavg_proto,0.5,1,30,200,16,16,0.1,val,client_1,1,23,652,675,True,0.777740730861563
Tox21,fedavg_proto,0.5,1,30,200,16,16,0.1,val,client_1,2,74,567,641,True,0.8278039944706611
Tox21,fedavg_proto,0.5,1,30,200,16,16,0.1,val,client_1,3,19,546,565,True,0.7605552342394447
Tox21,fedavg_proto,0.5,1,30,200,16,16,0.1,val,client_1,4,82,541,623,True,0.6946485731031062
Tox21,fedavg_proto,0.5,1,30,200,16,16,0.1,val,client_1,5,30,657,687,True,0.7786402841197362
Tox21,fedavg_proto,0.5,1,30,200,16,16,0.1,val,client_1,6,21,612,633,True,0.640911920323685
Tox21,fedavg_proto,0.5,1,30,200,16,16,0.1,val,client_1,7,96,492,588,True,0.7119537601626016
Tox21,fedavg_proto,0.5,1,30,200,16,16,0.1,val,client_1,8,30,677,707,True,0.770162481536189
Tox21,fedavg_proto,0.5,1,30,200,16,16,0.1,val,client_1,9,45,603,648,True,0.6278606965174129
Tox21,fedavg_proto,0.5,1,30,200,16,16,0.1,val,client_1,10,92,495,587,True,0.8943566095740008
Tox21,fedavg_proto,0.5,1,30,200,16,16,0.1,val,client_1,11,42,636,678,True,0.7725366876310271
Tox21,fedavg_proto,0.5,1,30,200,16,16,0.1,val,client_2,0,31,696,727,True,0.8152576937337783
Tox21,fedavg_proto,0.5,1,30,200,16,16,0.1,val,client_2,1,23,652,675,True,0.8058148839690584
Tox21,fedavg_proto,0.5,1,30,200,16,16,0.1,val,client_2,2,74,567,641,True,0.8390295056961724
Tox21,fedavg_proto,0.5,1,30,200,16,16,0.1,val,client_2,3,19,546,565,True,0.7839791787160209
Tox21,fedavg_proto,0.5,1,30,200,16,16,0.1,val,client_2,4,82,541,623,True,0.693453856904558
Tox21,fedavg_proto,0.5,1,30,200,16,16,0.1,val,client_2,5,30,657,687,True,0.7930492135971589
Tox21,fedavg_proto,0.5,1,30,200,16,16,0.1,val,client_2,6,21,612,633,True,0.6654995331465919
Tox21,fedavg_proto,0.5,1,30,200,16,16,0.1,val,client_2,7,96,492,588,True,0.7184324186991871
Tox21,fedavg_proto,0.5,1,30,200,16,16,0.1,val,client_2,8,30,677,707,True,0.7714426390940423
Tox21,fedavg_proto,0.5,1,30,200,16,16,0.1,val,client_2,9,45,603,648,True,0.6244333886124931
Tox21,fedavg_proto,0.5,1,30,200,16,16,0.1,val,client_2,10,92,495,587,True,0.8735177865612648
Tox21,fedavg_proto,0.5,1,30,200,16,16,0.1,val,client_2,11,42,636,678,True,0.7830188679245284
Tox21,fedavg_proto,0.5,1,30,200,16,16,0.1,val,client_3,0,31,696,727,True,0.8050611790878754
Tox21,fedavg_proto,0.5,1,30,200,16,16,0.1,val,client_3,1,23,652,675,True,0.7909442518004801
Tox21,fedavg_proto,0.5,1,30,200,16,16,0.1,val,client_3,2,74,567,641,True,0.8414128414128415
Tox21,fedavg_proto,0.5,1,30,200,16,16,0.1,val,client_3,3,19,546,565,True,0.821380374011953
Tox21,fedavg_proto,0.5,1,30,200,16,16,0.1,val,client_3,4,82,541,623,True,0.701907037554664
Tox21,fedavg_proto,0.5,1,30,200,16,16,0.1,val,client_3,5,30,657,687,True,0.7706747843734145
Tox21,fedavg_proto,0.5,1,30,200,16,16,0.1,val,client_3,6,21,612,633,True,0.6073762838468721
Tox21,fedavg_proto,0.5,1,30,200,16,16,0.1,val,client_3,7,96,492,588,True,0.7012618563685636
Tox21,fedavg_proto,0.5,1,30,200,16,16,0.1,val,client_3,8,30,677,707,True,0.7451994091580503
Tox21,fedavg_proto,0.5,1,30,200,16,16,0.1,val,client_3,9,45,603,648,True,0.6131932927952829
Tox21,fedavg_proto,0.5,1,30,200,16,16,0.1,val,client_3,10,92,495,587,True,0.892534036012297
Tox21,fedavg_proto,0.5,1,30,200,16,16,0.1,val,client_3,11,42,636,678,True,0.7702905061395627
Tox21,fedavg_proto,0.5,1,30,200,16,16,0.1,test,server,0,32,693,725,True,0.815791847041847
Tox21,fedavg_proto,0.5,1,30,200,16,16,0.1,test,server,1,33,646,679,True,0.8961441035744442
Tox21,fedavg_proto,0.5,1,30,200,16,16,0.1,test,server,2,77,572,649,True,0.8292389428753064
Tox21,fedavg_proto,0.5,1,30,200,16,16,0.1,test,server,3,38,538,576,True,0.7766581882214831
Tox21,fedavg_proto,0.5,1,30,200,16,16,0.1,test,server,4,80,531,611,True,0.7102401129943503
Tox21,fedavg_proto,0.5,1,30,200,16,16,0.1,test,server,5,34,647,681,True,0.797481589235385
Tox21,fedavg_proto,0.5,1,30,200,16,16,0.1,test,server,6,21,617,638,True,0.6794782742918886
Tox21,fedavg_proto,0.5,1,30,200,16,16,0.1,test,server,7,95,494,589,True,0.7851480929043256
Tox21,fedavg_proto,0.5,1,30,200,16,16,0.1,test,server,8,32,670,702,True,0.7556436567164179
Tox21,fedavg_proto,0.5,1,30,200,16,16,0.1,test,server,9,36,621,657,True,0.6582125603864735
Tox21,fedavg_proto,0.5,1,30,200,16,16,0.1,test,server,10,93,485,578,True,0.8607028045671212
Tox21,fedavg_proto,0.5,1,30,200,16,16,0.1,test,server,11,48,624,672,True,0.7335069444444445
Tox21,fedavg_proto,0.5,1,30,200,16,16,0.1,test,client_0,0,32,693,725,True,0.7966269841269842
Tox21,fedavg_proto,0.5,1,30,200,16,16,0.1,test,client_0,1,33,646,679,True,0.8742377333708603
Tox21,fedavg_proto,0.5,1,30,200,16,16,0.1,test,client_0,2,77,572,649,True,0.8299200799200799
Tox21,fedavg_proto,0.5,1,30,200,16,16,0.1,test,client_0,3,38,538,576,True,0.7738700841322638
Tox21,fedavg_proto,0.5,1,30,200,16,16,0.1,test,client_0,4,80,531,611,True,0.6854990583804144
Tox21,fedavg_proto,0.5,1,30,200,16,16,0.1,test,client_0,5,34,647,681,True,0.754568597145195
Tox21,fedavg_proto,0.5,1,30,200,16,16,0.1,test,client_0,6,21,617,638,True,0.6201281160762523
Tox21,fedavg_proto,0.5,1,30,200,16,16,0.1,test,client_0,7,95,494,589,True,0.7984231834647346
Tox21,fedavg_proto,0.5,1,30,200,16,16,0.1,test,client_0,8,32,670,702,True,0.7640391791044777
Tox21,fedavg_proto,0.5,1,30,200,16,16,0.1,test,client_0,9,36,621,657,True,0.666129898013956
Tox21,fedavg_proto,0.5,1,30,200,16,16,0.1,test,client_0,10,93,485,578,True,0.8358496840705021
Tox21,fedavg_proto,0.5,1,30,200,16,16,0.1,test,client_0,11,48,624,672,True,0.7299679487179488
Tox21,fedavg_proto,0.5,1,30,200,16,16,0.1,test,client_1,0,32,693,725,True,0.8138077200577201
Tox21,fedavg_proto,0.5,1,30,200,16,16,0.1,test,client_1,1,33,646,679,True,0.8856834599868657
Tox21,fedavg_proto,0.5,1,30,200,16,16,0.1,test,client_1,2,77,572,649,True,0.8295795113976931
Tox21,fedavg_proto,0.5,1,30,200,16,16,0.1,test,client_1,3,38,538,576,True,0.7597339072588535
Tox21,fedavg_proto,0.5,1,30,200,16,16,0.1,test,client_1,4,80,531,611,True,0.7102636534839925
Tox21,fedavg_proto,0.5,1,30,200,16,16,0.1,test,client_1,5,34,647,681,True,0.7991181016456042
Tox21,fedavg_proto,0.5,1,30,200,16,16,0.1,test,client_1,6,21,617,638,True,0.6768542100794938
Tox21,fedavg_proto,0.5,1,30,200,16,16,0.1,test,client_1,7,95,494,589,True,0.7717025356914553
Tox21,fedavg_proto,0.5,1,30,200,16,16,0.1,test,client_1,8,32,670,702,True,0.75
Tox21,fedavg_proto,0.5,1,30,200,16,16,0.1,test,client_1,9,36,621,657,True,0.6506083378064055
Tox21,fedavg_proto,0.5,1,30,200,16,16,0.1,test,client_1,10,93,485,578,True,0.8587739718434764
Tox21,fedavg_proto,0.5,1,30,200,16,16,0.1,test,client_1,11,48,624,672,True,0.7249933226495726
Tox21,fedavg_proto,0.5,1,30,200,16,16,0.1,test,client_2,0,32,693,725,True,0.8175505050505051
Tox21,fedavg_proto,0.5,1,30,200,16,16,0.1,test,client_2,1,33,646,679,True,0.8961441035744442
Tox21,fedavg_proto,0.5,1,30,200,16,16,0.1,test,client_2,2,77,572,649,True,0.8269684860593951
Tox21,fedavg_proto,0.5,1,30,200,16,16,0.1,test,client_2,3,38,538,576,True,0.7422715711211113
Tox21,fedavg_proto,0.5,1,30,200,16,16,0.1,test,client_2,4,80,531,611,True,0.7098399246704331
Tox21,fedavg_proto,0.5,1,30,200,16,16,0.1,test,client_2,5,34,647,681,True,0.7873443040276389
Tox21,fedavg_proto,0.5,1,30,200,16,16,0.1,test,client_2,6,21,617,638,True,0.6995446476807903
Tox21,fedavg_proto,0.5,1,30,200,16,16,0.1,test,client_2,7,95,494,589,True,0.7773279352226721
Tox21,fedavg_proto,0.5,1,30,200,16,16,0.1,test,client_2,8,32,670,702,True,0.7627798507462686
Tox21,fedavg_proto,0.5,1,30,200,16,16,0.1,test,client_2,9,36,621,657,True,0.6410359634997316
Tox21,fedavg_proto,0.5,1,30,200,16,16,0.1,test,client_2,10,93,485,578,True,0.8376233233566123
Tox21,fedavg_proto,0.5,1,30,200,16,16,0.1,test,client_2,11,48,624,672,True,0.7319377670940171
Tox21,fedavg_proto,0.5,1,30,200,16,16,0.1,test,client_3,0,32,693,725,True,0.8115079365079365
Tox21,fedavg_proto,0.5,1,30,200,16,16,0.1,test,client_3,1,33,646,679,True,0.8826813021859461
Tox21,fedavg_proto,0.5,1,30,200,16,16,0.1,test,client_3,2,77,572,649,True,0.8129597675052219
Tox21,fedavg_proto,0.5,1,30,200,16,16,0.1,test,client_3,3,38,538,576,True,0.7844355312072001
Tox21,fedavg_proto,0.5,1,30,200,16,16,0.1,test,client_3,4,80,531,611,True,0.708804143126177
Tox21,fedavg_proto,0.5,1,30,200,16,16,0.1,test,client_3,5,34,647,681,True,0.7879807255205018
Tox21,fedavg_proto,0.5,1,30,200,16,16,0.1,test,client_3,6,21,617,638,True,0.677162923516246
Tox21,fedavg_proto,0.5,1,30,200,16,16,0.1,test,client_3,7,95,494,589,True,0.7563392286383976
Tox21,fedavg_proto,0.5,1,30,200,16,16,0.1,test,client_3,8,32,670,702,True,0.7304570895522389
Tox21,fedavg_proto,0.5,1,30,200,16,16,0.1,test,client_3,9,36,621,657,True,0.6450169976740024
Tox21,fedavg_proto,0.5,1,30,200,16,16,0.1,test,client_3,10,93,485,578,True,0.8496619000110852
Tox21,fedavg_proto,0.5,1,30,200,16,16,0.1,test,client_3,11,48,624,672,True,0.7284655448717948
Tox21,fedavg_proto,0.5,1,31,200,16,16,0.1,val,server,0,31,696,727,True,0.8083982202447163
Tox21,fedavg_proto,0.5,1,31,200,16,16,0.1,val,server,1,23,652,675,True,0.7999466524406508
Tox21,fedavg_proto,0.5,1,31,200,16,16,0.1,val,server,2,74,567,641,True,0.8362171695505028
Tox21,fedavg_proto,0.5,1,31,200,16,16,0.1,val,server,3,19,546,565,True,0.8173317910160015
Tox21,fedavg_proto,0.5,1,31,200,16,16,0.1,val,server,4,82,541,623,True,0.6994274378972994
Tox21,fedavg_proto,0.5,1,31,200,16,16,0.1,val,server,5,30,657,687,True,0.7848807711821411
Tox21,fedavg_proto,0.5,1,31,200,16,16,0.1,val,server,6,21,612,633,True,0.6469810146280734
Tox21,fedavg_proto,0.5,1,31,200,16,16,0.1,val,server,7,96,492,588,True,0.7226456639566395
Tox21,fedavg_proto,0.5,1,31,200,16,16,0.1,val,server,8,30,677,707,True,0.7654357459379616
Tox21,fedavg_proto,0.5,1,31,200,16,16,0.1,val,server,9,45,603,648,True,0.6316933849272157
Tox21,fedavg_proto,0.5,1,31,200,16,16,0.1,val,server,10,92,495,587,True,0.8978919631093545
Tox21,fedavg_proto,0.5,1,31,200,16,16,0.1,val,server,11,42,636,678,True,0.7896825396825397
Tox21,fedavg_proto,0.5,1,31,200,16,16,0.1,val,client_0,0,31,696,727,True,0.7810993696700038
Tox21,fedavg_proto,0.5,1,31,200,16,16,0.1,val,client_0,1,23,652,675,True,0.7702053881034944
Tox21,fedavg_proto,0.5,1,31,200,16,16,0.1,val,client_0,2,74,567,641,True,0.8252299918966586
Tox21,fedavg_proto,0.5,1,31,200,16,16,0.1,val,client_0,3,19,546,565,True,0.8368035473298631
Tox21,fedavg_proto,0.5,1,31,200,16,16,0.1,val,client_0,4,82,541,623,True,0.6887200757404986
Tox21,fedavg_proto,0.5,1,31,200,16,16,0.1,val,client_0,5,30,657,687,True,0.7737189244038559
Tox21,fedavg_proto,0.5,1,31,200,16,16,0.1,val,client_0,6,21,612,633,True,0.6223155929038282
Tox21,fedavg_proto,0.5,1,31,200,16,16,0.1,val,client_0,7,96,492,588,True,0.7267107046070461
Tox21,fedavg_proto,0.5,1,31,200,16,16,0.1,val,client_0,8,30,677,707,True,0.7574593796159528
Tox21,fedavg_proto,0.5,1,31,200,16,16,0.1,val,client_0,9,45,603,648,True,0.6458817025981204
Tox21,fedavg_proto,0.5,1,31,200,16,16,0.1,val,client_0,10,92,495,587,True,0.8788098375054898
Tox21,fedavg_proto,0.5,1,31,200,16,16,0.1,val,client_0,11,42,636,678,True,0.7817085953878407
Tox21,fedavg_proto,0.5,1,31,200,16,16,0.1,val,client_1,0,31,696,727,True,0.8162773451983686
Tox21,fedavg_proto,0.5,1,31,200,16,16,0.1,val,client_1,1,23,652,675,True,0.7926113630301413
Tox21,fedavg_proto,0.5,1,31,200,16,16,0.1,val,client_1,2,74,567,641,True,0.8284713284713285
Tox21,fedavg_proto,0.5,1,31,200,16,16,0.1,val,client_1,3,19,546,565,True,0.7461924040871409
Tox21,fedavg_proto,0.5,1,31,200,16,16,0.1,val,client_1,4,82,541,623,True,0.6954149948153826
Tox21,fedavg_proto,0.5,1,31,200,16,16,0.1,val,client_1,5,30,657,687,True,0.7766108574327752
Tox21,fedavg_proto,0.5,1,31,200,16,16,0.1,val,client_1,6,21,612,633,True,0.6554621848739495
Tox21,fedavg_proto,0.5,1,31,200,16,16,0.1,val,client_1,7,96,492,588,True,0.7170985772357723
Tox21,fedavg_proto,0.5,1,31,200,16,16,0.1,val,client_1,8,30,677,707,True,0.7751846381093057
Tox21,fedavg_proto,0.5,1,31,200,16,16,0.1,val,client_1,9,45,603,648,True,0.6269762299613045
Tox21,fedavg_proto,0.5,1,31,200,16,16,0.1,val,client_1,10,92,495,587,True,0.8956741326306543
Tox21,fedavg_proto,0.5,1,31,200,16,16,0.1,val,client_1,11,42,636,678,True,0.781446540880503
Tox21,fedavg_proto,0.5,1,31,200,16,16,0.1,val,client_2,0,31,696,727,True,0.8179458657767891
Tox21,fedavg_proto,0.5,1,31,200,16,16,0.1,val,client_2,1,23,652,675,True,0.815684182448653
Tox21,fedavg_proto,0.5,1,31,200,16,16,0.1,val,client_2,2,74,567,641,True,0.836217169550503
Tox21,fedavg_proto,0.5,1,31,200,16,16,0.1,val,client_2,3,19,546,565,True,0.8027761711972238
Tox21,fedavg_proto,0.5,1,31,200,16,16,0.1,val,client_2,4,82,541,623,True,0.7026734592669402
Tox21,fedavg_proto,0.5,1,31,200,16,16,0.1,val,client_2,5,30,657,687,True,0.7902587519025875
Tox21,fedavg_proto,0.5,1,31,200,16,16,0.1,val,client_2,6,21,612,633,True,0.667522564581388
Tox21,fedavg_proto,0.5,1,31,200,16,16,0.1,val,client_2,7,96,492,588,True,0.7115091463414636
Tox21,fedavg_proto,0.5,1,31,200,16,16,0.1,val,client_2,8,30,677,707,True,0.7533234859675038
Tox21,fedavg_proto,0.5,1,31,200,16,16,0.1,val,client_2,9,45,603,648,True,0.61872120877096
Tox21,fedavg_proto,0.5,1,31,200,16,16,0.1,val,client_2,10,92,495,587,True,0.878743961352657
Tox21,fedavg_proto,0.5,1,31,200,16,16,0.1,val,client_2,11,42,636,678,True,0.774932614555256
Tox21,fedavg_proto,0.5,1,31,200,16,16,0.1,val,client_3,0,31,696,727,True,0.7993604004449388
Tox21,fedavg_proto,0.5,1,31,200,16,16,0.1,val,client_3,1,23,652,675,True,0.7981461723126168
Tox21,fedavg_proto,0.5,1,31,200,16,16,0.1,val,client_3,2,74,567,641,True,0.8340721674055009
Tox21,fedavg_proto,0.5,1,31,200,16,16,0.1,val,client_3,3,19,546,565,True,0.8172353961827646
Tox21,fedavg_proto,0.5,1,31,200,16,16,0.1,val,client_3,4,82,541,623,True,0.6937694423154952
Tox21,fedavg_proto,0.5,1,31,200,16,16,0.1,val,client_3,5,30,657,687,True,0.7772196854388637
Tox21,fedavg_proto,0.5,1,31,200,16,16,0.1,val,client_3,6,21,612,633,True,0.6253501400560224
Tox21,fedavg_proto,0.5,1,31,200,16,16,0.1,val,client_3,7,96,492,588,True,0.7058985433604337
Tox21,fedavg_proto,0.5,1,31,200,16,16,0.1,val,client_3,8,30,677,707,True,0.7566223535204332
Tox21,fedavg_proto,0.5,1,31,200,16,16,0.1,val,client_3,9,45,603,648,True,0.6197162336465819
Tox21,fedavg_proto,0.5,1,31,200,16,16,0.1,val,client_3,10,92,495,587,True,0.8927975406236276
Tox21,fedavg_proto,0.5,1,31,200,16,16,0.1,val,client_3,11,42,636,678,True,0.7920784666067685
Tox21,fedavg_proto,0.5,1,31,200,16,16,0.1,test,server,0,32,693,725,True,0.8138528138528138
Tox21,fedavg_proto,0.5,1,31,200,16,16,0.1,test,server,1,33,646,679,True,0.8979735434843794
Tox21,fedavg_proto,0.5,1,31,200,16,16,0.1,test,server,2,77,572,649,True,0.8295341022613749
Tox21,fedavg_proto,0.5,1,31,200,16,16,0.1,test,server,3,38,538,576,True,0.7886421443944432
Tox21,fedavg_proto,0.5,1,31,200,16,16,0.1,test,server,4,80,531,611,True,0.7083333333333333
Tox21,fedavg_proto,0.5,1,31,200,16,16,0.1,test,server,5,34,647,681,True,0.8038912628420766
Tox21,fedavg_proto,0.5,1,31,200,16,16,0.1,test,server,6,21,617,638,True,0.6815620899899668
Tox21,fedavg_proto,0.5,1,31,200,16,16,0.1,test,server,7,95,494,589,True,0.7880886426592797
Tox21,fedavg_proto,0.5,1,31,200,16,16,0.1,test,server,8,32,670,702,True,0.758955223880597
Tox21,fedavg_proto,0.5,1,31,200,16,16,0.1,test,server,9,36,621,657,True,0.6630882089819288
Tox21,fedavg_proto,0.5,1,31,200,16,16,0.1,test,server,10,93,485,578,True,0.8603480767098992
Tox21,fedavg_proto,0.5,1,31,200,16,16,0.1,test,server,11,48,624,672,True,0.7436565170940171
Tox21,fedavg_proto,0.5,1,31,200,16,16,0.1,test,client_0,0,32,693,725,True,0.7917568542568543
Tox21,fedavg_proto,0.5,1,31,200,16,16,0.1,test,client_0,1,33,646,679,True,0.8710010319917441
Tox21,fedavg_proto,0.5,1,31,200,16,16,0.1,test,client_0,2,77,572,649,True,0.8330533103260375
Tox21,fedavg_proto,0.5,1,31,200,16,16,0.1,test,client_0,3,38,538,576,True,0.7905987086675796
Tox21,fedavg_proto,0.5,1,31,200,16,16,0.1,test,client_0,4,80,531,611,True,0.6862994350282486
Tox21,fedavg_proto,0.5,1,31,200,16,16,0.1,test,client_0,5,34,647,681,True,0.7759341758341668
Tox21,fedavg_proto,0.5,1,31,200,16,16,0.1,test,client_0,6,21,617,638,True,0.6330169020606622
Tox21,fedavg_proto,0.5,1,31,200,16,16,0.1,test,client_0,7,95,494,589,True,0.7872576177285318
Tox21,fedavg_proto,0.5,1,31,200,16,16,0.1,test,client_0,8,32,670,702,True,0.7647854477611941
Tox21,fedavg_proto,0.5,1,31,200,16,16,0.1,test,client_0,9,36,621,657,True,0.6646537842190016
Tox21,fedavg_proto,0.5,1,31,200,16,16,0.1,test,client_0,10,93,485,578,True,0.851878949118723
Tox21,fedavg_proto,0.5,1,31,200,16,16,0.1,test,client_0,11,48,624,672,True,0.7354099893162394
Tox21,fedavg_proto,0.5,1,31,200,16,16,0.1,test,client_1,0,32,693,725,True,0.8207070707070706
Tox21,fedavg_proto,0.5,1,31,200,16,16,0.1,test,client_1,1,33,646,679,True,0.8969415517403133
Tox21,fedavg_proto,0.5,1,31,200,16,16,0.1,test,client_1,2,77,572,649,True,0.8295795113976931
Tox21,fedavg_proto,0.5,1,31,200,16,16,0.1,test,client_1,3,38,538,576,True,0.770543924867932
Tox21,fedavg_proto,0.5,1,31,200,16,16,0.1,test,client_1,4,80,531,611,True,0.7046374764595102
Tox21,fedavg_proto,0.5,1,31,200,16,16,0.1,test,client_1,5,34,647,681,True,0.8086189653604874
Tox21,fedavg_proto,0.5,1,31,200,16,16,0.1,test,client_1,6,21,617,638,True,0.681716446708343
Tox21,fedavg_proto,0.5,1,31,200,16,16,0.1,test,client_1,7,95,494,589,True,0.7764116769656937
Tox21,fedavg_proto,0.5,1,31,200,16,16,0.1,test,client_1,8,32,670,702,True,0.7555037313432835
Tox21,fedavg_proto,0.5,1,31,200,16,16,0.1,test,client_1,9,36,621,657,True,0.6612542494185006
Tox21,fedavg_proto,0.5,1,31,200,16,16,0.1,test,client_1,10,93,485,578,True,0.8518346081365702
Tox21,fedavg_proto,0.5,1,31,200,16,16,0.1,test,client_1,11,48,624,672,True,0.7473290598290598
Tox21,fedavg_proto,0.5,1,31,200,16,16,0.1,test,client_2,0,32,693,725,True,0.8158369408369408
Tox21,fedavg_proto,0.5,1,31,200,16,16,0.1,test,client_2,1,33,646,679,True,0.8987240829346093
Tox21,fedavg_proto,0.5,1,31,200,16,16,0.1,test,client_2,2,77,572,649,True,0.8303968758514213
Tox21,fedavg_proto,0.5,1,31,200,16,16,0.1,test,client_2,3,38,538,576,True,0.7550870671101546
Tox21,fedavg_proto,0.5,1,31,200,16,16,0.1,test,client_2,4,80,531,611,True,0.71325329566855
Tox21,fedavg_proto,0.5,1,31,200,16,16,0.1,test,client_2,5,34,647,681,True,0.7968906264205836
Tox21,fedavg_proto,0.5,1,31,200,16,16,0.1,test,client_2,6,21,617,638,True,0.6855753646677472
Tox21,fedavg_proto,0.5,1,31,200,16,16,0.1,test,client_2,7,95,494,589,True,0.7779458768378436
Tox21,fedavg_proto,0.5,1,31,200,16,16,0.1,test,client_2,8,32,670,702,True,0.7513526119402986
Tox21,fedavg_proto,0.5,1,31,200,16,16,0.1,test,client_2,9,36,621,657,True,0.6409912327786724
Tox21,fedavg_proto,0.5,1,31,200,16,16,0.1,test,client_2,10,93,485,578,True,0.835605808668662
Tox21,fedavg_proto,0.5,1,31,200,16,16,0.1,test,client_2,11,48,624,672,True,0.7342748397435898
Tox21,fedavg_proto,0.5,1,31,200,16,16,0.1,test,client_3,0,32,693,725,True,0.803030303030303
Tox21,fedavg_proto,0.5,1,31,200,16,16,0.1,test,client_3,1,33,646,679,True,0.8822122150295526
Tox21,fedavg_proto,0.5,1,31,200,16,16,0.1,test,client_3,2,77,572,649,True,0.8011533920624828
Tox21,fedavg_proto,0.5,1,31,200,16,16,0.1,test,client_3,3,38,538,576,True,0.7790549794560752
Tox21,fedavg_proto,0.5,1,31,200,16,16,0.1,test,client_3,4,80,531,611,True,0.7023775894538605
Tox21,fedavg_proto,0.5,1,31,200,16,16,0.1,test,client_3,5,34,647,681,True,0.785798708973543
Tox21,fedavg_proto,0.5,1,31,200,16,16,0.1,test,client_3,6,21,617,638,True,0.7036351007177587
Tox21,fedavg_proto,0.5,1,31,200,16,16,0.1,test,client_3,7,95,494,589,True,0.7676113360323887
Tox21,fedavg_proto,0.5,1,31,200,16,16,0.1,test,client_3,8,32,670,702,True,0.7409048507462688
Tox21,fedavg_proto,0.5,1,31,200,16,16,0.1,test,client_3,9,36,621,657,True,0.6537842190016103
Tox21,fedavg_proto,0.5,1,31,200,16,16,0.1,test,client_3,10,93,485,578,True,0.8486863984037246
Tox21,fedavg_proto,0.5,1,31,200,16,16,0.1,test,client_3,11,48,624,672,True,0.736812232905983
Tox21,fedavg_proto,0.5,1,32,200,16,16,0.1,val,server,0,31,696,727,True,0.8069614386355208
Tox21,fedavg_proto,0.5,1,32,200,16,16,0.1,val,server,1,23,652,675,True,0.7944785276073619
Tox21,fedavg_proto,0.5,1,32,200,16,16,0.1,val,server,2,74,567,641,True,0.8392916726250059
Tox21,fedavg_proto,0.5,1,32,200,16,16,0.1,val,server,3,19,546,565,True,0.8281280123385386
Tox21,fedavg_proto,0.5,1,32,200,16,16,0.1,val,server,4,82,541,623,True,0.7038005500202876
Tox21,fedavg_proto,0.5,1,32,200,16,16,0.1,val,server,5,30,657,687,True,0.7846778285134449
Tox21,fedavg_proto,0.5,1,32,200,16,16,0.1,val,server,6,21,612,633,True,0.6451136009959538
Tox21,fedavg_proto,0.5,1,32,200,16,16,0.1,val,server,7,96,492,588,True,0.7220105013550135
Tox21,fedavg_proto,0.5,1,32,200,16,16,0.1,val,server,8,30,677,707,True,0.7612506154603643
Tox21,fedavg_proto,0.5,1,32,200,16,16,0.1,val,server,9,45,603,648,True,0.6285240464344942
Tox21,fedavg_proto,0.5,1,32,200,16,16,0.1,val,server,10,92,495,587,True,0.8989679402722881
Tox21,fedavg_proto,0.5,1,32,200,16,16,0.1,val,server,11,42,636,678,True,0.7820829589697514
Tox21,fedavg_proto,0.5,1,32,200,16,16,0.1,val,client_0,0,31,696,727,True,0.7825824990730441
Tox21,fedavg_proto,0.5,1,32,200,16,16,0.1,val,client_0,1,23,652,675,True,0.7718058148839692
Tox21,fedavg_proto,0.5,1,32,200,16,16,0.1,val,client_0,2,74,567,641,True,0.8252538252538253
Tox21,fedavg_proto,0.5,1,32,200,16,16,0.1,val,client_0,3,19,546,565,True,0.8443223443223442
Tox21,fedavg_proto,0.5,1,32,200,16,16,0.1,val,client_0,4,82,541,623,True,0.6975790090618096
Tox21,fedavg_proto,0.5,1,32,200,16,16,0.1,val,client_0,5,30,657,687,True,0.7815322171486556
Tox21,fedavg_proto,0.5,1,32,200,16,16,0.1,val,client_0,6,21,612,633,True,0.6143012760659818
Tox21,fedavg_proto,0.5,1,32,200,16,16,0.1,val,client_0,7,96,492,588,True,0.724826388888889
Tox21,fedavg_proto,0.5,1,32,200,16,16,0.1,val,client_0,8,30,677,707,True,0.7583456425406204
Tox21,fedavg_proto,0.5,1,32,200,16,16,0.1,val,client_0,9,45,603,648,True,0.6399115533443892
Tox21,fedavg_proto,0.5,1,32,200,16,16,0.1,val,client_0,10,92,495,587,True,0.8763504611330698
Tox21,fedavg_proto,0.5,1,32,200,16,16,0.1,val,client_0,11,42,636,678,True,0.7777403414195867
Tox21,fedavg_proto,0.5,1,32,200,16,16,0.1,val,client_1,0,31,696,727,True,0.8172043010752689
Tox21,fedavg_proto,0.5,1,32,200,16,16,0.1,val,client_1,1,23,652,675,True,0.7984795945585489
Tox21,fedavg_proto,0.5,1,32,200,16,16,0.1,val,client_1,2,74,567,641,True,0.8267076600409933
Tox21,fedavg_proto,0.5,1,32,200,16,16,0.1,val,client_1,3,19,546,565,True,0.7419510314247156
Tox21,fedavg_proto,0.5,1,32,200,16,16,0.1,val,client_1,4,82,541,623,True,0.6972408818358055
Tox21,fedavg_proto,0.5,1,32,200,16,16,0.1,val,client_1,5,30,657,687,True,0.7832572298325724
Tox21,fedavg_proto,0.5,1,32,200,16,16,0.1,val,client_1,6,21,612,633,True,0.6549953314659196
Tox21,fedavg_proto,0.5,1,32,200,16,16,0.1,val,client_1,7,96,492,588,True,0.7138380758807588
Tox21,fedavg_proto,0.5,1,32,200,16,16,0.1,val,client_1,8,30,677,707,True,0.7728705071393402
Tox21,fedavg_proto,0.5,1,32,200,16,16,0.1,val,client_1,9,45,603,648,True,0.6294822185369449
Tox21,fedavg_proto,0.5,1,32,200,16,16,0.1,val,client_1,10,92,495,587,True,0.8920289855072463
Tox21,fedavg_proto,0.5,1,32,200,16,16,0.1,val,client_1,11,42,636,678,True,0.7835804132973944
Tox21,fedavg_proto,0.5,1,32,200,16,16,0.1,val,client_2,0,31,696,727,True,0.8158602150537635
Tox21,fedavg_proto,0.5,1,32,200,16,16,0.1,val,client_2,1,23,652,675,True,0.8098826353694318
Tox21,fedavg_proto,0.5,1,32,200,16,16,0.1,val,client_2,2,74,567,641,True,0.8389341722675057
Tox21,fedavg_proto,0.5,1,32,200,16,16,0.1,val,client_2,3,19,546,565,True,0.8104877578561789
Tox21,fedavg_proto,0.5,1,32,200,16,16,0.1,val,client_2,4,82,541,623,True,0.7027861683422749
Tox21,fedavg_proto,0.5,1,32,200,16,16,0.1,val,client_2,5,30,657,687,True,0.7928462709284627
Tox21,fedavg_proto,0.5,1,32,200,16,16,0.1,val,client_2,6,21,612,633,True,0.6720354808590102
Tox21,fedavg_proto,0.5,1,32,200,16,16,0.1,val,client_2,7,96,492,588,True,0.7172891260162602
Tox21,fedavg_proto,0.5,1,32,200,16,16,0.1,val,client_2,8,30,677,707,True,0.7595273264401773
Tox21,fedavg_proto,0.5,1,32,200,16,16,0.1,val,client_2,9,45,603,648,True,0.6182421227197347
Tox21,fedavg_proto,0.5,1,32,200,16,16,0.1,val,client_2,10,92,495,587,True,0.8778216952129996
Tox21,fedavg_proto,0.5,1,32,200,16,16,0.1,val,client_2,11,42,636,678,True,0.7758685235100329
Tox21,fedavg_proto,0.5,1,32,200,16,16,0.1,val,client_3,0,31,696,727,True,0.8023266592510195
Tox21,fedavg_proto,0.5,1,32,200,16,16,0.1,val,client_3,1,23,652,675,True,0.7908108829021072
Tox21,fedavg_proto,0.5,1,32,200,16,16,0.1,val,client_3,2,74,567,641,True,0.8423661756995091
Tox21,fedavg_proto,0.5,1,32,200,16,16,0.1,val,client_3,3,19,546,565,True,0.821187584345479
Tox21,fedavg_proto,0.5,1,32,200,16,16,0.1,val,client_3,4,82,541,623,True,0.6974662999864749
Tox21,fedavg_proto,0.5,1,32,200,16,16,0.1,val,client_3,5,30,657,687,True,0.7696600710299341
Tox21,fedavg_proto,0.5,1,32,200,16,16,0.1,val,client_3,6,21,612,633,True,0.6264394646747589
Tox21,fedavg_proto,0.5,1,32,200,16,16,0.1,val,client_3,7,96,492,588,True,0.705030487804878
Tox21,fedavg_proto,0.5,1,32,200,16,16,0.1,val,client_3,8,30,677,707,True,0.7515017232890201
Tox21,fedavg_proto,0.5,1,32,200,16,16,0.1,val,client_3,9,45,603,648,True,0.6098396904367054
Tox21,fedavg_proto,0.5,1,32,200,16,16,0.1,val,client_3,10,92,495,587,True,0.8993192797540623
Tox21,fedavg_proto,0.5,1,32,200,16,16,0.1,val,client_3,11,42,636,678,True,0.7766546870320455
Tox21,fedavg_proto,0.5,1,32,200,16,16,0.1,test,server,0,32,693,725,True,0.8098845598845599
Tox21,fedavg_proto,0.5,1,32,200,16,16,0.1,test,server,1,33,646,679,True,0.8999437095412328
Tox21,fedavg_proto,0.5,1,32,200,16,16,0.1,test,server,2,77,572,649,True,0.8355054036872218
Tox21,fedavg_proto,0.5,1,32,200,16,16,0.1,test,server,3,38,538,576,True,0.7876149481510467
Tox21,fedavg_proto,0.5,1,32,200,16,16,0.1,test,server,4,80,531,611,True,0.7105225988700566
Tox21,fedavg_proto,0.5,1,32,200,16,16,0.1,test,server,5,34,647,681,True,0.803573052095645
Tox21,fedavg_proto,0.5,1,32,200,16,16,0.1,test,server,6,21,617,638,True,0.6774716369529984
Tox21,fedavg_proto,0.5,1,32,200,16,16,0.1,test,server,7,95,494,589,True,0.7859791178350736
Tox21,fedavg_proto,0.5,1,32,200,16,16,0.1,test,server,8,32,670,702,True,0.7564365671641792
Tox21,fedavg_proto,0.5,1,32,200,16,16,0.1,test,server,9,36,621,657,True,0.6617462873501521
Tox21,fedavg_proto,0.5,1,32,200,16,16,0.1,test,server,10,93,485,578,True,0.8605919521117393
Tox21,fedavg_proto,0.5,1,32,200,16,16,0.1,test,server,11,48,624,672,True,0.7464276175213674
Tox21,fedavg_proto,0.5,1,32,200,16,16,0.1,test,client_0,0,32,693,725,True,0.8014069264069263
Tox21,fedavg_proto,0.5,1,32,200,16,16,0.1,test,client_0,1,33,646,679,True,0.8791631485129937
Tox21,fedavg_proto,0.5,1,32,200,16,16,0.1,test,client_0,2,77,572,649,True,0.8405231132503861
Tox21,fedavg_proto,0.5,1,32,200,16,16,0.1,test,client_0,3,38,538,576,True,0.7848268440618275
Tox21,fedavg_proto,0.5,1,32,200,16,16,0.1,test,client_0,4,80,531,611,True,0.6922080979284368
Tox21,fedavg_proto,0.5,1,32,200,16,16,0.1,test,client_0,5,34,647,681,True,0.7770706427857078
Tox21,fedavg_proto,0.5,1,32,200,16,16,0.1,test,client_0,6,21,617,638,True,0.6238326773172802
Tox21,fedavg_proto,0.5,1,32,200,16,16,0.1,test,client_0,7,95,494,589,True,0.7854464095461325
Tox21,fedavg_proto,0.5,1,32,200,16,16,0.1,test,client_0,8,32,670,702,True,0.7577891791044776
Tox21,fedavg_proto,0.5,1,32,200,16,16,0.1,test,client_0,9,36,621,657,True,0.6544551798174987
Tox21,fedavg_proto,0.5,1,32,200,16,16,0.1,test,client_0,10,93,485,578,True,0.846646713224698
Tox21,fedavg_proto,0.5,1,32,200,16,16,0.1,test,client_0,11,48,624,672,True,0.7353766025641025
Tox21,fedavg_proto,0.5,1,32,200,16,16,0.1,test,client_1,0,32,693,725,True,0.8187229437229437
Tox21,fedavg_proto,0.5,1,32,200,16,16,0.1,test,client_1,1,33,646,679,True,0.8975513650436251
Tox21,fedavg_proto,0.5,1,32,200,16,16,0.1,test,client_1,2,77,572,649,True,0.8269911906275543
Tox21,fedavg_proto,0.5,1,32,200,16,16,0.1,test,client_1,3,38,538,576,True,0.7680493054196831
Tox21,fedavg_proto,0.5,1,32,200,16,16,0.1,test,client_1,4,80,531,611,True,0.7116760828625236
Tox21,fedavg_proto,0.5,1,32,200,16,16,0.1,test,client_1,5,34,647,681,True,0.8132557505227749
Tox21,fedavg_proto,0.5,1,32,200,16,16,0.1,test,client_1,6,21,617,638,True,0.6868873967739446
Tox21,fedavg_proto,0.5,1,32,200,16,16,0.1,test,client_1,7,95,494,589,True,0.7737055188578734
Tox21,fedavg_proto,0.5,1,32,200,16,16,0.1,test,client_1,8,32,670,702,True,0.7682835820895522
Tox21,fedavg_proto,0.5,1,32,200,16,16,0.1,test,client_1,9,36,621,657,True,0.6615673644659151
Tox21,fedavg_proto,0.5,1,32,200,16,16,0.1,test,client_1,10,93,485,578,True,0.8564017292983039
Tox21,fedavg_proto,0.5,1,32,200,16,16,0.1,test,client_1,11,48,624,672,True,0.747028579059829
Tox21,fedavg_proto,0.5,1,32,200,16,16,0.1,test,client_2,0,32,693,725,True,0.8125450937950939
Tox21,fedavg_proto,0.5,1,32,200,16,16,0.1,test,client_2,1,33,646,679,True,0.9002720705507083
Tox21,fedavg_proto,0.5,1,32,200,16,16,0.1,test,client_2,2,77,572,649,True,0.83555081282354
Tox21,fedavg_proto,0.5,1,32,200,16,16,0.1,test,client_2,3,38,538,576,True,0.748434748581491
Tox21,fedavg_proto,0.5,1,32,200,16,16,0.1,test,client_2,4,80,531,611,True,0.7127118644067797
Tox21,fedavg_proto,0.5,1,32,200,16,16,0.1,test,client_2,5,34,647,681,True,0.7970724611328301
Tox21,fedavg_proto,0.5,1,32,200,16,16,0.1,test,client_2,6,21,617,638,True,0.6915180983252296
Tox21,fedavg_proto,0.5,1,32,200,16,16,0.1,test,client_2,7,95,494,589,True,0.7770722352439804
Tox21,fedavg_proto,0.5,1,32,200,16,16,0.1,test,client_2,8,32,670,702,True,0.7574160447761195
Tox21,fedavg_proto,0.5,1,32,200,16,16,0.1,test,client_2,9,36,621,657,True,0.6448828055108249
Tox21,fedavg_proto,0.5,1,32,200,16,16,0.1,test,client_2,10,93,485,578,True,0.8393969626427226
Tox21,fedavg_proto,0.5,1,32,200,16,16,0.1,test,client_2,11,48,624,672,True,0.7357772435897436
Tox21,fedavg_proto,0.5,1,32,200,16,16,0.1,test,client_3,0,32,693,725,True,0.8021735209235209
Tox21,fedavg_proto,0.5,1,32,200,16,16,0.1,test,client_3,1,33,646,679,True,0.8883572567783095
Tox21,fedavg_proto,0.5,1,32,200,16,16,0.1,test,client_3,2,77,572,649,True,0.8206339115430025
Tox21,fedavg_proto,0.5,1,32,200,16,16,0.1,test,client_3,3,38,538,576,True,0.7966640579143025
Tox21,fedavg_proto,0.5,1,32,200,16,16,0.1,test,client_3,4,80,531,611,True,0.7023540489642185
Tox21,fedavg_proto,0.5,1,32,200,16,16,0.1,test,client_3,5,34,647,681,True,0.7969360850986453
Tox21,fedavg_proto,0.5,1,32,200,16,16,0.1,test,client_3,6,21,617,638,True,0.6851894728718068
Tox21,fedavg_proto,0.5,1,32,200,16,16,0.1,test,client_3,7,95,494,589,True,0.767291711059024
Tox21,fedavg_proto,0.5,1,32,200,16,16,0.1,test,client_3,8,32,670,702,True,0.730643656716418
Tox21,fedavg_proto,0.5,1,32,200,16,16,0.1,test,client_3,9,36,621,657,True,0.6537394882805512
Tox21,fedavg_proto,0.5,1,32,200,16,16,0.1,test,client_3,10,93,485,578,True,0.854871965414034
Tox21,fedavg_proto,0.5,1,32,200,16,16,0.1,test,client_3,11,48,624,672,True,0.7510349893162394
Tox21,fedavg_proto,0.5,1,33,200,16,16,0.1,val,server,0,31,696,727,True,0.8137745643307378
Tox21,fedavg_proto,0.5,1,33,200,16,16,0.1,val,server,1,23,652,675,True,0.8033475593491598
Tox21,fedavg_proto,0.5,1,33,200,16,16,0.1,val,server,2,74,567,641,True,0.8374803374803375
Tox21,fedavg_proto,0.5,1,33,200,16,16,0.1,val,server,3,19,546,565,True,0.821187584345479
Tox21,fedavg_proto,0.5,1,33,200,16,16,0.1,val,server,4,82,541,623,True,0.7030566701230783
Tox21,fedavg_proto,0.5,1,33,200,16,16,0.1,val,server,5,30,657,687,True,0.7925418569254186
Tox21,fedavg_proto,0.5,1,33,200,16,16,0.1,val,server,6,21,612,633,True,0.6572517896047307
Tox21,fedavg_proto,0.5,1,33,200,16,16,0.1,val,server,7,96,492,588,True,0.7281927506775069
Tox21,fedavg_proto,0.5,1,33,200,16,16,0.1,val,server,8,30,677,707,True,0.7721811915312654
Tox21,fedavg_proto,0.5,1,33,200,16,16,0.1,val,server,9,45,603,648,True,0.6321724709784411
Tox21,fedavg_proto,0.5,1,33,200,16,16,0.1,val,server,10,92,495,587,True,0.8960913482652613
Tox21,fedavg_proto,0.5,1,33,200,16,16,0.1,val,server,11,42,636,678,True,0.7907681940700809
Tox21,fedavg_proto,0.5,1,33,200,16,16,0.1,val,client_0,0,31,696,727,True,0.789071190211346
Tox21,fedavg_proto,0.5,1,33,200,16,16,0.1,val,client_0,1,23,652,675,True,0.7834089090424113
Tox21,fedavg_proto,0.5,1,33,200,16,16,0.1,val,client_0,2,74,567,641,True,0.8251346584679918
Tox21,fedavg_proto,0.5,1,33,200,16,16,0.1,val,client_0,3,19,546,565,True,0.822922691343744
Tox21,fedavg_proto,0.5,1,33,200,16,16,0.1,val,client_0,4,82,541,623,True,0.6994274378972994
Tox21,fedavg_proto,0.5,1,33,200,16,16,0.1,val,client_0,5,30,657,687,True,0.7854895991882292
Tox21,fedavg_proto,0.5,1,33,200,16,16,0.1,val,client_0,6,21,612,633,True,0.6388110799875506
Tox21,fedavg_proto,0.5,1,33,200,16,16,0.1,val,client_0,7,96,492,588,True,0.7353700880758807
Tox21,fedavg_proto,0.5,1,33,200,16,16,0.1,val,client_0,8,30,677,707,True,0.7681437715411128
Tox21,fedavg_proto,0.5,1,33,200,16,16,0.1,val,client_0,9,45,603,648,True,0.6451077943615257
Tox21,fedavg_proto,0.5,1,33,200,16,16,0.1,val,client_0,10,92,495,587,True,0.8707949055775143
Tox21,fedavg_proto,0.5,1,33,200,16,16,0.1,val,client_0,11,42,636,678,True,0.7893081761006289
Tox21,fedavg_proto,0.5,1,33,200,16,16,0.1,val,client_1,0,31,696,727,True,0.8153040415276231
Tox21,fedavg_proto,0.5,1,33,200,16,16,0.1,val,client_1,1,23,652,675,True,0.7802080554814618
Tox21,fedavg_proto,0.5,1,33,200,16,16,0.1,val,client_1,2,74,567,641,True,0.832427665760999
Tox21,fedavg_proto,0.5,1,33,200,16,16,0.1,val,client_1,3,19,546,565,True,0.7653749759012917
Tox21,fedavg_proto,0.5,1,33,200,16,16,0.1,val,client_1,4,82,541,623,True,0.6933186060141563
Tox21,fedavg_proto,0.5,1,33,200,16,16,0.1,val,client_1,5,30,657,687,True,0.7789954337899544
Tox21,fedavg_proto,0.5,1,33,200,16,16,0.1,val,client_1,6,21,612,633,True,0.6474478680361033
Tox21,fedavg_proto,0.5,1,33,200,16,16,0.1,val,client_1,7,96,492,588,True,0.7191099254742548
Tox21,fedavg_proto,0.5,1,33,200,16,16,0.1,val,client_1,8,30,677,707,True,0.7660758247168882
Tox21,fedavg_proto,0.5,1,33,200,16,16,0.1,val,client_1,9,45,603,648,True,0.6251335913027456
Tox21,fedavg_proto,0.5,1,33,200,16,16,0.1,val,client_1,10,92,495,587,True,0.8891963109354413
Tox21,fedavg_proto,0.5,1,33,200,16,16,0.1,val,client_1,11,42,636,678,True,0.766471997604073
Tox21,fedavg_proto,0.5,1,33,200,16,16,0.1,val,client_2,0,31,696,727,True,0.8166944753429737
Tox21,fedavg_proto,0.5,1,33,200,16,16,0.1,val,client_2,1,23,652,675,True,0.8194185116030941
Tox21,fedavg_proto,0.5,1,33,200,16,16,0.1,val,client_2,2,74,567,641,True,0.8360741694075028
Tox21,fedavg_proto,0.5,1,33,200,16,16,0.1,val,client_2,3,19,546,565,True,0.7830152303836514
Tox21,fedavg_proto,0.5,1,33,200,16,16,0.1,val,client_2,4,82,541,623,True,0.6989540597808936
Tox21,fedavg_proto,0.5,1,33,200,16,16,0.1,val,client_2,5,30,657,687,True,0.8007610350076103
Tox21,fedavg_proto,0.5,1,33,200,16,16,0.1,val,client_2,6,21,612,633,True,0.685652038593215
Tox21,fedavg_proto,0.5,1,33,200,16,16,0.1,val,client_2,7,96,492,588,True,0.7202108739837398
Tox21,fedavg_proto,0.5,1,33,200,16,16,0.1,val,client_2,8,30,677,707,True,0.7807483998030527
Tox21,fedavg_proto,0.5,1,33,200,16,16,0.1,val,client_2,9,45,603,648,True,0.6286346047540077
Tox21,fedavg_proto,0.5,1,33,200,16,16,0.1,val,client_2,10,92,495,587,True,0.8744620114185332
Tox21,fedavg_proto,0.5,1,33,200,16,16,0.1,val,client_2,11,42,636,678,True,0.7927148846960167
Tox21,fedavg_proto,0.5,1,33,200,16,16,0.1,val,client_3,0,31,696,727,True,0.8082128290693362
Tox21,fedavg_proto,0.5,1,33,200,16,16,0.1,val,client_3,1,23,652,675,True,0.8026807148572953
Tox21,fedavg_proto,0.5,1,33,200,16,16,0.1,val,client_3,2,74,567,641,True,0.8428190094856761
Tox21,fedavg_proto,0.5,1,33,200,16,16,0.1,val,client_3,3,19,546,565,True,0.8269712743396953
Tox21,fedavg_proto,0.5,1,33,200,16,16,0.1,val,client_3,4,82,541,623,True,0.7013660339930572
Tox21,fedavg_proto,0.5,1,33,200,16,16,0.1,val,client_3,5,30,657,687,True,0.7772704211060375
Tox21,fedavg_proto,0.5,1,33,200,16,16,0.1,val,client_3,6,21,612,633,True,0.6237939620292562
Tox21,fedavg_proto,0.5,1,33,200,16,16,0.1,val,client_3,7,96,492,588,True,0.7083121612466126
Tox21,fedavg_proto,0.5,1,33,200,16,16,0.1,val,client_3,8,30,677,707,True,0.7564254062038405
Tox21,fedavg_proto,0.5,1,33,200,16,16,0.1,val,client_3,9,45,603,648,True,0.6118665929611202
Tox21,fedavg_proto,0.5,1,33,200,16,16,0.1,val,client_3,10,92,495,587,True,0.8967061923583662
Tox21,fedavg_proto,0.5,1,33,200,16,16,0.1,val,client_3,11,42,636,678,True,0.7794249775381851
Tox21,fedavg_proto,0.5,1,33,200,16,16,0.1,test,server,0,32,693,725,True,0.8107864357864357
Tox21,fedavg_proto,0.5,1,33,200,16,16,0.1,test,server,1,33,646,679,True,0.9030865934890703
Tox21,fedavg_proto,0.5,1,33,200,16,16,0.1,test,server,2,77,572,649,True,0.8345972209608573
Tox21,fedavg_proto,0.5,1,33,200,16,16,0.1,test,server,3,38,538,576,True,0.7808648014087263
Tox21,fedavg_proto,0.5,1,33,200,16,16,0.1,test,server,4,80,531,611,True,0.7123116760828626
Tox21,fedavg_proto,0.5,1,33,200,16,16,0.1,test,server,5,34,647,681,True,0.8045276843349396
Tox21,fedavg_proto,0.5,1,33,200,16,16,0.1,test,server,6,21,617,638,True,0.6804815929613336
Tox21,fedavg_proto,0.5,1,33,200,16,16,0.1,test,server,7,95,494,589,True,0.7885574259535478
Tox21,fedavg_proto,0.5,1,33,200,16,16,0.1,test,server,8,32,670,702,True,0.7606809701492538
Tox21,fedavg_proto,0.5,1,33,200,16,16,0.1,test,server,9,36,621,657,True,0.6615226337448559
Tox21,fedavg_proto,0.5,1,33,200,16,16,0.1,test,server,10,93,485,578,True,0.8568229686287552
Tox21,fedavg_proto,0.5,1,33,200,16,16,0.1,test,server,11,48,624,672,True,0.7472288995726496
Tox21,fedavg_proto,0.5,1,33,200,16,16,0.1,test,client_0,0,32,693,725,True,0.7982954545454545
Tox21,fedavg_proto,0.5,1,33,200,16,16,0.1,test,client_0,1,33,646,679,True,0.8897645182474903
Tox21,fedavg_proto,0.5,1,33,200,16,16,0.1,test,client_0,2,77,572,649,True,0.8421124330215238
Tox21,fedavg_proto,0.5,1,33,200,16,16,0.1,test,client_0,3,38,538,576,True,0.7781256114263353
Tox21,fedavg_proto,0.5,1,33,200,16,16,0.1,test,client_0,4,80,531,611,True,0.6974576271186441
Tox21,fedavg_proto,0.5,1,33,200,16,16,0.1,test,client_0,5,34,647,681,True,0.7789344485862351
Tox21,fedavg_proto,0.5,1,33,200,16,16,0.1,test,client_0,6,21,617,638,True,0.6311646214401482
Tox21,fedavg_proto,0.5,1,33,200,16,16,0.1,test,client_0,7,95,494,589,True,0.7934796505433624
Tox21,fedavg_proto,0.5,1,33,200,16,16,0.1,test,client_0,8,32,670,702,True,0.7700559701492538
Tox21,fedavg_proto,0.5,1,33,200,16,16,0.1,test,client_0,9,36,621,657,True,0.6583467525496511
Tox21,fedavg_proto,0.5,1,33,200,16,16,0.1,test,client_0,10,93,485,578,True,0.8390422347855004
Tox21,fedavg_proto,0.5,1,33,200,16,16,0.1,test,client_0,11,48,624,672,True,0.7398838141025641
Tox21,fedavg_proto,0.5,1,33,200,16,16,0.1,test,client_1,0,32,693,725,True,0.810966810966811
Tox21,fedavg_proto,0.5,1,33,200,16,16,0.1,test,client_1,1,33,646,679,True,0.8931888544891641
Tox21,fedavg_proto,0.5,1,33,200,16,16,0.1,test,client_1,2,77,572,649,True,0.8412042502951594
Tox21,fedavg_proto,0.5,1,33,200,16,16,0.1,test,client_1,3,38,538,576,True,0.766728624535316
Tox21,fedavg_proto,0.5,1,33,200,16,16,0.1,test,client_1,4,80,531,611,True,0.7089453860640301
Tox21,fedavg_proto,0.5,1,33,200,16,16,0.1,test,client_1,5,34,647,681,True,0.8103463951268297
Tox21,fedavg_proto,0.5,1,33,200,16,16,0.1,test,client_1,6,21,617,638,True,0.6684417689279925
Tox21,fedavg_proto,0.5,1,33,200,16,16,0.1,test,client_1,7,95,494,589,True,0.7578095035158747
Tox21,fedavg_proto,0.5,1,33,200,16,16,0.1,test,client_1,8,32,670,702,True,0.7482742537313434
Tox21,fedavg_proto,0.5,1,33,200,16,16,0.1,test,client_1,9,36,621,657,True,0.6527554124172482
Tox21,fedavg_proto,0.5,1,33,200,16,16,0.1,test,client_1,10,93,485,578,True,0.8393082806784171
Tox21,fedavg_proto,0.5,1,33,200,16,16,0.1,test,client_1,11,48,624,672,True,0.7539396367521368
Tox21,fedavg_proto,0.5,1,33,200,16,16,0.1,test,client_2,0,32,693,725,True,0.8150252525252525
Tox21,fedavg_proto,0.5,1,33,200,16,16,0.1,test,client_2,1,33,646,679,True,0.9015855145886106
Tox21,fedavg_proto,0.5,1,33,200,16,16,0.1,test,client_2,2,77,572,649,True,0.8318499682136046
Tox21,fedavg_proto,0.5,1,33,200,16,16,0.1,test,client_2,3,38,538,576,True,0.7428096262962238
Tox21,fedavg_proto,0.5,1,33,200,16,16,0.1,test,client_2,4,80,531,611,True,0.7100282485875705
Tox21,fedavg_proto,0.5,1,33,200,16,16,0.1,test,client_2,5,34,647,681,True,0.787571597417947
Tox21,fedavg_proto,0.5,1,33,200,16,16,0.1,test,client_2,6,21,617,638,True,0.7041753492320754
Tox21,fedavg_proto,0.5,1,33,200,16,16,0.1,test,client_2,7,95,494,589,True,0.7849563179203068
Tox21,fedavg_proto,0.5,1,33,200,16,16,0.1,test,client_2,8,32,670,702,True,0.7750466417910448
Tox21,fedavg_proto,0.5,1,33,200,16,16,0.1,test,client_2,9,36,621,657,True,0.65033995348005
Tox21,fedavg_proto,0.5,1,33,200,16,16,0.1,test,client_2,10,93,485,578,True,0.8318811661678307
Tox21,fedavg_proto,0.5,1,33,200,16,16,0.1,test,client_2,11,48,624,672,True,0.7446581196581197
Tox21,fedavg_proto,0.5,1,33,200,16,16,0.1,test,client_3,0,32,693,725,True,0.8022186147186148
Tox21,fedavg_proto,0.5,1,33,200,16,16,0.1,test,client_3,1,33,646,679,True,0.8839009287925697
Tox21,fedavg_proto,0.5,1,33,200,16,16,0.1,test,client_3,2,77,572,649,True,0.8125737898465172
Tox21,fedavg_proto,0.5,1,33,200,16,16,0.1,test,client_3,3,38,538,576,True,0.7901095675992956
Tox21,fedavg_proto,0.5,1,33,200,16,16,0.1,test,client_3,4,80,531,611,True,0.7044962335216574
Tox21,fedavg_proto,0.5,1,33,200,16,16,0.1,test,client_3,5,34,647,681,True,0.7949359032639332
Tox21,fedavg_proto,0.5,1,33,200,16,16,0.1,test,client_3,6,21,617,638,True,0.6939106274600602
Tox21,fedavg_proto,0.5,1,33,200,16,16,0.1,test,client_3,7,95,494,589,True,0.7682932026422331
Tox21,fedavg_proto,0.5,1,33,200,16,16,0.1,test,client_3,8,32,670,702,True,0.741231343283582
Tox21,fedavg_proto,0.5,1,33,200,16,16,0.1,test,client_3,9,36,621,657,True,0.6535605653963142
Tox21,fedavg_proto,0.5,1,33,200,16,16,0.1,test,client_3,10,93,485,578,True,0.8534530539851458
Tox21,fedavg_proto,0.5,1,33,200,16,16,0.1,test,client_3,11,48,624,672,True,0.7418202457264957
Tox21,fedavg_proto,0.5,1,34,200,16,16,0.1,val,server,0,31,696,727,True,0.8123841305153874
Tox21,fedavg_proto,0.5,1,34,200,16,16,0.1,val,server,1,23,652,675,True,0.7992131234995999
Tox21,fedavg_proto,0.5,1,34,200,16,16,0.1,val,server,2,74,567,641,True,0.8356213356213356
Tox21,fedavg_proto,0.5,1,34,200,16,16,0.1,val,server,3,19,546,565,True,0.8294775400038558
Tox21,fedavg_proto,0.5,1,34,200,16,16,0.1,val,server,4,82,541,623,True,0.705017808033903
Tox21,fedavg_proto,0.5,1,34,200,16,16,0.1,val,server,5,30,657,687,True,0.7965499746321665
Tox21,fedavg_proto,0.5,1,34,200,16,16,0.1,val,server,6,21,612,633,True,0.6539060068471833
Tox21,fedavg_proto,0.5,1,34,200,16,16,0.1,val,server,7,96,492,588,True,0.7306275406504064
Tox21,fedavg_proto,0.5,1,34,200,16,16,0.1,val,server,8,30,677,707,True,0.7774987690792713
Tox21,fedavg_proto,0.5,1,34,200,16,16,0.1,val,server,9,45,603,648,True,0.6310300350101345
Tox21,fedavg_proto,0.5,1,34,200,16,16,0.1,val,server,10,92,495,587,True,0.9002635046113308
Tox21,fedavg_proto,0.5,1,34,200,16,16,0.1,val,server,11,42,636,678,True,0.7914794848757114
Tox21,fedavg_proto,0.5,1,34,200,16,16,0.1,val,client_0,0,31,696,727,True,0.7874026696329255
Tox21,fedavg_proto,0.5,1,34,200,16,16,0.1,val,client_0,1,23,652,675,True,0.7803414243798347
Tox21,fedavg_proto,0.5,1,34,200,16,16,0.1,val,client_0,2,74,567,641,True,0.8236093236093236
Tox21,fedavg_proto,0.5,1,34,200,16,16,0.1,val,client_0,3,19,546,565,True,0.830634278002699
Tox21,fedavg_proto,0.5,1,34,200,16,16,0.1,val,client_0,4,82,541,623,True,0.6910644245074613
Tox21,fedavg_proto,0.5,1,34,200,16,16,0.1,val,client_0,5,30,657,687,True,0.7878234398782344
Tox21,fedavg_proto,0.5,1,34,200,16,16,0.1,val,client_0,6,21,612,633,True,0.6332866479925303
Tox21,fedavg_proto,0.5,1,34,200,16,16,0.1,val,client_0,7,96,492,588,True,0.7367674457994582
Tox21,fedavg_proto,0.5,1,34,200,16,16,0.1,val,client_0,8,30,677,707,True,0.7815854258985722
Tox21,fedavg_proto,0.5,1,34,200,16,16,0.1,val,client_0,9,45,603,648,True,0.6460659664639763
Tox21,fedavg_proto,0.5,1,34,200,16,16,0.1,val,client_0,10,92,495,587,True,0.8763724198506807
Tox21,fedavg_proto,0.5,1,34,200,16,16,0.1,val,client_0,11,42,636,678,True,0.7946241389637616
Tox21,fedavg_proto,0.5,1,34,200,16,16,0.1,val,client_1,0,31,696,727,True,0.82146829810901
Tox21,fedavg_proto,0.5,1,34,200,16,16,0.1,val,client_1,1,23,652,675,True,0.8034142437983463
Tox21,fedavg_proto,0.5,1,34,200,16,16,0.1,val,client_1,2,74,567,641,True,0.8250631583964917
Tox21,fedavg_proto,0.5,1,34,200,16,16,0.1,val,client_1,3,19,546,565,True,0.7539039907460959
Tox21,fedavg_proto,0.5,1,34,200,16,16,0.1,val,client_1,4,82,541,623,True,0.700554528650647
Tox21,fedavg_proto,0.5,1,34,200,16,16,0.1,val,client_1,5,30,657,687,True,0.788990360223237
Tox21,fedavg_proto,0.5,1,34,200,16,16,0.1,val,client_1,6,21,612,633,True,0.659274821039527
Tox21,fedavg_proto,0.5,1,34,200,16,16,0.1,val,client_1,7,96,492,588,True,0.7200203252032521
Tox21,fedavg_proto,0.5,1,34,200,16,16,0.1,val,client_1,8,30,677,707,True,0.7775480059084194
Tox21,fedavg_proto,0.5,1,34,200,16,16,0.1,val,client_1,9,45,603,648,True,0.6323935876174682
Tox21,fedavg_proto,0.5,1,34,200,16,16,0.1,val,client_1,10,92,495,587,True,0.8923144488361878
Tox21,fedavg_proto,0.5,1,34,200,16,16,0.1,val,client_1,11,42,636,678,True,0.783842467804732
Tox21,fedavg_proto,0.5,1,34,200,16,16,0.1,val,client_2,0,31,696,727,True,0.8148405635891732
Tox21,fedavg_proto,0.5,1,34,200,16,16,0.1,val,client_2,1,23,652,675,True,0.8134835956255001
Tox21,fedavg_proto,0.5,1,34,200,16,16,0.1,val,client_2,2,74,567,641,True,0.8343820010486677
Tox21,fedavg_proto,0.5,1,34,200,16,16,0.1,val,client_2,3,19,546,565,True,0.8052824368613842
Tox21,fedavg_proto,0.5,1,34,200,16,16,0.1,val,client_2,4,82,541,623,True,0.7011856994725216
Tox21,fedavg_proto,0.5,1,34,200,16,16,0.1,val,client_2,5,30,657,687,True,0.8004566210045663
Tox21,fedavg_proto,0.5,1,34,200,16,16,0.1,val,client_2,6,21,612,633,True,0.6780267662620604
Tox21,fedavg_proto,0.5,1,34,200,16,16,0.1,val,client_2,7,96,492,588,True,0.7249534214092141
Tox21,fedavg_proto,0.5,1,34,200,16,16,0.1,val,client_2,8,30,677,707,True,0.7844903988183162
Tox21,fedavg_proto,0.5,1,34,200,16,16,0.1,val,client_2,9,45,603,648,True,0.6196056753270683
Tox21,fedavg_proto,0.5,1,34,200,16,16,0.1,val,client_2,10,92,495,587,True,0.8805226174791391
Tox21,fedavg_proto,0.5,1,34,200,16,16,0.1,val,client_2,11,42,636,678,True,0.7899445941898772
Tox21,fedavg_proto,0.5,1,34,200,16,16,0.1,val,client_3,0,31,696,727,True,0.8126622172784574
Tox21,fedavg_proto,0.5,1,34,200,16,16,0.1,val,client_3,1,23,652,675,True,0.7960789543878367
Tox21,fedavg_proto,0.5,1,34,200,16,16,0.1,val,client_3,2,74,567,641,True,0.8443205109871776
Tox21,fedavg_proto,0.5,1,34,200,16,16,0.1,val,client_3,3,19,546,565,True,0.8358395989974937
Tox21,fedavg_proto,0.5,1,34,200,16,16,0.1,val,client_3,4,82,541,623,True,0.705401018890041
Tox21,fedavg_proto,0.5,1,34,200,16,16,0.1,val,client_3,5,30,657,687,True,0.7809233891425672
Tox21,fedavg_proto,0.5,1,34,200,16,16,0.1,val,client_3,6,21,612,633,True,0.6157018362900717
Tox21,fedavg_proto,0.5,1,34,200,16,16,0.1,val,client_3,7,96,492,588,True,0.706957147696477
Tox21,fedavg_proto,0.5,1,34,200,16,16,0.1,val,client_3,8,30,677,707,True,0.7548990645002462
Tox21,fedavg_proto,0.5,1,34,200,16,16,0.1,val,client_3,9,45,603,648,True,0.6121245623733186
Tox21,fedavg_proto,0.5,1,34,200,16,16,0.1,val,client_3,10,92,495,587,True,0.8942907334211682
Tox21,fedavg_proto,0.5,1,34,200,16,16,0.1,val,client_3,11,42,636,678,True,0.7708894878706201
Tox21,fedavg_proto,0.5,1,34,200,16,16,0.1,test,server,0,32,693,725,True,0.8108315295815296
Tox21,fedavg_proto,0.5,1,34,200,16,16,0.1,test,server,1,33,646,679,True,0.9018200581668074
Tox21,fedavg_proto,0.5,1,34,200,16,16,0.1,test,server,2,77,572,649,True,0.8340523113250387
Tox21,fedavg_proto,0.5,1,34,200,16,16,0.1,test,server,3,38,538,576,True,0.7803756603404421
Tox21,fedavg_proto,0.5,1,34,200,16,16,0.1,test,server,4,80,531,611,True,0.7115348399246705
Tox21,fedavg_proto,0.5,1,34,200,16,16,0.1,test,server,5,34,647,681,True,0.8069369942722066
Tox21,fedavg_proto,0.5,1,34,200,16,16,0.1,test,server,6,21,617,638,True,0.6731496488384656
Tox21,fedavg_proto,0.5,1,34,200,16,16,0.1,test,server,7,95,494,589,True,0.7874067760494353
Tox21,fedavg_proto,0.5,1,34,200,16,16,0.1,test,server,8,32,670,702,True,0.7608675373134328
Tox21,fedavg_proto,0.5,1,34,200,16,16,0.1,test,server,9,36,621,657,True,0.6620146716765075
Tox21,fedavg_proto,0.5,1,34,200,16,16,0.1,test,server,10,93,485,578,True,0.8609466799689613
Tox21,fedavg_proto,0.5,1,34,200,16,16,0.1,test,server,11,48,624,672,True,0.7455261752136753
Tox21,fedavg_proto,0.5,1,34,200,16,16,0.1,test,client_0,0,32,693,725,True,0.7919372294372294
Tox21,fedavg_proto,0.5,1,34,200,16,16,0.1,test,client_0,1,33,646,679,True,0.8824467586077493
Tox21,fedavg_proto,0.5,1,34,200,16,16,0.1,test,client_0,2,77,572,649,True,0.8403868858414312
Tox21,fedavg_proto,0.5,1,34,200,16,16,0.1,test,client_0,3,38,538,576,True,0.78321267853649
Tox21,fedavg_proto,0.5,1,34,200,16,16,0.1,test,client_0,4,80,531,611,True,0.6889830508474577
Tox21,fedavg_proto,0.5,1,34,200,16,16,0.1,test,client_0,5,34,647,681,True,0.7796163287571598
Tox21,fedavg_proto,0.5,1,34,200,16,16,0.1,test,client_0,6,21,617,638,True,0.6361812147873737
Tox21,fedavg_proto,0.5,1,34,200,16,16,0.1,test,client_0,7,95,494,589,True,0.7884721926273173
Tox21,fedavg_proto,0.5,1,34,200,16,16,0.1,test,client_0,8,32,670,702,True,0.773973880597015
Tox21,fedavg_proto,0.5,1,34,200,16,16,0.1,test,client_0,9,36,621,657,True,0.6600912506709609
Tox21,fedavg_proto,0.5,1,34,200,16,16,0.1,test,client_0,10,93,485,578,True,0.8429885821970957
Tox21,fedavg_proto,0.5,1,34,200,16,16,0.1,test,client_0,11,48,624,672,True,0.7492654914529915
Tox21,fedavg_proto,0.5,1,34,200,16,16,0.1,test,client_1,0,32,693,725,True,0.8212932900432901
Tox21,fedavg_proto,0.5,1,34,200,16,16,0.1,test,client_1,1,33,646,679,True,0.9013040622947743
Tox21,fedavg_proto,0.5,1,34,200,16,16,0.1,test,client_1,2,77,572,649,True,0.8283080555807828
Tox21,fedavg_proto,0.5,1,34,200,16,16,0.1,test,client_1,3,38,538,576,True,0.7681471336333399
Tox21,fedavg_proto,0.5,1,34,200,16,16,0.1,test,client_1,4,80,531,611,True,0.7080273069679849
Tox21,fedavg_proto,0.5,1,34,200,16,16,0.1,test,client_1,5,34,647,681,True,0.8140740067278844
Tox21,fedavg_proto,0.5,1,34,200,16,16,0.1,test,client_1,6,21,617,638,True,0.6844948676391139
Tox21,fedavg_proto,0.5,1,34,200,16,16,0.1,test,client_1,7,95,494,589,True,0.7759002770083103
Tox21,fedavg_proto,0.5,1,34,200,16,16,0.1,test,client_1,8,32,670,702,True,0.7681436567164179
Tox21,fedavg_proto,0.5,1,34,200,16,16,0.1,test,client_1,9,36,621,657,True,0.668947933440687
Tox21,fedavg_proto,0.5,1,34,200,16,16,0.1,test,client_1,10,93,485,578,True,0.8534752244762221
Tox21,fedavg_proto,0.5,1,34,200,16,16,0.1,test,client_1,11,48,624,672,True,0.7476295405982906
Tox21,fedavg_proto,0.5,1,34,200,16,16,0.1,test,client_2,0,32,693,725,True,0.8143939393939393
Tox21,fedavg_proto,0.5,1,34,200,16,16,0.1,test,client_2,1,33,646,679,True,0.8985364480720518
Tox21,fedavg_proto,0.5,1,34,200,16,16,0.1,test,client_2,2,77,572,649,True,0.8337571519389702
Tox21,fedavg_proto,0.5,1,34,200,16,16,0.1,test,client_2,3,38,538,576,True,0.7472118959107806
Tox21,fedavg_proto,0.5,1,34,200,16,16,0.1,test,client_2,4,80,531,611,True,0.7107580037664784
Tox21,fedavg_proto,0.5,1,34,200,16,16,0.1,test,client_2,5,34,647,681,True,0.7928448040730975
Tox21,fedavg_proto,0.5,1,34,200,16,16,0.1,test,client_2,6,21,617,638,True,0.6881222505209539
Tox21,fedavg_proto,0.5,1,34,200,16,16,0.1,test,client_2,7,95,494,589,True,0.7783933518005539
Tox21,fedavg_proto,0.5,1,34,200,16,16,0.1,test,client_2,8,32,670,702,True,0.7580690298507463
Tox21,fedavg_proto,0.5,1,34,200,16,16,0.1,test,client_2,9,36,621,657,True,0.6396493111468956
Tox21,fedavg_proto,0.5,1,34,200,16,16,0.1,test,client_2,10,93,485,578,True,0.8348741824631416
Tox21,fedavg_proto,0.5,1,34,200,16,16,0.1,test,client_2,11,48,624,672,True,0.7399172008547008
Tox21,fedavg_proto,0.5,1,34,200,16,16,0.1,test,client_3,0,32,693,725,True,0.8052849927849929
Tox21,fedavg_proto,0.5,1,34,200,16,16,0.1,test,client_3,1,33,646,679,True,0.8857303687025049
Tox21,fedavg_proto,0.5,1,34,200,16,16,0.1,test,client_3,2,77,572,649,True,0.8192716374534557
Tox21,fedavg_proto,0.5,1,34,200,16,16,0.1,test,client_3,3,38,538,576,True,0.7861964390530228
Tox21,fedavg_proto,0.5,1,34,200,16,16,0.1,test,client_3,4,80,531,611,True,0.707909604519774
Tox21,fedavg_proto,0.5,1,34,200,16,16,0.1,test,client_3,5,34,647,681,True,0.7995272297481589
Tox21,fedavg_proto,0.5,1,34,200,16,16,0.1,test,client_3,6,21,617,638,True,0.6770085667978699
Tox21,fedavg_proto,0.5,1,34,200,16,16,0.1,test,client_3,7,95,494,589,True,0.7642659279778392
Tox21,fedavg_proto,0.5,1,34,200,16,16,0.1,test,client_3,8,32,670,702,True,0.7305503731343284
Tox21,fedavg_proto,0.5,1,34,200,16,16,0.1,test,client_3,9,36,621,657,True,0.6515029522275899
Tox21,fedavg_proto,0.5,1,34,200,16,16,0.1,test,client_3,10,93,485,578,True,0.8549163063961867
Tox21,fedavg_proto,0.5,1,34,200,16,16,0.1,test,client_3,11,48,624,672,True,0.736778846153846
Tox21,fedavg_proto,0.5,1,35,200,16,16,0.1,val,server,0,31,696,727,True,0.8165090841675936
Tox21,fedavg_proto,0.5,1,35,200,16,16,0.1,val,server,1,23,652,675,True,0.8107495332088557
Tox21,fedavg_proto,0.5,1,35,200,16,16,0.1,val,server,2,74,567,641,True,0.8373850040516706
Tox21,fedavg_proto,0.5,1,35,200,16,16,0.1,val,server,3,19,546,565,True,0.8269712743396953
Tox21,fedavg_proto,0.5,1,35,200,16,16,0.1,val,server,4,82,541,623,True,0.7081736621432758
Tox21,fedavg_proto,0.5,1,35,200,16,16,0.1,val,server,5,30,657,687,True,0.797818366311517
Tox21,fedavg_proto,0.5,1,35,200,16,16,0.1,val,server,6,21,612,633,True,0.6575630252100839
Tox21,fedavg_proto,0.5,1,35,200,16,16,0.1,val,server,7,96,492,588,True,0.7326388888888888
Tox21,fedavg_proto,0.5,1,35,200,16,16,0.1,val,server,8,30,677,707,True,0.7736582964057115
Tox21,fedavg_proto,0.5,1,35,200,16,16,0.1,val,server,9,45,603,648,True,0.6360788649345863
Tox21,fedavg_proto,0.5,1,35,200,16,16,0.1,val,server,10,92,495,587,True,0.8998902064119455
Tox21,fedavg_proto,0.5,1,35,200,16,16,0.1,val,server,11,42,636,678,True,0.7949236298292903
Tox21,fedavg_proto,0.5,1,35,200,16,16,0.1,val,client_0,0,31,696,727,True,0.7900444938820913
Tox21,fedavg_proto,0.5,1,35,200,16,16,0.1,val,client_0,1,23,652,675,True,0.7856094958655642
Tox21,fedavg_proto,0.5,1,35,200,16,16,0.1,val,client_0,2,74,567,641,True,0.8262548262548262
Tox21,fedavg_proto,0.5,1,35,200,16,16,0.1,val,client_0,3,19,546,565,True,0.8388278388278388
Tox21,fedavg_proto,0.5,1,35,200,16,16,0.1,val,client_0,4,82,541,623,True,0.7050854334791037
Tox21,fedavg_proto,0.5,1,35,200,16,16,0.1,val,client_0,5,30,657,687,True,0.7953323186199899
Tox21,fedavg_proto,0.5,1,35,200,16,16,0.1,val,client_0,6,21,612,633,True,0.6342203548085901
Tox21,fedavg_proto,0.5,1,35,200,16,16,0.1,val,client_0,7,96,492,588,True,0.7403031842818428
Tox21,fedavg_proto,0.5,1,35,200,16,16,0.1,val,client_0,8,30,677,707,True,0.7660758247168883
Tox21,fedavg_proto,0.5,1,35,200,16,16,0.1,val,client_0,9,45,603,648,True,0.6580062649714391
Tox21,fedavg_proto,0.5,1,35,200,16,16,0.1,val,client_0,10,92,495,587,True,0.8651295564339042
Tox21,fedavg_proto,0.5,1,35,200,16,16,0.1,val,client_0,11,42,636,678,True,0.7841793950284516
Tox21,fedavg_proto,0.5,1,35,200,16,16,0.1,val,client_1,0,31,696,727,True,0.8234149054505006
Tox21,fedavg_proto,0.5,1,35,200,16,16,0.1,val,client_1,1,23,652,675,True,0.8032141904507868
Tox21,fedavg_proto,0.5,1,35,200,16,16,0.1,val,client_1,2,74,567,641,True,0.825658992325659
Tox21,fedavg_proto,0.5,1,35,200,16,16,0.1,val,client_1,3,19,546,565,True,0.7337574705995759
Tox21,fedavg_proto,0.5,1,35,200,16,16,0.1,val,client_1,4,82,541,623,True,0.6980073035480816
Tox21,fedavg_proto,0.5,1,35,200,16,16,0.1,val,client_1,5,30,657,687,True,0.7925418569254186
Tox21,fedavg_proto,0.5,1,35,200,16,16,0.1,val,client_1,6,21,612,633,True,0.6671335200746966
Tox21,fedavg_proto,0.5,1,35,200,16,16,0.1,val,client_1,7,96,492,588,True,0.7210789295392954
Tox21,fedavg_proto,0.5,1,35,200,16,16,0.1,val,client_1,8,30,677,707,True,0.7846381093057607
Tox21,fedavg_proto,0.5,1,35,200,16,16,0.1,val,client_1,9,45,603,648,True,0.6339045513174866
Tox21,fedavg_proto,0.5,1,35,200,16,16,0.1,val,client_1,10,92,495,587,True,0.8925779534475187
Tox21,fedavg_proto,0.5,1,35,200,16,16,0.1,val,client_1,11,42,636,678,True,0.7930143755615453
Tox21,fedavg_proto,0.5,1,35,200,16,16,0.1,val,client_2,0,31,696,727,True,0.8121060437523174
Tox21,fedavg_proto,0.5,1,35,200,16,16,0.1,val,client_2,1,23,652,675,True,0.8204187783408909
Tox21,fedavg_proto,0.5,1,35,200,16,16,0.1,val,client_2,2,74,567,641,True,0.836288669622003
Tox21,fedavg_proto,0.5,1,35,200,16,16,0.1,val,client_2,3,19,546,565,True,0.8073067283593599
Tox21,fedavg_proto,0.5,1,35,200,16,16,0.1,val,client_2,4,82,541,623,True,0.7074072404309995
Tox21,fedavg_proto,0.5,1,35,200,16,16,0.1,val,client_2,5,30,657,687,True,0.8080162354134958
Tox21,fedavg_proto,0.5,1,35,200,16,16,0.1,val,client_2,6,21,612,633,True,0.6880641145347027
Tox21,fedavg_proto,0.5,1,35,200,16,16,0.1,val,client_2,7,96,492,588,True,0.7258849932249323
Tox21,fedavg_proto,0.5,1,35,200,16,16,0.1,val,client_2,8,30,677,707,True,0.7847365829640571
Tox21,fedavg_proto,0.5,1,35,200,16,16,0.1,val,client_2,9,45,603,648,True,0.6332780541735765
Tox21,fedavg_proto,0.5,1,35,200,16,16,0.1,val,client_2,10,92,495,587,True,0.8854194115063679
Tox21,fedavg_proto,0.5,1,35,200,16,16,0.1,val,client_2,11,42,636,678,True,0.7944369571728063
Tox21,fedavg_proto,0.5,1,35,200,16,16,0.1,val,client_3,0,31,696,727,True,0.8161846496106785
Tox21,fedavg_proto,0.5,1,35,200,16,16,0.1,val,client_3,1,23,652,675,True,0.8098159509202454
Tox21,fedavg_proto,0.5,1,35,200,16,16,0.1,val,client_3,2,74,567,641,True,0.8449401782735118
Tox21,fedavg_proto,0.5,1,35,200,16,16,0.1,val,client_3,3,19,546,565,True,0.8289955658376711
Tox21,fedavg_proto,0.5,1,35,200,16,16,0.1,val,client_3,4,82,541,623,True,0.7000135250890401
Tox21,fedavg_proto,0.5,1,35,200,16,16,0.1,val,client_3,5,30,657,687,True,0.7767123287671234
Tox21,fedavg_proto,0.5,1,35,200,16,16,0.1,val,client_3,6,21,612,633,True,0.6261282290694056
Tox21,fedavg_proto,0.5,1,35,200,16,16,0.1,val,client_3,7,96,492,588,True,0.7116785230352304
Tox21,fedavg_proto,0.5,1,35,200,16,16,0.1,val,client_3,8,30,677,707,True,0.753865091088134
Tox21,fedavg_proto,0.5,1,35,200,16,16,0.1,val,client_3,9,45,603,648,True,0.6109452736318408
Tox21,fedavg_proto,0.5,1,35,200,16,16,0.1,val,client_3,10,92,495,587,True,0.8993192797540623
Tox21,fedavg_proto,0.5,1,35,200,16,16,0.1,val,client_3,11,42,636,678,True,0.781895777178796
Tox21,fedavg_proto,0.5,1,35,200,16,16,0.1,test,server,0,32,693,725,True,0.8090277777777777
Tox21,fedavg_proto,0.5,1,35,200,16,16,0.1,test,server,1,33,646,679,True,0.9046814898208086
Tox21,fedavg_proto,0.5,1,35,200,16,16,0.1,test,server,2,77,572,649,True,0.835914085914086
Tox21,fedavg_proto,0.5,1,35,200,16,16,0.1,test,server,3,38,538,576,True,0.7880062610056741
Tox21,fedavg_proto,0.5,1,35,200,16,16,0.1,test,server,4,80,531,611,True,0.7125706214689266
Tox21,fedavg_proto,0.5,1,35,200,16,16,0.1,test,server,5,34,647,681,True,0.8128920810982816
Tox21,fedavg_proto,0.5,1,35,200,16,16,0.1,test,server,6,21,617,638,True,0.6793239175735123
Tox21,fedavg_proto,0.5,1,35,200,16,16,0.1,test,server,7,95,494,589,True,0.7907948007671
Tox21,fedavg_proto,0.5,1,35,200,16,16,0.1,test,server,8,32,670,702,True,0.7706623134328359
Tox21,fedavg_proto,0.5,1,35,200,16,16,0.1,test,server,9,36,621,657,True,0.6706029701198783
Tox21,fedavg_proto,0.5,1,35,200,16,16,0.1,test,server,10,93,485,578,True,0.860924509477885
Tox21,fedavg_proto,0.5,1,35,200,16,16,0.1,test,server,11,48,624,672,True,0.7543402777777778
Tox21,fedavg_proto,0.5,1,35,200,16,16,0.1,test,client_0,0,32,693,725,True,0.7664592352092353
Tox21,fedavg_proto,0.5,1,35,200,16,16,0.1,test,client_0,1,33,646,679,True,0.8730181067642369
Tox21,fedavg_proto,0.5,1,35,200,16,16,0.1,test,client_0,2,77,572,649,True,0.8447688674961402
Tox21,fedavg_proto,0.5,1,35,200,16,16,0.1,test,client_0,3,38,538,576,True,0.7727939737820387
Tox21,fedavg_proto,0.5,1,35,200,16,16,0.1,test,client_0,4,80,531,611,True,0.6995527306967985
Tox21,fedavg_proto,0.5,1,35,200,16,16,0.1,test,client_0,5,34,647,681,True,0.7821620147286117
Tox21,fedavg_proto,0.5,1,35,200,16,16,0.1,test,client_0,6,21,617,638,True,0.6308559080033959
Tox21,fedavg_proto,0.5,1,35,200,16,16,0.1,test,client_0,7,95,494,589,True,0.7899424675047944
Tox21,fedavg_proto,0.5,1,35,200,16,16,0.1,test,client_0,8,32,670,702,True,0.7761194029850745
Tox21,fedavg_proto,0.5,1,35,200,16,16,0.1,test,client_0,9,36,621,657,True,0.6746287350152084
Tox21,fedavg_proto,0.5,1,35,200,16,16,0.1,test,client_0,10,93,485,578,True,0.8319920186232125
Tox21,fedavg_proto,0.5,1,35,200,16,16,0.1,test,client_0,11,48,624,672,True,0.7432892628205128
Tox21,fedavg_proto,0.5,1,35,200,16,16,0.1,test,client_1,0,32,693,725,True,0.8190386002886003
Tox21,fedavg_proto,0.5,1,35,200,16,16,0.1,test,client_1,1,33,646,679,True,0.9012102448634957
Tox21,fedavg_proto,0.5,1,35,200,16,16,0.1,test,client_1,2,77,572,649,True,0.8274906911270548
Tox21,fedavg_proto,0.5,1,35,200,16,16,0.1,test,client_1,3,38,538,576,True,0.7675112502445706
Tox21,fedavg_proto,0.5,1,35,200,16,16,0.1,test,client_1,4,80,531,611,True,0.7101694915254239
Tox21,fedavg_proto,0.5,1,35,200,16,16,0.1,test,client_1,5,34,647,681,True,0.8205291390126375
Tox21,fedavg_proto,0.5,1,35,200,16,16,0.1,test,client_1,6,21,617,638,True,0.6856525430269351
Tox21,fedavg_proto,0.5,1,35,200,16,16,0.1,test,client_1,7,95,494,589,True,0.7715533773705519
Tox21,fedavg_proto,0.5,1,35,200,16,16,0.1,test,client_1,8,32,670,702,True,0.7723880597014925
Tox21,fedavg_proto,0.5,1,35,200,16,16,0.1,test,client_1,9,36,621,657,True,0.6660851672928968
Tox21,fedavg_proto,0.5,1,35,200,16,16,0.1,test,client_1,10,93,485,578,True,0.8558252965303181
Tox21,fedavg_proto,0.5,1,35,200,16,16,0.1,test,client_1,11,48,624,672,True,0.7525040064102564
Tox21,fedavg_proto,0.5,1,35,200,16,16,0.1,test,client_2,0,32,693,725,True,0.8166035353535352
Tox21,fedavg_proto,0.5,1,35,200,16,16,0.1,test,client_2,1,33,646,679,True,0.8989117177971668
Tox21,fedavg_proto,0.5,1,35,200,16,16,0.1,test,client_2,2,77,572,649,True,0.833938788484243
Tox21,fedavg_proto,0.5,1,35,200,16,16,0.1,test,client_2,3,38,538,576,True,0.7496576012522012
Tox21,fedavg_proto,0.5,1,35,200,16,16,0.1,test,client_2,4,80,531,611,True,0.708050847457627
Tox21,fedavg_proto,0.5,1,35,200,16,16,0.1,test,client_2,5,34,647,681,True,0.7869806346031457
Tox21,fedavg_proto,0.5,1,35,200,16,16,0.1,test,client_2,6,21,617,638,True,0.7028633171258779
Tox21,fedavg_proto,0.5,1,35,200,16,16,0.1,test,client_2,7,95,494,589,True,0.7872363093969743
Tox21,fedavg_proto,0.5,1,35,200,16,16,0.1,test,client_2,8,32,670,702,True,0.7760727611940299
Tox21,fedavg_proto,0.5,1,35,200,16,16,0.1,test,client_2,9,36,621,657,True,0.6547682948649132
Tox21,fedavg_proto,0.5,1,35,200,16,16,0.1,test,client_2,10,93,485,578,True,0.83831060857998
Tox21,fedavg_proto,0.5,1,35,200,16,16,0.1,test,client_2,11,48,624,672,True,0.7469284188034188
Tox21,fedavg_proto,0.5,1,35,200,16,16,0.1,test,client_3,0,32,693,725,True,0.8030303030303031
Tox21,fedavg_proto,0.5,1,35,200,16,16,0.1,test,client_3,1,33,646,679,True,0.8894830659536542
Tox21,fedavg_proto,0.5,1,35,200,16,16,0.1,test,client_3,2,77,572,649,True,0.8191581146126601
Tox21,fedavg_proto,0.5,1,35,200,16,16,0.1,test,client_3,3,38,538,576,True,0.8050283701819605
Tox21,fedavg_proto,0.5,1,35,200,16,16,0.1,test,client_3,4,80,531,611,True,0.7133003766478342
Tox21,fedavg_proto,0.5,1,35,200,16,16,0.1,test,client_3,5,34,647,681,True,0.8039821801981998
Tox21,fedavg_proto,0.5,1,35,200,16,16,0.1,test,client_3,6,21,617,638,True,0.6831056571737284
Tox21,fedavg_proto,0.5,1,35,200,16,16,0.1,test,client_3,7,95,494,589,True,0.7724696356275305
Tox21,fedavg_proto,0.5,1,35,200,16,16,0.1,test,client_3,8,32,670,702,True,0.7438432835820896
Tox21,fedavg_proto,0.5,1,35,200,16,16,0.1,test,client_3,9,36,621,657,True,0.6591519055287172
Tox21,fedavg_proto,0.5,1,35,200,16,16,0.1,test,client_3,10,93,485,578,True,0.8544285555925064
Tox21,fedavg_proto,0.5,1,35,200,16,16,0.1,test,client_3,11,48,624,672,True,0.7573784722222222
Tox21,fedavg_proto,0.5,1,36,200,16,16,0.1,val,server,0,31,696,727,True,0.8169262143121987
Tox21,fedavg_proto,0.5,1,36,200,16,16,0.1,val,server,1,23,652,675,True,0.8124833288877034
Tox21,fedavg_proto,0.5,1,36,200,16,16,0.1,val,server,2,74,567,641,True,0.8399590066256732
Tox21,fedavg_proto,0.5,1,36,200,16,16,0.1,val,server,3,19,546,565,True,0.8359359938307306
Tox21,fedavg_proto,0.5,1,36,200,16,16,0.1,val,server,4,82,541,623,True,0.7078355349172716
Tox21,fedavg_proto,0.5,1,36,200,16,16,0.1,val,server,5,30,657,687,True,0.7952308472856419
Tox21,fedavg_proto,0.5,1,36,200,16,16,0.1,val,server,6,21,612,633,True,0.6593526299408652
Tox21,fedavg_proto,0.5,1,36,200,16,16,0.1,val,server,7,96,492,588,True,0.7342056233062331
Tox21,fedavg_proto,0.5,1,36,200,16,16,0.1,val,server,8,30,677,707,True,0.7674052191038897
Tox21,fedavg_proto,0.5,1,36,200,16,16,0.1,val,server,9,45,603,648,True,0.6361525704809287
Tox21,fedavg_proto,0.5,1,36,200,16,16,0.1,val,server,10,92,495,587,True,0.901427316644708
Tox21,fedavg_proto,0.5,1,36,200,16,16,0.1,val,server,11,42,636,678,True,0.7916292303084755
Tox21,fedavg_proto,0.5,1,36,200,16,16,0.1,val,client_0,0,31,696,727,True,0.7909251019651464
Tox21,fedavg_proto,0.5,1,36,200,16,16,0.1,val,client_0,1,23,652,675,True,0.7896105628167511
Tox21,fedavg_proto,0.5,1,36,200,16,16,0.1,val,client_0,2,74,567,641,True,0.8214643214643215
Tox21,fedavg_proto,0.5,1,36,200,16,16,0.1,val,client_0,3,19,546,565,True,0.849624060150376
Tox21,fedavg_proto,0.5,1,36,200,16,16,0.1,val,client_0,4,82,541,623,True,0.7030115864929443
Tox21,fedavg_proto,0.5,1,36,200,16,16,0.1,val,client_0,5,30,657,687,True,0.7872146118721461
Tox21,fedavg_proto,0.5,1,36,200,16,16,0.1,val,client_0,6,21,612,633,True,0.6353874883286648
Tox21,fedavg_proto,0.5,1,36,200,16,16,0.1,val,client_0,7,96,492,588,True,0.7346502371273713
Tox21,fedavg_proto,0.5,1,36,200,16,16,0.1,val,client_0,8,30,677,707,True,0.7585918266863614
Tox21,fedavg_proto,0.5,1,36,200,16,16,0.1,val,client_0,9,45,603,648,True,0.6487930716786439
Tox21,fedavg_proto,0.5,1,36,200,16,16,0.1,val,client_0,10,92,495,587,True,0.8765041721563461
Tox21,fedavg_proto,0.5,1,36,200,16,16,0.1,val,client_0,11,42,636,678,True,0.785302485774184
Tox21,fedavg_proto,0.5,1,36,200,16,16,0.1,val,client_1,0,31,696,727,True,0.8219781238413052
Tox21,fedavg_proto,0.5,1,36,200,16,16,0.1,val,client_1,1,23,652,675,True,0.8034142437983463
Tox21,fedavg_proto,0.5,1,36,200,16,16,0.1,val,client_1,2,74,567,641,True,0.8258258258258259
Tox21,fedavg_proto,0.5,1,36,200,16,16,0.1,val,client_1,3,19,546,565,True,0.7486986697513013
Tox21,fedavg_proto,0.5,1,36,200,16,16,0.1,val,client_1,4,82,541,623,True,0.6971732563906045
Tox21,fedavg_proto,0.5,1,36,200,16,16,0.1,val,client_1,5,30,657,687,True,0.7858954845256216
Tox21,fedavg_proto,0.5,1,36,200,16,16,0.1,val,client_1,6,21,612,633,True,0.6607531901649549
Tox21,fedavg_proto,0.5,1,36,200,16,16,0.1,val,client_1,7,96,492,588,True,0.7191522696476964
Tox21,fedavg_proto,0.5,1,36,200,16,16,0.1,val,client_1,8,30,677,707,True,0.7718365337272279
Tox21,fedavg_proto,0.5,1,36,200,16,16,0.1,val,client_1,9,45,603,648,True,0.6289662797125484
Tox21,fedavg_proto,0.5,1,36,200,16,16,0.1,val,client_1,10,92,495,587,True,0.8956082564778217
Tox21,fedavg_proto,0.5,1,36,200,16,16,0.1,val,client_1,11,42,636,678,True,0.7817085953878408
Tox21,fedavg_proto,0.5,1,36,200,16,16,0.1,val,client_2,0,31,696,727,True,0.8269836855765665
Tox21,fedavg_proto,0.5,1,36,200,16,16,0.1,val,client_2,1,23,652,675,True,0.8292211256335023
Tox21,fedavg_proto,0.5,1,36,200,16,16,0.1,val,client_2,2,74,567,641,True,0.8447018447018447
Tox21,fedavg_proto,0.5,1,36,200,16,16,0.1,val,client_2,3,19,546,565,True,0.8180065548486601
Tox21,fedavg_proto,0.5,1,36,200,16,16,0.1,val,client_2,4,82,541,623,True,0.7003516523150445
Tox21,fedavg_proto,0.5,1,36,200,16,16,0.1,val,client_2,5,30,657,687,True,0.8054287163876205
Tox21,fedavg_proto,0.5,1,36,200,16,16,0.1,val,client_2,6,21,612,633,True,0.6974011826953003
Tox21,fedavg_proto,0.5,1,36,200,16,16,0.1,val,client_2,7,96,492,588,True,0.7385882452574526
Tox21,fedavg_proto,0.5,1,36,200,16,16,0.1,val,client_2,8,30,677,707,True,0.7806006893156081
Tox21,fedavg_proto,0.5,1,36,200,16,16,0.1,val,client_2,9,45,603,648,True,0.6318407960199006
Tox21,fedavg_proto,0.5,1,36,200,16,16,0.1,val,client_2,10,92,495,587,True,0.8858585858585859
Tox21,fedavg_proto,0.5,1,36,200,16,16,0.1,val,client_2,11,42,636,678,True,0.7951482479784366
Tox21,fedavg_proto,0.5,1,36,200,16,16,0.1,val,client_3,0,31,696,727,True,0.814655172413793
Tox21,fedavg_proto,0.5,1,36,200,16,16,0.1,val,client_3,1,23,652,675,True,0.8146172312616698
Tox21,fedavg_proto,0.5,1,36,200,16,16,0.1,val,client_3,2,74,567,641,True,0.8484436817770151
Tox21,fedavg_proto,0.5,1,36,200,16,16,0.1,val,client_3,3,19,546,565,True,0.8380566801619432
Tox21,fedavg_proto,0.5,1,36,200,16,16,0.1,val,client_3,4,82,541,623,True,0.7056489788557774
Tox21,fedavg_proto,0.5,1,36,200,16,16,0.1,val,client_3,5,30,657,687,True,0.7820903094875697
Tox21,fedavg_proto,0.5,1,36,200,16,16,0.1,val,client_3,6,21,612,633,True,0.6202147525676938
Tox21,fedavg_proto,0.5,1,36,200,16,16,0.1,val,client_3,7,96,492,588,True,0.7140074525745258
Tox21,fedavg_proto,0.5,1,36,200,16,16,0.1,val,client_3,8,30,677,707,True,0.7526341703594288
Tox21,fedavg_proto,0.5,1,36,200,16,16,0.1,val,client_3,9,45,603,648,True,0.6135986733001658
Tox21,fedavg_proto,0.5,1,36,200,16,16,0.1,val,client_3,10,92,495,587,True,0.8977382520860782
Tox21,fedavg_proto,0.5,1,36,200,16,16,0.1,val,client_3,11,42,636,678,True,0.7805855046421083
Tox21,fedavg_proto,0.5,1,36,200,16,16,0.1,test,server,0,32,693,725,True,0.8058261183261183
Tox21,fedavg_proto,0.5,1,36,200,16,16,0.1,test,server,1,33,646,679,True,0.9082465522094005
Tox21,fedavg_proto,0.5,1,36,200,16,16,0.1,test,server,2,77,572,649,True,0.8383888838434292
Tox21,fedavg_proto,0.5,1,36,200,16,16,0.1,test,server,3,38,538,576,True,0.7948542359616513
Tox21,fedavg_proto,0.5,1,36,200,16,16,0.1,test,server,4,80,531,611,True,0.7123352165725048
Tox21,fedavg_proto,0.5,1,36,200,16,16,0.1,test,server,5,34,647,681,True,0.8164378579870898
Tox21,fedavg_proto,0.5,1,36,200,16,16,0.1,test,server,6,21,617,638,True,0.6773172802346222
Tox21,fedavg_proto,0.5,1,36,200,16,16,0.1,test,server,7,95,494,589,True,0.7909013424248881
Tox21,fedavg_proto,0.5,1,36,200,16,16,0.1,test,server,8,32,670,702,True,0.7679570895522388
Tox21,fedavg_proto,0.5,1,36,200,16,16,0.1,test,server,9,36,621,657,True,0.6733762748255502
Tox21,fedavg_proto,0.5,1,36,200,16,16,0.1,test,server,10,93,485,578,True,0.8577319587628865
Tox21,fedavg_proto,0.5,1,36,200,16,16,0.1,test,server,11,48,624,672,True,0.7612847222222223
Tox21,fedavg_proto,0.5,1,36,200,16,16,0.1,test,client_0,0,32,693,725,True,0.7919823232323231
Tox21,fedavg_proto,0.5,1,36,200,16,16,0.1,test,client_0,1,33,646,679,True,0.8882634393470307
Tox21,fedavg_proto,0.5,1,36,200,16,16,0.1,test,client_0,2,77,572,649,True,0.8428616837707746
Tox21,fedavg_proto,0.5,1,36,200,16,16,0.1,test,client_0,3,38,538,576,True,0.790158481706124
Tox21,fedavg_proto,0.5,1,36,200,16,16,0.1,test,client_0,4,80,531,611,True,0.6970809792843691
Tox21,fedavg_proto,0.5,1,36,200,16,16,0.1,test,client_0,5,34,647,681,True,0.7880261841985635
Tox21,fedavg_proto,0.5,1,36,200,16,16,0.1,test,client_0,6,21,617,638,True,0.632862545342286
Tox21,fedavg_proto,0.5,1,36,200,16,16,0.1,test,client_0,7,95,494,589,True,0.7856808011932666
Tox21,fedavg_proto,0.5,1,36,200,16,16,0.1,test,client_0,8,32,670,702,True,0.7622201492537314
Tox21,fedavg_proto,0.5,1,36,200,16,16,0.1,test,client_0,9,36,621,657,True,0.675747003041689
Tox21,fedavg_proto,0.5,1,36,200,16,16,0.1,test,client_0,10,93,485,578,True,0.8369360381332446
Tox21,fedavg_proto,0.5,1,36,200,16,16,0.1,test,client_0,11,48,624,672,True,0.7477630876068376
Tox21,fedavg_proto,0.5,1,36,200,16,16,0.1,test,client_1,0,32,693,725,True,0.8130862193362194
Tox21,fedavg_proto,0.5,1,36,200,16,16,0.1,test,client_1,1,33,646,679,True,0.9041654939487758
Tox21,fedavg_proto,0.5,1,36,200,16,16,0.1,test,client_1,2,77,572,649,True,0.8354145854145855
Tox21,fedavg_proto,0.5,1,36,200,16,16,0.1,test,client_1,3,38,538,576,True,0.7802778321267854
Tox21,fedavg_proto,0.5,1,36,200,16,16,0.1,test,client_1,4,80,531,611,True,0.7041666666666667
Tox21,fedavg_proto,0.5,1,36,200,16,16,0.1,test,client_1,5,34,647,681,True,0.8133012092008365
Tox21,fedavg_proto,0.5,1,36,200,16,16,0.1,test,client_1,6,21,617,638,True,0.6827969437369761
Tox21,fedavg_proto,0.5,1,36,200,16,16,0.1,test,client_1,7,95,494,589,True,0.7700831024930748
Tox21,fedavg_proto,0.5,1,36,200,16,16,0.1,test,client_1,8,32,670,702,True,0.7693097014925373
Tox21,fedavg_proto,0.5,1,36,200,16,16,0.1,test,client_1,9,36,621,657,True,0.6709608158883522
Tox21,fedavg_proto,0.5,1,36,200,16,16,0.1,test,client_1,10,93,485,578,True,0.8483095000554263
Tox21,fedavg_proto,0.5,1,36,200,16,16,0.1,test,client_1,11,48,624,672,True,0.7656583867521368
Tox21,fedavg_proto,0.5,1,36,200,16,16,0.1,test,client_2,0,32,693,725,True,0.8085317460317459
Tox21,fedavg_proto,0.5,1,36,200,16,16,0.1,test,client_2,1,33,646,679,True,0.9105450792757295
Tox21,fedavg_proto,0.5,1,36,200,16,16,0.1,test,client_2,2,77,572,649,True,0.8410226137498865
Tox21,fedavg_proto,0.5,1,36,200,16,16,0.1,test,client_2,3,38,538,576,True,0.7602475053805517
Tox21,fedavg_proto,0.5,1,36,200,16,16,0.1,test,client_2,4,80,531,611,True,0.7130649717514124
Tox21,fedavg_proto,0.5,1,36,200,16,16,0.1,test,client_2,5,34,647,681,True,0.8101645604145832
Tox21,fedavg_proto,0.5,1,36,200,16,16,0.1,test,client_2,6,21,617,638,True,0.7000848961951068
Tox21,fedavg_proto,0.5,1,36,200,16,16,0.1,test,client_2,7,95,494,589,True,0.784892392925634
Tox21,fedavg_proto,0.5,1,36,200,16,16,0.1,test,client_2,8,32,670,702,True,0.7751865671641791
Tox21,fedavg_proto,0.5,1,36,200,16,16,0.1,test,client_2,9,36,621,657,True,0.6592860976918948
Tox21,fedavg_proto,0.5,1,36,200,16,16,0.1,test,client_2,10,93,485,578,True,0.837312936481543
Tox21,fedavg_proto,0.5,1,36,200,16,16,0.1,test,client_2,11,48,624,672,True,0.7650574252136753
Tox21,fedavg_proto,0.5,1,36,200,16,16,0.1,test,client_3,0,32,693,725,True,0.8005501443001442
Tox21,fedavg_proto,0.5,1,36,200,16,16,0.1,test,client_3,1,33,646,679,True,0.8931888544891642
Tox21,fedavg_proto,0.5,1,36,200,16,16,0.1,test,client_3,2,77,572,649,True,0.8222232313141404
Tox21,fedavg_proto,0.5,1,36,200,16,16,0.1,test,client_3,3,38,538,576,True,0.8021913519859127
Tox21,fedavg_proto,0.5,1,36,200,16,16,0.1,test,client_3,4,80,531,611,True,0.7103578154425612
Tox21,fedavg_proto,0.5,1,36,200,16,16,0.1,test,client_3,5,34,647,681,True,0.8144831348304391
Tox21,fedavg_proto,0.5,1,36,200,16,16,0.1,test,client_3,6,21,617,638,True,0.6754649996141082
Tox21,fedavg_proto,0.5,1,36,200,16,16,0.1,test,client_3,7,95,494,589,True,0.7735776688685275
Tox21,fedavg_proto,0.5,1,36,200,16,16,0.1,test,client_3,8,32,670,702,True,0.7444496268656717
Tox21,fedavg_proto,0.5,1,36,200,16,16,0.1,test,client_3,9,36,621,657,True,0.6620594023975666
Tox21,fedavg_proto,0.5,1,36,200,16,16,0.1,test,client_3,10,93,485,578,True,0.8580201751468796
Tox21,fedavg_proto,0.5,1,36,200,16,16,0.1,test,client_3,11,48,624,672,True,0.7560763888888888
Tox21,fedavg_proto,0.5,1,37,200,16,16,0.1,val,server,0,31,696,727,True,0.8116889136077122
Tox21,fedavg_proto,0.5,1,37,200,16,16,0.1,val,server,1,23,652,675,True,0.8104161109629234
Tox21,fedavg_proto,0.5,1,37,200,16,16,0.1,val,server,2,74,567,641,True,0.8357643357643358
Tox21,fedavg_proto,0.5,1,37,200,16,16,0.1,val,server,3,19,546,565,True,0.8394062078272604
Tox21,fedavg_proto,0.5,1,37,200,16,16,0.1,val,server,4,82,541,623,True,0.7041386772462919
Tox21,fedavg_proto,0.5,1,37,200,16,16,0.1,val,server,5,30,657,687,True,0.7991882293252156
Tox21,fedavg_proto,0.5,1,37,200,16,16,0.1,val,server,6,21,612,633,True,0.6724245253657017
Tox21,fedavg_proto,0.5,1,37,200,16,16,0.1,val,server,7,96,492,588,True,0.7361746273712737
Tox21,fedavg_proto,0.5,1,37,200,16,16,0.1,val,server,8,30,677,707,True,0.7824224519940916
Tox21,fedavg_proto,0.5,1,37,200,16,16,0.1,val,server,9,45,603,648,True,0.639285056200479
Tox21,fedavg_proto,0.5,1,37,200,16,16,0.1,val,server,10,92,495,587,True,0.9032279314888011
Tox21,fedavg_proto,0.5,1,37,200,16,16,0.1,val,server,11,42,636,678,True,0.8032345013477089
Tox21,fedavg_proto,0.5,1,37,200,16,16,0.1,val,client_0,0,31,696,727,True,0.7732665925101965
Tox21,fedavg_proto,0.5,1,37,200,16,16,0.1,val,client_0,1,23,652,675,True,0.780541477727394
Tox21,fedavg_proto,0.5,1,37,200,16,16,0.1,val,client_0,2,74,567,641,True,0.8238476571809905
Tox21,fedavg_proto,0.5,1,37,200,16,16,0.1,val,client_0,3,19,546,565,True,0.8254289570079043
Tox21,fedavg_proto,0.5,1,37,200,16,16,0.1,val,client_0,4,82,541,623,True,0.6895090392678418
Tox21,fedavg_proto,0.5,1,37,200,16,16,0.1,val,client_0,5,30,657,687,True,0.7881278538812786
Tox21,fedavg_proto,0.5,1,37,200,16,16,0.1,val,client_0,6,21,612,633,True,0.643401805166511
Tox21,fedavg_proto,0.5,1,37,200,16,16,0.1,val,client_0,7,96,492,588,True,0.7396891937669378
Tox21,fedavg_proto,0.5,1,37,200,16,16,0.1,val,client_0,8,30,677,707,True,0.7806006893156081
Tox21,fedavg_proto,0.5,1,37,200,16,16,0.1,val,client_0,9,45,603,648,True,0.6487193661323015
Tox21,fedavg_proto,0.5,1,37,200,16,16,0.1,val,client_0,10,92,495,587,True,0.8752305665349144
Tox21,fedavg_proto,0.5,1,37,200,16,16,0.1,val,client_0,11,42,636,678,True,0.8053683737646001
Tox21,fedavg_proto,0.5,1,37,200,16,16,0.1,val,client_1,0,31,696,727,True,0.8266129032258065
Tox21,fedavg_proto,0.5,1,37,200,16,16,0.1,val,client_1,1,23,652,675,True,0.8066817818084823
Tox21,fedavg_proto,0.5,1,37,200,16,16,0.1,val,client_1,2,74,567,641,True,0.8285666618999953
Tox21,fedavg_proto,0.5,1,37,200,16,16,0.1,val,client_1,3,19,546,565,True,0.7553499132446501
Tox21,fedavg_proto,0.5,1,37,200,16,16,0.1,val,client_1,4,82,541,623,True,0.7016139939587936
Tox21,fedavg_proto,0.5,1,37,200,16,16,0.1,val,client_1,5,30,657,687,True,0.7946727549467275
Tox21,fedavg_proto,0.5,1,37,200,16,16,0.1,val,client_1,6,21,612,633,True,0.6683784624961095
Tox21,fedavg_proto,0.5,1,37,200,16,16,0.1,val,client_1,7,96,492,588,True,0.7255462398373984
Tox21,fedavg_proto,0.5,1,37,200,16,16,0.1,val,client_1,8,30,677,707,True,0.7847858197932053
Tox21,fedavg_proto,0.5,1,37,200,16,16,0.1,val,client_1,9,45,603,648,True,0.6372950064492353
Tox21,fedavg_proto,0.5,1,37,200,16,16,0.1,val,client_1,10,92,495,587,True,0.8968379446640317
Tox21,fedavg_proto,0.5,1,37,200,16,16,0.1,val,client_1,11,42,636,678,True,0.7912548667265649
Tox21,fedavg_proto,0.5,1,37,200,16,16,0.1,val,client_2,0,31,696,727,True,0.8150723025583982
Tox21,fedavg_proto,0.5,1,37,200,16,16,0.1,val,client_2,1,23,652,675,True,0.8285542811416378
Tox21,fedavg_proto,0.5,1,37,200,16,16,0.1,val,client_2,2,74,567,641,True,0.8348586681920016
Tox21,fedavg_proto,0.5,1,37,200,16,16,0.1,val,client_2,3,19,546,565,True,0.816657027183343
Tox21,fedavg_proto,0.5,1,37,200,16,16,0.1,val,client_2,4,82,541,623,True,0.6997430233082367
Tox21,fedavg_proto,0.5,1,37,200,16,16,0.1,val,client_2,5,30,657,687,True,0.8073059360730593
Tox21,fedavg_proto,0.5,1,37,200,16,16,0.1,val,client_2,6,21,612,633,True,0.7089169000933707
Tox21,fedavg_proto,0.5,1,37,200,16,16,0.1,val,client_2,7,96,492,588,True,0.73388804200542
Tox21,fedavg_proto,0.5,1,37,200,16,16,0.1,val,client_2,8,30,677,707,True,0.7839487936976859
Tox21,fedavg_proto,0.5,1,37,200,16,16,0.1,val,client_2,9,45,603,648,True,0.6379583563663165
Tox21,fedavg_proto,0.5,1,37,200,16,16,0.1,val,client_2,10,92,495,587,True,0.887659200702679
Tox21,fedavg_proto,0.5,1,37,200,16,16,0.1,val,client_2,11,42,636,678,True,0.8012878107217729
Tox21,fedavg_proto,0.5,1,37,200,16,16,0.1,val,client_3,0,31,696,727,True,0.8175750834260289
Tox21,fedavg_proto,0.5,1,37,200,16,16,0.1,val,client_3,1,23,652,675,True,0.8126166977860763
Tox21,fedavg_proto,0.5,1,37,200,16,16,0.1,val,client_3,2,74,567,641,True,0.8445826779160113
Tox21,fedavg_proto,0.5,1,37,200,16,16,0.1,val,client_3,3,19,546,565,True,0.8452862926547137
Tox21,fedavg_proto,0.5,1,37,200,16,16,0.1,val,client_3,4,82,541,623,True,0.7064830260132546
Tox21,fedavg_proto,0.5,1,37,200,16,16,0.1,val,client_3,5,30,657,687,True,0.7874682902080163
Tox21,fedavg_proto,0.5,1,37,200,16,16,0.1,val,client_3,6,21,612,633,True,0.6296296296296297
Tox21,fedavg_proto,0.5,1,37,200,16,16,0.1,val,client_3,7,96,492,588,True,0.7140286246612466
Tox21,fedavg_proto,0.5,1,37,200,16,16,0.1,val,client_3,8,30,677,707,True,0.7634170359428852
Tox21,fedavg_proto,0.5,1,37,200,16,16,0.1,val,client_3,9,45,603,648,True,0.6186106504514465
Tox21,fedavg_proto,0.5,1,37,200,16,16,0.1,val,client_3,10,92,495,587,True,0.8928194993412384
Tox21,fedavg_proto,0.5,1,37,200,16,16,0.1,val,client_3,11,42,636,678,True,0.782345013477089
Tox21,fedavg_proto,0.5,1,37,200,16,16,0.1,test,server,0,32,693,725,True,0.8038870851370852
Tox21,fedavg_proto,0.5,1,37,200,16,16,0.1,test,server,1,33,646,679,True,0.9053851205553991
Tox21,fedavg_proto,0.5,1,37,200,16,16,0.1,test,server,2,77,572,649,True,0.8385251112523839
Tox21,fedavg_proto,0.5,1,37,200,16,16,0.1,test,server,3,38,538,576,True,0.7899628252788103
Tox21,fedavg_proto,0.5,1,37,200,16,16,0.1,test,server,4,80,531,611,True,0.7047080979284369
Tox21,fedavg_proto,0.5,1,37,200,16,16,0.1,test,server,5,34,647,681,True,0.8128011637421584
Tox21,fedavg_proto,0.5,1,37,200,16,16,0.1,test,server,6,21,617,638,True,0.688199428880142
Tox21,fedavg_proto,0.5,1,37,200,16,16,0.1,test,server,7,95,494,589,True,0.7962071169827404
Tox21,fedavg_proto,0.5,1,37,200,16,16,0.1,test,server,8,32,670,702,True,0.7769123134328358
Tox21,fedavg_proto,0.5,1,37,200,16,16,0.1,test,server,9,36,621,657,True,0.6788781535158347
Tox21,fedavg_proto,0.5,1,37,200,16,16,0.1,test,server,10,93,485,578,True,0.8601263717991353
Tox21,fedavg_proto,0.5,1,37,200,16,16,0.1,test,server,11,48,624,672,True,0.7665264423076923
Tox21,fedavg_proto,0.5,1,37,200,16,16,0.1,test,client_0,0,32,693,725,True,0.7841810966810967
Tox21,fedavg_proto,0.5,1,37,200,16,16,0.1,test,client_0,1,33,646,679,True,0.8714232104324984
Tox21,fedavg_proto,0.5,1,37,200,16,16,0.1,test,client_0,2,77,572,649,True,0.8436790482245028
Tox21,fedavg_proto,0.5,1,37,200,16,16,0.1,test,client_0,3,38,538,576,True,0.7861964390530228
Tox21,fedavg_proto,0.5,1,37,200,16,16,0.1,test,client_0,4,80,531,611,True,0.6814971751412429
Tox21,fedavg_proto,0.5,1,37,200,16,16,0.1,test,client_0,5,34,647,681,True,0.7787071551959269
Tox21,fedavg_proto,0.5,1,37,200,16,16,0.1,test,client_0,6,21,617,638,True,0.6428957320367369
Tox21,fedavg_proto,0.5,1,37,200,16,16,0.1,test,client_0,7,95,494,589,True,0.7903473258043896
Tox21,fedavg_proto,0.5,1,37,200,16,16,0.1,test,client_0,8,32,670,702,True,0.7790111940298508
Tox21,fedavg_proto,0.5,1,37,200,16,16,0.1,test,client_0,9,36,621,657,True,0.6755680801574522
Tox21,fedavg_proto,0.5,1,37,200,16,16,0.1,test,client_0,10,93,485,578,True,0.8460037689834831
Tox21,fedavg_proto,0.5,1,37,200,16,16,0.1,test,client_0,11,48,624,672,True,0.7537393162393162
Tox21,fedavg_proto,0.5,1,37,200,16,16,0.1,test,client_1,0,32,693,725,True,0.8153860028860029
Tox21,fedavg_proto,0.5,1,37,200,16,16,0.1,test,client_1,1,33,646,679,True,0.9037433155080214
Tox21,fedavg_proto,0.5,1,37,200,16,16,0.1,test,client_1,2,77,572,649,True,0.8332576514394696
Tox21,fedavg_proto,0.5,1,37,200,16,16,0.1,test,client_1,3,38,538,576,True,0.7761201330463705
Tox21,fedavg_proto,0.5,1,37,200,16,16,0.1,test,client_1,4,80,531,611,True,0.7064736346516006
Tox21,fedavg_proto,0.5,1,37,200,16,16,0.1,test,client_1,5,34,647,681,True,0.8164378579870897
Tox21,fedavg_proto,0.5,1,37,200,16,16,0.1,test,client_1,6,21,617,638,True,0.679941344447017
Tox21,fedavg_proto,0.5,1,37,200,16,16,0.1,test,client_1,7,95,494,589,True,0.7817387598551033
Tox21,fedavg_proto,0.5,1,37,200,16,16,0.1,test,client_1,8,32,670,702,True,0.771641791044776
Tox21,fedavg_proto,0.5,1,37,200,16,16,0.1,test,client_1,9,36,621,657,True,0.6748523886205045
Tox21,fedavg_proto,0.5,1,37,200,16,16,0.1,test,client_1,10,93,485,578,True,0.8535639064405277
Tox21,fedavg_proto,0.5,1,37,200,16,16,0.1,test,client_1,11,48,624,672,True,0.7634882478632479
Tox21,fedavg_proto,0.5,1,37,200,16,16,0.1,test,client_2,0,32,693,725,True,0.8075847763347763
Tox21,fedavg_proto,0.5,1,37,200,16,16,0.1,test,client_2,1,33,646,679,True,0.9057134815648747
Tox21,fedavg_proto,0.5,1,37,200,16,16,0.1,test,client_2,2,77,572,649,True,0.838752156933975
Tox21,fedavg_proto,0.5,1,37,200,16,16,0.1,test,client_2,3,38,538,576,True,0.7613969868910194
Tox21,fedavg_proto,0.5,1,37,200,16,16,0.1,test,client_2,4,80,531,611,True,0.7048728813559322
Tox21,fedavg_proto,0.5,1,37,200,16,16,0.1,test,client_2,5,34,647,681,True,0.8007546140558232
Tox21,fedavg_proto,0.5,1,37,200,16,16,0.1,test,client_2,6,21,617,638,True,0.7143628926449024
Tox21,fedavg_proto,0.5,1,37,200,16,16,0.1,test,client_2,7,95,494,589,True,0.7945876837843597
Tox21,fedavg_proto,0.5,1,37,200,16,16,0.1,test,client_2,8,32,670,702,True,0.7881529850746269
Tox21,fedavg_proto,0.5,1,37,200,16,16,0.1,test,client_2,9,36,621,657,True,0.6776256933261764
Tox21,fedavg_proto,0.5,1,37,200,16,16,0.1,test,client_2,10,93,485,578,True,0.8391974282230351
Tox21,fedavg_proto,0.5,1,37,200,16,16,0.1,test,client_2,11,48,624,672,True,0.7740384615384615
Tox21,fedavg_proto,0.5,1,37,200,16,16,0.1,test,client_3,0,32,693,725,True,0.8034812409812411
Tox21,fedavg_proto,0.5,1,37,200,16,16,0.1,test,client_3,1,33,646,679,True,0.8915939581574257
Tox21,fedavg_proto,0.5,1,37,200,16,16,0.1,test,client_3,2,77,572,649,True,0.8183407501589319
Tox21,fedavg_proto,0.5,1,37,200,16,16,0.1,test,client_3,3,38,538,576,True,0.7979847387986696
Tox21,fedavg_proto,0.5,1,37,200,16,16,0.1,test,client_3,4,80,531,611,True,0.7003295668549907
Tox21,fedavg_proto,0.5,1,37,200,16,16,0.1,test,client_3,5,34,647,681,True,0.8031184653150287
Tox21,fedavg_proto,0.5,1,37,200,16,16,0.1,test,client_3,6,21,617,638,True,0.6894342826271513
Tox21,fedavg_proto,0.5,1,37,200,16,16,0.1,test,client_3,7,95,494,589,True,0.7718943106754742
Tox21,fedavg_proto,0.5,1,37,200,16,16,0.1,test,client_3,8,32,670,702,True,0.7480410447761194
Tox21,fedavg_proto,0.5,1,37,200,16,16,0.1,test,client_3,9,36,621,657,True,0.6657273215244229
Tox21,fedavg_proto,0.5,1,37,200,16,16,0.1,test,client_3,10,93,485,578,True,0.8528101097439308
Tox21,fedavg_proto,0.5,1,37,200,16,16,0.1,test,client_3,11,48,624,672,True,0.7598157051282051
Tox21,fedavg_proto,0.5,1,38,200,16,16,0.1,val,server,0,31,696,727,True,0.8144234334445679
Tox21,fedavg_proto,0.5,1,38,200,16,16,0.1,val,server,1,23,652,675,True,0.8114163777007202
Tox21,fedavg_proto,0.5,1,38,200,16,16,0.1,val,server,2,74,567,641,True,0.8374326707660041
Tox21,fedavg_proto,0.5,1,38,200,16,16,0.1,val,server,3,19,546,565,True,0.8438403701561595
Tox21,fedavg_proto,0.5,1,38,200,16,16,0.1,val,server,4,82,541,623,True,0.710675803615707
Tox21,fedavg_proto,0.5,1,38,200,16,16,0.1,val,server,5,30,657,687,True,0.802181633688483
Tox21,fedavg_proto,0.5,1,38,200,16,16,0.1,val,server,6,21,612,633,True,0.6625427948957361
Tox21,fedavg_proto,0.5,1,38,200,16,16,0.1,val,server,7,96,492,588,True,0.7373602642276423
Tox21,fedavg_proto,0.5,1,38,200,16,16,0.1,val,server,8,30,677,707,True,0.7787789266371246
Tox21,fedavg_proto,0.5,1,38,200,16,16,0.1,val,server,9,45,603,648,True,0.6352312511516491
Tox21,fedavg_proto,0.5,1,38,200,16,16,0.1,val,server,10,92,495,587,True,0.9035573122529643
Tox21,fedavg_proto,0.5,1,38,200,16,16,0.1,val,server,11,42,636,678,True,0.7973944294699011
Tox21,fedavg_proto,0.5,1,38,200,16,16,0.1,val,client_0,0,31,696,727,True,0.7875880608083055
Tox21,fedavg_proto,0.5,1,38,200,16,16,0.1,val,client_0,1,23,652,675,True,0.7928781008268871
Tox21,fedavg_proto,0.5,1,38,200,16,16,0.1,val,client_0,2,74,567,641,True,0.8225129891796559
Tox21,fedavg_proto,0.5,1,38,200,16,16,0.1,val,client_0,3,19,546,565,True,0.8499132446500868
Tox21,fedavg_proto,0.5,1,38,200,16,16,0.1,val,client_0,4,82,541,623,True,0.7033271719038816
Tox21,fedavg_proto,0.5,1,38,200,16,16,0.1,val,client_0,5,30,657,687,True,0.7969558599695586
Tox21,fedavg_proto,0.5,1,38,200,16,16,0.1,val,client_0,6,21,612,633,True,0.6361655773420479
Tox21,fedavg_proto,0.5,1,38,200,16,16,0.1,val,client_0,7,96,492,588,True,0.744262364498645
Tox21,fedavg_proto,0.5,1,38,200,16,16,0.1,val,client_0,8,30,677,707,True,0.7675036927621861
Tox21,fedavg_proto,0.5,1,38,200,16,16,0.1,val,client_0,9,45,603,648,True,0.6517781463055095
Tox21,fedavg_proto,0.5,1,38,200,16,16,0.1,val,client_0,10,92,495,587,True,0.8750109793588055
Tox21,fedavg_proto,0.5,1,38,200,16,16,0.1,val,client_0,11,42,636,678,True,0.7930143755615453
Tox21,fedavg_proto,0.5,1,38,200,16,16,0.1,val,client_1,0,31,696,727,True,0.8243418613274008
Tox21,fedavg_proto,0.5,1,38,200,16,16,0.1,val,client_1,1,23,652,675,True,0.8079487863430248
Tox21,fedavg_proto,0.5,1,38,200,16,16,0.1,val,client_1,2,74,567,641,True,0.8288764955431621
Tox21,fedavg_proto,0.5,1,38,200,16,16,0.1,val,client_1,3,19,546,565,True,0.7634470792365529
Tox21,fedavg_proto,0.5,1,38,200,16,16,0.1,val,client_1,4,82,541,623,True,0.7035075064244173
Tox21,fedavg_proto,0.5,1,38,200,16,16,0.1,val,client_1,5,30,657,687,True,0.79583967529173
Tox21,fedavg_proto,0.5,1,38,200,16,16,0.1,val,client_1,6,21,612,633,True,0.6657329598506069
Tox21,fedavg_proto,0.5,1,38,200,16,16,0.1,val,client_1,7,96,492,588,True,0.7223704268292683
Tox21,fedavg_proto,0.5,1,38,200,16,16,0.1,val,client_1,8,30,677,707,True,0.7837026095519449
Tox21,fedavg_proto,0.5,1,38,200,16,16,0.1,val,client_1,9,45,603,648,True,0.6372213009028929
Tox21,fedavg_proto,0.5,1,38,200,16,16,0.1,val,client_1,10,92,495,587,True,0.8978260869565218
Tox21,fedavg_proto,0.5,1,38,200,16,16,0.1,val,client_1,11,42,636,678,True,0.7892707397424378
Tox21,fedavg_proto,0.5,1,38,200,16,16,0.1,val,client_2,0,31,696,727,True,0.8230904708935854
Tox21,fedavg_proto,0.5,1,38,200,16,16,0.1,val,client_2,1,23,652,675,True,0.8305548146172312
Tox21,fedavg_proto,0.5,1,38,200,16,16,0.1,val,client_2,2,74,567,641,True,0.842604509271176
Tox21,fedavg_proto,0.5,1,38,200,16,16,0.1,val,client_2,3,19,546,565,True,0.8214767688451899
Tox21,fedavg_proto,0.5,1,38,200,16,16,0.1,val,client_2,4,82,541,623,True,0.7091204183760877
Tox21,fedavg_proto,0.5,1,38,200,16,16,0.1,val,client_2,5,30,657,687,True,0.8161339421613395
Tox21,fedavg_proto,0.5,1,38,200,16,16,0.1,val,client_2,6,21,612,633,True,0.6947556800497977
Tox21,fedavg_proto,0.5,1,38,200,16,16,0.1,val,client_2,7,96,492,588,True,0.7383765243902438
Tox21,fedavg_proto,0.5,1,38,200,16,16,0.1,val,client_2,8,30,677,707,True,0.7843426883308715
Tox21,fedavg_proto,0.5,1,38,200,16,16,0.1,val,client_2,9,45,603,648,True,0.635820895522388
Tox21,fedavg_proto,0.5,1,38,200,16,16,0.1,val,client_2,10,92,495,587,True,0.8809837505489678
Tox21,fedavg_proto,0.5,1,38,200,16,16,0.1,val,client_2,11,42,636,678,True,0.7957097933513028
Tox21,fedavg_proto,0.5,1,38,200,16,16,0.1,val,client_3,0,31,696,727,True,0.8031145717463848
Tox21,fedavg_proto,0.5,1,38,200,16,16,0.1,val,client_3,1,23,652,675,True,0.7970792211256335
Tox21,fedavg_proto,0.5,1,38,200,16,16,0.1,val,client_3,2,74,567,641,True,0.8359311692645026
Tox21,fedavg_proto,0.5,1,38,200,16,16,0.1,val,client_3,3,19,546,565,True,0.8333333333333333
Tox21,fedavg_proto,0.5,1,38,200,16,16,0.1,val,client_3,4,82,541,623,True,0.7007574049862495
Tox21,fedavg_proto,0.5,1,38,200,16,16,0.1,val,client_3,5,30,657,687,True,0.7813292744799594
Tox21,fedavg_proto,0.5,1,38,200,16,16,0.1,val,client_3,6,21,612,633,True,0.640911920323685
Tox21,fedavg_proto,0.5,1,38,200,16,16,0.1,val,client_3,7,96,492,588,True,0.7092860772357723
Tox21,fedavg_proto,0.5,1,38,200,16,16,0.1,val,client_3,8,30,677,707,True,0.7612998522895125
Tox21,fedavg_proto,0.5,1,38,200,16,16,0.1,val,client_3,9,45,603,648,True,0.6051962410171365
Tox21,fedavg_proto,0.5,1,38,200,16,16,0.1,val,client_3,10,92,495,587,True,0.8988581466842338
Tox21,fedavg_proto,0.5,1,38,200,16,16,0.1,val,client_3,11,42,636,678,True,0.7815962863132675
Tox21,fedavg_proto,0.5,1,38,200,16,16,0.1,test,server,0,32,693,725,True,0.8083513708513708
Tox21,fedavg_proto,0.5,1,38,200,16,16,0.1,test,server,1,33,646,679,True,0.9049629421146449
Tox21,fedavg_proto,0.5,1,38,200,16,16,0.1,test,server,2,77,572,649,True,0.8424984106802289
Tox21,fedavg_proto,0.5,1,38,200,16,16,0.1,test,server,3,38,538,576,True,0.7893758559968694
Tox21,fedavg_proto,0.5,1,38,200,16,16,0.1,test,server,4,80,531,611,True,0.7102401129943503
Tox21,fedavg_proto,0.5,1,38,200,16,16,0.1,test,server,5,34,647,681,True,0.810937357941631
Tox21,fedavg_proto,0.5,1,38,200,16,16,0.1,test,server,6,21,617,638,True,0.6742301458670988
Tox21,fedavg_proto,0.5,1,38,200,16,16,0.1,test,server,7,95,494,589,True,0.7936714255273813
Tox21,fedavg_proto,0.5,1,38,200,16,16,0.1,test,server,8,32,670,702,True,0.773554104477612
Tox21,fedavg_proto,0.5,1,38,200,16,16,0.1,test,server,9,36,621,657,True,0.6732420826623725
Tox21,fedavg_proto,0.5,1,38,200,16,16,0.1,test,server,10,93,485,578,True,0.8579314931825741
Tox21,fedavg_proto,0.5,1,38,200,16,16,0.1,test,server,11,48,624,672,True,0.7616519764957266
Tox21,fedavg_proto,0.5,1,38,200,16,16,0.1,test,client_0,0,32,693,725,True,0.7929743867243867
Tox21,fedavg_proto,0.5,1,38,200,16,16,0.1,test,client_0,1,33,646,679,True,0.8942208462332302
Tox21,fedavg_proto,0.5,1,38,200,16,16,0.1,test,client_0,2,77,572,649,True,0.8434747071110708
Tox21,fedavg_proto,0.5,1,38,200,16,16,0.1,test,client_0,3,38,538,576,True,0.7918704754451185
Tox21,fedavg_proto,0.5,1,38,200,16,16,0.1,test,client_0,4,80,531,611,True,0.6950800376647834
Tox21,fedavg_proto,0.5,1,38,200,16,16,0.1,test,client_0,5,34,647,681,True,0.7828438948995363
Tox21,fedavg_proto,0.5,1,38,200,16,16,0.1,test,client_0,6,21,617,638,True,0.6229837153662112
Tox21,fedavg_proto,0.5,1,38,200,16,16,0.1,test,client_0,7,95,494,589,True,0.7911357340720222
Tox21,fedavg_proto,0.5,1,38,200,16,16,0.1,test,client_0,8,32,670,702,True,0.7704757462686568
Tox21,fedavg_proto,0.5,1,38,200,16,16,0.1,test,client_0,9,36,621,657,True,0.6736446591519055
Tox21,fedavg_proto,0.5,1,38,200,16,16,0.1,test,client_0,10,93,485,578,True,0.8315264383106086
Tox21,fedavg_proto,0.5,1,38,200,16,16,0.1,test,client_0,11,48,624,672,True,0.7571113782051282
Tox21,fedavg_proto,0.5,1,38,200,16,16,0.1,test,client_1,0,32,693,725,True,0.8104256854256855
Tox21,fedavg_proto,0.5,1,38,200,16,16,0.1,test,client_1,1,33,646,679,True,0.9043062200956938
Tox21,fedavg_proto,0.5,1,38,200,16,16,0.1,test,client_1,2,77,572,649,True,0.8377304513668149
Tox21,fedavg_proto,0.5,1,38,200,16,16,0.1,test,client_1,3,38,538,576,True,0.7719135198591273
Tox21,fedavg_proto,0.5,1,38,200,16,16,0.1,test,client_1,4,80,531,611,True,0.7093926553672317
Tox21,fedavg_proto,0.5,1,38,200,16,16,0.1,test,client_1,5,34,647,681,True,0.8224838621692881
Tox21,fedavg_proto,0.5,1,38,200,16,16,0.1,test,client_1,6,21,617,638,True,0.6873504669290731
Tox21,fedavg_proto,0.5,1,38,200,16,16,0.1,test,client_1,7,95,494,589,True,0.7769017685915193
Tox21,fedavg_proto,0.5,1,38,200,16,16,0.1,test,client_1,8,32,670,702,True,0.7753264925373134
Tox21,fedavg_proto,0.5,1,38,200,16,16,0.1,test,client_1,9,36,621,657,True,0.6739130434782609
Tox21,fedavg_proto,0.5,1,38,200,16,16,0.1,test,client_1,10,93,485,578,True,0.8599490078705243
Tox21,fedavg_proto,0.5,1,38,200,16,16,0.1,test,client_1,11,48,624,672,True,0.7621861645299144
Tox21,fedavg_proto,0.5,1,38,200,16,16,0.1,test,client_2,0,32,693,725,True,0.8135371572871574
Tox21,fedavg_proto,0.5,1,38,200,16,16,0.1,test,client_2,1,33,646,679,True,0.9010226100009382
Tox21,fedavg_proto,0.5,1,38,200,16,16,0.1,test,client_2,2,77,572,649,True,0.8364589955499045
Tox21,fedavg_proto,0.5,1,38,200,16,16,0.1,test,client_2,3,38,538,576,True,0.7518587360594795
Tox21,fedavg_proto,0.5,1,38,200,16,16,0.1,test,client_2,4,80,531,611,True,0.7096751412429377
Tox21,fedavg_proto,0.5,1,38,200,16,16,0.1,test,client_2,5,34,647,681,True,0.7950268206200564
Tox21,fedavg_proto,0.5,1,38,200,16,16,0.1,test,client_2,6,21,617,638,True,0.7034807439993825
Tox21,fedavg_proto,0.5,1,38,200,16,16,0.1,test,client_2,7,95,494,589,True,0.7873428510547625
Tox21,fedavg_proto,0.5,1,38,200,16,16,0.1,test,client_2,8,32,670,702,True,0.781856343283582
Tox21,fedavg_proto,0.5,1,38,200,16,16,0.1,test,client_2,9,36,621,657,True,0.660538557881553
Tox21,fedavg_proto,0.5,1,38,200,16,16,0.1,test,client_2,10,93,485,578,True,0.8330118612127259
Tox21,fedavg_proto,0.5,1,38,200,16,16,0.1,test,client_2,11,48,624,672,True,0.7572115384615384
Tox21,fedavg_proto,0.5,1,38,200,16,16,0.1,test,client_3,0,32,693,725,True,0.8054202741702742
Tox21,fedavg_proto,0.5,1,38,200,16,16,0.1,test,client_3,1,33,646,679,True,0.8841354723707664
Tox21,fedavg_proto,0.5,1,38,200,16,16,0.1,test,client_3,2,77,572,649,True,0.8282853510126237
Tox21,fedavg_proto,0.5,1,38,200,16,16,0.1,test,client_3,3,38,538,576,True,0.7934846409704559
Tox21,fedavg_proto,0.5,1,38,200,16,16,0.1,test,client_3,4,80,531,611,True,0.7003060263653483
Tox21,fedavg_proto,0.5,1,38,200,16,16,0.1,test,client_3,5,34,647,681,True,0.8008455314119466
Tox21,fedavg_proto,0.5,1,38,200,16,16,0.1,test,client_3,6,21,617,638,True,0.68827660723933
Tox21,fedavg_proto,0.5,1,38,200,16,16,0.1,test,client_3,7,95,494,589,True,0.776326443639463
Tox21,fedavg_proto,0.5,1,38,200,16,16,0.1,test,client_3,8,32,670,702,True,0.7395055970149254
Tox21,fedavg_proto,0.5,1,38,200,16,16,0.1,test,client_3,9,36,621,657,True,0.6654589371980676
Tox21,fedavg_proto,0.5,1,38,200,16,16,0.1,test,client_3,10,93,485,578,True,0.8532978605476111
Tox21,fedavg_proto,0.5,1,38,200,16,16,0.1,test,client_3,11,48,624,672,True,0.756343482905983
Tox21,fedavg_proto,0.5,1,39,200,16,16,0.1,val,server,0,31,696,727,True,0.8155821282906933
Tox21,fedavg_proto,0.5,1,39,200,16,16,0.1,val,server,1,23,652,675,True,0.8137503334222459
Tox21,fedavg_proto,0.5,1,39,200,16,16,0.1,val,server,2,74,567,641,True,0.8368368368368369
Tox21,fedavg_proto,0.5,1,39,200,16,16,0.1,val,server,3,19,546,565,True,0.8467322151532677
Tox21,fedavg_proto,0.5,1,39,200,16,16,0.1,val,server,4,82,541,623,True,0.7100220909787656
Tox21,fedavg_proto,0.5,1,39,200,16,16,0.1,val,server,5,30,657,687,True,0.8048198883815323
Tox21,fedavg_proto,0.5,1,39,200,16,16,0.1,val,server,6,21,612,633,True,0.6672113289760349
Tox21,fedavg_proto,0.5,1,39,200,16,16,0.1,val,server,7,96,492,588,True,0.7385035569105692
Tox21,fedavg_proto,0.5,1,39,200,16,16,0.1,val,server,8,30,677,707,True,0.7838503200393895
Tox21,fedavg_proto,0.5,1,39,200,16,16,0.1,val,server,9,45,603,648,True,0.63681592039801
Tox21,fedavg_proto,0.5,1,39,200,16,16,0.1,val,server,10,92,495,587,True,0.9037549407114626
Tox21,fedavg_proto,0.5,1,39,200,16,16,0.1,val,server,11,42,636,678,True,0.7992288110212638
Tox21,fedavg_proto,0.5,1,39,200,16,16,0.1,val,client_0,0,31,696,727,True,0.7817018909899889
Tox21,fedavg_proto,0.5,1,39,200,16,16,0.1,val,client_0,1,23,652,675,True,0.7922779407842092
Tox21,fedavg_proto,0.5,1,39,200,16,16,0.1,val,client_0,2,74,567,641,True,0.8240621573954907
Tox21,fedavg_proto,0.5,1,39,200,16,16,0.1,val,client_0,3,19,546,565,True,0.8551185656448814
Tox21,fedavg_proto,0.5,1,39,200,16,16,0.1,val,client_0,4,82,541,623,True,0.7076326585816689
Tox21,fedavg_proto,0.5,1,39,200,16,16,0.1,val,client_0,5,30,657,687,True,0.7980720446473871
Tox21,fedavg_proto,0.5,1,39,200,16,16,0.1,val,client_0,6,21,612,633,True,0.637177093059446
Tox21,fedavg_proto,0.5,1,39,200,16,16,0.1,val,client_0,7,96,492,588,True,0.7413406165311652
Tox21,fedavg_proto,0.5,1,39,200,16,16,0.1,val,client_0,8,30,677,707,True,0.7741014278680453
Tox21,fedavg_proto,0.5,1,39,200,16,16,0.1,val,client_0,9,45,603,648,True,0.6408328726736686
Tox21,fedavg_proto,0.5,1,39,200,16,16,0.1,val,client_0,10,92,495,587,True,0.8788537549407115
Tox21,fedavg_proto,0.5,1,39,200,16,16,0.1,val,client_0,11,42,636,678,True,0.7896451033243486
Tox21,fedavg_proto,0.5,1,39,200,16,16,0.1,val,client_1,0,31,696,727,True,0.828976640711902
Tox21,fedavg_proto,0.5,1,39,200,16,16,0.1,val,client_1,1,23,652,675,True,0.8108829021072287
Tox21,fedavg_proto,0.5,1,39,200,16,16,0.1,val,client_1,2,74,567,641,True,0.827041327041327
Tox21,fedavg_proto,0.5,1,39,200,16,16,0.1,val,client_1,3,19,546,565,True,0.7527472527472527
Tox21,fedavg_proto,0.5,1,39,200,16,16,0.1,val,client_1,4,82,541,623,True,0.7025156665614715
Tox21,fedavg_proto,0.5,1,39,200,16,16,0.1,val,client_1,5,30,657,687,True,0.8029426686960934
Tox21,fedavg_proto,0.5,1,39,200,16,16,0.1,val,client_1,6,21,612,633,True,0.6705571117335822
Tox21,fedavg_proto,0.5,1,39,200,16,16,0.1,val,client_1,7,96,492,588,True,0.7258849932249323
Tox21,fedavg_proto,0.5,1,39,200,16,16,0.1,val,client_1,8,30,677,707,True,0.7955194485475136
Tox21,fedavg_proto,0.5,1,39,200,16,16,0.1,val,client_1,9,45,603,648,True,0.640906578220011
Tox21,fedavg_proto,0.5,1,39,200,16,16,0.1,val,client_1,10,92,495,587,True,0.8958278436539306
Tox21,fedavg_proto,0.5,1,39,200,16,16,0.1,val,client_1,11,42,636,678,True,0.7946241389637616
Tox21,fedavg_proto,0.5,1,39,200,16,16,0.1,val,client_2,0,31,696,727,True,0.8190582128290693
Tox21,fedavg_proto,0.5,1,39,200,16,16,0.1,val,client_2,1,23,652,675,True,0.8329554547879434
Tox21,fedavg_proto,0.5,1,39,200,16,16,0.1,val,client_2,2,74,567,641,True,0.837051337051337
Tox21,fedavg_proto,0.5,1,39,200,16,16,0.1,val,client_2,3,19,546,565,True,0.8288991710044342
Tox21,fedavg_proto,0.5,1,39,200,16,16,0.1,val,client_2,4,82,541,623,True,0.7032370046436138
Tox21,fedavg_proto,0.5,1,39,200,16,16,0.1,val,client_2,5,30,657,687,True,0.8165905631659056
Tox21,fedavg_proto,0.5,1,39,200,16,16,0.1,val,client_2,6,21,612,633,True,0.7138188608776844
Tox21,fedavg_proto,0.5,1,39,200,16,16,0.1,val,client_2,7,96,492,588,True,0.7424203929539295
Tox21,fedavg_proto,0.5,1,39,200,16,16,0.1,val,client_2,8,30,677,707,True,0.8020187099950763
Tox21,fedavg_proto,0.5,1,39,200,16,16,0.1,val,client_2,9,45,603,648,True,0.6382531785516861
Tox21,fedavg_proto,0.5,1,39,200,16,16,0.1,val,client_2,10,92,495,587,True,0.88989898989899
Tox21,fedavg_proto,0.5,1,39,200,16,16,0.1,val,client_2,11,42,636,678,True,0.8128556454028153
Tox21,fedavg_proto,0.5,1,39,200,16,16,0.1,val,client_3,0,31,696,727,True,0.8134037819799778
Tox21,fedavg_proto,0.5,1,39,200,16,16,0.1,val,client_3,1,23,652,675,True,0.807682048546279
Tox21,fedavg_proto,0.5,1,39,200,16,16,0.1,val,client_3,2,74,567,641,True,0.8411983411983411
Tox21,fedavg_proto,0.5,1,39,200,16,16,0.1,val,client_3,3,19,546,565,True,0.8327549643339117
Tox21,fedavg_proto,0.5,1,39,200,16,16,0.1,val,client_3,4,82,541,623,True,0.7028537937874757
Tox21,fedavg_proto,0.5,1,39,200,16,16,0.1,val,client_3,5,30,657,687,True,0.7857940131912735
Tox21,fedavg_proto,0.5,1,39,200,16,16,0.1,val,client_3,6,21,612,633,True,0.6318860877684407
Tox21,fedavg_proto,0.5,1,39,200,16,16,0.1,val,client_3,7,96,492,588,True,0.7111280487804879
Tox21,fedavg_proto,0.5,1,39,200,16,16,0.1,val,client_3,8,30,677,707,True,0.7590841949778434
Tox21,fedavg_proto,0.5,1,39,200,16,16,0.1,val,client_3,9,45,603,648,True,0.6078496406854615
Tox21,fedavg_proto,0.5,1,39,200,16,16,0.1,val,client_3,10,92,495,587,True,0.8963328941589811
Tox21,fedavg_proto,0.5,1,39,200,16,16,0.1,val,client_3,11,42,636,678,True,0.7762803234501348
Tox21,fedavg_proto,0.5,1,39,200,16,16,0.1,test,server,0,32,693,725,True,0.8071338383838383
Tox21,fedavg_proto,0.5,1,39,200,16,16,0.1,test,server,1,33,646,679,True,0.9018200581668074
Tox21,fedavg_proto,0.5,1,39,200,16,16,0.1,test,server,2,77,572,649,True,0.8405004086822269
Tox21,fedavg_proto,0.5,1,39,200,16,16,0.1,test,server,3,38,538,576,True,0.7891801995695559
Tox21,fedavg_proto,0.5,1,39,200,16,16,0.1,test,server,4,80,531,611,True,0.7069209039548022
Tox21,fedavg_proto,0.5,1,39,200,16,16,0.1,test,server,5,34,647,681,True,0.8123011182834803
Tox21,fedavg_proto,0.5,1,39,200,16,16,0.1,test,server,6,21,617,638,True,0.6788608474183838
Tox21,fedavg_proto,0.5,1,39,200,16,16,0.1,test,server,7,95,494,589,True,0.7930321755806521
Tox21,fedavg_proto,0.5,1,39,200,16,16,0.1,test,server,8,32,670,702,True,0.7784048507462688
Tox21,fedavg_proto,0.5,1,39,200,16,16,0.1,test,server,9,36,621,657,True,0.6789676149579531
Tox21,fedavg_proto,0.5,1,39,200,16,16,0.1,test,server,10,93,485,578,True,0.8630750471122934
Tox21,fedavg_proto,0.5,1,39,200,16,16,0.1,test,server,11,48,624,672,True,0.7647569444444444
Tox21,fedavg_proto,0.5,1,39,200,16,16,0.1,test,client_0,0,32,693,725,True,0.7953192640692641
Tox21,fedavg_proto,0.5,1,39,200,16,16,0.1,test,client_0,1,33,646,679,True,0.8904212402664415
Tox21,fedavg_proto,0.5,1,39,200,16,16,0.1,test,client_0,2,77,572,649,True,0.8482653709926438
Tox21,fedavg_proto,0.5,1,39,200,16,16,0.1,test,client_0,3,38,538,576,True,0.7810115437292116
Tox21,fedavg_proto,0.5,1,39,200,16,16,0.1,test,client_0,4,80,531,611,True,0.6946563088512243
Tox21,fedavg_proto,0.5,1,39,200,16,16,0.1,test,client_0,5,34,647,681,True,0.7893899445404128
Tox21,fedavg_proto,0.5,1,39,200,16,16,0.1,test,client_0,6,21,617,638,True,0.6253762445010418
Tox21,fedavg_proto,0.5,1,39,200,16,16,0.1,test,client_0,7,95,494,589,True,0.7862348178137653
Tox21,fedavg_proto,0.5,1,39,200,16,16,0.1,test,client_0,8,32,670,702,True,0.7704291044776119
Tox21,fedavg_proto,0.5,1,39,200,16,16,0.1,test,client_0,9,36,621,657,True,0.6724369296833065
Tox21,fedavg_proto,0.5,1,39,200,16,16,0.1,test,client_0,10,93,485,578,True,0.8410819199645273
Tox21,fedavg_proto,0.5,1,39,200,16,16,0.1,test,client_0,11,48,624,672,True,0.7550747863247863
Tox21,fedavg_proto,0.5,1,39,200,16,16,0.1,test,client_1,0,32,693,725,True,0.8114628427128427
Tox21,fedavg_proto,0.5,1,39,200,16,16,0.1,test,client_1,1,33,646,679,True,0.9000375269725115
Tox21,fedavg_proto,0.5,1,39,200,16,16,0.1,test,client_1,2,77,572,649,True,0.8334392879847425
Tox21,fedavg_proto,0.5,1,39,200,16,16,0.1,test,client_1,3,38,538,576,True,0.7719624339659558
Tox21,fedavg_proto,0.5,1,39,200,16,16,0.1,test,client_1,4,80,531,611,True,0.7085451977401129
Tox21,fedavg_proto,0.5,1,39,200,16,16,0.1,test,client_1,5,34,647,681,True,0.8188017092462951
Tox21,fedavg_proto,0.5,1,39,200,16,16,0.1,test,client_1,6,21,617,638,True,0.6878907154433896
Tox21,fedavg_proto,0.5,1,39,200,16,16,0.1,test,client_1,7,95,494,589,True,0.7827615597698699
Tox21,fedavg_proto,0.5,1,39,200,16,16,0.1,test,client_1,8,32,670,702,True,0.7846082089552239
Tox21,fedavg_proto,0.5,1,39,200,16,16,0.1,test,client_1,9,36,621,657,True,0.6819645732689211
Tox21,fedavg_proto,0.5,1,39,200,16,16,0.1,test,client_1,10,93,485,578,True,0.8601263717991354
Tox21,fedavg_proto,0.5,1,39,200,16,16,0.1,test,client_1,11,48,624,672,True,0.7641893696581197
Tox21,fedavg_proto,0.5,1,39,200,16,16,0.1,test,client_2,0,32,693,725,True,0.8134920634920635
Tox21,fedavg_proto,0.5,1,39,200,16,16,0.1,test,client_2,1,33,646,679,True,0.897269912749789
Tox21,fedavg_proto,0.5,1,39,200,16,16,0.1,test,client_2,2,77,572,649,True,0.8378212696394515
Tox21,fedavg_proto,0.5,1,39,200,16,16,0.1,test,client_2,3,38,538,576,True,0.7609567599295636
Tox21,fedavg_proto,0.5,1,39,200,16,16,0.1,test,client_2,4,80,531,611,True,0.7052730696798493
Tox21,fedavg_proto,0.5,1,39,200,16,16,0.1,test,client_2,5,34,647,681,True,0.7905718701700154
Tox21,fedavg_proto,0.5,1,39,200,16,16,0.1,test,client_2,6,21,617,638,True,0.7090375858609245
Tox21,fedavg_proto,0.5,1,39,200,16,16,0.1,test,client_2,7,95,494,589,True,0.7916684423609631
Tox21,fedavg_proto,0.5,1,39,200,16,16,0.1,test,client_2,8,32,670,702,True,0.7924440298507462
Tox21,fedavg_proto,0.5,1,39,200,16,16,0.1,test,client_2,9,36,621,657,True,0.6719001610305959
Tox21,fedavg_proto,0.5,1,39,200,16,16,0.1,test,client_2,10,93,485,578,True,0.8386875069282784
Tox21,fedavg_proto,0.5,1,39,200,16,16,0.1,test,client_2,11,48,624,672,True,0.775307158119658
Tox21,fedavg_proto,0.5,1,39,200,16,16,0.1,test,client_3,0,32,693,725,True,0.8049693362193361
Tox21,fedavg_proto,0.5,1,39,200,16,16,0.1,test,client_3,1,33,646,679,True,0.8870438127404072
Tox21,fedavg_proto,0.5,1,39,200,16,16,0.1,test,client_3,2,77,572,649,True,0.8257197348106439
Tox21,fedavg_proto,0.5,1,39,200,16,16,0.1,test,client_3,3,38,538,576,True,0.7957836039913911
Tox21,fedavg_proto,0.5,1,39,200,16,16,0.1,test,client_3,4,80,531,611,True,0.7043079096045197
Tox21,fedavg_proto,0.5,1,39,200,16,16,0.1,test,client_3,5,34,647,681,True,0.814119465405946
Tox21,fedavg_proto,0.5,1,39,200,16,16,0.1,test,client_3,6,21,617,638,True,0.6813305549124025
Tox21,fedavg_proto,0.5,1,39,200,16,16,0.1,test,client_3,7,95,494,589,True,0.7663967611336031
Tox21,fedavg_proto,0.5,1,39,200,16,16,0.1,test,client_3,8,32,670,702,True,0.7415111940298507
Tox21,fedavg_proto,0.5,1,39,200,16,16,0.1,test,client_3,9,36,621,657,True,0.6617015566290929
Tox21,fedavg_proto,0.5,1,39,200,16,16,0.1,test,client_3,10,93,485,578,True,0.8609466799689612
Tox21,fedavg_proto,0.5,1,39,200,16,16,0.1,test,client_3,11,48,624,672,True,0.7490317841880342
Tox21,fedavg_proto,0.5,1,40,200,16,16,0.1,val,server,0,31,696,727,True,0.817482387838339
Tox21,fedavg_proto,0.5,1,40,200,16,16,0.1,val,server,1,23,652,675,True,0.8230194718591625
Tox21,fedavg_proto,0.5,1,40,200,16,16,0.1,val,server,2,74,567,641,True,0.8354545021211688
Tox21,fedavg_proto,0.5,1,40,200,16,16,0.1,val,server,3,19,546,565,True,0.8381530749951802
Tox21,fedavg_proto,0.5,1,40,200,16,16,0.1,val,server,4,82,541,623,True,0.7099093819034308
Tox21,fedavg_proto,0.5,1,40,200,16,16,0.1,val,server,5,30,657,687,True,0.8093353627600203
Tox21,fedavg_proto,0.5,1,40,200,16,16,0.1,val,server,6,21,612,633,True,0.6781045751633987
Tox21,fedavg_proto,0.5,1,40,200,16,16,0.1,val,server,7,96,492,588,True,0.7407266260162603
Tox21,fedavg_proto,0.5,1,40,200,16,16,0.1,val,server,8,30,677,707,True,0.7836041358936485
Tox21,fedavg_proto,0.5,1,40,200,16,16,0.1,val,server,9,45,603,648,True,0.636723788465082
Tox21,fedavg_proto,0.5,1,40,200,16,16,0.1,val,server,10,92,495,587,True,0.9031400966183575
Tox21,fedavg_proto,0.5,1,40,200,16,16,0.1,val,server,11,42,636,678,True,0.8036463012878107
Tox21,fedavg_proto,0.5,1,40,200,16,16,0.1,val,client_0,0,31,696,727,True,0.7888394512421208
Tox21,fedavg_proto,0.5,1,40,200,16,16,0.1,val,client_0,1,23,652,675,True,0.8034809282475327
Tox21,fedavg_proto,0.5,1,40,200,16,16,0.1,val,client_0,2,74,567,641,True,0.8274464941131607
Tox21,fedavg_proto,0.5,1,40,200,16,16,0.1,val,client_0,3,19,546,565,True,0.8472141893194525
Tox21,fedavg_proto,0.5,1,40,200,16,16,0.1,val,client_0,4,82,541,623,True,0.7031130246607455
Tox21,fedavg_proto,0.5,1,40,200,16,16,0.1,val,client_0,5,30,657,687,True,0.8086250634195841
Tox21,fedavg_proto,0.5,1,40,200,16,16,0.1,val,client_0,6,21,612,633,True,0.6496265172735761
Tox21,fedavg_proto,0.5,1,40,200,16,16,0.1,val,client_0,7,96,492,588,True,0.7508257113821137
Tox21,fedavg_proto,0.5,1,40,200,16,16,0.1,val,client_0,8,30,677,707,True,0.7843426883308715
Tox21,fedavg_proto,0.5,1,40,200,16,16,0.1,val,client_0,9,45,603,648,True,0.6443707388981021
Tox21,fedavg_proto,0.5,1,40,200,16,16,0.1,val,client_0,10,92,495,587,True,0.8776679841897232
Tox21,fedavg_proto,0.5,1,40,200,16,16,0.1,val,client_0,11,42,636,678,True,0.8068658280922432
Tox21,fedavg_proto,0.5,1,40,200,16,16,0.1,val,client_1,0,31,696,727,True,0.82146829810901
Tox21,fedavg_proto,0.5,1,40,200,16,16,0.1,val,client_1,1,23,652,675,True,0.8100160042678047
Tox21,fedavg_proto,0.5,1,40,200,16,16,0.1,val,client_1,2,74,567,641,True,0.8239906573239907
Tox21,fedavg_proto,0.5,1,40,200,16,16,0.1,val,client_1,3,19,546,565,True,0.7535184114131482
Tox21,fedavg_proto,0.5,1,40,200,16,16,0.1,val,client_1,4,82,541,623,True,0.7037780082052207
Tox21,fedavg_proto,0.5,1,40,200,16,16,0.1,val,client_1,5,30,657,687,True,0.7969558599695586
Tox21,fedavg_proto,0.5,1,40,200,16,16,0.1,val,client_1,6,21,612,633,True,0.6633208839091191
Tox21,fedavg_proto,0.5,1,40,200,16,16,0.1,val,client_1,7,96,492,588,True,0.7188558604336044
Tox21,fedavg_proto,0.5,1,40,200,16,16,0.1,val,client_1,8,30,677,707,True,0.7729689807976367
Tox21,fedavg_proto,0.5,1,40,200,16,16,0.1,val,client_1,9,45,603,648,True,0.6305878017320803
Tox21,fedavg_proto,0.5,1,40,200,16,16,0.1,val,client_1,10,92,495,587,True,0.8961352657004831
Tox21,fedavg_proto,0.5,1,40,200,16,16,0.1,val,client_1,11,42,636,678,True,0.7786388140161724
Tox21,fedavg_proto,0.5,1,40,200,16,16,0.1,val,client_2,0,31,696,727,True,0.8200778642936596
Tox21,fedavg_proto,0.5,1,40,200,16,16,0.1,val,client_2,1,23,652,675,True,0.8383568951720458
Tox21,fedavg_proto,0.5,1,40,200,16,16,0.1,val,client_2,2,74,567,641,True,0.8393393393393394
Tox21,fedavg_proto,0.5,1,40,200,16,16,0.1,val,client_2,3,19,546,565,True,0.8203200308463465
Tox21,fedavg_proto,0.5,1,40,200,16,16,0.1,val,client_2,4,82,541,623,True,0.7065055678283216
Tox21,fedavg_proto,0.5,1,40,200,16,16,0.1,val,client_2,5,30,657,687,True,0.8177067478437341
Tox21,fedavg_proto,0.5,1,40,200,16,16,0.1,val,client_2,6,21,612,633,True,0.7109399315281668
Tox21,fedavg_proto,0.5,1,40,200,16,16,0.1,val,client_2,7,96,492,588,True,0.736111111111111
Tox21,fedavg_proto,0.5,1,40,200,16,16,0.1,val,client_2,8,30,677,707,True,0.7902511078286558
Tox21,fedavg_proto,0.5,1,40,200,16,16,0.1,val,client_2,9,45,603,648,True,0.6294453657637737
Tox21,fedavg_proto,0.5,1,40,200,16,16,0.1,val,client_2,10,92,495,587,True,0.891084760649978
Tox21,fedavg_proto,0.5,1,40,200,16,16,0.1,val,client_2,11,42,636,678,True,0.803833483078766
Tox21,fedavg_proto,0.5,1,40,200,16,16,0.1,val,client_3,0,31,696,727,True,0.8161383018168336
Tox21,fedavg_proto,0.5,1,40,200,16,16,0.1,val,client_3,1,23,652,675,True,0.8172179247799413
Tox21,fedavg_proto,0.5,1,40,200,16,16,0.1,val,client_3,2,74,567,641,True,0.8426760093426761
Tox21,fedavg_proto,0.5,1,40,200,16,16,0.1,val,client_3,3,19,546,565,True,0.8368999421631
Tox21,fedavg_proto,0.5,1,40,200,16,16,0.1,val,client_3,4,82,541,623,True,0.7070240295748613
Tox21,fedavg_proto,0.5,1,40,200,16,16,0.1,val,client_3,5,30,657,687,True,0.7973110096397769
Tox21,fedavg_proto,0.5,1,40,200,16,16,0.1,val,client_3,6,21,612,633,True,0.6423902894491129
Tox21,fedavg_proto,0.5,1,40,200,16,16,0.1,val,client_3,7,96,492,588,True,0.7260331978319783
Tox21,fedavg_proto,0.5,1,40,200,16,16,0.1,val,client_3,8,30,677,707,True,0.7694731659281142
Tox21,fedavg_proto,0.5,1,40,200,16,16,0.1,val,client_3,9,45,603,648,True,0.613635526073337
Tox21,fedavg_proto,0.5,1,40,200,16,16,0.1,val,client_3,10,92,495,587,True,0.8981335090030743
Tox21,fedavg_proto,0.5,1,40,200,16,16,0.1,val,client_3,11,42,636,678,True,0.7895327942497754
Tox21,fedavg_proto,0.5,1,40,200,16,16,0.1,test,server,0,32,693,725,True,0.8049242424242424
Tox21,fedavg_proto,0.5,1,40,200,16,16,0.1,test,server,1,33,646,679,True,0.9060418425743503
Tox21,fedavg_proto,0.5,1,40,200,16,16,0.1,test,server,2,77,572,649,True,0.8431114340205248
Tox21,fedavg_proto,0.5,1,40,200,16,16,0.1,test,server,3,38,538,576,True,0.7911367638426922
Tox21,fedavg_proto,0.5,1,40,200,16,16,0.1,test,server,4,80,531,611,True,0.7060734463276835
Tox21,fedavg_proto,0.5,1,40,200,16,16,0.1,test,server,5,34,647,681,True,0.8176652422947541
Tox21,fedavg_proto,0.5,1,40,200,16,16,0.1,test,server,6,21,617,638,True,0.6847264027166783
Tox21,fedavg_proto,0.5,1,40,200,16,16,0.1,test,server,7,95,494,589,True,0.7955465587044535
Tox21,fedavg_proto,0.5,1,40,200,16,16,0.1,test,server,8,32,670,702,True,0.7790578358208954
Tox21,fedavg_proto,0.5,1,40,200,16,16,0.1,test,server,9,36,621,657,True,0.6833064949006978
Tox21,fedavg_proto,0.5,1,40,200,16,16,0.1,test,server,10,93,485,578,True,0.8607914865314267
Tox21,fedavg_proto,0.5,1,40,200,16,16,0.1,test,server,11,48,624,672,True,0.772903311965812
Tox21,fedavg_proto,0.5,1,40,200,16,16,0.1,test,client_0,0,32,693,725,True,0.7916215728715729
Tox21,fedavg_proto,0.5,1,40,200,16,16,0.1,test,client_0,1,33,646,679,True,0.8934233980673609
Tox21,fedavg_proto,0.5,1,40,200,16,16,0.1,test,client_0,2,77,572,649,True,0.8472890745618018
Tox21,fedavg_proto,0.5,1,40,200,16,16,0.1,test,client_0,3,38,538,576,True,0.782381138720407
Tox21,fedavg_proto,0.5,1,40,200,16,16,0.1,test,client_0,4,80,531,611,True,0.6909133709981168
Tox21,fedavg_proto,0.5,1,40,200,16,16,0.1,test,client_0,5,34,647,681,True,0.790890080916447
Tox21,fedavg_proto,0.5,1,40,200,16,16,0.1,test,client_0,6,21,617,638,True,0.6446708342980628
Tox21,fedavg_proto,0.5,1,40,200,16,16,0.1,test,client_0,7,95,494,589,True,0.7874707010441082
Tox21,fedavg_proto,0.5,1,40,200,16,16,0.1,test,client_0,8,32,670,702,True,0.7751865671641791
Tox21,fedavg_proto,0.5,1,40,200,16,16,0.1,test,client_0,9,36,621,657,True,0.6716765074252997
Tox21,fedavg_proto,0.5,1,40,200,16,16,0.1,test,client_0,10,93,485,578,True,0.8361157299634187
Tox21,fedavg_proto,0.5,1,40,200,16,16,0.1,test,client_0,11,48,624,672,True,0.7607171474358975
Tox21,fedavg_proto,0.5,1,40,200,16,16,0.1,test,client_1,0,32,693,725,True,0.806998556998557
Tox21,fedavg_proto,0.5,1,40,200,16,16,0.1,test,client_1,1,33,646,679,True,0.900365887981987
Tox21,fedavg_proto,0.5,1,40,200,16,16,0.1,test,client_1,2,77,572,649,True,0.8336890382344927
Tox21,fedavg_proto,0.5,1,40,200,16,16,0.1,test,client_1,3,38,538,576,True,0.7716200352181569
Tox21,fedavg_proto,0.5,1,40,200,16,16,0.1,test,client_1,4,80,531,611,True,0.7057438794726931
Tox21,fedavg_proto,0.5,1,40,200,16,16,0.1,test,client_1,5,34,647,681,True,0.8231202836621512
Tox21,fedavg_proto,0.5,1,40,200,16,16,0.1,test,client_1,6,21,617,638,True,0.6763911399243653
Tox21,fedavg_proto,0.5,1,40,200,16,16,0.1,test,client_1,7,95,494,589,True,0.7712124440656297
Tox21,fedavg_proto,0.5,1,40,200,16,16,0.1,test,client_1,8,32,670,702,True,0.7717817164179104
Tox21,fedavg_proto,0.5,1,40,200,16,16,0.1,test,client_1,9,36,621,657,True,0.6780730005367687
Tox21,fedavg_proto,0.5,1,40,200,16,16,0.1,test,client_1,10,93,485,578,True,0.8536525884048332
Tox21,fedavg_proto,0.5,1,40,200,16,16,0.1,test,client_1,11,48,624,672,True,0.770198985042735
Tox21,fedavg_proto,0.5,1,40,200,16,16,0.1,test,client_2,0,32,693,725,True,0.8060515873015873
Tox21,fedavg_proto,0.5,1,40,200,16,16,0.1,test,client_2,1,33,646,679,True,0.899333896237921
Tox21,fedavg_proto,0.5,1,40,200,16,16,0.1,test,client_2,2,77,572,649,True,0.8406820452274997
Tox21,fedavg_proto,0.5,1,40,200,16,16,0.1,test,client_2,3,38,538,576,True,0.7668264527489728
Tox21,fedavg_proto,0.5,1,40,200,16,16,0.1,test,client_2,4,80,531,611,True,0.7037664783427495
Tox21,fedavg_proto,0.5,1,40,200,16,16,0.1,test,client_2,5,34,647,681,True,0.805345940540049
Tox21,fedavg_proto,0.5,1,40,200,16,16,0.1,test,client_2,6,21,617,638,True,0.7091919425793007
Tox21,fedavg_proto,0.5,1,40,200,16,16,0.1,test,client_2,7,95,494,589,True,0.7895163008736416
Tox21,fedavg_proto,0.5,1,40,200,16,16,0.1,test,client_2,8,32,670,702,True,0.777938432835821
Tox21,fedavg_proto,0.5,1,40,200,16,16,0.1,test,client_2,9,36,621,657,True,0.6736893898729648
Tox21,fedavg_proto,0.5,1,40,200,16,16,0.1,test,client_2,10,93,485,578,True,0.8452943132690389
Tox21,fedavg_proto,0.5,1,40,200,16,16,0.1,test,client_2,11,48,624,672,True,0.7748397435897436
Tox21,fedavg_proto,0.5,1,40,200,16,16,0.1,test,client_3,0,32,693,725,True,0.7975288600288599
Tox21,fedavg_proto,0.5,1,40,200,16,16,0.1,test,client_3,1,33,646,679,True,0.8930950370578853
Tox21,fedavg_proto,0.5,1,40,200,16,16,0.1,test,client_3,2,77,572,649,True,0.8256062119698484
Tox21,fedavg_proto,0.5,1,40,200,16,16,0.1,test,client_3,3,38,538,576,True,0.7980825670123263
Tox21,fedavg_proto,0.5,1,40,200,16,16,0.1,test,client_3,4,80,531,611,True,0.701671374764595
Tox21,fedavg_proto,0.5,1,40,200,16,16,0.1,test,client_3,5,34,647,681,True,0.8149831802891172
Tox21,fedavg_proto,0.5,1,40,200,16,16,0.1,test,client_3,6,21,617,638,True,0.6838002624064212
Tox21,fedavg_proto,0.5,1,40,200,16,16,0.1,test,client_3,7,95,494,589,True,0.782697634775197
Tox21,fedavg_proto,0.5,1,40,200,16,16,0.1,test,client_3,8,32,670,702,True,0.7603544776119403
Tox21,fedavg_proto,0.5,1,40,200,16,16,0.1,test,client_3,9,36,621,657,True,0.6818751118268027
Tox21,fedavg_proto,0.5,1,40,200,16,16,0.1,test,client_3,10,93,485,578,True,0.8595499390311495
Tox21,fedavg_proto,0.5,1,40,200,16,16,0.1,test,client_3,11,48,624,672,True,0.764823717948718
Tox21,fedavg_proto,0.5,1,41,200,16,16,0.1,val,server,0,31,696,727,True,0.8184093437152392
Tox21,fedavg_proto,0.5,1,41,200,16,16,0.1,val,server,1,23,652,675,True,0.8231528407575353
Tox21,fedavg_proto,0.5,1,41,200,16,16,0.1,val,server,2,74,567,641,True,0.8353115019781686
Tox21,fedavg_proto,0.5,1,41,200,16,16,0.1,val,server,3,19,546,565,True,0.8408521303258144
Tox21,fedavg_proto,0.5,1,41,200,16,16,0.1,val,server,4,82,541,623,True,0.711126639917046
Tox21,fedavg_proto,0.5,1,41,200,16,16,0.1,val,server,5,30,657,687,True,0.8098934550989346
Tox21,fedavg_proto,0.5,1,41,200,16,16,0.1,val,server,6,21,612,633,True,0.6746031746031746
Tox21,fedavg_proto,0.5,1,41,200,16,16,0.1,val,server,7,96,492,588,True,0.7425474254742547
Tox21,fedavg_proto,0.5,1,41,200,16,16,0.1,val,server,8,30,677,707,True,0.7868045297882817
Tox21,fedavg_proto,0.5,1,41,200,16,16,0.1,val,server,9,45,603,648,True,0.643117744610282
Tox21,fedavg_proto,0.5,1,41,200,16,16,0.1,val,server,10,92,495,587,True,0.905270092226614
Tox21,fedavg_proto,0.5,1,41,200,16,16,0.1,val,server,11,42,636,678,True,0.8070530098831985
Tox21,fedavg_proto,0.5,1,41,200,16,16,0.1,val,client_0,0,31,696,727,True,0.7903689284390062
Tox21,fedavg_proto,0.5,1,41,200,16,16,0.1,val,client_0,1,23,652,675,True,0.8046812483328888
Tox21,fedavg_proto,0.5,1,41,200,16,16,0.1,val,client_0,2,74,567,641,True,0.8226083226083226
Tox21,fedavg_proto,0.5,1,41,200,16,16,0.1,val,client_0,3,19,546,565,True,0.8599383073067284
Tox21,fedavg_proto,0.5,1,41,200,16,16,0.1,val,client_0,4,82,541,623,True,0.7032595464586808
Tox21,fedavg_proto,0.5,1,41,200,16,16,0.1,val,client_0,5,30,657,687,True,0.8072552004058854
Tox21,fedavg_proto,0.5,1,41,200,16,16,0.1,val,client_0,6,21,612,633,True,0.6423124805477746
Tox21,fedavg_proto,0.5,1,41,200,16,16,0.1,val,client_0,7,96,492,588,True,0.7466759823848238
Tox21,fedavg_proto,0.5,1,41,200,16,16,0.1,val,client_0,8,30,677,707,True,0.7887740029542097
Tox21,fedavg_proto,0.5,1,41,200,16,16,0.1,val,client_0,9,45,603,648,True,0.6584484982494933
Tox21,fedavg_proto,0.5,1,41,200,16,16,0.1,val,client_0,10,92,495,587,True,0.8871102327624066
Tox21,fedavg_proto,0.5,1,41,200,16,16,0.1,val,client_0,11,42,636,678,True,0.8075771188978735
Tox21,fedavg_proto,0.5,1,41,200,16,16,0.1,val,client_1,0,31,696,727,True,0.8242028179458658
Tox21,fedavg_proto,0.5,1,41,200,16,16,0.1,val,client_1,1,23,652,675,True,0.8110829554547879
Tox21,fedavg_proto,0.5,1,41,200,16,16,0.1,val,client_1,2,74,567,641,True,0.8238714905381572
Tox21,fedavg_proto,0.5,1,41,200,16,16,0.1,val,client_1,3,19,546,565,True,0.7403123192596877
Tox21,fedavg_proto,0.5,1,41,200,16,16,0.1,val,client_1,4,82,541,623,True,0.7024931247464047
Tox21,fedavg_proto,0.5,1,41,200,16,16,0.1,val,client_1,5,30,657,687,True,0.8007610350076104
Tox21,fedavg_proto,0.5,1,41,200,16,16,0.1,val,client_1,6,21,612,633,True,0.6694677871148459
Tox21,fedavg_proto,0.5,1,41,200,16,16,0.1,val,client_1,7,96,492,588,True,0.7251227981029811
Tox21,fedavg_proto,0.5,1,41,200,16,16,0.1,val,client_1,8,30,677,707,True,0.7999507631708518
Tox21,fedavg_proto,0.5,1,41,200,16,16,0.1,val,client_1,9,45,603,648,True,0.6460659664639764
Tox21,fedavg_proto,0.5,1,41,200,16,16,0.1,val,client_1,10,92,495,587,True,0.8957619675010979
Tox21,fedavg_proto,0.5,1,41,200,16,16,0.1,val,client_1,11,42,636,678,True,0.8044699011680142
Tox21,fedavg_proto,0.5,1,41,200,16,16,0.1,val,client_2,0,31,696,727,True,0.8244809047089359
Tox21,fedavg_proto,0.5,1,41,200,16,16,0.1,val,client_2,1,23,652,675,True,0.8482261936516404
Tox21,fedavg_proto,0.5,1,41,200,16,16,0.1,val,client_2,2,74,567,641,True,0.838910338910339
Tox21,fedavg_proto,0.5,1,41,200,16,16,0.1,val,client_2,3,19,546,565,True,0.8225371120107963
Tox21,fedavg_proto,0.5,1,41,200,16,16,0.1,val,client_2,4,82,541,623,True,0.712952526937469
Tox21,fedavg_proto,0.5,1,41,200,16,16,0.1,val,client_2,5,30,657,687,True,0.8236428209030948
Tox21,fedavg_proto,0.5,1,41,200,16,16,0.1,val,client_2,6,21,612,633,True,0.7068160597572363
Tox21,fedavg_proto,0.5,1,41,200,16,16,0.1,val,client_2,7,96,492,588,True,0.7457655826558266
Tox21,fedavg_proto,0.5,1,41,200,16,16,0.1,val,client_2,8,30,677,707,True,0.7856228458887248
Tox21,fedavg_proto,0.5,1,41,200,16,16,0.1,val,client_2,9,45,603,648,True,0.645992260917634
Tox21,fedavg_proto,0.5,1,41,200,16,16,0.1,val,client_2,10,92,495,587,True,0.8908212560386474
Tox21,fedavg_proto,0.5,1,41,200,16,16,0.1,val,client_2,11,42,636,678,True,0.8071278825995808
Tox21,fedavg_proto,0.5,1,41,200,16,16,0.1,val,client_3,0,31,696,727,True,0.8209584723767148
Tox21,fedavg_proto,0.5,1,41,200,16,16,0.1,val,client_3,1,23,652,675,True,0.8228861029607896
Tox21,fedavg_proto,0.5,1,41,200,16,16,0.1,val,client_3,2,74,567,641,True,0.8450593450593451
Tox21,fedavg_proto,0.5,1,41,200,16,16,0.1,val,client_3,3,19,546,565,True,0.8195488721804511
Tox21,fedavg_proto,0.5,1,41,200,16,16,0.1,val,client_3,4,82,541,623,True,0.7073396149857987
Tox21,fedavg_proto,0.5,1,41,200,16,16,0.1,val,client_3,5,30,657,687,True,0.7919330289193304
Tox21,fedavg_proto,0.5,1,41,200,16,16,0.1,val,client_3,6,21,612,633,True,0.6440242763772175
Tox21,fedavg_proto,0.5,1,41,200,16,16,0.1,val,client_3,7,96,492,588,True,0.7208460365853657
Tox21,fedavg_proto,0.5,1,41,200,16,16,0.1,val,client_3,8,30,677,707,True,0.7669620876415558
Tox21,fedavg_proto,0.5,1,41,200,16,16,0.1,val,client_3,9,45,603,648,True,0.6089920766537681
Tox21,fedavg_proto,0.5,1,41,200,16,16,0.1,val,client_3,10,92,495,587,True,0.8985726833552921
Tox21,fedavg_proto,0.5,1,41,200,16,16,0.1,val,client_3,11,42,636,678,True,0.7866127583108715
Tox21,fedavg_proto,0.5,1,41,200,16,16,0.1,test,server,0,32,693,725,True,0.8029852092352093
Tox21,fedavg_proto,0.5,1,41,200,16,16,0.1,test,server,1,33,646,679,True,0.9038840416549395
Tox21,fedavg_proto,0.5,1,41,200,16,16,0.1,test,server,2,77,572,649,True,0.8414994096812279
Tox21,fedavg_proto,0.5,1,41,200,16,16,0.1,test,server,3,38,538,576,True,0.7932889845431422
Tox21,fedavg_proto,0.5,1,41,200,16,16,0.1,test,server,4,80,531,611,True,0.7086629001883239
Tox21,fedavg_proto,0.5,1,41,200,16,16,0.1,test,server,5,34,647,681,True,0.8200290935539594
Tox21,fedavg_proto,0.5,1,41,200,16,16,0.1,test,server,6,21,617,638,True,0.6828741220961642
Tox21,fedavg_proto,0.5,1,41,200,16,16,0.1,test,server,7,95,494,589,True,0.7949073087577244
Tox21,fedavg_proto,0.5,1,41,200,16,16,0.1,test,server,8,32,670,702,True,0.7823227611940299
Tox21,fedavg_proto,0.5,1,41,200,16,16,0.1,test,server,9,36,621,657,True,0.686348183932725
Tox21,fedavg_proto,0.5,1,41,200,16,16,0.1,test,server,10,93,485,578,True,0.8641835716661124
Tox21,fedavg_proto,0.5,1,41,200,16,16,0.1,test,server,11,48,624,672,True,0.7741386217948717
Tox21,fedavg_proto,0.5,1,41,200,16,16,0.1,test,client_0,0,32,693,725,True,0.775523088023088
Tox21,fedavg_proto,0.5,1,41,200,16,16,0.1,test,client_0,1,33,646,679,True,0.8850267379679144
Tox21,fedavg_proto,0.5,1,41,200,16,16,0.1,test,client_0,2,77,572,649,True,0.8432476614294796
Tox21,fedavg_proto,0.5,1,41,200,16,16,0.1,test,client_0,3,38,538,576,True,0.7867344942281354
Tox21,fedavg_proto,0.5,1,41,200,16,16,0.1,test,client_0,4,80,531,611,True,0.6935969868173257
Tox21,fedavg_proto,0.5,1,41,200,16,16,0.1,test,client_0,5,34,647,681,True,0.7991181016456042
Tox21,fedavg_proto,0.5,1,41,200,16,16,0.1,test,client_0,6,21,617,638,True,0.6515397082658023
Tox21,fedavg_proto,0.5,1,41,200,16,16,0.1,test,client_0,7,95,494,589,True,0.7823780098018324
Tox21,fedavg_proto,0.5,1,41,200,16,16,0.1,test,client_0,8,32,670,702,True,0.7902985074626866
Tox21,fedavg_proto,0.5,1,41,200,16,16,0.1,test,client_0,9,36,621,657,True,0.6900161030595813
Tox21,fedavg_proto,0.5,1,41,200,16,16,0.1,test,client_0,10,93,485,578,True,0.85134685733289
Tox21,fedavg_proto,0.5,1,41,200,16,16,0.1,test,client_0,11,48,624,672,True,0.7611177884615385
Tox21,fedavg_proto,0.5,1,41,200,16,16,0.1,test,client_1,0,32,693,725,True,0.8126803751803752
Tox21,fedavg_proto,0.5,1,41,200,16,16,0.1,test,client_1,1,33,646,679,True,0.8937048503611971
Tox21,fedavg_proto,0.5,1,41,200,16,16,0.1,test,client_1,2,77,572,649,True,0.8282626464444647
Tox21,fedavg_proto,0.5,1,41,200,16,16,0.1,test,client_1,3,38,538,576,True,0.7676579925650558
Tox21,fedavg_proto,0.5,1,41,200,16,16,0.1,test,client_1,4,80,531,611,True,0.7077919020715632
Tox21,fedavg_proto,0.5,1,41,200,16,16,0.1,test,client_1,5,34,647,681,True,0.8177561596508773
Tox21,fedavg_proto,0.5,1,41,200,16,16,0.1,test,client_1,6,21,617,638,True,0.6996218260399784
Tox21,fedavg_proto,0.5,1,41,200,16,16,0.1,test,client_1,7,95,494,589,True,0.7825058597911784
Tox21,fedavg_proto,0.5,1,41,200,16,16,0.1,test,client_1,8,32,670,702,True,0.7853078358208955
Tox21,fedavg_proto,0.5,1,41,200,16,16,0.1,test,client_1,9,36,621,657,True,0.6831275720164609
Tox21,fedavg_proto,0.5,1,41,200,16,16,0.1,test,client_1,10,93,485,578,True,0.8672652699257289
Tox21,fedavg_proto,0.5,1,41,200,16,16,0.1,test,client_1,11,48,624,672,True,0.7629874465811965
Tox21,fedavg_proto,0.5,1,41,200,16,16,0.1,test,client_2,0,32,693,725,True,0.8128156565656566
Tox21,fedavg_proto,0.5,1,41,200,16,16,0.1,test,client_2,1,33,646,679,True,0.9075898301904494
Tox21,fedavg_proto,0.5,1,41,200,16,16,0.1,test,client_2,2,77,572,649,True,0.8417037507946599
Tox21,fedavg_proto,0.5,1,41,200,16,16,0.1,test,client_2,3,38,538,576,True,0.7678047348855409
Tox21,fedavg_proto,0.5,1,41,200,16,16,0.1,test,client_2,4,80,531,611,True,0.7108050847457625
Tox21,fedavg_proto,0.5,1,41,200,16,16,0.1,test,client_2,5,34,647,681,True,0.8058005273206654
Tox21,fedavg_proto,0.5,1,41,200,16,16,0.1,test,client_2,6,21,617,638,True,0.7000848961951068
Tox21,fedavg_proto,0.5,1,41,200,16,16,0.1,test,client_2,7,95,494,589,True,0.7970594502450459
Tox21,fedavg_proto,0.5,1,41,200,16,16,0.1,test,client_2,8,32,670,702,True,0.7916044776119403
Tox21,fedavg_proto,0.5,1,41,200,16,16,0.1,test,client_2,9,36,621,657,True,0.6779388083735909
Tox21,fedavg_proto,0.5,1,41,200,16,16,0.1,test,client_2,10,93,485,578,True,0.8404389757233123
Tox21,fedavg_proto,0.5,1,41,200,16,16,0.1,test,client_2,11,48,624,672,True,0.7802483974358974
Tox21,fedavg_proto,0.5,1,41,200,16,16,0.1,test,client_3,0,32,693,725,True,0.8015873015873015
Tox21,fedavg_proto,0.5,1,41,200,16,16,0.1,test,client_3,1,33,646,679,True,0.8965662820151984
Tox21,fedavg_proto,0.5,1,41,200,16,16,0.1,test,client_3,2,77,572,649,True,0.8341204250295159
Tox21,fedavg_proto,0.5,1,41,200,16,16,0.1,test,client_3,3,38,538,576,True,0.8006261005674037
Tox21,fedavg_proto,0.5,1,41,200,16,16,0.1,test,client_3,4,80,531,611,True,0.7033898305084746
Tox21,fedavg_proto,0.5,1,41,200,16,16,0.1,test,client_3,5,34,647,681,True,0.8222111101009183
Tox21,fedavg_proto,0.5,1,41,200,16,16,0.1,test,client_3,6,21,617,638,True,0.6773944585938103
Tox21,fedavg_proto,0.5,1,41,200,16,16,0.1,test,client_3,7,95,494,589,True,0.7724909439590879
Tox21,fedavg_proto,0.5,1,41,200,16,16,0.1,test,client_3,8,32,670,702,True,0.7472014925373134
Tox21,fedavg_proto,0.5,1,41,200,16,16,0.1,test,client_3,9,36,621,657,True,0.6756128108785113
Tox21,fedavg_proto,0.5,1,41,200,16,16,0.1,test,client_3,10,93,485,578,True,0.8588626538077819
Tox21,fedavg_proto,0.5,1,41,200,16,16,0.1,test,client_3,11,48,624,672,True,0.7723357371794871
Tox21,fedavg_proto,0.5,1,42,200,16,16,0.1,val,server,0,31,696,727,True,0.8105302187615869
Tox21,fedavg_proto,0.5,1,42,200,16,16,0.1,val,server,1,23,652,675,True,0.8185516137636704
Tox21,fedavg_proto,0.5,1,42,200,16,16,0.1,val,server,2,74,567,641,True,0.8299966633299966
Tox21,fedavg_proto,0.5,1,42,200,16,16,0.1,val,server,3,19,546,565,True,0.844900713321766
Tox21,fedavg_proto,0.5,1,42,200,16,16,0.1,val,server,4,82,541,623,True,0.7087597493350165
Tox21,fedavg_proto,0.5,1,42,200,16,16,0.1,val,server,5,30,657,687,True,0.8095890410958904
Tox21,fedavg_proto,0.5,1,42,200,16,16,0.1,val,server,6,21,612,633,True,0.6718798630563335
Tox21,fedavg_proto,0.5,1,42,200,16,16,0.1,val,server,7,96,492,588,True,0.7438812669376694
Tox21,fedavg_proto,0.5,1,42,200,16,16,0.1,val,server,8,30,677,707,True,0.7932545544066962
Tox21,fedavg_proto,0.5,1,42,200,16,16,0.1,val,server,9,45,603,648,True,0.6436705362078496
Tox21,fedavg_proto,0.5,1,42,200,16,16,0.1,val,server,10,92,495,587,True,0.905862977602108
Tox21,fedavg_proto,0.5,1,42,200,16,16,0.1,val,server,11,42,636,678,True,0.8097484276729559
Tox21,fedavg_proto,0.5,1,42,200,16,16,0.1,val,client_0,0,31,696,727,True,0.7760011123470523
Tox21,fedavg_proto,0.5,1,42,200,16,16,0.1,val,client_0,1,23,652,675,True,0.7858095492131235
Tox21,fedavg_proto,0.5,1,42,200,16,16,0.1,val,client_0,2,74,567,641,True,0.8161256494589828
Tox21,fedavg_proto,0.5,1,42,200,16,16,0.1,val,client_0,3,19,546,565,True,0.8453826874879506
Tox21,fedavg_proto,0.5,1,42,200,16,16,0.1,val,client_0,4,82,541,623,True,0.7071141968351292
Tox21,fedavg_proto,0.5,1,42,200,16,16,0.1,val,client_0,5,30,657,687,True,0.8078132927447995
Tox21,fedavg_proto,0.5,1,42,200,16,16,0.1,val,client_0,6,21,612,633,True,0.639666977902272
Tox21,fedavg_proto,0.5,1,42,200,16,16,0.1,val,client_0,7,96,492,588,True,0.7451939363143631
Tox21,fedavg_proto,0.5,1,42,200,16,16,0.1,val,client_0,8,30,677,707,True,0.7838503200393895
Tox21,fedavg_proto,0.5,1,42,200,16,16,0.1,val,client_0,9,45,603,648,True,0.655942509673853
Tox21,fedavg_proto,0.5,1,42,200,16,16,0.1,val,client_0,10,92,495,587,True,0.8758673693456303
Tox21,fedavg_proto,0.5,1,42,200,16,16,0.1,val,client_0,11,42,636,678,True,0.7977313566936208
Tox21,fedavg_proto,0.5,1,42,200,16,16,0.1,val,client_1,0,31,696,727,True,0.8378290693362996
Tox21,fedavg_proto,0.5,1,42,200,16,16,0.1,val,client_1,1,23,652,675,True,0.8313550280074686
Tox21,fedavg_proto,0.5,1,42,200,16,16,0.1,val,client_1,2,74,567,641,True,0.8169359836026503
Tox21,fedavg_proto,0.5,1,42,200,16,16,0.1,val,client_1,3,19,546,565,True,0.7372276845961055
Tox21,fedavg_proto,0.5,1,42,200,16,16,0.1,val,client_1,4,82,541,623,True,0.7041612190613589
Tox21,fedavg_proto,0.5,1,42,200,16,16,0.1,val,client_1,5,30,657,687,True,0.8060882800608827
Tox21,fedavg_proto,0.5,1,42,200,16,16,0.1,val,client_1,6,21,612,633,True,0.6802832244008714
Tox21,fedavg_proto,0.5,1,42,200,16,16,0.1,val,client_1,7,96,492,588,True,0.730881605691057
Tox21,fedavg_proto,0.5,1,42,200,16,16,0.1,val,client_1,8,30,677,707,True,0.7884785819793205
Tox21,fedavg_proto,0.5,1,42,200,16,16,0.1,val,client_1,9,45,603,648,True,0.6416436336834347
Tox21,fedavg_proto,0.5,1,42,200,16,16,0.1,val,client_1,10,92,495,587,True,0.8904259991216513
Tox21,fedavg_proto,0.5,1,42,200,16,16,0.1,val,client_1,11,42,636,678,True,0.8001647199760408
Tox21,fedavg_proto,0.5,1,42,200,16,16,0.1,val,client_2,0,31,696,727,True,0.8074712643678161
Tox21,fedavg_proto,0.5,1,42,200,16,16,0.1,val,client_2,1,23,652,675,True,0.8279541210989597
Tox21,fedavg_proto,0.5,1,42,200,16,16,0.1,val,client_2,2,74,567,641,True,0.8273988273988274
Tox21,fedavg_proto,0.5,1,42,200,16,16,0.1,val,client_2,3,19,546,565,True,0.8139579718527087
Tox21,fedavg_proto,0.5,1,42,200,16,16,0.1,val,client_2,4,82,541,623,True,0.7057166043009784
Tox21,fedavg_proto,0.5,1,42,200,16,16,0.1,val,client_2,5,30,657,687,True,0.8207508878741756
Tox21,fedavg_proto,0.5,1,42,200,16,16,0.1,val,client_2,6,21,612,633,True,0.695845004668534
Tox21,fedavg_proto,0.5,1,42,200,16,16,0.1,val,client_2,7,96,492,588,True,0.7309662940379404
Tox21,fedavg_proto,0.5,1,42,200,16,16,0.1,val,client_2,8,30,677,707,True,0.8044805514524865
Tox21,fedavg_proto,0.5,1,42,200,16,16,0.1,val,client_2,9,45,603,648,True,0.6377740925004607
Tox21,fedavg_proto,0.5,1,42,200,16,16,0.1,val,client_2,10,92,495,587,True,0.8859464207290293
Tox21,fedavg_proto,0.5,1,42,200,16,16,0.1,val,client_2,11,42,636,678,True,0.806304282719377
Tox21,fedavg_proto,0.5,1,42,200,16,16,0.1,val,client_3,0,31,696,727,True,0.8077956989247312
Tox21,fedavg_proto,0.5,1,42,200,16,16,0.1,val,client_3,1,23,652,675,True,0.8138170178714323
Tox21,fedavg_proto,0.5,1,42,200,16,16,0.1,val,client_3,2,74,567,641,True,0.8334763334763335
Tox21,fedavg_proto,0.5,1,42,200,16,16,0.1,val,client_3,3,19,546,565,True,0.843262001156738
Tox21,fedavg_proto,0.5,1,42,200,16,16,0.1,val,client_3,4,82,541,623,True,0.7004869032054462
Tox21,fedavg_proto,0.5,1,42,200,16,16,0.1,val,client_3,5,30,657,687,True,0.7989852866565196
Tox21,fedavg_proto,0.5,1,42,200,16,16,0.1,val,client_3,6,21,612,633,True,0.6561624649859944
Tox21,fedavg_proto,0.5,1,42,200,16,16,0.1,val,client_3,7,96,492,588,True,0.7203379065040652
Tox21,fedavg_proto,0.5,1,42,200,16,16,0.1,val,client_3,8,30,677,707,True,0.7828655834564254
Tox21,fedavg_proto,0.5,1,42,200,16,16,0.1,val,client_3,9,45,603,648,True,0.620158466924636
Tox21,fedavg_proto,0.5,1,42,200,16,16,0.1,val,client_3,10,92,495,587,True,0.8940491875274483
Tox21,fedavg_proto,0.5,1,42,200,16,16,0.1,val,client_3,11,42,636,678,True,0.7981805929919138
Tox21,fedavg_proto,0.5,1,42,200,16,16,0.1,test,server,0,32,693,725,True,0.805690836940837
Tox21,fedavg_proto,0.5,1,42,200,16,16,0.1,test,server,1,33,646,679,True,0.9000375269725115
Tox21,fedavg_proto,0.5,1,42,200,16,16,0.1,test,server,2,77,572,649,True,0.841930796476251
Tox21,fedavg_proto,0.5,1,42,200,16,16,0.1,test,server,3,38,538,576,True,0.7926041870475445
Tox21,fedavg_proto,0.5,1,42,200,16,16,0.1,test,server,4,80,531,611,True,0.7030367231638418
Tox21,fedavg_proto,0.5,1,42,200,16,16,0.1,test,server,5,34,647,681,True,0.810573688517138
Tox21,fedavg_proto,0.5,1,42,200,16,16,0.1,test,server,6,21,617,638,True,0.6834143706104807
Tox21,fedavg_proto,0.5,1,42,200,16,16,0.1,test,server,7,95,494,589,True,0.7979544001704666
Tox21,fedavg_proto,0.5,1,42,200,16,16,0.1,test,server,8,32,670,702,True,0.7912779850746268
Tox21,fedavg_proto,0.5,1,42,200,16,16,0.1,test,server,9,36,621,657,True,0.6931025228126677
Tox21,fedavg_proto,0.5,1,42,200,16,16,0.1,test,server,10,93,485,578,True,0.8656468240771533
Tox21,fedavg_proto,0.5,1,42,200,16,16,0.1,test,server,11,48,624,672,True,0.7722689636752137
Tox21,fedavg_proto,0.5,1,42,200,16,16,0.1,test,client_0,0,32,693,725,True,0.7868416305916306
Tox21,fedavg_proto,0.5,1,42,200,16,16,0.1,test,client_0,1,33,646,679,True,0.8717984801576133
Tox21,fedavg_proto,0.5,1,42,200,16,16,0.1,test,client_0,2,77,572,649,True,0.8405912269548633
Tox21,fedavg_proto,0.5,1,42,200,16,16,0.1,test,client_0,3,38,538,576,True,0.7696634709450205
Tox21,fedavg_proto,0.5,1,42,200,16,16,0.1,test,client_0,4,80,531,611,True,0.6791666666666666
Tox21,fedavg_proto,0.5,1,42,200,16,16,0.1,test,client_0,5,34,647,681,True,0.7684334939539957
Tox21,fedavg_proto,0.5,1,42,200,16,16,0.1,test,client_0,6,21,617,638,True,0.6188932623292429
Tox21,fedavg_proto,0.5,1,42,200,16,16,0.1,test,client_0,7,95,494,589,True,0.7881525676539527
Tox21,fedavg_proto,0.5,1,42,200,16,16,0.1,test,client_0,8,32,670,702,True,0.7876865671641791
Tox21,fedavg_proto,0.5,1,42,200,16,16,0.1,test,client_0,9,36,621,657,True,0.692744677044194
Tox21,fedavg_proto,0.5,1,42,200,16,16,0.1,test,client_0,10,93,485,578,True,0.839308280678417
Tox21,fedavg_proto,0.5,1,42,200,16,16,0.1,test,client_0,11,48,624,672,True,0.7477630876068376
Tox21,fedavg_proto,0.5,1,42,200,16,16,0.1,test,client_1,0,32,693,725,True,0.8084415584415584
Tox21,fedavg_proto,0.5,1,42,200,16,16,0.1,test,client_1,1,33,646,679,True,0.9045407636738906
Tox21,fedavg_proto,0.5,1,42,200,16,16,0.1,test,client_1,2,77,572,649,True,0.8278085550812825
Tox21,fedavg_proto,0.5,1,42,200,16,16,0.1,test,client_1,3,38,538,576,True,0.7797397769516728
Tox21,fedavg_proto,0.5,1,42,200,16,16,0.1,test,client_1,4,80,531,611,True,0.7074858757062146
Tox21,fedavg_proto,0.5,1,42,200,16,16,0.1,test,client_1,5,34,647,681,True,0.8214383125738703
Tox21,fedavg_proto,0.5,1,42,200,16,16,0.1,test,client_1,6,21,617,638,True,0.6879678938025777
Tox21,fedavg_proto,0.5,1,42,200,16,16,0.1,test,client_1,7,95,494,589,True,0.784892392925634
Tox21,fedavg_proto,0.5,1,42,200,16,16,0.1,test,client_1,8,32,670,702,True,0.7893190298507462
Tox21,fedavg_proto,0.5,1,42,200,16,16,0.1,test,client_1,9,36,621,657,True,0.6969940955448202
Tox21,fedavg_proto,0.5,1,42,200,16,16,0.1,test,client_1,10,93,485,578,True,0.8547611129586521
Tox21,fedavg_proto,0.5,1,42,200,16,16,0.1,test,client_1,11,48,624,672,True,0.7743055555555556
Tox21,fedavg_proto,0.5,1,42,200,16,16,0.1,test,client_2,0,32,693,725,True,0.8084866522366523
Tox21,fedavg_proto,0.5,1,42,200,16,16,0.1,test,client_2,1,33,646,679,True,0.8924383150389342
Tox21,fedavg_proto,0.5,1,42,200,16,16,0.1,test,client_2,2,77,572,649,True,0.8394332939787486
Tox21,fedavg_proto,0.5,1,42,200,16,16,0.1,test,client_2,3,38,538,576,True,0.7507337116024262
Tox21,fedavg_proto,0.5,1,42,200,16,16,0.1,test,client_2,4,80,531,611,True,0.7060263653483994
Tox21,fedavg_proto,0.5,1,42,200,16,16,0.1,test,client_2,5,34,647,681,True,0.7870260932812074
Tox21,fedavg_proto,0.5,1,42,200,16,16,0.1,test,client_2,6,21,617,638,True,0.7053330246198966
Tox21,fedavg_proto,0.5,1,42,200,16,16,0.1,test,client_2,7,95,494,589,True,0.7860430428297465
Tox21,fedavg_proto,0.5,1,42,200,16,16,0.1,test,client_2,8,32,670,702,True,0.7935634328358209
Tox21,fedavg_proto,0.5,1,42,200,16,16,0.1,test,client_2,9,36,621,657,True,0.6711844694936483
Tox21,fedavg_proto,0.5,1,42,200,16,16,0.1,test,client_2,10,93,485,578,True,0.8446513690278239
Tox21,fedavg_proto,0.5,1,42,200,16,16,0.1,test,client_2,11,48,624,672,True,0.7657585470085471
Tox21,fedavg_proto,0.5,1,42,200,16,16,0.1,test,client_3,0,32,693,725,True,0.7993777056277056
Tox21,fedavg_proto,0.5,1,42,200,16,16,0.1,test,client_3,1,33,646,679,True,0.8822591237451918
Tox21,fedavg_proto,0.5,1,42,200,16,16,0.1,test,client_3,2,77,572,649,True,0.8208836617927526
Tox21,fedavg_proto,0.5,1,42,200,16,16,0.1,test,client_3,3,38,538,576,True,0.7978379964781842
Tox21,fedavg_proto,0.5,1,42,200,16,16,0.1,test,client_3,4,80,531,611,True,0.6958333333333333
Tox21,fedavg_proto,0.5,1,42,200,16,16,0.1,test,client_3,5,34,647,681,True,0.8095735975997818
Tox21,fedavg_proto,0.5,1,42,200,16,16,0.1,test,client_3,6,21,617,638,True,0.7021687118931852
Tox21,fedavg_proto,0.5,1,42,200,16,16,0.1,test,client_3,7,95,494,589,True,0.7806094182825484
Tox21,fedavg_proto,0.5,1,42,200,16,16,0.1,test,client_3,8,32,670,702,True,0.755830223880597
Tox21,fedavg_proto,0.5,1,42,200,16,16,0.1,test,client_3,9,36,621,657,True,0.6841116478797638
Tox21,fedavg_proto,0.5,1,42,200,16,16,0.1,test,client_3,10,93,485,578,True,0.8528766212171599
Tox21,fedavg_proto,0.5,1,42,200,16,16,0.1,test,client_3,11,48,624,672,True,0.7697315705128205
Tox21,fedavg_proto,0.5,1,43,200,16,16,0.1,val,server,0,31,696,727,True,0.8122914349276975
Tox21,fedavg_proto,0.5,1,43,200,16,16,0.1,val,server,1,23,652,675,True,0.8270872232595359
Tox21,fedavg_proto,0.5,1,43,200,16,16,0.1,val,server,2,74,567,641,True,0.8316888316888318
Tox21,fedavg_proto,0.5,1,43,200,16,16,0.1,val,server,3,19,546,565,True,0.8404665509928667
Tox21,fedavg_proto,0.5,1,43,200,16,16,0.1,val,server,4,82,541,623,True,0.7137189486497453
Tox21,fedavg_proto,0.5,1,43,200,16,16,0.1,val,server,5,30,657,687,True,0.8128361237950279
Tox21,fedavg_proto,0.5,1,43,200,16,16,0.1,val,server,6,21,612,633,True,0.6823062558356675
Tox21,fedavg_proto,0.5,1,43,200,16,16,0.1,val,server,7,96,492,588,True,0.7444317411924118
Tox21,fedavg_proto,0.5,1,43,200,16,16,0.1,val,server,8,30,677,707,True,0.7925160019694731
Tox21,fedavg_proto,0.5,1,43,200,16,16,0.1,val,server,9,45,603,648,True,0.6423438363736871
Tox21,fedavg_proto,0.5,1,43,200,16,16,0.1,val,server,10,92,495,587,True,0.9044137022397891
Tox21,fedavg_proto,0.5,1,43,200,16,16,0.1,val,server,11,42,636,678,True,0.8139412997903563
Tox21,fedavg_proto,0.5,1,43,200,16,16,0.1,val,client_0,0,31,696,727,True,0.7719688542825363
Tox21,fedavg_proto,0.5,1,43,200,16,16,0.1,val,client_0,1,23,652,675,True,0.793144838623633
Tox21,fedavg_proto,0.5,1,43,200,16,16,0.1,val,client_0,2,74,567,641,True,0.8205348205348206
Tox21,fedavg_proto,0.5,1,43,200,16,16,0.1,val,client_0,3,19,546,565,True,0.8470213996529785
Tox21,fedavg_proto,0.5,1,43,200,16,16,0.1,val,client_0,4,82,541,623,True,0.7029665028628105
Tox21,fedavg_proto,0.5,1,43,200,16,16,0.1,val,client_0,5,30,657,687,True,0.7983257229832572
Tox21,fedavg_proto,0.5,1,43,200,16,16,0.1,val,client_0,6,21,612,633,True,0.6486928104575163
Tox21,fedavg_proto,0.5,1,43,200,16,16,0.1,val,client_0,7,96,492,588,True,0.7407901422764228
Tox21,fedavg_proto,0.5,1,43,200,16,16,0.1,val,client_0,8,30,677,707,True,0.7820777941900542
Tox21,fedavg_proto,0.5,1,43,200,16,16,0.1,val,client_0,9,45,603,648,True,0.6436705362078496
Tox21,fedavg_proto,0.5,1,43,200,16,16,0.1,val,client_0,10,92,495,587,True,0.8760869565217391
Tox21,fedavg_proto,0.5,1,43,200,16,16,0.1,val,client_0,11,42,636,678,True,0.802298592392932
Tox21,fedavg_proto,0.5,1,43,200,16,16,0.1,val,client_1,0,31,696,727,True,0.8278179458657767
Tox21,fedavg_proto,0.5,1,43,200,16,16,0.1,val,client_1,1,23,652,675,True,0.8244198452920778
Tox21,fedavg_proto,0.5,1,43,200,16,16,0.1,val,client_1,2,74,567,641,True,0.8261356594689927
Tox21,fedavg_proto,0.5,1,43,200,16,16,0.1,val,client_1,3,19,546,565,True,0.7379024484287642
Tox21,fedavg_proto,0.5,1,43,200,16,16,0.1,val,client_1,4,82,541,623,True,0.7109012217663767
Tox21,fedavg_proto,0.5,1,43,200,16,16,0.1,val,client_1,5,30,657,687,True,0.8140537798072046
Tox21,fedavg_proto,0.5,1,43,200,16,16,0.1,val,client_1,6,21,612,633,True,0.6753812636165577
Tox21,fedavg_proto,0.5,1,43,200,16,16,0.1,val,client_1,7,96,492,588,True,0.7299923780487805
Tox21,fedavg_proto,0.5,1,43,200,16,16,0.1,val,client_1,8,30,677,707,True,0.7954209748892171
Tox21,fedavg_proto,0.5,1,43,200,16,16,0.1,val,client_1,9,45,603,648,True,0.6448866777224986
Tox21,fedavg_proto,0.5,1,43,200,16,16,0.1,val,client_1,10,92,495,587,True,0.889481774264383
Tox21,fedavg_proto,0.5,1,43,200,16,16,0.1,val,client_1,11,42,636,678,True,0.8040206648697215
Tox21,fedavg_proto,0.5,1,43,200,16,16,0.1,val,client_2,0,31,696,727,True,0.8213292547274749
Tox21,fedavg_proto,0.5,1,43,200,16,16,0.1,val,client_2,1,23,652,675,True,0.8498933048813015
Tox21,fedavg_proto,0.5,1,43,200,16,16,0.1,val,client_2,2,74,567,641,True,0.8318318318318318
Tox21,fedavg_proto,0.5,1,43,200,16,16,0.1,val,client_2,3,19,546,565,True,0.8109215346057451
Tox21,fedavg_proto,0.5,1,43,200,16,16,0.1,val,client_2,4,82,541,623,True,0.7101798836842342
Tox21,fedavg_proto,0.5,1,43,200,16,16,0.1,val,client_2,5,30,657,687,True,0.8285641806189752
Tox21,fedavg_proto,0.5,1,43,200,16,16,0.1,val,client_2,6,21,612,633,True,0.7196545284780579
Tox21,fedavg_proto,0.5,1,43,200,16,16,0.1,val,client_2,7,96,492,588,True,0.7407054539295393
Tox21,fedavg_proto,0.5,1,43,200,16,16,0.1,val,client_2,8,30,677,707,True,0.7981290004923683
Tox21,fedavg_proto,0.5,1,43,200,16,16,0.1,val,client_2,9,45,603,648,True,0.6362999815736133
Tox21,fedavg_proto,0.5,1,43,200,16,16,0.1,val,client_2,10,92,495,587,True,0.886846728151076
Tox21,fedavg_proto,0.5,1,43,200,16,16,0.1,val,client_2,11,42,636,678,True,0.8178346810422281
Tox21,fedavg_proto,0.5,1,43,200,16,16,0.1,val,client_3,0,31,696,727,True,0.814145346681498
Tox21,fedavg_proto,0.5,1,43,200,16,16,0.1,val,client_3,1,23,652,675,True,0.81555081355028
Tox21,fedavg_proto,0.5,1,43,200,16,16,0.1,val,client_3,2,74,567,641,True,0.8367891701225035
Tox21,fedavg_proto,0.5,1,43,200,16,16,0.1,val,client_3,3,19,546,565,True,0.8312126470021206
Tox21,fedavg_proto,0.5,1,43,200,16,16,0.1,val,client_3,4,82,541,623,True,0.7044317208421622
Tox21,fedavg_proto,0.5,1,43,200,16,16,0.1,val,client_3,5,30,657,687,True,0.7966514459665144
Tox21,fedavg_proto,0.5,1,43,200,16,16,0.1,val,client_3,6,21,612,633,True,0.6444911297852475
Tox21,fedavg_proto,0.5,1,43,200,16,16,0.1,val,client_3,7,96,492,588,True,0.7169503726287262
Tox21,fedavg_proto,0.5,1,43,200,16,16,0.1,val,client_3,8,30,677,707,True,0.7722304283604136
Tox21,fedavg_proto,0.5,1,43,200,16,16,0.1,val,client_3,9,45,603,648,True,0.6137829371660217
Tox21,fedavg_proto,0.5,1,43,200,16,16,0.1,val,client_3,10,92,495,587,True,0.8968818620992535
Tox21,fedavg_proto,0.5,1,43,200,16,16,0.1,val,client_3,11,42,636,678,True,0.7892333033842468
Tox21,fedavg_proto,0.5,1,43,200,16,16,0.1,test,server,0,32,693,725,True,0.801046176046176
Tox21,fedavg_proto,0.5,1,43,200,16,16,0.1,test,server,1,33,646,679,True,0.9047283985364482
Tox21,fedavg_proto,0.5,1,43,200,16,16,0.1,test,server,2,77,572,649,True,0.8443828898374353
Tox21,fedavg_proto,0.5,1,43,200,16,16,0.1,test,server,3,38,538,576,True,0.7904519663470946
Tox21,fedavg_proto,0.5,1,43,200,16,16,0.1,test,server,4,80,531,611,True,0.7042372881355932
Tox21,fedavg_proto,0.5,1,43,200,16,16,0.1,test,server,5,34,647,681,True,0.8170742794799527
Tox21,fedavg_proto,0.5,1,43,200,16,16,0.1,test,server,6,21,617,638,True,0.6822566952226595
Tox21,fedavg_proto,0.5,1,43,200,16,16,0.1,test,server,7,95,494,589,True,0.8005113999573834
Tox21,fedavg_proto,0.5,1,43,200,16,16,0.1,test,server,8,32,670,702,True,0.7869402985074627
Tox21,fedavg_proto,0.5,1,43,200,16,16,0.1,test,server,9,36,621,657,True,0.6973519413132939
Tox21,fedavg_proto,0.5,1,43,200,16,16,0.1,test,server,10,93,485,578,True,0.8599711783616006
Tox21,fedavg_proto,0.5,1,43,200,16,16,0.1,test,server,11,48,624,672,True,0.7812500000000001
Tox21,fedavg_proto,0.5,1,43,200,16,16,0.1,test,client_0,0,32,693,725,True,0.7906295093795094
Tox21,fedavg_proto,0.5,1,43,200,16,16,0.1,test,client_0,1,33,646,679,True,0.8746130030959752
Tox21,fedavg_proto,0.5,1,43,200,16,16,0.1,test,client_0,2,77,572,649,True,0.8493097811279628
Tox21,fedavg_proto,0.5,1,43,200,16,16,0.1,test,client_0,3,38,538,576,True,0.7874682058305615
Tox21,fedavg_proto,0.5,1,43,200,16,16,0.1,test,client_0,4,80,531,611,True,0.6738700564971751
Tox21,fedavg_proto,0.5,1,43,200,16,16,0.1,test,client_0,5,34,647,681,True,0.7776161469224476
Tox21,fedavg_proto,0.5,1,43,200,16,16,0.1,test,client_0,6,21,617,638,True,0.6266882766072394
Tox21,fedavg_proto,0.5,1,43,200,16,16,0.1,test,client_0,7,95,494,589,True,0.7824845514596207
Tox21,fedavg_proto,0.5,1,43,200,16,16,0.1,test,client_0,8,32,670,702,True,0.7790111940298508
Tox21,fedavg_proto,0.5,1,43,200,16,16,0.1,test,client_0,9,36,621,657,True,0.6851851851851851
Tox21,fedavg_proto,0.5,1,43,200,16,16,0.1,test,client_0,10,93,485,578,True,0.8259838155415141
Tox21,fedavg_proto,0.5,1,43,200,16,16,0.1,test,client_0,11,48,624,672,True,0.761985844017094
Tox21,fedavg_proto,0.5,1,43,200,16,16,0.1,test,client_1,0,32,693,725,True,0.8068181818181819
Tox21,fedavg_proto,0.5,1,43,200,16,16,0.1,test,client_1,1,33,646,679,True,0.8996622572473966
Tox21,fedavg_proto,0.5,1,43,200,16,16,0.1,test,client_1,2,77,572,649,True,0.8366406320951775
Tox21,fedavg_proto,0.5,1,43,200,16,16,0.1,test,client_1,3,38,538,576,True,0.7612991586773626
Tox21,fedavg_proto,0.5,1,43,200,16,16,0.1,test,client_1,4,80,531,611,True,0.7107580037664785
Tox21,fedavg_proto,0.5,1,43,200,16,16,0.1,test,client_1,5,34,647,681,True,0.824529502682062
Tox21,fedavg_proto,0.5,1,43,200,16,16,0.1,test,client_1,6,21,617,638,True,0.6907463147333488
Tox21,fedavg_proto,0.5,1,43,200,16,16,0.1,test,client_1,7,95,494,589,True,0.7815469848710845
Tox21,fedavg_proto,0.5,1,43,200,16,16,0.1,test,client_1,8,32,670,702,True,0.7872667910447761
Tox21,fedavg_proto,0.5,1,43,200,16,16,0.1,test,client_1,9,36,621,657,True,0.6948470209339774
Tox21,fedavg_proto,0.5,1,43,200,16,16,0.1,test,client_1,10,93,485,578,True,0.8570890145216716
Tox21,fedavg_proto,0.5,1,43,200,16,16,0.1,test,client_1,11,48,624,672,True,0.7742053952991453
Tox21,fedavg_proto,0.5,1,43,200,16,16,0.1,test,client_2,0,32,693,725,True,0.8017676767676768
Tox21,fedavg_proto,0.5,1,43,200,16,16,0.1,test,client_2,1,33,646,679,True,0.9034149544985459
Tox21,fedavg_proto,0.5,1,43,200,16,16,0.1,test,client_2,2,77,572,649,True,0.842929797475252
Tox21,fedavg_proto,0.5,1,43,200,16,16,0.1,test,client_2,3,38,538,576,True,0.7563588338876932
Tox21,fedavg_proto,0.5,1,43,200,16,16,0.1,test,client_2,4,80,531,611,True,0.7063559322033898
Tox21,fedavg_proto,0.5,1,43,200,16,16,0.1,test,client_2,5,34,647,681,True,0.8049368124374943
Tox21,fedavg_proto,0.5,1,43,200,16,16,0.1,test,client_2,6,21,617,638,True,0.7041753492320753
Tox21,fedavg_proto,0.5,1,43,200,16,16,0.1,test,client_2,7,95,494,589,True,0.7952695503942041
Tox21,fedavg_proto,0.5,1,43,200,16,16,0.1,test,client_2,8,32,670,702,True,0.7876399253731344
Tox21,fedavg_proto,0.5,1,43,200,16,16,0.1,test,client_2,9,36,621,657,True,0.6780730005367686
Tox21,fedavg_proto,0.5,1,43,200,16,16,0.1,test,client_2,10,93,485,578,True,0.8352732513025164
Tox21,fedavg_proto,0.5,1,43,200,16,16,0.1,test,client_2,11,48,624,672,True,0.7810496794871795
Tox21,fedavg_proto,0.5,1,43,200,16,16,0.1,test,client_3,0,32,693,725,True,0.7971681096681096
Tox21,fedavg_proto,0.5,1,43,200,16,16,0.1,test,client_3,1,33,646,679,True,0.8866216342996529
Tox21,fedavg_proto,0.5,1,43,200,16,16,0.1,test,client_3,2,77,572,649,True,0.8292843520116248
Tox21,fedavg_proto,0.5,1,43,200,16,16,0.1,test,client_3,3,38,538,576,True,0.8033163764429662
Tox21,fedavg_proto,0.5,1,43,200,16,16,0.1,test,client_3,4,80,531,611,True,0.6963512241054614
Tox21,fedavg_proto,0.5,1,43,200,16,16,0.1,test,client_3,5,34,647,681,True,0.8074824984089464
Tox21,fedavg_proto,0.5,1,43,200,16,16,0.1,test,client_3,6,21,617,638,True,0.6763139615651771
Tox21,fedavg_proto,0.5,1,43,200,16,16,0.1,test,client_3,7,95,494,589,True,0.7830811847432346
Tox21,fedavg_proto,0.5,1,43,200,16,16,0.1,test,client_3,8,32,670,702,True,0.7610541044776119
Tox21,fedavg_proto,0.5,1,43,200,16,16,0.1,test,client_3,9,36,621,657,True,0.6934156378600822
Tox21,fedavg_proto,0.5,1,43,200,16,16,0.1,test,client_3,10,93,485,578,True,0.8607028045671211
Tox21,fedavg_proto,0.5,1,43,200,16,16,0.1,test,client_3,11,48,624,672,True,0.7676615918803419
Tox21,fedavg_proto,0.5,1,44,200,16,16,0.1,val,server,0,31,696,727,True,0.8173433444568038
Tox21,fedavg_proto,0.5,1,44,200,16,16,0.1,val,server,1,23,652,675,True,0.8354894638570286
Tox21,fedavg_proto,0.5,1,44,200,16,16,0.1,val,server,2,74,567,641,True,0.8321654988321655
Tox21,fedavg_proto,0.5,1,44,200,16,16,0.1,val,server,3,19,546,565,True,0.8364179679969154
Tox21,fedavg_proto,0.5,1,44,200,16,16,0.1,val,server,4,82,541,623,True,0.7149587484784274
Tox21,fedavg_proto,0.5,1,44,200,16,16,0.1,val,server,5,30,657,687,True,0.8160832064941654
Tox21,fedavg_proto,0.5,1,44,200,16,16,0.1,val,server,6,21,612,633,True,0.6941332088390911
Tox21,fedavg_proto,0.5,1,44,200,16,16,0.1,val,server,7,96,492,588,True,0.7501905487804877
Tox21,fedavg_proto,0.5,1,44,200,16,16,0.1,val,server,8,30,677,707,True,0.7953225012309207
Tox21,fedavg_proto,0.5,1,44,200,16,16,0.1,val,server,9,45,603,648,True,0.6452552054542104
Tox21,fedavg_proto,0.5,1,44,200,16,16,0.1,val,server,10,92,495,587,True,0.9049187527448397
Tox21,fedavg_proto,0.5,1,44,200,16,16,0.1,val,server,11,42,636,678,True,0.8172731356693621
Tox21,fedavg_proto,0.5,1,44,200,16,16,0.1,val,client_0,0,31,696,727,True,0.781887282165369
Tox21,fedavg_proto,0.5,1,44,200,16,16,0.1,val,client_0,1,23,652,675,True,0.8048813016804481
Tox21,fedavg_proto,0.5,1,44,200,16,16,0.1,val,client_0,2,74,567,641,True,0.8259449926116592
Tox21,fedavg_proto,0.5,1,44,200,16,16,0.1,val,client_0,3,19,546,565,True,0.7890881048775785
Tox21,fedavg_proto,0.5,1,44,200,16,16,0.1,val,client_0,4,82,541,623,True,0.7135611559442767
Tox21,fedavg_proto,0.5,1,44,200,16,16,0.1,val,client_0,5,30,657,687,True,0.8185692541856926
Tox21,fedavg_proto,0.5,1,44,200,16,16,0.1,val,client_0,6,21,612,633,True,0.6728135698723934
Tox21,fedavg_proto,0.5,1,44,200,16,16,0.1,val,client_0,7,96,492,588,True,0.7429920392953929
Tox21,fedavg_proto,0.5,1,44,200,16,16,0.1,val,client_0,8,30,677,707,True,0.8143771541112753
Tox21,fedavg_proto,0.5,1,44,200,16,16,0.1,val,client_0,9,45,603,648,True,0.6373318592224065
Tox21,fedavg_proto,0.5,1,44,200,16,16,0.1,val,client_0,10,92,495,587,True,0.8614844093104963
Tox21,fedavg_proto,0.5,1,44,200,16,16,0.1,val,client_0,11,42,636,678,True,0.8146151542377957
Tox21,fedavg_proto,0.5,1,44,200,16,16,0.1,val,client_1,0,31,696,727,True,0.8327771598071931
Tox21,fedavg_proto,0.5,1,44,200,16,16,0.1,val,client_1,1,23,652,675,True,0.8252200586823153
Tox21,fedavg_proto,0.5,1,44,200,16,16,0.1,val,client_1,2,74,567,641,True,0.8192954859621526
Tox21,fedavg_proto,0.5,1,44,200,16,16,0.1,val,client_1,3,19,546,565,True,0.7374204742625795
Tox21,fedavg_proto,0.5,1,44,200,16,16,0.1,val,client_1,4,82,541,623,True,0.7051981425544385
Tox21,fedavg_proto,0.5,1,44,200,16,16,0.1,val,client_1,5,30,657,687,True,0.8126839167935058
Tox21,fedavg_proto,0.5,1,44,200,16,16,0.1,val,client_1,6,21,612,633,True,0.6944444444444444
Tox21,fedavg_proto,0.5,1,44,200,16,16,0.1,val,client_1,7,96,492,588,True,0.7346925813008132
Tox21,fedavg_proto,0.5,1,44,200,16,16,0.1,val,client_1,8,30,677,707,True,0.7983751846381093
Tox21,fedavg_proto,0.5,1,44,200,16,16,0.1,val,client_1,9,45,603,648,True,0.6434494195688225
Tox21,fedavg_proto,0.5,1,44,200,16,16,0.1,val,client_1,10,92,495,587,True,0.8895256916996047
Tox21,fedavg_proto,0.5,1,44,200,16,16,0.1,val,client_1,11,42,636,678,True,0.8060422282120396
Tox21,fedavg_proto,0.5,1,44,200,16,16,0.1,val,client_2,0,31,696,727,True,0.8295791620318872
Tox21,fedavg_proto,0.5,1,44,200,16,16,0.1,val,client_2,1,23,652,675,True,0.8570952253934382
Tox21,fedavg_proto,0.5,1,44,200,16,16,0.1,val,client_2,2,74,567,641,True,0.8377901711235045
Tox21,fedavg_proto,0.5,1,44,200,16,16,0.1,val,client_2,3,19,546,565,True,0.8292847503373819
Tox21,fedavg_proto,0.5,1,44,200,16,16,0.1,val,client_2,4,82,541,623,True,0.7149812902934944
Tox21,fedavg_proto,0.5,1,44,200,16,16,0.1,val,client_2,5,30,657,687,True,0.834652460679858
Tox21,fedavg_proto,0.5,1,44,200,16,16,0.1,val,client_2,6,21,612,633,True,0.7198101462807345
Tox21,fedavg_proto,0.5,1,44,200,16,16,0.1,val,client_2,7,96,492,588,True,0.7485391260162602
Tox21,fedavg_proto,0.5,1,44,200,16,16,0.1,val,client_2,8,30,677,707,True,0.7913835548990645
Tox21,fedavg_proto,0.5,1,44,200,16,16,0.1,val,client_2,9,45,603,648,True,0.6479454578957067
Tox21,fedavg_proto,0.5,1,44,200,16,16,0.1,val,client_2,10,92,495,587,True,0.8846508563899869
Tox21,fedavg_proto,0.5,1,44,200,16,16,0.1,val,client_2,11,42,636,678,True,0.8102351003294399
Tox21,fedavg_proto,0.5,1,44,200,16,16,0.1,val,client_3,0,31,696,727,True,0.8211902113459398
Tox21,fedavg_proto,0.5,1,44,200,16,16,0.1,val,client_3,1,23,652,675,True,0.827554014403841
Tox21,fedavg_proto,0.5,1,44,200,16,16,0.1,val,client_3,2,74,567,641,True,0.8421278421278421
Tox21,fedavg_proto,0.5,1,44,200,16,16,0.1,val,client_3,3,19,546,565,True,0.8162714478503952
Tox21,fedavg_proto,0.5,1,44,200,16,16,0.1,val,client_3,4,82,541,623,True,0.701839412109463
Tox21,fedavg_proto,0.5,1,44,200,16,16,0.1,val,client_3,5,30,657,687,True,0.7948756976154236
Tox21,fedavg_proto,0.5,1,44,200,16,16,0.1,val,client_3,6,21,612,633,True,0.6638655462184875
Tox21,fedavg_proto,0.5,1,44,200,16,16,0.1,val,client_3,7,96,492,588,True,0.7256732723577236
Tox21,fedavg_proto,0.5,1,44,200,16,16,0.1,val,client_3,8,30,677,707,True,0.7726735598227474
Tox21,fedavg_proto,0.5,1,44,200,16,16,0.1,val,client_3,9,45,603,648,True,0.6141883176709049
Tox21,fedavg_proto,0.5,1,44,200,16,16,0.1,val,client_3,10,92,495,587,True,0.9045234958278436
Tox21,fedavg_proto,0.5,1,44,200,16,16,0.1,val,client_3,11,42,636,678,True,0.7995283018867925
Tox21,fedavg_proto,0.5,1,44,200,16,16,0.1,test,server,0,32,693,725,True,0.8027146464646465
Tox21,fedavg_proto,0.5,1,44,200,16,16,0.1,test,server,1,33,646,679,True,0.9068392907402195
Tox21,fedavg_proto,0.5,1,44,200,16,16,0.1,test,server,2,77,572,649,True,0.8436790482245028
Tox21,fedavg_proto,0.5,1,44,200,16,16,0.1,test,server,3,38,538,576,True,0.7880062610056741
Tox21,fedavg_proto,0.5,1,44,200,16,16,0.1,test,server,4,80,531,611,True,0.7066619585687383
Tox21,fedavg_proto,0.5,1,44,200,16,16,0.1,test,server,5,34,647,681,True,0.817165196836076
Tox21,fedavg_proto,0.5,1,44,200,16,16,0.1,test,server,6,21,617,638,True,0.684572045998302
Tox21,fedavg_proto,0.5,1,44,200,16,16,0.1,test,server,7,95,494,589,True,0.8027700831024932
Tox21,fedavg_proto,0.5,1,44,200,16,16,0.1,test,server,8,32,670,702,True,0.7935167910447761
Tox21,fedavg_proto,0.5,1,44,200,16,16,0.1,test,server,9,36,621,657,True,0.698380747897656
Tox21,fedavg_proto,0.5,1,44,200,16,16,0.1,test,server,10,93,485,578,True,0.8590400177363928
Tox21,fedavg_proto,0.5,1,44,200,16,16,0.1,test,server,11,48,624,672,True,0.7831196581196581
Tox21,fedavg_proto,0.5,1,44,200,16,16,0.1,test,client_0,0,32,693,725,True,0.7921176046176046
Tox21,fedavg_proto,0.5,1,44,200,16,16,0.1,test,client_0,1,33,646,679,True,0.8856365512712262
Tox21,fedavg_proto,0.5,1,44,200,16,16,0.1,test,client_0,2,77,572,649,True,0.8468576877667786
Tox21,fedavg_proto,0.5,1,44,200,16,16,0.1,test,client_0,3,38,538,576,True,0.7462336137742125
Tox21,fedavg_proto,0.5,1,44,200,16,16,0.1,test,client_0,4,80,531,611,True,0.684934086629002
Tox21,fedavg_proto,0.5,1,44,200,16,16,0.1,test,client_0,5,34,647,681,True,0.7698427129739067
Tox21,fedavg_proto,0.5,1,44,200,16,16,0.1,test,client_0,6,21,617,638,True,0.6388824573589565
Tox21,fedavg_proto,0.5,1,44,200,16,16,0.1,test,client_0,7,95,494,589,True,0.7847432346047304
Tox21,fedavg_proto,0.5,1,44,200,16,16,0.1,test,client_0,8,32,670,702,True,0.7850279850746268
Tox21,fedavg_proto,0.5,1,44,200,16,16,0.1,test,client_0,9,36,621,657,True,0.6584809447128289
Tox21,fedavg_proto,0.5,1,44,200,16,16,0.1,test,client_0,10,93,485,578,True,0.8206185567010308
Tox21,fedavg_proto,0.5,1,44,200,16,16,0.1,test,client_0,11,48,624,672,True,0.7573784722222222
Tox21,fedavg_proto,0.5,1,44,200,16,16,0.1,test,client_1,0,32,693,725,True,0.8026244588744589
Tox21,fedavg_proto,0.5,1,44,200,16,16,0.1,test,client_1,1,33,646,679,True,0.8988648090815274
Tox21,fedavg_proto,0.5,1,44,200,16,16,0.1,test,client_1,2,77,572,649,True,0.8330533103260376
Tox21,fedavg_proto,0.5,1,44,200,16,16,0.1,test,client_1,3,38,538,576,True,0.7609078458227353
Tox21,fedavg_proto,0.5,1,44,200,16,16,0.1,test,client_1,4,80,531,611,True,0.7058851224105461
Tox21,fedavg_proto,0.5,1,44,200,16,16,0.1,test,client_1,5,34,647,681,True,0.8260750977361578
Tox21,fedavg_proto,0.5,1,44,200,16,16,0.1,test,client_1,6,21,617,638,True,0.6904376012965964
Tox21,fedavg_proto,0.5,1,44,200,16,16,0.1,test,client_1,7,95,494,589,True,0.7803750266354146
Tox21,fedavg_proto,0.5,1,44,200,16,16,0.1,test,client_1,8,32,670,702,True,0.7881529850746268
Tox21,fedavg_proto,0.5,1,44,200,16,16,0.1,test,client_1,9,36,621,657,True,0.6956969046341026
Tox21,fedavg_proto,0.5,1,44,200,16,16,0.1,test,client_1,10,93,485,578,True,0.8545394080478883
Tox21,fedavg_proto,0.5,1,44,200,16,16,0.1,test,client_1,11,48,624,672,True,0.7839877136752137
Tox21,fedavg_proto,0.5,1,44,200,16,16,0.1,test,client_2,0,32,693,725,True,0.8101100288600287
Tox21,fedavg_proto,0.5,1,44,200,16,16,0.1,test,client_2,1,33,646,679,True,0.9072145604653344
Tox21,fedavg_proto,0.5,1,44,200,16,16,0.1,test,client_2,2,77,572,649,True,0.8360503133230407
Tox21,fedavg_proto,0.5,1,44,200,16,16,0.1,test,client_2,3,38,538,576,True,0.7660438270397183
Tox21,fedavg_proto,0.5,1,44,200,16,16,0.1,test,client_2,4,80,531,611,True,0.7070386064030132
Tox21,fedavg_proto,0.5,1,44,200,16,16,0.1,test,client_2,5,34,647,681,True,0.801300118192563
Tox21,fedavg_proto,0.5,1,44,200,16,16,0.1,test,client_2,6,21,617,638,True,0.7070309485220344
Tox21,fedavg_proto,0.5,1,44,200,16,16,0.1,test,client_2,7,95,494,589,True,0.8026848497762626
Tox21,fedavg_proto,0.5,1,44,200,16,16,0.1,test,client_2,8,32,670,702,True,0.8016791044776119
Tox21,fedavg_proto,0.5,1,44,200,16,16,0.1,test,client_2,9,36,621,657,True,0.6960994811236357
Tox21,fedavg_proto,0.5,1,44,200,16,16,0.1,test,client_2,10,93,485,578,True,0.8359383660348078
Tox21,fedavg_proto,0.5,1,44,200,16,16,0.1,test,client_2,11,48,624,672,True,0.7836872329059829
Tox21,fedavg_proto,0.5,1,44,200,16,16,0.1,test,client_3,0,32,693,725,True,0.7873827561327562
Tox21,fedavg_proto,0.5,1,44,200,16,16,0.1,test,client_3,1,33,646,679,True,0.8934703067830003
Tox21,fedavg_proto,0.5,1,44,200,16,16,0.1,test,client_3,2,77,572,649,True,0.829942784488239
Tox21,fedavg_proto,0.5,1,44,200,16,16,0.1,test,client_3,3,38,538,576,True,0.8124633144198786
Tox21,fedavg_proto,0.5,1,44,200,16,16,0.1,test,client_3,4,80,531,611,True,0.6968691148775895
Tox21,fedavg_proto,0.5,1,44,200,16,16,0.1,test,client_3,5,34,647,681,True,0.8166651513773979
Tox21,fedavg_proto,0.5,1,44,200,16,16,0.1,test,client_3,6,21,617,638,True,0.6828741220961643
Tox21,fedavg_proto,0.5,1,44,200,16,16,0.1,test,client_3,7,95,494,589,True,0.7876624760281271
Tox21,fedavg_proto,0.5,1,44,200,16,16,0.1,test,client_3,8,32,670,702,True,0.764365671641791
Tox21,fedavg_proto,0.5,1,44,200,16,16,0.1,test,client_3,9,36,621,657,True,0.6927894077652532
Tox21,fedavg_proto,0.5,1,44,200,16,16,0.1,test,client_3,10,93,485,578,True,0.8571998669770535
Tox21,fedavg_proto,0.5,1,44,200,16,16,0.1,test,client_3,11,48,624,672,True,0.7906316773504274
Tox21,fedavg_proto,0.5,1,45,200,16,16,0.1,val,server,0,31,696,727,True,0.8186874304783092
Tox21,fedavg_proto,0.5,1,45,200,16,16,0.1,val,server,1,23,652,675,True,0.8406241664443853
Tox21,fedavg_proto,0.5,1,45,200,16,16,0.1,val,server,2,74,567,641,True,0.8294246627579962
Tox21,fedavg_proto,0.5,1,45,200,16,16,0.1,val,server,3,19,546,565,True,0.8315018315018315
Tox21,fedavg_proto,0.5,1,45,200,16,16,0.1,val,server,4,82,541,623,True,0.7134709886840088
Tox21,fedavg_proto,0.5,1,45,200,16,16,0.1,val,server,5,30,657,687,True,0.8212582445459158
Tox21,fedavg_proto,0.5,1,45,200,16,16,0.1,val,server,6,21,612,633,True,0.6918767507002801
Tox21,fedavg_proto,0.5,1,45,200,16,16,0.1,val,server,7,96,492,588,True,0.747607554200542
Tox21,fedavg_proto,0.5,1,45,200,16,16,0.1,val,server,8,30,677,707,True,0.7964057114721812
Tox21,fedavg_proto,0.5,1,45,200,16,16,0.1,val,server,9,45,603,648,True,0.6480928689883914
Tox21,fedavg_proto,0.5,1,45,200,16,16,0.1,val,server,10,92,495,587,True,0.9008783487044356
Tox21,fedavg_proto,0.5,1,45,200,16,16,0.1,val,server,11,42,636,678,True,0.8182839173405211
Tox21,fedavg_proto,0.5,1,45,200,16,16,0.1,val,client_0,0,31,696,727,True,0.7935669262143122
Tox21,fedavg_proto,0.5,1,45,200,16,16,0.1,val,client_0,1,23,652,675,True,0.8238196852493999
Tox21,fedavg_proto,0.5,1,45,200,16,16,0.1,val,client_0,2,74,567,641,True,0.8266361599694931
Tox21,fedavg_proto,0.5,1,45,200,16,16,0.1,val,client_0,3,19,546,565,True,0.8356468093310199
Tox21,fedavg_proto,0.5,1,45,200,16,16,0.1,val,client_0,4,82,541,623,True,0.7100897164239666
Tox21,fedavg_proto,0.5,1,45,200,16,16,0.1,val,client_0,5,30,657,687,True,0.8165905631659057
Tox21,fedavg_proto,0.5,1,45,200,16,16,0.1,val,client_0,6,21,612,633,True,0.6690787426081544
Tox21,fedavg_proto,0.5,1,45,200,16,16,0.1,val,client_0,7,96,492,588,True,0.758617039295393
Tox21,fedavg_proto,0.5,1,45,200,16,16,0.1,val,client_0,8,30,677,707,True,0.7914327917282127
Tox21,fedavg_proto,0.5,1,45,200,16,16,0.1,val,client_0,9,45,603,648,True,0.6599963147226829
Tox21,fedavg_proto,0.5,1,45,200,16,16,0.1,val,client_0,10,92,495,587,True,0.8762406675450153
Tox21,fedavg_proto,0.5,1,45,200,16,16,0.1,val,client_0,11,42,636,678,True,0.8165618448637317
Tox21,fedavg_proto,0.5,1,45,200,16,16,0.1,val,client_1,0,31,696,727,True,0.8318965517241379
Tox21,fedavg_proto,0.5,1,45,200,16,16,0.1,val,client_1,1,23,652,675,True,0.8320885569485196
Tox21,fedavg_proto,0.5,1,45,200,16,16,0.1,val,client_1,2,74,567,641,True,0.8163639830306496
Tox21,fedavg_proto,0.5,1,45,200,16,16,0.1,val,client_1,3,19,546,565,True,0.7513013302486986
Tox21,fedavg_proto,0.5,1,45,200,16,16,0.1,val,client_1,4,82,541,623,True,0.7024254993012038
Tox21,fedavg_proto,0.5,1,45,200,16,16,0.1,val,client_1,5,30,657,687,True,0.8039066463723997
Tox21,fedavg_proto,0.5,1,45,200,16,16,0.1,val,client_1,6,21,612,633,True,0.6846405228758169
Tox21,fedavg_proto,0.5,1,45,200,16,16,0.1,val,client_1,7,96,492,588,True,0.728150406504065
Tox21,fedavg_proto,0.5,1,45,200,16,16,0.1,val,client_1,8,30,677,707,True,0.786410635155096
Tox21,fedavg_proto,0.5,1,45,200,16,16,0.1,val,client_1,9,45,603,648,True,0.6413488114980652
Tox21,fedavg_proto,0.5,1,45,200,16,16,0.1,val,client_1,10,92,495,587,True,0.8930171277997365
Tox21,fedavg_proto,0.5,1,45,200,16,16,0.1,val,client_1,11,42,636,678,True,0.7982180293501048
Tox21,fedavg_proto,0.5,1,45,200,16,16,0.1,val,client_2,0,31,696,727,True,0.8157211716722285
Tox21,fedavg_proto,0.5,1,45,200,16,16,0.1,val,client_2,1,23,652,675,True,0.8488263536943185
Tox21,fedavg_proto,0.5,1,45,200,16,16,0.1,val,client_2,2,74,567,641,True,0.8229419896086564
Tox21,fedavg_proto,0.5,1,45,200,16,16,0.1,val,client_2,3,19,546,565,True,0.7779063042220937
Tox21,fedavg_proto,0.5,1,45,200,16,16,0.1,val,client_2,4,82,541,623,True,0.7101798836842343
Tox21,fedavg_proto,0.5,1,45,200,16,16,0.1,val,client_2,5,30,657,687,True,0.8395230847285642
Tox21,fedavg_proto,0.5,1,45,200,16,16,0.1,val,client_2,6,21,612,633,True,0.7214441332088392
Tox21,fedavg_proto,0.5,1,45,200,16,16,0.1,val,client_2,7,96,492,588,True,0.737402608401084
Tox21,fedavg_proto,0.5,1,45,200,16,16,0.1,val,client_2,8,30,677,707,True,0.812850812407681
Tox21,fedavg_proto,0.5,1,45,200,16,16,0.1,val,client_2,9,45,603,648,True,0.6491247466371843
Tox21,fedavg_proto,0.5,1,45,200,16,16,0.1,val,client_2,10,92,495,587,True,0.8695432586736935
Tox21,fedavg_proto,0.5,1,45,200,16,16,0.1,val,client_2,11,42,636,678,True,0.8188080263551961
Tox21,fedavg_proto,0.5,1,45,200,16,16,0.1,val,client_3,0,31,696,727,True,0.8139599555061179
Tox21,fedavg_proto,0.5,1,45,200,16,16,0.1,val,client_3,1,23,652,675,True,0.8192184582555347
Tox21,fedavg_proto,0.5,1,45,200,16,16,0.1,val,client_3,2,74,567,641,True,0.8357643357643358
Tox21,fedavg_proto,0.5,1,45,200,16,16,0.1,val,client_3,3,19,546,565,True,0.8327549643339116
Tox21,fedavg_proto,0.5,1,45,200,16,16,0.1,val,client_3,4,82,541,623,True,0.7037103827600198
Tox21,fedavg_proto,0.5,1,45,200,16,16,0.1,val,client_3,5,30,657,687,True,0.8012683916793506
Tox21,fedavg_proto,0.5,1,45,200,16,16,0.1,val,client_3,6,21,612,633,True,0.6521164021164021
Tox21,fedavg_proto,0.5,1,45,200,16,16,0.1,val,client_3,7,96,492,588,True,0.7199991531165312
Tox21,fedavg_proto,0.5,1,45,200,16,16,0.1,val,client_3,8,30,677,707,True,0.7729197439684885
Tox21,fedavg_proto,0.5,1,45,200,16,16,0.1,val,client_3,9,45,603,648,True,0.6110926847245255
Tox21,fedavg_proto,0.5,1,45,200,16,16,0.1,val,client_3,10,92,495,587,True,0.8964207290294247
Tox21,fedavg_proto,0.5,1,45,200,16,16,0.1,val,client_3,11,42,636,678,True,0.7915543575920934
Tox21,fedavg_proto,0.5,1,45,200,16,16,0.1,test,server,0,32,693,725,True,0.8006854256854258
Tox21,fedavg_proto,0.5,1,45,200,16,16,0.1,test,server,1,33,646,679,True,0.9035087719298246
Tox21,fedavg_proto,0.5,1,45,200,16,16,0.1,test,server,2,77,572,649,True,0.8400690218872038
Tox21,fedavg_proto,0.5,1,45,200,16,16,0.1,test,server,3,38,538,576,True,0.7814028565838388
Tox21,fedavg_proto,0.5,1,45,200,16,16,0.1,test,server,4,80,531,611,True,0.7060969868173257
Tox21,fedavg_proto,0.5,1,45,200,16,16,0.1,test,server,5,34,647,681,True,0.8197108828075279
Tox21,fedavg_proto,0.5,1,45,200,16,16,0.1,test,server,6,21,617,638,True,0.6926757737130509
Tox21,fedavg_proto,0.5,1,45,200,16,16,0.1,test,server,7,95,494,589,True,0.7976134668655444
Tox21,fedavg_proto,0.5,1,45,200,16,16,0.1,test,server,8,32,670,702,True,0.796268656716418
Tox21,fedavg_proto,0.5,1,45,200,16,16,0.1,test,server,9,36,621,657,True,0.7020933977455718
Tox21,fedavg_proto,0.5,1,45,200,16,16,0.1,test,server,10,93,485,578,True,0.8642500831393415
Tox21,fedavg_proto,0.5,1,45,200,16,16,0.1,test,server,11,48,624,672,True,0.7776442307692308
Tox21,fedavg_proto,0.5,1,45,200,16,16,0.1,test,client_0,0,32,693,725,True,0.7762445887445887
Tox21,fedavg_proto,0.5,1,45,200,16,16,0.1,test,client_0,1,33,646,679,True,0.8961910122900834
Tox21,fedavg_proto,0.5,1,45,200,16,16,0.1,test,client_0,2,77,572,649,True,0.8446099355190265
Tox21,fedavg_proto,0.5,1,45,200,16,16,0.1,test,client_0,3,38,538,576,True,0.7702504402269614
Tox21,fedavg_proto,0.5,1,45,200,16,16,0.1,test,client_0,4,80,531,611,True,0.6951977401129943
Tox21,fedavg_proto,0.5,1,45,200,16,16,0.1,test,client_0,5,34,647,681,True,0.8098463496681516
Tox21,fedavg_proto,0.5,1,45,200,16,16,0.1,test,client_0,6,21,617,638,True,0.6712973682179517
Tox21,fedavg_proto,0.5,1,45,200,16,16,0.1,test,client_0,7,95,494,589,True,0.7815043682079692
Tox21,fedavg_proto,0.5,1,45,200,16,16,0.1,test,client_0,8,32,670,702,True,0.7957089552238805
Tox21,fedavg_proto,0.5,1,45,200,16,16,0.1,test,client_0,9,36,621,657,True,0.6997226695294329
Tox21,fedavg_proto,0.5,1,45,200,16,16,0.1,test,client_0,10,93,485,578,True,0.8395964970624099
Tox21,fedavg_proto,0.5,1,45,200,16,16,0.1,test,client_0,11,48,624,672,True,0.7666933760683761
Tox21,fedavg_proto,0.5,1,45,200,16,16,0.1,test,client_1,0,32,693,725,True,0.8021735209235209
Tox21,fedavg_proto,0.5,1,45,200,16,16,0.1,test,client_1,1,33,646,679,True,0.9024298714701191
Tox21,fedavg_proto,0.5,1,45,200,16,16,0.1,test,client_1,2,77,572,649,True,0.8314866951230587
Tox21,fedavg_proto,0.5,1,45,200,16,16,0.1,test,client_1,3,38,538,576,True,0.7713754646840149
Tox21,fedavg_proto,0.5,1,45,200,16,16,0.1,test,client_1,4,80,531,611,True,0.6995056497175142
Tox21,fedavg_proto,0.5,1,45,200,16,16,0.1,test,client_1,5,34,647,681,True,0.8264842258387126
Tox21,fedavg_proto,0.5,1,45,200,16,16,0.1,test,client_1,6,21,617,638,True,0.6884309639577062
Tox21,fedavg_proto,0.5,1,45,200,16,16,0.1,test,client_1,7,95,494,589,True,0.7797357766886854
Tox21,fedavg_proto,0.5,1,45,200,16,16,0.1,test,client_1,8,32,670,702,True,0.7886194029850747
Tox21,fedavg_proto,0.5,1,45,200,16,16,0.1,test,client_1,9,36,621,657,True,0.7006620146716764
Tox21,fedavg_proto,0.5,1,45,200,16,16,0.1,test,client_1,10,93,485,578,True,0.8548054539408049
Tox21,fedavg_proto,0.5,1,45,200,16,16,0.1,test,client_1,11,48,624,672,True,0.7822182158119658
Tox21,fedavg_proto,0.5,1,45,200,16,16,0.1,test,client_2,0,32,693,725,True,0.8051948051948052
Tox21,fedavg_proto,0.5,1,45,200,16,16,0.1,test,client_2,1,33,646,679,True,0.8961910122900835
Tox21,fedavg_proto,0.5,1,45,200,16,16,0.1,test,client_2,2,77,572,649,True,0.8287621469439651
Tox21,fedavg_proto,0.5,1,45,200,16,16,0.1,test,client_2,3,38,538,576,True,0.7301408726276657
Tox21,fedavg_proto,0.5,1,45,200,16,16,0.1,test,client_2,4,80,531,611,True,0.6982344632768362
Tox21,fedavg_proto,0.5,1,45,200,16,16,0.1,test,client_2,5,34,647,681,True,0.7715246840621874
Tox21,fedavg_proto,0.5,1,45,200,16,16,0.1,test,client_2,6,21,617,638,True,0.7034807439993827
Tox21,fedavg_proto,0.5,1,45,200,16,16,0.1,test,client_2,7,95,494,589,True,0.7929895589175369
Tox21,fedavg_proto,0.5,1,45,200,16,16,0.1,test,client_2,8,32,670,702,True,0.8027052238805971
Tox21,fedavg_proto,0.5,1,45,200,16,16,0.1,test,client_2,9,36,621,657,True,0.6839774557165861
Tox21,fedavg_proto,0.5,1,45,200,16,16,0.1,test,client_2,10,93,485,578,True,0.8241658352732513
Tox21,fedavg_proto,0.5,1,45,200,16,16,0.1,test,client_2,11,48,624,672,True,0.7651909722222222
Tox21,fedavg_proto,0.5,1,45,200,16,16,0.1,test,client_3,0,32,693,725,True,0.7994227994227995
Tox21,fedavg_proto,0.5,1,45,200,16,16,0.1,test,client_3,1,33,646,679,True,0.8879350783375551
Tox21,fedavg_proto,0.5,1,45,200,16,16,0.1,test,client_3,2,77,572,649,True,0.8317591499409681
Tox21,fedavg_proto,0.5,1,45,200,16,16,0.1,test,client_3,3,38,538,576,True,0.8030718059088241
Tox21,fedavg_proto,0.5,1,45,200,16,16,0.1,test,client_3,4,80,531,611,True,0.7005885122410546
Tox21,fedavg_proto,0.5,1,45,200,16,16,0.1,test,client_3,5,34,647,681,True,0.814755886898809
Tox21,fedavg_proto,0.5,1,45,200,16,16,0.1,test,client_3,6,21,617,638,True,0.6834915489696689
Tox21,fedavg_proto,0.5,1,45,200,16,16,0.1,test,client_3,7,95,494,589,True,0.7835712763690602
Tox21,fedavg_proto,0.5,1,45,200,16,16,0.1,test,client_3,8,32,670,702,True,0.7569496268656717
Tox21,fedavg_proto,0.5,1,45,200,16,16,0.1,test,client_3,9,36,621,657,True,0.6903739488280551
Tox21,fedavg_proto,0.5,1,45,200,16,16,0.1,test,client_3,10,93,485,578,True,0.8632524110409046
Tox21,fedavg_proto,0.5,1,45,200,16,16,0.1,test,client_3,11,48,624,672,True,0.7688301282051282
Tox21,fedavg_proto,0.5,1,46,200,16,16,0.1,val,server,0,31,696,727,True,0.8155821282906933
Tox21,fedavg_proto,0.5,1,46,200,16,16,0.1,val,server,1,23,652,675,True,0.833488930381435
Tox21,fedavg_proto,0.5,1,46,200,16,16,0.1,val,server,2,74,567,641,True,0.8336193336193336
Tox21,fedavg_proto,0.5,1,46,200,16,16,0.1,val,server,3,19,546,565,True,0.8440331598226335
Tox21,fedavg_proto,0.5,1,46,200,16,16,0.1,val,server,4,82,541,623,True,0.7125242324511969
Tox21,fedavg_proto,0.5,1,46,200,16,16,0.1,val,server,5,30,657,687,True,0.8229832572298326
Tox21,fedavg_proto,0.5,1,46,200,16,16,0.1,val,server,6,21,612,633,True,0.6901649548708372
Tox21,fedavg_proto,0.5,1,46,200,16,16,0.1,val,server,7,96,492,588,True,0.7521807249322493
Tox21,fedavg_proto,0.5,1,46,200,16,16,0.1,val,server,8,30,677,707,True,0.8033973412112261
Tox21,fedavg_proto,0.5,1,46,200,16,16,0.1,val,server,9,45,603,648,True,0.6516307352128249
Tox21,fedavg_proto,0.5,1,46,200,16,16,0.1,val,server,10,92,495,587,True,0.9059947299077734
Tox21,fedavg_proto,0.5,1,46,200,16,16,0.1,val,server,11,42,636,678,True,0.8197439353099731
Tox21,fedavg_proto,0.5,1,46,200,16,16,0.1,val,client_0,0,31,696,727,True,0.7820726733407489
Tox21,fedavg_proto,0.5,1,46,200,16,16,0.1,val,client_0,1,23,652,675,True,0.8078154174446519
Tox21,fedavg_proto,0.5,1,46,200,16,16,0.1,val,client_0,2,74,567,641,True,0.8090471423804757
Tox21,fedavg_proto,0.5,1,46,200,16,16,0.1,val,client_0,3,19,546,565,True,0.8452862926547137
Tox21,fedavg_proto,0.5,1,46,200,16,16,0.1,val,client_0,4,82,541,623,True,0.6980073035480816
Tox21,fedavg_proto,0.5,1,46,200,16,16,0.1,val,client_0,5,30,657,687,True,0.8091831557584982
Tox21,fedavg_proto,0.5,1,46,200,16,16,0.1,val,client_0,6,21,612,633,True,0.655073140367258
Tox21,fedavg_proto,0.5,1,46,200,16,16,0.1,val,client_0,7,96,492,588,True,0.7552718495934959
Tox21,fedavg_proto,0.5,1,46,200,16,16,0.1,val,client_0,8,30,677,707,True,0.7924175283111767
Tox21,fedavg_proto,0.5,1,46,200,16,16,0.1,val,client_0,9,45,603,648,True,0.6712732633130643
Tox21,fedavg_proto,0.5,1,46,200,16,16,0.1,val,client_0,10,92,495,587,True,0.8857487922705313
Tox21,fedavg_proto,0.5,1,46,200,16,16,0.1,val,client_0,11,42,636,678,True,0.8199311171009285
Tox21,fedavg_proto,0.5,1,46,200,16,16,0.1,val,client_1,0,31,696,727,True,0.8273081201334817
Tox21,fedavg_proto,0.5,1,46,200,16,16,0.1,val,client_1,1,23,652,675,True,0.8203520938917045
Tox21,fedavg_proto,0.5,1,46,200,16,16,0.1,val,client_1,2,74,567,641,True,0.8225129891796559
Tox21,fedavg_proto,0.5,1,46,200,16,16,0.1,val,client_1,3,19,546,565,True,0.7597840755735493
Tox21,fedavg_proto,0.5,1,46,200,16,16,0.1,val,client_1,4,82,541,623,True,0.7051756007393717
Tox21,fedavg_proto,0.5,1,46,200,16,16,0.1,val,client_1,5,30,657,687,True,0.810958904109589
Tox21,fedavg_proto,0.5,1,46,200,16,16,0.1,val,client_1,6,21,612,633,True,0.6821506380329909
Tox21,fedavg_proto,0.5,1,46,200,16,16,0.1,val,client_1,7,96,492,588,True,0.7320248983739837
Tox21,fedavg_proto,0.5,1,46,200,16,16,0.1,val,client_1,8,30,677,707,True,0.7906450024618414
Tox21,fedavg_proto,0.5,1,46,200,16,16,0.1,val,client_1,9,45,603,648,True,0.6341625207296848
Tox21,fedavg_proto,0.5,1,46,200,16,16,0.1,val,client_1,10,92,495,587,True,0.8986385595081247
Tox21,fedavg_proto,0.5,1,46,200,16,16,0.1,val,client_1,11,42,636,678,True,0.7921533393231507
Tox21,fedavg_proto,0.5,1,46,200,16,16,0.1,val,client_2,0,31,696,727,True,0.8098350018539119
Tox21,fedavg_proto,0.5,1,46,200,16,16,0.1,val,client_2,1,23,652,675,True,0.8481595092024541
Tox21,fedavg_proto,0.5,1,46,200,16,16,0.1,val,client_2,2,74,567,641,True,0.8309976643309976
Tox21,fedavg_proto,0.5,1,46,200,16,16,0.1,val,client_2,3,19,546,565,True,0.8110661268556005
Tox21,fedavg_proto,0.5,1,46,200,16,16,0.1,val,client_2,4,82,541,623,True,0.7095261710472927
Tox21,fedavg_proto,0.5,1,46,200,16,16,0.1,val,client_2,5,30,657,687,True,0.8415525114155251
Tox21,fedavg_proto,0.5,1,46,200,16,16,0.1,val,client_2,6,21,612,633,True,0.728135698723934
Tox21,fedavg_proto,0.5,1,46,200,16,16,0.1,val,client_2,7,96,492,588,True,0.7453421409214093
Tox21,fedavg_proto,0.5,1,46,200,16,16,0.1,val,client_2,8,30,677,707,True,0.8153618906942394
Tox21,fedavg_proto,0.5,1,46,200,16,16,0.1,val,client_2,9,45,603,648,True,0.6546526626128616
Tox21,fedavg_proto,0.5,1,46,200,16,16,0.1,val,client_2,10,92,495,587,True,0.8806104523495828
Tox21,fedavg_proto,0.5,1,46,200,16,16,0.1,val,client_2,11,42,636,678,True,0.8230008984725965
Tox21,fedavg_proto,0.5,1,46,200,16,16,0.1,val,client_3,0,31,696,727,True,0.8128012606599925
Tox21,fedavg_proto,0.5,1,46,200,16,16,0.1,val,client_3,1,23,652,675,True,0.8153507602027207
Tox21,fedavg_proto,0.5,1,46,200,16,16,0.1,val,client_3,2,74,567,641,True,0.8418418418418419
Tox21,fedavg_proto,0.5,1,46,200,16,16,0.1,val,client_3,3,19,546,565,True,0.8460574513206092
Tox21,fedavg_proto,0.5,1,46,200,16,16,0.1,val,client_3,4,82,541,623,True,0.7011631576574546
Tox21,fedavg_proto,0.5,1,46,200,16,16,0.1,val,client_3,5,30,657,687,True,0.8081177067478438
Tox21,fedavg_proto,0.5,1,46,200,16,16,0.1,val,client_3,6,21,612,633,True,0.6431683784624961
Tox21,fedavg_proto,0.5,1,46,200,16,16,0.1,val,client_3,7,96,492,588,True,0.7255674119241192
Tox21,fedavg_proto,0.5,1,46,200,16,16,0.1,val,client_3,8,30,677,707,True,0.775726243229936
Tox21,fedavg_proto,0.5,1,46,200,16,16,0.1,val,client_3,9,45,603,648,True,0.6143725815367606
Tox21,fedavg_proto,0.5,1,46,200,16,16,0.1,val,client_3,10,92,495,587,True,0.8928194993412385
Tox21,fedavg_proto,0.5,1,46,200,16,16,0.1,val,client_3,11,42,636,678,True,0.7879604672057501
Tox21,fedavg_proto,0.5,1,46,200,16,16,0.1,test,server,0,32,693,725,True,0.8028499278499278
Tox21,fedavg_proto,0.5,1,46,200,16,16,0.1,test,server,1,33,646,679,True,0.90088188385402
Tox21,fedavg_proto,0.5,1,46,200,16,16,0.1,test,server,2,77,572,649,True,0.8442466624284807
Tox21,fedavg_proto,0.5,1,46,200,16,16,0.1,test,server,3,38,538,576,True,0.7883975738603012
Tox21,fedavg_proto,0.5,1,46,200,16,16,0.1,test,server,4,80,531,611,True,0.7035075329566854
Tox21,fedavg_proto,0.5,1,46,200,16,16,0.1,test,server,5,34,647,681,True,0.8168924447677062
Tox21,fedavg_proto,0.5,1,46,200,16,16,0.1,test,server,6,21,617,638,True,0.6841861542023617
Tox21,fedavg_proto,0.5,1,46,200,16,16,0.1,test,server,7,95,494,589,True,0.8004261666311528
Tox21,fedavg_proto,0.5,1,46,200,16,16,0.1,test,server,8,32,670,702,True,0.7951958955223881
Tox21,fedavg_proto,0.5,1,46,200,16,16,0.1,test,server,9,36,621,657,True,0.7017802826981571
Tox21,fedavg_proto,0.5,1,46,200,16,16,0.1,test,server,10,93,485,578,True,0.8630307061301409
Tox21,fedavg_proto,0.5,1,46,200,16,16,0.1,test,server,11,48,624,672,True,0.7832532051282051
Tox21,fedavg_proto,0.5,1,46,200,16,16,0.1,test,client_0,0,32,693,725,True,0.7815656565656566
Tox21,fedavg_proto,0.5,1,46,200,16,16,0.1,test,client_0,1,33,646,679,True,0.8773337086030586
Tox21,fedavg_proto,0.5,1,46,200,16,16,0.1,test,client_0,2,77,572,649,True,0.8399782036145672
Tox21,fedavg_proto,0.5,1,46,200,16,16,0.1,test,client_0,3,38,538,576,True,0.7767560164351398
Tox21,fedavg_proto,0.5,1,46,200,16,16,0.1,test,client_0,4,80,531,611,True,0.6826035781544256
Tox21,fedavg_proto,0.5,1,46,200,16,16,0.1,test,client_0,5,34,647,681,True,0.7834348577143376
Tox21,fedavg_proto,0.5,1,46,200,16,16,0.1,test,client_0,6,21,617,638,True,0.6561704098170873
Tox21,fedavg_proto,0.5,1,46,200,16,16,0.1,test,client_0,7,95,494,589,True,0.7880247176646069
Tox21,fedavg_proto,0.5,1,46,200,16,16,0.1,test,client_0,8,32,670,702,True,0.7948227611940298
Tox21,fedavg_proto,0.5,1,46,200,16,16,0.1,test,client_0,9,36,621,657,True,0.7095186974414027
Tox21,fedavg_proto,0.5,1,46,200,16,16,0.1,test,client_0,10,93,485,578,True,0.8411484314377564
Tox21,fedavg_proto,0.5,1,46,200,16,16,0.1,test,client_0,11,48,624,672,True,0.7726696047008547
Tox21,fedavg_proto,0.5,1,46,200,16,16,0.1,test,client_1,0,32,693,725,True,0.8022637085137085
Tox21,fedavg_proto,0.5,1,46,200,16,16,0.1,test,client_1,1,33,646,679,True,0.8975982737592645
Tox21,fedavg_proto,0.5,1,46,200,16,16,0.1,test,client_1,2,77,572,649,True,0.8327127418036508
Tox21,fedavg_proto,0.5,1,46,200,16,16,0.1,test,client_1,3,38,538,576,True,0.7658481706124046
Tox21,fedavg_proto,0.5,1,46,200,16,16,0.1,test,client_1,4,80,531,611,True,0.7018126177024483
Tox21,fedavg_proto,0.5,1,46,200,16,16,0.1,test,client_1,5,34,647,681,True,0.827211564687699
Tox21,fedavg_proto,0.5,1,46,200,16,16,0.1,test,client_1,6,21,617,638,True,0.6857297213861233
Tox21,fedavg_proto,0.5,1,46,200,16,16,0.1,test,client_1,7,95,494,589,True,0.7742382271468145
Tox21,fedavg_proto,0.5,1,46,200,16,16,0.1,test,client_1,8,32,670,702,True,0.7775186567164178
Tox21,fedavg_proto,0.5,1,46,200,16,16,0.1,test,client_1,9,36,621,657,True,0.6961889425657541
Tox21,fedavg_proto,0.5,1,46,200,16,16,0.1,test,client_1,10,93,485,578,True,0.8514133688061191
Tox21,fedavg_proto,0.5,1,46,200,16,16,0.1,test,client_1,11,48,624,672,True,0.7868923611111112
Tox21,fedavg_proto,0.5,1,46,200,16,16,0.1,test,client_2,0,32,693,725,True,0.8043380230880232
Tox21,fedavg_proto,0.5,1,46,200,16,16,0.1,test,client_2,1,33,646,679,True,0.8950652031147388
Tox21,fedavg_proto,0.5,1,46,200,16,16,0.1,test,client_2,2,77,572,649,True,0.8379802016165653
Tox21,fedavg_proto,0.5,1,46,200,16,16,0.1,test,client_2,3,38,538,576,True,0.744619448248875
Tox21,fedavg_proto,0.5,1,46,200,16,16,0.1,test,client_2,4,80,531,611,True,0.6955037664783428
Tox21,fedavg_proto,0.5,1,46,200,16,16,0.1,test,client_2,5,34,647,681,True,0.7768888080734612
Tox21,fedavg_proto,0.5,1,46,200,16,16,0.1,test,client_2,6,21,617,638,True,0.7031720305626302
Tox21,fedavg_proto,0.5,1,46,200,16,16,0.1,test,client_2,7,95,494,589,True,0.7942041338163222
Tox21,fedavg_proto,0.5,1,46,200,16,16,0.1,test,client_2,8,32,670,702,True,0.8013059701492536
Tox21,fedavg_proto,0.5,1,46,200,16,16,0.1,test,client_2,9,36,621,657,True,0.689926641617463
Tox21,fedavg_proto,0.5,1,46,200,16,16,0.1,test,client_2,10,93,485,578,True,0.833610464471788
Tox21,fedavg_proto,0.5,1,46,200,16,16,0.1,test,client_2,11,48,624,672,True,0.7795806623931624
Tox21,fedavg_proto,0.5,1,46,200,16,16,0.1,test,client_3,0,32,693,725,True,0.8020382395382395
Tox21,fedavg_proto,0.5,1,46,200,16,16,0.1,test,client_3,1,33,646,679,True,0.8840885636551271
Tox21,fedavg_proto,0.5,1,46,200,16,16,0.1,test,client_3,2,77,572,649,True,0.8337344473708109
Tox21,fedavg_proto,0.5,1,46,200,16,16,0.1,test,client_3,3,38,538,576,True,0.796957542555273
Tox21,fedavg_proto,0.5,1,46,200,16,16,0.1,test,client_3,4,80,531,611,True,0.7023540489642185
Tox21,fedavg_proto,0.5,1,46,200,16,16,0.1,test,client_3,5,34,647,681,True,0.8155286844258569
Tox21,fedavg_proto,0.5,1,46,200,16,16,0.1,test,client_3,6,21,617,638,True,0.6837230840472331
Tox21,fedavg_proto,0.5,1,46,200,16,16,0.1,test,client_3,7,95,494,589,True,0.7757085020242915
Tox21,fedavg_proto,0.5,1,46,200,16,16,0.1,test,client_3,8,32,670,702,True,0.7591417910447761
Tox21,fedavg_proto,0.5,1,46,200,16,16,0.1,test,client_3,9,36,621,657,True,0.6805779209160852
Tox21,fedavg_proto,0.5,1,46,200,16,16,0.1,test,client_3,10,93,485,578,True,0.8587074603702474
Tox21,fedavg_proto,0.5,1,46,200,16,16,0.1,test,client_3,11,48,624,672,True,0.7654246794871795
Tox21,fedavg_proto,0.5,1,47,200,16,16,0.1,val,server,0,31,696,727,True,0.8137745643307378
Tox21,fedavg_proto,0.5,1,47,200,16,16,0.1,val,server,1,23,652,675,True,0.8364230461456389
Tox21,fedavg_proto,0.5,1,47,200,16,16,0.1,val,server,2,74,567,641,True,0.8347156680490013
Tox21,fedavg_proto,0.5,1,47,200,16,16,0.1,val,server,3,19,546,565,True,0.8515519568151146
Tox21,fedavg_proto,0.5,1,47,200,16,16,0.1,val,server,4,82,541,623,True,0.712975068752536
Tox21,fedavg_proto,0.5,1,47,200,16,16,0.1,val,server,5,30,657,687,True,0.8221714865550482
Tox21,fedavg_proto,0.5,1,47,200,16,16,0.1,val,server,6,21,612,633,True,0.6890756302521008
Tox21,fedavg_proto,0.5,1,47,200,16,16,0.1,val,server,7,96,492,588,True,0.7535569105691057
Tox21,fedavg_proto,0.5,1,47,200,16,16,0.1,val,server,8,30,677,707,True,0.7976858690300345
Tox21,fedavg_proto,0.5,1,47,200,16,16,0.1,val,server,9,45,603,648,True,0.6527363184079603
Tox21,fedavg_proto,0.5,1,47,200,16,16,0.1,val,server,10,92,495,587,True,0.9071365832235397
Tox21,fedavg_proto,0.5,1,47,200,16,16,0.1,val,server,11,42,636,678,True,0.8185834082060497
Tox21,fedavg_proto,0.5,1,47,200,16,16,0.1,val,client_0,0,31,696,727,True,0.786290322580645
Tox21,fedavg_proto,0.5,1,47,200,16,16,0.1,val,client_0,1,23,652,675,True,0.816417711389704
Tox21,fedavg_proto,0.5,1,47,200,16,16,0.1,val,client_0,2,74,567,641,True,0.8256828256828256
Tox21,fedavg_proto,0.5,1,47,200,16,16,0.1,val,client_0,3,19,546,565,True,0.8341044919992289
Tox21,fedavg_proto,0.5,1,47,200,16,16,0.1,val,client_0,4,82,541,623,True,0.7081736621432757
Tox21,fedavg_proto,0.5,1,47,200,16,16,0.1,val,client_0,5,30,657,687,True,0.8182141045154744
Tox21,fedavg_proto,0.5,1,47,200,16,16,0.1,val,client_0,6,21,612,633,True,0.6695455960161842
Tox21,fedavg_proto,0.5,1,47,200,16,16,0.1,val,client_0,7,96,492,588,True,0.7564151422764229
Tox21,fedavg_proto,0.5,1,47,200,16,16,0.1,val,client_0,8,30,677,707,True,0.7881831610044313
Tox21,fedavg_proto,0.5,1,47,200,16,16,0.1,val,client_0,9,45,603,648,True,0.6502303298323199
Tox21,fedavg_proto,0.5,1,47,200,16,16,0.1,val,client_0,10,92,495,587,True,0.8839701361440491
Tox21,fedavg_proto,0.5,1,47,200,16,16,0.1,val,client_0,11,42,636,678,True,0.8149520814615154
Tox21,fedavg_proto,0.5,1,47,200,16,16,0.1,val,client_1,0,31,696,727,True,0.8240174267704857
Tox21,fedavg_proto,0.5,1,47,200,16,16,0.1,val,client_1,1,23,652,675,True,0.819551880501467
Tox21,fedavg_proto,0.5,1,47,200,16,16,0.1,val,client_1,2,74,567,641,True,0.8248486581819914
Tox21,fedavg_proto,0.5,1,47,200,16,16,0.1,val,client_1,3,19,546,565,True,0.7811837285521495
Tox21,fedavg_proto,0.5,1,47,200,16,16,0.1,val,client_1,4,82,541,623,True,0.7068662368693925
Tox21,fedavg_proto,0.5,1,47,200,16,16,0.1,val,client_1,5,30,657,687,True,0.8073566717402335
Tox21,fedavg_proto,0.5,1,47,200,16,16,0.1,val,client_1,6,21,612,633,True,0.6694677871148459
Tox21,fedavg_proto,0.5,1,47,200,16,16,0.1,val,client_1,7,96,492,588,True,0.7281927506775069
Tox21,fedavg_proto,0.5,1,47,200,16,16,0.1,val,client_1,8,30,677,707,True,0.7774002954209749
Tox21,fedavg_proto,0.5,1,47,200,16,16,0.1,val,client_1,9,45,603,648,True,0.6404274921687856
Tox21,fedavg_proto,0.5,1,47,200,16,16,0.1,val,client_1,10,92,495,587,True,0.8977382520860782
Tox21,fedavg_proto,0.5,1,47,200,16,16,0.1,val,client_1,11,42,636,678,True,0.7842917041030248
Tox21,fedavg_proto,0.5,1,47,200,16,16,0.1,val,client_2,0,31,696,727,True,0.8182703003337042
Tox21,fedavg_proto,0.5,1,47,200,16,16,0.1,val,client_2,1,23,652,675,True,0.8549613230194719
Tox21,fedavg_proto,0.5,1,47,200,16,16,0.1,val,client_2,2,74,567,641,True,0.8316649983316651
Tox21,fedavg_proto,0.5,1,47,200,16,16,0.1,val,client_2,3,19,546,565,True,0.8452862926547138
Tox21,fedavg_proto,0.5,1,47,200,16,16,0.1,val,client_2,4,82,541,623,True,0.7059645642667147
Tox21,fedavg_proto,0.5,1,47,200,16,16,0.1,val,client_2,5,30,657,687,True,0.8384576357179097
Tox21,fedavg_proto,0.5,1,47,200,16,16,0.1,val,client_2,6,21,612,633,True,0.7245564892623717
Tox21,fedavg_proto,0.5,1,47,200,16,16,0.1,val,client_2,7,96,492,588,True,0.7553141937669376
Tox21,fedavg_proto,0.5,1,47,200,16,16,0.1,val,client_2,8,30,677,707,True,0.8139832594780897
Tox21,fedavg_proto,0.5,1,47,200,16,16,0.1,val,client_2,9,45,603,648,True,0.6602174313617101
Tox21,fedavg_proto,0.5,1,47,200,16,16,0.1,val,client_2,10,92,495,587,True,0.8928414580588493
Tox21,fedavg_proto,0.5,1,47,200,16,16,0.1,val,client_2,11,42,636,678,True,0.8270814615154238
Tox21,fedavg_proto,0.5,1,47,200,16,16,0.1,val,client_3,0,31,696,727,True,0.8098350018539118
Tox21,fedavg_proto,0.5,1,47,200,16,16,0.1,val,client_3,1,23,652,675,True,0.8150173379567884
Tox21,fedavg_proto,0.5,1,47,200,16,16,0.1,val,client_3,2,74,567,641,True,0.8441060107726774
Tox21,fedavg_proto,0.5,1,47,200,16,16,0.1,val,client_3,3,19,546,565,True,0.8391170233275497
Tox21,fedavg_proto,0.5,1,47,200,16,16,0.1,val,client_3,4,82,541,623,True,0.7062576078625852
Tox21,fedavg_proto,0.5,1,47,200,16,16,0.1,val,client_3,5,30,657,687,True,0.8061390157280568
Tox21,fedavg_proto,0.5,1,47,200,16,16,0.1,val,client_3,6,21,612,633,True,0.6658885776532835
Tox21,fedavg_proto,0.5,1,47,200,16,16,0.1,val,client_3,7,96,492,588,True,0.7312627032520325
Tox21,fedavg_proto,0.5,1,47,200,16,16,0.1,val,client_3,8,30,677,707,True,0.7782373215164944
Tox21,fedavg_proto,0.5,1,47,200,16,16,0.1,val,client_3,9,45,603,648,True,0.618315828266077
Tox21,fedavg_proto,0.5,1,47,200,16,16,0.1,val,client_3,10,92,495,587,True,0.9001537110232762
Tox21,fedavg_proto,0.5,1,47,200,16,16,0.1,val,client_3,11,42,636,678,True,0.8000898472596586
Tox21,fedavg_proto,0.5,1,47,200,16,16,0.1,test,server,0,32,693,725,True,0.8005501443001444
Tox21,fedavg_proto,0.5,1,47,200,16,16,0.1,test,server,1,33,646,679,True,0.9034149544985458
Tox21,fedavg_proto,0.5,1,47,200,16,16,0.1,test,server,2,77,572,649,True,0.8436790482245027
Tox21,fedavg_proto,0.5,1,47,200,16,16,0.1,test,server,3,38,538,576,True,0.7922617882997457
Tox21,fedavg_proto,0.5,1,47,200,16,16,0.1,test,server,4,80,531,611,True,0.7047316384180791
Tox21,fedavg_proto,0.5,1,47,200,16,16,0.1,test,server,5,34,647,681,True,0.8280752795708701
Tox21,fedavg_proto,0.5,1,47,200,16,16,0.1,test,server,6,21,617,638,True,0.6853438295901829
Tox21,fedavg_proto,0.5,1,47,200,16,16,0.1,test,server,7,95,494,589,True,0.7983805668016195
Tox21,fedavg_proto,0.5,1,47,200,16,16,0.1,test,server,8,32,670,702,True,0.7943097014925373
Tox21,fedavg_proto,0.5,1,47,200,16,16,0.1,test,server,9,36,621,657,True,0.7073268921095008
Tox21,fedavg_proto,0.5,1,47,200,16,16,0.1,test,server,10,93,485,578,True,0.8662010863540627
Tox21,fedavg_proto,0.5,1,47,200,16,16,0.1,test,server,11,48,624,672,True,0.7919671474358974
Tox21,fedavg_proto,0.5,1,47,200,16,16,0.1,test,client_0,0,32,693,725,True,0.7872925685425686
Tox21,fedavg_proto,0.5,1,47,200,16,16,0.1,test,client_0,1,33,646,679,True,0.8961441035744442
Tox21,fedavg_proto,0.5,1,47,200,16,16,0.1,test,client_0,2,77,572,649,True,0.8480156207428935
Tox21,fedavg_proto,0.5,1,47,200,16,16,0.1,test,client_0,3,38,538,576,True,0.7755331637644297
Tox21,fedavg_proto,0.5,1,47,200,16,16,0.1,test,client_0,4,80,531,611,True,0.6915254237288134
Tox21,fedavg_proto,0.5,1,47,200,16,16,0.1,test,client_0,5,34,647,681,True,0.8007091553777616
Tox21,fedavg_proto,0.5,1,47,200,16,16,0.1,test,client_0,6,21,617,638,True,0.6465231149185768
Tox21,fedavg_proto,0.5,1,47,200,16,16,0.1,test,client_0,7,95,494,589,True,0.7815469848710846
Tox21,fedavg_proto,0.5,1,47,200,16,16,0.1,test,client_0,8,32,670,702,True,0.7872201492537313
Tox21,fedavg_proto,0.5,1,47,200,16,16,0.1,test,client_0,9,36,621,657,True,0.6922526391125425
Tox21,fedavg_proto,0.5,1,47,200,16,16,0.1,test,client_0,10,93,485,578,True,0.8312603924176921
Tox21,fedavg_proto,0.5,1,47,200,16,16,0.1,test,client_0,11,48,624,672,True,0.7804153311965811
Tox21,fedavg_proto,0.5,1,47,200,16,16,0.1,test,client_1,0,32,693,725,True,0.80501443001443
Tox21,fedavg_proto,0.5,1,47,200,16,16,0.1,test,client_1,1,33,646,679,True,0.897269912749789
Tox21,fedavg_proto,0.5,1,47,200,16,16,0.1,test,client_1,2,77,572,649,True,0.8378893833439288
Tox21,fedavg_proto,0.5,1,47,200,16,16,0.1,test,client_1,3,38,538,576,True,0.7730385443161808
Tox21,fedavg_proto,0.5,1,47,200,16,16,0.1,test,client_1,4,80,531,611,True,0.7059792843691147
Tox21,fedavg_proto,0.5,1,47,200,16,16,0.1,test,client_1,5,34,647,681,True,0.8316210564596782
Tox21,fedavg_proto,0.5,1,47,200,16,16,0.1,test,client_1,6,21,617,638,True,0.6858840781044995
Tox21,fedavg_proto,0.5,1,47,200,16,16,0.1,test,client_1,7,95,494,589,True,0.7698700191774983
Tox21,fedavg_proto,0.5,1,47,200,16,16,0.1,test,client_1,8,32,670,702,True,0.782276119402985
Tox21,fedavg_proto,0.5,1,47,200,16,16,0.1,test,client_1,9,36,621,657,True,0.6939076757917337
Tox21,fedavg_proto,0.5,1,47,200,16,16,0.1,test,client_1,10,93,485,578,True,0.8575324243431992
Tox21,fedavg_proto,0.5,1,47,200,16,16,0.1,test,client_1,11,48,624,672,True,0.7831864316239316
Tox21,fedavg_proto,0.5,1,47,200,16,16,0.1,test,client_2,0,32,693,725,True,0.786751443001443
Tox21,fedavg_proto,0.5,1,47,200,16,16,0.1,test,client_2,1,33,646,679,True,0.8959564687118867
Tox21,fedavg_proto,0.5,1,47,200,16,16,0.1,test,client_2,2,77,572,649,True,0.8329624920534012
Tox21,fedavg_proto,0.5,1,47,200,16,16,0.1,test,client_2,3,38,538,576,True,0.7649677166894933
Tox21,fedavg_proto,0.5,1,47,200,16,16,0.1,test,client_2,4,80,531,611,True,0.7040960451977402
Tox21,fedavg_proto,0.5,1,47,200,16,16,0.1,test,client_2,5,34,647,681,True,0.8127102463860351
Tox21,fedavg_proto,0.5,1,47,200,16,16,0.1,test,client_2,6,21,617,638,True,0.7179902755267423
Tox21,fedavg_proto,0.5,1,47,200,16,16,0.1,test,client_2,7,95,494,589,True,0.7947794587683785
Tox21,fedavg_proto,0.5,1,47,200,16,16,0.1,test,client_2,8,32,670,702,True,0.8041044776119403
Tox21,fedavg_proto,0.5,1,47,200,16,16,0.1,test,client_2,9,36,621,657,True,0.711352657004831
Tox21,fedavg_proto,0.5,1,47,200,16,16,0.1,test,client_2,10,93,485,578,True,0.8566012637179913
Tox21,fedavg_proto,0.5,1,47,200,16,16,0.1,test,client_2,11,48,624,672,True,0.7932692307692307
Tox21,fedavg_proto,0.5,1,47,200,16,16,0.1,test,client_3,0,32,693,725,True,0.8045183982683983
Tox21,fedavg_proto,0.5,1,47,200,16,16,0.1,test,client_3,1,33,646,679,True,0.8898583356787692
Tox21,fedavg_proto,0.5,1,47,200,16,16,0.1,test,client_3,2,77,572,649,True,0.8400463173190444
Tox21,fedavg_proto,0.5,1,47,200,16,16,0.1,test,client_3,3,38,538,576,True,0.8075719037370378
Tox21,fedavg_proto,0.5,1,47,200,16,16,0.1,test,client_3,4,80,531,611,True,0.6996233521657249
Tox21,fedavg_proto,0.5,1,47,200,16,16,0.1,test,client_3,5,34,647,681,True,0.8201200109100828
Tox21,fedavg_proto,0.5,1,47,200,16,16,0.1,test,client_3,6,21,617,638,True,0.6767770317203056
Tox21,fedavg_proto,0.5,1,47,200,16,16,0.1,test,client_3,7,95,494,589,True,0.7892606008949499
Tox21,fedavg_proto,0.5,1,47,200,16,16,0.1,test,client_3,8,32,670,702,True,0.7662313432835821
Tox21,fedavg_proto,0.5,1,47,200,16,16,0.1,test,client_3,9,36,621,657,True,0.6921184469493648
Tox21,fedavg_proto,0.5,1,47,200,16,16,0.1,test,client_3,10,93,485,578,True,0.8550049883604923
Tox21,fedavg_proto,0.5,1,47,200,16,16,0.1,test,client_3,11,48,624,672,True,0.7904313568376067
Tox21,fedavg_proto,0.5,1,48,200,16,16,0.1,val,server,0,31,696,727,True,0.8130329996292176
Tox21,fedavg_proto,0.5,1,48,200,16,16,0.1,val,server,1,23,652,675,True,0.8417578020805548
Tox21,fedavg_proto,0.5,1,48,200,16,16,0.1,val,server,2,74,567,641,True,0.831355164688498
Tox21,fedavg_proto,0.5,1,48,200,16,16,0.1,val,server,3,19,546,565,True,0.8403701561596298
Tox21,fedavg_proto,0.5,1,48,200,16,16,0.1,val,server,4,82,541,623,True,0.7129525269374689
Tox21,fedavg_proto,0.5,1,48,200,16,16,0.1,val,server,5,30,657,687,True,0.8235413495687468
Tox21,fedavg_proto,0.5,1,48,200,16,16,0.1,val,server,6,21,612,633,True,0.7061935885465297
Tox21,fedavg_proto,0.5,1,48,200,16,16,0.1,val,server,7,96,492,588,True,0.7521383807588076
Tox21,fedavg_proto,0.5,1,48,200,16,16,0.1,val,server,8,30,677,707,True,0.8021171836533727
Tox21,fedavg_proto,0.5,1,48,200,16,16,0.1,val,server,9,45,603,648,True,0.6507462686567165
Tox21,fedavg_proto,0.5,1,48,200,16,16,0.1,val,server,10,92,495,587,True,0.9075757575757576
Tox21,fedavg_proto,0.5,1,48,200,16,16,0.1,val,server,11,42,636,678,True,0.8219901168014375
Tox21,fedavg_proto,0.5,1,48,200,16,16,0.1,val,client_0,0,31,696,727,True,0.7874953652206156
Tox21,fedavg_proto,0.5,1,48,200,16,16,0.1,val,client_0,1,23,652,675,True,0.8326220325420112
Tox21,fedavg_proto,0.5,1,48,200,16,16,0.1,val,client_0,2,74,567,641,True,0.8171028171028172
Tox21,fedavg_proto,0.5,1,48,200,16,16,0.1,val,client_0,3,19,546,565,True,0.7935222672064777
Tox21,fedavg_proto,0.5,1,48,200,16,16,0.1,val,client_0,4,82,541,623,True,0.7029890446778774
Tox21,fedavg_proto,0.5,1,48,200,16,16,0.1,val,client_0,5,30,657,687,True,0.8211060375443937
Tox21,fedavg_proto,0.5,1,48,200,16,16,0.1,val,client_0,6,21,612,633,True,0.6928104575163399
Tox21,fedavg_proto,0.5,1,48,200,16,16,0.1,val,client_0,7,96,492,588,True,0.7625127032520325
Tox21,fedavg_proto,0.5,1,48,200,16,16,0.1,val,client_0,8,30,677,707,True,0.7968980797636631
Tox21,fedavg_proto,0.5,1,48,200,16,16,0.1,val,client_0,9,45,603,648,True,0.6602542841348812
Tox21,fedavg_proto,0.5,1,48,200,16,16,0.1,val,client_0,10,92,495,587,True,0.8639218269653053
Tox21,fedavg_proto,0.5,1,48,200,16,16,0.1,val,client_0,11,42,636,678,True,0.8260332434860735
Tox21,fedavg_proto,0.5,1,48,200,16,16,0.1,val,client_1,0,31,696,727,True,0.8280033370411569
Tox21,fedavg_proto,0.5,1,48,200,16,16,0.1,val,client_1,1,23,652,675,True,0.8280208055481462
Tox21,fedavg_proto,0.5,1,48,200,16,16,0.1,val,client_1,2,74,567,641,True,0.8158158158158159
Tox21,fedavg_proto,0.5,1,48,200,16,16,0.1,val,client_1,3,19,546,565,True,0.7592057065741277
Tox21,fedavg_proto,0.5,1,48,200,16,16,0.1,val,client_1,4,82,541,623,True,0.7022000811505343
Tox21,fedavg_proto,0.5,1,48,200,16,16,0.1,val,client_1,5,30,657,687,True,0.8116184677828514
Tox21,fedavg_proto,0.5,1,48,200,16,16,0.1,val,client_1,6,21,612,633,True,0.6865857454092749
Tox21,fedavg_proto,0.5,1,48,200,16,16,0.1,val,client_1,7,96,492,588,True,0.7360052506775068
Tox21,fedavg_proto,0.5,1,48,200,16,16,0.1,val,client_1,8,30,677,707,True,0.79177744953225
Tox21,fedavg_proto,0.5,1,48,200,16,16,0.1,val,client_1,9,45,603,648,True,0.64212271973466
Tox21,fedavg_proto,0.5,1,48,200,16,16,0.1,val,client_1,10,92,495,587,True,0.9019543258673692
Tox21,fedavg_proto,0.5,1,48,200,16,16,0.1,val,client_1,11,42,636,678,True,0.8049565738244984
Tox21,fedavg_proto,0.5,1,48,200,16,16,0.1,val,client_2,0,31,696,727,True,0.8191045606229144
Tox21,fedavg_proto,0.5,1,48,200,16,16,0.1,val,client_2,1,23,652,675,True,0.8556948519605228
Tox21,fedavg_proto,0.5,1,48,200,16,16,0.1,val,client_2,2,74,567,641,True,0.8340483340483341
Tox21,fedavg_proto,0.5,1,48,200,16,16,0.1,val,client_2,3,19,546,565,True,0.8226335068440331
Tox21,fedavg_proto,0.5,1,48,200,16,16,0.1,val,client_2,4,82,541,623,True,0.7133808214237412
Tox21,fedavg_proto,0.5,1,48,200,16,16,0.1,val,client_2,5,30,657,687,True,0.8279553526128869
Tox21,fedavg_proto,0.5,1,48,200,16,16,0.1,val,client_2,6,21,612,633,True,0.7128851540616246
Tox21,fedavg_proto,0.5,1,48,200,16,16,0.1,val,client_2,7,96,492,588,True,0.7350313346883469
Tox21,fedavg_proto,0.5,1,48,200,16,16,0.1,val,client_2,8,30,677,707,True,0.7951747907434761
Tox21,fedavg_proto,0.5,1,48,200,16,16,0.1,val,client_2,9,45,603,648,True,0.6444444444444445
Tox21,fedavg_proto,0.5,1,48,200,16,16,0.1,val,client_2,10,92,495,587,True,0.8935441370223979
Tox21,fedavg_proto,0.5,1,48,200,16,16,0.1,val,client_2,11,42,636,678,True,0.8030473195567536
Tox21,fedavg_proto,0.5,1,48,200,16,16,0.1,val,client_3,0,31,696,727,True,0.8156748238783834
Tox21,fedavg_proto,0.5,1,48,200,16,16,0.1,val,client_3,1,23,652,675,True,0.8212856761803148
Tox21,fedavg_proto,0.5,1,48,200,16,16,0.1,val,client_3,2,74,567,641,True,0.8398398398398398
Tox21,fedavg_proto,0.5,1,48,200,16,16,0.1,val,client_3,3,19,546,565,True,0.8414304993252362
Tox21,fedavg_proto,0.5,1,48,200,16,16,0.1,val,client_3,4,82,541,623,True,0.7058969388215139
Tox21,fedavg_proto,0.5,1,48,200,16,16,0.1,val,client_3,5,30,657,687,True,0.8066463723997972
Tox21,fedavg_proto,0.5,1,48,200,16,16,0.1,val,client_3,6,21,612,633,True,0.6661998132586368
Tox21,fedavg_proto,0.5,1,48,200,16,16,0.1,val,client_3,7,96,492,588,True,0.7263719512195121
Tox21,fedavg_proto,0.5,1,48,200,16,16,0.1,val,client_3,8,30,677,707,True,0.7755292959133432
Tox21,fedavg_proto,0.5,1,48,200,16,16,0.1,val,client_3,9,45,603,648,True,0.6146305509489588
Tox21,fedavg_proto,0.5,1,48,200,16,16,0.1,val,client_3,10,92,495,587,True,0.901010101010101
Tox21,fedavg_proto,0.5,1,48,200,16,16,0.1,val,client_3,11,42,636,678,True,0.7938379754417489
Tox21,fedavg_proto,0.5,1,48,200,16,16,0.1,test,server,0,32,693,725,True,0.7983856421356422
Tox21,fedavg_proto,0.5,1,48,200,16,16,0.1,test,server,1,33,646,679,True,0.906510929730744
Tox21,fedavg_proto,0.5,1,48,200,16,16,0.1,test,server,2,77,572,649,True,0.8470393243120516
Tox21,fedavg_proto,0.5,1,48,200,16,16,0.1,test,server,3,38,538,576,True,0.7916748190178047
Tox21,fedavg_proto,0.5,1,48,200,16,16,0.1,test,server,4,80,531,611,True,0.7064500941619585
Tox21,fedavg_proto,0.5,1,48,200,16,16,0.1,test,server,5,34,647,681,True,0.8281661969269933
Tox21,fedavg_proto,0.5,1,48,200,16,16,0.1,test,server,6,21,617,638,True,0.6995446476807903
Tox21,fedavg_proto,0.5,1,48,200,16,16,0.1,test,server,7,95,494,589,True,0.8004474749627104
Tox21,fedavg_proto,0.5,1,48,200,16,16,0.1,test,server,8,32,670,702,True,0.7982742537313433
Tox21,fedavg_proto,0.5,1,48,200,16,16,0.1,test,server,9,36,621,657,True,0.7150205761316872
Tox21,fedavg_proto,0.5,1,48,200,16,16,0.1,test,server,10,93,485,578,True,0.8645826405054872
Tox21,fedavg_proto,0.5,1,48,200,16,16,0.1,test,server,11,48,624,672,True,0.7972088675213675
Tox21,fedavg_proto,0.5,1,48,200,16,16,0.1,test,client_0,0,32,693,725,True,0.7783189033189033
Tox21,fedavg_proto,0.5,1,48,200,16,16,0.1,test,client_0,1,33,646,679,True,0.8945961159583451
Tox21,fedavg_proto,0.5,1,48,200,16,16,0.1,test,client_0,2,77,572,649,True,0.8421578421578421
Tox21,fedavg_proto,0.5,1,48,200,16,16,0.1,test,client_0,3,38,538,576,True,0.7629622383095284
Tox21,fedavg_proto,0.5,1,48,200,16,16,0.1,test,client_0,4,80,531,611,True,0.6889359698681733
Tox21,fedavg_proto,0.5,1,48,200,16,16,0.1,test,client_0,5,34,647,681,True,0.7972088371670152
Tox21,fedavg_proto,0.5,1,48,200,16,16,0.1,test,client_0,6,21,617,638,True,0.6672840935401714
Tox21,fedavg_proto,0.5,1,48,200,16,16,0.1,test,client_0,7,95,494,589,True,0.7813978265501812
Tox21,fedavg_proto,0.5,1,48,200,16,16,0.1,test,client_0,8,32,670,702,True,0.7969682835820896
Tox21,fedavg_proto,0.5,1,48,200,16,16,0.1,test,client_0,9,36,621,657,True,0.6954285203077474
Tox21,fedavg_proto,0.5,1,48,200,16,16,0.1,test,client_0,10,93,485,578,True,0.8143886487085689
Tox21,fedavg_proto,0.5,1,48,200,16,16,0.1,test,client_0,11,48,624,672,True,0.7850560897435898
Tox21,fedavg_proto,0.5,1,48,200,16,16,0.1,test,client_1,0,32,693,725,True,0.8024891774891775
Tox21,fedavg_proto,0.5,1,48,200,16,16,0.1,test,client_1,1,33,646,679,True,0.897785908621822
Tox21,fedavg_proto,0.5,1,48,200,16,16,0.1,test,client_1,2,77,572,649,True,0.8274679865588956
Tox21,fedavg_proto,0.5,1,48,200,16,16,0.1,test,client_1,3,38,538,576,True,0.7698102132655057
Tox21,fedavg_proto,0.5,1,48,200,16,16,0.1,test,client_1,4,80,531,611,True,0.7012241054613934
Tox21,fedavg_proto,0.5,1,48,200,16,16,0.1,test,client_1,5,34,647,681,True,0.827211564687699
Tox21,fedavg_proto,0.5,1,48,200,16,16,0.1,test,client_1,6,21,617,638,True,0.7003164312726711
Tox21,fedavg_proto,0.5,1,48,200,16,16,0.1,test,client_1,7,95,494,589,True,0.7804176432985297
Tox21,fedavg_proto,0.5,1,48,200,16,16,0.1,test,client_1,8,32,670,702,True,0.7832089552238807
Tox21,fedavg_proto,0.5,1,48,200,16,16,0.1,test,client_1,9,36,621,657,True,0.7125156557523707
Tox21,fedavg_proto,0.5,1,48,200,16,16,0.1,test,client_1,10,93,485,578,True,0.8580423456379558
Tox21,fedavg_proto,0.5,1,48,200,16,16,0.1,test,client_1,11,48,624,672,True,0.786358173076923
Tox21,fedavg_proto,0.5,1,48,200,16,16,0.1,test,client_2,0,32,693,725,True,0.7953643578643579
Tox21,fedavg_proto,0.5,1,48,200,16,16,0.1,test,client_2,1,33,646,679,True,0.9097476311098602
Tox21,fedavg_proto,0.5,1,48,200,16,16,0.1,test,client_2,2,77,572,649,True,0.8405685223867042
Tox21,fedavg_proto,0.5,1,48,200,16,16,0.1,test,client_2,3,38,538,576,True,0.7821854822930934
Tox21,fedavg_proto,0.5,1,48,200,16,16,0.1,test,client_2,4,80,531,611,True,0.7019774011299434
Tox21,fedavg_proto,0.5,1,48,200,16,16,0.1,test,client_2,5,34,647,681,True,0.8220292753886717
Tox21,fedavg_proto,0.5,1,48,200,16,16,0.1,test,client_2,6,21,617,638,True,0.7171413135756733
Tox21,fedavg_proto,0.5,1,48,200,16,16,0.1,test,client_2,7,95,494,589,True,0.7860430428297465
Tox21,fedavg_proto,0.5,1,48,200,16,16,0.1,test,client_2,8,32,670,702,True,0.7996268656716419
Tox21,fedavg_proto,0.5,1,48,200,16,16,0.1,test,client_2,9,36,621,657,True,0.706969046341027
Tox21,fedavg_proto,0.5,1,48,200,16,16,0.1,test,client_2,10,93,485,578,True,0.8551158408158741
Tox21,fedavg_proto,0.5,1,48,200,16,16,0.1,test,client_2,11,48,624,672,True,0.7995459401709402
Tox21,fedavg_proto,0.5,1,48,200,16,16,0.1,test,client_3,0,32,693,725,True,0.8031655844155845
Tox21,fedavg_proto,0.5,1,48,200,16,16,0.1,test,client_3,1,33,646,679,True,0.8892954310910968
Tox21,fedavg_proto,0.5,1,48,200,16,16,0.1,test,client_3,2,77,572,649,True,0.8405912269548633
Tox21,fedavg_proto,0.5,1,48,200,16,16,0.1,test,client_3,3,38,538,576,True,0.80473488554099
Tox21,fedavg_proto,0.5,1,48,200,16,16,0.1,test,client_3,4,80,531,611,True,0.702565913370998
Tox21,fedavg_proto,0.5,1,48,200,16,16,0.1,test,client_3,5,34,647,681,True,0.817301572870261
Tox21,fedavg_proto,0.5,1,48,200,16,16,0.1,test,client_3,6,21,617,638,True,0.6923670602762986
Tox21,fedavg_proto,0.5,1,48,200,16,16,0.1,test,client_3,7,95,494,589,True,0.7847858512678456
Tox21,fedavg_proto,0.5,1,48,200,16,16,0.1,test,client_3,8,32,670,702,True,0.7694496268656716
Tox21,fedavg_proto,0.5,1,48,200,16,16,0.1,test,client_3,9,36,621,657,True,0.6939076757917337
Tox21,fedavg_proto,0.5,1,48,200,16,16,0.1,test,client_3,10,93,485,578,True,0.8597273029597605
Tox21,fedavg_proto,0.5,1,48,200,16,16,0.1,test,client_3,11,48,624,672,True,0.7804153311965812
Tox21,fedavg_proto,0.5,1,49,200,16,16,0.1,val,server,0,31,696,727,True,0.8119206525769374
Tox21,fedavg_proto,0.5,1,49,200,16,16,0.1,val,server,1,23,652,675,True,0.8404241130968257
Tox21,fedavg_proto,0.5,1,49,200,16,16,0.1,val,server,2,74,567,641,True,0.8334048334048334
Tox21,fedavg_proto,0.5,1,49,200,16,16,0.1,val,server,3,19,546,565,True,0.851166377482167
Tox21,fedavg_proto,0.5,1,49,200,16,16,0.1,val,server,4,82,541,623,True,0.7148460394030927
Tox21,fedavg_proto,0.5,1,49,200,16,16,0.1,val,server,5,30,657,687,True,0.8240994419076612
Tox21,fedavg_proto,0.5,1,49,200,16,16,0.1,val,server,6,21,612,633,True,0.697556800497977
Tox21,fedavg_proto,0.5,1,49,200,16,16,0.1,val,server,7,96,492,588,True,0.7519901761517616
Tox21,fedavg_proto,0.5,1,49,200,16,16,0.1,val,server,8,30,677,707,True,0.7988183161004432
Tox21,fedavg_proto,0.5,1,49,200,16,16,0.1,val,server,9,45,603,648,True,0.6532891100055279
Tox21,fedavg_proto,0.5,1,49,200,16,16,0.1,val,server,10,92,495,587,True,0.9065217391304348
Tox21,fedavg_proto,0.5,1,49,200,16,16,0.1,val,server,11,42,636,678,True,0.8185834082060497
Tox21,fedavg_proto,0.5,1,49,200,16,16,0.1,val,client_0,0,31,696,727,True,0.7766963292547274
Tox21,fedavg_proto,0.5,1,49,200,16,16,0.1,val,client_0,1,23,652,675,True,0.8177514003734329
Tox21,fedavg_proto,0.5,1,49,200,16,16,0.1,val,client_0,2,74,567,641,True,0.8338338338338338
Tox21,fedavg_proto,0.5,1,49,200,16,16,0.1,val,client_0,3,19,546,565,True,0.847792558318874
Tox21,fedavg_proto,0.5,1,49,200,16,16,0.1,val,client_0,4,82,541,623,True,0.7081060366980749
Tox21,fedavg_proto,0.5,1,49,200,16,16,0.1,val,client_0,5,30,657,687,True,0.824048706240487
Tox21,fedavg_proto,0.5,1,49,200,16,16,0.1,val,client_0,6,21,612,633,True,0.6782601929660753
Tox21,fedavg_proto,0.5,1,49,200,16,16,0.1,val,client_0,7,96,492,588,True,0.7549542682926831
Tox21,fedavg_proto,0.5,1,49,200,16,16,0.1,val,client_0,8,30,677,707,True,0.7974396848842935
Tox21,fedavg_proto,0.5,1,49,200,16,16,0.1,val,client_0,9,45,603,648,True,0.6641975308641975
Tox21,fedavg_proto,0.5,1,49,200,16,16,0.1,val,client_0,10,92,495,587,True,0.877119016249451
Tox21,fedavg_proto,0.5,1,49,200,16,16,0.1,val,client_0,11,42,636,678,True,0.8154761904761905
Tox21,fedavg_proto,0.5,1,49,200,16,16,0.1,val,client_1,0,31,696,727,True,0.8281887282165369
Tox21,fedavg_proto,0.5,1,49,200,16,16,0.1,val,client_1,1,23,652,675,True,0.834089090424113
Tox21,fedavg_proto,0.5,1,49,200,16,16,0.1,val,client_1,2,74,567,641,True,0.8083321416654748
Tox21,fedavg_proto,0.5,1,49,200,16,16,0.1,val,client_1,3,19,546,565,True,0.7580489685752844
Tox21,fedavg_proto,0.5,1,49,200,16,16,0.1,val,client_1,4,82,541,623,True,0.705401018890041
Tox21,fedavg_proto,0.5,1,49,200,16,16,0.1,val,client_1,5,30,657,687,True,0.8071537290715374
Tox21,fedavg_proto,0.5,1,49,200,16,16,0.1,val,client_1,6,21,612,633,True,0.6805166511048863
Tox21,fedavg_proto,0.5,1,49,200,16,16,0.1,val,client_1,7,96,492,588,True,0.7286161924119242
Tox21,fedavg_proto,0.5,1,49,200,16,16,0.1,val,client_1,8,30,677,707,True,0.7800590841949778
Tox21,fedavg_proto,0.5,1,49,200,16,16,0.1,val,client_1,9,45,603,648,True,0.6350101345126221
Tox21,fedavg_proto,0.5,1,49,200,16,16,0.1,val,client_1,10,92,495,587,True,0.8952569169960474
Tox21,fedavg_proto,0.5,1,49,200,16,16,0.1,val,client_1,11,42,636,678,True,0.7950359389038634
Tox21,fedavg_proto,0.5,1,49,200,16,16,0.1,val,client_2,0,31,696,727,True,0.8199851687059696
Tox21,fedavg_proto,0.5,1,49,200,16,16,0.1,val,client_2,1,23,652,675,True,0.8562283275540145
Tox21,fedavg_proto,0.5,1,49,200,16,16,0.1,val,client_2,2,74,567,641,True,0.8318318318318317
Tox21,fedavg_proto,0.5,1,49,200,16,16,0.1,val,client_2,3,19,546,565,True,0.8420088683246577
Tox21,fedavg_proto,0.5,1,49,200,16,16,0.1,val,client_2,4,82,541,623,True,0.7104053018349037
Tox21,fedavg_proto,0.5,1,49,200,16,16,0.1,val,client_2,5,30,657,687,True,0.8335870116692036
Tox21,fedavg_proto,0.5,1,49,200,16,16,0.1,val,client_2,6,21,612,633,True,0.7201213818860878
Tox21,fedavg_proto,0.5,1,49,200,16,16,0.1,val,client_2,7,96,492,588,True,0.7449610433604336
Tox21,fedavg_proto,0.5,1,49,200,16,16,0.1,val,client_2,8,30,677,707,True,0.802658788774003
Tox21,fedavg_proto,0.5,1,49,200,16,16,0.1,val,client_2,9,45,603,648,True,0.647798046803022
Tox21,fedavg_proto,0.5,1,49,200,16,16,0.1,val,client_2,10,92,495,587,True,0.8993631971892841
Tox21,fedavg_proto,0.5,1,49,200,16,16,0.1,val,client_2,11,42,636,678,True,0.8122192273135669
Tox21,fedavg_proto,0.5,1,49,200,16,16,0.1,val,client_3,0,31,696,727,True,0.8031145717463849
Tox21,fedavg_proto,0.5,1,49,200,16,16,0.1,val,client_3,1,23,652,675,True,0.8238196852493997
Tox21,fedavg_proto,0.5,1,49,200,16,16,0.1,val,client_3,2,74,567,641,True,0.8340483340483341
Tox21,fedavg_proto,0.5,1,49,200,16,16,0.1,val,client_3,3,19,546,565,True,0.8411413148255253
Tox21,fedavg_proto,0.5,1,49,200,16,16,0.1,val,client_3,4,82,541,623,True,0.704499346287363
Tox21,fedavg_proto,0.5,1,49,200,16,16,0.1,val,client_3,5,30,657,687,True,0.8095383054287164
Tox21,fedavg_proto,0.5,1,49,200,16,16,0.1,val,client_3,6,21,612,633,True,0.6719576719576719
Tox21,fedavg_proto,0.5,1,49,200,16,16,0.1,val,client_3,7,96,492,588,True,0.7289337737127373
Tox21,fedavg_proto,0.5,1,49,200,16,16,0.1,val,client_3,8,30,677,707,True,0.7837026095519448
Tox21,fedavg_proto,0.5,1,49,200,16,16,0.1,val,client_3,9,45,603,648,True,0.6172470978441128
Tox21,fedavg_proto,0.5,1,49,200,16,16,0.1,val,client_3,10,92,495,587,True,0.8942248572683354
Tox21,fedavg_proto,0.5,1,49,200,16,16,0.1,val,client_3,11,42,636,678,True,0.8023734651093142
Tox21,fedavg_proto,0.5,1,49,200,16,16,0.1,test,server,0,32,693,725,True,0.8027597402597403
Tox21,fedavg_proto,0.5,1,49,200,16,16,0.1,test,server,1,33,646,679,True,0.9067454733089408
Tox21,fedavg_proto,0.5,1,49,200,16,16,0.1,test,server,2,77,572,649,True,0.8454500045409137
Tox21,fedavg_proto,0.5,1,49,200,16,16,0.1,test,server,3,38,538,576,True,0.7939248679319115
Tox21,fedavg_proto,0.5,1,49,200,16,16,0.1,test,server,4,80,531,611,True,0.7044962335216572
Tox21,fedavg_proto,0.5,1,49,200,16,16,0.1,test,server,5,34,647,681,True,0.8264842258387126
Tox21,fedavg_proto,0.5,1,49,200,16,16,0.1,test,server,6,21,617,638,True,0.6941421625376245
Tox21,fedavg_proto,0.5,1,49,200,16,16,0.1,test,server,7,95,494,589,True,0.8012784998934582
Tox21,fedavg_proto,0.5,1,49,200,16,16,0.1,test,server,8,32,670,702,True,0.7986940298507463
Tox21,fedavg_proto,0.5,1,49,200,16,16,0.1,test,server,9,36,621,657,True,0.7142154231526212
Tox21,fedavg_proto,0.5,1,49,200,16,16,0.1,test,server,10,93,485,578,True,0.8644717880501054
Tox21,fedavg_proto,0.5,1,49,200,16,16,0.1,test,server,11,48,624,672,True,0.7946047008547008
Tox21,fedavg_proto,0.5,1,49,200,16,16,0.1,test,client_0,0,32,693,725,True,0.7886453823953824
Tox21,fedavg_proto,0.5,1,49,200,16,16,0.1,test,client_0,1,33,646,679,True,0.9026644150483161
Tox21,fedavg_proto,0.5,1,49,200,16,16,0.1,test,client_0,2,77,572,649,True,0.8563481972572881
Tox21,fedavg_proto,0.5,1,49,200,16,16,0.1,test,client_0,3,38,538,576,True,0.7696145568381921
Tox21,fedavg_proto,0.5,1,49,200,16,16,0.1,test,client_0,4,80,531,611,True,0.6937382297551788
Tox21,fedavg_proto,0.5,1,49,200,16,16,0.1,test,client_0,5,34,647,681,True,0.811073733975816
Tox21,fedavg_proto,0.5,1,49,200,16,16,0.1,test,client_0,6,21,617,638,True,0.6855753646677472
Tox21,fedavg_proto,0.5,1,49,200,16,16,0.1,test,client_0,7,95,494,589,True,0.7818239931813339
Tox21,fedavg_proto,0.5,1,49,200,16,16,0.1,test,client_0,8,32,670,702,True,0.807276119402985
Tox21,fedavg_proto,0.5,1,49,200,16,16,0.1,test,client_0,9,36,621,657,True,0.7066559312936125
Tox21,fedavg_proto,0.5,1,49,200,16,16,0.1,test,client_0,10,93,485,578,True,0.8389757233122714
Tox21,fedavg_proto,0.5,1,49,200,16,16,0.1,test,client_0,11,48,624,672,True,0.793102297008547
Tox21,fedavg_proto,0.5,1,49,200,16,16,0.1,test,client_1,0,32,693,725,True,0.8042929292929292
Tox21,fedavg_proto,0.5,1,49,200,16,16,0.1,test,client_1,1,33,646,679,True,0.9005066141289051
Tox21,fedavg_proto,0.5,1,49,200,16,16,0.1,test,client_1,2,77,572,649,True,0.8216783216783216
Tox21,fedavg_proto,0.5,1,49,200,16,16,0.1,test,client_1,3,38,538,576,True,0.7720113480727843
Tox21,fedavg_proto,0.5,1,49,200,16,16,0.1,test,client_1,4,80,531,611,True,0.6926318267419963
Tox21,fedavg_proto,0.5,1,49,200,16,16,0.1,test,client_1,5,34,647,681,True,0.8278025275025002
Tox21,fedavg_proto,0.5,1,49,200,16,16,0.1,test,client_1,6,21,617,638,True,0.6876591803658254
Tox21,fedavg_proto,0.5,1,49,200,16,16,0.1,test,client_1,7,95,494,589,True,0.7814617515448539
Tox21,fedavg_proto,0.5,1,49,200,16,16,0.1,test,client_1,8,32,670,702,True,0.7830223880597015
Tox21,fedavg_proto,0.5,1,49,200,16,16,0.1,test,client_1,9,36,621,657,True,0.7136339237788514
Tox21,fedavg_proto,0.5,1,49,200,16,16,0.1,test,client_1,10,93,485,578,True,0.8575324243431993
Tox21,fedavg_proto,0.5,1,49,200,16,16,0.1,test,client_1,11,48,624,672,True,0.7835202991452992
Tox21,fedavg_proto,0.5,1,49,200,16,16,0.1,test,client_2,0,32,693,725,True,0.7952741702741701
Tox21,fedavg_proto,0.5,1,49,200,16,16,0.1,test,client_2,1,33,646,679,True,0.9044938549582513
Tox21,fedavg_proto,0.5,1,49,200,16,16,0.1,test,client_2,2,77,572,649,True,0.8402506584324766
Tox21,fedavg_proto,0.5,1,49,200,16,16,0.1,test,client_2,3,38,538,576,True,0.7848268440618273
Tox21,fedavg_proto,0.5,1,49,200,16,16,0.1,test,client_2,4,80,531,611,True,0.7055084745762712
Tox21,fedavg_proto,0.5,1,49,200,16,16,0.1,test,client_2,5,34,647,681,True,0.8189380852804801
Tox21,fedavg_proto,0.5,1,49,200,16,16,0.1,test,client_2,6,21,617,638,True,0.7250135062128579
Tox21,fedavg_proto,0.5,1,49,200,16,16,0.1,test,client_2,7,95,494,589,True,0.7976773918602174
Tox21,fedavg_proto,0.5,1,49,200,16,16,0.1,test,client_2,8,32,670,702,True,0.8096082089552239
Tox21,fedavg_proto,0.5,1,49,200,16,16,0.1,test,client_2,9,36,621,657,True,0.7085346215780999
Tox21,fedavg_proto,0.5,1,49,200,16,16,0.1,test,client_2,10,93,485,578,True,0.8557809555481655
Tox21,fedavg_proto,0.5,1,49,200,16,16,0.1,test,client_2,11,48,624,672,True,0.7955395299145299
Tox21,fedavg_proto,0.5,1,49,200,16,16,0.1,test,client_3,0,32,693,725,True,0.7976190476190476
Tox21,fedavg_proto,0.5,1,49,200,16,16,0.1,test,client_3,1,33,646,679,True,0.8934703067830003
Tox21,fedavg_proto,0.5,1,49,200,16,16,0.1,test,client_3,2,77,572,649,True,0.833938788484243
Tox21,fedavg_proto,0.5,1,49,200,16,16,0.1,test,client_3,3,38,538,576,True,0.8064468792799844
Tox21,fedavg_proto,0.5,1,49,200,16,16,0.1,test,client_3,4,80,531,611,True,0.6976694915254237
Tox21,fedavg_proto,0.5,1,49,200,16,16,0.1,test,client_3,5,34,647,681,True,0.8123920356396036
Tox21,fedavg_proto,0.5,1,49,200,16,16,0.1,test,client_3,6,21,617,638,True,0.6789380257775719
Tox21,fedavg_proto,0.5,1,49,200,16,16,0.1,test,client_3,7,95,494,589,True,0.792030683997443
Tox21,fedavg_proto,0.5,1,49,200,16,16,0.1,test,client_3,8,32,670,702,True,0.7704291044776119
Tox21,fedavg_proto,0.5,1,49,200,16,16,0.1,test,client_3,9,36,621,657,True,0.702361782071927
Tox21,fedavg_proto,0.5,1,49,200,16,16,0.1,test,client_3,10,93,485,578,True,0.8544285555925064
Tox21,fedavg_proto,0.5,1,49,200,16,16,0.1,test,client_3,11,48,624,672,True,0.7865584935897436
